x1	x2	y
0.7285295	0.9803664	0.6261859
0.4100803	0.102286816	-0.27693272
0.084364	0.4040807	0.5143549
0.4924367	0.55576503	0.48544297
0.56273526	0.8766153	-0.6029598
0.40928984	0.642688	0.28225142
0.23426765	0.99177116	0.58387244
0.6918712	0.43065715	0.074999034
0.82867885	0.6769932	-0.1925641
0.5857489	0.35239834	-0.20922461
0.5628713	0.5357472	0.14621694
0.20787293	0.5071548	-0.26203182
0.60918516	0.20384473	-0.413447
0.5893132	0.33403504	-0.28340024
0.08401865	0.20055556	0.7312945
0.103173256	0.6157153	0.7010855
0.80584925	0.9545639	-0.34554374
0.99025154	0.6969369	-0.4014867
0.74455017	0.41473192	-0.02837038
0.9133397	0.30884057	0.16441612
0.3641305	0.33359456	-0.15677945
0.16482323	0.114647746	-0.13383818
0.39807397	0.90410477	0.5779537
0.25091803	0.046072006	0.9844311
0.38575947	0.9530696	0.5674484
0.6205969	0.4683947	-0.2720887
0.35706937	0.9390193	0.6658241
0.019547045	0.7833219	-0.63002944
0.6357582	0.81343585	-0.36763704
0.21020001	0.33605963	-0.29015982
0.28987306	0.98516166	0.69541085
0.4354372	0.023226738	-0.07842411
0.750711	0.59640414	0.28454497
0.56841934	0.16657454	-0.17845343
0.031613648	0.9530613	0.23317628
0.123428285	0.4049884	0.41326728
0.40835953	0.78554994	0.51204133
0.07847941	0.213822	0.74184763
0.23205554	0.24788976	-0.05166208
0.8058773	0.8060624	-0.2457344
0.72681594	0.90814257	0.6438537
0.16746467	0.4980145	0.011068437
0.09537339	0.4990211	0.6004141
0.07265735	0.01841724	1.4415468
0.8149368	0.27873552	-0.3451771
0.4601618	0.35262084	-0.07826185
0.10342449	0.45011812	0.6337977
0.57386106	0.89951324	-0.8084538
0.287305	0.97639316	0.72629255
0.26849246	0.82004833	0.56252235
0.93673325	0.5516994	-0.07649591
0.32827812	0.86986053	0.6477089
0.3541522	0.28594792	0.02785673
0.32569408	0.09220117	0.94518554
0.45003766	0.0932315	-0.29688838
0.82744724	0.0184412	-0.0054299757
0.12853867	0.59912175	0.5499724
0.80931723	0.97822	-0.39786664
0.09477472	0.9107382	0.14289908
0.8503459	0.17199111	0.01890442
0.7084567	0.35935003	0.04802101
0.6439238	0.057361424	-0.18833551
0.21291244	0.1830126	-0.034246795
0.4024918	0.48181057	-0.17754272
0.4892406	0.20462841	0.04493793
0.7469537	0.7539968	0.39601263
0.061389565	0.03654015	1.5327337
0.3925581	0.6390885	0.26903737
0.119173944	0.45395648	0.4952087
0.5283774	0.1179474	0.0153385475
0.96821326	0.86212784	-0.08674645
0.88190156	0.2961135	0.055946648
0.14264315	0.56139416	0.42740124
0.7924529	0.7445971	-0.105205365
0.17562294	0.89251906	0.34541872
0.26295918	0.41258782	-0.08009998
0.3598063	0.7380508	0.48561645
0.033483446	0.18161756	0.44465864
0.4394986	0.84417635	0.48732495
0.3796118	0.81371105	0.6390869
0.9578904	0.51879	-0.14938146
0.16323346	0.5027816	0.019226288
0.6945429	0.39351565	-0.030504517
0.0118175745	0.7975708	-0.6750175
0.28210258	0.1502912	0.91279227
0.7548205	0.62035185	0.24270627
0.8642888	0.39902806	-0.2685427
0.8091792	0.38127714	-0.27156094
0.18955702	0.96157205	0.35941014
0.9919543	0.85633403	-0.36921722
0.36044514	0.2818458	-0.012945101
0.5883944	0.7517116	-0.4232116
0.5638003	0.7105267	-0.13760933
0.47612256	0.78359514	0.48308933
0.73719895	0.784801	0.47620976
0.4625638	0.08849633	-0.2730396
0.18640858	0.25045145	-0.31942195
0.92285264	0.47478896	-0.08931917
0.4328522	0.30494636	-0.44978148
0.4790042	0.83701354	0.3944381
0.500111	0.73214525	0.49899596
0.7863253	0.01302433	-0.7296339
0.6748606	0.9995874	0.08104753
0.24663818	0.58124185	-0.108767666
0.51124465	0.7642883	0.30668363
0.6204651	0.124355435	-0.38742048
0.12651896	0.9269289	0.21192443
0.2844901	0.060546696	1.3119228
0.051274955	0.06500214	1.3561437
0.6141619	0.55780125	-0.32472733
0.20974624	0.38704658	-0.35611558
0.57816344	0.6821351	-0.22132087
0.7041376	0.23083931	-0.3078506
0.9711559	0.96708244	-0.0988162
0.14491504	0.9634522	0.14529708
0.09038961	0.16999424	0.7365845
0.59871686	0.64663917	-0.31909648
0.94460046	0.5025168	-0.12368871
0.837695	0.33332878	-0.25723967
0.13566035	0.4513864	0.29044673
0.7595761	0.30466652	-0.34117272
0.07677287	0.1954282	0.73733366
0.5885738	0.9767735	-1.0758065
0.5276413	0.096936464	0.06873013
0.27615553	0.7537549	0.43058503
0.34264004	0.43251103	-0.005948322
0.8719663	0.68378514	-0.066676565
0.80609345	0.9488797	-0.37587494
0.33543283	0.57248944	0.10252714
0.12486249	0.9969906	-0.057088148
0.16484386	0.9752659	0.18333577
0.9577878	0.60877216	-0.13557377
0.06770438	0.48388523	0.21746457
0.29393518	0.6532772	0.19853275
0.7827407	0.7784559	-0.029078417
0.66057575	0.11687189	-0.33396268
0.07943922	0.64762926	0.48614156
0.39031148	0.73368543	0.51904696
0.9859587	0.6509868	-0.39496127
0.19891137	0.35561723	-0.36459348
0.8080798	0.5474831	-0.14959003
0.8409485	0.020744324	0.23440513
0.4383893	0.2561577	-0.36497742
0.8799529	0.71870494	-0.059385467
0.43296343	0.036085248	-0.24238998
0.44105166	0.90534186	0.45495987
0.4866085	0.47929156	0.39897686
0.037617743	0.8958556	0.008225836
0.913704	0.09825355	0.63792276
0.14531165	0.52422655	0.31078374
0.21389675	0.09087807	0.19960813
0.65691155	0.37040442	-0.3001088
0.6733119	0.69868004	0.22524373
0.9452412	0.79706967	0.110973254
0.029974878	0.097054005	1.0065633
0.9007412	0.07516849	0.6622335
0.80560803	0.19527012	-0.43500534
0.9012069	0.7827711	0.15897743
0.15487349	0.08661842	-0.09178129
0.28077686	0.27141535	0.43631417
0.21623117	0.85234463	0.4854133
0.6227964	0.437248	-0.26468214
0.46604556	0.70806366	0.5307737
0.55121017	0.43809062	0.32819557
0.94397444	0.845031	0.08135481
0.53505975	0.84506834	-0.10682361
0.39223152	0.12053543	-0.24784298
0.78717285	0.77736115	-0.030051399
0.58107996	0.07341075	-0.24828415
0.860922	0.53556275	-0.24211256
0.2366842	0.05888015	0.7255622
0.24035996	0.96492475	0.6232912
0.74799365	0.27942878	-0.39119372
0.9137794	0.9282888	0.36076397
0.748515	0.45544517	0.048197865
0.9685652	0.3868801	-0.02670075
0.29139245	0.7389133	0.4078141
0.2913993	0.86494786	0.6336319
0.23403823	0.6841025	0.16109715
0.13217574	0.16685247	0.16278973
0.5253455	0.8941361	-0.12249359
0.116790116	0.36702168	0.4229175
0.73257923	0.41050965	0.0046006404
0.05150336	0.49424946	-0.23122373
0.32439798	0.6190177	0.19686106
0.70573866	0.34978127	-0.07051904
0.24384707	0.795624	0.44828534
0.06925058	0.7440266	0.25817755
0.7009417	0.6984135	0.46142015
0.15116024	0.7010652	0.4981647
0.20158619	0.7234454	0.26749772
0.26720107	0.6100507	0.053115495
0.50548345	0.1542666	0.043305293
0.035369873	0.3820603	-0.5283401
0.7976447	0.38561767	-0.28550372
0.3706982	0.18955207	-0.044331044
0.13802892	0.45940357	0.26477736
0.36923403	0.678916	0.34269553
0.9856902	0.1562109	0.42284298
0.3464495	0.6854948	0.30494592
0.16251552	0.44458687	-0.036369935
0.24644852	0.8180028	0.54380435
0.44434094	0.54108137	0.25426528
0.7973263	0.14577585	-0.5503877
0.22994292	0.88757324	0.6366548
0.6986618	0.45521367	0.09979459
0.99851435	0.93830055	-0.37857562
0.28375947	0.3602388	0.11233688
0.71670014	0.18821925	-0.4895993
0.0029805303	0.24761808	-0.66434234
0.042185605	0.8161521	-0.15823022
0.62655234	0.07923639	-0.31343386
0.47894806	0.9790933	0.11227779
0.20765609	0.18334264	-0.06764317
0.7149272	0.1467902	-0.57215136
0.03356105	0.7828611	-0.3351044
0.43633437	0.76500916	0.49153817
0.3960458	0.9702204	0.5399276
0.29366153	0.91551834	0.6597757
0.21559465	0.3242594	-0.24385731
0.88621485	0.721642	-0.013955716
0.13523328	0.45020068	0.32292426
0.79517466	0.11280155	-0.6034256
0.5235333	0.80625093	0.16811004
0.118228436	0.69020015	0.6058354
0.016586542	0.03239429	1.3751963
0.5109967	0.04816073	0.024153829
0.26948452	0.79588073	0.47688925
0.40471923	0.16557479	-0.41452524
0.9080608	0.011369944	0.8510481
0.60211366	0.17280865	-0.44183543
0.22159052	0.54056513	-0.20248869
0.9924863	0.36725968	-0.025770258
0.0033110976	0.60780716	-1.6602682
0.30096602	0.165955	0.9011594
0.69754285	0.69746935	0.50449044
0.2525714	0.5326736	-0.15234502
0.5724984	0.53693897	-0.007836685
0.4227653	0.21103978	-0.52089363
0.7760611	0.8778129	0.082168475
0.9043573	0.9152447	0.29807648
0.4757703	0.54007566	0.4449087
0.30115384	0.3814311	0.21834005
0.62818366	0.5399032	-0.25536278
0.1415633	0.14224648	0.039599866
0.73171407	0.88141763	0.5681462
0.9635029	0.80546945	-0.06788681
0.7876867	0.7095777	-0.05270775
0.8370367	0.37178499	-0.28484482
0.57731074	0.7018376	-0.25447822
0.60556257	0.45686954	-0.32731265
0.23721981	0.14425373	0.46647647
0.21203256	0.54845566	-0.16589767
0.9606018	0.31787598	0.13962282
0.09264809	0.064560294	0.9610431
0.69506174	0.707718	0.4538962
0.23266685	0.30601013	-0.106056914
0.8872262	0.0767383	0.54772407
0.793633	0.51678926	-0.13328534
0.26498199	0.98310333	0.68543494
0.1713959	0.9508423	0.26067114
0.9144145	0.67183423	0.022833254
0.8257155	0.6213183	-0.27965727
0.9186952	0.611532	-0.052577294
0.0006634593	0.28903157	-0.9976303
0.57297987	0.85142785	-0.63769513
0.3551541	0.68151474	0.33597636
0.69090277	0.54319906	0.25195867
0.08798832	0.97905314	0.060675964
0.25889802	0.57889044	-0.027462788
0.30548376	0.6276144	0.2692506
0.8379771	0.60540015	-0.19738685
0.2828114	0.6107907	0.092357986
0.09065765	0.920329	0.18967709
0.76817626	0.8582991	0.13665998
0.62643594	0.0020925403	-0.09864393
0.14460456	0.045785308	-0.026509393
0.7920296	0.9845329	-0.36471206
0.8253854	0.29844266	-0.25380233
0.19579643	0.21049649	-0.24775474
0.9702138	0.019319415	0.53057647
0.011053681	0.70767665	-1.0888584
0.54732853	0.24242675	0.05363699
0.22057992	0.019277036	0.52480894
0.6697906	0.2556606	-0.28289807
0.36036634	0.76223344	0.49916565
0.0961051	0.99165857	-0.0019140206
0.3369233	0.81905377	0.61643213
0.4180175	0.854272	0.5867979
0.2225253	0.3902877	-0.32637846
0.2522288	0.8288605	0.6020514
0.016324103	0.8311465	-0.39495763
0.50046307	0.18171483	0.07830381
0.35564107	0.44071037	-0.057421964
0.3494109	0.27979845	0.11894005
0.36532938	0.5521547	0.038488112
0.74248683	0.58276063	0.2782876
0.86227065	0.41780043	-0.23939145
0.92234653	0.66766727	0.008403106
0.14471436	0.83584464	0.38656536
0.60616183	0.8205638	-0.68326414
0.02405256	0.4676168	-1.1581285
0.035628617	0.38464952	-0.5487443
0.31933856	0.19126207	0.74725693
0.18601036	0.8859322	0.42380518
0.7264742	0.66979945	0.51548344
0.5901165	0.65818346	-0.26845944
0.5478713	0.01661557	-0.1094767
0.4434319	0.81801414	0.5010296
0.4358353	0.5874256	0.24589002
0.80733013	0.79360217	-0.20673922
0.41253126	0.9070162	0.53124225
0.31402385	0.4860766	4.6111643e-05
0.9030282	0.22061777	0.34408706
0.99531734	0.25932467	0.15355432
0.24507415	0.884952	0.64718956
0.85763794	0.14775407	0.11837682
0.73635787	0.53605807	0.24508613
0.11639947	0.35398632	0.45999917
0.5433311	0.03747189	-0.07657559
0.46714145	0.62501407	0.4699239
0.87304425	0.8560606	0.043116238
0.2914725	0.7372647	0.40512982
0.60614234	0.47160602	-0.2909743
0.11893755	0.6419498	0.6088584
0.9591244	0.0790301	0.56085443
0.46528953	0.79189956	0.50276953
0.50065714	0.858595	0.20864515
0.43047762	0.22331941	-0.46065664
0.09042817	0.19940555	0.6949858
0.40524572	0.8109172	0.57182074
0.551782	0.5420251	0.31013966
0.9027588	0.6311008	-0.12737283
0.2894631	0.33233148	0.269729
0.7843583	0.29944038	-0.37420171
0.66169286	0.71364516	0.07794426
0.52097744	0.14897943	0.030873667
0.20965749	0.03931117	0.3104009
0.66255784	0.026306152	-0.14364445
0.21797019	0.9722291	0.5965048
0.48594946	0.72993976	0.52748954
0.25132883	0.38197762	-0.07102926
0.25152385	0.6878561	0.18568559
0.18067116	0.27297527	-0.36657038
0.6223044	0.5228831	-0.25727972
0.26105046	0.54118407	-0.05813789
0.4114461	0.01866597	-0.16547582
0.96762794	0.09169239	0.49071252
0.66380644	0.78126925	0.059191715
0.40865988	0.36160964	-0.3481667
0.9609875	0.87601376	0.04043477
0.41276646	0.3224224	-0.4407387
0.23271221	0.91023713	0.61970687
0.22747898	0.68095374	0.17984834
0.63787854	0.8858246	-0.5165573
0.4964373	0.7567712	0.4289729
0.22345144	0.30207664	-0.21580054
0.31044465	0.019176424	1.3374215
0.050706387	0.7482414	-0.10789568
0.7231267	0.37364787	2.6598573e-05
0.043036163	0.83888143	-0.09742798
0.9838997	0.998884	-0.27312636
0.2921571	0.06754327	1.3136826
0.8230069	0.7538594	-0.26630628
0.8912751	0.6309459	-0.06646213
0.8391948	0.2786528	-0.24494058
0.09414071	0.5779686	0.6696069
0.9266408	0.18803555	0.3818863
0.7601841	0.28985232	-0.3846469
0.19091827	0.36199188	-0.35369587
0.9920452	0.93068033	-0.27987048
0.90904677	0.97996753	0.33329457
0.48325485	0.7196335	0.50047505
0.67167294	0.29192847	-0.29722512
0.8279394	0.43486476	-0.23110193
0.3156159	0.782701	0.4980359
0.9794618	0.8858456	-0.16679728
0.52554107	0.17221671	0.08603705
0.96371883	0.7079007	-0.21912877
0.9120132	0.35236716	0.11170345
0.7970415	0.52504176	-0.11930022
0.85152245	0.6180793	-0.20411406
0.2890182	0.7189432	0.3576072
0.9761174	0.16283762	0.41431692
0.984729	0.9124301	-0.22446238
0.91939867	0.6086347	-0.039829537
0.34196466	0.33248347	0.11216889
0.43533796	0.16859674	-0.3232886
0.6857455	0.7380006	0.38233936
0.39578295	0.944706	0.6136688
0.6695874	0.9954988	-0.0028802399
0.9547528	0.4065234	0.021892378
0.09058076	0.16947985	0.73733926
0.9818967	0.19648045	0.2449756
0.53516006	0.82299864	-0.058027793
0.3381868	0.78751326	0.4377035
0.16423708	0.599268	0.19086207
0.7292344	0.08276552	-0.7979929
0.31719273	0.24725527	0.5185126
0.40753007	0.9801503	0.494049
0.9420324	0.75675756	0.019533526
0.26506507	0.4055215	-0.08874433
0.5468641	0.98255605	-0.67136765
0.08190858	0.37985188	0.47936815
0.073066294	0.6862374	0.25995526
0.43459904	0.27616495	-0.41424358
0.042790473	0.335213	-0.26254952
0.06711477	0.6673848	0.20679975
0.04477918	0.24376482	0.28140286
0.9990264	0.017037272	0.47551084
0.08859193	0.116645336	0.8747194
0.1794253	0.89571893	0.44375095
0.33944035	0.11357784	0.6711817
0.7819064	0.9354773	-0.06312215
0.7482552	0.5467603	0.11454662
0.59325147	0.6932447	-0.39886466
0.94213116	0.7867445	0.081012696
0.11037469	0.112288356	0.54964894
0.18501097	0.28209537	-0.32658795
0.943515	0.00166893	0.69882977
0.4272132	0.87900835	0.58025587
0.69041765	0.24541533	-0.27595827
0.49408054	0.093103945	-0.020087443
0.18191338	0.08284706	-0.11174839
0.13468093	0.9842097	-0.0129755195
0.42245066	0.22501487	-0.47351614
0.25554	0.09893298	0.92336893
0.22990143	0.55013615	-0.21934219
0.19390869	0.57806355	-0.05334176
0.6822212	0.85553247	0.3911903
0.21681339	0.3977518	-0.33852687
0.994151	0.44613427	-0.26956987
0.053951025	0.33596528	0.08420578
0.6607217	0.410483	-0.17790096
0.67646754	0.105832815	-0.39453155
0.74471396	0.2801329	-0.38265672
0.31243795	0.46783382	0.07379041
0.9859569	0.88400143	-0.276426
0.92996746	0.427845	-0.010370061
0.8522086	0.49362373	-0.19744335
0.840609	0.32895947	-0.18070264
0.24969184	0.14180976	0.6401066
0.47568476	0.28265613	-0.040398933
0.8956231	0.24032754	0.11714803
0.76394194	0.24223238	-0.4354779
0.77317715	0.5177461	-0.036180798
0.20156801	0.5250369	-0.2441972
0.036418438	0.45340735	-0.64096695
0.20327652	0.047840238	0.1537387
0.950698	0.79785055	0.034528174
0.6203021	0.7949415	-0.59109974
0.09870666	0.23747158	0.57922494
0.2628672	0.18861657	0.5909399
0.39671588	0.87100816	0.5970612
0.18370998	0.59595203	0.0366556
0.7178386	0.24619603	-0.29846928
0.70536274	0.3619221	-0.09128676
0.7212792	0.9517952	0.6702518
0.63246727	0.17778295	-0.40299922
0.18064845	0.8917007	0.38630223
0.3534897	0.9757964	0.6721426
0.120195806	0.22844762	0.3669632
0.99016386	0.520922	-0.34181884
0.25245988	0.54013586	-0.09339284
0.4624573	0.05022931	-0.12444706
0.6583195	0.7676643	-0.044242647
0.50702626	0.08809203	-0.004356237
0.35055327	0.6836444	0.32821974
0.33277035	0.9039689	0.61034214
0.34395862	0.38493788	0.027919667
0.78509516	0.5543333	-0.05522657
0.78763103	0.15962839	-0.6898313
0.8670045	0.34153932	-0.15965536
0.5046982	0.7502536	0.3742349
0.65322405	0.3140573	-0.32050726
0.7905682	0.454269	-0.16108641
0.7297901	0.35214192	-0.11795487
0.5345204	0.33463418	0.3101016
0.7908864	0.88225657	-0.12175805
0.6178302	0.94173855	-0.9991999
0.66719306	0.0772596	-0.32022768
0.2108056	0.46504813	-0.3363128
0.09832746	0.69274324	0.6428936
0.95668375	0.1999402	0.34372213
0.34743726	0.07917315	0.6398277
0.6283406	0.51503754	-0.26990744
0.851366	0.3061995	-0.17172395
0.06711388	0.94952434	0.17962044
0.99372864	0.15364426	0.41055116
0.31086147	0.37157983	0.16635391
0.17825145	0.027480721	-0.074158244
0.86358166	0.789819	-0.13545732
0.7291374	0.055835426	-0.7236955
0.3902421	0.80685365	0.5929295
0.7551118	0.3791622	-0.12817144
0.5059911	0.71984005	0.49716255
0.9383345	0.9654892	0.20536819
0.96474344	0.9453882	-0.006557316
0.26788497	0.97228265	0.74170023
0.4807735	0.37299716	0.16939156
0.9238462	0.43750882	0.0030979272
0.56858164	0.46211475	0.051584486
0.14581048	0.12044251	-0.045027774
0.9429607	0.9727835	0.25708956
0.45181358	0.17770481	-0.32270533
0.9925013	0.61304516	-0.47251272
0.76796323	0.07655758	-0.7815569
0.70368874	0.53967494	0.36853844
0.94295406	0.88174057	0.19889988
0.79433566	0.62755376	-0.042166144
0.6926974	0.6719404	0.4575712
0.96757084	0.77792627	-0.13034858
0.48791075	0.64311886	0.5653119
0.3144613	0.898964	0.7744409
0.24822354	0.956666	0.73633265
0.87918943	0.11550796	0.39954874
0.04733908	0.48798907	-0.33202237
0.7328258	0.89679164	0.5757666
0.07146847	0.37603873	0.3647596
0.6228679	0.3356827	-0.48072678
0.08981717	0.63900566	0.61879104
0.71616983	0.43968427	0.122556
0.7610492	0.58248967	0.15764248
0.9044012	0.6317634	-0.061936665
0.6218834	0.405824	-0.37716728
0.25962824	0.709933	0.24905467
0.9776612	0.6828393	-0.2833053
0.05429566	0.8388323	0.04764041
0.9787695	0.4865805	-0.21169777
0.16758549	0.35965693	-0.20417884
0.8425093	0.76580846	-0.20457037
0.44563353	0.5875958	0.32694775
0.48955113	0.038324	0.02823715
0.8470834	0.44048202	-0.21643116
0.085808635	0.6140446	0.5111286
0.7705268	0.06873876	-0.8382535
0.47564113	0.053717256	-0.08978916
0.6395977	0.57042456	-0.1378234
0.7594631	0.398602	-0.1230973
0.9718585	0.030265331	0.56752676
0.3885017	0.14016908	-0.21875085
0.13072449	0.9170443	0.20388907
0.77344275	0.91232765	0.06095605
0.71988255	0.2221052	-0.3333034
0.39894575	0.06967223	-0.20006587
0.94234663	0.43671095	-0.01849717
0.47727197	0.6930071	0.48767987
0.43544292	0.14700097	-0.44166946
0.52427936	0.8479033	-0.009533951
0.8189104	0.038682878	-0.17433041
0.94891405	0.7071074	-0.07910694
0.023253143	0.44272518	-1.0747479
0.17698628	0.5572171	0.03132297
0.052831113	0.38398737	-0.03419827
0.8789847	0.41872716	-0.17290634
0.59714115	0.2376337	-0.38300803
0.8493579	0.8871898	-0.19553998
0.5059687	0.5230682	0.56873006
0.9600208	0.007863224	0.61902535
0.72185916	0.1543777	-0.58313245
0.281752	0.01703173	1.517389
0.619602	0.9220267	-0.8234092
0.4048736	0.70907146	0.44726965
0.42800343	0.071448326	-0.32503173
0.06547195	0.4871874	0.1264525
0.85489863	0.858021	-0.16048199
0.30362093	0.6019543	0.14473228
0.9403544	0.10386962	0.5396975
0.0035653114	0.001408875	1.5784276
0.7849543	0.09031403	-0.69144034
0.07136351	0.66574115	0.27437767
0.78568643	0.72700965	0.018372603
0.05278033	0.96359545	0.17406054
0.84818304	0.3298391	-0.2632609
0.15487462	0.21041435	-0.17186323
0.22021425	0.06821865	0.40014082
0.75679404	0.85965425	0.32350418
0.6768754	0.74260443	0.26177326
0.21204221	0.77412057	0.346358
0.9166294	0.77113056	0.12106245
0.9026511	0.28241414	0.119109035
0.71192664	0.30942965	-0.13596496
0.37559885	0.98271763	0.63467306
0.46298194	0.5218095	0.3309554
0.53506064	0.55649424	0.44092074
0.28246462	0.86707324	0.6143025
0.9260557	0.22147518	0.32238752
0.032377005	0.4007951	-0.7502551
0.26127058	0.82947403	0.6358836
0.33106107	0.8559092	0.62875265
0.61394113	0.32188928	-0.40382433
0.25006253	0.6029198	0.03784403
0.09770447	0.43504846	0.6067136
0.01472348	0.05983776	1.1622441
0.192842	0.7671642	0.37717953
0.11597043	0.9781538	-0.04442312
0.017208993	0.05643046	1.2409432
0.7225179	0.51547426	0.25540546
0.8716353	0.38559872	-0.1922914
0.7112173	0.9001334	0.64366484
0.1554159	0.1492061	-0.16351666
0.93564403	0.929867	0.24914819
0.4797023	0.78794426	0.46934092
0.13779616	0.89847016	0.24280009
0.35402006	0.7594118	0.51168036
0.36738092	0.100007355	0.2673037
0.32530224	0.41275913	0.09232089
0.5221575	0.61636376	0.46412796
0.0687474	0.23401767	0.60479486
0.30080009	0.61198694	0.12524909
0.17627245	0.9213452	0.35632902
0.28069425	0.94929624	0.64446867
0.6286442	0.7246083	-0.34752157
0.36223304	0.71559536	0.43260407
0.2644071	0.5290837	-0.034576897
0.8183941	0.44729745	-0.24184376
0.44953382	0.545945	0.29278517
0.19108659	0.13857412	-0.14310195
0.4227761	0.56122303	0.08807059
0.91040075	0.48215652	-0.062322564
0.4228698	0.62060773	0.2708793
0.6203345	0.45128584	-0.30314177
0.71817803	0.9978513	0.62731165
0.313506	0.26264042	0.51517236
0.47644377	0.9859034	0.144821
0.68909854	0.069318	-0.4096589
0.87331074	0.9080256	0.020316346
0.9303229	0.6843986	0.040035665
0.036149025	0.5714033	-0.7464351
0.4796945	0.21863234	-0.078741804
0.15831041	0.45565683	-0.043035697
0.93165064	0.64066327	-0.05228836
0.54334515	0.68960756	0.19380677
0.051151574	0.76544607	-0.060879853
0.6131635	0.20767021	-0.44469103
0.065653265	0.16616046	0.8809561
0.65140647	0.65052646	-0.07171127
0.5806823	0.40113324	-0.11043641
0.7191604	0.17998862	-0.4416847
0.7530568	0.24457836	-0.39949423
0.24242342	0.13174748	0.5665854
0.64333314	0.23395735	-0.496209
0.80619603	0.7683493	-0.25158983
0.4865378	0.7874104	0.4240284
0.791183	0.69236106	-0.09424897
0.114415705	0.39792758	0.48884532
0.41353387	0.7691777	0.48377976
0.30686843	0.60812515	0.18667121
0.6989443	0.8295456	0.5620597
0.9780031	0.38969553	-0.04053279
0.10722959	0.08575994	0.6600294
0.38815463	0.8036784	0.5033918
0.40393573	0.08742958	-0.26486793
0.16155022	0.21803677	-0.21088874
0.21727604	0.51785797	-0.27044064
0.4498328	0.22783601	-0.3511853
0.41030568	0.24907511	-0.50186235
0.47817886	0.71376145	0.5212191
0.46208376	0.3773632	-0.026478877
0.60876936	0.8230283	-0.62056124
0.93257785	0.28812277	0.20139812
0.07293153	0.61198604	0.32106152
0.6994867	0.5593118	0.28403804
0.98665684	0.75254494	-0.3562445
0.53622645	0.83451176	-0.12881944
0.85658556	0.2244358	-0.051664837
0.12802958	0.483487	0.44308102
0.33859318	0.17032999	0.5250562
0.1285494	0.8204748	0.48123765
0.29556	0.22314548	0.6646053
0.82046014	0.5448697	-0.21065427
0.5959468	0.34386367	-0.31139347
0.6226402	0.81843007	-0.5707939
0.15494084	0.40562117	0.024155732
0.53632134	0.9065624	-0.22790538
0.9018968	0.84251505	0.25365883
0.31933254	0.50079477	0.12358207
0.4906906	0.14204687	-0.029371321
0.13943458	0.4025933	0.2036986
0.43194598	0.6716431	0.37253636
0.050510943	0.26037365	0.3137039
0.8988961	0.58517915	-0.07141433
0.14561707	0.73836946	0.5717468
0.30516672	0.21945035	0.67402
0.2654698	0.22443569	0.48628238
0.2303223	0.586076	-0.043777727
0.743361	0.7617998	0.41004366
0.9996166	0.9068809	-0.39299124
0.23548526	0.92153674	0.6387062
0.382088	0.7859606	0.5018279
0.26515013	0.9232869	0.71959823
0.46461278	0.67192155	0.48122343
0.9344625	0.39349318	0.094846144
0.69882095	0.64003277	0.44393086
0.324099	0.5102069	0.062444627
0.9148741	0.61365354	-0.056907963
0.8663042	0.7487317	-0.09124895
0.7352607	0.2862888	-0.2395066
0.3899331	0.8101573	0.5014971
0.6165702	0.7570229	-0.48409325
0.88089496	0.7138192	-0.039598625
0.70105225	0.29072356	-0.18811102
0.66367155	0.49623877	-0.051842377
0.8309486	0.69286877	-0.19171949
0.18817937	0.8106641	0.3899282
0.43721598	0.6963574	0.42894617
0.27602446	0.061129928	1.2416929
0.70298654	0.7509857	0.53147596
0.8915327	0.8039219	0.13831079
0.7365545	0.76368433	0.49398476
0.6334257	0.27384412	-0.46208307
0.6090807	0.11500341	-0.34236413
0.20076722	0.9575558	0.46603516
0.69390845	0.69687307	0.41566435
0.4500652	0.014961004	-0.11294585
0.35670185	0.3172717	-0.10488444
0.31917268	0.5975808	0.13494223
0.18038946	0.22619808	-0.33527222
0.39283472	0.06805241	-0.111610234
0.41759306	0.49066514	-0.10089574
0.46634597	0.30746078	-0.023203194
0.36218756	0.8929812	0.64131343
0.7795198	0.6162265	-0.057501003
0.15351224	0.18376654	-0.14532234
0.7281518	0.49596792	0.1908915
0.47423136	0.3408535	0.10663211
0.15010542	0.22386259	-0.06541808
0.78747874	0.8823901	-0.07747768
0.7913061	0.18559414	-0.52419364
0.48719984	0.07610333	-0.06804022
0.19901234	0.14322126	-0.094949454
0.65138245	0.028165579	-0.20666364
0.8637581	0.9024129	-0.07420962
0.45709974	0.62661016	0.40802562
0.6738107	0.95247555	0.14147264
0.52792907	0.95762444	-0.2640621
0.6862307	0.35101062	-0.15650487
0.8773938	0.64286083	-0.11130839
0.7071612	0.5633281	0.29574105
0.24238944	0.95267004	0.7152295
0.6072219	0.42952335	-0.3339476
0.6208209	0.24446398	-0.4561721
0.6532267	0.013846636	-0.17286202
0.78927606	0.83061796	-0.09578573
0.20674884	0.70635253	0.2091524
0.5429969	0.33740598	0.29444653
0.97384644	0.4971642	-0.1735149
0.18059635	0.016011238	-0.016807778
0.5267062	0.24635768	0.19374414
0.040830016	0.13171786	0.96183276
0.8683522	0.22956109	0.036133382
0.18283117	0.22849494	-0.33342117
0.5333222	0.37870717	0.3566265
0.10294378	0.19405407	0.52386665
0.15386999	0.6070432	0.35725272
0.5000518	0.92785954	0.06709796
0.6922856	0.6001996	0.345779
0.9219863	0.5976119	-0.051844876
0.25668323	0.91546917	0.66795784
0.2702595	0.16309321	0.8340157
0.8862608	0.94516844	0.15279058
0.7840336	0.3814227	-0.25538218
0.9673433	0.7605333	-0.114705086
0.57319576	0.5406075	0.06218836
0.74138683	0.2620526	-0.37317178
0.32577473	0.7828463	0.50869024
0.5652405	0.47255105	0.10621459
0.46105474	0.5216855	0.33818692
0.9955857	0.9312409	-0.39936012
0.028877437	0.11072701	0.9380683
0.115395546	0.48121583	0.60112536
0.62342423	0.22228098	-0.48611745
0.72369075	0.011967659	-0.7470309
0.84832317	0.4883389	-0.2747253
0.6563711	0.8498519	-0.07627688
0.5538525	0.25506496	0.019694071
0.36030483	0.9476364	0.61212456
0.39799947	0.47682154	-0.13539085
0.08004868	0.18696648	0.79281515
0.47075152	0.62958515	0.45658523
0.19496208	0.52573407	-0.17404012
0.9551907	0.96908975	0.09725743
0.51887524	0.99612224	-0.2631228
0.979856	0.74383193	-0.22833164
0.90236294	0.589099	-0.063240655
0.30749178	0.90311825	0.70607734
0.6569915	0.60224897	0.017813621
0.4877776	0.4443488	0.40954652
0.07915026	0.2578534	0.54402673
0.16790235	0.41703343	-0.15138076
0.77100337	0.24497664	-0.47451237
0.5351234	0.3070187	0.2379059
0.30318588	0.6515209	0.14985767
0.693611	0.944008	0.490407
0.39979225	0.8769706	0.6144528
0.13536328	0.56590015	0.49032182
0.52161723	0.98005193	-0.26095465
0.75595903	0.23856539	-0.46054295
0.7465132	0.50398415	0.11469887
0.10982144	0.21140033	0.49214283
0.13749456	0.9107706	0.2855389
0.9180635	0.12182748	0.45302576
0.7432192	0.9746271	0.5424311
0.44755	0.8449951	0.47742608
0.8854312	0.7618871	0.09113401
0.28195322	0.9211115	0.74580663
0.62923086	0.7403453	-0.39002115
0.05163175	0.6810202	-0.1663844
0.8016224	0.15400189	-0.5096278
0.14863092	0.3070659	-0.070101134
0.7404058	0.30207312	-0.22226188
0.4335482	0.0036159754	-0.107563436
0.3550768	0.31314862	-0.03658476
0.012729943	0.7046003	-1.0631268
0.5433993	0.045831084	-0.13330913
0.73090154	0.8186874	0.5807017
0.18699026	0.30962873	-0.43137306
0.2782414	0.33961773	0.16890372
0.6077472	0.8474007	-0.7101435
0.89626014	0.12292445	0.48167822
0.963352	0.5112378	-0.1067828
0.03409338	0.7782939	-0.4106852
0.88211685	0.42253304	-0.121690966
0.035099268	0.85370755	-0.15215954
0.21824259	0.12977022	0.15594478
0.35213757	0.48988986	-0.03822701
0.5797261	0.6799946	-0.2308408
0.66092473	0.4341246	-0.16268127
0.2006833	0.33642107	-0.370793
0.80361855	0.60949254	-0.18418476
0.809791	0.51475686	-0.16358817
0.54209274	0.01873076	-0.07745852
0.40825605	0.227714	-0.47734544
0.016926825	0.88664865	-0.09547369
0.77026874	0.94349134	0.106711365
0.8935094	0.8255316	0.14975822
0.22908801	0.9089847	0.6133535
0.080293536	0.624515	0.45085675
0.12239468	0.7988275	0.49109644
0.39191437	0.89876086	0.5942722
0.61600715	0.8383087	-0.68167824
0.42539048	0.09330493	-0.29624498
0.019723952	0.04129547	1.3441858
0.2410739	0.94127005	0.6339679
0.68082285	0.5517732	0.20664103
0.8618332	0.103149235	0.28772402
0.5766757	0.7687944	-0.40643525
0.012825668	0.05200559	1.268445
0.97198766	0.3976158	-0.050425097
0.043401778	0.9205731	0.091392875
0.49423337	0.75032824	0.45869187
0.55033445	0.714329	0.018174713
0.86233884	0.69206274	-0.17505649
0.09061569	0.7806825	0.4313318
0.09980297	0.7483576	0.57716966
0.07859254	0.3796162	0.45722046
0.44708532	0.58541715	0.32022998
0.77750283	0.13931149	-0.6254378
0.072990775	0.8077848	0.24940172
0.1588065	0.107185245	-0.10275383
0.3718608	0.3478155	-0.18941104
0.116437435	0.47942525	0.5689566
0.64879286	0.94064695	-0.42375344
0.6477831	0.65217894	-0.11442851
0.5718528	0.21637976	-0.16026273
0.43905473	0.41609865	-0.23902431
0.69509876	0.7722733	0.5598871
0.93506944	0.24210125	0.3153699
0.5388255	0.5601469	0.39226064
0.2438978	0.83427525	0.59370744
0.8790102	0.5748273	-0.19742927
0.18856525	0.88583827	0.47382522
0.8824732	0.25599664	0.033784915
0.22761834	0.94339144	0.6411981
0.060209036	0.46938688	-0.024238009
0.45936513	0.36545783	-0.055714767
0.13314587	0.27889842	0.14354703
0.2018255	0.5667653	-0.1676405
0.8282586	0.210123	-0.2579539
0.94687134	0.7084073	-0.051273912
0.38302028	0.840925	0.6144049
0.38832068	0.32514977	-0.39105836
0.04411906	0.33336973	-0.10906607
0.33014965	0.7008111	0.3739119
0.04952073	0.9578205	0.20851359
0.48853594	0.6024155	0.51163316
0.37403643	0.348702	-0.30125415
0.1644913	0.4880846	0.0057246285
0.83683693	0.6325289	-0.20530911
0.66161656	0.13527793	-0.41482437
0.7441447	0.35473472	-0.17395194
0.13539672	0.25371796	0.111882225
0.1255464	0.3876245	0.33211833
0.9575662	0.27133834	0.24396852
0.3298049	0.8835619	0.6819204
0.32688862	0.7104493	0.3827025
0.86562693	0.76773185	-0.020157617
0.7507234	0.85509	0.43825504
0.49025536	0.09255892	-0.017629018
0.21088135	0.509823	-0.2867042
0.4491825	0.6085868	0.35243464
0.695144	0.42428416	0.06388576
0.72405916	0.027694702	-0.77423066
0.48364216	0.074138165	-0.07615624
0.6968507	0.8479781	0.5551059
0.3144132	0.40509784	0.14206629
0.71967757	0.27695984	-0.21710022
0.73495686	0.15937924	-0.59608704
0.4855227	0.4805634	0.4641852
0.06959933	0.44661593	0.26640084
0.4528969	0.49603808	0.16939375
0.97276497	0.42260832	-0.104946
0.7911517	0.35439688	-0.2504947
0.23409462	0.446312	-0.31737518
0.20689142	0.28154355	-0.22112764
0.3703385	0.5340093	-0.0086153075
0.22219712	0.23609757	-0.07777556
0.1356591	0.20129442	0.10307011
0.058477163	0.15499991	0.88018286
0.35544604	0.43121773	-0.0855089
0.82680285	0.47943062	-0.25494298
0.22824997	0.09354657	0.40016416
0.31338888	0.5128049	0.17932758
0.10424942	0.3023638	0.50392425
0.53855675	0.95582473	-0.4685977
0.50121194	0.023765087	-0.0045378506
0.13909018	0.124759376	0.025766244
0.8336612	0.8076722	-0.28234586
0.5115286	0.19922823	0.15149379
0.28814268	0.21356702	0.6741836
0.96305865	0.106395006	0.5052694
0.58940744	0.7197899	-0.35232273
0.07098925	0.71097124	0.29430473
0.74876976	0.6280778	0.28125104
0.96481174	0.2692026	0.21525641
0.037594616	0.20308727	0.420013
0.04257357	0.6622655	-0.41415542
0.6220883	0.27129728	-0.4695709
0.32789373	0.78962487	0.53512084
0.5010252	0.9180613	0.13211936
0.3085268	0.56795675	0.13049999
0.62468845	0.32269734	-0.46277806
0.8743421	0.35660118	-0.123313785
0.64967626	0.09696615	-0.34531155
0.6240733	0.845738	-0.6171007
0.02951765	0.99934447	0.45363197
0.5375107	0.98262346	-0.48625058
0.82362354	0.77315146	-0.25261155
0.4751379	0.67038757	0.4667471
0.66346	0.16077489	-0.38101137
0.73973453	0.9373199	0.56210923
0.34430218	0.17189133	0.40789524
0.9236837	0.9605181	0.34354994
0.5646989	0.13172513	-0.16348037
0.47887707	0.49653012	0.39434534
0.8485795	0.041006505	0.34718278
0.1677118	0.4514475	-0.090088286
0.42396897	0.5350686	0.11875576
0.98454547	0.8805448	-0.26253486
0.98619777	0.024278522	0.5136271
0.94561416	0.11177337	0.55090714
0.35231245	0.7923409	0.6102032
0.37926167	0.27819788	-0.26989052
0.5248453	0.97581065	-0.31928968
0.45929915	0.014018655	-0.16961733
0.38141245	0.083640695	0.093544334
0.5156226	0.87047887	0.057013188
0.91098696	0.58883584	-0.059094597
0.16941154	0.21676183	-0.3096833
0.77038103	0.7069086	0.0960315
0.225339	0.6280689	-0.01774475
0.32240218	0.13569266	0.8987278
0.98291993	0.73360056	-0.32830954
0.31737804	0.78518057	0.51192164
0.14785153	0.7677777	0.534749
0.6817925	0.3549207	-0.13198288
0.24526721	0.5366586	-0.17640056
0.8179622	0.5357126	-0.2522683
0.129197	0.2036606	0.17039098
0.44634706	0.705375	0.50152296
0.7954309	0.8785737	-0.16146754
0.89144135	0.45579594	-0.12328692
0.21810907	0.12223345	0.23664197
0.49005514	0.9299224	0.1694215
0.70011187	0.68203217	0.48826656
0.60394967	0.06766337	-0.3165959
0.37357098	0.25027907	-0.1688203
0.088201046	0.85748863	0.31637534
0.82354385	0.49801314	-0.17330876
0.19178796	0.6742821	0.11425187
0.1380893	0.064902425	0.07886748
0.6163039	0.6328426	-0.3508083
0.692939	0.9828792	0.4656071
0.87531126	0.35408783	-0.078320496
0.8097725	0.06442624	-0.40709922
0.8227554	0.047611773	-0.12660015
0.33588314	0.82014686	0.5898748
0.4524399	0.13540149	-0.29146114
0.6744575	0.86650026	0.25205904
0.67039794	0.8157081	0.16155827
0.31289607	0.6642454	0.27040136
0.18328679	0.48588616	-0.23234338
0.5248653	0.1579125	0.082376
0.57136756	0.27473545	-0.1386337
0.2697255	0.014237702	1.3735542
0.6762446	0.8405749	0.27893835
0.998691	0.92874557	-0.35706422
0.06838387	0.86337125	0.2087869
0.9493975	0.75795776	-0.004091913
0.81646806	0.85236377	-0.23412201
0.81662863	0.5539081	-0.24117492
0.14151055	0.55628264	0.39803675
0.07638806	0.9349197	0.092405334
0.95678097	0.31927323	0.14736338
0.9959988	0.40568137	-0.17321448
0.11239505	0.7761384	0.4986181
0.90723205	0.94721454	0.28156427
0.7455592	0.84153336	0.4251023
0.7751167	0.74402714	0.034897238
0.0713824	0.33015978	0.49253225
0.57046044	0.89957476	-0.7221065
0.4430095	0.7374326	0.4591528
0.021420479	0.27955383	-0.46487916
0.6585478	0.64563006	0.03902039
0.56676763	0.55375415	0.113283694
0.79227793	0.4156447	-0.18125819
0.82958007	0.9978553	-0.44714022
0.4214869	0.10172564	-0.3470681
0.6078961	0.73323804	-0.5230109
0.7417293	0.059816897	-0.8949395
0.4377926	0.48262817	0.0132690435
0.7014343	0.4303524	0.07273499
0.9103527	0.34260762	0.086441
0.8205442	0.03668177	-0.15108153
0.9925751	0.58092034	-0.43964082
0.24239999	0.82985514	0.52932817
0.33828902	0.20740211	0.36794242
0.29222167	0.9762156	0.757736
0.96732754	0.6166864	-0.25123262
0.442142	0.1843794	-0.38588703
0.33620453	0.017175257	0.9573015
0.0139199495	0.52619654	-1.5444847
0.8750589	0.5427606	-0.2551416
0.095173895	0.34613955	0.5242652
0.80693203	0.61098635	-0.20096505
0.5890323	0.044683874	-0.23134506
0.35717404	0.91826504	0.66328263
0.30998993	0.27012956	0.48741373
0.084341645	0.77275383	0.39777696
0.6524999	0.43809605	-0.19300862
0.8607177	0.79679745	-0.09616377
0.7709883	0.7879518	0.089491904
0.43592072	0.32573462	-0.335815
0.24509156	0.5625086	-0.117874466
0.102469206	0.3189621	0.514587
0.17776859	0.6705402	0.26798734
0.6924587	0.18585491	-0.4206779
0.663967	0.5558642	-0.0010724422
0.8927776	0.88025504	0.19816424
0.79875225	0.83810747	-0.2162768
0.5473658	0.939697	-0.5665043
0.0038735867	0.87021226	-0.22533235
0.8797433	0.7267961	-0.09169621
0.35005635	0.38307756	-0.04635732
0.76307905	0.4964767	-0.019916918
0.85651606	0.6605238	-0.19619149
0.5841685	0.36879748	-0.16773637
0.038758814	0.12047231	0.9421086
0.07733953	0.05800283	1.2872385
0.19936693	0.3790481	-0.34881565
0.83141685	0.58671856	-0.2757382
0.74100286	0.11885011	-0.7050277
0.960327	0.9396734	-0.026519619
0.8945898	0.33543903	0.026347153
0.5028032	0.590679	0.4712365
0.3032347	0.7095305	0.31386086
0.40404147	0.08133417	-0.1681195
0.36309648	0.99657947	0.64362633
0.72456545	0.7306095	0.5538549
0.5894049	0.6516068	-0.33726916
0.6754371	0.18548441	-0.3094384
0.55279124	0.35484463	0.19763608
0.15267259	0.11525017	-0.10705968
0.38911533	0.028540552	0.078471966
0.010754168	0.9518253	0.28545183
0.5310715	0.4938832	0.46840292
0.09895122	0.61307627	0.6727301
0.89949095	0.9888776	0.22236323
0.07818514	0.34375763	0.498775
0.8941884	0.9310171	0.21907172
0.9810963	0.04320848	0.5034789
0.080403924	0.23850834	0.6801886
0.74787	0.08396876	-0.8379479
0.575583	0.798117	-0.47068295
0.6050998	0.38436234	-0.36465624
0.7574474	0.5644252	0.1168058
0.7766211	0.18065405	-0.6262194
0.8291988	0.5503115	-0.27266142
0.10174942	0.63861686	0.7110599
0.15829557	0.9340347	0.21302131
0.6104337	0.11417419	-0.4015364
0.5003457	0.43921137	0.501214
0.30698282	0.026597798	1.4052286
0.17423308	0.08041936	-0.16637053
0.59533143	0.527212	-0.20803025
0.56189615	0.0064486265	-0.104917794
0.16914809	0.19302386	-0.24914412
0.5573376	0.05947417	-0.169803
0.831332	0.1808716	-0.19631816
0.62093765	0.9537726	-0.89471346
0.323659	0.9320068	0.70041823
0.06223935	0.5443152	0.08160266
0.028482199	0.4353907	-0.8820663
0.9812487	0.87950134	-0.17428555
0.5485815	0.2711171	0.13786817
0.7685848	0.11129224	-0.80830747
0.81201655	0.12717831	-0.43378946
0.10535818	0.94961023	0.13084148
0.12701422	0.25498885	0.15293485
0.58275443	0.4656675	-0.13063578
0.5387652	0.22474498	0.14300796
0.3178541	0.98494077	0.72330374
0.8545055	0.11948156	0.13256139
0.5075112	0.1052081	0.07348216
0.8462707	0.5045764	-0.2779162
0.24248928	0.95083386	0.7062479
0.7797626	0.41769683	-0.16994575
0.33188492	0.559806	0.12478314
0.18194604	0.5072212	-0.15569511
0.3482989	0.11409676	0.53978163
0.78518784	0.20088959	-0.540829
0.29028004	0.1447823	1.0390232
0.59937024	0.75123066	-0.477848
0.7195031	0.37980932	0.03647864
0.5694409	0.10013592	-0.17100641
0.037935138	0.34746158	-0.28500688
0.116457164	0.37982744	0.44746166
0.9703257	0.09826326	0.47110912
0.15377921	0.7864762	0.5049405
0.25768203	0.6897868	0.20845503
0.42757058	0.07315099	-0.285831
0.64796245	0.364613	-0.31347218
0.20146054	0.87452096	0.48362637
0.4473244	0.6501356	0.35814825
0.48877627	0.17787719	-0.0053714695
0.52719355	0.6851374	0.38125306
0.4496559	0.5387349	0.26955947
0.66538835	0.8125044	0.07906066
0.52005565	0.43825835	0.49051213
0.18716556	0.32038683	-0.3096754
0.27965695	0.27557784	0.47225848
0.15359294	0.49532586	0.1313863
0.19135922	0.56414217	-0.03618335
0.63573015	0.90076995	-0.60202867
0.51659125	0.8547015	0.052862305
0.18902028	0.35470545	-0.37214148
0.30612355	0.3233831	0.29431853
0.109071195	0.072347105	0.6254639
0.14465469	0.93477875	0.19020468
0.270527	0.72383606	0.38019878
0.6620262	0.56610906	0.029674854
0.59241533	0.40952015	-0.21961543
0.3368801	0.5604474	0.068995416
0.036103845	0.7514227	-0.4066458
0.45683813	0.14611274	-0.30812413
0.9789169	0.10755056	0.45360646
0.32301718	0.58027697	0.21266145
0.8116536	0.44747388	-0.21747912
0.44284302	0.86323196	0.45410165
0.9057644	0.4680004	-0.07635856
0.20461416	0.12545902	-0.010267211
0.67775786	0.16788292	-0.39026132
0.66193277	0.50879776	0.00075542927
0.70325315	0.13645321	-0.50599414
0.060528398	0.28422529	0.36019498
0.2950489	0.9899687	0.7476198
0.46669424	0.383111	0.06665603
0.19785255	0.36579943	-0.3435912
0.643277	0.21921086	-0.4256199
0.8954243	0.17648232	0.31596845
0.024359226	0.74710566	-0.63852674
0.76958096	0.986454	0.08386172
0.05580169	0.56965595	-0.100731865
0.6145368	0.4049399	-0.25972572
0.37510985	0.65776914	0.28298354
0.55349165	0.5278004	0.28847507
0.650676	0.8355359	-0.21609686
0.5024595	0.70967406	0.4367139
0.38600117	0.593616	0.13973932
0.8276088	0.6877277	-0.2357787
0.28125852	0.028250754	1.4420391
0.40490067	0.9249306	0.5331273
0.8475526	0.576672	-0.23171604
0.6519349	0.24476331	-0.42854783
0.2453419	0.513157	-0.17877312
0.8183847	0.9921418	-0.4532594
0.79555076	0.014331222	-0.5482103
0.80402493	0.5172318	-0.20324497
0.24110258	0.011814892	0.98697203
0.65575594	0.09817296	-0.3049194
0.57677233	0.97733563	-1.0166843
0.15802652	0.67407626	0.3531933
0.1370663	0.34672624	0.12907077
0.88332343	0.71965516	0.020056073
0.64232385	0.2105695	-0.46606338
0.95751035	0.20246536	0.30869383
0.8543159	0.11857724	0.17418265
0.11673969	0.7705957	0.54914355
0.84499055	0.12670219	0.022753907
0.7626125	0.5653214	0.07052282
0.6844432	0.63210946	0.31330013
0.5537895	0.7016886	-0.01799635
0.13204157	0.7653284	0.52741736
0.3850317	0.20930523	-0.26166484
0.7148313	0.9012357	0.6993742
0.88977784	0.9049829	0.20322035
0.07612318	0.4127903	0.37620214
0.79534817	0.3467397	-0.30189258
0.9432741	0.33984876	0.08668512
0.909085	0.572887	-0.12186351
0.4559464	0.4400668	0.044681467
0.62653923	0.93177235	-0.8172697
0.5409747	0.14522958	-0.085222036
0.8008111	0.51438195	-0.16542448
0.018748164	0.99471146	0.45955935
0.16742617	0.86301506	0.3584042
0.07045436	0.51825714	0.2450659
0.8519586	0.45109904	-0.22177152
0.050546646	0.07462156	1.3325726
0.6427008	0.53190076	-0.18236452
0.89481723	0.62752753	-0.025821418
0.74149865	0.52336824	0.21842784
0.32025206	0.07716948	1.1111426
0.21747369	0.13062745	0.16949384
0.18236017	0.34435326	-0.3189885
0.32992393	0.59340054	0.19622108
0.02012813	0.7601275	-0.6796921
0.7095525	0.6061775	0.38665327
0.50617343	0.19573009	0.073807634
0.037461877	0.49419767	-0.7041394
0.5915084	0.54038495	-0.17752893
0.55315536	0.1528902	-0.08301576
0.83473235	0.1442517	-0.11727615
0.86914915	0.09732628	0.43420073
0.06891322	0.48113877	0.2466852
0.3112684	0.18124509	0.80996764
0.17534482	0.9605741	0.25217935
0.060115337	0.62889105	0.024302877
0.90076804	0.7982661	0.16328327
0.95597136	0.6039017	-0.121368915
0.03715086	0.22619563	0.16991921
0.55842924	0.3319741	0.040078707
0.56089854	0.25128233	-0.016597029
0.37054503	0.22674096	-0.09832339
0.55192095	0.115538776	-0.12519424
0.30735457	0.7123105	0.40117782
0.4867618	0.8230576	0.40366906
0.3077188	0.8962465	0.65996
0.4043314	0.6156222	0.20900986
0.25647408	0.75294805	0.38416374
0.5829158	0.62529135	-0.13637179
0.7930625	0.40578926	-0.23494029
0.0014210939	0.364608	-1.4608765
0.37640566	0.9366728	0.59952843
0.5544797	0.749648	-0.14574453
0.7680254	0.36227077	-0.22772676
0.4247343	0.9006245	0.5320258
0.9577009	0.48090345	-0.112107016
0.9766439	0.64160484	-0.2779128
0.9557991	0.47489452	-0.122691795
0.8061193	0.7177654	-0.18299232
0.80789846	0.7504245	-0.2123852
0.82570183	0.4832933	-0.21025974
0.4002543	0.27234644	-0.38218993
0.3886041	0.5494594	0.018050142
0.033281505	0.8680183	-0.04206472
0.9659415	0.7529809	-0.14877519
0.5544978	0.18218583	-0.09300534
0.56424004	0.44361126	0.17077789
0.5314794	0.9435998	-0.348645
0.50564486	0.11342025	0.0019519087
0.77582204	0.02912438	-0.8535217
0.66120464	0.74981165	0.043422204
0.93174946	0.116939485	0.54088044
0.95504385	0.16219997	0.4335089
0.67166686	0.06119418	-0.27176738
0.88777685	0.07861525	0.6208136
0.9362857	0.7646406	0.13378647
0.794721	0.13344854	-0.62058645
0.16153723	0.08078939	-0.18124783
0.5020014	0.56081295	0.5722275
0.60153896	0.5540729	-0.24840514
0.30855978	0.14330876	0.9444046
0.75974476	0.85768354	0.2924242
0.2909106	0.67405266	0.26379156
0.3478498	0.89441186	0.6148225
0.58101803	0.810121	-0.5717777
0.54579	0.67422336	0.16468447
0.7750431	0.22517598	-0.55335337
0.59542894	0.8891104	-0.9050781
0.2538228	0.59470284	-0.05714676
0.017233074	0.7301757	-0.87598693
0.43528295	0.47850376	-0.05321429
0.7708431	0.89818066	0.11748617
0.5450812	0.3851545	0.2938403
0.6131014	0.4012686	-0.38979983
0.031321764	0.9956067	0.37001115
0.84041744	0.10485697	0.07651931
0.8219256	0.7379794	-0.181812
0.7717741	0.04136163	-0.870918
0.4971395	0.1807766	0.05600013
0.016407669	0.16499674	0.2808481
0.081766725	0.70862806	0.43717128
0.3981762	0.24495935	-0.44801793
0.50513136	0.88797563	0.14295311
0.62679344	0.2652403	-0.4750164
0.95310235	0.13894784	0.44589677
0.1128819	0.79620224	0.47198614
0.024357855	0.090596676	1.002356
0.9331333	0.9498156	0.31913924
0.88302904	0.3250413	-0.036902327
0.027498782	0.9542692	0.27580094
0.063206434	0.31699127	0.35818398
0.7828548	0.44721425	-0.19294292
0.8573912	0.99542475	-0.19685696
0.529078	0.778375	0.17152292
0.96381414	0.5268495	-0.13454899
0.24738437	0.51717335	-0.20036648
0.3277055	0.80524933	0.6021862
0.47225565	0.87767816	0.3336106
0.29510635	0.120377064	1.0820953
0.17298865	0.8089264	0.37333176
0.20987111	0.6922699	0.1694516
0.8354081	0.37381244	-0.26335937
0.5400718	0.26248777	0.15088674
0.9757325	0.5662509	-0.313986
0.08836287	0.15746737	0.8006662
0.26916772	0.86252666	0.5511086
0.18643677	0.41672784	-0.3024722
0.13037127	0.18081397	0.2128518
0.114201486	0.8691362	0.37937316
0.2241013	0.05954081	0.44101787
0.457771	0.09283829	-0.22392453
0.10375112	0.34369463	0.5157262
0.2668652	0.114568174	0.97689015
0.1983136	0.12736285	-0.05419928
0.612227	0.40874273	-0.343719
0.07845944	0.62631834	0.40577623
0.13497484	0.8541166	0.41913408
0.0038075447	0.1347853	0.40307182
0.4099056	0.13230145	-0.41996285
0.75735843	0.21703255	-0.50802463
0.5138621	0.9597805	-0.19813761
0.5165416	0.7654623	0.2404655
0.03261113	0.8082988	-0.24223201
0.7418476	0.31491	-0.28669256
0.39661217	0.4042923	-0.30987537
0.04527086	0.74499345	-0.22977407
0.52919143	0.22515988	0.08425984
0.83558804	0.40352648	-0.27193856
0.34579158	0.79505557	0.54686534
0.13168758	0.05864209	0.26053545
0.095639884	0.24612796	0.5996087
0.9029741	0.4380309	-0.05008536
0.67480654	0.2007761	-0.29076388
0.5171379	0.9710467	-0.17943828
0.8110964	0.46600115	-0.17266588
0.38038605	0.35356605	-0.28535536
0.32739568	0.5345149	0.1396619
0.92121094	0.44246787	-0.06197398
0.58355856	0.1658327	-0.28340182
0.9617202	0.57848656	-0.18342467
0.9595881	0.8790935	0.009772712
0.18280083	0.12653238	-0.2718809
0.9349076	0.3241127	0.18762717
0.6574015	0.09856641	-0.3481394
0.6311769	0.18369001	-0.45068425
0.5703107	0.99843675	-1.0155593
0.24164224	0.7324397	0.26167658
0.8372257	0.6151675	-0.2474121
0.47243983	0.604729	0.5194114
0.38743544	0.008919477	0.17196488
0.8433938	0.3823064	-0.2234037
0.9724984	0.9323959	-0.08615134
0.4252668	0.84119594	0.5899434
0.38540995	0.4932319	-0.09442413
0.07756823	0.98640794	0.06788565
0.7643454	0.075576246	-0.86705047
0.6811917	0.37149656	-0.11974208
0.8183692	0.53924745	-0.212316
0.37428844	0.433892	-0.20079796
0.40996575	0.31128472	-0.42339706
0.17324853	0.3406636	-0.257006
0.5709393	0.054946482	-0.21664989
0.9031017	0.47863793	-0.049089998
0.8664505	0.21932918	0.04674954
0.7470092	0.6488708	0.27331895
0.3763193	0.29448003	-0.2450608
0.6588618	0.23158312	-0.39303708
0.0041576624	0.7648775	-0.8827373
0.8847827	0.72572553	-0.017702641
0.09653896	0.49398595	0.63424724
0.55224174	0.9530459	-0.6685349
0.16881013	0.55517447	0.1478093
0.47009766	0.83075005	0.44479504
0.057843328	0.7444687	0.057520367
0.780611	0.9400138	-0.050614838
0.8467007	0.24244934	-0.15370578
0.28906333	0.27678227	0.46753412
0.6248165	0.49742752	-0.31809735
0.11607009	0.012062788	0.5578578
0.45315164	0.013615251	-0.05387624
0.38537765	0.46804798	-0.16334894
0.49459267	0.033336937	0.07971363
0.7340315	0.60291505	0.3416476
0.58119845	0.43303466	-0.057725094
0.8920956	0.89862627	0.24436992
0.19599062	0.632661	0.042235535
0.14275378	0.18495113	0.033854224
0.29121113	0.32948965	0.29100853
0.976991	0.96050507	-0.1936263
0.32010436	0.7807594	0.53806275
0.98880404	0.7516999	-0.34624463
0.82204944	0.8595661	-0.31619132
0.90228635	0.5242054	-0.16791151
0.8315311	0.8669511	-0.3041014
0.32294464	0.21031666	0.50893116
0.5827691	0.18183994	-0.19050899
0.6066649	0.305646	-0.431287
0.1593296	0.92166173	0.25985137
0.9728766	0.79533434	-0.24208522
0.9600696	0.53859335	-0.11675205
0.6451308	0.14436454	-0.38285622
0.4490834	0.0037167072	-0.11397357
0.71363586	0.28977793	-0.20664415
0.2800569	0.8710955	0.7382838
0.9450642	0.7610361	0.017315915
0.54275787	0.8142498	-0.14495371
0.8259382	0.65760213	-0.27323472
0.6301373	0.57405424	-0.28860873
0.7983626	0.10143423	-0.5820022
0.6871	0.60468537	0.2978325
0.9874377	0.2665456	0.15591349
0.39575547	0.9116806	0.6352202
0.7327429	0.28430498	-0.2724495
0.05136007	0.26556844	0.2523202
0.7004195	0.985993	0.5253526
0.9837256	0.2416836	0.12892896
0.16727632	0.8057786	0.43705824
0.4489901	0.847905	0.53861314
0.114898026	0.67170227	0.65803075
0.35485387	0.43128854	-0.0072443
0.22557592	0.00428921	0.68556035
0.17445725	0.46799505	-0.18864097
0.09178513	0.38772017	0.52544624
0.35131055	0.53416556	0.08465423
0.9200304	0.45219904	-0.016380318
0.539309	0.0067355037	-0.05453924
0.57740027	0.05028379	-0.25229764
0.62669444	0.11193842	-0.36819
0.037934422	0.26854038	0.009736934
0.8480261	0.7448003	-0.19557923
0.9423605	0.48423696	-0.114022985
0.29828268	0.6091993	0.16720484
0.18568587	0.8121196	0.47545797
0.9609022	0.21718234	0.33226588
0.9622175	0.30266708	0.13669808
0.75088745	0.3265407	-0.2894339
0.2823515	0.6190048	0.12613592
0.6554015	0.61654043	-0.0118069565
0.41128063	0.92739004	0.49032357
0.27058816	0.5649453	0.0525564
0.70279735	0.009812534	-0.5698214
0.70650643	0.19544542	-0.3905893
0.7173267	0.1619268	-0.4643023
0.45224923	0.0881626	-0.27582878
0.6063771	0.95506364	-1.062578
0.8220099	0.22170734	-0.3497134
0.87428594	0.6030534	-0.11932416
0.50194633	0.3659699	0.2855205
0.97942406	0.12357414	0.4327886
0.89036125	0.8793618	0.2045535
0.6030213	0.6583415	-0.3694851
0.23402005	0.72264767	0.28676665
0.5202742	0.26638252	0.22276798
0.6377234	0.97005975	-0.6907174
0.64154243	0.15086186	-0.44326445
0.768095	0.66601604	0.14385536
0.358401	0.3223284	-0.03103475
0.76004785	0.9082822	0.27583814
0.3019148	0.17326272	0.88255453
0.9651329	0.11924887	0.39327347
0.51325953	0.27923155	0.28632206
0.5867674	0.18338245	-0.3089559
0.8090972	0.8568063	-0.21915701
0.13855094	0.6647422	0.56702703
0.56748116	0.9763527	-1.0021694
0.11785728	0.1839503	0.35854146
0.38955486	0.13027638	-0.21227589
0.32934368	0.22118908	0.51267457
0.55389595	0.68094367	0.10323545
0.42569548	0.6907685	0.38894367
0.81619626	0.061015964	-0.2864675
0.24905431	0.98610675	0.6856273
0.8316776	0.026499808	0.045853212
0.79163516	0.03878963	-0.66876864
0.8558197	0.7793321	-0.16810805
0.6028143	0.038651764	-0.26787725
0.19380593	0.991478	0.3306569
0.14364505	0.05609405	-0.025860637
0.057280183	0.48751128	-0.038554605
0.7423526	0.21219176	-0.5263679
0.8565022	0.8677882	-0.14591734
0.24152613	0.24194568	0.12569684
0.76453334	0.81457275	0.1677182
0.58351094	0.7482746	-0.46199605
0.6231091	0.16534615	-0.43722078
0.061869502	0.10072905	1.1070255
0.0005013943	0.17779368	-0.13471168
0.22029448	0.44596136	-0.28258288
0.14093399	0.9557334	0.09997741
0.21257079	0.6561044	0.12708415
0.05997491	0.4048469	0.10699465
0.16620469	0.9414658	0.23677522
0.27063775	0.36476713	0.07182608
0.89205927	0.48421067	-0.110158786
0.84076416	0.25316662	-0.22197095
0.18806529	0.8741231	0.45428848
0.75253195	0.7062919	0.2657156
0.8618381	0.56970346	-0.16136424
0.7512588	0.2503522	-0.3904512
0.39676553	0.94030255	0.5962368
0.108860195	0.5099472	0.6056282
0.1446628	0.79401016	0.45463973
0.9857071	0.82715356	-0.22561586
0.6327494	0.18027115	-0.39346915
0.41471344	0.05802095	-0.21334806
0.6182333	0.8351701	-0.68676555
0.46153826	0.45404965	0.14362217
0.7468019	0.24492705	-0.42678535
0.95484644	0.5586059	-0.16524374
0.31989366	0.68982965	0.31635714
0.6462067	0.4249125	-0.25282913
0.9122317	0.005173266	0.8481544
0.98727787	0.08930808	0.47740844
0.5719703	0.36711198	-0.010487151
0.4467945	0.45612478	0.023611374
0.8506368	0.2681225	-0.1378261
0.8122697	0.519348	-0.17607656
0.5530321	0.57704645	0.2742677
0.62308294	0.5533606	-0.30083752
0.019772112	0.09349245	1.0317649
0.8322052	0.7917508	-0.2752941
0.64520603	0.5345759	-0.09757514
0.3240257	0.9014649	0.6516917
0.936356	0.78774977	0.15222186
0.22402143	0.69224226	0.17440584
0.54340464	0.6620913	0.24332103
0.81984043	0.96416163	-0.44356078
0.61819273	0.79321367	-0.6078844
0.24288309	0.80698246	0.48558548
0.64474106	0.97002923	-0.52682185
0.52641946	0.9540444	-0.30207652
0.46105456	0.5768967	0.31281888
0.9048605	0.8472649	0.2783096
0.92059296	0.21330994	0.32877374
0.16683441	0.16440767	-0.18795656
0.3374927	0.97871304	0.7120419
0.9205629	0.68502355	0.0236341
0.4444816	0.71247524	0.45397532
0.7015389	0.013285577	-0.5003217
0.48995775	0.7742001	0.44936875
0.41771168	0.020115316	-0.16517925
0.42953116	0.8897987	0.4827687
0.37039262	0.030403137	0.2920132
0.9710901	0.58573836	-0.24212916
0.6093562	0.5866303	-0.2976114
0.66258	0.16486788	-0.35255468
0.022405028	0.4367361	-1.1228391
0.459418	0.037092686	-0.16991621
0.9695485	0.2076422	0.36866987
0.017569423	0.53759927	-1.4008878
0.3779266	0.38424033	-0.26429838
0.094623625	0.7736884	0.47473347
0.18474144	0.44396234	-0.27387714
0.8485205	0.8552417	-0.2327795
0.9542709	0.22233248	0.27838394
0.7955248	0.26136082	-0.403317
0.07508004	0.48047256	0.37612623
0.6248804	0.8840561	-0.65944856
0.17052203	0.4926319	-0.036635526
0.53468	0.21325201	0.15775885
0.89561164	0.14085937	0.45202553
0.022883534	0.4552486	-1.1157216
0.59949374	0.07350963	-0.24626485
0.98510605	0.8147105	-0.23039031
0.27240926	0.23813331	0.51040506
0.46211553	0.9322888	0.34714296
0.4086545	0.7528996	0.46577367
0.2389741	0.49001008	-0.19289823
0.9254152	0.62592673	0.07832635
0.66928303	0.2883097	-0.2398423
0.4949106	0.96041024	0.013062712
0.3763752	0.3553722	-0.22589737
0.96255976	0.47785336	-0.16650933
0.9486543	0.60434264	-0.14614442
0.70415366	0.65215605	0.48246753
0.99234104	0.20935196	0.24444787
0.69539124	0.19691831	-0.35115415
0.8645086	0.9602531	-0.0833224
0.7972657	0.67573303	-0.14589486
0.9469949	0.49088413	-0.059163515
0.32127744	0.577722	0.12682538
0.37956166	0.7545893	0.4736505
0.4080115	0.0381158	-0.1440291
0.5762079	0.8875079	-0.7058455
0.1862967	0.914302	0.38648832
0.23141515	0.15601087	0.33867693
0.69342095	0.5956111	0.36932814
0.37515604	0.9358447	0.6415468
0.38691926	0.80577946	0.56526107
0.49816507	0.91929585	0.082705155
0.20787328	0.36316055	-0.38389465
0.676031	0.4463126	0.043998413
0.33644134	0.15910977	0.61272556
0.8221603	0.7652326	-0.21733366
0.4018175	0.9052876	0.5488268
0.41491693	0.67003596	0.3156595
0.5452389	0.85492194	-0.26388004
0.63930595	0.74696714	-0.27490196
0.66848797	0.84088165	0.13284697
0.42816383	0.2770691	-0.47805116
0.7227626	0.17994118	-0.49603882
0.0002361536	0.22535765	-0.5130313
0.048661053	0.16637295	0.72575593
0.4001686	0.5207697	-0.051331434
0.28014272	0.34909606	0.21344522
0.7751951	0.43872762	-0.1406764
0.67502844	0.15449536	-0.3762521
0.009084702	0.15011668	0.3470273
0.5221714	0.69456035	0.35698226
0.6525288	0.43144643	-0.2006183
0.88485706	0.09532064	0.5217936
0.17518896	0.29991078	-0.27110973
0.75140995	0.29926223	-0.297939
0.5668267	0.001614511	-0.1854386
0.39103913	0.9268526	0.57073504
0.38987112	0.07039338	-0.033820532
0.68931234	0.16154718	-0.3911598
0.61901957	0.2961529	-0.47146162
0.95671195	0.26794964	0.23567955
0.42527336	0.44071925	-0.22094803
0.60577214	0.38345015	-0.35433388
0.8782175	0.6337222	-0.19108775
0.5849652	0.43178308	-0.1291177
0.48681366	0.49985653	0.3895498
0.79717547	0.0032948852	-0.49658895
0.4088413	0.48594952	-0.1538268
0.48567134	0.84931564	0.412785
0.401644	0.5776471	0.071666345
0.69332755	0.8825893	0.4993165
0.53060126	0.30477935	0.28629363
0.8377103	0.6184616	-0.21625291
0.9654669	0.026950419	0.5316678
0.2693134	0.049281776	1.2507917
0.636477	0.14041954	-0.3449197
0.7536623	0.0254246	-0.9170025
0.51662344	0.36068952	0.40358174
0.10525346	0.33256572	0.4519164
0.3381344	0.15462518	0.6335326
0.36036998	0.27751142	-0.081173606
0.49463898	0.05546969	0.026367303
0.7294911	0.40771782	-0.024110436
0.8172697	0.028190017	-0.2602175
0.37801343	0.8555623	0.6348696
0.19793737	0.9700089	0.39780232
0.34051216	0.38665408	0.033730872
0.578727	0.10988748	-0.24591033
0.06403035	0.6294799	0.13010104
0.6016324	0.7233713	-0.47615242
0.15701973	0.11873001	-0.14871374
0.14321572	0.0061939955	0.044191606
0.67838246	0.14338309	-0.3635242
0.09886974	0.4677143	0.58936185
0.16204375	0.60289997	0.23377599
0.9339677	0.05938804	0.61347
0.5019442	0.5183099	0.5028182
0.40377092	0.77791166	0.5069223
0.6691671	0.43186682	-0.105418846
0.24244308	0.44872016	-0.20097381
0.2910701	0.77698606	0.49287862
0.31586134	0.80172026	0.57258415
0.9796412	0.3580299	-0.048542403
0.54962766	0.6684383	0.12379933
0.0118870735	0.15831035	0.283126
0.8359307	0.7072273	-0.21349117
0.98436546	0.794451	-0.27455488
0.92898583	0.30298305	0.16332732
0.22388059	0.17908591	0.11415516
0.0829671	0.36847186	0.4603974
0.11994839	0.689636	0.6436533
0.09694499	0.23115283	0.55561286
0.100497425	0.45105863	0.5383662
0.9468675	0.4644435	-0.12346496
0.19297677	0.27309996	-0.37314516
0.31061053	0.01532346	1.3749881
0.8158801	0.96720153	-0.45748883
0.16988653	0.84047496	0.44605485
0.57416534	0.1764456	-0.21096878
0.89289606	0.14054132	0.4351645
0.34327877	0.18519533	0.4057463
0.7691174	0.78499115	0.104431525
0.51367533	0.013496816	-0.01691094
0.16441113	0.16705614	-0.13945995
0.47076392	0.345232	-0.014066778
0.50430804	0.76720375	0.33441168
0.6461497	0.2548542	-0.3937567
0.9192122	0.7548715	0.15018718
0.9059328	0.859986	0.2762584
0.8881182	0.5455533	-0.09942311
0.12098402	0.38690478	0.39316738
0.98002565	0.9319362	-0.17965028
0.5339177	0.7215434	0.2017891
0.1406321	0.8685759	0.40732846
0.9657755	0.21977895	0.31799096
0.6897147	0.9542248	0.4468554
0.7069358	0.03593886	-0.626761
0.22113323	0.71220076	0.20245242
0.17351949	0.6169434	0.14869776
0.81227005	0.43657213	-0.3192957
0.70792884	0.2748084	-0.20955163
0.9859365	0.7309851	-0.37750915
0.905196	0.43373418	-0.08752468
0.7424014	0.70779645	0.41127202
0.14756101	0.6751935	0.4183187
0.7140941	0.81050605	0.65761745
0.4134981	0.9860313	0.4523832
0.67243093	0.9982116	0.04145381
0.68537164	0.9048068	0.34250015
0.06524181	0.4005	0.26343283
0.17744184	0.38458353	-0.36665517
0.95572627	0.703114	-0.11989976
0.88781506	0.098713934	0.5611725
0.5160548	0.19486904	0.11197719
0.19213206	0.2963382	-0.29723206
0.43163925	0.025179505	-0.13311985
0.011346459	0.9942957	0.58615685
0.2328428	0.03093028	0.8194424
0.18645018	0.6258738	0.105780244
0.4877749	0.5728865	0.52596766
0.25859076	0.46008676	-0.15245096
0.5165028	0.9232362	-0.06385708
0.76414853	0.53919375	0.097906426
0.0009404421	0.5733986	-1.847449
0.5205719	0.81077826	0.15081844
0.63322175	0.69433886	-0.24681799
0.62741625	0.13709795	-0.37423885
0.53622293	0.72411716	0.1321906
0.24999171	0.7175102	0.28512052
0.5457949	0.86808395	-0.3691013
0.55654657	0.94141537	-0.71045727
0.09623253	0.77037114	0.49950808
0.91541594	0.4814449	-0.04039886
0.7109871	0.7462069	0.60510194
0.2804525	0.79463667	0.5343364
0.03376198	0.3126129	-0.29032263
0.28936893	0.6946996	0.35953927
0.81325686	0.13762605	-0.3690786
0.4218135	0.868543	0.51598585
0.1668253	0.6130919	0.22256805
0.5091622	0.0778293	0.012853164
0.39240324	0.83180183	0.61305654
0.79332376	0.9908341	-0.30482355
0.65309733	0.105763555	-0.3216554
0.7340577	0.7717517	0.48616835
0.41574717	0.068012	-0.2948472
0.8200857	0.17512935	-0.38469627
0.985384	0.90900785	-0.2123307
0.69216096	0.33983952	-0.10264215
0.6730455	0.7129869	0.2516155
0.6824617	0.36188883	-0.13337833
0.81170255	0.95506537	-0.42603552
0.7053407	0.9429222	0.6481427
0.25581396	0.7502202	0.34969455
0.62443036	0.2986464	-0.45865476
0.35563534	0.99273807	0.64043856
0.51896524	0.038957775	-0.009183811
0.9104065	0.4225126	-0.111717
0.019553006	0.03859216	1.4124254
0.74450433	0.96504295	0.5096576
0.8061414	0.020117223	-0.33951658
0.7615671	0.6340215	0.14497028
0.18177408	0.5416788	-0.040361326
0.047565937	0.41488433	-0.31493938
0.75708324	0.87237823	0.33789805
0.23854297	0.99557185	0.67017144
0.037186623	0.65641767	-0.5595344
0.7118328	0.45575005	0.077220865
0.3621298	0.6932524	0.37401205
0.95674604	0.11511958	0.47917816
0.15545803	0.916056	0.23187537
0.024526715	0.6801918	-0.9194073
0.8868945	0.16188306	0.36672458
0.22137725	0.47105372	-0.2845861
0.4710253	0.8544776	0.46430635
0.8169705	0.74377555	-0.2655175
0.7771888	0.80678856	0.07826628
0.3683917	0.08829725	0.2533981
0.7448056	0.5282384	0.21126172
0.5624903	0.23774499	-0.046055943
0.7424956	0.6254174	0.32010356
0.18240732	0.19566482	-0.30255735
0.8301516	0.94753027	-0.40540817
0.7276607	0.89307654	0.6256478
0.50026023	0.64622927	0.53130674
0.8011308	0.15300214	-0.5095616
0.31846696	0.059246182	1.1821898
0.27869457	0.13102448	1.0484747
0.9497902	0.16294116	0.47199094
0.40670276	0.45950705	-0.19066855
0.9215882	0.24107271	0.3154808
0.91173786	0.72816414	0.10363766
0.06872022	0.5121455	0.22884713
0.7891736	0.5272067	-0.081536226
0.9142296	0.14261264	0.48506844
0.8998366	0.3557576	-0.042393126
0.5748321	0.2798221	-0.1060985
0.6535484	0.8301491	-0.18784398
0.6139872	0.7201693	-0.42597622
0.2426216	0.6563146	0.10726834
0.30361313	0.633552	0.20846775
0.21221459	0.9357004	0.56067634
0.7923584	0.19923782	-0.53379726
0.79145175	0.8527983	-0.12947358
0.9294143	0.7059699	0.05369798
0.42858666	0.15306973	-0.4553061
0.86218417	0.7478229	-0.07649588
0.47225606	0.8140585	0.42720848
0.95841926	0.06003207	0.5384922
0.38862652	0.63177234	0.2286283
0.7620778	0.59730655	0.13520056
0.19079697	0.59742385	-0.028422216
0.011988461	0.32166022	-1.0238068
0.31541377	0.07703161	1.1784841
0.7879935	0.54699945	-0.07552095
0.69739985	0.9591608	0.6035681
0.87978834	0.82886195	0.08049911
0.29051185	0.9640943	0.71993965
0.067451894	0.25376058	0.550508
0.14719826	0.5971545	0.40022618
0.99710166	0.69839734	-0.45849463
0.9540408	0.85851324	0.07959989
0.8623025	0.5799406	-0.20774183
0.04933077	0.78640115	-0.09362458
0.57997185	0.94821626	-0.9626449
0.14409918	0.5101571	0.31061855
0.13425916	0.80932385	0.4811288
0.95545226	0.62220216	-0.17282268
0.96523225	0.9662966	-0.027105244
0.5888992	0.5049147	-0.08086195
0.32654274	0.44783765	0.12431164
0.29450637	0.60004485	0.15292369
0.8318985	0.31918854	-0.26373827
0.7614117	0.80850095	0.2328523
0.5625821	0.48985624	0.18242292
0.058666646	0.7951618	0.06180827
0.5250906	0.38478112	0.4193062
0.2027247	0.46383405	-0.33800623
0.29514986	0.54585844	0.04896197
0.2448219	0.93235314	0.6872634
0.38144654	0.01102066	0.18149357
0.6489782	0.04934436	-0.21563068
0.99912786	0.94217855	-0.42365527
0.178711	0.88264287	0.42745474
0.017333627	0.1644811	0.36674494
0.21818382	0.054813802	0.34234694
0.17345965	0.45289332	-0.20494835
0.9819393	0.10395205	0.4518209
0.28528053	0.5013251	0.012523658
0.85762846	0.5454212	-0.2604252
0.10604	0.7634849	0.5566338
0.12508601	0.99150306	-0.022976857
0.5811302	0.07729095	-0.2212592
0.65573287	0.1576767	-0.35543156
0.3028146	0.043660462	1.361292
0.0657863	0.56105906	0.09937096
0.82880235	0.64294785	-0.20919421
0.7245078	0.53882223	0.24905017
0.98742735	0.30881792	0.12774032
0.9212042	0.17253631	0.40134296
0.98088497	0.13145518	0.40115404
0.1316635	0.082348466	0.17635225
0.67694306	0.7926398	0.2841331
0.8188955	0.01401031	-0.12303166
0.59361315	0.021082222	-0.1680616
0.19772828	0.51710933	-0.24379876
0.4061823	0.9925638	0.47554773
0.13502759	0.99521834	-0.058670763
0.074480236	0.17708057	0.772844
0.036913216	0.25002873	0.052869085
0.33178437	0.37469172	0.07589257
0.19243443	0.44622934	-0.3176579
0.38973665	0.26031476	-0.4230209
0.6715279	0.86826885	0.17643352
0.68630874	0.11104381	-0.44401968
0.015613854	0.69585973	-1.0225868
0.27467233	0.23865789	0.5330605
0.9908832	0.8656252	-0.29456723
0.31713182	0.108115375	1.0129857
0.13940209	0.8867514	0.2631972
0.60464114	0.400366	-0.3029276
0.5077145	0.68278563	0.51095504
0.7652551	0.12043524	-0.8016708
0.60157096	0.12784266	-0.3180701
0.92417014	0.101710856	0.538804
0.8548434	0.043774188	0.4058818
0.93395764	0.637905	-0.022308815
0.19112408	0.32738805	-0.3690845
0.27971846	0.88523346	0.66042733
0.4489563	0.21387708	-0.33435416
0.46258432	0.79616624	0.48025036
0.65532005	0.3536392	-0.30247435
0.26550508	0.63219124	0.063040406
0.78101593	0.55941063	-0.006324861
0.15697914	0.6150401	0.344189
0.43599665	0.62864643	0.35276702
0.5180754	0.3748052	0.42905182
0.09163034	0.7931863	0.46423703
0.99024695	0.91758376	-0.35219884
0.60805744	0.5331388	-0.29070994
0.51537746	0.12818754	0.058079097
0.044382513	0.31372714	-0.14322487
0.7052186	0.31232578	-0.14326106
0.86673564	0.044849217	0.53943425
0.20364916	0.15996248	-0.06807145
0.77428836	0.05825478	-0.8289369
0.17635745	0.0951792	-0.15452495
0.83912873	0.50373346	-0.2595156
0.18648738	0.9701216	0.35936534
0.6676022	0.25787526	-0.3238954
0.5858282	0.5920875	-0.20593162
0.378451	0.3275929	-0.27102622
0.3135156	0.4458555	0.07342666
0.15390152	0.93117833	0.24430512
0.47857267	0.44719493	0.26609588
0.4591902	0.50046134	0.20692581
0.14935428	0.5483737	0.2709705
0.77853906	0.62963605	0.08002678
0.8736479	0.057691753	0.5316255
0.051012635	0.2393977	0.37916583
0.393961	0.41310608	-0.27985168
0.36702603	0.46451402	-0.13174647
0.9233626	0.00985688	0.77846473
0.10912448	0.348275	0.5030777
0.51350486	0.7189891	0.40727383
0.42870206	0.70181865	0.43131816
0.9451295	0.9683609	0.15745308
0.31544393	0.48201048	0.036841854
0.4526816	0.69222903	0.465689
0.9814681	0.95689905	-0.19247119
0.52142143	0.8034772	0.14745657
0.54819125	0.06425953	-0.16042247
0.4789256	0.52814853	0.43460384
0.4861353	0.6099737	0.44629505
0.2718467	0.19112486	0.6868558
0.9080138	0.560123	-0.09618453
0.02987802	0.19452047	0.276188
0.7172648	0.7196924	0.5483684
0.6715877	0.16009188	-0.39024946
0.31066394	0.4855221	0.10000035
0.3557595	0.84574413	0.6334816
0.036665738	0.8165048	-0.23324688
0.2551365	0.8654239	0.6193543
0.8563982	0.4333446	-0.25741577
0.49552613	0.7843332	0.38016805
0.6829259	0.46403605	0.041830815
0.25736707	0.7427897	0.32257524
0.4883961	0.61037797	0.5644825
0.72753644	0.6105101	0.41158
0.3268494	0.9005159	0.68978506
0.60854685	0.30641395	-0.39540294
0.44463885	0.632909	0.40006393
0.59925383	0.90173024	-0.84750736
0.453924	0.6835923	0.4438305
0.11970633	0.567762	0.6644502
0.8828328	0.93257415	0.11965303
0.60819894	0.48074484	-0.2654035
0.30224794	0.8286978	0.60172766
0.8153966	0.31838727	-0.3189661
0.014158547	0.7521867	-0.8043829
0.61406434	0.35294825	-0.41587666
0.5546846	0.34859258	0.16036715
0.12907356	0.45495653	0.3758174
0.81320715	0.5771691	-0.21395259
0.3392138	0.50441754	0.0906406
0.83012724	0.108333886	-0.10567054
0.2858739	0.2663684	0.40247202
0.16107267	0.75108415	0.39375883
0.92268217	0.1981138	0.3836835
0.2750649	0.83653617	0.609513
0.51447237	0.35485733	0.40200037
0.9613371	0.8986438	0.05288168
0.41113704	0.6302203	0.30249357
0.9730639	0.43811178	-0.17850015
0.7786418	0.83153987	0.07878627
0.8612656	0.08849418	0.3214302
0.87486947	0.76062125	-0.020511586
0.32880408	0.58384746	0.17718796
0.56297505	0.105556905	-0.14525278
0.7907802	0.60493463	-0.0606578
0.786686	0.014398694	-0.7120722
0.6968483	0.8491503	0.5367134
0.96428967	0.0794878	0.51400983
0.58672065	0.43515432	-0.16127925
0.77515304	0.88543063	0.05266485
0.46618813	0.29355538	-0.12085542
0.2650249	0.9417062	0.72604793
0.34164876	0.79779094	0.5889638
0.28813118	0.003404498	1.5322936
0.03813207	0.74405676	-0.3570279
0.014295578	0.34795868	-1.0541933
0.45715624	0.20862722	-0.3010422
0.51285046	0.3828131	0.4319033
0.2190969	0.521277	-0.24849688
0.22416294	0.37179393	-0.30026412
0.7820019	0.50037825	-0.1348166
0.87365454	0.8138589	-0.039593678
0.51600355	0.7178312	0.32650253
0.5575354	0.1320563	-0.22424993
0.17933232	0.4903599	-0.12737374
0.75909376	0.61621517	0.16509221
0.015867293	0.44070292	-1.3700718
0.892875	0.7409302	0.052751377
0.84623617	0.3473389	-0.1948783
0.95760274	0.2921511	0.20318948
0.90441245	0.23816514	0.21944724
0.71864295	0.62376755	0.40771517
0.87867635	0.60809165	-0.19173509
0.6710956	0.54352695	0.045338947
0.14502347	0.047650933	-0.00793232
0.3534268	0.43735158	-0.04966248
0.5584587	0.8456786	-0.45544153
0.7577025	0.43829155	-0.050251618
0.9443671	0.87185824	0.19502296
0.32618928	0.11111587	0.85812914
0.49691075	0.3401898	0.35694027
0.14746708	0.83215433	0.42118928
0.84878254	0.5430784	-0.2508952
0.5596955	0.24574792	-0.033843443
0.7466104	0.14062685	-0.7213671
0.16530263	0.85986453	0.4310905
0.8659288	0.92056966	-0.03748426
0.4505235	0.70322365	0.45209974
0.4440348	0.42252874	-0.07025049
0.9843343	0.8855848	-0.25494328
0.9941342	0.8971679	-0.36002487
0.89704245	0.35765028	-0.02685096
0.72895414	0.5713064	0.30101803
0.17844069	0.42164987	-0.29845214
0.6594019	0.15432602	-0.373229
0.9786869	0.1778413	0.41324914
0.93949527	0.46592993	-0.06479943
0.8826752	0.5242955	-0.16055056
0.6644464	0.63200754	0.11760949
0.24015534	0.18576658	0.32196707
0.058523655	0.86396515	0.086032785
0.3173067	0.10736281	1.0230527
0.00398612	0.021415114	1.4085035
0.4701745	0.29344982	-0.08971454
0.36243206	0.029818237	0.51158863
0.22142291	0.7492823	0.31040978
0.40111154	0.6799062	0.3989504
0.49761987	0.9906204	-0.10251874
0.4682752	0.93795925	0.24306768
0.57428616	0.35151535	-0.05294332
0.45026225	0.843537	0.5034861
0.750875	0.74911433	0.3201257
0.8341178	0.014122784	0.2053712
0.9125335	0.2630275	0.2169944
0.7738779	0.47675848	-0.1008026
0.838399	0.87997025	-0.30270126
0.37386197	0.31347376	-0.2603808
0.37867153	0.6423696	0.2735536
0.94476163	0.8672827	0.1749584
0.07166445	0.23837352	0.623489
0.31876367	0.94842917	0.7371313
0.2485699	0.5094512	-0.1872096
0.8347029	0.8615784	-0.2668098
0.7511423	0.08487666	-0.79098845
0.7871607	0.4486279	-0.17384537
0.6499447	0.11888224	-0.3214842
0.6527159	0.85153145	-0.22492248
0.06391829	0.48997563	0.063418634
0.42077625	0.4699406	-0.16792437
0.13332969	0.02502513	0.22922091
0.09596795	0.2503153	0.6266402
0.80501425	0.9186924	-0.33285695
0.10842991	0.9942083	-0.013747685
0.5537041	0.24373657	0.010490978
0.043616712	0.55371803	-0.50947845
0.18168032	0.7249598	0.32605252
0.43142056	0.8282528	0.5403088
0.10170299	0.49723643	0.60085326
0.71307707	0.6528915	0.47546726
0.084947646	0.26640803	0.628482
0.69731027	0.35446805	-0.050594665
0.6794845	0.32575828	-0.23457825
0.6542877	0.5487733	-0.13202368
0.54043454	0.061013103	-0.039520018
0.5750334	0.821373	-0.48861125
0.55879086	0.5910793	0.16380894
0.3296222	0.8374353	0.5537827
0.15366107	0.7397561	0.45578897
0.75130904	0.9489859	0.3494897
0.8511328	0.2593792	-0.10595596
0.47316265	0.59156567	0.48628598
0.8941817	0.33383095	-0.025161806
0.68695974	0.017083526	-0.33401918
0.586633	0.83726853	-0.67745036
0.47670823	0.9639514	0.25076833
0.98685956	0.25446236	0.1851502
0.548186	0.008324206	-0.14229515
0.5335285	0.3970381	0.52515477
0.9045227	0.6866037	0.027789844
0.7973982	0.24091762	-0.4330794
0.34144783	0.41541725	0.015880907
0.769336	0.67420864	0.09418743
0.0005494952	0.7781188	-0.90945685
0.8466865	0.14195329	0.06260219
0.06347847	0.8175649	0.09936632
0.29041356	0.7247449	0.3594611
0.31981552	0.8089343	0.6391924
0.8311556	0.3731873	-0.2703706
0.89509743	0.30000752	0.11888678
0.5360624	0.42272055	0.45886865
0.35504675	0.32930338	0.053176247
0.59440905	0.96309483	-1.1100944
0.23063773	0.030255914	0.6848027
0.757198	0.8222526	0.31667948
0.7112473	0.9733569	0.6369928
0.48278385	0.11866516	0.018712029
0.5056175	0.51322013	0.57842946
0.6970455	0.891136	0.5575605
0.835284	0.34843487	-0.24125671
0.5205235	0.24832469	0.24450146
0.4784969	0.28261083	0.010798946
0.16668606	0.92108023	0.32550776
0.36076897	0.24938351	-0.05785417
0.20932782	0.25877565	-0.25369877
0.1389451	0.122647464	0.020008642
0.18582332	0.64925486	0.1651745
0.7735145	0.7673041	0.067051545
0.05747819	0.33539152	0.22483894
0.7178428	0.44759095	0.122154795
0.5721771	0.6439264	-0.12232946
0.41046226	0.78374106	0.55305386
0.86883056	0.58310574	-0.13067299
0.1819582	0.8191217	0.4134919
0.99953234	0.6995401	-0.50656164
0.98086417	0.4795699	-0.2775612
0.9537074	0.85112286	0.07986058
0.98174953	0.9552928	-0.21161614
0.24594432	0.394226	-0.11936987
0.84402186	0.25360125	-0.11083022
0.22006416	0.59554684	-0.12613347
0.1488908	0.060957074	-0.069481716
0.26216042	0.7384899	0.35131583
0.13626897	0.23543823	0.00896994
0.778392	0.13379854	-0.76512784
0.46004868	0.98499393	0.2647116
0.8664544	0.31711864	-0.19465597
0.5842319	0.4676814	-0.09828226
0.7701424	0.9361326	0.1172291
0.25851285	0.5819643	-0.044007637
0.8228162	0.5609982	-0.23239215
0.6493792	0.68464804	-0.11775911
0.92212075	0.012188435	0.791146
0.024155796	0.012607932	1.6232561
0.19530195	0.083536744	-0.028840808
0.92224276	0.5980478	-0.08158058
0.012890756	0.69525033	-1.1000395
0.9288121	0.1771406	0.43304223
0.834456	0.3573562	-0.25091848
0.8396046	0.07874608	0.111039355
0.3713302	0.65621585	0.31131142
0.2384122	0.69947684	0.20975737
0.8989096	0.930892	0.2613553
0.351192	0.1919486	0.30553114
0.3301776	0.7985884	0.52801
0.3837967	0.72602254	0.46709654
0.121497095	0.62157935	0.64465374
0.14788055	0.5585274	0.39748132
0.26721632	0.67068064	0.21773218
0.47973758	0.35763127	0.21447664
0.6607328	0.06770718	-0.21094307
0.07895309	0.47708416	0.46205202
0.9942748	0.6249094	-0.37784237
0.95951927	0.7639665	-0.07762401
0.012928605	0.30316794	-0.8138386
0.43072838	0.26290387	-0.4597605
0.25179178	0.7252062	0.3216961
0.78113264	0.7043374	-0.035997517
0.015321016	0.58291763	-1.4172318
0.13761449	0.579058	0.502771
0.23654467	0.15264165	0.4097309
0.62090254	0.896041	-0.8110989
0.25439447	0.21875453	0.41873986
0.7998972	0.08729774	-0.55019593
0.016519964	0.98333657	0.42130202
0.93685764	0.18347174	0.43094602
0.9428761	0.9513006	0.27896488
0.09591383	0.4871322	0.595355
0.9913955	0.94080913	-0.31229386
0.2689972	0.66170615	0.18315056
0.608275	0.2985897	-0.41121674
0.081261456	0.26864433	0.6057878
0.8010637	0.68116736	-0.19434986
0.32118052	0.109214544	0.9648314
0.90849364	0.09563792	0.5938348
0.8677444	0.6371191	-0.17204802
0.8056651	0.9024786	-0.30256948
0.48021477	0.47462535	0.44283894
0.76966333	0.7869378	0.100875184
0.18382925	0.16711015	-0.24535447
0.99707294	0.24582434	0.23653743
0.9353793	0.8728506	0.25602216
0.9472912	0.824222	0.10154953
0.64591485	0.8908163	-0.3248821
0.35610062	0.55447406	0.119377285
0.7138997	0.91145915	0.6429129
0.06341237	0.6981825	0.1683819
0.48968488	0.68247855	0.4980523
0.33842874	0.29281533	0.25309122
0.63597435	0.41531628	-0.30112913
0.6486045	0.29811847	-0.3605207
0.054115236	0.9113733	0.11909238
0.28660488	0.8520595	0.65410995
0.88948774	0.26810038	0.080334336
0.3663904	0.12877011	0.15018171
0.18009049	0.066850126	-0.12555367
0.52713615	0.4680785	0.477084
0.36297327	0.404427	-0.13032213
0.4654225	0.54335004	0.37202013
0.36464024	0.6090008	0.14465368
0.4713626	0.6957567	0.46895137
0.16600597	0.71247905	0.37388578
0.05921042	0.83454746	0.11727504
0.20209605	0.6474426	0.14122006
0.44334382	0.0010194182	-0.10791354
0.06528115	0.50110114	0.11510225
0.4805053	0.8121633	0.41563192
0.55296695	0.8961493	-0.5018831
0.5692254	0.42827082	0.046060972
0.907665	0.008091152	0.8530223
0.26067805	0.49157465	-0.105855756
0.70805067	0.49655443	0.23166886
0.20831156	0.38562727	-0.36274657
0.6812146	0.73689735	0.34696788
0.6651776	0.49789792	-0.08458142
0.5327325	0.54442126	0.4725368
0.33044368	0.33251023	0.21032386
0.039833426	0.54641443	-0.6403237
0.8872582	0.15453708	0.42085654
0.03168547	0.46516055	-0.8445876
0.2689703	0.1473921	0.90538305
0.6300119	0.046786964	-0.21807556
0.20787877	0.0036363602	0.35494962
0.9158909	0.5841854	-0.045564957
0.9469752	0.14459038	0.440551
0.41415614	0.7770003	0.49412984
0.9996539	0.98096114	-0.41550493
0.8366038	0.05109632	0.100639716
0.40425473	0.62234133	0.24694733
0.9777238	0.26807868	0.18442342
0.38479948	0.1760943	-0.25711226
0.88762206	0.80138385	0.093450576
0.08940327	0.8191554	0.3782846
0.45623457	0.7676213	0.45498776
0.5606087	0.075938344	-0.14984037
0.44899815	0.94652486	0.42409563
0.84837085	0.3975144	-0.16576394
0.45278627	0.94282883	0.37343696
0.6213581	0.0005823374	-0.07303483
0.63795555	0.9193554	-0.5918567
0.39146763	0.4979084	-0.09794718
0.71941715	0.24242556	-0.3449317
0.3908859	0.6296247	0.24627855
0.11266285	0.72137505	0.6305454
0.7861881	0.58886284	-0.05273112
0.27358317	0.82284355	0.5375574
0.15907729	0.9544639	0.28345782
0.6824686	0.4013384	-0.13500014
0.39562303	0.6872583	0.34345347
0.54686505	0.8336597	-0.2723346
0.60560364	0.75001734	-0.488098
0.054095626	0.38286823	0.01195221
0.41020823	0.16828084	-0.42972377
0.39210904	0.4887597	-0.13410127
0.418441	0.5344752	0.03983166
0.21165013	0.04799813	0.3206566
0.924222	0.38748002	0.041292105
0.72495455	0.74669105	0.5225252
0.030055165	0.18590003	0.37559754
0.2702431	0.3012913	0.29906973
0.062175035	0.3078792	0.35436884
0.6268913	0.22943574	-0.4653071
0.66920346	0.60820836	0.15729104
0.5147328	0.47541142	0.48819524
0.74500966	0.07741201	-0.8272793
0.17666596	0.72737294	0.29927087
0.49640727	0.14949846	0.001708597
0.5428844	0.61640203	0.26597235
0.86941063	0.21205944	0.0387717
0.13577485	0.9747589	0.053982943
0.2042926	0.56799114	-0.13453119
0.028789222	0.710434	-0.7807652
0.91049886	0.8562051	0.2769456
0.42635906	0.94626045	0.5381041
0.5166969	0.5388636	0.50321347
0.4982475	0.78308856	0.3930367
0.6169246	0.73422605	-0.47955427
0.7778395	0.64426935	0.04903508
0.12512714	0.36239707	0.34930938
0.2531641	0.21311629	0.43429363
0.4648301	0.08964676	-0.13308357
0.77421486	0.27444363	-0.4540861
0.5106118	0.61762935	0.51685935
0.20539117	0.09724033	0.092359
0.007068217	0.27975076	-0.8072664
0.5925015	0.28321362	-0.31191352
0.30711377	0.36636555	0.26205733
0.58466387	0.48076808	-0.054458413
0.16503507	0.36695725	-0.19186424
0.050079107	0.7724985	-0.14484201
0.13390243	0.064534664	0.17755398
0.7451868	0.41572678	-0.00888705
0.9538763	0.26500934	0.22341962
0.05126846	0.23314565	0.4375101
0.12834942	0.4236213	0.37222087
0.5712096	0.77623767	-0.40084594
0.37463427	0.8117398	0.53337395
0.38963473	0.12577361	-0.22885847
0.902195	0.6062538	-0.03563702
0.45278108	0.98146766	0.33210894
0.8556914	0.22243744	-0.11749999
0.8417785	0.7034869	-0.15754649
0.9936987	0.08066404	0.50986385
0.19394499	0.8277573	0.47528315
0.15066206	0.5521925	0.25203934
0.3700189	0.79028857	0.5607472
0.36459738	0.6685609	0.3154405
0.8622713	0.33040982	-0.1127385
0.6965846	0.8431127	0.5474113
0.22321248	0.17856568	0.07624001
0.9345464	0.7547081	0.14140517
0.5670841	0.9266239	-0.76044405
0.1383819	0.4287485	0.20139463
0.79555094	0.7059625	-0.08697119
0.48462605	0.08498204	-0.036816142
0.5225736	0.15637785	0.114570946
0.3936066	0.61694205	0.21468969
0.25216472	0.30906594	0.106217064
0.08644265	0.26760304	0.60498494
0.19210482	0.696189	0.24779573
0.31869918	0.20627528	0.61701566
0.67418766	0.06982404	-0.3183218
0.91321576	0.39619887	-0.025144316
0.467932	0.81208724	0.45628136
0.73138523	0.6731777	0.4733191
0.4889003	0.07027441	-0.02694372
0.89002436	0.70405287	-0.0054611075
0.060505986	0.88233644	0.114304125
0.48550892	0.5654521	0.5148937
0.831129	0.24090731	-0.28721786
0.9592309	0.21609354	0.33597136
0.5775636	0.47984612	0.028340232
0.11928648	0.371884	0.43048874
0.53476226	0.12004143	0.005032827
0.41887456	0.64390045	0.31586248
0.3047915	0.11674178	1.0791267
0.17925787	0.55135995	-0.029842246
0.9616165	0.13093728	0.46656078
0.77654576	0.5858673	0.04813256
0.25542885	0.21143234	0.42176473
0.39108002	0.5342886	0.033586532
0.92328525	0.31240368	0.1546839
0.83926666	0.1606136	-0.1327532
0.2897445	0.08254576	1.2604278
0.026096523	0.9924865	0.3861895
0.38333094	0.24684638	-0.3207
0.87821984	0.6113552	-0.16211858
0.22962618	0.8518469	0.5019216
0.7428294	0.8347886	0.48062503
0.7947974	0.21074128	-0.5177824
0.34052056	0.37696153	0.0662945
0.35965472	0.4431252	-0.10831609
0.34849286	0.25775737	0.20988771
0.21488816	0.3817289	-0.38033536
0.20808393	0.19011176	-0.1529585
0.3505212	0.5520852	0.08237348
0.8304093	0.7320332	-0.24399385
0.87368566	0.83820873	-0.027170755
0.9188868	0.52681124	0.007586032
0.5155638	0.93577003	-0.18327625
0.33444577	0.679481	0.3376174
0.47306055	0.44916862	0.23426446
0.00019723177	0.2212407	-0.47444016
0.53681487	0.31224674	0.20665605
0.32255054	0.31038362	0.28165588
0.5811364	0.9111761	-0.8661761
0.4746349	0.26837254	0.012920152
0.075889766	0.9688663	0.096531935
0.8137381	0.835436	-0.2828215
0.2851696	0.06257051	1.2981068
0.47614646	0.33555496	0.11989917
0.74865544	0.72638357	0.3368094
0.6024571	0.68135816	-0.42787367
0.4024921	0.8460238	0.5766673
0.99447733	0.042568088	0.49000543
0.05071479	0.3906324	-0.12921639
0.5820645	0.8967585	-0.8109993
0.12658435	0.7936085	0.5129835
0.9663058	0.7842339	-0.09024122
0.8049611	0.97484607	-0.3687681
0.7336738	0.10623032	-0.7495753
0.9946822	0.24164504	0.2284503
0.15665805	0.43385887	0.0038020578
0.6844562	0.93082446	0.37615463
0.9349305	0.7130288	0.023323098
0.37241322	0.6486339	0.26232433
0.49450713	0.712122	0.52150124
0.24759	0.14720792	0.6091563
0.9643202	0.57759243	-0.25569874
0.9120647	0.2515337	0.2038711
0.31047493	0.70501435	0.36313587
0.33904213	0.99031585	0.67060953
0.9154267	0.9830971	0.27859598
0.2812099	0.710671	0.29644346
0.049503088	0.20307964	0.57311857
0.76744866	0.4368103	-0.0067449436
0.68504304	0.6235025	0.22650683
0.60893595	0.6282862	-0.35096034
0.15478754	0.4009155	-0.058805034
0.34100187	0.14297175	0.63686955
0.1880765	0.5422129	-0.064122096
0.8006147	0.2757305	-0.39594284
0.9669778	0.9571464	-0.092873305
0.18333024	0.619301	0.047894504
0.08940256	0.6319399	0.5205167
0.677987	0.9319457	0.26173997
0.5039247	0.13989812	0.0438542
0.40643412	0.8910694	0.5149423
0.846773	0.19448853	-0.1281005
0.6007423	0.9830016	-1.079545
0.5678245	0.6904666	-0.13143757
0.13571519	0.95887893	0.048147246
0.87801075	0.3154403	-0.07809676
0.8206846	0.24909556	-0.32780722
0.25534815	0.80296737	0.5273755
0.3928265	0.17903286	-0.34533393
0.76189023	0.65529424	0.17084591
0.43202275	0.23575437	-0.48223546
0.85341763	0.5276879	-0.25758988
0.35130942	0.5579938	0.052154962
0.6271226	0.7222109	-0.37298608
0.5256604	0.13206244	0.083344236
0.5650572	0.19071174	-0.08324123
0.061695695	0.7436537	0.13259119
0.7791902	0.758529	0.03909484
0.43691397	0.37556958	-0.23895912
0.8290792	0.513075	-0.31508064
0.7846647	0.78568184	-0.030364092
0.1894517	0.5189636	-0.2123879
0.21301413	0.061901093	0.31860358
0.9808336	0.8531114	-0.19041532
0.6756865	0.30721205	-0.2765359
0.070301354	0.5340777	0.2582064
0.65625083	0.032844663	-0.18183027
0.21793157	0.30034155	-0.27524596
0.5637324	0.31304818	0.043950953
0.15181875	0.37631696	-0.01877244
0.27870268	0.58591044	0.06325801
0.74028337	0.5284297	0.15213837
0.12957186	0.13174462	0.19550584
0.93919724	0.27608025	0.24506214
0.53990376	0.2215209	0.092358485
0.5307264	0.42606872	0.43336967
0.14073783	0.20117813	-0.024977583
0.13729477	0.8316925	0.4806141
0.19667262	0.9752749	0.39690554
0.013513744	0.28615993	-0.7107804
0.080644906	0.1087116	0.97775584
0.943538	0.85670376	0.1716632
0.6403142	0.4915511	-0.26871675
0.037683368	0.105161786	1.0788087
0.60195756	0.30040044	-0.33163363
0.017417371	0.63239074	-1.2120608
0.5807784	0.19777167	-0.2520663
0.56294686	0.2338742	-0.068430886
0.21236688	0.95726055	0.5025741
0.92491895	0.47109193	-0.07296002
0.22676486	0.18294072	0.13098723
0.057851672	0.30997634	0.26893726
0.8616142	0.6072291	-0.20286793
0.39647198	0.75055087	0.4904529
0.6054829	0.6908323	-0.43307942
0.63915074	0.4330268	-0.36400688
0.9235065	0.70770794	0.03522718
0.8349582	0.7784559	-0.25741196
0.28938097	0.15422672	0.9743856
0.98763996	0.52580607	-0.33513638
0.60038316	0.56290877	-0.2653372
0.06099826	0.84573674	0.14049107
0.47284722	0.8218898	0.4295244
0.56120414	0.9731089	-0.85992426
0.65111953	0.16467887	-0.41227114
0.98538417	0.5999634	-0.33873475
0.028665423	0.17209363	0.45775595
0.36742663	0.8023245	0.58915216
0.82751554	0.4742298	-0.2024768
0.45118368	0.9843655	0.26214075
0.028735697	0.53930366	-1.0204859
0.084539235	0.16626644	0.79165304
0.28820997	0.9311024	0.723007
0.91036624	0.19727957	0.3470904
0.5648628	0.4325359	0.08194509
0.094350874	0.8313719	0.4472916
0.7262957	0.06797016	-0.73076284
0.3029539	0.33669722	0.2423199
0.9048446	0.7513494	0.07942109
0.09735149	0.2197367	0.64206374
0.5456478	0.36895758	0.27289143
0.07061666	0.6666516	0.3020582
0.09874362	0.349639	0.5830978
0.80271554	0.09885216	-0.48427463
0.42859966	0.46458006	-0.100997925
0.5421613	0.28650624	0.18016854
0.7006604	0.31648773	-0.11989832
0.13593328	0.15909195	0.059231043
0.3991444	0.34764463	-0.39025575
0.639929	0.38501513	-0.3177043
0.19314295	0.16395593	-0.22241938
0.6014552	0.037557423	-0.2549666
0.39296186	0.7753359	0.5022924
0.1293366	0.58198947	0.5395599
0.70099634	0.9512861	0.5835099
0.07447851	0.45798886	0.3359046
0.6895506	0.58623546	0.27899817
0.85336274	0.59761125	-0.17700529
0.696712	0.39883655	0.046599522
0.9744095	0.065820396	0.40811875
0.38800937	0.9951459	0.624552
0.28076375	0.067175984	1.3004115
0.5370366	0.8648085	-0.17471221
0.21643215	0.3262216	-0.28035915
0.84542924	0.37251353	-0.23743966
0.5379413	0.29149258	0.27490085
0.53152627	0.17813653	0.09328286
0.23586005	0.8830444	0.61034083
0.0037696362	0.23479044	-0.55344826
0.59997326	0.73821825	-0.51293254
0.52690506	0.8863639	-0.13291664
0.8705087	0.95166004	-0.02791407
0.31312418	0.7534497	0.5007609
0.3790791	0.3238786	-0.29259098
0.16637582	0.8703967	0.3966298
0.65263563	0.7378224	-0.08981947
0.07308543	0.6984639	0.3350783
0.047231495	0.6855267	-0.29274186
0.55066395	0.27877516	0.10833159
0.65836644	0.48503762	-0.11809663
0.5246332	0.4321049	0.47088748
0.83104813	0.9585042	-0.45769376
0.6312281	0.8729478	-0.56119233
0.97397906	0.8158455	-0.14773498
0.8636756	0.26215768	-0.031004118
0.591333	0.9305234	-0.95047444
0.64586407	0.48156822	-0.17902668
0.5993629	0.25594586	-0.39072844
0.42516553	0.6621454	0.26926273
0.6245028	0.5045793	-0.28186208
0.70477784	0.86801875	0.6518556
0.349635	0.9449911	0.73820484
0.35267836	0.98719317	0.7102943
0.75008065	0.62932634	0.25314215
0.6184354	0.16826808	-0.42726058
0.94942987	0.62224144	-0.07956039
0.37354058	0.630368	0.24062037
0.4914744	0.25743067	0.08562066
0.2269128	0.74669605	0.31386417
0.48395342	0.38277614	0.24659273
0.3004378	0.011892378	1.4502579
0.93693936	0.06384879	0.6134793
0.27492917	0.8677919	0.7106488
0.21068037	0.9063014	0.60141724
0.5701236	0.054186463	-0.1384252
0.83051527	0.74820673	-0.28799808
0.52450264	0.4050116	0.45563594
0.8571459	0.7947281	-0.06136119
0.6793946	0.572827	0.18013379
0.43785435	0.6574178	0.37194064
0.8120992	0.041294277	-0.325429
0.41057837	0.41670656	-0.28856298
0.8277353	0.58101153	-0.25299034
0.9006298	0.5205953	-0.13762479
0.38427913	0.023171961	0.13787852
0.4344666	0.5400001	0.12437038
0.070254266	0.40085346	0.28468016
0.89674824	0.33770525	-0.04566922
0.3944708	0.07683408	-0.12707174
0.2707225	0.017047167	1.3557363
0.029205441	0.6719238	-0.8200401
0.597127	0.78531283	-0.62337446
0.846953	0.54993373	-0.25517926
0.57691187	0.34343737	-0.09737364
0.9100525	0.28880483	0.1360015
0.59725755	0.87217355	-0.8487555
0.9540751	0.6540876	-0.11767465
0.55059046	0.7247251	0.027821489
0.25270563	0.69035214	0.16189377
0.5424486	0.3167373	0.22376423
0.67081153	0.6398477	0.20234418
0.9447045	0.910936	0.18503036
0.92221904	0.6365135	-0.055298008
0.34437376	0.046806574	0.8777515
0.6359977	0.09530622	-0.35085946
0.2668923	0.0041207075	1.3718811
0.5862227	0.18761796	-0.2988904
0.73522997	0.15196693	-0.6253042
0.8605856	0.38737744	-0.21786804
0.75004625	0.5500927	0.15726793
0.32581216	0.98896384	0.7098064
0.799214	0.0808211	-0.563321
0.46271682	0.9865748	0.27168107
0.44436926	0.055398762	-0.21065204
0.884664	0.9459084	0.13833827
0.25110877	0.33378685	0.010025533
0.3021146	0.21637142	0.7100046
0.61900336	0.2215895	-0.47586507
0.3936454	0.019042611	0.015485804
0.11022848	0.032763302	0.6871916
0.92735577	0.33938295	0.13279906
0.8353853	0.69340986	-0.2273317
0.80376506	0.99012065	-0.4086594
0.3809511	0.3163029	-0.3052091
0.9363316	0.4593513	-0.02232154
0.625735	0.027150273	-0.13357896
0.81692874	0.73975897	-0.21284343
0.43663824	0.25818682	-0.4078363
0.99472445	0.91629076	-0.3003126
0.49720764	0.130301	0.06156432
0.899954	0.96052295	0.25423804
0.46757603	0.71054274	0.5351151
0.54374105	0.80777574	-0.097297
0.5084233	0.86452806	0.11783159
0.36011678	0.36896664	-0.11265449
0.3491127	0.22289926	0.32222044
0.2236976	0.77698123	0.3920101
0.92551684	0.7149716	0.06651345
0.46155477	0.75146216	0.4799532
0.94950515	0.117266476	0.53891206
0.37944114	0.6008148	0.12630215
0.39235687	0.17641139	-0.3393342
0.36076337	0.95487195	0.64654195
0.8801138	0.11056697	0.40041924
0.8515202	0.5203166	-0.23424241
0.8390959	0.42998022	-0.28511158
0.91215676	0.95360535	0.3047759
0.96102124	0.18811572	0.40289742
0.12975305	0.43607193	0.36779767
0.09895164	0.7080896	0.6056048
0.3905676	0.29472262	-0.36016652
0.20903015	0.26400727	-0.27307904
0.11807698	0.43869048	0.49234337
0.80110854	0.12291932	-0.47320026
0.64356804	0.3979134	-0.33770257
0.25042576	0.29070967	0.12106319
0.8284214	0.569402	-0.2591193
0.51378447	0.658759	0.45800912
0.012260795	0.05307126	1.2014155
0.073638916	0.058898628	1.2340056
0.5995827	0.047708094	-0.2679163
0.5736843	0.5518584	0.003939021
0.23947918	0.7587414	0.38139313
0.0042054653	0.045734525	1.1367463
0.909337	0.62903243	-0.016050478
0.9379455	0.3274569	0.16146462
0.3181414	0.4747274	0.10611472
0.7725545	0.5621931	0.094693005
0.6226685	0.48270804	-0.3044138
0.1707716	0.7821199	0.40183753
0.3693295	0.3278829	-0.14554958
0.35799998	0.6459715	0.27038422
0.80926967	0.90587366	-0.30556595
0.023606598	0.052133143	1.2678548
0.09053379	0.6803016	0.603237
0.12435025	0.91056097	0.24747407
0.5041675	0.82371575	0.2030207
0.26586157	0.6437053	0.07472636
0.018799484	0.6344797	-1.1446514
0.5133516	0.51234746	0.5240996
0.73331094	0.5334782	0.23681532
0.71005005	0.9448517	0.6070129
0.32319456	0.41354966	0.12989876
0.027300715	0.83015084	-0.27830955
0.73361176	0.059381306	-0.7849266
0.003681302	0.09378362	0.7204845
0.020702243	0.35720992	-0.90058017
0.62069666	0.17390317	-0.48288155
0.194641	0.87635535	0.42966005
0.32444543	0.71859217	0.37201527
0.9140562	0.08084965	0.67316246
0.23095775	0.07214475	0.5563892
0.8536576	0.6410778	-0.23471244
0.06534684	0.12930542	0.9829476
0.6828774	0.35858452	-0.13632503
0.8533886	0.9167424	-0.1771979
0.77200776	0.37502593	-0.20420259
0.03780055	0.0598166	1.3760898
0.6530883	0.81066376	-0.094521135
0.9025888	0.50392133	-0.080404565
0.5050694	0.5971167	0.5619891
0.8190452	0.10988182	-0.32648477
0.8831522	0.112016976	0.42581332
0.72489834	0.42839247	0.07904157
0.75050956	0.42263204	-0.053101033
0.10249728	0.16369784	0.62149745
0.852422	0.21781665	-0.123645395
0.8652998	0.300543	-0.119405285
0.7654842	0.5176267	-0.004719328
0.78494394	0.5430646	-0.022608884
0.7128257	0.5073595	0.24405622
0.65760356	0.9291642	-0.23754035
0.22783506	0.4145798	-0.35016856
0.6233419	0.8507669	-0.6530993
0.9145929	0.8604525	0.22644302
0.05389905	0.018295228	1.6029663
0.68166876	0.4334392	-0.0096410345
0.28095454	0.8287518	0.58285385
0.76286453	0.6627715	0.16642553
0.7419563	0.8156237	0.48932898
0.14866096	0.37174588	0.06967479
0.7627311	0.77348477	0.23617718
0.016714692	0.709478	-0.9195627
0.84559315	0.15659797	-0.058674544
0.048950195	0.06003326	1.4125518
0.11131889	0.11420959	0.5024477
0.60291326	0.7329857	-0.47771516
0.58108544	0.22884405	-0.2435519
0.01732874	0.012052834	1.5655594
0.68228847	0.21804899	-0.34651628
0.8134559	0.78129894	-0.26325184
0.0052683353	0.7340528	-1.075664
0.25673014	0.6574437	0.15153989
0.45465356	0.17627048	-0.3078569
0.34497863	0.38790643	0.015036508
0.35813707	0.62294215	0.24233909
0.5178976	0.26332235	0.30964118
0.048655808	0.76925445	-0.07638483
0.5772194	0.8016487	-0.45726562
0.46827477	0.6299148	0.4708666
0.981507	0.3448143	0.03791706
0.48670274	0.20708066	-0.03636318
0.6377372	0.05697447	-0.20973052
0.61344194	0.71367615	-0.37933597
0.1339531	0.27161586	0.10136681
0.23750687	0.94397086	0.6670769
0.8998906	0.78276336	0.14200623
0.73615247	0.8528151	0.58388996
0.33025938	0.17690945	0.6309254
0.09031987	0.26493305	0.56372106
0.17300302	0.07843137	-0.12650922
0.2665032	0.4342705	-0.03300889
0.4516908	0.3501715	-0.15213065
0.07432461	0.9338852	0.16889834
0.40595967	0.2588129	-0.47994512
0.7431292	0.8371253	0.46062776
0.34735286	0.4411177	0.04714537
0.22029394	0.35892242	-0.3457869
0.3263545	0.44331056	0.04840641
0.22604853	0.60121244	-0.09400235
0.48960298	0.6294664	0.5322645
0.7042648	0.57522285	0.38096952
0.6992625	0.24891609	-0.29364157
0.32872307	0.9071386	0.6960339
0.61265785	0.18381196	-0.41622427
0.11899942	0.46705294	0.55364984
0.85518587	0.9054695	-0.15747559
0.6222361	0.92299324	-0.81948996
0.83672345	0.9785085	-0.43356612
0.7754902	0.09995502	-0.84560835
0.62489957	0.5502707	-0.252845
0.9365971	0.96744466	0.23740731
0.24052036	0.43646586	-0.26105025
0.08173895	0.2636521	0.55804497
0.24185675	0.17131352	0.48871696
0.3921501	0.4705307	-0.21636155
0.50411195	0.07893509	0.018565945
0.01655811	0.43031794	-1.2719464
0.22507578	0.45357692	-0.28387564
0.2419939	0.72397006	0.30092523
0.6529195	0.10804635	-0.36333013
0.7329777	0.56032753	0.2494957
0.30524707	0.88781583	0.6688557
0.46315092	0.8010483	0.48967904
0.95960855	0.43571144	-0.08192775
0.049645543	0.897292	0.087101184
0.46708095	0.8876757	0.37340575
0.85408723	0.7792633	-0.19332992
0.89243114	0.96423	0.21747679
0.8171626	0.09338397	-0.31907743
0.25692326	0.43191916	-0.12717238
0.6089612	0.04145515	-0.23308551
0.9908525	0.63716155	-0.4335197
0.9382957	0.65899247	-0.022739932
0.38861853	0.07290858	-0.0331641
0.38115096	0.38600165	-0.19450518
0.85431	0.52037305	-0.261801
0.5139475	0.08287346	0.030092545
0.9171103	0.12947804	0.48244306
0.009225011	0.08837253	0.9001594
0.67036957	0.70439875	0.25919053
0.06979042	0.38818944	0.30172357
0.98643935	0.51429963	-0.31134218
0.1724056	0.63058525	0.15905944
0.1566717	0.4964149	0.07420317
0.77442753	0.12800634	-0.740855
0.84545356	0.7638173	-0.20976579
0.18094313	0.46841228	-0.13954273
0.56026655	0.07588589	-0.18812002
0.24133044	0.25088412	0.11703797
0.5872512	0.47515035	-0.10991728
0.5093232	0.17698455	0.08251428
0.726431	0.75717413	0.55097824
0.34271026	0.28829104	0.14710662
0.9468073	0.6203606	-0.09195137
0.9759724	0.5035293	-0.2594626
0.26177025	0.40188336	-0.07814924
0.34645575	0.9430135	0.66426486
0.010463417	0.5735317	-1.5691841
0.7907965	0.6308239	-0.09957787
0.20871085	0.256028	-0.2723932
0.45195758	0.5079564	0.16889605
0.27711987	0.23568672	0.548693
0.4962191	0.5468036	0.55130947
0.828338	0.046810508	-0.034362115
0.22007859	0.25007665	-0.13461854
0.87306124	0.6574674	-0.14548117
0.5738689	0.30680853	-0.15821087
0.11982989	0.84267646	0.43617254
0.8958079	0.13837361	0.44063404
0.06525546	0.8579869	0.1568823
0.23841947	0.28580582	-0.019720731
0.35046524	0.21107793	0.20022038
0.048860908	0.487675	-0.28986105
0.39786285	0.42431337	-0.23859806
0.27916968	0.024891496	1.3567365
0.75602615	0.1703676	-0.68358636
0.9080367	0.531846	-0.15267588
0.046957374	0.92845285	0.1548914
0.5351605	0.89076537	-0.21385905
0.31083018	0.867458	0.675217
0.90574443	0.57488453	-0.06717236
0.38850707	0.30839902	-0.37093326
0.25147873	0.15880913	0.5774132
0.6298841	0.072014034	-0.24011648
0.37793863	0.4851557	-0.096313834
0.7652252	0.9751089	0.07582054
0.0077091455	0.6477155	-1.4297622
0.49293232	0.27060503	0.15929642
0.21204448	0.12505472	0.108590215
0.84258926	0.5633528	-0.29345208
0.5041292	0.40298098	0.42318153
0.8634032	0.4071175	-0.18577875
0.18425286	0.9308958	0.35304776
0.6742233	0.9100308	0.22004846
0.20431596	0.15602487	-0.065277986
0.5732034	0.35595822	-0.106321834
0.92701936	0.7752441	0.14542373
0.59336424	0.41444892	-0.20866394
0.5413555	0.8583205	-0.21564227
0.20508945	0.59740937	-0.08477521
0.7171037	0.12301278	-0.578261
0.8543796	0.06978315	0.3016943
0.07695007	0.53546596	0.36390096
0.3487866	0.8920274	0.67167336
0.5083234	0.35035074	0.4460637
0.9970982	0.96856445	-0.3413655
0.31972343	0.107099414	0.97908974
0.9122611	0.10298014	0.61995876
0.17581093	0.2640537	-0.32885474
0.8319633	0.40105426	-0.2854151
0.22650862	0.8085594	0.44525856
0.55945706	0.7319191	-0.12878893
0.8531185	0.6972827	-0.19318157
0.07621503	0.33572757	0.43676952
0.9450878	0.2165227	0.3437104
0.002494514	0.43688065	-1.7473279
0.03860545	0.66523254	-0.5820617
0.48070544	0.38694978	0.22694553
0.645289	0.7128311	-0.16311365
0.27852404	0.12211919	1.0825615
0.69592214	0.76924664	0.53532004
0.41359115	0.002927959	-0.12321794
0.07735568	0.9413486	0.12312499
0.68091	0.22134	-0.36369222
0.19841522	0.6056315	-0.041127943
0.3936885	0.010506868	0.033416968
0.7124907	0.7413027	0.6389012
0.94937354	0.7237207	-0.037605222
0.9962809	0.4878744	-0.39948678
0.63097596	0.511072	-0.3021943
0.30332	0.5211788	0.081920326
0.79478556	0.028652549	-0.60767204
0.46709305	0.16064167	-0.21883076
0.7970212	0.7502279	-0.1377087
0.37175483	0.17382568	-0.06261076
0.28173882	0.02154237	1.4282867
0.24239087	0.042381942	0.92485064
0.46778923	0.6334591	0.5061418
0.24172586	0.5550442	-0.081584945
0.509899	0.040964305	0.0006881589
0.9392067	0.009449899	0.7047385
0.6198588	0.75128067	-0.40706745
0.33267468	0.44860232	0.052561298
0.251328	0.641901	0.09420174
0.29632735	0.023818076	1.4353136
0.3630274	0.15674281	0.12769717
0.6755911	0.09758437	-0.32680255
0.41810113	0.7386062	0.50833243
0.12564546	0.26088578	0.21100947
0.006669998	0.5133741	-1.7371739
0.99492997	0.2265063	0.22966392
0.52485526	0.120545864	0.027926082
0.35337198	0.53389	0.057267588
0.25619864	0.45718777	-0.13519537
0.14693165	0.9265182	0.26954973
0.9838833	0.87011313	-0.24853146
0.3089025	0.75586665	0.403229
0.22021902	0.7635298	0.3480272
0.80237526	0.638796	-0.12021527
0.0066304207	0.33477598	-1.2233006
0.45365274	0.09722853	-0.25251308
0.74142504	0.9362982	0.5451556
0.4035169	0.69139624	0.35494113
0.52874804	0.424843	0.4162786
0.4486702	0.57877105	0.30300796
0.3477056	0.055000186	0.7404006
0.18509132	0.27062863	-0.32569388
0.3925997	0.7820016	0.5258477
0.5202012	0.54910177	0.5003929
0.12279689	0.79299223	0.4887553
0.7113735	0.055064976	-0.6173483
0.062255025	0.1105715	1.1154801
0.6724161	0.51875687	0.02588442
0.8316455	0.63577735	-0.21268433
0.31834298	0.5684873	0.119507916
0.002650261	0.8785949	-0.10234025
0.4499843	0.26806206	-0.3061911
0.6030651	0.6676364	-0.32773685
0.7834397	0.07058841	-0.81151503
0.03557539	0.82116205	-0.22398306
0.3575762	0.18059945	0.18478951
0.12281817	0.93574995	0.09006226
0.2847123	0.5096692	-0.033482473
0.8192826	0.27453834	-0.26913399
0.61641735	0.56242794	-0.31138107
0.9704399	0.6066142	-0.26234117
0.22749549	0.9652297	0.5949764
0.36274564	0.930453	0.71779263
0.433061	0.30159473	-0.40901992
0.51517564	0.16579038	0.053022508
0.9576705	0.399042	-0.010231133
0.41534066	0.56533265	0.09879153
0.16231173	0.23408848	-0.20606048
0.74365246	0.8080969	0.38762343
0.73646235	0.07579422	-0.818935
0.06090784	0.5664745	0.020587074
0.71562785	0.9696956	0.6388648
0.5982877	0.74309397	-0.46614143
0.5265802	0.10046816	-0.044746026
0.65679455	0.85520864	-0.060576104
0.2946174	0.7556727	0.48736632
0.20723695	0.17865443	-0.11702204
0.83608574	0.4626928	-0.26019368
0.14227897	0.28987545	0.013355015
0.21556562	0.6907296	0.20476077
0.6476263	0.3218702	-0.41123667
0.29384857	0.9355461	0.7090835
0.14860797	0.90714186	0.26226938
0.95786095	0.28035223	0.21942715
0.06560594	0.7846855	0.16646895
0.34549832	0.09284413	0.6658554
0.071460724	0.26317137	0.54811394
0.80717593	0.12945539	-0.44805565
0.9155721	0.50108904	-0.08046633
0.6531965	0.54558474	-0.056299746
0.95992714	0.058790743	0.559081
0.90323347	0.19471163	0.3468117
0.50195503	0.018508136	0.023214249
0.11117214	0.8182277	0.46846962
0.59724295	0.62653756	-0.23031096
0.8476919	0.70421356	-0.24207646
0.46397066	0.07176292	-0.12393725
0.48081094	0.8997478	0.3328408
0.91296405	0.16439432	0.4713971
0.68075305	0.20308524	-0.30389488
0.45543462	0.26339722	-0.26436666
0.9495096	0.63983047	-0.09310565
0.06997019	0.40601033	0.32310855
0.66461873	0.90376747	0.0039706714
0.32558215	0.09316367	1.0121385
0.33009118	0.48776382	0.07062744
0.64922947	0.69526774	-0.0964687
0.2698872	0.30787534	0.23886971
0.93243927	0.3121255	0.15694524
0.73939264	0.10741866	-0.6736183
0.34341717	0.9625628	0.6774752
0.6455476	0.31837642	-0.35953784
0.7775883	0.3231507	-0.34916556
0.6454175	0.22702664	-0.48254165
0.001955092	0.91118544	0.11857274
0.46591878	0.5574291	0.3560828
0.54773355	0.050919533	-0.11273277
0.9859671	0.81525254	-0.20581563
0.8500982	0.02921778	0.39829788
0.20926124	0.24615467	-0.2217674
0.51664144	0.9420459	-0.15730844
0.24136454	0.7328905	0.26195917
0.6565284	0.033475935	-0.18505469
0.82393616	0.8574312	-0.28262886
0.06850886	0.690356	0.21281995
0.8651762	0.8005926	-0.11273201
0.19432521	0.6704664	0.19574596
0.17038488	0.61571336	0.20043524
0.26427513	0.28822297	0.21658331
0.8788115	0.9613919	0.09098589
0.7394439	0.3397827	-0.14561991
0.87643945	0.47982776	-0.17334634
0.5449509	0.023145199	-0.10270195
0.51450163	0.97029966	-0.2480157
0.6208791	0.8610409	-0.76052845
0.11428249	0.29629356	0.36761472
0.39868993	0.19957387	-0.40791726
0.40310138	0.13707095	-0.40669167
0.16816187	0.072735846	-0.12588474
0.69805235	0.9340465	0.58518547
0.1664505	0.07956737	-0.19198342
0.44598842	0.82235533	0.48080665
0.8934429	0.7588186	0.09304632
0.042273283	0.4117117	-0.41239184
0.83954144	0.29338735	-0.2102103
0.39969796	0.5643536	0.006995652
0.6835345	0.55012053	0.18372405
0.791867	0.39968568	-0.22225371
0.428562	0.03484142	-0.1713239
0.71873957	0.860374	0.61587244
0.45885378	0.5432477	0.2864812
0.5314292	0.46062547	0.44134274
0.5555127	0.7086814	-0.037467595
0.056871176	0.3493867	0.12076469
0.036583185	0.19842935	0.40941608
0.50414956	0.24711019	0.14336759
0.3101921	0.5352001	0.14650403
0.95986736	0.5717232	-0.16327614
0.7134392	0.5710832	0.36802682
0.77562153	0.9462097	-0.016737482
0.349088	0.22588676	0.21212663
0.8760373	0.05954641	0.53979164
0.2138828	0.5396633	-0.2037416
0.3548473	0.05025071	0.5844802
0.35075438	0.70130914	0.37408647
0.02936685	0.30082697	-0.3848014
0.49269003	0.051688194	0.022190679
0.06793809	0.17818224	0.8174263
0.23900837	0.4134931	-0.18729557
0.5631943	0.17259663	-0.13758595
0.20348918	0.71036243	0.24780948
0.72630256	0.29220426	-0.30705243
0.5287244	0.17923176	0.08079082
0.8476087	0.3094172	-0.18076031
0.4747498	0.5003773	0.41374367
0.50614434	0.7361319	0.40906864
0.9457915	0.6701474	-0.06404956
0.96601814	0.8336596	-0.0104762055
0.5680462	0.83782756	-0.49369222
0.5061526	0.8897108	0.13717604
0.5166764	0.9352812	-0.114996925
0.29812783	0.07080537	1.3346994
0.6439008	0.7149195	-0.15955341
0.6927853	0.7466079	0.42553124
0.5407752	0.49526012	0.40410095
0.58885515	0.62550384	-0.20525607
0.07011676	0.11126077	1.0973921
0.7270902	0.65781784	0.475819
0.41144013	0.12325877	-0.44407433
0.38942945	0.54334575	-0.03006487
0.481485	0.88659185	0.34565175
0.84115803	0.9821807	-0.42037523
0.6719498	0.1425947	-0.35694
0.21627003	0.023705244	0.44936025
0.78994626	0.9579485	-0.20723753
0.31927752	0.38630646	0.18687922
0.74389565	0.35095572	-0.18328804
0.712535	0.6787903	0.5538225
0.48837823	0.9894478	0.06340279
0.722438	0.11756921	-0.60848266
0.1403935	0.23108792	0.058634486
0.5077292	0.4559558	0.49435493
0.3261897	0.4221593	0.08170882
0.38684124	0.5152427	-0.07896731
0.42747784	0.01258564	-0.116635665
0.25974804	0.1225518	0.827701
0.75461906	0.006393492	-0.88984585
0.83193964	0.46568912	-0.24861175
0.057022095	0.54823935	-0.057528198
0.07489288	0.19214171	0.783696
0.44443697	0.2948137	-0.25449675
0.98617715	0.74827373	-0.32664958
0.22110915	0.7773346	0.3856222
0.40897393	0.96086395	0.50195426
0.48571503	0.2223177	0.020162
0.8880213	0.017614901	0.80379355
0.7135478	0.26187164	-0.30411246
0.9249975	0.13481283	0.5375709
0.33321315	0.34702426	0.1120952
0.19197303	0.07632482	0.0004692208
0.97581387	0.42503142	-0.09085414
0.88126445	0.16538733	0.27753145
0.91629124	0.91666	0.3386891
0.45563185	0.14048475	-0.23529156
0.34074193	0.7580745	0.48116258
0.31758684	0.17836398	0.77968925
0.99031264	0.62997216	-0.3777406
0.75163656	0.7636878	0.29760095
0.23268157	0.8662177	0.60762453
0.7567142	0.12327558	-0.7551403
0.7555582	0.986381	0.29274225
0.5145945	0.9764638	-0.16898614
0.9489126	0.027519226	0.64259434
0.9427112	0.02471286	0.66315305
0.7352651	0.2911725	-0.21264201
0.19461465	0.8683679	0.42055985
0.79499704	0.10136944	-0.5937722
0.009264052	0.30593854	-0.96622026
0.0377239	0.95511615	0.17139749
0.7280511	0.033432424	-0.8109088
0.122911274	0.1212101	0.36739126
0.974146	0.47531068	-0.20337708
0.3056844	0.3203476	0.33622572
0.5267391	0.4279853	0.4495554
0.6895613	0.87630826	0.49302036
0.57583463	0.29853016	-0.17799808
0.71810454	0.49986684	0.20081416
0.87486506	0.112570584	0.42980278
0.422983	0.60408276	0.23242103
0.032244503	0.8593962	-0.16835132
0.12554032	0.39859635	0.3777075
0.4210456	0.15591288	-0.40854302
0.06783348	0.026828349	1.400724
0.50617164	0.29032922	0.21139029
0.31838214	0.7633076	0.5315858
0.44442546	0.4888922	0.09021597
0.43407708	0.6111856	0.2624713
0.8762223	0.87425774	0.076111674
0.8267057	0.8798528	-0.3186647
0.41415077	0.2837606	-0.4762416
0.28225517	0.51034606	-0.014818398
0.11407602	0.88409144	0.29625773
0.21941638	0.06977898	0.36587366
0.72273964	0.9598185	0.6757814
0.38815957	0.4706493	-0.15450351
0.30386007	0.3923115	0.1351227
0.29360366	0.0063765645	1.4505844
0.32013756	0.47101098	0.09219094
0.286175	0.721232	0.32064533
0.20245224	0.47089112	-0.2450239
0.94150335	0.068090975	0.6605328
0.14316237	0.46092337	0.22077273
0.19155705	0.03293872	0.09194793
0.9621681	0.74781483	-0.08571385
0.78299403	0.8927528	-0.09600918
0.3760869	0.026945949	0.2305837
0.8740194	0.68998975	-0.04881868
0.47450513	0.19736654	-0.06540657
0.06251514	0.52392066	0.032954857
0.75110394	0.5572088	0.1613429
0.8594376	0.10650861	0.24077065
0.94190156	0.7903701	0.07230483
0.077582896	0.5999535	0.4270642
0.18810314	0.27085143	-0.33197954
0.74652475	0.75043213	0.41948757
0.93305296	0.34768993	0.11136672
0.33190572	0.6588163	0.2991144
0.690455	0.044429123	-0.4193867
0.8157508	0.52549595	-0.29653925
0.04648769	0.018451214	1.6226219
0.86532193	0.7804622	-0.070791386
0.7753769	0.6998795	0.04601925
0.25952762	0.66697955	0.13113488
0.43641186	0.35494393	-0.2632859
0.11292964	0.7684081	0.5378458
0.4818471	0.38595784	0.23071751
0.45714498	0.31624234	-0.11568017
0.107613266	0.5723955	0.6446251
0.8807969	0.08244467	0.5264519
0.72989386	0.73522085	0.5000911
0.42562288	0.6069837	0.16896144
0.2224983	0.6901573	0.14871588
0.92355573	0.6415281	-0.010153542
0.87718415	0.3817321	-0.14142686
0.89963245	0.74834394	0.11125745
0.6586526	0.31060374	-0.3140306
0.92728406	0.31420398	0.22697482
0.97534263	0.2492364	0.2360322
0.2089498	0.31919366	-0.35576472
0.7018307	0.78871894	0.5951349
0.0072891116	0.7545911	-0.95407754
0.455958	0.47006917	0.12699945
0.8872889	0.15937263	0.30354702
0.24765301	0.4856519	-0.21924931
0.36991853	0.094727576	0.18254931
0.416777	0.0225268	-0.1663794
0.5090489	0.67094684	0.48025465
0.9349254	0.28461123	0.24674179
0.36910897	0.9248204	0.6299019
0.90800995	0.867243	0.27164602
0.85020393	0.46929872	-0.26348245
0.48536748	0.8168556	0.39530256
0.68640924	0.8522902	0.43936256
0.5155059	0.32391858	0.39454916
0.030145109	0.26192695	-0.15651642
0.5195918	0.15234303	0.0688572
0.43106776	0.89151555	0.5249599
0.5639587	0.33725947	0.035084605
0.031092644	0.026536644	1.5451541
0.27699053	0.50231284	-0.07797088
0.575887	0.5840599	-0.06995867
0.008642256	0.23119038	-0.42171252
0.0643242	0.30200446	0.36929554
0.58116347	0.13829976	-0.34153545
0.82057774	0.8463421	-0.26273435
0.18537605	0.25820982	-0.33389878
0.5160397	0.62770444	0.53301954
0.9991282	0.44506025	-0.30327713
0.062505186	0.9839761	0.19125077
0.6846042	0.49280113	0.078015834
0.3083753	0.26316094	0.5066007
0.85240114	0.77168554	-0.16450556
0.9396762	0.06533122	0.64385587
0.19895518	0.4961686	-0.25801805
0.57403404	0.9214157	-0.8200013
0.2507307	0.96090865	0.7165801
0.17743069	0.07483053	-0.11027777
0.49781346	0.18123502	0.057925988
0.3682698	0.9122108	0.64705163
0.15127283	0.17908722	-0.09428723
0.51620454	0.12231147	0.033844616
0.25114483	0.40375185	-0.13949169
0.26246667	0.45701092	-0.12212848
0.7735048	0.99587756	-0.008211823
0.87775314	0.055354238	0.6058764
0.6924197	0.8756539	0.49766532
0.17253155	0.095719814	-0.11441825
0.15568727	0.7148194	0.46769276
0.2611605	0.4062513	-0.08214787
0.6941795	0.9121024	0.48058268
0.9377021	0.40132827	0.00028344244
0.5725119	0.9363735	-0.84745383
0.8156	0.06358683	-0.26626068
0.73007625	0.749413	0.47893554
0.4882816	0.9517704	0.116659164
0.2225079	0.96119714	0.6329991
0.4307388	0.25739926	-0.46954113
0.55525696	0.27862698	0.059594445
0.5552826	0.6709474	0.07257987
0.76170796	0.0027759075	-0.9252226
0.10269654	0.04469633	0.76854825
0.20663035	0.47169548	-0.3274274
0.461214	0.54243165	0.31245297
0.45422536	0.46931958	0.118631005
0.89889634	0.67467624	-0.054693513
0.65092665	0.82250214	-0.17661533
0.42348123	0.31300974	-0.41253445
0.540657	0.0815748	-0.12136782
0.52334684	0.31788474	0.32059437
0.17440689	0.22256273	-0.28370214
0.52570945	0.3207751	0.3525494
0.45950347	0.10689235	-0.2449536
0.9799651	0.6304995	-0.2502798
0.28319287	0.05780983	1.3551614
0.18465263	0.65411615	0.13527839
0.6344624	0.075083196	-0.2486255
0.18992293	0.13719875	-0.1360869
0.9029931	0.68867874	0.0072981417
0.5811408	0.8629072	-0.71877307
0.55161566	0.9316982	-0.67650396
0.53360647	0.1348722	0.043791734
0.9855445	0.5085895	-0.37468708
0.3774106	0.7247044	0.43516782
0.41948897	0.25757253	-0.51589
0.8158565	0.5447263	-0.19813745
0.6346166	0.014049113	-0.13317397
0.4398821	0.32685417	-0.3302828
0.17922473	0.61428005	0.060905788
0.107856095	0.3161537	0.5091326
0.44207263	0.543399	0.15422434
0.5859317	0.24526632	-0.2921633
0.722476	0.24620306	-0.32598948
0.40172976	0.7154547	0.4527195
0.28164113	0.07045406	1.2318828
0.5246753	0.31263345	0.38354656
0.5235881	0.5649755	0.5604599
0.31920266	0.15199631	0.8406543
0.33114082	0.1460166	0.74352515
0.2283014	0.57388437	-0.15864863
0.8952957	0.5618547	-0.14795049
0.8087553	0.016234994	-0.30343974
0.6069272	0.39424706	-0.2860156
0.5970108	0.9453463	-1.0326986
0.19987905	0.33867562	-0.31229085
0.9733153	0.028428018	0.5371381
0.73537433	0.22395116	-0.49000666
0.9091916	0.20318216	0.35487235
0.9384362	0.45416373	-0.015093094
0.28147477	0.20515782	0.69276583
0.83968544	0.013075829	0.2750712
0.63724196	0.10612738	-0.32700303
0.16976106	0.21814048	-0.29046524
0.1820687	0.9304218	0.38092333
0.14295262	0.6777193	0.503404
0.8337868	0.5679768	-0.22716817
0.8192828	0.31723416	-0.3134091
0.8601854	0.74548554	-0.1298009
0.36648422	0.97648245	0.64289314
0.98007965	0.73783535	-0.28938356
0.36872137	0.63239765	0.20899735
0.1322946	0.334814	0.1372703
0.25517762	0.0054495335	1.1979896
0.15727907	0.6721592	0.43078262
0.22819132	0.10364419	0.40829208
0.52356863	0.77454007	0.15947129
0.76318616	0.23880601	-0.4667594
0.56381816	0.6421771	-0.012402292
0.6464753	0.5663888	-0.069250956
0.9036889	0.8807488	0.27767566
0.56243455	0.25632966	-0.07145086
0.30984175	0.1735906	0.8716318
0.123283505	0.4753003	0.5151833
0.0022001266	0.84289795	-0.358281
0.02972424	0.9384712	0.19386286
0.6201012	0.29545897	-0.4378912
0.4732439	0.4795071	0.36483052
0.90859646	0.038166225	0.72373044
0.9621235	0.50218904	-0.112669244
0.08007997	0.8817388	0.25357106
0.8885501	0.29720902	-0.025282979
0.5881649	0.43353146	-0.17107667
0.27579063	0.84036463	0.61536247
0.023447692	0.06405628	1.2859715
0.6651635	0.056028128	-0.27483806
0.6780733	0.07884896	-0.32446048
0.7137441	0.58346254	0.37214613
0.6260623	0.38148588	-0.38416892
0.31428218	0.8021603	0.56137973
0.51650786	0.8747035	0.022229843
0.8192195	0.44044667	-0.21304797
0.1646266	0.070254385	-0.09832342
0.53608733	0.8126441	-0.022966256
0.7637186	0.7823284	0.18903553
0.23650813	0.10901916	0.54075956
0.75165486	0.21999681	-0.54180783
0.15050739	0.69208825	0.44130823
0.9783023	0.9265196	-0.13604261
0.02842915	0.012905061	1.7248669
0.12207782	0.6099467	0.6373081
0.5736488	0.40152264	-0.0031170049
0.020298302	0.09109229	0.9353732
0.77368605	0.07901943	-0.8141203
0.90925276	0.6112783	-0.04957246
0.25194538	0.5817057	-0.060042895
0.46114153	0.18153441	-0.25693345
0.4371252	0.26214045	-0.44494987
0.5953765	0.7742149	-0.55174226
0.03000027	0.7977649	-0.401076
0.55021983	0.62685305	0.18257326
0.26306581	0.43996745	-0.09011218
0.38331944	0.31005955	-0.2979646
0.49571407	0.84266794	0.26513082
0.86728036	0.09275216	0.35739794
0.2084285	0.7497724	0.24645522
0.09389883	0.9357532	0.13107635
0.8286104	0.2393828	-0.25305796
0.106772244	0.57192487	0.6440263
0.83700716	0.09794623	-0.053648826
0.74470764	0.23938572	-0.46090713
0.91532606	0.26392937	0.21415524
0.94954616	0.62691253	-0.114144385
0.72507113	0.30416065	-0.19710554
0.1031518	0.05149907	0.79788643
0.56843287	0.7205925	-0.22283956
0.30334634	0.64856666	0.24743932
0.7741792	0.6365818	0.031031718
0.015756786	0.30933356	-0.7898236
0.80320585	0.18868822	-0.44801223
0.1138829	0.23784173	0.35921186
0.1214152	0.3081419	0.3476307
0.5631448	0.17217696	-0.13707012
0.06617564	0.22811961	0.6229553
0.33265662	0.070179164	0.92664015
0.50066346	0.37320876	0.3753852
0.87607634	0.36409175	-0.11070376
0.60193706	0.5170216	-0.27757323
0.75400853	0.42830253	-0.080400504
0.5511616	0.22930032	0.088584304
0.47841352	0.21107996	-0.12106374
0.80856794	0.91696644	-0.32788157
0.5166857	0.8869376	0.028898157
0.86642724	0.5661936	-0.18502559
0.6515223	0.48275727	-0.18439503
0.7222726	0.2863192	-0.19385251
0.18220699	0.75651026	0.35076472
0.64575267	0.6336178	-0.10561813
0.002533853	0.27703166	-0.90589964
0.6467961	0.0638113	-0.21566443
0.80246454	0.1943835	-0.45864305
0.39527106	0.04376757	-0.043333873
0.46631062	0.18443382	-0.24602237
0.34670782	0.8013689	0.5629932
0.980733	0.53262424	-0.27134302
0.9526992	0.01973039	0.6439225
0.12341106	0.977707	-0.034541447
0.40439224	0.032638073	-0.14166917
0.6056901	0.42297232	-0.2584515
0.3078537	0.28338116	0.46043205
0.10961211	0.8061017	0.52502424
0.7433655	0.9983456	0.44540846
0.47038537	0.28504568	-0.060369726
0.5847193	0.31194097	-0.22485322
0.2666883	0.0055188537	1.4269925
0.054486632	0.6625798	-0.13087851
0.94530064	0.9226806	0.1975213
0.9165451	0.059997678	0.6613459
0.11564225	0.79733586	0.51115566
0.20468569	0.918566	0.48388284
0.5706213	0.7414459	-0.25853148
0.38675845	0.7329998	0.457328
0.13796997	0.40810388	0.24160366
0.6026995	0.79614043	-0.6302751
0.87813115	0.45749176	-0.16342379
0.06364483	0.29733628	0.3537859
0.39010018	0.24046427	-0.35275257
0.08990544	0.5850779	0.59149843
0.2841013	0.1277178	1.0112962
0.10292536	0.14377016	0.58699507
0.09213215	0.36609966	0.5331222
0.40179515	0.24100935	-0.43055406
0.73318046	0.25092703	-0.32832357
0.22742426	0.12906247	0.32284757
0.20915073	0.26551068	-0.2787627
0.2615747	0.08188951	1.0478104
0.5985402	0.88768697	-0.8491543
0.77012557	0.18330991	-0.590504
0.70007485	0.617657	0.3953047
0.54803157	0.09355068	-0.115141645
0.38416606	0.7566625	0.5320257
0.74443233	0.56270903	0.19768916
0.30460286	0.58857894	0.16218244
0.6977436	0.04424292	-0.5163669
0.9327999	0.7022923	0.01288973
0.35315847	0.2300967	0.16105393
0.8185935	0.33826357	-0.28924218
0.12121737	0.3872441	0.42273593
0.250426	0.48930675	-0.1671395
0.68853664	0.36330134	-0.06721479
0.1739322	0.70561206	0.29434046
0.9827614	0.3187183	0.062762015
0.67590356	0.6444083	0.23826212
0.22947454	0.29800743	-0.19467314
0.41990298	0.36188108	-0.41051745
0.68147606	0.9928014	0.26458478
0.5844745	0.4764207	-0.13089263
0.42869508	0.41717392	-0.27036372
0.56041807	0.59737813	0.05853759
0.9647404	0.58196676	-0.26536202
0.22589135	0.24464071	-0.05651927
0.29323894	0.0074338913	1.6135931
0.37371093	0.102373004	0.11859161
0.57916427	0.3445276	-0.1387749
0.7193898	0.75219077	0.5612464
0.15292972	0.9808657	0.11518837
0.78934973	0.4256556	-0.1342516
0.7784148	0.30531818	-0.3887989
0.047338307	0.53945905	-0.42234558
0.82556945	0.305353	-0.29375663
0.6673184	0.8681053	0.11380246
0.3923303	0.25763857	-0.40356383
0.79256034	0.40456706	-0.21482274
0.95455855	0.4516065	-0.03613491
0.20917153	0.9747297	0.51238865
0.6024574	0.3884591	-0.30415225
0.7957499	0.20660454	-0.4706724
0.84559816	0.05430472	0.1860971
0.15730739	0.4891659	0.10918098
0.8699411	0.79583865	0.0055215005
0.7299319	0.6986562	0.4562124
0.3125491	0.6936808	0.34520397
0.68766975	0.9508908	0.40070528
0.010817647	0.5002424	-1.5924379
0.5085804	0.7856246	0.3071249
0.31152123	0.19029754	0.7374391
0.50638324	0.29765576	0.28902867
0.9523668	0.28069967	0.20282958
0.43731403	0.7953746	0.49768177
0.3026905	0.9788253	0.7052669
0.9248833	0.8715032	0.31813937
0.5196584	0.91655064	-0.17400852
0.4092595	0.24920106	-0.51497
0.32876432	0.21732801	0.53310597
0.7280104	0.20047843	-0.542316
0.4632287	0.7682638	0.44680977
0.37652332	0.31201136	-0.19801727
0.77812856	0.1501038	-0.6381634
0.14297748	0.13794875	-0.009431517
0.9052858	0.38381577	0.040983822
0.26844293	0.8331593	0.5444467
0.7500249	0.9372391	0.42497674
0.42451912	0.4497983	-0.14594507
0.22228831	0.18313998	0.10125613
0.16691923	0.20214528	-0.274166
0.71352684	0.5676152	0.295323
0.5067824	0.020828485	0.0384008
0.12146199	0.09720534	0.3313576
0.22214317	0.63641375	0.07875742
0.34436333	0.08909434	0.648532
0.7928753	0.664455	-0.03717096
0.8979465	0.3909322	-0.05769731
0.78574747	0.9961342	-0.20936519
0.47052765	0.21249425	-0.11436587
0.029898107	0.9938307	0.38023788
0.002341926	0.30525124	-1.129307
0.6062641	0.4410144	-0.2843404
0.9231879	0.001675427	0.83156365
0.07510024	0.6989868	0.34922785
0.19277751	0.8282081	0.4556211
0.2232418	0.15932924	0.1526779
0.27348804	0.06750971	1.1830312
0.075604916	0.55372745	0.33659384
0.9960403	0.8576662	-0.34843862
0.35787582	0.645342	0.22471291
0.8926807	0.9769922	0.135894
0.7717661	0.4005959	-0.19194037
0.38792396	0.34424037	-0.31696096
0.040603995	0.13855165	0.81042874
0.8806001	0.310369	-0.0052163983
0.69285685	0.6584679	0.43548757
0.2129935	0.2649539	-0.25490543
0.8915218	0.5637322	-0.082880646
0.8689936	0.72008187	-0.122300744
0.62097055	0.57014745	-0.271265
0.71135974	0.06735784	-0.64002794
0.4368984	0.46260667	-0.04517862
0.106122196	0.54498184	0.6599105
0.21705532	0.9449014	0.5578998
0.64401156	0.73773074	-0.18709782
0.19293952	0.3781454	-0.38130292
0.6275515	0.9922622	-0.9303315
0.44934505	0.17762852	-0.34278953
0.92945796	0.06948978	0.6732302
0.38324344	0.544996	-0.011438351
0.5922223	0.65253603	-0.2536112
0.5652489	0.4401291	0.15463766
0.11754459	0.09592098	0.4499364
0.95857036	0.91842496	0.08293255
0.074225366	0.13173002	1.0061678
0.5393315	0.548567	0.36932287
0.7170432	0.86800176	0.6499073
0.0759964	0.06499112	1.1681238
0.83272886	0.46884453	-0.30864468
0.21498889	0.39819193	-0.32885095
0.20801497	0.7292122	0.31534785
0.8675151	0.30290365	-0.10970668
0.09382433	0.46262282	0.5729602
0.5257631	0.2949763	0.29721898
0.25043994	0.26598608	0.17772701
0.65750617	0.38223577	-0.22984028
0.8240284	0.36332113	-0.30396426
0.8214412	0.10359275	-0.27139577
0.3274544	0.5745734	0.16178969
0.25983375	0.23706877	0.4274083
0.1527744	0.45192498	0.055422813
0.6453027	0.15928817	-0.4035879
0.08512765	0.40569854	0.47484282
0.9047153	0.9798803	0.290105
0.039449394	0.28527153	0.0048827827
0.37080395	0.65600836	0.25966623
0.07521194	0.5261818	0.30073985
0.7347483	0.45393187	0.09201714
0.112066984	0.38100147	0.4343859
0.60610414	0.37406135	-0.30915043
0.45191193	0.5204655	0.19148315
0.073085606	0.8002472	0.2583625
0.20755553	0.96409476	0.49209034
0.13839978	0.48558933	0.34543478
0.7387665	0.15184796	-0.6060696
0.84462494	0.4126168	-0.2405141
0.059130847	0.9207142	0.15611152
0.6718593	0.7007781	0.19454452
0.13996035	0.93652093	0.15557666
0.9680614	0.42177802	-0.12903132
0.68109024	0.541086	0.114235505
0.11786085	0.1332618	0.33534676
0.6946057	0.27558124	-0.2604175
0.2157377	0.42333704	-0.28711614
0.9816492	0.7966006	-0.29737496
0.42673767	0.5404425	0.068025164
0.17667073	0.382729	-0.2649074
0.13215202	0.27951056	0.14824541
0.6231156	0.14001292	-0.4512977
0.56120926	0.3395633	0.10913333
0.5274991	0.3231485	0.30674246
0.89931935	0.57249725	-0.08111398
0.9108386	0.07999283	0.5952446
0.013583481	0.3293025	-0.9560266
0.36234283	0.5278585	0.046132497
0.050219238	0.47730464	-0.23994306
0.95588505	0.9504529	0.036119226
0.8868514	0.20952117	0.20215726
0.0613454	0.5617354	0.084417544
0.69219893	0.026430845	-0.39064404
0.98793656	0.08749813	0.4676393
0.19324368	0.5540574	-0.103585616
0.43929124	0.12449515	-0.3817272
0.48455924	0.6833242	0.53191435
0.6408959	0.77188945	-0.3033268
0.21165586	0.8610741	0.47588858
0.45837635	0.16682786	-0.27727294
0.65016216	0.023846865	-0.12964715
0.9156448	0.47861254	-0.06987291
0.8500611	0.44894695	-0.20133504
0.58739614	0.7529392	-0.37615374
0.27196038	0.29193103	0.33002195
0.95916605	0.3912844	-0.010520475
0.3936054	0.81385726	0.5791031
0.49594563	0.5532136	0.55378157
0.688586	0.77574986	0.38665396
0.68173075	0.5346653	0.17609131
0.38864982	0.285303	-0.31864327
0.83510053	0.6437045	-0.258558
0.2710141	0.6221493	0.04227512
0.9600098	0.6070074	-0.1643227
0.36226672	0.8178588	0.5689073
0.933192	0.278391	0.212975
0.96307766	0.04117948	0.58886254
0.22197115	0.022730649	0.5454626
0.62017065	0.056925952	-0.27618092
0.53428036	0.29440415	0.26685852
0.7735698	0.492463	-0.02920376
0.14444822	0.059467793	0.021178057
0.69648075	0.3329181	-0.11056407
0.42704463	0.6358474	0.32204717
0.3883686	0.70760036	0.40139657
0.7892248	0.2704262	-0.38847855
0.009866416	0.27014154	-0.63798964
0.41368997	0.5185409	-0.08149116
0.47845572	0.76892465	0.5304984
0.77838606	0.9444692	-0.056399792
0.10208446	0.19556814	0.58847845
0.025168478	0.5656051	-1.111245
0.13259888	0.46383077	0.36742267
0.9349311	0.22853929	0.3252793
0.39034325	0.80682856	0.5467625
0.78957903	0.46523243	-0.17046389
0.79894656	0.021242201	-0.4929465
0.29588693	0.9650101	0.7417932
0.70132816	0.62221515	0.46830732
0.73084706	0.3471654	-0.09856064
0.24737442	0.1625508	0.45836252
0.22367883	0.31172675	-0.22439548
0.40917695	0.019598782	-0.13831697
0.75335884	0.7216514	0.31726724
0.017049134	0.50751203	-1.4051687
0.04611671	0.5492314	-0.39768872
0.11728549	0.92864275	0.16724758
0.033605456	0.13246286	0.78713214
0.6543024	0.7595315	-0.07941295
0.8911995	0.95538723	0.17151454
0.33504003	0.052854538	0.8969548
0.6849261	0.53858584	0.22847311
0.8088046	0.22860307	-0.35289437
0.7200132	0.38780046	0.022633996
0.5654077	0.23344785	-0.091138296
0.9635028	0.4139402	-0.0931225
0.9401787	0.34638155	0.14573385
0.990056	0.98960394	-0.36953303
0.3696459	0.5944153	0.16297683
0.22659397	0.20920837	0.012043182
0.19592345	0.81300664	0.40203884
0.26593006	0.68191975	0.1774207
0.056046367	0.91416556	0.08895862
0.8248371	0.7220227	-0.18892403
0.4857936	0.5767209	0.52112436
0.46527398	0.61598223	0.45432758
0.8188976	0.7576596	-0.23664966
0.0084319115	0.3007837	-0.9638604
0.5648492	0.09393978	-0.18104057
0.008026481	0.46285832	-1.6478212
0.284786	0.28247172	0.46428615
0.4557014	0.052106023	-0.20421517
0.12170708	0.91023767	0.27363607
0.45935595	0.8222329	0.40292472
0.47990263	0.4955849	0.32709783
0.33920538	0.21934515	0.37415305
0.3293662	0.2335341	0.43312785
0.689467	0.2712412	-0.2710366
0.69605684	0.25502408	-0.26270434
0.15844846	0.7487273	0.42186546
0.8027119	0.30306208	-0.38505256
0.023434758	0.38726294	-0.8999672
0.3422345	0.33719003	0.09805324
0.7008888	0.13684171	-0.46483344
0.49706906	0.03057605	0.001557637
0.09293389	0.8184251	0.3552152
0.9038259	0.5976881	-0.08513239
0.10041106	0.45996433	0.54212224
0.25828648	0.17025602	0.6732189
0.63256013	0.66351604	-0.3011029
0.057398617	0.7448384	-0.042881098
0.932508	0.51447	-0.06559698
0.89102286	0.0708828	0.6409757
0.11150372	0.59715796	0.7053326
0.3944999	0.762482	0.5327049
0.13203955	0.11707729	0.14359982
0.05290103	0.9732748	0.20466493
0.3854832	0.082779884	-0.13290954
0.15089113	0.47979158	0.13832943
0.5816914	0.13301307	-0.2285736
0.1454863	0.7712929	0.40096673
0.70545554	0.4047684	0.028288156
0.9181354	0.24325931	0.29465947
0.07671559	0.27997106	0.55606186
0.5080845	0.81565243	0.24377438
0.6014756	0.6149309	-0.25933933
0.3926779	0.44962537	-0.20029925
0.98480415	0.81226766	-0.2589503
0.6648243	0.7319278	0.12466006
0.7093122	0.4873197	0.21817192
0.38843548	0.23908103	-0.33414918
0.9393532	0.8269804	0.18864867
0.03905195	0.26945758	0.04829356
0.9217647	0.4877228	-0.11429308
0.7725956	0.47563726	-0.06433505
0.76305264	0.15500158	-0.7512323
0.8189127	0.3251179	-0.2669345
0.8853703	0.8292489	0.124749005
0.78049076	0.9416143	-0.044031717
0.47311342	0.07840407	-0.09216688
0.22413468	0.21667051	-0.038953625
0.013087034	0.642462	-1.3880644
0.9829172	0.53750324	-0.3517505
0.22579008	0.62671804	-0.014285301
0.61541474	0.18834442	-0.44589603
0.19895554	0.19963044	-0.23249699
0.8386755	0.06551188	0.05022823
0.65346855	0.07919115	-0.27493477
0.85042304	0.14419109	0.055534936
0.5608684	0.80277604	-0.3045251
0.88166994	0.15141624	0.31716266
0.70988715	0.8092647	0.54971814
0.18429911	0.5208383	-0.17470802
0.7990499	0.66086453	-0.076920114
0.662387	0.95844823	-0.08793174
0.8883406	0.2682863	0.15136108
0.5016921	0.77196735	0.3425555
0.17473125	0.8429235	0.42417887
0.6543188	0.40826732	-0.20547377
0.27464032	0.503146	-0.0048858896
0.33786553	0.22967875	0.33721232
0.6083501	0.24199969	-0.46468118
0.013760686	0.37922055	-1.2079177
0.639761	0.5102059	-0.24659345
0.7356745	0.93796605	0.63045347
0.22564107	0.383448	-0.30173737
0.26941317	0.3454656	0.12866372
0.39046723	0.7204444	0.46858037
0.09510523	0.603787	0.602597
0.73980147	0.89380866	0.55158395
0.52564055	0.31805646	0.35964876
0.22527295	0.74225867	0.30348927
0.26312667	0.76297176	0.38463742
0.790835	0.13082576	-0.6346264
0.8741363	0.28684175	0.003970986
0.37837178	0.8267884	0.54004747
0.8201702	0.82273453	-0.23818181
0.91255426	0.48885083	-0.015217632
0.3113315	0.016384542	1.3788624
0.08931881	0.28462958	0.5838142
0.8334262	0.82703507	-0.24338326
0.15314955	0.9306053	0.25565273
0.92522657	0.240906	0.29751462
0.85355335	0.0787729	0.29211736
0.50193566	0.31192958	0.2378801
0.6960287	0.6546699	0.4739115
0.985728	0.4301389	-0.14970927
0.060165167	0.45496082	0.025584945
0.66399705	0.6071813	0.08446412
0.0944432	0.45970207	0.5896314
0.14007187	0.64294606	0.5189338
0.11647332	0.33352	0.39484653
0.6523558	0.02562815	-0.16890004
0.5058762	0.060287952	-0.001817368
0.17084527	0.20096225	-0.29325208
0.33445877	0.745668	0.3765905
0.28639287	0.09717423	1.1863093
0.18066084	0.54308355	-0.058182783
0.20449066	0.5716159	-0.15932366
0.68184024	0.7972674	0.37901935
0.30643404	0.23777246	0.5752987
0.05095756	0.75719684	-0.06935909
0.25667298	0.9971657	0.6731025
0.86774117	0.47028732	-0.2439765
0.005591035	0.33881736	-1.2457781
0.31660318	0.27834266	0.4769276
0.83067584	0.7164285	-0.24428365
0.6056976	0.122508645	-0.36934096
0.7285301	0.5779311	0.333524
0.897528	0.08286321	0.6230398
0.7246759	0.9169948	0.61320496
0.7811134	0.038772523	-0.72494483
0.057447672	0.42397666	-0.005930149
0.3512903	0.9459656	0.72860944
0.13888413	0.11850399	0.017496262
0.6434623	0.9334377	-0.5106617
0.82027453	0.009629786	-0.107473284
0.6671845	0.92243177	0.059162956
0.088189244	0.10667968	0.9149639
0.38675153	0.384754	-0.30677426
0.24854577	0.74947417	0.38066196
0.6040843	0.12640959	-0.37370217
0.3396036	0.54323405	0.10186704
0.7376471	0.41533875	0.018748038
0.398898	0.7600591	0.5281029
0.13899803	0.98347825	-0.00012273155
0.55555797	0.115430415	-0.09057475
0.53823316	0.14858985	-0.018588834
0.4375379	0.07525915	-0.27814376
0.33404577	0.04421693	1.0163265
0.9453259	0.8749974	0.1489266
0.48158014	0.95622957	0.1550416
0.6208498	0.9156229	-0.8856493
0.9016223	0.95984745	0.25252515
0.40196145	0.26004577	-0.45184815
0.7698301	0.3345642	-0.22735937
0.7786984	0.9302604	-0.029814806
0.7677694	0.17033917	-0.62866634
0.06994015	0.36437547	0.3638347
0.6812774	0.51275086	0.10050124
0.17003977	0.8779267	0.3315285
0.75134176	0.71359086	0.3110067
0.0027509928	0.9720525	0.53789103
0.22571933	0.73618644	0.33336118
0.07134324	0.7415246	0.23047884
0.36009955	0.5315006	0.003932582
0.91025686	0.7541254	0.18930537
0.96724695	0.8200295	-0.043709125
0.582774	0.87329394	-0.8011834
0.94606394	0.5234685	-0.16156182
0.2455582	0.12536436	0.62972766
0.96562403	0.87831926	-0.064989164
0.1965828	0.8194351	0.43581498
0.19327831	0.20415318	-0.2905256
0.69624454	0.43872547	0.058034156
0.03393191	0.9617434	0.21817425
0.5988675	0.0671826	-0.29787374
0.3166682	0.19332165	0.72784317
0.08799404	0.4009853	0.54508
0.23872524	0.32119423	-0.13360107
0.9189535	0.1553126	0.47173175
0.121468544	0.63224655	0.6672975
0.3279159	0.623384	0.21524736
0.41974986	0.16322696	-0.4691338
0.055124402	0.972417	0.1591879
0.441369	0.19817096	-0.39824688
0.70087504	0.79649115	0.5737154
0.042906404	0.6617128	-0.43035227
0.57093257	0.51155514	0.089426234
0.15252602	0.17619795	-0.15146522
0.52363956	0.26063764	0.2526893
0.83367026	0.597419	-0.24992172
0.5783558	0.7414062	-0.3674811
0.55428267	0.2455734	-0.025653739
0.58752495	0.10884893	-0.32681122
0.3239144	0.071280956	1.1481353
0.56292206	0.17313993	-0.18186636
0.9174055	0.92623866	0.34642643
0.5932304	0.082086384	-0.30142254
0.14892447	0.04431182	-0.039626196
0.9843765	0.8792072	-0.25710186
0.83036166	0.46824104	-0.21115145
0.7171806	0.17670631	-0.45320636
0.8247531	0.42433786	-0.21162505
0.4860639	0.60961604	0.5182804
0.38786834	0.4664489	-0.20977025
0.09459323	0.8410902	0.40746883
0.61082315	0.74592	-0.5151836
0.63359666	0.2575758	-0.44047463
0.43877685	0.30588013	-0.38369194
0.8171326	0.10955596	-0.3363027
0.78276086	0.50090754	-0.12129086
0.58823514	0.8474273	-0.7771026
0.99088645	0.9167903	-0.29086444
0.7339966	0.14229631	-0.6526413
0.4042511	0.7743946	0.5587655
0.21798891	0.7949941	0.44286585
0.039851785	0.3818847	-0.44495708
0.71239734	0.6742214	0.48959288
0.37015587	0.1858998	-0.015030325
0.58196867	0.5493319	-0.14879583
0.2759871	0.5719901	-0.03862431
0.6792773	0.03178209	-0.29850233
0.11184573	0.5217276	0.65899116
0.857774	0.7569985	-0.14526561
0.7844429	0.37938166	-0.23918472
0.45415074	0.105768025	-0.27734688
0.43434948	0.75662386	0.5274854
0.29159266	0.40625435	0.14784153
0.117807984	0.8011585	0.5067638
0.055866957	0.010603011	1.6635951
0.92546177	0.26379406	0.23349127
0.008322597	0.50093347	-1.6705413
0.24861515	0.7734847	0.40756774
0.42871243	0.72832185	0.49841022
0.4275208	0.41202784	-0.2741463
0.97604066	0.45872372	-0.09206067
0.79920304	0.65659636	-0.16863698
0.7121326	0.20956916	-0.4403265
0.056215405	0.3849824	0.0185471
0.17668748	0.50768274	-0.14211151
0.72526526	0.9567326	0.6618148
0.40052307	0.104791164	-0.21437255
0.045581937	0.6390588	-0.42948714
0.7608347	0.8560644	0.26257196
0.9578519	0.44777113	-0.05423215
0.9275889	0.99968886	0.31809983
0.7932317	0.04403758	-0.60225576
0.82907933	0.34860897	-0.2543493
0.72266084	0.4508561	0.060658664
0.8956522	0.41372287	-0.11963846
0.40917474	0.7309918	0.45515347
0.7083071	0.7249716	0.56049186
0.38238275	0.77245444	0.48562622
0.5704249	0.9243988	-0.8189635
0.29866326	0.5161251	0.0076498017
0.135198	0.7544596	0.5796051
0.5749729	0.11125308	-0.26920584
0.8902144	0.13871634	0.3931439
0.32263547	0.3062303	0.32780063
0.59579307	0.013539076	-0.19206774
0.46120167	0.043096542	-0.12108309
0.73763096	0.9560689	0.5904477
0.79143953	0.08578724	-0.6342124
0.36573553	0.07661867	0.2981171
0.54283667	0.59357136	0.28560764
0.31971824	0.8244967	0.59310645
0.24051774	0.35375035	-0.1414904
0.22229749	0.8906567	0.5576355
0.42981482	0.29458946	-0.5081465
0.91649413	0.33070087	0.09416086
0.20118463	0.4463352	-0.31983125
0.2980095	0.3866622	0.12847051
0.8390534	0.94630784	-0.3349092
0.15434188	0.53796136	0.20453231
0.8175632	0.0023440719	-0.094969556
0.008487761	0.7531209	-0.9079121
0.42124516	0.9408656	0.53020626
0.7876137	0.35910386	-0.2971453
0.7875753	0.94830805	-0.14878535
0.81316555	0.33926398	-0.30433428
0.62909937	0.48524177	-0.31709665
0.9466298	0.9723327	0.18333818
0.53081584	0.08758026	0.002276361
0.012844622	0.34249902	-1.0481659
0.571203	0.22707003	-0.17656076
0.9810859	0.47548097	-0.24530335
0.7133665	0.33501607	-0.09065405
0.4976679	0.65006626	0.54527885
0.39071947	0.7236162	0.4117055
0.30269355	0.14808106	0.98344386
0.3100124	0.51225007	0.06668365
0.37960494	0.76499194	0.49270424
0.8211422	0.9891801	-0.50508076
0.67300636	0.331793	-0.27856684
0.20925003	0.7681677	0.36156896
0.13278633	0.2907465	0.19925591
0.3625415	0.45669174	-0.097057484
0.8340288	0.76707107	-0.23130094
0.9399931	0.30298287	0.22582187
0.027296484	0.5216011	-1.0457902
0.18160993	0.9552178	0.31982204
0.4926439	0.5122003	0.52068216
0.36823332	0.5172504	-0.007862955
0.8231597	0.93910694	-0.33602703
0.67186064	0.03901452	-0.2705914
0.45362324	0.03696257	-0.16867194
0.8938738	0.81136596	0.17347407
0.69606143	0.22818255	-0.3500471
0.25203538	0.83373815	0.49642307
0.8963915	0.61487657	-0.09950511
0.74850076	0.85208	0.41444215
0.271401	0.3324471	0.19756846
0.9853711	0.93764853	-0.30610394
0.9783422	0.25490433	0.25684717
0.6374733	0.94825006	-0.6936346
0.6325519	0.51375806	-0.288
0.043878734	0.9341504	0.1696602
0.6993758	0.3596909	-0.06004619
0.6879439	0.36077845	-0.1252744
0.046565354	0.9827687	0.15665652
0.44825464	0.40959978	-0.071988575
0.14787513	0.8256686	0.49990076
0.3076859	0.8597075	0.6311026
0.49254388	0.14218646	0.014992166
0.62542945	0.08492708	-0.29838425
0.31948477	0.03715694	1.2118659
0.093244374	0.13527799	0.77866644
0.9308151	0.21107042	0.35296974
0.3379057	0.44612056	0.016781518
0.10486078	0.9498126	0.15527454
0.25479895	0.8768393	0.64240295
0.0016399026	0.5848443	-1.7464455
0.3037973	0.8942975	0.6515759
0.36678225	0.84562486	0.5745091
0.38531578	0.22983027	-0.24690932
0.13751161	0.073587775	0.11559502
0.71330506	0.33627665	-0.10012051
0.5362194	0.94095427	-0.41326445
0.32401216	0.29175562	0.34582794
0.18703496	0.2925778	-0.32419282
0.27726358	0.51347905	-0.023442052
0.74202913	0.04884851	-0.8558756
0.97060835	0.24337131	0.22808322
0.09165758	0.88905054	0.19966838
0.93501085	0.49893457	-0.052001446
0.4872861	0.20666486	0.04398952
0.87167877	0.2489025	0.022821447
0.7874419	0.20673472	-0.49516308
0.8799711	0.3676595	-0.099914275
0.8210679	0.48446608	-0.31923628
0.74867874	0.9535544	0.46389928
0.39128333	0.46808034	-0.16901305
0.54720217	0.5082901	0.34534705
0.021479547	0.8882652	-0.078883216
0.14810461	0.44442666	0.18204096
0.88102055	0.9173817	0.1127765
0.513352	0.24527013	0.24009296
0.22379714	0.42231375	-0.34143633
0.5399497	0.7694296	0.010587865
0.19370067	0.19701213	-0.21704859
0.33335745	0.649831	0.24202336
0.83165747	0.3790397	-0.2345272
0.59685993	0.47105163	-0.20290215
0.25544757	0.8738111	0.5940004
0.5362238	0.09266877	-0.059389565
0.4410233	0.9932878	0.36785614
0.52060986	0.1576196	0.04705066
0.88755757	0.6517361	-0.0601018
0.49598688	0.060651004	-0.030049764
0.8874842	0.679376	-0.058668334
0.99739707	0.1986255	0.30516973
0.56639415	0.39671224	0.09281716
0.18970942	0.85478735	0.43677735
0.7438442	0.007213235	-0.9083635
0.45747226	0.41703248	0.03891367
0.6986705	0.81612444	0.57930535
0.80820864	0.24099743	-0.36610115
0.3726502	0.100854516	0.10078126
0.25682372	0.7423119	0.30288845
0.48631108	0.49345744	0.4284232
0.2265181	0.54399693	-0.28392375
0.6889342	0.90666884	0.42149732
0.3308938	0.41855836	0.05565598
0.57696795	0.73274666	-0.3092932
0.057265818	0.52564645	-0.053049717
0.53931624	0.87063634	-0.2174412
0.29702044	0.86946577	0.6700511
0.24274158	0.2230733	0.20732933
0.0447433	0.28134477	0.10453939
0.5627614	0.25759035	-0.020439893
0.70376104	0.6736828	0.43954083
0.78720504	0.43612576	-0.14161378
0.16798162	0.710904	0.32118204
0.3504855	0.9484744	0.6335228
0.7622659	0.5333004	0.06621719
0.3666743	0.9888131	0.6500014
0.49132377	0.43981296	0.4377276
0.2719648	0.20950586	0.5674414
0.47131968	0.5934436	0.5063679
0.85293823	0.67400885	-0.18851143
0.71551335	0.11066353	-0.5616011
0.30200696	0.13027859	1.0065718
0.77910733	0.8057165	-0.009894898
0.041789114	0.6317658	-0.5641984
0.64500904	0.16629505	-0.3954851
0.27400494	0.9703156	0.7739902
0.11100906	0.32227647	0.46511596
0.463948	0.08203745	-0.16023578
0.71791	0.44964612	0.12720981
0.5803032	0.77123284	-0.42075536
0.63886845	0.8764884	-0.50914514
0.85655737	0.09552348	0.21042967
0.15478116	0.36557	-0.06024915
0.38016856	0.6555758	0.2925027
0.058687747	0.42837483	0.013949269
0.5232339	0.59198374	0.4451983
0.70338714	0.82286173	0.6227824
0.17089128	0.76906025	0.41661885
0.69765776	0.00084096193	-0.45400393
0.6660197	0.35541254	-0.191504
0.32119197	0.60793465	0.21466632
0.49704212	0.8567424	0.30065882
0.44149393	0.973676	0.39841172
0.11591029	0.23727483	0.40728283
0.14817905	0.6939346	0.47441784
0.20902812	0.7065789	0.1562594
0.32157606	0.48971212	0.046933673
0.07828969	0.53833103	0.3904197
0.6015094	0.14562237	-0.3630284
0.20212823	0.04365325	0.1209261
0.17791367	0.6147891	0.06765976
0.55676806	0.509372	0.24130893
0.29832244	0.3632722	0.23945937
0.7864289	0.9096112	-0.06704955
0.015365422	0.35508192	-1.0808405
0.47833216	0.35690653	0.1631993
0.08877629	0.03053093	1.1466929
0.36833537	0.899499	0.6505935
0.50209963	0.61039287	0.56069726
0.5670175	0.35256386	0.026246317
0.86616343	0.3398257	-0.09840426
0.10817331	0.022418857	0.72829795
0.8892526	0.93290937	0.24184977
0.6076781	0.03408122	-0.24205595
0.7149853	0.069098294	-0.65407807
0.6760328	0.88158125	0.29167604
0.6372838	0.84382504	-0.39854252
0.34082317	0.14070976	0.5457709
0.102182984	0.8406639	0.4219808
0.92450887	0.7823873	0.18314338
0.89918923	0.57794315	-0.080490604
0.10034752	0.42922068	0.6082232
0.38666922	0.2571386	-0.38671482
0.23012662	0.93801427	0.6414821
0.7763039	0.91393954	0.022886498
0.7770978	0.3597449	-0.28199947
0.3154781	0.6443642	0.26852256
0.00076520443	0.73866844	-1.0760975
0.8610815	0.2759279	-0.0899646
0.91630876	0.038647354	0.74942344
0.7946058	0.12382984	-0.5813327
0.15105325	0.30761755	-0.12303017
0.29846275	0.19408804	0.779564
0.09722638	0.369855	0.507385
0.16439128	0.09752309	-0.13041317
0.8767275	0.21819568	0.09742479
0.15542686	0.67223114	0.37366295
0.25422156	0.9851997	0.7277869
0.07123393	0.273683	0.58683354
0.46272373	0.8204146	0.45968395
0.86012626	0.15284461	0.084751844
0.4334919	0.5350668	0.11413933
0.123195946	0.42046243	0.40148562
0.967128	0.40691495	-0.0455813
0.3687325	0.4698071	-0.11300485
0.68630195	0.75439227	0.39118633
0.40730458	0.4673404	-0.16361801
0.7341776	0.5512446	0.2581321
0.3847685	0.696994	0.38061184
0.28398812	0.1951974	0.69858027
0.79452026	0.8199315	-0.10445141
0.17407387	0.46984583	-0.15384261
0.75629187	0.8174305	0.29120767
0.7513556	0.3640073	-0.19969335
0.88973594	0.93828917	0.1955709
0.95584947	0.5568487	-0.08202393
0.06462264	0.22606951	0.60262394
0.15684521	0.11481923	-0.14314468
0.039634287	0.7981666	-0.2162157
0.89903617	0.6149385	-0.088250846
0.20207304	0.9821029	0.4649469
0.5472366	0.06784892	-0.080175765
0.29982537	0.9627879	0.7302117
0.80783135	0.64112663	-0.18205701
0.019662023	0.64612263	-1.157713
0.18471265	0.68363255	0.25354192
0.42067724	0.9593532	0.50474757
0.5155408	0.14845741	0.060021494
0.41471547	0.5945705	0.10981044
0.91137224	0.18050599	0.34300324
0.9008528	0.6641842	-0.0077514555
0.38487345	0.22393835	-0.34242082
0.873542	0.98206675	-0.0042762626
0.45743257	0.18173623	-0.26385754
0.21339041	0.5247236	-0.25040647
0.8211078	0.38147438	-0.30167475
0.64232236	0.62119037	-0.1712785
0.43690163	0.5520931	0.16219032
0.75688905	0.84958005	0.33466494
0.95306516	0.6063845	-0.11961778
0.17086083	0.3952912	-0.23491046
0.93421906	0.6913706	-0.035819482
0.60194135	0.82996976	-0.71485925
0.77968585	0.9718824	-0.11275912
0.29560798	0.8714261	0.7169365
0.60523045	0.5637273	-0.23540813
0.6057202	0.15611029	-0.41542694
0.79456514	0.57143366	-0.088497326
0.007627666	0.14163482	0.38188803
0.763693	0.4766478	0.0034763925
0.10092312	0.9028682	0.21967362
0.31473142	0.21380472	0.6168109
0.30153084	0.305283	0.3528581
0.15223795	0.041072845	-0.06935089
0.4913479	0.9491996	0.13255602
0.0009191036	0.717304	-1.1586071
0.10588282	0.7374499	0.5628892
0.07452363	0.13095802	0.94903606
0.08300316	0.78679955	0.34498343
0.28401363	0.79505104	0.47041494
0.59027034	0.014963329	-0.13962558
0.47476947	0.2533462	-0.015135352
0.8579316	0.32424927	-0.17469636
0.48276085	0.6811643	0.53010976
0.4576974	0.9258191	0.39411736
0.8926809	0.76861775	0.08004545
0.90727806	0.70654035	0.0069822967
0.7835437	0.03389144	-0.7097777
0.6817708	0.45886075	0.063678786
0.48094606	0.45339108	0.30920738
0.8892977	0.91586417	0.19226794
0.50254834	0.103171885	0.01720495
0.8008666	0.45150626	-0.25763232
0.46688724	0.21244037	-0.16802064
0.40033293	0.9380877	0.61368406
0.003205061	0.1931557	-0.1898611
0.10014397	0.962871	0.088479914
0.5653918	0.83504057	-0.49758908
0.24643481	0.48360896	-0.21191019
0.19181287	0.077338815	-0.05790896
0.03018701	0.55526257	-0.96694064
0.3609367	0.6878051	0.29640037
0.49947238	0.47195476	0.49342552
0.053801715	0.79074323	0.03972021
0.13326013	0.28372735	0.14468546
0.23948759	0.047430873	0.81071895
0.41665798	0.9211898	0.54367274
0.0425694	0.140261	0.82659125
0.46594733	0.6545949	0.42958322
0.20326859	0.17866099	-0.13445497
0.522857	0.9416117	-0.18493932
0.5483169	0.3074425	0.24097866
0.56492645	0.05335164	-0.21348354
0.30106592	0.6475174	0.20887984
0.20671296	0.20072734	-0.10508439
0.23125803	0.8482202	0.59365547
0.34729594	0.41073835	-0.048165504
0.5935263	0.6841471	-0.37841445
0.14958966	0.868375	0.3254235
0.50800425	0.4829837	0.5777398
0.760688	0.71107924	0.18396401
0.18756175	0.38953722	-0.37003145
0.012797713	0.040262282	1.3083947
0.039360702	0.28170133	0.024444971
0.34084815	0.76220816	0.5458106
0.45189512	0.80902976	0.49598685
0.17465544	0.41366076	-0.23512313
0.33395302	0.11829984	0.76941365
0.5726489	0.20938027	-0.17645726
0.45095074	0.753343	0.4994587
0.5034512	0.7602205	0.34717917
0.9796108	0.75169486	-0.28536245
0.106253445	0.9993457	-0.019030012
0.23938197	0.011346936	0.92609966
0.14597225	0.067009985	-0.020702025
0.3564766	0.17308772	0.24949646
0.0044451356	0.33933228	-1.2725022
0.21110338	0.08710164	0.16737676
0.62916607	0.7422165	-0.38197392
0.9145059	0.92765665	0.3011565
0.65480214	0.56947035	-0.08174081
0.74539286	0.08475518	-0.8738119
0.6346225	0.5142243	-0.20063245
0.7326783	0.017435193	-0.83249307
0.9441179	0.23010558	0.31452888
0.40590656	0.018014252	-0.10019357
0.2612502	0.51768494	-0.10093228
0.9613451	0.7100186	-0.10841246
0.45828366	0.35813266	-0.077344395
0.10452348	0.57227373	0.72777605
0.24234504	0.7311601	0.35369787
0.012717426	0.8452006	-0.31484595
0.3601275	0.5515388	0.057339594
0.5653328	0.4784888	0.18071544
0.3025946	0.17386371	0.9217478
0.96166885	0.34653884	0.08944364
0.36619467	0.48472053	-0.08196594
0.44665825	0.2524702	-0.34538686
0.5842056	0.41701382	-0.12840202
0.49057078	0.9813692	0.049573075
0.028390706	0.36851633	-0.72282
0.50907785	0.10302806	-0.030245338
0.54838645	0.66803324	0.19806983
0.026570857	0.8173027	-0.3161895
0.56739277	0.6049991	0.06896454
0.4604231	0.7067939	0.47960186
0.49221027	0.15098077	0.03232564
0.9909711	0.7388765	-0.42232487
0.432514	0.6980907	0.4472438
0.6754749	0.16913247	-0.32622874
0.782831	0.8168058	-0.053444948
0.10858399	0.032188475	0.7165684
0.70116043	0.8778375	0.59485394
0.16933507	0.6671897	0.26408023
0.08990204	0.7479363	0.4868931
0.11025411	0.2266078	0.46610618
0.1617778	0.68017614	0.368202
0.30381095	0.9312638	0.73760957
0.052203476	0.5945578	-0.23531592
0.9301625	0.033257186	0.726506
0.19830579	0.704816	0.23368712
0.8708083	0.6702871	-0.15578501
0.8283307	0.4604845	-0.20707609
0.21755576	0.4026569	-0.38380852
0.005887091	0.838066	-0.3975707
0.69485134	0.055144668	-0.48994222
0.49858743	0.16946745	0.056847792
0.06679201	0.29097337	0.4401734
0.4108504	0.83485115	0.54367214
0.33247662	0.7417273	0.4109183
0.18740201	0.47977823	-0.21608204
0.24615067	0.6319613	0.015218796
0.25338364	0.41197985	-0.12770264
0.26483363	0.3218813	0.14757124
0.7010353	0.7255089	0.4855248
0.54302615	0.59416544	0.33887914
0.02104032	0.08235854	1.0610788
0.4712031	0.62869585	0.5267231
0.6769235	0.2991767	-0.22055376
0.13948566	0.11278182	0.058858328
0.23951584	0.35814434	-0.12390292
0.9299119	0.99450177	0.24763933
0.18101543	0.015982032	-0.028323505
0.81628	0.19750082	-0.33592466
0.6293094	0.9724231	-0.84756035
0.32706064	0.023501456	1.1710123
0.5219216	0.5257394	0.52855504
0.062916696	0.5860918	0.07922844
0.9399935	0.8833947	0.14534941
0.64198565	0.39631164	-0.32906395
0.37222487	0.66949606	0.31737453
0.082614064	0.5388272	0.5587927
0.1868642	0.5700508	-0.025247116
0.102971554	0.5226478	0.6407804
0.25638366	0.12537336	0.7686278
0.9842375	0.11054462	0.43778223
0.11155701	0.42726892	0.58334625
0.6022384	0.4135313	-0.29015955
0.4602499	0.8512108	0.4479639
0.32722837	0.8077614	0.5815712
0.40376288	0.9931774	0.53507286
0.44460142	0.21557742	-0.3611428
0.20737791	0.4557501	-0.32826698
0.3510149	0.6620891	0.38045663
0.9580394	0.32343107	0.18453412
0.24522829	0.82467645	0.5509892
0.664057	0.63807	0.100854754
0.6598473	0.42910117	-0.18195099
0.09578091	0.77838206	0.5110769
0.73106456	0.2814349	-0.28509706
0.8399892	0.12659758	-0.02860392
0.83793664	0.98062074	-0.40386495
0.16041416	0.36848915	-0.171358
0.73356724	0.44748873	0.0681795
0.07225156	0.2506894	0.5708879
0.6771693	0.91445494	0.21595998
0.78174293	0.10975939	-0.7684154
0.09166509	0.6312637	0.6012423
0.9324206	0.11975855	0.52273077
0.3486548	0.8061934	0.5795784
0.05062586	0.75634956	-0.049895845
0.15787274	0.56182456	0.18721631
0.8220622	0.9966569	-0.49917063
0.120924294	0.0033663511	0.43662265
0.7188521	0.23695147	-0.36339268
0.86281246	0.9701028	-0.12657031
0.15699679	0.7484271	0.47787333
0.25757658	0.42608923	-0.123562925
0.34504503	0.23731148	0.2705024
0.8302198	0.4356888	-0.3027432
0.8678857	0.6676322	-0.15932193
0.088977516	0.5367782	0.59953487
0.82944995	0.32934678	-0.24062866
0.5970707	0.7674949	-0.58859247
0.106509924	0.002224505	0.8139432
0.8968693	0.40426165	-0.06797491
0.50173926	0.07301003	0.022760775
0.9452103	0.04412204	0.6119849
0.15429455	0.4532478	0.053028546
0.09998578	0.24285543	0.49268118
0.67101127	0.9452811	0.06785617
0.69661844	0.2799167	-0.2533289
0.9886865	0.91008157	-0.28541642
0.6936086	0.98205334	0.51163733
0.03890866	0.93759286	0.16427536
0.32956862	0.66657543	0.30185762
0.85771316	0.54690504	-0.28883708
0.6837612	0.47090882	0.13186072
0.83476603	0.82453436	-0.2748875
0.4507404	0.93188506	0.405703
0.6458352	0.51315475	-0.23156959
0.22864616	0.22595447	0.0064953733
0.869728	0.87069285	0.029174902
0.91467816	0.045217752	0.77208984
0.9891016	0.35505927	-0.09913895
0.4902845	0.76527643	0.4947879
0.814121	0.756697	-0.2191922
0.99442136	0.6696191	-0.43893582
0.25999242	0.5018648	-0.083798915
0.19894373	0.8445258	0.45772132
0.046732426	0.32842612	-0.02524218
0.9414646	0.059291303	0.59178406
0.28151238	0.61471725	0.08950429
0.50069237	0.103589535	0.0016979165
0.429601	0.33381456	-0.4279978
0.24697578	0.5303307	-0.09237183
0.30940157	0.46047908	0.11004999
0.24989009	0.8662245	0.675534
0.053106368	0.92643964	0.14923652
0.14609617	0.061532795	-0.022798808
0.2680679	0.755975	0.42888576
0.5040466	0.9131437	0.008802734
0.46181065	0.17706186	-0.20004773
0.75529635	0.7817876	0.31874663
0.31567937	0.9448817	0.71064013
0.13215756	0.47917068	0.3911441
0.45055008	0.5699944	0.28326905
0.9927959	0.2659005	0.18373883
0.3855635	0.6475899	0.24916163
0.9027076	0.45324105	-0.037425674
0.643213	0.6422649	-0.11366672
0.09288776	0.57406294	0.58737147
0.3843217	0.98121536	0.55571413
0.4050936	0.13859439	-0.3234989
0.7075183	0.7888746	0.6481771
0.34933513	0.7758177	0.5240097
0.8824876	0.87403715	0.07810195
0.93772566	0.996201	0.2494754
0.9036391	0.076648176	0.67460424
0.26856273	0.0812605	1.167977
0.26566815	0.92937577	0.6881183
0.19806951	0.3944927	-0.37554815
0.2452138	0.80562574	0.4531699
0.8825613	0.56213	-0.18352206
0.18703544	0.55996704	-0.07736983
0.550193	0.07414174	-0.13781026
0.16711855	0.3421241	-0.29920074
0.09810048	0.59742874	0.5919463
0.631397	0.0723989	-0.26604196
0.5450681	0.31957257	0.20244224
0.94954085	0.8815248	0.08445452
0.121121526	0.96470827	0.037767462
0.23973256	0.6952449	0.2238251
0.43436468	0.8590855	0.5227184
0.08365774	0.34156102	0.47875032
0.91572034	0.7561634	0.15990406
0.64762044	0.1684162	-0.43150216
0.7353135	0.7243672	0.4304506
0.9817705	0.15299934	0.35647565
0.09990442	0.35674542	0.5044746
0.051372766	0.24166167	0.4501415
0.24255264	0.9237572	0.69376683
0.5253473	0.92539537	-0.23906352
0.7077906	0.5340592	0.30694866
0.6681065	0.30706257	-0.30080178
0.7500276	0.76979345	0.3825372
0.9639801	0.3699683	0.03996209
0.14137572	0.18660247	0.043565046
0.22334063	0.67346877	0.119862914
0.01155597	0.15344584	0.3876065
0.027880192	0.15109551	0.6530103
0.80710304	0.8438515	-0.2465645
0.13568562	0.7323611	0.52174646
0.5283457	0.15574455	0.10839924
0.9293543	0.34536535	0.052871782
0.22031105	0.350061	-0.30606452
0.12299514	0.47778994	0.5143636
0.69562185	0.24288672	-0.23549254
0.6495591	0.1919362	-0.39489764
0.32204777	0.058191955	1.0963346
0.7213112	0.80993134	0.5843746
0.6290227	0.021204293	-0.14194268
0.17782074	0.66070014	0.2804597
0.92419416	0.21560395	0.32152796
0.013641655	0.69169056	-1.0965146
0.31231356	0.60723263	0.2012474
0.9920593	0.4848281	-0.3103217
0.9719673	0.44415748	-0.15834835
0.4373464	0.36259288	-0.24393147
0.14809924	0.68242747	0.4681607
0.2873119	0.32317555	0.23219672
0.52564496	0.9395469	-0.26103854
0.9384613	0.86582845	0.2301682
0.34904122	0.60380274	0.19940226
0.920466	0.595685	-0.037802648
0.84053206	0.8990268	-0.3245346
0.20794475	0.13203591	0.08050939
0.57637703	0.8597931	-0.64374137
0.51263523	0.08616918	0.05090555
0.81154764	0.7291121	-0.22125515
0.5144418	0.0003760457	-0.050497644
0.6066442	0.8325432	-0.6416416
0.57778156	0.83703184	-0.6209975
0.69052786	0.16758323	-0.3885614
0.8741314	0.07267147	0.50149745
0.2942475	0.327268	0.2509991
0.49143076	0.46791875	0.39725304
0.29464626	0.9107664	0.72372043
0.41409212	0.17642003	-0.39487773
0.099099755	0.14304066	0.65690416
0.36458963	0.5594149	0.08478841
0.9468987	0.046991527	0.6405869
0.7674303	0.8490204	0.11739428
0.27697164	0.87437356	0.62132853
0.21344101	0.6159083	-0.050659075
0.45018178	0.43354654	-0.025562124
0.85170287	0.33357668	-0.16011643
0.93124515	0.89053285	0.30071068
0.33069968	0.5976724	0.14536588
0.61854553	0.6641512	-0.3922458
0.7466198	0.26554388	-0.38278177
0.96771985	0.5513729	-0.2313824
0.81982535	0.014204919	-0.080938086
0.98835367	0.0058081746	0.5494428
0.2843867	0.857178	0.6433371
0.18745083	0.33574957	-0.36964566
0.8061181	0.9433516	-0.35733876
0.6821153	0.9594916	0.34371793
0.73769474	0.47433752	0.15441725
0.94975626	0.3033319	0.2378985
0.64384013	0.80122536	-0.2746059
0.4950806	0.35679305	0.26456094
0.16427249	0.16774678	-0.25426608
0.46704268	0.7506531	0.47060674
0.090776086	0.55789804	0.58557683
0.73659545	0.9975707	0.636786
0.95515144	0.8965528	0.107366286
0.57343626	0.19777936	-0.19538848
0.91604084	0.9836284	0.3265326
0.04328084	0.43080354	-0.3855222
0.78101456	0.58043766	-0.12244265
0.1760999	0.61834896	0.17016602
0.1605143	0.12550247	-0.10124847
0.8670359	0.9651426	-0.05818271
0.5767146	0.6458174	-0.12252617
0.27837157	0.5999422	0.08211592
0.25322992	0.85660124	0.62098104
0.13969344	0.8984255	0.2970472
0.82727706	0.7064055	-0.27363062
0.41359955	0.23048615	-0.49115622
0.13895988	0.41849124	0.20898555
0.42897576	0.635683	0.32260114
0.6998917	0.21928209	-0.35919267
0.90199363	0.017373323	0.88531744
0.20150131	0.9054307	0.5105844
0.87432975	0.6610516	-0.1313153
0.72636276	0.42519915	0.040505495
0.77630776	0.6993767	0.029869955
0.6303823	0.50488144	-0.27058232
0.6725948	0.75703377	0.27778932
0.712205	0.48572898	0.19660546
0.23465109	0.6211564	-0.0033208542
0.57372946	0.1313228	-0.21368665
0.14321905	0.11564994	0.0412651
0.68302906	0.19555265	-0.3574042
0.100204885	0.7718468	0.5187373
0.15493101	0.01002121	-0.067468576
0.7112644	0.3547551	-0.07308804
0.6128694	0.14925665	-0.43957996
0.31740284	0.11455047	0.97462344
0.27594322	0.37755162	0.06798484
0.5225918	0.43807727	0.4668358
0.9436547	0.27744603	0.248262
0.43330944	0.40849733	-0.2086355
0.37343282	0.6720632	0.27588782
0.08287364	0.10353196	0.9880857
0.48175007	0.43303293	0.31225204
0.56526786	0.1019789	-0.20520219
0.54437685	0.6906387	0.12869385
0.72151744	0.82268244	0.60827124
0.67970365	0.42106932	0.013690501
0.03403324	0.32092398	-0.36876658
0.6065961	0.5733975	-0.25925115
0.67785597	0.21409166	-0.31359842
0.34228784	0.58123595	0.15569757
0.16487753	0.678385	0.3169382
0.6832899	0.75106055	0.34911814
0.65263385	0.73848116	-0.046620477
0.7108268	0.7055741	0.55092674
0.4819777	0.21984053	-0.0324972
0.03180915	0.9488274	0.15226798
0.7966967	0.6634849	-0.17838925
0.34914923	0.18612665	0.393259
0.069309175	0.90478027	0.12359076
0.12858486	0.23105842	0.16885637
0.66436565	0.59447134	0.018423066
0.90799487	0.8362362	0.23060825
0.90239614	0.1736657	0.34399807
0.8624733	0.21947926	-0.01562581
0.45722932	0.7440011	0.46895176
0.9403572	0.6547078	-0.09332658
0.6685356	0.7620894	0.20288533
0.4310745	0.94628805	0.4863752
0.7878445	0.01895541	-0.6383037
0.7244234	0.61756563	0.38368735
0.5426431	0.40321237	0.2967849
0.88350904	0.07584882	0.6450801
0.11690897	0.8174609	0.50118095
0.52333903	0.40198392	0.46642187
0.08634925	0.8555635	0.33531845
0.15500861	0.20090389	-0.14621894
0.74657923	0.7023908	0.3204298
0.519864	0.7060827	0.37864798
0.29401606	0.39449042	0.17692852
0.950777	0.018629909	0.59130436
0.20420223	0.80978215	0.38545644
0.8151616	0.47931194	-0.22306216
0.44752413	0.19546789	-0.36546668
0.36941886	0.94887626	0.7422509
0.6311388	0.07822281	-0.24797258
0.26271874	0.28229314	0.27821338
0.9411634	0.66434586	-0.050276548
0.5078493	0.7865648	0.27713174
0.3428902	0.32744896	0.067900315
0.504999	0.3968435	0.45364147
0.31622094	0.4343812	0.10175691
0.93884134	0.27476358	0.20265576
0.31076694	0.75306696	0.40608448
0.48243535	0.97855335	0.112380184
0.29604846	0.75792205	0.4724649
0.7960807	0.36705083	-0.28557232
0.69958293	0.61731726	0.40409148
0.24266756	0.06818485	0.82915497
0.5854807	0.7368619	-0.44162577
0.83130735	0.655376	-0.24534558
0.74617434	0.5933396	0.27041307
0.23074794	0.01990652	0.7659763
0.43621212	0.5047865	0.043913834
0.035877347	0.31121743	-0.17630811
0.4717242	0.9390733	0.27357525
0.5832139	0.22751755	-0.281638
0.046779633	0.9805709	0.25521654
0.17818052	0.4890803	-0.15116881
0.65506893	0.636201	0.016645074
0.109832525	0.75797623	0.5345465
0.16859084	0.75707597	0.3995303
0.18762732	0.5378322	-0.11545411
0.80892503	0.5255793	-0.18219031
0.20433915	0.4021753	-0.3712637
0.50899744	0.49237144	0.47513786
0.029238045	0.8907784	-0.060143925
0.49723262	0.21031773	0.120383546
0.44711548	0.86976206	0.501965
0.43769175	0.175919	-0.3781707
0.7553708	0.77756447	0.31120685
0.7043716	0.5210754	0.2533412
0.16324598	0.2512831	-0.25920615
0.91117865	0.78663903	0.10175978
0.1542216	0.92777884	0.25370184
0.3408636	0.45701593	0.072130844
0.6193244	0.0545066	-0.27084428
0.7213383	0.35089737	-0.092537865
0.10719794	0.61490303	0.6595424
0.19159907	0.7332738	0.2555597
0.2250905	0.23703593	0.0012273528
0.6841945	0.58264047	0.25368848
0.63114417	0.072751045	-0.31322747
0.10240549	0.6174943	0.6420286
0.40370542	0.8064391	0.48081744
0.21922326	0.42714465	-0.32418168
0.59201926	0.35666162	-0.29522347
0.20226604	0.3437137	-0.38728833
0.291295	0.93256646	0.720392
0.016973615	0.08747518	1.0043777
0.9264252	0.19925767	0.41701865
0.26415277	0.62632954	0.07051335
0.8792377	0.2039516	0.20859426
0.74688315	0.38434947	-0.08911545
0.26297343	0.52437663	-0.101020694
0.30410004	0.45505524	0.072466545
0.055888534	0.4539932	-0.07445393
0.97693604	0.43316978	-0.21430992
0.32326853	0.013525784	1.3029184
0.56098205	0.8160189	-0.36084136
0.4386171	0.83293104	0.49901235
0.096441805	0.36333025	0.552617
0.7877724	0.6684779	-0.10106075
0.8675751	0.11704862	0.286586
0.87876153	0.9450398	0.046091005
0.13807714	0.37185788	0.15894847
0.97066385	0.86686754	-0.103269026
0.29183704	0.42531788	0.11852243
0.29752403	0.85690784	0.6262418
0.4894474	0.76481324	0.48665744
0.1530348	0.240336	-0.13497593
0.12868834	0.8410743	0.414172
0.20754492	0.65402955	0.047173753
0.5909811	0.1219821	-0.34264392
0.5803856	0.84830326	-0.6666308
0.86390036	0.025832951	0.65645707
0.92984784	0.24735224	0.33481354
0.67873305	0.012450516	-0.28451875
0.39511794	0.7970669	0.5437546
0.9258711	0.9709607	0.35326374
0.036834538	0.04156995	1.5583966
0.6147496	0.9144102	-0.8674576
0.61565244	0.14868349	-0.4276101
0.9246407	0.8780399	0.2733974
0.66798854	0.014489949	-0.22037609
0.11419994	0.3296048	0.45645255
0.8201713	0.9390517	-0.34878647
0.23449135	0.20528889	0.20090474
0.7630273	0.7826474	0.15977304
0.6843549	0.65815324	0.36309713
0.80638474	0.7358962	-0.2230058
0.5014286	0.21955323	0.12702754
0.82138973	0.2181387	-0.3356014
0.4876418	0.4250741	0.318399
0.2953257	0.35992193	0.2761126
0.8475191	0.47777402	-0.21601857
0.023664117	0.3677538	-0.86434835
0.46194267	0.46944654	0.15375412
0.28522283	0.053860486	1.3610034
0.39042294	0.6102344	0.20215479
0.7331838	0.49757963	0.19102776
0.77493054	0.9799647	-0.004434364
0.29742318	0.8255775	0.6722231
0.041564047	0.17453152	0.6466422
0.51715624	0.8609492	0.10732313
0.38352066	0.068479896	0.007314896
0.71369195	0.22455406	-0.42716515
0.4473505	0.4736724	0.05820694
0.14318275	0.051606297	-0.006098509
0.24556887	0.45070976	-0.15546526
0.20920855	0.96913534	0.4896395
0.2650779	0.50858	-0.07833994
0.030040681	0.3343506	-0.522298
0.783427	0.72732854	0.020198483
0.27802277	0.67918515	0.26287317
0.6647647	0.5830531	0.026010443
0.61105686	0.6418556	-0.3638153
0.14180827	0.8130164	0.4378066
0.10662651	0.6498081	0.60326505
0.83503467	0.26261908	-0.2607568
0.64901906	0.35089797	-0.32549194
0.6918898	0.18885797	-0.3609603
0.57136106	0.059511065	-0.18836711
0.8555611	0.5513744	-0.24011627
0.9223997	0.53189075	-0.028670378
0.45176452	0.84479445	0.52841145
0.7525625	0.18369168	-0.5833354
0.065725386	0.5002271	0.14858179
0.59896773	0.023936033	-0.20705032
0.93888354	0.4929059	-0.036978893
0.6424956	0.74752164	-0.22342418
0.29409063	0.017879248	1.4435544
0.9408977	0.33517343	0.10689864
0.18770069	0.8705294	0.39369282
0.5511333	0.29682636	0.123461366
0.2116484	0.3044098	-0.25418648
0.6433015	0.31129533	-0.45143318
0.31699008	0.9076555	0.73160976
0.23901284	0.62813437	-0.0051741675
0.347578	0.8446475	0.62727326
0.90031385	0.43574196	-0.10420624
0.9850545	0.49870133	-0.30908856
0.06276357	0.1017974	1.1413424
0.9396361	0.7065854	-0.00911192
0.38698357	0.21446681	-0.3344092
0.028943837	0.23861212	-0.050852954
0.119939744	0.9836796	-0.007775615
0.91339654	0.8633922	0.32862583
0.49887115	0.3218121	0.29818475
0.22079635	0.9996409	0.5243367
0.31026614	0.25804198	0.5116421
0.2438739	0.86557317	0.60745937
0.18450922	0.74221987	0.26637995
0.19437319	0.0042210817	0.17992873
0.6400156	0.36974663	-0.3478669
0.13221848	0.1236366	0.18161693
0.30254757	0.20479953	0.7729398
0.8682229	0.9643715	-0.056598928
0.099428356	0.31307983	0.51334846
0.6542816	0.9867101	-0.3942251
0.36946636	0.11546624	0.12950282
0.45221585	0.023223698	-0.0907963
0.1773482	0.61559945	0.07494194
0.26461148	0.51175183	-0.04581897
0.37885898	0.2780605	-0.25216234
0.5318626	0.095490634	-0.0050704163
0.32856786	0.62293637	0.15219572
0.7523717	0.6164969	0.26291245
0.16540545	0.75357336	0.3657735
0.28251576	0.29104555	0.35388038
0.93067634	0.36393458	0.10953058
0.554154	0.4673686	0.29175144
0.6596012	0.8896023	-0.11275555
0.37565506	0.27948236	-0.2386584
0.8662036	0.24936026	-0.038616467
0.19525933	0.2857083	-0.3965967
0.0017689466	0.92354846	0.13342163
0.03596443	0.8183538	-0.21034805
0.66420966	0.03201157	-0.19858088
0.10584313	0.15902793	0.5483838
0.69771326	0.59196484	0.35417977
0.42518955	0.34511638	-0.4010659
0.3741457	0.1064325	0.11507711
0.8999728	0.9205313	0.27211162
0.972869	0.1707511	0.35581097
0.56496364	0.8412687	-0.5184232
0.444358	0.88903266	0.46618766
0.77470505	0.81444526	0.053871583
0.42876917	0.4124704	-0.17997451
0.34427202	0.7751224	0.49942705
0.36480355	0.009009361	0.51490456
0.3488822	0.58619237	0.14736985
0.47726005	0.3432867	0.15582564
0.714605	0.37854934	0.018782053
0.902712	0.30240387	0.12528579
0.4063112	0.94005823	0.5214579
0.90760124	0.9094452	0.3225844
0.99431336	0.5409084	-0.36726657
0.11524451	0.42014724	0.5554437
0.9606787	0.7342008	-0.07580824
0.55223745	0.6419525	0.1219277
0.9366177	0.11337626	0.51918304
0.5843623	0.73701894	-0.43500787
0.75405455	0.00052702427	-1.0062814
0.5763907	0.117310524	-0.28406942
0.7299101	0.28146428	-0.28539565
0.4866504	0.37259734	0.28613162
0.99030596	0.012652338	0.45511556
0.096560836	0.20045239	0.6252191
0.6966314	0.5710166	0.30357164
0.19197416	0.17668718	-0.20589598
0.9002663	0.63547033	-0.10224183
0.17162442	0.30120176	-0.29148874
0.40397215	0.22186983	-0.49581546
0.2820685	0.4525379	0.068218276
0.37459695	0.90912735	0.55268854
0.890409	0.6875627	-0.002521675
0.9435955	0.9639836	0.23903508
0.69040513	0.44430768	0.11390892
0.050373435	0.5151108	-0.25725123
0.9633067	0.8703357	-0.026384253
0.5999655	0.42879033	-0.28309646
0.10217011	0.22865379	0.56862706
0.6626546	0.0060046315	-0.108229846
0.18026537	0.66533995	0.21105947
0.8757576	0.31070346	-0.10389815
0.57576984	0.19628006	-0.27516285
0.97675484	0.4640463	-0.15526868
0.88635045	0.18270779	0.2697805
0.28878748	0.009451449	1.4743612
0.8236943	0.118690014	-0.28451794
0.43161458	0.43944794	-0.11187725
0.51763785	0.46531075	0.52472305
0.49693847	0.5674447	0.5392467
0.9481272	0.85727113	0.16266477
0.2254597	0.6339388	0.000102109276
0.73118174	0.046531677	-0.7868471
0.8154028	0.47789162	-0.24672115
0.7453385	0.9172263	0.48785415
0.42134744	0.8598068	0.5588922
0.17626971	0.7365275	0.32717943
0.7472405	0.91969174	0.44584203
0.6350783	0.51325864	-0.18293117
0.8360093	0.73547524	-0.24354146
0.12964553	0.7582312	0.5235112
0.71785367	0.059375346	-0.6879264
0.2393505	0.60528606	-0.049303137
0.7601934	0.26315683	-0.49373358
0.21012294	0.9965943	0.47441024
0.628769	0.10336751	-0.3435176
0.5307291	0.9185911	-0.24503489
0.5972536	0.7704376	-0.558799
0.08572954	0.3612002	0.5669399
0.02540952	0.08055538	1.1761556
0.91029936	0.07276499	0.6442947
0.86132354	0.8553838	-0.06839465
0.40493965	0.2620859	-0.47094074
0.1239509	0.06801152	0.32015383
0.5503818	0.31499588	0.19197413
0.083400786	0.51124585	0.49243402
0.9324257	0.4679469	-0.0141619295
0.55944395	0.46538216	0.20151523
0.9022844	0.16995102	0.380498
0.3431067	0.6808963	0.31016928
0.98559517	0.7662236	-0.34533408
0.993478	0.5034924	-0.3953228
0.080317676	0.9514633	0.13927066
0.79930556	0.3107639	-0.35238898
0.924147	0.19293672	0.39987144
0.25113267	0.74265987	0.3646393
0.05173236	0.49555933	-0.26701033
0.1720056	0.1519022	-0.25546694
0.6689184	0.6557041	0.15593687
0.99464643	0.682182	-0.4359489
0.44340044	0.3524716	-0.22860943
0.7667727	0.14133948	-0.72191685
0.25527602	0.07196981	0.965562
0.84269214	0.053358972	0.27027655
0.84678674	0.5953957	-0.210536
0.65494317	0.5696211	-0.04567072
0.6880566	0.21254247	-0.37509513
0.5264889	0.023989916	-0.041013833
0.55899864	0.05321634	-0.20880464
0.73646706	0.72679013	0.48445642
0.7774794	0.5892399	-0.0072635915
0.32132626	0.14505523	0.75304973
0.97307914	0.5998613	-0.26951128
0.022417188	0.17718971	0.29775244
0.22225142	0.37138706	-0.30910087
0.78706133	0.68655884	-0.0710255
0.7542981	0.019597173	-0.9166229
0.13815874	0.04868281	0.09998796
0.57953984	0.70251554	-0.33180195
0.14923996	0.5679183	0.3353341
0.0393036	0.36749893	-0.36811015
0.38514847	0.17095	-0.17739052
0.4225071	0.36306983	-0.35372913
0.5159003	0.8369315	0.12439549
0.03413242	0.6883069	-0.63169116
0.9145013	0.43592328	-0.08338949
0.28914613	0.44651878	0.022304952
0.13364822	0.9313946	0.17013648
0.6528952	0.9710596	-0.41049004
0.62357247	0.32479727	-0.38573682
0.78858924	0.4957646	-0.13937944
0.4786982	0.6905895	0.5456018
0.9971462	0.89650506	-0.3332703
0.8503401	0.97197014	-0.23709017
0.15788895	0.9993702	0.095112026
0.73466766	0.03656876	-0.8604315
0.4761197	0.2452327	-0.095030524
0.81597686	0.8760974	-0.29917336
0.4173224	0.6066074	0.17711772
0.7039522	0.99870205	0.6090685
0.08965641	0.028048038	1.070408
0.23313504	0.7384768	0.2781934
0.5906662	0.2483046	-0.3100894
0.20301819	0.7669717	0.33869505
0.12601805	0.65291196	0.6016939
0.30605656	0.35294932	0.30430806
0.7605023	0.2491771	-0.49299282
0.9277529	0.2452985	0.29451555
0.94976854	0.2130087	0.3633178
0.1201759	0.92429626	0.16809379
0.642467	0.64898694	-0.15741119
0.32841837	0.5351079	0.1282923
0.8784802	0.7663771	0.015685098
0.9587915	0.25719005	0.2850069
0.8721585	0.1656233	0.2513664
0.51384395	0.1347248	0.06292208
0.6436382	0.1320228	-0.38950485
0.85928863	0.8547937	-0.1180668
0.403346	0.75957215	0.4730378
0.043106675	0.8193153	-0.15480913
0.72235274	0.9030024	0.6409842
0.0868929	0.35462403	0.54515946
0.82287234	0.26122695	-0.32267022
0.6664452	0.16098052	-0.386174
0.5211816	0.7534189	0.26976085
0.5694815	0.50350475	0.1108261
0.9222083	0.9872163	0.24232663
0.45516312	0.47066486	0.1415666
0.16337746	0.4010619	-0.08133401
0.6509996	0.026602149	-0.23886934
0.27094156	0.8943722	0.6772635
0.29870605	0.08859128	1.2197884
0.60267645	0.6995148	-0.37785617
0.9180394	0.50546193	-0.118207626
0.19215387	0.049448967	0.01598984
0.9214781	0.1732881	0.42923424
0.60952294	0.20697558	-0.4390044
0.7980138	0.47272605	-0.20739946
0.2828645	0.120952785	1.051083
0.043664217	0.0005016327	1.7506379
0.5213163	0.19478518	0.09783055
0.16120559	0.12489951	-0.1946791
0.93655044	0.21982068	0.27468503
0.12238467	0.5311623	0.56843895
0.17104852	0.65446585	0.32932556
0.4727006	0.04226643	-0.111077994
0.6768575	0.12238729	-0.38502875
0.14766395	0.7106428	0.4943016
0.35737312	0.6803231	0.31915107
0.74169815	0.752436	0.48214003
0.26911134	0.018678308	1.3933498
0.57931536	0.7872937	-0.45842338
0.17039657	0.31947756	-0.28583276
0.06841326	0.37901837	0.2980212
0.82562244	0.14745748	-0.28233692
0.974586	0.6026173	-0.29679582
0.98368883	0.6928181	-0.34628683
0.8873174	0.3618862	-0.08224294
0.5671065	0.8140778	-0.45216614
0.16405779	0.8564127	0.43110085
0.50368786	0.9314294	-0.031626843
0.35761178	0.60896474	0.22576648
0.29868686	0.19022751	0.7775788
0.9208646	0.9931849	0.29789266
0.32041597	0.064327896	1.1120886
0.10527009	0.80844736	0.48381758
0.91760474	0.67309445	0.02158576
0.6923938	0.19130856	-0.38531947
0.48693925	0.3682425	0.2644841
0.9445237	0.41822374	-0.037292834
0.36993897	0.11924291	0.11302582
0.9934345	0.113149226	0.45910564
0.3711366	0.07593435	0.18617743
0.08329022	0.15994042	0.7706022
0.26150942	0.65211505	0.14479372
0.23017204	0.641098	0.042270318
0.6219643	0.19739819	-0.4547361
0.1369077	0.05741161	0.135117
0.79029113	0.35837764	-0.16330807
0.14552385	0.41807395	0.09742183
0.77946764	0.61993414	0.010745984
0.8673841	0.23522943	0.06001299
0.50413483	0.8895719	0.09420252
0.87057376	0.3752404	-0.11097474
0.25170654	0.51051486	-0.17032161
0.08436751	0.35640806	0.58781505
0.19980925	0.97842747	0.4162508
0.8860204	0.77275866	0.062071636
0.70456964	0.24561203	-0.3046948
0.3988645	0.20558047	-0.46998677
0.69359595	0.9138016	0.5218578
0.26368862	0.6989919	0.251957
0.38724262	0.863496	0.6121032
0.1966865	0.2599675	-0.3179224
0.69972366	0.95058274	0.52984685
0.6699751	0.24341148	-0.35770145
0.56808573	0.42302257	0.056440346
0.15840393	0.33241177	-0.20594038
0.8159507	0.20533991	-0.42377448
0.502826	0.13744915	0.041868515
0.6656845	0.84925854	0.045302264
0.14910859	0.6377959	0.4239814
0.07975966	0.61426944	0.46962512
0.0076951385	0.52901375	-1.7409991
0.6125169	0.277862	-0.43556967
0.97079474	0.8713096	-0.12088268
0.9893277	0.9847554	-0.26498404
0.18309021	0.09229612	-0.094070435
0.87037736	0.6451871	-0.16063926
0.7757262	0.6894607	0.043484658
0.02609247	0.3582545	-0.67720467
0.83822453	0.83218783	-0.27783108
0.05164218	0.7275735	-0.124730155
0.15443617	0.5531645	0.2632981
0.11880356	0.021298945	0.49389845
0.2641688	0.922001	0.70086926
0.62293005	0.4631772	-0.34250316
0.44381946	0.91999775	0.4091705
0.019923091	0.1489222	0.46085674
0.5472116	0.69146895	0.13534296
0.6538578	0.8293841	-0.13993219
0.8536899	0.6428237	-0.23232152
0.8438092	0.47098422	-0.2486162
0.50695556	0.39977312	0.38812533
0.58717674	0.49681103	-0.15136696
0.69734156	0.5175866	0.22499327
0.9842278	0.6070985	-0.3781681
0.07458764	0.46813893	0.34336618
0.20288378	0.67557997	0.14673693
0.190382	0.8461102	0.4736395
0.5741333	0.13933349	-0.26198444
0.46214437	0.66563874	0.52416235
0.08581197	0.9522333	0.094504826
0.697156	0.9974139	0.5182744
0.6864218	0.4214769	0.0017770575
0.32215285	0.91165084	0.71213526
0.845873	0.18315518	0.0042146593
0.9126328	0.42056048	0.0009308141
0.7129162	0.53422683	0.28032684
0.26321775	0.5860695	-0.011856956
0.5164158	0.83047456	0.17237245
0.6118467	0.83478427	-0.67053986
0.46928883	0.009711146	0.031431492
0.13468546	0.32824165	0.17793284
0.98869866	0.5654511	-0.44021988
0.5174726	0.44345415	0.5206141
0.42323261	0.557878	0.06543492
0.46482736	0.5893222	0.4139521
0.4937539	0.64280766	0.54215276
0.11520338	0.05812335	0.48328185
0.4467789	0.8610793	0.47594777
0.6722106	0.6475625	0.173695
0.7044649	0.43595505	0.12943135
0.029641211	0.1866473	0.41744637
0.3975218	0.4031067	-0.28881204
0.8554422	0.40717828	-0.21593203
0.5913912	0.3076893	-0.3499154
0.050405025	0.97799945	0.21094649
0.08659774	0.12307608	0.9163565
0.23828948	0.9461276	0.67586267
0.14157891	0.2304498	0.053172752
0.57922536	0.554888	-0.039206192
0.5295595	0.9273959	-0.2366826
0.36751562	0.082383096	0.29569697
0.9048992	0.0052743554	0.87114275
0.075974345	0.20568079	0.7202079
0.75432456	0.9316504	0.32700473
0.86521935	0.16058695	0.20487387
0.2821921	0.46073425	-0.02316371
0.6667327	0.8426975	0.066007785
0.551527	0.23266554	0.013985461
0.33842874	0.54760855	0.13124758
0.44831473	0.18218786	-0.3526539
0.4411512	0.8901805	0.49581423
0.404131	0.83501637	0.61127377
0.17328042	0.46944165	-0.10478555
0.48121345	0.20757246	-0.1121379
0.89438933	0.7844845	0.10875716
0.07358503	0.29381317	0.5167482
0.6073509	0.865935	-0.781731
0.9475257	0.22459465	0.32061136
0.614778	0.49457568	-0.27115834
0.50106543	0.12607735	0.020201586
0.8969344	0.19862503	0.321318
0.96060425	0.36367798	0.049881577
0.4823578	0.5244344	0.45835987
0.45431554	0.1822198	-0.3271124
0.88048446	0.7099317	-0.0864134
0.61124396	0.8849157	-0.8087008
0.39419657	0.22840786	-0.33536655
0.75687015	0.6769253	0.22140072
0.5531848	0.75891894	-0.064285085
0.82831204	0.5199285	-0.22781308
0.20466566	0.22442037	-0.24091123
0.3108098	0.522782	0.10050687
0.5518378	0.5750847	0.19902901
0.050670683	0.40227604	-0.16597113
0.4132346	0.008488178	-0.11900398
0.3086655	0.19804138	0.7207524
0.9269784	0.7974885	0.19977212
0.6730094	0.15557861	-0.2939716
0.16512227	0.5468709	0.08308664
0.75411147	0.1337573	-0.75842524
0.019530058	0.1466372	0.5411542
0.7937432	0.86852413	-0.15111583
0.3122732	0.44209343	0.13316387
0.36726284	0.0258165	0.42529196
0.71191305	0.58157754	0.38746476
0.32381856	0.1351155	0.83904064
0.5064193	0.76473105	0.3801477
0.46806318	0.7058825	0.52076226
0.27833223	0.60958505	0.07846574
0.43279994	0.059140623	-0.26190522
0.8093768	0.8268816	-0.26289585
0.6672887	0.15788567	-0.37703264
0.9480521	0.26420933	0.26076624
0.891131	0.5436214	-0.13959691
0.46981156	0.8997461	0.32813543
0.112516046	0.7198015	0.61739266
0.15271026	0.989561	0.09923466
0.4003926	0.8198546	0.5999773
0.6949364	0.26913458	-0.20808996
0.64139664	0.47619236	-0.260833
0.14282006	0.6357268	0.54659635
0.96259123	0.68540806	-0.1736445
0.9836932	0.36365378	-0.03678756
0.4251234	0.6206161	0.2543766
0.20647681	0.27930427	-0.32784405
0.7709173	0.8472881	0.11758207
0.41820675	0.5341769	-0.0073883086
0.6319403	0.64229506	-0.24134238
0.9325106	0.56925243	-0.036762685
0.47526783	0.560777	0.4356136
0.38176328	0.9981731	0.60778046
0.07649541	0.010162234	1.4174877
0.09660274	0.39050585	0.5807012
0.8831645	0.41847742	-0.13430545
0.45275265	0.18466687	-0.3303499
0.4205466	0.40855223	-0.24509126
0.40912175	0.3767966	-0.34252536
0.565022	0.834842	-0.47759792
0.736614	0.40890425	-0.0042284895
0.44615847	0.533012	0.1585954
0.5760041	0.13841462	-0.2766151
0.31762463	0.51910883	0.06099075
0.89476776	0.8067045	0.21770367
0.022331	0.8349336	-0.33916312
0.7631691	0.26923716	-0.39925227
0.93756425	0.29027218	0.22638744
0.79377705	0.11005962	-0.625034
0.6854963	0.31246144	-0.17642465
0.18033236	0.6420176	0.122785166
0.44212526	0.60121155	0.3060412
0.84046525	0.17301631	-0.029328704
0.30272466	0.24760866	0.5411686
0.9011088	0.094267845	0.5653427
0.9494124	0.22561044	0.3159112
0.29221308	0.1573416	0.96079767
0.9246149	0.7272127	0.10742618
0.3024704	0.04753989	1.3480667
0.27667534	0.22882974	0.5691648
0.06055051	0.10305148	1.1675996
0.09869242	0.2937104	0.55712575
0.4428631	0.72983515	0.5010238
0.23094481	0.49366128	-0.27701312
0.853325	0.8162011	-0.17719781
0.8776747	0.9769622	0.0059501566
0.6613843	0.61058474	0.01824375
0.33889335	0.81326926	0.62447214
0.90397984	0.15629047	0.4136516
0.026453555	0.9597231	0.25816658
0.6823211	0.09227103	-0.35543227
0.26069808	0.5684764	-0.093406096
0.6409313	0.17994338	-0.42263225
0.20974618	0.9230312	0.58355194
0.13262707	0.50034755	0.3252485
0.13194782	0.27392906	0.18475915
0.777843	0.97964984	0.0017499886
0.9295145	0.14031827	0.47627497
0.7386502	0.8076112	0.48882398
0.37163746	0.6101388	0.19185597
0.78340966	0.018534124	-0.7081511
0.70688593	0.24768454	-0.28086233
0.50181174	0.38213724	0.421625
0.32006222	0.14971977	0.7733793
0.6717181	0.7048875	0.2593116
0.79075927	0.66219723	-0.087239586
0.070692	0.4788385	0.27182573
0.1825521	0.94742626	0.35908118
0.89695394	0.67211276	-0.02750893
0.05787319	0.61519116	-0.060913425
0.11440569	0.99486756	-0.05428926
0.6680536	0.4879998	-0.010793088
0.052929103	0.04589355	1.4494362
0.45635474	0.72249424	0.47709844
0.586061	0.24771392	-0.284362
0.6917224	0.64327157	0.38110858
0.13802212	0.86437404	0.38377035
0.084664464	0.3695857	0.5532268
0.027528286	0.7070036	-0.7349298
0.52106327	0.56998014	0.5446785
0.95582885	0.6189147	-0.19280924
0.36815882	0.38164163	-0.25357684
0.31577164	0.39577413	0.11942952
0.12692076	0.627797	0.563877
0.85677135	0.12338686	0.1902775
0.8059511	0.37465352	-0.25627637
0.16220576	0.85268474	0.420773
0.62535506	0.89576054	-0.6897179
0.19884157	0.30797088	-0.3657167
0.6896677	0.39718914	-0.017525215
0.09821129	0.7944419	0.5240626
0.24482399	0.1062808	0.74413663
0.39792633	0.12674636	-0.30140457
0.4690324	0.5902817	0.41787347
0.7199196	0.3008752	-0.17427509
0.7763343	0.94498086	0.0046188887
0.054002047	0.9404295	0.08378494
0.33178645	0.12686527	0.74710417
0.3459394	0.027961075	0.8493974
0.5151377	0.31867313	0.37470073
0.87397933	0.20652145	0.14664622
0.600221	0.94728047	-1.0143709
0.4575761	0.574434	0.3163649
0.69056004	0.6563841	0.4148821
0.22730958	0.99319655	0.562824
0.04076135	0.9903306	0.27024332
0.66916996	0.31800365	-0.25869817
0.42911482	0.13524473	-0.38020968
0.19438928	0.6150802	0.05404908
0.6876312	0.8216031	0.45070523
0.27780408	0.12919456	0.97019804
0.68882245	0.7402462	0.4281173
0.10985172	0.36469823	0.4187523
0.43647355	0.8739113	0.5045106
0.22316891	0.261824	-0.10397582
0.60113084	0.6148416	-0.267687
0.26338238	0.27263194	0.29813397
0.6119656	0.5898993	-0.32976672
0.3318091	0.4225108	0.031915117
0.95099753	0.907346	0.12194726
0.58408326	0.7922351	-0.49680677
0.61862093	0.73099923	-0.4294275
0.41616237	0.15436393	-0.4312811
0.032262087	0.4898098	-0.88988924
0.3904662	0.096720636	-0.144953
0.80312896	0.9581639	-0.35159305
0.7000422	0.92630434	0.59225404
0.77270913	0.833363	0.12259977
0.9132478	0.3390937	0.056372322
0.8334634	0.682698	-0.19837445
0.6989447	0.20191383	-0.35810494
0.97225106	0.74732244	-0.219221
0.96451455	0.13471383	0.42029703
0.39563382	0.55537593	0.08753064
0.73682207	0.48871738	0.1570352
0.5950571	0.82391226	-0.77148706
0.9356958	0.88325006	0.25126687
0.035161138	0.6522476	-0.70336
0.004351437	0.13971043	0.33357224
0.8471922	0.022628546	0.38923723
0.048515975	0.5619462	-0.34187847
0.07856923	0.34508026	0.46186292
0.10847545	0.89725244	0.31833887
0.8135958	0.657069	-0.1643069
0.21314049	0.44115603	-0.38184136
0.842531	0.89572126	-0.22067712
0.55347526	0.35329497	0.17102869
0.539249	0.6486761	0.29329923
0.082484305	0.079172194	1.0693334
0.5015691	0.64714557	0.5078158
0.50095344	0.5513292	0.5288027
0.6121609	0.94412506	-1.0667871
0.19619417	0.77516633	0.32900652
0.22466946	0.5389106	-0.20827948
0.26057398	0.02107817	1.2144866
0.6557969	0.45544505	-0.1626754
0.5874761	0.74557805	-0.421984
0.7196526	0.68844193	0.5006363
0.93708485	0.5424667	-0.12810323
0.6679897	0.031477153	-0.22557774
0.051579654	0.752162	-0.08891129
0.5760576	0.3700331	-0.085800834
0.455665	0.6536282	0.4583764
0.17022711	0.93435735	0.32654256
0.59331864	0.33525974	-0.25502285
0.0024009943	0.6507889	-1.5873454
0.92999655	0.19721752	0.39342833
0.8453439	0.7895559	-0.251561
0.038262248	0.50627744	-0.6816127
0.37043828	0.96476305	0.631724
0.60280716	0.64071035	-0.33709598
0.21786213	0.4094329	-0.34391138
0.8617344	0.9003663	-0.10377843
0.4866383	0.8366114	0.39189845
0.7087697	0.33497244	-0.12951136
0.061585963	0.20601255	0.6952969
0.8126125	0.010141075	-0.20995884
0.6261775	0.8824277	-0.68944293
0.56044364	0.6954945	-0.1045073
0.5046492	0.009121478	0.07218047
0.8554316	0.8146608	-0.11759087
0.56673723	0.4132657	0.14958376
0.13936758	0.07936901	0.073106214
0.42647624	0.5067634	-0.038328562
0.00150913	0.5883428	-1.7497811
0.7061077	0.2287662	-0.3443086
0.65297604	0.19979292	-0.4483576
0.9454087	0.93931675	0.15232313
0.7140826	0.40992445	0.043002866
0.522944	0.9541352	-0.26397297
0.64885914	0.6179987	-0.10010407
0.6902506	0.34494913	-0.09607718
0.94185406	0.2246601	0.37936106
0.774126	0.54102147	-0.039320223
0.5249989	0.7557378	0.20436965
0.5805456	0.42141294	-0.08547826
0.76806384	0.66894716	0.15925686
0.44051278	0.6502516	0.3460489
0.71449405	0.92741996	0.66480714
0.90181	0.6500623	-0.06971496
0.8810426	0.9135037	0.10414744
0.14129698	0.62063265	0.48732382
0.26898944	0.97110915	0.65979594
0.23463207	0.520702	-0.22086878
0.32992816	0.9100959	0.6957285
0.52255744	0.88187456	-0.042674698
0.34347123	0.44002718	-0.029331964
0.6373703	0.2758773	-0.45137998
0.28418207	0.17735034	0.8365434
0.8919171	0.3413275	-0.029762363
0.1724006	0.4497655	-0.18589304
0.41263753	0.2742061	-0.4689046
0.99447024	0.68398434	-0.45842427
0.5872393	0.37393272	-0.19974151
0.0860728	0.6602188	0.5419905
0.915906	0.8302745	0.24846289
0.064255476	0.79840124	0.17202723
0.40590364	0.20392084	-0.480417
0.7904864	0.057547152	-0.70462656
0.60502464	0.56116766	-0.2783501
0.106902	0.43355137	0.5204034
0.51486665	0.5875166	0.58013
0.17572135	0.7708137	0.3643655
0.02045244	0.5978261	-1.1693113
0.5723469	0.39478737	-0.019122496
0.44501334	0.0038712025	-0.12767112
0.70321715	0.72343904	0.5774179
0.46627045	0.46558148	0.20146158
0.9506914	0.84735525	0.099972814
0.26664817	0.99324936	0.73923147
0.95668554	0.73840517	-0.021949068
0.1730774	0.89447117	0.41399914
0.18402088	0.67122334	0.16607505
0.22007889	0.92353004	0.5489163
0.2548957	0.76725364	0.4039785
0.5185434	0.43685555	0.4648797
0.80939734	0.83694375	-0.32416493
0.3998083	0.4015923	-0.3224643
0.73798734	0.74887437	0.5004465
0.82287276	0.8649746	-0.34813493
0.0045073032	0.68616086	-1.326876
0.35314602	0.603644	0.21076459
0.579659	0.5331985	-0.044322293
0.39600104	0.23041207	-0.3944934
0.62042856	0.44210064	-0.32635018
0.24729174	0.24585181	0.244516
0.58222866	0.34342247	-0.11569058
0.19959098	0.9021704	0.5094355
0.8367456	0.5271496	-0.2567885
0.36106867	0.27217305	-0.06560469
0.30501443	0.031716585	1.4061232
0.7210151	0.8414862	0.59522474
0.09417844	0.44405168	0.55464685
0.70612216	0.36852574	0.030357514
0.84658885	0.9673503	-0.32994327
0.7777951	0.37444025	-0.24201982
0.7038623	0.9187447	0.5904378
0.13375854	0.6492651	0.60153663
0.49056482	0.9721031	0.028965395
0.20242602	0.75072086	0.30659056
0.96842146	0.69281	-0.24406281
0.9415667	0.00789237	0.68772835
0.368468	0.73252845	0.48481286
0.8978814	0.6973259	-0.034581907
0.6858932	0.5890886	0.29379874
0.84999883	0.00920558	0.47361678
0.04003495	0.1781857	0.62942594
0.13951999	0.39527315	0.18646215
0.91081035	0.7032011	0.12760863
0.93715864	0.6996523	-0.014399691
0.3153901	0.70390123	0.37036732
0.9465104	0.6598765	-0.04240672
0.2397129	0.22159642	0.22298355
0.9448603	0.074338794	0.5981079
0.7482263	0.26319432	-0.397879
0.7226223	0.097477734	-0.63290036
0.9425794	0.9059238	0.22223856
0.5023025	0.7196862	0.46827877
0.55072725	0.5346063	0.3379237
0.73780507	0.3996815	-0.103149734
0.25032198	0.29533327	0.07335228
0.029247522	0.6806042	-0.7362558
0.22405195	0.9128836	0.56255513
0.66380477	0.57411975	0.029712785
0.9638255	0.15565544	0.38874927
0.3206331	0.5034647	0.1510071
0.61324143	0.17630816	-0.40253472
0.49702096	0.0029402375	0.065028325
0.83055145	0.37083572	-0.28488442
0.88134605	0.40703768	-0.14086933
0.22698587	0.18850458	0.09019345
0.49936688	0.90892905	0.14589615
0.4610706	0.61886203	0.44463772
0.2547841	0.35975736	-0.0673912
0.3397895	0.20892382	0.38488898
0.435665	0.1168865	-0.36290595
0.14167643	0.12950969	0.048062935
0.052124083	0.075437665	1.2539817
0.91863847	0.76701385	0.16390131
0.93969613	0.19362617	0.41882077
0.6443048	0.36000037	-0.373449
0.48590267	0.16805774	-0.012921876
0.32472378	0.07411939	1.0639528
0.9952352	0.086144805	0.5049037
0.54104733	0.9569788	-0.54703766
0.8126645	0.27761358	-0.3962592
0.20934755	0.6556114	0.1063102
0.9127465	0.70636314	0.09019336
0.29522693	0.061371505	1.3701501
0.3556174	0.92332035	0.68868303
0.49177897	0.29009873	0.16736408
0.160258	0.62923306	0.3215334
0.8697972	0.96537715	-0.015520075
0.20842367	0.62498784	-0.019332752
0.93612546	0.8347083	0.14802691
0.38464838	0.8034631	0.5872858
0.9429188	0.10805541	0.51991606
0.44098878	0.14536494	-0.34548053
0.8655887	0.5799315	-0.18892665
0.12433833	0.727974	0.6239937
0.29235697	0.081070006	1.2274673
0.9346797	0.8730466	0.19537571
0.009661078	0.4242201	-1.4866352
0.3210324	0.12433505	0.99658203
0.69138485	0.76656616	0.4703468
0.09443039	0.5497741	0.5968791
0.16986877	0.09051728	-0.20032084
0.4881006	0.5749638	0.54284817
0.42219055	0.6958501	0.43574435
0.1994983	0.3225423	-0.3496317
0.19820613	0.07499784	0.036861263
0.8570992	0.99882483	-0.24232672
0.011285663	0.15339404	0.3126019
0.7481164	0.26589787	-0.32570535
0.32901007	0.52338046	0.12957895
0.9909166	0.7595532	-0.3330171
0.8219552	0.6464195	-0.23287031
0.38997626	0.49250704	-0.08085579
0.6540344	0.29654586	-0.33895966
0.55864835	0.23350596	-0.00965484
0.6296868	0.61784846	-0.2779519
0.7166551	0.4443997	0.12602232
0.7327218	0.12022549	-0.64042735
0.9235979	0.86074	0.26870316
0.46024364	0.3497576	-0.14077714
0.68751943	0.79733765	0.43660986
0.496392	0.91776496	0.16739334
0.89664453	0.975619	0.26227936
0.43582338	0.01028198	-0.19967332
0.7628383	0.45156032	-0.050809573
0.4521271	0.6454157	0.4141881
0.37356395	0.36906588	-0.25479805
0.37949252	0.20771241	-0.1955407
0.87870127	0.49685866	-0.2165796
0.4915449	0.81599015	0.3593571
0.092224896	0.32990086	0.5601946
0.046444297	0.28531462	0.13776961
0.9194499	0.8187176	0.23601837
0.8272755	0.89903855	-0.3124968
0.017229855	0.88043046	-0.12567762
0.3471849	0.72781104	0.4706094
0.8561363	0.27117223	-0.118195966
0.35286683	0.26401466	0.11535173
0.7968964	0.4684996	-0.23526615
0.47509992	0.5392655	0.41728073
0.69348395	0.036179602	-0.41176042
0.84693754	0.674094	-0.24339685
0.6704132	0.6377977	0.16772325
0.7709535	0.0017302036	-0.8670535
0.56587577	0.42600518	0.10629045
0.30930543	0.1665225	0.8744613
0.78288186	0.79071146	0.019700646
0.6089522	0.12914604	-0.39021
0.23695219	0.051216185	0.75408757
0.9580281	0.4402963	-0.07902126
0.6818427	0.3439852	-0.18243566
0.16655248	0.22987705	-0.2743424
0.45428598	0.87237227	0.46251646
0.4733206	0.19412464	-0.16956939
0.6283388	0.5225987	-0.25907472
0.06828576	0.500255	0.27256796
0.5345117	0.1135512	-0.052090343
0.06602001	0.46141207	0.2177308
0.23687792	0.42156118	-0.20456466
0.6668881	0.5905382	0.106495306
0.3143612	0.87962306	0.6530026
0.58993053	0.014440656	-0.2130414
0.21594203	0.7957787	0.42907897
0.50899273	0.34725928	0.38639295
0.5647231	0.94261783	-0.82264704
0.20782351	0.0755921	0.15717053
0.998852	0.65621156	-0.504159
0.9800684	0.7760912	-0.25618604
0.9749783	0.4177975	-0.10542858
0.2906456	0.19838834	0.7167239
0.19022804	0.82584184	0.38401657
0.0035787225	0.6307701	-1.5720397
0.21897167	0.18135059	-0.037629955
0.53533685	0.63722473	0.3637687
0.33447218	0.7373265	0.45645407
0.61503184	0.18767983	-0.43710175
0.18821198	0.6691194	0.17395616
0.56463724	0.50944275	0.13455446
0.12755501	0.1434586	0.17923866
0.45240128	0.31758773	-0.2266803
0.20713305	0.6031021	-0.002183713
0.8387709	0.06132734	0.09406926
0.10391438	0.71565443	0.6205147
0.82301855	0.915213	-0.36163548
0.30264091	0.99873936	0.72525567
0.18685657	0.2601	-0.3654823
0.21675873	0.9564451	0.56026447
0.55298156	0.25803328	0.06984556
0.8915521	0.5075167	-0.16523172
0.7616427	0.9892586	0.25365725
0.30174232	0.9379929	0.7231706
0.6135707	0.28583252	-0.46286073
0.33141696	0.13807243	0.73786736
0.45881283	0.55697525	0.39135143
0.56616235	0.3390544	0.061505016
0.043278456	0.7010901	-0.24318522
0.9047138	0.038268685	0.8251636
0.21119612	0.4360748	-0.34257215
0.6147456	0.43846202	-0.34599704
0.018724382	0.6619636	-1.1178684
0.80915743	0.15361196	-0.45818752
0.21166366	0.415626	-0.3585364
0.4605134	0.12080699	-0.2652486
0.31959218	0.670694	0.32039496
0.5790551	0.85191107	-0.62026596
0.101495564	0.9775706	0.0086508915
0.5087641	0.33493024	0.3208528
0.4472785	0.24973106	-0.32528216
0.61623937	0.33017427	-0.43768033
0.20208305	0.047009945	0.20637447
0.6650747	0.038749933	-0.20776057
0.44010752	0.4148482	-0.15203701
0.13909584	0.24708694	0.0658499
0.25441736	0.84182346	0.5082441
0.21940297	0.11946648	0.267946
0.18417239	0.8148534	0.3796683
0.6540152	0.46120232	-0.23550248
0.6905487	0.3817411	-0.030373625
0.5285303	0.8451209	0.024005484
0.49343473	0.62450254	0.5672508
0.65605664	0.47199202	-0.11984575
0.8052885	0.22132158	-0.468119
0.9066833	0.6652896	-0.06878311
0.45329833	0.35449207	-0.15220724
0.26065922	0.9310317	0.72047865
0.5828863	0.53275484	-0.100283116
0.48522794	0.6431752	0.5217914
0.97324806	0.5368667	-0.27339485
0.15000904	0.48196012	0.19659337
0.5327002	0.8889615	-0.16265169
0.887043	0.108653426	0.49647954
0.9054606	0.50860494	-0.109253034
0.030696929	0.19541168	0.33070323
0.29851848	0.018994272	1.5125139
0.47091407	0.37170357	0.11968692
0.79518884	0.065656185	-0.6190838
0.6315905	0.24624324	-0.51311606
0.10095388	0.8623605	0.38698018
0.39517552	0.9609518	0.53742987
0.41862452	0.005891919	-0.11988222
0.46140945	0.16472882	-0.22075568
0.11554897	0.9142151	0.18540013
0.7930052	0.13667941	-0.6075116
0.41313314	0.79798067	0.52086073
0.41131437	0.97024167	0.41630638
0.9157193	0.16290426	0.46440327
0.8218252	0.88844204	-0.283167
0.6943183	0.7380152	0.4590131
0.119116664	0.6599305	0.6546295
0.8729821	0.07599437	0.49248704
0.66177374	0.86919147	0.028091904
0.8083208	0.102163255	-0.47690898
0.37819928	0.47973222	-0.10908957
0.11051184	0.18616557	0.47704315
0.25197172	0.8945531	0.6627072
0.16762006	0.6811059	0.29315335
0.009603202	0.11447674	0.66601557
0.8195229	0.11809069	-0.272993
0.21421927	0.98263615	0.5669493
0.7503893	0.52400994	0.12552266
0.4851448	0.043013453	-0.019048989
0.66020143	0.32253224	-0.29100558
0.5358901	0.46537215	0.4785753
0.6573725	0.6296094	0.0343005
0.011862576	0.09551692	0.7905227
0.39203304	0.55235535	0.034301568
0.7871915	0.8097069	-0.076237485
0.4522764	0.8850042	0.44946468
0.48850155	0.72437894	0.46735904
0.28038114	0.26779097	0.41912192
0.59650797	0.4855376	-0.24930622
0.4136786	0.91299003	0.5403096
0.14365655	0.40334612	0.09784697
0.032045066	0.25216377	-0.07720205
0.21892893	0.09381163	0.33588055
0.5731094	0.3433708	-0.03441604
0.17275733	0.6197597	0.20387582
0.09908885	0.07920349	0.80547076
0.32275808	0.86246514	0.6417858
0.14500111	0.7580274	0.4942072
0.7923107	0.018696189	-0.6494053
0.008196294	0.7791526	-0.7589094
0.5907083	0.67387784	-0.3398325
0.31162786	0.92969894	0.6938983
0.58832747	0.28263557	-0.24777856
0.65375715	0.8588109	-0.2232075
0.8658181	0.50935936	-0.2334715
0.60997593	0.18598026	-0.4412102
0.020570636	0.97599393	0.36539903
0.5078085	0.38835275	0.44369
0.6956641	0.1379838	-0.43113998
0.8114045	0.7257674	-0.18567467
0.41478342	0.5668333	0.08419227
0.1376602	0.5035522	0.3599131
0.54545695	0.018535137	-0.079033524
0.819961	0.008598685	-0.048578184
0.66103715	0.8770776	0.0063197613
0.8360293	0.035010457	0.09069304
0.21881658	0.45339346	-0.35093132
0.76898926	0.7772245	0.109011136
0.75383174	0.9649053	0.3545344
0.7845747	0.463081	-0.13109541
0.68104994	0.45802522	-0.0029206201
0.58624345	0.28881782	-0.2881922
0.44276613	0.509406	0.15590113
0.10944474	0.4297309	0.5283992
0.8138106	0.9089175	-0.36921445
0.26519465	0.4777875	-0.08456757
0.64978385	0.026804566	-0.17426205
0.33065623	0.12634927	0.7765715
0.4212957	0.32456124	-0.43103752
0.32524097	0.038311064	1.1693233
0.7698342	0.7491151	0.20187011
0.15450668	0.44404316	0.007951062
0.17775518	0.51089317	-0.118869215
0.1477769	0.6043759	0.4145902
0.859756	0.22084254	-0.015360727
0.2635131	0.38038695	-0.00022540404
0.15537226	0.16856068	-0.20005314
0.7173358	0.2499308	-0.23279698
0.6900865	0.78285515	0.48450884
0.36159503	0.6342169	0.26981118
0.024579406	0.366839	-0.81573725
0.649293	0.8041974	-0.20374751
0.7450908	0.9087093	0.5015033
0.0971303	0.688358	0.60242665
0.4970746	0.9794771	-0.033316236
0.9407037	0.6683735	-0.03720305
0.44873846	0.43009436	-0.07841038
0.5027752	0.35163647	0.34250468
0.18672413	0.08106631	-0.10117791
0.5152239	0.73355734	0.34094894
0.16734076	0.17056286	-0.25500947
0.12046629	0.11810005	0.31893516
0.081894696	0.809271	0.3206454
0.6771807	0.28871077	-0.1507887
0.48788303	0.70136994	0.54991174
0.13270444	0.11039734	0.19114272
0.07950252	0.4037912	0.41779187
0.48019612	0.24349725	0.0015872037
0.476479	0.28585196	0.0048276875
0.9806776	0.9817344	-0.24841955
0.5322539	0.6668217	0.3244929
0.11104512	0.9465885	0.122153565
0.49858886	0.5865595	0.56007904
0.5813253	0.5886203	-0.09372957
0.66875845	0.14324075	-0.3672268
0.57048243	0.55470383	0.033969503
0.27714002	0.3596657	0.18482056
0.6614246	0.6718689	0.13396691
0.5678601	0.39764827	0.058698803
0.28585762	0.6157531	0.12346563
0.7567874	0.79002464	0.35417813
0.37528163	0.8474471	0.625132
0.9542631	0.8447493	0.051691897
0.63242453	0.89609784	-0.59946173
0.084953964	0.28676265	0.59167725
0.821507	0.61452514	-0.2971212
0.52346975	0.98565423	-0.36704186
0.07427198	0.14631885	0.91509926
0.7007637	0.8329024	0.61964047
0.73451054	0.9357442	0.6109359
0.8559478	0.84067947	-0.15618393
0.1321469	0.6861273	0.57194716
0.7271442	0.18581289	-0.5183072
0.5884837	0.6026181	-0.19046374
0.19187063	0.46189296	-0.27303618
0.12896138	0.40608752	0.3538514
0.340204	0.99447066	0.668034
0.71098095	0.21242356	-0.4103742
0.5210178	0.6380372	0.4487368
0.07103318	0.43945557	0.29456273
0.74123776	0.89104337	0.5574905
0.4714409	0.71960485	0.5441559
0.010953724	0.76148397	-0.8611353
0.8526374	0.41983074	-0.25255165
0.9068968	0.09849763	0.56144994
0.7920043	0.5171954	-0.1291806
0.860848	0.256532	-0.0945697
0.3513332	0.4797446	0.015592096
0.9792192	0.51491046	-0.28216526
0.8620686	0.28815168	-0.09075495
0.65619284	0.8973307	-0.23843586
0.3327592	0.30576962	0.21529175
0.69210577	0.37962878	-0.04835807
0.5804626	0.35432208	-0.1696138
0.30503333	0.27157027	0.51685566
0.050684452	0.6312993	-0.1894753
0.7784459	0.56282294	0.027054269
0.7612037	0.18302315	-0.6515161
0.33680725	0.19165528	0.49792013
0.4083146	0.10247439	-0.3522198
0.6785134	0.009373367	-0.31849697
0.9786489	0.47031122	-0.17416574
0.74637485	0.51790524	0.09839922
0.8237368	0.6908238	-0.26045656
0.53411925	0.91532916	-0.28269503
0.60374695	0.59382546	-0.2688786
0.2614811	0.6285776	0.06681063
0.16438389	0.47558635	-0.012255777
0.047338665	0.30377567	0.073700406
0.9829784	0.7343762	-0.39587986
0.06691927	0.4829409	0.18699403
0.11228037	0.20423639	0.4667781
0.33726937	0.93766385	0.63836217
0.9759381	0.90157783	-0.10869005
0.5592087	0.93801844	-0.6439891
0.68076587	0.27174777	-0.28409514
0.34299868	0.1485548	0.5042376
0.49242854	0.45391566	0.4632966
0.636616	0.6298105	-0.26382437
0.59540653	0.0543738	-0.25319877
0.12186313	0.65662426	0.6553786
0.896295	0.68056434	-0.037280362
0.034653544	0.3887207	-0.60151166
0.7607057	0.448228	-0.06717363
0.58199584	0.8051288	-0.53190595
0.70987535	0.15667284	-0.48904562
0.16566157	0.8123131	0.44177324
0.31003517	0.10243505	1.1030827
0.5886187	0.8626862	-0.8098208
0.9480893	0.9897694	0.16390295
0.8066412	0.63483524	-0.19601083
0.76097494	0.32516605	-0.27118716
0.6539836	0.22655809	-0.37494498
0.70586735	0.7507291	0.51436657
0.49140704	0.67331725	0.5423521
0.8987679	0.34396243	0.03268931
0.8897751	0.24589115	0.19102679
0.3102523	0.9844604	0.72419626
0.5988714	0.52971673	-0.23107955
0.8526457	0.02258724	0.47658488
0.33209825	0.8611317	0.66090673
0.00050342083	0.7377097	-1.1323011
0.5690602	0.3657983	0.04886066
0.36025798	0.23139042	0.011588413
0.78886515	0.4116521	-0.23120613
0.9607149	0.016850531	0.5782532
0.9552086	0.18492883	0.39925835
0.62110215	0.61361337	-0.30065724
0.7202556	0.39315647	-0.04692763
0.02264607	0.26852453	-0.4026376
0.61262727	0.023634136	-0.17436716
0.5654136	0.28219664	-0.017108425
0.51081514	0.99961954	-0.1792265
0.36551267	0.22518599	-0.047886007
0.7975915	0.86472875	-0.2386213
0.46185362	0.71207607	0.4604634
0.14890838	0.23213792	-0.13029043
0.16968489	0.50180024	-0.08216226
0.47771144	0.6129847	0.50206774
0.7715822	0.6483121	0.085758545
0.68942124	0.027953863	-0.35519207
0.08140695	0.5623378	0.52722657
0.3135848	0.6898098	0.32322237
0.8835262	0.9859177	0.094383225
0.30813974	0.4322521	0.079943724
0.08968598	0.038569927	1.0809156
0.5039515	0.43599492	0.5096952
0.4954871	0.027438998	0.10203857
0.803255	0.322823	-0.32312495
0.96481764	0.5801635	-0.23667063
0.3463723	0.6287426	0.20685382
0.2666027	0.88726145	0.6333569
0.7394952	0.86460215	0.50721717
0.31573963	0.17910701	0.75836146
0.92297345	0.80109805	0.21091852
0.7831982	0.084447324	-0.73969007
0.66334116	0.11204946	-0.33490318
0.65871346	0.7915439	0.01471968
0.26639885	0.07844132	1.1726128
0.14759779	0.37701952	0.011276804
0.9564164	0.28014767	0.13100404
0.41821742	0.83451855	0.6043634
0.09554714	0.40050513	0.57297176
0.5140801	0.19439101	0.120444536
0.4216141	0.20665723	-0.46232507
0.09023893	0.6734036	0.53033364
0.08589178	0.91101015	0.1851502
0.06633806	0.3192901	0.38811904
0.28815782	0.4065212	0.0879695
0.37249476	0.38097918	-0.24264608
0.44122875	0.5073772	0.118126035
0.24854475	0.6440435	0.020747699
0.23162007	0.3577549	-0.24318899
0.0047276616	0.5800284	-1.7129378
0.63306963	0.08833158	-0.2722959
0.6994461	0.1491155	-0.44656247
0.47896546	0.64549965	0.54205334
0.7916449	0.610306	-0.1339271
0.70494753	0.6864984	0.45926455
0.83207196	0.8308427	-0.25994185
0.18234336	0.1002509	-0.15887532
0.8065407	0.9243838	-0.35834002
0.76808465	0.62068945	0.094124384
0.71251625	0.9160348	0.6580557
0.1150803	0.05446887	0.47679287
0.612168	0.7352154	-0.47567886
0.40150303	0.96163	0.53198177
0.8675636	0.49134362	-0.20933668
0.1651938	0.9099814	0.26871073
0.1509726	0.14453489	-0.0688574
0.30620605	0.856748	0.64087844
0.08472991	0.110153615	0.9215857
0.9461186	0.19050777	0.3811094
0.28803968	0.834198	0.6546522
0.5106112	0.74378836	0.41265056
0.51531476	0.03608495	-0.0047287466
0.07674599	0.6379814	0.3776142
0.42756855	0.035894692	-0.21078044
0.9525702	0.25792462	0.28623372
0.4967183	0.90278083	0.23572372
0.7028838	0.48911142	0.20893592
0.38449085	0.049304426	0.04072404
0.5679355	0.017300189	-0.18591739
0.41578007	0.46581924	-0.1400888
0.25144124	0.29709154	0.14635766
0.22814381	0.117022276	0.41150934
0.9268822	0.82027984	0.19191486
0.5305085	0.060744286	-0.0531177
0.413364	0.93082285	0.5851989
0.19616473	0.7197408	0.22954486
0.8271092	0.6993656	-0.25952682
0.37316322	0.08091164	0.14005238
0.56464595	0.827102	-0.46034265
0.5869113	0.7179325	-0.3591734
0.124331295	0.1309064	0.2796227
0.44459993	0.01867038	-0.10455464
0.5241394	0.12127793	0.05386147
0.96265	0.07270187	0.47623953
0.42555583	0.9164773	0.53816473
0.3452341	0.2618466	0.21130677
0.50196266	0.70126015	0.4984892
0.43528658	0.97009534	0.45430806
0.6181445	0.4176119	-0.33265316
0.2818011	0.882916	0.6791744
0.2271241	0.58121365	-0.12420194
0.6341757	0.5973035	-0.2167599
0.4228562	0.082176805	-0.32163557
0.3954385	0.66389966	0.4013968
0.85138947	0.15548384	0.05737018
0.8891546	0.07815242	0.6047504
0.62750524	0.71121377	-0.33360064
0.3604101	0.6668348	0.34595835
0.59195936	0.58348066	-0.2196166
0.99418247	0.34395605	-0.098972544
0.8687835	0.25399405	0.02631419
0.64943373	0.52685374	-0.17583455
0.21714824	0.049854696	0.35892925
0.6238408	0.9740532	-0.90199083
0.67505586	0.43895292	0.010865681
0.8927283	0.6312714	-0.09236259
0.12578654	0.5844957	0.54361945
0.64970344	0.07401925	-0.29921132
0.7680357	0.94177616	0.11607598
0.6714286	0.09643853	-0.36935034
0.9276661	0.16800892	0.4857477
0.5913847	0.65104926	-0.2944253
0.68046576	0.24088228	-0.2994166
0.19870514	0.86179805	0.4809132
0.89985824	0.27696782	0.15883686
0.4617983	0.5421411	0.31316206
0.6389214	0.24653685	-0.4658026
0.5759308	0.7337177	-0.35217518
0.728583	0.1283142	-0.67762
0.40097153	0.1545611	-0.33943772
0.503816	0.72176236	0.4369607
0.71825206	0.1214031	-0.59303236
0.3495801	0.5848904	0.13973951
0.24324709	0.12796849	0.5995723
0.57915825	0.019773304	-0.19093248
0.49346912	0.57777286	0.5683507
0.49420774	0.08366835	-0.032560695
0.19050288	0.8147876	0.40335146
0.8283	0.3006454	-0.261613
0.45630974	0.4290834	0.08019701
0.82452524	0.0747934	-0.17074946
0.8531868	0.8031575	-0.11302248
0.95132214	0.6705508	-0.065179855
0.20859092	0.22646135	-0.19154435
0.7335087	0.7005189	0.4513727
0.90446436	0.88151383	0.28393373
0.44339812	0.10481173	-0.33941898
0.072759986	0.40266687	0.35771644
0.6575418	0.6340959	0.028574519
0.50109506	0.8735755	0.19930841
0.79109234	0.039970398	-0.61558455
0.57175696	0.21990031	-0.17666939
0.67436844	0.5165359	0.080525436
0.4222178	0.22399253	-0.4642406
0.5179963	0.31439966	0.28175297
0.75727737	0.13080478	-0.7851034
0.69704837	0.2913769	-0.18512443
0.76472753	0.08843887	-0.84539354
0.5159288	0.21579975	0.15221073
0.94042987	0.23923528	0.3302668
0.69911355	0.95403045	0.5776339
0.7120544	0.1537152	-0.49481958
0.010540307	0.8293172	-0.5055403
0.7465064	0.946959	0.47912768
0.59328926	0.7858028	-0.6374518
0.8874388	0.39610898	-0.105386205
0.64356464	0.30591005	-0.3982333
0.6900202	0.6648524	0.4074825
0.97346336	0.55972534	-0.25858006
0.6877535	0.08217198	-0.3734293
0.18826985	0.38016075	-0.34652844
0.11956525	0.73505616	0.5793052
0.78322387	0.2542621	-0.4361633
0.8782382	0.94079185	0.05257045
0.1518538	0.7447456	0.4856925
0.10158074	0.49181306	0.6514701
0.5429272	0.67293274	0.19766128
0.13418764	0.30158502	0.18299244
0.8366904	0.96932495	-0.40441713
0.73910713	0.1685555	-0.6213186
0.83831376	0.09777045	-0.007414746
0.9023047	0.60108656	-0.0997101
0.70604575	0.26004964	-0.2578178
0.052820027	0.94209224	0.14146116
0.42682332	0.32557565	-0.3964059
0.24173039	0.25838262	0.1071627
0.2881475	0.17566913	0.89241385
0.3347141	0.3069796	0.22027569
0.7147666	0.39263034	0.04538852
0.48644668	0.97657824	0.069928706
0.51048446	0.91577595	-0.022471696
0.15248245	0.00749892	-0.009590912
0.5507271	0.2672552	0.08767953
0.7424295	0.030036688	-0.9294663
0.29513454	0.22369885	0.66949207
0.2427249	0.25620377	0.08146219
0.68603534	0.71163136	0.3991005
0.60656625	0.5084496	-0.28546378
0.09517306	0.42720705	0.5937192
0.10485542	0.89444673	0.26928285
0.7108728	0.24801004	-0.30159527
0.20353377	0.49951327	-0.30355024
0.7042958	0.77363026	0.57081383
0.76224554	0.845975	0.17186402
0.0912748	0.59976524	0.68615985
0.34141058	0.20855826	0.3490379
0.8691388	0.9161238	-0.003946019
0.38900185	0.2185691	-0.3425999
0.37298077	0.7330075	0.45520177
0.4757272	0.58255434	0.49585706
0.9771282	0.7236864	-0.28890163
0.4113344	0.5138422	-0.053143814
0.8891409	0.083519995	0.591988
0.6536957	0.9911513	-0.42477694
0.2337119	0.060883224	0.6937349
0.53837836	0.35644376	0.3199877
0.95158136	0.30643755	0.15146124
0.37884384	0.6473123	0.2201881
0.64692813	0.6699567	-0.104252234
0.28216487	0.44233072	0.05229816
0.13131928	0.5928784	0.54766196
0.17494899	0.6653516	0.20023745
0.08002943	0.4746049	0.49556404
0.6113396	0.74895585	-0.50324774
0.058112502	0.81100523	0.042348787
0.7842694	0.4838683	-0.12307822
0.4016015	0.5223821	-0.049165208
0.63151115	0.73317593	-0.36816126
0.15771198	0.3029387	-0.19169617
0.3091095	0.6259895	0.22609821
0.72465783	0.019932449	-0.7919729
0.7426328	0.08300674	-0.79150075
0.9175731	0.90437996	0.35408276
0.6309092	0.6684518	-0.2708109
0.48043698	0.7293154	0.48874614
0.43964392	0.33110863	-0.29880556
0.68383235	0.91484153	0.4087837
0.7123468	0.8430305	0.6456546
0.066578865	0.8175696	0.17865202
0.8337386	0.85454917	-0.33294186
0.5798184	0.50627154	-0.048549373
0.9329012	0.4282822	0.019615928
0.47637963	0.45584804	0.34421197
0.38200998	0.20051181	-0.24621192
0.6052482	0.30651397	-0.34754106
0.70489645	0.24641818	-0.24796322
0.98269767	0.49165672	-0.23333676
0.18840766	0.85781205	0.40569854
0.5122941	0.45599693	0.5623692
0.49162883	0.96581286	0.06290938
0.3321941	0.3070994	0.224158
0.8111751	0.75260514	-0.18686494
0.11596233	0.24115711	0.36060658
0.9157126	0.9669443	0.2963878
0.22221571	0.039439738	0.53820544
0.94569343	0.8936108	0.23448424
0.41186607	0.77917784	0.48709723
0.53946286	0.80333865	-0.03251534
0.13579309	0.40987015	0.2985103
0.91764414	0.11899823	0.5296162
0.3117969	0.72766197	0.43474102
0.9865763	0.16055804	0.32577923
0.65148574	0.79522574	-0.18335253
0.7188951	0.33173442	-0.15963525
0.58902603	0.21019632	-0.31659874
0.1296547	0.15967572	0.20603526
0.92102087	0.8009084	0.18800612
0.0036042929	0.48709184	-1.8085115
0.63058317	0.86935854	-0.6116971
0.98317266	0.06366557	0.535106
0.59824705	0.83449775	-0.71588933
0.78409606	0.82129526	-0.09210754
0.82742566	0.37895256	-0.28246874
0.27366936	0.09780729	1.1016374
0.9952976	0.83218426	-0.3512869
0.2175203	0.56762075	-0.17681186
0.8275903	0.1501221	-0.24182843
0.7506595	0.33187068	-0.18307596
0.55908644	0.54655004	0.21455176
0.1427108	0.59714353	0.37657583
0.20218903	0.74286246	0.28113675
0.5246098	0.31321818	0.28688377
0.6325402	0.6409871	-0.27994624
0.99397105	0.8927027	-0.28788868
0.39253676	0.85328513	0.626521
0.51979136	0.15918839	0.060230568
0.8914303	0.36798126	-0.040946364
0.64754826	0.25576258	-0.43879297
0.83712405	0.6094559	-0.23799141
0.72777176	0.093786955	-0.7589776
0.39747554	0.7808319	0.517536
0.6445513	0.7976739	-0.24469194
0.25953954	0.94613636	0.68662316
0.69648623	0.6600289	0.35808158
0.6052421	0.31240463	-0.3747319
0.1306436	0.6628573	0.6252211
0.8048198	0.022859335	-0.37486187
0.6713676	0.63890916	0.14021906
0.14987636	0.84137154	0.41882727
0.43065065	0.6106007	0.2522558
0.6401873	0.24622977	-0.48236465
0.15883362	0.52577907	0.13529724
0.29856634	0.8338285	0.5999874
0.71697325	0.44485778	0.10003533
0.0002886057	0.0034092665	1.5340039
0.70579034	0.8382345	0.5565846
0.55752885	0.12929332	-0.15633477
0.45410937	0.9087587	0.41652578
0.65623003	0.9006152	-0.15976466
0.2315554	0.5275371	-0.25845116
0.36484498	0.09057677	0.29675293
0.5529493	0.18314928	-0.0016201846
0.57195365	0.4714139	0.047407635
0.43506175	0.38118064	-0.22407022
0.1253568	0.18044376	0.22659326
0.46437073	0.62387997	0.4345807
0.16138875	0.048319638	-0.060808867
0.20971686	0.6127531	-0.027156722
0.98903406	0.9045163	-0.29995298
0.22127467	0.18435532	0.077984914
0.8609646	0.5021517	-0.24757059
0.53941774	0.94720095	-0.4449926
0.15852696	0.14665592	-0.19384052
0.5002053	0.26600397	0.20750023
0.9561885	0.23859519	0.32435814
0.74863863	0.11373532	-0.78760517
0.5059875	0.49258095	0.5388185
0.5507924	0.45786017	0.25326803
0.6063814	0.37462175	-0.38142258
0.05580926	0.40391898	-0.025981676
0.2462737	0.79339725	0.42888588
0.80932444	0.6736951	-0.23317318
0.6686328	0.43589228	-0.10821356
0.68137294	0.0701319	-0.37796438
0.37045056	0.18102145	0.056123305
0.3870082	0.39058328	-0.34729233
0.17293602	0.011030018	-0.0032328852
0.42704302	0.076928556	-0.31424034
0.8308751	0.14498627	-0.22117305
0.5310598	0.10331082	-0.015582081
0.5093426	0.03476137	0.0075022383
0.80451393	0.7167351	-0.16921511
0.54202104	0.7875811	0.01090556
0.8563618	0.9196196	-0.071320735
0.14339507	0.48581046	0.23080906
0.44969565	0.61785823	0.42248127
0.10545266	0.035108507	0.764588
0.47402745	0.72996515	0.48005384
0.3409953	0.008633971	0.9957147
0.42513973	0.23743331	-0.5488398
0.34724087	0.8845968	0.6048876
0.33067274	0.7027172	0.39533138
0.347575	0.63682556	0.30953044
0.24124378	0.7271516	0.28627682
0.81860495	0.39777142	-0.26179895
0.5595442	0.9839973	-0.835915
0.99069744	0.114207506	0.46937212
0.8811118	0.31532282	-0.06592012
0.23863852	0.42639256	-0.23670727
0.25380927	0.08574271	0.85349345
0.4109373	0.18699747	-0.4737348
0.34213042	0.046810567	0.8355729
0.7483971	0.33709216	-0.228025
0.0901494	0.3875305	0.5654003
0.3488347	0.2734623	0.15019704
0.9016592	0.277941	0.16082159
0.11498511	0.875782	0.27302006
0.31689632	0.1520083	0.86045355
0.7407905	0.7885639	0.48703325
0.025480092	0.75554305	-0.53871286
0.7937128	0.56595796	-0.10318893
0.6426294	0.13194746	-0.3764366
0.5511483	0.21857423	0.042361706
0.014283657	0.67321026	-1.1993729
0.23320246	0.21051013	0.1671104
0.2451824	0.49779588	-0.22797574
0.025257587	0.02233994	1.5737587
0.76272315	0.7851789	0.2074186
0.84235835	0.22819602	-0.199831
0.58013994	0.74772155	-0.4258837
0.7379289	0.9532565	0.50233084
0.54911625	0.5019099	0.31576777
0.042554796	0.9989849	0.29972452
0.79648364	0.08733559	-0.55463004
0.007759869	0.33549064	-1.2112257
0.5218934	0.23285222	0.14185211
0.30464453	0.92799187	0.7331134
0.2909425	0.5317631	0.03523424
0.7138846	0.47772217	0.19224665
0.0012592077	0.20277083	-0.28584397
0.07668918	0.7288119	0.366746
0.6825268	0.10796857	-0.3382851
0.47670078	0.05936283	-0.03981843
0.32635546	0.37519377	0.13098603
0.8393184	0.90538454	-0.25410974
0.024665117	0.30923665	-0.56574297
0.18975627	0.054166615	0.013654774
0.50317496	0.9199488	0.07663115
0.14602214	0.93808	0.1693929
0.24229312	0.43969584	-0.18173307
0.62659377	0.19443744	-0.47057873
0.052361608	0.13123196	1.0300199
0.6106783	0.035244763	-0.20212136
0.53389806	0.2382366	0.18502547
0.396259	0.74680644	0.41234434
0.70112115	0.3988031	-0.06779409
0.73698187	0.23641086	-0.44914234
0.0027062893	0.86410695	-0.26831695
0.6450429	0.34885395	-0.34793538
0.91623867	0.33597976	0.10778049
0.9203322	0.6386157	-0.079442084
0.36325896	0.6505073	0.2507545
0.44345325	0.8743537	0.48490846
0.2765699	0.16618687	0.8372373
0.33022255	0.049835443	1.0699173
0.19909942	0.8442647	0.45956665
0.6741537	0.6167069	0.21287034
0.9125033	0.09947485	0.6538165
0.64269805	0.060415864	-0.24234684
0.72212887	0.050824583	-0.7190295
0.999224	0.5819179	-0.49564213
0.21235824	0.61113936	-0.08321089
0.82075673	0.24918067	-0.32633236
0.6630487	0.0054187775	-0.14955607
0.20920998	0.51173985	-0.2691188
0.7253138	0.26950622	-0.24352223
0.9130632	0.09163064	0.65048593
0.724221	0.58939004	0.42081773
0.21822768	0.89642155	0.5683298
0.2057423	0.9066763	0.5485157
0.16978908	0.8103326	0.42140412
0.56146604	0.112690926	-0.15449663
0.47851288	0.25225532	-0.03323873
0.077456355	0.26284975	0.5929105
0.061558843	0.7790426	0.09650664
0.35281682	0.4901957	-0.07303251
0.10346401	0.8297001	0.3803693
0.12071949	0.28647345	0.30985907
0.5869838	0.013430357	-0.17422459
0.04172933	0.7793763	-0.29046726
0.5858864	0.8279476	-0.6752149
0.94115627	0.23278677	0.279397
0.7081856	0.20140564	-0.33954847
0.7527192	0.8066291	0.33740067
0.52914506	0.21558583	0.19358519
0.29655796	0.12761158	1.0709529
0.35294342	0.09885645	0.5206107
0.32108295	0.47779685	0.0842015
0.43626946	0.973524	0.44953376
0.54070824	0.8717796	-0.30557334
0.39353567	0.011472106	0.029614069
0.82513034	0.96514523	-0.4494689
0.24997532	0.7979078	0.46631357
0.9242752	0.89601356	0.3326667
0.044326186	0.17409205	0.6217229
0.0541507	0.9686732	0.16217706
0.11862296	0.34706533	0.4086792
0.6065241	0.86260927	-0.790571
0.014602542	0.6262362	-1.3375713
0.052591443	0.6686758	-0.12154013
0.9182522	0.62628514	-0.028674463
0.036054254	0.2388587	0.12804472
0.95747244	0.9562428	0.05680927
0.21192473	0.43358105	-0.3605737
0.3186586	0.8813707	0.6746282
0.2403394	0.15989047	0.39206856
0.29345983	0.71855754	0.38143775
0.53896934	0.7960897	-0.045443468
0.5608213	0.6176801	0.068372875
0.010848284	0.71850103	-1.009141
0.27600616	0.37970334	0.069327325
0.9826865	0.08937752	0.43420762
0.9798284	0.36251146	0.027047645
0.04639852	0.32534003	-0.01291291
0.653945	0.15185326	-0.36557245
0.37449026	0.69525594	0.33771414
0.5694167	0.3381803	-0.04894143
0.5818072	0.7823291	-0.49945185
0.8654352	0.9285413	-0.06262
0.95667017	0.24153608	0.29245675
0.96704674	0.22145396	0.29109588
0.5256116	0.23622364	0.14900202
0.54092526	0.99947035	-0.65185297
0.8861218	0.42066318	-0.14027235
0.28235865	0.36215603	0.11752765
0.92100316	0.15981245	0.48076063
0.48856187	0.5449848	0.46485752
0.61415213	0.33500868	-0.44729108
0.28918004	0.27819216	0.4572649
0.6428416	0.3277341	-0.41792393
0.30366945	0.3069281	0.38204753
0.016679347	0.9282401	0.12223108
0.43538374	0.7824015	0.50246567
0.3886841	0.7284223	0.40625003
0.8371916	0.4354127	-0.23592718
0.8553634	0.13321668	0.116504885
0.8112488	0.9436225	-0.3883783
0.53845644	0.4494226	0.42197803
0.98036826	0.32022196	0.07409633
0.7186511	0.44387716	0.08361573
0.30221146	0.57158744	0.10416418
0.58575755	0.824032	-0.66608393
0.14399183	0.36956394	0.03629739
0.43547273	0.0024991035	-0.08943319
0.49298	0.6561746	0.6084014
0.68405575	0.12627017	-0.36346632
0.85159624	0.6637829	-0.15925199
0.597533	0.20519394	-0.40131605
0.5865702	0.006796837	-0.14111362
0.111074805	0.7490768	0.5539613
0.48658162	0.07073176	-0.015898097
0.7926547	0.70626104	-0.074437946
0.8589881	0.80101126	-0.077808075
0.899846	0.18477601	0.32333425
0.12996882	0.74250865	0.56107944
0.55713004	0.20648038	0.0015594363
0.32988328	0.35408467	0.096909635
0.8306264	0.28345978	-0.30469754
0.4016683	0.14277387	-0.34523243
0.8830286	0.10062063	0.5063856
0.7102394	0.588766	0.3863695
0.1384409	0.75519794	0.5127792
0.23677355	0.38666362	-0.18756965
0.49962866	0.019129992	0.038695063
0.105716646	0.36158907	0.5281842
0.9045224	0.87816095	0.2628417
0.47006273	0.61645424	0.41320273
0.5356088	0.27759778	0.23442876
0.836167	0.50573653	-0.29189286
0.26047182	0.41140133	-0.09830416
0.71023864	0.035580814	-0.6730659
0.79689157	0.1532942	-0.5134587
0.49028707	0.91376656	0.20824532
0.63498294	0.6245208	-0.27217793
0.9595407	0.5670036	-0.17276496
0.41046017	0.28213507	-0.42670068
0.36806357	0.23438323	-0.047075365
0.6391202	0.2759564	-0.5167881
0.39361197	0.6941422	0.31142437
0.5214867	0.5242593	0.57823426
0.38716626	0.88906604	0.604152
0.90266854	0.5987291	-0.12893304
0.728355	0.4202795	0.08999528
0.7222529	0.79532677	0.6116574
0.46338642	0.2983567	-0.09463006
0.6513723	0.4990139	-0.12407382
0.12941724	0.58863646	0.59159106
0.92205584	0.81353956	0.25739774
0.028480291	0.7085528	-0.7356371
0.67794734	0.59325737	0.19569121
0.48169118	0.38326347	0.21741173
0.974889	0.58133435	-0.28915796
0.08709437	0.12896478	0.92468977
0.42348868	0.47106695	-0.10444161
0.44528747	0.7672526	0.5247349
0.89008594	0.5841934	-0.114412196
0.7052366	0.08534205	-0.5697583
0.8018503	0.8687899	-0.27842066
0.07938522	0.928082	0.15342283
0.9304737	0.067837775	0.67293227
0.9012534	0.95334435	0.31659073
0.9878327	0.31714296	0.07876879
0.20413089	0.5523546	-0.14085501
0.35467708	0.109007716	0.4212177
0.33805567	0.94205624	0.71819013
0.74237937	0.36402917	-0.13650395
0.6454672	0.99883723	-0.5957392
0.7106525	0.10439253	-0.55941224
0.53415376	0.593105	0.4168644
0.07535869	0.9368883	0.18468556
0.10526246	0.82837063	0.47612247
0.3717981	0.3303736	-0.22128856
0.8730075	0.7072764	-0.05942093
0.9573521	0.61276186	-0.17629732
0.9932372	0.28900844	0.042504665
0.6994452	0.6043147	0.39819208
0.89089775	0.15703768	0.343694
0.9722506	0.161865	0.3697021
0.9926371	0.40293157	-0.14190763
0.4261191	0.42722178	-0.21068816
0.09217	0.5137927	0.5992252
0.5023904	0.6632244	0.52160543
0.8787288	0.13276142	0.39640152
0.36072648	0.8427327	0.64381164
0.3438617	0.18451053	0.35632902
0.15736848	0.5994481	0.2918172
0.43923372	0.22285604	-0.4426493
0.10641247	0.4004956	0.53565896
0.36953843	0.53237724	0.018294724
0.36503303	0.26680434	-0.08473216
0.78887135	0.76024395	-0.09090219
0.077681005	0.9350714	0.14364646
0.33925277	0.72199816	0.3678978
0.5498658	0.010159731	-0.07790378
0.6999144	0.25559312	-0.27471736
0.15452582	0.77497756	0.46223322
0.47396344	0.581238	0.5424307
0.9448909	0.31025445	0.14083892
0.6571941	0.66651416	0.015863487
0.14205784	0.43272126	0.21288975
0.5629536	0.09818679	-0.20779915
0.21264106	0.44500422	-0.3482689
0.6749642	0.8114478	0.28436747
0.022159755	0.5247276	-1.2092493
0.49045336	0.4967503	0.48764992
0.65895	0.9362721	-0.11376023
0.6947918	0.95217955	0.5315457
0.6252419	0.39167136	-0.3935714
0.9268619	0.74031466	0.12421779
0.93482906	0.9690422	0.25221512
0.12119377	0.24149936	0.3215419
0.83024246	0.052660644	-0.005455018
0.33332074	0.5717817	0.16414131
0.18786407	0.16955608	-0.17479661
0.2822618	0.07991433	1.2613646
0.1427784	0.42499548	0.15342577
0.5843293	0.22976446	-0.27966824
0.4639308	0.20428896	-0.19576244
0.86703223	0.9288054	-0.08855143
0.10323483	0.12512094	0.6333309
0.30093747	0.013139129	1.4653387
0.97513264	0.015692472	0.5155986
0.91912156	0.8972875	0.29483262
0.0015994906	0.9385301	0.37111336
0.7647706	0.14906353	-0.67883795
0.26893187	0.22502184	0.52086353
0.14035106	0.46962965	0.2467641
0.21699154	0.69190454	0.17080094
0.91160285	0.105445445	0.554303
0.7960221	0.0020996332	-0.54516786
0.6271734	0.5669466	-0.240484
0.6222509	0.39302355	-0.3078255
0.4681102	0.7537097	0.5210716
0.04001546	0.9296121	0.13510962
0.90186596	0.451573	-0.056259826
0.7266594	0.94050014	0.67582023
0.9415384	0.9111936	0.17819718
0.21372145	0.5333686	-0.21207815
0.5885317	0.010001421	-0.18081447
0.6681612	0.39521772	-0.18438558
0.12528306	0.41643494	0.4131615
0.9906403	0.93382925	-0.30998725
0.24157041	0.74502885	0.33346263
0.95833486	0.6822383	-0.12628938
0.5647035	0.9533972	-0.807813
0.36914843	0.6085917	0.22823541
0.6032217	0.01934135	-0.16983144
0.56789523	0.14893019	-0.22382696
0.050833642	0.66414684	-0.18040702
0.0950101	0.9401216	0.1611763
0.37262094	0.27150953	-0.17016783
0.14751655	0.9015552	0.23112123
0.6592449	0.24014473	-0.3435266
0.35756725	0.93978846	0.70161825
0.026646197	0.22408384	0.030546317
0.69231087	0.82125676	0.4716065
0.2766531	0.18114245	0.7565198
0.78469086	0.87933016	-0.14417431
0.4479534	0.31065774	-0.2555746
0.7131115	0.14162081	-0.49752268
0.4094308	0.7058307	0.4403767
0.9444418	0.52890515	-0.10589615
0.89094776	0.099428594	0.55383354
0.74243784	0.23184681	-0.49932504
0.50696003	0.42740643	0.44134408
0.44190776	0.25180787	-0.4219181
0.13111055	0.014199138	0.2370948
0.09159678	0.7640463	0.48647422
0.15122855	0.3329463	-0.06940594
0.91432476	0.6438253	-0.016676685
0.94925153	0.9768414	0.13291533
0.75264543	0.8009413	0.41670248
0.10770899	0.28118563	0.53124785
0.06363642	0.377612	0.21990292
0.8078534	0.4436354	-0.22115242
0.5097757	0.06954116	-0.028427918
0.6157232	0.84319973	-0.6629218
0.6229337	0.27568305	-0.4307072
0.7086098	0.48224533	0.21885693
0.7912415	0.8495378	-0.1354224
0.23203546	0.5770505	-0.10313926
0.34763306	0.3693033	0.06970926
0.014547527	0.96125543	0.38270497
0.6802918	0.45801103	0.032619998
0.114574015	0.25222027	0.37658095
0.6991091	0.71163815	0.46513355
0.8294769	0.25146568	-0.24942014
0.8775583	0.27032477	0.08565952
0.73837477	0.5597744	0.3200043
0.527439	0.5390267	0.45677727
0.042951465	0.57332444	-0.4932223
0.9113677	0.3867275	0.018891495
0.81489486	0.5980163	-0.21703061
0.752942	0.24136257	-0.46014962
0.7221002	0.896025	0.6361799
0.23574144	0.92470855	0.584886
0.33791363	0.42841202	0.0051679127
0.038739562	0.7889333	-0.25196502
0.62342	0.9199261	-0.8338524
0.23023689	0.58201665	-0.04754007
0.4559906	0.9278554	0.38333365
0.6314751	0.12202567	-0.33465153
0.7877061	0.87722534	-0.11323543
0.62349445	0.66555685	-0.36921674
0.7669302	0.652344	0.104935646
0.73859155	0.98194623	0.5839158
0.33225417	0.11350191	0.8479166
0.5124843	0.32400984	0.29875922
0.50339043	0.7331752	0.4692874
0.36152214	0.46479738	-0.080109306
0.72619003	0.13084334	-0.5795445
0.27309078	0.570165	0.029653795
0.8139214	0.5128183	-0.16431947
0.5699895	0.9042626	-0.782194
0.98714036	0.47849858	-0.2728228
0.37696874	0.3895206	-0.2801042
0.28774726	0.83678764	0.58635753
0.33750623	0.7549481	0.5046495
0.16144007	0.21729821	-0.20367584
0.83853084	0.29473388	-0.23406495
0.30194384	0.35023683	0.23444171
0.40125573	0.3829531	-0.35501942
0.539632	0.3923412	0.39582625
0.64778507	0.8590776	-0.30710363
0.118420005	0.93161666	0.106773496
0.78767264	0.6530141	-0.119545385
0.49725443	0.88848454	0.1891929
0.83764446	0.20515102	-0.15759797
0.60069394	0.15742242	-0.40893906
0.8443389	0.76171803	-0.24442229
0.55091864	0.89743805	-0.42871606
0.5954132	0.32819724	-0.35496464
0.40351492	0.10528326	-0.33295265
0.7155139	0.5239007	0.34536698
0.6376948	0.22636223	-0.5071719
0.58109236	0.49757022	-0.0018671788
0.9441995	0.7805481	0.11735466
0.93234694	0.013302684	0.79252446
0.34043676	0.47757947	0.057705816
0.96608174	0.58454776	-0.24319169
0.30665624	0.8138842	0.55646497
0.07314944	0.6887504	0.31537786
0.037290037	0.88005435	-0.025668502
0.98570675	0.52725595	-0.26349887
0.76479673	0.93256754	0.22456548
0.06873524	0.29612708	0.42833835
0.38474303	0.30874372	-0.36669302
0.98101413	0.80347955	-0.2814197
0.77014405	0.90566605	0.21466014
0.36130458	0.48965555	-0.045101073
0.7643318	0.65974367	0.14836577
0.33588052	0.5147313	0.1479947
0.95141286	0.026442409	0.54641646
0.9940376	0.09711492	0.5082092
0.546532	0.5889131	0.296993
0.025645852	0.28501588	-0.3888636
0.76666445	0.010841787	-0.92221844
0.3040831	0.2713431	0.45740563
0.52497417	0.12640572	0.08480474
0.814791	0.12676775	-0.3634597
0.2822178	0.8532197	0.607823
0.9723949	0.5672419	-0.28153268
0.26466364	0.5379441	-0.04862553
0.29559273	0.9211357	0.6317502
0.31956685	0.5585301	0.18095718
0.5446095	0.008244872	-0.085537635
0.34562457	0.754294	0.5339642
0.55282295	0.5817513	0.20075251
0.24532789	0.93927133	0.65754855
0.11029917	0.13359421	0.5630232
0.40396297	0.7660839	0.46517187
0.19339001	0.34978908	-0.34448597
0.6009422	0.6711421	-0.35933197
0.3424332	0.77740604	0.55135787
0.7869997	0.59535193	-0.053248294
0.57759476	0.95082563	-0.9852277
0.68616813	0.10928482	-0.4692643
0.40577894	0.69154453	0.3935758
0.31200486	0.83901525	0.61485195
0.36068964	0.6383129	0.30326384
0.5394393	0.51935315	0.44042072
0.46085447	0.4809317	0.17978953
0.4105842	0.45686173	-0.18032639
0.33302796	0.8170331	0.6731648
0.7495338	0.8809087	0.47431535
0.849274	0.78790474	-0.1543369
0.059123635	0.8928528	0.08127586
0.9569846	0.42741418	-0.0079417415
0.3852467	0.35338092	-0.28886187
0.22711307	0.60983694	-0.081839114
0.22967803	0.5656172	-0.17500469
0.27957362	0.4513728	-0.0035388656
0.566897	0.75915766	-0.29444808
0.3409934	0.5992335	0.12557256
0.45062774	0.13420486	-0.31863523
0.5712641	0.92302775	-0.7930741
0.87249315	0.19892204	0.16331756
0.5827345	0.88410866	-0.8110827
0.76073134	0.9742522	0.25797004
0.13954091	0.18625814	0.010939846
0.50769776	0.078608215	0.0736013
0.5558072	0.43670416	0.22609743
0.54481715	0.56781334	0.2746058
0.16422462	0.05453849	-0.09053365
0.3441847	0.9390297	0.7314018
0.6529925	0.23041981	-0.40805137
0.31164902	0.46426708	0.06429748
0.038271368	0.21349502	0.38804322
0.39718843	0.69856614	0.37966123
0.37281793	0.6131798	0.14409684
0.975594	0.8038155	-0.1327124
0.6364862	0.7131159	-0.21699652
0.7835041	0.26737362	-0.39188462
0.16674608	0.5215305	0.0031158756
0.28469962	0.95685345	0.7365647
0.55261916	0.03243953	-0.13517854
0.2903012	0.33071852	0.31575745
0.43509513	0.21377367	-0.42264262
0.21577704	0.5367507	-0.21056157
0.5524447	0.49087846	0.35909808
0.6414247	0.07240969	-0.24466401
0.5895919	0.36267686	-0.1531797
0.91542417	0.6556762	-0.09503796
0.32455462	0.62421215	0.18056834
0.4989426	0.45452076	0.48148346
0.029542983	0.62232256	-0.86259055
0.55580884	0.40403897	0.23604286
0.14514756	0.5938394	0.45607308
0.80397844	0.8938242	-0.23674709
0.3969916	0.98448706	0.5458877
0.44940662	0.8076063	0.5141013
0.8750423	0.49751908	-0.15623361
0.1764856	0.3340162	-0.32319692
0.40158355	0.047859073	-0.16338678
0.7458016	0.9136869	0.46043527
0.37804818	0.14012748	-0.00708586
0.3619666	0.8034223	0.5704464
0.6857237	0.3772847	-0.060290642
0.12597263	0.9403691	0.17002484
0.99327725	0.9014359	-0.35314965
0.25816637	0.79921705	0.49589336
0.334907	0.17060459	0.5720042
0.68428934	0.18396896	-0.39271647
0.51213294	0.42253143	0.47616723
0.620192	0.61891806	-0.2617393
0.82560223	0.897753	-0.35873315
0.71004075	0.21982914	-0.2906339
0.3902837	0.5670493	0.08957566
0.6613893	0.14473253	-0.36954814
0.83988446	0.96001637	-0.3897471
0.49795145	0.88615245	0.15869442
0.8399661	0.28924114	-0.23688489
0.53380847	0.64522976	0.3285699
0.8246084	0.362557	-0.30423802
0.07052773	0.7037937	0.22563174
0.023710907	0.79281366	-0.47131562
0.8323359	0.86657673	-0.30287486
0.38930607	0.76610583	0.5231222
0.54901344	0.46706837	0.2773211
0.68326086	0.43288565	0.03504359
0.39940608	0.9800654	0.5537673
0.7502706	0.14614064	-0.6976899
0.56908494	0.5693865	0.053497896
0.09891415	0.25133342	0.57101315
0.9582566	0.15680498	0.3991491
0.93258035	0.9431254	0.32458368
0.69775283	0.72185487	0.5215354
0.55176973	0.14609528	-0.056940876
0.9506285	0.0713948	0.5918192
0.29692245	0.56197625	0.08809789
0.001685977	0.5318166	-1.8447067
0.84120136	0.62901336	-0.25378254
0.3104375	0.53319216	0.03820416
0.24188536	0.77200264	0.41038752
0.45330656	0.2830447	-0.29168895
0.14332372	0.29607004	0.031425845
0.49156296	0.10011464	-0.00466014
0.5501282	0.98602045	-0.7375451
0.55250627	0.1680389	-0.036339514
0.4160015	0.9349003	0.5733053
0.38408893	0.09303433	-0.07454919
0.72968364	0.53612834	0.30812573
0.05009401	0.4562142	-0.23492299
0.59510905	0.6240815	-0.23995832
0.63243604	0.09732795	-0.3928452
0.014659464	0.39116985	-1.2204074
0.45134282	0.34539282	-0.15507257
0.1806919	0.002396047	-0.049290568
0.6619259	0.4658867	-0.06634187
0.2287544	0.3102075	-0.1486287
0.3538552	0.6701281	0.29760304
0.943832	0.8348423	0.135377
0.4266624	0.7345307	0.49273488
0.31957585	0.6062587	0.20533004
0.31499094	0.37709093	0.13553011
0.11401695	0.45421082	0.5514714
0.6492366	0.6231886	-0.12052111
0.16540563	0.87556535	0.4362459
0.6777809	0.17343128	-0.34929
0.33016557	0.24423963	0.43296498
0.3950467	0.7952954	0.53088105
0.0117560625	0.452218	-1.4970678
0.5120419	0.26751626	0.20640013
0.9269851	0.616393	0.017144896
0.91757464	0.7641708	0.11636294
0.37485373	0.54362077	0.0694874
0.7813652	0.974203	-0.05099094
0.16701436	0.8948689	0.37045568
0.51945037	0.12178075	0.037713088
0.92631763	0.15013993	0.42819986
0.23781097	0.29514873	-0.059911743
0.8535548	0.9913336	-0.30106464
0.084329724	0.7070873	0.4938575
0.20675051	0.5112469	-0.26372564
0.47821265	0.86979413	0.40759048
0.5320033	0.66864586	0.31046623
0.60411984	0.78058994	-0.6382189
0.9348961	0.04668516	0.6728908
0.46350443	0.7003398	0.51471174
0.909845	0.044797778	0.7627492
0.50443447	0.6767526	0.46861315
0.49502957	0.42846555	0.38055503
0.70200574	0.05731547	-0.51135373
0.68785125	0.51538056	0.18385886
0.12665546	0.018095195	0.3448737
0.5305443	0.4844923	0.4682393
0.85106415	0.22199339	-0.02616645
0.49875385	0.86441094	0.20432062
0.23065042	0.4009053	-0.33680302
0.24465865	0.6241651	0.011258863
0.41577065	0.7224802	0.43817595
0.74157995	0.82285905	0.4908602
0.36595535	0.918023	0.65581644
0.9744897	0.0057059526	0.54355586
0.5065127	0.91608864	0.0048283897
0.28814685	0.40679818	0.1289879
0.81170034	0.49520046	-0.20808002
0.34520793	0.79217064	0.5519184
0.27403504	0.25283992	0.4220896
0.80701244	0.46901625	-0.27677315
0.7465372	0.48849386	0.11967607
0.2738346	0.5865113	0.06916512
0.84164435	0.19427645	-0.14246707
0.86761117	0.703309	-0.08092812
0.33431005	0.07147223	0.8812626
0.59864825	0.85038716	-0.7789182
0.11972654	0.7137852	0.5954716
0.63130265	0.32561934	-0.4787169
0.8051343	0.14339507	-0.4506274
0.6417799	0.99594325	-0.7015134
0.38130212	0.62226295	0.18089688
0.9183585	0.018113852	0.8630409
0.35234421	0.0153182745	0.67990756
0.087403715	0.97379434	0.056307696
0.09271282	0.33845848	0.51406527
0.90090257	0.48255992	-0.10747302
0.64491844	0.012013376	-0.1711053
0.5970801	0.18621862	-0.40940216
0.34722644	0.08545506	0.62041557
0.7230508	0.6562214	0.45704144
0.85035694	0.23608905	-0.09465011
0.18484229	0.7370249	0.28741995
0.93455225	0.27614933	0.2012811
0.830738	0.571149	-0.22129978
0.24638194	0.85603374	0.5539429
0.7689092	0.648728	0.07533278
0.10966301	0.6365265	0.6727194
0.78455013	0.72060245	-0.04585044
0.6777056	0.64895976	0.18683626
0.16335863	0.7303182	0.4249206
0.65895116	0.82032	-0.037912924
0.57706606	0.8189166	-0.52028567
0.4895572	0.9273048	0.14365125
0.05355376	0.32542753	0.08178289
0.9855957	0.8506441	-0.27603206
0.3974098	0.60709083	0.1882752
0.13818836	0.8899812	0.27840388
0.7413235	0.7301618	0.44352844
0.9487637	0.60850435	-0.09146025
0.9960683	0.80549294	-0.3474487
0.6917581	0.6863754	0.4554569
0.8447965	0.81783915	-0.17023395
0.25428236	0.4802217	-0.12805152
0.59485716	0.8334699	-0.7181602
0.2103787	0.008042514	0.39363658
0.9625594	0.6031115	-0.22543144
0.28434545	0.2758718	0.4332478
0.16437286	0.48529208	0.033134747
0.72164154	0.21565819	-0.46254677
0.6505905	0.105650365	-0.3367854
0.115771115	0.80728877	0.47842067
0.08171749	0.27814907	0.6209066
0.36203742	0.94764006	0.69463664
0.0028827786	0.6702101	-1.4380441
0.20551324	0.9834082	0.46585923
0.43111897	0.37124234	-0.28300995
0.5828254	0.41232646	-0.12201375
0.553433	0.8860866	-0.46368903
0.40572238	0.8203361	0.57460463
0.44882917	0.3687358	-0.15525456
0.94541216	0.11478573	0.4952585
0.28386295	0.6382326	0.19467539
0.10745096	0.72366005	0.62100476
0.73188895	0.391968	-0.02051844
0.67859954	0.2758605	-0.2758968
0.586839	0.60659707	-0.18198217
0.31943518	0.18924385	0.66223454
0.95712435	0.7367715	-0.08685162
0.22004932	0.51272887	-0.3275814
0.8317754	0.6249938	-0.23003119
0.44124067	0.74015826	0.49072638
0.41138983	0.14229286	-0.40144223
0.83535445	0.8113087	-0.17666024
0.07630092	0.046280324	1.2483594
0.84154713	0.528042	-0.207472
0.21998537	0.5114342	-0.2698434
0.099135995	0.18776554	0.63469136
0.18729585	0.7719275	0.3103226
0.4566068	0.04222393	-0.14864932
0.8576285	0.8047603	-0.12099016
0.07302642	0.50462765	0.3396885
0.10057461	0.2985533	0.5221276
0.2872647	0.042081177	1.3829021
0.8650759	0.5206642	-0.18279634
0.94952244	0.13094127	0.47408715
0.5937585	0.8651139	-0.7684049
0.68978274	0.46112323	0.031835474
0.7893012	0.26462585	-0.47237226
0.30352694	0.45710444	0.07629146
0.6290121	0.01726973	-0.17092162
0.5448822	0.53735983	0.35459736
0.04448229	0.59263	-0.39628565
0.7275595	0.016111195	-0.8622005
0.2995997	0.37561595	0.193218
0.24625188	0.8692651	0.60342765
0.019905746	0.018027008	1.5897135
0.8562515	0.36504525	-0.1887101
0.6370344	0.91918004	-0.6596294
0.4891413	0.5130804	0.42547372
0.631869	0.91137326	-0.70935357
0.19402522	0.27140266	-0.33859858
0.6288069	0.6258329	-0.295883
0.12677324	0.17116386	0.17476508
0.62456685	0.3209129	-0.4063263
0.47942597	0.033253193	-0.0281163
0.33518934	0.95511127	0.7802801
0.55818367	0.20141584	-0.12036923
0.23589861	0.59624714	-0.13483697
0.14468968	0.041968703	0.0019296817
0.042132497	0.32814562	-0.18678313
0.25183386	0.93226516	0.73598915
0.031921744	0.3993041	-0.68192
0.81045467	0.4372369	-0.27696952
0.9897745	0.5489038	-0.4233874
0.7946782	0.5377197	-0.10418293
0.15703171	0.21299344	-0.10712887
0.790307	0.5540964	-0.1545195
0.41692823	0.27516717	-0.5105317
0.3937816	0.44945621	-0.19840418
0.055391192	0.9469176	0.1507897
0.16625112	0.4468804	-0.10286376
0.24546945	0.73286897	0.3680244
0.4678259	0.7162278	0.44461852
0.77508414	0.44011986	-0.11090375
0.84578794	0.8170372	-0.260263
0.011171162	0.8563176	-0.29848415
0.06840235	0.26831192	0.5498187
0.624909	0.5367621	-0.24962816
0.07554126	0.1911856	0.7355557
0.5946123	0.90186995	-0.8935586
0.1752544	0.7990858	0.38926727
0.818614	0.73595965	-0.2420768
0.94480973	0.7606447	0.067451306
0.364869	0.66881496	0.23949635
0.11592233	0.037300587	0.5590186
0.72504	0.6904009	0.57000136
0.78638124	0.15746415	-0.607136
0.97473395	0.53282976	-0.27962062
0.50180554	0.19234985	0.09123777
0.07875103	0.50522083	0.40666315
0.18489218	0.5145854	-0.19828176
0.46654207	0.37308705	0.046246685
0.07730955	0.27174628	0.6023843
0.054182887	0.044730246	1.3988538
0.45186228	0.0012501478	-0.08174774
0.6442873	0.29515284	-0.40206876
0.98847103	0.30875307	0.05890092
0.8623601	0.23777378	0.016098123
0.47679806	0.3522504	0.10265451
0.8571802	0.93006545	-0.19013934
0.06052953	0.39436966	0.12900423
0.4263534	0.61056066	0.27883348
0.31779385	0.15439814	0.8549437
0.85111284	0.29119647	-0.14759062
0.6189893	0.07899928	-0.340213
0.2035985	0.515121	-0.26119685
0.5744528	0.5900762	-0.016126977
0.75922656	0.54582185	0.12432317
0.9217565	0.16660804	0.49410316
0.45335346	0.74414724	0.45951855
0.6022612	0.35604703	-0.33499885
0.10227507	0.15468544	0.61575747
0.20342773	0.3477096	-0.27194926
0.9287682	0.2734602	0.25358632
0.22621602	0.2427404	-0.051343262
0.21978456	0.19134206	-0.028055515
0.3986951	0.4287325	-0.28028816
0.02015096	0.85623926	-0.21501018
0.12728995	0.32288015	0.2309961
0.8811625	0.60168564	-0.1927377
0.8264245	0.11963236	-0.19470233
0.56259376	0.40204477	0.14511487
0.05077201	0.8745338	0.0617156
0.5373714	0.65644974	0.27260777
0.10933024	0.032931447	0.62858444
0.340967	0.93743515	0.69306415
0.97539604	0.9830621	-0.15269718
0.31165153	0.6474216	0.22897862
0.37510484	0.045879364	0.25994164
0.74239844	0.47594047	0.05439249
0.13181394	0.75204486	0.556119
0.9773908	0.8229771	-0.20311195
0.41428304	0.95987135	0.4986199
0.124993265	0.7132866	0.60903984
0.59633106	0.76358175	-0.501481
0.50117856	0.492621	0.56481856
0.057515085	0.45108443	-0.056861863
0.8643303	0.3730067	-0.118959844
0.038183153	0.8850402	-0.031177402
0.32033813	0.38970703	0.14192222
0.32619196	0.7183973	0.41108343
0.29475194	0.03702122	1.41576
0.025641024	0.9729027	0.33443645
0.24255562	0.61149573	0.021985129
0.8201154	0.29214978	-0.2657452
0.17827564	0.7050593	0.3208261
0.516053	0.4632401	0.5864894
0.0382874	0.986889	0.28322825
0.11551428	0.1705392	0.43556252
0.83248353	0.53169686	-0.21792659
0.3123399	0.6491358	0.2872512
0.83934706	0.4171347	-0.22723813
0.32772738	0.58662426	0.15849636
0.9745011	0.36648	0.013741676
0.35593408	0.2525664	0.045750506
0.04393828	0.99867564	0.2010096
0.27616698	0.83614063	0.59338415
0.31020606	0.40736288	0.12589598
0.41149843	0.34481114	-0.39531097
0.30066538	0.57754016	0.09786677
0.22038412	0.2948475	-0.28508335
0.109680355	0.9923542	-0.053310353
0.056066096	0.30722666	0.20182118
0.8513138	0.89259917	-0.15151256
0.84246534	0.8343608	-0.22225681
0.9629691	0.44067067	-0.11027121
0.4779948	0.5366091	0.4469558
0.054115295	0.9350075	0.16692281
0.91320485	0.7420877	0.11133589
0.50771856	0.8880239	0.062715635
0.22214186	0.065711856	0.3921708
0.05951959	0.5021607	0.025984943
0.5403682	0.94908506	-0.49559572
0.1251595	0.97195524	0.0545433
0.4576282	0.2769572	-0.2121252
0.05166042	0.2442388	0.42568454
0.2911446	0.21183932	0.7274776
0.9099539	0.79715735	0.1631633
0.6108571	0.64932185	-0.32901523
0.02764517	0.39487118	-0.7963385
0.96430963	0.06694186	0.57963586
0.13695353	0.6023631	0.51704943
0.28385925	0.9260521	0.7148938
0.32483912	0.81316215	0.58838403
0.5607436	0.7534539	-0.20314349
0.9288159	0.8305192	0.19700176
0.5565463	0.18647283	-0.08404106
0.34626925	0.35775077	0.06699878
0.522599	0.20441657	0.23398653
0.76479167	0.2986914	-0.36946464
0.15520251	0.4099018	0.0008361731
0.55357504	0.45457518	0.2781588
0.9111436	0.7781064	0.20006447
0.09129292	0.41479367	0.55444837
0.4662543	0.25004447	-0.20137224
0.5312266	0.67954105	0.3236762
0.7798783	0.49860412	-0.079221256
0.18740475	0.008908689	0.027589306
0.2852338	0.5963818	0.07040198
0.98774683	0.9732777	-0.2694811
0.8501763	0.80001086	-0.20966075
0.18131286	0.8056636	0.36712986
0.56074464	0.012789905	-0.16082527
0.5281489	0.055018067	-0.07034086
0.06857574	0.41290236	0.27955246
0.6856424	0.2971977	-0.14380461
0.5300297	0.52285343	0.5047645
0.69650894	0.9911671	0.55254036
0.15065098	0.1970579	-0.10770167
0.19070804	0.15792298	-0.20355026
0.03109169	0.27431446	-0.16716108
0.19104934	0.05444807	-0.027735533
0.45097357	0.6584067	0.39159334
0.78110933	0.68438995	-0.0038595512
0.29448736	0.3382401	0.27346402
0.671875	0.19976407	-0.31939784
0.015230298	0.91164565	0.06702041
0.7815042	0.15526062	-0.6941492
0.4585635	0.7202061	0.53976023
0.44966263	0.62012905	0.37315053
0.2034043	0.1922211	-0.13927406
0.34074187	0.99617106	0.69067705
0.9962045	0.6938544	-0.44732141
0.3489322	0.73857576	0.45425385
0.043331325	0.110266924	1.057382
0.31750572	0.7424277	0.41266105
0.4481671	0.864423	0.52004206
0.0018754601	0.50233614	-1.7423586
0.7710721	0.41584432	-0.12849475
0.2977538	0.49915338	0.023402568
0.3977986	0.38017863	-0.3704156
0.025383294	0.6516038	-1.0275167
0.4526196	0.35184538	-0.111993745
0.28887343	0.2490415	0.54843974
0.26368737	0.2610752	0.3406422
0.2070722	0.32157362	-0.29087165
0.36367095	0.28463376	-0.09430894
0.57101756	0.55524075	0.061312094
0.64617866	0.5741632	-0.1393737
0.3312798	0.649193	0.27423325
0.63573074	0.6812899	-0.27761096
0.7087387	0.79014796	0.56644636
0.68365526	0.13183898	-0.36523733
0.37980282	0.5642723	0.05370683
0.7956999	0.18893522	-0.4961722
0.30893582	0.6847056	0.33560944
0.18794107	0.8190749	0.41461483
0.9927005	0.9003072	-0.37116212
0.9094159	0.36657614	0.027287504
0.95952535	0.7798638	-0.10119723
0.5220299	0.48002994	0.5362024
0.41351724	0.5359708	0.022149758
0.72190505	0.70621437	0.53091913
0.67567897	0.6553124	0.25745353
0.965035	0.90854824	-0.064447224
0.83453125	0.42961323	-0.2383606
0.43799186	0.13187891	-0.3894096
0.77960306	0.83774	-0.02293014
0.5605631	0.87366724	-0.51643646
0.4637583	0.23717248	-0.1679565
0.5311849	0.93898135	-0.34591082
0.35097486	0.22972149	0.22759311
0.23744017	0.13833725	0.4535281
0.6082017	0.73145515	-0.51923364
0.35766315	0.939118	0.6141562
0.34049034	0.4783457	0.058225606
0.07831001	0.16901827	0.8953728
0.7819786	0.78728116	-0.0017324006
0.6044236	0.4894054	-0.24545307
0.18332714	0.9916564	0.19329576
0.5164798	0.2050944	0.18364787
0.071660936	0.41899592	0.32729778
0.48222023	0.17747927	-0.033389136
0.005421579	0.2424764	-0.5735383
0.50620466	0.393709	0.46408147
0.065057874	0.84368026	0.2132267
0.657702	0.24963516	-0.36930984
0.6352339	0.190561	-0.43406823
0.5276408	0.6305707	0.41668293
0.39937067	0.101319194	-0.29499155
0.32391465	0.41293395	0.15374959
0.5125609	0.53449047	0.5621191
0.34398144	0.59219694	0.14724314
0.055184364	0.71514297	-0.0006822124
0.6717684	0.7081398	0.20931934
0.5489847	0.5056829	0.29344577
0.5449044	0.38769734	0.26209068
0.9747466	0.56105584	-0.28743708
0.9869596	0.26589143	0.22791329
0.30959308	0.8311234	0.6472219
0.73181057	0.82435375	0.54472166
0.60210717	0.45536464	-0.32284483
0.2467531	0.21108025	0.32122293
0.6730406	0.45999658	-0.036835592
0.5607631	0.20177072	-0.10167548
0.7085407	0.32988268	-0.059055675
0.75252104	0.19923818	-0.5644231
0.7488924	0.04036194	-0.8792775
0.3289531	0.49814862	0.053417966
0.6900324	0.004825294	-0.39351484
0.06528103	0.28274357	0.4625432
0.9480987	0.104647815	0.49542195
0.09738141	0.36677104	0.5101443
0.037844956	0.25133276	0.05274148
0.47569078	0.76474947	0.45679915
0.507773	0.87269825	0.14133729
0.66598564	0.7309328	0.18102477
0.9963626	0.08494419	0.47150463
0.9664542	0.74913734	-0.10527448
0.5899316	0.78503126	-0.5544918
0.84622115	0.91720456	-0.23428965
0.6961652	0.6959109	0.5051038
0.3203891	0.9615466	0.70477396
0.5013851	0.070875704	-0.018041141
0.48981267	0.08337003	-0.014201807
0.9340342	0.7280363	0.06466526
0.7293482	0.8746222	0.6188772
0.9619775	0.8305284	-0.03922002
0.27075022	0.036540926	1.2434534
0.9585131	0.018855333	0.5767994
0.4657278	0.09293908	-0.14922968
0.60775656	0.8856961	-0.84830683
0.9135853	0.13407928	0.47764176
0.012247562	0.91949725	0.09515018
0.4206658	0.77153146	0.51530284
0.58261764	0.006886542	-0.10047121
0.75934845	0.1985386	-0.560415
0.46843636	0.807473	0.52355427
0.96775895	0.5618455	-0.28496575
0.8860407	0.11624056	0.4837709
0.9810958	0.18851775	0.3710256
0.60467434	0.61214477	-0.31727764
0.27149415	0.15454692	0.8795211
0.35217452	0.14908385	0.39097932
0.72540915	0.95721275	0.6323793
0.8886864	0.819811	0.12589946
0.6153718	0.8491766	-0.73895574
0.0012149215	0.10399586	0.63385713
0.47643954	0.39847565	0.21196406
0.6582092	0.56763434	-0.027642656
0.6409447	0.91675264	-0.53783566
0.20705253	0.87673175	0.5528866
0.9751578	0.32682782	0.073255375
0.011568785	0.8285896	-0.39491802
0.19310737	0.2291202	-0.33002833
0.8611324	0.86826557	-0.06325579
0.08500588	0.21907026	0.7245242
0.97024775	0.7994554	-0.11600084
0.7578813	0.56481385	0.15847881
0.9108035	0.7429358	0.15858892
0.8601293	0.9103688	-0.12090249
0.8593156	0.7638576	-0.12373481
0.3890236	0.010196924	0.124453366
0.603759	0.891474	-0.8625494
0.6056847	0.83908594	-0.7774448
0.044449806	0.32422203	-0.11038406
0.50640225	0.06913537	0.07053652
0.4471442	0.90808725	0.4326892
0.13342881	0.20881176	0.028717324
0.7678571	0.9645095	0.12500206
0.22104597	0.8868704	0.58151424
0.71310616	0.22347593	-0.38185477
0.78055346	0.6912851	-0.007848829
0.77736765	0.9478494	0.00039404072
0.04695058	0.31248623	-0.027508993
0.58800566	0.47158706	-0.151463
0.9162486	0.22858942	0.2776365
0.3058694	0.82215697	0.5944489
0.98904437	0.41832894	-0.16637959
0.13106066	0.5103887	0.4013873
0.0070001483	0.8495907	-0.34372103
0.090546966	0.27072835	0.62455505
0.616439	0.4002143	-0.31252298
0.9524658	0.69943917	-0.074628875
0.26623517	0.37758893	0.041380413
0.2964049	0.02743256	1.4145647
0.6268755	0.017527401	-0.12829629
0.10138297	0.037803292	0.75677675
0.23762757	0.9261801	0.5810981
0.6740935	0.98046404	0.12311844
0.5166786	0.8840735	-0.055780143
0.22558546	0.66119707	0.05774192
0.40068132	0.040970504	-0.032836996
0.8752196	0.17401272	0.16436754
0.28689778	0.5290007	-0.014138062
0.092261314	0.56750196	0.5962379
0.16101211	0.08219743	-0.113830075
0.557034	0.71132314	-0.03886095
0.040205717	0.0062479973	1.7203196
0.07628012	0.58763856	0.35036612
0.9432477	0.3114658	0.16068256
0.014599919	0.39634854	-1.2347577
0.35576838	0.7191403	0.42770764
0.43366623	0.70487326	0.50380963
0.51713645	0.13141567	0.018461838
0.1796866	0.9087743	0.35854128
0.90074205	0.04074782	0.8021564
0.38826472	0.63677186	0.20393544
0.6284107	0.26145476	-0.46787593
0.69845	0.76401293	0.49292257
0.17778182	0.6803896	0.2338813
0.74365354	0.67714876	0.30840588
0.8781948	0.46609217	-0.118305
0.3266117	0.88500994	0.7303711
0.55297965	0.023025692	-0.09289648
0.06527984	0.8481249	0.15332367
0.40302992	0.57745117	0.12569758
0.2957883	0.5301533	0.038960446
0.83774894	0.31973016	-0.18736345
0.39184028	0.0989275	-0.1906522
0.3579495	0.6214798	0.21718602
0.65445065	0.058381796	-0.20812865
0.8996694	0.74701726	0.06653954
0.6823702	0.2140398	-0.3570892
0.73344487	0.35691142	-0.09785704
0.1868397	0.22510982	-0.29874715
0.80349857	0.15384799	-0.48422462
0.21075112	0.45258218	-0.34783435
0.6728654	0.80373883	0.20722859
0.14306957	0.69304305	0.46787196
0.21798795	0.91255194	0.5687099
0.38597453	0.50491714	-0.059855342
0.0061841607	0.5512198	-1.7271727
0.6715756	0.7369961	0.19300686
0.9229449	0.6852332	0.05177157
0.101980865	0.8745253	0.32962564
0.16749072	0.2968614	-0.2356595
0.3562293	0.5609887	0.090494536
0.20966798	0.37825125	-0.37533495
0.3217259	0.78627634	0.47533208
0.21518731	0.9393341	0.51620674
0.53571355	0.44070166	0.4184003
0.72411424	0.22954029	-0.3939076
0.20466286	0.18697333	-0.13606474
0.84939253	0.016982019	0.43601146
0.20506436	0.67554337	0.13741712
0.031751096	0.6987152	-0.6687135
0.9707673	0.5447388	-0.26765138
0.7512485	0.9684246	0.37120548
0.40778595	0.049757957	-0.2328546
0.7916886	0.14751005	-0.5848057
0.5004396	0.70248735	0.4837969
0.024359286	0.89609736	-0.056871615
0.7575195	0.24640453	-0.48525888
0.4698223	0.72209483	0.5416873
0.019571602	0.037284315	1.432745
0.25644535	0.2302801	0.40684304
0.9222806	0.6886601	0.060568444
0.90241265	0.4361785	-0.03618897
0.96155447	0.71168363	-0.18548715
0.79929423	0.4034192	-0.20205018
0.42933333	0.8558194	0.5702118
0.81703013	0.2981372	-0.30460927
0.30651277	0.028631687	1.4057037
0.009542167	0.42524606	-1.4915516
0.99886304	0.64324373	-0.47433704
0.59519225	0.9392286	-1.0338924
0.54841715	0.2827103	0.16807042
0.43737167	0.6474481	0.36591867
0.5030312	0.922085	0.058563743
0.9100565	0.23687273	0.23545426
0.87784016	0.48302674	-0.14651439
0.8858441	0.26344502	0.08971958
0.563374	0.4500293	0.14414975
0.44140786	0.21466476	-0.39367077
0.75136507	0.3362515	-0.24276164
0.5595511	0.22191942	-0.013692893
0.33767915	0.54611695	0.113275036
0.6201643	0.23989153	-0.52094567
0.38296515	0.64981717	0.29888207
0.67657775	0.5920032	0.17129588
0.2126342	0.9642307	0.5191363
0.32529408	0.26468724	0.373013
0.9594889	0.26694506	0.20708075
0.040152967	0.71057177	-0.44377908
0.39522952	0.7906077	0.54626536
0.072797835	0.5704484	0.35178933
0.53297603	0.5178165	0.4281337
0.21276551	0.33534157	-0.32950026
0.7184559	0.5314811	0.2926478
0.4383111	0.6141999	0.2482776
0.19562387	0.46874678	-0.2642539
0.1228711	0.3329789	0.35487852
0.10569996	0.84685785	0.43306413
0.532695	0.039183557	-0.049871594
0.61365855	0.29219145	-0.4450675
0.0052427053	0.30411363	-1.071233
0.21184367	0.6886284	0.1713152
0.6738712	0.7933442	0.26760703
0.03431517	0.927242	0.08619486
0.28036273	0.53072464	-0.019285578
0.8825401	0.6577265	-0.082354456
0.027963161	0.4795769	-0.99271864
0.93448365	0.41332573	-0.021997921
0.40257937	0.010026991	-0.041558232
0.40390092	0.90771943	0.57235885
0.5407523	0.32260925	0.28331736
0.9298333	0.8756171	0.2875958
0.22584021	0.24641544	-0.05064897
0.7391396	0.7534196	0.43016803
0.042093158	0.19150245	0.49750784
0.6810806	0.9453136	0.23771176
0.5003274	0.5666011	0.6238675
0.98763674	0.84771407	-0.25124687
0.9315598	0.15304977	0.47466198
0.31998664	0.45261377	0.071593955
0.8911933	0.4933685	-0.12318709
0.8589505	0.24927837	-0.05635702
0.37365997	0.6342081	0.23587973
0.19982308	0.07497156	0.087789714
0.84912544	0.6636052	-0.18704635
0.36207426	0.89753664	0.655336
0.20755953	0.80848926	0.45793423
0.41060615	0.44856882	-0.2462437
0.7745405	0.48218906	-0.054819603
0.6478462	0.72803324	-0.1131731
0.10854691	0.22508931	0.4996757
0.92113274	0.19765127	0.40314782
0.36291027	0.9413445	0.75396675
0.94772637	0.78994554	0.0635635
0.43092287	0.6871915	0.43318495
0.44026053	0.96733946	0.46024552
0.92761445	0.976771	0.23575026
0.11259788	0.94857174	0.13219935
0.41387218	0.85316986	0.5075942
0.87418	0.36312246	-0.10038813
0.9369565	0.71650565	0.034533676
0.5435929	0.34251451	0.24722035
0.27629614	0.50897723	-0.051222283
0.040392876	0.071181834	1.24986
0.6745929	0.86050355	0.24494472
0.6680299	0.2954784	-0.2525991
0.027491748	0.64634615	-0.90332776
0.2495566	0.2834229	0.1286741
0.60905993	0.48524815	-0.27942595
0.1480174	0.14212418	-0.08656615
0.28389734	0.3339607	0.22838576
0.7810851	0.80250466	-0.016266763
0.37845325	0.062871754	0.09361165
0.86105824	0.060968935	0.4161414
0.9548943	0.22172427	0.3685418
0.36130977	0.17566288	0.1267975
0.038835347	0.86700684	-0.06323964
0.93914145	0.17013341	0.43872926
0.4907183	0.7629162	0.47387537
0.3962463	0.5952686	0.101777345
0.4001479	0.9324769	0.52873564
0.9649464	0.41766787	-0.02980825
0.08623904	0.91852796	0.18060926
0.26557744	0.06246525	1.1463287
0.7801934	0.42870104	-0.18086709
0.5939932	0.5879513	-0.2553209
0.7671661	0.8725915	0.17324434
0.3968507	0.37857872	-0.39668715
0.41173875	0.49463254	-0.123033956
0.7427233	0.739369	0.42816633
0.74690557	0.4908098	0.12155948
0.25107872	0.7756244	0.45738345
0.8363308	0.29030645	-0.23090732
0.79907024	0.6162195	-0.15445966
0.094891965	0.700406	0.608341
0.025808394	0.6465285	-0.8956184
0.27827394	0.24197114	0.53960955
0.94873565	0.479213	-0.06432413
0.8616324	0.801805	-0.0683174
0.7969763	0.59257174	-0.07989576
0.5759085	0.32522964	-0.08596603
0.19666004	0.21954376	-0.2366904
0.82135475	0.6709586	-0.23794444
0.80198705	0.555253	-0.13129495
0.31605804	0.6527268	0.2964911
0.99137473	0.1915921	0.28632593
0.36669368	0.42047697	-0.16207244
0.9112991	0.7419255	0.13385054
0.339755	0.15625083	0.5666212
0.8672757	0.6183387	-0.20274062
0.29632676	0.23165882	0.67431575
0.5779523	0.9075822	-0.8362442
0.36266273	0.84440666	0.6163114
0.5043993	0.012932658	0.0762033
0.7595969	0.47015053	0.041424274
0.25586218	0.9356704	0.71496934
0.09271461	0.51028043	0.5933588
0.3049448	0.3661368	0.22866984
0.8929912	0.81111974	0.13157116
0.3059256	0.024433434	1.367006
0.3948198	0.6515974	0.25065812
0.47607428	0.6498373	0.45087072
0.14103508	0.63344944	0.49120405
0.20705509	0.35458124	-0.34026402
0.46814626	0.5036972	0.34685653
0.2199986	0.26488268	-0.17006214
0.99018	0.9069064	-0.29326674
0.33819038	0.78618956	0.61020505
0.805922	0.8869756	-0.31230673
0.08515185	0.53716713	0.5349399
0.2725731	0.9576614	0.7715996
0.48784888	0.33728892	0.2333995
0.8966184	0.2963037	0.11630742
0.05858487	0.3420756	0.19012728
0.21480232	0.74645793	0.3280196
0.8964498	0.14163768	0.45188898
0.20119971	0.7846238	0.3552462
0.120298564	0.41235375	0.42930773
0.4217683	0.7772336	0.54887736
0.8641179	0.23433208	0.023654226
0.7298172	0.6655928	0.4587903
0.8164012	0.12164563	-0.36483064
0.45672703	0.6942154	0.4818997
0.23033935	0.006515324	0.76605433
0.46929485	0.43716872	0.21265692
0.63709384	0.8857021	-0.49887636
0.13581485	0.48995036	0.4004838
0.4661258	0.8778339	0.4469137
0.47043824	0.33491188	-0.0036741216
0.8660977	0.1825198	0.16031583
0.070140004	0.013871253	1.4308755
0.7401172	0.9432908	0.6216716
0.10753685	0.08667016	0.61176217
0.5492015	0.44848633	0.28146404
0.1963129	0.29464298	-0.29671684
0.46349865	0.6222566	0.45430186
0.9813371	0.24509752	0.22805302
0.6797173	0.3361417	-0.16794218
0.68685925	0.41551882	-0.027921408
0.8442539	0.31865162	-0.17443937
0.30273926	0.15710968	0.94627947
0.23434103	0.42121625	-0.2830326
0.025482476	0.8827092	-0.10369649
0.22237498	0.2521475	-0.17620191
0.08580828	0.6204757	0.5206114
0.1880601	0.2970258	-0.34192884
0.63211477	0.5654072	-0.23499085
0.8692695	0.12833244	0.30324063
0.24181616	0.89436257	0.6354031
0.8633946	0.043305933	0.55709314
0.30599004	0.17015779	0.8315803
0.48380816	0.049880147	0.05925271
0.35694927	0.24609828	0.10854363
0.75584465	0.6961716	0.23675165
0.81686246	0.2828371	-0.34642535
0.67254907	0.42909288	-0.020321842
0.25291365	0.72795814	0.32739002
0.055529535	0.5053109	-0.072690964
0.5327777	0.85041153	-0.1060749
0.7807493	0.40323067	-0.13804936
0.46224403	0.42698878	0.068385154
0.76106304	0.9308637	0.2023404
0.15444785	0.38541257	-0.058430836
0.9436857	0.19911188	0.44031376
0.7812667	0.5827967	-0.047241688
0.63949996	0.18829364	-0.43144292
0.054583073	0.9108124	0.14537741
0.01181221	0.9747019	0.45876187
0.10570431	0.2958883	0.50395393
0.06286973	0.06562865	1.2779655
0.3878693	0.35200238	-0.3009856
0.9884687	0.05379063	0.48174363
0.6113394	0.48454922	-0.28844297
0.62802446	0.75469446	-0.36614907
0.6074101	0.0922972	-0.35840082
0.50500923	0.81905884	0.31926084
0.1679132	0.5731798	0.08622679
0.4014647	0.39391005	-0.26166975
0.46772945	0.46796465	0.2651872
0.92225283	0.6075864	-0.032019623
0.78782016	0.5560141	-0.060584866
0.13798761	0.049239457	0.14761738
0.20107657	0.34352523	-0.35793132
0.68945754	0.65296006	0.34334823
0.37556356	0.5461419	-0.004022252
0.15111113	0.72906965	0.48480776
0.6421118	0.6749706	-0.17651913
0.9930889	0.05508697	0.5449629
0.5358782	0.3651318	0.36141503
0.70143116	0.087338984	-0.5769714
0.3204639	0.92733467	0.7266551
0.8086915	0.44971538	-0.20641568
0.8574748	0.040617347	0.44651106
0.43057948	0.3144638	-0.35679588
0.8166662	0.6828124	-0.20609923
0.91238606	0.6213811	-0.008436754
0.4739855	0.5524801	0.44458413
0.6781565	0.58853126	0.17948228
0.4309938	0.7269929	0.49341112
0.04005468	0.8084155	-0.19566657
0.69584316	0.14261651	-0.43208188
0.35237145	0.87064815	0.66243786
0.0045024157	0.11197311	0.6398474
0.5988525	0.69153535	-0.3790729
0.74653393	0.5673199	0.31999332
0.9548368	0.08557814	0.5173709
0.17047608	0.47222453	-0.13741967
0.2612276	0.36874938	0.008735936
0.4658612	0.5493213	0.36362642
0.584279	0.09088498	-0.26065356
0.5074262	0.934626	0.021907311
0.93947524	0.4486227	0.01380584
0.4264595	0.40183747	-0.2815155
0.029156685	0.69230527	-0.6830792
0.6237381	0.43471014	-0.29897496
0.6483781	0.010015488	-0.10651855
0.7818408	0.96494484	-0.13595325
0.78259385	0.95714694	-0.146315
0.74762285	0.7747182	0.3611364
0.26788354	0.88128334	0.67375946
0.3116218	0.077638626	1.1915438
0.22712028	0.53703773	-0.24556354
0.96031004	0.08646053	0.5303113
0.23600847	0.8702399	0.59133726
0.1089105	0.44484043	0.53532237
0.8355105	0.60152745	-0.23884018
0.5361177	0.6887617	0.23846334
0.61081386	0.87298715	-0.83241343
0.5400388	0.1023069	-0.08547713
0.52728283	0.34945017	0.3468149
0.72668874	0.29979527	-0.19664013
0.0034288764	0.78272784	-0.7952265
0.91138613	0.08900511	0.65486425
0.34293187	0.69500625	0.36189497
0.42619056	0.81120217	0.57183623
0.80686307	0.6131326	-0.11053465
0.17059517	0.8907993	0.3176055
0.32685125	0.124571264	0.85667574
0.054348886	0.09216952	1.2546773
0.39267063	0.48285758	-0.13629362
0.6605369	0.38078028	-0.22941862
0.60943264	0.28000593	-0.47246018
0.82441175	0.8504771	-0.26946276
0.58172804	0.09387541	-0.27901486
0.54796416	0.04049307	-0.05276682
0.069903255	0.8967265	0.2062947
0.58896023	0.779741	-0.5331153
0.06301737	0.728969	0.1793949
0.07269865	0.902114	0.21705167
0.80743766	0.07020241	-0.4652151
0.6594481	0.12305874	-0.37565807
0.94650716	0.26494467	0.1878106
0.10692042	0.5681263	0.6575542
0.78546774	0.9978789	-0.20475002
0.96978414	0.6880354	-0.23405989
0.31823677	0.62866217	0.20043992
0.815753	0.3231535	-0.31196815
0.13881695	0.043432117	0.12443216
0.055387855	0.5050866	-0.13089335
0.025664032	0.8109747	-0.38561407
0.44352198	0.31891984	-0.33485597
0.20533377	0.080277085	0.07920894
0.7142916	0.9181541	0.66568136
0.21371311	0.882161	0.54834706
0.43087095	0.61743087	0.26596215
0.77651364	0.7033143	0.043571766
0.7265447	0.8219029	0.57827926
0.508797	0.8527899	0.16412723
0.924149	0.3602699	0.039125506
0.8676002	0.41643268	-0.15358551
0.085633755	0.56320304	0.55464315
0.6539929	0.7823313	-0.1410394
0.4470448	0.3635602	-0.1801469
0.27790433	0.02070874	1.4130464
0.12685049	0.27278608	0.19608139
0.36428237	0.57499874	0.08211541
0.67503434	0.84940726	0.15383789
0.45403147	0.40743363	-0.047934875
0.2854905	0.67791176	0.22299275
0.22573215	0.9267056	0.6174067
0.7095073	0.19150186	-0.38578966
0.3080753	0.6529683	0.2721033
0.098698676	0.14769018	0.6974275
0.476565	0.33568645	0.12647715
0.028891206	0.39253688	-0.8089077
0.82221955	0.41325033	-0.23621278
0.572739	0.24426627	-0.15766014
0.12889177	0.65328014	0.61862177
0.3210584	0.5761411	0.15646462
0.009008527	0.33864838	-1.1076455
0.6173329	0.4059872	-0.36866555
0.43809164	0.034592032	-0.179069
0.75832653	0.76326656	0.22236784
0.84441376	0.20748681	-0.13626814
0.2747541	0.703518	0.33873573
0.20906794	0.4845881	-0.36976278
0.45223737	0.76293945	0.51525193
0.1144827	0.33334905	0.43251923
0.98456985	0.8012421	-0.2872499
0.95554096	0.58004224	-0.14876375
0.86511505	0.04281062	0.48685104
0.16352588	0.70017314	0.38397005
0.5828678	0.9966217	-1.1156555
0.088492334	0.4639976	0.500204
0.005833566	0.78780377	-0.7380848
0.4233327	0.94167334	0.52589273
0.60386914	0.89015657	-0.93097985
0.07696158	0.86877805	0.1953757
0.32360423	0.42037553	0.1018554
0.22167158	0.15201443	0.1809935
0.026365936	0.9544898	0.21791723
0.6739061	0.6093923	0.1927363
0.36856067	0.77218884	0.541224
0.29778045	0.405415	0.11497866
0.81646615	0.63277066	-0.2479657
0.6872135	0.76000255	0.47454166
0.14265984	0.12071085	-0.03660229
0.10855305	0.52019227	0.6056622
0.83541775	0.631091	-0.18885173
0.19641757	0.15712392	-0.20019339
0.9222246	0.48378545	-0.047031682
0.8334487	0.2287556	-0.24484678
0.24360842	0.91454333	0.64477843
0.845854	0.045037627	0.2900052
0.6613571	0.9042626	-0.056205243
0.4340865	0.4042148	-0.21181817
0.21214145	0.13018477	0.07482055
0.54414093	0.832052	-0.17596182
0.029670715	0.47354287	-0.9384383
0.82445204	0.8498527	-0.283688
0.75927365	0.817797	0.27791882
0.6438112	0.0075771213	-0.071287826
0.40822703	0.64636135	0.30508655
0.040194392	0.89976907	-0.005012296
0.5084039	0.8081012	0.27729583
0.96465445	0.9523653	-0.026606247
0.033257544	0.5373011	-0.8541595
0.9658874	0.8009655	-0.097399816
0.66275287	0.6330553	0.090187445
0.22003263	0.77397233	0.3672722
0.59330803	0.8695321	-0.77263033
0.73168236	0.12818575	-0.6350309
0.34590745	0.8082338	0.59029
0.030359864	0.9578937	0.2687386
0.10695231	0.02883482	0.79920393
0.07771224	0.79253656	0.30428532
0.050772905	0.19908905	0.62732255
0.54576015	0.42523742	0.29971153
0.071573615	0.30716014	0.48960677
0.41873956	0.58532	0.16097061
0.6997133	0.11936414	-0.44129288
0.31593245	0.9222161	0.64012873
0.62767094	0.69557613	-0.31839517
0.34100598	0.5330657	0.09479071
0.083253264	0.77091074	0.40853715
0.8190519	0.6032132	-0.1731642
0.74852985	0.28696072	-0.3592092
0.96746767	0.7644927	-0.18043098
0.49565792	0.9814212	-0.027260149
0.37951732	0.7563283	0.5310092
0.5829461	0.2234146	-0.27599272
0.7152209	0.561635	0.3370505
0.12267852	0.5101036	0.56552106
0.2705915	0.24634737	0.41988066
0.6814927	0.7534464	0.32858524
0.5150207	0.9876208	-0.22580571
0.37828052	0.13740331	-0.05227908
0.88277876	0.5559347	-0.16397834
0.63168883	0.40628326	-0.35074282
0.3732984	0.31919938	-0.26069438
0.77662426	0.8285885	0.008329619
0.3417068	0.20760012	0.40851483
0.39433962	0.67352307	0.3739551
0.5990905	0.5793206	-0.26007128
0.599503	0.2683056	-0.38389173
0.3321404	0.83135945	0.59576064
0.4287724	0.02312088	-0.18941052
0.4043846	0.8711798	0.5288555
0.16188383	0.65506965	0.36062664
0.71091133	0.7261187	0.5474107
0.73902607	0.63721776	0.35346213
0.28291595	0.42593634	0.05009346
0.9886829	0.61910707	-0.45156327
0.9442407	0.13477778	0.51924044
0.023190796	0.46908885	-1.2178885
0.9549236	0.37320787	0.011569593
0.30749685	0.47562855	0.12146056
0.8391357	0.82278496	-0.241992
0.8819199	0.35025984	-0.116654515
0.9929991	0.055016458	0.50613207
0.46792024	0.3231508	-0.04201193
0.55207753	0.6066204	0.22301136
0.025837481	0.12629628	0.753648
0.6696205	0.19119412	-0.41485345
0.011539757	0.69052374	-1.1915761
0.016736925	0.8784749	-0.14544542
0.11527395	0.9253911	0.1933584
0.74679226	0.5123	0.109372325
0.124878824	0.117453516	0.23992722
0.9634374	0.8750466	0.030413957
0.04867333	0.10444808	1.1176914
0.86507094	0.91456443	-0.026308049
0.105234504	0.6316194	0.6582108
0.58424395	0.17856324	-0.26074347
0.97395647	0.026697338	0.50684464
0.8437913	0.098097205	0.12142157
0.08399433	0.5216298	0.5372947
0.082680404	0.75793177	0.3122301
0.42885685	0.797856	0.53502417
0.50470877	0.4224729	0.44099933
0.22163975	0.9178802	0.5707461
0.30948025	0.36456466	0.19110727
0.9248606	0.042704344	0.7306145
0.35328096	0.25205922	0.13464373
0.69241613	0.51513624	0.30411473
0.22542804	0.99708134	0.5526366
0.18067503	0.42556167	-0.30295414
0.64584523	0.16886967	-0.46848154
0.4885593	0.87963027	0.35649276
0.960686	0.8472472	-0.029276805
0.19268507	0.8114965	0.45132068
0.7787537	0.5218412	-0.04316241
0.24644983	0.047840476	0.95206
0.6928924	0.90717745	0.54318386
0.45584273	0.13176411	-0.27116558
0.11853808	0.45498216	0.43887666
0.6704064	0.522633	0.0012348071
0.6146981	0.6330084	-0.36518806
0.42898208	0.14028788	-0.43562508
0.56797194	0.113559306	-0.1716609
0.46254772	0.5521406	0.36908495
0.8976701	0.34679615	-7.6097436e-05
0.2636308	0.59760666	0.020422086
0.73209935	0.4660669	0.15039791
0.2749372	0.09540671	1.1252258
0.5525747	0.3519413	0.23753162
0.47545713	0.67230225	0.5221379
0.54649764	0.31094396	0.25691584
0.82465523	0.8400574	-0.3319001
0.6973135	0.7568978	0.47231436
0.72398823	0.19592881	-0.48184028
0.30918407	0.9357972	0.7181265
0.8805826	0.17601788	0.22864473
0.9212041	0.7378613	0.121584035
0.4455269	0.004529774	-0.16241676
0.60225785	0.9241141	-1.0081245
0.36441338	0.57211936	0.08842217
0.49063367	0.19117385	0.009315038
0.25063598	0.9959615	0.6116829
0.52213573	0.90976834	-0.17670244
0.910785	0.19804037	0.34485525
0.16996878	0.71517247	0.32009056
0.5256865	0.7267209	0.23752005
0.0022408366	0.7402783	-1.1135755
0.45412654	0.7813889	0.53976256
0.014981627	0.8394513	-0.33063075
0.52965873	0.20233887	0.12222808
0.48907065	0.11380988	0.000512857
0.6583068	0.8438612	-0.04991857
0.36912102	0.0444054	0.31756747
0.5731419	0.89379394	-0.7471812
0.56551784	0.75702834	-0.23429471
0.8889456	0.7596496	0.10737072
0.07117224	0.103577316	1.115585
0.9105412	0.5553851	-0.12529367
0.53486985	0.5237147	0.42984122
0.5295741	0.97850245	-0.43035814
0.7777756	0.7711517	0.06562147
0.5152147	0.7585368	0.25877547
0.14088625	0.8247611	0.36546695
0.10659677	0.23617196	0.50843364
0.9441463	0.28427523	0.21136265
0.9544962	0.44066393	-0.03995794
0.9692523	0.084867656	0.47444105
0.90356034	0.18530607	0.30910948
0.43999612	0.013657451	-0.11695111
0.62956864	0.18744183	-0.47228122
0.3814758	0.9260732	0.6915425
0.9461334	0.14718187	0.49683455
0.29925948	0.6266702	0.19640988
0.12317371	0.71430206	0.5451081
0.8013865	0.25215828	-0.43213278
0.104386926	0.8293765	0.3493998
0.16854942	0.89425063	0.33907795
0.89642084	0.7819758	0.12929466
0.8277224	0.63256305	-0.1678347
0.7549738	0.9534984	0.33854413
0.049643278	0.44149148	-0.2561472
0.71387047	0.42463863	0.12292212
0.59007126	0.506757	-0.14738533
0.5262682	0.092077255	0.035674423
0.8292899	0.73736084	-0.2196037
0.5584625	0.5242799	0.18318269
0.90940124	0.15466785	0.46263286
0.66880935	0.2948206	-0.31263816
0.1793096	0.6336631	0.15963824
0.5570718	0.9334181	-0.72308385
0.41441578	0.26571274	-0.46017373
0.81930465	0.0009390712	-0.023490287
0.9437628	0.4851823	-0.05287494
0.9495564	0.29986185	0.1532896
0.3166188	0.37926793	0.19629845
0.5949027	0.4668159	-0.22808094
0.17219579	0.36954468	-0.25818393
0.30747736	0.37086284	0.18364806
0.42913234	0.40168607	-0.2707594
0.4090976	0.4765067	-0.18164141
0.03578651	0.49229592	-0.7203826
0.9249562	0.30999207	0.19015965
0.11527109	0.26742578	0.42470604
0.445422	0.66898155	0.43704587
0.5459691	0.53557146	0.33879438
0.66753465	0.22752035	-0.36360642
0.49422818	0.93377894	0.121057086
0.45670927	0.6493395	0.45028046
0.26764315	0.65558404	0.17071556
0.94602543	0.015408456	0.5742127
0.4903233	0.2839731	0.13283597
0.82383555	0.3398227	-0.29308602
0.99237406	0.2725088	0.1498223
0.96079135	0.55417585	-0.20636068
0.33554697	0.82689196	0.6021233
0.59806204	0.6955406	-0.4033825
0.8985898	0.17156953	0.3460303
0.61905307	0.3964759	-0.4152381
0.42463225	0.4735638	-0.10675156
0.22335196	0.37899595	-0.38955545
0.8582784	0.12217528	0.18024975
0.39599317	0.32217813	-0.39475203
0.030139148	0.31354344	-0.45782328
0.4653852	0.6547431	0.51871336
0.83537173	0.9801202	-0.4270113
0.76660734	0.3225658	-0.28741208
0.06551337	0.2755468	0.47730204
0.5191106	0.699516	0.38963434
0.36603612	0.66646904	0.2689333
0.7418525	0.2723713	-0.35466003
0.9171105	0.14794451	0.48715615
0.79488695	0.6566159	-0.08248126
0.023539722	0.21103477	0.052229423
0.45382243	0.6310508	0.4400853
0.31088728	0.09039152	1.1154338
0.172073	0.38891518	-0.23591314
0.2683059	0.74665713	0.40085703
0.97112304	0.7132122	-0.18974414
0.97041005	0.27237952	0.14846653
0.27914566	0.04135579	1.3381121
0.74077797	0.20160109	-0.51190096
0.31452572	0.87293416	0.6564954
0.93771935	0.985621	0.22629613
0.5317414	0.6808987	0.28963712
0.95244265	0.2257374	0.30146736
0.4358126	0.87993133	0.49601132
0.3767177	0.6193072	0.23342851
0.77709657	0.1326561	-0.66163033
0.58137375	0.46647215	-0.027666915
0.9160129	0.07594699	0.65296984
0.05168563	0.015826106	1.6172161
0.6151279	0.12893546	-0.40546596
0.5317403	0.33264744	0.38518906
0.27611268	0.8184895	0.6280596
0.07548398	0.68276227	0.37975696
0.99418235	0.22539353	0.24818604
0.66764355	0.28303373	-0.3261705
0.18482673	0.9510408	0.3895742
0.8335949	0.47309387	-0.25799215
0.6085719	0.352741	-0.38030165
0.81237274	0.7300393	-0.20455675
0.8733027	0.7500784	-0.05371887
0.39199507	0.077646255	-0.1606634
0.20877117	0.17209989	-0.06294007
0.9107998	0.5971329	-0.05278299
0.5387426	0.89488786	-0.2563624
0.47673392	0.9821167	0.107292086
0.08619094	0.4218223	0.5001569
0.9538065	0.296319	0.21735862
0.08449286	0.47281206	0.4929777
0.8269574	0.45496994	-0.26676887
0.632099	0.89500016	-0.5468756
0.0406062	0.36931437	-0.37305838
0.90484744	0.8064872	0.23280144
0.11246556	0.5372005	0.62101394
0.43471766	0.7599025	0.52792615
0.38905102	0.36026484	-0.3055123
0.95902973	0.96326137	-0.017468452
0.6250236	0.23890924	-0.4798701
0.51093674	0.22381729	0.16862942
0.56318086	0.477107	0.13175672
0.027206957	0.42937344	-0.92771083
0.7214573	0.29618156	-0.17527118
0.0883075	0.7365964	0.44726112
0.79129386	0.6991143	-0.13021818
0.20748651	0.8084554	0.42944115
0.528993	0.9839789	-0.4294469
0.9895528	0.9664134	-0.34428
0.3822574	0.4561842	-0.13773093
0.9644784	0.2230919	0.31819913
0.44881237	0.9200447	0.43678212
0.63044655	0.8547724	-0.64744234
0.04104036	0.033860624	1.5451213
0.16401494	0.7816966	0.48802057
0.82329994	0.943704	-0.383029
0.15807343	0.88046414	0.3552432
0.5267119	0.7584359	0.19877364
0.79686534	0.41667777	-0.24035306
0.9182215	0.5075517	-0.07056654
0.25221986	0.019583046	1.1222769
0.02422744	0.10452455	0.8809491
0.73798704	0.34577304	-0.15597953
0.23889476	0.6367472	0.002194034
0.30004686	0.69662124	0.2951509
0.82018167	0.5046908	-0.22041678
0.68438625	0.123534024	-0.4116435
0.64650047	0.9102128	-0.37908646
0.13317621	0.22810179	0.10502801
0.7668851	0.2746631	-0.41619417
0.56047016	0.29514307	0.056313958
0.6833887	0.6763459	0.3533042
0.14775008	0.79217505	0.4037608
0.30555916	0.5340071	0.070229925
0.2740578	0.9285167	0.7102311
0.18437374	0.5615179	0.021709822
0.9846162	0.074971735	0.47633633
0.09874445	0.7538011	0.52567214
0.032040358	0.5808682	-0.86060274
0.99813294	0.2645465	0.1766676
0.7073265	0.40258133	-0.00044485927
0.7549488	0.6770239	0.27069798
0.4292403	0.9380567	0.43999812
0.7011513	0.69486684	0.4760791
0.15570712	0.4568981	0.02524356
0.2515294	0.31557143	0.0528721
0.72325164	0.72232836	0.46758208
0.2802139	0.29938185	0.34824112
0.3944415	0.0189718	0.05094656
0.86275774	0.92250633	-0.07313381
0.39689982	0.7899218	0.50613105
0.44267738	0.753222	0.5170033
0.14746112	0.5291701	0.32057306
0.046357274	0.65363824	-0.3424588
0.4646057	0.8097224	0.5208928
0.30268848	0.32150048	0.2825442
0.7133115	0.7874849	0.54894996
0.5667926	0.53581846	0.07628471
0.93282944	0.82852477	0.19027765
0.6690833	0.91681397	0.017410826
0.447165	0.97148633	0.34625116
0.38503224	0.4959979	-0.13171816
0.0077084303	0.38443428	-1.3993517
0.38224578	0.22668922	-0.28970772
0.93202466	0.3248161	0.1487293
0.35959578	0.6175077	0.17101224
0.58458245	0.59591335	-0.17238365
0.117210984	0.047600865	0.4835617
0.6897624	0.5059242	0.20588939
0.586465	0.057385206	-0.19456351
0.32891482	0.21789336	0.4673548
0.63574487	0.6710459	-0.27668142
0.08791715	0.8191228	0.32318914
0.70805335	0.08634865	-0.5533923
0.8151275	0.85416406	-0.331624
0.95978636	0.12635207	0.45136434
0.9146519	0.69161624	0.03991091
0.19657582	0.21847552	-0.24057321
0.010503173	0.73969865	-0.9804987
0.27839214	0.7146547	0.3431823
0.029821098	0.32084823	-0.45349118
0.26470327	0.08981824	1.0679898
0.5256734	0.221856	0.13964283
0.38601494	0.13166416	-0.15273884
0.756399	0.6150495	0.16229922
0.6822911	0.274911	-0.31628627
0.55132425	0.4954732	0.3107048
0.77648157	0.6287145	-0.023270186
0.7962476	0.67715806	-0.0825524
0.5603391	0.02066189	-0.093512
0.47145092	0.7095621	0.5271184
0.10029405	0.7640161	0.5365905
0.87609184	0.80550265	0.04205875
0.3492437	0.25711983	0.1346365
0.35589063	0.56252164	0.078157976
0.07991958	0.1298393	0.93141794
0.7154629	0.3305378	-0.16873693
0.062292814	0.15934545	0.85061157
0.3741815	0.5156624	-0.06917843
0.07119942	0.9101548	0.123914465
0.3124944	0.58899295	0.1757901
0.21690536	0.593114	-0.16208759
0.76306	0.45124286	-0.079449564
0.938888	0.9484669	0.28789338
0.6949388	0.04059404	-0.43535703
0.101159096	0.061174393	0.78101003
0.5141418	0.044814408	0.05932039
0.2748068	0.12639916	1.0286078
0.9188374	0.5892162	-0.04086913
0.51540333	0.3865319	0.41399783
0.5355543	0.15039289	0.035028003
0.6558858	0.72575456	-0.022395404
0.44736946	0.42874146	-0.030130742
0.9554928	0.9751956	0.12814845
0.8105159	0.13894445	-0.401694
0.8266398	0.37884665	-0.22552125
0.015531242	0.22415578	-0.24161722
0.86228067	0.030167699	0.5731365
0.14175439	0.8549998	0.37848976
0.1342439	0.17735398	0.15991904
0.28160882	0.91526234	0.7168582
0.42025077	0.5189822	-0.0036993208
0.117289424	0.048386574	0.46161684
0.17562473	0.25419086	-0.32128352
0.016621947	0.7124244	-0.96729416
0.8629586	0.73166037	-0.1433863
0.110332966	0.8797528	0.28974542
0.07335842	0.50406176	0.3524802
0.29873455	0.29464507	0.42398855
0.26893795	0.77575105	0.51995605
0.74214685	0.083129585	-0.7794101
0.45548093	0.73713654	0.4960791
0.06123358	0.57304436	0.06350133
0.9411681	0.72524315	0.018388718
0.752348	0.9722904	0.39100516
0.6001628	0.5067635	-0.26281363
0.17858005	0.8026565	0.38733295
0.8142422	0.120018184	-0.4086756
0.8049076	0.45676422	-0.25617877
0.6796147	0.12511986	-0.40684345
0.31345665	0.012719333	1.371268
0.81409365	0.902204	-0.37983876
0.47202462	0.14106357	-0.18487644
0.8989498	0.25246006	0.15045395
0.38853168	0.9995528	0.61280286
0.06069392	0.81631315	0.121738225
0.431615	0.7844149	0.49915338
0.52173203	0.9913619	-0.38776803
0.4410267	0.37557602	-0.17706579
0.10253084	0.49281782	0.5652038
0.9762784	0.12748837	0.41308475
0.082534134	0.19575489	0.72454655
0.22924936	0.014033079	0.71368414
0.41489685	0.45540464	-0.21096554
0.30793428	0.08540881	1.1416059
0.4811985	0.6541428	0.51051754
0.046332836	0.28390497	0.14112309
0.16620392	0.37007642	-0.20364922
0.45194173	0.2745558	-0.2769446
0.82642514	0.67000794	-0.17797577
0.57973737	0.96419007	-1.0297265
0.7927404	0.26561677	-0.45450807
0.11387515	0.47706097	0.59438527
0.31811786	0.4485646	0.07388843
0.5745022	0.35573024	-0.061285604
0.2914827	0.9778923	0.7336296
0.641795	0.85900295	-0.38350305
0.223342	0.11336219	0.30892995
0.867776	0.9106354	-0.012464594
0.16955084	0.20327878	-0.24098395
0.39155537	0.26870847	-0.36311796
0.4537503	0.33048797	-0.18753384
0.39026737	0.61392146	0.15856718
0.4977814	0.61348987	0.5583045
0.87624633	0.1940391	0.20264907
0.3683709	0.6417408	0.2492412
0.5254438	0.93897176	-0.21398494
0.23844653	0.6197961	0.0005277721
0.059989393	0.63321364	0.03266238
0.10831988	0.39551687	0.5593791
0.29934728	0.26989353	0.47069195
0.259283	0.045216143	1.1799879
0.8164009	0.75976694	-0.24273135
0.405383	0.032079935	-0.099948905
0.98121023	0.040023685	0.5236715
0.22183543	0.37355298	-0.31511095
0.80679727	0.7219376	-0.21303245
0.34420955	0.043096542	0.7917436
0.5493908	0.9236897	-0.5087173
0.7250913	0.15054625	-0.5883418
0.5720657	0.46729273	0.014622368
0.52661765	0.6608959	0.40854993
0.2708485	0.07017124	1.1596675
0.023667395	0.36253893	-0.8373763
0.7242433	0.70000684	0.5196066
0.24934435	0.7855691	0.4878505
0.7939471	0.29376203	-0.35602266
0.7356334	0.6090619	0.32693183
0.9441063	0.45922643	-0.016437978
0.039571285	0.17439264	0.57528234
0.0023475885	0.5808209	-1.8068852
0.39651775	0.08132148	-0.14344883
0.9813763	0.88517034	-0.22534177
0.8350602	0.10161084	-0.11255047
0.4148	0.802052	0.5437202
0.0055212975	0.21621281	-0.36007366
0.51735353	0.7435716	0.3147487
0.19428575	0.25499046	-0.2885517
0.4238193	0.23023921	-0.4745409
0.8657075	0.16883546	0.12379959
0.8088969	0.9542049	-0.44411597
0.20662999	0.46231776	-0.34095663
0.32296258	0.25313437	0.4131925
0.07166594	0.32352877	0.39057016
0.017540991	0.98878145	0.48948705
0.9057329	0.8113745	0.24172108
0.76267964	0.10638589	-0.78808767
0.6608394	0.9776036	-0.19712731
0.29822755	0.58273154	0.0636313
0.552975	0.90221035	-0.54081136
0.86626667	0.7172924	-0.10025373
0.6810204	0.045006692	-0.2974226
0.07409459	0.017428339	1.380661
0.98070943	0.564624	-0.33223855
0.9566149	0.30615032	0.1613571
0.9571464	0.6421235	-0.13683417
0.37206954	0.71013886	0.42949516
0.928937	0.5317077	-0.1124654
0.25025487	0.8387173	0.5997234
0.37063605	0.19691443	-0.102251425
0.21181113	0.44272447	-0.36806598
0.42067468	0.605557	0.24780801
0.22955072	0.5005536	-0.27488202
0.74567205	0.057568908	-0.8839558
0.6525976	0.58715284	-0.08655018
0.51669925	0.15109926	0.03219013
0.037579775	0.7691944	-0.36123753
0.6525324	0.72837317	-0.038711235
0.24530584	0.20255953	0.25464538
0.42767382	0.8419999	0.53842854
0.24754465	0.7944188	0.5055898
0.15227324	0.015106559	0.0045606866
0.108216226	0.6482359	0.7254472
0.78750503	0.046257973	-0.6892264
0.81960905	0.10528368	-0.2943868
0.280145	0.26928818	0.38286287
0.18586743	0.81512415	0.46362537
0.3256331	0.949916	0.7426124
0.81674063	0.12841094	-0.28628412
0.19551212	0.48383588	-0.30449453
0.2182244	0.2657354	-0.16164051
0.10728741	0.6795043	0.64298147
0.80431145	0.4788273	-0.21857186
0.30065268	0.03006816	1.4696908
0.6322094	0.59500045	-0.28132385
0.1702804	0.45516783	-0.106566094
0.11456978	0.027920604	0.5613604
0.427104	0.22251171	-0.5268719
0.8714168	0.68030536	-0.10180184
0.43956518	0.47979885	0.047564864
0.38156903	0.54798454	0.013155138
0.59341913	0.31880665	-0.2826557
0.91897506	0.6192629	-0.037930056
0.34740603	0.5737526	0.12639287
0.815073	0.4602545	-0.22433293
0.6554682	0.6760243	-0.01944376
0.33430493	0.41718102	0.028609578
0.17647368	0.9877279	0.2538801
0.8061004	0.5262902	-0.15583846
0.5513919	0.17295486	-0.08544944
0.8490856	0.7751216	-0.14983848
0.22737217	0.512387	-0.2604523
0.8925809	0.4203182	-0.08988945
0.5358254	0.3802393	0.4069569
0.794717	0.5711875	-0.08340359
0.8721821	0.006382525	0.7432403
0.48882574	0.62360984	0.49338156
0.5690518	0.7150409	-0.21104355
0.8803453	0.55933577	-0.18361437
0.5795285	0.8436855	-0.64882857
0.9333972	0.8747887	0.24591269
0.50108826	0.72424865	0.47046515
0.54852414	0.3699656	0.24007775
0.8946242	0.604545	-0.06398416
0.6106178	0.59311736	-0.3138572
0.2148031	0.17704266	-0.012270814
0.64965886	0.24208242	-0.4671637
0.31096107	0.83228314	0.5765474
0.7698653	0.41690868	-0.1361692
0.54291105	0.6028972	0.25366637
0.018396556	0.5894122	-1.3414594
0.11759454	0.31828815	0.34376198
0.7520417	0.647996	0.23586692
0.010794759	0.94039494	0.23029856
0.9250157	0.6626361	0.060570348
0.5046535	0.57158965	0.5633307
0.13998157	0.91319364	0.24922802
0.6877615	0.28285837	-0.23741208
0.23418051	0.9920133	0.6413742
0.9900224	0.38197917	-0.10819337
0.8670385	0.30210972	-0.031873357
0.43205404	0.8483561	0.50000304
0.90820664	0.6056801	-0.058745943
0.14193153	0.9283897	0.17080027
0.9091692	0.18080884	0.3930113
0.058265865	0.11564946	1.1101882
0.2999521	0.11943388	1.0366014
0.43006867	0.7916321	0.4989493
0.7908666	0.21186125	-0.5545276
0.1411165	0.6584952	0.50616044
0.01694429	0.9265479	0.13948473
0.9756294	0.5334738	-0.23566988
0.44743687	0.11084366	-0.29652303
0.63343316	0.23422146	-0.5000566
0.18002844	0.36829698	-0.34553897
0.024476409	0.12790382	0.71049374
0.84605914	0.32681507	-0.29341638
0.40617746	0.11154014	-0.27243274
0.6137363	0.09466624	-0.3639647
0.9768978	0.05966699	0.45878655
0.717028	0.37597853	0.037968144
0.33022416	0.8314544	0.6920534
0.9847129	0.1752109	0.3361331
0.54839075	0.33733916	0.25478047
0.39449298	0.52539957	0.009529896
0.9658088	0.49409592	-0.1120543
0.2651034	0.44384933	-0.07522482
0.33591777	0.9368729	0.67345226
0.59389734	0.26743358	-0.38052595
0.96311796	0.11661482	0.5134155
0.9106345	0.64413375	-0.03076784
0.71533805	0.20292515	-0.42170188
0.675428	0.5719972	0.23867771
0.96731436	0.79434586	-0.1611013
0.7658013	0.8068866	0.19149612
0.80180764	0.060821295	-0.5163462
0.44012922	0.7174297	0.4645814
0.50811493	0.3228699	0.3195108
0.7350043	0.4809602	0.18664481
0.20207542	0.04484421	0.22218399
0.89020795	0.15198237	0.36122778
0.9187912	0.98452944	0.3229882
0.79027915	0.834339	-0.09222779
0.043183208	0.8007819	-0.12237455
0.25253713	0.5508556	-0.08366489
0.53636575	0.39283717	0.37185907
0.09980303	0.047187507	0.88236153
0.8570501	0.89601964	-0.09680107
0.19748122	0.49150193	-0.2771484
0.90627843	0.767889	0.1886642
0.33051443	0.044594884	1.0245196
0.9449459	0.82540107	0.13362433
0.9999875	0.30293947	0.060695026
0.95781964	0.431095	-0.040236097
0.11921048	0.5284202	0.56769234
0.62384194	0.2138595	-0.41602942
0.3995303	0.6626341	0.27894932
0.86193335	0.42698646	-0.2278256
0.34201968	0.4544714	0.04431325
0.941507	0.9117542	0.16802894
0.7096715	0.85744244	0.61860263
0.26932496	0.23524529	0.5238594
0.155069	0.4511569	0.029200058
0.18774581	0.98031527	0.31295362
0.63171846	0.24782896	-0.50114524
0.6750798	0.12706548	-0.35014904
0.36402708	0.7680634	0.53493017
0.47666913	0.89386505	0.36024892
0.03979546	0.07972783	1.2307873
0.043534994	0.53827804	-0.45516482
0.5377297	0.6540105	0.30187526
0.4362949	0.2619658	-0.424123
0.17782414	0.9236244	0.38613826
0.08957201	0.5938384	0.60400856
0.22291481	0.6099463	-0.10971166
0.88828593	0.115618646	0.45981684
0.39261323	0.1561042	-0.2460534
0.69449556	0.97105074	0.49159166
0.015202522	0.609875	-1.2930591
0.60437787	0.022737622	-0.18508478
0.67908716	0.6436911	0.26886722
0.65319085	0.6376558	-0.08698152
0.11217612	0.34757775	0.45349446
0.25642765	0.9612175	0.72334665
0.6801101	0.33193797	-0.17997466
0.87210506	0.40581393	-0.21807218
0.16874337	0.0018715858	-0.051228583
0.3919996	0.8971231	0.6340607
0.2429741	0.66746354	0.15653647
0.38733613	0.66957	0.32710686
0.22303444	0.026176393	0.57741
0.37451023	0.20686477	-0.11719225
0.6183205	0.626579	-0.3814147
0.8635772	0.007840633	0.6989095
0.36102378	0.12860769	0.27259952
0.31734776	0.2823807	0.37847197
0.12982821	0.31094843	0.26971102
0.71216893	0.46838683	0.20294179
0.8231944	0.50430995	-0.23625539
0.6407591	0.9602751	-0.64066017
0.8458503	0.21989012	-0.08498837
0.42240006	0.97644114	0.44680607
0.038056254	0.5093359	-0.7239041
0.57567865	0.016560614	-0.17799234
0.17388111	0.27307057	-0.30088615
0.63879085	0.268381	-0.46103856
0.6689508	0.70564955	0.1983609
0.05732107	0.66148716	-0.053364433
0.56813765	0.43774194	0.09436227
0.8797419	0.7648373	0.031241057
0.9356827	0.59233767	-0.11373025
0.43891996	0.008635938	-0.11643392
0.96566504	0.4972399	-0.14982551
0.91730994	0.994676	0.3022667
0.5822269	0.8710471	-0.7619493
0.824501	0.48206186	-0.2080164
0.71460664	0.36581355	-0.011327844
0.24822229	0.65510917	0.1453581
0.76247144	0.13753647	-0.7516962
0.42005086	0.516532	0.0072332527
0.16383219	0.61026776	0.20005052
0.46887672	0.67229974	0.48949745
0.86826557	0.18626887	0.104640655
0.11877775	0.7762264	0.5324421
0.02324158	0.5090431	-1.1561457
0.40221626	0.43414277	-0.19984622
0.23030108	0.6443903	0.06717009
0.08615601	0.9302852	0.11753789
0.7785261	0.6324021	0.00458612
0.7529005	0.28903717	-0.35556206
0.94768083	0.15798604	0.41704327
0.13904661	0.9617731	0.0625141
0.86260366	0.35354012	-0.15629779
0.32815278	0.5198168	0.028160162
0.6563946	0.2581694	-0.3972125
0.5270512	0.04350394	-0.02642198
0.011472404	0.9183765	0.06591026
0.79316384	0.69422984	-0.10734444
0.2328921	0.17803842	0.255642
0.52893716	0.83808434	-0.037453912
0.24013567	0.22299957	0.16289255
0.94608295	0.85514474	0.12940541
0.60910696	0.68949187	-0.40793553
0.90182185	0.7051686	0.088193
0.7618287	0.84901536	0.25741315
0.5783499	0.926373	-0.90930414
0.46819335	0.28628278	-0.06859715
0.51407826	0.73601973	0.3143535
0.99623823	0.07532686	0.5085268
0.632314	0.27016664	-0.45080072
0.6582098	0.7792188	-0.004681502
0.1997987	0.9396567	0.4357095
0.056724608	0.3095228	0.21826601
0.22372735	0.7684841	0.33643553
0.8510373	0.31177443	-0.17548335
0.33769614	0.41392422	0.0756262
0.46413374	0.22391671	-0.20825627
0.7761465	0.34394723	-0.24609171
0.3713364	0.22708774	-0.16562575
0.42204028	0.19183803	-0.48881426
0.6967635	0.49038476	0.18417995
0.8283624	0.4255324	-0.25595316
0.90264434	0.25456274	0.22398828
0.24355018	0.9691671	0.6084816
0.74342346	0.79515535	0.5074862
0.18398082	0.05809778	-0.07199081
0.1577496	0.26590395	-0.19510499
0.92399555	0.9025244	0.31378356
0.6574736	0.57120126	-0.06186419
0.304833	0.8521488	0.6438701
0.7772706	0.048626423	-0.8268007
0.7970959	0.31746608	-0.29810244
0.6796365	0.42789513	-0.006485346
0.20299506	0.27565813	-0.32244715
0.78891987	0.2509941	-0.4476538
0.1579467	0.41413027	-0.07531638
0.8378505	0.42129922	-0.22661895
0.64036626	0.34667307	-0.3923193
0.4092384	0.4798743	-0.15843381
0.66402924	0.9426895	-0.023665916
0.6216692	0.2632661	-0.46868676
0.48847127	0.6960673	0.5425423
0.17663997	0.44635683	-0.2013267
0.10773033	0.6231298	0.65550464
0.04091549	0.41875678	-0.4701942
0.89725095	0.009924054	0.8961268
0.36213553	0.24081558	-0.05650969
0.40541416	0.8162355	0.57139677
0.31886572	0.11760223	0.9848744
0.6380768	0.76614183	-0.2850831
0.24426872	0.74495804	0.3548191
0.96925783	0.096883535	0.45154226
0.44615746	0.7521412	0.48306173
0.90519464	0.5383134	-0.15865168
0.6132171	0.4237368	-0.30447173
0.86087066	0.022068918	0.6162111
0.9667763	0.078676164	0.4830984
0.76790476	0.107556164	-0.7811836
0.6676841	0.4740187	-0.015888872
0.021507978	0.12259531	0.7328107
0.4815576	0.9870346	0.19445315
0.058728337	0.5835041	-0.0921332
0.43352968	0.928392	0.5045546
0.6086743	0.7089234	-0.4395884
0.8341846	0.31639934	-0.2294275
0.20228481	0.77384424	0.34112158
0.67352986	0.05519837	-0.2208058
0.32780564	0.51968807	0.12959315
0.2563787	0.4374271	-0.15628323
0.095825195	0.07273525	0.8109276
0.34099144	0.9965655	0.70143414
0.3000111	0.098549366	1.1467229
0.14407444	0.73201275	0.5532241
0.38867843	0.110568404	-0.07202248
0.18149197	0.046766877	-0.06763576
0.97758216	0.9690206	-0.148081
0.105009854	0.062164664	0.73238945
0.122570276	0.9430687	0.1333128
0.80739754	0.29124272	-0.35107583
0.5801914	0.38460857	-0.07737743
0.40689182	0.48043	-0.14839274
0.47844356	0.8356971	0.39300853
0.41375786	0.9343545	0.50906473
0.9977352	0.33326697	-0.021702405
0.98387283	0.67018574	-0.39250258
0.7014978	0.8249446	0.60826343
0.95025706	0.022919834	0.618919
0.40571392	0.83900106	0.6035344
0.42079896	0.40161163	-0.29848433
0.7075859	0.94713336	0.60252064
0.6218532	0.24905616	-0.5165538
0.54172766	0.023668528	-0.08682237
0.12520152	0.69814646	0.6570941
0.5335095	0.6063805	0.430684
0.87867564	0.14138675	0.31451774
0.6297015	0.76397777	-0.381663
0.6107322	0.84137887	-0.718489
0.14953953	0.6613989	0.4097266
0.38164115	0.8032219	0.5602857
0.23561484	0.57009286	-0.12417725
0.98533726	0.35931033	-0.0106934905
0.34861332	0.8332824	0.58091855
0.15844417	0.795551	0.41874912
0.840054	0.3574705	-0.28604704
0.40654194	0.5349405	-0.005565994
0.8063397	0.27920502	-0.356811
0.77530026	0.31029075	-0.39029673
0.15590727	0.75708836	0.4547216
0.1909675	0.80455333	0.3807345
0.9090576	0.88101256	0.2852916
0.47766554	0.61720634	0.4861068
0.57984304	0.52339333	-0.054702815
0.013945699	0.22612566	-0.24586415
0.23424739	0.54263884	-0.20185305
0.5388525	0.5862026	0.3617578
0.5996092	0.7167366	-0.40446603
0.6327859	0.3605709	-0.3976378
0.91991144	0.36292017	0.04015359
0.8118034	0.7364734	-0.25386614
0.9295873	0.3438931	0.15223196
0.12940305	0.018475473	0.34228945
0.5134977	0.6299767	0.49067336
0.029474556	0.7617754	-0.55184454
0.7366953	0.3052805	-0.24030954
0.10894042	0.034311593	0.6825007
0.8341761	0.24968034	-0.21259466
0.7429784	0.20324337	-0.5651899
0.4931293	0.46814042	0.49010786
0.5115212	0.6050572	0.5484889
0.4385621	0.84759086	0.51686
0.9420282	0.33492178	0.14057188
0.015824854	0.7332527	-0.8864737
0.37898922	0.1599406	-0.13769622
0.0028668642	0.95898515	0.4377685
0.056482077	0.3395214	0.15252255
0.39541346	0.6030487	0.19551212
0.36077452	0.8790268	0.68484193
0.5307948	0.98498833	-0.49412128
0.61421084	0.89257526	-0.81429267
0.63556606	0.50328547	-0.25950575
0.5086071	0.29913014	0.2899517
0.56093997	0.19868052	-0.09125122
0.095377564	0.72515213	0.61835885
0.75714105	0.9125436	0.28640428
0.92978907	0.24442446	0.3008107
0.8773133	0.94719404	0.046522398
0.23560202	0.85385686	0.55832386
0.80575836	0.9252376	-0.3187383
0.3653469	0.7749578	0.5684809
0.71168226	0.31840354	-0.1625385
0.8909973	0.7061139	-0.024483189
0.44056195	0.7455214	0.45150352
0.5675655	0.6257286	0.048545633
0.86779416	0.013797939	0.73355496
0.6280247	0.9629651	-0.80271375
0.4245301	0.4215482	-0.22842963
0.3540275	0.33126694	-0.02223843
0.6372709	0.1830197	-0.3761785
0.5800606	0.122357845	-0.30690038
0.06014979	0.71419066	0.058614057
0.74025685	0.33981085	-0.16416077
0.98965275	0.20292127	0.26710272
0.33565873	0.4452634	0.059528425
0.8394162	0.22607583	-0.23132402
0.99991554	0.16633105	0.3523182
0.9210359	0.8401736	0.22833434
0.47898692	0.120980084	-0.16873609
0.02999115	0.5945894	-0.95999396
0.65632474	0.97104084	-0.2928754
0.8042164	0.18158144	-0.46969318
0.09699303	0.28235972	0.5754097
0.35368782	0.044952154	0.6164501
0.040550113	0.9411535	0.13729635
0.4223886	0.5965336	0.23213936
0.5780125	0.041254878	-0.20886096
0.9297841	0.39628333	0.06471841
0.18588746	0.19216293	-0.26750124
0.4990393	0.71766436	0.44797224
0.73954016	0.66073316	0.39230105
0.013753533	0.029730797	1.437622
0.9546131	0.51352215	-0.10270023
0.50828177	0.54907805	0.54126954
0.03282368	0.21527815	0.23542681
0.6627697	0.3957067	-0.19874272
0.18705302	0.73823124	0.2934007
0.7955286	0.87306255	-0.2185669
0.61096627	0.22735178	-0.46328247
0.9268804	0.22839677	0.31587365
0.2950312	0.5020102	0.0898218
0.17351294	0.94188005	0.2705331
0.89213085	0.58036304	-0.16055092
0.92194504	0.9476943	0.3752014
0.34825248	0.8522733	0.66273504
0.9114258	0.8836078	0.3603148
0.7656456	0.19961828	-0.56788313
0.46322173	0.73025024	0.5108021
0.4868477	0.77626395	0.4602266
0.7694544	0.90613896	0.065015964
0.5118752	0.13738298	0.036846787
0.20409274	0.9205649	0.50700754
0.43986923	0.7784301	0.47089115
0.021242917	0.94771415	0.21010646
0.9347612	0.43307942	-0.0067727044
0.53760326	0.52788126	0.4273578
0.351762	0.16997528	0.35287815
0.1019451	0.5421682	0.6249613
0.9193947	0.7450492	0.091913104
0.49251068	0.51200837	0.5047425
0.32328385	0.7248826	0.4248867
0.64974374	0.7564013	-0.1346605
0.72856456	0.39976865	0.050974075
0.9817252	0.35807717	0.00011972338
0.27037168	0.486906	-0.039171472
0.9690356	0.37405908	0.020725636
0.4815873	0.3355081	0.09796156
0.57043236	0.78175867	-0.35765034
0.5320638	0.43997556	0.49832222
0.56883734	0.57727665	0.04028162
0.72156024	0.2003457	-0.48324305
0.26685017	0.2949376	0.2940481
0.46647775	0.01110363	0.012856483
0.18857324	0.21180826	-0.24327233
0.7883447	0.087987185	-0.65951234
0.060992956	0.07735014	1.280138
0.9582366	0.2349081	0.31259415
0.2016623	0.43429428	-0.40957916
0.33923882	0.2993341	0.15037781
0.9919608	0.28888023	0.14578865
0.97246736	0.28975528	0.14587748
0.33221143	0.28533548	0.2797436
0.32672274	0.46589923	0.03945828
0.32216	0.70136625	0.3289506
0.20921665	0.1579839	0.0034164954
0.20709187	0.31805533	-0.31797802
0.5430622	0.09147805	-0.029386897
0.15925282	0.86796194	0.3644426
0.7045894	0.50252235	0.23041995
0.48756897	0.83495355	0.35779932
0.64662653	0.17631859	-0.39790395
0.5992218	0.85568863	-0.77750224
0.7524672	0.06748414	-0.900222
0.079571664	0.37776166	0.48637396
0.0029488206	0.2849614	-0.9543106
0.98798984	0.4047767	-0.12502915
0.50475484	0.6861839	0.48614442
0.8701265	0.26143682	-0.064390734
0.56986207	0.28976953	-0.07437181
0.82599735	0.074305594	-0.17802063
0.049049497	0.28853935	0.14336812
0.5805811	0.8056162	-0.57471263
0.2844422	0.38927078	0.058625333
0.112998664	0.73461604	0.5762568
0.68906265	0.31414598	-0.20531568
0.83792764	0.6073894	-0.25847214
0.28718066	0.38990247	0.15050247
0.24727267	0.31744123	4.7022477e-05
0.47366047	0.679395	0.57143515
0.3857615	0.113896966	-0.10407372
0.03550589	0.023848295	1.6037459
0.64222723	0.4941703	-0.21414968
0.88816816	0.07448238	0.5832714
0.8026749	0.6024257	-0.1693641
0.10294211	0.03169161	0.8077799
0.5546531	0.8653232	-0.44090557
0.63576204	0.81397307	-0.4215699
0.07815653	0.53709334	0.4235236
0.80769736	0.27566648	-0.37434494
0.6256851	0.54475033	-0.25504526
0.6995459	0.6719487	0.42132786
0.21479583	0.92013675	0.55011487
0.17397618	0.16924304	-0.24078947
0.1801064	0.069381416	-0.16941264
0.3683712	0.38510042	-0.15401961
0.055452585	0.09457719	1.1810118
0.9716153	0.7146046	-0.21607026
0.12528819	0.50009525	0.5276621
0.44723856	0.701593	0.50086635
0.84611154	0.27046406	-0.1665858
0.58415294	0.6287802	-0.20605749
0.8832008	0.082295775	0.48587233
0.49832475	0.29080468	0.22834674
0.36656725	0.3946811	-0.14629965
0.117835104	0.5870985	0.6975687
0.8426239	0.21000266	-0.10983682
0.5936706	0.71015584	-0.4146988
0.26874703	0.124889374	0.99464715
0.7623037	0.33527577	-0.2539559
0.9049835	0.6132726	-0.01625472
0.45442963	0.335396	-0.16245487
0.5060749	0.46655023	0.5296315
0.96859986	0.13018095	0.45309076
0.4230278	0.89006275	0.53430176
0.7735523	0.64116776	0.047450386
0.8249084	0.55170345	-0.21353006
0.42697233	0.37382126	-0.2969532
0.55949515	0.033522964	-0.1022622
0.5031356	0.093661726	-0.00723492
0.8469442	0.63992405	-0.17465717
0.119304895	0.09300417	0.42897886
0.49212098	0.29457778	0.14918904
0.24555027	0.8283322	0.5049083
0.09538585	0.34603184	0.56410843
0.1340633	0.30809993	0.13841753
0.31554717	0.26764333	0.4457776
0.114622176	0.0097926855	0.62658715
0.30871367	0.15149385	0.8978513
0.41230643	0.09703225	-0.3240843
0.94365233	0.56655896	-0.093422316
0.044367373	0.909256	0.106765166
0.25949287	0.6409657	0.08031634
0.08874428	0.61771244	0.5336781
0.78038895	0.4250198	-0.18979333
0.46473086	0.15903872	-0.20956762
0.89469284	0.68981886	-0.037433673
0.8500146	0.8069122	-0.14031692
0.98829925	0.008114994	0.51914805
0.56646	0.9074461	-0.7218007
0.6789747	0.9697474	0.17634343
0.75669956	0.006472826	-0.98425496
0.37476623	0.9985612	0.6682583
0.47286552	0.5380066	0.42408296
0.026662827	0.31450784	-0.5445217
0.1729567	0.3174138	-0.2754662
0.7566481	0.47836953	0.029097702
0.27992135	0.9803928	0.7172769
0.16495031	0.8282571	0.37061924
0.455786	0.29709238	-0.23063087
0.51894546	0.77697337	0.23794311
0.45395458	0.7923255	0.51563334
0.2205233	0.52362674	-0.2513271
0.0093970895	0.97337765	0.48483276
0.08881277	0.4117152	0.49755645
0.18338382	0.45934218	-0.2882056
0.6019001	0.85565287	-0.79003274
0.29145813	0.64535636	0.2266812
0.7509875	0.25018936	-0.40363854
0.10853392	0.65981424	0.6763925
0.055370808	0.49854583	-0.118757375
0.17819887	0.65553665	0.19273223
0.34213924	0.8485143	0.6501729
0.7738561	0.19935524	-0.5751815
0.4169547	0.73934203	0.451967
0.10770792	0.6696961	0.62733406
0.9855029	0.78432393	-0.30910018
0.6958292	0.8135894	0.5063697
0.17427194	0.8583718	0.44588092
0.37227464	0.52821213	0.0014507787
0.20349306	0.69607514	0.14703596
0.36576116	0.07554555	0.28688377
0.2227723	0.9596692	0.5632529
0.52118754	0.57897115	0.5149998
0.5145365	0.27382094	0.2711546
0.60397565	0.8035008	-0.6378219
0.42979294	0.93959725	0.50104666
0.07475197	0.6970801	0.3622406
0.5595609	0.8188293	-0.33466932
0.070534825	0.6229971	0.3364509
0.056792796	0.7406581	-0.0118157435
0.19841969	0.94095314	0.49339256
0.30750227	0.8025504	0.51503646
0.7604032	0.6042322	0.09445964
0.69571006	0.3603121	-0.058552686
0.07661623	0.18657696	0.74300295
0.7427013	0.7688661	0.39632243
0.36097473	0.6176517	0.17242752
0.5839354	0.14874035	-0.28194335
0.09836209	0.48090875	0.6383121
0.29228473	0.76465476	0.47884727
0.22004819	0.4880079	-0.35635108
0.53628814	0.99870497	-0.5878765
0.5247224	0.986449	-0.33587426
0.81915843	0.7546892	-0.29911375
0.22500151	0.061138332	0.4971769
0.38975984	0.018116355	0.054315403
0.5311329	0.48787206	0.5070546
0.7983966	0.05974692	-0.549555
0.7254691	0.6305338	0.38879007
0.09667486	0.6495329	0.64737475
0.38050616	0.8255583	0.5625708
0.19124305	0.49210596	-0.25433633
0.544742	0.34624207	0.298189
0.87349695	0.8717567	0.022675468
0.786868	0.5003959	-0.11602621
0.18128985	0.74802905	0.31622922
0.56878865	0.89575315	-0.6864159
0.67130166	0.2620859	-0.34441802
0.87213767	0.94621164	0.009159706
0.23332345	0.124851465	0.47588342
0.06167704	0.9283362	0.07746549
0.54548043	0.21499056	0.04710345
0.5411882	0.5725738	0.3340497
0.4890114	0.31969976	0.16207634
0.6559243	0.9562542	-0.3171255
0.13337654	0.50267845	0.46385503
0.13352668	0.51363724	0.42097336
0.46051228	0.9447497	0.3472586
0.47591573	0.023282409	0.017401144
0.011149108	0.7590619	-0.9474763
0.47435546	0.08729243	-0.135851
0.6353735	0.95655507	-0.6959795
0.29752177	0.50946254	0.10744725
0.75917846	0.75671935	0.1908128
0.22682458	0.9430495	0.56853396
0.3648213	0.841432	0.6564619
0.5335885	0.96657276	-0.41201472
0.91012377	0.32057083	0.107240915
0.010982513	0.3070172	-0.88306385
0.8675453	0.6727708	-0.13408087
0.8327134	0.5329119	-0.2272033
0.6957143	0.16145176	-0.45223013
0.4569801	0.17775226	-0.32239187
0.17076707	0.5464834	0.0177902
0.09040958	0.5315541	0.5717337
0.32836485	0.94359314	0.73021835
0.7326953	0.5303065	0.2627323
0.14070362	0.5626283	0.397618
0.8135139	0.6277574	-0.20191534
0.23901826	0.27083617	0.06689499
0.21191365	0.74571806	0.27474698
0.13386637	0.7188729	0.58317196
0.16616803	0.7673689	0.36665082
0.07079232	0.60554737	0.27184457
0.3377425	0.707781	0.43570802
0.62766314	0.28625464	-0.41565743
0.1920231	0.86996907	0.48134202
0.8678778	0.93553275	-0.016922051
0.33998054	0.94724405	0.7058953
0.3312068	0.33798313	0.11330922
0.59312636	0.40284467	-0.25235635
0.60033965	0.74483633	-0.48855904
0.44503552	0.42249984	-0.10204251
0.731849	0.18938535	-0.5107568
0.81543773	0.26296723	-0.37174898
0.36722147	0.7746908	0.50401896
0.21386385	0.1873849	-0.0070000216
0.63031983	0.26529872	-0.4738426
0.17120242	0.6166132	0.14191401
0.22706538	0.36205614	-0.25251868
0.08005637	0.9225624	0.12439357
0.49371928	0.8171875	0.34531724
0.5501245	0.959717	-0.6206582
0.14560384	0.31876612	-0.0047691483
0.2347331	0.13910031	0.40609828
0.8383711	0.010950863	0.29098135
0.2730109	0.7678877	0.4758077
0.07202554	0.2539999	0.6339223
0.2871307	0.21592939	0.703104
0.55616784	0.17836845	-0.0066251904
0.7070628	0.25662023	-0.24876605
0.68377995	0.7074174	0.3420213
0.8551978	0.8751314	-0.17356385
0.5690241	0.69768995	-0.18030578
0.69704056	0.21963471	-0.32767972
0.060471654	0.85622394	0.12212607
0.39543247	0.38853347	-0.29328835
0.0913201	0.19022155	0.669967
0.120479226	0.7740891	0.51700145
0.7809819	0.19895971	-0.5277155
0.49803513	0.35671687	0.33002537
0.6207639	0.21427947	-0.46392414
0.031027377	0.502669	-0.96979326
0.1830256	0.40412605	-0.27079627
0.2896235	0.3674522	0.13094744
0.214706	0.94001764	0.5798714
0.4206499	0.8909111	0.5299518
0.60292614	0.5671885	-0.26457608
0.60112196	0.5479276	-0.22694296
0.6179551	0.34526902	-0.41600078
0.6151067	0.8100695	-0.5549178
0.24471676	0.6762258	0.163961
0.3422451	0.027841985	0.879762
0.7033234	0.035595357	-0.57579076
0.78469884	0.12830949	-0.6462444
0.12100315	0.6605685	0.68434614
0.53416353	0.59434146	0.3772399
0.93634677	0.26515806	0.2654229
0.48577952	0.35297966	0.2518899
0.3162489	0.36069542	0.20687377
0.37986124	0.1920439	-0.19622834
0.86947227	0.797576	-0.043560863
0.029452205	0.94715756	0.18334495
0.25780487	0.8949702	0.73578614
0.84107023	0.8480943	-0.22216621
0.68960977	0.5153696	0.16653776
0.21742773	0.6636825	0.13042228
0.99772227	0.9112094	-0.4144731
0.13981616	0.46957332	0.27746844
0.39165467	0.50725883	-0.12833849
0.115597904	0.2629199	0.37687173
0.17092139	0.742669	0.32999882
0.9813828	0.27814037	0.13368036
0.7343977	0.89540136	0.5766407
0.10740429	0.29868937	0.42742312
0.35852432	0.12269038	0.3249693
0.36100823	0.5534508	0.067283526
0.35984915	0.60113555	0.13076077
0.5674322	0.46756822	0.09204232
0.26946563	0.16151345	0.8182748
0.4893403	0.64280117	0.5546759
0.28979385	0.2541499	0.5821778
0.4714666	0.84999317	0.41018268
0.7866865	0.96033543	-0.17095289
0.19646138	0.29991698	-0.36825877
0.76057583	0.6365613	0.19146156
0.65474784	0.810287	-0.14244516
0.42337877	0.22781676	-0.4666152
0.2472105	0.9470799	0.66290444
0.8430898	0.28312856	-0.21893008
0.41824383	0.47307462	-0.21463674
0.008554578	0.5223157	-1.6682969
0.0073565245	0.12303096	0.48920015
0.8022063	0.31001645	-0.2903479
0.6034779	0.012917042	-0.15979269
0.5455642	0.008150399	-0.06727555
0.012903869	0.7123918	-1.0662973
0.9830488	0.07618594	0.5163688
0.7146724	0.48964763	0.18902177
0.42800927	0.35403794	-0.34955943
0.7010605	0.4219293	0.044120703
0.77192533	0.4402148	-0.08917223
0.4008168	0.31697518	-0.46036005
0.9202918	0.34995568	0.059845418
0.07193935	0.6519434	0.31493554
0.69713366	0.8771939	0.5449946
0.2256971	0.23140776	0.0008048676
0.06894642	0.236669	0.59013665
0.72248876	0.47045016	0.16710646
0.089236796	0.05859685	1.0628843
0.5621181	0.20400149	-0.08456586
0.5064266	0.47558308	0.53092474
0.26753467	0.33116263	0.11571165
0.10556924	0.77323914	0.52671695
0.17301106	0.9518929	0.2959731
0.150042	0.19788271	-0.045226555
0.3384084	0.34647554	0.08697695
0.22817183	0.7945216	0.4520717
0.88243675	0.56774044	-0.12960395
0.18998307	0.7764033	0.39487922
0.1199497	0.8701315	0.3588868
0.91131145	0.19332492	0.3531309
0.25905228	0.67963994	0.24083702
0.88779134	0.9040047	0.1825199
0.49710864	0.020337224	0.036981925
0.34910446	0.8265096	0.5654604
0.27971673	0.7228912	0.3642221
0.49329698	0.94822353	0.10202226
0.08579111	0.37592822	0.4819459
0.7881557	0.76536936	-0.042771146
0.5749533	0.60100776	-0.02989481
0.65386385	0.97873956	-0.4130732
0.055386007	0.99317664	0.1432785
0.36743122	0.4216979	-0.10598087
0.38053077	0.67270005	0.23392291
0.467207	0.53658664	0.3619541
0.33748567	0.8964533	0.6618905
0.6261769	0.46231633	-0.37926483
0.57708573	0.79791874	-0.48286706
0.86314493	0.8439962	-0.049503844
0.8473024	0.35460114	-0.20195478
0.897172	0.8109154	0.1184174
0.11473602	0.2093054	0.3307597
0.2027415	0.91554004	0.4878107
0.42283785	0.1493802	-0.5178292
0.19222254	0.23301339	-0.29308105
0.695956	0.83081514	0.5426327
0.44188327	0.83771414	0.52607596
0.9640593	0.17977077	0.3730218
0.88273335	0.6905385	-0.025717335
0.94835407	0.599324	-0.07800515
0.7379203	0.12624747	-0.7715462
0.4763186	0.74906373	0.5216046
0.025968373	0.21056241	0.128454
0.6836811	0.87467664	0.38362116
0.9631795	0.7035576	-0.19794372
0.37733907	0.903707	0.7248115
0.17749065	0.18825197	-0.22162262
0.4117362	0.5154799	-0.042965665
0.53143746	0.36425465	0.3807877
0.92111635	0.51181024	-0.09511784
0.995511	0.29266846	0.095988154
0.5211564	0.6368299	0.43112838
0.28580612	0.7744548	0.46440488
0.8469175	0.34820062	-0.2648196
0.26134527	0.35029227	0.062396057
0.70463175	0.9075454	0.5793358
0.7009898	0.8822474	0.6117748
0.86646885	0.43353993	-0.17353131
0.014910221	0.8157933	-0.48057353
0.41892314	0.2587847	-0.49109694
0.6588943	0.21435225	-0.371761
0.04240173	0.8683223	-0.055600658
0.0022043586	0.9492311	0.3259295
0.49565214	0.46424443	0.45113835
0.1994077	0.31364113	-0.3482069
0.81548995	0.48083383	-0.27657565
0.49369353	0.59955305	0.5265142
0.95333683	0.82305294	0.04898984
0.83256656	0.5340145	-0.20283732
0.4299671	0.67744416	0.3592623
0.17639828	0.18265074	-0.2897501
0.04045552	0.050497115	1.4636883
0.40618908	0.46299803	-0.17810154
0.51430374	0.37259662	0.38583004
0.2465291	0.81585306	0.5296532
0.76298386	0.5884259	0.07623413
0.40652877	0.033250272	-0.091088876
0.67471284	0.13337553	-0.3528837
0.7127659	0.36305326	-0.042556707
0.36669827	0.14783597	0.16582872
0.9548322	0.475213	-0.06838014
0.61594504	0.64110506	-0.32372126
0.5177942	0.45056516	0.43361384
0.2935331	0.584271	0.13081199
0.30340743	0.7815888	0.47393578
0.9790816	0.08579087	0.44532782
0.71658474	0.8973072	0.63595396
0.5890165	0.7349015	-0.36673093
0.58263826	0.60421467	-0.14776966
0.44453526	0.92905486	0.41275612
0.507491	0.37190175	0.43477726
0.29057354	0.8783613	0.7001059
0.16763794	0.5420864	0.029742762
0.04707277	0.7026004	-0.28375494
0.9524941	0.30489773	0.18633759
0.7238593	0.85559267	0.6653951
0.08590937	0.4412766	0.58664125
0.018276155	0.38013518	-1.0873865
0.94821316	0.17312765	0.41409668
0.82698554	0.4477775	-0.2722093
0.7797285	0.8060958	0.038603544
0.3848315	0.9312396	0.605233
0.95790607	0.009571195	0.5841126
0.8271441	0.33907998	-0.32873753
0.6842854	0.7332543	0.38743746
0.40179121	0.681847	0.37940413
0.57261235	0.08847815	-0.25248578
0.37440687	0.16338772	-0.040963434
0.040343583	0.71853197	-0.33092475
0.64248055	0.3251704	-0.43435943
0.21701717	0.85514444	0.51430494
0.903263	0.09953779	0.59864604
0.097402275	0.69829905	0.59455353
0.9492524	0.31575662	0.15511678
0.75503576	0.4549151	-0.032983832
0.24643314	0.68987787	0.22138557
0.76206505	0.40294737	-0.11977191
0.8416303	0.95128816	-0.3199163
0.12919044	0.62474483	0.6077573
0.01531738	0.83367765	-0.4404957
0.89721256	0.6606836	-0.040134855
0.32261968	0.5221222	0.06302482
0.90811634	0.15361679	0.45800436
0.6887162	0.8769168	0.46379492
0.5228065	0.9238032	-0.1648978
0.54138833	0.09273654	-0.047182057
0.84361815	0.09253931	0.062409505
0.8085366	0.75942427	-0.20987101
0.2618788	0.6414035	0.086502254
0.44890118	0.5615927	0.25491896
0.9556053	0.15821493	0.41544077
0.87607026	0.4385923	-0.12102951
0.7261566	0.40952563	0.056928374
0.8845478	0.057703972	0.66037893
0.43881977	0.418373	-0.14719476
0.62848663	0.15428531	-0.4297064
0.47080648	0.12407607	-0.17686218
0.73236144	0.66597307	0.46092287
0.49118227	0.6579629	0.5743028
0.79978657	0.44252253	-0.16920257
0.3635108	0.2560429	-0.020183647
0.8433028	0.6730147	-0.24016201
0.83858496	0.5215533	-0.25062713
0.14851153	0.8806539	0.3211765
0.9568991	0.31470352	0.13735774
0.0017454028	0.55006695	-1.8289249
0.7432277	0.9672788	0.49272907
0.18240964	0.64512086	0.15238495
0.14358968	0.5528756	0.36506015
0.9646554	0.66931784	-0.16117036
0.28784782	0.6378082	0.22353815
0.50804865	0.5242662	0.56834245
0.07041198	0.08948362	1.1686167
0.70599025	0.04860884	-0.55807066
0.44031364	0.320611	-0.3638451
0.59535486	0.070679784	-0.3151702
0.41937196	0.5967396	0.2025698
0.9703402	0.80154115	-0.11665591
0.686187	0.4953555	0.08231419
0.4358384	0.5254545	0.10832883
0.70529085	0.587198	0.41184032
0.0733459	0.40637875	0.39961427
0.6617873	0.5815747	0.0013177842
0.24373353	0.035962462	0.9251015
0.13117808	0.9959269	-0.029235585
0.08265573	0.3263185	0.50808215
0.27253664	0.97267324	0.69456375
0.52012664	0.88131166	-0.050577935
0.43746978	0.39359504	-0.1631705
0.09646368	0.1906851	0.67664605
0.06977862	0.20177054	0.7537993
0.9463288	0.39740968	-0.021390935
0.73977125	0.7303185	0.4730594
0.9828374	0.104462326	0.41276395
0.511601	0.44964463	0.5088029
0.4271357	0.9567979	0.39850652
0.7006003	0.0045200586	-0.52520066
0.37004036	0.29390395	-0.176706
0.85509646	0.047537148	0.45229235
0.54418105	0.18415558	0.026421241
0.32775474	0.60413504	0.16186023
0.9853019	0.8795094	-0.28083372
0.05299133	0.38211066	-0.037590187
0.6098722	0.25457484	-0.48934528
0.79161006	0.8158229	-0.13605717
0.7788003	0.80176854	-0.0028189756
0.33217925	0.94675326	0.74268496
0.14749467	0.41431707	0.14473212
0.24988514	0.43716496	-0.1915009
0.16897273	0.56968594	0.15193377
0.024443746	0.35022825	-0.7547016
0.88926667	0.83829486	0.13328728
0.26349247	0.17289114	0.6928186
0.97715855	0.53341925	-0.30501077
0.004006088	0.07134199	0.981481
0.32427293	0.59425837	0.19544625
0.40822673	0.50855666	-0.06520579
0.61023986	0.51182085	-0.2333684
0.07556558	0.36078382	0.44033724
0.83226126	0.3265248	-0.29490674
0.2727512	0.22936392	0.5565336
0.15800875	0.009492934	-0.08755708
0.3071416	0.07809943	1.1922034
0.7952956	0.80325925	-0.16104937
0.6149433	0.56999534	-0.29102066
0.8628335	0.90873444	-0.09255641
0.35513538	0.13055634	0.323952
0.4521075	0.97329193	0.29723823
0.6711451	0.99648196	0.025913699
0.39744258	0.67501545	0.31129935
0.4179023	0.9216909	0.53637046
0.8361306	0.40716374	-0.2367027
0.7435135	0.92950577	0.5156356
0.48762482	0.25663257	0.08711223
0.67986786	0.48051304	0.10081405
0.6855684	0.26180542	-0.27406988
0.020922303	0.899293	-0.041678496
0.024737895	0.33084178	-0.65837854
0.48732477	0.18764949	-0.021138206
0.15035969	0.42147028	0.054999866
0.19887686	0.18449205	-0.17124894
0.71645653	0.094901025	-0.5854416
0.2036317	0.8160861	0.4939689
0.45695925	0.9893114	0.28861582
0.47973633	0.537311	0.44494122
0.18938458	0.49245352	-0.21206494
0.21639085	0.22700137	-0.08464735
0.9865853	0.31382	0.11718017
0.683845	0.23643899	-0.29051363
0.32476395	0.8096124	0.56708723
0.9264816	0.73045826	0.12874171
0.91432947	0.5554951	-0.21329284
0.63593006	0.94985235	-0.69237286
0.13100815	0.5325694	0.4566636
0.09277296	0.7078792	0.61242145
0.056796372	0.30510473	0.2143549
0.78512484	0.2087493	-0.5233603
0.70589167	0.62207234	0.3714649
0.96822506	0.065915406	0.50269586
0.7582175	0.847764	0.33543527
0.8166154	0.8441042	-0.2946885
0.04505527	0.65237653	-0.3087772
0.52785736	0.48064268	0.496321
0.11693448	0.61328846	0.6506385
0.29565024	0.59201974	0.12662563
0.20238733	0.67827946	0.14790781
0.37722868	0.8797744	0.64783144
0.30950862	0.074447274	1.2763702
0.0998317	0.55883837	0.6600833
0.07864553	0.6470912	0.45867348
0.8840947	0.848579	0.15551089
0.7930587	0.42155623	-0.19761735
0.4430843	0.8767014	0.49666396
0.07832211	0.6621919	0.45930827
0.8377743	0.16924459	-0.1015625
0.71615225	0.049533606	-0.59750247
0.5538478	0.57978433	0.18659332
0.17042923	0.3195989	-0.26168513
0.5769965	0.75165904	-0.35363764
0.3879791	0.6457324	0.29596788
0.55777764	0.83326334	-0.45750433
0.32540435	0.0060295463	1.2371684
0.023647964	0.108958066	0.8900603
0.6223209	0.29266	-0.426571
0.38778883	0.9944295	0.5451185
0.2287255	0.46731955	-0.29554307
0.7388151	0.054567933	-0.8348143
0.019126534	0.07799089	1.0890666
0.42060095	0.9874944	0.42680034
0.35060287	0.6916209	0.34272757
0.6352082	0.3588727	-0.42626867
0.9642214	0.7726804	-0.06267229
0.73321146	0.108953655	-0.700217
0.20302045	0.5816393	-0.14308074
0.22483492	0.81385535	0.526337
0.64710563	0.32835156	-0.3854835
0.21907693	0.81013495	0.46635437
0.011272371	0.74475324	-0.96673733
0.77248615	0.8588973	0.092223905
0.30642623	0.69614905	0.38255084
0.8677102	0.2997806	-0.06487635
0.4188435	0.30363196	-0.49148396
0.32804042	0.9628888	0.781394
0.960759	0.72302556	-0.079531536
0.63939345	0.10248959	-0.3373253
0.5197936	0.8685881	-0.03002326
0.1278764	0.41042018	0.39544326
0.028439105	0.76677674	-0.53032345
0.87951773	0.7417821	-0.010166559
0.5399222	0.3722666	0.31254473
0.39122987	0.7664203	0.49706602
0.26975024	0.077956736	1.1803732
0.6365625	0.8005436	-0.36434925
0.98819536	0.9278136	-0.23991339
0.2567606	0.0056619644	1.2719681
0.37186843	0.6411381	0.29054332
0.39881295	0.87430114	0.58524406
0.2907945	0.698871	0.34902218
0.83906895	0.045980155	0.16450065
0.13356489	0.5880649	0.5442722
0.2577781	0.6115874	0.064591974
0.7759289	0.603399	0.017525738
0.020260036	0.42723882	-1.1975164
0.117349446	0.41693562	0.4788056
0.44499958	0.21451968	-0.36010584
0.35258108	0.31041944	0.010682279
0.75040406	0.717886	0.25989577
0.11072236	0.5179322	0.60254693
0.24119508	0.019684553	0.8921368
0.7502135	0.39409548	-0.028854433
0.48917055	0.6559132	0.5301191
0.6815684	0.44793093	-0.0325501
0.087585926	0.03016597	1.0985894
0.090928674	0.8500862	0.29225546
0.82665175	0.2934668	-0.29451162
0.38056648	0.66930497	0.3495152
0.570349	0.13024235	-0.26435095
0.29881352	0.9346491	0.7085136
0.09865463	0.03071183	0.9928169
0.104203045	0.07165569	0.6511162
0.0979498	0.3068503	0.5873822
0.99770993	0.5464599	-0.4166646
0.03810817	0.8086266	-0.19447125
0.46864766	0.971078	0.21601044
0.27154708	0.4183445	-0.010080851
0.7364253	0.92899776	0.56184524
0.49438196	0.96781504	0.005747933
0.5033713	0.21451622	0.1273938
0.3502404	0.57689625	0.13741532
0.80425465	0.4550218	-0.1924009
0.33121455	0.8757463	0.74876446
0.28270018	0.835671	0.5710863
0.72348636	0.74026227	0.5872262
0.6257414	0.7938266	-0.5807787
0.30456686	0.38013417	0.19518824
0.9686585	0.55959773	-0.2579558
0.03612691	0.039977014	1.5013992
0.9508561	0.70742023	-0.05002655
0.57348543	0.993587	-1.0260581
0.20778793	0.05434513	0.2141064
0.892631	0.12965542	0.48513526
0.0896036	0.25813013	0.5849737
0.30663598	0.45207375	0.110376105
0.23060924	0.22989619	0.01548009
0.07514405	0.99397624	0.0022955425
0.52911276	0.8917842	-0.15317532
0.05668807	0.34021878	0.09427085
0.46282738	0.47706294	0.20821495
0.0841521	0.12602818	0.9224441
0.20166308	0.17869502	-0.15230653
0.6796966	0.7908966	0.37292323
0.22629726	0.910218	0.6104627
0.6455701	0.69898	-0.10547418
0.44228876	0.30222678	-0.33872795
0.07818979	0.022434056	1.2891473
0.80003166	0.7407841	-0.13894743
0.3193282	0.26587278	0.49343744
0.2544188	0.35036606	-0.006603712
0.6305445	0.14427638	-0.39195442
0.16937584	0.49520093	-0.0403749
0.90419215	0.81764996	0.22670493
0.6337824	0.34712756	-0.3882887
0.6642075	0.825496	0.04460551
0.8291326	0.8425221	-0.30428603
0.2967258	0.5033082	0.109429516
0.63021964	0.5030388	-0.26027668
0.11828399	0.15799981	0.38774115
0.6666912	0.69893306	0.11109692
0.61455715	0.94547373	-0.9506601
0.28873038	0.077085614	1.2610421
0.32770103	0.34812874	0.15936661
0.23586637	0.536817	-0.2226237
0.21995777	0.7556893	0.32341507
0.34474105	0.9752828	0.7275924
0.8950197	0.85168606	0.1895057
0.11130494	0.92415273	0.17174731
0.5489887	0.014219344	-0.12190048
0.06699437	0.35494518	0.29400572
0.17912519	0.69576293	0.2888317
0.726754	0.9470534	0.67057997
0.15311897	0.14177889	-0.08966755
0.8486793	0.7455597	-0.17361182
0.75897914	0.39449447	-0.07336464
0.27840406	0.9572597	0.76977766
0.0314638	0.59647757	-0.940234
0.38351816	0.84717447	0.567296
0.6319566	0.33685988	-0.36803612
0.88148814	0.31587964	0.0037247557
0.8168197	0.29007226	-0.3086022
0.100425005	0.6406191	0.6358402
0.47177368	0.46595865	0.27561697
0.6195875	0.3635239	-0.4560998
0.77617764	0.124011815	-0.74639416
0.63583094	0.6623145	-0.16565576
0.98917484	0.022294521	0.5015705
0.648693	0.60060936	-0.069562376
0.34780365	0.12213194	0.511208
0.71171844	0.7911493	0.65252364
0.49149996	0.7698395	0.4627572
0.36233068	0.89314723	0.6752728
0.48055762	0.2145769	-0.04081707
0.64297456	0.88597035	-0.40059078
0.9281656	0.7186219	0.03327532
0.643819	0.4173051	-0.30873787
0.7721644	0.39980555	-0.18112917
0.6172983	0.5213303	-0.25462946
0.83962065	0.30896616	-0.24773647
0.664922	0.8527489	0.021490335
0.07966393	0.50793153	0.38271803
0.47084796	0.14959675	-0.15359922
0.030646086	0.778526	-0.4544736
0.7202638	0.20599484	-0.40633458
0.40417033	0.24595481	-0.48259363
0.7041576	0.11967021	-0.4749145
0.8444409	0.84058964	-0.22717425
0.49831343	0.09496987	0.06771466
0.7473685	0.83093923	0.4162239
0.6304821	0.60349864	-0.2742826
0.0049327016	0.6229745	-1.5633799
0.37242013	0.6890867	0.2907411
0.623515	0.6580902	-0.33475277
0.7525907	0.5981198	0.21325494
0.8653464	0.49665803	-0.2026261
0.96709013	0.86838806	-0.097066
0.015137613	0.8516667	-0.26904893
0.2991014	0.024928927	1.4225438
0.18240505	0.674525	0.2266732
0.8983985	0.84297526	0.23799112
0.24963868	0.66760516	0.15548936
0.051746547	0.04215181	1.4551313
0.8934565	0.24732143	0.18652916
0.2880522	0.9313408	0.70267904
0.4463303	0.711008	0.50753504
0.36768407	0.7468949	0.50901914
0.6946961	0.6131681	0.37730846
0.082736075	0.70917225	0.39605585
0.6476768	0.7876665	-0.18013331
0.9264753	0.6318698	0.0020562597
0.8261771	0.1474343	-0.2353505
0.5340727	0.8593659	-0.14945261
0.04430163	0.14460224	0.8745661
0.9551165	0.053643584	0.58577883
0.03565502	0.051152527	1.4354079
0.6408824	0.539723	-0.21227925
0.16869926	0.38801008	-0.15959962
0.07425356	0.7757206	0.37116858
0.17527646	0.28241116	-0.32399467
0.5395123	0.25796306	0.17412847
0.32634252	0.08015835	1.0464516
0.77925396	0.5010637	-0.13788551
0.95440316	0.29254675	0.19619839
0.55862445	0.004485786	-0.1468523
0.06921625	0.4389847	0.26287183
0.6027518	0.20782757	-0.3860684
0.34681827	0.882379	0.68638813
0.16934168	0.7745021	0.38476613
0.4022236	0.89415324	0.62526804
0.5725437	0.16282856	-0.15018277
0.7277788	0.6369848	0.4113153
0.7201462	0.33938855	-0.08103748
0.26542854	0.07141733	1.1512159
0.09418851	0.3906241	0.6171801
0.5726457	0.1682331	-0.20363589
0.7269944	0.65849787	0.46125445
0.019227505	0.19355255	0.12745577
0.050899744	0.70645165	-0.12548488
0.66604984	0.80255675	0.10581168
0.5364536	0.68472755	0.25661623
0.017043173	0.54136974	-1.3353533
0.23402119	0.8397804	0.59187955
0.8251624	0.48162556	-0.2253294
0.1206311	0.9446534	0.11494775
0.82780343	0.20966893	-0.286819
0.0028051734	0.84652394	-0.37951636
0.0731985	0.03273511	1.4094424
0.80008864	0.4799633	-0.18945001
0.7924107	0.83796674	-0.097260386
0.48381048	0.03233111	-0.023297843
0.5458138	0.46605664	0.42162633
0.39523602	0.92533773	0.58909315
0.54201996	0.9451408	-0.496445
0.0673331	0.91920716	0.14506538
0.3517996	0.4222898	-0.044294264
0.6108245	0.62718236	-0.3494963
0.037321925	0.29172528	-0.05377152
0.2151221	0.7856359	0.4140321
0.43900895	0.66994095	0.43613017
0.641664	0.38416052	-0.33913234
0.6755157	0.6683563	0.28511858
0.32353854	0.98898345	0.6710856
0.96388716	0.40880376	-0.046208784
0.9871614	0.548288	-0.3993402
0.06209731	0.9536532	0.1135209
0.42917722	0.56721115	0.16283466
0.14621317	0.53685	0.35965297
0.6082535	0.92369443	-0.95375794
0.6050329	0.21863383	-0.44155407
0.2780475	0.30657434	0.24005477
0.31384194	0.09284574	1.1079696
0.39543062	0.29482514	-0.3958694
0.3436944	0.6219736	0.16352664
0.64486754	0.07891184	-0.26579347
0.9890521	0.16561466	0.39113545
0.22105968	0.22050178	-0.048039608
0.72929585	0.6036033	0.34437498
0.72318614	0.73386234	0.5475517
0.04662168	0.010453939	1.6001127
0.6136273	0.037444055	-0.17502908
0.2586509	0.44635665	-0.15210864
0.8054116	0.4804135	-0.20250621
0.9432707	0.1247744	0.5175819
0.44367778	0.61695164	0.39074442
0.12696737	0.8950457	0.3043608
0.7821597	0.020001352	-0.7892726
0.915266	0.3138218	0.106089704
0.51318395	0.78640646	0.28153837
0.018947065	0.53286356	-1.2889078
0.076034606	0.4637702	0.3526207
0.7513217	0.6749502	0.23574771
0.6920514	0.6827158	0.48422256
0.9301995	0.53992265	-0.09281482
0.4985674	0.89054585	0.18342225
0.3091429	0.2059328	0.7523731
0.60947484	0.7532459	-0.5292559
0.64539886	0.072603464	-0.28760228
0.035156548	0.6798093	-0.6107261
0.64454645	0.045179486	-0.27981758
0.8422652	0.24699605	-0.19260795
0.6797261	0.8089314	0.2816368
0.056338966	0.8658083	0.038187023
0.41895157	0.6803263	0.35266715
0.53269374	0.19112456	0.073747024
0.6651485	0.97507924	-0.09147117
0.070227206	0.07888943	1.2321143
0.36750197	0.7595488	0.49518016
0.43997794	0.009182334	-0.12144892
0.5666391	0.13758105	-0.16090424
0.2533164	0.6016558	0.015808681
0.9521132	0.54735005	-0.13640827
0.76225877	0.82744414	0.22409786
0.2848978	0.19773823	0.76263684
0.5777298	0.8300537	-0.5758288
0.19045573	0.4117751	-0.24531847
0.050333977	0.6485932	-0.16784945
0.19885701	0.42432106	-0.35533306
0.81897455	0.30776054	-0.2741001
0.68079275	0.5764853	0.19601002
0.86617976	0.5705468	-0.2350558
0.0802111	0.34493804	0.52379256
0.47354323	0.9400773	0.24834475
0.93579686	0.3449943	0.10568376
0.6091125	0.017908335	-0.24762017
0.922485	0.15747517	0.3816391
0.9104316	0.78428924	0.12663944
0.14388245	0.44197005	0.19957916
0.70351356	0.8755753	0.60452056
0.13956648	0.16914022	0.031575177
0.010894895	0.35979402	-1.2551906
0.13036668	0.8139478	0.5272388
0.647107	0.74707633	-0.18498224
0.9056534	0.09998101	0.5433468
0.6733414	0.7061738	0.20883508
0.6060966	0.38451546	-0.30020523
0.8554903	0.8128332	-0.082778886
0.09794575	0.9621912	0.06005763
0.69554895	0.46863908	0.15897028
0.6361419	0.41796082	-0.29096532
0.31976503	0.87406254	0.7060086
0.4156409	0.8380375	0.55137455
0.9815783	0.9301236	-0.16555437
0.42453367	0.16812271	-0.49232444
0.488903	0.11801982	-0.01257115
0.60892457	0.917273	-0.927163
0.19097948	0.15409213	-0.1521795
0.490826	0.5317853	0.5123101
0.14196408	0.69896626	0.49514824
0.9781961	0.43000197	-0.11761087
0.6323273	0.0864442	-0.29891905
0.58320165	0.35708117	-0.1750707
0.8630761	0.386921	-0.15987049
0.7476983	0.3967414	-0.04283019
0.37760943	0.8338595	0.5811287
0.27845424	0.6836181	0.2808103
0.9993374	0.5102446	-0.40373695
0.9784114	0.7706917	-0.23804341
0.20048219	0.609762	-0.035337918
0.035786152	0.24737686	0.038754616
0.36745483	0.78560144	0.5337875
0.64098066	0.5963968	-0.15043145
0.71966916	0.8947056	0.61779267
0.22804284	0.98712254	0.5985742
0.5561869	0.13896018	-0.09993989
0.58617175	0.5560992	-0.15490356
0.9598942	0.044891477	0.6098759
0.22661269	0.8671201	0.49975544
0.3987397	0.7979731	0.51712245
0.9908333	0.15414912	0.3463199
0.7917253	0.9435342	-0.21080448
0.5879225	0.17394233	-0.30768752
0.39405298	0.815208	0.5766671
0.9665751	0.9611677	-0.043353803
0.123867154	0.5872669	0.61035323
0.6473748	0.53039485	-0.15699701
0.27512717	0.3126217	0.24013911
0.26377058	0.6220377	0.07307762
0.052497268	0.09662533	1.1708577
0.45878214	0.069701195	-0.17251961
0.8002659	0.3283581	-0.26226124
0.25084835	0.12818372	0.75982404
0.86321956	0.9276639	-0.09206171
0.50713414	0.63590884	0.53113467
0.5972109	0.24249786	-0.37275815
0.7502087	0.35567695	-0.16219555
0.11249226	0.61440134	0.7209454
0.51363045	0.7569594	0.32012984
0.5340418	0.24950242	0.20225145
0.44691706	0.8464859	0.46278813
0.10419059	0.12258381	0.6103906
0.38321155	0.25218058	-0.28194842
0.27698052	0.06731963	1.3006518
0.1304599	0.13947195	0.18090284
0.6808087	0.20353585	-0.38266942
0.24610269	0.87675714	0.625957
0.059008956	0.76365435	0.030658267
0.72376466	0.07362366	-0.74249077
0.19413865	0.6779789	0.1114521
0.15758455	0.032833815	-0.044551358
0.34870607	0.63866884	0.2867155
0.93350047	0.23234963	0.3069775
0.22948998	0.7182869	0.24306424
0.30373496	0.8917385	0.6659172
0.62549925	0.6052678	-0.29313892
0.7299	0.46117365	0.16869086
0.6019428	0.55407983	-0.18656196
0.49737173	0.23098034	0.14169721
0.45095313	0.9509333	0.372514
0.3542068	0.8050026	0.5619224
0.8797003	0.33957946	-0.08803591
0.65471095	0.7524885	-0.056987848
0.5694198	0.67669594	-0.12727883
0.9900084	0.22972172	0.21188927
0.45629787	0.87138575	0.45149702
0.04946041	0.577642	-0.3062182
0.6964469	0.5937015	0.3317651
0.5256144	0.05937195	-0.029002672
0.17752695	0.42472792	-0.2518573
0.9505001	0.25281775	0.30389905
0.16753393	0.52217895	0.05192525
0.45132023	0.8717608	0.4467548
0.60697174	0.8471519	-0.75404066
0.003612578	0.19508171	-0.2295307
0.25352108	0.38478577	-0.126572
0.5901111	0.7234836	-0.46360067
0.34572047	0.40505856	0.0036033627
0.33499777	0.91543156	0.7168566
0.30562174	0.6435457	0.22129175
0.22177547	0.64198667	0.03614944
0.36031783	0.89556265	0.6284658
0.44052505	0.6425575	0.39620563
0.5624654	0.3222664	0.07750638
0.4856804	0.4318112	0.3826113
0.9550564	0.6563096	-0.14273548
0.15885979	0.9204357	0.3097309
0.29348356	0.061272442	1.3664496
0.35907733	0.85562855	0.6148305
0.2991376	0.6657938	0.26989228
0.5619104	0.3174922	0.14071748
0.06850082	0.7574805	0.26576516
0.9676178	0.30382407	0.188612
0.410448	0.48516917	-0.12448088
0.570788	0.02315259	-0.18976565
0.24569833	0.13772881	0.5476955
0.7514508	0.8713077	0.40035638
0.06205213	0.48933393	0.087045126
0.9277391	0.96292466	0.3074549
0.08966577	0.33790588	0.544758
0.9880792	0.99835956	-0.28796288
0.75457865	0.7726294	0.32106155
0.05725944	0.48506892	-0.043245196
0.3004284	0.8033235	0.5400012
0.51084274	0.7048312	0.42346728
0.6665949	0.17096806	-0.41830796
0.30378717	0.011908531	1.4418067
0.5092333	0.83365715	0.19645089
0.6416631	0.84426904	-0.44862992
0.9985024	0.03329152	0.5289504
0.92502695	0.6014402	-0.078932725
0.8911206	0.69781536	-0.029667817
0.18105155	0.38410932	-0.2848905
0.8698671	0.82122386	-0.03396348
0.6230233	0.6504557	-0.33224842
0.7298757	0.782311	0.5688062
0.53766024	0.8992556	-0.2912431
0.44059914	0.9262885	0.50216824
0.012255609	0.9159712	0.040062305
0.0442093	0.7679204	-0.21639965
0.21746856	0.040234804	0.38395885
0.042416275	0.7085219	-0.42447925
0.7223916	0.25311416	-0.358991
0.17997962	0.89577365	0.4505708
0.42609382	0.099155664	-0.34969884
0.56283045	0.45708466	0.14432375
0.5093664	0.14147836	0.056554664
0.34433287	0.8769283	0.674857
0.14492005	0.83970875	0.42181912
0.08156848	0.58716035	0.49100044
0.50317067	0.797652	0.32437897
0.61996937	0.47585708	-0.29963166
0.30000484	0.94849414	0.6935857
0.034184873	0.72007596	-0.5674083
0.8629425	0.59860885	-0.18518864
0.5178081	0.08424711	-0.038408563
0.4880647	0.77747536	0.47779375
0.62761515	0.72738177	-0.3685749
0.3458122	0.7113855	0.4222606
0.6840364	0.89628	0.40674073
0.17621124	0.65578645	0.2172944
0.795927	0.71993285	-0.08944325
0.7630309	0.53384405	0.063855655
0.6661133	0.55381244	0.024988418
0.29660702	0.9894361	0.7066615
0.80824184	0.777739	-0.23242633
0.74501115	0.85730076	0.49860784
0.75443107	0.60619324	0.16148752
0.31408	0.36437082	0.16762766
0.9484799	0.03938335	0.60592806
0.8738355	0.8111709	0.033219825
0.21244574	0.4154668	-0.3779051
0.27267426	0.15192235	0.8673264
0.8908172	0.83779776	0.18438457
0.6492653	0.41863614	-0.25095046
0.32459044	0.5080482	0.081581205
0.80921334	0.104718745	-0.42829728
0.10578656	0.84251016	0.35196456
0.042497516	0.26356763	0.13171132
0.7925257	0.43592292	-0.1812675
0.9589231	0.778688	-0.011733398
0.7078929	0.78918177	0.6646283
0.66427064	0.13817519	-0.4132735
0.083254755	0.21626413	0.69775105
0.61855567	0.7890625	-0.5002045
0.2382465	0.06732184	0.74644
0.760117	0.64770657	0.1761759
0.9349485	0.86302394	0.30132332
0.45077163	0.18588996	-0.31714013
0.6399806	0.13658226	-0.39662617
0.5148138	0.72847503	0.34184328
0.8757863	0.35660398	-0.11878148
0.26598984	0.94942284	0.6457471
0.124188304	0.24824011	0.28458032
0.80831546	0.3217569	-0.3344983
0.14477885	0.638966	0.42485547
0.55726594	0.39736545	0.21121708
0.20014322	0.2106396	-0.19367146
0.762699	0.29523492	-0.40829685
0.40606028	0.88745487	0.58939195
0.14948511	0.6144712	0.41639462
0.9801312	0.23971921	0.25646406
0.9188173	0.2963307	0.20099227
0.23811215	0.0051603913	0.8728486
0.17238587	0.40225	-0.19294351
0.63565105	0.022782803	-0.095095396
0.6965242	0.40208715	0.00500271
0.60845125	0.5269317	-0.30754495
0.5221866	0.4722485	0.5141931
0.48021525	0.82600147	0.44474974
0.6042961	0.91847557	-0.98561865
0.056251645	0.44064134	-0.036833048
0.43873966	0.72046334	0.51296353
0.05288112	0.29599327	0.21252201
0.79667914	0.41969395	-0.22663982
0.642805	0.97900504	-0.54298663
0.05640757	0.7500779	0.012373401
0.33945376	0.6321786	0.2477248
0.9723939	0.16155356	0.38994995
0.12327868	0.13751113	0.36182207
0.7818369	0.19220597	-0.59986806
0.27288502	0.21241605	0.60481066
0.35590976	0.019414961	0.6112493
0.46314543	0.5159654	0.2993513
0.9196862	0.47406483	-0.041009136
0.21156096	0.5038709	-0.30672154
0.049039125	0.34969795	-0.097398266
0.4786942	0.2586419	-0.013096706
0.08110911	0.48311877	0.4326014
0.8655888	0.65492386	-0.16560458
0.024150372	0.6140382	-1.0717827
0.06499958	0.25836384	0.6022314
0.63462085	0.27521402	-0.45893896
0.27678156	0.28858835	0.37449273
0.7643094	0.76590234	0.16704182
0.51913357	0.30452764	0.40569627
0.42454523	0.68675303	0.35494047
0.4136098	0.6599571	0.29164734
0.56473416	0.47221464	0.14450064
0.5285781	0.2805959	0.28883788
0.6869694	0.4081816	-0.057210516
0.11930764	0.50830823	0.6069722
0.42851043	0.6403745	0.32684174
0.17054766	0.38012516	-0.2761269
0.885083	0.90060127	0.1336234
0.1885544	0.21459693	-0.29297605
0.1542291	0.91632843	0.2804278
0.6253773	0.8045015	-0.5173235
0.5179842	0.6132741	0.5146763
0.5790599	0.28387415	-0.15921317
0.90258247	0.4527436	-0.065962434
0.4061178	0.6998849	0.3894216
0.19854486	0.7674303	0.3702183
0.5317636	0.9188733	-0.20966549
0.10271102	0.18741411	0.5517826
0.4334427	0.9918799	0.361555
0.8589229	0.11276579	0.24091534
0.34376007	0.36606485	0.052040637
0.3737796	0.24183857	-0.08716141
0.33889014	0.9613827	0.7372273
0.87123674	0.7023794	-0.06656258
0.7203805	0.5173459	0.27350402
0.7850808	0.36550635	-0.24903356
0.63195986	0.46143997	-0.38472658
0.744812	0.6582774	0.34802967
0.66326606	0.113476515	-0.32310003
0.75502723	0.8116349	0.30822352
0.9609129	0.022093296	0.60053337
0.23930031	0.9212093	0.6813978
0.9750088	0.7287605	-0.25203627
0.39721078	0.6470561	0.23282076
0.2744432	0.50047696	0.0022096038
0.3229543	0.009029508	1.2944239
0.8746605	0.6733814	-0.12759474
0.14888614	0.74048	0.47000864
0.9051812	0.10706055	0.59826136
0.3552367	0.9973728	0.66922736
0.7737332	0.15359473	-0.67913634
0.13250482	0.1812262	0.10579498
0.7392195	0.933396	0.57930464
0.3654294	0.14449686	0.09211983
0.36672658	0.99071383	0.6588001
0.26160425	0.5320306	-0.15541497
0.23644996	0.48986048	-0.263664
0.36102343	0.6913879	0.3737262
0.8632326	0.6317378	-0.18572976
0.16074866	0.6278648	0.29929754
0.5210722	0.7485473	0.26933685
0.6661162	0.79135776	0.15002833
0.13536245	0.2193014	0.10874593
0.040274203	0.010967672	1.7090063
0.24102247	0.09846741	0.66335166
0.72942066	0.88563687	0.66699386
0.9882257	0.74098253	-0.35296166
0.5570966	0.48460823	0.28083578
0.57532716	0.27354038	-0.1440481
0.21609378	0.13147527	0.13788827
0.24500012	0.07113582	0.82182556
0.012248635	0.33038676	-0.9757824
0.90362465	0.17755449	0.40150735
0.6995105	0.7446317	0.5204742
0.018992305	0.059468746	1.2541009
0.60531515	0.08243424	-0.32512772
0.52723074	0.89834344	-0.14301333
0.9218187	0.538781	-0.06185403
0.13967484	0.5719848	0.4072932
0.15158564	0.7173228	0.48666167
0.57612765	0.20752835	-0.26861972
0.3506261	0.17437953	0.37130955
0.8947516	0.35383362	0.024156053
0.06896955	0.7219095	0.2079478
0.98663986	0.32304847	0.087856136
0.810013	0.5430223	-0.15948798
0.44808024	0.29866433	-0.32786834
0.66450274	0.9117445	-0.022163581
0.6133705	0.7823936	-0.5109333
0.42856753	0.9252419	0.48720622
0.64414406	0.27397394	-0.45874372
0.21925378	0.44689733	-0.32736862
0.69616777	0.85749125	0.561125
0.965056	0.2010057	0.32803226
0.35905755	0.058799922	0.47390798
0.28991616	0.6971581	0.28851938
0.93677384	0.33577538	0.16878882
0.7398114	0.45130116	0.0755002
0.30023807	0.17730296	0.91016835
0.6981757	0.7231485	0.50613105
0.6210446	0.5743362	-0.28285927
0.23202574	0.71759176	0.23805635
0.9853895	0.55044687	-0.35671765
0.8070475	0.7364472	-0.20997241
0.41967404	0.038157105	-0.19054866
0.30905777	0.83448815	0.6695422
0.5466531	0.59840786	0.26053953
0.37238538	0.10175949	0.151416
0.60812193	0.32165045	-0.3776701
0.73599714	0.5835542	0.31272823
0.2804554	0.6885487	0.28974423
0.9962502	0.935201	-0.3179826
0.7781499	0.3557626	-0.28589755
0.67207414	0.41162014	-0.08631939
0.9050602	0.8834329	0.30069768
0.9278209	0.7063795	0.06591399
0.58652616	0.15406054	-0.31097806
0.8224839	0.52909786	-0.22610319
0.21755344	0.40320534	-0.26604956
0.901838	0.9272704	0.30823785
0.80077475	0.9704237	-0.3641859
0.2828539	0.9744435	0.7773991
0.31283003	0.44126856	0.1252257
0.11151457	0.62667686	0.7209277
0.2501546	0.73669374	0.34217978
0.38552356	0.766301	0.5200044
0.12750185	0.72933996	0.6287339
0.23106718	0.08248907	0.5453489
0.77732676	0.8196296	0.08595031
0.72889173	0.54203224	0.29102942
0.20681357	0.45288616	-0.32124877
0.053046644	0.5621878	-0.15859693
0.7827693	0.17504269	-0.61366284
0.8260967	0.63187027	-0.19778645
0.6930505	0.42249048	0.1087489
0.07507616	0.8527919	0.17325297
0.67539656	0.4411171	0.0012793019
0.5599842	0.89860713	-0.61351657
0.7882439	0.6344227	-0.07697643
0.22579408	0.1210593	0.3093522
0.7898414	0.4491992	-0.20651452
0.765218	0.26703066	-0.4210632
0.75817484	0.0529055	-0.85435224
0.08343369	0.067772925	1.1324805
0.102434695	0.8915305	0.25729838
0.008010447	0.21768022	-0.34485698
0.8262913	0.50518364	-0.23289333
0.5624552	0.9324621	-0.76576823
0.034574926	0.5161543	-0.8454482
0.6365274	0.770884	-0.33433118
0.8923012	0.09748912	0.5884854
0.80838865	0.6921569	-0.16557316
0.50498146	0.8831646	0.16051939
0.3039577	0.69721204	0.32335192
0.95992726	0.5249706	-0.1724402
0.5673532	0.7138859	-0.20300353
0.7807336	0.22395569	-0.5392963
0.87680316	0.33774418	-0.09493119
0.2264505	0.41325408	-0.33093032
0.30334234	0.6947071	0.28392595
0.07227743	0.27444583	0.4636481
0.84216404	0.38645083	-0.19423842
0.6439644	0.22774291	-0.46111768
0.97083986	0.07302183	0.4829661
0.89363074	0.8471759	0.12521428
0.3593374	0.54672486	0.055028223
0.13174653	0.9314175	0.18860775
0.115823865	0.8619203	0.34568486
0.060209036	0.83249646	0.07170701
0.21183044	0.18694007	-0.056044135
0.6958112	0.69457644	0.4377589
0.9746385	0.21508366	0.27897978
0.5524293	0.5938908	0.30143616
0.9089797	0.267093	0.15778074
0.33615577	0.46069974	0.08814758
0.04897499	0.93578976	0.13057902
0.4863096	0.17628068	-0.025270851
0.28483367	0.10610366	1.1728259
0.38095832	0.51979196	-0.014891071
0.97340256	0.06540954	0.5182346
0.433168	0.41774952	-0.20010301
0.3041848	0.21907353	0.72203135
0.10896969	0.87195396	0.24959788
0.15067655	0.68077546	0.45111772
0.31174344	0.6592787	0.23869202
0.2035752	0.48356926	-0.20178308
0.43776083	0.16389644	-0.37683263
0.6170368	0.04551953	-0.20217195
0.52982134	0.25363064	0.21400543
0.6455173	0.7767389	-0.24531105
0.44336236	0.71746975	0.4935876
0.70094156	0.8406649	0.57303065
0.85723907	0.19190598	0.025580889
0.044859886	0.78526884	-0.17774254
0.9574095	0.83951324	-0.0038688015
0.83157414	0.9285366	-0.34864601
0.8309933	0.49391162	-0.25365353
0.6863365	0.9639706	0.39480957
0.5110714	0.2782501	0.27294445
0.6128338	0.44350523	-0.3680519
0.2030319	0.7684666	0.27417865
0.3635108	0.013758421	0.5217721
0.044303536	0.52349055	-0.49312207
0.9552156	0.9305507	0.044921897
0.96862644	0.888499	-0.080240756
0.71024776	0.8412464	0.6239928
0.33263886	0.8386563	0.65495265
0.1108039	0.6007363	0.6705897
0.1360988	0.2967739	0.14248192
0.9097627	0.7181578	0.05415429
0.52503353	0.7385153	0.28249225
0.92042243	0.51086485	-0.06985292
0.08666992	0.2697907	0.655257
0.57597446	0.38409102	-0.066321276
0.69037193	0.5651319	0.26054135
0.12747723	0.8201751	0.4713203
0.115786016	0.6536759	0.62965554
0.1696043	0.48581612	-0.07448942
0.56841344	0.98825717	-0.962873
0.031223655	0.9359213	0.13497874
0.22362655	0.52167773	-0.27088857
0.4149174	0.7913164	0.5617471
0.57214093	0.43287158	-0.022605471
0.4872557	0.61238223	0.55169797
0.0029554367	0.46318287	-1.8215541
0.2162633	0.49166048	-0.25906748
0.15231818	0.5053676	0.13328415
0.10175985	0.1406331	0.7001699
0.15504944	0.508919	0.14121485
0.49151343	0.34004223	0.30191818
0.19773531	0.2754755	-0.29907334
0.5782587	0.19043767	-0.23148122
0.6833286	0.09343475	-0.3850959
0.7903209	0.8699419	-0.15759629
0.64356124	0.30392075	-0.43394893
0.9288465	0.2808317	0.29527614
0.24195367	0.10821527	0.64093417
0.66358477	0.9642818	-0.0693853
0.89601785	0.43544358	-0.062408224
0.15292883	0.50529563	0.17640872
0.07313126	0.18347907	0.8310555
0.46631384	0.2628163	-0.13489737
0.8811166	0.010813713	0.8218469
0.3759238	0.8935197	0.62553334
0.4568615	0.032388926	-0.101016425
0.05805731	0.049702942	1.472134
0.58351773	0.38126135	-0.1625595
0.18848777	0.4403761	-0.29871756
0.5769927	0.38771945	-0.06336656
0.18485916	0.7429527	0.3461961
0.4839657	0.039429665	0.01724014
0.27000117	0.6311266	0.11781511
0.4273979	0.7405725	0.46703786
0.90837795	0.19997633	0.28042468
0.3934955	0.1789633	-0.32590264
0.8168254	0.8913877	-0.35801092
0.25583863	0.7720456	0.43960014
0.45907903	0.7722935	0.4913794
0.9376155	0.44205767	-0.068199664
0.9551877	0.92793214	0.05553137
0.24397188	0.8139793	0.53788275
0.21469206	0.8311548	0.47742862
0.56350285	0.57365537	0.057549242
0.52770823	0.24119419	0.21612903
0.44540268	0.10928458	-0.29557684
0.43471098	0.91824234	0.47157833
0.7922917	0.46216464	-0.17020202
0.39726573	0.003725648	0.037440233
0.8812035	0.93387926	0.10677502
0.6874469	0.5130202	0.24982038
0.020970166	0.3827895	-0.9187641
0.14464629	0.21844637	-0.032990783
0.010236084	0.9284852	0.113616064
0.8487178	0.4066819	-0.19002281
0.5791608	0.26795423	-0.1848883
0.72485703	0.31021792	-0.13049832
0.20156515	0.754546	0.33164477
0.8925569	0.25424486	0.16860898
0.77442837	0.122519076	-0.7495859
0.61622727	0.9716302	-1.0552175
0.49471962	0.7688327	0.3794348
0.17749405	0.9884875	0.18997806
0.6588455	0.24432945	-0.3624233
0.9402062	0.6799491	0.007186044
0.67538154	0.809017	0.22092134
0.16529047	0.68535644	0.32682753
0.95825297	0.47489518	-0.13124883
0.62784857	0.3393491	-0.4521218
0.98089504	0.14282334	0.4603537
0.73169076	0.264894	-0.31176952
0.50613	0.027403116	0.025849182
0.47094476	0.74843657	0.49103066
0.15125227	0.5736943	0.31762478
0.113787174	0.38830072	0.48499092
0.58911157	0.02893573	-0.20722935
0.48055142	0.5134887	0.41504472
0.527944	0.49450266	0.48160022
0.61961526	0.79776603	-0.55892134
0.6942997	0.865951	0.59103054
0.68146145	0.480206	0.060806394
0.87329036	0.6505214	-0.11212938
0.20204449	0.7188441	0.29445416
0.520688	0.3330075	0.36649498
0.90017843	0.23825377	0.26605764
0.33326066	0.30577213	0.23863989
0.83149546	0.21050185	-0.20453823
0.90696734	0.22884965	0.22199109
0.93268114	0.090975106	0.61794764
0.93747985	0.13999206	0.49631855
0.5403393	0.49287516	0.4220539
0.9340475	0.42486924	0.013061277
0.7750382	0.9055595	0.057279423
0.24410993	0.10105741	0.6810406
0.74850535	0.97471017	0.4763384
0.40578675	0.90458775	0.60810137
0.73642105	0.10949451	-0.71664613
0.8797852	0.75125617	-0.04294064
0.4599859	0.94027865	0.32652888
0.05147749	0.3357373	-0.0156107955
0.5007318	0.6204148	0.5817044
0.75314	0.1124953	-0.7777586
0.7211996	0.41743106	0.040379874
0.51486385	0.30488503	0.28474832
0.19579798	0.36238176	-0.40539262
0.44777662	0.15627992	-0.36283934
0.66535085	0.57870257	0.030890062
0.556762	0.7548646	-0.10042839
0.004597008	0.12221289	0.5048481
0.461267	0.83857906	0.48050588
0.34353858	0.9163123	0.76527905
0.33083653	0.35764784	0.19876629
0.9483054	0.16449195	0.46283185
0.041208625	0.40841693	-0.41513845
0.8412014	0.9496377	-0.36017388
0.17311448	0.5889391	0.13291539
0.3914997	0.75265545	0.49188146
0.71112585	0.54868233	0.32141805
0.46358103	0.17475116	-0.24603055
0.46509922	0.938951	0.30221713
0.44006097	0.69345796	0.43179345
0.9983853	0.89750123	-0.34033975
0.3146612	0.8396235	0.6780813
0.39610344	0.05565107	-0.07786252
0.76992756	0.0053676963	-0.8702319
0.20292884	0.7648355	0.3516942
0.04066366	0.31147778	-0.13416635
0.29099447	0.018926382	1.4654475
0.41095233	0.13040471	-0.3790189
0.24739337	0.9824457	0.67187124
0.16859996	0.34441793	-0.2800201
0.8769825	0.19593167	0.17648423
0.108566284	0.2780363	0.46877915
0.47043818	0.9095826	0.30705264
0.47726697	0.10179043	-0.05256201
0.23507118	0.00031930208	0.8788409
0.032066166	0.43264025	-0.83122176
0.010742247	0.14968687	0.34407115
0.15755165	0.3192498	-0.17197743
0.093414485	0.9012235	0.23191649
0.7472688	0.8443884	0.48155028
0.39329493	0.68820107	0.33491552
0.5388925	0.46310198	0.39831975
0.9671637	0.3956715	-0.040520485
0.025110602	0.4102745	-0.9427583
0.88674843	0.72324497	0.0062998934
0.7756272	0.48814923	-0.052395064
0.05244136	0.060219884	1.4503013
0.5520656	0.59938145	0.19357671
0.5359451	0.22780114	0.16998667
0.070109844	0.45404208	0.2513865
0.7933363	0.7712071	-0.15751809
0.9660402	0.5840247	-0.24214059
0.48175496	0.5120032	0.45023808
0.33497947	0.06252003	0.89307714
0.8406317	0.3679605	-0.2620362
0.09770447	0.057192445	0.92243046
0.31449854	0.55179584	0.069537714
0.879252	0.29645914	-0.0014988659
0.016563833	0.20973629	-0.09272067
0.56200343	0.2372697	-0.0349397
0.21229619	0.35879153	-0.40058622
0.19896919	0.50341177	-0.26223004
0.25921088	0.30407387	0.09853439
0.8440405	0.13854837	-0.016842846
0.97041166	0.06481159	0.48133677
0.40405315	0.797668	0.5746212
0.5766572	0.6399022	-0.12240433
0.35007024	0.4425816	0.022217862
0.44131404	0.9559457	0.4392965
0.8777378	0.38912594	-0.043058746
0.65872383	0.92479676	-0.15755393
0.17946434	0.27753675	-0.37702125
0.6079428	0.055977583	-0.3146151
0.45549136	0.73575246	0.46789217
0.49281877	0.7048504	0.50280946
0.2875213	0.77047366	0.47478178
0.7964201	0.70043486	-0.15824862
0.8893169	0.40900803	-0.10362038
0.54568374	0.48088396	0.36701262
0.40313578	0.96348464	0.60233206
0.2416197	0.17990756	0.40841866
0.64811367	0.6738324	-0.053991783
0.07768077	0.28368604	0.5912625
0.3335793	0.47181427	0.042784885
0.5675462	0.51602954	0.14725465
0.08459097	0.009548366	1.1802896
0.72911656	0.08402747	-0.7569819
0.7011812	0.041208446	-0.53740376
0.69848835	0.3617602	-0.0059679
0.14167482	0.19376427	0.014773412
0.7872585	0.37516075	-0.2555647
0.694577	0.91153425	0.52186215
0.38776892	0.63604563	0.23923124
0.5466694	0.38157433	0.27506837
0.7802477	0.90914977	-0.008946158
0.8989608	0.61299545	-0.06367919
0.8279828	0.6579856	-0.199956
0.8043803	0.34443587	-0.2778698
0.17358911	0.30134374	-0.25799856
0.3890372	0.44307226	-0.26079896
0.43868077	0.10378432	-0.349637
0.6653017	0.9819215	-0.08915956
0.20014781	0.53345025	-0.15426157
0.2787457	0.5713096	0.016352838
0.8050075	0.99590033	-0.3991545
0.6126631	0.14631158	-0.37478405
0.32503062	0.5563056	0.118261315
0.5594538	0.5019954	0.28138462
0.08635193	0.50706893	0.5283834
0.3726791	0.83859223	0.6214227
0.121307015	0.9556495	0.084309846
0.8056452	0.96454656	-0.30778804
0.9800518	0.79234374	-0.20020166
0.18389904	0.8205833	0.37450084
0.897752	0.35963666	0.02329862
0.6412105	0.34332383	-0.43464792
0.61043227	0.694523	-0.4137026
0.22464621	0.20902365	0.03407824
0.33266622	0.36519814	0.1659149
0.17930353	0.23463964	-0.2996562
0.45215648	0.95488715	0.3442548
0.5633923	0.9287328	-0.7278422
0.45488095	0.9852117	0.29106304
0.5289782	0.24785751	0.27337962
0.14116573	0.81153774	0.4690122
0.83999485	0.119220555	-0.048593566
0.37676322	0.28850216	-0.21737273
0.09669423	0.3834281	0.45916677
0.04186207	0.4136992	-0.4288553
0.9179114	0.8544802	0.28340602
0.11837393	0.57161254	0.6195667
0.7494854	0.40319473	-0.054585874
0.33554518	0.022238731	1.0389293
0.8638994	0.991303	-0.15230943
0.48504972	0.7947895	0.46384168
0.76877534	0.03537208	-0.90134966
0.44488716	0.99164593	0.3122571
0.7386964	0.8971792	0.6099998
0.42010367	0.56935596	0.14071769
0.68089134	0.47166884	0.06097367
0.77008706	0.46560884	-0.04394273
0.58035195	0.24688894	-0.2563054
0.7108692	0.33056772	-0.14158213
0.9143512	0.47880417	-0.020222232
0.6070506	0.30407542	-0.3989611
0.16491222	0.258892	-0.22000624
0.21710128	0.9582875	0.49617827
0.109632134	0.86026365	0.3711448
0.7596707	0.33334923	-0.2514482
0.05562085	0.8536175	0.026089087
0.31307375	0.96368384	0.720227
0.8292754	0.41812825	-0.25910342
0.4745384	0.7582363	0.47176707
0.83189255	0.7708951	-0.22919397
0.29390937	0.92778593	0.7553306
0.16468054	0.2242862	-0.25739348
0.2926522	0.8069741	0.549612
0.8562546	0.80904424	-0.1149269
0.093930244	0.2540332	0.5798361
0.73681575	0.3043453	-0.2622986
0.75107646	0.117245436	-0.80510134
0.22046584	0.62445056	-0.098074965
0.23312151	0.66547185	0.12324054
0.3147493	0.60321015	0.13721195
0.63944113	0.9614948	-0.6338468
0.5124261	0.5692552	0.5630017
0.7764596	0.025151908	-0.8900407
0.7563331	0.016587913	-0.9554329
0.26913017	0.35849708	0.10195408
0.8091826	0.3387394	-0.3300871
0.6669071	0.93422556	0.028325915
0.21231246	0.3306672	-0.34146956
0.5985313	0.101510465	-0.29628035
0.2944963	0.35552418	0.2530834
0.32592833	0.1382972	0.81903267
0.026402116	0.85855097	-0.16090292
0.49446	0.3932215	0.33123428
0.6235133	0.7629572	-0.44643804
0.19281745	0.8962658	0.41243637
0.328726	0.028268099	1.1277097
0.04592675	0.8919964	0.055659465
0.23133487	0.09904051	0.522201
0.14777923	0.709222	0.47525334
0.69269204	0.0044757724	-0.45083827
0.35368687	0.95444006	0.7185763
0.31398982	0.7032368	0.34283003
0.72252613	0.8810777	0.6234628
0.45799118	0.39581287	0.013129786
0.72442627	0.36800283	-0.0123645775
0.47812754	0.87108684	0.34905592
0.8836339	0.3671577	-0.051065538
0.5874876	0.96721345	-1.1123728
0.8559453	0.77730834	-0.15154989
0.92376125	0.014258385	0.7865007
0.5818943	0.16633004	-0.28023547
0.9226764	0.17335707	0.44800383
0.53766567	0.67885363	0.20029584
0.21579057	0.996176	0.5203102
0.6064821	0.4764945	-0.30290437
0.82768494	0.7676996	-0.24791001
0.9125898	0.081051946	0.66860926
0.8375069	0.87464935	-0.29502842
0.555862	0.99511343	-0.88578933
0.7295798	0.3507328	-0.062238406
0.49444997	0.8409757	0.3161163
0.60790175	0.91668636	-0.97189
0.35624266	0.008320093	0.66161734
0.9872675	0.27554184	0.09620801
0.37323362	0.5322611	-0.014792023
0.04742992	0.2802022	0.20365168
0.08492184	0.5906951	0.48961088
0.73496217	0.6834847	0.38947457
0.074682534	0.36820942	0.42159492
0.5656507	0.19064349	-0.18382058
0.25289828	0.60586643	-0.0428859
0.7558042	0.65995526	0.22559181
0.2829889	0.96967155	0.7411548
0.16824019	0.60688215	0.18163358
0.7389098	0.1409539	-0.704937
0.18993384	0.59823245	-0.03582262
0.8921682	0.542297	-0.1662874
0.8496638	0.733151	-0.14190714
0.1043722	0.9515261	0.073407754
0.017664552	0.59379375	-1.2457517
0.012575507	0.9239483	0.12922478
0.049707532	0.39146614	-0.14445277
0.031348407	0.37591672	-0.6213307
0.747897	0.11970073	-0.7630192
0.2512486	0.69242465	0.22299501
0.6137238	0.367868	-0.33382732
0.53898364	0.07690817	-0.011391945
0.045251966	0.71293753	-0.2512253
0.7219741	0.6772473	0.5089753
0.37288988	0.070349514	0.20621596
0.33021003	0.8269583	0.61157733
0.5263626	0.7686891	0.20286992
0.52629	0.75638074	0.23525348
0.28753328	0.71764106	0.34791726
0.3642819	0.91047573	0.58807456
0.7230328	0.77872807	0.6115447
0.39334124	0.21216089	-0.35495076
0.08371931	0.3568585	0.5268124
0.029165864	0.3332538	-0.5684915
0.87356246	0.0827502	0.41061467
0.62370604	0.22898674	-0.5068156
0.71410966	0.5677405	0.3677413
0.51356035	0.6687556	0.39845333
0.22345847	0.36827868	-0.29624102
0.7272049	0.8592994	0.63208324
0.5184286	0.8959901	-0.0036611184
0.4303217	0.6824122	0.358042
0.59403896	0.6627372	-0.3017532
0.12201077	0.30127883	0.32832035
0.73394823	0.62388396	0.36870906
0.50962836	0.644741	0.538882
0.57987654	0.5477635	-0.058642767
0.88900137	0.1555413	0.29573405
0.0010145307	0.15694892	0.04471334
0.43531573	0.079452515	-0.2512207
0.22791219	0.9766995	0.62096864
0.55503494	0.72939515	-0.098924085
0.3428713	0.9212062	0.7300718
0.013316095	0.91162646	0.04198589
0.07942325	0.36099356	0.41653857
0.8166877	0.069055915	-0.2735314
0.4999305	0.78910387	0.3830875
0.61411345	0.55175334	-0.22255102
0.54252815	0.22889304	0.06831963
0.55304325	0.7693997	-0.1543965
0.5795765	0.23601085	-0.24041098
0.5216059	0.19887161	0.1684139
0.6105335	0.22503132	-0.41732717
0.19234908	0.32087773	-0.3276569
0.75371385	0.30399317	-0.24496523
0.782853	0.22406006	-0.553701
0.110030174	0.48740727	0.607352
0.07528478	0.29871935	0.5668408
0.03548628	0.8733069	-0.024522126
0.4524091	0.2417258	-0.3120806
0.19817525	0.37444532	-0.3414176
0.8033474	0.6154221	-0.15463239
0.5933797	0.026355743	-0.20899531
0.83935255	0.41948283	-0.18618274
0.72783715	0.029842317	-0.80250174
0.24792278	0.46270287	-0.19327934
0.46069336	0.969966	0.32134363
0.028691888	0.9938718	0.3740856
0.9357586	0.9362811	0.2503039
0.17653674	0.86997426	0.37902296
0.43540096	0.15937924	-0.4051373
0.12662286	0.29192448	0.302124
0.0057478547	0.6290903	-1.4626493
0.8352273	0.48922336	-0.2154836
0.9454543	0.02202642	0.6450845
0.63448614	0.36610812	-0.41434774
0.001241684	0.454724	-1.7922611
0.25741845	0.72568536	0.3189353
0.98077935	0.19757456	0.3292519
0.18164474	0.3334164	-0.31279445
0.5329782	0.49826306	0.51120466
0.9874119	0.43327147	-0.18207899
0.21423173	0.052801967	0.3957981
0.3521422	0.2743886	0.10581852
0.9436577	0.026813269	0.66242063
0.27553672	0.2016896	0.74587935
0.58571136	0.91428185	-0.92488307
0.24791741	0.67261994	0.14753674
0.952576	0.23337108	0.3755595
0.17579663	0.5762828	0.02062988
0.096490264	0.9887195	0.020939773
0.6792608	0.65583485	0.33546016
0.4008212	0.4162426	-0.28106707
0.38980013	0.7771873	0.51062286
0.93633175	0.7529774	0.06532755
0.015883386	0.30441254	-0.791656
0.24060154	0.60381347	-0.0098832585
0.28289956	0.9240976	0.7039824
0.9646542	0.27641696	0.18506958
0.3398624	0.7278839	0.46831864
0.52164507	0.29361904	0.3644579
0.06827098	0.41130334	0.27204835
0.36899966	0.3839957	-0.19050398
0.13977462	0.81764823	0.4607389
0.14995307	0.6412453	0.45392427
0.64610356	0.7228558	-0.16628747
0.82326365	0.049523532	-0.0772282
0.75402206	0.48875684	0.06266535
0.5409965	0.7131952	0.1570785
0.37922132	0.63416356	0.22292505
0.20149851	0.56853205	-0.09521307
0.026268065	0.924745	0.15121916
0.032800734	0.46437138	-0.8853532
0.86069435	0.25914663	-0.09180692
0.43201858	0.86340404	0.5218723
0.69226736	0.54367644	0.25834504
0.28982484	0.025912821	1.4479942
0.9222246	0.6770229	0.03621454
0.586004	0.75221586	-0.47348523
0.8281694	0.9967254	-0.487804
0.8271515	0.25115544	-0.30519506
0.34871697	0.18711281	0.31553257
0.70620865	0.16746598	-0.38640878
0.61767346	0.9539195	-0.9771655
0.5390218	0.67615	0.264064
0.7441298	0.67083454	0.376194
0.38848805	0.37665766	-0.34393942
0.10054433	0.7432261	0.58574235
0.05843252	0.27286154	0.41817194
0.77096474	0.54492295	0.008632841
0.73042476	0.30659866	-0.20889224
0.7126985	0.65244514	0.4612035
0.9755964	0.14611405	0.39462554
0.8062757	0.6531675	-0.1559653
0.55117655	0.77161175	-0.10492354
0.26875114	0.8322145	0.5800512
0.1322617	0.62992185	0.5956231
0.9288833	0.65981954	-0.03418287
0.84531677	0.8109575	-0.24681655
0.23197603	0.6818054	0.1119442
0.11436081	0.7669335	0.5581112
0.986049	0.56688964	-0.33391985
0.5287069	0.9008598	-0.152577
0.12320745	0.3764218	0.34694785
0.65663725	0.39418936	-0.21807761
0.48257917	0.7845834	0.4710846
0.6924839	0.48861313	0.16462635
0.54112786	0.89253664	-0.30535638
0.6350998	0.901955	-0.58222264
0.4424618	0.8956751	0.42414084
0.002339244	0.52891415	-1.9005591
0.36474925	0.5344765	0.011995502
0.9592808	0.5103499	-0.14990355
0.7001177	0.5055131	0.19409843
0.70390636	0.06410551	-0.5213982
0.41428548	0.026269913	-0.15307891
0.34418815	0.38053674	0.065238446
0.56561375	0.76122564	-0.2709019
0.41586655	0.87232286	0.6068789
0.8045652	0.08896351	-0.51716727
0.24492109	0.09695184	0.7606506
0.14982677	0.3516993	-0.04881542
0.8410975	0.014308453	0.304898
0.1672684	0.48865736	-0.04570213
0.9724521	0.56071836	-0.25639695
0.29972792	0.1389817	1.0284246
0.8971484	0.516087	-0.1907115
0.9028526	0.28398472	0.17326497
0.77581674	0.34194803	-0.27097464
0.61713254	0.5417162	-0.26290292
0.6519357	0.9145038	-0.31562
0.8284762	0.2004298	-0.26218405
0.8025044	0.38265765	-0.2603223
0.79606915	0.09892082	-0.5956094
0.860813	0.7289549	-0.11184926
0.675241	0.5273561	0.12221998
0.57812566	0.554584	-0.04810232
0.80790395	0.7436258	-0.23701763
0.8168756	0.92409354	-0.35274088
0.7435361	0.5849119	0.29081798
0.85463524	0.0019810796	0.6252318
0.5806228	0.33947062	-0.1528795
0.92103887	0.83008426	0.23865598
0.3331948	0.656898	0.31179413
0.80029094	0.34988403	-0.32428068
0.9440705	0.4373374	0.010137558
0.2737313	0.20505887	0.6210955
0.0033807755	0.11077559	0.5651175
0.64894617	0.53096074	-0.17547835
0.6059981	0.45914525	-0.240776
0.93258035	0.91764504	0.28410494
0.4298929	0.94738847	0.44130018
0.80623585	0.2877409	-0.3283363
0.52454746	0.446128	0.49077088
0.8973065	0.67094684	0.0017213654
0.5254738	0.11934084	0.0706175
0.76436824	0.81603336	0.17924514
0.59215915	0.42268074	-0.18554552
0.56559	0.3020497	-0.0244712
0.83860034	0.67712396	-0.2344346
0.0668571	0.23868859	0.6399926
0.81108046	0.38376004	-0.29210997
0.0066297054	0.21075213	-0.23278642
0.096315384	0.7152013	0.5581545
0.41450506	0.05858469	-0.18919456
0.27620214	0.299591	0.2460838
0.48520523	0.80037344	0.47704792
0.37938732	0.8415668	0.67023194
0.6891536	0.4813236	0.15856989
0.79653	0.5849839	-0.11057036
0.44075733	0.8786176	0.47234276
0.07387948	0.3227898	0.45482925
0.15650713	0.6218023	0.30660117
0.94534177	0.6137738	-0.08735932
0.51095045	0.6368559	0.50435233
0.28438145	0.8233947	0.61688256
0.8583322	0.6870953	-0.15854469
0.837931	0.14101332	-0.10611731
0.8238019	0.4389394	-0.22650304
0.59073806	0.16752714	-0.34774578
0.13325411	0.5853075	0.5256585
0.70375854	0.99334717	0.6107542
0.96253484	0.13596511	0.4801509
0.6720373	0.9133684	0.18815161
0.17715931	0.33125037	-0.39313394
0.81326103	0.77403265	-0.180217
0.88656974	0.58012575	-0.13310678
0.65611494	0.9688536	-0.30940357
0.04293883	0.068139076	1.3133609
0.4664541	0.80139655	0.4321158
0.27963018	0.3032871	0.34257025
0.99741507	0.13287103	0.3894305
0.30476332	0.64202416	0.21286179
0.34692478	0.8304649	0.69653785
0.5775111	0.45323104	-0.04922412
0.40625912	0.55815995	0.031027244
0.34587538	0.965081	0.6860016
0.37091273	0.49750686	-0.021838672
0.9660498	0.86345124	-0.048795447
0.9951148	0.40598595	-0.1978493
0.79821664	0.15756941	-0.5542379
0.047020793	0.6486316	-0.293293
0.45100832	0.20119482	-0.34051067
0.43522084	0.8566746	0.56644696
0.091341496	0.47576672	0.5763009
0.580568	0.19211799	-0.28474194
0.22466785	0.6685274	0.07894672
0.5218788	0.39746463	0.46428555
0.7658152	0.74843544	0.17939372
0.7492507	0.22345126	-0.52896184
0.2752574	0.6436952	0.17876692
0.37440836	0.3830307	-0.2912286
0.41151237	0.99406856	0.46852657
0.82832325	0.1084913	-0.12537701
0.09271771	0.91894644	0.21530744
0.08891469	0.12606245	0.8749517
0.54341525	0.57990676	0.36699614
0.95744836	0.63356155	-0.12764035
0.07143098	0.8517199	0.17181705
0.17950636	0.79889494	0.36824217
0.5051662	0.32673824	0.30706587
0.41269082	0.9549446	0.47540578
0.37112588	0.3458336	-0.20663117
0.8067086	0.6964304	-0.24059963
0.7745817	0.82525444	0.0428361
0.095496655	0.6210323	0.60809445
0.07205516	0.84495485	0.22037695
0.7688447	0.86480963	0.1711489
0.78258914	0.2772469	-0.42236862
0.28412116	0.7845807	0.4635549
0.3696056	0.07815033	0.22268309
0.6990099	0.07282585	-0.44817775
0.47626388	0.4531225	0.21775158
0.27873236	0.21923262	0.63749486
0.25495714	0.023697317	1.1419148
0.3732744	0.0933274	0.17285001
0.28416693	0.41895413	0.085653864
0.919562	0.11691457	0.5342802
0.3376044	0.46829015	0.03765377
0.5789256	0.884571	-0.7402118
0.8446547	0.8013218	-0.13091531
0.9132603	0.6540715	0.0024886532
0.28569	0.4921136	0.036844097
0.44683796	0.06889665	-0.19205147
0.593834	0.028371751	-0.23072529
0.6046535	0.7283574	-0.5093263
0.890475	0.46197933	-0.1286243
0.084898114	0.44065875	0.446342
0.9881867	0.090724766	0.44940695
0.46799725	0.20986384	-0.20721515
0.50755495	0.25019163	0.20792064
0.11525732	0.69648916	0.6489767
0.31349754	0.20385993	0.7041781
0.8780288	0.44122297	-0.16466536
0.7137151	0.0704245	-0.64968044
0.88060707	0.04276681	0.6520372
0.60381734	0.9237558	-0.96204454
0.7272868	0.06950629	-0.7238933
0.25086832	0.68968326	0.20762312
0.7509799	0.78618366	0.37051
0.5435246	0.99686015	-0.62500465
0.95938927	0.2151792	0.3034005
0.7382855	0.682011	0.38032553
0.9969615	0.6025243	-0.520245
0.13127154	0.81097686	0.47097838
0.55776244	0.18665528	-0.07276391
0.0022729635	0.19464743	-0.28041512
0.75307494	0.9114272	0.3738239
0.7221579	0.22577369	-0.3769048
0.1380856	0.92236567	0.18548605
0.86910915	0.21280628	0.028756563
0.5107536	0.14904213	0.044695232
0.02784586	0.8643516	-0.10976732
0.4836511	0.0991776	-0.064361736
0.55575204	0.8910585	-0.5647308
0.3901708	0.36864227	-0.2891064
0.3762108	0.2716778	-0.18331417
0.7392006	0.26479638	-0.3215282
0.02788347	0.7852972	-0.43925613
0.30429417	0.52498615	0.10110515
0.5850244	0.40701145	-0.1433423
0.4134432	0.21817857	-0.4794687
0.14607942	0.99069566	0.016567457
0.034155667	0.83322144	-0.18895385
0.8940341	0.8734229	0.22076958
0.76295096	0.03006941	-0.94880074
0.06842142	0.4207399	0.22215241
0.57793736	0.2188592	-0.28295282
0.24344283	0.69561803	0.20286393
0.8271615	0.6686263	-0.25414103
0.668772	0.123887956	-0.31587622
0.6600545	0.35941195	-0.23869167
0.037482202	0.97372496	0.22906087
0.6310881	0.08780712	-0.31284103
0.41517305	0.99043286	0.4806407
0.1298024	0.11996335	0.19614328
0.9623797	0.4570102	-0.10463754
0.5324195	0.8611226	-0.12297414
0.7364813	0.62350625	0.34711072
0.80298984	0.3789245	-0.34440142
0.5128494	0.8437563	0.21198165
0.49371904	0.43913192	0.42113099
0.6187083	0.5938067	-0.24238604
0.8186531	0.45530695	-0.226394
0.46697766	0.7416634	0.5061022
0.835881	0.88552475	-0.30258012
0.6557645	0.024759173	-0.16472541
0.7621283	0.23934656	-0.46434495
0.743964	0.20275491	-0.5146581
0.88913745	0.84257835	0.13684835
0.9989055	0.41051376	-0.25599688
0.993925	0.017533004	0.49855492
0.56709987	0.7614901	-0.2938161
0.8230454	0.091339886	-0.24215123
0.9755099	0.95625156	-0.17740321
0.2833225	0.9413553	0.73428106
0.57504475	0.46465343	0.029341482
0.03855908	0.14957589	0.76716226
0.6782254	0.33192372	-0.16074829
0.6991986	0.06748718	-0.4700493
0.7811254	0.45331258	-0.111847095
0.6173535	0.2474429	-0.43898916
0.4916607	0.16564244	-0.0101641305
0.7447922	0.29039973	-0.29357356
0.50934076	0.20464343	0.1338217
0.64234465	0.5169955	-0.20936495
0.4216721	0.7293445	0.48966706
0.8363	0.3557868	-0.2539397
0.11065847	0.5676584	0.64336807
0.69786704	0.8344577	0.5393297
0.30749017	0.8392216	0.610951
0.07390612	0.058942914	1.2537642
0.88922733	0.11727345	0.4833041
0.688275	0.06257725	-0.38895226
0.30113506	0.3561079	0.2735566
0.95314556	0.98050886	0.14779559
0.5472817	0.26156366	0.104559615
0.40597582	0.26683205	-0.50566626
0.45162237	0.9360833	0.3550612
0.2943923	0.54852426	0.09403222
0.013480842	0.8121632	-0.54065114
0.07322657	0.21775109	0.6502158
0.22761333	0.6197752	-0.04652538
0.71039903	0.8449955	0.6327763
0.75237846	0.81345606	0.31526425
0.7344806	0.9769952	0.6228299
0.1781413	0.4786303	-0.14590086
0.11788815	0.4181922	0.45683828
0.26793796	0.40671122	-0.016618475
0.08137047	0.014114559	1.3012077
0.5996947	0.69883835	-0.44958487
0.98788863	0.62465984	-0.32522044
0.36504632	0.75615835	0.49349996
0.7451494	0.8247354	0.46079895
0.34015203	0.8799411	0.68482745
0.073877156	0.59415996	0.38059893
0.42139167	0.6519873	0.34910193
0.8761365	0.69106376	-0.10073275
0.5774344	0.77802086	-0.3892779
0.405554	0.06910527	-0.20312405
0.696911	0.63803357	0.38145128
0.1197148	0.25448036	0.3466747
0.019639194	0.26760668	-0.35513523
0.61874723	0.5107145	-0.24329163
0.20554578	0.06980127	0.16467008
0.5527551	0.259583	0.1454562
0.4142602	0.10046899	-0.33699584
0.7961606	0.8722628	-0.22540896
0.041912615	0.3848282	-0.3974035
0.23850876	0.9521203	0.64678603
0.6925028	0.559939	0.30244312
0.51552325	0.67735374	0.44447783
0.14149034	0.85614866	0.415868
0.18972874	0.035871744	-0.02704652
0.124635816	0.27809542	0.261707
0.35840696	0.9355692	0.70001227
0.7108006	0.8769017	0.6627666
0.677394	0.9992081	0.22370604
0.4693452	0.5511755	0.35932875
0.14112067	0.83999467	0.3740629
0.20055091	0.5206992	-0.21877274
0.865919	0.65604657	-0.18938361
0.80500656	0.6543405	-0.11870879
0.19228226	0.1337508	-0.16238439
0.33435267	0.3874768	0.12988867
0.37465715	0.7611751	0.4723464
0.25057352	0.26224327	0.21101424
0.05682659	0.60201377	-0.020766892
0.7627237	0.3585412	-0.20924507
0.19581407	0.6590956	0.14264287
0.071290314	0.3034417	0.48870772
0.7815512	0.07071781	-0.7909696
0.35731012	0.59723353	0.1393531
0.36008382	0.6811611	0.41583845
0.67247134	0.39000267	-0.16464654
0.4558341	0.70648247	0.476109
0.63725924	0.9493985	-0.7285674
0.3932963	0.32672268	-0.40934265
0.56844586	0.43662894	0.06354484
0.21723664	0.0010668039	0.54048455
0.99798876	0.6426459	-0.4533264
0.31863463	0.9402241	0.73206925
0.38738793	0.7422473	0.47616425
0.36849272	0.22371376	-0.109717295
0.41947716	0.41114986	-0.2485053
0.2149747	0.19727212	-0.0365159
0.72640884	0.03186643	-0.7680357
0.07765752	0.67038244	0.39954647
0.43153888	0.72892034	0.5175872
0.27520692	0.67160356	0.18553907
0.8546896	0.9640613	-0.17574579
0.28994548	0.8703742	0.7145001
0.2979449	0.45343184	0.13407262
0.9540574	0.5293924	-0.14128266
0.94724673	0.7954246	0.07948853
0.22151679	0.06284791	0.48747322
0.14661509	0.34394133	-0.007561611
0.47500795	0.24265748	-0.031852424
0.4451133	0.18191612	-0.35767636
0.65046173	0.022500992	-0.1320782
0.6647402	0.99812317	-0.17914201
0.08158088	0.42648113	0.47644946
0.06234145	0.62250596	0.095425494
0.4807471	0.5499053	0.4594109
0.406532	0.25574464	-0.48039535
0.5857768	0.8549081	-0.8095778
0.873144	0.21365547	0.12816747
0.5371372	0.88378114	-0.29819608
0.64057505	0.5304581	-0.21187635
0.32559437	0.57924765	0.13154802
0.4886546	0.55552125	0.5107733
0.5403038	0.114787996	0.014982782
0.29331124	0.065078974	1.2902834
0.0867008	0.8560561	0.24788225
0.85057807	0.6675251	-0.21409775
0.68693084	0.57629687	0.25559342
0.113609314	0.3241707	0.43176466
0.11499572	0.27250904	0.38728222
0.5651102	0.7818003	-0.33223072
0.84447974	0.084608376	0.09229559
0.118614495	0.08233422	0.4303904
0.24391586	0.59003127	-0.08105006
0.56692284	0.46451777	0.058024228
0.053126514	0.645433	-0.14513889
0.14907497	0.2158305	-0.032906692
0.8101983	0.06311166	-0.37960857
0.9676706	0.50069994	-0.22992447
0.02756375	0.48538083	-0.98327523
0.39863253	0.6212711	0.23344693
0.5279374	0.06961602	-0.03289493
0.91300124	0.18041545	0.37895197
0.50023776	0.9855713	-0.013268471
0.49697393	0.26741046	0.18807828
0.6916345	0.7186671	0.4410554
0.92318946	0.19882876	0.36311367
0.5330013	0.27794212	0.228479
0.7846814	0.07800704	-0.71738654
0.7418208	0.87311834	0.52510184
0.7961902	0.22776634	-0.46291608
0.41683334	0.7037141	0.40864477
0.9327448	0.06730902	0.6526298
0.5502657	0.19097888	-0.026644418
0.86999935	0.0038242936	0.77240247
0.32435262	0.6440097	0.1914632
0.21781552	0.9270405	0.58154124
0.87382424	0.18078542	0.17701003
0.89609826	0.5469427	-0.10179183
0.37482607	0.39558363	-0.22296906
0.68727076	0.69807154	0.30300257
0.58125865	0.35450053	-0.11916038
0.42298788	0.3923264	-0.3388259
0.7858883	0.07452738	-0.7493749
0.48695278	0.2893322	0.043541677
0.6457542	0.14662892	-0.37732533
0.7635146	0.48271435	-0.015027344
0.3544678	0.26390493	0.07028982
0.23537427	0.77961683	0.38693425
0.65767634	0.41424388	-0.27554572
0.40826577	0.8532833	0.59394747
0.59235865	0.4124053	-0.18694092
0.56299925	0.8006714	-0.29853892
0.5125647	0.1309424	0.045907628
0.03851831	0.54878455	-0.6772958
0.22576505	0.6073684	-0.09373502
0.97880477	0.0016588569	0.5548935
0.14463913	0.649278	0.4752218
0.6872802	0.8794589	0.5035008
0.5851297	0.12881726	-0.29402176
0.24586612	0.1922009	0.38366058
0.5463497	0.63503164	0.18525231
0.99960965	0.8714175	-0.40361017
0.36113125	0.7695361	0.5231267
0.0768981	0.4932593	0.35359946
0.7606196	0.51389325	0.08440807
0.661162	0.64155465	0.011325087
0.38667005	0.7236204	0.47488922
0.3168227	0.89206064	0.72441775
0.4894343	0.09196955	-0.0059629157
0.46648347	0.93505305	0.29537573
0.015155137	0.82229036	-0.45467705
0.26297015	0.5531494	-0.03596237
0.80020845	0.81550384	-0.17686331
0.68947583	0.16878146	-0.36478552
0.27687317	0.9714996	0.73711544
0.7659262	0.5898729	0.09755611
0.8803135	0.63574046	-0.13876395
0.3280664	0.54039955	0.0699761
0.37789637	0.15276676	-0.13563046
0.243402	0.79339355	0.49150267
0.92560714	0.50122774	-0.0864392
0.4515534	0.31606382	-0.20505746
0.7273706	0.12757158	-0.6125287
0.0006657243	0.59590715	-1.6902705
0.49621755	0.9614191	0.015061745
0.7355967	0.84394765	0.51680225
0.5184905	0.31886488	0.35146952
0.8896083	0.29316425	0.04207732
0.5075314	0.701952	0.4288471
0.99250466	0.9207648	-0.28716132
0.45562398	0.59618026	0.3554263
0.3986106	0.6324881	0.23773831
0.00036519766	0.90639675	0.05482229
0.47682863	0.9349882	0.22482349
0.02979225	0.09339851	1.0802288
0.7198581	0.37409347	-0.015419781
0.9788103	0.8146338	-0.23321182
0.07904965	0.8942238	0.21767342
0.68622	0.6779902	0.3416117
0.24220598	0.15812504	0.5141884
0.04519826	0.20048481	0.5776274
0.33645785	0.7214424	0.37113783
0.21129453	0.37238884	-0.3562723
0.3954807	0.022415638	-0.0022767186
0.7529382	0.52627605	0.16965836
0.15447778	0.042724133	-0.05864008
0.31583303	0.8746232	0.72075576
0.8813567	0.09459072	0.48762155
0.66810554	0.40234756	-0.1095069
0.24776101	0.6309612	0.03627277
0.08950746	0.21817774	0.6321813
0.7699841	0.6937714	0.138677
0.9291446	0.8349943	0.24802738
0.5677166	0.24647343	-0.08992937
0.9955955	0.30292964	0.08942056
0.34511358	0.02156359	0.81008554
0.8123563	0.21627253	-0.38494676
0.85428554	0.89370376	-0.18229195
0.6139757	0.82618535	-0.62150043
0.46189672	0.9941129	0.21580397
0.48666465	0.96243185	0.109478846
0.8559203	0.44692475	-0.19390555
0.35302222	0.8603642	0.65099114
0.8814614	0.4826727	-0.10849716
0.5714577	0.13578784	-0.2732813
0.8796036	0.23604721	0.11705643
0.28755975	0.1631841	0.8740737
0.561361	0.85195476	-0.5161194
0.18219882	0.5064911	-0.20633909
0.85260755	0.050091445	0.34461752
0.31560707	0.17827111	0.82400155
0.1256448	0.36896032	0.2955254
0.12661374	0.25761592	0.24486485
0.803767	0.8229178	-0.18442544
0.8555579	0.47290635	-0.21404982
0.9483237	0.09883022	0.54131615
0.2646895	0.122722924	0.89765006
0.20575708	0.113669395	0.021285886
0.7642488	0.6118889	0.09312855
0.87870556	0.13462108	0.35168773
0.5666902	0.2869103	-0.07735451
0.31222236	0.78084385	0.4974733
0.40608186	0.52882826	0.017422952
0.8621882	0.6661446	-0.12227748
0.19522107	0.039790154	0.11881487
0.35377926	0.41857898	-0.033262774
0.6617378	0.10755122	-0.34199148
0.87502426	0.8955226	0.059261203
0.30353677	0.77879405	0.54989225
0.099342346	0.70733804	0.5496332
0.9733877	0.12187672	0.42790917
0.6045316	0.8082519	-0.5861836
0.958278	0.1502887	0.43306738
0.16203523	0.69882154	0.39397144
0.9121964	0.81079024	0.23083706
0.40098238	0.9173523	0.60160846
0.7958749	0.7611339	-0.14987391
0.54704785	0.50048375	0.33555982
0.63588285	0.60615575	-0.22502059
0.9623598	0.7601928	-0.11632615
0.022519052	0.90328676	0.022785239
0.7502707	0.8792279	0.41788882
0.28807145	0.73676115	0.34214073
0.36291218	0.53470653	0.006064063
0.42856103	0.9998605	0.38833922
0.5502237	0.88174003	-0.37476808
0.32660472	0.24916375	0.4865453
0.06363499	0.7874689	0.15904869
0.011246264	0.34639502	-1.1169978
0.42443556	0.9662327	0.46470213
0.8302223	0.45845234	-0.2098154
0.7594531	0.19807005	-0.62696207
0.012197137	0.09564942	0.8519816
0.7386447	0.6224289	0.3668117
0.34609294	0.83424747	0.6720416
0.6295521	0.5786824	-0.28262547
0.67292273	0.94014794	0.13286021
0.52999485	0.51752084	0.60815066
0.71992415	0.39167053	0.029630132
0.29514873	0.8737909	0.693554
0.5620658	0.5763149	0.11493817
0.16117585	0.7461575	0.3704208
0.79103434	0.09086579	-0.6633056
0.601543	0.6115409	-0.26876554
0.54702127	0.08358669	-0.123358145
0.9292547	0.08887023	0.6285932
0.18509454	0.21022934	-0.2532496
0.84564507	0.18615186	-0.049798883
0.6868664	0.43342328	0.07906778
0.4106117	0.81980354	0.55824614
0.41192806	0.75564986	0.5071752
0.7796637	0.76060945	0.050187718
0.6996949	0.18572623	-0.4066511
0.8960504	0.13213468	0.5094178
0.99030334	0.62213814	-0.43544477
0.20655322	0.21966177	-0.20175819
0.5043242	0.6600565	0.4674478
0.20036417	0.34794545	-0.408242
0.24482924	0.66041744	0.091574736
0.034437418	0.6469027	-0.62620395
0.22291535	0.7034192	0.24477614
0.43172836	0.028978169	-0.19803709
0.8097776	0.9870087	-0.39640957
0.04457307	0.75225115	-0.20882608
0.6943886	0.8920328	0.52298254
0.13705373	0.075703025	0.15372518
0.2557094	0.13816851	0.6789606
0.2252059	0.53809696	-0.21962608
0.35996175	0.9630429	0.64166486
0.2273174	0.79933965	0.380498
0.047634542	0.32623553	0.0037198681
0.5898393	0.6481149	-0.22555946
0.35648352	0.35114247	-0.058936197
0.5229401	0.9845015	-0.31917265
0.6820134	0.35364664	-0.14980304
0.22368479	0.6140346	-0.06661863
0.96054894	0.5243316	-0.17538787
0.65959454	0.0150440335	-0.21105988
0.6100949	0.9888824	-1.0874653
0.34582418	0.40890694	-0.026674412
0.11631554	0.60120404	0.6470781
0.13234699	0.690914	0.55543804
0.6102717	0.39622724	-0.3137494
0.19211811	0.44829464	-0.3025645
0.052212894	0.797354	-0.02833733
0.7846703	0.76918805	-0.04342578
0.9498002	0.29116005	0.21837924
0.27156228	0.4341634	-0.01858319
0.90328586	0.45104873	-0.061139226
0.7939056	0.7574959	-0.09152043
0.93843293	0.3052613	0.18436491
0.8102144	0.43891925	-0.20957759
0.061092198	0.4284594	0.08025399
0.81112605	0.91128343	-0.34032536
0.38355505	0.015861213	0.12833552
0.59130937	0.9637366	-1.0994296
0.71763	0.8124145	0.58961296
0.8165521	0.5590042	-0.21890949
0.9967344	0.98668236	-0.2966407
0.85028464	0.8921246	-0.16364162
0.07904196	0.03311485	1.2948679
0.039699554	0.8494428	-0.12294026
0.87638164	0.46012163	-0.13892129
0.6230229	0.5678698	-0.3244685
0.7237234	0.25540125	-0.28993756
0.09146273	0.74049014	0.5159891
0.4828791	0.68893135	0.47521484
0.6323236	0.91741055	-0.6695856
0.3051265	0.64368975	0.19178301
0.6425704	0.16882735	-0.40975982
0.051187336	0.83607167	-0.033918727
0.8058551	0.5073512	-0.17216104
0.42833513	0.017318249	-0.20199296
0.28151417	0.46703523	0.028381895
0.6130249	0.72124934	-0.43519694
0.24403381	0.8094801	0.50722015
0.37230718	0.25890225	-0.14047763
0.91014886	0.5087148	-0.08403397
0.44261938	0.3435092	-0.19762486
0.1455136	0.06964332	0.0065537714
0.9657299	0.95701534	-0.04560547
0.66082716	0.97923476	-0.18119952
0.5917621	0.41650182	-0.23233658
0.6873517	0.6963729	0.45312315
0.70703095	0.50642955	0.25207147
0.55388606	0.38829297	0.21752132
0.86645114	0.42453277	-0.15860164
0.298414	0.13744408	1.0060767
0.9921441	0.55300623	-0.40014198
0.9178569	0.19799149	0.38043374
0.5524051	0.7994281	-0.31469268
0.55020434	0.7901765	-0.16770846
0.5394426	0.2617771	0.1518613
0.4545797	0.6895297	0.47391367
0.7995646	0.73574764	-0.1608566
0.2837106	0.09452444	1.1516393
0.9996956	0.40814465	-0.19029957
0.9684719	0.14513952	0.46764955
0.69922566	0.7561463	0.5207275
0.17740619	0.39173877	-0.25329778
0.0029898882	0.60058063	-1.7368081
0.90683746	0.45220107	-0.10706306
0.18419033	0.47814065	-0.2335895
0.505237	0.5578806	0.5345127
0.8387698	0.17176998	-0.15775906
0.79484254	0.07432842	-0.6519367
0.6828016	0.15261441	-0.4210272
0.22228688	0.8776402	0.5559208
0.88747466	0.96697813	0.1974707
0.74567944	0.6177713	0.28985566
0.67259955	0.81847644	0.22856666
0.42473936	0.49133825	-0.101331994
0.06805223	0.36597204	0.3159657
0.50874513	0.52379835	0.48446506
0.5018898	0.7361651	0.4504821
0.114290595	0.2874208	0.38112053
0.10617447	0.50917107	0.6306723
0.8792599	0.18464565	0.18618587
0.52789783	0.95674133	-0.3165176
0.60279983	0.516685	-0.2639159
0.41611487	0.023643196	-0.19758934
0.6730297	0.7540269	0.23102029
0.80643916	0.66384697	-0.16726741
0.30724263	0.9978394	0.724073
0.25545204	0.61461943	-0.012169898
0.47990984	0.6376901	0.5623104
0.6566918	0.830526	-0.11138293
0.9021278	0.052827716	0.75976205
0.916311	0.17564142	0.45938152
0.71872884	0.39974475	0.051799335
0.538372	0.67437357	0.34274817
0.32448018	0.95656794	0.6775966
0.54753566	0.93508613	-0.5875108
0.5862453	0.87685686	-0.8401189
0.6818172	0.2544114	-0.32937047
0.6539243	0.014759839	-0.1369588
0.6056294	0.24923396	-0.3868379
0.41950083	0.90773475	0.50187206
0.06039965	0.46397984	0.041496444
0.36204118	0.14848238	0.14608893
0.29967898	0.98207825	0.6695479
0.12620991	0.5579106	0.5393355
0.7886799	0.42596132	-0.146042
0.54402876	0.97329134	-0.59102714
0.42564183	0.23151022	-0.4989525
0.9844034	0.26401323	0.23374291
0.12733972	0.25896597	0.22898017
0.66877395	0.21529037	-0.34652275
0.72337997	0.17783654	-0.5215925
0.68931836	0.60105026	0.3057585
0.68443924	0.12613791	-0.38636786
0.86611456	0.9995605	-0.19293126
0.02880466	0.70256376	-0.70007104
0.53322643	0.34154856	0.35483775
0.36837137	0.21770346	-0.043972507
0.9644454	0.45723885	-0.101331174
0.5145379	0.21685791	0.18663928
0.8000737	0.96847284	-0.404136
0.17497724	0.8337269	0.41947624
0.2840104	0.76154685	0.44089234
0.08792716	0.08078098	0.93365335
0.6477887	0.79903	-0.2241428
0.47620952	0.8547797	0.36092836
0.08407086	0.0896281	0.99439937
0.6336513	0.7353736	-0.32625824
0.8525215	0.85295683	-0.15102917
0.92048216	0.1664201	0.4402495
0.58346504	0.5744646	-0.12675536
0.40032935	0.6466601	0.25369766
0.98208916	0.012221396	0.5033775
0.9897934	0.12757272	0.44523248
0.35552484	0.32528365	-0.058022067
0.72693455	0.29286188	-0.25671324
0.8656604	0.75207764	-0.0813683
0.34845668	0.9663873	0.6617736
0.23814166	0.9228154	0.63591343
0.8926485	0.8167832	0.10207423
0.67059124	0.7108232	0.15404864
0.6580926	0.33264846	-0.3100996
0.4827804	0.6108274	0.529039
0.09914541	0.21999508	0.5917494
0.07025796	0.6053244	0.258143
0.3715703	0.9102003	0.59576136
0.1550417	0.7781781	0.3965258
0.2606727	0.4670735	-0.07030425
0.013354242	0.6210953	-1.3935112
0.4075359	0.06894928	-0.2771905
0.67653626	0.3831311	-0.10829146
0.33059174	0.15646106	0.71368587
0.07133722	0.46908873	0.3168814
0.68809354	0.672658	0.35349128
0.58801144	0.24005908	-0.35784143
0.40662557	0.89792603	0.6031254
0.002024591	0.71933025	-1.1737027
0.64997965	0.02286321	-0.067985974
0.8144027	0.15985656	-0.39964607
0.8695226	0.3173365	-0.00800883
0.3258975	0.48913258	0.03260919
0.16508263	0.9379622	0.29287612
0.99937546	0.18861592	0.29173148
0.4391119	0.522062	0.15464157
0.841302	0.4564739	-0.28808615
0.004013896	0.6284595	-1.56563
0.9997959	0.42826456	-0.22962455
0.6194488	0.38655102	-0.40759832
0.38305122	0.7219763	0.43399486
0.5762849	0.69821405	-0.26948974
0.47847468	0.32827395	0.120532565
0.010587096	0.42144948	-1.4544578
0.71656674	0.8455892	0.5890481
0.46739316	0.5003601	0.33509794
0.2969892	0.79706174	0.5532725
0.9329251	0.734474	0.06324361
0.24064708	0.9620749	0.6866609
0.13201767	0.9454473	0.13724656
0.03861338	0.27816838	-0.046439037
0.71801955	0.5924991	0.31539667
0.6597201	0.45700663	-0.06579806
0.17046243	0.92366016	0.3298826
0.4567666	0.4554245	0.09238329
0.25968808	0.6981708	0.24724749
0.21155453	0.62290144	0.011370741
0.43081278	0.72745806	0.5040857
0.858747	0.8154867	-0.12713276
0.15133876	0.114587426	-0.06770646
0.64914334	0.313896	-0.38019413
0.71765053	0.9141329	0.6538289
0.07794589	0.22498572	0.60901386
0.08766425	0.6266579	0.55154365
0.32756984	0.077201426	1.0089489
0.72756726	0.9915046	0.6353282
0.6697963	0.90679246	0.05177949
0.3143322	0.4080341	0.13576454
0.40358055	0.742785	0.41542038
0.7936684	0.7323809	-0.07942219
0.8908889	0.87068546	0.20671068
0.04571694	0.6438798	-0.38577995
0.23562872	0.55137444	-0.11564216
0.42563933	0.20958644	-0.47335005
0.8972682	0.3466133	-0.026650816
0.48227102	0.5811563	0.5030272
0.35832405	0.5606668	0.097555265
0.47277606	0.031900227	-0.034685027
0.66574097	0.60254	0.06799649
0.7841614	0.042592406	-0.72569466
0.29005015	0.5313319	0.020742679
0.55688816	0.78256786	-0.2289356
0.3800583	0.68666506	0.3369813
0.14208388	0.61568755	0.4385498
0.9869716	0.9809935	-0.2914772
0.14435434	0.31113482	-0.024740405
0.23167717	0.63628674	0.052911047
0.8575611	0.4776042	-0.20194188
0.6260382	0.29932386	-0.46230292
0.40392	0.3291641	-0.39854446
0.9668557	0.04217583	0.5309519
0.6121847	0.34084702	-0.41224474
0.28638643	0.5026419	0.06198964
0.018249273	0.6792309	-1.0401925
0.31704062	0.40933102	0.16685168
0.39216012	0.13135785	-0.24254657
0.18273628	0.00683707	0.026296053
0.4907701	0.90724707	0.21974301
0.5285566	0.2533301	0.23263983
0.39896655	0.9620501	0.5454179
0.3254121	0.20373988	0.61581165
0.7546554	0.3716417	-0.13636188
0.7372834	0.43936563	0.08215123
0.82163537	0.50215155	-0.19020522
0.5444578	0.2217632	0.050792955
0.5106162	0.505511	0.5801337
0.6879087	0.35183036	-0.1353652
0.520934	0.25874925	0.20628054
0.27026677	0.42687857	-0.012608882
0.5339381	0.3281628	0.34139624
0.3077805	0.7176115	0.37886342
0.7039768	0.09884316	-0.51175535
0.030664504	0.43665195	-0.8159851
0.5369191	0.9332682	-0.35521334
0.23906237	0.77487475	0.45216984
0.8901982	0.43388003	-0.08270085
0.66800123	0.38925707	-0.15149139
0.87815803	0.30328268	-0.017749228
0.5455312	0.7282547	0.04448864
0.8758268	0.1757378	0.22693197
0.7154327	0.009410977	-0.6561201
0.6052476	0.27807683	-0.3811068
0.24218404	0.4980926	-0.27654222
0.10587484	0.6473183	0.7085206
0.5571381	0.03885162	-0.14878267
0.6520286	0.21646625	-0.38013828
0.6893452	0.91335994	0.4459659
0.5564245	0.38568866	0.16469848
0.28181106	0.86507696	0.6496198
0.5596344	0.9255801	-0.7301617
0.99114615	0.20645869	0.25815687
0.38735348	0.27705586	-0.2889571
0.3802877	0.6126066	0.24870875
0.3102427	0.37546182	0.23365618
0.06966448	0.7946116	0.26939407
0.7936583	0.07749885	-0.6592247
0.31063217	0.47762918	0.12240298
0.92920464	0.2972148	0.17512308
0.7981303	0.3752302	-0.29070055
0.19808203	0.34096557	-0.37266377
0.6418933	0.095253706	-0.30112764
0.27145326	0.75303507	0.37255967
0.37985653	0.78196394	0.53192323
0.44777834	0.3943529	-0.08335187
0.5540558	0.24895465	-0.001671575
0.3057593	0.3661766	0.19425282
0.24128729	0.33506298	-0.11760187
0.5968143	0.84698284	-0.75427413
0.27989382	0.55116034	0.020488571
0.8251582	0.35664296	-0.2606824
0.5542496	0.31298065	0.14654258
0.5111829	0.13488114	0.039677616
0.6624616	0.7287766	0.056992
0.17056584	0.034306765	-0.059051514
0.0062657	0.88397574	-0.17587116
0.9248767	0.6931464	0.033897046
0.09658575	0.1454714	0.7798283
0.20382214	0.7394598	0.18926552
0.016487122	0.021897137	1.5625448
0.9682885	0.41385162	-0.07487229
0.27385473	0.46113902	-0.025178872
0.8249782	0.6337272	-0.26390907
0.012381554	0.49205714	-1.4692324
0.20570755	0.5428442	-0.16484109
0.02488345	0.95266384	0.2434761
0.984608	0.781817	-0.2871517
0.7884848	0.1568541	-0.58509135
0.67758346	0.7172578	0.30919442
0.49882066	0.6756288	0.46562943
0.35205	0.80161595	0.56023663
0.84933025	0.222031	-0.10250736
0.6180461	0.99005216	-1.0408636
0.11201513	0.7130861	0.5612785
0.9109275	0.2578197	0.20018551
0.3327117	0.3595419	0.14511137
0.40521932	0.49347937	-0.13128094
0.4976163	0.55020374	0.5822061
0.1155293	0.51222676	0.63308305
0.48338223	0.8227525	0.39188078
0.64689964	0.21497774	-0.47666994
0.22281474	0.6637939	0.07465732
0.4026689	0.6353481	0.22104031
0.80673647	0.52712363	-0.15191276
0.32647502	0.29827946	0.26141542
0.41246104	0.9383149	0.5028799
0.41251135	0.6937864	0.4092021
0.4263633	0.8412525	0.5132322
0.7501179	0.15619063	-0.6378287
0.6834251	0.40324658	-0.04108512
0.3166985	0.6372668	0.26751602
0.09567106	0.8903954	0.20834231
0.6820005	0.7682681	0.3131107
0.70274603	0.9608245	0.5384466
0.72331053	0.041586816	-0.71687883
0.8085599	0.5459777	-0.14899078
0.5855112	0.5149814	-0.09846258
0.44170612	0.8516931	0.5488463
0.622177	0.031123698	-0.20922597
0.077886105	0.9861565	0.059223853
0.017121613	0.06381333	1.1540743
0.9265643	0.22388697	0.32342756
0.6309323	0.8608289	-0.5265908
0.23048109	0.33594245	-0.2097602
0.69229716	0.2934423	-0.17858751
0.7950851	0.23199338	-0.50696874
0.54474753	0.77134407	-0.08891194
0.7205961	0.5480171	0.350051
0.15082622	0.5783579	0.3416223
0.2667647	0.19265485	0.7030403
0.015825748	0.4640649	-1.3261796
0.053880572	0.38271505	-0.07856013
0.20847815	0.8914205	0.49466148
0.2470755	0.79815835	0.5248392
0.46278542	0.8175804	0.45980763
0.37291515	0.13072646	0.049699616
0.26920694	0.025117338	1.3627248
0.51820934	0.068716824	0.007916854
0.12080151	0.69922465	0.6000864
0.35564536	0.5109895	0.012091156
0.052098513	0.837596	0.035773672
0.015189707	0.85026324	-0.31238276
0.96202993	0.01858008	0.53038645
0.55599076	0.66956776	0.083045445
0.5447264	0.34549373	0.28155184
0.56686604	0.07954764	-0.18541376
0.07641202	0.5662342	0.3868525
0.91752744	0.51495725	-0.124115124
0.65046096	0.68775856	-0.062521204
0.4845705	0.23882282	0.037617665
0.01877898	0.6915607	-0.9520676
0.9564947	0.37533885	0.026072422
0.90769345	0.418966	-0.06406662
0.81069195	0.20008981	-0.3944983
0.69584006	0.9151903	0.4637445
0.67972946	0.18235666	-0.35263628
0.8740761	0.89400434	0.015024114
0.19429034	0.58806187	-0.02549638
0.9514543	0.5571682	-0.16219617
0.48038924	0.58716923	0.5131761
0.8083006	0.843616	-0.22467987
0.1720863	0.08367032	-0.20750359
0.87747306	0.84358233	0.06034474
0.50927514	0.237347	0.21349655
0.9332014	0.8036838	0.17375204
0.7455899	0.04971397	-0.8670162
0.33077145	0.44100136	0.069306895
0.36598074	0.18284374	0.010313176
0.043124616	0.016116679	1.6424851
0.20344228	0.05093956	0.13418072
0.80112934	0.4906078	-0.14782253
0.13510555	0.3002342	0.12302345
0.8937209	0.4426306	-0.078532755
0.9243726	0.34145445	0.14449032
0.4840386	0.05723369	-0.012813501
0.5021856	0.83391774	0.23975728
0.64960855	0.3704754	-0.33535457
0.55609185	0.95281893	-0.7062292
0.5948908	0.76557684	-0.46491134
0.7811533	0.6541195	0.0343062
0.5405685	0.13972431	-0.01941742
0.27230972	0.050284028	1.2295924
0.95470446	0.86977196	0.08972579
0.86600405	0.00871557	0.718538
0.7175361	0.35240662	-0.1022788
0.110815465	0.7599413	0.56905717
0.87534267	0.96544	0.00069889985
0.2989413	0.76988477	0.50348365
0.3120246	0.660862	0.26258305
0.13725525	0.91109174	0.2888177
0.6959347	0.27636504	-0.18651572
0.49445385	0.33635223	0.2798146
0.28602237	0.668389	0.24009475
0.7746504	0.2866063	-0.42830372
0.9792841	0.7082417	-0.300881
0.7809023	0.269746	-0.48445854
0.02579856	0.9422148	0.19625427
0.42235386	0.34049737	-0.47413307
0.7648629	0.37837416	-0.15841977
0.99584645	0.4870965	-0.33092672
0.0023975968	0.06617105	1.0319836
0.46860772	0.35066724	0.011593524
0.27771258	0.5122008	-0.041756578
0.5239457	0.16547334	0.09274613
0.5112442	0.697883	0.4130909
0.85820603	0.12490517	0.1835353
0.06686467	0.01656717	1.5250933
0.16399449	0.37891966	-0.18249142
0.5666927	0.65885633	-0.08137268
0.6839714	0.32848114	-0.18056169
0.06117803	0.48063165	0.102177836
0.31188667	0.31608033	0.29585376
0.781589	0.78263307	0.034932252
0.5082242	0.31533462	0.30939472
0.7436665	0.55428654	0.21606284
0.11676061	0.67996716	0.6281835
0.68761754	0.43646258	0.033752102
0.47697306	0.4209895	0.24023904
0.7418892	0.20623386	-0.53223956
0.7005419	0.091590405	-0.48608515
0.9786709	0.10188925	0.43062228
0.062083364	0.83370394	0.14679004
0.95749825	0.81868935	-0.036528327
0.69317746	0.019669235	-0.44062722
0.14193183	0.72667545	0.5535471
0.3740391	0.079426944	0.13504857
0.16977173	0.4441647	-0.14801066
0.61693025	0.15757686	-0.4293491
0.63351476	0.9910586	-0.8231146
0.49135083	0.23712653	0.09585155
0.58454895	0.6275275	-0.15429497
0.09593552	0.9159762	0.15743658
0.47442442	0.6867981	0.509064
0.9512234	0.5780745	-0.15802242
0.68982834	0.45211786	0.038121406
0.9016916	0.10794228	0.568474
0.06085646	0.36583614	0.18263571
0.93034244	0.9109963	0.2692562
0.122201264	0.0016801953	0.42911252
0.9155784	0.8957299	0.28582293
0.4328305	0.66746265	0.35580772
0.34472275	0.49092877	0.008576186
0.81468534	0.4082294	-0.23336549
0.5820003	0.7523614	-0.40003708
0.07945138	0.45777667	0.49788186
0.80450296	0.8934227	-0.28903452
0.63380295	0.69847894	-0.2500018
0.6250117	0.19692492	-0.4284779
0.21887791	0.35234463	-0.28041893
0.83230406	0.46034884	-0.2924995
0.9810379	0.630716	-0.36648098
0.11368567	0.83575594	0.39934045
0.22720659	0.047414303	0.5295984
0.28013152	0.5070734	-0.063193195
0.938683	0.76923615	0.10190728
0.8253086	0.9326044	-0.34005374
0.8533284	0.61797494	-0.20653273
0.52534235	0.52640146	0.51264876
0.2580335	0.08123094	0.9921954
0.025197446	0.9944785	0.4080875
0.2172389	0.5478851	-0.2869828
0.7727046	0.41282195	-0.14176308
0.5608646	0.4886257	0.21976243
0.9841412	0.01261735	0.5349973
0.28861523	0.8007446	0.5199302
0.9934569	0.48165637	-0.36760283
0.78843695	0.06803721	-0.65718013
0.2500704	0.30897254	-0.0062427744
0.99574	0.9737824	-0.322509
0.50084287	0.045342386	0.04085273
0.07334405	0.71459985	0.291888
0.19243824	0.724857	0.25760767
0.75596887	0.26191825	-0.39609677
0.16778469	0.7018696	0.28586686
0.7274728	0.31364065	-0.17777523
0.258344	0.09886068	0.8883011
0.64312106	0.503469	-0.18553554
0.65498155	0.9714585	-0.3479478
0.5776626	0.9831522	-1.0975486
0.20354354	0.5757047	-0.15138781
0.8025737	0.012008429	-0.48448196
0.2471208	0.6412414	0.08057233
0.021311522	0.29320073	-0.55900115
0.45730937	0.6543262	0.5450601
0.6190043	0.75562036	-0.50172806
0.11090684	0.17784959	0.46338412
0.6633091	0.43079925	-0.08361635
0.20354843	0.51198757	-0.23428547
0.19834983	0.13830966	-0.10157132
0.3656034	0.6881871	0.33323738
0.83198303	0.051757276	-0.0021124817
0.0063157678	0.8176291	-0.5205311
0.9387642	0.8076971	0.15086806
0.1041404	0.0802418	0.6774192
0.060588896	0.652848	0.014922749
0.19243187	0.024511814	0.09167939
0.8133667	0.63139164	-0.19113621
0.6204256	0.14771539	-0.35273135
0.22315425	0.51115364	-0.20390062
0.31981444	0.5049008	0.09766099
0.6805266	0.19547838	-0.33393335
0.949982	0.62548965	-0.15334208
0.14994359	0.92025614	0.28904372
0.6487689	0.6109243	-0.06736483
0.88331693	0.8508012	0.11945106
0.8950182	0.3019079	0.063118935
0.11615336	0.8441372	0.4412465
0.94270885	0.7086095	-0.033574987
0.41393924	0.06468105	-0.22398083
0.49170315	0.5433863	0.5015981
0.21822035	0.3247428	-0.28792804
0.82362014	0.48961776	-0.24935994
0.49624282	0.8596133	0.2548357
0.62631387	0.7426096	-0.38994303
0.47758597	0.49513304	0.4339912
0.94468915	0.8763494	0.1297342
0.7782424	0.59980637	0.008077793
0.10082191	0.15355241	0.6020595
0.4863568	0.3081926	0.103389025
0.40276062	0.16268432	-0.41603348
0.98929095	0.60829675	-0.3811348
0.17198974	0.12533432	-0.22898602
0.74316245	0.16537827	-0.6158434
0.111477435	0.32239962	0.44332945
0.47671592	0.49837762	0.3123535
0.17295933	0.8777605	0.34444293
0.97619957	0.8985791	-0.12986442
0.90387875	0.83716136	0.16781251
0.2523738	0.13245457	0.71845603
0.4795537	0.38771868	0.24133483
0.2874295	0.567674	0.10255589
0.69024616	0.2041074	-0.3389112
0.6462035	0.12863177	-0.32095072
0.59141684	0.6881396	-0.35536775
0.94773	0.35548902	0.14643121
0.8315941	0.9082464	-0.35090503
0.6389339	0.8825375	-0.5609714
0.7984067	0.18578154	-0.44718206
0.010267973	0.005718887	1.6279181
0.06449646	0.7154064	0.14253673
0.46887147	0.6498065	0.48578647
0.028445184	0.86041814	-0.14807136
0.7061482	0.7343641	0.6059812
0.1632495	0.67772055	0.3766914
0.9343958	0.6682896	-0.14355052
0.17719698	0.8422126	0.43032637
0.7761947	0.10235053	-0.71728164
0.4170236	0.69439703	0.42538762
0.897005	0.9872442	0.17914099
0.83467674	0.544205	-0.27270705
0.7573223	0.09755653	-0.84882396
0.694156	0.031457603	-0.40709764
0.61369777	0.026790142	-0.17840925
0.077769935	0.15952063	0.86263645
0.80956465	0.92428833	-0.33459425
0.78062755	0.19170076	-0.6193154
0.8249655	0.75900227	-0.27283257
0.377765	0.33103633	-0.27038297
0.33253044	0.71997046	0.46741027
0.924394	0.3032151	0.16012716
0.82325834	0.96455497	-0.41481557
0.97196877	0.31943226	0.08766918
0.47592294	0.76806414	0.48883644
0.68530893	0.4883197	0.05417517
0.48289663	0.55525804	0.46037522
0.38482475	0.77999926	0.46479714
0.23200196	0.31921154	-0.1290915
0.47736943	0.46704334	0.27822208
0.06789619	0.87443614	0.14845192
0.018312931	0.012942553	1.6537511
0.80097795	0.6894651	-0.14638317
0.9063879	0.3217944	0.05474593
0.12969828	0.5045174	0.46619782
0.051587403	0.952964	0.07218224
0.7812102	0.24114037	-0.5067841
0.7265565	0.86672044	0.6622167
0.78434867	0.60600144	-0.05906456
0.16654527	0.7824506	0.46898067
0.51050234	0.71233827	0.38840285
0.79129475	0.7221741	-0.08867767
0.95837104	0.083256125	0.5382996
0.2581942	0.10925788	0.84177375
0.058193326	0.21682018	0.59795725
0.67525554	0.5160141	0.026195183
0.44410658	0.7387709	0.46592936
0.36069012	0.17394066	0.14902052
0.19693208	0.21732795	-0.25812334
0.35132992	0.5449989	0.07191305
0.33653224	0.24577022	0.33092743
0.0568676	0.20353544	0.6502487
0.14797884	0.06283158	0.020423993
0.45646554	0.92752	0.39215404
0.25815254	0.07362425	1.0590862
0.56442773	0.6898956	-0.08743796
0.22641122	0.61338365	-0.026460018
0.81004924	0.015112042	-0.284942
0.5052602	0.50629896	0.4811983
0.72667253	0.6489316	0.42643487
0.39430207	0.6568801	0.27671868
0.5806702	0.53959197	-0.07468541
0.7128839	0.6498619	0.47243297
0.88630265	0.07515317	0.60350484
0.7311086	0.36976284	-0.09159494
0.03752774	0.45323032	-0.6556826
0.8977502	0.21059632	0.26782894
0.6278123	0.5196756	-0.33672616
0.81333584	0.16139936	-0.4382366
0.3198104	0.6356881	0.17212999
0.5020727	0.89237976	0.15758014
0.42406613	0.70859647	0.42929274
0.72828966	0.25008333	-0.43689847
0.9931619	0.16209799	0.3898258
0.59238964	0.39133304	-0.2657311
0.42411536	0.40886903	-0.2588373
0.8422974	0.82225895	-0.24303433
0.59083	0.42902964	-0.16575691
0.7741474	0.31055695	-0.40401328
0.30021846	0.6300406	0.25456798
0.19062465	0.20035988	-0.24350284
0.31131774	0.05365342	1.2580271
0.42453045	0.2411027	-0.4190784
0.9345651	0.7286954	0.090624616
0.66168207	0.35839814	-0.33983666
0.78800267	0.8419521	-0.10741298
0.0054249763	0.28141212	-0.83257914
0.650655	0.42648023	-0.25981614
0.2727303	0.21324408	0.63527817
0.9065703	0.18821251	0.40611896
0.39399314	0.03501582	-0.028488718
0.59948045	0.62909466	-0.29667726
0.6797576	0.12268782	-0.37529472
0.55545825	0.7977265	-0.26817876
0.66289353	0.91310716	-0.008875303
0.42347598	0.97334975	0.5050539
0.6904852	0.2117449	-0.28879985
0.25002968	0.6266124	0.012040002
0.95433664	0.8797258	0.122745454
0.42105848	0.6416135	0.23904967
0.41522735	0.58787864	0.1410678
0.44768637	0.8892109	0.44577852
0.84036964	0.8414424	-0.25579432
0.82226706	0.31504834	-0.2876007
0.55912	0.9551456	-0.76327944
0.7536813	0.5774104	0.150047
0.21558863	0.61303085	-0.055863276
0.83485454	0.27018183	-0.20691991
0.53702796	0.69004565	0.26820597
0.8716235	0.2110939	0.12628001
0.09651983	0.7738881	0.46977076
0.9592025	0.31966394	0.14017828
0.96346384	0.3405103	0.11301114
0.860443	0.39362282	-0.14601618
0.97329277	0.66713214	-0.26715952
0.79236275	0.5928453	-0.058583423
0.3822263	0.71741956	0.38543424
0.6732631	0.042395473	-0.2329177
0.20420521	0.57156307	-0.17815444
0.57506245	0.34691054	-0.06695926
0.89005196	0.71320057	0.038775574
0.2232939	0.020720541	0.58588046
0.7392618	0.1343891	-0.6744393
0.5890518	0.16289264	-0.3511892
0.83557814	0.81084174	-0.21835524
0.13376004	0.27941418	0.17070463
0.7214445	0.38466412	-0.005440289
0.47792834	0.57543087	0.44366392
0.023428977	0.6747914	-0.9299204
0.9739412	0.9473104	-0.17758314
0.067726076	0.514382	0.14563102
0.7604116	0.49875283	0.05058067
0.025485575	0.38670725	-0.878182
0.14563507	0.5457013	0.33597234
0.25358224	0.5191787	-0.13838182
0.17349899	0.85484457	0.3612238
0.88428766	0.41476834	-0.07024804
0.25951153	0.2599755	0.27365044
0.9769716	0.31488538	0.09404564
0.47708523	0.87851197	0.39984637
0.92299706	0.42471242	-0.046009265
0.5432889	0.70502347	0.10327326
0.2593217	0.12996429	0.70604354
0.0665521	0.19663936	0.7747612
0.124794364	0.2539839	0.25257748
0.50078857	0.6964658	0.5092228
0.08449894	0.22454572	0.6668124
0.18641162	0.40185046	-0.34702402
0.04433447	0.3532914	-0.19855769
0.9519091	0.43052936	-0.065550655
0.68157357	0.15183502	-0.40687525
0.06615591	0.060965538	1.2915763
0.8333668	0.721454	-0.21408704
0.6397391	0.88117933	-0.4941428
0.109668136	0.7237561	0.6166196
0.682855	0.4997288	0.08931466
0.6593501	0.8213583	-0.05588699
0.7876997	0.71853507	-0.046351478
0.13954926	0.08228463	0.09644507
0.7442988	0.63490355	0.30042523
0.05452609	0.3294648	0.1438067
0.68594766	0.3518039	-0.13294095
0.012977004	0.31192577	-0.83685476
0.96709824	0.83216757	-0.09909041
0.6752137	0.50804746	0.10006559
0.8389307	0.6854722	-0.21190234
0.8431603	0.5181536	-0.27573752
0.22069561	0.27885586	-0.20828553
0.3587349	0.1982382	0.12622182
0.27278578	0.665459	0.17428397
0.8123666	0.26142818	-0.35580128
0.96932584	0.09368169	0.49872908
0.5842947	0.9766462	-1.0832763
0.7310528	0.7625472	0.48798496
0.9828643	0.13852644	0.37044048
0.43184727	0.0026929379	-0.14608058
0.220774	0.94787073	0.58605874
0.07549113	0.0893029	1.0961041
0.2659362	0.21984756	0.54240185
0.09127909	0.01673758	1.0818762
0.9484011	0.6946851	-0.028501758
0.024892986	0.3153032	-0.51594234
0.30539817	0.28741276	0.45028874
0.92634857	0.9158365	0.34085542
0.06418687	0.32905346	0.33339703
0.018225253	0.8089131	-0.4642755
0.361993	0.4107182	-0.059635278
0.57306755	0.39595294	-0.013904396
0.92407846	0.47745264	-0.06821946
0.40927476	0.64090276	0.2510479
0.2951733	0.39547944	0.11581026
0.553116	0.71900356	-0.043773923
0.23360711	0.35613573	-0.2336162
0.67822707	0.6423875	0.21659812
0.16631603	0.92997295	0.3228324
0.6584481	0.40358102	-0.21364751
0.7821693	0.67123246	-0.026189111
0.25872153	0.21858257	0.44868225
0.505455	0.46706802	0.5123875
0.6973437	0.42421544	0.06645511
0.067664266	0.17926747	0.79461867
0.67124605	0.9369446	0.0737116
0.7049174	0.9531981	0.64319277
0.5891607	0.58261025	-0.2028026
0.39228773	0.022365391	-0.030527126
0.38416678	0.93914944	0.5786384
0.13609707	0.9653088	0.112038255
0.55090123	0.07073009	-0.10600728
0.65655357	0.48810744	-0.111697085
0.3920738	0.020517945	0.01768368
0.38269496	0.2715121	-0.35652912
0.9849248	0.22656983	0.26632106
0.2885148	0.4423334	0.030623745
0.05547619	0.78379667	0.040913712
0.51549935	0.068704605	-0.009884797
0.85307425	0.7027131	-0.17293134
0.23746723	0.6887097	0.15804446
0.3387791	0.18387991	0.4921895
0.14562005	0.37375265	0.045620006
0.10154104	0.29519504	0.5835262
0.87531406	0.71374375	-0.093052
0.81888574	0.5071482	-0.21005641
0.70794624	0.033905447	-0.60041314
0.5287722	0.22443908	0.14855267
0.9658234	0.72770476	-0.131514
0.28097558	0.43661374	0.0039893202
0.20721209	0.00027757883	0.31927872
0.52234066	0.80261844	0.15849912
0.8168692	0.5820323	-0.24383394
0.6291196	0.13327086	-0.45790458
0.4904577	0.57058215	0.54692745
0.10615039	0.67349404	0.70658284
0.10275954	0.30096573	0.50456274
0.4842608	0.87800604	0.28215554
0.7624881	0.8989992	0.25241506
0.7331606	0.8694956	0.58769786
0.62419665	0.65878046	-0.2740633
0.058012426	0.14266342	0.901411
0.38233262	0.60825115	0.14668602
0.0005514622	0.18906099	-0.20235446
0.7048582	0.33844608	-0.123477496
0.5184472	0.701533	0.3771105
0.9544725	0.038811505	0.5752074
0.76594186	0.18594247	-0.58359087
0.36445236	0.08984357	0.28589627
0.5779264	0.4864769	-0.020568589
0.0585773	0.319023	0.2237157
0.55256265	0.7856071	-0.20110834
0.5552695	0.18130755	-0.041707072
0.8297834	0.0029946566	0.0959579
0.22636813	0.82427496	0.48304376
0.8360168	0.35709536	-0.28768185
0.36349905	0.6171228	0.21387228
0.7895031	0.97251374	-0.1547944
0.37679154	0.16940081	-0.1304845
0.9341256	0.2650107	0.21845093
0.90630144	0.2849623	0.17142881
0.9575357	0.053390086	0.560222
0.93529165	0.88884246	0.2268296
0.415381	0.08884174	-0.31361365
0.9896358	0.5816653	-0.36754486
0.27339852	0.3840977	0.096977875
0.15026075	0.78640383	0.43622905
0.66702306	0.07011485	-0.30511647
0.17587382	0.2182777	-0.29519522
0.9417519	0.9937247	0.16378626
0.51265275	0.72585183	0.38021424
0.5056089	0.9841794	-0.13572665
0.36737192	0.43931365	-0.15395053
0.8868408	0.43241918	-0.12145326
0.30079275	0.12726223	1.0219615
0.50778747	0.11801678	0.007528929
0.6824412	0.54593074	0.21454729
0.5813547	0.38448453	-0.06841192
0.7057184	0.2584669	-0.26608562
0.83387077	0.542391	-0.24741422
0.9300327	0.503177	-0.07823903
0.8978403	0.18406463	0.31810173
0.18297148	0.89677274	0.41307485
0.6539546	0.859856	-0.19850445
0.22803462	0.5274175	-0.20045686
0.80321467	0.02175188	-0.44409612
0.72021747	0.9752084	0.7668189
0.51142216	0.6678191	0.42911178
0.9913762	0.07290399	0.4598332
0.53611404	0.29683143	0.2768829
0.56964654	0.67744225	-0.09553508
0.15913546	0.8207623	0.4610402
0.69192255	0.9911143	0.45151806
0.071044564	0.32875752	0.4430502
0.4652909	0.08683318	-0.18638477
0.75953126	0.082096934	-0.8381605
0.04774195	0.27575684	0.13855064
0.0455243	0.78241616	-0.13584234
0.91456103	0.46475703	-0.09989247
0.9888022	0.4640761	-0.23016888
0.2789755	0.123702765	1.0156444
0.3683815	0.019272387	0.4124151
0.13416791	0.9327048	0.22267196
0.76949954	0.1966598	-0.56548953
0.10806996	0.9329343	0.15007609
0.5796976	0.03680569	-0.22560152
0.5334937	0.052690506	-0.031353172
0.72465295	0.89626724	0.5965148
0.13996392	0.96637523	0.10966506
0.30766088	0.47914195	0.100847796
0.20621878	0.91163474	0.5302273
0.65305144	0.58449113	-0.06668616
0.1489343	0.09991771	0.012959428
0.5084339	0.1905443	0.0879192
0.7363649	0.71004575	0.43650737
0.28225785	0.5750934	0.04356482
0.20808315	0.99569917	0.42517266
0.22583151	0.58280605	-0.07068522
0.29183245	0.76198035	0.47562817
0.91230285	0.7602809	0.14323914
0.37215388	0.92063636	0.6332714
0.6336183	0.39119172	-0.3646062
0.37037587	0.66924065	0.302879
0.76528454	0.19397968	-0.6008426
0.7092086	0.7303211	0.58787525
0.9538226	0.54652774	-0.16546087
0.29076976	0.1803037	0.85875726
0.014977932	0.09600943	0.8664794
0.28211993	0.6046732	0.108242266
0.62503725	0.9799468	-0.9606749
0.89961207	0.8786099	0.16965415
0.6270345	0.022693932	-0.13328476
0.23408335	0.62236077	-0.023053017
0.17389005	0.9758356	0.20321605
0.3182389	0.37337005	0.20097324
0.7246003	0.27173722	-0.34022772
0.43797743	0.9415167	0.4069242
0.67571056	0.47145885	0.049835123
0.63833916	0.542971	-0.23732534
0.24162215	0.038058996	0.9008593
0.23941553	0.6041314	-0.0491233
0.43096387	0.11346662	-0.3884849
0.5070796	0.49768442	0.56280893
0.09203148	0.6857952	0.61188537
0.10129267	0.553177	0.62919396
0.5516531	0.9855407	-0.7131893
0.5433617	0.59959227	0.30488935
0.049850166	0.48545885	-0.24312761
0.9252229	0.9120469	0.33628324
0.44028854	0.59125763	0.2650472
0.62099963	0.623907	-0.3154997
0.42931628	0.16488773	-0.4734106
0.17257094	0.7830379	0.39181542
0.39916444	0.91346496	0.5641862
0.04737997	0.1384198	0.88531774
0.31395608	0.15316206	0.890838
0.38636154	0.995366	0.5725597
0.48578608	0.64465344	0.5599556
0.61808896	0.5515511	-0.29148838
0.09924573	0.7691256	0.5341555
0.78299284	0.8396336	-0.081821874
0.8845944	0.77687	0.11070633
0.35133904	0.30756712	0.04830718
0.019901395	0.15640974	0.4506098
0.009470642	0.61953837	-1.4435955
0.37432468	0.95485955	0.6043903
0.8791121	0.55805594	-0.1691954
0.9798036	0.22179163	0.27116027
0.04832691	0.9904123	0.20376596
0.09552425	0.85295933	0.3333691
0.8733971	0.4435767	-0.20321225
0.7934554	0.4478894	-0.17692801
0.25668383	0.5134335	-0.14972869
0.6958725	0.56069994	0.2777031
0.75506204	0.5875508	0.12829706
0.0681659	0.19884545	0.74695736
0.53958017	0.69593495	0.16936144
0.9156081	0.7662235	0.13897218
0.30554026	0.8318991	0.6105144
0.46007174	0.38259387	-0.003218866
0.9363391	0.037930667	0.70055866
0.93824005	0.33975846	0.083718106
0.07375288	0.46031165	0.353856
0.88973725	0.5199021	-0.1265282
0.97279763	0.07386899	0.5207698
0.0008596778	0.93181276	0.22317734
0.054857194	0.56529546	-0.16586845
0.0018082261	0.47091353	-1.8063225
0.39130074	0.0046446323	0.089049086
0.40323323	0.33559597	-0.40088385
0.91917896	0.7286571	0.1006235
0.6439583	0.29342967	-0.37073517
0.5090409	0.99183506	-0.14965071
0.0919829	0.80334884	0.44165936
0.45052075	0.41746664	-0.07495022
0.12276876	0.9022493	0.32467246
0.31453323	0.2503286	0.56442773
0.46320438	0.54957294	0.33860227
0.8149368	0.82629377	-0.29300034
0.0870775	0.8196962	0.3587874
0.43966287	0.27994466	-0.33124435
0.87881315	0.39464325	-0.09318805
0.3953702	0.5483261	0.051551975
0.78134245	0.9623924	-0.1301353
0.8148974	0.97042495	-0.5126091
0.6285944	0.5952424	-0.25564906
0.61423093	0.23178935	-0.45096287
0.73835367	0.42069775	-0.00010880642
0.26293278	0.5966136	0.014281081
0.32888985	0.087712824	0.9173693
0.49748045	0.79199696	0.38716212
0.67809784	0.41810483	-0.08241162
0.16846442	0.04168898	-0.10085612
0.7182295	0.6478564	0.45419002
0.087043345	0.64623094	0.50438535
0.482274	0.72514707	0.50845414
0.92215717	0.24577075	0.24503781
0.0075009465	0.61695194	-1.5718944
0.025453746	0.97566724	0.36357415
0.41301173	0.18889296	-0.47659817
0.8388552	0.19638878	-0.14891951
0.7811228	0.7075561	-0.024068594
0.06534517	0.89784473	0.12602936
0.046590805	0.811267	-0.08336109
0.2389381	0.6002775	-0.07486795
0.58515453	0.6878363	-0.2795618
0.754249	0.9956187	0.34160954
0.75808585	0.33862334	-0.19933301
0.3442636	0.6111753	0.16036391
0.31092995	0.92116374	0.7405607
0.8239143	0.18970531	-0.26812184
0.04174286	0.776541	-0.22032827
0.4406619	0.47572345	0.005207703
0.49561477	0.73396546	0.47409913
0.6204952	0.1897676	-0.46370536
0.5901205	0.902729	-0.90584314
0.7787837	0.368398	-0.29318774
0.03508711	0.4050861	-0.6009578
0.75909287	0.14804047	-0.76993984
0.8210606	0.2751528	-0.3052869
0.46176606	0.168729	-0.21719237
0.72383374	0.04020399	-0.72754616
0.13890189	0.6337337	0.43628606
0.60994864	0.8025227	-0.6185733
0.8378923	0.8823571	-0.3043645
0.18509954	0.9082739	0.35410938
0.745723	0.18306518	-0.57048917
0.61660576	0.81974494	-0.68407595
0.5310103	0.9185101	-0.26734883
0.9979195	0.90351707	-0.3929804
0.688405	0.5462554	0.24593559
0.48086697	0.34101135	0.1573744
0.09338784	0.1517821	0.78048766
0.08119506	0.7243538	0.44786435
0.66709083	0.8298744	0.0855453
0.45004588	0.70358306	0.44399846
0.5935895	0.2971722	-0.26822942
0.0447734	0.73144794	-0.24196924
0.37586534	0.46999848	-0.15131503
0.31775963	0.004929185	1.3849963
0.32308865	0.6646669	0.28301996
0.5665197	0.9726936	-0.8905047
0.23547322	0.73310137	0.34261543
0.1510576	0.29898125	-0.082493015
0.043506563	0.59102464	-0.51633316
0.33432913	0.9795089	0.60821843
0.31754076	0.95627254	0.68529904
0.5227468	0.22189784	0.19541194
0.95514363	0.6552198	-0.13808835
0.32088405	0.40376896	0.13120742
0.9210929	0.017022729	0.8106636
0.037536323	0.35240585	-0.38148546
0.11257017	0.54062694	0.67164075
0.8591923	0.7654246	-0.084852085
0.1378274	0.6438431	0.5132187
0.49823445	0.23471767	0.16217738
0.70728505	0.734954	0.53191173
0.7042044	0.39335495	-0.023630984
0.71777654	0.09839159	-0.6201016
0.4971072	0.11106604	-0.023045486
0.7371377	0.9102046	0.54242307
0.7541189	0.6619806	0.3046546
0.8237024	0.7303715	-0.21187806
0.42104167	0.58643025	0.13602631
0.83870405	0.74986774	-0.20230548
0.36934072	0.62456787	0.20082216
0.6920509	0.6174732	0.31347245
0.7884417	0.95917195	-0.28021678
0.73774487	0.44172615	0.072787605
0.73976654	0.3526659	-0.11274608
0.0537889	0.25447708	0.40353778
0.98755455	0.6261967	-0.42328295
0.090206385	0.095926404	0.9309478
0.0029421449	0.7913108	-0.78496486
0.7175281	0.95077914	0.68487054
0.08804393	0.65122974	0.51974803
0.28860456	0.1762653	0.8489597
0.85410887	0.75733966	-0.111684486
0.7484864	0.9619432	0.4064168
0.68873847	0.04837197	-0.44088435
0.17345738	0.2482006	-0.2913297
0.09300935	0.32607687	0.53281873
0.91831493	0.85927343	0.37376162
0.91411656	0.88056916	0.3342475
0.56304747	0.2207129	-0.115183525
0.10854375	0.1344521	0.53278166
0.4081266	0.39285016	-0.3708222
0.115936816	0.018023968	0.5481623
0.8025914	0.930855	-0.30873564
0.38678277	0.5553667	0.038525403
0.9847432	0.6179076	-0.36806265
0.35068196	0.18941522	0.28725392
0.9648964	0.9036109	-0.02309318
0.6552895	0.1578899	-0.43040946
0.35330957	0.4453689	-0.07443863
0.94742626	0.22188324	0.33685982
0.8319124	0.9287161	-0.4042013
0.20463657	0.8931197	0.51368743
0.39630085	0.81385857	0.59737086
0.7486751	0.19890493	-0.5828606
0.53685707	0.58443165	0.34331056
0.23867744	0.13441163	0.48184016
0.18629527	0.92871195	0.40152124
0.80834454	0.93836623	-0.40628076
0.5054041	0.46764666	0.45915487
0.13923144	0.5880104	0.5134385
0.093390405	0.50461364	0.5897025
0.031624973	0.62725353	-0.8453805
0.36450553	0.21805263	0.006028725
0.9024835	0.73110676	0.054145068
0.5422537	0.29063582	0.20669085
0.43451655	0.058641195	-0.24403305
0.4936071	0.007264018	0.016959323
0.7823329	0.5640611	-0.00017789379
0.98037815	0.71110874	-0.34824485
0.6239656	0.7654183	-0.45124862
0.7188241	0.62914366	0.4333536
0.8760387	0.63942564	-0.13109672
0.68282735	0.9740918	0.33425975
0.52105343	0.19843376	0.14217529
0.8437714	0.81703836	-0.20916826
0.7921898	0.19702059	-0.5006612
0.21971399	0.8655916	0.53831166
0.71015495	0.30459708	-0.15138999
0.09048587	0.17143446	0.68148124
0.0096357465	0.9117756	0.047851924
0.1775071	0.19956553	-0.3052387
0.76556677	0.5360937	0.04457793
0.6534783	0.98237205	-0.37105578
0.08134973	0.5770419	0.53234667
0.23931652	0.8265231	0.5320791
0.6555664	0.06546992	-0.26405498
0.9331984	0.76547194	0.17220843
0.19261503	0.76584065	0.31272942
0.24231529	0.17878848	0.3970543
0.55394405	0.7496229	-0.11755874
0.78381664	0.40181	-0.23475857
0.8665241	0.36362922	-0.12812613
0.52418077	0.8450208	0.0782601
0.7261856	0.433747	0.083192706
0.6708947	0.90812594	0.11551147
0.7400066	0.46119934	0.07910951
0.235511	0.089038074	0.5430104
0.9193773	0.11848301	0.5129436
0.8970154	0.35416728	-0.025893612
0.18484843	0.20909137	-0.32581168
0.6613483	0.035949588	-0.20852982
0.2090972	0.16510195	-0.026728429
0.0691722	0.8835292	0.16653188
0.09112966	0.6700599	0.54867584
0.30430138	0.9959798	0.7133289
0.4860136	0.552679	0.5286895
0.30446017	0.39747083	0.1377673
0.32014674	0.74202895	0.42620578
0.5260656	0.49184442	0.5333475
0.29569423	0.4867261	0.040533505
0.35847855	0.33620995	-0.08797224
0.18657494	0.71673834	0.27465525
0.8144171	0.6422631	-0.25673306
0.8979598	0.5873937	-0.060145643
0.8858382	0.12968397	0.39588773
0.37661475	0.4379788	-0.16114554
0.16901577	0.8765761	0.3496273
0.11973292	0.7547109	0.6045308
0.6103437	0.76567197	-0.52691823
0.7731479	0.82714015	0.09912923
0.75085735	0.1099267	-0.8214457
0.23317808	0.26769388	-0.023083512
0.2874934	0.6697989	0.23259977
0.22468537	0.16930437	0.14726835
0.255172	0.2079435	0.40803194
0.5456821	0.29588085	0.19521862
0.81892776	0.21371526	-0.33682802
0.45096076	0.77331406	0.53284454
0.7553162	0.8319478	0.314843
0.87936556	0.98866755	0.12792999
0.91253704	0.1595496	0.5045308
0.19949621	0.48993188	-0.26765835
0.9747974	0.17034101	0.40359637
0.11981982	0.15646583	0.4322784
0.48222214	0.8673348	0.3699566
0.10429776	0.6059217	0.6584514
0.07992166	0.55225104	0.48371008
0.87323374	0.6372744	-0.17377448
0.020890892	0.6452751	-1.1208844
0.03001386	0.39556837	-0.80343443
0.83966124	0.7683283	-0.19576417
0.57085294	0.31105965	-0.034625307
0.97525406	0.7218009	-0.16195804
0.6024012	0.89943624	-0.9381313
0.17752832	0.7594515	0.3920971
0.48255128	0.7014992	0.4827236
0.24120939	0.27971774	-0.02394249
0.017530262	0.21037418	0.014650278
0.8811172	0.8150144	0.06865446
0.9605278	0.1699714	0.3910942
0.7534794	0.72939944	0.3131493
0.17154145	0.92983496	0.30793098
0.80636835	0.9693434	-0.44046766
0.37685698	0.31038177	-0.2871207
0.4716441	0.48268646	0.34630123
0.34257156	0.98434275	0.7344156
0.39703643	0.17581248	-0.3117872
0.6140923	0.7026553	-0.44471478
0.92386174	0.70659995	0.07912874
0.29382497	0.7824878	0.47975394
0.3453176	0.77671206	0.54760265
0.19250947	0.82214606	0.37413886
0.38072747	0.10697305	-0.013996265
0.50113916	0.009687841	0.029894173
0.599535	0.40484703	-0.3365025
0.17603105	0.9219935	0.37312564
0.50001335	0.10177797	-0.040766787
0.18602693	0.8057818	0.35041982
0.30540264	0.25466353	0.5113902
0.948632	0.6240295	-0.07635844
0.093663275	0.18869585	0.693113
0.7298961	0.07223451	-0.7929955
0.90271044	0.694495	0.059099477
0.67912847	0.19549602	-0.3381131
0.6342893	0.45401192	-0.24024224
0.3409022	0.48422033	-0.0062556826
0.80762124	0.58529484	-0.20707105
0.1852473	0.05512929	-0.05389297
0.95017695	0.8028198	0.089153856
0.10915995	0.5095401	0.6494327
0.5705179	0.3846469	0.038502514
0.2614838	0.094204545	0.9744768
0.94315344	0.7866163	0.057803813
0.867349	0.5717519	-0.19690041
0.87393105	0.33733034	-0.11630007
0.9279291	0.17042935	0.4166105
0.6927734	0.051151156	-0.41759747
0.20156044	0.5121033	-0.27379596
0.8797145	0.8671616	0.0915489
0.9248152	0.4844588	-0.037517257
0.5258602	0.83116186	0.032896534
0.8731495	0.61486715	-0.13653986
0.51401716	0.5090447	0.5247286
0.5296112	0.520843	0.5038569
0.7434307	0.36142385	-0.17016087
0.4126023	0.038412094	-0.18112753
0.566013	0.27831417	-0.05603919
0.49356222	0.8048943	0.40707284
0.8101561	0.5064242	-0.096995115
0.81455874	0.13734627	-0.40327883
0.6811329	0.61335844	0.21804778
0.7895353	0.48359293	-0.14252917
0.3479839	0.53440404	0.032813538
0.5511255	0.7977431	-0.24846798
0.8459325	0.46083373	-0.22742353
0.9561577	0.64663804	-0.15923704
0.2799607	0.6337355	0.1728039
0.7218469	0.7025113	0.5602359
0.21546668	0.42917478	-0.3494204
0.64942956	0.3018738	-0.36312753
0.6064092	0.39276737	-0.3009457
0.7503276	0.26503837	-0.3927644
0.37315208	0.5212514	0.03255911
0.032208025	0.04761529	1.4402982
0.7465182	0.17986166	-0.5743603
0.34337372	0.0777691	0.6937369
0.01129061	0.0016880631	1.6220826
0.1966551	0.9246959	0.46259233
0.15999913	0.8342847	0.4532593
0.6913436	0.36819607	-0.11230964
0.2880937	0.047189653	1.4032779
0.7093313	0.051247597	-0.6535779
0.41535157	0.72900164	0.48411578
0.18289977	0.4483348	-0.26911223
0.95357716	0.91442287	0.10501245
0.51020795	0.50776625	0.5474468
0.2227152	0.060346544	0.49785888
0.0091125965	0.92507684	0.15539496
0.70289683	0.88867986	0.6279599
0.82725704	0.6700346	-0.22809292
0.33207595	0.861149	0.64298505
0.43869644	0.014983892	-0.12913224
0.62693053	0.90757984	-0.75367486
0.4478392	0.77490765	0.5254704
0.5327028	0.88176686	-0.16039275
0.66255766	0.95311886	-0.12399943
0.975904	0.5083533	-0.27526408
0.3743652	0.1794504	-0.073330335
0.45977718	0.042705595	-0.12879442
0.7907926	0.25122833	-0.47081897
0.79552776	0.88689464	-0.19150665
0.28852373	0.3274784	0.24997708
0.9895386	0.9635172	-0.28891036
0.34686708	0.9266994	0.69118065
0.893528	0.38999432	-0.05428333
0.08413905	0.7264148	0.40352753
0.089226484	0.21157163	0.6893055
0.4214641	0.11848688	-0.36538312
0.9934608	0.9930637	-0.35755125
0.43202263	0.17324662	-0.4438746
0.6597909	0.17983377	-0.34462976
0.3020938	0.62656343	0.19653936
0.32315803	0.9490891	0.71025807
0.6273942	0.3400408	-0.45557174
0.03765863	0.14529395	0.7798006
0.99312496	0.13852745	0.47023597
0.6862434	0.78475755	0.4243053
0.27937913	0.27955234	0.40067744
0.5281073	0.38768733	0.36937135
0.019492209	0.06843108	1.1380992
0.17344528	0.741739	0.32871944
0.54173625	0.7063227	0.13562556
0.70153975	0.49140972	0.18719758
0.5396755	0.21166623	0.12664683
0.70403063	0.24521756	-0.2891629
0.6838699	0.32283252	-0.12530488
0.882843	0.3663531	-0.074538335
0.9598964	0.5817495	-0.20554861
0.46229714	0.55393475	0.38479552
0.14110303	0.55858016	0.40106153
0.6285548	0.39605105	-0.31894496
0.5517395	0.98915976	-0.7686991
0.8514132	0.7642781	-0.23947155
0.9167074	0.13011152	0.55772984
0.27621406	0.074810505	1.2505578
0.61886	0.24313259	-0.44819644
0.26327163	0.84575474	0.64836055
0.9934875	0.7402507	-0.4336064
0.42170966	0.9465814	0.49135548
0.4099983	0.7912223	0.47084874
0.23390901	0.59038323	-0.08801064
0.7680944	0.7934018	0.17757624
0.024550498	0.14627916	0.63765144
0.7359904	0.47946203	0.18858111
0.89418334	0.071710765	0.6378315
0.45862114	0.35292143	-0.051585983
0.50064355	0.4371475	0.47241864
0.6636456	0.4141521	-0.15126543
0.33471453	0.3261972	0.1157341
0.2934699	0.58552015	0.121356264
0.30742007	0.6631306	0.29313508
0.32652318	0.9380246	0.6771304
0.5619813	0.07016182	-0.1902725
0.5046756	0.5242776	0.53964704
0.08457786	0.59791374	0.49927956
0.4114676	0.9010942	0.49908587
0.8348305	0.5826348	-0.20366834
0.6157607	0.2972101	-0.43313444
0.92429847	0.2077393	0.32510537
0.0069555044	0.4735797	-1.6705729
0.09929955	0.15749389	0.6548115
0.31737065	0.9380127	0.670534
0.31891596	0.7492379	0.48915362
0.89174557	0.49178404	-0.13018753
0.8990291	0.6173015	-0.024647776
0.46700191	0.64914435	0.44961172
0.07200992	0.22876132	0.64833
0.85504967	0.85469353	-0.09658238
0.77985156	0.5951159	-0.06294969
0.48322207	0.18756938	-0.016158195
0.6295343	0.87379205	-0.58206785
0.9359453	0.205221	0.37649986
0.71868443	0.060218155	-0.69601494
0.32388616	0.6819482	0.36328164
0.8909904	0.43276286	-0.10532034
0.14641136	0.7491075	0.5383554
0.7990098	0.6332787	-0.20997183
0.07418555	0.3805141	0.36429277
0.20226002	0.66008794	0.124270946
0.519883	0.41269797	0.46363693
0.20013988	0.60259575	-0.12538584
0.30564135	0.6685139	0.29654473
0.043563366	0.35179633	-0.222387
0.91875714	0.950672	0.3060525
0.7467257	0.35483766	-0.14317334
0.81528664	0.5381222	-0.19400907
0.7897878	0.770776	-0.046202924
0.5990098	0.9007683	-0.9117854
0.1784308	0.8271467	0.38229153
0.5164808	0.603409	0.5140544
0.639354	0.31631333	-0.42360076
0.6125115	0.70249283	-0.3984021
0.3425026	0.23613876	0.31293526
0.8366094	0.847061	-0.21371444
0.44278502	0.38521934	-0.2049305
0.8618039	0.22649574	-0.04373873
0.5767253	0.24047744	-0.23509407
0.10780203	0.97066545	-0.06386284
0.4571311	0.044578433	-0.13905932
0.52552676	0.99780494	-0.41502568
0.1487791	0.1835128	-0.073887154
0.86421156	0.35143328	-0.1931739
0.12058121	0.29552573	0.27550912
0.5031181	0.6214679	0.5281676
0.21939945	0.83812773	0.43206683
0.13909483	0.89390385	0.32502103
0.80890137	0.17633969	-0.42384017
0.11800665	0.21805358	0.3781325
0.81522435	0.7522928	-0.2132324
0.7636063	0.13549304	-0.7866459
0.42107147	0.96736366	0.4772092
0.5565229	0.5292656	0.23071636
0.18000835	0.21935749	-0.27628425
0.4860012	0.3316127	0.22478835
0.6237877	0.5853039	-0.2338176
0.70114714	0.46098197	0.1261307
0.9878307	0.49460638	-0.2521782
0.9402851	0.8597799	0.23065849
0.88194245	0.46593148	-0.16898476
0.31952196	0.07829195	1.1205486
0.39055657	0.36313832	-0.40385497
0.6417738	0.8265849	-0.32246003
0.5799394	0.45204163	-0.06991107
0.698607	0.6557553	0.4309578
0.870632	0.310273	-0.15729511
0.48699337	0.74587464	0.4266587
0.028761268	0.0017678738	1.7674929
0.4663372	0.7913421	0.4758889
0.7359623	0.0345788	-0.8772958
0.9893743	0.06573516	0.48363784
0.34509927	0.77136743	0.5301359
0.20455676	0.9562151	0.48677528
0.6828322	0.5132914	0.14295572
0.34323013	0.97088486	0.706114
0.048657835	0.9969873	0.22878364
0.54575205	0.2862174	0.106607765
0.046100438	0.21888882	0.4706051
0.43335694	0.28899807	-0.5110521
0.3786648	0.018972337	0.2274834
0.34671497	0.92342687	0.7127993
0.5877991	0.04812926	-0.21633343
0.9536373	0.528591	-0.08885018
0.10809064	0.7357716	0.6331421
0.74229187	0.98082453	0.49693826
0.29843402	0.24996471	0.56917524
0.53789175	0.16234225	0.08468254
0.5652529	0.186665	-0.17837988
0.551867	0.6836789	0.037376333
0.5292594	0.041199923	-0.06702438
0.16668636	0.31659698	-0.26882735
0.23021162	0.34303373	-0.23378928
0.12296432	0.32557178	0.28954262
0.15220302	0.7645861	0.5126699
0.9393451	0.023496628	0.7174406
0.010990083	0.15825105	0.22241426
0.69024366	0.4981463	0.23480773
0.47257054	0.20505667	-0.080831796
0.71164984	0.6589712	0.50439894
0.4308558	0.8958133	0.5117718
0.97654957	0.29767853	0.13510364
0.71226877	0.94353694	0.66729206
0.88793033	0.75202346	0.08423101
0.47043824	0.038674355	-0.06158691
0.65318334	0.4096827	-0.2096099
0.06040871	0.94023263	0.0937163
0.9824683	0.5607375	-0.34597585
0.6779982	0.9263611	0.2696343
0.11682665	0.12064892	0.42013025
0.86489546	0.3561135	-0.15593392
0.42248768	0.65589875	0.32958066
0.4358487	0.74364173	0.5118492
0.13459414	0.052239478	0.16725354
0.23645562	0.6519662	0.019967202
0.3167861	0.10152161	1.0346987
0.3256852	0.24642223	0.44340783
0.30003583	0.76166576	0.45355678
0.6474144	0.4974332	-0.18952534
0.007687032	0.45738482	-1.5832634
0.36074632	0.6153388	0.19714262
0.72428346	0.95226485	0.66801065
0.9074709	0.43016255	-0.060486887
0.5580808	0.23031467	-0.017767906
0.9295382	0.6327607	-0.012392823
0.7392009	0.7597971	0.46225572
0.35089386	0.32283777	0.037801225
0.2273246	0.019829273	0.684374
0.20497763	0.55192846	-0.19199297
0.19391352	0.26361036	-0.3503102
0.9090607	0.40858877	-0.039252426
0.48359275	0.93175584	0.21237749
0.31752014	0.82371426	0.61277384
0.09069699	0.9609666	0.016956225
0.8756281	0.02065301	0.7711676
0.18462229	0.24407816	-0.33428532
0.5077245	0.39688033	0.43574825
0.33095574	0.6215919	0.17343725
0.7561564	0.5916713	0.19059137
0.005280316	0.44048327	-1.6594845
0.5280109	0.74404526	0.1843278
0.36507183	0.36528248	-0.13023064
0.17784107	0.048775196	-0.09159464
0.7760099	0.83734727	0.017992225
0.9803917	0.31141216	0.084944434
0.33227348	0.75602645	0.49756652
0.16028488	0.003279388	-0.09273479
0.8259003	0.11509758	-0.17250302
0.33223563	0.782521	0.48630407
0.5278214	0.15288663	0.06607138
0.5923414	0.5502772	-0.21056801
0.6016374	0.4663859	-0.2604808
0.32292032	0.559043	0.14877555
0.39539468	0.83113223	0.5753312
0.5035796	0.15082377	-0.0031598695
0.43415332	0.60216105	0.2855018
0.99155855	0.5772711	-0.39709324
0.06933761	0.6539667	0.24261874
0.41074747	0.71231496	0.40130687
0.96641505	0.15066737	0.45292133
0.33685923	0.66160566	0.29654673
0.96898896	0.917901	-0.026960071
0.25786948	0.61394185	-0.022000032
0.5822209	0.4779541	-0.10561204
0.31245047	0.5315738	0.07228775
0.48419297	0.33390975	0.19245179
0.27209115	0.96177685	0.648203
0.64676696	0.03366071	-0.2140081
0.12635773	0.9229883	0.2052895
0.13882685	0.81388885	0.43629146
0.27216363	0.4078158	-0.0040367534
0.60365075	0.4299938	-0.25169474
0.22207445	0.6404016	-0.005873736
0.5431868	0.6236449	0.2627049
0.35926998	0.47292107	-0.069899775
0.7179412	0.5262578	0.28990155
0.27061152	0.3066113	0.16856386
0.048370123	0.20170039	0.578772
0.12745035	0.6620105	0.5420819
0.13823336	0.72289544	0.51310295
0.9835742	0.32816392	0.084132195
0.44040042	0.17528933	-0.44010425
0.027176201	0.09264618	1.0718907
0.0825187	0.6464178	0.52113736
0.7629124	0.908665	0.26786265
0.9156062	0.06388366	0.6505303
0.24894571	0.6242926	0.014845725
0.6336113	0.85309905	-0.5402977
0.67276406	0.7358199	0.27603155
0.5423525	0.23566437	0.11284353
0.44313467	0.10705793	-0.35265306
0.019373536	0.8050072	-0.4622845
0.16123396	0.71061057	0.37593535
0.0809896	0.34333664	0.43407327
0.15574878	0.5453206	0.19826658
0.80806655	0.9202309	-0.32552466
0.501998	0.58876526	0.5558297
0.3355651	0.3156994	0.15028985
0.65755534	0.75582296	-0.028145172
0.45606744	0.66306585	0.4323821
0.7028582	0.483302	0.15917307
0.4402746	0.8845724	0.42619038
0.71612144	0.52621496	0.25574097
0.080459714	0.16725504	0.81655437
0.06814015	0.9135729	0.06575089
0.12591654	0.9499829	0.08082467
0.0052015185	0.2607839	-0.6587681
0.6795139	0.5441121	0.09741077
0.92184496	0.7978344	0.23128289
0.48009193	0.6651661	0.51128054
0.23152566	0.45682126	-0.2593956
0.21789408	0.87639135	0.5572456
0.3655634	0.43944275	-0.17805982
0.119556785	0.63490313	0.6140836
0.07020259	0.3979668	0.3588766
0.31948268	0.29665512	0.3772659
0.43545568	0.7570528	0.49247852
0.9523999	0.98158616	0.13657896
0.40510875	0.46924108	-0.20863988
0.46274072	0.011361659	-0.05694188
0.06822091	0.36041296	0.38829422
0.40236986	0.86166286	0.5643256
0.88850904	0.49977422	-0.1442094
0.09332597	0.2431007	0.64784133
0.076896966	0.23576874	0.6373827
0.4249372	0.109684765	-0.34674639
0.5282347	0.3808803	0.41564247
0.31321746	0.61117244	0.18824124
0.5485526	0.0828073	-0.11319536
0.0011310577	0.80577874	-0.66349477
0.5731233	0.9550033	-0.89952755
0.7196046	0.463634	0.09698198
0.39938223	0.828783	0.5536228
0.15198076	0.98723024	0.07161745
0.19162679	0.43632466	-0.35229895
0.13791251	0.7833854	0.493106
0.67212915	0.8546877	0.18961924
0.76115596	0.7915526	0.20891108
0.34209752	0.7940115	0.6285986
0.54827017	0.7367663	-0.045936223
0.78257316	0.53770715	-0.046568178
0.77946514	0.4060601	-0.22101843
0.054694712	0.59486663	-0.18273208
0.5439343	0.72582936	0.011754788
0.5166749	0.80772084	0.24122418
0.90725434	0.53957367	-0.06740216
0.06991851	0.8369616	0.22089283
0.6041573	0.17437899	-0.36983016
0.46714354	0.14945829	-0.20556049
0.25491595	0.60806465	-0.05631894
0.61369395	0.84068465	-0.64938575
0.18262601	0.41944176	-0.3001639
0.873825	0.93733925	-0.019098345
0.3794464	0.70447534	0.39466798
0.028642178	0.10121685	1.0015947
0.92473555	0.34672773	0.13395745
0.41370475	0.53285235	0.0038493138
0.45963138	0.60720813	0.39767784
0.6578801	0.06732625	-0.21847299
0.6574034	0.19619441	-0.4067521
0.3055563	0.9496222	0.75217336
0.41867656	0.1375159	-0.42613944
0.88817304	0.42282468	-0.1291493
0.93716955	0.2838052	0.28542864
0.097964585	0.89038825	0.27029875
0.2510025	0.29824555	0.07051002
0.455894	0.6145768	0.40156785
0.63443893	0.035444498	-0.15676923
0.5681851	0.98194396	-0.9624664
0.6497686	0.09841484	-0.34734783
0.2624703	0.072421014	1.1040033
0.78056633	0.2912637	-0.38421047
0.91440445	0.2555322	0.21574843
0.96453124	0.2481333	0.26489848
0.37194556	0.7448996	0.5000524
0.59549546	0.022549927	-0.1789515
0.5319926	0.5982901	0.4131038
0.085098624	0.8948112	0.2402998
0.8708902	0.3767231	-0.16743276
0.032019734	0.6530729	-0.8038477
0.74389803	0.42475903	0.0048629167
0.9829058	0.44680858	-0.21802627
0.6041822	0.036321938	-0.19774148
0.7595595	0.056138456	-0.9078152
0.7073994	0.15335673	-0.44028744
0.20477259	0.45340037	-0.3608223
0.0016165376	0.8333556	-0.4815112
0.18659484	0.632127	0.075678736
0.945219	0.7138444	0.019605927
0.30767202	0.45438975	0.04200892
0.7157154	0.78155965	0.6329296
0.8535027	0.01820457	0.46494547
0.94829655	0.65793794	-0.08988149
0.31212837	0.31082898	0.32867396
0.45743483	0.7674104	0.45095545
0.08305383	0.24387324	0.6342837
0.07939404	0.34758663	0.5448367
0.670008	0.7627258	0.16369557
0.5966097	0.54846644	-0.24632338
0.143206	0.37013948	0.10551942
0.16698253	0.35259527	-0.2151201
0.79707265	0.9675744	-0.31628138
0.059984803	0.7608358	0.0706089
0.035654366	0.12849188	0.8566907
0.17478609	0.838127	0.43428364
0.5994882	0.8885828	-0.94273025
0.601412	0.25381315	-0.3555183
0.28148556	0.6355514	0.1530679
0.13146406	0.08533436	0.15292862
0.5245362	0.82113296	0.10420896
0.6090115	0.5415846	-0.23669738
0.36670852	0.95453924	0.6368703
0.07741141	0.035669446	1.2898895
0.9333054	0.2490685	0.30949557
0.51286876	0.32199943	0.34305868
0.96340424	0.8246228	-0.033856213
0.98081833	0.28605032	0.11052248
0.13475704	0.39505965	0.2827977
0.8198039	0.56618565	-0.22316511
0.8687326	0.39961666	-0.15700397
0.7841084	0.093592525	-0.7145886
0.9793926	0.43911523	-0.16003488
0.46696222	0.04771447	-0.07909243
0.5008293	0.47524	0.5230532
0.5490891	0.19331133	0.016367907
0.44491065	0.5606232	0.25181744
0.71546465	0.13383198	-0.5721222
0.6017421	0.5787354	-0.25256342
0.56281614	0.72539437	-0.11179438
0.16674519	0.27857786	-0.2523339
0.9610539	0.22721547	0.2971344
0.14505231	0.8940898	0.27708423
0.5032128	0.52991337	0.5875752
0.13177085	0.38784128	0.24638471
0.6451597	0.45330203	-0.25231457
0.16747165	0.16717309	-0.195274
0.86871094	0.7672545	-0.06944774
0.82196873	0.44098985	-0.2145621
0.90415144	0.5700604	-0.08368387
0.57318395	0.5702279	-0.0142256105
0.799319	0.9101335	-0.23631093
0.3794641	0.95362955	0.62082255
0.70122707	0.08365619	-0.51731026
0.03195423	0.98296595	0.32012022
0.92422915	0.2886259	0.180103
0.9605397	0.34041625	0.1208146
0.44453734	0.47168916	0.11658892
0.29251426	0.5761888	0.06620442
0.40724772	0.4238478	-0.3263493
0.1456908	0.3733008	0.0053118654
0.91994125	0.4516552	-0.014248515
0.48489463	0.5945537	0.46830323
0.9844425	0.9123245	-0.2690871
0.50199866	0.70522046	0.501439
0.5102474	0.9386013	-0.049445204
0.6631543	0.37436026	-0.2199938
0.55450505	0.26132584	0.057194818
0.10154939	0.43533486	0.5236803
0.96556205	0.25159508	0.25325748
0.61102533	0.14768833	-0.43708575
0.09921533	0.65533763	0.6092007
0.71343595	0.88520634	0.6300244
0.6169276	0.2028209	-0.45213675
0.56899357	0.6810903	-0.11648926
0.676804	0.6187651	0.2462493
0.37902325	0.25677288	-0.28916225
0.74585414	0.29718655	-0.23235703
0.9665706	0.06019628	0.4461086
0.73515314	0.6391833	0.33815742
0.7457564	0.8704586	0.41179344
0.1436966	0.7670879	0.541529
0.7276369	0.011546969	-0.7870248
0.07140589	0.55547553	0.33568957
0.10359317	0.9488345	0.088902384
0.34232014	0.9509213	0.71945566
0.45247412	0.03976363	-0.2025038
0.2534995	0.72685087	0.27393138
0.6315036	0.016313016	-0.15471585
0.23737222	0.69758636	0.24578544
0.9740635	0.63229126	-0.29652548
0.72732633	0.23174894	-0.45692772
0.049950063	0.46511608	-0.25248644
0.57411623	0.47839046	0.035631433
0.035689533	0.06672144	1.3224955
0.17453349	0.2570781	-0.32477602
0.3221885	0.50001985	0.07311083
0.12998617	0.011905968	0.21792524
0.06794566	0.46216124	0.24408692
0.8776967	0.030599952	0.7116405
0.22111124	0.2700299	-0.13832715
0.4067362	0.13548821	-0.37377116
0.94300646	0.7642281	0.04348487
0.6453869	0.871506	-0.33001235
0.16528398	0.35090017	-0.15974602
0.91844857	0.3722458	0.022126285
0.11920506	0.75472546	0.5596274
0.957549	0.5507293	-0.14950573
0.66785485	0.47619653	-0.055406194
0.43861198	0.81876856	0.5005346
0.9585343	0.7064315	-0.123876
0.4519999	0.56738114	0.3435833
0.58032274	0.96862805	-1.0446472
0.94195276	0.5880938	-0.07096085
0.32800102	0.7413139	0.5111529
0.0004900098	0.3287757	-1.3179132
0.6126192	0.020872295	-0.19614054
0.19609815	0.57646716	-0.09832956
0.26233333	0.6607644	0.15970984
0.08851862	0.051348865	1.0648007
0.35328907	0.69061977	0.37437856
0.4984619	0.54159236	0.4925844
0.19587117	0.81092227	0.42829272
0.85878414	0.48585868	-0.20953159
0.7456123	0.092078686	-0.8031261
0.93777484	0.3726133	0.071826264
0.12972444	0.8955677	0.31981325
0.5002705	0.18051064	0.06734229
0.12544292	0.7217634	0.6137775
0.46430415	0.4202295	0.12616973
0.20356512	0.45760775	-0.33560586
0.3442152	0.4538722	0.0644204
0.31507373	0.37324768	0.18099824
0.39485443	0.63585657	0.28308874
0.2800222	0.91440153	0.7698726
0.342614	0.23794943	0.32641718
0.1115644	0.20704591	0.3685232
0.21995896	0.4905824	-0.30478057
0.70377517	0.76570135	0.5346354
0.27326864	0.87611574	0.70996845
0.34143454	0.46816677	0.035769902
0.1096372	0.9838374	-0.026670072
0.8674716	0.78930473	-0.01642917
0.73656976	0.37867785	-0.06301564
0.6143321	0.64477503	-0.30551338
0.057069063	0.18821347	0.7337699
0.35421634	0.5015457	-0.007788798
0.53415084	0.72435826	0.22771214
0.002952218	0.6414993	-1.6016563
0.8113819	0.8062717	-0.20951429
0.67729264	0.756534	0.30515477
0.3533879	0.62617564	0.24770847
0.5314061	0.20703828	0.08813566
0.0655607	0.26156723	0.4749298
0.34047115	0.8289305	0.6206668
0.82156485	0.9469269	-0.40955892
0.17682856	0.06706488	-0.12707642
0.52469474	0.8063234	0.14017898
0.7477048	0.80255586	0.44940788
0.22292453	0.6296701	0.0064880867
0.81635356	0.3114729	-0.31408745
0.50974095	0.8903809	0.06336005
0.04026878	0.7079645	-0.39744025
0.24856412	0.43415588	-0.20553878
0.5671528	0.84094715	-0.49089488
0.089646816	0.78593004	0.45961878
0.55726135	0.36710376	0.18770342
0.99311817	0.06334221	0.50589097
0.4637472	0.8386629	0.4533772
0.5482434	0.23543334	0.06632994
0.6981866	0.25283325	-0.22078641
0.94353306	0.31124926	0.2018277
0.09017867	0.23158574	0.6778982
0.21925521	0.23048389	-0.11129008
0.41712034	0.75830793	0.48390096
0.7895838	0.5927059	-0.059290916
0.97843766	0.5853693	-0.3325762
0.12705791	0.30342847	0.2087993
0.9872842	0.5490991	-0.3631281
0.75335443	0.5839267	0.18496086
0.7140614	0.65625095	0.44040114
0.30538934	0.71435195	0.3748662
0.079981804	0.7857934	0.35478607
0.8576186	0.7388255	-0.13139783
0.3114552	0.5058306	0.061731152
0.8768474	0.61072266	-0.18420053
0.3387962	0.31895512	0.13550055
0.18011385	0.6226075	0.112926506
0.668873	0.65396535	0.16709903
0.09266567	0.7400133	0.5546024
0.19837934	0.3103447	-0.38998625
0.6821668	0.9559839	0.31855884
0.46364456	0.56963336	0.40361154
0.71349734	0.49581397	0.1750936
0.76756924	0.17547458	-0.6271313
0.7081289	0.9673108	0.66536486
0.060901582	0.5227285	-0.020070024
0.6701325	0.12794083	-0.35241693
0.035987616	0.37463462	-0.49490556
0.034057617	0.5820746	-0.8069785
0.35368443	0.7092558	0.35580027
0.53962827	0.40610152	0.41349477
0.09050721	0.22162962	0.6388696
0.5125301	0.8691844	0.10240033
0.6252953	0.15588397	-0.39600182
0.04688573	0.96407	0.16124949
0.7808428	0.23643965	-0.48626983
0.25421506	0.3434356	-0.0697784
0.25583893	0.3350848	0.034560252
0.4759727	0.9581853	0.22198863
0.796571	0.69483733	-0.10826828
0.58451307	0.0039229393	-0.12302007
0.5666607	0.16248971	-0.19606939
0.06137067	0.81613064	0.16084169
0.93208015	0.5977743	-0.039316855
0.59722346	0.4167087	-0.23659773
0.42584425	0.49105752	-0.087088555
0.35475755	0.9661499	0.6459642
0.34545165	0.61376995	0.19791159
0.79950273	0.034531772	-0.50758487
0.76992685	0.25942135	-0.5127166
0.7913469	0.92620206	-0.1745817
0.11861223	0.57024074	0.65660244
0.8970192	0.18468392	0.31031334
0.6928528	0.70139056	0.491831
0.025695503	0.43808717	-1.0230663
0.9733553	0.60491705	-0.30529332
0.2576564	0.97842115	0.68087137
0.48529595	0.47253716	0.46244654
0.95404977	0.27140528	0.24028072
0.3505622	0.69461083	0.36240935
0.70406455	0.94556826	0.55441475
0.44571787	0.30798066	-0.26575482
0.16692752	0.41620976	-0.15247402
0.02255553	0.10171753	0.95929056
0.30624503	0.23861873	0.57965386
0.87011975	0.81786543	-0.03707289
0.51517844	0.44455028	0.46437693
0.05828029	0.47088903	-0.003910872
0.2690403	0.69505835	0.26455978
0.6006479	0.74671423	-0.54034144
0.5565053	0.096711636	-0.14025508
0.17783481	0.35797817	-0.22668386
0.48278648	0.26199883	0.044018887
0.46816266	0.65392095	0.5380938
0.24316728	0.5280304	-0.17647456
0.053088546	0.3938836	-0.037385106
0.10544759	0.27692145	0.49091506
0.5874368	0.74009067	-0.42150992
0.95748425	0.56041485	-0.19850183
0.67528033	0.06284857	-0.37677258
0.88066316	0.19361329	0.19809562
0.95220745	0.5036863	-0.09064078
0.6994911	0.18778694	-0.4090282
0.31207246	0.86206144	0.6841793
0.32796633	0.094283104	0.9070399
0.173266	0.52934724	-0.009816064
0.55885327	0.069982946	-0.18820313
0.46433872	0.0114530325	-0.06562598
0.579164	0.36355513	-0.1062772
0.18550724	0.5755755	-0.020643035
0.87541425	0.9291844	0.06607447
0.33770156	0.24740684	0.3222959
0.39206254	0.107818305	-0.17388013
0.010183573	0.16917229	0.15951173
0.82806	0.8704641	-0.31464738
0.6159106	0.13879663	-0.39670637
0.6639302	0.691909	0.08289532
0.41900563	0.5201832	0.011814419
0.49593842	0.25099635	0.1322787
0.7243409	0.017938077	-0.7479348
0.61897975	0.08275843	-0.31807098
0.38165122	0.6241804	0.22156203
0.45755047	0.5274753	0.2055083
0.21160167	0.32032555	-0.3029366
0.7289119	0.85304713	0.5807106
0.7316248	0.5857797	0.3062536
0.050065994	0.09036714	1.2077713
0.9966394	0.18371367	0.32933408
0.24008149	0.780005	0.43157795
0.24323791	0.89639705	0.6408064
0.79619235	0.6785609	-0.11327158
0.8118722	0.9494915	-0.3653462
0.7547138	0.7363995	0.27501202
0.110298276	0.27041936	0.4723582
0.6536584	0.6852725	-0.035606686
0.9832381	0.7695915	-0.31616217
0.47647357	0.69126326	0.51486516
0.42231864	0.900787	0.5540533
0.06139916	0.92233837	0.19508553
0.844042	0.95456046	-0.31627825
0.53729516	0.15936798	0.011034925
0.08603072	0.27889818	0.5865413
0.7577544	0.027371824	-0.9293044
0.5993588	0.8640281	-0.8064824
0.8802623	0.30047148	-0.027667996
0.93850464	0.27142912	0.2243932
0.024597883	0.88163644	-0.1275954
0.5494683	0.74304205	-0.023026884
0.79868275	0.7424623	-0.11947003
0.5572246	0.13914418	-0.08856922
0.56316066	0.7457022	-0.20955126
0.2766503	0.95945466	0.74178964
0.5653408	0.8458239	-0.52925473
0.45920652	0.29844528	-0.17537807
0.035220146	0.76770604	-0.40727228
0.014252663	0.3946963	-1.2472214
0.02838713	0.7144492	-0.65057725
0.6764759	0.15091163	-0.37148505
0.2595079	0.6132488	-0.035466306
0.23075646	0.5355181	-0.17729001
0.53441274	0.8576567	-0.13337067
0.69870245	0.36690676	-0.05060839
0.926307	0.078941464	0.65738153
0.2990238	0.86559093	0.6358282
0.027309835	0.9602103	0.18948105
0.8061477	0.98018295	-0.39863467
0.7615967	0.7402146	0.21654692
0.1654045	0.97232574	0.19118005
0.5774594	0.9570285	-0.9855378
0.0077542067	0.7262027	-1.0488981
0.87718385	0.15784669	0.2786458
0.8775217	0.43109506	-0.18520503
0.3283285	0.4554286	0.08182254
0.87677455	0.5630428	-0.15112138
0.67005265	0.48680335	0.022870747
0.55386424	0.31955022	0.21926369
0.79561156	0.02996689	-0.6090337
0.5492411	0.49740934	0.33891752
0.062134624	0.12043601	1.0189953
0.80522704	0.25961626	-0.41130054
0.8635258	0.2241314	0.026131043
0.2805004	0.9957956	0.70489407
0.34352207	0.54629487	0.100739926
0.48345363	0.96614486	0.13476801
0.30504066	0.9004607	0.6926864
0.3519022	0.44245666	-0.05555456
0.915326	0.92647076	0.33249578
0.61946774	0.7018101	-0.40850514
0.22280532	0.38257807	-0.30253428
0.23342735	0.8896548	0.5548529
0.49586773	0.19480485	0.06366357
0.5050169	0.36292332	0.4034416
0.11980355	0.9454547	0.13198577
0.36376315	0.38287604	-0.122674495
0.69815403	0.014321804	-0.44776335
0.66567504	0.3554346	-0.23541729
0.7296514	0.373712	-0.020322623
0.06212789	0.56464255	0.09174016
0.21905631	0.8601963	0.52040464
0.062039196	0.41016012	0.15227647
0.72739697	0.8137821	0.5940326
0.4968065	0.51026416	0.5380039
0.74939877	0.4681695	0.09608668
0.64627033	0.09581524	-0.27570102
0.53151125	0.563221	0.4267013
0.27339166	0.6353735	0.1682731
0.21008563	0.108643174	0.13037851
0.64926654	0.8945022	-0.3207549
0.5265019	0.63193905	0.40208372
0.50490826	0.8075085	0.31016776
0.25473005	0.54117256	-0.11464085
0.32634962	0.952825	0.71443367
0.96538323	0.86274064	-0.045813013
0.82554424	0.33030415	-0.31871945
0.8235307	0.3386386	-0.2524216
0.24056786	0.67564094	0.1017454
0.72125554	0.96426326	0.6651309
0.7617817	0.12342399	-0.75745106
0.14022201	0.15808642	-0.006611135
0.77177095	0.6678027	0.051030114
0.20360845	0.5193582	-0.24597566
0.41897136	0.11290008	-0.32479557
0.3851626	0.13555175	-0.17041591
0.22252727	0.9691892	0.6135102
0.9104895	0.6993281	0.087604806
0.91139835	0.48718452	-0.074347466
0.2825364	0.34191418	0.20250772
0.5228277	0.6764711	0.39168578
0.93159586	0.9102686	0.27172944
0.07666254	0.7147568	0.33983606
0.0836519	0.45159698	0.4654
0.33078152	0.00927496	1.1294615
0.0050751567	0.30618078	-1.0788374
0.054946005	0.5528468	-0.089130476
0.39112008	0.13950002	-0.23925674
0.8193488	0.1528194	-0.36463955
0.1778906	0.95759434	0.23754233
0.016143799	0.24183512	-0.29391345
0.7515558	0.816854	0.40238845
0.050626993	0.4427718	-0.22535612
0.28183776	0.25819445	0.49603412
0.62143105	0.6411342	-0.29760262
0.91970044	0.12539405	0.5419756
0.5665496	0.80524236	-0.3574809
0.5479112	0.6057824	0.26440632
0.16980171	0.5944307	0.14752218
0.94042414	0.088329434	0.57519525
0.9439626	0.12706971	0.52345353
0.93709135	0.059294403	0.66693395
0.14683205	0.040487766	0.0017590942
0.9137041	0.08621824	0.65405625
0.34846938	0.43412936	-0.045203723
0.27362305	0.9800186	0.66459423
0.8869284	0.42267293	-0.102115385
0.97569335	0.63851166	-0.28579304
0.32577354	0.2737351	0.40420127
0.37955856	0.3180669	-0.30406696
0.5548258	0.6272721	0.18480027
0.42303425	0.7025864	0.38076818
0.64486015	0.20343405	-0.46530244
0.6516689	0.5051006	-0.13384406
0.931143	0.6062173	-0.023583826
0.30006015	0.7119442	0.35298043
0.4868703	0.1064831	-0.041851185
0.59608924	0.7466103	-0.46319687
0.7174785	0.9031098	0.6380771
0.655971	0.68845797	-0.0044380226
0.731222	0.7266538	0.55857503
0.2946065	0.026018143	1.4782712
0.08568573	0.1568234	0.79153746
0.36401826	0.8336286	0.64264196
0.16325623	0.75116307	0.46004423
0.4826193	0.9692095	0.14630446
0.14819354	0.35724473	0.03701528
0.60169643	0.22631997	-0.43009946
0.5653672	0.7830955	-0.33180514
0.5091266	0.9958421	-0.18829055
0.15878457	0.18111777	-0.163751
0.3176049	0.2301619	0.60707337
0.17815405	0.83386767	0.39659095
0.56268394	0.17428416	-0.1073349
0.6619152	0.5281688	0.07353287
0.41739666	0.026768148	-0.13029924
0.7875851	0.10547024	-0.6341183
0.86733484	0.009953797	0.6984947
0.32352722	0.4256581	0.093090035
0.9868309	0.7277026	-0.39619276
0.3214569	0.6551225	0.2567423
0.8533645	0.41167802	-0.2480854
0.8374373	0.12639612	-0.06210459
0.38230705	0.61097085	0.1458516
0.8461892	0.82820535	-0.15393138
0.7412357	0.3354444	-0.13251588
0.54187554	0.22961456	0.02172079
0.57253295	0.4696886	0.063151315
0.4516194	0.37543398	-0.13436086
0.79341346	0.51454526	-0.11961948
0.0064528584	0.86341447	-0.28751922
0.84988534	0.72476447	-0.10538968
0.15307772	0.052790165	-0.06513775
0.95257646	0.05432266	0.5457933
0.8505503	0.052568197	0.29617998
0.43887293	0.9632951	0.4148738
0.43445635	0.19319475	-0.46523106
0.66481566	0.32875884	-0.24966994
0.31385237	0.9500987	0.7045305
0.5985517	0.64084756	-0.32789826
0.12908626	0.109030485	0.23299949
0.36124212	0.4447887	-0.14102891
0.7355767	0.66638035	0.50769967
0.09064078	0.5007599	0.5582689
0.52550536	0.88446796	-0.0460169
0.1837557	0.9776452	0.3872856
0.50795835	0.48568964	0.53407484
0.1923942	0.09897441	0.0046691373
0.1257354	0.62355626	0.62686616
0.12212932	0.5482682	0.5601516
0.79897606	0.8207442	-0.1578732
0.96108216	0.8270749	0.038297664
0.66208524	0.27103406	-0.35896853
0.74877125	0.92879784	0.4281688
0.1514712	0.5088499	0.18025936
0.8824658	0.61455977	-0.12006074
0.15421253	0.26334	-0.1590131
0.7120247	0.53594327	0.286248
0.5502998	0.35710895	0.19220757
0.68200904	0.6537269	0.29966664
0.27044857	0.03076154	1.3282721
0.55590254	0.9845522	-0.7561743
0.343714	0.8532869	0.6291149
0.5053239	0.47199416	0.5470277
0.31528443	0.077596486	1.1025864
0.2888555	0.19328392	0.7605613
0.91821975	0.36897254	0.039975833
0.6836812	0.35594028	-0.12886177
0.41528636	0.07899642	-0.28522804
0.51665825	0.20314282	0.120133206
0.26424336	0.6097737	0.0620851
0.99557966	0.27164924	0.19140331
0.5350655	0.38033623	0.39811814
0.52942675	0.19468206	0.12776965
0.028749526	0.84225655	-0.21550924
0.124118626	0.51178926	0.52115566
0.48330015	0.11932737	-0.10225481
0.69373935	0.93150693	0.5373896
0.4159997	0.067227006	-0.25192693
0.10420388	0.05519432	0.7487314
0.9149251	0.55219966	-0.07940042
0.59206074	0.11815828	-0.3045463
0.16412455	0.019424677	-0.072753005
0.15398479	0.53567666	0.19161636
0.9448678	0.99206704	0.19152397
0.058324218	0.5661617	-0.039016318
0.38422382	0.78126633	0.61312044
0.41475248	0.63765675	0.27784884
0.62049186	0.7445072	-0.43003985
0.5856852	0.70307654	-0.38586256
0.52557915	0.8404658	-0.02337693
0.76001215	0.84623736	0.20866033
0.10910702	0.0045561194	0.72780234
0.13292253	0.5626236	0.47612998
0.6822584	0.40432745	-0.03280493
0.17292428	0.76799244	0.42685205
0.9323656	0.16077358	0.46243548
0.9327472	0.96569395	0.25830418
0.066818774	0.00977385	1.5017427
0.38846898	0.029111683	0.13135928
0.4077288	0.28186893	-0.48852953
0.5494587	0.99872124	-0.72285265
0.66884935	0.16147757	-0.36201364
0.43334705	0.096434	-0.4032753
0.32029945	0.4809506	0.084424965
0.59690255	0.41583538	-0.19982862
0.48620278	0.41996592	0.38284418
0.3213415	0.119009316	0.9160339
0.73381484	0.24386269	-0.38270503
0.8368526	0.6708551	-0.19407684
0.11273652	0.42266673	0.4673095
0.523333	0.28977317	0.23017961
0.5252393	0.4722463	0.5515814
0.561026	0.89356446	-0.5628575
0.5049077	0.63637567	0.51995397
0.026929736	0.075739145	1.181787
0.9975679	0.22993553	0.19918749
0.29970866	0.36326104	0.23893476
0.0013825893	0.081698775	0.82270086
0.018941402	0.06219238	1.2002659
0.81672245	0.50828946	-0.24864414
0.40306073	0.6782573	0.36352393
0.40947753	0.15112185	-0.37022933
0.45331764	0.7291987	0.4615032
0.8075247	0.32762098	-0.30976945
0.72435486	0.5226429	0.25342268
0.35230404	0.051739514	0.5917463
0.8064367	0.34194946	-0.25510287
0.26822448	0.3733396	0.06882557
0.73608786	0.06974536	-0.80357015
0.46414995	0.13482052	-0.26133966
0.6394193	0.5282293	-0.18751281
0.44202566	0.01248765	-0.15292355
0.9687955	0.7972329	-0.16193739
0.96289843	0.041546106	0.57070273
0.6333946	0.53932923	-0.2885114
0.3119424	0.10223216	1.0276465
0.8977669	0.023901165	0.8086703
0.2392872	0.17385334	0.40631393
0.5159957	0.11208993	0.062579624
0.9278161	0.39257216	0.12993294
0.05828035	0.7887998	0.0924677
0.88570666	0.70761997	-0.043664046
0.09436262	0.23666626	0.58049303
0.31331003	0.21113604	0.7036228
0.03516686	0.723162	-0.50435704
0.6458101	0.12810385	-0.3095785
0.75063777	0.2976033	-0.30281365
0.38550866	0.5968899	0.14648697
0.021768868	0.058214664	1.2539823
0.32664824	0.7718043	0.5421619
0.668351	0.18516368	-0.34855056
0.60546035	0.25721824	-0.41247344
0.038603723	0.6861854	-0.5000013
0.011847317	0.9647055	0.37568572
0.0082196	0.19067472	-0.058573455
0.24623883	0.4438607	-0.23309794
0.5032818	0.5364912	0.5599673
0.15558589	0.9811595	0.12620069
0.9574711	0.5766554	-0.23787391
0.9736091	0.065227985	0.54655874
0.013456523	0.8259859	-0.40312192
0.043474793	0.035795033	1.5561688
0.1824761	0.33069217	-0.29027024
0.6282037	0.8714595	-0.62513906
0.7581403	0.22447538	-0.5302802
0.8292164	0.29316956	-0.27439192
0.38707435	0.32103348	-0.29489782
0.3357128	0.38874507	0.078116715
0.7017587	0.7953675	0.6072713
0.5912243	0.37585092	-0.25850934
0.6222036	0.45146722	-0.32719004
0.05636269	0.04170221	1.4718212
0.7914306	0.8060198	-0.09486417
0.054106295	0.2807681	0.23468907
0.09107101	0.007997811	1.0711735
0.043276787	0.7855757	-0.1668818
0.3800422	0.91559017	0.64067453
0.6565667	0.02267009	-0.11606863
0.5222161	0.62973833	0.506158
0.29902416	0.8435476	0.5951397
0.15750104	0.79521656	0.41272026
0.04163283	0.22679693	0.28835115
0.48666966	0.68468547	0.5711241
0.0592376	0.48070198	-0.012967053
0.49495208	0.61716676	0.5349484
0.6704465	0.8786804	0.07998257
0.30233735	0.71967494	0.40086898
0.5714733	0.609578	-0.005470209
0.12114382	0.26420522	0.33186978
0.09415078	0.04514402	1.0279796
0.63909936	0.88063216	-0.46078923
0.5728047	0.5370113	0.028565057
0.25808823	0.7666216	0.45244545
0.17256606	0.25848407	-0.29680148
0.4585815	0.89137536	0.39619952
0.029071033	0.93470156	0.19235514
0.25799412	0.12183815	0.75417864
0.7490839	0.98546714	0.4607
0.16122001	0.3209526	-0.1774115
0.34019232	0.92370987	0.6929753
0.8347383	0.32468098	-0.24520095
0.066773534	0.116402805	1.055627
0.72451943	0.60071176	0.3253569
0.21429193	0.023380935	0.431897
0.85725844	0.10966843	0.16716228
0.058549047	0.67830765	0.011965823
0.83009535	0.5513456	-0.20739897
0.19233513	0.47636765	-0.24972734
0.5914841	0.7343477	-0.4730748
0.64688504	0.013910651	-0.15244657
0.8668174	0.6784355	-0.20613141
0.974011	0.50766265	-0.16648754
0.037204742	0.5691168	-0.69392544
0.8385004	0.1642971	-0.1895829
0.72997594	0.5024171	0.16882321
0.5517599	0.7318578	-0.06294288
0.10876584	0.05000353	0.64947027
0.7950007	0.38083225	-0.24325882
0.6166778	0.9937014	-1.0989988
0.7328387	0.6264327	0.3484026
0.65775424	0.5475344	-0.049067713
0.4354481	0.94776666	0.51723343
0.36245948	0.59703606	0.15657903
0.046548843	0.29109603	0.16640653
0.6121115	0.14908099	-0.43169272
0.22794145	0.66640687	0.0799508
0.10455501	0.52613086	0.6608154
0.45840532	0.9507571	0.27705646
0.8840413	0.8537744	0.11943345
0.4282698	0.08071858	-0.30647326
0.83403796	0.5923268	-0.15712678
0.4109376	0.25948977	-0.46201858
0.2761107	0.68216246	0.26442558
0.14681637	0.6926212	0.4643228
0.31148046	0.87495923	0.6625387
0.66600466	0.26691377	-0.35730523
0.6983729	0.094953775	-0.42205808
0.08807087	0.9399645	0.046705067
0.029512882	0.013691187	1.6471951
0.21585137	0.14334965	0.08470802
0.8515684	0.10040742	0.22283356
0.8172704	0.5975713	-0.23755589
0.8067007	0.69532955	-0.14704293
0.34181213	0.507364	0.08838217
0.72334856	0.2628408	-0.33184248
0.46440065	0.457667	0.18606678
0.91502386	0.09357989	0.63239026
0.92367715	0.394413	0.046300128
0.37097102	0.17229617	-0.018202843
0.14864272	0.47950286	0.17896248
0.72888243	0.34828436	-0.09069605
0.37016934	0.8118006	0.5891055
0.57645714	0.33285618	-0.103839636
0.39453632	0.13596547	-0.2497717
0.7676906	0.17616308	-0.69823045
0.17492712	0.7089705	0.33773476
0.9309658	0.2969311	0.19080421
0.089846194	0.9714361	0.01941406
0.055042267	0.08859193	1.2297508
0.2515474	0.7578469	0.3767753
0.6358383	0.1367132	-0.41399255
0.036418617	0.45044845	-0.7332093
0.07499969	0.52012736	0.37232384
0.04028648	0.7626308	-0.30273065
0.44882733	0.43146664	-0.087646246
0.71858704	0.6789937	0.49103326
0.5947396	0.94823605	-1.0824454
0.9703007	0.977889	-0.07057081
0.032224774	0.95693195	0.21714105
0.65387297	0.078435004	-0.2980402
0.7046724	0.97965336	0.5476868
0.23029107	0.84441644	0.5667146
0.09968805	0.76695454	0.48793545
0.4002025	0.9608597	0.60074306
0.40364385	0.04080081	-0.13226044
0.7332032	0.87505144	0.54827154
0.6045748	0.29786098	-0.4132909
0.73184144	0.60260576	0.4225218
0.3286026	0.6264728	0.18477222
0.94354373	0.02036506	0.6821315
0.33046222	0.34389758	0.17712018
0.087400556	0.034047604	1.0917255
0.6027883	0.47676575	-0.28976372
0.010523617	0.43018597	-1.4658631
0.36176276	0.29911655	-0.0232451
0.19721049	0.46279895	-0.32490423
0.5854455	0.84042925	-0.69213516
0.99253243	0.15130508	0.40264773
0.31150067	0.910434	0.6785806
0.25527775	0.9235648	0.6557991
0.030177057	0.31253314	-0.42585415
0.52564067	0.02963996	0.057738945
0.53535074	0.8497861	-0.12065667
0.6212207	0.8715642	-0.7031525
0.12838525	0.6300635	0.5738917
0.72702146	0.8201154	0.5621002
0.042794406	0.36542153	-0.29585642
0.9427969	0.5731052	-0.12242276
0.7885082	0.109212816	-0.6101925
0.8132628	0.9306673	-0.42615578
0.05168307	0.64319694	-0.18316495
0.7637987	0.4494115	-0.052755512
0.61071867	0.6396423	-0.32243994
0.052703917	0.60906774	-0.11129108
0.97122437	0.7875794	-0.16988084
0.9249915	0.76994354	0.20362751
0.80364895	0.9350367	-0.3406602
0.9570728	0.6370578	-0.12788711
0.54397994	0.28678757	0.2568254
0.1334461	0.2948057	0.1638689
0.30610174	0.07682878	1.269916
0.79198825	0.91478044	-0.23714589
0.88695616	0.8880156	0.1616602
0.5284589	0.20850539	0.14004505
0.40611714	0.28196692	-0.4555019
0.3523931	0.28294712	0.083425134
0.061724365	0.28855735	0.3295294
0.29742813	0.5484933	0.11849075
0.00057786703	0.8356534	-0.42814937
0.80530566	0.37864035	-0.25092945
0.37300622	0.5749874	0.10059762
0.66365933	0.98492426	-0.12667263
0.29416025	0.8253113	0.5958894
0.5297428	0.93562543	-0.29858404
0.6621822	0.5758331	0.015938785
0.5782901	0.59175885	-0.07044929
0.46168232	0.8538181	0.40822047
0.9403396	0.08278233	0.55728984
0.13792819	0.49099988	0.30510196
0.62548757	0.37932998	-0.40148962
0.2148388	0.8520916	0.57157373
0.7172483	0.51526505	0.24484578
0.47105253	0.22817844	-0.11098528
0.31561536	0.68300486	0.33571574
0.8515026	0.6861615	-0.17855224
0.63800925	0.242472	-0.42963207
0.3510589	0.2613324	0.08574148
0.060713828	0.9052082	0.14060166
0.1600728	0.13115484	-0.20604843
0.1759944	0.6645656	0.15756008
0.29047763	0.91137034	0.67885727
0.04365349	0.0429942	1.5261716
0.6141761	0.12568551	-0.43005225
0.49109071	0.08523953	-0.039648086
0.61893004	0.065798104	-0.2871975
0.22564298	0.18762529	0.18847749
0.52750295	0.82718843	0.036972634
0.4609272	0.46944904	0.18694407
0.07258654	0.20888644	0.6971864
0.27743077	0.9761685	0.6958819
0.18373811	0.1286825	-0.19490342
0.55102974	0.9829608	-0.71858877
0.66759104	0.6791201	0.15328254
0.3417303	0.40653574	0.05405215
0.39482957	0.6822609	0.35576433
0.583424	0.68112963	-0.25710484
0.52923334	0.2733032	0.22245486
0.97946346	0.4051295	-0.12291218
0.38749468	0.7478647	0.48377725
0.20236546	0.96225566	0.48697793
0.32385236	0.6953857	0.33593127
0.34627247	0.43273127	-0.017498702
0.21227407	0.89487326	0.552428
0.7943464	0.6856182	-0.1232616
0.5308948	0.44449115	0.42790008
0.18073016	0.7344631	0.2892356
0.13537186	0.84575284	0.37364578
0.19755596	0.6125621	-0.0013078051
0.19322127	0.39435935	-0.3452034
0.59048665	0.84480166	-0.7455923
0.55677575	0.8940803	-0.57366323
0.38176298	0.54967165	-0.031654574
0.020634294	0.9062873	0.061794676
0.021495998	0.3657474	-0.952099
0.76176184	0.8828558	0.22164261
0.93310714	0.57246494	-0.07242861
0.27243805	0.28149855	0.42362672
0.086861014	0.6292861	0.56939244
0.8428201	0.44350743	-0.22692315
0.19451159	0.7074906	0.23466863
0.055827856	0.7847785	-0.033724256
0.4894207	0.7539735	0.4280189
0.018457651	0.032690287	1.4295188
0.7581326	0.1239444	-0.85045946
0.65552896	0.63045007	-0.039953113
0.025849342	0.8833701	-0.06208278
0.95868635	0.43576849	-0.11546872
0.04482913	0.8443789	-0.0462748
0.701941	0.31223285	-0.17964402
0.7361187	0.5734142	0.32467368
0.8058989	0.6153249	-0.16322109
0.680253	0.9955797	0.23411877
0.21400863	0.0032522678	0.45335722
0.04493791	0.38915884	-0.26546806
0.14458501	0.070899546	0.053728826
0.46617252	0.68672514	0.4923245
0.19783062	0.27849615	-0.3540463
0.031721234	0.10075164	1.0199662
0.17426479	0.7608129	0.41113195
0.66113454	0.5191158	-0.04167786
0.91301435	0.38698965	0.036253095
0.80028564	0.6983023	-0.112171665
0.50975347	0.6722304	0.5492164
0.07972729	0.38115746	0.47063008
0.36454678	0.13041735	0.17597736
0.102525175	0.28814512	0.5627475
0.9496077	0.8274815	0.08315089
0.5055783	0.6598648	0.55071825
0.9758436	0.20318556	0.31264964
0.19024134	0.65779763	0.13671552
0.83983046	0.48675448	-0.29827455
0.91025066	0.6712692	-0.034320362
0.43387437	0.15301728	-0.39450645
0.18239492	0.48158646	-0.1800214
0.6527266	0.8236106	-0.12723741
0.5179268	0.41796333	0.51674956
0.96303517	0.42254555	-0.100747526
0.60161597	0.92599624	-0.9345809
0.6197821	0.6859639	-0.35737708
0.58829087	0.59215736	-0.19164538
0.7535512	0.51281744	0.04692245
0.07479143	0.091673374	1.1273694
0.3273567	0.8271108	0.62465507
0.36535364	0.72852993	0.40496844
0.7687391	0.8120703	0.15639973
0.67874545	0.2086423	-0.3423512
0.3633561	0.64538985	0.27397412
0.52319485	0.59705776	0.47959784
0.09542018	0.48899317	0.6028403
0.14092225	0.14052653	0.048718967
0.4509793	0.15798509	-0.33809537
0.09651482	0.04168409	0.89851505
0.34450662	0.5909172	0.11772268
0.75358635	0.3419897	-0.2428861
0.64903975	0.16926551	-0.40765625
0.48175818	0.6221211	0.51388353
0.028938293	0.25595945	-0.11561817
0.1258899	0.38605475	0.3414859
0.023267925	0.52764416	-1.1041483
0.6438323	0.42464876	-0.23971432
0.38229537	0.28617215	-0.33712453
0.03276956	0.79067576	-0.3909901
0.016155303	0.7353759	-0.88241494
0.95349854	0.359277	0.07279581
0.81487113	0.13890338	-0.33163092
0.33505243	0.45893353	0.053225514
0.32488924	0.17084211	0.65993565
0.5911158	0.68063855	-0.34145448
0.4424767	0.79052454	0.5330342
0.18246639	0.9849268	0.306842
0.11989665	0.85591626	0.3793935
0.7860008	0.18384898	-0.5557095
0.20586467	0.90191513	0.5173556
0.77664936	0.30534643	-0.35054576
0.67312735	0.95537704	0.13116802
0.9187596	0.5843124	-0.09983617
0.081587136	0.23720324	0.66535753
0.82163304	0.39294398	-0.2581666
0.6290753	0.46604073	-0.28659132
0.79644686	0.72452325	-0.14494526
0.54981214	0.49790043	0.33231696
0.86789435	0.5376446	-0.2820562
0.03384483	0.58991873	-0.8015102
0.18149114	0.083601415	-0.081878684
0.73676497	0.5931106	0.33317164
0.6810441	0.2708279	-0.3000494
0.8970033	0.8278239	0.20359394
0.5241	0.89416486	-0.07424045
0.09173626	0.40837097	0.5227262
0.65649354	0.5502798	-0.076625764
0.629879	0.16605788	-0.49571732
0.48821932	0.559341	0.49136198
0.4682665	0.24396217	-0.07725756
0.6877129	0.68929344	0.44530553
0.40746397	0.18636149	-0.41211542
0.46688187	0.8599093	0.41826436
0.72458357	0.31546015	-0.18163745
0.8678367	0.47414285	-0.20366752
0.39785212	0.77838224	0.5005503
0.21641392	0.81573117	0.51954323
0.83703816	0.069868624	0.032461718
0.54858184	0.17681408	-0.0013265666
0.61814314	0.25149453	-0.41667956
0.80337703	0.8291247	-0.19880551
0.9225621	0.6464479	0.052291818
0.46299565	0.8493634	0.4748048
0.78248644	0.49268556	-0.08242213
0.3526073	0.13191974	0.3940789
0.14000493	0.4099145	0.19615841
0.04199058	0.68871635	-0.4094595
0.7160251	0.49184895	0.18094087
0.8470325	0.5668075	-0.2385003
0.7976481	0.7226158	-0.118526176
0.8902463	0.020755768	0.7703978
0.95124686	0.29320055	0.22271952
0.10754329	0.10290825	0.6314719
0.14450729	0.021666467	0.04098762
0.12596422	0.52726233	0.5342968
0.36979693	0.15241683	0.072124764
0.21194708	0.20434225	-0.06789385
0.37262487	0.77838695	0.56614393
0.44929802	0.8394345	0.52065384
0.6724274	0.80040616	0.22231773
0.7720586	0.6770113	-0.0016503856
0.30364293	0.632827	0.2202615
0.67354226	0.59010404	0.16547848
0.7806701	0.48361975	-0.106882855
0.0076929927	0.29975402	-0.96647394
0.93337065	0.107153594	0.58576787
0.97198457	0.23740691	0.30467916
0.24736089	0.03512025	0.9948753
0.56895274	0.8556469	-0.5633937
0.5159452	0.36948842	0.39599547
0.5960103	0.0014657378	-0.1664419
0.7339379	0.5452362	0.20880757
0.43732703	0.9723084	0.36478654
0.22904164	0.028712153	0.62324774
0.61144847	0.06433731	-0.23066872
0.17731935	0.17210037	-0.24096161
0.48277795	0.55659825	0.46824884
0.032309413	0.524777	-0.86187017
0.7823723	0.122997165	-0.63532996
0.4560511	0.65230554	0.48736027
0.7118952	0.6553758	0.49516904
0.35498154	0.9780343	0.6418193
0.76775753	0.9132176	0.14231576
0.35388887	0.9699131	0.666411
0.84517777	0.8940648	-0.26997364
0.16946548	0.3231932	-0.2891654
0.40659648	0.3015771	-0.49872088
0.1519764	0.5102248	0.23208007
0.56889004	0.021783054	-0.16813223
0.8391991	0.6394301	-0.23946697
0.01834017	0.7475102	-0.763593
0.2795033	0.3317132	0.18567207
0.45887727	0.67252207	0.44716594
0.7739691	0.35564333	-0.25238654
0.027341366	0.406713	-0.85778254
0.4737817	0.6509495	0.5265507
0.467004	0.6561417	0.4795011
0.46752882	0.21732676	-0.14073516
0.56332886	0.19691163	-0.16234103
0.9548137	0.86104363	0.060259752
0.6963691	0.40582258	0.034810606
0.30806983	0.3965512	0.15988213
0.61129874	0.30147195	-0.39066193
0.019560218	0.9988989	0.4456976
0.0748353	0.30461818	0.52530766
0.49665976	0.3225808	0.25115123
0.21006632	0.24531901	-0.1560072
0.45604187	0.636302	0.36530763
0.82488376	0.8522238	-0.29408202
0.33738947	0.043803334	0.9707763
0.19020814	0.81686735	0.40173528
0.8287302	0.17417842	-0.25995755
0.94169617	0.30816525	0.16833827
0.6715041	0.114848375	-0.40407452
0.07741094	0.29663265	0.5567462
0.8240484	0.11734128	-0.21123773
0.4643315	0.1325658	-0.21624823
0.1713528	0.4461227	-0.17145018
0.08547622	0.13595438	0.8596414
0.9861056	0.5680717	-0.38947412
0.24856317	0.6559639	0.07732638
0.8234341	0.34101588	-0.24476989
0.30518478	0.5612977	0.09081565
0.9949913	0.45278102	-0.2246772
0.9476393	0.83638877	0.08783812
0.5852289	0.95412135	-1.0404
0.03534758	0.35938448	-0.47622037
0.25734496	0.34992003	0.009413528
0.099811375	0.48718977	0.59241986
0.06906837	0.9811421	0.11570151
0.9340402	0.49702954	-0.11458925
0.61885536	0.2568249	-0.50601935
0.0024626255	0.1353153	0.31582668
0.9044837	0.05892241	0.7208239
0.024621665	0.91441554	0.021928757
0.47011334	0.09686297	-0.13639592
0.555254	0.35793668	0.13594787
0.4843244	0.45469606	0.3739893
0.7980721	0.9525998	-0.3205282
0.4320978	0.60335445	0.25879186
0.66199195	0.8483677	0.008055414
0.019161642	0.7598727	-0.7227192
0.04570514	0.46638334	-0.36365587
0.49867058	0.649772	0.5626102
0.24472904	0.50675166	-0.15762551
0.11359024	0.7119378	0.6233805
0.51123655	0.11504614	-0.009595022
0.19498736	0.544245	-0.12216662
0.8650531	0.9524685	-0.09469481
0.12274957	0.8011576	0.5002874
0.5908484	0.15904689	-0.33282882
0.69620216	0.2120192	-0.32993335
0.079738975	0.9469537	0.16567712
0.450886	0.50823134	0.14721932
0.18379658	0.41407508	-0.23396431
0.04946536	0.042359293	1.553804
0.11932433	0.4545902	0.48265848
0.9830686	0.5134849	-0.30992553
0.29385465	0.90209687	0.699609
0.30776578	0.02494514	1.3266532
0.7459475	0.8940042	0.4972464
0.77594984	0.1164549	-0.76257443
0.57528615	0.5312892	0.044941533
0.19900209	0.2847076	-0.3675292
0.96687007	0.3158728	0.15828487
0.242522	0.73261803	0.22871083
0.1825127	0.09734005	-0.13064924
0.6109603	0.68942356	-0.36666408
0.7614458	0.8590569	0.22945343
0.5565235	0.8767513	-0.48753706
0.9401765	0.15104264	0.44718614
0.5278377	0.14742887	-0.0010798983
0.27828163	0.17646784	0.7908726
0.0287022	0.52858883	-1.0312455
0.97865784	0.8245991	-0.22894362
0.24133307	0.28237474	0.030846931
0.29279613	0.98172206	0.81506693
0.7378237	0.32005453	-0.1739681
0.8955991	0.838872	0.19968608
0.6045961	0.24429393	-0.45144102
0.68283916	0.16262752	-0.38467795
0.16501135	0.35363972	-0.2466597
0.9915378	0.39986444	-0.14672844
0.14107579	0.055195928	0.056409344
0.475169	0.517149	0.37409738
0.75799847	0.6859562	0.26535872
0.15491802	0.3979302	0.0221574
0.114802	0.7795227	0.5143073
0.25096464	0.5428889	-0.11237927
0.4422298	0.78074545	0.53594035
0.9464458	0.21435565	0.34976444
0.20589745	0.7270825	0.2386925
0.44683278	0.112018645	-0.26347923
0.9169894	0.5187317	-0.06289691
0.034475565	0.8417357	-0.13007967
0.5781591	0.022010803	-0.18059973
0.43110263	0.68296474	0.39513925
0.38105237	0.6664091	0.29146278
0.78573674	0.65623933	-0.031317882
0.7662398	0.41506392	-0.07514949
0.0051664114	0.12973362	0.40694982
0.5315651	0.98082227	-0.42600724
0.12277585	0.23801994	0.3094709
0.7362389	0.057150304	-0.8106812
0.8214413	0.7624885	-0.2267645
0.041622162	0.72345877	-0.36424443
0.82209	0.7491856	-0.23853187
0.48788178	0.88152415	0.29148883
0.99455625	0.30917698	0.10013816
0.6571764	0.5329378	-0.028989173
0.5087372	0.7620652	0.3393446
0.6617187	0.55025226	-0.03785345
0.8054824	0.07939327	-0.45755535
0.88940316	0.7532879	0.13601908
0.18153542	0.42111665	-0.23886882
0.29629457	0.47776055	0.1146168
0.15525913	0.6757971	0.37857243
0.76330304	0.73498106	0.20343252
0.15946656	0.99937475	0.049514152
0.63340676	0.08095908	-0.28622267
0.28014153	0.23770624	0.55038446
0.5011409	0.50070304	0.5130807
0.4236647	0.9940072	0.40323246
0.9337204	0.040958643	0.6605282
0.6412669	0.31556225	-0.39416748
0.8580637	0.7021757	-0.1544639
0.9261479	0.49975276	-0.07782576
0.13297158	0.51079386	0.41716543
0.7502476	0.35923767	-0.19585918
0.87751305	0.19375014	0.15220256
0.7458154	0.24824381	-0.37937918
0.75435764	0.52415633	0.105836555
0.61041665	0.61860216	-0.36368293
0.008145511	0.81199676	-0.61677015
0.49324864	0.0624882	0.035674956
0.6487345	0.17716849	-0.40603453
0.9607367	0.07495332	0.53233856
0.809887	0.3438847	-0.2821384
0.9747751	0.41863978	-0.11118755
0.9296903	0.52460384	-0.094928905
0.49150914	0.7315163	0.51152253
0.6871703	0.28594637	-0.23320982
0.87415487	0.71057546	-0.06815695
0.75506544	0.92512274	0.3174469
0.55820245	0.08253747	-0.19498262
0.4623689	0.819295	0.5082217
0.88063335	0.94617116	0.08366029
0.58407354	0.8204708	-0.662796
0.4906004	0.2194475	0.028490983
0.95914257	0.40063304	-0.015151946
0.15983033	0.3954746	-0.07638396
0.6058825	0.3643487	-0.37862283
0.86996824	0.9457184	-0.006091917
0.75758195	0.7343337	0.29571217
0.3822745	0.91753906	0.6067691
0.36650872	0.9269807	0.64972407
0.69226784	0.65863216	0.36318317
0.5280191	0.8847839	-0.10148077
0.09028667	0.16745657	0.7164804
0.998025	0.69520706	-0.44151312
0.19304979	0.027718604	0.07597389
0.22662699	0.048012078	0.597158
0.015076995	0.37108344	-1.1394846
0.955331	0.06757134	0.5714618
0.21384114	0.8484145	0.49493784
0.9161887	0.5223252	-0.09403742
0.18958962	0.35345864	-0.36324728
0.5823497	0.52699435	-0.06644587
0.29442453	0.3153004	0.30008605
0.69902635	0.6570237	0.4785716
0.6473306	0.6171046	-0.078545004
0.97947264	0.040570974	0.4712103
0.46850532	0.6601843	0.5257957
0.62929046	0.1481669	-0.45698878
0.54610044	0.19750702	0.049564548
0.4133621	0.8260588	0.53778815
0.8728772	0.96333474	0.02573923
0.31440806	0.8572805	0.6372103
0.35341656	0.80350035	0.56822014
0.43220478	0.021720946	-0.174695
0.16313845	0.30029953	-0.15694442
0.22159791	0.8251134	0.4727451
0.58871186	0.021145284	-0.22060277
0.12215334	0.26871634	0.27624193
0.8493606	0.7614806	-0.1414893
0.11839229	0.9182252	0.14179859
0.9174037	0.3308227	0.105166584
0.6023927	0.48179746	-0.2344465
0.64016455	0.56144	-0.20642152
0.17234743	0.78951395	0.40996835
0.40022057	0.96440923	0.55738497
0.66695505	0.55916476	0.048989616
0.44930255	0.1402446	-0.38509747
0.84529155	0.8663872	-0.1998117
0.197595	0.2972355	-0.34037194
0.6512891	0.67565995	-0.032409996
0.68645567	0.8610599	0.41390237
0.29083163	0.5843286	0.14425886
0.120960474	0.8478814	0.38033012
0.61287695	0.20618314	-0.42635003
0.3586545	0.5362691	0.011461809
0.7623188	0.17116302	-0.61214185
0.27538562	0.7360021	0.38434908
0.7383181	0.64540607	0.36156955
0.59712553	0.73883915	-0.4892134
0.25091815	0.6812873	0.15654296
0.64397985	0.7187365	-0.22791353
0.8174538	0.20683897	-0.37598622
0.6535155	0.0078936815	-0.112899095
0.8351592	0.41723418	-0.28198045
0.8891363	0.890221	0.20833713
0.0792954	0.2908082	0.53892905
0.87361306	0.6329571	-0.17993589
0.48894495	0.9212261	0.15456608
0.9941743	0.04226619	0.48757514
0.4046086	0.2844193	-0.48853675
0.074762166	0.2526496	0.62175417
0.14060193	0.36601222	0.15477031
0.60299957	0.8034966	-0.6604669
0.6205635	0.4010433	-0.42719284
0.600143	0.9018872	-0.95844615
0.19151902	0.85704195	0.43508992
0.78388494	0.80359423	-0.054474156
0.6338769	0.13043094	-0.3444403
0.25791073	0.05676973	1.1299113
0.12467164	0.27159953	0.27684763
0.42190844	0.1395117	-0.34436965
0.58456904	0.6011557	-0.18501711
0.68884856	0.3715623	-0.07354739
0.30606818	0.9226528	0.7162484
0.5189988	0.9835618	-0.2703568
0.08974773	0.29284155	0.60327417
0.6216878	0.50219846	-0.2842513
0.41594106	0.3235988	-0.45775628
0.42242718	0.6305843	0.3074778
0.4283991	0.75377923	0.5336016
0.1663379	0.20621073	-0.21730381
0.80311495	0.4897638	-0.20587829
0.08062941	0.67472553	0.44931424
0.47715312	0.570815	0.46557957
0.35814482	0.091534555	0.3951445
0.68799245	0.5387524	0.20875317
0.65362763	0.7670684	-0.098740965
0.23468465	0.27412766	0.023534551
0.718425	0.17815387	-0.48656666
0.41275948	0.034379303	-0.2227335
0.3310259	0.77647203	0.5332275
0.48220772	0.57065845	0.51279724
0.02019751	0.6160199	-1.2140837
0.16094518	0.35735762	-0.1328073
0.44355208	0.25529295	-0.37463772
0.5633425	0.5076521	0.16807725
0.1663186	0.42165935	-0.16075587
0.38096923	0.6104186	0.17278415
0.1586194	0.19536722	-0.13863072
0.6652897	0.53729814	0.015663305
0.804608	0.3846485	-0.25507882
0.5363379	0.47209293	0.47710788
0.5133994	0.1869598	0.12452641
0.056043684	0.6776156	-0.021937832
0.11394119	0.9060712	0.23349304
0.95544404	0.83080226	0.014658025
0.5413376	0.8885546	-0.2832557
0.027094066	0.98657995	0.3933254
0.45766336	0.30394083	-0.1532844
0.13798833	0.91651416	0.23390508
0.27667016	0.8599682	0.63973683
0.835834	0.5150083	-0.2041355
0.15332079	0.23134387	-0.16695338
0.3114817	0.39067435	0.11548339
0.22681224	0.023602307	0.7286461
0.18403465	0.23269683	-0.2555486
0.5760685	0.31330866	-0.1557908
0.09878498	0.11824477	0.7092988
0.6384928	0.13636369	-0.40525123
0.36255634	0.32485336	-0.11706742
0.81424564	0.32144535	-0.31689864
0.21973312	0.7970294	0.4111668
0.47685093	0.9233281	0.31736058
0.26042324	0.7230045	0.33075318
0.31982297	0.7503989	0.50221485
0.160972	0.6109733	0.30042857
0.7363082	0.36626887	-0.06419176
0.5241419	0.6395667	0.5080584
0.13238305	0.5201886	0.44494805
0.3952461	0.052358747	-0.13402915
0.52270144	0.33132648	0.38504523
0.7835307	0.5074855	-0.15160179
0.23441058	0.987784	0.6355862
0.7281509	0.26636457	-0.2777884
0.8151478	0.39121133	-0.19575071
0.3542422	0.105572104	0.4607894
0.7144152	0.94053054	0.6134784
0.590262	0.13463801	-0.29807803
0.89903885	0.16518933	0.40084112
0.23542756	0.32701212	-0.12982346
0.20914513	0.522203	-0.26812553
0.54108834	0.2036742	0.07893342
0.6470952	0.23464864	-0.44100696
0.20384812	0.31253093	-0.37396258
0.15550137	0.326325	-0.09172609
0.58047694	0.5218259	-0.011593789
0.11765772	0.9578115	0.07583746
0.4649815	0.10280025	-0.19668342
0.36345696	0.011120319	0.57177734
0.39938426	0.39096016	-0.33292747
0.28180313	0.89865583	0.7012316
0.66162664	0.8033642	0.017807484
0.45063406	0.5875242	0.36645478
0.3660738	0.24739987	-0.1177515
0.8104882	0.5238863	-0.2053924
0.4088272	0.53864145	-0.022659667
0.49368972	0.21950322	0.1280082
0.21035373	0.08380365	0.15482101
0.28434873	0.5599266	0.090133026
0.26721334	0.8075175	0.5358272
0.27467954	0.98575115	0.69507873
0.13724005	0.2061944	0.05291655
0.7475306	0.4790774	0.07139072
0.44164485	0.25297338	-0.4139706
0.8960373	0.91732013	0.21937928
0.7074832	0.75067	0.5700846
0.45442772	0.2706468	-0.22377107
0.5477764	0.17985135	0.024844825
0.83299243	0.031630933	0.11118604
0.59145826	0.30373085	-0.25381783
0.07445103	0.3608116	0.4080764
0.58292234	0.07664436	-0.3098003
0.5727799	0.80048054	-0.43501678
0.9588003	0.63217455	-0.16557461
0.48461646	0.8956098	0.2458611
0.3462116	0.68066823	0.33966517
0.055895805	0.46712744	-0.07887938
0.79645	0.061338305	-0.6022649
0.49391514	0.6834462	0.5159238
0.37208784	0.50720197	-0.053775735
0.93762296	0.9905099	0.23367317
0.34065682	0.32557446	0.11529689
0.020143092	0.016004264	1.5416173
0.7232431	0.72456455	0.5202107
0.4247614	0.26870853	-0.5045425
0.69312966	0.3808809	-0.048363037
0.09063023	0.17536312	0.7223047
0.22491497	0.14840895	0.2587393
0.69441223	0.20222414	-0.3791137
0.9720637	0.2831282	0.142602
0.85871017	0.5900479	-0.19179259
0.96014905	0.9250331	0.024308829
0.27657825	0.30610466	0.31665975
0.5027051	0.21826142	0.15650433
0.8719647	0.36743605	-0.13535033
0.47148192	0.46452153	0.26358825
0.5733107	0.68268454	-0.18127646
0.32813287	0.025841951	1.1694748
0.30954248	0.94760567	0.708909
0.32157302	0.3548811	0.18104693
0.35353386	0.91279966	0.70838517
0.29288673	0.65775096	0.21553034
0.56117684	0.9233973	-0.633077
0.50737554	0.71079206	0.40976015
0.42090976	0.049309433	-0.2513356
0.31039226	0.1585536	0.92439103
0.40824538	0.53960305	-0.022098757
0.87327135	0.5463923	-0.20592128
0.3583483	0.24888897	0.076924935
0.14284116	0.0599643	-0.00441505
0.80816764	0.49046826	-0.23717365
0.65523744	0.70031744	0.029342365
0.38978803	0.87185043	0.6360268
0.2385748	0.87741506	0.6267909
0.87098885	0.44892412	-0.14840987
0.7226373	0.84715414	0.62550795
0.6305287	0.062874615	-0.33006096
0.9687761	0.78408986	-0.15837063
0.1969173	0.81060344	0.43342695
0.051110208	0.41629332	-0.14378798
0.63200223	0.94341177	-0.764466
0.22653407	0.36996412	-0.3342973
0.96199167	0.7074976	-0.14128014
0.53199786	0.0568313	-0.035037674
0.085755944	0.10741198	0.97285295
0.5881223	0.9695733	-1.1272953
0.3506366	0.48105752	-0.026673714
0.5942381	0.48971874	-0.12099603
0.03204137	0.8206167	-0.25783634
0.47597122	0.31520206	0.03444819
0.040028334	0.34897655	-0.341389
0.738174	0.38170314	-0.052995734
0.4911105	0.40914762	0.36511776
0.8336902	0.60093445	-0.23627514
0.6481757	0.84081846	-0.21344444
0.02568841	0.45503372	-1.0504103
0.07191765	0.91862154	0.15058011
0.15224499	0.8705201	0.37307695
0.42131287	0.36241168	-0.38280487
0.06586248	0.9871709	0.12143233
0.22668624	0.47115302	-0.30780894
0.81388694	0.121950746	-0.38664222
0.609506	0.40930247	-0.34006146
0.7872532	0.6972267	-0.06270502
0.82418454	0.8800316	-0.2557753
0.033458114	0.07461947	1.2655913
0.54445606	0.4409216	0.34531006
0.2842664	0.067588866	1.290021
0.1443705	0.8975985	0.29606017
0.5209558	0.33785105	0.35313383
0.41099352	0.9730414	0.48158407
0.20731062	0.91441107	0.52333766
0.8890679	0.46130556	-0.09764022
0.3557002	0.7711416	0.55954725
0.44783777	0.7306001	0.5027516
0.8015078	0.7891402	-0.20739879
0.53395426	0.41854388	0.36019784
0.011302531	0.95461804	0.31901434
0.6993913	0.4891026	0.19640017
0.17110032	0.54589045	0.06265777
0.9252952	0.6031702	-0.06708342
0.015247524	0.9000253	-0.020166215
0.672251	0.47430688	0.022155695
0.22386342	0.2531706	-0.06459682
0.19396871	0.75864464	0.32540444
0.3789326	0.2974121	-0.25552982
0.95696676	0.06302583	0.58256245
0.046904445	0.4687624	-0.35553062
0.9388844	0.08758086	0.6144973
0.6092115	0.27847797	-0.4065314
0.8240402	0.6684138	-0.21380585
0.851078	0.7910815	-0.16689298
0.9759726	0.13818705	0.45697767
0.8767176	0.62017024	-0.124328874
0.22702718	0.54763675	-0.1995912
0.15303952	0.4944381	0.18057103
0.71283746	0.5018471	0.226457
0.26221353	0.2598378	0.33255354
0.47200614	0.21796066	-0.11683183
0.5072529	0.74813503	0.40745193
0.44470847	0.17621619	-0.413159
0.33187777	0.58811855	0.14942288
0.4140228	0.72890085	0.43807885
0.3624732	0.14258718	0.22515966
0.575622	0.5290474	0.02801837
0.19835079	0.9006652	0.51778114
0.1016472	0.5670444	0.6874384
0.90706944	0.92775816	0.3050063
0.0867669	0.2414667	0.6692311
0.6693471	0.70252204	0.25370312
0.9236727	0.33586395	0.1529121
0.5261424	0.7679101	0.19355363
0.53422576	0.90195376	-0.21436794
0.334374	0.48198062	-0.018838737
0.2905742	0.0019931197	1.517196
0.17303169	0.1376068	-0.25753856
0.9541098	0.0397923	0.5891085
0.48584014	0.26302075	0.09987231
0.4848889	0.3676169	0.21563017
0.3034336	0.94495624	0.7070011
0.20126551	0.254623	-0.33838385
0.3050924	0.8245485	0.6073318
0.6376575	0.06481016	-0.29844195
0.20287955	0.07413697	0.079790235
0.059203804	0.88666207	0.11651905
0.013988376	0.56887954	-1.4537275
0.71307915	0.93220174	0.65013117
0.7944959	0.32101357	-0.29470882
0.42325526	0.65294975	0.2576287
0.6962834	0.99493575	0.5416329
0.93453246	0.14441782	0.49620125
0.77206784	0.2559778	-0.46299168
0.54647523	0.39115387	0.26487786
0.8275124	0.5668374	-0.2703846
0.89722323	0.9316348	0.24506736
0.5123234	0.9425437	-0.10934563
0.39030355	0.017033517	0.027732752
0.31567585	0.59140074	0.12725493
0.09655833	0.26442546	0.6067002
0.4486642	0.6598486	0.42347753
0.09462756	0.36351478	0.55880415
0.09035516	0.7317768	0.50899374
0.918114	0.06385881	0.65077007
0.5643716	0.5603312	0.062123545
0.6086886	0.98651445	-1.0850784
0.18857658	0.0059390664	0.06564071
0.89386	0.01879841	0.81163985
0.19054967	0.22258407	-0.27278733
0.08884424	0.12956661	0.8907217
0.3561095	0.22563916	0.1284296
0.29524976	0.5879772	0.1279035
0.3250872	0.09137386	0.95267475
0.9692136	0.58073306	-0.21228549
0.7844843	0.57764053	-0.104232915
0.05910015	0.3705775	0.15431029
0.41359496	0.6681302	0.33349508
0.5694436	0.38244087	0.07228021
0.1030131	0.10909665	0.654519
0.25203604	0.29698765	0.12829907
0.83467215	0.2013914	-0.19588542
0.16761595	0.8381556	0.4998578
0.0012069345	0.7385798	-1.1036488
0.8503794	0.9077631	-0.25132015
0.7462489	0.60218406	0.29051635
0.9740421	0.74183697	-0.24452959
0.6567462	0.08144665	-0.3646034
0.8132131	0.7985879	-0.21218915
0.24732357	0.94518214	0.6452119
0.15375859	0.3630377	-0.022625256
0.3394891	0.86517024	0.66892385
0.745673	0.7421191	0.32651764
0.92311275	0.6853453	-0.00021127984
0.26796198	0.7795654	0.43077472
0.42288458	0.8411449	0.5918706
0.43357342	0.33318657	-0.34512767
0.953541	0.45573443	-0.050436955
0.15286595	0.37492085	-0.042385828
0.1526156	0.80716294	0.41607526
0.5240459	0.8475786	0.010396341
0.46470857	0.1968875	-0.1875318
0.33818066	0.8350824	0.6508804
0.5017488	0.47492373	0.48601714
0.9144629	0.025142431	0.7887978
0.68095034	0.8471757	0.34472007
0.05556357	0.24960947	0.47467524
0.6736342	0.18787217	-0.34995228
0.29166692	0.79126155	0.52761257
0.7126012	0.71254873	0.57752025
0.007643819	0.8677254	-0.20646258
0.969898	0.5004723	-0.19641331
0.1993444	0.7969695	0.40362498
0.6377849	0.11977625	-0.3244779
0.8206256	0.08245361	-0.29713157
0.5800063	0.19361627	-0.31178164
0.062821686	0.7277712	0.14666897
0.24181741	0.6231541	-0.0015728124
0.5176342	0.23484427	0.1598701
0.6397446	0.9887025	-0.6453934
0.53583944	0.8524609	-0.12903306
0.3455723	0.42861652	0.009512687
0.53123856	0.5491209	0.480175
0.9365365	0.06859386	0.56603456
0.94555867	0.3057388	0.16758361
0.09324223	0.6492137	0.6157051
0.77585226	0.13303941	-0.74949116
0.38762778	0.78107864	0.47195488
0.7132546	0.4410975	0.0730034
0.0949353	0.90644914	0.28712028
0.48810977	0.41134125	0.31028935
0.63309884	0.41539037	-0.33052704
0.8708488	0.66537637	-0.1107644
0.07168245	0.3087756	0.40970975
0.42587095	0.05079943	-0.2484448
0.89108336	0.95785236	0.20311053
0.5647789	0.22599214	-0.077865414
0.21743375	0.22319275	-0.10605432
0.45525742	0.91845095	0.41749036
0.5896183	0.474755	-0.14627303
0.43994945	0.008554041	-0.12225228
0.24127746	0.60651463	-0.06645554
0.72229207	0.76186126	0.5740285
0.07576287	0.6938934	0.42255268
0.14688599	0.67417526	0.4453499
0.33359766	0.6055594	0.23063214
0.63877416	0.8950273	-0.5124274
0.81902885	0.09703004	-0.29302916
0.9697579	0.76377136	-0.20277604
0.20098877	0.3251207	-0.38940305
0.52455306	0.3931852	0.41223183
0.1597591	0.18653607	-0.20231937
0.9270649	0.80457896	0.25774327
0.62210584	0.09918797	-0.31409526
0.65422434	0.823766	-0.09342417
0.17943889	0.39449674	-0.33377936
0.21574235	0.55055434	-0.22612122
0.13571632	0.8877313	0.33150956
0.45726246	0.06480032	-0.17984489
0.9895853	0.9830429	-0.27785552
0.18221515	0.47261912	-0.1803483
0.7295877	0.5925714	0.36281466
0.032556415	0.99199903	0.35763684
0.36688918	0.7390349	0.41532335
0.65006423	0.33748764	-0.37710023
0.021702826	0.96414775	0.3092012
0.10763532	0.14459884	0.57628554
0.88513714	0.23948103	0.1518904
0.9530756	0.59669054	-0.1420996
0.46471006	0.3941599	0.057337012
0.17220658	0.8634282	0.36656207
0.9890908	0.55017537	-0.36725664
0.28573447	0.9243942	0.72024095
0.7869161	0.7364414	-0.09955527
0.67684007	0.81763417	0.30227894
0.4700926	0.22442383	-0.08585945
0.012528956	0.16283834	0.27677128
0.42596024	0.18275326	-0.49255148
0.8159293	0.6108396	-0.16323651
0.332268	0.7922343	0.54427314
0.5703111	0.1070233	-0.21187283
0.8885655	0.603492	-0.1465534
0.263507	0.1868183	0.631659
0.5765966	0.54618263	0.013434172
0.24821538	0.40252042	-0.1817491
0.16772896	0.24339509	-0.24631888
0.4675578	0.9324221	0.32987982
0.6904461	0.9761325	0.44770244
0.55587345	0.32085776	0.0810937
0.64132386	0.24657053	-0.40856472
0.7010847	0.71374345	0.5634529
0.9295211	0.89434975	0.31577906
0.114839196	0.55015606	0.65480834
0.19285452	0.45049864	-0.24810433
0.51956207	0.4759032	0.5372069
0.38357395	0.42824227	-0.21468961
0.7850633	0.1862306	-0.5650525
0.7854579	0.39093232	-0.23598307
0.956505	0.50765693	-0.17737475
0.096185505	0.50482976	0.53690386
0.24119002	0.28293377	0.009287141
0.02237463	0.24760097	-0.2664592
0.30905187	0.74491656	0.4148519
0.11414242	0.9968723	-0.10150717
0.27895343	0.9658156	0.814491
0.08150315	0.1777848	0.77508575
0.84100693	0.93841136	-0.36297572
0.8967888	0.8647081	0.2464341
0.37017977	0.84608746	0.6112067
0.7661942	0.26045167	-0.42659205
0.04258156	0.03442031	1.5890032
0.87874943	0.75793666	-0.015814846
0.117925406	0.066363394	0.47664592
0.31973988	0.4595099	0.085708775
0.2822687	0.184807	0.83739156
0.5133041	0.6480649	0.46595138
0.7128563	0.8972908	0.67726547
0.8960773	0.37259096	-0.00896135
0.86713797	0.59618515	-0.1892444
0.14362246	0.1201244	0.017639192
0.5388342	0.43143475	0.37039545
0.8846862	0.4393313	-0.17207459
0.8498974	0.6787774	-0.19390757
0.6024258	0.64614516	-0.34976998
0.4544803	0.99008113	0.22055349
0.9981643	0.76486784	-0.44904736
0.20281571	0.38611847	-0.3943399
0.35312968	0.75272834	0.45826074
0.042238355	0.004381895	1.6957194
0.96984833	0.34808338	0.042914588
0.38046187	0.4025995	-0.21798238
0.19731778	0.3541227	-0.33162272
0.0865376	0.5018843	0.55350107
0.5737561	0.14640927	-0.27255613
0.22212416	0.775656	0.40441138
0.46672535	0.1116392	-0.18719602
0.94127667	0.66625303	-0.098015055
0.023249447	0.39804208	-1.01002
0.9266002	0.5716185	-0.03362695
0.16605598	0.5689484	0.13209778
0.9466783	0.8140098	0.09347976
0.8710951	0.37223947	-0.17406344
0.115169644	0.9015285	0.259742
0.31558847	0.08358127	1.1358054
0.5469758	0.37246358	0.2781763
0.45427513	0.85588217	0.495648
0.43226206	0.93642485	0.4911183
0.7347377	0.98832303	0.61311626
0.66692156	0.4659083	0.007994324
0.56752145	0.3142156	-0.013713109
0.34837997	0.5380169	0.04619723
0.24692166	0.7330516	0.35240164
0.61514455	0.039378166	-0.21242844
0.205674	0.29960215	-0.29913616
0.53102654	0.48189336	0.44333208
0.2798471	0.22259319	0.6389829
0.7906519	0.910629	-0.22516714
0.42186606	0.04975909	-0.26273996
0.69005984	0.25612515	-0.31525755
0.38736856	0.49767905	-0.015011191
0.48096097	0.16246742	-0.044460256
0.3756746	0.9687819	0.6174313
0.63687336	0.67023784	-0.24538356
0.27875853	0.35572404	0.12368019
0.5528621	0.94635445	-0.68214065
0.40960085	0.67099845	0.31185168
0.15814269	0.30404812	-0.19791082
0.7349713	0.12117541	-0.66712475
0.9409777	0.4337765	0.0078269355
0.4309464	0.7527432	0.47472054
0.692547	0.45031685	0.13238236
0.9927032	0.45346206	-0.28853768
0.5798666	0.9029483	-0.8357918
0.91916907	0.05931902	0.7121229
0.4544446	0.59577495	0.38252726
0.2568245	0.0050073266	1.1903169
0.59203404	0.6723646	-0.32318753
0.590621	0.39121115	-0.18962191
0.32448488	0.23052704	0.49386522
0.82238096	0.1699673	-0.31578496
0.060450137	0.7918433	0.11215066
0.31866354	0.57297826	0.14744274
0.9355011	0.65927386	-0.018168813
0.82444847	0.87672323	-0.31792593
0.7806768	0.9232846	-0.08084634
0.2377665	0.8865598	0.6053129
0.38322145	0.64472777	0.20464274
0.79514503	0.2657842	-0.40526286
0.5605681	0.8357771	-0.4330135
0.99442923	0.26149148	0.18192264
0.5716601	0.7072607	-0.18615203
0.54303384	0.65121	0.2806982
0.7159231	0.83055884	0.64840466
0.71930176	0.9803864	0.7236603
0.80133086	0.5729233	-0.18993601
0.55739254	0.60740256	0.21342734
0.47294068	0.1795749	-0.13777837
0.5859208	0.6637128	-0.26094264
0.079480946	0.22535461	0.6887898
0.9741687	0.9846583	-0.17553033
0.38811952	0.087427914	-0.10517913
0.8670492	0.35564154	-0.22105584
0.16438419	0.3826276	-0.13353
0.24475908	0.14324462	0.55379003
0.3654341	0.09574205	0.297247
0.8263096	0.8109937	-0.28869915
0.49104655	0.10951173	-0.037416644
0.7421521	0.8900626	0.52376
0.4910599	0.9602769	0.12257877
0.79124385	0.15851957	-0.5410896
0.43891793	0.32894504	-0.31156465
0.24697876	0.814643	0.5138422
0.28437138	0.5682053	0.053341974
0.854532	0.07479167	0.29697832
0.42476487	0.288706	-0.43922934
0.5753779	0.7594491	-0.41242355
0.38268262	0.40712053	-0.2565453
0.02669692	0.1893422	0.27196178
0.12433612	0.48329586	0.56066656
0.14859325	0.9817322	0.11675225
0.13167942	0.7928437	0.5144725
0.5630831	0.9590084	-0.8404174
0.70668507	0.81514525	0.6305647
0.40471387	0.97848946	0.5781071
0.822889	0.6719693	-0.17653224
0.26046532	0.37180048	-0.0202713
0.90251666	0.5558979	-0.082501896
0.65559644	0.098305345	-0.2892125
0.08436602	0.1518864	0.8229299
0.22256482	0.8637837	0.51947933
0.036270022	0.42018217	-0.634791
0.55649555	0.1343466	-0.14182834
0.58144337	0.21954435	-0.26436213
0.85652137	0.8275651	-0.03576514
0.091448784	0.950939	0.11263284
0.5700874	0.8759165	-0.63723785
0.35616726	0.7245723	0.38072222
0.6516516	0.25648248	-0.43924296
0.78163445	0.6594361	-0.004663704
0.45322835	0.941462	0.39426646
0.83334535	0.34069353	-0.24362706
0.6693772	0.8493433	0.06717049
0.65190524	0.7697259	-0.09531032
0.02629286	0.34166402	-0.6592515
0.023665369	0.3860615	-0.958548
0.2691607	0.6203182	0.08617267
0.9329497	0.6223776	-0.030044196
0.27004242	0.60346794	0.065721154
0.64107287	0.81310624	-0.3848803
0.8562631	0.99192965	-0.20772618
0.3467269	0.46922815	-0.012933109
0.47185862	0.77831256	0.524956
0.45659053	0.64884603	0.46536753
0.63652337	0.16793269	-0.45584825
0.45818555	0.60084164	0.3694762
0.058238387	0.7494162	0.0002469942
0.5756926	0.09370059	-0.2508219
0.7247128	0.1580376	-0.57766175
0.5394828	0.666924	0.22126432
0.25845993	0.3852178	-0.08828263
0.50887144	0.13494784	0.05392409
0.72117364	0.8205127	0.6057492
0.32748997	0.98783505	0.6948134
0.9271708	0.35833842	0.08124805
0.53137773	0.9641584	-0.3657796
0.40309113	0.5063904	-0.067174785
0.211142	0.681257	0.13879028
0.51118004	0.9780911	-0.15315299
0.13557911	0.024253786	0.15706812
0.16624689	0.6922573	0.37424654
0.03238702	0.23757386	0.056098264
0.7110287	0.86138326	0.6896673
0.2328685	0.26117402	0.0028354675
0.19431502	0.94513196	0.43138495
0.026515543	0.26384532	-0.25130817
0.46657312	0.5452551	0.42601514
0.10893613	0.014603019	0.6973101
0.63093156	0.14765626	-0.47734803
0.20481277	0.02763611	0.24992703
0.65301615	0.016687155	-0.122136444
0.45135367	0.18767923	-0.36262476
0.48663414	0.1891793	-0.0052177515
0.043974698	0.7874124	-0.25057492
0.5856782	0.3982888	-0.14680347
0.64678854	0.6358912	-0.1695149
0.15456021	0.75244814	0.3795609
0.64583844	0.57890075	-0.15970123
0.9682925	0.04101491	0.53432256
0.5833493	0.1311084	-0.3049008
0.17366719	0.1987685	-0.29074568
0.045684874	0.2526688	0.2808859
0.38575608	0.5762324	0.10084487
0.69969416	0.2759657	-0.21650524
0.94996613	0.29022866	0.25143072
0.9206335	0.4280002	-0.019724136
0.15192503	0.18021923	-0.18943956
0.79167914	0.5633672	-0.1442746
0.32602012	0.1964953	0.6064691
0.17715526	0.73424256	0.3663098
0.9921689	0.1968897	0.2953165
0.35523123	0.23051208	0.09321639
0.08047289	0.15545267	0.86189544
0.942342	0.6213198	-0.034085125
0.9908676	0.55924743	-0.42708308
0.7329576	0.8825286	0.5156993
0.45061815	0.6071574	0.34205353
0.19784957	0.54057676	-0.116897166
0.8334737	0.9934569	-0.4873664
0.9986568	0.14879006	0.3618694
0.77409196	0.8630765	0.034784168
0.38841718	0.678219	0.32892886
0.8394116	0.15639192	-0.025647715
0.51098573	0.28820837	0.2783805
0.39737725	0.028560579	-0.02708709
0.1833421	0.502647	-0.14547223
0.96304476	0.3596102	0.05873248
0.39730245	0.29578406	-0.3822717
0.80313766	0.40305924	-0.20786
0.42308444	0.65774536	0.34064212
0.4387871	0.938033	0.439431
0.45948333	0.47030473	0.15671523
0.06350583	0.70073986	0.12587844
0.28047383	0.42510587	0.0021091178
0.29082716	0.7584715	0.4709944
0.9393877	0.02377677	0.6653847
0.5881245	0.20956749	-0.2970928
0.4518801	0.39996797	-0.05476717
0.97792923	0.3641134	0.0015120134
0.10542077	0.54685456	0.5945392
0.688271	0.5114462	0.18762748
0.09624666	0.45399582	0.57998055
0.30435884	0.8116637	0.5974939
0.8906728	0.953779	0.18230478
0.6564229	0.4465443	-0.19981664
0.9789054	0.9355655	-0.13183303
0.13775891	0.6775751	0.5493514
0.47851634	0.9647412	0.23977983
0.82003313	0.14807314	-0.3107074
0.8130299	0.714295	-0.17750709
0.015542746	0.8706041	-0.20999362
0.6552026	0.53786397	-0.1041274
0.09293717	0.08114129	0.91690445
0.94347966	0.823964	0.1433199
0.96554244	0.4088257	-0.0588404
0.12168521	0.6413604	0.6971515
0.5460756	0.36872232	0.3324147
0.9793743	0.9580678	-0.18916786
0.6246339	0.6862321	-0.36911637
0.3996902	0.07832754	-0.17249502
0.22801566	0.28872323	-0.18616557
0.30671304	0.7216537	0.39117533
0.25195098	0.7433492	0.3259195
0.5527751	0.24516279	0.020901954
0.74848187	0.009155989	-0.95129937
0.8354894	0.8443985	-0.27789938
0.4683143	0.47053105	0.26251805
0.45565903	0.7364135	0.50507176
0.91585386	0.43494332	-0.029433638
0.7668453	0.22407925	-0.5304335
0.50540507	0.24495357	0.19611304
0.3907689	0.2724365	-0.3110227
0.72555995	0.9078669	0.6769912
0.35141706	0.05664885	0.6238175
0.5210692	0.34427768	0.40282527
0.23934972	0.2936582	-0.027513701
0.4584375	0.9454262	0.3201431
0.354002	0.9501987	0.69100696
0.069057405	0.82495224	0.18326962
0.6962528	0.30019218	-0.13476035
0.28469628	0.8347642	0.6063497
0.22349566	0.77805686	0.3603329
0.7633544	0.73450375	0.22785397
0.41539705	0.6495076	0.312837
0.8219717	0.025745392	-0.12832017
0.3419271	0.090937555	0.75978464
0.39372963	0.20932776	-0.40406594
0.5221365	0.92234135	-0.18434593
0.37430376	0.25679874	-0.21895713
0.71599513	0.6502034	0.49377918
0.3271889	0.63593656	0.22049665
0.83786833	0.22633815	-0.19135526
0.64214134	0.010955811	-0.12004509
0.6548345	0.8349308	-0.09137593
0.77916616	0.97559565	-0.07692474
0.7389543	0.66370094	0.42515913
0.7925983	0.20158058	-0.54496336
0.6369087	0.27215654	-0.49583375
0.84930116	0.06747913	0.27749142
0.31865817	0.7965246	0.605423
0.6193849	0.53765845	-0.27667686
0.142533	0.0900954	0.10570141
0.8984548	0.25926292	0.1771891
0.7563159	0.20379275	-0.5338454
0.1973334	0.032768548	0.07420254
0.07718247	0.81712127	0.30371505
0.1652298	0.5311477	0.059012774
0.38676357	0.46488488	-0.11633803
0.010012448	0.39923465	-1.3507825
0.3166861	0.7472602	0.47413895
0.2388587	0.069399	0.75999284
0.6349873	0.5117532	-0.2975093
0.1704371	0.78060764	0.38207713
0.98018265	0.654271	-0.355745
0.19888204	0.6465824	0.07239978
0.02205491	0.669724	-1.0251064
0.18476331	0.37159777	-0.35898206
0.9272051	0.14511782	0.47377574
0.5587919	0.42014778	0.21049292
0.91186804	0.12153971	0.5632912
0.65070987	0.9074632	-0.29060978
0.63226974	0.10611445	-0.36160898
0.14923066	0.27889872	-0.08753349
0.96920097	0.86141616	-0.086305976
0.6262467	0.4905532	-0.28650504
0.45659202	0.38582325	-0.03567642
0.39012498	0.16354096	-0.24611242
0.28287566	0.4454056	-0.0020824391
0.05245757	0.120580375	1.0298392
0.87793195	0.38951248	-0.17184654
0.27113432	0.07485592	1.126937
0.13604909	0.96725214	0.08510441
0.23540032	0.1222263	0.49194527
0.9813718	0.04668224	0.49367726
0.2744686	0.5317092	-0.04685203
0.19115627	0.7598679	0.3368322
0.51433474	0.05089879	0.04135999
0.30470866	0.27910703	0.4027321
0.8102356	0.8886174	-0.34402835
0.12333906	0.79800993	0.534489
0.30595225	0.38264167	0.18261325
0.046860278	0.31939822	-0.020967461
0.69874614	0.1356852	-0.48568696
0.16155124	0.3856305	-0.073532775
0.8680864	0.2977041	-0.017254122
0.73953843	0.018489718	-0.84319955
0.26141512	0.52647144	-0.13898188
0.8657339	0.63809127	-0.103997506
0.071926415	0.16152489	0.89587915
0.7378294	0.78895104	0.47321126
0.5833078	0.9562852	-0.9884717
0.78217274	0.104278624	-0.75041705
0.40009844	0.77211475	0.553126
0.35022503	0.8203361	0.6208419
0.87870336	0.21838546	0.17350402
0.65232474	0.8807059	-0.22521141
0.27976346	0.7060399	0.3438732
0.7174596	0.23987573	-0.3070149
0.9480687	0.8761975	0.14777951
0.1797058	0.020284474	0.016899284
0.38752633	0.34856886	-0.34595844
0.42372996	0.21759981	-0.49942037
0.6558977	0.99333656	-0.3670977
0.16521877	0.9826066	0.20968762
0.97377396	0.52204317	-0.20819251
0.6595922	0.6531658	0.04396429
0.21978652	0.078312755	0.2919557
0.97447276	0.8653349	-0.10440396
0.8055565	0.06415081	-0.46346152
0.44687593	0.15487874	-0.3600493
0.8466352	0.7160133	-0.20029692
0.7917164	0.11935723	-0.6281815
0.44441998	0.31810004	-0.25858125
0.30677772	0.01882869	1.3941641
0.9830277	0.78759825	-0.33367425
0.33776516	0.97786057	0.7307093
0.741991	0.6968036	0.34587416
0.26232356	0.45066822	-0.09286974
0.16487014	0.005477071	-0.07651946
0.23661381	0.8050139	0.45250556
0.94491684	0.92851084	0.15420124
0.7808124	0.16641718	-0.61984384
0.057975233	0.7993348	0.069865085
0.20797479	0.33408076	-0.38778862
0.85453475	0.8106957	-0.07341197
0.3637399	0.5713264	0.13409983
0.28522682	0.5327388	0.022051103
0.43463713	0.69320714	0.43366972
0.55665886	0.6739146	0.085286215
0.50803095	0.9097229	0.04526162
0.81638634	0.2823547	-0.3027054
0.28703773	0.8950294	0.72756433
0.3813064	0.55656344	0.0569292
0.06040764	0.82029366	0.08619366
0.040063858	0.5232872	-0.5413455
0.9143513	0.23854327	0.27944183
0.91230774	0.013509691	0.8692428
0.73248327	0.36136377	-0.124038965
0.24284899	0.35525632	-0.13341504
0.44501883	0.22003806	-0.3763907
0.45438772	0.70722026	0.44520274
0.45630026	0.8720862	0.45318842
0.7906271	0.3783353	-0.25326282
0.85172665	0.10540587	0.16102298
0.7805908	0.87466747	0.011790972
0.0055909157	0.14246678	0.3668796
0.09527993	0.00400126	0.99932677
0.7809171	0.73203784	-0.006874088
0.23440439	0.51869494	-0.2665725
0.28703225	0.9509181	0.7344873
0.92568785	0.1793434	0.42924148
0.08334333	0.52617985	0.5062247
0.91509503	0.1481067	0.4575449
0.37412965	0.74130154	0.46845695
0.24604964	0.92245626	0.6890005
0.7806259	0.82478213	0.036020033
0.64020234	0.8108078	-0.35575914
0.7180913	0.78697324	0.572191
0.5689572	0.91081953	-0.7147909
0.4035865	0.26422858	-0.45018092
0.16353899	0.8776353	0.41071406
0.3657925	0.31965637	-0.09782147
0.4118334	0.47047412	-0.16012536
0.04511845	0.22887003	0.38255718
0.14523965	0.48853052	0.29372352
0.3447113	0.8107604	0.5315876
0.0056922436	0.42170602	-1.579369
0.9194808	0.19737619	0.31122282
0.069325686	0.67867404	0.27558964
0.65093386	0.80476516	-0.20843554
0.74275726	0.38590723	-0.1274359
0.37382764	0.7370926	0.5038523
0.03321153	0.4475093	-0.7636326
0.8405302	0.27170146	-0.19954036
0.38719767	0.3829397	-0.32313928
0.21207917	0.14445728	0.07532107
0.45544434	0.15152448	-0.3178236
0.3281917	0.00012373924	1.1901708
0.7608139	0.8959237	0.2474811
0.14252299	0.40735996	0.17973538
0.96404445	0.8264055	-0.062447317
0.48429227	0.075552285	0.003191661
0.68410957	0.15345263	-0.3442595
0.11850351	0.879178	0.30002224
0.22133821	0.42820644	-0.3060158
0.62605846	0.04950285	-0.24895763
0.6525943	0.33882296	-0.31071788
0.80815965	0.62160873	-0.16848649
0.76189995	0.4780823	0.044066634
0.7439743	0.070454836	-0.837218
0.72931665	0.12441945	-0.6627887
0.5116472	0.4994045	0.55246055
0.710987	0.07641137	-0.51778555
0.9960522	0.7352095	-0.47556713
0.10373598	0.9874836	0.018264607
0.75815153	0.05253297	-0.8963019
0.12704372	0.040824354	0.31904805
0.5582845	0.94044775	-0.639255
0.6395025	0.5682343	-0.20112778
0.8026	0.61386883	-0.16778085
0.49685907	0.038179874	0.010509666
0.85850084	0.4132213	-0.22297195
0.094510674	0.1013273	0.8068191
0.35623193	0.9204085	0.63633204
0.893637	0.8173548	0.22340363
0.58696336	0.9175606	-0.89573205
0.14428222	0.054751515	0.009744426
0.8581274	0.6407756	-0.17387116
0.15930164	0.9459556	0.24391761
0.06416166	0.26272756	0.4571271
0.23862267	0.5381523	-0.26136938
0.6004424	0.044182003	-0.2633003
0.022303581	0.29364663	-0.56255156
0.53646433	0.33735192	0.3153895
0.92066216	0.13879645	0.50032675
0.5945765	0.17772573	-0.3904178
0.33048016	0.8309596	0.6014567
0.7363162	0.76839995	0.47017273
0.23429966	0.72890264	0.3206346
0.7516529	0.79473776	0.322823
0.6740417	0.6501493	0.22080834
0.2783895	0.101611674	1.1405752
0.35528505	0.34508127	-0.046158496
0.0036424994	0.60511744	-1.6284591
0.6636122	0.14928323	-0.33887857
0.8830563	0.97959495	0.09268414
0.66435367	0.72740877	0.03245312
0.18894029	0.6230672	0.1282305
0.6166954	0.13620985	-0.44691664
0.7726354	0.5341794	0.010608513
0.99563855	0.39003456	-0.12180117
0.20728207	0.47210896	-0.33693102
0.64016813	0.45337301	-0.24074179
0.5846604	0.40691698	-0.084184945
0.8277851	0.74202156	-0.2664517
0.18253887	0.5427175	-0.033236083
0.91802543	0.1475491	0.49975407
0.17643785	0.07587224	-0.12500429
0.62887055	0.63826394	-0.3134103
0.47948903	0.44544685	0.30745038
0.04721594	0.86224437	0.0021696696
0.6849153	0.96419483	0.35852534
0.20393813	0.86223394	0.48914695
0.0363189	0.85546446	-0.11628288
0.6546338	0.7104572	-0.023908224
0.8467196	0.47719342	-0.26689973
0.17582679	0.6608717	0.23981558
0.51551855	0.96268576	-0.12167773
0.40548885	0.9099796	0.5434325
0.19976938	0.74343735	0.29577684
0.8076514	0.9904001	-0.4621604
0.5710969	0.33310312	-0.070369855
0.09447408	0.024291813	1.006145
0.8962673	0.85633194	0.17171945
0.14646572	0.14119232	-0.04488353
0.92138857	0.76964396	0.14058518
0.6134145	0.6324835	-0.37225312
0.8176694	0.62449986	-0.20243797
0.050020695	0.7395344	-0.16527635
0.436706	0.97768927	0.35110918
0.18557715	0.7409608	0.39335167
0.8827265	0.116788745	0.4355625
0.663787	0.47782338	-0.002858758
0.9707384	0.54103976	-0.23862354
0.47426778	0.10721779	-0.11157072
0.64169943	0.48455954	-0.17308208
0.4487908	0.45239908	0.015706196
0.82058746	0.9799281	-0.43661034
0.5663281	0.89314777	-0.696836
0.26768774	0.7660719	0.4516042
0.797807	0.5667705	-0.15939906
0.014187217	0.8664202	-0.24081165
0.8094311	0.57789826	-0.16424735
0.20878726	0.53561383	-0.2581492
0.15578502	0.27496624	-0.15126802
0.9290874	0.44951314	0.021002002
0.18283963	0.05070156	-0.037531678
0.49479717	0.1136713	0.04434239
0.857636	0.45210314	-0.19803677
0.58743674	0.32398927	-0.22184332
0.41686404	0.763481	0.4989904
0.74590164	0.333867	-0.22627434
0.16252118	0.38532573	-0.15674882
0.11876285	0.4884634	0.56186324
0.57953084	0.5226086	-0.04995112
0.8372456	0.72935075	-0.21948919
0.74304783	0.8223314	0.47473094
0.4937498	0.5149771	0.48182833
0.20069444	0.35403168	-0.34053764
0.5834508	0.6273443	-0.12375957
0.87853575	0.49354333	-0.20721576
0.72756374	0.43508554	0.114613034
0.9122931	0.6723049	0.021169929
0.14389819	0.9414776	0.21119814
0.8592659	0.86599445	-0.090938754
0.26336294	0.6410019	0.117244795
0.49642617	0.26551408	0.16027723
0.98203665	0.96453977	-0.23203015
0.80945426	0.4330681	-0.28259632
0.0379622	0.93341804	0.11108037
0.51313806	0.34304118	0.33059874
0.61506575	0.77236265	-0.5498662
0.8029471	0.3239724	-0.37714493
0.67989117	0.26588625	-0.2613387
0.5404403	0.5333264	0.4077232
0.9100781	0.66617024	0.015191132
0.989989	0.4291978	-0.24607417
0.68791574	0.52218056	0.2391237
0.8811663	0.63693213	-0.09539519
0.5372756	0.99270374	-0.49575412
0.5847426	0.15606058	-0.2863806
0.65950537	0.7696033	-0.032324076
0.9720649	0.949681	-0.12767313
0.2059412	0.9208318	0.48193112
0.75020915	0.07276207	-0.8502322
0.67767704	0.41168362	-0.066767566
0.2017399	0.98170745	0.48645347
0.33208233	0.06921804	0.97047305
0.01453042	0.25278854	-0.49169528
0.29578894	0.8083607	0.5643601
0.61859196	0.51693577	-0.3136671
0.076239824	0.5251918	0.43368733
0.9657955	0.96660256	-0.073247045
0.20106238	0.70270646	0.18615806
0.88063884	0.3810172	-0.07399242
0.016527414	0.6452187	-1.2150998
0.5662319	0.085460246	-0.19574243
0.285864	0.85876817	0.6992091
0.30169845	0.8767995	0.6698225
0.44609755	0.13348156	-0.35100362
0.88913834	0.33617806	0.052032232
0.03169042	0.09505588	1.0811802
0.68173444	0.87517476	0.37096155
0.22526294	0.22174752	-0.013030993
0.6143693	0.27601564	-0.40496796
0.41982657	0.0073816776	-0.1368991
0.27552897	0.016290188	1.4063228
0.9005199	0.8087536	0.1901151
0.5859093	0.6645784	-0.25877616
0.8302938	0.6339489	-0.2573788
0.042857766	0.41407531	-0.3925086
0.06618494	0.81412375	0.18177333
0.8318301	0.49273628	-0.14779118
0.76497847	0.61222595	0.094626635
0.489357	0.88928694	0.2425657
0.39931083	0.2207517	-0.42074174
0.12367755	0.65372247	0.57779515
0.5544451	0.76348025	-0.18522206
0.12174094	0.57441497	0.56508833
0.02801156	0.44378734	-1.0339248
0.0092794895	0.6028278	-1.5202876
0.16006744	0.40190184	-0.07459631
0.1769486	0.51115155	-0.03074123
0.1547283	0.66829276	0.42549783
0.06584835	0.5375552	0.1644321
0.59309804	0.7108839	-0.38231057
0.60785	0.25000322	-0.4390125
0.64716303	0.41721553	-0.24867243
0.86380064	0.29998243	-0.12250829
0.24792612	0.17682326	0.46556035
0.26322615	0.93259174	0.7058504
0.73227924	0.7022787	0.50658196
0.59892863	0.6381362	-0.28993082
0.24859571	0.58432424	0.016111486
0.956043	0.6336095	-0.13248911
0.31428933	0.84941036	0.67533827
0.3213026	0.44989538	0.08343352
0.29478538	0.22509325	0.68367404
0.39257914	0.43396252	-0.23525342
0.8263451	0.0544886	-0.09419909
0.08108699	0.7073394	0.42229238
0.2070511	0.33868384	-0.37577757
0.9402851	0.9855814	0.23509985
0.103600204	0.93978035	0.1588262
0.029352188	0.07627636	1.1822588
0.08495551	0.942341	0.07293855
0.020086825	0.59177345	-1.2888846
0.14891738	0.6592555	0.4297302
0.5374799	0.67362046	0.22576027
0.57680947	0.50538296	-0.0035302336
0.95218104	0.8648458	0.156288
0.69716096	0.42627245	0.025018815
0.17213464	0.28325307	-0.26503205
0.40735227	0.9034996	0.6137199
0.3923962	0.3843416	-0.32839474
0.9272302	0.06888574	0.62349963
0.5559439	0.8170131	-0.2692773
0.7932405	0.4680091	-0.16731368
0.71906835	0.7677039	0.59360087
0.56185883	0.8313002	-0.42837185
0.665047	0.869161	0.031114724
0.010861814	0.99699306	0.6597543
0.023673892	0.39100748	-0.9767428
0.81170034	0.9923021	-0.44273353
0.4014678	0.9819457	0.53621006
0.043943584	0.6810547	-0.34917894
0.3348862	0.69089985	0.34861273
0.15546894	0.37740248	-0.12062371
0.2562164	0.82276523	0.5202557
0.72194856	0.6586083	0.47621706
0.2793026	0.51943886	0.002248901
0.8642672	0.27870202	-0.038468365
0.48576552	0.13048744	-0.011218645
0.39326197	0.7352986	0.47221813
0.08848101	0.2505616	0.630122
0.65510195	0.56534684	-0.09600139
0.5688673	0.4067791	0.09173401
0.6805758	0.2557944	-0.33406246
0.55677545	0.79200375	-0.26637813
0.7305892	0.23104417	-0.4124796
0.48302197	0.87610596	0.2922363
0.8397195	0.7970747	-0.18431991
0.8922064	0.9697697	0.15447873
0.21396124	0.95772076	0.5053787
0.04356253	0.67530155	-0.3771715
0.6831826	0.8283696	0.37912136
0.30895633	0.13356084	1.0260648
0.24900085	0.132101	0.71827936
0.38651913	0.34237087	-0.35149527
0.48309797	0.09553826	-0.10801561
0.39467388	0.45516694	-0.25769553
0.36845034	0.58500004	0.15720508
0.7298297	0.5480577	0.31554356
0.32801896	0.37673396	0.1421685
0.7189805	0.7997221	0.6416991
0.865607	0.8639309	0.025084943
0.08633655	0.95171404	0.055672757
0.5537346	0.16719002	-0.058887713
0.7678751	0.88541913	0.14325927
0.2225244	0.58400923	-0.16396908
0.7268361	0.23264217	-0.3787082
0.601304	0.19711488	-0.41255796
0.02315259	0.2818719	-0.4023541
0.18839651	0.6413402	0.14520872
0.581677	0.7914604	-0.52396953
0.5606437	0.14489996	-0.14823331
0.29921454	0.73502284	0.43877074
0.72785485	0.5460748	0.30798396
0.19474912	0.25859076	-0.3187055
0.14690161	0.45342702	0.1874322
0.3902762	0.6191167	0.16732025
0.5328382	0.92319244	-0.27023724
0.4569469	0.7883732	0.5166083
0.06266707	0.8064911	0.11648943
0.34575504	0.383007	-0.006995853
0.32540262	0.7576301	0.41705793
0.28757077	0.048484445	1.4038142
0.3059615	0.5609717	0.051352855
0.11637151	0.6738951	0.6238411
0.68804175	0.41086155	-0.0208519
0.3257053	0.4332769	0.04594256
0.39819592	0.62287724	0.23941265
0.6190345	0.37651467	-0.34040728
0.9088644	0.7966703	0.23284414
0.7546975	0.9786071	0.40790218
0.048178554	0.24048209	0.38876006
0.35061067	0.27619916	0.08129188
0.6491002	0.07529414	-0.3034278
0.53508574	0.44885767	0.4561226
0.5981289	0.35942632	-0.32147452
0.46380508	0.73179054	0.52614164
0.37888575	0.62124294	0.16016154
0.17277944	0.54815024	-0.0051447824
0.58888966	0.8626014	-0.73402417
0.9808035	0.6140854	-0.30335733
0.29215664	0.75638354	0.4520393
0.08963013	0.29689646	0.5582812
0.41874748	0.3136245	-0.4845724
0.44369096	0.289563	-0.29446518
0.62424546	0.1520679	-0.426298
0.7681669	0.9437458	0.13818948
0.90736705	0.03187436	0.7535171
0.06265056	0.9125558	0.15064631
0.58299106	0.4132533	-0.13559261
0.2842853	0.54313385	0.007879674
0.6189738	0.17767268	-0.492845
0.6647707	0.43206638	-0.09276003
0.4242205	0.26009548	-0.46392626
0.86401117	0.91436875	-0.07862992
0.100489914	0.9183414	0.20660253
0.44911617	0.39905143	-0.13259624
0.9467239	0.063994944	0.6077019
0.42001003	0.41160452	-0.2815922
0.7930196	0.81846285	-0.14448093
0.22969878	0.33121973	-0.22595309
0.13876897	0.5027417	0.31950647
0.23511165	0.825859	0.50859964
0.57794935	0.69779414	-0.21404678
0.422549	0.78087735	0.5352759
0.358405	0.1401391	0.29979414
0.8996085	0.76457536	0.13947655
0.57082826	0.058800757	-0.21083093
0.2549479	0.75719553	0.37447503
0.7213455	0.097637296	-0.6917841
0.8033332	0.05834186	-0.46607774
0.28372973	0.6083131	0.0795111
0.23505676	0.93986756	0.63919497
0.22235316	0.5445807	-0.20563076
0.59243995	0.4098493	-0.21511406
0.051413238	0.38133645	-0.05348056
0.46652114	0.05801469	-0.10612196
0.2522158	0.9569883	0.69179654
0.121100485	0.36445034	0.3807131
0.5956549	0.6987955	-0.40415114
0.5858892	0.86887676	-0.7890854
0.7963082	0.30595726	-0.31074667
0.50502074	0.17425752	0.15989715
0.63153	0.957501	-0.8169887
0.33968657	0.7140299	0.41378483
0.6552348	0.10220367	-0.30483413
0.7105835	0.36179203	-0.04016535
0.2394861	0.24530667	0.11626343
0.50660837	0.94860864	-0.018544814
0.1594165	0.95629895	0.21093902
0.7036165	0.09776378	-0.47480157
0.36716157	0.04313004	0.3947235
0.07531798	0.33293313	0.46699288
0.5649104	0.9456264	-0.78545964
0.88854206	0.11540228	0.5153637
0.7092953	0.14614987	-0.46143153
0.097598314	0.49272645	0.5544505
0.8267801	0.4240427	-0.29678473
0.82124287	0.6280477	-0.27478394
0.52612454	0.809002	0.06299965
0.051839232	0.6086338	-0.20100561
0.5071735	0.99493945	-0.14433882
0.0074154735	0.28870696	-0.9189916
0.3326742	0.009026408	1.0903493
0.3542512	0.56285304	0.14511836
0.5603967	0.085906625	-0.1855066
0.504274	0.17962933	0.05089505
0.43165463	0.10037035	-0.3616551
0.33488446	0.32704544	0.13721946
0.93943924	0.25006866	0.25513542
0.30267912	0.12040526	1.0781229
0.3744247	0.0042225122	0.335228
0.58604944	0.9570339	-1.0591092
0.3328523	0.031473637	1.0885684
0.5019283	0.83521426	0.26790524
0.79921806	0.2342624	-0.49298802
0.6318194	0.09561008	-0.3124999
0.9968743	0.66861236	-0.4168303
0.6731193	0.52830774	0.08610559
0.1756354	0.7296389	0.312114
0.52655894	0.1307404	0.03759516
0.02008462	0.49715304	-1.2911986
0.27942693	0.6345834	0.1707274
0.08807844	0.39708102	0.5515787
0.5743117	0.79455614	-0.4777793
0.59661347	0.13759047	-0.37801152
0.35548896	0.61657476	0.19153734
0.8069052	0.827406	-0.18341428
0.38319516	0.10456115	-0.03398682
0.13112575	0.5970016	0.5412668
0.061885297	0.019968271	1.5232573
0.9357162	0.6232827	-0.063865416
0.37005484	0.45405567	-0.081153855
0.523194	0.7458904	0.24599473
0.62007546	0.7972533	-0.52899486
0.45408815	0.16159475	-0.2917409
0.5742149	0.6089939	-0.057918437
0.57821625	0.27384752	-0.1436124
0.21735728	0.3431353	-0.2932284
0.24379063	0.107075155	0.67441225
0.35515112	0.9075064	0.72703564
0.29618102	0.93648857	0.7407851
0.13028759	0.5771381	0.55829215
0.9351152	0.31994736	0.1769501
0.5876546	0.787571	-0.5678586
0.65931696	0.7093516	0.14028186
0.77666205	0.16648072	-0.62212586
0.5737076	0.37690544	-0.012265633
0.19931197	0.28373885	-0.3424356
0.77647346	0.67261624	0.069277905
0.24458635	0.34544325	-0.14328237
0.12126136	0.8021158	0.5111901
0.34748012	0.6065322	0.21154785
0.609818	0.25835288	-0.40401843
0.11366665	0.13469005	0.49233615
0.83556604	0.49200392	-0.22970806
0.68469656	0.5387749	0.18229988
0.98303103	0.3800624	-0.057545558
0.25512475	0.80181277	0.4984875
0.8350349	0.27124208	-0.26146755
0.6162072	0.94939554	-0.94660276
0.73607826	0.9801962	0.5940374
0.37168634	0.7063048	0.37154528
0.13582277	0.51060206	0.38396475
0.1321308	0.6270539	0.5534253
0.7758734	0.70716065	0.011420824
0.46984148	0.7145836	0.5076396
0.56858987	0.4705314	0.12462311
0.31622475	0.5221053	0.14333373
0.21934485	0.067293406	0.3919899
0.8287662	0.8625508	-0.265349
0.38441437	0.96551764	0.58389866
0.12712085	0.8076874	0.5220357
0.10944128	0.8174667	0.47296253
0.08797568	0.22616988	0.67998075
0.54473644	0.8676612	-0.33192006
0.4348632	0.40691692	-0.21214125
0.6347867	0.20260727	-0.495028
0.7972067	0.20844102	-0.49460453
0.46328515	0.660177	0.4710453
0.43275058	0.39680076	-0.22726457
0.38938916	0.6785627	0.31821996
0.26393574	0.68432355	0.15132996
0.10727918	0.12826192	0.5958576
0.49010986	0.96944904	0.100499235
0.47998452	0.035179198	-0.014571847
0.01069057	0.9027485	0.047410302
0.69758224	0.30959326	-0.14276747
0.86378497	0.47346812	-0.24336466
0.36837125	0.3997594	-0.12265487
0.48734415	0.8279406	0.37857157
0.6957483	0.6917332	0.4118628
0.3593052	0.03183353	0.56833804
0.46018922	0.7741914	0.5076595
0.7445462	0.8042347	0.42902792
0.63814574	0.86435544	-0.47144717
0.34218746	0.5862673	0.16466351
0.25135523	0.19180489	0.4277406
0.34316182	0.24097484	0.18220544
0.8645244	0.41218722	-0.18690057
0.43765587	0.66542035	0.3412846
0.87118334	0.26036477	0.0039902055
0.44798863	0.7931914	0.50928414
0.50087535	0.97987163	-0.023263441
0.78428173	0.9139871	-0.08416947
0.85047764	0.6492412	-0.25300503
0.45662415	0.55256647	0.3376298
0.6590505	0.1036796	-0.31758326
0.23819602	0.21796519	0.22693168
0.78060395	0.7669628	-0.0172486
0.14849764	0.01968038	0.02167286
0.7825645	0.6259893	0.054276332
0.19673681	0.647011	0.118639305
0.68347615	0.02154386	-0.3151595
0.64093375	0.049416363	-0.1865908
0.1956014	0.35010928	-0.34403494
0.48764163	0.05897343	-0.04080455
0.02145809	0.48200274	-1.2401658
0.22988558	0.9530402	0.62648827
0.9387781	0.37299985	0.074294925
0.92522085	0.10024941	0.61633384
0.591252	0.7140155	-0.3839909
0.57939404	0.61043406	-0.071040556
0.3361367	0.38953608	0.05398208
0.690184	0.52640307	0.21380052
0.49584013	0.6754852	0.5103705
0.15187472	0.43855363	0.09273116
0.5509434	0.64407325	0.19346279
0.9446843	0.096514106	0.5691779
0.067773044	0.9276907	0.09749441
0.54227626	0.5343524	0.39654976
0.8303318	0.25888354	-0.31686017
0.54643184	0.526486	0.34646922
0.5356927	0.8714684	-0.20699188
0.15205264	0.6693111	0.41058606
0.5895418	0.91155785	-0.8611498
0.4356308	0.5238386	0.124823526
0.7553422	0.2239446	-0.45137808
0.9756379	0.60166657	-0.32917956
0.85771173	0.11711925	0.18900704
0.3065948	0.18048525	0.89997923
0.36971855	0.940571	0.64809424
0.65610397	0.22756016	-0.39726356
0.9928498	0.34299827	0.00062133
0.48270804	0.33790344	0.117116295
0.5256127	0.62167954	0.45555705
0.91781676	0.5371941	-0.06714674
0.56292003	0.80768514	-0.3949666
0.7730898	0.51755226	-0.014169471
0.9857297	0.83293223	-0.29776537
0.9495064	0.91020715	0.17436513
0.9634038	0.8208586	-0.045611724
0.38642615	0.6555647	0.27493823
0.022790968	0.21422094	-0.012542449
0.8098634	0.47434467	-0.2488405
0.87143177	0.5889153	-0.25730854
0.5224003	0.939248	-0.17944665
0.8840735	0.44645095	-0.09511846
0.9923021	0.15545207	0.3843425
0.1509934	0.84730583	0.48250246
0.50025266	0.08807224	0.0010365974
0.83017176	0.09100413	-0.1361717
0.2974903	0.92303354	0.7667411
0.7327031	0.6090528	0.33840668
0.87628686	0.47838163	-0.17565379
0.47190446	0.45424718	0.25201404
0.07642734	0.2557354	0.5852446
0.82879955	0.23292756	-0.295106
0.13100165	0.5368415	0.4849791
0.5058166	0.49903083	0.5102991
0.5900633	0.55705464	-0.20680398
0.58890176	0.2830028	-0.31447056
0.6840928	0.89836663	0.3666028
0.57827944	0.8526327	-0.63273215
0.7419432	0.8493546	0.4793983
0.12684453	0.4487198	0.4424057
0.22792107	0.49454463	-0.29514915
0.059301972	0.59377307	-0.04339849
0.3454435	0.7089592	0.44624957
0.7050336	0.17304242	-0.38374233
0.6072858	0.6189068	-0.36129877
0.03161031	0.36839777	-0.5923889
0.9082733	0.19668621	0.331193
0.9046693	0.24096078	0.20754845
0.22628057	0.84312785	0.5332324
0.2156915	0.7527764	0.34525055
0.8437626	0.9307649	-0.22592562
0.6425047	0.70082486	-0.23685704
0.6971287	0.6654118	0.46806246
0.42769647	0.70446366	0.44581047
0.9899834	0.0021446943	0.5652276
0.7594864	0.30354202	-0.41427058
0.99050045	0.99619746	-0.31736723
0.71191025	0.8104668	0.6004794
0.6686228	0.045462966	-0.27235276
0.2962979	0.53718585	0.036667965
0.8274647	0.15103793	-0.20725828
0.04437542	0.5203422	-0.49685392
0.75088114	0.4160437	-0.060890153
0.8505467	0.5358424	-0.25336424
0.75419587	0.79103357	0.3335905
0.5892268	0.41780627	-0.15154904
0.78524613	0.1344524	-0.6784323
0.6371258	0.86382043	-0.5051383
0.597303	0.9995979	-1.1193516
0.32567543	0.13063067	0.8743483
0.38241965	0.8056326	0.57919466
0.97105527	0.23593068	0.26392967
0.057806253	0.23676497	0.5322872
0.14475697	0.5893164	0.44402128
0.779994	0.49971306	-0.056180313
0.96634173	0.19994533	0.3732852
0.38603604	0.4912622	-0.15349677
0.21241182	0.18207502	-0.017713094
0.45693684	0.8783497	0.45567814
0.79220724	0.35765904	-0.25445873
0.1692062	0.8525258	0.3748929
0.6690526	0.117163	-0.37044433
0.24608874	0.06541872	0.83028334
0.79398906	0.3490402	-0.28693295
0.22914046	0.170062	0.239336
0.66598326	0.35292315	-0.16070725
0.77936786	0.79844606	0.0267319
0.04946029	0.24883258	0.34889042
0.50992984	0.08406389	0.0108653335
0.41169137	0.69225293	0.41855893
0.7479098	0.62377965	0.3003714
0.4715892	0.5526257	0.3772986
0.3277148	0.46445924	0.063198745
0.7376735	0.3117587	-0.21706225
0.3685674	0.3110127	-0.1990205
0.16288501	0.13616502	-0.14588611
0.20335734	0.17360091	-0.1295685
0.18428802	0.044762135	-0.022236794
0.21258044	0.6744267	0.085604206
0.3602786	0.09103024	0.39715415
0.19334817	0.0025351048	0.17748451
0.104626	0.027862012	0.7510964
0.8851652	0.65579647	-0.09957652
0.27974558	0.015855253	1.4122305
0.7612461	0.95971495	0.20731427
0.9455926	0.9320954	0.20473938
0.7824723	0.6099571	-0.0048572924
0.63438416	0.5773156	-0.20003517
0.7286687	0.43237573	0.08451474
0.19279641	0.5087852	-0.22210668
0.9671259	0.40341115	-0.012991244
0.11145127	0.8064922	0.46117115
0.7276909	0.71635145	0.5011948
0.11307657	0.91703266	0.20234473
0.8599896	0.5958773	-0.17356496
0.9214773	0.90872586	0.3718369
0.96201575	0.35870296	0.022071518
0.04293239	0.9308103	0.06735944
0.484181	0.01970476	0.007930942
0.014126539	0.9827158	0.4491674
0.39755744	0.85978293	0.67947704
0.25049222	0.7773812	0.4712109
0.25989985	0.0071606636	1.2419775
0.0040640235	0.50432324	-1.778036
0.9116884	0.6043494	-0.017372143
0.72835684	0.6441736	0.39129263
0.3140818	0.78880066	0.5155043
0.64380926	0.10963446	-0.37394303
0.7944641	0.38994128	-0.1697745
0.09458536	0.0067988634	1.0312768
0.34666038	0.84571874	0.61266696
0.71174073	0.24200898	-0.3311621
0.4557342	0.9305788	0.36439145
0.14059949	0.71538574	0.5336755
0.7785885	0.97340536	-0.07304462
0.061397374	0.27977407	0.3667791
0.019098222	0.65478337	-1.1138406
0.3913827	0.61735034	0.17832363
0.24764109	0.20039308	0.39911446
0.10441214	0.19868457	0.56417006
0.23121089	0.56058633	-0.1802071
0.58562803	0.85303086	-0.7666286
0.37174577	0.17148179	-0.02526635
0.5949297	0.6941598	-0.42978835
0.18083966	0.30120707	-0.32403177
0.07449943	0.8909457	0.20042601
0.5743357	0.6692343	-0.22701955
0.32490063	0.60683346	0.17573388
0.8907563	0.05648786	0.6789599
0.7542967	0.2685365	-0.44401547
0.28184158	0.104708195	1.1074866
0.41559458	0.8743604	0.58576065
0.6542429	0.8389018	-0.25311628
0.96432906	0.92735183	0.008835283
0.8843189	0.77040863	0.013866622
0.09375119	0.3572719	0.5923921
0.5851227	0.4439745	-0.159572
0.63465804	0.046131372	-0.2175343
0.83147055	0.5369087	-0.23742065
0.6010357	0.62174404	-0.2297338
0.008821964	0.1893304	-0.01944144
0.46496588	0.80671704	0.49620146
0.8746414	0.11627537	0.39648682
0.9810181	0.3204443	0.105047464
0.7070026	0.8793777	0.62693346
0.6725632	0.047825158	-0.32414842
0.36299068	0.24143201	-0.018990483
0.031022966	0.22020447	0.20288259
0.8071472	0.6973672	-0.19999534
0.49807864	0.7922377	0.36540416
0.021052837	0.8741224	-0.1404551
0.37746453	0.8802885	0.6010397
0.67890507	0.22658002	-0.42707562
0.40642112	0.13983727	-0.37017956
0.3683024	0.7650141	0.4734435
0.7229134	0.3595578	-0.05420216
0.9663823	0.8898405	-0.05470729
0.32337695	0.22771364	0.48942977
0.32672226	0.9019813	0.73809457
0.00207752	0.11025238	0.57997984
0.013247609	0.11317104	0.7237681
0.5916034	0.03711945	-0.26306403
0.6270183	0.25901288	-0.49542218
0.7347756	0.95539623	0.601565
0.7529331	0.28482896	-0.33212087
0.60252315	0.4202488	-0.2862568
0.79104894	0.8311058	-0.16391766
0.35294336	0.4096471	-0.035515364
0.09826106	0.07620382	0.7965526
0.99795675	0.65398943	-0.48576942
0.4929549	0.292396	0.21135812
0.69831073	0.7642606	0.5463043
0.4327767	0.20030844	-0.4165412
0.62849987	0.7428674	-0.42286688
0.5962004	0.40118116	-0.21133378
0.50585854	0.7563636	0.35614637
0.22898036	0.30875516	-0.15728283
0.020406008	0.9437124	0.2291974
0.14110887	0.8614931	0.39860433
0.5514994	0.88377136	-0.41305017
0.34510273	0.7020935	0.4115758
0.1640495	0.016292572	-0.043333508
0.7350809	0.09153497	-0.774912
0.960379	0.63528895	-0.18370593
0.3404863	0.2598464	0.21557957
0.65016484	0.35658872	-0.3187522
0.4344917	0.62944186	0.27617958
0.9209672	0.3505531	0.09315631
0.124780774	0.6290742	0.62441885
0.2205882	0.6992823	0.16369903
0.4619745	0.37194234	-0.042316128
0.05856222	0.5181601	0.0073595494
0.88702923	0.85728204	0.15173735
0.49702257	0.4773562	0.46632844
0.7997579	0.92607296	-0.29780826
0.18501401	0.31994247	-0.38301015
0.37804604	0.6589232	0.35471874
0.9962429	0.24495643	0.17927742
0.8933272	0.16991436	0.3294526
0.029263914	0.5841953	-0.9725251
0.13716465	0.49421048	0.35852343
0.26545846	0.21145934	0.48645914
0.31426352	0.4817769	0.07333135
0.6175997	0.84455794	-0.67847466
0.12660801	0.16853648	0.24346636
0.30896145	0.07522231	1.2441226
0.33409935	0.38533384	0.056061763
0.21568024	0.1655032	-0.011780232
0.97729254	0.80063903	-0.21578872
0.5614284	0.26729852	-0.08475653
0.38275295	0.9965332	0.5511074
0.11897391	0.003130436	0.56747264
0.30221784	0.2488119	0.58406943
0.4846866	0.020800471	0.027076501
0.65258974	0.13948321	-0.3683407
0.51891917	0.3950876	0.46167225
0.08450037	0.6486793	0.48695594
0.79912186	0.3706076	-0.24930178
0.81506073	0.6300944	-0.19548246
0.32726794	0.08045328	1.038746
0.937386	0.7840823	0.14543572
0.086696684	0.60281175	0.56863326
0.9675557	0.1559667	0.36544603
0.15669447	0.5158542	0.11229788
0.5998377	0.2565866	-0.36580512
0.15995699	0.26032132	-0.18051486
0.30115753	0.95773655	0.7409784
0.7433284	0.18571252	-0.6166827
0.21257395	0.8944745	0.48457217
0.2835775	0.80218214	0.5296785
0.849031	0.281362	-0.12962146
0.9935118	0.68447787	-0.5175638
0.8916619	0.5474305	-0.17994845
0.89098763	0.61738855	-0.0425596
0.62162244	0.8437844	-0.6543045
0.89226377	0.93252826	0.16878164
0.5706276	0.46081007	0.05350592
0.5733512	0.75751233	-0.3475301
0.41551727	0.027039528	-0.21671788
0.21628517	0.021870315	0.42025048
0.03763807	0.52148443	-0.71881974
0.2715248	0.22750682	0.5603789
0.1985367	0.6914461	0.22672154
0.5289148	0.5770727	0.4538241
0.26729453	0.06462467	1.1792182
0.10424763	0.64330834	0.65534353
0.43568307	0.5655614	0.24778463
0.0002553463	0.1699785	0.0227656
0.49221134	0.76008934	0.48231345
0.19506568	0.05769545	0.046498828
0.62239426	0.871196	-0.7462212
0.98708105	0.86102134	-0.27116624
0.45353663	0.014962912	-0.07766214
0.16057086	0.18128741	-0.24645437
0.20680904	0.79106003	0.3655318
0.30336636	0.55318075	0.09854502
0.56165254	0.61930156	0.08318864
0.9827658	0.49609727	-0.33357427
0.116642654	0.6611235	0.7208684
0.86939096	0.26072615	0.018527435
0.36731714	0.97085196	0.6746591
0.37405396	0.5321338	-0.01202702
0.9117174	0.8508499	0.27408043
0.9437507	0.18887752	0.4108088
0.3379894	0.7082022	0.40409663
0.23279423	0.08355725	0.6200389
0.99359494	0.52573866	-0.40049955
0.2317648	0.4593959	-0.22778122
0.8692901	0.47479934	-0.20730151
0.18876612	0.58589065	-0.03955187
0.050137162	0.21260762	0.5535631
0.5694209	0.21948457	-0.1311508
0.86211824	0.4551878	-0.19344679
0.26885206	0.75367785	0.44978935
0.42177898	0.02161026	-0.17191733
0.22401017	0.8293962	0.5323877
0.8498778	0.7002485	-0.15009488
0.03334689	0.27350748	-0.1076646
0.30393475	0.89626354	0.7535314
0.5796861	0.33352494	-0.16025394
0.4763763	0.12619007	-0.08040102
0.7605391	0.9044199	0.30562812
0.53286356	0.35123158	0.35667425
0.3220585	0.731728	0.48176122
0.25483775	0.80942404	0.5717116
0.59781736	0.19189	-0.37599826
0.3396436	0.34474772	0.13301162
0.6212153	0.11631322	-0.4050647
0.69646305	0.56392825	0.24958733
0.085369766	0.542319	0.5247198
0.36135632	0.030400515	0.5268546
0.16720462	0.2815233	-0.26147977
0.6248448	0.14822471	-0.42500266
0.87929237	0.41272736	-0.079682514
0.9315263	0.80636185	0.13233186
0.083117306	0.50038683	0.48322532
0.49196458	0.11718601	-0.010962106
0.21839082	0.4058277	-0.347865
0.8799741	0.5166659	-0.1682982
0.8855455	0.2266947	0.07512577
0.8106714	0.48615414	-0.2232786
0.3497954	0.7854675	0.5360085
0.7228924	0.7171251	0.50497705
0.6271441	0.36687082	-0.4425054
0.36860907	0.7421813	0.49489877
0.781573	0.76747	-0.043985568
0.08933562	0.47408968	0.56471014
0.48333275	0.6959131	0.4942994
0.796679	0.6154027	-0.13347647
0.6528323	0.78769875	-0.10314562
0.16592675	0.6202692	0.2616882
0.74825037	0.2789123	-0.3601358
0.541515	0.38041878	0.36807868
0.16899616	0.3261277	-0.2826388
0.30322737	0.4719007	0.09831046
0.21595263	0.7625885	0.35423344
0.6651305	0.16134274	-0.39267004
0.85044616	0.74359924	-0.20646988
0.6247326	0.5026823	-0.34680015
0.976619	0.91941977	-0.17241165
0.16980296	0.6330913	0.14856943
0.4584269	0.59229267	0.36059234
0.9470764	0.9051645	0.20118496
0.014816821	0.7400152	-0.89574677
0.15469283	0.121394336	-0.15217742
0.8956814	0.85205513	0.2494676
0.34101772	0.65267813	0.29456148
0.1573984	0.7090981	0.39566052
0.5978901	0.22146136	-0.41163957
0.5523914	0.16625011	-0.07532021
0.8312679	0.5183396	-0.27235556
0.44444507	0.075558186	-0.26181787
0.19880491	0.48603117	-0.33192837
0.83644086	0.63880354	-0.26020515
0.93447375	0.4985608	-0.083758816
0.025201559	0.91287494	0.102463245
0.009983242	0.785499	-0.6772066
0.3973803	0.53140706	-0.033544462
0.15898263	0.36392426	-0.13920829
0.924061	0.88115156	0.30591688
0.999357	0.8745916	-0.41679275
0.7623374	0.26263523	-0.43560368
0.4891789	0.113007545	-0.09448265
0.8845974	0.89809483	0.12073031
0.9758406	0.56257576	-0.29282185
0.2404837	0.41827816	-0.23326175
0.97169274	0.30218405	0.123924136
0.064174235	0.21595204	0.6299104
0.39858615	0.5452157	-0.014428591
0.42707378	0.21656203	-0.51376486
0.478948	0.6955692	0.51362526
0.21517712	0.9277053	0.57620937
0.1999954	0.36300015	-0.34669074
0.48627228	0.041444838	-0.024537995
0.7020422	0.15933943	-0.4456228
0.50344086	0.21952689	0.13631992
0.66077733	0.29347414	-0.3807335
0.6130415	0.75138336	-0.49415332
0.7092733	0.3032555	-0.18272857
0.8762089	0.29926836	-0.007885817
0.86982274	0.8272968	0.012877092
0.8395999	0.9965604	-0.40074915
0.9594266	0.032182753	0.5577768
0.33930647	0.28556424	0.23357
0.02998513	0.0077447295	1.7390215
0.1333952	0.687165	0.5599113
0.58265585	0.89298004	-0.84260195
0.7879244	0.3611077	-0.2608432
0.079114854	0.6767456	0.38546094
0.79374504	0.68238974	-0.10860461
0.17307603	0.79490435	0.36139888
0.44555658	0.30562532	-0.30827653
0.06825262	0.4869647	0.21103467
0.7034473	0.21289808	-0.3972019
0.9926118	0.55832165	-0.40890265
0.5392012	0.7632792	0.07503035
0.9167458	0.33064896	0.17148504
0.37099123	0.4602577	-0.11301542
0.32222402	0.66053367	0.25210112
0.5567262	0.34647822	0.1512709
0.47815758	0.56208783	0.43850952
0.23106784	0.47438335	-0.29742947
0.5474261	0.113971174	-0.045110308
0.11960435	0.42608207	0.45796517
0.00410372	0.6781902	-1.4274989
0.16262794	0.938846	0.255836
0.41264272	0.082191825	-0.32715872
0.22297668	0.6995898	0.17197543
0.93221766	0.32609063	0.180764
0.23352343	0.40365225	-0.2995923
0.7768402	0.91472685	-0.0018756036
0.0750528	0.34725016	0.42568126
0.8889006	0.4317127	-0.14115575
0.20450675	0.097483635	0.07455185
0.0903824	0.2537272	0.5761012
0.07322729	0.58738345	0.3146912
0.6703116	0.93576956	0.059730567
0.369891	0.22116369	-0.09624058
0.10579294	0.8454272	0.40456134
0.94259673	0.99791634	0.1775255
0.53287196	0.28410965	0.15994859
0.6417692	0.39472085	-0.2943238
0.71592975	0.04431051	-0.6819968
0.3099218	0.10557455	1.0789866
0.63994056	0.22096443	-0.48200268
0.09398764	0.49941182	0.56640565
0.47986215	0.4816153	0.36196756
0.6811526	0.844084	0.3309366
0.6942437	0.6451425	0.38048652
0.015281916	0.14559513	0.4198229
0.32221764	0.5103352	0.08393982
0.1839351	0.60818905	0.021600015
0.6157587	0.09926236	-0.36097544
0.9040655	0.8281903	0.20806299
0.49591428	0.5556039	0.56266683
0.1693371	0.20295435	-0.24838854
0.15957099	0.15999585	-0.14500563
0.57619	0.557343	-0.06682943
0.8978284	0.76791775	0.12601963
0.5431248	0.510218	0.36208898
0.95726675	0.30559218	0.16976435
0.42458737	0.24995613	-0.50938374
0.2894733	0.39966494	0.15120023
0.53437376	0.7816088	0.100932136
0.3528217	0.66108495	0.32387215
0.73232734	0.5050817	0.27936113
0.42449474	0.36106288	-0.38402617
0.59429425	0.5023853	-0.1946665
0.7990816	0.5976791	-0.11301638
0.2647369	0.7991631	0.52904844
0.794772	0.19610065	-0.47086206
0.2755496	0.63835925	0.169347
0.34250712	0.008747876	0.9334281
0.20754105	0.12653208	0.06859429
0.54823107	0.29504645	0.16776274
0.8386676	0.4035945	-0.18883796
0.5349781	0.71740705	0.16480356
0.85247636	0.6851095	-0.14155307
0.22361553	0.3209375	-0.25392622
0.895777	0.44747168	-0.07864547
0.8102178	0.74361014	-0.23920588
0.7929385	0.9917722	-0.29943278
0.8477091	0.9301495	-0.27655867
0.13618112	0.28273684	0.09599781
0.9215338	0.05777955	0.6529017
0.4580623	0.9752285	0.29432228
0.6897889	0.6183609	0.3597866
0.8043088	0.94011235	-0.33858258
0.2964542	0.09822214	1.2114234
0.19884968	0.873412	0.38815922
0.47621197	0.5060945	0.40932852
0.9213628	0.5143075	-0.0962367
0.9420902	0.31424153	0.16925313
0.6152253	0.8098361	-0.6574879
0.14242154	0.7664621	0.48562276
0.5963032	0.3800627	-0.24269263
0.04953873	0.21872127	0.5217586
0.064822495	0.67797595	0.100395076
0.4352069	0.2929824	-0.3951477
0.77280873	0.70958567	0.085527085
0.05990392	0.915034	0.045449086
0.40165597	0.88635844	0.56256217
0.13938737	0.94613624	0.14719175
0.0054692626	0.8045804	-0.65721285
0.08336532	0.7412665	0.37620714
0.31651175	0.40822184	0.11422167
0.48271888	0.54050976	0.49200603
0.65463424	0.3108468	-0.36432776
0.021544278	0.109972835	0.8261147
0.8450306	0.4933917	-0.2535794
0.9253061	0.43687087	0.009873763
0.1985454	0.876713	0.46942598
0.9835745	0.26283264	0.1767348
0.0009019375	0.1265328	0.419481
0.71462804	0.35958248	-0.115166724
0.50668436	0.15631491	0.08800967
0.93242824	0.99904305	0.28230426
0.03871095	0.89760476	0.02185736
0.041320443	0.1598863	0.7502437
0.6466495	0.2210306	-0.38131574
0.9357959	0.8457749	0.19887716
0.25597477	0.0145068765	1.1781435
0.6062801	0.93070793	-0.9555197
0.79871285	0.7501179	-0.16881815
0.1422078	0.84005433	0.37035292
0.049362123	0.994971	0.14715728
0.028915644	0.027543247	1.5507766
0.13358909	0.0035421848	0.223769
0.84340996	0.5406773	-0.21322984
0.95548284	0.6868298	-0.12521827
0.42325574	0.75688547	0.5132951
0.78227246	0.44540918	-0.15187816
0.2161116	0.5497152	-0.21952696
0.3321041	0.1912539	0.57583576
0.97054535	0.6465784	-0.2015682
0.6514871	0.064370394	-0.24444538
0.44717985	0.37168044	-0.20533475
0.3692686	0.37923437	-0.20485818
0.11950129	0.30322933	0.36544442
0.591866	0.7708481	-0.50451195
0.6344561	0.7894196	-0.38389212
0.71179736	0.65529	0.45941818
0.71470743	0.6645361	0.45635694
0.6737185	0.033510804	-0.24904655
0.6160893	0.65197587	-0.27160868
0.71260047	0.74672586	0.56387407
0.1505022	0.87085694	0.37374064
0.20873743	0.5993434	-0.106339805
0.27068907	0.76205146	0.40768087
0.62290365	0.15428102	-0.50120145
0.46820182	0.08416921	-0.15802363
0.50999755	0.20084977	0.154721
0.72163004	0.06862247	-0.727504
0.5578418	0.85569924	-0.49684945
0.32721257	0.5886674	0.1595461
0.59400654	0.38535148	-0.25276035
0.25698864	0.5515607	-0.044416185
0.7156418	0.14894354	-0.5287218
0.64573646	0.9015505	-0.39698234
0.808693	0.8877756	-0.31303647
0.008963823	0.40848964	-1.4271551
0.29115433	0.10559839	1.1533691
0.005492568	0.6004853	-1.6728592
0.2293703	0.26416045	-0.05381056
0.023592174	0.770355	-0.6075828
0.28124893	0.51365095	-0.019733554
0.055398703	0.48000485	-0.13045384
0.7492927	0.76920605	0.37145168
0.9182328	0.012792468	0.8293977
0.8400817	0.67112863	-0.23820715
0.122296035	0.06144893	0.38678965
0.40253747	0.6457936	0.26482242
0.22586507	0.035212994	0.5962899
0.32965887	0.3433268	0.17376626
0.7228344	0.24752295	-0.32490245
0.37904048	0.69020236	0.375616
0.904114	0.40329307	-0.015702315
0.50315297	0.53469557	0.53100884
0.3159905	0.13123631	0.96375704
0.5338556	0.09985471	-0.047216676
0.123529375	0.8345697	0.42125297
0.9432288	0.86138004	0.180136
0.14121354	0.54511666	0.41096663
0.94043535	0.6779666	-0.0001386404
0.5782134	0.10920727	-0.28071088
0.67267066	0.17946404	-0.39109573
0.20042765	0.17917496	-0.12422474
0.55404097	0.09109068	-0.18173388
0.22857296	0.5606783	-0.18055198
0.7381227	0.05748105	-0.8637058
0.56033623	0.69703734	-0.043480128
0.3439831	0.08078045	0.698828
0.011092305	0.08332884	0.96952647
0.87957346	0.4124269	-0.13180041
0.39605492	0.9542427	0.5411637
0.55996907	0.06539065	-0.1407569
0.72027296	0.34654647	-0.08072264
0.8509467	0.11272496	0.08253363
0.06297356	0.42820185	0.14501557
0.3626259	0.42462832	-0.042360075
0.10930139	0.00033295155	0.7269571
0.65796244	0.74599016	0.02738174
0.49024087	0.53073394	0.5260814
0.7826144	0.10357547	-0.7155104
0.70859206	0.21168393	-0.44187814
0.12712717	0.3515519	0.3206003
0.4816535	0.22849965	-0.03547333
0.8585796	0.8881616	-0.14773016
0.8382304	0.3973403	-0.26082197
0.97718185	0.6513457	-0.34518602
0.5640745	0.7209425	-0.15380195
0.2767657	0.37404305	0.12328827
0.42958033	0.6046275	0.18400161
0.54280853	0.70322126	0.15668084
0.41716897	0.6337614	0.31178284
0.6217718	0.71243465	-0.39184478
0.63052803	0.20107448	-0.48948568
0.17070436	0.1785264	-0.23201285
0.1241681	0.048092544	0.33473903
0.81683385	0.30884635	-0.33744356
0.7418233	0.38620698	-0.056924004
0.333924	0.023984909	1.0567751
0.111711204	0.21765399	0.45947623
0.5638717	0.813103	-0.4003202
0.44204313	0.51704866	0.07728356
0.04799676	0.22870278	0.39798334
0.45160556	0.5243672	0.17020318
0.6499829	0.49972475	-0.16421226
0.14019477	0.92520124	0.23608741
0.3769064	0.46255517	-0.19672137
0.45913297	0.20459205	-0.25266507
0.4728366	0.781315	0.497965
0.8748308	0.8246082	0.06409651
0.98057663	0.088646054	0.45164856
0.5737598	0.26363212	-0.17510325
0.36016238	0.1290515	0.2668828
0.00052821636	0.62707883	-1.6879197
0.7854927	0.81442624	-0.034353204
0.99383146	0.32285744	0.07299614
0.51536965	0.007155001	0.016961526
0.74179715	0.35075545	-0.11023533
0.4768805	0.028040707	0.00995307
0.18271774	0.13497925	-0.20698611
0.47023898	0.84391403	0.4331073
0.677945	0.30340147	-0.20725776
0.5724985	0.9212087	-0.864918
0.3916886	0.907779	0.5979429
0.70616865	0.02099049	-0.57205635
0.525867	0.3254602	0.3890802
0.320118	0.21239823	0.57193357
0.4371546	0.5507434	0.19211908
0.85373044	0.011533737	0.51622117
0.627337	0.46904755	-0.3101867
0.03545171	0.98243016	0.31043175
0.8952514	0.9891833	0.24157257
0.0051657557	0.0057341456	1.5476712
0.077287614	0.951647	0.15327679
0.7318059	0.49276048	0.19621749
0.9881122	0.65977556	-0.40159932
0.31325805	0.23831147	0.5757365
0.26904315	0.2508785	0.4182543
0.23451203	0.07500881	0.6535596
0.13382518	0.8181531	0.41223225
0.6798031	0.6926922	0.32243362
0.7323462	0.8138337	0.54725003
0.8589912	0.5135669	-0.21540199
0.84190166	0.62291026	-0.27944875
0.105920434	0.23587108	0.54414177
0.5716904	0.7678217	-0.35697573
0.43867856	0.07597113	-0.27400386
0.72259545	0.533091	0.29968527
0.702814	0.34570247	-0.111396864
0.22298306	0.19717038	0.06147407
0.9243935	0.7831814	0.16412586
0.0534423	0.77597195	0.01671648
0.9335158	0.46371782	-0.0500725
0.63015914	0.88995457	-0.616819
0.39884531	0.7227606	0.4571491
0.38736898	0.35043412	-0.33265603
0.25109792	0.4045484	-0.15043777
0.13942432	0.33543038	0.09111194
0.7760693	0.6552249	0.055886474
0.7100273	0.045823216	-0.5867874
0.5046059	0.04109484	0.06889811
0.23697424	0.6634109	0.098202415
0.30748016	0.10627985	1.1729205
0.19090354	0.3144136	-0.34243473
0.4611172	0.2579223	-0.2216175
0.4167269	0.6774121	0.42764494
0.7853027	0.8917166	-0.12631595
0.5847503	0.31451094	-0.23567921
0.12146407	0.9098124	0.23457724
0.5059767	0.02812177	-0.016665041
0.15495026	0.26250345	-0.18457898
0.5573235	0.81062067	-0.35960054
0.49811357	0.11767876	0.0029971749
0.0008929968	0.4689284	-1.8080574
0.74639046	0.9818593	0.41693127
0.054471016	0.06732869	1.3263023
0.82345355	0.7693556	-0.22117135
0.40605938	0.85246867	0.565133
0.6464761	0.64832693	-0.11842214
0.18006724	0.13416392	-0.21131144
0.6782782	0.4432345	-0.012059868
0.9537102	0.80505216	0.07126535
0.2974592	0.18608683	0.84119004
0.37786144	0.549314	0.065030485
0.9863925	0.9867374	-0.25631857
0.9790519	0.8839044	-0.16684005
0.35685384	0.6764833	0.35899967
0.9960212	0.45294082	-0.23405787
0.67586195	0.028540432	-0.26207954
0.72097737	0.14876187	-0.5585942
0.46428937	0.1481576	-0.18940407
0.9450563	0.95215666	0.18606111
0.8698778	0.12631363	0.28061235
0.44529897	0.9476843	0.39793453
0.2332114	0.2489422	0.0012723133
0.15271139	0.8447205	0.4289972
0.7878269	0.14484209	-0.5764415
0.27819908	0.42815316	0.0032605529
0.4390365	0.90754676	0.4910782
0.62537557	0.7366866	-0.4432485
0.052072883	0.7039157	-0.14130142
0.8450099	0.4659902	-0.23240967
0.27832782	0.15089321	0.93550074
0.37401074	0.80108654	0.5640768
0.9722866	0.030752003	0.5502049
0.5835497	0.9478958	-0.9535671
0.49879426	0.86817354	0.24988838
0.13518244	0.23512048	0.06702412
0.9048094	0.83428967	0.22508033
0.2451024	0.39663774	-0.2150686
0.5737122	0.47284722	-0.04631018
0.9077785	0.74037033	0.110623315
0.73275715	0.09340334	-0.76689595
0.96150625	0.48607898	-0.13012047
0.28232992	0.65192217	0.20433849
0.33143377	0.992885	0.7407292
0.8053555	0.8305235	-0.22735916
0.670137	0.86223084	0.089847825
0.85244673	0.8710428	-0.123280674
0.62348706	0.25354087	-0.47198355
0.3464601	0.20757574	0.3634958
0.8246315	0.55745167	-0.22256485
0.044697285	0.9524316	0.17011003
0.84982723	0.6258376	-0.23954447
0.7442071	0.27808815	-0.33462468
0.8167606	0.6534	-0.16012532
0.20840931	0.5242888	-0.20662382
0.8293976	0.070471644	-0.09614718
0.20100081	0.4633084	-0.324692
0.6909969	0.793752	0.51843226
0.02485001	0.3921221	-0.8860318
0.371453	0.17293203	-0.048768938
0.6352606	0.3606022	-0.37289405
0.46950006	0.96389705	0.23813023
0.10236621	0.590673	0.66035837
0.07822913	0.5756052	0.49644342
0.45193064	0.67667216	0.5108666
0.7572964	0.24383307	-0.4548663
0.22635585	0.25536388	-0.061350808
0.02018851	0.7618341	-0.6903077
0.7886536	0.346905	-0.2809056
0.21362686	0.8525583	0.4722346
0.45900744	0.75900126	0.5523778
0.13950402	0.9386955	0.16943814
0.8155998	0.74135363	-0.27017093
0.23496944	0.3744272	-0.26319382
0.5774929	0.28001338	-0.13198352
0.92832357	0.4027853	0.049577694
0.42333472	0.2512251	-0.48285392
0.6629334	0.876439	-0.007863809
0.7568409	0.6130606	0.16179447
0.45525187	0.6394439	0.4092798
0.5937226	0.66851354	-0.3150193
0.35440838	0.92158234	0.64607096
0.3604794	0.40957844	-0.108241044
0.26671082	0.55065596	-0.08000163
0.5733611	0.8544966	-0.7068261
0.4985156	0.5534716	0.51007825
0.06740022	0.49007136	0.27789333
0.12650597	0.70892245	0.58262694
0.6986945	0.6853588	0.37727565
0.102644265	0.7412456	0.585337
0.7721316	0.2718107	-0.4863701
0.58733547	0.77810484	-0.49863687
0.25721014	0.97740036	0.6355183
0.51195145	0.80293876	0.24356306
0.14916587	0.51559806	0.21216229
0.69886523	0.67156833	0.4278285
0.5291666	0.6625672	0.3187447
0.33218086	0.8523794	0.6426775
0.91293603	0.34039575	0.1151263
0.540251	0.33108854	0.27303633
0.9748986	0.6353165	-0.31147802
0.86631703	0.9487954	-0.06331953
0.35436022	0.97018373	0.6099557
0.83887595	0.13573796	-0.12188538
0.75459635	0.884209	0.38770866
0.31582457	0.37583995	0.19586444
0.2123152	0.78127056	0.39447147
0.84248513	0.047766387	0.1391617
0.1331228	0.16358775	0.15802045
0.11525357	0.23862475	0.4062822
0.66898984	0.62967366	0.124942735
0.2739808	0.5718736	0.0018179379
0.67909044	0.16941696	-0.4062018
0.08564377	0.95263696	0.10423134
0.14722842	0.967116	0.1403752
0.22911799	0.06987786	0.54038846
0.65976834	0.26054603	-0.41667908
0.25791216	0.9427014	0.7005781
0.49268478	0.37155306	0.32341364
0.60621184	0.3631189	-0.37047958
0.92443645	0.9820467	0.31370768
0.08894116	0.42930043	0.5517445
0.7537749	0.47636873	0.077755205
0.34686035	0.059315324	0.72844636
0.30647314	0.7629772	0.53364986
0.74634796	0.36175328	-0.13657959
0.25439727	0.25790697	0.2757703
0.63600254	0.08649993	-0.25046587
0.1371839	0.6086114	0.4801857
0.79701287	0.07132405	-0.59740984
0.6783819	0.8975786	0.22432128
0.76230407	0.6868026	0.17299165
0.26591086	0.7481894	0.37788105
0.8313361	0.33280802	-0.21488628
0.7890824	0.46613175	-0.193737
0.9983836	0.6227385	-0.44672003
0.07226485	0.45895296	0.31889763
0.39074445	0.9732634	0.58243924
0.073248744	0.84058034	0.16501701
0.9420329	0.19479245	0.40984288
0.29056078	0.35995263	0.22091325
0.9950959	0.538188	-0.43178502
0.9748899	0.4973688	-0.18377921
0.6219363	0.46579957	-0.28641194
0.14818013	0.88279986	0.3022152
0.8329143	0.96338415	-0.3539123
0.019945264	0.8427778	-0.2641083
0.7542347	0.021930516	-0.9424739
0.5420288	0.47229403	0.34151265
0.40678108	0.13730901	-0.33698714
0.49136043	0.6264408	0.5577051
0.17588991	0.33142883	-0.3653033
0.8961684	0.43093032	-0.11593014
0.24573624	0.23317546	0.23763937
0.15190321	0.38298327	-0.02515027
0.71594465	0.6760025	0.5664771
0.27715397	0.47209525	0.015946515
0.608876	0.9385883	-1.0127177
0.28031743	0.38283324	0.07846323
0.14966476	0.88383865	0.32156152
0.86455655	0.8925971	-0.049446076
0.7222494	0.16432768	-0.5227462
0.66658646	0.8903296	0.01096883
0.31025457	0.09784764	1.1749873
0.063637555	0.8724898	0.17226245
0.66176325	0.17584431	-0.40355277
0.23515135	0.069500804	0.7187915
0.6487253	0.6245171	-0.13590164
0.5295085	0.6401841	0.47670737
0.96479285	0.6029385	-0.23619428
0.59367216	0.5985197	-0.2909939
0.035267055	0.15853184	0.7108482
0.27974522	0.7327897	0.29389197
0.18657857	0.42520297	-0.328373
0.083168864	0.17891067	0.7543699
0.483689	0.6491234	0.5101406
0.051226318	0.5012405	-0.23767188
0.5309314	0.93729967	-0.35208067
0.6383603	0.5790445	-0.18887818
0.055268884	0.009379625	1.5857
0.28232992	0.30504513	0.31162792
0.6223807	0.2073052	-0.5074081
0.057115078	0.40117997	0.035144832
0.02397865	0.8206319	-0.3583396
0.19602895	0.84849244	0.46702892
0.5443402	0.16423118	0.018403355
0.47902465	0.63508916	0.4872489
0.7533678	0.42890263	-0.08338047
0.9508315	0.77984023	0.048898324
0.2268421	0.72042406	0.2606084
0.99023515	0.15311831	0.40067542
0.45674855	0.38937902	-0.011812944
0.23472118	0.59224963	-0.06763161
0.9875117	0.03163308	0.50247616
0.79831094	0.92827445	-0.28359148
0.3921365	0.06433499	-0.07514051
0.6956175	0.9780943	0.52481425
0.9451413	0.4180519	-0.023779407
0.07230282	0.07908666	1.1930877
0.07474929	0.5809553	0.39558014
0.2501105	0.7459857	0.32643256
0.73380375	0.009334981	-0.8989279
0.59390837	0.83816224	-0.736288
0.91025364	0.36231261	-0.00433236
0.25534225	0.66509384	0.1075542
0.89673746	0.975503	0.23572105
0.6878557	0.84153867	0.485679
0.4982773	0.11735308	0.053009942
0.98476094	0.87679964	-0.23976348
0.8835441	0.6571706	-0.090243
0.2108081	0.10180408	0.13799848
0.122606635	0.51494205	0.5580964
0.46052873	0.85952765	0.49262744
0.5185588	0.4740904	0.62325317
0.1967116	0.37901044	-0.364334
0.999206	0.22106642	0.2521586
0.72503245	0.6741076	0.48216286
0.43326968	0.6127784	0.26556274
0.23821777	0.5313004	-0.21933782
0.4349633	0.33684528	-0.2591432
0.62169796	0.35818875	-0.39733526
0.7645761	0.15745759	-0.6518421
0.61227673	0.2956354	-0.44224864
0.8593739	0.7548034	-0.08837557
0.15462786	0.54973936	0.19104947
0.06489271	0.8326967	0.15691285
0.08383328	0.28379613	0.56899583
0.92586356	0.7820028	0.17801394
0.50218683	0.5459966	0.52931607
0.37824273	0.69612944	0.35043988
0.88633895	0.7977436	0.068887845
0.5449749	0.48210073	0.3923235
0.46878302	0.43066353	0.20391977
0.6381594	0.16850364	-0.39838454
0.17773521	0.7261184	0.3311481
0.3989094	0.9001801	0.61924374
0.39402086	0.12206268	-0.23170687
0.88482946	0.7327702	-0.01733639
0.3214634	0.1098966	0.9415081
0.45788044	0.19323075	-0.22411844
0.048102975	0.6875956	-0.20271832
0.96596825	0.4527551	-0.11831407
0.25497144	0.35909772	-0.07002413
0.50840807	0.9869187	-0.16733941
0.36569625	0.5685622	0.100136034
0.13547015	0.2563572	0.152912
0.08378744	0.8510749	0.25940278
0.94120955	0.40760094	0.029888064
0.23878115	0.47989976	-0.30093896
0.17638147	0.79394114	0.40273553
0.019848704	0.18402112	0.17776325
0.40458435	0.1481536	-0.35535312
0.44971657	0.52384585	0.15956105
0.36960566	0.25633883	-0.09939554
0.10919422	0.8059673	0.4850978
0.6153409	0.03590274	-0.16179873
0.9766128	0.9719507	-0.12772802
0.7346436	0.5821802	0.25494388
0.31820047	0.7709573	0.595137
0.7802534	0.8383194	0.00450363
0.85735464	0.08824736	0.27138224
0.30796927	0.510776	0.07602143
0.29537493	0.8791367	0.6711629
0.24329275	0.6846749	0.18355039
0.3786304	0.41520512	-0.19626896
0.75215036	0.8781681	0.41886172
0.12658471	0.90524566	0.21509647
0.09827906	0.10846895	0.72544634
0.91065425	0.4885857	-0.062369723
0.7957229	0.0828616	-0.55623883
0.64836454	0.089536846	-0.3006609
0.120221615	0.5650384	0.53395474
0.15865964	0.35995793	-0.13245586
0.78606486	0.57030684	-0.07696389
0.6961543	0.71573764	0.511916
0.03487891	0.7996624	-0.29131916
0.39689195	0.6603551	0.26023668
0.41026437	0.22290021	-0.46717286
0.7443375	0.8412555	0.46431017
0.5677435	0.8650401	-0.57985425
0.12059122	0.884819	0.32135305
0.9894679	0.6435685	-0.44946352
0.14562827	0.9714597	0.046286874
0.040492356	0.6447451	-0.5315723
0.8155124	0.7893681	-0.20290849
0.13263571	0.91410923	0.22630368
0.6980475	0.11881906	-0.4524163
0.1396758	0.14485657	0.053358033
0.32815653	0.3820814	0.18253213
0.86123145	0.5375762	-0.20778278
0.66645026	0.49106377	0.0001616031
0.23150772	0.5441637	-0.12029948
0.47127938	0.42303377	0.15430352
0.25756168	0.6681852	0.13613236
0.24519444	0.5216171	-0.19049808
0.42777914	0.21068788	-0.49122834
0.47591442	0.007705331	-0.00013403036
0.90153944	0.07610279	0.6961626
0.3793673	0.9731549	0.5876691
0.014681578	0.9934368	0.5274539
0.38950902	0.5556893	-0.01805402
0.8346026	0.0050777197	0.1765711
0.51175654	0.31169736	0.3234547
0.7290631	0.5333193	0.24722753
0.79842615	0.5899684	-0.23043266
0.9270896	0.15335906	0.48408708
0.576236	0.83035237	-0.5648161
0.4101184	0.19468719	-0.45501456
0.69125104	0.5834571	0.33306825
0.58844167	0.87403363	-0.8729454
0.880128	0.4735824	-0.21042871
0.5606456	0.6588301	0.029935304
0.54851496	0.4604944	0.32421622
0.9447357	0.082916975	0.5602531
0.85951024	0.27726835	-0.09724698
0.16037154	0.5919893	0.23325066
0.061282933	0.51878476	0.08799659
0.58864766	0.16108328	-0.36066243
0.8327916	0.43392044	-0.24859025
0.90048563	0.1557895	0.47901642
0.9502994	0.33169	0.11103283
0.4232185	0.14867306	-0.40575898
0.4383626	0.18372619	-0.41342402
0.55304766	0.18437439	0.007958494
0.47988236	0.04629749	-0.02339216
0.16440809	0.7753402	0.4000121
0.5511422	0.9311613	-0.56462324
0.55063206	0.46439075	0.36595845
0.4000002	0.2558323	-0.40331608
0.8908379	0.31249404	0.070711374
0.20235723	0.79508436	0.41226366
0.24080408	0.6678353	0.08593292
0.42760992	0.46761364	-0.12451585
0.06925583	0.18312722	0.78392553
0.17366683	0.2745387	-0.32694876
0.27818924	0.7927597	0.4490262
0.68050295	0.090764165	-0.40152097
0.8219083	0.88843715	-0.28733346
0.6699382	0.789538	0.1791267
0.7072742	0.56507933	0.36231983
0.30413264	0.6261542	0.20687822
0.06799066	0.31386292	0.41139206
0.68226206	0.960111	0.26762217
0.97857285	0.65858376	-0.31406137
0.86454093	0.13294429	0.2473819
0.047629416	0.9245222	0.08797713
0.1062907	0.13871473	0.54556066
0.17881083	0.07301134	-0.09921548
0.68107575	0.17953426	-0.35444367
0.98273045	0.9051566	-0.18716401
0.37352163	0.9525776	0.6806104
0.10110986	0.9397687	0.15939337
0.16140062	0.9919749	0.14506759
0.8710857	0.021020055	0.67713284
0.6172879	0.3814273	-0.3454419
0.73062307	0.10580081	-0.6905154
0.0038642883	0.13252598	0.40248653
0.28124553	0.16267931	0.8819255
0.0074443817	0.6559312	-1.390948
0.1435312	0.41167462	0.095635764
0.14268374	0.55232614	0.34859338
0.076474905	0.40888327	0.4702551
0.28471243	0.37524533	0.10494167
0.22792435	0.26960397	-0.10129419
0.6760468	0.19461328	-0.3670379
0.34490693	0.28603226	0.14765139
0.5910655	0.9160441	-0.9594554
0.113815725	0.8566277	0.34803435
0.37659132	0.78026086	0.51613003
0.7093077	0.05165434	-0.5931337
0.8196303	0.20030773	-0.3518272
0.6544647	0.11908013	-0.36733428
0.23986948	0.057010233	0.82918763
0.03939247	0.5139476	-0.6289166
0.8828832	0.70139927	-0.021022918
0.31540048	0.21484303	0.631986
0.6333012	0.3984431	-0.37779146
0.9965098	0.06159419	0.5276649
0.6028116	0.2350232	-0.42588902
0.93116164	0.053242862	0.6833192
0.10317141	0.6920298	0.66421443
0.75644034	0.1306166	-0.75238353
0.17782241	0.32058483	-0.26994154
0.8372236	0.037547708	0.1449878
0.36380452	0.81665987	0.5755055
0.14608037	0.7045035	0.5316626
0.90040827	0.9808918	0.24201684
0.1861431	0.616643	0.06944725
0.9009288	0.03724569	0.7826185
0.38988286	0.8720327	0.5519238
0.35075253	0.023501515	0.7518861
0.8492539	0.77578306	-0.18997583
0.7795743	0.075111926	-0.7251209
0.57270825	0.33573866	-0.09333415
0.32247442	0.754907	0.5332739
0.44754463	0.12800753	-0.2197412
0.09645575	0.91839164	0.1890955
0.529342	0.86683404	-0.06114998
0.116107285	0.78984857	0.54139394
0.1781835	0.39875638	-0.29209852
0.6677553	0.47411567	-0.034243323
0.420276	0.3467483	-0.430251
0.00987041	0.4191147	-1.4803146
0.8375706	0.45725822	-0.22766617
0.25134218	0.86523384	0.6203058
0.19123393	0.806781	0.38471317
0.21486473	0.56785494	-0.13145259
0.9054104	0.08583403	0.65306914
0.59766585	0.6074199	-0.27193266
0.6342043	0.7894592	-0.41110003
0.545409	0.47991264	0.35288793
0.6345045	0.3448289	-0.4215984
0.7657409	0.21494293	-0.562533
0.7183345	0.3742535	-0.045064755
0.8769355	0.7723991	-0.04131181
0.5065054	0.5242323	0.55096734
0.67972046	0.5953251	0.24152923
0.022355318	0.7027834	-0.8527368
0.6384136	0.4390778	-0.32767946
0.5268993	0.81180453	0.11805059
0.30436146	0.75267434	0.45436215
0.5385001	0.44852716	0.39760357
0.71926314	0.41545188	-0.0017288476
0.33092475	0.1774112	0.6249191
0.15167928	0.11023891	-0.0716897
0.3641733	0.4941942	-0.0327239
0.93230546	0.39919692	0.010073669
0.09256053	0.27806878	0.5763409
0.48983872	0.703258	0.52350837
0.8830709	0.19735849	0.24939476
0.116487324	0.8890917	0.27387834
0.4485566	0.65812635	0.428864
0.6644189	0.84703034	0.036510777
0.1279968	0.14189416	0.20805857
0.54804015	0.31070405	0.22086945
0.5378303	0.85347986	-0.16425648
0.7761564	0.6619016	0.00961403
0.84796625	0.0023685694	0.48215884
0.6136586	0.8240803	-0.6506121
0.41131908	0.71169025	0.45454448
0.9982926	0.14312637	0.43599725
0.5743851	0.30834657	-0.08217649
0.35482377	0.16183615	0.2876825
0.36178792	0.5336947	0.04570925
0.040403962	0.39265263	-0.40022483
0.15298057	0.52851653	0.22034785
0.77673674	0.63641083	0.012770883
0.81369615	0.31430686	-0.36900532
0.83538586	0.9447238	-0.3913551
0.044863164	0.9726386	0.20808296
0.6036458	0.648601	-0.35025653
0.59759444	0.38048697	-0.25357622
0.28475028	0.27615994	0.41458273
0.1581009	0.6179367	0.27700672
0.8380145	0.57948023	-0.27782038
0.46870273	0.79555696	0.45405275
0.19717485	0.8124133	0.46196377
0.30181217	0.023045123	1.4048394
0.31703997	0.06979638	1.1231924
0.86993825	0.90382785	0.045624446
0.6525083	0.14345384	-0.35074365
0.843891	0.8797631	-0.22176087
0.9194326	0.32039982	0.1217425
0.48257583	0.43220526	0.33396345
0.4745273	0.16247106	-0.12083223
0.42361063	0.18814844	-0.44496852
0.8629635	0.8777195	-0.011315562
0.50705373	0.6854434	0.4678818
0.00023031235	0.20626897	-0.27860212
0.5633882	0.32302308	-0.0017363317
0.5245721	0.21994114	0.17503168
0.35722274	0.6988385	0.3702944
0.12002313	0.81750095	0.50694215
0.68059194	0.6182829	0.29730114
0.97514415	0.32802773	0.06909984
0.4164083	0.93966866	0.5637916
0.7419438	0.6600223	0.40368527
0.86005396	0.33563846	-0.19903426
0.2541592	0.0070795417	1.1765178
0.16272634	0.6401634	0.28463575
0.7538264	0.22276527	-0.5335381
0.78799796	0.98382646	-0.2177718
0.62781554	0.59843224	-0.32141998
0.7458933	0.2354818	-0.4666671
0.888957	0.27027434	0.054852333
0.18611789	0.78118974	0.4348192
0.7215206	0.060461164	-0.73239106
0.53567433	0.83911103	-0.112979345
0.38565856	0.9314369	0.62866354
0.3354773	0.45640063	0.011102609
0.39485437	0.48370743	-0.14377262
0.024855733	0.12986708	0.73199755
0.79318947	0.07078087	-0.60047054
0.11139691	0.7679311	0.590756
0.7800727	0.52971417	-0.11414198
0.50588197	0.54168034	0.56708425
0.81587815	0.4614702	-0.2830529
0.032740653	0.12433165	0.83038735
0.19001389	0.016697705	0.07039477
0.30250007	0.7246275	0.38330737
0.57706964	0.67920476	-0.18521897
0.43746954	0.76647305	0.48242164
0.7809229	0.3847875	-0.22437917
0.9179943	0.050842762	0.72211206
0.49854708	0.98321164	-0.028236
0.25445342	0.73409873	0.37647343
0.14647686	0.8132162	0.47015107
0.5994931	0.5015923	-0.21800368
0.67476904	0.60388947	0.19276354
0.56519574	0.5568931	0.10757907
0.5057399	0.60966796	0.53402394
0.18043989	0.84766924	0.42910975
0.11752051	0.6353642	0.6192028
0.61725587	0.15778404	-0.4542696
0.7042109	0.050020754	-0.4945659
0.082276106	0.72437036	0.44849545
0.14431942	0.9368113	0.1696089
0.25981104	0.11366457	0.8440844
0.04955405	0.24384427	0.3527707
0.9733291	0.48597002	-0.20828468
0.41110295	0.40074152	-0.3985504
0.013342559	0.7012853	-1.0810935
0.7818223	0.6552242	-0.016352491
0.30063903	0.3494289	0.2865325
0.95460504	0.3875466	-0.0057271216
0.6929049	0.9063633	0.52285343
0.16807604	0.9765979	0.17344138
0.86905843	0.5689095	-0.16905633
0.99835587	0.22992069	0.21164693
0.5949901	0.60106474	-0.19902208
0.36520177	0.7968504	0.58555686
0.7524464	0.13175082	-0.7161386
0.40414435	0.6994979	0.3725505
0.5901339	0.6348533	-0.24938236
0.8481642	0.28092682	-0.18308522
0.72950983	0.029774785	-0.8487804
0.28069884	0.23186368	0.620199
0.46947062	0.22383863	-0.121444784
0.7863376	0.2626719	-0.44871932
0.71144927	0.7476782	0.58685654
0.0830034	0.097408354	0.93335414
0.42724973	0.56543076	0.16345334
0.5033605	0.6176618	0.5182998
0.4479481	0.20000297	-0.35903785
0.78922594	0.36185408	-0.31157967
0.058320224	0.07126987	1.338944
0.45196515	0.5357761	0.22485863
0.9221969	0.20033795	0.3978379
0.23792428	0.5535634	-0.16805828
0.49317294	0.49260777	0.50481105
0.73016137	0.68918604	0.45553368
0.4160961	0.03444165	-0.22311538
0.14638406	0.27421856	-0.087997004
0.4711538	0.5611153	0.42514405
0.9817653	0.4595396	-0.20530912
0.86341697	0.15671241	0.14116727
0.70872504	0.39430416	0.017854797
0.6629456	0.15761596	-0.3542405
0.7209741	0.79291713	0.57963836
0.41650242	0.41853458	-0.33250755
0.09244412	0.3183638	0.5224476
0.09535915	0.10000634	0.8034743
0.8279065	0.41332197	-0.28283533
0.9868473	0.72510284	-0.3610162
0.04164529	0.10612559	1.0488989
0.7855037	0.28330588	-0.42128626
0.19915581	0.3681578	-0.37408534
0.4126808	0.8432316	0.5393823
0.7713048	0.018167555	-0.87810427
0.36579132	0.28406632	-0.12158801
0.71139413	0.0127455	-0.6857214
0.007920623	0.36672568	-1.3491423
0.68102795	0.7965986	0.36084664
0.3306015	0.93544406	0.67711675
0.67272896	0.37184042	-0.15495843
0.13506508	0.76394975	0.5406178
0.7944738	0.7011224	-0.105704114
0.028369784	0.6852247	-0.83901095
0.6536958	0.7490425	-0.025120694
0.6323027	0.10824734	-0.35119894
0.7033974	0.2850644	-0.19877538
0.76184064	0.8077013	0.29625696
0.48711073	0.29024786	0.10596655
0.3423096	0.06068039	0.7532398
0.9549304	0.47113252	-0.07670295
0.8170823	0.18248326	-0.33160347
0.52673095	0.1010443	-0.0067361183
0.67751366	0.08531052	-0.3416589
0.8544556	0.97915405	-0.19980915
0.65514976	0.8945577	-0.21596235
0.90383255	0.43915355	-0.13510837
0.47146583	0.6833313	0.5009356
0.11086428	0.68306315	0.65832794
0.30548584	0.39358246	0.16769315
0.5590628	0.014142334	-0.17386429
0.18593067	0.41805375	-0.32895628
0.8078287	0.4230075	-0.20206803
0.04451281	0.8697294	-0.033255726
0.6265754	0.3991241	-0.4359583
0.64410883	0.21289033	-0.44208035
0.4944492	0.46769404	0.4879666
0.92121506	0.91000056	0.30943567
0.98338324	0.4130686	-0.1722171
0.9410723	0.096942306	0.5413536
0.12357974	0.73229337	0.5912864
0.40443867	0.50505126	-0.069324896
0.63060176	0.051391363	-0.2074063
0.48554182	0.87169755	0.35183474
0.40157825	0.012211502	-0.055746138
0.048687875	0.17440444	0.6655352
0.518112	0.69041115	0.40914658
0.6782484	0.6875497	0.28576943
0.35327864	0.20461333	0.20011991
0.31247944	0.5462296	0.13269788
0.653622	0.45218283	-0.11146379
0.38639325	0.4702031	-0.12013466
0.9068495	0.7309276	0.067154124
0.9333182	0.12517875	0.54919815
0.53507566	0.5540796	0.45059136
0.6835373	0.93206435	0.36812186
0.40514886	0.3512137	-0.39366478
0.916438	0.7032848	0.017154042
0.12289566	0.60587907	0.5888847
0.75899744	0.33018088	-0.24855497
0.45698333	0.2486465	-0.2053749
0.7563224	0.6864969	0.2539895
0.4185475	0.49134302	-0.07791543
0.90471876	0.44151956	-0.088828385
0.77535295	0.28277057	-0.40491807
0.9992658	0.92009854	-0.36482763
0.5138009	0.45208114	0.5513369
0.8540651	0.70199406	-0.16330062
0.9643166	0.1242162	0.46577048
0.4415831	0.97626376	0.36664858
0.27167773	0.022796571	1.3801231
0.42354637	0.41353637	-0.20148495
0.69947344	0.84749013	0.54124427
0.90593594	0.4584133	-0.07037453
0.65274274	0.120019436	-0.35381803
0.7822706	0.89973843	-0.032266475
0.15239292	0.10360354	-0.1097832
0.89648366	0.6699799	0.0068885125
0.8419998	0.5901262	-0.23604523
0.70093673	0.21247953	-0.3495346
0.67241806	0.48798466	-0.015748631
0.2794975	0.28222227	0.42612252
0.80596405	0.6133911	-0.21177882
0.052555203	0.4390114	-0.17928429
0.10720146	0.85935974	0.34930947
0.6219887	0.04850477	-0.1828085
0.49905008	0.72110045	0.41954508
0.6331241	0.3194381	-0.41298077
0.12486738	0.38616884	0.35956666
0.4621185	0.4122262	0.056148477
0.5931605	0.3461765	-0.24971779
0.8227223	0.8128426	-0.26716104
0.43477607	0.6220656	0.2899831
0.5067846	0.83624387	0.17904991
0.67139524	0.36225015	-0.22539717
0.3721676	0.18990928	-0.02330865
0.9176097	0.7787948	0.19207579
0.47170037	0.4419163	0.22707617
0.26289988	0.8253421	0.52187026
0.8214002	0.3725701	-0.25793338
0.10329121	0.767903	0.5378483
0.2662459	0.60804284	0.07784044
0.9821018	0.9506408	-0.27060845
0.13689089	0.44230807	0.2609298
0.29434133	0.4143669	0.14553045
0.24692595	0.094495	0.7605661
0.29343295	0.4633125	0.04231761
0.6776448	0.74273825	0.26833782
0.1679883	0.37850952	-0.2205724
0.43463612	0.05294901	-0.24177781
0.9970311	0.32902724	-0.03091696
0.037582576	0.5683852	-0.6402963
0.45636022	0.4230314	0.035492267
0.95035887	0.66368663	-0.11473965
0.917525	0.96082747	0.3359031
0.49722576	0.4335841	0.4581721
0.70726836	0.5476515	0.31098223
0.07345021	0.36513776	0.34088087
0.44995815	0.10823512	-0.2599017
0.14401901	0.11290997	-0.0415698
0.7801065	0.30976796	-0.34297252
0.9688499	0.59919316	-0.264879
0.4908868	0.013361931	-0.02147792
0.28109336	0.7018994	0.28591874
0.073052764	0.5809303	0.33036962
0.88206714	0.9906975	0.07447134
0.071219444	0.2242471	0.69213814
0.7484712	0.47227055	0.043266647
0.36924416	0.69166195	0.37822777
0.3890553	0.79592335	0.5188841
0.84048194	0.13613999	-0.036136642
0.8987897	0.48021388	-0.10452917
0.48039186	0.73441356	0.4562904
0.0068053007	0.6817363	-1.2475682
0.7031377	0.9664651	0.6304361
0.7289914	0.80964196	0.58983976
0.6797133	0.5618898	0.16016826
0.103976965	0.37976325	0.5764435
0.61601967	0.16939777	-0.4621312
0.06956363	0.7951311	0.20221072
0.30233943	0.301459	0.5021948
0.0916093	0.4333812	0.5467952
0.72890884	0.3426394	-0.07376198
0.003063321	0.6318696	-1.6088482
0.40429175	0.2544664	-0.46104127
0.59186155	0.72568035	-0.5018941
0.77504784	0.660452	0.011788752
0.17721915	0.3401388	-0.33362263
0.17533779	0.37525886	-0.28245717
0.18588829	0.16001719	-0.21908638
0.46720535	0.39335978	0.06845419
0.3777786	0.69849205	0.33976072
0.03373027	0.8567296	-0.13762337
0.9358718	0.6764711	-0.0031755231
0.32589036	0.9534768	0.63825876
0.6203663	0.7134528	-0.39955753
0.85659575	0.88455296	-0.07248768
0.27534753	0.81252855	0.55364186
0.18565375	0.67681134	0.24474028
0.86511046	0.8878074	-0.036377817
0.6243027	0.2740401	-0.479314
0.915014	0.67903876	0.03256008
0.6061712	0.3967933	-0.29851857
0.55337226	0.67875	0.085537806
0.6353776	0.8412311	-0.4805974
0.061323047	0.9998046	0.1669908
0.30971062	0.81527907	0.6244727
0.59661424	0.5078641	-0.18161285
0.92629445	0.5567083	-0.08750539
0.9528576	0.8777895	0.13068761
0.9529383	0.87247837	0.08146801
0.08960515	0.548857	0.58097494
0.5135678	0.4569791	0.52797174
0.49590826	0.07840878	-0.031150222
0.6719999	0.75884604	0.22775024
0.5192877	0.7555854	0.266055
0.31896484	0.44501352	0.05034994
0.24399298	0.6618609	0.12697077
0.8028466	0.1961667	-0.46577623
0.8186218	0.44788653	-0.21423952
0.049502254	0.0781945	1.3014796
0.51118445	0.96854085	-0.24207526
0.92624193	0.010273278	0.7943414
0.3674032	0.6927104	0.35386103
0.48102975	0.7656837	0.457981
0.5947178	0.37201005	-0.26507577
0.18710399	0.5310944	-0.16979645
0.094289064	0.93089575	0.14413686
0.38342458	0.8059851	0.5976411
0.09985703	0.5177716	0.6189019
0.4921528	0.7666801	0.41822797
0.7700189	0.39561057	-0.1973446
0.34839898	0.5539533	0.15736781
0.935439	0.33314782	0.15067442
0.81909215	0.17317182	-0.2940945
0.21547079	0.12494725	0.184347
0.7290278	0.6412899	0.43763146
0.30080324	0.09586811	1.1496346
0.77342844	0.7749116	0.04737386
0.15174514	0.06763017	-0.0124749765
0.40698874	0.378013	-0.34524378
0.3274086	0.09871018	0.9344986
0.1256097	0.538584	0.59412074
0.55859417	0.7446091	-0.14749919
0.30078995	0.7040895	0.33420393
0.9175242	0.47861427	-0.030805485
0.10160142	0.4586305	0.5481465
0.45179367	0.39769202	-0.110402144
0.4073791	0.17512232	-0.4725865
0.85853755	0.1575414	0.09869084
0.3474961	0.7777052	0.563532
0.6267178	0.30427045	-0.46298382
0.6671084	0.2707728	-0.29803205
0.638369	0.72064674	-0.23455848
0.26174372	0.8522556	0.60098606
0.14675504	0.4165482	0.10157923
0.71695	0.19781375	-0.42722073
0.35150534	0.8988286	0.70757097
0.5488479	0.23488528	0.054539498
0.48939836	0.33438933	0.21809132
0.7666616	0.8079952	0.1393235
0.33468992	0.046338618	1.0012181
0.99361783	0.5122256	-0.3889843
0.90941274	0.2115174	0.3559275
0.8294282	0.8982923	-0.33343607
0.46679407	0.8414848	0.45745826
0.014231265	0.3301775	-0.8642606
0.9772738	0.5720085	-0.31722507
0.11176944	0.8722662	0.34447703
0.30230612	0.3690189	0.21977139
0.2597103	0.61805445	0.012587648
0.06239444	0.6035201	0.104123056
0.25533742	0.25116944	0.2865802
0.28315353	0.043669403	1.379146
0.39505428	0.9751343	0.562166
0.15155554	0.4229203	0.07528883
0.83880436	0.011450112	0.2530083
0.123363316	0.68471545	0.6432769
0.26421988	0.54330903	-0.089709245
0.87934333	0.90190405	0.034569636
0.8785938	0.04241562	0.67771703
0.48092037	0.5517698	0.49524057
0.9253698	0.7832708	0.20007889
0.96572095	0.23224449	0.30872133
0.19160682	0.17233074	-0.18415944
0.4783014	0.8684683	0.35268137
0.53456527	0.25960475	0.19342533
0.14498568	0.016283572	0.066198826
0.9322204	0.8315535	0.22012672
0.7361448	0.84230226	0.48919418
0.42197663	0.116744936	-0.37124595
0.65714383	0.8399991	-0.08916544
0.79534346	0.6874263	-0.123591065
0.48602664	0.18582934	-0.016710944
0.23348981	0.13511437	0.38360962
0.36488402	0.42556095	-0.08006063
0.48307508	0.64896995	0.53498876
0.655945	0.13765454	-0.32231998
0.123226285	0.6109059	0.6672512
0.83752996	0.920065	-0.22670342
0.64884996	0.75250626	-0.16551113
0.005348325	0.6573426	-1.4269382
0.046032965	0.7479	-0.21297415
0.8756798	0.042481482	0.6710454
0.61703676	0.56952	-0.33064812
0.64762497	0.097019196	-0.30010468
0.2202391	0.87485105	0.5142413
0.8678952	0.8994275	0.024795245
0.22498173	0.93501055	0.5381301
0.19788653	0.67423916	0.12208445
0.4722901	0.8011809	0.48075837
0.59756565	0.1268698	-0.34738776
0.69845253	0.33727306	-0.12350497
0.7593876	0.87403613	0.24772044
0.7196192	0.8725798	0.6720629
0.05173689	0.17041934	0.82742876
0.5125028	0.17337215	0.12681541
0.17842513	0.8673039	0.4657629
0.7227758	0.3167354	-0.18614456
0.35910988	0.4164557	-0.05926816
0.3754958	0.28532135	-0.25164416
0.14191437	0.5576327	0.42779237
0.80203617	0.8969209	-0.26371318
0.1530881	0.28718537	-0.14490089
0.95172733	0.054998398	0.5587388
0.39127392	0.5410959	0.05665769
0.6010735	0.49463528	-0.23727058
0.28919953	0.3413735	0.26568842
0.59103453	0.95643115	-1.078724
0.38230425	0.64418775	0.2527836
0.36402053	0.7653822	0.5010807
0.21628267	0.0476532	0.3878479
0.791351	0.80204326	-0.13685715
0.054562747	0.13512969	0.93621856
0.9074768	0.7131405	0.027649574
0.8558432	0.35852998	-0.20454545
0.70686495	0.5051623	0.22707307
0.11268902	0.61294067	0.68931687
0.9909987	0.5407242	-0.37869927
0.29380202	0.72531617	0.29875103
0.07441813	0.388115	0.40768278
0.7566903	0.88727516	0.33787698
0.23612213	0.51286435	-0.2325967
0.10096043	0.671731	0.6740071
0.64551526	0.17636418	-0.3756903
0.7284572	0.22563422	-0.42100456
0.27466863	0.2534305	0.43774614
0.22468668	0.70043236	0.194451
0.79827327	0.30912775	-0.35559183
0.8309317	0.72238666	-0.23392662
0.34721738	0.104050696	0.5621404
0.4776032	0.70438945	0.52796084
0.08752078	0.19064438	0.69264674
0.83725643	0.4471165	-0.242338
0.9684345	0.47134936	-0.17841548
0.019266844	0.24699962	-0.3168536
0.7434397	0.9809146	0.476313
0.6214803	0.17277968	-0.40191942
0.897139	0.68233323	-0.029571014
0.52505857	0.24445271	0.21742834
0.058175623	0.8844529	0.08142044
0.56895906	0.03529793	-0.16544698
0.0646655	0.9969946	0.07602769
0.13543338	0.6924011	0.55584425
0.8113654	0.33957613	-0.3049084
0.50889564	0.79795057	0.27865186
0.8919282	0.23156494	0.19263431
0.89488786	0.95367175	0.16973433
0.8912329	0.8321366	0.15710413
0.18024677	0.20525569	-0.2554024
0.1287359	0.6929586	0.5429195
0.5780982	0.2184022	-0.31806886
0.28808737	0.85875714	0.72059846
0.15232748	0.47711152	0.12265069
0.9316502	0.4558075	-0.05753175
0.008261502	0.092654705	0.80583274
0.357938	0.74210334	0.47141394
0.7815469	0.78283995	-0.06040362
0.742047	0.7369668	0.41698232
0.97452664	0.72210175	-0.2871134
0.59186906	0.34683603	-0.2512396
0.8657184	0.6411713	-0.15299019
0.9852026	0.82924974	-0.29345188
0.4844858	0.33645546	0.1853595
0.7793388	0.88976085	0.053242534
0.49858677	0.47538227	0.45011255
0.67869216	0.2028777	-0.34429234
0.9164811	0.17562574	0.4231365
0.8512162	0.6457675	-0.20313211
0.36522615	0.47596353	-0.06422172
0.8554531	0.9077011	-0.18432902
0.09000522	0.6389626	0.5718227
0.68972385	0.16130203	-0.40285027
0.8501756	0.4714309	-0.24012117
0.9880492	0.51640636	-0.32878852
0.25725412	0.7622822	0.40993926
0.12945461	0.82144654	0.48499227
0.3504213	0.39068782	-0.041959826
0.278499	0.3777464	0.16171302
0.8772641	0.7991335	0.058230348
0.63024414	0.6258255	-0.31379148
0.60702014	0.22512943	-0.48604092
0.40454638	0.98758674	0.5668909
0.315583	0.58699507	0.14048496
0.2707991	0.19005954	0.6591394
0.7486154	0.7877414	0.4049395
0.098169565	0.3522551	0.5362544
0.24871969	0.26265168	0.15253194
0.7583138	0.62721	0.15331334
0.7018116	0.31222934	-0.14396434
0.21221977	0.8026941	0.44657582
0.72305715	0.2183137	-0.32637694
0.42193794	0.53532165	0.029668242
0.20122588	0.0057479143	0.18620557
0.7365864	0.530421	0.2219968
0.050047517	0.47378302	-0.24044739
0.5878134	0.0022255778	-0.20112757
0.0076034665	0.96480787	0.4203089
0.8835855	0.99100757	0.085776545
0.5715793	0.46393448	0.047615483
0.7858168	0.5978143	-0.04112131
0.42567503	0.006845355	-0.13125236
0.135795	0.99006665	0.022140287
0.27866203	0.24314487	0.55817187
0.28591377	0.6530508	0.19904567
0.89968044	0.03234291	0.856238
0.18036592	0.21743238	-0.29016784
0.45832318	0.19613099	-0.27344045
0.91094464	0.8178325	0.20776655
0.020633817	0.9106949	0.026765104
0.68287927	0.6868563	0.2697066
0.58362305	0.8845767	-0.7692753
0.16318333	0.052147746	-0.12568358
0.71353656	0.96329874	0.63471586
0.6759095	0.7398805	0.2489649
0.18431741	0.4961471	-0.18222179
0.8144533	0.90892	-0.3438021
0.37031698	0.49227262	-0.104229555
0.8303078	0.73622245	-0.20566843
0.768149	0.73269373	0.10144724
0.13072217	0.57259136	0.52131486
0.21717834	0.6524993	0.06205694
0.4645903	0.44997126	0.23435812
0.95681435	0.10135943	0.4750613
0.43246263	0.66576207	0.36295152
0.96540344	0.07783449	0.5152076
0.13478434	0.9335985	0.19456306
0.19749713	0.47971404	-0.28392205
0.3549217	0.77373403	0.48843142
0.8018285	0.62060004	-0.09755796
0.6049024	0.26125294	-0.40491435
0.26481026	0.4307325	-0.054994926
0.578554	0.8478093	-0.6637624
0.9948845	0.89622647	-0.35266462
0.9306762	0.8448784	0.19632858
0.7165723	0.4404869	0.15447769
0.038752258	0.58377326	-0.62303364
0.51167583	0.32126367	0.33549908
0.99817204	0.6063428	-0.45454767
0.22653681	0.7040841	0.13432297
0.8566809	0.8270249	-0.11574675
0.46194792	0.6558638	0.5030527
0.27307212	0.99916565	0.68449455
0.30957806	0.706103	0.34357876
0.44864476	0.52075386	0.15928864
0.94635177	0.9589321	0.17787021
0.18512619	0.20731676	-0.26293504
0.89076596	0.31897926	0.030217908
0.39723957	0.9118107	0.63595283
0.10585594	0.6794777	0.6275116
0.64429724	0.32844472	-0.40938896
0.5263328	0.95509654	-0.2954769
0.25005603	0.23610938	0.24591357
0.12890369	0.7469098	0.52118033
0.9158832	0.07553834	0.6569719
0.041784763	0.99036556	0.28190315
0.09494668	0.020111382	0.9299135
0.8164892	0.44363308	-0.2589148
0.35605735	0.40788835	-0.08862811
0.1697039	0.14233345	-0.24651016
0.16644883	0.27915204	-0.22437172
0.15449387	0.41946304	0.019626599
0.67956907	0.8362016	0.28035343
0.46757472	0.7279461	0.46878502
0.4480868	0.29787958	-0.2741878
0.2015211	0.2201243	-0.22023106
0.3416766	0.98604107	0.6277096
0.00076556206	0.8769516	-0.17518528
0.044893384	0.9955467	0.2562517
0.45663166	0.08974081	-0.21646549
0.09849566	0.7611696	0.55547297
0.60697436	0.030626893	-0.21800137
0.18129557	0.78548104	0.39785796
0.6971649	0.17668968	-0.4108338
0.59812343	0.14768636	-0.39435008
0.30620098	0.6721378	0.25877443
0.664262	0.23508584	-0.3649735
0.7728191	0.6987704	0.105534814
0.21652502	0.18163568	-0.010991033
0.64662695	0.78168535	-0.19537406
0.3772874	0.5589455	0.015675135
0.73864114	0.26620132	-0.37885362
0.47996008	0.40378523	0.2397759
0.743805	0.06337768	-0.83712316
0.7395753	0.8258088	0.46753383
0.49805057	0.5339578	0.55759287
0.07229096	0.13939428	0.97951984
0.0043048263	0.92517775	0.14696597
0.2846524	0.8524166	0.62205076
0.48195016	0.94208	0.23125574
0.5752906	0.8531206	-0.6569788
0.22698498	0.926857	0.6638409
0.56017447	0.29376322	0.050960943
0.9891112	0.55281174	-0.36183777
0.9227707	0.86180943	0.26542026
0.83783126	0.7850404	-0.1577028
0.16021949	0.35266876	-0.16180794
0.7521703	0.46514904	0.009890821
0.37418646	0.93775845	0.6019234
0.9351738	0.36057758	0.071903616
0.7045513	0.73991174	0.5385599
0.5194688	0.24818951	0.2433089
0.85424453	0.16925895	0.0019586757
0.4486074	0.53544664	0.18526702
0.27116168	0.4789083	-0.07312453
0.18979877	0.036594093	0.03240969
0.4806164	0.7353738	0.45259437
0.68901885	0.75081533	0.4161932
0.031506836	0.12977636	0.8109965
0.0515157	0.90955895	0.081183456
0.41092604	0.24908304	-0.43744367
0.9629717	0.33992302	0.09251157
0.54073507	0.9307492	-0.4998913
0.2813452	0.40651214	0.07731301
0.24443042	0.46375978	-0.21256293
0.7663825	0.29970604	-0.34692436
0.50222015	0.88679177	0.18179902
0.93810517	0.5718189	-0.078969344
0.44565558	0.6493652	0.42272666
0.9904517	0.20351899	0.31059146
0.3620186	0.82537585	0.60993874
0.013449609	0.8002958	-0.54827166
0.88895935	0.47306192	-0.15166803
0.40841478	0.3689487	-0.3920819
0.33958852	0.36702406	0.10559683
0.83924574	0.22932565	-0.15363267
0.35768944	0.6954459	0.37529197
0.7510197	0.20716196	-0.54240763
0.21355015	0.9222129	0.57511157
0.17370224	0.51479065	-0.022454545
0.32029343	0.38082838	0.16328141
0.5649694	0.9008327	-0.73885125
0.7709881	0.9506385	0.09159882
0.0954296	0.20193583	0.65701
0.1146217	0.39259046	0.47742146
0.16318065	0.75184876	0.39293328
0.26976877	0.58336127	-0.023475349
0.036713123	0.0864647	1.1647202
0.35580814	0.85763806	0.6407828
0.08714539	0.12349743	0.9027559
0.6364483	0.2604664	-0.42747164
0.4949054	0.13117903	-0.011614284
0.7412043	0.5013074	0.17926505
0.6085673	0.78486323	-0.6088051
0.07613051	0.26873517	0.57212883
0.16425878	0.32620174	-0.22080825
0.4455194	0.48085183	0.025938231
0.9271968	0.6510608	-0.029818807
0.41067022	0.9956618	0.57482034
0.9380419	0.10606295	0.5038825
0.38270384	0.05623859	0.0732567
0.06287193	0.7604916	0.10806565
0.816658	0.012264907	-0.13923538
0.34242713	0.819328	0.6376319
0.19347346	0.6044915	-0.0016561951
0.20969504	0.7463278	0.3365886
0.5867411	0.78261447	-0.49746925
0.48718143	0.9805844	0.12802795
0.7513577	0.74639124	0.34829426
0.2641958	0.8792691	0.64784133
0.90906817	0.2505514	0.2240929
0.86359227	0.85380036	0.0019199289
0.96320105	0.9123015	0.01602009
0.35916966	0.9779825	0.59683937
0.81811804	0.3071711	-0.2453866
0.41928327	0.7097682	0.4395711
0.85606325	0.6866206	-0.13135709
0.872939	0.4546069	-0.18408859
0.5444669	0.41037065	0.38574666
0.6166856	0.89809316	-0.8487081
0.0554958	0.07465786	1.2767355
0.40806508	0.7570707	0.4582969
0.614876	0.49080282	-0.35762364
0.18397766	0.16687757	-0.20135033
0.08783293	0.86837715	0.27741286
0.03226137	0.6851488	-0.65579957
0.8947702	0.88670987	0.20056638
0.5386321	0.8670564	-0.19316123
0.8682442	0.036934674	0.59377116
0.7283328	0.044537246	-0.7677521
0.5422596	0.5216244	0.37694818
0.35799962	0.48155826	-0.02415968
0.46208334	0.9284101	0.37676018
0.106245935	0.19759178	0.51845354
0.91999453	0.5418063	-0.09225634
0.68819827	0.9369875	0.41027012
0.5792975	0.60120595	-0.10543463
0.45010537	0.5957273	0.3743274
0.49811685	0.9286354	0.10693323
0.622903	0.67504597	-0.34294897
0.6081628	0.056755006	-0.25377342
0.20087546	0.4609956	-0.33163458
0.49192667	0.3105051	0.22088215
0.57116354	0.22289985	-0.13420722
0.7033375	0.77165574	0.5394125
0.5830493	0.7275528	-0.41392055
0.57257074	0.806891	-0.5213767
0.76039666	0.19857651	-0.56878984
0.9120745	0.43911546	-0.060289145
0.87491107	0.109164596	0.37522903
0.45299464	0.0029034615	-0.1269292
0.88791585	0.21195996	0.21322106
0.31681174	0.759247	0.40509117
0.6741461	0.38048464	-0.10720616
0.5020606	0.081065595	0.03846795
0.9275813	0.26964033	0.24308708
0.37883866	0.037439823	0.15835798
0.10874307	0.78986084	0.5093223
0.7721829	0.7035223	0.07494125
0.81052274	0.97546464	-0.38976842
0.11818665	0.53001016	0.55327904
0.2539068	0.22337985	0.3558382
0.9729802	0.38529032	-0.060034487
0.92958105	0.9122453	0.23855984
0.7689032	0.021017551	-0.8805495
0.7130741	0.4408061	0.114802904
0.8504816	0.15646547	0.023107044
0.7664611	0.9065791	0.19423589
0.49627006	0.16505599	0.026041925
0.7097281	0.9525542	0.6405113
0.34530473	0.10464597	0.6055444
0.5026624	0.59362984	0.5448372
0.68108934	0.55677617	0.2303472
0.66078395	0.23517811	-0.36543947
0.12419188	0.29882753	0.35406798
0.41847938	0.7767225	0.5188641
0.07773805	0.6679055	0.3823211
0.75880677	0.08744848	-0.8384939
0.5406123	0.121706486	-0.05238454
0.5734726	0.7880544	-0.42041022
0.58989465	0.044448435	-0.23861773
0.31932968	0.79457384	0.5312201
0.63221556	0.61848474	-0.24831492
0.20046598	0.7017343	0.21483125
0.102605104	0.11937225	0.6859918
0.44129437	0.19335938	-0.4400135
0.7215057	0.47070044	0.25058287
0.8295987	0.21622133	-0.24073699
0.12575704	0.6276581	0.64944756
0.3525808	0.10032755	0.4448387
0.17385763	0.50567853	-0.11756218
0.62866974	0.78390425	-0.45996404
0.64085937	0.9729252	-0.6390352
0.64657795	0.086456	-0.31606418
0.01627624	0.2530365	-0.3924361
0.59945273	0.9981443	-1.1880213
0.9761392	0.5128557	-0.30799976
0.19681317	0.1670152	-0.17492868
0.9915201	0.05313945	0.5083211
0.8185637	0.8147084	-0.23010772
0.58983254	0.97141	-1.0430703
0.8157182	0.07117468	-0.30788687
0.65048647	0.39290243	-0.2934886
0.94990116	0.4941262	-0.12247483
0.7096159	0.6962261	0.5273332
0.54713386	0.105027795	-0.061249405
0.42429805	0.8205588	0.56087786
0.32146096	0.97195154	0.684789
0.895936	0.02380824	0.83507067
0.211402	0.4740826	-0.3035961
0.92906517	0.95028234	0.29983094
0.2823339	0.24299365	0.55408186
0.6546978	0.8139157	-0.06549004
0.57477796	0.55175394	-0.007940682
0.7862571	0.78245765	-0.07245741
0.78597146	0.9770035	-0.18839951
0.22108865	0.84483635	0.5603415
0.42744124	0.010202229	-0.16736469
0.023291767	0.15241414	0.52584404
0.82460093	0.9225034	-0.40573335
0.5040133	0.87558734	0.21736073
0.76708746	0.78689563	0.13702098
0.0041754246	0.95348525	0.3421264
0.15474331	0.75584525	0.45202142
0.46757162	0.7636777	0.53726155
0.1038996	0.8890583	0.28894234
0.3883022	0.46467155	-0.14880033
0.43404198	0.4005025	-0.24919593
0.52522784	0.9684213	-0.29022828
0.02765423	0.61131966	-0.92730397
0.33701456	0.9437154	0.7445117
0.95897144	0.029135406	0.5789731
0.9803038	0.12661713	0.40794802
0.86414826	0.0014182925	0.65852785
0.184905	0.78647614	0.38085467
0.4241103	0.32831448	-0.41047904
0.2286545	0.14225376	0.3279986
0.9444473	0.6775877	-0.09422269
0.83666074	0.20583862	-0.2018156
0.8904886	0.65743446	-0.05631578
0.92033166	0.9678607	0.3171333
0.11556059	0.34342963	0.40533504
0.6979591	0.6551613	0.4542052
0.8270006	0.7858595	-0.30998176
0.20468765	0.8132092	0.4305065
0.32067442	0.20990437	0.5727967
0.24325448	0.81284344	0.5470385
0.08835119	0.5821808	0.59065425
0.95441806	0.34762108	0.08698047
0.7539155	0.050991297	-0.9533869
0.12004638	0.7479268	0.6075968
0.11260545	0.85311246	0.3842673
0.937908	0.26431185	0.22936918
0.20258212	0.26415277	-0.31339285
0.28393155	0.83615494	0.61511505
0.13558215	0.47512865	0.30071318
0.5843956	0.7117421	-0.34683573
0.8382768	0.34189737	-0.22071503
0.50600094	0.16950178	0.040490698
0.010843992	0.77191174	-0.7613919
0.35072398	0.23366863	0.20756155
0.21462166	0.22482866	-0.07998881
0.34054196	0.41485977	0.031460177
0.90027845	0.71915156	0.0024786666
0.9326422	0.29066926	0.24740145
0.1360029	0.6042305	0.48077315
0.37908155	0.84786445	0.6000175
0.072591126	0.61400956	0.28883997
0.40840077	0.6150068	0.25230393
0.9840157	0.0849942	0.46430784
0.28108144	0.30756825	0.2841713
0.8497837	0.76631624	-0.16344164
0.6791926	0.47179204	0.05251623
0.9540608	0.5025983	-0.084958754
0.040526986	0.14003205	0.83744085
0.24045783	0.90764564	0.6806843
0.01519978	0.6831882	-1.1214463
0.93019444	0.26670295	0.24842346
0.2854287	0.7915839	0.5039726
0.008380592	0.19595367	-0.12400869
0.8881847	0.8520451	0.1967397
0.9720427	0.66551155	-0.27640837
0.95229703	0.7296668	-0.056401182
0.49222887	0.3240444	0.23282269
0.5852275	0.4152444	-0.13421334
0.7745313	0.0013936758	-0.8978703
0.39166766	0.57547647	0.1332303
0.39849877	0.96564484	0.5565286
0.92053473	0.490771	-0.05205244
0.76815623	0.5834954	0.04834663
0.23812586	0.52825314	-0.2132305
0.05710268	0.420622	-0.0012258436
0.19440258	0.48741227	-0.2723193
0.6660126	0.34902722	-0.17236799
0.12705112	0.38090158	0.30622762
0.016660392	0.7040304	-0.9831467
0.43313712	0.9210201	0.45827338
0.20608824	0.60720307	-0.07652286
0.64510196	0.053071737	-0.23678294
0.9588581	0.55253893	-0.16006726
0.8560775	0.68627	-0.18074723
0.06090665	0.1687501	0.8513543
0.20725584	0.9595287	0.47939244
0.29715204	0.2688877	0.5143206
0.4286906	0.04452336	-0.2242535
0.35043263	0.31252468	0.014572039
0.19356453	0.3801371	-0.40571153
0.06361413	0.052701414	1.3752208
0.54861915	0.9602821	-0.627831
0.9288838	0.11664587	0.56074446
0.22881162	0.7994855	0.47416005
0.22539294	0.7723663	0.36264658
0.5631496	0.96722424	-0.8566888
0.2288993	0.17282468	0.20940901
0.9385134	0.9460282	0.26747048
0.43384916	0.9829261	0.34896803
0.7492619	0.69450504	0.3855444
0.818643	0.95141643	-0.3900008
0.5149754	0.9766789	-0.1586548
0.15041411	0.844145	0.3837243
0.949202	0.47886944	-0.07927106
0.13311869	0.7450671	0.5316688
0.7742212	0.24852198	-0.43343318
0.82632315	0.91280484	-0.33950102
0.79511726	0.621611	-0.10367739
0.025525272	0.22748077	-0.037559487
0.41767198	0.94407135	0.508194
0.7962842	0.59636045	-0.062849596
0.30089778	0.8655867	0.6614521
0.33343524	0.6220587	0.21734208
0.51349306	0.26664197	0.2291137
0.17758161	0.60188997	0.13097018
0.52324706	0.80770385	0.14229655
0.2480973	0.52497965	-0.11602165
0.4979809	0.80211824	0.38770515
0.5932374	0.7561059	-0.55697316
0.52326053	0.9354787	-0.15575367
0.85646605	0.55772996	-0.2943079
0.9436933	0.78971636	0.07730017
0.8802225	0.708245	-0.06738212
0.09024745	0.04560858	1.0227355
0.46429896	0.24963439	-0.1348376
0.44191378	0.9063639	0.5062119
0.6739157	0.3293178	-0.2168251
0.92895	0.9329261	0.2766211
0.5836515	0.2032634	-0.27834323
0.28900915	0.45802313	0.14550611
0.70083356	0.5021741	0.22078839
0.38081616	0.112880945	-0.08223822
0.021884084	0.7460851	-0.7539175
0.06429219	0.44486243	0.08650237
0.35416722	0.35033464	-0.067968026
0.7127463	0.6491484	0.53948265
0.5589617	0.30439413	0.02156021
0.6780876	0.16758204	-0.3460612
0.683659	0.27659476	-0.29471126
0.95005065	0.51035213	-0.07099489
0.87954617	0.95176214	0.07911534
0.5533628	0.21329963	0.0058000544
0.8805228	0.0006594062	0.83465666
0.09943712	0.74297893	0.56078
0.78298146	0.15043503	-0.62055403
0.6606114	0.5261921	-0.031251494
0.8842352	0.60311776	-0.14247698
0.6807469	0.75706816	0.36036903
0.79428744	0.6048509	-0.05767897
0.19929057	0.31859404	-0.357136
0.8311074	0.2370863	-0.23887844
0.32861215	0.7436751	0.4382898
0.96381974	0.8802707	-0.034543723
0.97759664	0.87428594	-0.20998487
0.6175707	0.12208104	-0.3886691
0.4279667	0.4798529	-0.06278848
0.6347962	0.98523444	-0.78798187
0.55273527	0.97465074	-0.7257602
0.14575833	0.85045147	0.37417343
0.2057864	0.1923328	-0.14447142
0.46984553	0.05715823	-0.095128536
0.18642879	0.28055602	-0.2693928
0.40165204	0.99114627	0.5662235
0.0678733	0.43056548	0.26247668
0.8128628	0.20169502	-0.3798427
0.9102279	0.17549318	0.4308606
0.60819507	0.85379106	-0.72994554
0.93943787	0.48167694	-0.07273929
0.69824433	0.8151135	0.5568204
0.36262244	0.30778015	-0.090156965
0.118664384	0.8783311	0.33255675
0.71428347	0.8074805	0.6282892
0.38306534	0.6564557	0.30999535
0.09344751	0.1558289	0.76314425
0.83665186	0.37102437	-0.2750077
0.8124908	0.1102069	-0.37346613
0.31688863	0.25707233	0.4796018
0.9016774	0.93096805	0.3586212
0.5667075	0.6262325	0.007661896
0.4457265	0.52286476	0.11926049
0.21368444	0.12756515	0.07864548
0.8509482	0.62739104	-0.21529756
0.6933516	0.29509604	-0.16215803
0.9753738	0.88266146	-0.16739173
0.3144632	0.7666454	0.43810385
0.7747966	0.46126783	-0.0936044
0.32965374	0.65934575	0.31155962
0.6699598	0.086886704	-0.36157018
0.29252368	0.91184324	0.6644899
0.84459776	0.81243074	-0.20968723
0.4026441	0.41439426	-0.3069186
0.30094415	0.68850327	0.31146547
0.93045056	0.7784807	0.19645405
0.40514165	0.42611027	-0.2616604
0.90004754	0.11869788	0.52265584
0.5251697	0.45352238	0.47037128
0.77746683	0.23802793	-0.49271104
0.38106316	0.46727264	-0.15775964
0.22989023	0.93466926	0.58894694
0.98236936	0.1814245	0.34399194
0.67579776	0.27930486	-0.23533386
0.12308699	0.6317646	0.5932563
0.7822802	0.61882335	-0.0759741
0.2299645	0.82331604	0.5299146
0.859666	0.0014882088	0.6679396
0.18046057	0.6946564	0.25446656
0.6335912	0.3399967	-0.42892748
0.6818496	0.6750045	0.29326183
0.79837894	0.7377484	-0.14319162
0.592042	0.022174656	-0.18262021
0.18479425	0.18814963	-0.26939115
0.6896122	0.16952187	-0.38121784
0.20172644	0.2623	-0.27248985
0.3841635	0.2620973	-0.30108473
0.92054766	0.94906515	0.30170825
0.5551617	0.9297489	-0.6702531
0.2856621	0.22094429	0.63591313
0.09912914	0.81110734	0.44860724
0.40069515	0.25903147	-0.3985942
0.87172425	0.071895	0.45321596
0.28817677	0.6669268	0.25333068
0.6470914	0.3106706	-0.45698375
0.5484031	0.33266735	0.19475491
0.5474387	0.8616748	-0.3395294
0.51131815	0.043655396	0.027628781
0.24260002	0.69856447	0.23132648
0.65114874	0.6204455	-0.078247085
0.9509732	0.15255368	0.45436382
0.7178346	0.49351543	0.23254661
0.376386	0.55726177	0.059410952
0.8654718	0.9881399	-0.15711349
0.18976223	0.9664089	0.32992688
0.054688096	0.7206886	-0.105461404
0.49506515	0.5555626	0.5052593
0.5983346	0.7035374	-0.41576624
0.3218156	0.5529284	0.1650498
0.43689328	0.8876873	0.5057928
0.6551387	0.804578	-0.05020756
0.027785778	0.16831905	0.47075245
0.45797133	0.2754364	-0.24628022
0.13757259	0.37836295	0.15657187
0.43711007	0.21237099	-0.4660298
0.2357179	0.10834849	0.5950909
0.56517124	0.09151226	-0.24150214
0.0135499835	0.42649966	-1.4656605
0.5577071	0.83244133	-0.41632065
0.28658652	0.9862712	0.7048078
0.98178214	0.63095593	-0.36545357
0.7754413	0.5696486	-0.016685862
0.99870974	0.5878536	-0.48689282
0.22809982	0.7505503	0.35408875
0.41396737	0.6745748	0.38900018
0.66322523	0.8872425	-0.04314106
0.17354208	0.715168	0.35520625
0.45008028	0.6473233	0.4031504
0.59560645	0.83402157	-0.7138765
0.3320095	0.91174704	0.7211187
0.40068793	0.108569324	-0.3109566
0.6075462	0.18871504	-0.45279595
0.7353285	0.29459393	-0.2605784
0.31051463	0.75910294	0.47446308
0.47146583	0.8326429	0.3705717
0.13738918	0.7152055	0.5817229
0.100064754	0.7899281	0.5268449
0.9217185	0.6102222	-0.04206527
0.90873975	0.70362014	0.015823264
0.5373776	0.68774116	0.1853435
0.1353404	0.38577306	0.2427048
0.062024057	0.48096234	0.019066699
0.9357311	0.7356005	0.11329154
0.13058615	0.66219133	0.5886583
0.6212977	0.3668127	-0.41242653
0.13510221	0.022878528	0.21080567
0.7581479	0.29705417	-0.35588506
0.8414929	0.6560019	-0.21146205
0.13952494	0.101171255	0.049434274
0.4682966	0.79734796	0.45988327
0.2677474	0.8750435	0.6719829
0.9846765	0.5395643	-0.3879529
0.5697501	0.98790634	-0.9634533
0.7691062	0.9119585	0.14832893
0.32768887	0.2611451	0.36610636
0.44611055	0.9543148	0.3232726
0.006327808	0.95671153	0.3968456
0.7365223	0.07890862	-0.7779056
0.92707443	0.09250939	0.6116785
0.41217625	0.35504556	-0.37786815
0.5059438	0.7995616	0.31894675
0.7467171	0.6204017	0.2841224
0.093565345	0.78746927	0.51831496
0.6373658	0.690473	-0.16670981
0.25949854	0.62864405	0.021455422
0.051611483	0.61075103	-0.21660395
0.842305	0.93849176	-0.2960289
0.19513506	0.14508581	-0.12446245
0.3745705	0.256697	-0.1734496
0.8515022	0.24692065	-0.11560043
0.875204	0.5086345	-0.20542488
0.30160075	0.90720505	0.7249805
0.7026763	0.089851975	-0.5870395
0.74703026	0.35462636	-0.14349397
0.76200914	0.7797679	0.27443632
0.32765383	0.55272144	0.14198951
0.4390043	0.92494357	0.44203302
0.88341755	0.5826924	-0.13791837
0.8580512	0.6621317	-0.20020558
0.60985327	0.7786218	-0.6062994
0.6565284	0.282906	-0.38652667
0.36687672	0.686558	0.37091324
0.90365624	0.26838672	0.13971761
0.36670983	0.5850088	0.15390809
0.6982687	0.50114346	0.21770562
0.3873759	0.21692878	-0.30383605
0.14583343	0.47207618	0.23918246
0.5682974	0.474827	0.07320375
0.028885841	0.16475153	0.41481435
0.2741573	0.6120647	0.15965918
0.14626616	0.12510115	0.011193644
0.56006163	0.8050436	-0.2896955
0.17112577	0.07771844	-0.15138255
0.36989695	0.86671114	0.64792866
0.39693063	0.6553473	0.3431466
0.5885787	0.78760314	-0.57291305
0.4626258	0.05927658	-0.14602533
0.9255261	0.45409322	-0.07940492
0.49268728	0.1903379	0.02103998
0.21651417	0.42018926	-0.41241506
0.6843403	0.18016243	-0.3991766
0.16057068	0.69879586	0.38366708
0.3615734	0.3578906	-0.099190705
0.2831118	0.5572396	0.009752709
0.07289451	0.5719042	0.33027378
0.1374315	0.37548566	0.17224531
0.8912777	0.6472503	-0.021815445
0.58080274	0.31120557	-0.15072371
0.6137911	0.8503801	-0.70432633
0.8985061	0.24876565	0.18995102
0.45279676	0.44698626	0.058581583
0.8875485	0.12753803	0.51027757
0.17115772	0.5176669	-0.0151958745
0.26021725	0.60902554	0.017109651
0.031956792	0.45068067	-0.8280576
0.73743266	0.90805566	0.49891612
0.10105336	0.8410506	0.3916502
0.7365059	0.89955443	0.5280674
0.8677191	0.6812073	-0.18383051
0.70742023	0.64417654	0.49543458
0.64717865	0.5906305	-0.09580773
0.69750476	0.10442245	-0.45919916
0.32870972	0.54933167	0.17537151
0.7215447	0.03270787	-0.7253311
0.7741291	0.09184313	-0.7524049
0.3416654	0.7757818	0.4863276
0.23848385	0.5256941	-0.15507838
0.35032052	0.7078844	0.37050998
0.30452448	0.8665035	0.64896077
0.1746248	0.32835448	-0.3287066
0.94406724	0.105327785	0.5928129
0.4303881	0.730792	0.41974056
0.74001247	0.17770827	-0.6181405
0.68105406	0.8091853	0.34810805
0.7447006	0.8918454	0.4598329
0.95911026	0.027586997	0.63094056
0.42385226	0.65679026	0.31308934
0.73987114	0.7689202	0.4674925
0.14657408	0.51271474	0.28213605
0.6627706	0.5257658	-0.020162152
0.46397543	0.5500977	0.3745233
0.4141305	0.6517687	0.31598225
0.3552997	0.06417221	0.5261649
0.7339035	0.041336	-0.79197955
0.72727686	0.08156228	-0.7627366
0.24766111	0.6535486	0.07102026
0.06550759	0.71813065	0.17193922
0.950153	0.83180875	0.1099295
0.37137598	0.27959025	-0.22555974
0.9266384	0.7815006	0.19083534
0.718258	0.30071276	-0.20109572
0.431068	0.096484184	-0.41475654
0.33552295	0.74080217	0.44540498
0.84104514	0.015125573	0.3635381
0.6620836	0.52474654	0.0070036203
0.6861526	0.55660456	0.2442481
0.039523005	0.72250164	-0.39668235
0.4708296	0.27519077	0.0031904206
0.5308487	0.397062	0.41546932
0.5460839	0.7306884	0.04543479
0.21172959	0.43279457	-0.36764234
0.89668465	0.12698519	0.49819097
0.66237396	0.7033022	0.07645556
0.8346699	0.32818323	-0.27810493
0.82211673	0.73639894	-0.215278
0.16919166	0.64730686	0.299797
0.74656206	0.17743665	-0.57376236
0.40038288	0.3453312	-0.4303616
0.7562641	0.62244153	0.17025416
0.5190254	0.1397748	0.07626407
0.6546703	0.7755962	-0.06817669
0.3197099	0.8124666	0.54943496
0.5920531	0.65296555	-0.32247734
0.6770585	0.3827709	-0.11359201
0.5948771	0.23003304	-0.3801221
0.5965447	0.90837187	-0.95983386
0.6773276	0.23703146	-0.3338719
0.8782907	0.30142832	-0.05633092
0.59363645	0.23745435	-0.32577097
0.8363978	0.8240141	-0.20981973
0.495804	0.42500287	0.4599558
0.42110783	0.7612909	0.4797897
0.8937169	0.54135907	-0.12742643
0.30433792	0.87945276	0.66554815
0.3566816	0.3209616	0.025719471
0.8434127	0.64322203	-0.20983997
0.06638414	0.36777264	0.27285445
0.517374	0.47654164	0.54322046
0.6007689	0.83068	-0.74478966
0.62273836	0.14714408	-0.45205548
0.8753728	0.39273697	-0.112746865
0.5112537	0.24476719	0.17581794
0.85863507	0.90232694	-0.09928666
0.28036278	0.8971356	0.6315572
0.21725953	0.88108593	0.5346228
0.10171467	0.9076265	0.22196916
0.085705936	0.74101305	0.45619443
0.0141927	0.91975397	0.13825944
0.8324584	0.15909147	-0.15500438
0.38865763	0.8693978	0.62794846
0.50317454	0.07492596	0.007984323
0.15158343	0.830448	0.38543943
0.42812246	0.6510955	0.29895538
0.49216813	0.17482865	-0.008852512
0.16349185	0.1448291	-0.22798504
0.4674331	0.7351768	0.51298046
0.3253473	0.49862748	0.03730934
0.8674752	0.8037188	-0.033613805
0.91599494	0.23280877	0.28787228
0.48865813	0.66285497	0.48267126
0.8843382	0.87456894	0.12853576
0.27935869	0.7130601	0.2709631
0.7764589	0.12334001	-0.72498316
0.111920595	0.7508482	0.60527074
0.08633095	0.42523408	0.5341897
0.59850353	0.7413632	-0.5013102
0.5641538	0.1607883	-0.13388121
0.8262304	0.7374079	-0.1969561
0.5614715	0.44490397	0.17252731
0.5469499	0.828754	-0.21339089
0.6809448	0.11849594	-0.38351208
0.8503559	0.25988358	-0.1647338
0.73777646	0.12235439	-0.7024718
0.8413308	0.046054244	0.17890354
0.22114193	0.5999543	-0.06160739
0.14523298	0.8897936	0.3322387
0.969046	0.03280157	0.4822533
0.8181339	0.6348915	-0.23782226
0.7284282	0.5516798	0.30297586
0.4880854	0.7268651	0.481979
0.8094776	0.8000236	-0.26977146
0.307401	0.59186065	0.16380543
0.9882208	0.15764803	0.43871143
0.965268	0.13440305	0.44288203
0.6214198	0.39574718	-0.35807675
0.399651	0.96876365	0.5269114
0.94722354	0.80353487	0.09784961
0.7506577	0.12255627	-0.765601
0.09377539	0.93143564	0.1653012
0.6286608	0.23419702	-0.4465312
0.999279	0.582887	-0.46964723
0.44645393	0.71810055	0.4628143
0.5446699	0.89898425	-0.42169064
0.953341	0.64523953	-0.12733248
0.03451848	0.24373001	0.09019428
0.40869933	0.42142695	-0.2659553
0.69446796	0.9957244	0.5087931
0.691613	0.7043858	0.45455387
0.4084087	0.85951006	0.5625757
0.12333995	0.21084106	0.2784982
0.088119745	0.16718781	0.7370171
0.40505987	0.4263003	-0.2924449
0.707811	0.28463995	-0.20506258
0.20877898	0.46185797	-0.37110603
0.106478095	0.9003172	0.19415969
0.5060712	0.2475518	0.20928745
0.88794273	0.403122	-0.18512201
0.4488836	0.23388892	-0.37244248
0.46190327	0.4271735	0.102941915
0.28035104	0.32160193	0.2417711
0.7653001	0.3677423	-0.2399468
0.65834296	0.22113568	-0.3556994
0.45922834	0.826209	0.47308117
0.90198094	0.8292587	0.25479576
0.86292297	0.60355234	-0.21762699
0.17924064	0.223889	-0.29265484
0.6091186	0.382154	-0.3506968
0.697244	0.6915386	0.43168482
0.7455266	0.15291256	-0.6594024
0.06571925	0.12951785	0.98878956
0.8420329	0.9863081	-0.42625844
0.66567755	0.13555288	-0.32733655
0.30155563	0.4607079	0.061869655
0.39614874	0.35902447	-0.3332612
0.030057013	0.05038309	1.4219964
0.64442307	0.43644238	-0.2577651
0.9094022	0.049831808	0.7051008
0.9847724	0.87282693	-0.25213537
0.96080554	0.904263	0.032326527
0.39389288	0.26085597	-0.40466195
0.9156441	0.102035046	0.5793875
0.891092	0.6509566	-0.02573347
0.41724682	0.17933267	-0.49234554
0.23016572	0.8673305	0.599194
0.7930544	0.3968578	-0.2627322
0.5492784	0.8390656	-0.30218294
0.61121523	0.6408756	-0.32457832
0.7837661	0.79385513	-0.041720364
0.6812028	0.44670904	0.013313337
0.25994498	0.6580719	0.13655575
0.9337021	0.04580325	0.66022533
0.58245456	0.31795663	-0.19422618
0.13811445	0.7909048	0.50043094
0.41608453	0.022473216	-0.13479474
0.86970174	0.6458145	-0.16582239
0.13439226	0.13064533	0.12354566
0.43441164	0.42511344	-0.20342797
0.8406802	0.7351043	-0.23744427
0.681707	0.5151046	0.16555123
0.7252844	0.6531154	0.4327665
0.163171	0.62612754	0.27821
0.91478246	0.6447821	-0.0044953125
0.24511176	0.6273761	0.0005371403
0.25381064	0.61919224	0.02790383
0.118383825	0.94856644	0.115552805
0.7855383	0.23189795	-0.53770095
0.64828825	0.8463382	-0.26672682
0.44526768	0.12624115	-0.33458516
0.81796616	0.16211623	-0.3841365
0.17919195	0.44446427	-0.23322767
0.04227805	0.17241114	0.6851206
0.41245502	0.43939	-0.18878233
0.48704916	0.453961	0.423442
0.31287938	0.22518754	0.64454234
0.69331324	0.3984623	0.008567544
0.9661501	0.20050752	0.3352974
0.66322225	0.30937922	-0.31659067
0.6278229	0.23657578	-0.5039844
0.48576444	0.42751485	0.34072047
0.5792896	0.5909889	-0.08251927
0.078805745	0.0727002	1.1744661
0.8898148	0.35042238	-0.02535013
0.47860062	0.77753496	0.4676777
0.29996789	0.9341635	0.76317656
0.9475958	0.90048134	0.15133086
0.24247825	0.888193	0.66792846
0.44473565	0.6494401	0.3654686
0.32317996	0.78649163	0.4852469
0.7500897	0.31036532	-0.23836593
0.4062006	0.7032609	0.396998
0.26227885	0.51442695	-0.07286132
0.7314654	0.9822875	0.59058785
0.7111524	0.12113166	-0.5295793
0.48955482	0.11360574	-0.08755583
0.19552135	0.19535214	-0.2490317
0.15411156	0.7695824	0.47842428
0.99060136	0.8582756	-0.35376343
0.022762835	0.9630883	0.29582256
0.99577314	0.7635398	-0.40795353
0.47961837	0.51045364	0.40017477
0.2753176	0.58420193	0.04247961
0.029569447	0.008676112	1.7783904
0.61646444	0.019496739	-0.10585506
0.2060991	0.9042405	0.5347721
0.88671607	0.3458081	-0.028717471
0.6741801	0.09589207	-0.34155482
0.6273849	0.91605884	-0.7959166
0.2803197	0.8177573	0.5315901
0.21973437	0.028958559	0.45979327
0.5450287	0.032274723	-0.08494465
0.95734775	0.27528626	0.27338538
0.6044159	0.4006794	-0.30622175
0.15817541	0.04642576	-0.08147592
0.9401845	0.6345236	-0.03350039
0.5157498	0.81666034	0.14471467
0.28837562	0.30883557	0.34879345
0.07737321	0.11899668	1.0246011
0.4479609	0.6737338	0.4629435
0.08127034	0.22328001	0.6682126
0.79161316	0.196361	-0.52727365
0.13245153	0.62687933	0.5822409
0.49423194	0.28504115	0.17902295
0.8288675	0.45622355	-0.22509009
0.9961141	0.86065423	-0.32721338
0.94007754	0.68464947	-0.048238628
0.46490812	0.7954308	0.45101762
0.75851613	0.2497049	-0.4424268
0.4970466	0.9706086	-0.011203647
0.17935294	0.3099376	-0.31627482
0.7908628	0.4930632	-0.13578884
0.6322848	0.7793856	-0.41150457
0.30970144	0.22390205	0.64004165
0.61260766	0.028550863	-0.22487342
0.7925615	0.71703434	-0.1661114
0.74265665	0.29336464	-0.2434929
0.12928838	0.032392263	0.31029907
0.039812803	0.10168189	1.1231183
0.24900407	0.21320593	0.33435166
0.2153613	0.9878904	0.50223255
0.7096577	0.6148408	0.42546153
0.95482486	0.23936665	0.27855393
0.3888783	0.008811951	0.07358913
0.22404283	0.37738967	-0.31782803
0.2666527	0.2306686	0.5251941
0.14423758	0.0045735836	0.09445971
0.06603396	0.5198826	0.16761507
0.97906166	0.69152975	-0.30469042
0.5687789	0.93774605	-0.86731935
0.77776736	0.5822851	-0.0133596435
0.6113928	0.50281155	-0.28971994
0.3338775	0.44044673	0.035716034
0.37232435	0.5500268	0.1254257
0.9854739	0.93489754	-0.28005302
0.9208031	0.23118806	0.2843007
0.9504178	0.38911867	0.018227313
0.034919143	0.53312546	-0.79065114
0.9219731	0.13003194	0.5702319
0.759312	0.24478811	-0.47923833
0.6707589	0.76921576	0.22975414
0.7914048	0.63925534	-0.15791637
0.9418683	0.8173287	0.17404917
0.020083666	0.85396284	-0.16030014
0.87437344	0.63829714	-0.14865284
0.9234107	0.33604687	0.058814585
0.47070652	0.9943112	0.16343069
0.30876982	0.43486506	0.14923027
0.97428554	0.044884384	0.47663856
0.5395199	0.3995188	0.4247102
0.42702693	0.84940577	0.5750147
0.7231414	0.041101754	-0.70063794
0.3468824	0.9217036	0.6943512
0.182711	0.009301305	-0.004031083
0.82559854	0.76998824	-0.21861985
0.83346725	0.120443106	-0.066656634
0.48148614	0.017941833	0.021040186
0.124893606	0.32995123	0.2684694
0.32557434	0.61113095	0.28165358
0.62437844	0.17532331	-0.44342548
0.29559195	0.5343837	0.14259595
0.65418196	0.75872463	-0.109118156
0.15231246	0.45261878	0.12131296
0.20868403	0.94819087	0.54212034
0.71218747	0.93656844	0.66970134
0.262766	0.563921	-0.031952012
0.75839996	0.25976616	-0.43611804
0.27855718	0.27710956	0.41997764
0.007436633	0.5656587	-1.6763084
0.92543834	0.5178016	-0.04041013
0.067106366	0.58120584	0.18273547
0.7094266	0.3166051	-0.18686515
0.6943009	0.17189658	-0.40867454
0.3944946	0.7003651	0.38914922
0.98144937	0.3960294	-0.085596
0.50174886	0.3338307	0.33116692
0.036381066	0.022250772	1.6208823
0.96936303	0.8817561	-0.098106
0.38424003	0.02176392	0.167745
0.3443367	0.39115155	0.103167534
0.883104	0.7434369	0.006763437
0.2212168	0.51061094	-0.2581496
0.19189191	0.82866824	0.40196133
0.24367273	0.08941412	0.7134935
0.9880598	0.34865934	-0.043168463
0.98267907	0.25653982	0.1875754
0.22199982	0.9893104	0.5757953
0.32629222	0.9930292	0.69814616
0.019559562	0.68465734	-0.9881965
0.5590659	0.447564	0.23270436
0.50732213	0.9943811	-0.12745543
0.20455003	0.9583623	0.44833544
0.39415777	0.9124835	0.6034394
0.926569	0.8380979	0.2251493
0.46775383	0.22355145	-0.13699995
0.4672941	0.1845808	-0.16279086
0.2735628	0.2832659	0.3322652
0.6481804	0.71958745	-0.15326566
0.7230603	0.4237635	0.03597899
0.35970914	0.5643106	0.041853115
0.585424	0.6412535	-0.19582781
0.52272856	0.020562232	0.013290044
0.67426443	0.26565188	-0.26433077
0.40602875	0.6151726	0.22821742
0.6462147	0.43302202	-0.21186835
0.27567726	0.4295249	-0.0047237705
0.73069113	0.47312522	0.1689693
0.8898701	0.7401198	0.044406563
0.17728007	0.16805005	-0.2975971
0.45754373	0.72803634	0.52452797
0.17554337	0.99015725	0.25057468
0.11228937	0.6943237	0.63688624
0.35597658	0.9089524	0.659404
0.5482705	0.6066605	0.2602538
0.2724024	0.712711	0.34565717
0.27505702	0.8436214	0.6556054
0.79711014	0.58465785	-0.16865112
0.3587696	0.78413975	0.57113945
0.49631113	0.054959714	0.03490249
0.44679374	0.7731766	0.5558668
0.97292274	0.24752766	0.20231956
0.17674166	0.27225536	-0.30000898
0.1008234	0.5816992	0.62457865
0.7665391	0.9595587	0.19420332
0.5551113	0.7267076	-0.058654424
0.44505632	0.58970785	0.26318577
0.6639094	0.49437875	-0.03333751
0.31819874	0.99491495	0.67696613
0.6531569	0.1061126	-0.2819145
0.8494296	0.8222038	-0.16311198
0.064162195	0.4895718	0.12241785
0.40255088	0.087245405	-0.31719473
0.55508745	0.024214923	-0.15372097
0.063979805	0.1362558	0.9822894
0.086401165	0.28082877	0.5692699
0.23902118	0.67926526	0.21074636
0.4993922	0.46232605	0.4428254
0.77113414	0.38042003	-0.2049728
0.7378638	0.14036244	-0.7182216
0.020364463	0.73745745	-0.77273923
0.29164886	0.07053256	1.2820269
0.16163987	0.64751595	0.2621915
0.55298406	0.58203363	0.1470289
0.33472365	0.49836057	0.0008658618
0.005319476	0.19193912	-0.12797551
0.35471696	0.71016866	0.37228018
0.4012921	0.10683602	-0.27492657
0.08827841	0.21678829	0.68833965
0.19663215	0.67371976	0.1779441
0.2561429	0.51927394	-0.07161409
0.4844339	0.80822366	0.41163835
0.45609212	0.29367703	-0.26412782
0.26907247	0.78898066	0.48296672
0.833428	0.87804216	-0.28851673
0.95905256	0.8642444	0.03673097
0.81910163	0.9578148	-0.38471484
0.4129485	0.034483254	-0.17024164
0.31520468	0.8017118	0.648347
0.19004363	0.15130615	-0.19489495
0.4078439	0.17481732	-0.41112065
0.5027762	0.13850445	0.015816087
0.44211793	0.7548088	0.50524616
0.52455777	0.5954667	0.44776282
0.2717389	0.22959691	0.49632195
0.9129905	0.21064985	0.3221232
0.6068451	0.31255883	-0.39305815
0.875595	0.894491	0.044782393
0.16198033	0.9643981	0.15592496
0.617519	0.5144935	-0.28410187
0.4093591	0.49868238	-0.10086179
0.26881957	0.65008307	0.15522161
0.81076366	0.87241745	-0.3122974
0.75881916	0.01719749	-0.95613366
0.41560763	0.2190414	-0.5411428
0.96360034	0.7488186	-0.13347925
0.027191758	0.7570615	-0.58351934
0.36612493	0.41911596	-0.092798375
0.8433109	0.51278305	-0.26425815
0.68127805	0.78595275	0.29311803
0.16520274	0.6240436	0.2774541
0.34556866	0.15196371	0.44784695
0.02250117	0.044542313	1.3805753
0.26515383	0.8042272	0.5095145
0.5715344	0.08715087	-0.21497862
0.68360865	0.39233428	-0.05373228
0.8546285	0.96567667	-0.253293
0.021002412	0.76199013	-0.6693127
0.6767442	0.16759944	-0.31902733
0.96880084	0.76388234	-0.20928355
0.85390335	0.053013563	0.37567157
0.95901376	0.45983613	-0.09971697
0.73192763	0.40339047	-0.004789993
0.65960574	0.46898043	-0.1328618
0.7725872	0.9722291	0.08229641
0.89518774	0.4380622	-0.12888995
0.31885654	0.0071615577	1.3318778
0.67254746	0.49564582	0.079655655
0.71245486	0.74886644	0.60209525
0.82067984	0.08225858	-0.24377473
0.3137493	0.508399	0.12981218
0.07290423	0.5985356	0.30741006
0.15918463	0.9500422	0.23909035
0.81419545	0.7946539	-0.21005103
0.12369043	0.011092961	0.41449773
0.87441677	0.6316536	-0.14707324
0.5126381	0.85614884	0.123609096
0.45278352	0.57439166	0.38265553
0.6518525	0.49992633	-0.10978481
0.3434599	0.9717272	0.70437574
0.5348945	0.8477325	-0.121831894
0.40843678	0.58611536	0.13530977
0.49107015	0.91652757	0.15780258
0.32734448	0.088353574	0.95176834
0.6088319	0.28382522	-0.39385772
0.3559252	0.9436812	0.689017
0.9524087	0.55532265	-0.14336316
0.2666306	0.112106204	0.98185575
0.4333685	0.24019688	-0.37301955
0.37127554	0.29270154	-0.17937778
0.3219903	0.42378646	0.052839447
0.8282927	0.7061871	-0.24428283
0.9392016	0.6621408	-0.03886865
0.26441246	0.53190935	-0.049906194
0.7414756	0.92103714	0.5197052
0.9696381	0.6163734	-0.2985779
0.5986781	0.024770677	-0.16367105
0.78234714	0.5741652	-0.06381425
0.10399544	0.46778148	0.5486635
0.3109584	0.08735412	1.1396419
0.022325158	0.38776332	-0.9732285
0.24724019	0.09704739	0.7646418
0.0029435754	0.8945013	0.022427116
0.36836922	0.72602373	0.4091247
0.968185	0.18164665	0.41263387
0.76983213	0.033432007	-0.9024167
0.78715485	0.9741452	-0.142197
0.01978892	0.13038659	0.6269274
0.16690296	0.08208263	-0.14321192
0.6678728	0.02251786	-0.21972018
0.79210216	0.77830285	-0.08666687
0.02285999	0.9363358	0.16670685
0.5920943	0.7769304	-0.5540993
0.32674623	0.42109424	0.12034845
0.64466524	0.8840624	-0.43830281
0.42682225	0.98386914	0.48217288
0.34548247	0.61824816	0.21497476
0.21860033	0.87355316	0.58979416
0.26181543	0.2702512	0.28417012
0.08116913	0.52421284	0.46635374
0.20018262	0.30365646	-0.38493514
0.23698664	0.67831826	0.16613138
0.3727309	0.33441007	-0.23599218
0.48126024	0.68685293	0.534945
0.192581	0.34261143	-0.39142442
0.9331243	0.33076328	0.16641434
0.45043385	0.2536847	-0.27204022
0.82429796	0.30771846	-0.30550903
0.01496613	0.1410374	0.5342933
0.76990026	0.009009421	-0.898187
0.14316952	0.12572557	0.019188233
0.7773795	0.034526944	-0.78918546
0.3763281	0.5247783	-0.07798137
0.12915707	0.7746364	0.43022764
0.7441596	0.04815668	-0.9298489
0.27098846	0.4586588	-0.0762548
0.28631657	0.50007963	-0.024029747
0.5049698	0.9716003	-0.09998217
0.6104501	0.39749515	-0.32169443
0.2826141	0.040474117	1.3984829
0.69020975	0.6942579	0.39078057
0.7463033	0.05984372	-0.85895675
0.7668364	0.13602442	-0.7933788
0.7941489	0.30228084	-0.3797243
0.4714868	0.55805576	0.4361373
0.7533632	0.39817703	-0.13435818
0.17683381	0.66553915	0.17856213
0.94671714	0.44410247	-0.028679717
0.91329896	0.34224123	0.12448366
0.5180349	0.67321193	0.40108246
0.78366363	0.51717526	-0.07359848
0.02007687	0.03853929	1.4156609
0.9654932	0.81413656	-0.08100612
0.51454663	0.17655742	0.06680836
0.56658876	0.32730114	0.025487367
0.44105166	0.40263557	-0.20547561
0.64256006	0.50311255	-0.22078653
0.78286225	0.9880897	-0.12470414
0.79429704	0.81451344	-0.09815729
0.7246928	0.78522587	0.5521739
0.7549589	0.34578586	-0.21243313
0.13447702	0.92683905	0.15730697
0.44609976	0.06743926	-0.23333466
0.5019601	0.9502049	0.015887
0.73611116	0.74172515	0.5206244
0.54278237	0.518471	0.43076524
0.506205	0.94329536	0.0036677662
0.86357725	0.6918591	-0.117123686
0.0741176	0.6402057	0.3101631
0.10507631	0.4895755	0.59441113
0.9910478	0.3590263	-0.09202555
0.31024343	0.74635106	0.4195051
0.10447252	0.78320634	0.52334446
0.9889916	0.49676234	-0.28985336
0.35066295	0.97217214	0.64001954
0.94838613	0.18966317	0.38828212
0.8319191	0.13354999	-0.14702402
0.2948318	0.3825935	0.17065342
0.32028466	0.77431923	0.47918725
0.96464634	0.7040593	-0.17528675
0.7966638	0.47203016	-0.20298377
0.6431136	0.015706718	-0.12039371
0.061104238	0.08026457	1.2666247
0.87812114	0.86267704	0.10711255
0.43484628	0.7436443	0.51980156
0.213009	0.9471167	0.511905
0.6000666	0.07243216	-0.326598
0.25842595	0.6340174	0.12255661
0.7947	0.50768995	-0.14507407
0.09254861	0.13250697	0.78839207
0.73117775	0.7259061	0.462006
0.9071627	0.6955927	0.027633255
0.19721878	0.4891507	-0.25889817
0.3404268	0.21395212	0.3962572
0.7284428	0.87671965	0.6372272
0.29015768	0.02931714	1.4487385
0.6309759	0.7077574	-0.34872925
0.06207025	0.8264296	0.14501314
0.72475517	0.032933593	-0.8105526
0.33784568	0.12050611	0.7109891
0.8411651	0.08460504	0.084348336
0.6606569	0.85991734	-0.009846175
0.43462253	0.552985	0.19587012
0.08718377	0.7345086	0.53638995
0.49498034	0.47023916	0.44174865
0.5751181	0.106172085	-0.2827231
0.01115638	0.96326476	0.39532453
0.12982929	0.46984512	0.40132013
0.074796796	0.85294104	0.28765512
0.2177636	0.4749111	-0.30536664
0.053200603	0.44548333	-0.12247509
0.9571875	0.63997984	-0.19763312
0.58388853	0.2727629	-0.23336892
0.00097608566	0.1154452	0.5010872
0.83950615	0.4590419	-0.20304886
0.35453463	0.018210948	0.67535204
0.53722805	0.8689489	-0.23264883
0.8823706	0.7977587	-0.022467233
0.7860685	0.705533	-0.09706309
0.1762467	0.3403272	-0.30857804
0.802696	0.2872116	-0.33516836
0.87866515	0.35687685	-0.081903204
0.16522223	0.2543404	-0.28586316
0.08553398	0.88120687	0.16806796
0.2047236	0.4472313	-0.35736436
0.56572545	0.6890095	-0.05337389
0.67943853	0.832106	0.28550494
0.7043389	0.21182269	-0.3734213
0.054962993	0.62625843	-0.12398432
0.12287909	0.7970549	0.49426085
0.7874004	0.87724596	-0.15833622
0.4993884	0.7189257	0.4247959
0.47198933	0.7353834	0.509405
0.65695554	0.776459	-0.06930649
0.20247662	0.2804771	-0.3078954
0.534126	0.34927726	0.3270062
0.5034729	0.17516363	0.037652545
0.12697715	0.8264571	0.38261843
0.24560481	0.091035545	0.78058016
0.7048567	0.30001527	-0.1724583
0.5750825	0.53389585	-0.032575727
0.45571446	0.5782207	0.34352162
0.98934805	0.45548624	-0.23946473
0.88078445	0.9253188	0.11805847
0.53750926	0.60303223	0.4039532
0.9674904	0.97827214	-0.09369287
0.009318411	0.519067	-1.6256378
0.08638257	0.90189314	0.17429179
0.43369514	0.59526724	0.2901171
0.2802717	0.18634754	0.71763545
0.98288274	0.3260594	0.03373871
0.43148345	0.44899136	-0.13087358
0.5254767	0.11009461	0.02541833
0.76908296	0.6270342	0.07034673
0.6418557	0.9756146	-0.6265785
0.512239	0.46150064	0.5467974
0.2892496	0.90946656	0.722439
0.23835617	0.094081104	0.6082137
0.9606049	0.07400459	0.52299255
0.5676869	0.019710064	-0.17053296
0.4367395	0.73418224	0.48130563
0.5976549	0.45078915	-0.23708189
0.0145763755	0.18790781	0.06314878
0.71756685	0.37653154	0.014229966
0.08720195	0.17122108	0.77562463
0.61505586	0.98392045	-1.0874985
0.27441084	0.21052122	0.6539952
0.48398387	0.9356038	0.16483665
0.7990098	0.9755551	-0.3367025
0.7462116	0.97103673	0.43374228
0.12178379	0.73820645	0.5966106
0.76550263	0.33233893	-0.30833724
0.029835224	0.47529978	-0.96462095
0.6384251	0.88774115	-0.5404717
0.4432357	0.35533035	-0.25718167
0.26292312	0.34607118	0.05847441
0.9982863	0.41975558	-0.20487761
0.80751395	0.3440035	-0.22750004
0.97647035	0.94134355	-0.16663425
0.8898064	0.5227628	-0.09922618
0.51461965	0.58888805	0.578538
0.4393664	0.73854095	0.46948856
0.7776634	0.44129592	-0.12969841
0.120043695	0.25371146	0.2789059
0.27089936	0.25260055	0.42659944
0.85622674	0.09656066	0.28169173
0.36547393	0.23831993	-0.07213658
0.195099	0.78622705	0.400493
0.6104239	0.21964663	-0.4878447
0.88238	0.33538723	-0.10959564
0.93402904	0.27520627	0.2228461
0.19247419	0.6821383	0.24795975
0.0035598874	0.097610116	0.7699349
0.44396663	0.80609494	0.49927312
0.4398706	0.8592778	0.5411353
0.86650395	0.18258882	0.10254138
0.81840503	0.21133065	-0.37663928
0.75344914	0.24083436	-0.48114058
0.66149366	0.54410607	-0.01881941
0.8496392	0.1845622	-0.088676274
0.8849391	0.4159035	-0.07953019
0.24036139	0.20049757	0.2946145
0.23297048	0.40061694	-0.24354948
0.96431524	0.35841095	0.039119814
0.80486184	0.51681757	-0.16750422
0.85008824	0.29787236	-0.20723973
0.007036686	0.58950216	-1.6299349
0.4165144	0.8412226	0.5385759
0.10015452	0.1949457	0.532298
0.10891253	0.69692713	0.63843906
0.3526256	0.054863393	0.60078996
0.9105921	0.16380143	0.4423984
0.6568964	0.14969486	-0.40587655
0.31209594	0.61195266	0.1782001
0.7918703	0.425583	-0.19893281
0.5585813	0.57042	0.20827326
0.05045873	0.7889366	-0.095008746
0.12876678	0.2675284	0.20252374
0.2875163	0.16268188	0.9217975
0.12184471	0.8960172	0.31319267
0.9098585	0.15428889	0.4472189
0.04637289	0.40585244	-0.27736658
0.059190452	0.3555298	0.15952462
0.7609918	0.68999386	0.19293702
0.25537956	0.8694844	0.61567074
0.75041044	0.9334081	0.3811967
0.3986498	0.83511174	0.56828636
0.56613225	0.45843452	0.06507945
0.55807364	0.38633537	0.19735612
0.024045408	0.9451188	0.22577484
0.3724265	0.37018377	-0.20362738
0.54996043	0.34665388	0.24269155
0.6060745	0.39389962	-0.33251047
0.043290973	0.9712131	0.22896996
0.2587574	0.52969867	-0.15956303
0.05636573	0.21730572	0.6021807
0.8135912	0.26528263	-0.36231253
0.16606003	0.35411972	-0.19179541
0.29799396	0.23855752	0.67499506
0.3961684	0.22211838	-0.41300237
0.41696632	0.9559159	0.50549066
0.6217831	0.43293047	-0.3124942
0.9191325	0.41140676	0.019625492
0.013406217	0.34719288	-1.0887408
0.9579353	0.7626958	-0.023943834
0.5659287	0.083657205	-0.23081283
0.40963954	0.7899293	0.48778287
0.51604086	0.89396787	-0.042867456
0.5194768	0.5065552	0.57040596
0.74952686	0.64221305	0.25779155
0.73953915	0.79164356	0.47079238
0.0151872635	0.66146404	-1.1339629
0.7000546	0.019772947	-0.5085175
0.1006279	0.21931237	0.5018901
0.24905545	0.61613333	-0.030153595
0.4790756	0.7972933	0.37359637
0.21820283	0.48945135	-0.3347859
0.1945067	0.37872374	-0.3607819
0.81681186	0.53690773	-0.24558227
0.9724074	0.4085167	-0.09760242
0.25390595	0.64886546	0.119132936
0.12636429	0.4303034	0.40726218
0.34090894	0.6214799	0.2906422
0.02911675	0.6121991	-0.986384
0.2373473	0.15155065	0.44254178
0.47975546	0.48621243	0.3765273
0.12711996	0.21526021	0.2059122
0.66426784	0.92713106	-0.055800915
0.95999515	0.47476882	-0.13607574
0.22485965	0.2951522	-0.15623
0.59955186	0.5667853	-0.26431495
0.095600545	0.7890757	0.49075592
0.75349694	0.84428006	0.35996467
0.7758264	0.89954865	-0.008530181
0.71053815	0.15770239	-0.41587475
0.96131754	0.17169374	0.4473828
0.285339	0.5942098	0.117471024
0.30727953	0.20623147	0.79041904
0.492315	0.9037103	0.25440526
0.6150128	0.0013249516	-0.09787194
0.7562771	0.33776182	-0.25193933
0.7474078	0.39941317	-0.014776997
0.23808873	0.8073656	0.45866448
0.40297085	0.62162143	0.23045304
0.7302277	0.10126072	-0.6794221
0.41763902	0.82145166	0.5419033
0.2594608	0.7534306	0.38497967
0.6855455	0.011095583	-0.33665588
0.5777611	0.24010807	-0.19306555
0.56047165	0.46082878	0.1969596
0.011413157	0.89579594	-0.044385187
0.38926953	0.8050222	0.5521864
0.5695601	0.1254009	-0.20301427
0.335796	0.65187556	0.29608032
0.58961326	0.76039666	-0.4930561
0.82082886	0.95199925	-0.37586704
0.5768236	0.6321921	-0.13508423
0.8348239	0.3957625	-0.2718401
0.28256822	0.2334885	0.61878747
0.15831393	0.7440329	0.45098743
0.69829607	0.54416764	0.31418997
0.16734761	0.560042	0.071105495
0.8870388	0.9546872	0.18662938
0.9389773	0.73076713	0.030578142
0.2358979	0.08855963	0.594216
0.9045795	0.17481351	0.35587987
0.76589745	0.4600072	-0.012294397
0.5661913	0.45525903	0.032659717
0.16538018	0.20579553	-0.27497822
0.7049335	0.94397616	0.569705
0.7565949	0.09014195	-0.85276103
0.91775215	0.83549047	0.2772194
0.5790625	0.38658363	-0.10663416
0.9208726	0.94739807	0.29215726
0.3275047	0.05634141	1.0826176
0.22978222	0.43356383	-0.24244668
0.6675196	0.04814571	-0.24372147
0.063639164	0.6582155	0.1611794
0.06621885	0.07494742	1.2875595
0.99979156	0.11631924	0.44200134
0.7579215	0.01119256	-0.933809
0.6635074	0.6968876	0.114904016
0.55293685	0.2804811	0.10999511
0.5744719	0.43728137	-0.026429787
0.35715663	0.8315796	0.5769589
0.77840376	0.35535723	-0.26056135
0.5368255	0.0682413	-0.06972875
0.72819066	0.44457644	0.13706994
0.728823	0.5709661	0.2897562
0.98281443	0.45237207	-0.21051964
0.51485276	0.20259249	0.13207313
0.16915876	0.14295065	-0.2055011
0.5323364	0.7831374	0.10225966
0.97956955	0.34569162	-0.007078398
0.86787343	0.1814509	0.14806336
0.79553086	0.016636372	-0.6227167
0.16468704	0.43329167	-0.078784026
0.30713403	0.69606423	0.35692525
0.17510039	0.7225205	0.35328487
0.7727341	0.70400035	0.07953914
0.12976176	0.5277787	0.43055212
0.2506429	0.48179215	-0.20198895
0.9136219	0.45911592	-0.033171237
0.3843271	0.12030649	-0.14221446
0.4033416	0.2491939	-0.45335436
0.4824556	0.8662054	0.38605163
0.3841141	0.54033273	0.033956233
0.6047596	0.38654953	-0.27892345
0.42253745	0.6147094	0.2872099
0.593554	0.842518	-0.704836
0.24973994	0.57023793	-0.09831649
0.7823311	0.87480384	-0.02749997
0.17459059	0.97428584	0.2619457
0.08368486	0.564069	0.51432216
0.54195285	0.23906857	0.10431062
0.9724854	0.07259095	0.48095632
0.20071101	0.48882127	-0.24635641
0.60476494	0.814177	-0.6850105
0.60360914	0.16582358	-0.43264353
0.33190584	0.19790614	0.51007813
0.7259287	0.729805	0.53935456
0.24182272	0.31081307	-0.050840992
0.9377777	0.28389996	0.24776933
0.6856696	0.8418405	0.41730148
0.6964327	0.90311927	0.5251744
0.6036274	0.6654816	-0.38079116
0.80633587	0.46432424	-0.2693866
0.5402223	0.8376707	-0.16845931
0.77737015	0.98941934	-0.032350577
0.60559994	0.14488024	-0.41881233
0.21631795	0.15496767	0.09567299
0.27417862	0.6221548	0.15065491
0.8701596	0.074801266	0.49891075
0.047582626	0.9802374	0.124778524
0.35929918	0.8947078	0.64203036
0.028434753	0.37367004	-0.78725755
0.30809528	0.53011787	0.11088792
0.34184772	0.7395978	0.47626972
0.5859009	0.15621322	-0.3143351
0.83830833	0.27973527	-0.14637807
0.915085	0.2965166	0.1787378
0.87764853	0.51097023	-0.22066694
0.27304727	0.8147842	0.51131684
0.80373627	0.09244782	-0.44031066
0.42214644	0.40282685	-0.30794084
0.018997729	0.12560987	0.65085787
0.24209505	0.41288072	-0.25324205
0.36874342	0.5377475	0.0030809473
0.23258662	0.6075109	-0.051432
0.8364963	0.8445174	-0.29894483
0.7780519	0.0044338107	-0.7842553
0.016932964	0.8452543	-0.3001378
0.12626916	0.3695122	0.28875497
0.35784572	0.78405243	0.5546843
0.2998351	0.47030765	0.10382977
0.0481264	0.04066521	1.5118637
0.8171829	0.07277548	-0.26356363
0.42981583	0.25014126	-0.5089271
0.36859643	0.33304882	-0.16356856
0.42180252	0.05835098	-0.2930336
0.63175637	0.67496353	-0.27760258
0.39943367	0.9981094	0.5266096
0.98758715	0.06648445	0.49659723
0.18553585	0.7648196	0.41292527
0.416959	0.05396509	-0.29695874
0.35254312	0.8497854	0.6737555
0.66439444	0.25019622	-0.3645151
0.6578727	0.63087106	0.04710102
0.28871423	0.40406758	0.11873224
0.6629342	0.2835937	-0.303241
0.04230827	0.0025747418	1.7459214
0.22488892	0.721135	0.2684564
0.74596184	0.5093949	0.13466698
0.42671555	0.2505502	-0.4332014
0.6205282	0.5874916	-0.27849668
0.5947509	0.07605821	-0.36754256
0.2375732	0.6127815	-0.05630795
0.7562141	0.22467923	-0.45505136
0.36913866	0.11531508	0.14294808
0.33187717	0.09865892	0.82035816
0.47500396	0.28819072	-0.010805876
0.4298125	0.6884223	0.4531239
0.37968153	0.26866305	-0.26067632
0.006510794	0.56879085	-1.700773
0.99273425	0.7541438	-0.4297566
0.1397807	0.31222558	0.050035864
0.3188846	0.5137688	0.020124555
0.9502713	0.58692896	-0.14246264
0.7713543	0.16393983	-0.6932015
0.73118365	0.56097865	0.29926375
0.48661113	0.82465863	0.41100007
0.99612	0.6660991	-0.44612005
0.70970297	0.97830164	0.67386717
0.8338969	0.002036631	0.20343985
0.63036335	0.33075595	-0.47655913
0.6791421	0.18616349	-0.40196982
0.8575452	0.021527767	0.55739194
0.070956826	0.60720664	0.27473012
0.8042813	0.4395073	-0.21407285
0.0030059814	0.58249307	-1.7490821
0.45750725	0.26210976	-0.24653125
0.08767408	0.42985344	0.5756914
0.459139	0.3631897	-0.08351834
0.40581083	0.7082354	0.4350407
0.31927288	0.03115201	1.2612733
0.4979238	0.48977852	0.53312385
0.7981928	0.114613414	-0.5087368
0.61206025	0.3142649	-0.4041956
0.7367054	0.508501	0.16712877
0.9493884	0.8614277	0.13315356
0.21901023	0.6990872	0.14339347
0.8494521	0.18653816	-0.08515797
0.9372166	0.9064341	0.26505446
0.6934132	0.8092771	0.5798618
0.76058054	0.39239627	-0.15243927
0.3851176	0.81091374	0.5485085
0.5921152	0.8633863	-0.7894956
0.48047078	0.8529712	0.35471648
0.5072285	0.54495794	0.5348626
0.5268052	0.15932655	0.05155392
0.99281347	0.4725598	-0.28313005
0.049095273	0.952641	0.15616998
0.5867277	0.61505836	-0.16287208
0.8207555	0.90640515	-0.3052106
0.97388417	0.26887363	0.19919266
0.17016244	0.8802072	0.396268
0.40890735	0.31618798	-0.42791048
0.13873553	0.109577656	0.036815174
0.014309168	0.6976284	-1.0722891
0.57951546	0.8264742	-0.6521966
0.24120736	0.5937261	-0.07530872
0.9183481	0.9882035	0.271355
0.7967669	0.9837477	-0.37538174
0.38269973	0.8701441	0.59853923
0.93708503	0.13417542	0.5399225
0.06674093	0.5595189	0.23370907
0.14031881	0.5121301	0.3707196
0.59390897	0.77110255	-0.5922777
0.9101492	0.18372142	0.4117209
0.3031726	0.95222926	0.74775475
0.035446703	0.13485545	0.8136463
0.78012145	0.022729158	-0.8351496
0.33688778	0.5732707	0.114934005
0.8100235	0.5582518	-0.17418614
0.56745785	0.5113085	0.14379461
0.80247927	0.96859115	-0.31916836
0.000998795	0.28397262	-0.9703871
0.75458837	0.8232806	0.35480458
0.7600629	0.63712585	0.16690782
0.67022794	0.6867409	0.18188159
0.35992604	0.8599247	0.6647242
0.44652212	0.8882976	0.4574937
0.12140161	0.2513758	0.31564677
0.76913494	0.9757236	0.08154703
0.3431611	0.49142265	0.017132863
0.6700772	0.26188946	-0.31866464
0.50966936	0.8270136	0.23521623
0.5898048	0.85934955	-0.8037453
0.5411673	0.871408	-0.3040275
0.67977315	0.3527649	-0.12588735
0.48141515	0.7472916	0.44291887
0.009470105	0.4744054	-1.6303592
0.33150625	0.3648193	0.04873541
0.5929343	0.36771065	-0.26160094
0.72032374	0.15825433	-0.520375
0.29494643	0.6560653	0.256133
0.7651729	0.9474967	0.21239309
0.6753239	0.77465206	0.2600166
0.83910674	0.031450212	0.20688976
0.54777235	0.15139371	-0.04967971
0.23030448	0.82385296	0.47713014
0.68036515	0.8501614	0.29041496
0.94033706	0.9990083	0.26978105
0.8321495	0.8131757	-0.26969564
0.16078609	0.69761497	0.39358583
0.2763059	0.36236978	0.13161494
0.49602258	0.4734202	0.5031111
0.24487686	0.40797848	-0.1878242
0.40306705	0.550997	0.008880606
0.56179243	0.04681152	-0.14073119
0.64281416	0.9274728	-0.5239749
0.81337255	0.6853695	-0.2435127
0.4111228	0.010093212	-0.08130334
0.19008785	0.6815479	0.17309383
0.26047862	0.85561186	0.53315747
0.79907554	0.43715996	-0.19437537
0.66559136	0.5760118	0.034323853
0.036490023	0.8428009	-0.152983
0.2455622	0.12819415	0.63852066
0.4701538	0.6735802	0.47388372
0.9321281	0.93918675	0.27762073
0.23996305	0.86975986	0.54953
0.33424616	0.64553964	0.23426053
0.34155422	0.2819097	0.16133341
0.6374158	0.056396425	-0.24447465
0.7706757	0.6437045	0.084985845
0.7949075	0.505294	-0.15974689
0.58408076	0.2456277	-0.26283342
0.9108978	0.033751845	0.7891353
0.18387085	0.1296404	-0.16129088
0.5493396	0.57405096	0.27507105
0.56525433	0.7123418	-0.14616798
0.4874977	0.1972248	0.010031087
0.18853796	0.53762925	-0.1639383
0.70630485	0.38386488	0.0027824636
0.041196406	0.23312408	0.2564451
0.23189312	0.18449813	0.21598046
0.17167759	0.6703576	0.24673924
0.77893496	0.47098958	-0.14264145
0.5033494	0.6117005	0.5470028
0.14104998	0.34862375	0.15192336
0.9939248	0.3430279	0.0031027608
0.5956814	0.1586498	-0.3546351
0.9542077	0.4386409	-0.026430326
0.6740005	0.9177701	0.23592015
0.9898528	0.80190545	-0.3214626
0.04971701	0.6640417	-0.18102193
0.865249	0.7889826	-0.06212905
0.79017925	0.52829367	-0.07768105
0.6096524	0.8410833	-0.7120396
0.5871692	0.7604988	-0.47076678
0.47620893	0.64615744	0.51608396
0.8764294	0.7767655	0.023142772
0.31016612	0.6105496	0.20617193
0.27906936	0.5444059	-0.011590837
0.04387647	0.06625652	1.3416765
0.7281424	0.70982265	0.55286336
0.028563917	0.48201478	-1.0198544
0.3488223	0.25379074	0.10786218
0.14933306	0.90426356	0.24816553
0.3060528	0.9516114	0.71311414
0.13073772	0.9307135	0.16677171
0.3684017	0.11217517	0.15263496
0.48241222	0.17340028	-0.017270267
0.5660749	0.45041108	0.15392646
0.38875324	0.14413917	-0.18703659
0.84038556	0.18817705	-0.17369072
0.94969696	0.6031352	-0.1255055
0.17353046	0.07792312	-0.102778465
0.64425594	0.40514445	-0.30466932
0.43466634	0.06491071	-0.31937855
0.77351105	0.7505814	0.08327494
0.6171944	0.07180792	-0.34685546
0.86613107	0.89568263	-0.0821951
0.5480922	0.7519913	-0.00034119934
0.7803642	0.5198634	0.0150823295
0.33805448	0.02997297	0.9422751
0.42313206	0.98050684	0.47303233
0.44856912	0.6533606	0.48246306
0.43324834	0.7199174	0.45166185
0.5850722	0.9752062	-1.090534
0.43864995	0.18131942	-0.41182002
0.95928264	0.14946139	0.48029345
0.2912115	0.23617852	0.6077526
0.42106682	0.35149026	-0.37091917
0.7351362	0.38607872	-0.058590103
0.39325267	0.5214499	0.0060884356
0.26119483	0.90329915	0.7029
0.992353	0.8949152	-0.28601143
0.25445217	0.5689554	-0.066835664
0.119396746	0.5837698	0.6441239
0.38488573	0.970417	0.6123855
0.19586074	0.32841736	-0.37366602
0.8767121	0.5381776	-0.17094842
0.56536645	0.586916	0.1022927
0.1708163	0.94448274	0.27601475
0.4629647	0.96060336	0.25665563
0.04482603	0.2825588	0.07027356
0.8966589	0.25276595	0.14817156
0.9617996	0.293756	0.18221828
0.9452228	0.67758465	-0.04429017
0.96247816	0.4664262	-0.116290025
0.2055546	0.06825364	0.15286613
0.64748895	0.9475749	-0.4712779
0.9079548	0.362826	0.008467356
0.044512212	0.44921786	-0.4088355
0.91070646	0.7443823	0.07788954
0.7291521	0.021609306	-0.82548463
0.05204153	0.93442696	0.17238115
0.46424973	0.7709121	0.4606045
0.3238626	0.23815668	0.46906132
0.7166598	0.15404016	-0.5721464
0.4712317	0.48600823	0.31382614
0.76403123	0.31080693	-0.30848065
0.41115367	0.9807138	0.4700722
0.8793699	0.7895378	0.06715402
0.5794698	0.42382818	-0.023359857
0.4239887	0.15722239	-0.4735575
0.18851745	0.7902107	0.38892403
0.33896226	0.86892563	0.6628474
0.3503663	0.43265778	-0.017205473
0.077519774	0.557125	0.33005524
0.20795107	0.8581547	0.5295197
0.10207087	0.72288203	0.6263106
0.9465534	0.87676543	0.102950975
0.875536	0.33962554	-0.050548173
0.11978662	0.32434493	0.38142893
0.88329005	0.41702998	-0.11970362
0.5649767	0.96684766	-0.9158113
0.1156643	0.02133727	0.50682926
0.08601916	0.39739323	0.5473919
0.99591184	0.48588514	-0.34854
0.4626643	0.13538057	-0.21187264
0.81874883	0.14387369	-0.3661895
0.7885998	0.831436	-0.073997036
0.479218	0.9961363	0.088174306
0.45300716	0.7765322	0.5368825
0.93679	0.564775	-0.09894136
0.9141436	0.82466924	0.2973658
0.40627664	0.042102993	-0.14549768
0.45961553	0.155096	-0.24658102
0.18420607	0.44544947	-0.2969486
0.2930578	0.43228203	0.057613067
0.72711563	0.024117112	-0.73872894
0.9382415	0.938877	0.22566518
0.32222784	0.31375045	0.25381115
0.3108557	0.6557955	0.22612366
0.40481055	0.5332966	-0.0066923997
0.20908606	0.9983628	0.4347573
0.73211217	0.050098717	-0.8041058
0.6125921	0.9418316	-1.032879
0.12797153	0.08926779	0.3050471
0.014735043	0.8487249	-0.28743282
0.09663236	0.38977212	0.55568916
0.36072117	0.708577	0.36718535
0.34682208	0.52465177	0.053437237
0.75555557	0.16995162	-0.67389995
0.6484696	0.6228447	-0.08723077
0.6544111	0.9010669	-0.18121772
0.45622462	0.6136102	0.41487932
0.5898359	0.45756102	-0.17675048
0.101911664	0.17717624	0.6227438
0.598239	0.8739274	-0.822681
0.9347274	0.7462037	0.11639134
0.82257587	0.7355111	-0.25101283
0.31717604	0.7798203	0.52161586
0.996933	0.52780557	-0.42029205
0.11998981	0.5976154	0.6918324
0.2482509	0.891435	0.6300866
0.6103541	0.13133103	-0.36889896
0.97420067	0.53302586	-0.22097385
0.64372146	0.39284587	-0.346766
0.22619665	0.4478023	-0.30170226
0.391015	0.46171826	-0.18334939
0.3531866	0.31033593	0.050834574
0.5370512	0.048899174	-0.05702384
0.6397581	0.25226116	-0.48078007
0.16237968	0.9184759	0.30732012
0.9231432	0.91421264	0.3135412
0.1924243	0.33304143	-0.37295026
0.87014264	0.042803407	0.5876806
0.8050248	0.36476696	-0.25691923
0.71018296	0.69308543	0.46234587
0.82326937	0.47954845	-0.22273119
0.5372386	0.47284275	0.40504944
0.84736884	0.66383696	-0.22585255
0.6873621	0.3346635	-0.09697984
0.3701235	0.4772042	-0.14532572
0.18172413	0.5775328	0.018173203
0.928286	0.56828576	-0.08500517
0.28735238	0.88588315	0.6640625
0.7206431	0.122371316	-0.6078371
0.29553545	0.99793506	0.74956435
0.4847452	0.6304663	0.5562096
0.90437865	0.9140522	0.32553297
0.21208525	0.25256294	-0.24544686
0.31067157	0.33142954	0.27710322
0.40109873	0.3474353	-0.41247314
0.69448906	0.4655099	0.11840306
0.5673038	0.89230895	-0.64491844
0.08110285	0.7315822	0.4353233
0.78392535	0.004701555	-0.713071
0.7617532	0.9219935	0.24244733
0.16794229	0.4689278	-0.05168109
0.03628993	0.4755777	-0.6691974
0.5699347	0.6660312	-0.120748095
0.67599934	0.6602811	0.22574678
0.5219111	0.1879453	0.09483853
0.028633296	0.6713509	-0.8306221
0.0007584691	0.21544385	-0.41954902
0.9313667	0.76779896	0.115474455
0.20130849	0.460904	-0.3054081
0.49921155	0.2795087	0.24119262
0.7465623	0.07743627	-0.86737794
0.94213563	0.37128133	0.106101036
0.008295476	0.23151177	-0.39777154
0.4089238	0.23682112	-0.4803347
0.3939026	0.19300693	-0.34562245
0.7952287	0.604769	-0.1053558
0.007993698	0.4839996	-1.7032328
0.19300377	0.86293924	0.48564142
0.18528187	0.38104832	-0.32035384
0.33998263	0.1413132	0.60439557
0.96773463	0.6364779	-0.26895475
0.9960634	0.6811859	-0.4441871
0.11562455	0.27217472	0.41986898
0.7144591	0.72041905	0.56240934
0.021243215	0.40605742	-1.1372572
0.8384529	0.85031784	-0.31352517
0.35836434	0.5980862	0.1927664
0.41647094	0.054992914	-0.22836687
0.0053032637	0.7518193	-0.9435672
0.07673681	0.93764216	0.14516914
0.28395915	0.6313547	0.12529013
0.15290546	0.2787587	-0.11693116
0.17681712	0.14564216	-0.23522224
0.99853814	0.93337965	-0.38934678
0.48765254	0.25095028	0.07502621
0.75471485	0.22500426	-0.47842252
0.30003148	0.108014524	1.1598746
0.44111133	0.99029744	0.36232653
0.6553831	0.8309249	-0.08750805
0.84383243	0.27568805	-0.11484843
0.2566715	0.7987248	0.5283319
0.23169166	0.9404229	0.5822536
0.7591513	0.6293174	0.13625187
0.024969935	0.3419298	-0.70718384
0.97215706	0.91187257	-0.03853181
0.88456845	0.015706062	0.82124853
0.19583547	0.15987557	-0.118459105
0.9655348	0.7577006	-0.15585071
0.8163729	0.76664126	-0.2721338
0.10727799	0.38387817	0.5141672
0.06092006	0.35497594	0.21781948
0.045986235	0.021854281	1.6309813
0.98491746	0.6702067	-0.3383931
0.35158414	0.0053430796	0.78173244
0.28094327	0.719654	0.31724814
0.11793363	0.95746756	0.06724601
0.7016535	0.40151328	0.0017303452
0.6982882	0.13872248	-0.42615953
0.7932174	0.44274414	-0.17297834
0.81092644	0.06019932	-0.3661018
0.9294499	0.47338772	-0.09163972
0.74272454	0.80796975	0.45205086
0.49605674	0.21178836	0.082031034
0.5484833	0.4757433	0.33634737
0.4160202	0.86384815	0.5952153
0.9313626	0.40702695	0.04762479
0.27677214	0.48454207	-0.042986833
0.12852693	0.78340405	0.49565607
0.47771657	0.79434216	0.49732906
0.448734	0.8425532	0.51133406
0.16369629	0.8013557	0.37895644
0.84880966	0.5694715	-0.29677233
0.007710874	0.837308	-0.39836985
0.20754308	0.6023947	0.011334084
0.041715205	0.2414124	0.23252434
0.9658282	0.109080195	0.4597316
0.39565867	0.15948701	-0.33640888
0.53086936	0.83575493	-0.09972341
0.26005864	0.8080129	0.4966543
0.20842499	0.72602266	0.27704203
0.21220624	0.03785771	0.3291669
0.07373142	0.9945212	0.14367272
0.5890757	0.6869896	-0.32148787
0.6113401	0.9866669	-1.0950596
0.41530132	0.93428844	0.4994033
0.3199957	0.41659796	0.1229438
0.9140211	0.7300293	0.089897096
0.80400044	0.48848438	-0.21529993
0.42526108	0.6544592	0.32536325
0.06324488	0.3372066	0.26396987
0.2239269	0.51909834	-0.2165289
0.3257413	0.98714286	0.7526638
0.6885786	0.73118305	0.44411546
0.96625584	0.14878029	0.4269652
0.496058	0.27706164	0.16509661
0.49960464	0.78575206	0.35708642
0.172194	0.730756	0.3948187
0.46328855	0.38675255	-0.00070251524
0.70612675	0.5830361	0.322393
0.69796985	0.6617192	0.44092602
0.72972065	0.4409812	-0.0034499392
0.15482187	0.6214336	0.3862002
0.30146986	0.2007069	0.7615196
0.83358085	0.22931224	-0.19322884
0.39191455	0.4473557	-0.2718004
0.119348645	0.91823536	0.18500873
0.51497763	0.92961925	-0.024882466
0.9601607	0.077243984	0.5117932
0.8481115	0.4169525	-0.22283918
0.40531898	0.107654095	-0.31781378
0.27710873	0.1911664	0.71255684
0.3919559	0.7165098	0.38107356
0.39932585	0.91871303	0.6392355
0.70887125	0.12170732	-0.49918965
0.19538283	0.5860147	-0.033073507
0.17977357	0.82069016	0.42427978
0.02390343	0.3895077	-0.9686164
0.13070339	0.7272392	0.58373266
0.15916651	0.8490331	0.4074916
0.98983014	0.07768756	0.5022166
0.6664251	0.09701443	-0.3146926
0.27534175	0.112460434	1.0736915
0.826813	0.5267486	-0.18841653
0.96502143	0.8665737	-0.023425957
0.1896292	0.09280878	-0.05183448
0.32206833	0.38800257	0.1416611
0.33188033	0.45037305	0.06945866
0.54543567	0.240762	0.07438703
0.16617948	0.7131619	0.33640307
0.000111579895	0.80587775	-0.68049675
0.768209	0.53610295	0.042740427
0.9008626	0.62459993	-0.055434693
0.20535469	0.43728203	-0.3540374
0.06892586	0.72271335	0.2082862
0.81713855	0.22648269	-0.31903237
0.24018043	0.4455101	-0.22902188
0.004316032	0.030563295	1.3234997
0.74423885	0.32326257	-0.24703792
0.49144387	0.36833388	0.31741512
0.2030071	0.28457373	-0.3162793
0.44985992	0.84075433	0.5066456
0.84436595	0.48185092	-0.28593874
0.65993077	0.2954781	-0.3414712
0.8073792	0.110465825	-0.43244442
0.85836244	0.8112336	-0.10482548
0.6717438	0.9646659	0.09336127
0.9923212	0.7175229	-0.3818793
0.27587688	0.41872317	0.014782765
0.20156968	0.09643412	0.0659014
0.35288656	0.20871305	0.19351797
0.13240886	0.41007155	0.3270788
0.7845884	0.99064267	-0.13117778
0.4901991	0.32261652	0.21601337
0.73603874	0.020889759	-0.8397278
0.4062665	0.7537758	0.48113635
0.6317286	0.48773307	-0.286973
0.68365306	0.58893406	0.26859292
0.037786007	0.04471159	1.4493245
0.6222026	0.6502902	-0.31727034
0.80365497	0.85647297	-0.26993462
0.57833916	0.6875163	-0.20300275
0.8012688	0.72844154	-0.23078468
0.5907879	0.9207638	-0.89570546
0.7243203	0.43516457	0.17924029
0.94600755	0.49058425	-0.12032377
0.35198253	0.6354752	0.21189423
0.63534963	0.75678366	-0.31623113
0.29536712	0.38643378	0.17518948
0.29708284	0.5128625	0.062450852
0.7712157	0.87691134	0.10938874
0.4269616	0.1306693	-0.46200746
0.018735528	0.3385207	-0.8676774
0.9065603	0.69311714	0.10436359
0.70788777	0.97102	0.62683636
0.0018699765	0.19856322	-0.2426227
0.03412074	0.8725518	-0.088477425
0.482876	0.1538443	-0.025688937
0.8206345	0.7481836	-0.23394737
0.88196576	0.37618506	-0.06419052
0.33659887	0.3112045	0.15467194
0.29633725	0.6720242	0.3103171
0.8949725	0.48925704	-0.18915467
0.019578815	0.7899007	-0.56897473
0.24410975	0.2189067	0.29607514
0.60664606	0.3453619	-0.3194603
0.7542754	0.14959782	-0.72273475
0.10940421	0.6578343	0.7041857
0.3964249	0.4569934	-0.2156212
0.8399859	0.2990225	-0.27699474
0.011151314	0.8326196	-0.39875847
0.5483031	0.75535244	-0.04503264
0.2294957	0.46312684	-0.27984628
0.93806595	0.762776	0.110071376
0.26785278	0.35692757	0.059820786
0.8214931	0.6413442	-0.24677616
0.75395113	0.75605404	0.29733747
0.29245466	0.028067887	1.4155588
0.28077853	0.21893919	0.59733105
0.09106696	0.7186491	0.521483
0.15304679	0.16300738	-0.12358966
0.74302506	0.5803641	0.30481377
0.4997849	0.1026513	0.015373525
0.95520484	0.653578	-0.13284682
0.2434094	0.20213974	0.2668374
0.1501689	0.64283746	0.4553958
0.44802642	0.38152462	-0.15447907
0.50186086	0.7413176	0.47342017
0.18198717	0.55192775	-0.035351243
0.7063038	0.25203896	-0.2900485
0.9930938	0.29636538	0.094631925
0.1039266	0.056556225	0.743335
0.5182403	0.6831613	0.39526778
0.9671587	0.98143554	-0.06940268
0.06405628	0.5766015	0.1525153
0.3551746	0.45422208	-0.022620162
0.39096856	0.16268522	-0.2630827
0.5715636	0.5324324	0.03116382
0.99020505	0.5171621	-0.3635948
0.97423947	0.15882975	0.33828178
0.35576016	0.9917956	0.6355395
0.44743127	0.65466106	0.4026917
0.8641921	0.59495646	-0.23563509
0.41864836	0.86564213	0.6315561
0.9463707	0.38399106	0.032460675
0.8102505	0.37185216	-0.26387534
0.48007625	0.93952334	0.20765562
0.7547048	0.30922848	-0.3257056
0.086016476	0.9149168	0.15754923
0.23304951	0.007067263	0.82082444
0.55687755	0.3988524	0.15117152
0.5558869	0.028538048	-0.11760703
0.35101277	0.94898593	0.6765052
0.4153161	0.4962514	-0.0524092
0.17065609	0.2763787	-0.3076235
0.40309078	0.26990914	-0.4825595
0.20625865	0.6475412	-0.0080235675
0.038264036	0.1579938	0.69730747
0.5863495	0.4759581	-0.08718999
0.6261703	0.60786664	-0.2615823
0.30591232	0.9441471	0.69032156
0.5685332	0.44563484	0.083006114
0.67924225	0.17307502	-0.3640083
0.076009214	0.6798933	0.39479047
0.51416963	0.192532	0.06198036
0.26639813	0.11255765	0.9843232
0.33157408	0.56781626	0.15334587
0.09174144	0.12905979	0.88041574
0.64395523	0.913243	-0.44997615
0.04477501	0.04082793	1.5445387
0.13830215	0.33981293	0.10665719
0.8206339	0.63447124	-0.25613973
0.015112579	0.77467275	-0.72754675
0.70867336	0.40347528	0.034764066
0.96614385	0.6394854	-0.2005893
0.56989896	0.15227449	-0.13543305
0.86672515	0.94829553	-0.0038682632
0.9464084	0.69861233	-0.03462424
0.5240702	0.40645248	0.46676144
0.6898497	0.97575444	0.42785662
0.6835676	0.7066099	0.3624353
0.74842197	0.92339146	0.46974117
0.34078646	0.17936927	0.45996383
0.753931	0.03498721	-0.877028
0.96745825	0.3972547	-0.035671476
0.14413226	0.8793497	0.34116668
0.86896265	0.84394836	0.047158893
0.33754617	0.8025507	0.576128
0.16247171	0.1448341	-0.17038724
0.70328486	0.96439636	0.59243906
0.8958592	0.63721	-0.073960625
0.94206667	0.0718053	0.6550911
0.13019907	0.9194874	0.22802918
0.6253499	0.19931716	-0.49433264
0.80064875	0.9696317	-0.345325
0.19924778	0.9462612	0.42381838
0.3855725	0.1235463	-0.10772441
0.1985665	0.14492273	-0.118817404
0.9611265	0.17617965	0.41155946
0.4401772	0.6826495	0.3768677
0.919603	0.05597347	0.7323859
0.82492757	0.7850496	-0.19155064
0.81215477	0.51366466	-0.25402072
0.38552088	0.6510395	0.29447037
0.71676254	0.49041498	0.2525891
0.8329279	0.3082245	-0.29740983
0.8301942	0.33741653	-0.30143237
0.11595583	0.21857977	0.3996596
0.15076858	0.6334871	0.44353798
0.24856472	0.49801594	-0.18632747
0.3455693	0.120036006	0.5726974
0.23420644	0.7218714	0.24144013
0.41676867	0.21711403	-0.51336396
0.6809052	0.99574655	0.2509221
0.71839887	0.52134645	0.28054017
0.5498394	0.68567604	0.09099433
0.051129162	0.52929306	-0.29476586
0.26252395	0.76980954	0.46795544
0.44156003	0.4264003	-0.07805103
0.6287647	0.71608317	-0.31923056
0.42081183	0.60546285	0.22941533
0.20748162	0.34986347	-0.34142342
0.8098966	0.45234865	-0.2083852
0.6616353	0.90504754	-0.077290736
0.7021314	0.24849743	-0.2481972
0.71686554	0.49130988	0.26776916
0.435955	0.91627693	0.47812188
0.17402178	0.064535975	-0.17448238
0.9917512	0.42851895	-0.23196292
0.92663205	0.27983183	0.27187738
0.85609525	0.8747211	-0.09052515
0.99641114	0.40813112	-0.19709899
0.20642394	0.4502175	-0.32892293
0.50909585	0.3322068	0.3737874
0.5515923	0.011583686	-0.1508221
0.6535022	0.1305542	-0.31150204
0.33497298	0.45555186	0.038181536
0.93992317	0.29095083	0.16159463
0.46549374	0.12036544	-0.17462593
0.075366855	0.83327144	0.30484086
0.7362482	0.15737599	-0.6464712
0.49460107	0.94155717	0.09518616
0.3769551	0.6144707	0.17482793
0.44868523	0.6054423	0.35256204
0.38747966	0.2532736	-0.325616
0.5044532	0.6846899	0.4671992
0.7469351	0.75364786	0.44230324
0.5237369	0.54458463	0.5208049
0.61315596	0.35894638	-0.44946027
0.27306688	0.63173735	0.12938236
0.2831819	0.70982	0.3387634
0.42550045	0.24051112	-0.49916625
0.3353238	0.62764835	0.2390436
0.72418326	0.5271049	0.2959983
0.5184805	0.89361936	-0.00975447
0.806081	0.76970524	-0.24525759
0.90370417	0.11588371	0.48620856
0.9679493	0.72694194	-0.17846814
0.06013316	0.5669119	0.032268945
0.7888863	0.888522	-0.13763574
0.19208145	0.2470038	-0.32005024
0.8326241	0.49851358	-0.19029172
0.54369086	0.47241956	0.2858053
0.5557712	0.513432	0.27691364
0.12347567	0.69771767	0.5943551
0.7618388	0.5902946	0.122075036
0.43851984	0.6877112	0.424779
0.17850131	0.7278326	0.32958347
0.20629519	0.08501667	0.11465829
0.4198712	0.613581	0.20789143
0.48407286	0.3048907	0.1412199
0.07048625	0.39930654	0.29794592
0.63973457	0.22107124	-0.43974343
0.37577564	0.7431758	0.40882108
0.44551945	0.8924593	0.4541417
0.90131426	0.84183663	0.23364078
0.77201927	0.09187341	-0.71930796
0.4890499	0.38090044	0.27919483
0.011639237	0.58319056	-1.47154
0.18174458	0.2817434	-0.33735675
0.65614176	0.81983685	-0.065250486
0.67552084	0.5238782	0.07605544
0.6392726	0.85931295	-0.4700678
0.48039192	0.88813764	0.35652548
0.7459311	0.27296668	-0.36742824
0.8828151	0.5793777	-0.169694
0.67536134	0.36020982	-0.12612583
0.59138465	0.46861345	-0.18808886
0.40613526	0.291758	-0.46513355
0.75012416	0.07571775	-0.8554533
0.9486443	0.4652503	-0.071575284
0.2885654	0.22807074	0.57468784
0.23318362	0.888508	0.59305775
0.7046918	0.93193	0.59084874
0.2753049	0.53772724	-0.008719854
0.67180806	0.6156779	0.10396675
0.8446407	0.1823219	-0.054148417
0.8122728	0.31753737	-0.3167876
0.8438016	0.9923978	-0.37488475
0.45229787	0.8475251	0.51627177
0.6165879	0.98498684	-1.0105519
0.5994636	0.8367268	-0.691155
0.7907768	0.9649395	-0.20433971
0.74767625	0.2019769	-0.5078881
0.10441393	0.08809626	0.6947348
0.80420643	0.28420085	-0.3939872
0.50374997	0.41192156	0.3899693
0.891801	0.58092606	-0.12907775
0.30420595	0.37317282	0.19044094
0.14570898	0.4282949	0.11178659
0.93787754	0.22070605	0.36460072
0.95878136	0.17740542	0.34336147
0.8421532	0.608339	-0.24240725
0.24824089	0.4271155	-0.14259428
0.6024974	0.43307048	-0.28620383
0.36117488	0.48987877	-0.06181614
0.5971058	0.55275446	-0.23326959
0.47598684	0.5626099	0.45544317
0.83160996	0.8143779	-0.24284564
0.027266562	0.47705775	-0.9744909
0.11875069	0.4773293	0.5329238
0.070237935	0.08756697	1.1592711
0.052051604	0.23180515	0.48073882
0.13656658	0.75522006	0.46211547
0.20613915	0.3174215	-0.3316187
0.1575858	0.38204634	-0.040438134
0.45387167	0.2743215	-0.29865187
0.047800243	0.03144586	1.5763148
0.2321443	0.402817	-0.26195547
0.7612702	0.6320159	0.15556043
0.8357641	0.1935879	-0.12023769
0.9100271	0.28121692	0.15225987
0.7079553	0.7402208	0.49769545
0.017986476	0.39777237	-1.1754105
0.82393587	0.7518411	-0.22254157
0.7206093	0.32738066	-0.18280445
0.06509364	0.88554525	0.17521901
0.24639606	0.7105647	0.20028028
0.70981103	0.56297207	0.3170588
0.55654514	0.40413523	0.18264644
0.69621974	0.7908492	0.53907406
0.009894609	0.4793712	-1.6485772
0.2149316	0.3577119	-0.37090132
0.785191	0.43265885	-0.17933498
0.69225	0.9519133	0.47352695
0.7288629	0.102075875	-0.66091824
0.31476235	0.121985674	0.95134497
0.97581995	0.254986	0.21339545
0.9426275	0.08660531	0.5504236
0.7895925	0.16346139	-0.56921166
0.8002296	0.94310683	-0.2730068
0.4555251	0.24415332	-0.24889556
0.6444613	0.9644022	-0.5132341
0.618636	0.7094139	-0.46164364
0.8211601	0.19226491	-0.3548653
0.81013703	0.6144649	-0.2314312
0.25793755	0.69407046	0.20027117
0.17293566	0.13766366	-0.29171783
0.07269728	0.64266944	0.32611406
0.8651751	0.0551399	0.5072443
0.06232679	0.89222693	0.09343764
0.00851351	0.09612864	0.8217297
0.30109763	0.12373853	1.0656582
0.76970714	0.8581997	0.045598827
0.16830939	0.80321544	0.40484753
0.51219714	0.8279067	0.23930417
0.43852687	0.077461004	-0.31805056
0.84223944	0.13151544	-0.044052444
0.54941463	0.0960986	-0.14035851
0.11056179	0.27887243	0.5016789
0.8566126	0.18961066	0.03244299
0.87308246	0.2857951	-0.015345432
0.18494868	0.44486994	-0.27174556
0.07496971	0.44105607	0.30001998
0.8728018	0.43369085	-0.24637952
0.043450832	0.39345807	-0.3364941
0.7159878	0.022501826	-0.64052874
0.22218698	0.8075581	0.48880908
0.27784383	0.035859227	1.3553066
0.82373244	0.2178331	-0.2624492
0.865377	0.9643299	-0.08161538
0.9716942	0.601729	-0.28074375
0.5318371	0.4264605	0.43235072
0.6128726	0.9837159	-1.0889641
0.06325251	0.8428138	0.1857619
0.51979786	0.044579804	-0.037430577
0.09238088	0.16738373	0.6893828
0.21109998	0.7509247	0.26411095
0.9882793	0.5891529	-0.3658566
0.7723863	0.18959564	-0.5827573
0.48489588	0.7122839	0.48250502
0.916175	0.12851095	0.507554
0.71266603	0.9281362	0.61394465
0.6596828	0.6346327	0.0063406937
0.9104742	0.38104004	-0.019287348
0.1304155	0.9354151	0.1623179
0.76439023	0.5395428	0.04548631
0.45331818	0.6579067	0.46619183
0.20076972	0.31194836	-0.3843406
0.7442056	0.5789344	0.23009132
0.13631088	0.7276297	0.5453298
0.043176174	0.18673956	0.6056256
0.3172601	0.8701594	0.6797242
0.32928872	0.67481804	0.33884633
0.111337245	0.049133956	0.64981765
0.4512794	0.6873669	0.44620243
0.3395363	0.7480418	0.48227707
0.5574539	0.87319356	-0.5015757
0.3838172	0.59901613	0.16301145
0.7769719	0.78142047	0.019606486
0.80914986	0.9496697	-0.41438943
0.052321374	0.3028531	0.12512867
0.70262516	0.3768887	0.016338125
0.07216102	0.52553856	0.30651066
0.288355	0.4195485	0.11421674
0.70266366	0.3526196	-0.112744704
0.17566085	0.016047835	-0.10906592
0.06037891	0.2731915	0.44204172
0.47698838	0.46544504	0.29808813
0.45124924	0.83544534	0.44876084
0.39626682	0.16858637	-0.34831548
0.26622343	0.84025323	0.6094715
0.2555787	0.6760626	0.15755521
0.2505958	0.75878954	0.40301347
0.32372236	0.28400427	0.3483943
0.12818426	0.82956666	0.48051995
0.520702	0.19281435	0.14331302
0.9708457	0.27022713	0.18794984
0.78095144	0.25680286	-0.39923653
0.43140823	0.8804449	0.5181609
0.67165256	0.7227307	0.2425248
0.61440045	0.17533481	-0.4388607
0.30999875	0.08610684	1.1602134
0.4542691	0.14684486	-0.31298438
0.9694833	0.6244835	-0.29832685
0.6161812	0.7565969	-0.4617512
0.2613846	0.063159585	1.1131442
0.26696682	0.6870126	0.26715407
0.4615007	0.3097644	-0.13147356
0.26303738	0.32833248	0.084709615
0.0965991	0.01918739	0.9636116
0.13187677	0.093027115	0.13197511
0.29120892	0.31129146	0.35056922
0.32230437	0.24574822	0.46281478
0.67464614	0.9646226	0.14555074
0.8423372	0.27726406	-0.24023895
0.40485644	0.75289375	0.40714914
0.076702654	0.82183176	0.2590693
0.17159128	0.009959221	-0.064716324
0.3861863	0.5073739	-0.12662542
0.5003533	0.7548766	0.38693446
0.7594743	0.3315999	-0.25754946
0.18654299	0.41231996	-0.27115184
0.92305136	0.7728678	0.17596954
0.40180022	0.120646596	-0.29475564
0.38628733	0.115106285	-0.11315813
0.88916004	0.9455425	0.13862945
0.56688434	0.62515664	0.024848718
0.85379493	0.47321892	-0.2729215
0.8443294	0.82638454	-0.22663195
0.65046406	0.46629924	-0.22831649
0.9618866	0.22157669	0.25703284
0.18482578	0.09858441	-0.093242586
0.1520378	0.731353	0.44515187
0.25077236	0.008232474	1.099497
0.4430887	0.57819057	0.27225223
0.7974052	0.080173135	-0.5718391
0.14791304	0.6106676	0.35262817
0.16224223	0.5333768	0.09507272
0.2679832	0.5720875	-0.015146466
0.33083862	0.62566453	0.16092911
0.27711225	0.8156138	0.5235711
0.45113605	0.5710337	0.2921592
0.17901951	0.31572175	-0.31273788
0.51891863	0.7734285	0.16850333
0.6901761	0.45280528	0.079051055
0.27081913	0.7061109	0.23923182
0.680798	0.9747563	0.27325696
0.20280594	0.48753405	-0.24937479
0.37875527	0.11529219	-0.017716883
0.33969474	0.71981496	0.4529807
0.519751	0.5878134	0.5381048
0.28352976	0.99270135	0.7183388
0.669027	0.6903491	0.18489036
0.30863422	0.94314617	0.6802123
0.88811904	0.9499105	0.21561468
0.5864979	0.6011288	-0.27428222
0.55016404	0.010004342	-0.11903421
0.798589	0.5742422	-0.06664083
0.49533427	0.22344506	0.20200339
0.7947385	0.89388275	-0.13996807
0.041217983	0.9908781	0.27133045
0.52182573	0.9877242	-0.30174047
0.3134721	0.46406484	0.14468572
0.63720804	0.4494766	-0.26923323
0.9484852	0.89612734	0.18350211
0.9332689	0.48887825	-0.093458645
0.6129137	0.38506246	-0.42360204
0.8074298	0.5093672	-0.22390047
0.2940148	0.05650866	1.3361434
0.5763229	0.036728024	-0.17734595
0.8403543	0.79992896	-0.18320212
0.14297014	0.6163421	0.4364034
0.21721828	0.6908174	0.11646996
0.9103125	0.8292994	0.26782358
0.86021566	0.13446021	0.16176628
0.8386137	0.8869933	-0.27611196
0.95763344	0.42366856	-0.08933514
0.37094206	0.23648459	-0.12426413
0.28303033	0.84423375	0.67301303
0.29683882	0.9306199	0.6641914
0.84455043	0.3319137	-0.26030055
0.7660551	0.44803572	-0.0446987
0.36046225	0.16209877	0.16344528
0.17624176	0.370521	-0.28874862
0.6034542	0.649198	-0.32738003
0.49973303	0.7637478	0.41042334
0.8568513	0.032922864	0.49873292
0.4610768	0.056407213	-0.13539709
0.206339	0.838392	0.50976145
0.16852194	0.45305854	-0.0852436
0.18260926	0.95883244	0.3195202
0.11865485	0.1847862	0.34749463
0.3252023	0.46825916	0.041883986
0.40018272	0.9949117	0.5354523
0.53469807	0.39892405	0.42782956
0.42947286	0.30217743	-0.38393667
0.9547672	0.6635239	-0.15834174
0.56618154	0.1046589	-0.20078292
0.50705475	0.08669412	0.005408339
0.6661487	0.4251179	-0.13323611
0.49427682	0.46741378	0.42661628
0.36024278	0.33029497	-0.04934638
0.41668326	0.70583165	0.41476932
0.8651189	0.70235485	-0.12142696
0.25547212	0.47515213	-0.14760917
0.10494381	0.6270734	0.64850026
0.68231785	0.774743	0.34232542
0.8579736	0.4577111	-0.19574958
0.20433176	0.7233576	0.2324558
0.6078068	0.5305301	-0.30812716
0.18044323	0.67078215	0.21335009
0.864425	0.3747797	-0.16965325
0.51317066	0.7690034	0.26483783
0.60395795	0.062172472	-0.26618734
0.73171526	0.5835634	0.30118066
0.75697076	0.08957869	-0.84592175
0.54129064	0.63353914	0.2854659
0.2110107	0.14252204	0.058546506
0.70719784	0.36712778	-0.05234009
0.40256345	0.56912374	0.11766756
0.66055244	0.17524147	-0.3398271
0.49551755	0.071422935	0.020415349
0.6357484	0.15194577	-0.38371703
0.569564	0.24041367	-0.13031715
0.55273235	0.14726412	-0.048418663
0.14027941	0.725468	0.5656159
0.82833666	0.70599496	-0.26158908
0.6695163	0.4938348	0.0018582703
0.5605506	0.59135336	0.11303548
0.084652305	0.41551614	0.52992725
0.41769874	0.4014585	-0.31556356
0.17500907	0.5366922	-0.04703906
0.07004124	0.7405895	0.2241376
0.65915245	0.60056496	0.026833273
0.51598895	0.5225679	0.5621813
0.6588039	0.050220072	-0.17746189
0.49083936	0.13760519	0.0063066743
0.1331783	0.27917182	0.14540459
0.2982077	0.9857469	0.7202699
0.38106656	0.52669066	-0.03507917
0.057459116	0.9249542	0.14118978
0.0759033	0.46242404	0.3973645
0.7565685	0.45807433	0.005395747
0.24506623	0.90651363	0.6948923
0.41034698	0.14671052	-0.4167891
0.77721477	0.7113476	0.07022333
0.34717363	0.248555	0.22941934
0.21240175	0.49212098	-0.3010314
0.059057415	0.22891879	0.5770918
0.8287198	0.058945715	-0.05249072
0.5276809	0.5726607	0.42654124
0.8735002	0.7226854	-0.013430297
0.6480621	0.5782872	-0.105157204
0.8649867	0.7511116	-0.045483984
0.43906623	0.40177423	-0.15201235
0.025702417	0.84740615	-0.22528881
0.91505986	0.074653625	0.6656125
0.4123332	0.80712384	0.5228914
0.982412	0.60804915	-0.3583792
0.6924477	0.77839756	0.5248082
0.76220536	0.42783982	-0.07183444
0.006649852	0.6034936	-1.575714
0.16861242	0.9995272	0.14869604
0.2640739	0.52202	-0.13814577
0.33184254	0.06961262	1.0051901
0.8514632	0.83221716	-0.1571586
0.33581537	0.62213296	0.23883128
0.9086261	0.18298495	0.43903854
0.4189883	0.25842422	-0.44414026
0.0063729286	0.18983144	-0.0007199049
0.59651124	0.98486775	-1.1389321
0.1992886	0.5114891	-0.21356818
0.9243739	0.6687562	-0.056574255
0.3882501	0.69794536	0.39807934
0.5548517	0.3473292	0.21311219
0.19836295	0.4160576	-0.37812397
0.90274686	0.25980496	0.1971162
0.84150845	0.82743806	-0.19921553
0.86454624	0.6654837	-0.17535304
0.2614954	0.8660331	0.6397852
0.44346422	0.9316135	0.4328201
0.7167889	0.60516644	0.39685452
0.2036354	0.63775384	0.03997826
0.20042372	0.55742717	-0.1604117
0.054801106	0.64746076	-0.045337092
0.32758838	0.5683013	0.11356832
0.04214281	0.31724942	-0.1304154
0.62865824	0.8603371	-0.6177884
0.010845542	0.50849575	-1.536735
0.01647979	0.16892397	0.33794165
0.1006549	0.86942756	0.3062473
0.8971524	0.8609661	0.23340093
0.56045085	0.41979587	0.18436459
0.73047024	0.3512159	-0.06165147
0.5402287	0.4564097	0.43374196
0.09802604	0.62629217	0.61786723
0.19233268	0.67421544	0.13741267
0.85882413	0.56499237	-0.21874441
0.41437984	0.54600453	0.05706528
0.79183835	0.422593	-0.19740471
0.97106946	0.89027923	-0.06259209
0.25755697	0.06187874	1.0654644
0.22324234	0.8213553	0.49506837
0.571393	0.86172485	-0.5780022
0.8526418	0.7399845	-0.17050351
0.17748266	0.34603298	-0.31577516
0.6918629	0.7105391	0.44680429
0.6047143	0.5568452	-0.26754773
0.25210434	0.9053042	0.6379102
0.46115547	0.95779926	0.31439555
0.106319964	0.052597642	0.7108957
0.9796242	0.21274054	0.3086273
0.57591987	0.092808604	-0.27354115
0.8583561	0.08162439	0.33710435
0.8626893	0.98830926	-0.13098645
0.22215849	0.017109454	0.59964365
0.20124793	0.18823689	-0.15947732
0.40862852	0.7015083	0.35466102
0.11794025	0.46018094	0.4764086
0.9286515	0.43166518	-0.010205976
0.3682475	0.0358482	0.41901362
0.2596239	0.165425	0.61691475
0.18405652	0.9870079	0.26181138
0.05224955	0.43793505	-0.09524647
0.19984806	0.6336319	0.075320505
0.94340557	0.8156936	0.07324299
0.076882124	0.73171926	0.34902182
0.44370496	0.40669584	-0.09550893
0.4225077	0.7036982	0.39891005
0.101570785	0.6209738	0.6714833
0.5517877	0.5953094	0.2706993
0.0018513203	0.4911725	-1.826994
0.5362038	0.8405692	-0.16256681
0.33707178	0.26451492	0.22145312
0.06912249	0.015654922	1.5087037
0.89555115	0.65518445	-0.073300466
0.9489029	0.3324582	0.100940034
0.19689703	0.5128189	-0.20570827
0.11467016	0.7655795	0.56908035
0.9809736	0.53451324	-0.24538502
0.028049529	0.21016842	0.16760844
0.06479865	0.7467653	0.13328876
0.57142425	0.31336975	-0.031210363
0.23474795	0.7775134	0.3922295
0.5300109	0.18508393	0.10833995
0.9352419	0.60969394	-0.07064845
0.0030748248	0.12910008	0.45105892
0.5864524	0.43452567	-0.14136171
0.8452329	0.5520414	-0.26032954
0.23350537	0.38877875	-0.19661464
0.897632	0.81170475	0.14294216
0.5298133	0.32984787	0.25951305
0.77397394	0.15879321	-0.67763764
0.4752419	0.7988455	0.435242
0.3405668	0.24158752	0.26976618
0.62219024	0.08566141	-0.26027933
0.63000584	0.6649193	-0.36968896
0.037437916	0.30822325	-0.17725645
0.012422264	0.5394299	-1.5457507
0.5185263	0.15154898	0.15318948
0.15263516	0.14879107	-0.15151604
0.8115806	0.49072933	-0.1720708
0.6918373	0.5077006	0.2225614
0.8705641	0.11108881	0.34497258
0.8883152	0.90425843	0.1470111
0.7632059	0.46289772	-0.018199986
0.42508817	0.1192677	-0.38243043
0.63652194	0.6738728	-0.22228338
0.8492793	0.89545333	-0.20265147
0.535943	0.118629396	-0.029248368
0.7776065	0.9972473	-0.06466068
0.08000922	0.5154367	0.42375535
0.7173328	0.4864679	0.2111584
0.003661573	0.39342767	-1.5095782
0.4726689	0.4615348	0.30547157
0.30576068	0.54676956	0.14444235
0.45639014	0.6999354	0.45747498
0.8165804	0.45434338	-0.17560038
0.33735693	0.46887982	0.06752682
0.11367136	0.17294872	0.49721313
0.7334049	0.9100379	0.59201115
0.7377253	0.5199975	0.19304532
0.27301252	0.22432077	0.50382894
0.038831472	0.16938752	0.6152799
0.44572335	0.46837825	0.05952858
0.6744535	0.25568998	-0.30217633
0.88346803	0.62940663	-0.074401006
0.27532881	0.0003065467	1.4773209
0.25332707	0.5163163	-0.103590176
0.062407255	0.22736478	0.6197453
0.8065482	0.5591873	-0.14309038
0.92230684	0.4725852	-0.08521751
0.9717501	0.33265978	0.11488365
0.6041626	0.7848454	-0.6549882
0.4102984	0.59334815	0.20563807
0.9729386	0.25010413	0.20971337
0.5085386	0.9386808	-0.008468244
0.9855634	0.13030708	0.4232955
0.61979496	0.5385604	-0.2858878
0.05314535	0.9682931	0.13782555
0.32948965	0.4562006	0.035701014
0.9983271	0.6211622	-0.44647864
0.618423	0.29400218	-0.46825287
0.13941509	0.1689099	0.0953646
0.5240944	0.38293397	0.4326658
0.07022029	0.8271575	0.21551202
0.853452	0.13425416	0.063173234
0.804501	0.082093835	-0.45998937
0.6109292	0.052787185	-0.2709309
0.586577	0.3169346	-0.267621
0.12863916	0.38511288	0.3071561
0.12114638	0.92250603	0.19982797
0.1134187	0.087228715	0.5247185
0.8036309	0.14004749	-0.48318982
0.8706458	0.10744184	0.3708668
0.970073	0.17929417	0.40043432
0.26611376	0.9007264	0.59255904
0.069119215	0.897452	0.10000061
0.45393616	0.51781416	0.25215942
0.7473403	0.2866711	-0.33488056
0.61228037	0.4304145	-0.36286902
0.44353557	0.4806779	0.01211323
0.8094442	0.333618	-0.29959357
0.6966611	0.2836396	-0.22325061
0.58373296	0.2736374	-0.242413
0.24053562	0.43921298	-0.3180725
0.8374593	0.44789332	-0.31696296
0.28833455	0.28804582	0.4412714
0.5034534	0.25315517	0.2043441
0.6616703	0.8019931	0.03116076
0.65239084	0.3601917	-0.29206368
0.26841617	0.80808854	0.54033685
0.5879462	0.21820289	-0.2630897
0.6979833	0.87660825	0.51656806
0.70964974	0.8239712	0.65044683
0.14816445	0.3921885	0.08499955
0.3640296	0.6236685	0.20053925
0.91566384	0.43841165	0.013822392
0.9498492	0.5021786	-0.06774152
0.5669691	0.20071852	-0.14150622
0.3367312	0.65094274	0.27221823
0.24431908	0.3987857	-0.14410315
0.48131782	0.644628	0.4851346
0.47589475	0.8128738	0.45872912
0.8554485	0.30006272	-0.18853337
0.15735841	0.8075233	0.45172217
0.05865723	0.50463897	0.0071130786
0.16908145	0.6831427	0.33368683
0.9212272	0.16147912	0.46117255
0.33759677	0.3748784	0.091916755
0.033011675	0.94655854	0.19160827
0.36568385	0.6900352	0.3858104
0.0901019	0.20566893	0.7094088
0.32864296	0.3434112	0.16092464
0.60069335	0.16108698	-0.40841848
0.76690054	0.744371	0.19641574
0.7583354	0.3999284	-0.09965902
0.29217464	0.9835702	0.7515674
0.080378056	0.21665293	0.72347736
0.30905104	0.8151983	0.55237585
0.11215001	0.72981507	0.5978424
0.539165	0.77367985	-0.038240045
0.48097616	0.9235231	0.22946024
0.9888233	0.6178808	-0.38863376
0.5027539	0.653834	0.5188054
0.48871368	0.6991336	0.53124475
0.075519025	0.84304523	0.3146367
0.35751444	0.28009564	-0.009856837
0.071525455	0.62452734	0.28736758
0.40910578	0.05213791	-0.15976249
0.23336393	0.39085144	-0.32354724
0.66793805	0.6075356	0.12720665
0.563606	0.71448123	-0.15052904
0.42744356	0.17587727	-0.445179
0.23877323	0.032933354	0.86802775
0.21992469	0.97602767	0.54421973
0.58181894	0.22896892	-0.22813225
0.34493196	0.07771224	0.6892808
0.9585481	0.89945376	0.07597834
0.5039483	0.3361504	0.34373918
0.218822	0.12034589	0.2180745
0.6476558	0.9964599	-0.6154844
0.806529	0.16699898	-0.44649383
0.54026484	0.052443147	-0.04057069
0.6394771	0.6417633	-0.22089094
0.18063986	0.5340008	-0.10502937
0.44087887	0.24546355	-0.41822702
0.79556346	0.45302504	-0.20147397
0.79555196	0.47166234	-0.1819656
0.41034704	0.61694676	0.21554777
0.6523468	0.52067465	-0.1712894
0.23071635	0.4981959	-0.28616372
0.76606184	0.44755	-0.07551071
0.1010499	0.8947025	0.21248896
0.29148084	0.61968434	0.12747218
0.16596729	0.7806421	0.44442192
0.5036191	0.45086938	0.49033514
0.7074213	0.04477954	-0.5748558
0.3507495	0.096901834	0.5203225
0.58080107	0.20557958	-0.23631461
0.9467208	0.23359543	0.3331337
0.69630516	0.43032748	0.068655975
0.6629847	0.61767524	0.0668268
0.6820778	0.43621308	-0.03061648
0.60577095	0.37914765	-0.37928388
0.86375827	0.30919003	-0.087134056
0.56091803	0.106912374	-0.12418288
0.63294137	0.69379616	-0.26994225
0.5163327	0.3314067	0.40918717
0.002498567	0.21938384	-0.4334884
0.67645055	0.39575654	-0.07750383
0.0295887	0.2811001	-0.27571085
0.32806003	0.57807994	0.13559835
0.18902057	0.18423438	-0.26748496
0.28200632	0.70836467	0.29593998
0.19282407	0.30456418	-0.31614318
0.8317563	0.8282269	-0.2710488
0.628964	0.88789463	-0.66308737
0.92194426	0.027121902	0.74467564
0.027748346	0.52513593	-1.0674736
0.3781628	0.17663866	-0.115578346
0.646067	0.72037435	-0.09763855
0.1342349	0.16698498	0.13939773
0.21934032	0.71838284	0.17467
0.19284171	0.7251338	0.33237842
0.05651945	0.6251189	-0.06514824
0.30337805	0.8916278	0.719366
0.67184204	0.11364639	-0.3847853
0.6161073	0.29444838	-0.48779878
0.2972167	0.3749798	0.1411594
0.8757553	0.96593535	0.08573115
0.11577624	0.5544868	0.6256891
0.89622664	0.78153026	0.14886406
0.5218923	0.35273075	0.367337
0.020541072	0.7988038	-0.5120896
0.089039385	0.7062471	0.5266924
0.58636934	0.4699793	-0.10106197
0.86082715	0.73960453	-0.106672935
0.38422477	0.22301841	-0.23613653
0.534628	0.23217201	0.17471609
0.4566468	0.119157195	-0.25963068
0.71101224	0.089885	-0.5919237
0.98902816	0.35866117	-0.013775554
0.2642048	0.1980446	0.5425564
0.19052368	0.22799039	-0.34445497
0.9952775	0.09104061	0.5041872
0.21602178	0.88936466	0.5742594
0.6564203	0.13627118	-0.36436227
0.8779837	0.5971153	-0.12110141
0.5111447	0.32208884	0.3283181
0.5493938	0.8912753	-0.39173275
0.3776738	0.15879232	-0.029264688
0.7361275	0.33382094	-0.17501004
0.6704443	0.16142786	-0.34467542
0.110199034	0.40399158	0.54060316
0.5723624	0.20283091	-0.16820785
0.42985922	0.21863651	-0.4845592
0.7170835	0.42474014	0.06899383
0.61298877	0.9087944	-0.869372
0.0058745146	0.7301743	-1.0904038
0.98595494	0.53991336	-0.3820412
0.79212046	0.1393134	-0.5711337
0.9468405	0.73319274	-0.020923207
0.88338685	0.08597928	0.5597932
0.08939141	0.8713577	0.2325179
0.5112743	0.7130903	0.40496245
0.7224923	0.17091864	-0.52020645
0.25705123	0.5934082	0.054750398
0.07735938	0.8001176	0.29475716
0.882981	0.5894815	-0.17043261
0.99201286	0.55064744	-0.40160877
0.66450727	0.9778629	-0.06553259
0.9368514	0.50427467	-0.06469168
0.5627801	0.06118405	-0.15092868
0.62979615	0.20318377	-0.47461766
0.9473945	0.109167755	0.505062
0.00017750263	0.068908274	0.9405522
0.18506765	0.30342793	-0.3623596
0.49097455	0.9646986	0.092984475
0.11754042	0.83107203	0.42022094
0.22694403	0.33034414	-0.21298093
0.5884999	0.36603427	-0.17401636
0.93216133	0.90912133	0.28200907
0.16594177	0.24789679	-0.23966932
0.7269297	0.032054365	-0.82469785
0.49745488	0.3416441	0.29535168
0.9839505	0.564729	-0.3205687
0.3200903	0.15337133	0.83371454
0.7202947	0.47946703	0.16719523
0.7622143	0.47516322	-0.00828371
0.71369654	0.3028009	-0.19175284
0.5694683	0.24188769	-0.14614514
0.26314843	0.61656266	0.05050543
0.4299441	0.8639811	0.5216442
0.7107468	0.73645306	0.60872734
0.29428893	0.37158126	0.17796862
0.9346624	0.726532	0.075388804
0.06548917	0.538868	0.17584541
0.2651658	0.74470973	0.40060222
0.60492504	0.68455964	-0.40787256
0.54464746	0.94802856	-0.482236
0.3036955	0.1900366	0.7840866
0.56840676	0.6959499	-0.094694704
0.9154313	0.71051955	0.08312191
0.1712774	0.08693522	-0.16561514
0.6389745	0.06429207	-0.23550509
0.8691561	0.29892784	-0.05739159
0.9621047	0.6390392	-0.16262302
0.4487093	0.4230941	-0.07000533
0.39071184	0.7838282	0.5674639
0.3673823	0.79673254	0.5208819
0.71025085	0.04235375	-0.59278786
0.0004900694	0.5215628	-1.9153146
0.4737937	0.74130887	0.51639175
0.10447216	0.39847952	0.5131417
0.489951	0.012979031	-0.0199969
0.2247768	0.8118221	0.45760763
0.48614883	0.4923228	0.45594975
0.7113005	0.5709784	0.3652988
0.7814379	0.07664728	-0.72828263
0.9988896	0.045354545	0.5383605
0.33048844	0.35434633	0.2340006
0.844003	0.8500331	-0.25581253
0.27947325	0.37171006	0.09737531
0.049664617	0.75576156	-0.1591413
0.5159109	0.87505877	0.06189981
0.32249075	0.4589768	0.081085294
0.1044271	0.4068513	0.5493068
0.9612856	0.894343	0.013182181
0.576937	0.6882211	-0.25970638
0.5483271	0.3207729	0.18217914
0.1906861	0.039280176	0.039367232
0.45163625	0.31040794	-0.2785527
0.16834283	0.062259316	-0.13160506
0.12787259	0.6238396	0.58650655
0.8650609	0.9149891	-0.005987104
0.6483179	0.5259305	-0.17431302
0.4539178	0.55252177	0.28113446
0.12375182	0.9658912	0.018443115
0.868851	0.87190557	0.04221331
0.18282872	0.57032907	-0.028051374
0.50855684	0.6312938	0.5078898
0.07118821	0.8874209	0.19059944
0.39799452	0.0007888675	-0.041290514
0.3264501	0.29993188	0.28413415
0.040581703	0.08869189	1.1819109
0.1541022	0.17374426	-0.17983863
0.9545261	0.38459295	0.04670643
0.12356633	0.15989375	0.22850189
0.33162028	0.05980885	0.9972085
0.52618724	0.016691208	-0.036681168
0.17046988	0.2750882	-0.30287665
0.69235784	0.73030454	0.4574391
0.8732423	0.6086202	-0.16483559
0.6729198	0.4718687	0.03597296
0.21937376	0.8391063	0.5008582
0.6099715	0.7489571	-0.5359743
0.8565272	0.8552085	-0.076625615
0.0012577176	0.8370826	-0.43768635
0.71503764	0.3959949	0.007991914
0.52161485	0.098211884	0.04755095
0.6526264	0.83033234	-0.18433782
0.27694666	0.99753773	0.71671486
0.44853908	0.8281327	0.49307835
0.5489577	0.017377317	-0.10862508
0.11084664	0.77072084	0.5823169
0.30579692	0.09479785	1.1788739
0.61418176	0.7712537	-0.5657039
0.12982231	0.38901377	0.2621022
0.9562777	0.67249423	-0.09366144
0.63282055	0.955816	-0.740618
0.11670351	0.08855569	0.4097063
0.90899956	0.7836134	0.17754798
0.27855086	0.7202495	0.35963014
0.70786095	0.73005545	0.51708126
0.87298715	0.69620806	-0.052352708
0.7102269	0.81452817	0.60885763
0.958621	0.93064374	0.11841406
0.23391277	0.032898724	0.78446954
0.95496064	0.35772347	0.09130942
0.01682967	0.72511274	-0.92472845
0.21342933	0.35227042	-0.33692232
0.4067912	0.930156	0.59105164
0.8227633	0.258842	-0.30504656
0.75171816	0.3014338	-0.31455266
0.784325	0.01858759	-0.7050692
0.5554825	0.29662555	0.09181552
0.8718517	0.15088713	0.28788906
0.15029109	0.44766545	0.11951996
0.18463403	0.28332424	-0.34349483
0.7480405	0.8708162	0.39206773
0.33112478	0.80382	0.63979864
0.17362976	0.05882609	-0.069696754
0.8155267	0.9597097	-0.41915601
0.3599797	0.9486838	0.6894365
0.4550475	0.29660326	-0.13614091
0.67290515	0.08889985	-0.3446393
0.83353627	0.031636834	0.0986822
0.68982744	0.6322343	0.34686294
0.08450025	0.022742987	1.1941048
0.11067253	0.57237804	0.6256703
0.46176726	0.55214596	0.38933378
0.50733465	0.8670911	0.101134196
0.13807774	0.7464587	0.51082194
0.33606768	0.8556112	0.5515908
0.030328572	0.0018833876	1.7524235
0.07310486	0.3521067	0.36017832
0.010803282	0.14201874	0.43887892
0.10953891	0.03971833	0.6874106
0.01313293	0.6294913	-1.3633226
0.53692347	0.52006274	0.44054148
0.17277056	0.66424024	0.29534093
0.53927124	0.23875463	0.13067289
0.56735456	0.012661517	-0.13718651
0.76971394	0.38783693	-0.16505715
0.7264769	0.8268927	0.60448223
0.750573	0.46386778	0.02357423
0.33242333	0.66150177	0.24313444
0.8615685	0.8656288	-0.122332275
0.3837819	0.022764921	0.09833588
0.48991388	0.023786783	0.0059926976
0.10100067	0.13293236	0.67716384
0.68307596	0.7543418	0.38882607
0.5270703	0.8911038	-0.10987359
0.2312423	0.60380715	-0.07755367
0.92807704	0.56745833	-0.09550922
0.08486253	0.34049636	0.508026
0.8957732	0.6747504	-0.01048791
0.23218024	0.44536018	-0.2710824
0.59527767	0.54924667	-0.15235458
0.61106503	0.19335294	-0.46138072
0.7894983	0.5434705	-0.14840825
0.8027862	0.3934185	-0.26189157
0.8202231	0.43185335	-0.2568445
0.70005614	0.83082026	0.54465467
0.9115343	0.46617734	-0.01734883
0.16690421	0.36377436	-0.16307072
0.5638671	0.36706746	0.10163277
0.065614045	0.5990791	0.23649576
0.9597469	0.36221665	0.058015913
0.1482634	0.7794424	0.490085
0.56589663	0.78367805	-0.30944288
0.86991	0.5673934	-0.2112611
0.032131612	0.35528505	-0.5746734
0.2954234	0.95717645	0.68426126
0.041656613	0.88965756	0.040590644
0.9285982	0.49805593	-0.0074174553
0.40227264	0.6121241	0.17604303
0.66363126	0.15581995	-0.37184918
0.18874341	0.80249244	0.37945795
0.6570923	0.47682548	-0.073481984
0.8834591	0.20846891	0.17433633
0.8476012	0.3498699	-0.1965592
0.1314854	0.30944395	0.16501053
0.0640564	0.4415958	0.1308294
0.5996906	0.58074385	-0.26447377
0.035238445	0.20756257	0.31860188
0.63630337	0.07878256	-0.22980468
0.0428617	0.3570708	-0.23653819
0.029949784	0.5085891	-0.9842956
0.5882465	0.14578545	-0.3033854
0.65977204	0.8079932	-0.018022569
0.9005845	0.7494175	0.106320776
0.5520043	0.31952465	0.16534503
0.6616278	0.4971221	-0.09220121
0.25717372	0.84780455	0.5997969
0.62015766	0.12523538	-0.3634606
0.07620525	0.8030635	0.31698745
0.9964636	0.88242036	-0.3594711
0.18153262	0.5899894	0.024773084
0.043525934	0.012713671	1.6709256
0.41732115	0.9147812	0.5294459
0.4907844	0.1395371	0.0392298
0.8221612	0.9722016	-0.4594449
0.29363072	0.77251446	0.4887219
0.7683319	0.4404465	-0.018923461
0.75533134	0.9844562	0.33030245
0.9824772	0.3708874	0.0053394437
0.9556709	0.86468744	0.060904928
0.46407306	0.2377947	-0.15978244
0.78023595	0.77901906	0.06118547
0.16259456	0.29244864	-0.20750304
0.072362125	0.9877867	0.06487986
0.09565306	0.9628447	0.11730918
0.43140203	0.42417574	-0.20107764
0.0012428164	0.2794881	-0.89021724
0.34615034	0.6278928	0.27705914
0.34280348	0.59810936	0.19764742
0.9926786	0.8079764	-0.3736169
0.9325598	0.3029396	0.17966437
0.96226084	0.6546986	-0.21175598
0.8649439	0.84705675	-0.01383034
0.4820602	0.21995932	-0.021218963
0.5790228	0.77429277	-0.5183101
0.55080444	0.66773784	0.1273154
0.8925837	0.1764692	0.32934052
0.44691718	0.7902737	0.48924366
0.5730776	0.94252586	-0.87722766
0.43544304	0.8983285	0.4630343
0.7887576	0.874673	-0.1418019
0.10168046	0.5938049	0.6821534
0.18478054	0.08704674	-0.09972846
0.32444924	0.054563463	1.0692027
0.012335718	0.48741364	-1.5432312
0.60423476	0.16160488	-0.4176342
0.5288689	0.8969753	-0.22176999
0.86161643	0.5417598	-0.23750469
0.102191806	0.427611	0.6027053
0.32248926	0.54542536	0.13416378
0.090966284	0.95296115	0.095895104
0.01122123	0.54689157	-1.5959852
0.5479843	0.21469223	0.032807868
0.84036	0.6828718	-0.16872343
0.92738116	0.75835115	0.13814355
0.8888174	0.085620284	0.60496557
0.48207837	0.46275938	0.34425378
0.50388646	0.84101284	0.21228284
0.36122853	0.60274756	0.12617727
0.14589769	0.2400698	-0.051709425
0.9760431	0.30127513	0.118093766
0.5488675	0.45986193	0.3126529
0.11917031	0.07085699	0.42799127
0.5011326	0.08328545	0.002350269
0.65640336	0.3770064	-0.24284239
0.4119045	0.92135787	0.59296256
0.76961225	0.26754737	-0.43062156
0.7142584	0.39492995	0.04149262
0.13169461	0.48406553	0.4234846
0.47860968	0.4496311	0.29510066
0.22059745	0.522723	-0.27847624
0.6054045	0.9675498	-1.0168293
0.19939035	0.10946411	-0.049867235
0.70882595	0.3299052	-0.13885684
0.5950574	0.75965166	-0.5560397
0.1263625	0.4030041	0.38831684
0.97357047	0.76325256	-0.16090825
0.22522241	0.1351468	0.2672018
0.2887565	0.6984395	0.29210603
0.37774307	0.22178024	-0.16674976
0.63383305	0.7165878	-0.2867465
0.12768632	0.57007474	0.58189714
0.408561	0.8857046	0.52076656
0.8868822	0.7173552	-0.040966075
0.5469639	0.25070465	0.09889572
0.9763084	0.5542459	-0.29571462
0.32227695	0.07017207	1.0743345
0.857038	0.9209392	-0.10297513
0.60477376	0.4388793	-0.26934698
0.57966024	0.59388745	-0.15218621
0.9109537	0.8886249	0.34068266
0.5940733	0.06952381	-0.2238588
0.71308744	0.4117133	0.08505598
0.24036354	0.38000584	-0.21093722
0.7551043	0.9671066	0.31927028
0.24472487	0.017307341	1.0101047
0.88910735	0.4296714	-0.113916636
0.99854165	0.853072	-0.40447778
0.26536578	0.47551006	-0.12244198
0.47580767	0.5501405	0.427372
0.55256426	0.4939981	0.28473562
0.92284966	0.24860388	0.2483211
0.3159088	0.389049	0.14947683
0.13791525	0.93765616	0.21937159
0.53823984	0.94334596	-0.3898573
0.18654668	0.93521315	0.4071545
0.5754732	0.50851583	-0.0030857818
0.019077182	0.9149724	0.11852165
0.2440561	0.35654634	-0.15159233
0.30315477	0.30054075	0.41174102
0.8032088	0.7318624	-0.23981425
0.5038497	0.27906615	0.2209852
0.10376543	0.26738524	0.4891367
0.10146469	0.15207762	0.6478364
0.8577968	0.44365537	-0.21214812
0.1462239	0.79450303	0.44554073
0.7574212	0.020134628	-0.9598345
0.09961212	0.54976374	0.68392223
0.8066428	0.5871435	-0.21987543
0.41852218	0.81108946	0.5289679
0.35222137	0.47067958	-0.036232106
0.8136888	0.05008781	-0.3000591
0.28958374	0.6233099	0.13294078
0.631486	0.93646544	-0.7264003
0.7446792	0.406164	0.014414862
0.8021858	0.4602427	-0.22307801
0.8970695	0.27617776	0.1449267
0.45051014	0.36624938	-0.1616647
0.83715683	0.6932972	-0.21752793
0.78296655	0.19870347	-0.5397174
0.03429973	0.3412518	-0.4118246
0.059342265	0.53121257	0.0020586979
0.9753909	0.15360278	0.46280915
0.56773794	0.9599835	-0.8974099
0.9840522	0.29939866	0.0993639
0.45433497	0.29984498	-0.24079177
0.867235	0.13553429	0.21786982
0.44534916	0.7508193	0.50086087
0.85322237	0.009159505	0.5483857
0.5023238	0.5239282	0.53383684
0.8118655	0.46631837	-0.22303279
0.13801563	0.4861979	0.3044796
0.33714873	0.53229403	0.05439308
0.5488561	0.5488072	0.34255826
0.95314926	0.66512233	-0.10446315
0.04966557	0.65776724	-0.22834417
0.14929372	0.06625366	-0.010023836
0.71465516	0.8805814	0.71712416
0.38562524	0.51347864	-0.023654822
0.20711982	0.11193377	0.05161483
0.17271888	0.8731039	0.42931616
0.863807	0.8509174	-0.074147925
0.7505239	0.40018713	-0.11415672
0.07880497	0.048654735	1.2020848
0.33730894	0.09189075	0.8211118
0.20097768	0.057647765	0.13998182
0.8022054	0.7881748	-0.21083456
0.7583269	0.7585454	0.27612495
0.20441651	0.70293915	0.26983044
0.7768716	0.055957258	-0.81000096
0.3426888	0.4983452	0.043689694
0.88970757	0.55457723	-0.1343935
0.21955663	0.1318739	0.16487625
0.80308026	0.28529316	-0.34980652
0.47182423	0.3523038	0.06422277
0.2811054	0.2090258	0.69335246
0.29886287	0.71609056	0.33041596
0.57659453	0.4381721	-0.05602297
0.37431943	0.5852168	0.12529102
0.4357329	0.08502388	-0.2931758
0.76849383	0.6849635	0.14763342
0.72576976	0.93705255	0.6888716
0.6978811	0.26502168	-0.25636718
0.6061761	0.33420974	-0.38008034
0.24564314	0.62186295	0.012159485
0.37225246	0.9072418	0.6339747
0.32789457	0.18940914	0.5553305
0.5759321	0.9480665	-0.91803247
0.8778619	0.8783828	0.04177005
0.8048875	0.22641397	-0.3938906
0.5483679	0.3621778	0.25483808
0.98176473	0.78013116	-0.29957867
0.9971604	0.019339621	0.5563216
0.28863698	0.46814013	0.09725702
0.7881735	0.4396267	-0.14000253
0.6589964	0.33533102	-0.24479891
0.7091885	0.34720284	-0.11696535
0.9281032	0.36055166	0.12568597
0.12869412	0.8401374	0.4100054
0.89147604	0.33137488	0.0054836813
0.38993192	0.02602297	0.03730967
0.77868354	0.8414176	0.0012296531
0.13630116	0.22195578	0.102290794
0.57152253	0.8494668	-0.60345936
0.3371709	0.55547327	0.13537553
0.44920945	0.9048642	0.405595
0.20573837	0.8554046	0.50146836
0.22221696	0.28326428	-0.21989037
0.1649794	0.5898662	0.18952194
0.9448102	0.9531098	0.22112253
0.8748419	0.8755546	0.08192792
0.10548365	0.7246741	0.62373364
0.90750086	0.36653972	0.0073548155
0.7179384	0.86253536	0.6099899
0.064897895	0.36948544	0.29190877
0.66660255	0.9657351	-0.043937664
0.8751654	0.16467583	0.2300892
0.2586273	0.5763329	-0.046333864
0.7211601	0.6154497	0.45755646
0.788566	0.07872027	-0.6286385
0.6497008	0.48716134	-0.20435047
0.62719953	0.6113124	-0.28088826
0.95467746	0.7095511	-0.04626252
0.03683406	0.06402606	1.3230845
0.7001679	0.0028156638	-0.4904469
0.8470401	0.28893209	-0.16646914
0.5747123	0.28036427	-0.098258935
0.5025083	0.68428874	0.4702353
0.77736425	0.91287446	0.010416648
0.1130715	0.5707902	0.7036002
0.17456782	0.60911655	0.11367445
0.87505823	0.64231306	-0.1742785
0.90616834	0.4081627	0.021005228
0.83457994	0.102118134	-0.1299921
0.77380943	0.44334757	-0.1326724
0.5115729	0.5089187	0.57614386
0.8219936	0.96747226	-0.4539911
0.29166162	0.70357853	0.26525176
0.13384181	0.5850832	0.493757
0.9444812	0.08508116	0.59836173
0.4849928	0.4670964	0.36738878
0.8682582	0.2159831	0.033572864
0.2511785	0.7397905	0.35161316
0.43968582	0.65118176	0.41090247
0.7309568	0.03803867	-0.800802
0.021434903	0.86166286	-0.21149667
0.04389602	0.10783827	1.08285
0.50598776	0.9285165	0.042865206
0.9905023	0.0074774027	0.5273767
0.31015795	0.7652409	0.47127602
0.0013017058	0.07943165	0.9090928
0.3562408	0.66781265	0.26527017
0.81475335	0.4443786	-0.18680191
0.4207335	0.11839223	-0.36779127
0.03557509	0.41192353	-0.6202616
0.72636926	0.6001942	0.38080502
0.47896278	0.43805724	0.3275074
0.007969439	0.17998248	0.04955186
0.2310605	0.18594593	0.22101362
0.9382163	0.8911887	0.23147932
0.7165699	0.19182426	-0.405386
0.8489497	0.54144245	-0.32176355
0.0012903214	0.42935318	-1.6877424
0.6693954	0.9527241	0.012031645
0.49999708	0.5022498	0.49546838
0.08806044	0.85842216	0.27718443
0.9243197	0.1537528	0.4703931
0.85062623	0.26126027	-0.1139876
0.36260164	0.17524385	0.088369295
0.04069668	0.63637286	-0.52506196
0.75917923	0.6116439	0.18086573
0.7501466	0.11618942	-0.7793445
0.938852	0.05434376	0.60529304
0.7766602	0.46260864	-0.09088104
0.015579939	0.6682595	-1.2100513
0.3322791	0.40408653	0.05032618
0.96040595	0.2757702	0.19665004
0.63939476	0.8337162	-0.43087092
0.9543511	0.32670075	0.14984296
0.49748796	0.01836896	0.053898126
0.1386739	0.9249372	0.20770727
0.906698	0.64423186	-0.047665007
0.57172656	0.8449054	-0.5426546
0.086580455	0.3885525	0.5032784
0.5421539	0.4799134	0.35857025
0.14294004	0.48410594	0.24748236
0.40504074	0.4026546	-0.410295
0.6121213	0.84120685	-0.688514
0.9771442	0.79235315	-0.22413178
0.05389929	0.2311585	0.4754175
0.021005094	0.51000476	-1.2750783
0.8575068	0.21043968	-0.018025424
0.37719715	0.0644815	0.091525175
0.74532026	0.79834515	0.4143156
0.84653234	0.04053372	0.33251968
0.55338573	0.8372311	-0.3860923
0.7227185	0.2659666	-0.28255478
0.77106684	0.05293131	-0.82918525
0.8770701	0.6844763	-0.08507613
0.5635693	0.66080564	-0.046559326
0.006031513	0.7386137	-1.0366179
0.5933342	0.1740393	-0.348192
0.96898335	0.055064023	0.4534472
0.579692	0.7230113	-0.3359807
0.925738	0.2810099	0.20269756
0.3761472	0.8761064	0.66699016
0.23577917	0.37755919	-0.26326853
0.567704	0.39261758	0.08126615
0.6059042	0.10508412	-0.32443473
0.6295318	0.78000605	-0.43688318
0.50854015	0.86907834	0.121084526
0.9839759	0.21350312	0.27582923
0.9822477	0.70154893	-0.3651732
0.14041233	0.5802768	0.476196
0.07441223	0.90250295	0.1791047
0.37151027	0.94981676	0.650088
0.45794666	0.089277685	-0.18596604
0.90479845	0.62404233	-0.099070065
0.9398925	0.9231846	0.2631732
0.06439376	0.5570886	0.07933608
0.85158414	0.9026007	-0.16331124
0.91616005	0.32806087	0.13925381
0.4653303	0.37455398	-0.0052793324
0.0035691857	0.06352055	1.0566756
0.4141798	0.8938776	0.5091233
0.30750775	0.71689886	0.38057962
0.07340354	0.67580765	0.35148984
0.058824003	0.43136024	0.04686897
0.9735083	0.9049914	-0.18771209
0.30579507	0.29980314	0.35277063
0.4879908	0.81396735	0.37197146
0.8576326	0.26346725	-0.101532295
0.35038477	0.16786027	0.3254061
0.08359623	0.13888985	0.8508806
0.17335641	0.4671871	-0.13561936
0.65892476	0.509713	-0.04473108
0.14862895	0.24733788	-0.08043423
0.14305252	0.54615736	0.3414252
0.42269456	0.6275064	0.25879005
0.08064014	0.23400861	0.6407043
0.93106467	0.99229276	0.21300085
0.55048054	0.7337989	-0.08187293
0.72613865	0.6370117	0.41039765
0.53261924	0.31723058	0.30410853
0.68450403	0.69352955	0.42406347
0.95914507	0.05068797	0.53533965
0.32544833	0.64158237	0.20180357
0.34517783	0.18573248	0.37337035
0.98222715	0.6039254	-0.42857477
0.4396336	0.8863672	0.46155104
0.10124177	0.68005836	0.5877174
0.841276	0.7434283	-0.22940002
0.04886794	0.29534006	0.11120473
0.424191	0.6981553	0.407314
0.023709536	0.24156153	-0.20483446
0.37610394	0.2746203	-0.28985807
0.4958943	0.8848647	0.20297836
0.32570976	0.12324041	0.8372034
0.22722846	0.8005868	0.5029001
0.8758411	0.20403117	0.20563148
0.32660097	0.2124874	0.6203754
0.79205054	0.8816372	-0.16820271
0.77816635	0.43441707	-0.08269827
0.31584638	0.55819	0.1685003
0.91525686	0.068693876	0.6858446
0.7447781	0.21941566	-0.54350704
0.17089123	0.4058581	-0.20730047
0.794082	0.30359507	-0.34008253
0.11325103	0.11823076	0.49243113
0.61648977	0.2572477	-0.43399984
0.44025022	0.74320936	0.49625278
0.28584927	0.17909092	0.83984864
0.70040506	0.9910208	0.5228464
0.738674	0.47165787	0.1402131
0.99656063	0.17691231	0.26433316
0.578323	0.8482608	-0.6435229
0.016879678	0.16065878	0.38449538
0.6903702	0.14668852	-0.39134058
0.99839324	0.31961405	0.09801895
0.7891082	0.5170738	-0.085676685
0.8311927	0.27930498	-0.30306095
0.25147104	0.102249324	0.8043216
0.6620931	0.52724314	0.016532239
0.9979904	0.4782642	-0.3743575
0.3762732	0.89880514	0.6552898
0.49843198	0.30118984	0.22200242
0.869501	0.78180236	-0.068238765
0.7923084	0.7337315	-0.114400074
0.15565217	0.46670252	0.10149172
0.91312647	0.907535	0.31139603
0.654955	0.015156865	-0.14256798
0.13578588	0.48017496	0.31762898
0.7416933	0.14277971	-0.6898922
0.41301274	0.8681147	0.5758139
0.98214215	0.27600944	0.18563569
0.84989744	0.8289829	-0.19295028
0.08238357	0.8197361	0.3105218
0.17885882	0.870038	0.41624695
0.5872303	0.43781257	-0.10533666
0.612398	0.4243905	-0.33719605
0.45349658	0.14058459	-0.28910747
0.3954137	0.95084524	0.52446926
0.6069629	0.0044050217	-0.1381357
0.05169624	0.40784425	-0.13840953
0.8219324	0.38060713	-0.27418524
0.14680386	0.7149044	0.538013
0.8131672	0.7446607	-0.23077582
0.5379809	0.16329867	0.048650492
0.15328866	0.6992631	0.44404453
0.7856561	0.22818547	-0.5132553
0.7893388	0.6617911	-0.09853209
0.4476264	0.15613455	-0.31913063
0.98408556	0.54958636	-0.33668494
0.03550744	0.70894104	-0.59655976
0.6342685	0.222494	-0.4661721
0.13178593	0.7420654	0.60748464
0.45258963	0.14794666	-0.33512264
0.018352687	0.90187407	0.060387608
0.38859898	0.9763584	0.5759308
0.3618837	0.44445014	-0.07653055
0.99048007	0.4575342	-0.27313402
0.5030269	0.35846555	0.40125746
0.8642087	0.04379797	0.57122093
0.04433906	0.4842795	-0.42106962
0.11999583	0.15624946	0.30688357
0.88777304	0.17645931	0.346538
0.14357823	0.090186775	0.03819839
0.23873723	0.7053727	0.1769393
0.7488353	0.5010607	0.09765466
0.18598384	0.7953265	0.39219168
0.58068717	0.0058841705	-0.18967892
0.7928695	0.43051296	-0.19088508
0.008003056	0.11541003	0.6467047
0.23146111	0.3244689	-0.13434309
0.85051864	0.40581256	-0.22298063
0.5870146	0.6185781	-0.20663176
0.036543667	0.3477981	-0.40018004
0.17589158	0.91659576	0.3126174
0.6810301	0.31356472	-0.18202443
0.001303792	0.72897255	-1.1725343
0.4962631	0.40535748	0.3519404
0.18283165	0.37633783	-0.33063012
0.13194084	0.568057	0.48950565
0.9861072	0.24978793	0.23415023
0.39939326	0.6282675	0.23316328
0.69183385	0.9874502	0.4196307
0.05351293	0.56681293	-0.12841685
0.84952366	0.9870025	-0.26939857
0.22053969	0.98483855	0.5483068
0.8779237	0.9072848	0.060932964
0.9293669	0.7572808	0.11976993
0.40658486	0.8637631	0.5849083
0.28449965	0.5314858	0.01548795
0.9555808	0.44391662	-0.052421965
0.65773386	0.5061617	-0.032253515
0.5013095	0.16727489	0.10268839
0.37384784	0.5480626	0.011253124
0.030691206	0.009717345	1.6912774
0.034362614	0.0658195	1.2965667
0.15147257	0.8253943	0.40229842
0.39876825	0.31346345	-0.43210799
0.44269085	0.13630527	-0.34539488
0.011650562	0.07749927	1.0112246
0.30665642	0.039292097	1.3841715
0.18341827	0.77398884	0.3955928
0.15675098	0.60694724	0.26594067
0.76665574	0.49670535	-0.04757589
0.42931336	0.56422013	0.20216563
0.13739908	0.6693563	0.530793
0.10452908	0.013040483	0.87062985
0.3507539	0.7042068	0.3738304
0.8081722	0.6671511	-0.15390866
