x1	x2	y
0.19501925	0.51719093	0.3271918
0.15879148	0.6391667	0.13490914
0.814297	0.49453944	-0.5605538
0.7623099	0.850249	1.0052412
0.81922406	0.023809671	-0.37290993
0.9531708	0.6322099	-0.25232568
0.004325986	0.6244193	-1.1808265
0.15569848	0.9628106	-0.16040067
0.89646417	0.17020935	0.6769152
0.12940973	0.53517157	-0.06125182
0.36754745	0.7140914	0.12036657
0.03421533	0.87069815	-0.24592298
0.54483354	0.50982046	-0.38317752
0.18107224	0.5310715	0.27920753
0.8396955	0.987114	0.27980864
0.17616326	0.29042435	0.009121495
0.6039796	0.7811522	0.29613295
0.08033222	0.31340748	-0.24776018
0.10276437	0.9594564	-0.028372161
0.32937342	0.80072564	-0.008307897
0.77255464	0.5461494	0.0077513196
0.5975247	0.82526153	0.26201054
0.43683273	0.7631376	0.11443478
0.4334662	0.507867	-0.19437656
0.6709157	0.04889095	0.6286509
0.26193696	0.10092741	0.7847451
0.34795296	0.46855372	0.44043824
0.6995867	0.09983832	0.4768073
0.08154786	0.8470471	-0.041710317
0.44044358	0.24723053	-0.16888753
0.38461977	0.52666676	0.09219985
0.13435066	0.019129932	-0.4558867
0.17165554	0.8962884	-0.0052010994
0.64502394	0.0022853017	0.45673183
0.2306515	0.8792314	0.13439971
0.979564	0.5994179	-0.840919
0.77803916	0.58236206	0.048551414
0.7910248	0.10905415	-0.57801366
0.58401996	0.056714594	-0.46795517
0.008223891	0.920322	-0.476806
0.5483535	0.70931345	-0.09223078
0.4330958	0.08698183	-0.03685426
0.87971115	0.044885397	0.44877028
0.17198992	0.661125	0.24362475
0.31433952	0.63477707	0.34930244
0.03914064	0.6876324	-0.5294677
0.16965514	0.7775513	0.1812717
0.44463593	0.09473914	-0.09697083
0.3806932	0.41653126	0.18279867
0.8108236	0.2782278	-0.64479536
0.5443699	0.27556938	-0.563211
0.5173189	0.9387526	0.16543804
0.7151415	0.60724443	1.3047663
0.044006467	0.7925142	-0.2837294
0.98132116	0.6271156	-0.7820798
0.9159175	0.71962637	-0.012275966
0.9692959	0.4356804	-0.99713767
0.32348078	0.7600324	0.13301188
0.36580604	0.45285255	0.32633868
0.43731695	0.31734645	-0.21435426
0.5924737	0.40036958	-0.10957788
0.1754511	0.95836675	-0.13842872
0.023818672	0.23518413	-0.35990214
0.957781	0.19145668	-0.30116746
0.07005292	0.7895742	-0.06513758
0.98658794	0.8582435	0.5520211
0.15405047	0.012907445	-0.35619
0.052096725	0.4836673	-0.5388801
0.61994016	0.4895028	0.44877604
0.63540673	0.2770754	0.4166897
0.50114185	0.94880354	0.21354814
0.33702493	0.12584496	0.6735023
0.9354315	0.8342715	0.43448034
0.9631574	0.91529685	0.93229324
0.50549716	0.7681703	0.15391722
0.57348734	0.6601233	-0.06479689
0.52525234	0.7776801	0.05781714
0.35297573	0.4517151	0.45705855
0.77514607	0.6881032	0.42306867
0.8989441	0.37689573	0.22325602
0.397115	0.1561997	0.14863046
0.28284132	0.033080935	0.93425834
0.9389053	0.13910729	0.297067
0.33125198	0.65537965	0.31904012
0.87076753	0.80752796	-0.14705427
0.9433351	0.47624558	-0.39057013
0.28971994	0.008732796	0.84110117
0.5941349	0.6708629	0.211093
0.47390723	0.7892999	0.15639074
0.44148105	0.5385446	-0.09755285
0.058080614	0.61305696	-0.38711715
0.64826685	0.32752818	0.6442026
0.6560169	0.02572906	0.56903356
0.88110465	0.03480798	0.4542735
0.8250787	0.35229987	-0.5726283
0.009791553	0.4297307	-1.1109698
0.7784491	0.48130894	-0.26775277
0.1630764	0.16347659	-0.23369414
0.88153636	0.047952533	0.44647443
0.24409276	0.04114449	0.7514552
0.018666148	0.9650811	-0.23488791
0.2891065	0.49937487	0.5573621
0.4043079	0.08948237	0.13228898
0.4538064	0.08439988	-0.1860385
0.20791972	0.8680273	0.121632084
0.17298925	0.6920811	0.23378399
0.35291237	0.6728254	0.16718507
0.40336168	0.805456	0.06161004
0.9371434	0.9388442	0.82154655
0.87831986	0.3134457	0.16611026
0.8032391	0.15088928	-0.6153302
0.031364202	0.9361778	-0.11648332
0.42861205	0.8755386	0.22452426
0.77189595	0.39668185	-0.3579923
0.42562371	0.41516584	-0.13335876
0.061288357	0.88275373	0.066411376
0.2149818	0.68853	0.42513013
0.97094756	0.09457499	-0.4143283
0.20431584	0.90851355	0.043620083
0.4591899	0.052809536	-0.35523075
0.6608691	0.8530399	1.0379381
0.16751254	0.8617775	0.0033503436
0.9849421	0.97276646	1.2160113
0.7912726	0.53358746	-0.32901603
0.6960742	0.33125353	0.67077345
0.576203	0.25305408	-0.3767766
0.857712	0.3303783	-0.095258385
0.22349954	0.42860973	0.44989544
0.6147494	0.56786907	0.5046507
0.21221346	0.19614565	0.3274366
0.09802228	0.28888512	-0.26923585
0.4525612	0.871228	0.30965078
0.24990731	0.4917711	0.524208
0.24818915	0.26354277	0.6481148
0.22516829	0.005903542	0.6058165
0.18655974	0.4343071	0.22418174
0.59825057	0.6946933	0.26641533
0.13567567	0.013217688	-0.42668337
0.2232666	0.23036623	0.43916196
0.23464888	0.76698446	0.2940063
0.61469424	0.49017364	0.39887676
0.14418966	0.18037027	-0.32441446
0.926942	0.07997459	0.5319637
0.48928523	0.060133755	-0.55060047
0.0031436682	0.5595501	-1.2711484
0.32989246	0.02648437	0.7287835
0.17123759	0.94395816	-0.11405784
0.26773846	0.87467325	0.028863067
0.9761885	0.20619005	-0.92016786
0.43494105	0.90668815	0.33183745
0.34270704	0.6823873	0.18978973
0.98252136	0.026835501	-0.48046586
0.61000407	0.98569375	-0.18849969
0.2959146	0.008099914	0.87294465
0.23141766	0.19805253	0.4461787
0.56570786	0.558616	-0.257343
0.77351946	0.61146396	0.27908865
0.86884147	0.15172893	0.32278517
0.4853276	0.3228618	-0.35000157
0.6626456	0.19227052	0.54309595
0.12671298	0.53161675	-0.066786304
0.25781977	0.73908514	0.29358348
0.80802155	0.25529146	-0.6494045
0.3588549	0.45702082	0.4052049
0.26955032	0.5173889	0.5905538
0.09571433	0.8488257	-0.021609796
0.874997	0.66555053	-0.29584733
0.9648674	0.5736305	-0.62924767
0.22172219	0.22942215	0.42255396
0.45422012	0.96617585	0.35861212
0.57910085	0.6897984	0.076735705
0.30224568	0.75274575	0.24737306
0.9900856	0.08470935	-0.9019893
0.031392932	0.33744705	-0.54748
0.22042352	0.12979543	0.38532013
0.64597315	0.21911508	0.49532858
0.9463801	0.41567576	-0.43226612
0.44231725	0.87203807	0.27078485
0.31145114	0.18673557	0.75280756
0.53951186	0.7772605	-0.00508059
0.24184042	0.12315327	0.6643528
0.07966739	0.031654835	0.03335412
0.8646869	0.39726216	-0.08452205
0.6603269	0.37252504	0.7992987
0.89716804	0.6784895	-0.13855465
0.7531024	0.5514438	0.43840545
0.6712915	0.7806531	1.4032604
0.12286961	0.9389317	-0.13399912
0.5113995	0.5581965	-0.21388736
0.047285855	0.7666814	-0.30105907
0.41828495	0.98823744	0.301249
0.24364787	0.09680748	0.68654454
0.22102362	0.73618734	0.34891552
0.07790911	0.061711192	-0.048216186
0.86530405	0.7860657	-0.18524447
0.59205055	0.851221	0.03573626
0.02388531	0.6952391	-0.76676923
0.51333266	0.34014738	-0.45596147
0.7836909	0.03947693	-0.45610693
0.9473007	0.19347852	-0.056391574
0.9668646	0.4200462	-0.9257808
0.11022657	0.22415644	-0.28536847
0.69167554	0.629275	1.5289633
0.83022904	0.7448185	-0.09193364
0.27683425	0.14240259	0.8278984
0.2998591	0.13021946	0.79130065
0.26419675	0.19988942	0.71265805
0.090323746	0.47134072	-0.26380265
0.14441597	0.35150468	-0.13264687
0.6655334	0.31338006	0.70726484
0.18310434	0.34056032	0.09429436
0.6200353	0.47376025	0.48017442
0.81553286	0.8225749	0.2323523
0.92914236	0.92219317	0.672949
0.34206378	0.55712074	0.42489588
0.99710953	0.11871022	-1.2126478
0.61700237	0.016206563	0.027317004
0.5150673	0.42393363	-0.4067934
0.76741225	0.05574596	-0.36235815
0.77534276	0.007455647	-0.29057458
0.35760778	0.37079948	0.39270103
0.47506076	0.30963552	-0.3089887
0.2346201	0.6937112	0.36762813
0.0063526034	0.841314	-0.6910587
0.1899761	0.080982625	0.07760413
0.4820276	0.5896233	-0.06972907
0.16637021	0.21042502	-0.21208055
0.041030884	0.6105374	-0.6310419
0.81413925	0.7682403	0.13744588
0.9626351	0.7263258	0.032973647
0.24860895	0.77281666	0.21850851
0.7011137	0.6346895	1.4811027
0.21000367	0.8845632	0.09093163
0.34512305	0.48571873	0.4110023
0.8285453	0.12364203	-0.38429168
0.18535429	0.47323948	0.28374228
0.06287438	0.15020287	-0.011145946
0.93087864	0.7100289	0.088702016
0.9408682	0.73431784	0.1105874
0.85037917	0.48114192	-0.4292382
0.3896373	0.25574815	0.21222204
0.7222699	0.84561664	1.4104108
0.49719298	0.5474354	-0.12550649
0.3213635	0.29982734	0.7134023
0.7382785	0.1471659	-0.019325625
0.2806419	0.20541584	0.8064695
0.7175597	0.19396079	0.19951214
0.40304673	0.17934257	0.10147789
0.7279994	0.16219324	0.063489005
0.05212736	0.0062835217	0.2062308
0.042595327	0.33343422	-0.40185758
0.2641477	0.45729434	0.5559827
0.2700556	0.74245757	0.26963827
0.12444967	0.30423117	-0.23818013
0.8911612	0.5848615	-0.1679064
0.7757272	0.4534874	-0.2749411
0.5690184	0.008010387	-0.7244919
0.5928726	0.20186514	-0.2703343
0.18719518	0.1477524	0.06181906
0.1065371	0.5000811	-0.123591274
0.7910316	0.016257346	-0.38419664
0.26154894	0.29796213	0.6431719
0.7922577	0.19666123	-0.6709563
0.75885594	0.31694394	-0.37434974
0.9548167	0.9587228	1.112024
0.72198933	0.6385642	1.2797784
0.060222507	0.6664154	-0.32229102
0.9834596	0.38264275	-1.400108
0.53961295	0.23437399	-0.5731331
0.2565388	0.055927992	0.8107911
0.20991147	0.16128111	0.3260307
0.48173475	0.19800568	-0.341277
0.80965	0.9183566	0.5249002
0.04104036	0.6424019	-0.60615313
0.2734884	0.93697035	-0.0816243
0.24852973	0.44153214	0.59668964
0.9182388	0.76796794	0.077228785
0.002563119	0.08112687	-0.2753066
0.29186398	0.6366982	0.41848138
0.13244063	0.78502643	0.045332704
0.81128836	0.14897913	-0.5476999
0.7488789	0.24670815	-0.2954966
0.5967532	0.9790767	-0.23970206
0.7289012	0.8862447	1.3512386
0.10319239	0.97706723	-0.03244719
0.3201205	0.9460577	-0.0797452
0.75848395	0.92765486	1.1862535
0.09444845	0.1411283	-0.18408515
0.45332623	0.33191246	-0.24763477
0.39299315	0.2869329	0.15372528
0.97521967	0.14057761	-0.6895306
0.56455153	0.5148602	-0.26755738
0.021913946	0.010772109	0.17686073
0.53720856	0.11498439	-0.6282373
0.36252844	0.3621649	0.3582452
0.5700039	0.69752526	0.013998315
0.87805545	0.19750363	0.43805018
0.9743205	0.019061208	-0.32541767
0.13084024	0.3475567	-0.19061215
0.76442057	0.36532468	-0.37558
0.10111976	0.5504499	-0.1618706
0.74049383	0.9859785	1.192748
0.26998335	0.8404023	-0.013795644
0.13651896	0.71700215	0.04144934
0.17516053	0.32270986	0.06414812
0.9467531	0.76714337	0.19832903
0.45514286	0.2925107	-0.2205622
0.48955864	0.6198043	-0.02437006
0.92079985	0.39820772	0.01572368
0.5029198	0.29413158	-0.40065882
0.34258795	0.29323137	0.6413019
0.69536644	0.2767477	0.5732092
0.93768257	0.40451497	-0.25934297
0.112303615	0.7050734	-0.016083106
0.28761387	0.06832516	0.84987336
0.77850014	0.17501724	-0.60964686
0.088769734	0.0075139403	-0.11024987
0.17371726	0.70418555	0.21145973
0.08827162	0.5977829	-0.20542964
0.80233127	0.20214993	-0.6518281
0.67168784	0.9969328	0.5349082
0.9837943	0.15016145	-0.9682331
0.34308016	0.6308068	0.24436226
0.74325967	0.4214248	0.17367928
0.50155824	0.39142704	-0.35706404
0.14238274	0.24559438	-0.2930005
0.796232	0.19934177	-0.6451742
0.6764414	0.9830047	0.75012964
0.1721847	0.5026887	0.27023807
0.6145666	0.9792217	-0.101181984
0.06582552	0.15356737	-0.0123041645
0.51130325	0.6179364	-0.11152844
0.30398595	0.80743533	0.05137437
0.06078565	0.027120471	0.05832909
0.045357525	0.06917477	0.1284903
0.8968103	0.9610757	0.34382313
0.18456167	0.62750983	0.31206682
0.19136721	0.6216926	0.33189023
0.3846801	0.12959564	0.30420187
0.8805782	0.35336894	0.11722581
0.7122127	0.5918997	1.2404664
0.36386013	0.27655923	0.5122066
0.29033935	0.16993308	0.73939276
0.81072193	0.19108331	-0.6257932
0.15088516	0.038384378	-0.29309595
0.6384068	0.6211832	0.9741132
0.7794465	0.46615326	-0.35041225
0.86958224	0.32201493	0.0701468
0.23975444	0.49046564	0.47087288
0.60905826	0.76882386	0.42815977
0.38587993	0.13422155	0.24491484
0.17882884	0.2820583	0.057624243
0.992627	0.960117	1.1297423
0.2608816	0.53389037	0.48239404
0.7439336	0.9553182	1.2591274
0.48542202	0.5043006	-0.26241487
0.37705398	0.9047305	0.037417572
0.16119075	0.38398564	-0.011538398
0.17323095	0.46069866	0.17591901
0.09403479	0.15021467	-0.2116974
0.22201347	0.65143836	0.463708
0.19394463	0.26559716	0.19743086
0.4858122	0.64524287	0.001445985
0.014611781	0.2484448	-0.52565885
0.19308269	0.765406	0.22644207
0.6371122	0.4894473	0.83778083
0.059031963	0.26090693	-0.18636587
0.6172946	0.016498566	-0.030023027
0.33739287	0.09178978	0.64363223
0.6012986	0.53341186	0.18099403
0.17945188	0.3374098	0.057010844
0.96449006	0.036805153	-0.16509986
0.41457385	0.34372836	-0.08564758
0.24465579	0.021488309	0.81506556
0.029577017	0.30215186	-0.45363802
0.0040991306	0.44359565	-1.1582206
0.14350826	0.5611346	0.098049715
0.49867445	0.23464084	-0.45152485
0.66477525	0.12039095	0.5215773
0.51818246	0.78209966	0.06727873
0.6643674	0.17231798	0.5752224
0.08182335	0.8860642	0.00984491
0.6573768	0.8303114	1.1273364
0.54557896	0.64681876	-0.1807214
0.353639	0.17956185	0.54876876
0.010471523	0.34544587	-0.90255773
0.43095142	0.9730234	0.3582905
0.29290766	0.2239762	0.7705159
0.9698936	0.11442375	-0.50635487
0.21239251	0.07173401	0.38705122
0.116634846	0.015111864	-0.32158402
0.18764168	0.93288606	0.006744541
0.6186651	0.60786456	0.6375153
0.79707956	0.06750798	-0.57025343
0.13445228	0.26479942	-0.2953294
0.54627264	0.9683646	-0.112162694
0.5825823	0.8548678	0.0005695289
0.3461281	0.056098342	0.6221872
0.9978121	0.6672284	-0.82874954
0.48636568	0.5885299	-0.03394592
0.5838343	0.30802047	-0.31899464
0.2638046	0.41255665	0.53566116
0.30249673	0.14816606	0.80394286
0.63333935	0.086773634	0.27897456
0.4535321	0.21749914	-0.22254023
0.33972758	0.2886091	0.6110481
0.5490946	0.41798067	-0.37106517
0.9865899	0.041097045	-0.70465726
0.1641987	0.371275	-0.070044145
0.5305009	0.78683513	0.011556765
0.53884274	0.6864264	-0.11506204
0.6783924	0.33487964	0.8295029
0.88543916	0.45805627	-0.052111752
0.5289892	0.53196764	-0.2872959
0.5835483	0.55929554	-0.0663813
0.60841465	0.1529929	-0.06504201
0.22125763	0.717673	0.3491777
0.56402147	0.20138198	-0.5226349
0.29949826	0.033901215	0.80402756
0.31119907	0.45749778	0.5974959
0.6089323	0.27093005	-0.017712392
0.4604808	0.3810836	-0.20414025
0.13437235	0.48387116	-0.067408875
0.33906	0.10797769	0.5881959
0.1326217	0.7837898	-0.0077468436
0.9230584	0.1757518	0.42402115
0.37349027	0.39556295	0.26223812
0.7023429	0.33514965	0.6049683
0.46978843	0.35417902	-0.284926
0.77219766	0.28186607	-0.55749524
0.5930268	0.5016849	0.037955932
0.4858635	0.60759896	-0.047391407
0.32419038	0.33779114	0.62858605
0.38819158	0.3335266	0.11121349
0.8099763	0.19576788	-0.58907145
0.10892224	0.28317207	-0.27456278
0.18062228	0.54364914	0.3145796
0.53649646	0.46645457	-0.35169286
0.4045127	0.39564407	0.0046384856
0.19334263	0.13758552	0.16120346
0.58489823	0.3139451	-0.2756837
0.61595917	0.26947278	0.12824368
0.46045256	0.6139829	-0.044737134
0.4818818	0.8148895	0.2128157
0.7250005	0.68761104	1.3077044
0.48543978	0.59533334	-0.079901844
0.90942043	0.4063822	0.12747733
0.34110302	0.9150352	-0.096980914
0.7636111	0.33521116	-0.40218717
0.847118	0.94744486	0.10746059
0.49467707	0.24273139	-0.3629747
0.35411948	0.17048126	0.5135039
0.931047	0.8053218	0.32860935
0.28159124	0.36474544	0.6962386
0.42976493	0.5019364	-0.19465244
0.022742748	0.0050734878	0.124166414
0.22180116	0.3139338	0.38060394
0.3855508	0.10390419	0.24189767
0.73791754	0.32356435	0.02396423
0.27114975	0.4102385	0.61314553
0.74494934	0.5875726	0.72677475
0.1669752	0.99728847	-0.2554992
0.087022364	0.029814541	-0.09481477
0.45124155	0.23315614	-0.20983687
0.6885713	0.5413506	1.2897702
0.047006786	0.5051541	-0.63320106
0.5376669	0.29050487	-0.4885186
0.6245182	0.72490406	0.68766165
0.55972546	0.9164197	-0.1189318
0.22925574	0.4707929	0.49485344
0.09320569	0.11186254	-0.19091296
0.8635874	0.9931133	0.22720623
0.49322742	0.7554231	0.14124699
0.4274637	0.07926911	-0.101128384
0.74881226	0.24571508	-0.2676962
0.37112266	0.8730045	0.012406126
0.7860129	0.42114437	-0.44928265
0.24789983	0.40328205	0.5286847
0.78208506	0.9745835	0.94023895
0.41205055	0.8967805	0.230465
0.19235098	0.5856515	0.30518314
0.41303653	0.009153128	0.021112045
0.8585351	0.9725523	0.14976916
0.7216608	0.67251873	1.3042578
0.20959318	0.49854648	0.43137744
0.25768983	0.20399886	0.6227015
0.05557847	0.17488128	-0.05451306
0.9749515	0.74465317	0.00540594
0.8843751	0.5067167	-0.1087159
0.06643951	0.12157744	-0.03610301
0.16026086	0.58869094	0.15839356
0.52611864	0.88394034	0.09207258
0.3824172	0.74015355	0.1063392
0.17170495	0.29308498	-0.03799749
0.026820302	0.3255455	-0.53697133
0.058321297	0.5858677	-0.40142927
0.33357817	0.1711908	0.73012036
0.67935026	0.6350282	1.4975466
0.7489872	0.1319418	-0.19464725
0.5845438	0.2098856	-0.31382972
0.67467344	0.09491283	0.53223
0.20010412	0.6155907	0.37398866
0.70233613	0.87806094	1.4659032
0.90428966	0.9347416	0.38824618
0.25859177	0.88695115	0.09890883
0.4389323	0.60919213	-0.1227024
0.95860744	0.026292324	0.018609159
0.83589846	0.042298794	-0.17583421
0.10856366	0.4325812	-0.15418264
0.11706281	0.16091484	-0.3580989
0.71753216	0.15733284	0.1675002
0.97336787	0.6250747	-0.5267731
0.68884677	0.903591	1.2146769
0.8860854	0.63444966	-0.25282875
0.32018667	0.11642909	0.80184275
0.7617446	0.45804626	-0.11142907
0.34643662	0.26583284	0.61712825
0.028033078	0.69853044	-0.6679594
0.09487635	0.418319	-0.23043865
0.61497295	0.26126248	0.045089006
0.96052736	0.59012014	-0.44545394
0.63724	0.26589042	0.35428172
0.64441955	0.39849824	0.72129357
0.36190224	0.63843924	0.16858734
0.4799028	0.29807317	-0.3785438
0.20222121	0.12030834	0.19237165
0.62174207	0.86895937	0.39989638
0.0868116	0.31220663	-0.21578771
0.18662363	0.5774375	0.31961316
0.6449501	0.46393657	0.898736
0.16421193	0.9075812	-0.101646855
0.14903343	0.93374056	-0.13129328
0.22703296	0.6436391	0.41711754
0.47058028	0.8549558	0.3151584
0.3657071	0.12106371	0.43173742
0.4184975	0.7809896	0.09592616
0.04802978	0.10957396	0.08013091
0.8787007	0.7963618	-0.12582266
0.72334456	0.70072126	1.3487667
0.35514516	0.859152	0.016680405
0.20980132	0.7591145	0.22648787
0.3643983	0.4202808	0.39033228
0.7481419	0.0041618347	0.053486824
0.7768745	0.6277637	0.2514064
0.96784174	0.64665264	-0.44732043
0.47298318	0.9999113	0.3198904
0.14519769	0.62012935	0.113468796
0.22263765	0.8988623	0.08728341
0.9353744	0.22348022	0.17890698
0.16174185	0.8901668	-0.074003085
0.15682799	0.90083957	-0.04972761
0.36490357	0.9185891	0.048583847
0.043293893	0.28334904	-0.2643609
0.23892927	0.11506724	0.62191916
0.031271875	0.64247495	-0.71284807
0.14113885	0.5190178	0.08738116
0.32124466	0.70920867	0.2231156
0.22519803	0.2339288	0.39647967
0.39956713	0.7188924	0.06919501
0.41498983	0.7459326	-0.0040047914
0.29584646	0.12459612	0.818588
0.42279726	0.29144365	-0.1396605
0.51739126	0.5486002	-0.20710982
0.74928784	0.4274069	0.059861902
0.8910807	0.4270903	0.059359133
0.7918795	0.03541267	-0.37053722
0.15249711	0.4621876	0.046590403
0.28274715	0.24370408	0.76927733
0.7469971	0.9725187	1.1393067
0.46537554	0.14050668	-0.34402966
0.19286436	0.24617404	0.19101404
0.49578226	0.5489097	-0.13822803
0.43303168	0.7160116	0.062688395
0.482809	0.3482319	-0.3586732
0.09013343	0.15584427	-0.20663127
0.49128866	0.6724075	-0.028381694
0.57854235	0.74460506	0.0074517466
0.71222025	0.12253052	0.3210085
0.85855556	0.41054422	-0.24908361
0.7402642	0.7782445	1.265254
0.78077817	0.39678293	-0.5413964
0.8765397	0.43359113	-0.13084804
0.6652328	0.7570136	1.3794006
0.9787905	0.24862015	-1.1309154
0.40888178	0.47941005	-0.10385603
0.3749218	0.56848276	0.090575285
0.07414085	0.6047694	-0.37949985
0.13878393	0.28002894	-0.23080681
0.8066218	0.6509847	-0.11603657
0.56191415	0.07944238	-0.6723184
0.7977691	0.5528987	-0.319046
0.5400774	0.8424611	0.023776418
0.5344982	0.692912	-0.1162858
0.1264646	0.56158775	-0.09479583
0.003985584	0.9115905	-0.5732103
0.013694644	0.070292234	-0.018564807
0.28002226	0.45892233	0.5865074
0.51000637	0.36370355	-0.47643378
0.7462095	0.46700066	0.27377564
0.089242816	0.64567137	-0.12505493
0.8794278	0.6627987	-0.2960298
0.6222859	0.6829888	0.704805
0.70033514	0.7331413	1.5922178
0.9869372	0.44040477	-1.4367508
0.46653134	0.063776135	-0.39129454
0.38534772	0.91645074	0.19335225
0.67391163	0.2313832	0.5970229
0.6545234	0.52249056	1.1568278
0.37841392	0.11178392	0.40701044
0.7651196	0.72165495	0.7659159
0.13009953	0.88157916	-0.035404164
0.06673092	0.8227033	-0.107600644
0.17787206	0.06373572	-0.15536876
0.8919864	0.18563598	0.5948631
0.62238944	0.6250011	0.68561083
0.42867106	0.64090043	-0.04966766
0.9219296	0.16033351	0.51853704
0.7543626	0.18555361	-0.32359004
0.2879951	0.4812184	0.609294
0.92584586	0.65203667	-0.047135614
0.66267097	0.29555196	0.63700736
0.32931876	0.08067274	0.66830164
0.47674674	0.8970103	0.31553954
0.7172361	0.6468211	1.3925772
0.37610275	0.4656384	0.19939382
0.44814432	0.34889132	-0.18771851
0.5494311	0.17579943	-0.6004409
0.54287493	0.3485378	-0.39810023
0.81947714	0.7101038	-0.053385753
0.67075235	0.44226736	1.075114
0.30912405	0.7297278	0.25447157
0.04717642	0.5101316	-0.65033674
0.4728446	0.20309937	-0.24932018
0.022393286	0.16670644	-0.24893147
0.043226242	0.24265641	-0.23301834
0.49641895	0.6397009	-0.052543923
0.8498207	0.6528517	-0.3133836
0.51542497	0.2638908	-0.48069316
0.4664697	0.8402047	0.29172394
0.94638026	0.7800694	0.23511171
0.52644217	0.51916885	-0.29308274
0.20089221	0.5024624	0.31549507
0.5372372	0.30965775	-0.5180628
0.47669786	0.05568129	-0.39689255
0.44336903	0.558855	-0.14123838
0.6749254	0.9636174	0.7319024
0.23107845	0.20169562	0.4938282
0.9769436	0.9730892	1.2545667
0.29735368	0.43145132	0.66624814
0.070198	0.09235948	0.008339522
0.999981	0.773162	-0.12510687
0.890046	0.51126885	-0.13264994
0.7860052	0.64525837	0.17058264
0.6002054	0.6023382	0.23095877
0.0035094619	0.84671694	-0.7093411
0.53104687	0.24418128	-0.55118644
0.08142871	0.68539053	-0.117153645
0.5492954	0.987584	-0.19203645
0.3957491	0.4085619	0.03741769
0.7173272	0.9229521	1.3323572
0.25376755	0.48204732	0.55682164
0.10636532	0.5805956	-0.13113955
0.023884237	0.13928509	-0.11679446
0.6889792	0.37024003	0.84597254
0.27742237	0.56386137	0.49144801
0.12736553	0.79705226	0.012831522
0.010280728	0.22335774	-0.54017395
0.493084	0.058224022	-0.54100657
0.1420458	0.3809337	-0.19837746
0.76662433	0.66939366	0.59544504
0.70440775	0.057171762	0.49840948
0.6831531	0.17471719	0.5111319
0.1818862	0.55348134	0.31390578
0.6961258	0.23649323	0.47665107
0.5520521	0.32722962	-0.5262312
0.16928434	0.7847783	0.09759781
0.0738256	0.9127841	0.015946735
0.81811655	0.24176347	-0.5668397
0.40098852	0.4668905	0.06235271
0.59784186	0.7064053	0.30619872
0.3708306	0.39573604	0.33382073
0.38029033	0.2154749	0.31305894
0.86019945	0.26025635	0.026698751
0.25466812	0.16520911	0.6583747
0.50448257	0.28491765	-0.4156824
0.41257524	0.81197387	0.097046405
0.5860944	0.9044134	-0.04211577
0.33677483	0.06159097	0.6527943
0.10702258	0.09118253	-0.28686428
0.8122543	0.8502625	0.3606094
0.30027717	0.09389919	0.79207385
0.25624996	0.71585023	0.33404225
0.6911556	0.23149002	0.5592684
0.34963745	0.36715573	0.51217186
0.75271076	0.25634533	-0.3060218
0.85933405	0.6454821	-0.31986314
0.6325218	0.0373016	0.2988193
0.8135677	0.71399176	-0.05303854
0.8009417	0.91226166	0.57036376
0.382231	0.3210827	0.23081496
0.2926429	0.39738476	0.7112631
0.8834827	0.13949156	0.46431312
0.33474094	0.7136454	0.20526184
0.41482514	0.16791445	0.03621586
0.7856468	0.093055725	-0.55219126
0.79416794	0.8694178	0.5738752
0.2098878	0.4819861	0.37506157
0.14978194	0.82180893	0.013358327
0.047955632	0.71455127	-0.42675424
0.516996	0.30425358	-0.46680322
0.5553661	0.017726064	-0.7881606
0.5482326	0.5991965	-0.22914125
0.35343784	0.27917832	0.5423298
0.98405516	0.13639075	-0.9830513
0.4837541	0.50348234	-0.22562374
0.56384236	0.7539028	-0.05018777
0.37645465	0.12852329	0.3519592
0.12445074	0.67978126	-0.0067524137
0.8890719	0.3264447	0.26217073
0.29288518	0.30232018	0.75813365
0.3264951	0.95389986	-0.078657
0.8913986	0.4392379	-0.019314986
0.68766326	0.8642294	1.3414291
0.07823503	0.8012124	-0.08087875
0.8144923	0.0017691255	-0.435669
0.8395001	0.7609911	-0.17206138
0.33305418	0.43307114	0.58691645
0.827858	0.1277256	-0.34394336
0.5728205	0.3916703	-0.30755165
0.5299836	0.36829972	-0.5273709
0.9961115	0.42836124	-1.6151584
0.89220643	0.8443492	0.091945685
0.43329585	0.66817874	0.03096744
0.82698447	0.3927672	-0.5360779
0.47258353	0.65543664	-0.01838917
0.76785755	0.16479999	-0.4767181
0.1413365	0.46313876	0.023146335
0.22688979	0.48493236	0.4548026
0.8694589	0.80084896	-0.17277597
0.6632657	0.5055717	1.1628892
0.050762534	0.5435923	-0.5525478
0.6132092	0.28365046	0.14157352
0.79487306	0.975173	0.80382335
0.11821574	0.80289555	0.025643434
0.9402611	0.38643962	-0.2885559
0.67694074	0.04922396	0.6893941
0.1957503	0.35886228	0.21746041
0.5707142	0.61046416	-0.075104825
0.44200867	0.4102711	-0.2095984
0.119856834	0.30118763	-0.26646805
0.4970597	0.963816	0.2031548
0.5571766	0.60297567	-0.21693662
0.30244434	0.27993608	0.8427046
0.0553326	0.18460381	-0.05500328
0.65011436	0.21006483	0.45269406
0.26628196	0.8821614	0.052004963
0.3027314	0.20070493	0.771073
0.15735775	0.5591608	0.07868695
0.6274207	0.8178043	0.66860676
0.7394023	0.49993694	0.44187757
0.8774237	0.12171012	0.4611338
0.9380533	0.2045933	0.16392882
0.51256883	0.16472208	-0.52390003
0.9378161	0.8236615	0.3874808
0.1534378	0.69180036	0.13220078
0.46272898	0.91216123	0.37276208
0.03759992	0.6287238	-0.68623185
0.78193784	0.12872761	-0.5700905
0.6905495	0.7097231	1.5629113
0.21703243	0.95327663	-0.011766603
0.18015128	0.9830869	-0.15552364
0.52789205	0.9325187	0.11367023
0.73909146	0.13491154	-0.056184545
0.9282502	0.42421794	-0.07792487
0.49261153	0.7343867	0.15965132
0.7462125	0.27221215	-0.21604607
0.5467444	0.7436048	-0.08644956
0.9483812	0.21212041	-0.11534301
0.12375593	0.011186779	-0.3907923
0.7809393	0.40267557	-0.48025435
0.4540583	0.7489795	0.08561084
0.5325329	0.7015314	-0.09724869
0.93640685	0.28800476	0.00440138
0.15612608	0.0030789971	-0.2670746
0.31414342	0.63194424	0.37510532
0.4843701	0.71739316	0.07789703
0.56519717	0.48500717	-0.32605138
0.15479815	0.65203905	0.1230324
0.9802448	0.4098645	-1.2762316
0.06339252	0.856888	0.014961645
0.12091756	0.70851475	-0.014127736
0.78604525	0.24615157	-0.6769967
0.92212045	0.10024679	0.5584145
0.52897745	0.9870396	-0.041085616
0.9679012	0.63257563	-0.49962556
0.02001357	0.10598022	-0.088460326
0.8148186	0.70834595	-0.025531385
0.1482951	0.94872874	-0.111676306
3.248453e-05	0.8622287	-0.7111269
0.5257289	0.97374123	0.09314818
0.589342	0.54368657	0.041651383
0.5646892	0.74349767	-0.039995983
0.5447722	0.4826393	-0.37989134
0.96307063	0.88234454	0.7390022
0.5335549	0.94596654	-0.052842356
0.06945187	0.86540514	0.010941019
0.9549412	0.19668716	-0.2463234
0.6539965	0.9885036	0.40155178
0.017551005	0.6100067	-1.011653
0.870049	0.0521335	0.26014835
0.645007	0.9122038	0.5788933
0.52652746	0.6262241	-0.14940868
0.016358376	0.6236643	-1.0719029
0.10112131	0.51257175	-0.16161028
0.4462623	0.98680997	0.38981894
0.45126945	0.1382637	-0.2451994
0.5901431	0.03258145	-0.39855507
0.22088891	0.74911517	0.31293228
0.74757475	0.6284093	0.83991235
0.531841	0.8202789	0.014560442
0.6194037	0.3805588	0.3201587
0.3509072	0.85371643	0.07778439
0.7200814	0.8965843	1.3851095
0.07598162	0.19743967	-0.09354395
0.94341874	0.10796487	0.25405288
0.21901178	0.3978578	0.4128115
0.67009	0.99879855	0.5424548
0.054756522	0.32576644	-0.35197103
0.4130271	0.07279676	0.05924291
0.10887265	0.1385678	-0.28139588
0.42365855	0.29251486	-0.11383968
0.6988401	0.3877281	0.8379672
0.037420392	0.6504872	-0.6381187
0.31205034	0.4977578	0.6039753
0.0646463	0.56527114	-0.42764413
0.63962394	0.37524772	0.5813646
0.7977856	0.69571793	0.14937523
0.33475578	0.8080398	0.11167388
0.35459864	0.8617706	-0.02335203
0.8654969	0.21291345	0.24635857
0.8527378	0.8474735	-0.061637677
0.5541994	0.19675422	-0.5443743
0.08821809	0.87540543	0.020715054
0.24697345	0.108113706	0.6492352
0.19683045	0.38771933	0.2829644
0.12497276	0.88768476	-0.084201835
0.9893065	0.48116618	-1.421318
0.3418206	0.4598909	0.49422356
0.5820361	0.88966024	-0.010923177
0.32523656	0.23752964	0.7181942
0.00010037422	0.00014418364	-0.057539158
0.1291725	0.5211187	-0.010241035
0.56634307	0.93481493	-0.14899832
0.6327133	0.2962544	0.40441844
0.045657933	0.06812346	0.0812088
0.94647104	0.76715684	0.28753853
0.34365493	0.9643631	-0.035176143
0.8790777	0.34920764	0.11035494
0.49078602	0.9766509	0.21652706
0.10728514	0.80467284	-0.064960256
0.10787344	0.044632673	-0.35166627
0.9143079	0.09746915	0.5982222
0.1531161	0.54393905	0.093868054
0.29973286	0.3820352	0.7279288
0.1897996	0.48900646	0.2756111
0.9736238	0.27977198	-1.0038236
0.5023002	0.03481275	-0.6880559
0.08824396	0.7912172	-0.043813005
0.6242239	0.7382601	0.7123069
0.31522316	0.4771182	0.59436405
0.17544872	0.7414891	0.23851795
0.5206513	0.7534514	0.03744747
0.061823785	0.9018241	-0.017984662
0.19647664	0.11370951	0.1395371
0.17624569	0.9529284	-0.14036672
0.025802493	0.2502606	-0.41273147
0.21622062	0.26489478	0.41402477
0.97164524	0.6260372	-0.47976488
0.11093181	0.862645	-0.06490033
0.6056217	0.532273	0.26589277
0.7317737	0.66638654	1.178615
0.8375767	0.34488302	-0.43118903
0.2446484	0.23828882	0.53210646
0.44462043	0.23913342	-0.21342048
0.17437142	0.67614436	0.25707906
0.9804935	0.5602436	-0.946701
0.19985223	0.11629057	0.2305419
0.055726707	0.4630183	-0.5236947
0.5061253	0.42503804	-0.32687196
0.62956023	0.06321585	0.2488136
0.37488562	0.40725273	0.24233402
0.4515254	0.7534859	0.14036201
0.07036036	0.20371616	-0.14028211
0.012319624	0.12735331	-0.19307846
0.94696844	0.73706496	0.09998756
0.075469375	0.3921284	-0.29926172
0.42512172	0.47214532	-0.219818
0.61777633	0.48084915	0.47130448
0.46079504	0.38193184	-0.22832279
0.3918317	0.50230956	0.100362554
0.35901338	0.25629556	0.48017833
0.8153188	0.42430896	-0.5893677
0.309385	0.9269381	-0.14372613
0.71763456	0.7150148	1.4564061
0.20946455	0.42055273	0.34063113
0.8131343	0.50258374	-0.49049222
0.42198902	0.7663607	0.06947004
0.8200621	0.1572097	-0.44481322
0.81487596	0.096170485	-0.42823943
0.9525758	0.56741476	-0.44958204
0.43940842	0.8329002	0.2584762
0.64848316	0.053904116	0.5054326
0.8618688	0.09516615	0.17854692
0.15741104	0.5452358	0.13968769
0.81649876	0.4519164	-0.55713904
0.79616976	0.06907779	-0.4885389
0.56624275	0.060379267	-0.6518696
0.787405	0.6140067	0.059434425
0.3656124	0.98484194	0.08755691
0.6381153	0.31563503	0.537834
0.748849	0.885571	1.2515012
0.8528364	0.20162451	-0.009928025
0.26508683	0.17024022	0.72450703
0.13464695	0.6524468	0.058565117
0.35232407	0.93261117	-0.014321983
0.12831444	0.44850224	-0.11022924
0.5142315	0.68169487	-0.008947011
0.84382075	0.47884005	-0.37045527
0.9396584	0.15391326	0.23498698
0.49741572	0.86191577	0.25816935
0.989224	0.59155494	-1.019173
0.4868483	0.79166985	0.113445826
0.14432973	0.66422886	0.09623462
0.762556	0.0027751327	-0.12686117
0.24344367	0.6383287	0.48822343
0.6732278	0.16725934	0.60499465
0.48505676	0.904985	0.31831405
0.34155667	0.34900403	0.56781083
0.43202966	0.40104353	-0.21379474
0.823182	0.86046803	0.18159641
0.5990621	0.20897114	-0.16004537
0.022213101	0.116193295	-0.07467642
0.15973747	0.47674203	0.104783215
0.4899134	0.66383845	0.017617771
0.18098587	0.5792035	0.28829333
0.25985342	0.7668247	0.29210547
0.23750925	0.57605124	0.5096886
0.15966934	0.7469724	0.06097518
0.21462518	0.32434434	0.37515762
0.42289078	0.16313726	0.012402613
0.38865286	0.46819335	0.10924411
0.54375905	0.78904694	-0.036762036
0.23655075	0.8595164	0.1497096
0.29335648	0.3938012	0.6992329
0.4724056	0.62798357	-0.08106859
0.9719423	0.8632213	0.65945387
0.5516566	0.06697923	-0.6418785
0.3764199	0.8690274	0.07318324
0.16482776	0.27434218	-0.04313566
0.30217373	0.27284145	0.797689
0.51572865	0.14435995	-0.58675367
0.061989963	0.65449536	-0.35691822
0.80667526	0.44563568	-0.5508111
0.49556136	0.9720079	0.2058904
0.20435047	0.6849443	0.35634893
0.2985651	0.8456588	0.029615901
0.34457624	0.3498935	0.52499294
0.94686514	0.47233784	-0.42605668
0.012694478	0.35863203	-0.87228715
0.64122796	0.9274892	0.49829715
0.849223	0.20333993	-0.058604665
0.16218656	0.39164662	0.015716443
0.58576614	0.039350808	-0.48878852
0.41120607	0.35075063	-0.04183447
0.668088	0.6051911	1.3692971
0.39853132	0.79531467	0.027681824
0.97581744	0.6161094	-0.66892093
0.543162	0.99307334	-0.068792306
0.51944935	0.6835495	-0.02541746
0.11836046	0.71052885	-0.003728385
0.9329022	0.12507504	0.36757472
0.027654707	0.84690356	-0.33926445
0.028304815	0.6843602	-0.7343707
0.51003236	0.46865904	-0.3485371
0.17010474	0.914017	-0.056318425
0.9134572	0.59893984	-0.19909823
0.60829586	0.82816327	0.31667614
0.84883904	0.66493684	-0.3171225
0.871896	0.52435964	-0.28495172
0.79296553	0.418725	-0.5419563
0.041914046	0.5727088	-0.65935475
0.5824413	0.8504555	0.028783893
0.32286936	0.6354655	0.35547328
0.008825779	0.03196466	-0.041492973
0.5537754	0.7253881	-0.1266841
0.23532003	0.89627284	0.091786504
0.34263104	0.6382556	0.2286659
0.14804292	0.45615548	-0.0040776166
0.67648745	0.9176736	1.022628
0.4749018	0.79194754	0.14224228
0.18900388	0.3178243	0.13495566
0.056190252	0.19986689	-0.069804884
0.8644608	0.58773017	-0.3897256
0.24928927	0.80975264	0.23104648
0.46910536	0.44854176	-0.22900493
0.41847992	0.028460324	0.009904412
0.5119971	0.60328084	-0.14246182
0.42078763	0.463843	-0.1442991
0.8813434	0.8346696	-0.07631892
0.28786886	0.8403636	0.058975294
0.63238686	0.10030222	0.30707353
0.5188722	0.10242289	-0.6288347
0.2289235	0.12689674	0.53487974
0.73980206	0.9104119	1.3304421
0.26865923	0.81177396	0.10585013
0.1791848	0.0125719905	0.021969777
0.38469082	0.8245972	0.102567196
0.94044304	0.58979446	-0.30305377
0.67588985	0.35105628	0.77717566
0.53401786	0.2655136	-0.57659686
0.5671805	0.9363807	-0.0934337
0.33145875	0.327686	0.6542951
0.9739614	0.41298538	-1.0955993
0.7074825	0.49440575	0.98228514
0.723613	0.42461526	0.5433146
0.018574655	0.38553244	-0.8590926
0.39215255	0.9025675	0.13184273
0.08113378	0.9917462	0.08009643
0.08395839	0.55881464	-0.28519905
0.6253943	0.6332265	0.81536007
0.2357251	0.45431018	0.5312039
0.20441508	0.031996608	0.3064875
0.6290621	0.6611443	0.86674255
0.83956575	0.122932374	-0.1913486
0.72286344	0.23490882	0.14185466
0.16147357	0.12780672	-0.24196234
0.6894156	0.0854584	0.59386164
0.3263381	0.12691599	0.7201757
0.24180615	0.49223483	0.5096547
0.84099954	0.41041958	-0.43612963
0.12255329	0.5072635	-0.14349279
0.13904262	0.56101847	0.0025759935
0.4024526	0.6868639	-0.037424095
0.39440846	0.34466648	0.10529536
0.96489334	0.6033795	-0.5540277
0.9993107	0.30082566	-1.7290634
0.14761025	0.050549805	-0.2959932
0.79252636	0.1733324	-0.6207352
0.91607606	0.14984822	0.5277927
0.07312775	0.31781673	-0.2361528
0.9954733	0.8997053	0.6751429
0.28503913	0.8368298	0.062229235
0.95500666	0.589282	-0.42881012
0.15496373	0.5875334	0.13969478
0.0509969	0.02453953	0.19214746
0.0128029585	0.9342624	-0.37287244
0.27164197	0.46321666	0.659112
0.92270756	0.71007574	-0.01369776
0.561965	0.9319163	-0.13625619
0.91159105	0.4475003	-0.03231478
0.0038996935	0.91625	-0.6022392
0.52330416	0.2303819	-0.5030655
0.70484626	0.8180311	1.5702217
0.6363431	0.300102	0.4643027
0.27592814	0.7461436	0.25302383
0.8450815	0.84888655	-0.04587672
0.1383869	0.20490605	-0.298086
0.11494827	0.48779804	-0.10617958
0.4567471	0.019669116	-0.30916402
0.5359594	0.95188034	0.0060529057
0.08763409	0.83601385	0.01547022
0.28719813	0.7146605	0.3185416
0.5797981	0.9068749	-0.1508222
0.6363517	0.08325273	0.2597252
0.030909896	0.6965704	-0.56156135
0.6870274	0.5804905	1.5014052
0.7321268	0.33203346	0.13802393
0.09793782	0.1703723	-0.21790552
0.03413695	0.4950593	-0.7345322
0.1346764	0.48837018	-0.0689618
0.92909765	0.42448568	-0.124832116
0.205078	0.78423107	0.32313854
0.8373905	0.50445	-0.43181878
0.93398404	0.8725794	0.52602655
0.08068246	0.9684569	0.029379208
0.61456114	0.0938552	-0.0072989985
0.108890355	0.37490958	-0.2260791
0.19148636	0.6526214	0.2953642
0.9875613	0.12252092	-0.9377633
0.6597292	0.15176088	0.49392018
0.8180935	0.1914084	-0.4560311
0.12930316	0.38902473	-0.10135086
0.7529192	0.9525178	1.2168013
0.48164874	0.9907541	0.348934
0.71196896	0.6926356	1.4922247
0.7849624	0.57258606	-0.04560969
0.42112648	0.50432986	-0.120554075
0.07042974	0.59574145	-0.31691584
0.39105743	0.04843551	0.20787783
0.78105265	0.49031878	-0.25973997
0.5163714	0.5828768	-0.20169812
0.8728563	0.56921715	-0.25827676
0.899915	0.08516383	0.63836694
0.86532396	0.3974483	-0.07716033
0.6389588	0.94081104	0.3815746
0.2536772	0.807742	0.21219632
0.107655525	0.71955496	0.020270843
0.89736056	0.9911541	0.40991923
0.9368891	0.7937285	0.26095235
0.8383413	0.4993201	-0.44774875
0.06761819	0.10726398	0.057149537
0.6504166	0.18696761	0.51130587
0.57358044	0.074592054	-0.5284903
0.32940888	0.50619376	0.50761104
0.6725553	0.36200863	0.8209846
0.3463987	0.17930871	0.6351179
0.99777925	0.13287574	-1.2682413
0.29192263	0.7889739	0.106946036
0.17805243	0.17489702	-0.041693196
0.37798512	0.11388618	0.34525746
0.30538797	0.42331946	0.6435379
0.8401859	0.3765942	-0.43110487
0.33949685	0.7292925	0.093040675
0.53552324	0.15631056	-0.6249196
0.8668647	0.13229221	0.31463546
0.22933817	0.9130572	0.0605911
0.20270479	0.12154901	0.23594862
0.8786015	0.76848686	-0.2240557
0.98490417	0.92218626	0.97251433
0.47013724	0.12431657	-0.3469601
0.3522365	0.56547856	0.2811305
0.3659135	0.43162358	0.32923487
0.86721754	0.21016783	0.21081196
0.8810017	0.055500865	0.46677494
0.62617373	0.7671562	0.71716315
0.3893531	0.615978	-0.0024160445
0.251908	0.2801965	0.57907325
0.20974863	0.6466677	0.35683152
0.025208592	0.096708894	0.01616225
0.18448728	0.14785117	-0.009072194
0.680229	0.7606884	1.5235363
0.52887684	0.05894029	-0.7560073
0.30581874	0.6073756	0.480848
0.7690356	0.050932765	-0.29183596
0.74997383	0.27204877	-0.19782943
0.23354018	0.6580183	0.3621713
0.84651804	0.6311604	-0.37974107
0.0137140155	0.21763521	-0.47034702
0.53075624	0.8042527	0.043926544
0.9784039	0.07814151	-0.5164861
0.34973413	0.27131468	0.55081326
0.47191185	0.30671537	-0.29361314
0.7255398	0.20434368	0.10456891
0.47653908	0.49894422	-0.14108945
0.11125553	0.60841936	-0.008363605
0.20371139	0.013196945	0.36591825
0.9752775	0.42613685	-1.0923359
0.3251667	0.77845967	0.13246414
0.8130051	0.24052852	-0.63211286
0.8472723	0.8031349	-0.16766784
0.68816787	0.76339626	1.5517699
0.5382268	0.93698484	-0.052904535
0.87370646	0.28816617	0.16975611
0.045645833	0.19134855	-0.07960116
0.43640786	0.03058225	-0.13157395
0.0832901	0.106401205	-0.060559172
0.32382298	0.9084005	-0.06684365
0.42414916	0.6356297	-0.0504971
0.4670936	0.4401369	-0.2509069
0.19606692	0.3642968	0.20726712
0.6915319	0.44073397	1.0104795
0.34683466	0.8640143	0.016745944
0.0012157559	0.8152251	-0.80171674
0.5960449	0.7662835	0.29174697
0.124524236	0.7169935	0.06747537
0.40361136	0.21012467	0.094107874
0.2742021	0.175749	0.8104236
0.61277723	0.7641671	0.4976685
0.4528008	0.46043915	-0.19022314
0.50978065	0.9370328	0.17033835
0.72468245	0.8014472	1.4330726
0.86161083	0.12467027	0.18647881
0.9806512	0.659554	-0.5018054
0.23411918	0.10506469	0.60748214
0.49644935	0.20365357	-0.43329597
0.82260543	0.98186356	0.40644345
0.32030934	0.87034905	-0.0015630927
0.24303085	0.24029022	0.5513411
0.13839954	0.9756099	-0.20278051
0.97249913	0.51093376	-0.9210337
0.41724002	0.98113567	0.2340531
0.25927174	0.14477235	0.67164385
0.74801433	0.84033906	1.2208904
0.15007645	0.8782672	-0.111930504
0.26701605	0.07272977	0.8243296
0.6305494	0.33727175	0.37844425
0.63682467	0.009876192	0.29455972
0.35528165	0.6366784	0.20226079
0.014257431	0.6310603	-1.1192421
0.41053343	0.3107323	-0.0129517475
0.9703118	0.94158953	1.1014928
0.48397416	0.19374084	-0.34916142
0.5944156	0.4758113	0.0016105529
0.9914585	0.22327387	-1.3449445
0.82400966	0.11410457	-0.38361636
0.17897666	0.44541216	0.18679455
0.6923255	0.004157722	0.76585704
0.63506746	0.7150454	0.93024856
0.33027148	0.0144866705	0.73183656
0.52682424	0.7358587	0.012227453
0.032432556	0.61164874	-0.71993524
0.31180048	0.50969183	0.5602286
0.2803929	0.7181173	0.25867206
0.37449336	0.07788336	0.40137655
0.5451522	0.4191953	-0.45236745
0.18038684	0.39143795	0.16422686
0.7582412	0.3173164	-0.29958987
0.6979334	0.2908523	0.53988373
0.9613431	0.90516734	0.88481075
0.7324641	0.17119771	-0.0022794395
0.8547537	0.76793206	-0.18649593
0.6269235	0.71373975	0.8426133
0.96634763	0.82313555	0.52009386
0.73116237	0.29926676	0.059540343
0.034853816	0.65742207	-0.67203397
0.8293606	0.7941541	-0.0025102815
0.46968168	0.87690145	0.2789189
0.635853	0.377298	0.601433
0.06251389	0.28059107	-0.20506172
0.31256318	0.8972182	-0.09671989
0.9653417	0.2894405	-0.7458527
0.2572899	0.7222335	0.29434928
0.39924133	0.46957064	-0.021695115
0.29001105	0.5304422	0.5390852
0.10732776	0.97850984	-0.058693063
0.6811917	0.1125074	0.50734836
0.7825689	0.29800433	-0.6189591
0.7752881	0.15247917	-0.5117572
0.9988023	0.9226397	0.85032415
0.32630718	0.8269125	-0.04949659
0.51410455	0.9059573	0.13704032
0.052898765	0.8128428	-0.13162799
0.5540751	0.9750828	-0.16944745
0.2304973	0.5088555	0.45008323
0.4248188	0.7608525	0.08723724
0.6682985	0.4529431	1.0532367
0.7354312	0.35348046	0.067490295
0.55027026	0.54082096	-0.21150932
0.5323002	0.5526231	-0.20823461
0.29896736	0.28729546	0.7660495
0.23014659	0.69750464	0.38757616
0.4552933	0.95472556	0.36736307
0.7861696	0.43861866	-0.45714992
0.32842064	0.011958361	0.7252493
0.19437665	0.7116761	0.33423135
0.7417721	0.2665109	-0.09777641
0.12972182	0.9212002	-0.17421831
0.3879965	0.29220814	0.2067902
0.5507159	0.19905508	-0.5127017
0.006314516	0.8285705	-0.70588315
0.49481887	0.15677476	-0.45969862
0.9925542	0.5327403	-1.3669897
0.4365127	0.6875306	-0.0412471
0.3850658	0.31981868	0.20325796
0.41656458	0.6507313	-0.09765202
0.77042896	0.5441871	0.08210586
0.2563969	0.24835789	0.5962935
0.6776867	0.34427977	0.78954166
0.6516836	0.8806219	0.8869638
0.51470137	0.80345833	0.12764384
0.6265688	0.9754411	0.06721017
0.9150419	0.31203848	0.2953463
0.8493128	0.46301818	-0.3477354
0.7646732	0.53924656	0.15128362
0.55469286	0.8939629	-0.09799659
0.54366416	0.37273008	-0.48252216
0.037568033	0.7328962	-0.49000883
0.10183787	0.30290586	-0.27897814
0.60675037	0.95625204	-0.07540182
0.24819767	0.67619455	0.3759364
0.98665327	0.18908513	-1.1523422
0.8943512	0.74723697	-0.09823273
0.6293392	0.68648076	0.8853127
0.2883122	0.44448638	0.63904774
0.682895	0.6613483	1.522768
0.9011027	0.08694625	0.6421678
0.17888755	0.99591064	-0.23316
0.22094065	0.22910279	0.44668308
0.7050111	0.66705537	1.4596429
0.29327708	0.7559503	0.21582933
0.7818858	0.5710925	-0.04095336
0.7126638	0.6311988	1.4095781
0.63439333	0.5362729	0.9335806
0.3527419	0.6902885	0.17352505
0.61920696	0.7969155	0.5551156
0.33062673	0.015398979	0.6889778
0.17473215	0.0073993206	-0.0548589
0.8134734	0.15413862	-0.5307407
0.5442114	0.31177056	-0.5441787
0.8775304	0.951677	0.107555
0.40135926	0.97178847	0.24841513
0.7897921	0.36064774	-0.59771025
0.4445061	0.46199477	-0.24770804
0.2441349	0.75224054	0.30226344
0.9889707	0.32434762	-1.4823991
0.58632535	0.9292072	-0.12874503
0.89466476	0.008057594	0.54223937
0.8507531	0.53382146	-0.46503425
0.44047463	0.5511262	-0.21124704
0.09173787	0.22829717	-0.26963025
0.578838	0.90160376	-0.09864479
0.3838817	0.81950694	0.07232199
0.4975739	0.025700867	-0.7063056
0.16021568	0.07395536	-0.31874397
0.5554552	0.523948	-0.33768582
0.4618464	0.099353135	-0.33163908
0.5637861	0.5561719	-0.21661338
0.71169126	0.44386685	0.7780401
0.1737597	0.38051283	0.12664244
0.5252503	0.44381988	-0.3984652
0.44316292	0.106066465	-0.1883425
0.59488904	0.8031517	0.17438833
0.8594402	0.6253912	-0.3961247
0.6335092	0.71752715	0.9777798
0.9046935	0.65471417	-0.06939511
0.021449983	0.633545	-0.93074536
0.93120307	0.9679592	0.8167929
0.7514674	0.6140759	0.62046397
0.01266557	0.4564364	-1.0157349
0.5107178	0.19343746	-0.518351
0.9021116	0.095485866	0.6205305
0.51480764	0.40355235	-0.4018779
0.8155331	0.49789494	-0.53114986
0.3006264	0.4197495	0.6880448
0.6703678	0.053010643	0.6356121
0.27600318	0.40541875	0.6367115
0.44653916	0.7514007	0.119401045
0.78778374	0.5795251	0.008846216
0.20955646	0.60979825	0.35996976
0.47684664	0.84146553	0.23881789
0.6722056	0.21969336	0.60301983
0.4763332	0.6060267	-0.04619391
0.8375838	0.4053383	-0.50995666
0.9586336	0.8725213	0.694857
0.45106626	0.5720121	-0.15380125
0.63822657	0.46358818	0.80374694
0.5933611	0.17152578	-0.28016606
0.7361767	0.061075807	0.038552348
0.5395034	0.73419243	-0.039662004
0.041927338	0.9078641	-0.07484105
0.3448851	0.3136292	0.5622668
2.169609e-05	0.28071338	-0.9227282
0.20995104	0.91843903	0.05962703
0.93027115	0.4222296	-0.15732443
0.33776474	0.04456091	0.64451486
0.5197049	0.2686841	-0.48523086
0.377666	0.77217996	0.06255248
0.7713946	0.27528042	-0.5815031
0.6729375	0.78913474	1.4458439
0.28040487	0.41412228	0.6510305
0.38169545	0.6439578	0.04923744
0.58635914	0.88529897	-0.06386666
0.5645473	0.83312887	-0.011436913
0.95262116	0.98598367	1.1522245
0.07831854	0.46695024	-0.3150704
0.8493666	0.78180027	-0.13210258
0.3332923	0.16960055	0.6951472
0.339042	0.63417894	0.28656524
0.3783849	0.055556715	0.35119385
0.35637975	0.082525134	0.51450545
0.8881698	0.98313344	0.21045548
0.37949145	0.89462674	0.06915199
0.17405808	0.23120373	-0.043487325
0.3877601	0.83052874	0.039777074
0.82258403	0.761687	0.012716488
0.9589769	0.16029364	-0.2696584
0.1264835	0.17238116	-0.36983725
0.25915408	0.70845985	0.34181878
0.5245618	0.6983401	-0.0493869
0.3103817	0.76945907	0.16615735
0.55942786	0.25624818	-0.49838087
0.2795099	0.13589895	0.7323456
0.019826114	0.9401958	-0.26409343
0.84072995	0.6259509	-0.39715213
0.7757555	0.80974126	0.789931
0.9472677	0.2416259	-0.13881947
0.6972658	0.19040084	0.43333715
0.5622125	0.135131	-0.57856125
0.4767779	0.4764322	-0.18526717
0.17378515	0.20306545	-0.111480795
0.83059263	0.7518757	-0.09006313
0.21467108	0.094938636	0.40474957
0.6974868	0.46248436	1.0103989
0.44707054	0.59778744	-0.0278267
0.667826	0.34337813	0.79889846
0.7222667	0.27456224	0.18295974
0.13719058	0.47531998	-0.0031981133
0.53192675	0.38634026	-0.50761676
0.061347246	0.99792165	0.15688303
0.63249946	0.12869495	0.22564463
0.6562247	0.91084623	0.76258844
0.0958243	0.2283004	-0.24353606
0.53284025	0.5798539	-0.28304243
0.44373584	0.18757659	-0.15339597
0.4436475	0.44507545	-0.19459665
0.6796939	0.36795038	0.87336683
0.94282955	0.75492775	0.2555003
0.9177682	0.09770274	0.59299517
0.83871937	0.5706859	-0.42767996
0.48809034	0.33472097	-0.35176444
0.9728465	0.5782129	-0.71028376
0.92572737	0.61320835	-0.17796928
0.8909587	0.5942641	-0.2158962
0.9966784	0.68347543	-0.6796243
0.8844568	0.05752492	0.48112446
0.3066386	0.43235934	0.5858724
0.27365345	0.747434	0.22026986
0.14582491	0.5313349	-0.0064358823
0.78798544	0.7976073	0.6207621
0.6135353	0.2358852	0.04978224
0.38197827	0.085805416	0.32345116
0.9922569	0.83432615	0.40850762
0.64594316	0.9018932	0.6383434
0.37242818	0.047967613	0.39985198
0.51250845	0.88973063	0.17152028
0.9729401	0.6007871	-0.711578
0.79624563	0.18396592	-0.5980184
0.4096046	0.8364703	0.0772765
0.54700476	0.13672382	-0.7390231
0.32171333	0.8715607	-0.030620126
0.3260553	0.93943274	-0.07398982
0.065164685	0.37205535	-0.3622933
0.30850506	0.795682	0.12384046
0.60905105	0.35150594	0.124161236
0.43416518	0.60349035	-0.07591294
0.69580585	0.80546355	1.5164477
0.8582083	0.44470257	-0.26588258
0.32106537	0.5926527	0.36451963
0.6713101	0.56417304	1.3740609
0.20795602	0.10084814	0.29809874
0.03671199	0.76802784	-0.4119321
0.5579095	0.960335	-0.112490416
0.6142768	0.7145429	0.51844895
0.17606235	0.8466607	0.06938291
0.75386167	0.96739465	1.1851916
0.36308026	0.24317688	0.48060742
0.06000346	0.40559047	-0.4410508
0.773832	0.96061534	1.028064
0.1670633	0.21771413	-0.1001625
0.07697511	0.051594853	-0.023807831
0.48883754	0.97152644	0.29645744
0.8339151	0.11608881	-0.2700002
0.6449655	0.67776525	1.0805734
0.82152337	0.69850904	-0.17624253
0.5597873	0.16797817	-0.56783396
0.12911224	0.26081002	-0.28481072
0.9841895	0.42036855	-1.4244297
0.7010489	0.47014195	0.9839422
0.0044674277	0.3023702	-0.85062295
0.8659712	0.41621536	-0.17723218
0.08062184	0.9399456	0.12958875
0.579541	0.35476565	-0.2939219
0.15892959	0.69178313	0.12986888
0.8345635	0.60931957	-0.36360553
0.17071337	0.08051854	-0.07612253
0.8925527	0.56161547	-0.12254441
0.0021755695	0.037517607	-0.08008063
0.49123245	0.92880565	0.26814586
0.12784529	0.6013391	-0.041710526
0.41908032	0.9760652	0.27657357
0.75543135	0.7067773	0.89927804
0.78560376	0.25594163	-0.6415893
0.1186409	0.54199475	-0.06532826
0.7539088	0.16778696	-0.29649097
0.10110313	0.1331805	-0.25554168
0.35203224	0.4061243	0.4558897
0.46238613	0.9462963	0.329572
0.5310954	0.55502766	-0.28687838
0.5189511	0.9566191	0.099154435
0.51842964	0.53941035	-0.23011774
0.14690763	0.96619093	-0.26223177
0.08344489	0.55608404	-0.24421763
0.6446273	0.19602877	0.43988714
0.85667384	0.9913121	0.19574484
0.6771512	0.13526934	0.5711277
0.5750057	0.069805026	-0.5570884
0.038656235	0.12191653	0.011839209
0.5807711	0.99003756	-0.21807332
0.973125	0.7574811	0.081479765
0.38948542	0.70558846	0.033041093
0.8702939	0.67971	-0.28258446
0.83114934	0.35997975	-0.48617277
0.058136344	0.7086665	-0.2439009
0.23634547	0.5658059	0.46348253
0.75949496	0.733337	0.848388
0.4674598	0.7322081	0.13580254
0.29197252	0.007825434	0.8891653
0.06528604	0.22428668	-0.12898996
0.11241406	0.22001058	-0.30518875
0.3418361	0.49086463	0.52152497
0.7707915	0.0073003173	-0.25125098
0.6038329	0.30607802	-0.06284396
0.82882833	0.32477623	-0.49563682
0.6021262	0.52143407	0.16103184
0.75696063	0.6574603	0.70902604
0.19989008	0.98064953	-0.15947823
0.5686421	0.82724357	-0.05469486
0.5258315	0.92704344	0.027962178
0.20439047	0.40635967	0.31941605
0.9728718	0.09057379	-0.5055757
0.37974292	0.2690673	0.31938592
0.91503966	0.36431855	0.12737955
0.45714182	0.15932304	-0.30314678
0.066634	0.8115634	-0.029786509
0.19395083	0.6991511	0.29909748
0.5691846	0.7599506	-0.06742306
0.8934733	0.7709628	-0.1244179
0.20423782	0.44118893	0.3348501
0.18515188	0.39607102	0.20780785
0.4302401	0.33235276	-0.14874814
0.57786876	0.6611657	0.008264102
0.6132191	0.19021273	0.11703924
0.2776717	0.24691105	0.7718152
0.34854943	0.85989153	0.0047939727
0.7689002	0.22997719	-0.5362736
0.2950698	0.31366003	0.6941963
0.03739029	0.6457372	-0.7032767
0.35845643	0.53630716	0.28491494
0.9915366	0.33786863	-1.6427631
0.11133629	0.66670424	-0.026202586
0.94414514	0.6356294	-0.20289646
0.2848155	0.507661	0.6078555
0.4438339	0.5769214	-0.13941601
0.5338626	0.8901484	0.019031104
0.6805384	0.90660745	1.1172062
0.26973516	0.5628254	0.47840714
0.45091105	0.2736829	-0.23723185
0.33831233	0.7443418	0.16520452
0.6039037	0.47011656	0.20939174
0.8914237	0.41626352	0.024386492
0.16861033	0.91125345	-0.04541855
0.23169762	0.24646825	0.5001233
0.6831468	0.9960354	0.72543555
0.10201985	0.7388265	-0.025396263
0.67481226	0.64885294	1.5224707
0.75879455	0.16614586	-0.41197294
0.6373035	0.1726054	0.30950433
0.18321902	0.13215107	-0.01526493
0.5529897	0.832551	-0.042227775
0.31211138	0.050560474	0.83384013
0.5898292	0.017390132	-0.4083803
0.09901297	0.038582265	-0.2523062
0.42000479	0.22931635	-0.0010611452
0.70456576	0.8537807	1.4538991
0.048499525	0.63562787	-0.509764
0.3333392	0.36118054	0.61943555
0.6332588	0.6563148	0.8848896
0.8068357	0.79744655	0.26208588
0.7884989	0.21623176	-0.7395569
0.8284742	0.3151725	-0.45368037
0.3280816	0.6100819	0.38459015
0.9327409	0.6122619	-0.20492804
0.57220256	0.27062386	-0.41438547
0.37926322	0.40548122	0.25908393
0.9137663	0.4159128	0.034673452
0.050394535	0.44247967	-0.53459287
0.43901026	0.07478845	-0.14004713
0.259026	0.4840865	0.5495987
0.78772116	0.60140586	-0.026807569
0.42596304	0.2738983	-0.11570297
0.09112102	0.691558	-0.102908105
0.37040102	0.23038423	0.42958528
0.63385093	0.4687497	0.69501615
0.67395794	0.26535922	0.6663571
0.07906151	0.6479503	-0.21570183
0.51001406	0.16528541	-0.5858171
0.3339646	0.5551882	0.4235514
0.55397695	0.45674825	-0.36770785
0.14813888	0.39581448	-0.023577902
0.8089317	0.25488704	-0.6360909
0.84957415	0.531528	-0.34299776
0.0043991804	0.425672	-1.177376
0.9394202	0.76699775	0.20359533
0.6579697	0.26944166	0.554999
0.6642526	0.8290718	1.255174
0.948144	0.37828314	-0.4316855
0.91074216	0.028013885	0.63829696
0.84143806	0.0060241222	-0.117200464
0.3049364	0.14456862	0.77388275
0.55448	0.08548188	-0.6811735
0.2985515	0.09862989	0.80694115
0.85273606	0.40062875	-0.27505812
0.56246305	0.7448848	-0.07925412
0.17961144	0.957135	-0.14712796
0.34234506	0.47115117	0.5083889
0.24503195	0.559409	0.52131546
0.8827514	0.82716703	-0.0800159
0.42733955	0.030632854	-0.08204106
0.6212708	0.8425276	0.46933293
0.14917755	0.40561885	-0.03784746
0.15213275	0.3120941	-0.16850549
0.043270826	0.69941175	-0.52238935
0.8000368	0.98474646	0.7208252
0.6073905	0.38195246	0.13914242
0.28794706	0.3804568	0.68728703
0.43693244	0.6921043	0.0036255717
0.2882132	0.6507161	0.37367433
0.17729372	0.37037605	0.07840833
0.18840867	0.79169476	0.17845032
0.5099301	0.411529	-0.358165
0.21747041	0.3892629	0.45557395
0.17219573	0.8128357	0.11622854
0.57584906	0.3012302	-0.40201855
0.068214595	0.1399967	-0.014960274
0.3454377	0.7762248	0.07301953
0.4962672	0.6931553	0.089379534
0.5461662	0.7178509	-0.09974632
0.89399636	0.18377751	0.58163345
0.590938	0.022866428	-0.4138407
0.5453986	0.35352147	-0.5050459
0.5186136	0.9852338	0.036167968
0.25090808	0.026340783	0.8166521
0.17694265	0.06161028	-0.117958605
0.34252977	0.7343662	0.10412174
0.34660465	0.5932218	0.29414254
0.28138745	0.36800647	0.7153516
0.36133492	0.13082546	0.52380764
0.59739274	0.3328746	-0.06745314
0.7482304	0.096741796	-0.14123793
0.19865829	0.045497358	0.2719395
0.6707403	0.16269821	0.6160277
0.1112175	0.6538987	-0.07844277
0.20760542	0.6869706	0.39514035
0.08771318	0.30616683	-0.2316163
0.049076855	0.89725226	-0.007473301
0.2850861	0.8130885	0.12040779
0.3338086	0.52611166	0.5087743
0.6895654	0.7352184	1.5588708
0.9658042	0.4055817	-0.9014581
0.9355121	0.12952834	0.31241292
0.036515176	0.45422244	-0.7372693
0.46056336	0.72143656	0.16411439
0.9190084	0.14040995	0.5321932
0.18805033	0.4074312	0.21162784
0.2187872	0.8253422	0.1995171
0.78471553	0.32189512	-0.60759443
0.17576915	0.518303	0.2601775
0.7383268	0.5352145	0.6608465
0.19129825	0.7246133	0.2786842
0.66983306	0.5089667	1.2283258
0.85027254	0.7576946	-0.1346084
0.37384415	0.3487829	0.29952
0.4808522	0.54506207	-0.18387747
0.75821006	0.46112937	0.049868703
0.84959036	0.6755306	-0.36755463
0.48200697	0.5207383	-0.19420007
0.8085309	0.88332474	0.5021104
0.36861902	0.04622531	0.494578
0.83149034	0.9594596	0.28462255
0.041173697	0.12757444	-0.029562727
0.572302	0.4448914	-0.3129786
0.69447863	0.34396702	0.6884556
0.39652246	0.41021144	0.01802911
0.0069026947	0.78625774	-0.78152484
0.78756195	0.6968191	0.3237583
0.32437772	0.4987545	0.5821092
0.49491972	0.26788807	-0.40825656
0.09043217	0.22577685	-0.19219948
0.69204456	0.2689082	0.56250554
0.10210121	0.26718694	-0.23585592
0.20431703	0.83755356	0.22015461
0.97202736	0.59645104	-0.72694904
0.6973342	0.920153	1.2243406
0.6769956	0.20294881	0.5536769
0.55989957	0.99298257	-0.22003606
0.52637273	0.49954182	-0.29856783
0.27004397	0.6339309	0.42233163
0.43041444	0.9029472	0.24768808
0.014694452	0.1868887	-0.3379979
0.13780588	0.8793578	-0.056585535
0.019506454	0.09209269	-0.0653532
0.19914329	0.6779685	0.3297139
0.763325	0.12458938	-0.37085262
0.95844907	0.55248255	-0.63838613
0.5635701	0.6487269	-0.081471324
0.47006708	0.60626346	-0.030197658
0.9487185	0.58049357	-0.33586952
0.7151497	0.0094679	0.45033753
0.9887923	0.5258917	-1.2911845
0.45117885	0.3105443	-0.21157259
0.056412876	0.9580697	0.0120548755
0.7049021	0.39828032	0.7639918
0.5710654	0.1550855	-0.5082799
0.5756428	0.123951495	-0.47810537
0.86834174	0.9343765	0.07051203
0.6667744	0.9040117	0.96736366
0.385351	0.7246355	0.05271769
0.30926496	0.11702192	0.788215
0.32045388	0.9168145	-0.062271237
0.61598444	0.86885136	0.30892864
0.07924569	0.8842451	0.06904803
0.51994556	0.6148263	-0.1644367
0.94636965	0.43195045	-0.42569053
0.07841474	0.4638434	-0.24951212
0.22852612	0.63840115	0.39623618
0.95713806	0.22485721	-0.37345332
0.5546242	0.5185874	-0.37031198
0.69017446	0.30869633	0.6513894
0.44811535	0.46402	-0.23985669
0.49243206	0.04989755	-0.54821664
0.0804764	0.6538001	-0.18923286
0.95537215	0.31473643	-0.4596109
0.8259566	0.4031245	-0.5506187
0.5417164	0.1682021	-0.61740947
0.8530502	0.2278319	-0.039198548
0.19209874	0.23735404	0.10150054
0.043817103	0.851525	-0.18637742
0.76847446	0.37812757	-0.36082396
0.30602437	0.68457645	0.27330467
0.32134312	0.6318683	0.36425838
0.42671394	0.8085689	0.107819125
0.1156525	0.5609723	-0.09712139
0.7879363	0.7317429	0.43213028
0.907001	0.23703891	0.46101704
0.7603721	0.096738756	-0.3266165
0.58590806	0.73255384	0.09234934
0.12701827	0.21514201	-0.29963803
0.08953464	0.7040288	-0.043449648
0.22206122	0.937225	0.0008134465
0.12099618	0.40186036	-0.14629315
0.43507844	0.09282726	-0.08746214
0.36745334	0.0050313473	0.37717813
0.70902395	0.12836152	0.3459558
0.26674342	0.2883829	0.7203227
0.5728718	0.18641716	-0.44778636
0.6117868	0.9960609	-0.19664744
0.74106365	0.56189567	0.7930407
0.36484057	0.3488319	0.39039108
0.355986	0.5788224	0.23885451
0.94567347	0.489174	-0.45973566
0.1556859	0.9364993	-0.1277535
0.5163735	0.017227948	-0.8014568
0.09424496	0.45425308	-0.22327168
0.3040527	0.29318827	0.8004487
0.55623335	0.038296938	-0.7115728
0.036150217	0.19858098	-0.19546342
0.16482121	0.76919925	0.11986861
0.97057205	0.9133951	0.9638128
0.012550771	0.5863395	-1.1428455
0.2899174	0.19962329	0.73173714
0.34923166	0.36501384	0.48870927
0.7392041	0.60687226	0.92432034
0.6865121	0.47021252	1.1189419
0.91456425	0.98494667	0.6138524
0.14128745	0.12480134	-0.3143657
0.63108325	0.62471795	0.861718
0.2659698	0.46175963	0.6234135
0.26760525	0.5315593	0.5205254
0.5923728	0.30541056	-0.16677378
0.37497067	0.45392197	0.2445221
0.113052726	0.6510664	-0.073122725
0.069942415	0.49257338	-0.38027215
0.15631926	0.07908875	-0.29027754
0.072641134	0.8292366	-0.0029475037
0.014513552	0.30381125	-0.7050312
0.14846426	0.25234616	-0.16824876
0.606161	0.777773	0.383064
0.621263	0.9294681	0.20623054
0.5476735	0.09182131	-0.6517009
0.92959565	0.69917244	-0.02790089
0.75317395	0.24930519	-0.39990854
0.62500244	0.17808533	0.17498282
0.8196078	0.7707759	0.099622175
0.36123008	0.9203219	0.020475848
0.797419	0.49486542	-0.40326157
0.73624164	0.98964614	1.2251987
0.30971497	0.2775563	0.72656447
0.89314353	0.44286752	0.03927677
0.26800925	0.073215485	0.8708838
0.25075388	0.39558172	0.5220233
0.45358473	0.8011235	0.20095964
0.06131816	0.600891	-0.35707968
0.819917	0.07150018	-0.4390929
0.39210927	0.84306604	0.053807363
0.64330626	0.49236327	0.915064
0.010973692	0.4843514	-1.1690874
0.095611095	0.40367937	-0.2635876
0.46246195	0.028385162	-0.41807073
0.57700986	0.6646047	0.018390458
0.64466584	0.43357587	0.83005786
0.30407512	0.44108945	0.6429957
0.8490193	0.1639517	-0.0016545188
0.050633073	0.11870247	0.02612665
0.6449773	0.1720559	0.48871222
0.71197677	0.8515088	1.4930482
0.5867706	0.39789176	-0.16100778
0.45700693	0.99219865	0.31373635
0.44403058	0.39431077	-0.18222718
0.25621003	0.9317566	-0.022487305
0.29435694	0.38516003	0.6593578
0.39781874	0.24599522	0.14434248
0.73001033	0.81082785	1.4437935
0.19717371	0.014986575	0.2894552
0.3575651	0.022615075	0.5175003
0.7677308	0.5885887	0.28927413
0.5049899	0.05182302	-0.5799105
0.5968362	0.3499537	-0.06326106
0.016769767	0.34472787	-0.76047623
0.34363025	0.8805089	-0.01463659
0.33088624	0.7516161	0.11082387
0.35090107	0.15566659	0.5375752
0.12113273	0.31945556	-0.2538439
0.683141	0.38966566	0.8743426
0.698082	0.4789213	1.0883747
0.39312434	0.5414547	0.01303988
0.46518296	0.6484348	-0.0027997233
0.82600147	0.38214833	-0.62217784
0.8113826	0.08501071	-0.5548208
0.7927282	0.14485681	-0.65673685
0.5603553	0.8523688	-0.07697237
0.40351874	0.589171	0.027650446
0.8265066	0.35648894	-0.5035523
0.8798168	0.03364247	0.4570652
0.22460443	0.8911833	0.06846097
0.4980846	0.89937526	0.2681942
0.72580457	0.5418332	0.90756685
0.7445284	0.9549624	1.2231382
0.50517595	0.77524096	0.20116058
0.39471048	0.30775672	0.09447487
0.39862704	0.7570324	-0.027203605
0.4571681	0.42659634	-0.20744723
0.07436985	0.13197601	-0.0728892
0.7432601	0.89165324	1.2956303
0.52105504	0.18906456	-0.5310732
0.054811478	0.47493887	-0.50144535
0.97102034	0.035175443	-0.34000233
0.77017003	0.8358883	0.99799365
0.47134477	0.57791466	-0.020157158
0.25183254	0.8595093	0.11131751
0.13261306	0.5520361	0.0062068673
0.3427744	0.9435253	-0.06365723
0.63025063	0.59339154	0.8242276
0.63258857	0.11964077	0.26412258
0.9903128	0.40100938	-1.5498954
0.5714604	0.7971023	-0.0149864955
0.32224077	0.7246597	0.16291927
0.5380275	0.43859947	-0.39704123
0.29476762	0.5249236	0.6373728
0.5622427	0.46649975	-0.379184
0.14867818	0.87293506	-0.019334618
0.1653412	0.6365313	0.20471185
0.90363604	0.5307132	-0.15072513
0.018025935	0.1193552	-0.11106739
0.3498674	0.094738066	0.5918974
0.83072734	0.36746258	-0.48854494
0.5676217	0.25486445	-0.47085455
0.425097	0.021974683	-0.07142043
0.19448406	0.5560872	0.29510215
0.6135913	0.8446949	0.3208538
0.95040816	0.077605724	0.08618803
0.246791	0.5800203	0.45027694
0.021859944	0.81374973	-0.5250104
0.9708479	0.3739121	-0.9947645
0.19976282	0.2673995	0.2515652
0.4413483	0.29289144	-0.20452552
0.9858507	0.7371099	-0.17821881
0.45078552	0.28848243	-0.20143822
0.15728015	0.82289565	0.08901937
0.90211767	0.6588165	-0.17434949
0.18544018	0.31036204	0.11441485
0.19409448	0.88186866	0.02721877
0.6810963	0.6117961	1.4859669
0.39202595	0.7574482	0.044666298
0.16735929	0.6803359	0.21678182
0.9761153	0.73506224	-0.050965123
0.5122203	0.82041425	0.1334711
0.72239727	0.7681978	1.4834149
0.969484	0.27884495	-0.83421266
0.6165108	0.8423366	0.39584136
0.05633843	0.15520501	-0.02500688
0.34437186	0.21043265	0.57828
0.21334791	0.23623705	0.37389636
0.09234023	0.4932928	-0.1924346
0.6080342	0.40237147	0.14969048
0.81471	0.42103612	-0.6022393
0.1766454	0.25327533	0.031481866
0.47498322	0.10480112	-0.37924126
0.53079385	0.8308516	0.11422377
0.4056415	0.2966298	0.012796522
0.78347605	0.59911275	0.08185812
0.33561957	0.19482946	0.626973
0.23129773	0.8259205	0.20242393
0.028490126	0.1809004	-0.16464332
0.4596073	0.22091538	-0.27867022
0.9135998	0.23790449	0.47094667
0.13397986	0.30577016	-0.18453833
0.88982767	0.72462547	-0.19302586
0.5159574	0.39601552	-0.41996452
0.70978177	0.37892818	0.5978877
0.2801888	0.78382134	0.19387978
0.6938572	0.14994758	0.4930234
0.5010905	0.6997211	0.051403217
0.23702478	0.52076846	0.4503063
0.6341409	0.92739755	0.34533033
0.37548095	0.62082684	0.12565164
0.3634467	0.20008999	0.42655355
0.27991623	0.5363065	0.49479938
0.79158807	0.22696811	-0.73541296
0.7232898	0.44264913	0.62855893
0.52065676	0.5876664	-0.188255
0.07792139	0.8719098	0.019426798
0.62945753	0.7964675	0.72126895
0.8906709	0.07159054	0.54482824
0.36233675	0.63482475	0.11307378
0.04848653	0.8125213	-0.1892601
0.0754261	0.5866337	-0.26463008
0.9608096	0.98066527	1.201912
0.6931094	0.78575706	1.5268198
0.30870253	0.14628118	0.7490248
0.66567034	0.1588639	0.5996031
0.62816566	0.5158704	0.73822665
0.968937	0.9925018	1.2997006
0.95177066	0.22523749	-0.2182469
0.69885284	0.16632533	0.44682053
0.4831584	0.40142173	-0.28349707
0.5060219	0.6407543	-0.023482565
0.86265963	0.18497127	0.17648889
0.23168182	0.9995358	-0.09567243
0.7712808	0.47209477	-0.21106367
0.11689496	0.9736499	-0.08664155
0.0908497	0.65350634	-0.105636455
0.04082817	0.6959527	-0.49752507
0.6074416	0.83142114	0.319616
0.2907229	0.14334643	0.77677435
0.37178814	0.46537536	0.25597486
0.9181361	0.6279805	-0.16767491
0.5303174	0.60658914	-0.18909779
0.6445919	0.4578762	0.8961766
0.5613103	0.95770454	-0.12602198
0.7339797	0.48194212	0.58191013
0.8157158	0.08529079	-0.4116527
0.3070913	0.6905335	0.2750052
0.39632612	0.7455816	0.033245787
0.6336398	0.8320068	0.72008884
0.548676	0.492549	-0.37296858
0.700761	0.99454623	0.8913512
0.27544963	0.24254471	0.6901867
0.7862552	0.8447215	0.75891227
0.6281222	0.6367882	0.82225126
0.8457381	0.9360399	0.1124421
0.48926514	0.97905	0.2480677
0.16531175	0.87629306	-0.055860348
0.77284014	0.40711683	-0.34945953
0.6109642	0.70444703	0.50064427
0.31333494	0.0072510242	0.80721533
0.8659082	0.87160265	-0.044377964
0.9073553	0.019588768	0.549867
0.9816831	0.8927622	0.81760556
0.7021753	0.48911405	1.0140096
0.7456911	0.13168848	-0.16176412
0.24996442	0.56197876	0.51430064
0.36870676	0.33077216	0.35398144
0.4091336	0.48742455	-0.09130501
0.98603326	0.47246015	-1.3633227
0.08794749	0.86282593	0.023374038
0.49812192	0.5411763	-0.17812961
0.38040125	0.35181624	0.2570342
0.57542366	0.5400692	-0.15999399
0.2918948	0.3400303	0.6462853
0.65808344	0.08991641	0.5525515
0.26926178	0.7666062	0.24524689
0.65455246	0.1592477	0.5569389
0.6692832	0.7940816	1.3655787
0.4323492	0.3631416	-0.22151874
0.5691598	0.1273964	-0.547453
0.254811	0.90697026	0.019997576
0.15342969	0.81077814	0.054727554
0.07570124	0.9135376	0.046760086
0.814549	0.48852092	-0.50102407
0.6192872	0.07105082	0.08239135
0.6870494	0.62202513	1.504401
0.99255455	0.059449494	-0.87021035
0.8309728	0.6404812	-0.3072912
0.46291858	0.56733733	-0.12690976
0.73192006	0.21938556	0.009484271
0.11940944	0.4252153	-0.14748341
0.101836026	0.43284988	-0.20158966
0.8461447	0.08943975	0.002729714
0.48603106	0.45580792	-0.23638655
0.12962174	0.68685585	0.029102098
0.70780736	0.23174429	0.3602177
0.5618534	0.15627211	-0.56555504
0.15887034	0.40314537	-0.02147449
0.6043832	0.15151238	-0.07545923
0.5241326	0.02620256	-0.7536865
0.43672478	0.28573036	-0.16080403
0.4066807	0.9492677	0.26710957
0.9866704	0.9842945	1.2847409
0.92441225	0.49431264	-0.08752541
0.41072237	0.17681056	0.07603955
0.026334941	0.07664698	0.056730706
0.6575611	0.77582926	1.2859002
0.8545624	0.98766345	0.1429836
0.7666988	0.67018384	0.6008998
0.47457463	0.8619016	0.25554043
0.031247437	0.2429241	-0.34403476
0.56809616	0.21415585	-0.45613235
0.9425878	0.4137792	-0.31829828
0.8905981	0.9116505	0.23286298
0.99659735	0.88858974	0.64703614
0.8252514	0.58730525	-0.43173912
0.6146797	0.26108384	0.09210972
0.25757766	0.46097535	0.5624411
0.16716045	0.43874377	0.0039652586
0.7247669	0.7044645	1.3670033
0.2141124	0.41818875	0.3327766
0.21372294	0.4145838	0.2780574
0.9467866	0.0033169389	0.24395901
0.87411594	0.4709404	-0.19634709
0.9243466	0.75143105	0.09847279
0.17255062	0.25686896	0.020163521
0.62901455	0.49313134	0.6662601
0.21297318	0.4636122	0.45366865
0.10399473	0.33709627	-0.21944733
0.5652018	0.041878045	-0.69833624
0.8185408	0.08061522	-0.42668253
0.4772858	0.63586587	-0.008702111
0.98993343	0.42896128	-1.5634868
0.547005	0.15568942	-0.56523037
0.61001694	0.11082518	-0.023736328
0.603372	0.8646685	0.14444467
0.29960978	0.146994	0.8431415
0.8942375	0.13760018	0.5687304
0.5593227	0.16321737	-0.5421883
0.7390178	0.955044	1.206819
0.67142725	0.81928355	1.3452624
0.66245663	0.7215608	1.3875444
0.37212306	0.84717816	0.05686349
0.94837373	0.42515188	-0.44821587
0.035743296	0.54749256	-0.7530814
0.4399042	0.112713695	-0.12748581
0.11949974	0.647411	-0.0022811703
0.2232936	0.9493367	0.02801349
0.37049532	0.86343455	0.01076125
0.111299336	0.0108367205	-0.339125
0.09349525	0.13353366	-0.22568768
0.13842726	0.045604467	-0.42312065
0.20749116	0.7948697	0.17736956
0.4515279	0.691972	0.029505178
0.8767782	0.087345004	0.40712208
0.77898324	0.8257111	0.7819752
0.793118	0.015719056	-0.43382582
0.5445155	0.096615255	-0.6502557
0.95962733	0.2429586	-0.54334295
0.9213786	0.80263823	0.2205669
0.035455227	0.0055607557	0.23821458
0.77835876	0.81319225	0.78685427
0.444421	0.40892798	-0.25744107
0.8771262	0.5398172	-0.25398064
0.18025571	0.2027021	0.0042893775
0.46762538	0.87060565	0.18320414
0.605356	0.2121858	-0.05806074
0.48373163	0.6203781	-4.8667192e-05
0.54226196	0.1671406	-0.5829955
0.15638512	0.41952914	0.0058600907
0.7337516	0.1655479	-0.022752807
0.80971056	0.75823367	0.19509105
0.51632977	0.89665365	0.18043086
0.5304858	0.24611205	-0.57720435
0.8657646	0.97806454	0.10340129
0.7264096	0.0756802	0.27498436
0.031916678	0.17871499	-0.06480665
0.28848082	0.9995342	-0.1761446
0.08682966	0.67110336	-0.15491046
0.7137155	0.9329009	1.3007334
0.3846807	0.48772258	0.07427253
0.40632045	0.40266317	-0.061666526
0.2450732	0.2913947	0.536286
0.29907876	0.434659	0.67692596
0.408755	0.46701318	-0.07219273
0.6519442	0.7594477	1.197998
0.7384945	0.25533175	-0.08141346
0.37973797	0.3456719	0.22681068
0.89878005	0.7467229	-0.012509227
0.95095414	0.5280706	-0.47540492
0.47506607	0.3974927	-0.24630632
0.6505233	0.37021643	0.79966813
0.62058675	0.58639336	0.6763351
0.7956639	0.35755152	-0.6653599
0.98710805	0.71304595	-0.3244182
0.43655598	0.7400226	0.07386168
0.9866117	0.4382738	-1.4145374
0.52599746	0.41422087	-0.34047616
0.34691793	0.8330072	0.015852103
0.2903341	0.6128664	0.4342562
0.40907478	0.090642154	0.09368442
0.82325184	0.32537097	-0.5836268
0.33843237	0.81333876	0.0571702
0.12550545	0.5290858	-0.02262678
0.47190887	0.6596054	0.0902396
0.38133538	0.93152237	0.09797481
0.33264494	0.48363012	0.5432706
0.9741467	0.03944719	-0.3498308
0.39878464	0.06649685	0.19209032
0.8410914	0.6695652	-0.2673546
0.6960886	0.4913382	1.143142
0.019597888	0.3307985	-0.715668
0.57266915	0.59887236	-0.12636542
0.752785	0.3323257	-0.23039164
0.31913406	0.5418486	0.5457971
0.16405451	0.2630952	-0.07189697
0.90313095	0.19490832	0.5467783
0.84698373	0.31164116	-0.19102098
0.3868944	0.29276532	0.17468278
0.7187632	0.19047838	0.16639349
0.5535856	0.17476457	-0.56299084
0.5182275	0.071951926	-0.6842573
0.038958073	0.2433449	-0.2626601
0.53518695	0.91180253	0.007493122
0.15436417	0.8006352	0.036828183
0.4988675	0.16971636	-0.4661289
0.9288675	0.8492114	0.41961083
0.26624352	0.4648484	0.5618127
0.06904429	0.84919643	-0.0064480263
0.6729808	0.84137356	1.2727463
0.93597096	0.91208774	0.6659127
0.70937824	0.4608351	0.8621924
0.29443127	0.41536087	0.66834503
0.58901125	0.24380177	-0.29141787
0.6361977	0.65986896	0.95179933
0.69713175	0.50777525	1.1338826
0.31056416	0.3669446	0.7123808
0.17599815	0.109392464	-0.07409343
0.5529918	0.8060529	-0.046616685
0.9158581	0.8125494	0.20079108
0.7774011	0.4998818	-0.21314731
0.6620475	0.5850592	1.3471365
0.8910755	0.3247553	0.2001607
0.2420904	0.4927466	0.53707814
0.92874223	0.14112532	0.39779037
0.93469393	0.8802353	0.5917857
0.61251384	0.032060564	-0.09621478
0.6227029	0.81174225	0.5860384
0.28065962	0.90034646	-0.060755182
0.4250356	0.6298236	-0.05225012
0.51893497	0.1407628	-0.6145902
0.3567152	0.75597036	0.066204034
0.6910564	0.25516158	0.5954984
0.31033117	0.49274236	0.6405931
0.81985193	0.6798886	-0.09947214
0.519595	0.5984343	-0.23004597
0.42441177	0.8425043	0.1577639
0.11300433	0.039364398	-0.33141565
0.14299393	0.48437774	-0.05787813
0.73282284	0.23364472	-0.027582139
0.6952489	0.59631795	1.4134867
0.3121866	0.563373	0.45495427
0.45350826	0.17325586	-0.18051668
0.47371364	0.79110974	0.23374282
0.28930444	0.45095664	0.59695107
0.7877717	0.322694	-0.6279432
0.8780242	0.6881284	-0.2780356
0.5589249	0.5795379	-0.22880587
0.5372982	0.27571434	-0.56087166
0.59908223	0.6042654	0.22098525
0.26225805	0.902803	0.0055130012
0.17348164	0.19348317	-0.035764914
0.56941867	0.17287213	-0.5031742
0.030711174	0.16486579	-0.11099981
0.37544024	0.62093216	0.101026155
0.9595272	0.28554308	-0.6290646
0.35991776	0.85277414	0.02551601
0.70325375	0.14869833	0.35831344
0.18920189	0.43016064	0.26714492
0.65184814	0.6239284	1.2120296
0.8983287	0.837389	0.07830968
0.54298276	0.8799072	0.029378843
0.22072929	0.37687832	0.3667025
0.23710829	0.59337485	0.45318142
0.673428	0.86996025	1.2107891
0.10346222	0.56891733	-0.14963429
0.78756535	0.14610976	-0.5614772
0.301167	0.3454203	0.7649564
0.7293901	0.04521674	0.24278955
0.4676565	0.017437935	-0.39640456
0.4700271	0.45211416	-0.19624966
0.18414438	0.6852188	0.22874366
0.1247108	0.43412232	-0.2035881
0.62597966	0.11386311	0.18171929
0.55771345	0.011736691	-0.77080387
0.90089	0.5945591	-0.11551627
0.46747732	0.24216998	-0.27529687
0.22451204	0.9945519	-0.12877025
0.7165274	0.60685265	1.2503306
0.16232765	0.61797285	0.15661173
0.3415072	0.38688964	0.538482
0.30879915	0.8013499	0.1183677
0.83586615	0.06033337	-0.2061362
0.19393128	0.35900033	0.21583925
0.5444358	0.8597612	-0.033554364
0.35031074	0.27704573	0.55891013
0.52543336	0.64058	-0.09444564
0.96121013	0.6450161	-0.2831963
0.6068437	0.35749376	0.013834871
0.80129385	0.22085625	-0.72537225
0.18974662	0.6907755	0.26083633
0.8510611	0.8911266	0.010017539
0.11321056	0.45707816	-0.16733544
0.8525477	0.59616137	-0.41206345
0.37725264	0.7555743	0.072131075
0.77406853	0.89025825	1.0270355
0.27617353	0.9926505	-0.18417192
0.43195385	0.19176209	-0.089395635
0.33907795	0.019290447	0.60736847
0.11727804	0.40911752	-0.1937463
0.27988255	0.28904372	0.75817674
0.45207518	0.5170797	-0.14338422
0.09333581	0.6479184	-0.106137544
0.34542018	0.6782346	0.17188945
0.2135148	0.72557855	0.31166655
0.3189913	0.72716576	0.18015619
0.06255555	0.8433818	-0.015488597
0.19381064	0.2371437	0.15689693
0.39266163	0.21023369	0.24265203
0.5579803	0.8118392	-0.009149324
0.8334765	0.087258816	-0.24262819
0.07914162	0.32848865	-0.23153083
0.20769495	0.71583784	0.3060466
0.6657901	0.6130865	1.3481236
0.5557517	0.39636505	-0.37221998
0.38944614	0.77413225	0.041808646
0.012160718	0.7434979	-0.92293495
0.6498669	0.6293906	1.2111938
0.89469516	0.7966965	-0.024517644
0.22437996	0.62053937	0.44433838
0.04272586	0.13303304	0.052136898
0.21131867	0.59406865	0.4691396
0.15943795	0.8094574	0.034641378
0.3189357	0.16924268	0.7553817
0.3179974	0.94995195	-0.119037025
0.5798596	0.01695311	-0.517268
0.69168425	0.66688174	1.5463387
0.3925681	0.05863583	0.22509229
0.28236872	0.84923357	0.032713324
0.90796494	0.5968317	-0.15095848
0.014307678	0.62451655	-1.0226197
0.92784476	0.032045305	0.47665372
0.71477824	0.79656434	1.5169356
0.9701554	0.42298174	-1.0564001
0.31327367	0.080471516	0.770299
0.43682146	0.34812325	-0.20699005
0.31474698	0.49705696	0.55975914
0.12880313	0.17430401	-0.35904542
0.21232599	0.92266744	0.02487705
0.29900688	0.36001801	0.70515394
0.524257	0.66179925	-0.07807833
0.079545915	0.84888786	-0.045066312
0.8313262	0.598363	-0.4382465
0.80120224	0.5903236	-0.16572115
0.25205934	0.85133374	0.13321735
0.01279664	0.3055321	-0.72103286
0.91162795	0.9961058	0.52488136
0.38596046	0.9437153	0.16312632
0.09649712	0.10242778	-0.17437187
0.7192209	0.5286934	0.928273
0.15681356	0.6342112	0.16499336
0.56373954	0.7219029	-0.10096959
0.5425933	0.19658715	-0.603391
0.6239761	0.10140246	0.17650242
0.49009603	0.30995375	-0.3765446
0.9180606	0.39584178	0.0805195
0.42129904	0.47010177	-0.11308476
0.12398988	0.06924862	-0.3510388
0.95654637	0.31278938	-0.5258702
0.25925994	0.43507487	0.58781654
0.08402747	0.9006572	-0.0117939375
0.5958402	0.71439147	0.22104788
0.81845516	0.45274156	-0.5673973
0.9167788	0.26948643	0.31131056
0.1400097	0.24879456	-0.22171696
0.86965704	0.11641586	0.34711212
0.7543359	0.8701175	1.2154905
0.7150591	0.006204009	0.56184536
0.4286505	0.886962	0.310912
0.024741054	0.025397778	0.11830412
0.06054461	0.34056717	-0.28731588
0.247442	0.799854	0.2117372
0.8483815	0.84088373	-0.025702564
0.14031678	0.40911883	-0.09223117
0.59610194	0.36745834	-0.06783353
0.11600608	0.90900594	-0.045484
0.117141485	0.020521522	-0.36145923
0.7935836	0.90892833	0.7391049
0.17985535	0.7474977	0.19986056
0.61086935	0.3026322	0.14405003
0.27218217	0.37091762	0.65508074
0.892184	0.7255079	-0.11137521
0.44384694	0.55955815	-0.107050516
0.7614158	0.3856467	-0.18978925
0.738588	0.9829579	1.1377494
0.54147744	0.73618233	-0.06637528
0.935354	0.9190249	0.76335865
0.47719914	0.6681351	0.02240364
0.68288726	0.9239216	1.1061609
0.21898359	0.63421595	0.45554426
0.21807086	0.60645485	0.42584893
0.1905725	0.7401509	0.2806753
0.26474744	0.093613684	0.82385445
0.88336813	0.035149693	0.49831712
0.3031289	0.9975588	-0.19714345
0.9131913	0.30020118	0.2898239
0.769206	0.37849796	-0.389509
0.5754253	0.18078703	-0.41736352
0.7573589	0.5310682	0.25437772
0.101941586	0.59446454	-0.09862359
0.81842184	0.5871198	-0.3254544
0.16103482	0.18757182	-0.19554986
0.4244842	0.15169048	-0.03344189
0.8100537	0.10145509	-0.520366
0.737373	0.08167243	0.014852095
0.9050324	0.22547156	0.5024784
0.84263086	0.74912095	-0.21715775
0.69081694	0.22499263	0.45590475
0.94100845	0.78226036	0.25916186
0.5552114	0.8954396	-0.050533134
0.69311166	0.0645265	0.5484209
0.90567565	0.7156571	-0.106535584
0.51091814	0.051911056	-0.6823203
0.41403705	0.4144966	-0.14599754
0.39025873	0.31038374	0.23450595
0.4217251	0.97579	0.36003
0.2879045	0.48973238	0.5682426
0.86133003	0.7906751	-0.2346429
0.21817046	0.99369204	-0.07697481
0.9129676	0.07288915	0.5784186
0.36694044	0.98798907	0.07381207
0.8417074	0.59552085	-0.44274732
0.32296956	0.6556679	0.3242516
0.37216032	0.7100498	0.06351872
0.38815814	0.16175056	0.2700699
0.7497145	0.97490877	1.2286686
0.18740171	0.75412905	0.17658153
0.81590134	0.021762908	-0.46301565
0.6680662	0.029607475	0.622202
0.44200003	0.2578714	-0.18736462
0.9152349	0.7207965	0.053132832
0.21136117	0.25336206	0.29028228
0.7090021	0.30322826	0.39254162
0.16016018	0.84740406	-0.024687797
0.34850144	0.11370087	0.68666154
0.34510607	0.94720495	-0.035352897
0.8863042	0.26007122	0.41105202
0.6041753	0.66764206	0.30956835
0.92890567	0.27916276	0.20079234
0.6744711	0.25507993	0.60282737
0.053584933	0.5481729	-0.5446554
0.406178	0.5774995	-0.044372268
0.62544656	0.7581157	0.71324414
0.42932874	0.62093455	-0.0010852069
0.2311694	0.89111674	0.13009755
0.48226488	0.8947878	0.3129412
0.5583348	0.8814142	-0.08986555
0.110471785	0.756007	-0.013079828
0.49533123	0.59710896	-0.062501304
0.9802681	0.46500802	-1.2340441
0.02726674	0.22968769	-0.33261675
0.8442829	0.88717353	0.045799576
0.60253024	0.6878177	0.33627704
0.49381405	0.46936822	-0.23572803
0.3793937	0.8280844	0.014235858
0.5187914	0.55834424	-0.18905608
0.1704387	0.3720733	0.054429796
0.35499495	0.9437527	0.034093913
0.2398979	0.018522322	0.75534815
0.8050788	0.6848147	0.031039057
0.9237665	0.95711577	0.7134717
0.44541353	0.582591	-0.1481849
0.25564063	0.21861637	0.66387045
0.17240214	0.30543506	0.0119166225
0.77814925	0.10131425	-0.49805647
0.5225826	0.5671325	-0.18520266
0.078529775	0.336851	-0.23886886
0.40784633	0.0337106	0.09741502
0.6988159	0.24372101	0.46466756
0.9857988	0.9985863	1.3883755
0.731406	0.17463207	0.022638476
0.23667127	0.23005968	0.4904819
0.88778335	0.4890185	-0.11038016
0.55557984	0.1300525	-0.63194656
0.10750401	0.9930183	-0.070682995
0.9505544	0.92071253	0.85010755
0.32856262	0.71801084	0.23344566
0.48273766	0.7725062	0.19660027
0.61553377	0.6262671	0.53572917
0.3894539	0.93861204	0.07253594
0.047492683	0.24073005	-0.18844226
0.6793874	0.802467	1.5100808
0.8023885	0.04887247	-0.46993673
0.87020904	0.3131426	0.13385953
0.05885297	0.58040994	-0.46348456
0.46398592	0.8010576	0.29521763
0.46232992	0.59185535	-0.09705942
0.21772605	0.3697151	0.41223904
0.046080172	0.91411906	-0.049929842
0.68127394	0.38972318	0.8463787
0.74858147	0.87745917	1.2308679
0.25655687	0.95322484	-0.112895176
0.76545084	0.091864526	-0.2832168
0.5552461	0.4002943	-0.45500344
0.15651172	0.9536817	-0.14857537
0.55349934	0.63252145	-0.17049374
0.9156272	0.55345213	-0.091568194
0.7660181	0.2373054	-0.48419183
0.46818465	0.45984614	-0.2475456
0.07764685	0.366607	-0.27021465
0.2542218	0.032552004	0.81100106
0.50498396	0.80530703	0.11560531
0.9077495	0.92864925	0.3934986
0.78938586	0.077064276	-0.5081485
0.99756014	0.25875396	-1.6647387
0.045576632	0.89625716	-0.032024402
0.8972773	0.8947636	0.1885907
0.06134844	0.4895916	-0.44705558
0.66850233	0.8589521	1.1708125
0.4988925	0.5256764	-0.13439767
0.27513325	0.5991807	0.48885697
0.0488348	0.8634026	-0.16036865
0.13024688	0.6432901	-0.029273354
0.58598787	0.17734253	-0.3370009
0.7349584	0.8844337	1.4203148
0.5555036	0.34136397	-0.4593868
0.25826538	0.52294105	0.6099451
0.78866065	0.7744193	0.56335545
0.8546281	0.296817	-0.056837425
0.94467086	0.5465949	-0.36490157
0.50043154	0.5280826	-0.21263617
0.68947494	0.056980133	0.579703
0.40668112	0.92032915	0.2140311
0.6987642	0.7855638	1.607654
0.013199091	0.7428499	-0.8497637
0.1931122	0.6971352	0.3037037
0.24110681	0.39804822	0.5082795
0.8613243	0.8745213	-0.05753398
0.055167615	0.29091614	-0.24065292
0.24933052	0.13368177	0.5827508
0.956035	0.26296073	-0.4494406
0.08511096	0.116996706	-0.04014609
0.66860825	0.6609575	1.4520619
0.7603651	0.47878796	0.020205053
0.7419603	0.97170246	1.2181191
0.40208465	0.38024074	-0.00017382577
0.94690365	0.6288267	-0.21368544
0.5104393	0.38694167	-0.3714215
0.6968949	0.69386536	1.5699931
0.6902727	0.43213612	0.95273155
0.7794916	0.43949872	-0.43136802
0.50919884	0.37388903	-0.36225688
0.53042763	0.71057177	-0.09254047
0.3143698	0.32229888	0.7120366
0.11368537	0.29127288	-0.23701367
0.20976698	0.27350277	0.25847632
0.7014372	0.1450643	0.39688683
0.7495902	0.60724026	0.78865474
0.3626063	0.9736057	0.044872295
0.67710996	0.39633328	0.89225954
0.98961216	0.90879613	0.8587999
0.8545584	0.7066269	-0.27365068
0.68815404	0.09415412	0.5341705
0.79121834	0.86622494	0.6585826
0.05902034	0.5973906	-0.40788758
0.3415388	0.69743234	0.2018669
0.3040886	0.43451405	0.6431344
0.32517672	0.5131016	0.52530426
0.4520201	0.8499349	0.29620737
0.18699962	0.563445	0.3046185
0.73477656	0.567793	0.8057162
0.023046374	0.25223762	-0.4803666
0.8069447	0.48649186	-0.45930874
0.29738492	0.961396	-0.15089618
0.29214317	0.37658608	0.6376424
0.7213863	0.4601516	0.6836006
0.055440545	0.9356543	0.03637444
0.94331807	0.4759044	-0.4093138
0.80498827	0.4302119	-0.5954511
0.08744627	0.64565605	-0.18757029
0.80632174	0.121436894	-0.4758972
0.56919706	0.07461369	-0.5820243
0.4649123	0.5687746	-0.11245741
0.7895911	0.3050214	-0.6193771
0.9167273	0.5514845	-0.12146757
0.5295398	0.10774058	-0.61843884
0.83361334	0.39661908	-0.54138696
0.086446464	0.023352742	-0.111567855
0.840524	0.31616068	-0.29775918
0.5586805	0.86210513	-0.06487009
0.47009206	0.04855603	-0.4134135
0.21357948	0.19703138	0.3522931
0.23025984	0.45537394	0.47640634
0.7730603	0.2622832	-0.5739685
0.77366763	0.79568374	0.7657213
0.19783449	0.652794	0.35397947
0.4364187	0.02118826	-0.15592726
0.8399173	0.7139112	-0.19234678
0.37620872	0.41323507	0.22767596
0.89443725	0.3058107	0.27633795
0.4490183	0.9136656	0.33482862
0.36640155	0.11559856	0.41731536
0.8294913	0.9477424	0.23123279
0.9449402	0.08539283	0.16942918
0.14670867	0.9704167	-0.14165312
0.38086528	0.9751393	0.17970827
0.7625035	0.9378737	1.1038979
0.8258024	0.34178907	-0.49117658
0.86114305	0.36612052	-0.16154489
0.88699394	0.40599394	0.075397424
0.21840692	0.03589624	0.48516414
0.5861796	0.24935126	-0.24325699
0.29306018	0.7372697	0.23418386
0.40941375	0.6782666	0.006430581
0.59825057	0.37378323	0.015243448
0.84865326	0.82177585	-0.053866513
0.46523327	0.5028631	-0.22752434
0.9950476	0.2655732	-1.6544051
0.28046858	0.5315039	0.5791909
0.91296726	0.35299712	0.21017332
0.02458173	0.33926737	-0.6360607
0.81130093	0.5620058	-0.32045624
0.55597776	0.9559315	-0.12776218
0.46560556	0.24987018	-0.2697375
0.6826241	0.4276473	1.0166944
0.96548533	0.7819728	0.31895512
0.8883459	0.052743852	0.55181706
0.72799563	0.8013691	1.4021848
0.8266469	0.39076978	-0.5481413
0.29608154	0.40743142	0.67634267
0.75421023	0.60117495	0.6119814
0.50296587	0.23502094	-0.48406765
0.39723825	0.3877234	0.0124003105
0.7315138	0.16725922	-0.010155082
0.5026671	0.24936038	-0.38682583
0.93501216	0.9870231	0.9100023
0.85570794	0.7691103	-0.19233422
0.81239885	0.81608176	0.24313459
0.76489407	0.31970024	-0.5002821
0.34061068	0.8811019	-0.06035366
0.5511538	0.3079642	-0.5094821
0.6794594	0.17581123	0.5730457
0.939263	0.6153824	-0.16327795
0.8790772	0.31451833	0.24644199
0.7926871	0.1421091	-0.60282886
0.9842939	0.63733405	-0.6667539
0.57718647	0.6144038	-0.033732027
0.73207754	0.89308685	1.4192121
0.9957583	0.69249994	-0.6433981
0.6866371	0.4928468	1.2097306
0.5801847	0.96658164	-0.27038208
0.6171127	0.82075095	0.51378715
0.9720714	0.5086429	-1.0167828
0.5890094	0.20443934	-0.31939787
0.46235144	0.9093795	0.32150593
0.3342116	0.18265635	0.6267606
0.16572028	0.050180018	-0.21334934
0.4097587	0.86459386	0.14830528
0.6267218	0.6946761	0.79584616
0.5809305	0.05909735	-0.46277115
0.7673885	0.030349076	-0.31853938
0.21369892	0.45365995	0.41382307
0.110796034	0.40215576	-0.18776892
0.6795502	0.35377473	0.8252977
0.84835124	0.2512045	-0.11119373
0.84921235	0.96290517	0.15463386
0.45246756	0.44812298	-0.21117517
0.289429	0.35761315	0.7194628
0.2099638	0.8988073	0.08103623
0.32134795	0.46456844	0.5812905
0.8189527	0.031390667	-0.41733012
0.04884845	0.98519653	0.05500362
0.34366953	0.794571	0.06332952
0.40788823	0.98801917	0.27762312
0.7537301	0.19878983	-0.3347247
0.23814636	0.21547395	0.53701955
0.8057743	0.9981128	0.6489879
0.6745283	0.8385304	1.3023471
0.17533672	0.7225385	0.19760059
0.43596947	0.7452029	0.028089166
0.1220091	0.80719566	-0.070120566
0.86191666	0.0064778924	0.12972121
0.027388275	0.6017797	-0.83420557
0.97200805	0.65837365	-0.40392584
0.9036345	0.09187919	0.6215777
0.2922005	0.8059442	0.11192233
0.7175278	0.31245166	0.3208408
0.37733442	0.67294216	0.042784177
0.8938505	0.3333953	0.26464888
0.71739656	0.24443996	0.27122533
0.704988	0.54439557	1.1780845
0.3172741	0.49123704	0.5666875
0.39555234	0.8110999	0.09510042
0.29401636	0.89826673	-0.033042237
0.8917563	0.6382623	-0.19732052
0.20574272	0.0007687211	0.32014748
0.79855365	0.38280702	-0.6185763
0.92563725	0.6470434	-0.113555394
0.46479	0.4609897	-0.19554971
0.85353357	0.09478146	0.10040663
0.17559582	0.8347782	0.123799816
0.5386728	0.6473901	-0.15023136
0.24902546	0.2902596	0.5825263
0.20089442	0.4977746	0.34058845
0.6825414	0.47932982	1.1607207
0.35211653	0.7547881	0.07937753
0.9135877	0.4139452	0.024285786
0.06098807	0.396357	-0.33494726
0.66712147	0.37018394	0.87475556
0.41335434	0.5188573	-0.07823246
0.15835899	0.34950167	-0.07406552
0.14985693	0.6161795	0.11077937
0.2792195	0.9353039	-0.061466936
0.85926116	0.8670297	-0.0062744915
0.26154637	0.30264056	0.63100004
0.04022944	0.77087414	-0.36848179
0.10185784	0.9323824	-0.05332024
0.40917432	0.62138146	-0.068501465
0.18247724	0.3634352	0.13248229
0.3833307	0.9809791	0.1322118
0.45041537	0.66066885	-0.044323653
0.894711	0.09227532	0.6289365
0.7165897	0.08224404	0.31615943
0.32686478	0.06504434	0.63159376
0.57663226	0.32559252	-0.35630253
0.73887277	0.22750902	-0.12550324
0.5522945	0.71814054	-0.109372325
0.3434878	0.45948064	0.5074078
0.31348443	0.2171709	0.82836854
0.3149976	0.47432214	0.64272475
0.8982539	0.0044382215	0.58330494
0.6214535	0.073589444	0.09748876
0.4468097	0.6507426	-0.046463847
0.485965	0.9171216	0.29745525
0.2513463	0.5711648	0.4258688
0.05082512	0.37008715	-0.44347242
0.8187334	0.15473187	-0.41364506
0.576709	0.8081132	-0.012595782
0.30953074	0.29635435	0.7462778
0.10331565	0.7532968	-0.020123955
0.8290645	0.46734983	-0.5272585
0.75016457	0.8699515	1.302612
0.18209386	0.88605547	0.006703304
0.23437762	0.20841658	0.5065167
0.013739347	0.138627	-0.20082991
0.66368	0.25377357	0.62544197
0.5663099	0.40797913	-0.27995598
0.452609	0.57901263	-0.10801636
0.5034164	0.0527941	-0.5911811
0.47527337	0.08031428	-0.45590013
0.067492604	0.09334725	0.10201222
0.949195	0.18896449	-0.0925574
0.17983711	0.42200905	0.16084425
0.11375332	0.26879084	-0.3025274
0.349531	0.22415042	0.6000976
0.12630957	0.528851	-0.13989864
0.97734696	0.8158639	0.32454193
0.9676124	0.5276856	-0.76762325
0.34251958	0.8096298	0.07884156
0.31661135	0.4103868	0.601028
0.3443352	0.91752756	-0.07231806
0.08438295	0.90836656	0.04792945
0.43117785	0.6482668	-0.0824955
0.3789277	0.34403515	0.28382847
0.82354844	0.7722867	-0.046198294
0.31059128	0.9622267	-0.08516884
0.6255248	0.6195038	0.753386
0.44272512	0.80829954	0.1503526
0.15041828	0.5423775	0.074738316
0.4004805	0.5980533	-0.05173403
0.33784318	0.65098494	0.25642043
0.86458415	0.016185999	0.18705922
0.81970763	0.72410697	-0.03638356
0.64232975	0.3618999	0.62228465
0.10499269	0.95822734	-0.06565051
0.16264701	0.44953	0.07820249
0.43505841	0.09311098	-0.08269264
0.06685078	0.48318946	-0.39796123
0.9327207	0.4490286	-0.13272318
0.7821621	0.96990335	0.9315997
0.38527322	0.27335382	0.22793345
0.8100621	0.7616584	0.15537961
0.7884891	0.6996673	0.31604862
0.35877717	0.033275604	0.58708286
0.8117304	0.78870815	0.21932185
0.92805743	0.37685645	0.013444446
0.32341534	0.61999774	0.3828792
0.14440072	0.64646935	0.14322731
0.45238024	0.07682991	-0.30129153
0.026546955	0.040536046	0.15670176
0.17019844	0.41810054	0.09811699
0.6329747	0.08977842	0.27001557
0.31517118	0.18605965	0.7899987
0.31799048	0.9623804	-0.07916475
0.23063815	0.04038441	0.58251226
0.3915307	0.21231627	0.18066697
0.35992688	0.6408601	0.21711656
0.09009117	0.66901165	-0.045169227
0.73558605	0.2571255	-0.07008504
0.757829	0.25224394	-0.37804353
0.8124125	0.8159802	0.21313015
0.26801568	0.86190134	0.045815486
0.70930505	0.07949793	0.38883138
0.99919146	0.0074027777	-0.80642414
0.7698004	0.90467435	1.0637935
0.4153651	0.11540854	0.075207755
0.3280747	0.40426117	0.59147984
0.31229752	0.3341264	0.6425766
0.9197585	0.029279113	0.49757862
0.12973505	0.74251765	0.05708187
0.77222884	0.9072066	0.9665728
0.8175984	0.4781996	-0.49436036
0.7797432	0.5669277	-0.031473495
0.72185344	0.56951976	1.0533594
0.14012378	0.10038835	-0.33846405
0.54343855	0.12262851	-0.6542306
0.1565063	0.8534566	0.011748277
0.24589694	0.39649785	0.5448892
0.055226624	0.26680666	-0.28031585
0.6288945	0.10731751	0.21634975
0.02170664	0.8025902	-0.5915093
0.5137872	0.77087766	0.05902272
0.061986864	0.56741387	-0.3856899
0.9838103	0.13921797	-0.86435795
0.46373922	0.20528471	-0.3089083
0.008352876	0.725239	-0.94301444
0.04578525	0.014455795	0.20418124
0.20247704	0.30681187	0.22522433
0.8348177	0.312788	-0.4411598
0.21344954	0.11751902	0.33730564
0.48409545	0.937595	0.27156603
0.1470576	0.82942736	0.039325472
0.7529101	0.12502855	-0.25649145
0.34382164	0.34783775	0.5736139
0.80769587	0.53852355	-0.41270262
0.23841459	0.13581902	0.58728886
0.590314	0.94371307	-0.13227195
0.086616755	0.49149752	-0.2589384
0.8386327	0.33531678	-0.3597631
0.4184575	0.7215046	0.021649634
0.084352374	0.45497882	-0.28746486
0.955796	0.2169342	-0.32672754
0.3323725	0.31038475	0.66555834
0.71281046	0.2173081	0.32008734
0.049075782	0.6864908	-0.39502212
0.82342106	0.99703354	0.4556346
0.5917544	0.98123145	-0.23881376
0.03229177	0.71446174	-0.5705663
0.23464268	0.037940204	0.62641835
0.3264585	0.3056025	0.7213321
0.011018693	0.47947258	-1.189914
0.35828966	0.9175194	0.0050340863
0.4489076	0.6917485	0.018736217
0.97805387	0.9136827	0.9623743
0.17417276	0.4084429	0.12104731
0.52917624	0.5142488	-0.3216064
0.6198916	0.14773446	0.081998855
0.5680368	0.567888	-0.19324096
0.8173582	0.07948172	-0.4609865
0.78210723	0.90513235	0.8942097
0.11881089	0.82170886	-0.026838662
0.9806274	0.5518987	-1.0455834
0.24993265	0.81727564	0.1959557
0.8038477	0.651291	-0.0046619363
0.78809685	0.022424698	-0.44467086
0.46650445	0.99513096	0.3679486
0.13299733	0.8563296	-0.043223344
0.24020803	0.39868522	0.5210119
0.49660343	0.20982665	-0.47765476
0.13388586	0.62442684	0.08205202
0.87853354	0.32837898	0.15723689
0.19604129	0.8358492	0.19170938
0.28999066	0.6501844	0.41264758
0.21699834	0.6407774	0.42439967
0.66687745	0.13687742	0.54871875
0.120512724	0.6202151	0.012319241
0.7802057	0.68999654	0.37280622
0.61284685	0.63344806	0.504214
0.05361432	0.82460594	-0.078514874
0.032652557	0.41354477	-0.6462036
0.6786552	0.13280511	0.57436615
0.48741633	0.5606559	-0.16888618
0.05766362	0.5891799	-0.41760013
0.2441076	0.17019057	0.6662564
0.6104778	0.3241189	0.11670534
0.99491566	0.7422746	-0.26183668
0.95594954	0.80302036	0.39824873
0.7012516	0.11889511	0.38867638
0.7457929	0.1495974	-0.16143923
0.9472646	0.24461186	-0.19656065
0.67312205	0.044368148	0.6396259
0.41247058	0.5792471	-0.09944029
0.6430461	0.31015486	0.5578984
0.690618	0.11179179	0.5334641
0.8250699	0.93987596	0.32261884
0.89203566	0.91359395	0.17221093
0.94065374	0.56813467	-0.22924453
0.54704016	0.7555903	-0.0434512
0.25879496	0.57025886	0.47900417
0.098364115	0.58101374	-0.09804578
0.53809875	0.46748596	-0.35195246
0.05129832	0.61643785	-0.49141374
0.16486853	0.740348	0.16044958
0.33946377	0.68243223	0.24248019
0.71205586	0.9249238	1.2709516
0.9549021	0.12163204	-0.11977048
0.76117176	0.9115886	1.1114509
0.38307625	0.74668586	0.057868205
0.13069993	0.2617898	-0.25032842
0.6631463	0.7215736	1.389919
0.5326369	0.587265	-0.17085719
0.80205387	0.12113321	-0.58704174
0.4836234	0.96403	0.29582158
0.25834864	0.93384516	-0.035563618
0.850326	0.37846172	-0.2999315
0.7039517	0.3928473	0.73067385
0.9562536	0.6130342	-0.40411574
0.26562816	0.4216709	0.62315214
0.47777092	0.23802692	-0.3114937
0.58692145	0.08533198	-0.46420398
0.81473386	0.16504443	-0.5392263
0.98562175	0.2781685	-1.3292476
0.18356144	0.6631798	0.2867298
0.90710485	0.91930526	0.32516766
0.9903803	0.79810333	0.13464762
0.81653666	0.5374918	-0.40599746
0.17270279	0.43065298	0.09918858
0.5746143	0.36893588	-0.33113256
0.7424991	0.1458019	-0.18760967
0.9741974	0.28256512	-0.98980373
0.340788	0.6865457	0.26965407
0.067676485	0.24819076	-0.19506757
0.13239992	0.32499188	-0.22107151
0.23570955	0.827201	0.17336106
0.63708866	0.67049336	1.0189698
0.77648383	0.7185725	0.5780277
0.6724171	0.23333353	0.5871118
0.92428106	0.3387347	0.027344398
0.6895549	0.028200746	0.6341244
0.92783195	0.59752387	-0.17149335
0.58270633	0.37509847	-0.26577723
0.022683144	0.53190064	-0.9628279
0.1313535	0.6400315	0.0449024
0.29852313	0.3239892	0.75201136
0.6147279	0.6398802	0.53030455
0.04405451	0.40295613	-0.55784553
0.42247057	0.35594726	-0.07725438
0.95597637	0.30169708	-0.5061989
0.10256088	0.88207984	-0.02951862
0.4718606	0.42409867	-0.29269934
0.7569495	0.4484495	-0.051974423
0.59364825	0.09333414	-0.31371322
0.77533394	0.38759136	-0.4865922
0.5665924	0.6979759	-0.070466414
0.14741707	0.20877612	-0.25446546
0.44415236	0.6097366	-0.05509298
0.63634056	0.40567034	0.62723047
0.540353	0.14273578	-0.6491395
0.63163644	0.7475568	0.7677433
0.360682	0.046971083	0.51580006
0.16377497	0.85098445	0.04454486
0.8365204	0.9373032	0.2500534
0.4222473	0.3120227	-0.095121056
0.51096207	0.6150012	-0.1211844
0.5339535	0.9149876	0.04680675
0.66233885	0.21370256	0.58990556
0.74659324	0.9253578	1.2900727
0.19023365	0.47922063	0.24473578
0.15892279	0.005789578	-0.24385582
0.27618688	0.5074701	0.61173713
0.08651459	0.92624277	0.04608174
0.44271922	0.8081186	0.20868817
0.6363676	0.81863946	0.77784646
0.5558545	0.3308189	-0.44959238
0.015829861	0.46057415	-1.0416318
0.59874624	0.034155786	-0.29390186
0.99607706	0.65760094	-0.8197529
0.75807893	0.20862502	-0.38453647
0.67849517	0.12804037	0.59709024
0.73411846	0.09250724	0.07742977
0.22292048	0.07787514	0.49324095
0.2527051	0.47246248	0.58085674
0.3765689	0.48187858	0.14635819
0.8194594	0.56307936	-0.41864073
0.35202348	0.8103294	0.09075395
0.020984411	0.17447317	-0.25460556
0.62737274	0.38666832	0.48152986
0.7487599	0.18930727	-0.28444627
0.2579537	0.488483	0.55238134
0.18160266	0.4184966	0.19002712
0.6965985	0.05688578	0.5642183
0.3256914	0.77466416	0.11302119
0.28314108	0.39507878	0.67485726
0.45636702	0.8607302	0.2645811
0.60400623	0.9740546	-0.15146899
0.56041425	0.006329894	-0.7609627
0.029112458	0.10012126	0.054592483
0.16575825	0.22814387	-0.1018292
0.70477194	0.34480435	0.5501735
0.0061377287	0.42671764	-1.1575253
0.33955246	0.93632627	-0.016066477
0.597117	0.7977203	0.15998031
0.48322123	0.4469869	-0.27399433
0.7100428	0.25389624	0.3541397
0.33552212	0.24094659	0.64810187
0.17166507	0.27448773	-0.07323897
0.16108888	0.31593788	-0.086230695
0.7364747	0.21466637	-0.09864704
0.3858989	0.97723967	0.13873282
0.8260803	0.24623907	-0.4640522
0.54746395	0.08280134	-0.67692345
0.009738982	0.62673676	-1.1304035
0.028310776	0.8091308	-0.43442243
0.29484534	0.65916824	0.38566518
0.6816028	0.66261506	1.6289554
0.93514967	0.23874515	0.1345571
0.769871	0.2501827	-0.48371848
0.03094858	0.45614952	-0.7475127
0.24847162	0.48326683	0.5739903
0.9024572	0.3687172	0.17083818
0.21426356	0.30466866	0.33155426
0.7502429	0.18872207	-0.31498846
0.58067024	0.7968527	0.012760444
0.66195506	0.9510772	0.70754004
0.73937726	0.17807394	-0.11170017
0.2365771	0.80559397	0.27977523
0.8838013	0.3084386	0.30236182
0.75701	0.83755606	1.1231636
0.35660994	0.5037396	0.35062325
0.7020153	0.08170879	0.51998216
0.68919015	0.54774	1.3504722
0.6850733	0.436778	0.99386007
0.015204072	0.871643	-0.5233226
0.75399846	0.15129578	-0.31651062
0.9159064	0.8787334	0.39030743
0.19142228	0.9901782	-0.13056463
0.62253594	0.3393209	0.31589296
0.09760672	0.4698347	-0.19742174
0.44557709	0.8599608	0.21500778
0.9883537	0.1021083	-0.8782458
0.58108896	0.957953	-0.21529871
0.611429	0.87102246	0.24570762
0.18541354	0.48866373	0.24617654
0.18902475	0.0060347915	0.110680535
0.315656	0.903541	-0.047741663
0.31520015	0.48309642	0.64084756
0.9178516	0.37865162	0.16111447
0.7026561	0.7457906	1.607984
0.25832433	0.8733807	0.03778241
0.7758328	0.25971842	-0.5535147
0.2519145	0.67144674	0.3770576
0.9847515	0.045744956	-0.63885444
0.5119277	0.048624516	-0.70949656
0.04602039	0.7778867	-0.30859032
0.6853084	0.32881904	0.7486446
0.7674597	0.11316788	-0.40315068
0.37048042	0.5062896	0.2564105
0.13323492	0.27962458	-0.2720854
0.55401796	0.89370024	-0.0626919
0.5663272	0.40394837	-0.40546796
0.9052376	0.0072616935	0.58212274
0.623692	0.85268855	0.4210146
0.010721326	0.4788797	-1.1640842
0.16377741	0.31402385	-0.09234681
0.5097944	0.35880017	-0.37325752
0.2509073	0.5205892	0.56657434
0.50160503	0.8543418	0.22036955
0.62688607	0.59460145	0.8194417
0.8231627	0.75579756	-0.065358214
0.22326756	0.019173801	0.55610114
0.7468433	0.20174307	-0.18869054
0.32573766	0.66129494	0.26954558
0.2635581	0.0036689043	0.8448819
0.4875793	0.7744656	0.20962967
0.011346638	0.809252	-0.704656
0.5350275	0.96145743	-0.043678023
0.20428014	0.8398099	0.1917243
0.45427144	0.83731776	0.22927447
0.76985925	0.9340383	1.0387696
0.67311454	0.70936745	1.5610878
0.32027996	0.24492991	0.7643752
0.9747474	0.24172539	-0.9135389
0.2114132	0.66777366	0.3986547
0.52030975	0.8486917	0.14418776
0.018253028	0.63514286	-0.95735085
0.6185087	0.46769983	0.4220637
0.3819819	0.4668349	0.12768936
0.0991174	0.48926598	-0.19055903
0.67857945	0.34659457	0.8330032
0.16116995	0.46839446	0.095978014
0.9827289	0.026545763	-0.5520549
0.45609844	0.20240527	-0.25510842
0.15253508	0.35908347	-0.027968194
0.5591905	0.13638258	-0.6250618
0.77162695	0.44362158	-0.21213637
0.50395364	0.33466995	-0.3803836
0.11403173	0.3124267	-0.2001557
0.99388087	0.78069484	-0.07766582
0.9047809	0.7627306	-0.02328611
0.27887785	0.17950606	0.78223026
0.79066527	0.14311558	-0.6040833
0.16061586	0.7493922	0.123960696
0.90156573	0.4725663	-0.019094588
0.8542139	0.95144576	0.14411084
0.7077212	0.11461413	0.423403
0.16340446	0.965151	-0.16797726
0.87419826	0.050022542	0.40516663
0.28561574	0.0065879226	0.9291507
0.51201785	0.40281326	-0.41131398
0.562239	0.37303185	-0.39844587
0.4418661	0.45917785	-0.22844373
0.9028203	0.6371207	-0.19192275
0.09202498	0.16836184	-0.1699054
0.8107822	0.6391035	-0.18151556
0.24617517	0.4158942	0.58960015
0.21037167	0.14014184	0.30831107
0.13619673	0.70474946	0.111092106
0.45815867	0.9847296	0.38614875
0.56407726	0.06918985	-0.5835072
0.59170556	0.38548404	-0.16421509
0.57871747	0.22775209	-0.38421014
0.45849222	0.88147455	0.31417426
0.92371184	0.048921406	0.49900064
0.034193516	0.3055911	-0.49948812
0.33561206	0.9887347	-0.031271107
0.91673017	0.40815192	0.06777389
0.08624315	0.6068929	-0.2275379
0.3627947	0.950141	0.06446505
0.48504937	0.927045	0.31051147
0.25675994	0.10464007	0.7620707
0.34231788	0.6949803	0.21749885
0.19638544	0.5194698	0.41057745
0.2893669	0.47683275	0.6558114
0.15435171	0.24403703	-0.18367025
0.20385432	0.56144667	0.36184558
0.2889905	0.09560418	0.87059665
0.66723734	0.4598012	1.0698341
0.6997263	0.87514883	1.3872373
0.1399495	0.10932273	-0.34271687
0.6740558	0.5209299	1.251229
0.8821471	0.43020988	0.035457164
0.2737642	0.49727738	0.58849686
0.20179528	0.63546604	0.37308347
0.5956995	0.5756158	0.1569054
0.39361048	0.68579936	0.024785668
0.2225939	0.5334552	0.44941205
0.051964045	0.7040161	-0.3631219
0.22684646	0.11920351	0.5024438
0.7972516	0.12555176	-0.55176246
0.11167723	0.23208082	-0.2601602
0.7296284	0.34841108	0.30657312
0.04573387	0.6300835	-0.521399
0.20300907	0.23209816	0.24417411
0.69882065	0.20428962	0.44884962
0.6742806	0.20495355	0.54114723
0.26548553	0.09733552	0.73566896
0.94587517	0.3431546	-0.29289678
0.857898	0.40999383	-0.24837881
0.3162076	0.80357075	0.019893881
0.40178293	0.35250401	-0.012412164
0.8218062	0.68507457	-0.22810432
0.15874034	0.0862456	-0.26948777
0.81037474	0.3251378	-0.6270997
0.32142395	0.33917165	0.66331995
0.5047381	0.28556067	-0.39937568
0.0999307	0.5532011	-0.15686047
0.70077044	0.35804743	0.6380513
0.4594735	0.76584893	0.18545306
0.3451941	0.7469934	0.123299755
0.9056278	0.8178314	0.066979446
0.36351746	0.7555652	0.05127696
0.031125963	0.28400224	-0.38696837
0.78506815	0.7691823	0.5436976
0.8631654	0.33682674	0.0032627769
0.06380105	0.96790826	0.13783267
0.83095664	0.31027526	-0.38395125
0.8422154	0.85316133	0.025887944
0.5675775	0.56751084	-0.17710623
0.5494484	0.78594166	-0.05265166
0.5030374	0.69509697	0.046462562
0.5115779	0.690235	-0.019283151
0.67714894	0.89582795	1.1470212
0.93994987	0.4019571	-0.30431142
0.079575896	0.8167805	-0.026147012
0.43646538	0.49563956	-0.14063527
0.26572138	0.5624462	0.5190958
0.8449432	0.01750356	-0.09608636
0.09256899	0.9184832	0.008793342
0.20528096	0.09247589	0.26816428
0.8275578	0.6278098	-0.31418994
0.17947704	0.8655618	0.052901283
0.41677463	0.8031428	0.10356755
0.41116786	0.32505822	-0.08924473
0.52567846	0.93228084	0.119929194
0.55519974	0.4571215	-0.41262308
0.8463886	0.33534503	-0.29149607
0.54846996	0.90306896	-0.076815605
0.29059917	0.35740024	0.70942664
0.27834928	0.55086994	0.5641976
0.66371804	0.46089214	1.0631447
0.4058969	0.72533286	0.003038466
0.34908807	0.4599607	0.44294223
0.4468286	0.33238232	-0.22981131
0.76777124	0.89986324	1.0577035
0.54849577	0.8729019	-0.018997876
0.50558484	0.4309644	-0.34860054
0.93080544	0.034256995	0.43504998
0.977136	0.89008474	0.822429
0.9554094	0.42477137	-0.63002443
0.89979297	0.3971749	0.1341848
0.20042807	0.65273213	0.38217273
0.12733442	0.01581353	-0.3699766
0.4383859	0.7566716	0.088518016
0.42685223	0.40137315	-0.198615
0.49756247	0.72457105	0.059593532
0.15267187	0.44236732	0.016903788
0.17004329	0.783743	0.13009769
0.27429187	0.013207495	0.91031843
0.45790642	0.7446659	0.10273943
0.11369705	0.35116762	-0.21322085
0.74570644	0.78505623	1.207461
0.56200296	0.045941472	-0.70929384
0.72915703	0.3190871	0.103192315
0.85681176	0.38685215	-0.21953793
0.021144092	0.65740305	-0.8715243
0.96290666	0.9726949	1.2503176
0.35301566	0.87579054	0.053142395
0.04346776	0.7813044	-0.3391345
0.10988438	0.11261672	-0.3212448
0.8124061	0.24482316	-0.6648305
0.92249376	0.008120656	0.5002565
0.944772	0.61847997	-0.21214508
0.6358667	0.68313825	0.9899944
0.774253	0.16169828	-0.52323323
0.9150055	0.13097173	0.61957186
0.6845696	0.8897775	1.2430954
0.15202034	0.9523851	-0.18508753
0.7555892	0.09976351	-0.2496083
0.92724144	0.1370126	0.46957612
0.65323013	0.55821836	1.1369067
0.4268421	0.49749815	-0.1413688
0.06598765	0.14473093	-0.05082561
0.08452237	0.07326347	-0.15147395
0.59709215	0.22657019	-0.1809872
0.84732	0.56337196	-0.46725237
0.19384563	0.33962053	0.22772396
0.8723808	0.36026794	0.0030879658
0.72483337	0.2691869	0.13670257
0.6406256	0.55110514	0.9980482
0.05283606	0.82300276	-0.115349226
0.61776584	0.21582818	0.08121096
0.69283575	0.1672762	0.4774549
0.57382053	0.696726	0.0046309177
0.6971535	0.745017	1.6022439
0.38879812	0.49277395	-0.00090149045
0.31987572	0.34030092	0.706152
0.32339847	0.4672764	0.5963086
0.45579404	0.55677384	-0.14205222
0.9366064	0.68461174	-0.04855645
0.48740733	0.09501392	-0.4972716
0.80274355	0.65340763	-0.04147417
0.54224837	0.56719875	-0.23040211
0.41919506	0.8171145	0.15220584
0.96298265	0.49167442	-0.75803447
0.9966419	0.5372022	-1.3935311
0.8045867	0.55708057	-0.29300526
0.25483447	0.73794466	0.31693017
0.7710727	0.1597982	-0.5051428
0.97642756	0.19830275	-0.8690239
0.03222227	0.6402868	-0.7351431
0.19270158	0.17617983	0.09615162
0.24045426	0.05516416	0.6924586
0.7373	0.8256259	1.3656187
0.5642051	0.89349735	-0.08626883
0.95719945	0.9440331	1.0441792
0.5088855	0.89671874	0.1511539
0.8356513	0.6515633	-0.28228417
0.73302186	0.15265352	-0.019126203
0.986711	0.8293476	0.4414738
0.8104187	0.7393476	0.14828685
0.88328975	0.086372375	0.5454837
0.9357786	0.54801524	-0.21403891
0.8948676	0.9821733	0.319577
0.26012206	0.04916835	0.847264
0.30118012	0.40107793	0.73567575
0.9425461	0.89080703	0.67418236
0.371215	0.07152742	0.412001
0.7767694	0.21912795	-0.6294281
0.32701576	0.26783872	0.70010954
0.5829269	0.76700693	0.067958556
0.4069767	0.11812252	0.12813076
0.8231326	0.958383	0.4060827
0.26446968	0.20635879	0.6774398
0.35840338	0.99007547	0.020309787
0.36161143	0.64790255	0.10277058
0.20962381	0.75966424	0.24102828
0.60189915	0.60075444	0.24983492
0.95371485	0.68895483	-0.113867216
0.070590675	0.067680776	-0.008972395
0.06524658	0.8956826	0.0021169
0.29600316	0.5509234	0.51918125
0.15177566	0.7274201	0.10722212
0.4875633	0.065819144	-0.50993764
0.8807577	0.6369267	-0.22995642
0.08049315	0.7649654	-0.08756425
0.3474723	0.17306119	0.5990829
0.8908375	0.7734138	-0.08318805
0.19321114	0.45926815	0.32663038
0.24308133	0.40430206	0.5342513
0.26497072	0.2039628	0.7148307
0.040139854	0.6855537	-0.57336295
0.7768698	0.9106247	0.9473048
0.67233694	0.07610017	0.6584023
0.20632154	0.8641975	0.12633203
0.7394515	0.55433625	0.65944105
0.36620438	0.2319268	0.51417524
0.60126114	0.3367132	-0.054121636
0.89052355	0.20944953	0.42892513
0.5803312	0.4456408	-0.22694106
0.9441046	0.9359419	0.86319184
0.73891795	0.050017416	0.076768905
0.7890262	0.8168799	0.5715894
0.3383565	0.7604402	0.09374068
0.3810652	0.097654045	0.38804328
0.34592122	0.33638328	0.62696433
0.124240935	0.92093414	-0.07674149
0.3824137	0.32248676	0.20772006
0.75871426	0.034933448	-0.16543704
0.08051556	0.26674742	-0.21668525
0.5888725	0.009486377	-0.4718163
0.7097022	0.8635422	1.4108096
0.45604217	0.6517523	0.027506847
0.3547281	0.2064141	0.5703798
0.6268409	0.737353	0.7016746
0.5263779	0.76933205	0.058874022
0.44403058	0.21758068	-0.14740133
0.58265334	0.7416627	0.10985197
0.96729463	0.87016046	0.6452509
0.32762367	0.062360168	0.7175993
0.4498821	0.9088057	0.26979586
0.53418577	0.7295292	-0.02966917
0.11809784	0.7888628	0.01140403
0.7460128	0.7466933	1.1686233
0.5471886	0.7272208	-0.092891775
0.8348219	0.77021813	-0.08773757
0.7866657	0.24941248	-0.7349317
0.8584357	0.26875985	0.05249142
0.4427036	0.7821596	0.18238904
0.55255955	0.9780847	-0.17209102
0.8130238	0.3213653	-0.6477039
0.7559303	0.34721673	-0.2697801
0.77713466	0.82553387	0.8181788
0.29952925	0.64552367	0.36666656
0.11048663	0.4966001	-0.13162066
0.18959987	0.1218459	0.03762902
0.45719266	0.7274704	0.105315074
0.032736063	0.5836116	-0.7578745
0.4686455	0.6343014	-0.03890191
0.062441766	0.4379326	-0.41346785
0.5962702	0.21701854	-0.19473712
0.44941974	0.065115035	-0.23165344
0.95142734	0.64115894	-0.24121661
0.93143135	0.06232661	0.4287563
0.07461202	0.2360143	-0.16593847
0.9822961	0.73352736	-0.11983774
0.2894053	0.88369566	-0.034761228
0.0006996989	0.33894068	-1.009447
0.5401421	0.8100915	-0.01446926
0.3228596	0.16312104	0.7277132
0.09794766	0.20525455	-0.23848635
0.7742968	0.25659353	-0.63791233
0.097996116	0.93250215	-0.016089765
0.31777108	0.20686442	0.82442725
0.63807714	0.5441982	0.992845
0.37433332	0.9386783	0.10820001
0.76949173	0.27175504	-0.52322876
0.661741	0.6964266	1.3920361
0.563984	0.5501719	-0.27508748
0.09715986	0.3052457	-0.27120754
0.5517393	0.7789466	-0.041373707
0.7020298	0.70072544	1.55893
0.39296454	0.5536902	0.026706673
0.76771337	0.26303363	-0.5367856
0.5027572	0.33198643	-0.33565858
0.34794205	0.015279174	0.6133729
0.25568235	0.16007769	0.6786055
0.8267414	0.5310446	-0.52131844
0.7552858	0.8068884	1.0973951
0.16442144	0.37707114	0.029698128
0.08168411	0.80515474	-0.06306699
0.41779017	0.21531218	-0.056218415
0.13651794	0.5787682	0.04526919
0.38116825	0.8669552	0.07261951
0.0395447	0.44182128	-0.61404335
0.7643291	0.22619426	-0.5095407
0.0028922558	0.67542917	-1.1602027
0.6812903	0.6721357	1.5032781
0.5188274	0.4360757	-0.3187547
0.6912025	0.26328582	0.527709
0.023052037	0.23325819	-0.34336758
0.8133956	0.9947515	0.593941
0.79189575	0.6736966	0.21640389
0.8099559	0.9888463	0.61885226
0.25754333	0.16276652	0.70170105
0.7588558	0.37338662	-0.20536251
0.31395376	0.2129026	0.720639
0.8731196	0.99722713	0.19387163
0.101187825	0.45930326	-0.26021093
0.09506309	0.7649569	-0.06347866
0.44764137	0.8677411	0.33161938
0.9676729	0.6635181	-0.3350784
0.75701994	0.87981576	1.1767377
0.15338624	0.7367234	0.06555699
0.64095205	0.35700303	0.58763766
0.16469347	0.26809734	-0.07369615
0.18490404	0.81408244	0.13812742
0.6380446	0.5227734	0.848748
0.2192784	0.15198272	0.38576674
0.9113545	0.19018972	0.57442445
0.98515886	0.35870546	-1.4432827
0.8380824	0.60192734	-0.4308749
0.22533095	0.95398617	-0.04697398
0.05824262	0.36661243	-0.43644854
0.8060612	0.7936016	0.26996505
0.1252358	0.25669998	-0.2674996
0.010539591	0.59307885	-1.1043521
0.5534255	0.34009302	-0.4873761
0.08732176	0.28746456	-0.25231504
0.5157011	0.71908116	0.053289182
0.52749634	0.5540347	-0.21793185
0.8935956	0.1656909	0.58858746
0.06189084	0.78474003	-0.13834238
0.28622186	0.068330646	0.8404874
0.65320235	0.114644945	0.51361865
0.7823185	0.5606534	-0.046632882
0.037490904	0.3140729	-0.43039992
0.29288656	0.8841402	-0.021949943
0.8049464	0.48012763	-0.4806231
0.93647575	0.8689917	0.548342
0.012463272	0.87944615	-0.5283926
0.6182113	0.9287429	0.09791612
0.8463178	0.13847911	-0.044296622
0.39886695	0.5834998	-0.0025961138
0.30475688	0.5833088	0.49666432
0.88423735	0.41940695	-0.039691307
0.13450104	0.80910456	-0.029458934
0.2165758	0.83349586	0.17838067
0.8772505	0.7420849	-0.20465192
0.47424263	0.2857573	-0.3615548
0.8274724	0.9965829	0.3933462
0.17719585	0.35374779	0.06023275
0.742993	0.20127833	-0.21134521
0.9126127	0.8371761	0.16850878
0.26556367	0.40031755	0.6650945
0.5200927	0.9638543	0.052089144
0.34281832	0.6281727	0.26504403
0.70434684	0.57548857	1.342683
0.5209117	0.522909	-0.27649352
0.8160866	0.6651667	-0.17111039
0.6117913	0.7076233	0.5267347
0.2764722	0.58649707	0.5035134
0.49885392	0.69652206	0.01141746
0.18642616	0.84668994	0.1463003
0.8611995	0.5846414	-0.33908612
0.13268316	0.1290015	-0.363521
0.109764814	0.50630796	-0.15195751
0.47404385	0.60625005	-0.04517054
0.8295838	0.35562724	-0.4971532
0.35223985	0.4038291	0.4975157
0.6103006	0.7539597	0.41790286
0.045667887	0.52210665	-0.63231426
0.9653082	0.87280047	0.7131894
0.39396167	0.8997995	0.11488658
0.22611225	0.75506854	0.36617455
0.4604782	0.60541755	-0.035911504
0.6143627	0.22758716	0.08836725
0.3859191	0.17895585	0.28294736
0.91477257	0.008798301	0.62192464
0.5789554	0.018294156	-0.5311412
0.12819803	0.8661306	-0.056840856
0.12302488	0.9446067	-0.12543263
0.47465205	0.41620994	-0.26950592
0.7862101	0.781367	0.58052844
0.23529226	0.52217746	0.47152814
0.40757698	0.57067364	-0.08434245
0.19500208	0.43336797	0.27151582
0.72867095	0.24932069	0.025129758
0.5183315	0.9049743	0.13235104
0.4292531	0.78451824	0.15470624
0.5022529	0.48272914	-0.25412303
0.5749287	0.68321514	-0.0069417926
0.2915544	0.44900036	0.6919157
0.4360388	0.26755083	-0.18679874
0.9456986	0.09310019	0.1926938
0.13911313	0.52896756	-0.0063932873
0.17473006	0.36940038	0.1394282
0.5065787	0.15846395	-0.48323885
0.43409842	0.5557964	-0.1445108
0.03535384	0.7098782	-0.52785975
0.9627902	0.060398936	-0.16443859
0.74644697	0.1599142	-0.18970606
0.623805	0.9518251	0.20144987
0.9762145	0.5113215	-1.0210516
0.97774506	0.6128475	-0.7382904
0.7479582	0.7690134	1.1560467
0.1969896	0.59078133	0.36876467
0.61691695	0.6165826	0.6209544
0.99878573	0.23054451	-1.6223173
0.24643898	0.8939842	0.074105576
0.36263233	0.44741863	0.39245233
0.10670918	0.69999605	-0.04276475
0.5669972	0.55349743	-0.1714186
0.66850483	0.50533843	1.1766785
0.1438914	0.2543367	-0.21861875
0.18283838	0.20086414	-0.031768575
0.92659694	0.9890139	0.8135822
0.874664	0.41885418	-0.06933447
0.57856447	0.7901991	-0.03311267
0.5302064	0.65359014	-0.13030757
0.9885089	0.9469854	1.0874069
0.2136665	0.26387322	0.3433046
0.80756265	0.6220684	-0.20451671
0.7086394	0.4785033	0.96742374
0.6659503	0.13140804	0.47387254
0.22295874	0.020142257	0.5995099
0.84671223	0.2797168	-0.27296907
0.07862157	0.05447012	-0.055595536
0.35756665	0.93535215	0.00057115033
0.057670414	0.28421736	-0.17446372
0.2897712	0.98903996	-0.23334631
0.002235055	0.9287085	-0.57020795
0.21743762	0.6659078	0.48658472
0.7856799	0.84033936	0.75513184
0.88448864	0.42617065	0.004729498
0.11778754	0.5403556	-0.07356299
0.1618231	0.31342238	-0.048053242
0.90667206	0.7375456	-0.03931165
0.9712285	0.44052482	-1.0211723
0.42502826	0.3735044	-0.09321359
0.7433046	0.6353141	0.8769831
0.9439781	0.014643192	0.2950259
0.28761655	0.57323897	0.5222471
0.3089342	0.8041576	0.111940235
0.5499888	0.21906185	-0.4941643
0.36785907	0.10646778	0.36435607
0.29188645	0.48760086	0.63711506
0.21329099	0.18690538	0.3605076
0.77191633	0.040456116	-0.40985176
0.5585659	0.12276417	-0.5446914
0.3907165	0.66364527	-0.013016872
0.7019855	0.91742027	1.2593316
0.58832526	0.4514084	-0.048476093
0.79374665	0.117664695	-0.63880044
0.120547414	0.2512133	-0.29565555
0.77562726	0.7909691	0.7793887
0.7604375	0.13391995	-0.40430498
0.8769728	0.5838715	-0.24488214
0.8201031	0.8382222	0.21488594
0.17477322	0.8936496	0.011663178
0.031177402	0.13550556	-0.008021992
0.053755164	0.39929056	-0.41200727
0.70830446	0.71118	1.5161628
0.9969237	0.78575873	-0.009149114
0.020042062	0.73616314	-0.7430328
0.33285105	0.6776034	0.22444174
0.49605423	0.7467941	0.1260345
0.40417814	0.8605732	0.15787816
0.0851056	0.39072615	-0.28302786
0.26814777	0.090907276	0.8414356
0.7646194	0.67175776	0.61503536
0.29788065	0.12510508	0.8452061
0.35264647	0.66326797	0.242467
0.34191382	0.45338416	0.48724258
0.42752218	0.7795759	0.05020176
0.086248994	0.22655195	-0.18414524
0.4857025	0.070126474	-0.48875296
0.8003518	0.7725639	0.283451
0.21709609	0.5945765	0.3956359
0.008672297	0.9124457	-0.49052262
0.88425577	0.9347548	0.14875288
0.74614567	0.6498009	0.91268134
0.96786445	0.32243073	-0.8972937
0.88050425	0.3201757	0.18228492
0.14342964	0.1913169	-0.4034191
0.8008077	0.44265723	-0.57486725
0.9310773	0.7897488	0.1899856
0.76992315	0.013381958	-0.18685837
0.542176	0.77117056	-0.080196604
0.58518213	0.97002494	-0.22963524
0.62859935	0.790854	0.7083146
0.7598283	0.16468453	-0.41259238
0.8740984	0.5402329	-0.2552407
0.6830829	0.53441715	1.3353941
0.50107276	0.10035461	-0.5601043
0.17202067	0.9316009	-0.07318185
0.50853205	0.6524844	0.04740964
0.5821927	0.8941049	-0.013887446
0.24736977	0.3937744	0.58076596
0.86441165	0.4835117	-0.24430235
0.20892608	0.40834224	0.37732866
0.5896408	0.51348746	-0.029714156
0.6234538	0.6796115	0.7788605
0.35206395	0.4164799	0.4623299
0.9570215	0.629279	-0.30933797
0.9415054	0.95417416	0.91486853
0.06849033	0.24752444	-0.18586949
0.7162389	0.8274987	1.4760145
0.050151408	0.10067928	0.057577863
0.7792628	0.39216882	-0.4967349
0.16213042	0.84242713	0.06596556
0.77213544	0.953237	1.0216923
0.31214297	0.49989945	0.54194903
0.55268306	0.4316165	-0.38442332
0.725758	0.53297216	0.889722
0.38548565	0.52371013	0.056730293
0.009288251	0.58826363	-1.1495029
0.57996994	0.37235993	-0.27887732
0.9687953	0.9293694	0.9854959
0.3049423	0.66273195	0.36940554
0.026629686	0.7864468	-0.53971934
0.8023305	0.24773186	-0.6699161
0.03308922	0.10797	0.06125126
0.6447674	0.008171499	0.4984308
0.72604704	0.26462185	0.11962058
0.042571723	0.520142	-0.6407934
0.05216402	0.9347966	0.060500525
0.9518306	0.11230779	0.049205553
0.76766723	0.10741812	-0.41237172
0.75071	0.98149157	1.2102115
0.35088283	0.49396914	0.45154864
0.4512484	0.15180898	-0.185893
0.024639785	0.30485553	-0.502926
0.97941446	0.62140346	-0.7181966
0.45980054	0.027352452	-0.3605811
0.70499635	0.777788	1.6167955
0.6622759	0.013811946	0.7047041
0.025958419	0.40111017	-0.82269204
0.8777367	0.23866802	0.34467125
0.45494473	0.7347969	0.15426613
0.44759715	0.3011862	-0.25829047
0.79148287	0.62375176	0.017041149
0.60270077	0.10365689	-0.14046809
0.7471649	0.74339616	1.0989286
0.6291506	0.7187775	0.8762126
0.65526605	0.3941791	0.8256179
0.8865255	0.51153564	-0.2093432
0.93552136	0.9962124	0.9796173
0.50303406	0.78577226	0.16034594
0.7737712	0.54293084	0.02172665
0.22173786	0.39835083	0.3912725
0.5795866	0.3830334	-0.25830474
0.6556975	0.21137202	0.5333194
0.32367313	0.39769733	0.694723
0.25857198	0.18071151	0.76029277
0.4785164	0.82476455	0.30851096
0.53080237	0.44131398	-0.37432632
0.19683474	0.13637328	0.18774237
0.55617595	0.95755213	-0.15021627
0.26937807	0.5864606	0.5191417
0.25623614	0.8111819	0.23993947
0.41507232	0.15481037	-0.018449109
0.8492329	0.5805593	-0.37036687
0.08453369	0.1340437	-0.17309552
0.80783045	0.16526872	-0.53986835
0.9368052	0.6793115	-0.04336519
0.46924555	0.5969972	-0.034037493
0.16606218	0.6637813	0.19361128
0.9000927	0.23556936	0.4620803
0.49126655	0.57420015	-0.05478763
0.93008	0.7646845	0.2124217
0.48283833	0.6617769	0.013389504
0.5113088	0.0742268	-0.63123316
0.46983933	0.18081409	-0.29085737
0.19590712	0.61927384	0.36818042
0.88976437	0.48691761	-0.09590532
0.5404412	0.5844898	-0.23087655
0.57834315	0.043028533	-0.5633594
0.8169083	0.6754589	-0.20913582
0.5599728	0.4754749	-0.3653697
0.65167695	0.9770567	0.3992266
0.5486579	0.4541614	-0.39474097
0.3626523	0.64792424	0.16160429
0.607233	0.8546766	0.19970986
0.42908514	0.59441227	-0.093564995
0.15847814	0.40883166	0.05164456
0.8144345	0.85852504	0.30636746
0.5515995	0.5891878	-0.20735127
0.41225034	0.17815965	0.028755229
0.51738536	0.7468511	0.0363931
0.24383855	0.21019328	0.61715263
0.57636315	0.22299063	-0.3716336
0.5397068	0.068201005	-0.7053332
0.922682	0.61709625	-0.1496614
0.82341164	0.49243551	-0.5138949
0.05158657	0.4122997	-0.5168613
0.3895738	0.8319836	0.03679774
0.59149665	0.27587914	-0.23587486
0.5968823	0.94536644	-0.1511691
0.38635713	0.12282634	0.32853544
0.8818053	0.4949559	-0.15148145
0.5944989	0.59999335	0.14647724
0.07453227	0.3418448	-0.24916105
0.23135805	0.9244041	0.008055834
0.9047286	0.137155	0.62492496
0.28349137	0.92568266	-0.096089035
0.26641613	0.042390108	0.8672542
0.10329032	0.20550418	-0.2358089
0.09943563	0.88700765	0.016561845
0.5348668	0.60400724	-0.1760626
0.86983675	0.20884848	0.29856732
0.06611693	0.50237185	-0.35160142
0.7631559	0.26606464	-0.5085408
0.9923324	0.49684632	-1.4817752
0.45115018	0.23305571	-0.24435431
0.6272045	0.67154557	0.8107836
0.32315814	0.1776967	0.7536583
0.54313254	0.62214696	-0.25170118
0.63007617	0.34596133	0.4192663
0.5008112	0.12676448	-0.5346367
0.29557246	0.54945064	0.5185512
0.4116264	0.027350187	0.058388945
0.09964758	0.66242343	-0.03798375
0.214104	0.5139864	0.48414773
0.88627595	0.023233354	0.52620816
0.31665784	0.2852984	0.6880002
0.5463667	0.07978326	-0.649247
0.018479526	0.5805387	-1.021922
0.49175125	0.55466866	-0.20527393
0.56502855	0.9176685	-0.1088829
0.94137406	0.969147	0.9868033
0.65384674	0.6403155	1.319729
0.8211105	0.5560351	-0.42321292
0.24807447	0.18330699	0.6391042
0.66464865	0.666655	1.4315419
0.42773086	0.8736314	0.26137614
0.07869971	0.50967866	-0.28784636
0.30542743	0.074343145	0.789275
0.02157271	0.86848605	-0.40608215
0.46320498	0.6504365	0.056801304
0.4955479	0.5257892	-0.15089497
0.06758994	0.53408223	-0.41387177
0.10965943	0.841473	-0.040211286
0.6874741	0.1438775	0.531544
0.7828414	0.81868786	0.6921041
0.8659409	0.9020465	-0.009099871
0.7852482	0.50750995	-0.2463307
0.95608675	0.64292914	-0.32504106
0.033519268	0.9296491	-0.15635946
0.93567675	0.7226716	0.08532254
0.8095079	0.24802333	-0.6893516
0.30477035	0.005699575	0.85716933
0.5874457	0.45175678	-0.09149818
0.24735439	0.7657452	0.24133731
0.7020091	0.76890767	1.4899882
0.10616672	0.77963686	-0.037116446
0.67721176	0.92827237	0.98064977
0.45941025	0.15517211	-0.24385163
0.95898974	0.3417396	-0.63954103
0.13122845	0.5687547	0.044187725
0.83708006	0.30513006	-0.41418114
0.1822648	0.19622397	-0.017427871
0.5109361	0.02285099	-0.7334056
0.64786905	0.45572382	0.8900206
0.13860083	0.5466527	-0.041406505
0.59707075	0.48290443	0.083520934
0.92040175	0.69227695	-0.04007927
0.570252	0.9891044	-0.1907871
0.833189	0.31197923	-0.4592668
0.5618093	0.44195336	-0.31524613
0.60396534	0.35069537	0.029323976
0.041191876	0.9707416	0.038187966
0.5330489	0.54619956	-0.2967196
0.80910075	0.5086019	-0.499636
0.7308005	0.740281	1.3044904
0.21076095	0.56873304	0.42719114
0.5471169	0.48596364	-0.33630338
0.81300914	0.60479224	-0.30258894
0.72631705	0.19630188	0.062044084
0.14064735	0.93347174	-0.13649218
0.21082634	0.757161	0.29574412
0.071122885	0.45654392	-0.3658983
0.25267416	0.09795278	0.7209656
0.3035699	0.018347085	0.8188772
0.58989894	0.393968	-0.112172216
0.5996598	0.16475773	-0.15683378
0.86945117	0.182904	0.29089072
0.1817072	0.71818316	0.24589218
0.03793013	0.8102624	-0.27768695
0.5566609	0.7133219	-0.12068018
0.90852845	0.9620695	0.4443645
0.5605996	0.73552626	-0.05267388
0.03315234	0.24702263	-0.33681944
0.27721202	0.3587886	0.6771834
0.5153374	0.07336891	-0.6237871
0.5700922	0.107150614	-0.56227356
0.36003715	0.6811812	0.15700594
0.7847627	0.8501425	0.7087662
0.35816437	0.9461799	-0.0011783084
0.25830656	0.7093444	0.30903766
0.573566	0.78943354	-0.010399864
0.1530022	0.05948347	-0.26701203
0.6760846	0.007919729	0.6537098
0.20380098	0.578742	0.41000608
0.56313586	0.3096035	-0.4473747
0.82218	0.23871505	-0.5368788
0.39176536	0.71028733	-0.0059053265
0.60820246	0.7014203	0.4255649
0.92581064	0.4423973	-0.083581075
0.24396586	0.26387554	0.61500025
0.9664368	0.63322157	-0.46764114
0.05426997	0.7372783	-0.25472516
0.81681716	0.03426516	-0.4338533
0.5569032	0.023910701	-0.76471907
0.28600657	0.25852472	0.725911
0.2499299	0.012103498	0.83572525
0.14392292	0.13947874	-0.29652655
0.6824989	0.3753386	0.89896363
0.6342233	0.79806256	0.78046393
0.6912123	0.7804079	1.5137517
0.11310029	0.42562997	-0.205819
0.639933	0.9940292	0.13516645
0.7027053	0.10784739	0.41492197
0.3285926	0.48815066	0.5251054
0.48379678	0.9653811	0.27828798
0.3333336	0.7926526	0.07666658
0.1169942	0.48333436	-0.1373186
0.8101842	0.98762035	0.60260755
0.5177222	0.88153493	0.09983242
0.174838	0.13493097	-0.098016374
0.23104537	0.043055058	0.62595254
0.5317617	0.3470664	-0.47355142
0.29308975	0.1389466	0.8221067
0.819085	0.39185417	-0.61308354
0.7181802	0.08615178	0.2860432
0.25440276	0.7165915	0.2928639
0.054956555	0.12793773	-0.0069584996
0.40182352	0.54630154	-0.08610482
0.081655025	0.15768266	-0.13004112
0.02186793	0.44522583	-0.8714961
0.6899342	0.31797695	0.6697666
0.97085196	0.322322	-1.034234
0.6876302	0.45597565	1.0620872
0.1365794	0.19889855	-0.31906796
0.50643444	0.55587494	-0.1357997
0.012290478	0.13845444	-0.24086365
0.7727058	0.7095646	0.6162272
0.9253699	0.26544446	0.26695615
0.27442396	0.966149	-0.15253761
0.052619934	0.3576274	-0.31901565
5.5134296e-05	0.2781049	-0.8825704
0.29907447	0.4810648	0.60334635
0.26765394	0.7101247	0.2681563
0.52801883	0.019269586	-0.8254985
0.11317146	0.75458425	0.0045232456
0.2948565	0.18162447	0.8148089
0.1637544	0.56105703	0.1983411
0.93089896	0.4098631	-0.11252469
0.01992035	0.27090985	-0.5967366
0.737436	0.26846284	-0.073805235
0.33608407	0.8413408	-0.033552304
0.7981913	0.3923717	-0.5736656
0.40083063	0.27619928	0.09337526
0.8302618	0.15601861	-0.3318827
0.16272914	0.7018388	0.21293266
0.03713107	0.712107	-0.52642655
0.38726342	0.7092025	0.026423039
0.07551122	0.91176397	0.09045311
0.44858176	0.5514566	-0.08837208
0.9695716	0.13173258	-0.5056188
0.25830883	0.53286946	0.493595
0.8208642	0.24480617	-0.51849246
0.13684422	0.67034775	0.015183352
0.63847476	0.56986034	0.96836716
0.12791008	0.06555194	-0.40038073
0.6959678	0.94464856	1.1000735
0.58047646	0.94449353	-0.19642386
0.6874932	0.8478945	1.3510215
0.30561417	0.2444945	0.7263537
0.13893402	0.078786075	-0.37913704
0.6366711	0.16781455	0.32924923
0.63999736	0.018222809	0.41411385
0.77501297	0.7898174	0.7529021
0.5052291	0.6284614	-0.066594906
0.55498666	0.757134	-0.08383337
0.8551787	0.8481994	-0.1474511
0.27373427	0.12110478	0.84806216
0.62944394	0.83411044	0.58292186
0.37165374	0.8053158	0.04185185
0.19616234	0.5243545	0.29874468
0.513489	0.9892555	0.12246075
0.8520795	0.70392555	-0.25568098
0.7946638	0.8599627	0.632344
0.93138033	0.57687104	-0.18651484
0.5867377	0.011701167	-0.5108431
0.33936304	0.6628337	0.22195417
0.5503592	0.25058782	-0.47590828
0.23245925	0.61270916	0.42593572
0.51440877	0.13240659	-0.5763778
0.18148184	0.96494377	-0.17409477
0.106699824	0.21787447	-0.32664746
0.36644506	0.18149275	0.41089332
0.912536	0.9647329	0.5226539
0.8016999	0.02196014	-0.47179717
0.28821164	0.6627433	0.38303325
0.67129934	0.13825327	0.5639076
0.74960756	0.5877056	0.58750564
0.1317712	0.8398971	-0.044873834
0.3412127	0.84098965	-0.031610627
0.6934319	0.72954243	1.6199081
0.3935566	0.98596436	0.22558099
0.15740901	0.087940335	-0.27572337
0.43970788	0.32738727	-0.19098873
0.1943925	0.41250467	0.3085854
0.2586239	0.8756668	0.04230405
0.9583937	0.8145775	0.5027685
0.055580974	0.18257773	-0.05897796
0.56691825	0.11323017	-0.5785592
0.3605312	0.85087776	-0.024957169
0.4318539	0.6424132	-0.057318114
0.66629446	0.40955776	0.92655563
0.08898705	0.11719781	-0.105537176
0.3630584	0.03464198	0.42919493
0.28855026	0.8728504	-0.030297738
0.46560526	0.37892103	-0.23090822
0.6970553	0.031721413	0.6302147
0.64234585	0.6152728	1.0933504
0.6580748	0.07336414	0.53370935
0.85109	0.9733232	0.16039209
0.63371277	0.23439682	0.36627397
0.8441306	0.69398546	-0.30411533
0.49167663	0.60851526	-0.057241566
0.7558749	0.24187833	-0.37605494
0.38530695	0.8775023	0.05102242
0.61226976	0.69812596	0.54076165
0.7258897	0.5308199	0.78644824
0.7877974	0.7712477	0.53702027
0.38502574	0.7805359	0.11436705
0.98306865	0.541796	-1.1102178
0.019652069	0.19936013	-0.32556593
0.604721	0.10608971	-0.1507831
0.47545832	0.78202933	0.24343343
0.8998585	0.23206365	0.5098154
0.013369143	0.2809444	-0.6442265
0.59492135	0.061365724	-0.30112553
0.8015332	0.8813336	0.590125
0.46234494	0.6110525	-0.08252644
0.09916389	0.97413033	0.06901414
0.46387315	0.15877926	-0.2397416
0.6467075	0.00608021	0.4489004
0.40176892	0.547786	-0.06422419
0.3754022	0.98640734	0.10339562
0.20724523	0.49338734	0.36545026
0.036157966	0.5836997	-0.73819566
0.80868846	0.6161975	-0.19724905
0.694981	0.77501166	1.5055767
0.40349662	0.8735827	0.17853191
0.71952564	0.6423916	1.275265
0.80187523	0.10212326	-0.53782785
0.9101342	0.916435	0.36504003
0.47755253	0.41844106	-0.2195738
0.34425682	0.033789814	0.5930554
0.5093705	0.54715675	-0.1626813
0.15826732	0.047582984	-0.28499913
0.22407377	0.18874967	0.45948508
0.07287556	0.21531332	-0.1703591
0.87363493	0.3811211	-0.007935402
0.8396415	0.02907449	-0.16514292
0.76197976	0.59887147	0.4193708
0.5394584	0.64743394	-0.17793562
0.50082225	0.6215178	-0.012699321
0.67600846	0.084527254	0.58532906
0.55657697	0.088621795	-0.64168227
0.7118082	0.27899975	0.37157166
0.631668	0.9068016	0.4638999
0.95545053	0.23438913	-0.4014169
0.13611633	0.66505545	-0.046476826
0.6417225	0.5879652	1.0063112
0.2516892	0.4780804	0.50061256
0.4254827	0.77183646	0.08013806
0.6091406	0.30505508	0.0316486
0.55010957	0.7812069	-0.029104102
0.49890184	0.8953054	0.25590512
0.46077394	0.8619504	0.24934745
0.27529103	0.5093575	0.5425276
0.27604765	0.24616075	0.6814964
0.899658	0.4481383	0.019443538
0.5286243	0.96155304	0.028711447
0.45680147	0.34423995	-0.25486675
0.28784263	0.5620783	0.5911142
0.81424046	0.54054296	-0.44259658
0.650693	0.22487432	0.53200644
0.36924976	0.71169275	0.123055995
0.5638796	0.91260314	-0.09381942
0.8026279	0.90692806	0.50637513
0.80564183	0.8667722	0.4625027
0.5385723	0.07707363	-0.74322927
0.4739372	0.87030935	0.25889564
0.4904319	0.80515254	0.26970202
0.8486582	0.08733541	0.027909726
0.043800294	0.67239386	-0.5751077
0.7129719	0.23615777	0.2859859
0.037271917	0.9491627	-0.07763376
0.5562172	0.96891344	-0.1358979
0.50721806	0.552951	-0.17335545
0.09007305	0.29456526	-0.17421493
0.19466358	0.9854659	-0.10953449
0.87131023	0.7136437	-0.21814194
0.9380001	0.4466694	-0.28836402
0.13292652	0.41646564	-0.018453345
0.17281574	0.1857183	-0.08045282
0.7689185	0.6652318	0.532639
0.55265975	0.18117529	-0.5992753
0.6042988	0.6596111	0.38707173
0.21077049	0.23225415	0.31330684
0.28550458	0.30580366	0.7491904
0.039265394	0.5773726	-0.6327373
0.9293392	0.9130412	0.6558793
0.4610728	0.48012823	-0.23746535
0.11917919	0.3535264	-0.23617573
0.6989118	0.19685328	0.4601401
0.30165613	0.07035172	0.8210044
0.9722533	0.97865033	1.2743628
0.46418285	0.40620267	-0.2101543
0.35832077	0.40246046	0.38931927
0.14672285	0.98784995	-0.16400707
0.97952116	0.7596307	0.0030130781
0.4447788	0.68230116	0.06184268
0.6615072	0.81221265	1.1935005
0.6836171	0.7805537	1.5250744
0.7619689	0.6695178	0.6392452
0.41156423	0.46794438	-0.16298851
0.3932929	0.031107426	0.24506028
0.16023332	0.4351399	0.014749806
0.7635089	0.101590455	-0.3347742
0.8536645	0.8143357	-0.10282697
0.91613305	0.7618346	0.075220235
0.6716516	0.35604304	0.790862
0.86203444	0.9826358	0.19497865
0.5643257	0.4385414	-0.3425877
0.71997446	0.67072624	1.3523293
0.7803039	0.50932086	-0.2132869
0.7689064	0.4517727	-0.17045909
0.7219391	0.59678006	1.1674469
0.09693307	0.8427223	-0.041500535
0.42336482	0.5357017	-0.15308225
0.8818729	0.119543254	0.49229074
0.07456195	0.96709794	0.09000864
0.2912432	0.1563999	0.7772679
0.4829268	0.14426804	-0.44874477
0.7442663	0.60403734	0.7728547
0.2862537	0.46883345	0.6610465
0.64405924	0.39462763	0.7420845
0.5847699	0.45647746	-0.12293797
0.23818791	0.394916	0.4613144
0.2900774	0.16225278	0.79794645
0.116315246	0.99228114	-0.12189769
0.7260604	0.41342938	0.43195793
0.2673911	0.7965309	0.17600462
0.10859859	0.17367494	-0.2934696
0.17354906	0.75301194	0.21027651
0.61995053	0.89531213	0.28819558
0.31810004	0.09322816	0.7782684
0.8420948	0.36826575	-0.3997273
0.16541004	0.79572666	0.10973012
0.051985502	0.6146467	-0.42337662
0.9701487	0.15404463	-0.55518526
0.26021677	0.4846366	0.55076045
0.89515287	0.087683976	0.6543287
0.41623563	0.47409934	-0.08477294
0.18138069	0.51844823	0.24327028
0.96696025	0.14390248	-0.42802382
0.8617793	0.095118165	0.27182296
0.77218336	0.5385626	0.08100949
0.46056718	0.46686882	-0.17893675
0.5484045	0.65658474	-0.16413462
0.94114196	0.06175989	0.33813053
0.97297555	0.7761343	0.2443353
0.93838507	0.94211143	0.81890416
0.76982623	0.18831605	-0.5609676
0.85403097	0.8899071	0.028981978
0.9806819	0.3390689	-1.3415451
0.76442236	0.41245103	-0.23013145
0.30310422	0.24006361	0.7753686
0.085794866	0.85479146	0.025937533
0.7984393	0.4294951	-0.5288197
0.28138614	0.45508105	0.588368
0.014781594	0.47638822	-1.0786479
0.21126461	0.47377342	0.3565848
0.43718278	0.95856774	0.37234575
0.48892277	0.830645	0.21239842
0.17786121	0.61263645	0.28105104
0.89654934	0.48536956	-0.07495423
0.33919245	0.060910106	0.637711
0.96576715	0.7261805	0.06730351
0.8941397	0.99947906	0.41229346
0.71176046	0.66922635	1.3945152
0.7174873	0.095286846	0.2645509
0.7973109	0.5582365	-0.21987352
0.11761272	0.3964033	-0.16587633
0.060538888	0.06533593	0.053319644
0.64589065	0.09600246	0.42744073
0.63398576	0.31789416	0.45315704
0.26861387	0.5197078	0.53423816
0.9875648	0.36922884	-1.5260134
0.11443651	0.9851005	-0.11653923
0.9095042	0.43900305	0.06924483
0.13781267	0.6458686	0.08663313
0.41338527	0.39421338	-0.060349606
0.9079536	0.41971248	0.08771057
0.2568187	0.88924813	0.044282608
0.7308747	0.703299	1.2901022
0.78619254	0.14224881	-0.6173819
0.051715136	0.11704439	-0.0065920614
0.32027173	0.51362324	0.5055049
0.80726296	0.32943135	-0.6985302
0.00930351	0.7186992	-0.93826383
0.41034573	0.18382996	0.017237727
0.48892272	0.0076239705	-0.6212781
0.110432565	0.22742939	-0.2640154
0.74939495	0.09253943	-0.12907815
0.19901222	0.47688866	0.35530546
0.37334228	0.731316	0.090198725
0.86295736	0.6898125	-0.2811313
0.22041869	0.8622735	0.12244699
0.48723596	0.04821974	-0.5094513
0.0706625	0.7882002	-0.12742916
0.3892635	0.8141734	0.10756909
0.56527877	0.6817025	-0.044645946
0.9001422	0.3599028	0.22853659
0.07550305	0.96378094	0.05493534
0.55345446	0.5722517	-0.25483772
0.7891624	0.60075045	0.0021698847
0.0503124	0.09669161	0.12610635
0.74449795	0.27581626	-0.12017439
0.9409878	0.97586554	0.9664699
0.79343015	0.61497957	-0.06910811
0.3084975	0.20608819	0.76769805
0.5047206	0.27275014	-0.447621
0.88994193	0.6129622	-0.15828657
0.36540318	0.36916155	0.4022251
0.9894519	0.20975947	-1.3280567
0.09203535	0.14270341	-0.15817288
0.5961598	0.27499884	-0.13323836
0.15409154	0.4045577	0.039673213
0.7286556	0.70268285	1.2780163
0.8447829	0.46082443	-0.4401826
0.4671994	0.9763263	0.36673388
0.98728	0.77336293	0.0781712
0.022657335	0.81148654	-0.5184268
0.70387185	0.3614307	0.6148742
0.13597643	0.31808788	-0.19935259
0.9469598	0.7133289	-0.014233001
0.001078546	0.3797223	-1.1686672
0.30885887	0.6703138	0.35858756
0.59825087	0.061115146	-0.24769679
0.6845821	0.07252878	0.59659624
0.018947482	0.79246473	-0.6338413
0.4724818	0.17282361	-0.31765574
0.34923166	0.56087565	0.3457182
0.0310511	0.78928757	-0.42887563
0.04418105	0.44660205	-0.54373
0.7590366	0.0037356615	-0.068961866
0.4601456	0.1430291	-0.24410783
0.6280306	0.78307974	0.733009
0.6801491	0.6534059	1.4694049
0.2713756	0.17467391	0.7379221
0.16595972	0.08912867	-0.22434652
0.58646417	0.99954844	-0.27051628
0.06895447	0.095977664	0.025074415
0.3257125	0.3236251	0.7183637
0.13256294	0.6728899	0.044386037
0.53021985	0.72255975	-0.050279174
0.047558665	0.2876168	-0.22056474
0.6850129	0.1797589	0.5832306
0.5479861	0.8089774	-0.095747106
0.3974583	0.19714975	0.14834175
0.61507213	0.29818088	0.13352354
0.5507463	0.13502306	-0.66779006
0.029111862	0.47628862	-0.8571135
0.7569476	0.82185835	1.0670507
0.034067214	0.04973823	0.20126519
0.8982849	0.06750405	0.614714
0.4155349	0.056437373	0.084883735
0.16845393	0.027210116	-0.15393122
0.054024994	0.14926487	-0.012359142
0.8617602	0.39039665	-0.1869703
0.7679352	0.90930766	1.0555531
0.6589468	0.9263495	0.73830235
0.0049823523	0.44583815	-1.2254788
0.3764869	0.148592	0.38151804
0.1816352	0.11951774	-0.027486645
0.15936846	0.3815083	-8.440204e-05
0.03166324	0.56226414	-0.81584334
0.9414537	0.4059633	-0.30018258
0.62754613	0.50206393	0.61983913
0.6775003	0.5285531	1.2896754
0.11438328	0.8246583	0.03400076
0.74854386	0.045297503	-0.05178519
0.31072605	0.7934641	0.13965
0.8306631	0.46903908	-0.480167
0.66816074	0.8301865	1.2544994
0.88730115	0.71850455	-0.21688119
0.41957998	0.7246499	-0.013733145
0.9019462	0.6535758	-0.13621178
0.5935525	0.71268016	0.2396307
0.8570048	0.030251503	0.12823375
0.2478854	0.015829206	0.8176218
0.83919376	0.9854173	0.2423077
0.15996712	0.16528821	-0.26717648
0.34005988	0.755293	0.100055754
0.5940423	0.7981117	0.14647548
0.82554483	0.35129786	-0.572813
0.30057627	0.99719864	-0.2486027
0.9225281	0.6584448	-0.15915117
0.8070443	0.90431035	0.51213735
0.053627253	0.10297203	0.099857695
0.23936993	0.43619072	0.55904806
0.67489755	0.4706518	1.0954039
0.36697775	0.7133376	0.08554598
0.50228757	0.7534885	0.11658651
0.80788445	0.8139823	0.29443365
0.81436944	0.6510183	-0.17563182
0.12901056	0.6283846	0.013283096
0.50610423	0.21813607	-0.431923
0.9500183	0.90972835	0.81252635
0.06884825	0.61504185	-0.31031194
0.57971936	0.9987255	-0.28081718
0.64885765	0.27418315	0.5497617
0.91466534	0.102250636	0.56723267
0.54576117	0.8603891	-0.018459873
0.456738	0.68246657	0.08434723
0.16757971	0.49886614	0.1921131
0.49015355	0.25099313	-0.3703166
0.49772632	0.16044325	-0.48347923
0.3854912	0.44328386	0.08470033
0.5385853	0.26494098	-0.55767816
0.28267723	0.08041054	0.87460786
0.9052393	0.6861947	-0.08322364
0.47375685	0.078017175	-0.42475387
0.064625144	0.08393514	0.02306797
0.95159495	0.53970814	-0.45373124
0.87220764	0.5052913	-0.23070538
0.48924357	0.98137677	0.278632
0.6814207	0.9739468	0.8556979
0.11197084	0.6155162	-0.08057965
0.7358045	0.07464421	0.06263971
0.32405347	0.9196422	-0.07846851
0.56502527	0.40219086	-0.3341399
0.32078886	0.22629446	0.76312727
0.7447099	0.21166384	-0.20852448
0.14587319	0.9986785	-0.2478162
0.9174564	0.81442535	0.15757391
0.45819783	0.66715056	-0.045230962
0.8808243	0.9642228	0.22834261
0.58648014	0.14063579	-0.34081614
0.13791674	0.7489807	0.04542991
0.6160633	0.1638766	0.048532836
0.44980043	0.73375136	0.14285171
0.7748037	0.45793378	-0.20443994
0.78809714	0.43663913	-0.47846657
0.7779993	0.4326191	-0.38705003
0.9321039	0.0674029	0.5030536
0.48910087	0.32585186	-0.33262557
0.7553926	0.6356526	0.62449694
0.53692174	0.9421424	0.000518851
0.86106485	0.12790406	0.1991315
0.2745456	0.2261976	0.7606663
0.27516937	0.026152313	0.86125416
0.7148213	0.9314651	1.3005376
0.44305497	0.35303652	-0.20899932
0.9812373	0.9582313	1.1186455
0.988411	0.4394729	-1.4277925
0.12686288	0.034554064	-0.3714983
0.11183298	0.9078858	-0.010404132
0.4039681	0.856722	0.12619866
0.9795719	0.44529372	-1.2313474
0.47072536	0.4371124	-0.31951976
0.13359869	0.71591014	0.0448021
0.5618324	0.3573382	-0.4619838
0.0401901	0.49437916	-0.7577766
0.6568969	0.74238104	1.2507869
0.04900807	0.73407006	-0.35710302
0.08764964	0.3068514	-0.27559885
0.12294322	0.9394096	-0.08861395
0.96555465	0.15528435	-0.49774498
0.39071447	0.36930615	0.10999661
0.14827985	0.65398246	0.11343345
0.8223975	0.81049174	0.09713164
0.87145054	0.39373815	0.015833497
0.5060138	0.6803231	0.032390617
0.26832616	0.41434175	0.6478398
0.13024259	0.32319546	-0.21845357
0.6218449	0.012144685	0.081453264
0.046857536	0.5425664	-0.5830674
0.71962726	0.9321073	1.2934916
0.31056762	0.6490099	0.3427111
0.44394517	0.9427085	0.38105655
0.12964487	0.30083865	-0.23951255
0.14515948	0.40454346	-0.11668609
0.74928063	0.85411495	1.2235931
0.8534384	0.95320994	0.15799439
0.5135245	0.89031094	0.15983294
0.2463398	0.41188478	0.5023997
0.12074363	0.21577859	-0.3244626
0.20044798	0.8703452	0.1340633
0.8969175	0.4555301	-0.018062247
0.54868627	0.3836069	-0.43295318
0.9946627	0.15421927	-1.1969604
0.55828804	0.63537765	-0.1635828
0.43821114	0.7851874	0.13150837
0.9204753	0.041300297	0.58105063
0.6956775	0.21531802	0.45584294
0.9114658	0.91909856	0.4437134
0.58068967	0.20171994	-0.33751225
0.7480076	0.93142056	1.2660968
0.8237926	0.10463172	-0.3955984
0.8839001	0.49463886	-0.09308867
0.8165285	0.10617721	-0.5119309
0.18560034	0.29151505	0.09236695
0.11499637	0.17803752	-0.3554433
0.062463462	0.8287368	-0.10109903
0.611758	0.8015956	0.42568454
0.4032194	0.33887798	0.07893999
0.60935545	0.41451538	0.16976601
0.66177195	0.54731506	1.2331386
0.4787168	0.049969375	-0.46668804
0.3335243	0.10242218	0.68379354
0.9537264	0.4804474	-0.6258293
0.81712687	0.40163988	-0.6183579
0.5432794	0.5622461	-0.28231153
0.19820523	0.5491348	0.4091155
0.6634105	0.8830936	1.0467625
0.2842788	0.10213226	0.7576219
0.3428697	0.9012294	0.01842203
0.66073304	0.53368074	1.1685002
0.43720096	0.07695091	-0.17954648
0.017751217	0.8949232	-0.40854108
0.9347777	0.62640893	-0.16058344
0.13432872	0.12864292	-0.34866875
0.26806784	0.54860514	0.498501
0.40851605	0.87777054	0.20967683
0.2704506	0.8609319	0.06313639
0.037741244	0.0065519214	0.18465418
0.37533784	0.15071046	0.37257817
0.81262165	0.74431205	0.081699505
0.012917399	0.064489126	-0.041527733
0.46270216	0.15782255	-0.26623407
0.47086996	0.28987288	-0.2878719
0.9310127	0.8778323	0.5616547
0.3435858	0.34521937	0.5561786
0.64849484	0.52930564	1.068126
0.8017008	0.3049127	-0.66914445
0.55767757	0.84411067	-0.03832785
0.6947108	0.8694595	1.3929621
0.08554691	0.8811135	-0.012554355
0.121081054	0.93529946	-0.067495786
0.7083467	0.9532129	1.200668
0.44066125	0.41837496	-0.20490392
0.5511264	0.6663112	-0.1775784
0.24432635	0.8414315	0.13114013
0.77609885	0.5466356	0.009413564
0.2541952	0.7031397	0.37634006
0.9119702	0.46514368	0.0055465624
0.7372701	0.7217499	1.2001846
0.30385953	0.3973747	0.67405117
0.107950866	0.25611067	-0.27479622
0.04294145	0.45159674	-0.62856346
0.23697579	0.7186052	0.42570427
0.5803483	0.90482974	-0.11417355
0.4045608	0.6410323	-0.03267401
0.5916715	0.8450782	0.05244056
0.37079728	0.34744442	0.33845788
0.68501014	0.4236297	0.894703
0.75633925	0.30263734	-0.34022373
0.26766324	0.156151	0.71756
0.8977419	0.6223555	-0.21701325
0.38213956	0.023164451	0.30077672
0.52027416	0.094376564	-0.6519627
0.682451	0.5929288	1.4415263
0.594611	0.30890304	-0.14375584
0.13969034	0.46254075	-0.048145674
0.5221019	0.86502033	0.02878993
0.04729879	0.35868436	-0.3993371
0.95835537	0.30070758	-0.5645113
0.92440295	0.075517654	0.50715065
0.70678335	0.0055819154	0.60242355
0.5205697	0.02799511	-0.77758956
0.48880422	0.49203652	-0.21639661
0.07515085	0.17797768	-0.14844836
0.30074155	0.16848868	0.79847723
0.23999971	0.35665512	0.57065654
0.8215459	0.6924484	-0.17329502
0.4185065	0.58816993	-0.0456127
0.12138015	0.8430088	-0.02697056
0.5103264	0.42077506	-0.3153287
0.63802135	0.033966064	0.36505878
0.5820728	0.9139174	-0.08099462
0.41046083	0.041667283	0.05339694
0.32469457	0.8761102	-0.012477623
0.8043766	0.6514199	-0.084590346
0.6124332	0.2686044	0.14900306
0.89382225	0.093928754	0.566241
0.7457292	0.20835394	-0.18956643
0.038811684	0.86296093	-0.20835893
0.87100255	0.8250902	-0.11095505
0.56170094	0.51527995	-0.20852172
0.15116799	0.13514042	-0.2710962
0.47996277	0.5719254	-0.12129202
0.21822542	0.29830003	0.30542332
0.3814507	0.95775604	0.14779076
0.44444346	0.73837817	0.036142364
0.6858042	0.5203906	1.2571915
0.37579042	0.415083	0.25609002
0.5198533	0.8267614	0.076664254
0.3539011	0.518103	0.32715604
0.14238524	0.5227426	0.028570628
0.26365823	0.1558227	0.7064344
0.007988393	0.5898129	-1.1963798
0.22958797	0.9149991	0.053859062
0.14558762	0.44823146	-0.06315358
0.45722878	0.034418344	-0.3369051
0.33674246	0.8184158	0.0073066764
0.22141641	0.041632235	0.53925264
0.19245362	0.61575186	0.37259442
0.03991151	0.65849364	-0.51940536
0.91777575	0.82099915	0.23930493
0.3567354	0.3225249	0.4528301
0.37329823	0.64693946	0.07665115
0.82063544	0.7619302	0.015985735
0.2242431	0.77366126	0.32243574
0.50500286	0.2884692	-0.4158008
0.29826194	0.8020161	0.09463397
0.12304449	0.84052426	-0.0379111
0.89785486	0.4681509	0.012004077
0.06917095	0.9329658	0.05611473
0.83176523	0.7868209	-0.052674543
0.68454856	0.7192995	1.5995717
0.4470085	0.8135583	0.22827344
0.12935752	0.22434294	-0.34702176
0.77925503	0.73333806	0.55410653
0.57007575	0.59931844	-0.15504724
0.24714947	0.8286683	0.116890356
0.25676244	0.57549125	0.4832008
0.18675673	0.6783095	0.31503347
0.26438028	0.8420272	0.15718621
0.28752643	0.6446586	0.39440963
0.32077563	0.76867706	0.108144775
0.46922743	0.27414554	-0.2904544
0.87606627	0.39701384	-0.032112464
0.09499347	0.95421445	0.008183803
0.09031606	0.67682916	-0.12635435
0.17703348	0.15529418	-0.12304102
0.0008405447	0.7887459	-0.93562484
0.91139823	0.71323305	-0.05980343
0.21167654	0.57607824	0.42114374
0.39696348	0.20677608	0.1258585
0.52953327	0.27142608	-0.50768137
0.4304257	0.26773274	-0.15742014
0.7327772	0.28127968	0.060062032
0.4806261	0.2011962	-0.34834206
0.04460317	0.96044177	0.049649093
0.07387853	0.51287526	-0.30569893
0.40430677	0.03538555	0.17952816
0.701299	0.9273419	1.2498385
0.4347911	0.06727815	-0.11258898
0.15834385	0.6048349	0.18360695
0.77902144	0.7916517	0.7689075
0.16333044	0.4265222	0.074832216
0.8870814	0.7653424	-0.15080969
0.8705747	0.101053774	0.4133011
0.75375706	0.07723278	-0.17920311
0.9043033	0.13048393	0.58821595
0.7932053	0.8738947	0.63821214
0.049630642	0.0024767518	0.23618107
0.9164931	0.17070156	0.5269529
0.8049167	0.7643675	0.17823711
0.5478423	0.8457286	-0.05217095
0.5315903	0.49893564	-0.3745079
0.22034955	0.97138613	-0.010587309
0.2764489	0.097807884	0.8342126
0.45499492	0.24442309	-0.20437972
0.09274942	0.08369273	-0.13752945
0.6310678	0.53542095	0.78058547
0.6265822	0.5079752	0.6814061
0.2301594	0.81759095	0.1580841
0.8620632	0.028261185	0.22126622
0.91802573	0.9287295	0.5334805
0.9961773	0.016215801	-0.783747
0.77882296	0.01855421	-0.3827348
0.3932541	0.8120129	0.03955978
0.9487709	0.49815547	-0.48954368
0.02785933	0.9650451	-0.15859322
0.79115933	0.808573	0.56193054
0.5590367	0.6235639	-0.22339034
0.4782166	0.46424568	-0.24785751
0.04415244	0.7724094	-0.28664234
0.8166264	0.2596851	-0.5839579
0.41798478	0.41356695	-0.11651437
0.8931117	0.6237793	-0.14594243
0.4006697	0.40192538	0.010749873
0.4484493	0.12196988	-0.22616835
0.4553631	0.90323997	0.3868391
0.23708427	0.96802914	-0.06694247
0.86199194	0.8610656	-0.03900496
0.64381665	0.20787364	0.4852129
0.38993353	0.14031595	0.27147672
0.17569643	0.17117363	-0.10603387
0.79564774	0.9644572	0.7123595
0.96262264	0.8924308	0.8559806
0.20977068	0.046303272	0.41866136
0.15388387	0.28567594	-0.13343963
0.5606843	0.4215449	-0.38509905
0.4333076	0.37575924	-0.19053985
0.6172176	0.2856536	0.14914826
0.33872104	0.8046688	0.094322965
0.018335044	0.62237746	-1.0167251
0.28262877	0.32505274	0.70386326
0.27620345	0.9686312	-0.15087965
0.69169927	0.5285187	1.1909674
0.31963438	0.5041672	0.57616264
0.30134088	0.67174274	0.33335924
0.04368508	0.6150014	-0.6246134
0.75229365	0.6898948	0.90616006
0.5045497	0.6779381	0.020806395
0.585447	0.12092841	-0.4162973
0.78782785	0.9449827	0.78893787
0.84298915	0.34040672	-0.3246748
0.62662154	0.66953206	0.8586769
0.013077915	0.9795568	-0.3274218
0.13018084	0.57364106	0.05939173
0.03244865	0.12400508	0.0097456295
0.12359899	0.51122963	-0.111904584
0.024302542	0.32530582	-0.6728769
0.4313435	0.73979795	0.10654548
0.44268316	0.21727842	-0.18143289
0.49143726	0.15872759	-0.44913414
0.7207019	0.34603077	0.35738647
0.34552914	0.25636595	0.61381626
0.055408478	0.22565448	-0.10060622
0.6576095	0.74210066	1.3053389
0.15380698	0.45914334	0.088567615
0.97549653	0.88624793	0.7278852
0.27516508	0.4129433	0.61428356
0.12778878	0.3131746	-0.22722965
0.15312093	0.32901537	-0.10006948
0.2605369	0.10669631	0.74944574
0.31912327	0.15281755	0.7601491
0.45636237	0.9451583	0.3438981
0.80379814	0.9014726	0.5559083
0.25651294	0.8936976	0.053453647
0.30649006	0.57073396	0.49096107
0.24614763	0.73397386	0.38659924
0.008481801	0.28968924	-0.7242653
0.37429863	0.9441458	0.036629032
0.42102128	0.28358042	-0.050871998
0.28354698	0.76596516	0.13776594
0.52105176	0.35828537	-0.43368074
0.3956747	0.24057084	0.16410674
0.9574773	0.9676241	1.1488073
0.9221436	0.87403905	0.4076783
0.78242433	0.027778924	-0.4295901
0.18925577	0.12995368	0.07697912
0.4850688	0.6573253	0.022613777
0.7578949	0.092617035	-0.2219055
0.24163085	0.91044897	0.058639064
0.089883804	0.89997035	0.011191084
0.39295703	0.6527401	0.06042755
0.49246293	0.44702798	-0.25125414
0.8577825	0.14001459	0.1276196
0.092300475	0.252824	-0.23495811
0.17066813	0.8676645	-0.003768282
0.031548858	0.5042269	-0.8486474
0.6063096	0.82419014	0.23451188
0.23600298	0.24924493	0.50460255
0.24991709	0.99249285	-0.15243608
0.8750643	0.4928195	-0.18298681
0.66260993	0.821249	1.2225283
0.16836518	0.51029855	0.18889977
0.5147884	0.60188985	-0.124026164
0.3918317	0.29639316	0.12216857
0.6514917	0.69835097	1.2610953
0.82449186	0.08171135	-0.36033642
0.5350578	0.36458033	-0.45936725
0.061619043	0.24947602	-0.199278
0.8533016	0.37459052	-0.2516673
0.7357047	0.921905	1.2765335
0.59114313	0.020611763	-0.46644574
0.2023673	0.15054208	0.21536084
0.43119675	0.51378775	-0.19532849
0.8302152	0.024000108	-0.27695256
0.6685885	0.079194546	0.6037939
0.8524304	0.13646865	0.019667696
0.18568361	0.458902	0.20870769
0.23671031	0.84930795	0.124800995
0.48474854	0.34977233	-0.3367193
0.1505782	0.74967873	0.10748855
0.4061392	0.7138328	-0.019889235
0.274822	0.49956244	0.51023674
0.20500672	0.2040323	0.21464977
0.8481878	0.2431227	-0.15281174
0.6525995	0.94777524	0.5990377
0.08085942	0.6341192	-0.25068521
0.9430699	0.4115715	-0.37121767
0.8041233	0.5937778	-0.2810797
0.1706652	0.088646054	-0.17970142
0.5091829	0.6046347	-0.12174433
0.15333372	0.35097247	-0.10001819
0.16978377	0.97455513	-0.21196899
0.533486	0.076486886	-0.68217856
0.93989295	0.8848715	0.64703274
0.7899424	0.038384378	-0.43588528
0.7210432	0.4094348	0.50232047
0.831074	0.8527621	0.07023996
0.28589004	0.5164104	0.5847946
0.27982068	0.961668	-0.09526992
0.2851845	0.90367085	-0.0034929365
0.8514677	0.8662074	-0.012889
0.10020763	0.14674568	-0.24286696
0.70467097	0.598438	1.3507369
0.4779315	0.44152862	-0.2783014
0.3975582	0.020811737	0.17018709
0.631375	0.46408743	0.6569173
0.5352472	0.42481792	-0.4169436
0.5787756	0.35875726	-0.31646377
0.12218541	0.7569509	-0.015583692
0.18173915	0.45689875	0.22506405
0.3370433	0.047135234	0.5960538
0.14892876	0.26974666	-0.2117605
0.2865802	0.6193113	0.4512829
0.5590949	0.59556985	-0.18447004
0.30499047	0.49886048	0.5649414
0.9221322	0.010968447	0.47161958
0.41234422	0.4379756	-0.13876283
0.26282626	0.6910619	0.35831153
0.61368185	0.5373171	0.42716327
0.22959334	0.515126	0.4730748
0.36028636	0.6954517	0.09397341
0.6075012	0.6411963	0.37926182
0.16545522	0.94993746	-0.17284882
0.41596115	0.85771644	0.2235705
0.6758189	0.6035588	1.401537
0.6734163	0.67106795	1.5238446
0.30189544	0.119719505	0.876521
0.79340464	0.06455368	-0.50942117
0.098311186	0.75820094	-0.008600313
0.9531239	0.07971853	0.06151568
0.7952522	0.4812997	-0.4317015
0.90083057	0.38513076	0.19147986
0.7835577	0.24509585	-0.66611886
0.62354165	0.35855204	0.38261122
0.07087475	0.25968713	-0.2490841
0.008856416	0.57992613	-1.1567601
0.13978845	0.5434122	0.006808227
0.61932516	0.76564986	0.6532262
0.20829833	0.8259292	0.2333063
0.076153696	0.6354588	-0.28179887
0.78342855	0.92941815	0.8522425
0.4123686	0.38356036	-0.06641417
0.7632883	0.29156816	-0.44024518
0.45710462	0.88052964	0.3006399
0.1092906	0.8716366	-0.0063066017
0.1731981	0.9636333	-0.22877203
0.9499143	0.6296151	-0.20797366
0.92822766	0.827557	0.3048933
0.38783318	0.2537313	0.22437756
0.90950644	0.7927474	0.13869585
0.035295606	0.27428913	-0.33659545
0.91559726	0.9177728	0.49237588
0.4916005	0.9329848	0.28291103
0.4892472	0.41186583	-0.3180139
0.7265485	0.1858517	0.06758511
0.030003965	0.3445776	-0.5990894
0.41301346	0.27655983	-0.014831298
0.48259938	0.7613426	0.16309674
0.6639092	0.13378692	0.53915197
0.834439	0.66297877	-0.3083391
0.5114834	0.4105217	-0.34519506
0.15414	0.6641895	0.11905034
0.32895344	0.16995573	0.7570747
0.29911852	0.590323	0.45088893
0.35775656	0.87229	0.07885761
0.17351091	0.53702354	0.26029834
0.8408254	0.13883483	-0.13966806
0.2629813	0.3753227	0.587076
0.33110583	0.21601206	0.74609065
0.8855862	0.19684714	0.4797057
0.58952695	0.020683229	-0.39818045
0.54168385	0.47007746	-0.3186244
0.18466109	0.6293262	0.26940283
0.71523964	0.50656503	0.95222706
0.95433646	0.7383515	0.051426366
0.91509223	0.9089873	0.46150655
0.40675443	0.05149901	0.11035089
0.4217974	0.5785359	-0.071763694
0.9160983	0.96796143	0.6475153
0.93853986	0.587462	-0.22094046
0.88410896	0.9243113	0.122637086
0.7238045	0.98596275	1.2014556
0.39701015	0.6193581	-0.02765744
0.35827208	0.49016488	0.4074893
0.008449793	0.5420253	-1.1949642
0.14548498	0.44192213	-0.03720989
0.89376277	0.24146974	0.45192882
0.8072584	0.61668974	-0.25032517
0.1218614	0.65488046	-0.038289648
0.8011634	0.32509708	-0.6952481
0.25488126	0.09226918	0.7197855
0.1587531	0.68077135	0.13977489
0.086919725	0.06653881	-0.1397469
0.8844752	0.12502772	0.50533587
0.59692055	0.30058235	-0.09426128
0.7258003	0.06288135	0.24753237
0.2504884	0.03340453	0.78843397
0.67269266	0.6406628	1.4759672
0.14814442	0.42233866	-0.08032803
0.30679005	0.15562457	0.7353963
0.05222726	0.60314864	-0.5254589
0.5071958	0.35676378	-0.44295537
0.54767996	0.2218616	-0.60115063
0.8532337	0.44742757	-0.33257997
0.033534646	0.58453083	-0.7166792
0.14326829	0.57663614	0.08253988
0.4064713	0.42968214	0.011082221
0.26751328	0.48012	0.6328126
0.79103863	0.016801357	-0.4340996
0.38225126	0.76828825	0.041694965
0.29984385	0.28798413	0.6786099
0.1626373	0.649756	0.19447146
0.24733734	0.736615	0.3060759
0.7634315	0.9320757	1.1015143
0.6127716	0.26157874	0.08723976
0.6524468	0.84374225	1.008399
0.29685318	0.3924287	0.70495284
0.8551376	0.35228908	-0.13808882
0.28211862	0.05839902	0.83979493
0.08966398	0.9167626	0.049667682
0.7154036	0.48823547	0.89805686
0.53011566	0.5541709	-0.28253534
0.6213666	0.27170283	0.22279334
0.92799777	0.46975493	-0.18087469
0.36237407	0.106196165	0.4742687
0.40491593	0.94963896	0.24409796
0.004359126	0.9212658	-0.5385473
0.05527538	0.13039243	0.060236238
0.22242141	0.5134447	0.47568166
0.7239901	0.35120934	0.26558504
0.4578702	0.12636751	-0.19014537
0.5565179	0.30681092	-0.46405137
0.95581174	0.33566326	-0.5997026
0.52017325	0.10354078	-0.6704097
0.21693206	0.16246122	0.3478118
0.34134614	0.3931499	0.5084424
0.529936	0.1536395	-0.63728505
0.47982508	0.37233078	-0.29222807
0.3873526	0.046995282	0.30472118
0.16809946	0.29697716	0.013257902
0.85150516	0.19313079	0.0070182905
0.41358328	0.43326372	-0.058687747
0.011533141	0.2844473	-0.65992117
0.3969689	0.5528123	0.03591343
0.016175628	0.26844603	-0.63499236
0.9821689	0.9039525	0.8435333
0.6755402	0.2529658	0.6812107
0.94898176	0.39585203	-0.4616948
0.9174714	0.64894706	-0.1278848
0.30294007	0.47075522	0.63650435
0.49519068	0.7991005	0.19449176
0.6109592	0.53873503	0.33888495
0.12952346	0.9999485	-0.1634495
0.30794787	0.25700748	0.76067466
0.26407444	0.64461	0.43019086
0.26353884	0.14937222	0.75926703
0.82321966	0.36576962	-0.5832168
0.8849097	0.8331349	-0.021180823
0.44778234	0.26386172	-0.22597484
0.64576757	0.1680829	0.44014296
0.13262016	0.5705716	0.03353303
0.0973528	0.40870726	-0.24280214
0.31175488	0.88546413	-0.026598642
0.7550882	0.81295794	1.1248175
0.406444	0.9266444	0.21617144
0.020044625	0.06136799	0.027870506
0.052366316	0.7332738	-0.33772713
0.8640685	0.11610484	0.28217497
0.61953616	0.4981997	0.5105759
0.39909518	0.62888396	-0.069799684
0.19084531	0.45317763	0.18857858
0.32212722	0.005828142	0.6588654
0.36246324	0.8955665	0.03329317
0.055267513	0.42615962	-0.4534304
0.15737325	0.7969231	0.045984708
0.76705706	0.9993458	1.0921968
0.7274124	0.9346707	1.2785134
0.29966432	0.54402894	0.5807712
0.302988	0.86642927	-0.04751003
0.72817284	0.4653191	0.5862984
0.28467685	0.92559916	-0.10314025
0.9234693	0.99984515	0.7158548
0.4340806	0.21126652	-0.08417656
0.110542536	0.33394128	-0.22902355
0.013004422	0.6464945	-1.076426
0.31703466	0.15698427	0.754301
0.035656273	0.36204416	-0.56073207
0.5489608	0.5423221	-0.31236386
0.1359843	0.19294268	-0.33154052
0.70272976	0.30034178	0.47838378
0.40690005	0.87509155	0.14634512
0.15549785	0.35039347	-0.03578196
0.7937088	0.74757713	0.30416292
0.18577439	0.12611431	0.057659514
0.91516256	0.8195225	0.18325216
0.48560572	0.12569678	-0.40881592
0.7498735	0.28063053	-0.27518553
0.6237035	0.6501892	0.74820155
0.10946977	0.22552419	-0.31000364
0.41147923	0.88059294	0.22375841
0.74522036	0.03050977	0.0015495494
0.3183561	0.48876822	0.5535798
0.8834047	0.09132409	0.51446104
0.94082034	0.61266124	-0.23181866
0.8435147	0.50422686	-0.46056533
0.2741183	0.2863227	0.64262927
0.208063	0.18833888	0.28228262
0.61308074	0.20092154	0.026496753
0.6536966	0.14872628	0.5619638
0.49458504	0.47139317	-0.2590292
0.7948814	0.9376075	0.74273497
0.58328986	0.35369796	-0.22470011
0.93960345	0.33998	-0.16722822
0.078364015	0.389394	-0.25873965
0.3593151	0.49766582	0.33776444
0.25879937	0.34304094	0.6478318
0.7194511	0.45415092	0.630183
0.60603386	0.81460357	0.30133528
0.7077769	0.13928735	0.34425995
0.75518423	0.96991843	1.1036665
0.98347217	0.7254608	-0.1770907
0.44744307	0.9228039	0.34966955
0.16231221	0.08336985	-0.21685329
0.2669261	0.6927628	0.36845872
0.27566087	0.07486099	0.9099617
0.79281586	0.24907964	-0.6895464
0.33197373	0.86935115	-0.03616415
0.85808986	0.6626346	-0.31135297
0.67523694	0.60361916	1.4275873
0.19195575	0.5516106	0.3201456
0.59351397	0.6182704	0.20746616
0.8941966	0.68955183	-0.16362464
0.85753816	0.32815588	-0.14773291
0.68747884	0.34455365	0.76629674
0.48378468	0.72849023	0.16912048
0.46420872	0.68587446	0.10284603
0.06402582	0.302132	-0.28413892
0.6183345	0.915365	0.18324585
0.23986924	0.33911467	0.48882684
0.01759237	0.381285	-0.8666239
0.051655054	0.11669564	0.04347953
0.71217823	0.004937172	0.56687754
0.24221188	0.75778234	0.2769403
0.520731	0.072431564	-0.686909
0.97201395	0.64727193	-0.40011522
0.8357942	0.9703716	0.2773185
0.4402153	0.75687605	0.15512292
0.7867259	0.13177246	-0.54877436
0.7323457	0.5609979	0.86860234
0.9334455	0.441406	-0.1844725
0.628971	0.096111536	0.2930448
0.36240423	0.38581902	0.4073126
0.17045659	0.16994315	-0.18482201
0.72994125	0.7810642	1.3891072
0.06034887	0.24124318	-0.17146951
0.17744392	0.7797187	0.17117536
0.42884493	0.9786	0.30762753
0.6935794	0.8000773	1.5005842
0.42401135	0.40398216	-0.17380336
0.89655566	0.8977896	0.18173826
0.7365972	0.9158981	1.3180406
0.052075565	0.43025815	-0.49118653
0.100687206	0.20566249	-0.29909897
0.46818453	0.6639294	0.056431837
0.0017901659	0.51763093	-1.2879326
0.29798812	0.2870341	0.7510813
0.18782425	0.9595742	-0.11754764
0.5328635	0.06662035	-0.7092999
0.8319582	0.7277265	-0.18818387
0.41265798	0.7193672	0.028076064
0.123630166	0.2962339	-0.2653351
0.29275703	0.5289489	0.62424904
0.039180756	0.65141857	-0.62048256
0.8177015	0.8175296	0.1973794
0.16077018	0.6726684	0.1848596
0.19615954	0.08831197	0.16927724
0.5206767	0.2547773	-0.5037537
0.46432716	0.28436285	-0.2555092
0.43178242	0.82792205	0.125282
0.38022566	0.057743967	0.3467363
0.6442111	0.8246478	0.9199079
0.3237911	0.33737707	0.6749245
0.98172265	0.47146362	-1.245772
0.6046232	0.9932116	-0.24986763
0.14030612	0.58520424	0.05369982
0.2773844	0.6010994	0.5051156
0.8751272	0.5160872	-0.19621518
0.4510861	0.53503865	-0.120802134
0.06289828	0.062498093	0.06297011
0.5258114	0.56053233	-0.22730225
0.43768156	0.5228175	-0.15936363
0.931084	0.9962178	0.9501309
0.31633216	0.022668421	0.8041549
0.2873639	0.69642335	0.27232358
0.5598276	0.72131497	-0.041101694
0.36082417	0.9564015	0.0012063906
0.05837977	0.56103045	-0.4624563
0.91282547	0.16528296	0.5838488
0.80946904	0.10537189	-0.47339723
0.80814487	0.5689886	-0.38407746
0.7242125	0.13048214	0.10919491
0.41272157	0.70655286	0.07785291
0.3215962	0.71007806	0.24176131
0.6698768	0.74303216	1.4274901
0.98498714	0.65218747	-0.6119087
0.1212787	0.061822176	-0.3575271
0.21586382	0.45776582	0.43840143
0.4517848	0.6945285	0.05467739
0.036479056	0.45276886	-0.6924677
0.93020755	0.6453048	-0.05697239
0.66249	0.54420716	1.258251
0.32061344	0.35337734	0.6402368
0.12052041	0.70406073	0.034754213
0.4301064	0.76529133	0.16411403
0.12743855	0.24612242	-0.3081512
0.49324888	0.87967837	0.2853678
0.38343078	0.40744287	0.14807814
0.9611008	0.08702743	-0.16151011
0.19426751	0.96577173	-0.10654479
0.604886	0.24328345	-0.0026887618
0.80696064	0.86280936	0.43981707
0.11602187	0.5517495	-0.04453593
0.23221469	0.20146263	0.53816414
0.674698	0.40723562	0.964276
0.6454924	0.66910976	1.1662433
0.45655113	0.33479828	-0.27060768
0.4925658	0.3216483	-0.3381587
0.4285866	0.11660886	-0.023176346
0.65734154	0.96579236	0.521063
0.37390012	0.16507226	0.4631743
0.37608045	0.4258291	0.21864235
0.24161863	0.17784351	0.5465282
0.5128869	0.70124763	0.021890067
0.6802317	0.91522586	1.1083801
0.6931379	0.84718996	1.4188596
0.15437973	0.70609355	0.08515352
0.5247292	0.18784404	-0.5787133
0.6704346	0.56613547	1.3770703
0.49505985	0.4970364	-0.23726395
0.40003353	0.2172851	0.15878972
0.1129359	0.89910895	-0.06567569
0.9521684	0.43163192	-0.54780537
0.8156609	0.9119417	0.39416787
0.3075633	0.69009054	0.28546116
0.17098176	0.42512488	0.08366478
0.32775748	0.9997306	-0.13149793
0.23934704	0.99477935	-0.14637087
0.8870536	0.9506321	0.26789165
0.5061436	0.32494336	-0.41142035
0.42266518	0.4315306	-0.107251376
0.008389115	0.86647403	-0.57272524
0.78089124	0.7973702	0.7021178
0.45989084	0.86240214	0.2953936
0.06642896	0.7592454	-0.104968205
0.703687	0.84135485	1.4850837
0.40127033	0.9559643	0.2500447
0.81943667	0.038548708	-0.37930402
0.4466396	0.21401823	-0.22180338
0.8451793	0.99153185	0.2612146
0.9604776	0.8008282	0.3693891
0.8038167	0.11956084	-0.5921997
0.31428742	0.06375033	0.7944211
0.5578241	0.82371813	-0.061413914
0.35935777	0.44917876	0.44749206
0.12504685	0.38945055	-0.20128432
0.93721265	0.74540293	0.14387287
0.18792313	0.75630295	0.28001785
0.0071119666	0.83490354	-0.70429295
0.15322554	0.7173242	0.17609133
0.55725306	0.2659214	-0.51812375
0.7855782	0.63135487	0.095631465
0.109211564	0.7968513	-0.074010044
0.4746372	0.7898006	0.24882728
0.7310395	0.3187307	0.13607301
0.02534908	0.9403291	-0.2175717
0.668386	0.08540851	0.60510224
0.9399755	0.36307746	-0.1373416
0.104881465	0.9760492	-0.09202826
0.38096172	0.05024457	0.33787638
0.14050657	0.7547681	0.06740095
0.83127064	0.74347186	-0.13960825
0.27890313	0.17060882	0.815693
0.93838197	0.043767035	0.43321055
0.06899834	0.23329961	-0.15846965
0.9067022	0.8579217	0.18299258
0.22137368	0.25637573	0.42622644
0.30974758	0.49766797	0.5624141
0.2906984	0.585248	0.4762045
0.5426055	0.14159721	-0.6176254
0.12943435	0.35048527	-0.19484635
0.95410377	0.8851307	0.7681105
0.23947448	0.2620114	0.5716145
0.7113196	0.47384834	0.8880404
0.30817455	0.70844215	0.22320704
0.8545555	0.5795459	-0.41060245
0.4844063	0.28689784	-0.3822057
0.7997778	0.032796264	-0.46184608
0.23849952	0.72805357	0.29061833
0.5419979	0.29311264	-0.47938305
0.0069071054	0.25192565	-0.68966407
0.2298764	0.1639697	0.5407741
0.74844056	0.4156202	0.02660393
0.00088089705	0.20866716	-0.6093836
0.07158625	0.18536353	-0.09521696
0.65434104	0.47511566	1.002076
0.83965194	0.31445283	-0.33195218
0.59750247	0.4274248	0.030550176
0.4929487	0.856144	0.19279703
0.6912653	0.19894153	0.44480076
0.3963012	0.92298526	0.17912374
0.56355494	0.8783016	-0.05772616
0.2882424	0.1774301	0.82975054
0.99754506	0.7381817	-0.3153297
0.52535605	0.7476319	0.0377378
0.49784666	0.20711285	-0.46391758
0.07172239	0.25170094	-0.09796188
0.7819066	0.9031223	0.8857629
0.38474852	0.64992553	0.030745685
0.73993456	0.19261146	-0.14803162
0.39276809	0.8059881	0.13185637
0.36968678	0.76222557	0.06757489
0.69718426	0.3323807	0.63202626
0.1632455	0.049778223	-0.22502892
0.430151	0.4083202	-0.15136132
0.029256523	0.4793942	-0.8008417
0.013333917	0.64801383	-0.99700856
0.4577142	0.52987635	-0.14795141
0.78183585	0.565492	0.033096436
0.117206514	0.4717976	-0.142683
0.91265994	0.60703874	-0.10021507
0.2417363	0.8764619	0.04261577
0.6162416	0.94746894	0.06544416
0.6942924	0.76313764	1.572152
0.57943267	0.20996165	-0.3913606
0.75699025	0.38571298	-0.2087182
0.34779364	0.76357645	0.06139058
0.3193556	0.75252277	0.08692983
0.94205165	0.42510176	-0.3432746
0.4646895	0.4490229	-0.2431841
0.6812209	0.22555506	0.5414673
0.08078599	0.12672299	-0.06611855
0.7486736	0.92035925	1.2456074
0.030984223	0.7730392	-0.44697586
0.38767636	0.5956767	0.034918763
0.5870035	0.08116925	-0.36270088
0.58212185	0.5361851	-0.1070513
0.079581976	0.91501254	0.08953155
0.90588593	0.73829025	-0.054398395
0.5584314	0.9515188	-0.12567435
0.101816475	0.79511815	-0.026552005
0.6731755	0.96060234	0.7780264
0.6516588	0.06184095	0.47828367
0.8972247	0.05905789	0.622452
0.73291767	0.37768614	0.19939326
0.3581416	0.36393976	0.4343969
0.050711274	0.5636113	-0.5361468
0.9718374	0.26080102	-0.9393516
0.5559503	0.12711686	-0.5913525
0.63449675	0.212461	0.33356118
0.71005106	0.71189225	1.5215117
0.5891876	0.47822052	-0.0404033
0.81084037	0.8450027	0.29326046
0.7477504	0.17669505	-0.20559376
0.12862474	0.80063844	0.00097559765
0.35368687	0.13344872	0.55532086
0.68864566	0.22774708	0.54055065
0.16361755	0.6117126	0.19745137
0.58960444	0.68181247	0.13700771
0.037179828	0.7268465	-0.49994314
0.1417532	0.4654385	0.0015725866
0.5956497	0.9200883	-0.034576245
0.029101491	0.9209188	-0.12790823
0.4940213	0.6877733	0.053893447
0.7614969	0.75677824	0.9600199
0.6279541	0.26655072	0.28026745
0.69076604	0.13934815	0.5280727
0.25696236	0.31342787	0.61503726
0.0897727	0.30056715	-0.25438666
0.40582258	0.998128	0.3008232
0.34251475	0.065755785	0.62130296
0.009428918	0.8851346	-0.514021
0.87668276	0.7142677	-0.25689834
0.27671647	0.47569102	0.59643906
0.35154057	0.58938026	0.288861
0.4327156	0.6122615	-0.05149716
0.071247995	0.5211705	-0.29506427
0.63833326	0.21454948	0.40688857
0.37009543	0.85023254	0.011896934
0.4539355	0.3452937	-0.2529554
0.8365026	0.82227105	-0.05896767
0.04749757	0.06768578	0.14400348
0.10074711	0.14301533	-0.24658364
0.5023881	0.50535196	-0.25932887
0.6876199	0.63554823	1.4977866
0.6160833	0.08808982	0.039615065
0.0115658045	0.60743845	-1.1220711
0.51653636	0.9721497	0.1159777
0.7215202	0.021638572	0.349966
0.13163191	0.2832092	-0.21666394
0.069072545	0.5983124	-0.31200993
0.8097353	0.057447255	-0.45379978
0.11025113	0.10554308	-0.31746313
0.37575495	0.029898345	0.37237978
0.25050515	0.42793047	0.5981437
0.07584554	0.47106093	-0.30299366
0.13338	0.56785506	0.018812347
0.846404	0.24173355	-0.15847544
0.37201667	0.598642	0.13853844
0.75370127	0.93497986	1.2141095
0.19181722	0.40156835	0.24713548
0.7912633	0.4585477	-0.43980935
0.23081636	0.39437371	0.45713377
0.45918268	0.5460538	-0.17145687
0.2987768	0.54387	0.55308706
0.12664849	0.73717296	-0.045034803
0.59374404	0.796804	0.13237593
0.031841338	0.9911184	-0.047903247
0.5168256	0.8616349	0.1189409
0.69332016	0.8000081	1.5286746
0.4821769	0.2761985	-0.32684264
0.3156625	0.55558395	0.5048824
0.72527903	0.69820017	1.3401333
0.9197227	0.5246526	-0.118331455
0.938619	0.17471254	0.23404607
0.12213719	0.16772926	-0.3200048
0.39389944	0.78851616	0.046351723
0.03400719	0.5640339	-0.7786672
0.64209455	0.2352733	0.45319596
0.60394925	0.16968477	-0.062580764
0.009256184	0.49537635	-1.116407
0.63191366	0.73754203	0.93103594
0.9117508	0.058851838	0.5875261
0.03950751	0.3227272	-0.3924231
0.29499012	0.89753413	-0.0539423
0.105969846	0.5275352	-0.16242594
0.99062395	0.43040836	-1.5727816
0.8246609	0.13852257	-0.38569522
0.37814277	0.9451823	0.12613963
0.4125374	0.85435987	0.20294191
0.74859524	0.31975347	-0.22834751
0.1726731	0.69448066	0.18945679
0.43659776	0.38715357	-0.20939894
0.941276	0.43131876	-0.36283952
0.2561751	0.37570268	0.6072686
0.014258802	0.6668642	-1.0087885
0.92363566	0.91753566	0.56345975
0.12334627	0.8730826	-0.019604035
0.23327917	0.6263171	0.41824564
0.33044386	0.07293105	0.6978657
0.9720656	0.33493686	-1.0726714
0.47159463	0.15692788	-0.31878832
0.82581	0.59847045	-0.37829083
0.6737039	0.43688732	1.0712122
0.14633495	0.30703503	-0.1406421
0.5938162	0.41643804	-0.05079878
0.7955923	0.6693933	0.110402785
0.19667631	0.5250343	0.40327358
0.25016302	0.39465272	0.53804946
0.9682614	0.9655718	1.1710327
0.75409275	0.8147599	1.1429613
0.5186795	0.94968516	0.10618001
0.019918978	0.5266187	-1.0461369
0.6465993	0.06274313	0.46717647
0.42501044	0.6406851	-0.09475492
0.5749783	0.97617024	-0.18843019
0.1949687	0.30788445	0.24361251
0.2585578	0.00957191	0.8799784
0.5454342	0.50398755	-0.33839694
0.45836407	0.5023367	-0.20368892
0.39472568	0.36367762	0.09478701
0.48854876	0.75590676	0.18701434
0.64008015	0.31050467	0.54086006
0.7329088	0.582314	0.9396218
0.20302796	0.1206699	0.1629222
0.9917241	0.8090311	0.24321334
0.15576077	0.9639435	-0.1763874
0.5940555	0.036390185	-0.25903034
0.12615192	0.26369244	-0.3109145
0.97036403	0.3562432	-1.0202348
0.70302427	0.17123926	0.3675625
0.5100578	0.7861052	0.07959218
0.9691401	0.17436218	-0.5828001
0.4248256	0.99652284	0.34903932
0.75362194	0.97991467	1.1770164
0.25903416	0.06494689	0.83327377
0.47381252	0.616309	0.0051215515
0.799846	0.0831669	-0.5435745
0.45080477	0.46210235	-0.20828311
0.18591225	0.10156369	0.1010727
0.96239704	0.4967293	-0.76506215
0.49759758	0.055868983	-0.62069017
0.8328791	0.5500937	-0.43735382
0.28876114	0.8979658	-0.043001134
0.5821448	0.0065273046	-0.5652463
0.28582245	0.24559486	0.7096638
0.4837396	0.7457577	0.08677316
0.78762704	0.18036175	-0.6221653
0.31388384	0.866055	-0.019993069
0.6692883	0.0045506954	0.72567433
0.46389288	0.9529303	0.28821954
0.8070994	0.97652644	0.5671543
0.90416235	0.59306824	-0.118256725
0.90706927	0.9927938	0.46299663
0.96736264	0.0010999441	-0.18919429
0.11523938	0.7411984	0.035690237
0.41524965	0.6026208	-0.066726096
0.5953809	0.30103993	-0.13278298
0.7109855	0.07484561	0.39803034
0.559866	0.9187933	-0.0952477
0.45401376	0.6594528	0.03207673
0.842006	0.22382104	-0.19268022
0.4809842	0.85607284	0.27048185
0.7056269	0.7332094	1.559097
0.20628208	0.88839155	0.049167525
0.9227794	0.02019447	0.5407217
0.36295682	0.70421976	0.08721811
0.21440423	0.33599252	0.39512777
0.74627143	0.4074307	0.15286413
0.9762157	0.3309111	-1.2023855
0.185839	0.07213807	0.052813284
0.2052508	0.3178525	0.26088363
0.6855866	0.123485744	0.5726714
0.40890044	0.6521295	-0.048509043
0.0645619	0.53112775	-0.4068278
0.8129742	0.8641132	0.3001292
0.98189944	0.43115592	-1.3328632
0.40307063	0.37143797	0.031153612
0.7263878	0.21174061	0.09309839
0.8029724	0.9551716	0.6489596
0.12154293	0.6222635	0.0008580573
0.7470346	0.41975594	0.08882366
0.83933777	0.5778738	-0.43865716
0.6702212	0.6179361	1.3794991
0.38562733	0.53398013	0.055335402
0.38293952	0.9369298	0.08343996
0.28694206	0.7368515	0.21334438
0.88493234	0.4572695	-0.07382628
0.3363195	0.18547273	0.6526882
0.85736966	0.8040177	-0.2058336
0.20667726	0.67565405	0.32860115
0.01227957	0.044634998	-0.009458844
0.30324703	0.86631876	0.03083175
0.20454812	0.8290554	0.19981231
0.754576	0.6917445	0.89392215
0.16084707	0.17240435	-0.22948179
0.95650095	0.82613736	0.5205977
0.3749714	0.24470699	0.33894384
0.69602394	0.6128595	1.4526287
0.22183478	0.5484226	0.4619028
0.16700673	0.9522807	-0.10074785
0.02810067	0.28824788	-0.5302826
0.10863984	0.95287937	-0.078491405
0.72720486	0.56276524	1.0009494
0.32005352	0.061804175	0.74893284
0.43349636	0.6763641	-0.06388233
0.8799902	0.7730492	-0.14556062
0.5124321	0.14571708	-0.5653059
0.31769532	0.83434105	0.028218048
0.67890626	0.34188318	0.8144379
0.7427924	0.43951303	0.26120034
0.9515973	0.29570544	-0.3583386
0.70585567	0.116087854	0.34600884
0.45163208	0.06227833	-0.2539686
0.9166603	0.34710252	0.16648825
0.3390532	0.49893177	0.47379112
0.3602715	0.47817546	0.32911202
0.6121074	0.3708189	0.15320663
0.019426286	0.19338667	-0.34209576
0.23670149	0.8603219	0.12007293
0.82147354	0.15584946	-0.38559005
0.11681718	0.12799114	-0.34177217
0.48980772	0.13126999	-0.44965702
0.97310746	0.96549106	1.2325366
0.42884338	0.75389916	0.08054547
0.6122742	0.653836	0.519788
0.62726086	0.42373645	0.49228168
0.56121826	0.22227335	-0.51389736
0.48383546	0.4517277	-0.21274602
0.25575757	0.26528585	0.6376195
0.5550661	0.5462081	-0.26798207
0.11812693	0.94321847	-0.12151469
0.5153009	0.06751841	-0.7447574
0.39925492	0.38960606	0.040296495
0.09161383	0.7925131	0.015314128
0.12642264	0.16683024	-0.3142335
0.24807745	0.98473465	-0.06644262
0.9280103	0.16566056	0.41568998
0.061862707	0.19675225	-0.09365804
0.042164505	0.5387741	-0.6275063
0.43936062	0.71284777	0.08945438
0.8120125	0.012800515	-0.38050053
0.4501257	0.4763474	-0.215646
0.882626	0.3129167	0.2560282
0.34570336	0.2854293	0.6633464
0.10377765	0.42138904	-0.22657518
0.66934043	0.5990853	1.4159534
0.5612007	0.4235345	-0.40181795
0.21446472	0.97421366	-0.022027187
0.2203052	0.45828187	0.3985017
0.7583389	0.65741235	0.6953796
0.8748937	0.98113346	0.17487691
0.75495595	0.76503974	1.0687362
0.9441822	0.7802499	0.24817324
0.71249217	0.93967956	1.2986125
0.3428139	0.9172991	-0.09493154
0.1780203	0.104999304	-0.06580236
0.2883339	0.29131353	0.7452768
0.5570595	0.38935167	-0.43229258
0.1157558	0.4973486	-0.08787064
0.56784743	0.9865475	-0.2406262
0.51812196	0.20870328	-0.52795655
0.12549108	0.6080312	-0.012739394
0.52184373	0.830141	0.07206072
0.97726345	0.5972305	-0.7340175
0.011593401	0.18212575	-0.3771546
0.8235312	0.55952877	-0.3788082
0.8390149	0.8959191	0.11755207
0.3250001	0.6637647	0.3149639
0.09206551	0.27962404	-0.1805026
0.71667683	0.06813949	0.2891598
0.36614352	0.84180915	0.1092009
0.7854995	0.17139447	-0.59509814
0.12138337	0.52708495	-0.04586001
0.5032849	0.25093466	-0.43174845
0.8340081	0.096929014	-0.2615051
0.5262995	0.45253086	-0.38305476
0.14183718	0.92780113	-0.12723368
0.44189173	0.805295	0.14061311
0.5165768	0.35822487	-0.44041583
0.7657102	0.78323734	0.93022126
0.95879376	0.40382802	-0.7266771
0.32796675	0.9225447	-0.059108812
0.89117384	0.031105757	0.55161387
0.8170264	0.48917365	-0.54531765
0.04608655	0.9629069	-0.009808719
0.9951477	0.16764873	-1.2952596
0.4448703	0.49802345	-0.18955888
0.78151536	0.52302444	-0.15509517
0.8775828	0.93824637	0.12252207
0.001026094	0.795265	-0.9096018
0.8041792	0.5239232	-0.409383
0.54695916	0.86986566	-0.020608984
0.35969114	0.3325172	0.43263695
0.5424739	0.5620403	-0.29262844
0.6724719	0.48327774	1.1526219
0.049516916	0.31387842	-0.345367
0.29761863	0.02581799	0.812385
0.7099102	0.6020667	1.3303776
0.7447245	0.06371391	-0.023263287
0.46525997	0.9074303	0.3253616
0.20034736	0.2044465	0.15638213
0.64438033	0.3178352	0.5852614
0.039960027	0.91400224	-0.14605236
0.84752595	0.7409041	-0.2137969
0.74434024	0.6862243	1.0138527
0.27389616	0.8486368	0.08383689
0.5591611	0.5048288	-0.3463838
0.2140091	0.042550743	0.39398286
0.8024629	0.1647762	-0.6513365
0.57902294	0.8830429	-0.079817005
0.47232854	0.39547372	-0.30116817
0.5018165	0.40297484	-0.3453516
0.8990558	0.39450628	0.10138917
0.31454158	0.32399082	0.72798544
0.35932374	0.31378222	0.45487815
0.67942387	0.1666891	0.5442078
0.3513555	0.3754667	0.55228543
0.48295993	0.10489601	-0.4143458
0.86841834	0.08725399	0.37279728
0.54777807	0.8029212	0.03190825
0.5892539	0.07416588	-0.38146484
0.46231067	0.9685808	0.34646428
0.032507718	0.23939389	-0.3458246
0.3659888	0.21434253	0.50750923
0.8652217	0.5294377	-0.27774727
0.6194403	0.53301865	0.5732582
0.37730592	0.7380224	0.08262691
0.25477117	0.44051737	0.5344888
0.7381575	0.023168802	0.20943002
0.13612163	0.52799	-0.0024190806
0.47714067	0.2152332	-0.38901556
0.32554632	0.20401764	0.69437236
0.9601639	0.09297174	-0.12734109
0.41197616	0.69943434	-0.027868912
0.297975	0.9482023	-0.026284643
0.34920043	0.75325656	0.08440057
0.20658922	0.42422467	0.35629767
0.1280511	0.16482353	-0.31429157
0.80696213	0.06694031	-0.49984413
0.748176	0.059880376	-0.0727733
0.5869973	0.79538995	0.08309715
0.68692535	0.6193083	1.4752101
0.28156316	0.37659758	0.65395105
0.08968192	0.717608	-0.08392442
0.40884757	0.2564159	0.044963
0.44160992	0.38756222	-0.1774918
0.049822092	0.7672472	-0.27033564
0.76344335	0.613442	0.4128433
0.46849495	0.6810578	0.072601944
0.65938896	0.07211506	0.54896224
0.69158	0.42048424	0.95962924
0.16482222	0.7722816	0.1450849
0.30578083	0.5060677	0.6351734
0.38632357	0.9465176	0.20348987
0.597668	0.6529406	0.2527545
0.4801973	0.7345897	0.13486707
0.058037996	0.64734685	-0.41075316
0.65989333	0.2060343	0.51516753
0.63246995	0.17598659	0.34073392
0.34500617	0.54184943	0.3777304
0.83366334	0.7271799	-0.17802091
0.8072099	0.7188237	0.0646511
0.22082919	0.30221874	0.45662946
0.18155724	0.6468414	0.24563096
0.6664706	0.14345539	0.5855883
0.84722006	0.9614754	0.12311359
0.3722217	0.69255245	0.07355141
0.3848048	0.0606516	0.30484757
0.6224465	0.96044296	0.06385315
0.94306135	0.7019738	-0.003862828
0.57864803	0.7671904	-0.03196048
0.18709022	0.33396453	0.14505298
0.65423185	0.34531468	0.72695124
0.7960962	0.9316034	0.73146594
0.45349187	0.66437846	0.020973291
0.7413515	0.17960781	-0.16835853
0.66113764	0.14813775	0.6073639
0.082528055	0.36266702	-0.20933996
0.79795045	0.43061543	-0.526615
0.37443805	0.29590803	0.37485394
0.42940402	0.40721536	-0.20229915
0.934007	0.43466228	-0.26528478
0.309941	0.3851748	0.69107026
0.21220726	0.1855681	0.2971996
0.97435075	0.9183389	1.0015402
0.145738	0.02391088	-0.33444995
0.21644098	0.6271333	0.42165264
0.0891583	0.3752433	-0.21926498
0.12695742	0.5945938	-0.00077202637
0.38148093	0.3755859	0.20705894
0.9266318	0.9979322	0.81854546
0.56687295	0.90929997	-0.1603767
0.53202516	0.3619393	-0.44245863
0.4785928	0.75870866	0.15626584
0.807517	0.7038029	0.037895422
0.5383801	0.9997438	-0.09050361
0.7597772	0.35470563	-0.28689498
0.37900597	0.23813957	0.34832498
0.061143458	0.19663697	-0.012031756
0.777307	0.720083	0.5719583
0.34228164	0.8550405	-0.015309362
0.13499701	0.7579312	0.030199338
0.23084599	0.16964138	0.49689823
0.09818232	0.4471733	-0.22984652
0.3233862	0.5817958	0.41371614
0.2574163	0.02071929	0.87239146
0.8027022	0.9658475	0.655994
0.7883722	0.7403139	0.40601578
0.0696404	0.06699866	-0.025977012
0.13169664	0.89600754	-0.1277078
0.5998903	0.925747	0.008528911
0.13847446	0.31820387	-0.21642968
0.42733586	0.63116527	-0.057508696
0.45731407	0.13470125	-0.28189805
0.92295676	0.63716906	-0.10692449
0.08005059	0.8046771	-0.028875738
0.9136233	0.8410561	0.22664554
0.10453981	0.22334927	-0.2740773
0.032991767	0.036827266	0.16643967
0.18370438	0.21065724	-0.03535786
0.5422526	0.3275295	-0.50488496
0.5563071	0.97532785	-0.16683944
0.87201715	0.14343458	0.36368486
0.024964213	0.021745682	0.14559954
0.56477386	0.76038396	-0.0028184466
0.018467009	0.9914981	-0.23929712
0.7081329	0.7778961	1.5497764
0.09614426	0.791239	0.023393009
0.11710292	0.33755296	-0.17361256
0.98014283	0.9695247	1.2104678
0.31177837	0.21784842	0.7396441
0.6463975	0.656545	1.153968
0.66109776	0.05418384	0.6116698
0.5191375	0.71955204	-0.0053407904
0.8695052	0.9290168	0.08072604
0.63321936	0.14868164	0.26507208
0.9111745	0.31116867	0.28368142
0.45816612	0.8393412	0.19363397
0.6411951	0.95352054	0.36171272
0.17103797	0.5197193	0.1901325
0.46181202	0.40886497	-0.28388014
0.27240497	0.08029634	0.84787536
0.14277673	0.529541	0.021595668
0.26814497	0.9659007	-0.1305104
0.7601802	0.33496273	-0.3232467
0.22814775	0.91140383	0.06106203
0.18092656	0.46180385	0.2553621
0.6336351	0.9954558	0.104729645
0.99169904	0.91243607	0.7991991
0.7039965	0.08395171	0.43764156
0.64804494	0.095191896	0.49778387
0.055656195	0.40933764	-0.45469722
0.003200233	0.9752557	-0.48844725
0.60475296	0.8480095	0.2295017
0.38370037	0.8221723	0.10094601
0.88485956	0.72133297	-0.22093374
0.7535907	0.9951758	1.1756647
0.82071793	0.97266144	0.44347328
0.034253478	0.38412565	-0.6332299
0.42601502	0.38667095	-0.18152991
0.9516565	0.07771695	0.08854397
0.9954253	0.25293285	-1.5305426
0.2731377	0.100596964	0.8274484
0.068276405	0.6980333	-0.18664241
0.9183094	0.41403472	0.015446294
0.5206688	0.6698302	-0.051093437
0.3400451	0.12797171	0.64498466
0.18854833	0.85095394	0.08815076
0.96675986	0.7050729	-0.06580037
0.59975356	0.04928565	-0.2182163
0.33682072	0.8161284	0.07553263
0.8888603	0.9064178	0.1767189
0.6237462	0.6357845	0.72462887
0.8157717	0.26773775	-0.62060213
0.64223295	0.5430261	1.0168136
0.9673297	0.60958266	-0.5163266
0.041967332	0.43696052	-0.6148442
0.09964943	0.8386069	-0.0049397787
0.8884831	0.8544487	0.043242633
0.60889906	0.58558285	0.40385613
0.89451426	0.6806329	-0.12854588
0.012001455	0.57185805	-1.1364481
0.42923105	0.21654081	-0.09358424
0.08338195	0.63340557	-0.17268942
0.24852645	0.6120412	0.45029888
0.04800427	0.38533908	-0.51386184
0.05167669	0.11295056	0.068624325
0.5939885	0.64981526	0.20541444
0.045998633	0.6920569	-0.3921392
0.970597	0.12408501	-0.47181898
0.46617365	0.4146291	-0.26239103
0.43763846	0.48998624	-0.1563787
0.023253858	0.45656914	-0.9199138
0.25521588	0.03470075	0.7470245
0.15411967	0.95117825	-0.18500245
0.8420262	0.50670934	-0.45338035
0.088600695	0.9731865	0.06310556
0.7430339	0.73919046	1.1674124
0.32657695	0.23205179	0.7141045
0.7786412	0.08234769	-0.5063385
0.8262929	0.10628307	-0.3500305
0.50687045	0.19999003	-0.46441868
0.10841304	0.14593744	-0.31342134
0.2800405	0.27748585	0.66903955
0.31935078	0.42399806	0.6399031
0.88680094	0.08458972	0.558502
0.058048666	0.75229263	-0.18705693
0.0691306	0.5482371	-0.33755907
0.03396052	0.34984523	-0.5668975
0.9277391	0.40591198	-0.023832269
0.75830775	0.61325264	0.54396987
0.062141	0.4053349	-0.4081772
0.41484386	0.96182734	0.32391262
0.17890286	0.83515155	0.08494081
0.9844539	0.8607595	0.5758459
0.7557218	0.19039059	-0.3380075
0.7955214	0.24962866	-0.6923668
0.5000472	0.07440472	-0.5678177
0.41153824	0.03052938	0.020188551
0.48940283	0.46627712	-0.21113251
0.95411485	0.94323355	0.9944487
0.1177358	0.83380383	-0.10157585
0.044837475	0.42917442	-0.6051798
0.8362132	0.6533716	-0.2924742
0.541991	0.6471885	-0.12875581
0.8236383	0.48869824	-0.507145
0.18078417	0.03778577	-0.0031009405
0.37266743	0.0030677915	0.38894284
0.3185789	0.88674355	-0.07457535
0.23529321	0.1850388	0.49897015
0.12190211	0.6107334	0.02001664
0.6151437	0.03892851	0.027273465
0.8662753	0.73131025	-0.28232446
0.091115594	0.90922487	0.012985112
0.13276315	0.22772372	-0.31860393
0.5624022	0.96902263	-0.099159874
0.41329247	0.6422047	-0.05356162
0.08318704	0.1913045	-0.15995705
0.68599594	0.82390594	1.4461701
0.43896538	0.1062004	-0.091620386
0.56942254	0.11093664	-0.54887056
0.009842575	0.3740586	-0.97761637
0.5903603	0.31645197	-0.1974202
0.0063233376	0.012846589	0.026597163
0.1718247	0.55444944	0.24571468
0.9114941	0.01549989	0.58615136
0.7476739	0.4046576	0.06161835
0.34145528	0.33829647	0.59694463
0.46314156	0.8946064	0.32038945
0.87408423	0.38096738	0.024837624
0.9407918	0.29503155	-0.12698251
0.13633549	0.6604314	0.067476295
0.3484094	0.5175944	0.47411707
0.69541615	0.92184687	1.2227206
0.5357206	0.5622338	-0.26021746
0.7925267	0.43019164	-0.5290303
0.08990824	0.9079653	0.032898135
0.5152793	0.80733657	0.09101418
0.97754765	0.1653949	-0.8067373
0.8624397	0.814119	-0.1700539
0.66951823	0.46547723	1.0992184
0.8061957	0.8963244	0.42020416
0.7917442	0.55246395	-0.2034382
0.46095318	0.879837	0.2921913
0.46559995	0.67121667	0.06154294
0.30975813	0.9027192	-0.106838964
0.4694904	0.9877355	0.40742972
0.5624031	0.17649668	-0.5390536
0.88475823	0.9586572	0.23453908
0.52370656	0.6082263	-0.15339069
0.66193694	0.28294504	0.6513599
0.37680423	0.9434706	0.07881597
0.9638027	0.7338484	0.10191915
0.53499466	0.5637062	-0.27234447
0.10892612	0.4795031	-0.14762448
0.79816437	0.75400865	0.26296985
0.08158839	0.88753974	0.009799203
0.32753634	0.36756438	0.69804275
0.5622821	0.1613521	-0.48919192
0.721078	0.22562826	0.17696163
0.57605153	0.16014987	-0.4186571
0.042296052	0.60942274	-0.6341123
0.5471469	0.7650248	-0.07762525
0.2371214	0.90162563	0.056982726
0.29519993	0.8640716	0.039077878
0.3987248	0.5046281	-0.019207725
0.0023788214	0.03911096	-0.036680765
0.3056308	0.74877846	0.19660313
0.6807832	0.86843914	1.225067
0.09932017	0.75383264	-0.031353466
0.5420445	0.92686117	-0.041043982
0.017506242	0.4012832	-0.95651436
0.618114	0.0906595	0.06564394
0.06824523	0.66205555	-0.29841796
0.6606061	0.37417364	0.8836584
0.3564682	0.50203985	0.3399825
0.4039818	0.7388029	0.031357415
0.0074172616	0.71294075	-1.0426434
0.17396224	0.11458093	-0.10629913
0.9728501	0.9071393	0.91721255
0.047837377	0.47119993	-0.6044865
0.19845253	0.16672808	0.18258482
0.9967068	0.4270264	-1.7221668
0.16952634	0.5012609	0.20312057
0.9763603	0.036818802	-0.4448862
0.30164486	0.8482601	0.009016292
0.838935	0.20350039	-0.20313
0.40269405	0.8137651	0.16113725
0.12169218	0.14468545	-0.3731371
0.7588574	0.5379998	0.29350013
0.23818952	0.8686526	0.15768522
0.4108917	0.7440382	0.04848321
0.41400963	0.11574823	0.054167375
0.31998378	0.35447145	0.70781076
0.18960279	0.75843966	0.23951282
0.6778668	0.05993104	0.62487733
0.056427717	0.6701627	-0.38451043
0.50440705	0.1219604	-0.5389104
0.27594632	0.2518031	0.7064198
0.66901624	0.11140686	0.60199815
0.45064753	0.97345006	0.34223765
0.43984997	0.19102675	-0.13394667
0.8186827	0.10659677	-0.45335266
0.3021441	0.10135198	0.8919468
0.15438533	0.6099887	0.10063137
0.8120374	0.0875088	-0.4876384
0.90069115	0.5286116	-0.14087516
0.7522859	0.8567953	1.2429771
0.15325004	0.2888174	-0.16980918
0.20323944	0.66359687	0.38202947
0.42385858	0.4891854	-0.11781782
0.8870012	0.021333158	0.45111886
0.18836617	0.5559051	0.3645287
0.50668186	0.5355448	-0.24060261
0.816949	0.82746595	0.21294604
0.7422564	0.75291276	1.2014056
0.37486887	0.4629069	0.19308959
0.10735643	0.7961616	-0.059393264
0.67593557	0.7296845	1.4826673
0.2211073	0.10332817	0.46444568
0.029919386	0.1512965	-0.074609436
0.65302044	0.6665745	1.2903723
0.71529347	0.09730995	0.34147134
0.5373241	0.27352124	-0.5191997
0.9216198	0.339141	0.1523892
0.3935039	0.40886253	0.07997343
0.020712256	0.22989672	-0.4952106
0.21788496	0.66756845	0.39070237
0.9349363	0.14482176	0.35228887
0.010608435	0.5681809	-1.2044233
0.17844433	0.8567777	0.060571805
0.6931322	0.49718636	1.134556
0.43911976	0.62834567	-0.06504298
0.09255719	0.65377825	-0.07952258
0.8680094	0.5138871	-0.31474993
0.746753	0.9456682	1.2373469
0.35947996	0.53101933	0.24092948
0.4046781	0.27676368	0.047412988
0.94542503	0.4295134	-0.3917416
0.51674813	0.037151814	-0.7234853
0.0059117675	0.14167875	-0.37747857
0.7059394	0.32276088	0.51466835
0.87734866	0.84122604	-0.07490039
0.8108626	0.9796755	0.5349304
0.84337026	0.9132777	0.16577645
0.6751997	0.353081	0.8004655
0.35200477	0.10497451	0.58336127
0.13499665	0.4104585	-0.11314997
0.18120295	0.3216219	0.04007595
0.5738477	0.7945646	0.028426584
0.23356253	0.15051574	0.5047765
0.84086704	0.41700298	-0.43839338
0.3628298	0.11243576	0.48059723
0.7825337	0.1700136	-0.65023625
0.042831898	0.112477005	0.015275199
0.7990213	0.9860767	0.73049533
0.7805447	0.009923756	-0.40791675
0.5589329	0.0049232244	-0.80036974
0.11412901	0.98459476	-0.06516407
0.24966443	0.6544295	0.45443174
0.80493003	0.8375255	0.42124653
0.005610466	0.8111815	-0.7985166
0.4206115	0.45893288	-0.10838574
0.96868664	0.36558938	-0.92748237
0.38004792	0.16870922	0.2980809
0.14029527	0.6944597	0.11393169
0.6935091	0.75949425	1.5572379
0.56385815	0.1817329	-0.5412915
0.15005547	0.5752713	0.0890943
0.33360523	0.7789137	0.10813563
0.5693282	0.09497851	-0.5535807
0.72048914	0.95185786	1.2880039
0.87656605	0.13915306	0.41372105
0.099466324	0.16705126	-0.25659227
0.6314365	0.27164102	0.35865715
0.4271471	0.7378239	0.066196084
0.17781854	0.45673043	0.17834587
0.16986328	0.44601864	0.18853396
0.4621461	0.9746091	0.34830058
0.9810355	0.7207227	-0.25885695
0.68052775	0.9055487	1.1360862
0.83369434	0.9526268	0.24892615
0.27479416	0.15544283	0.75972366
0.009953558	0.15497696	-0.29204237
0.8458241	0.6360971	-0.31999093
0.2904086	0.8684524	-0.035030004
0.96651924	0.29982567	-0.8004269
0.38769758	0.6097974	0.03700529
0.5725726	0.80292207	-0.016007965
0.16709858	0.5191106	0.15828112
0.64951265	0.06974685	0.5133007
0.74493325	0.16147631	-0.20878543
0.28896886	0.08526176	0.87155664
0.7878715	0.98647624	0.87882394
0.3735507	0.0054394603	0.36942762
0.77905774	0.7610336	0.68437076
0.25112975	0.1545884	0.62163967
0.02193147	0.35293025	-0.6495539
0.84553254	0.6645556	-0.324119
0.5861648	0.46872205	-0.07276498
0.2668841	0.003822744	0.8838208
0.23240507	0.57300735	0.4318845
0.675791	0.37526643	0.8114985
0.34009367	0.73585516	0.0863354
0.7281898	0.28639746	0.19324028
0.71546984	0.40244746	0.6757727
0.5860001	0.15150374	-0.34450457
0.079277456	0.925825	0.07901695
0.20493591	0.605986	0.39989543
0.11440629	0.16101593	-0.32231322
0.22167426	0.30022836	0.4429019
0.75543815	0.34270608	-0.23693827
0.4024065	0.033869028	0.15556571
0.39808333	0.3320614	0.08246775
0.42492664	0.17685097	-0.06882062
0.0019376874	0.5692663	-1.2983645
0.23040336	0.3339228	0.46574655
0.9855706	0.62529385	-0.7831243
0.57182235	0.69026226	0.02066867
0.11048621	0.7021517	-0.002242662
0.3193425	0.44460952	0.6307142
0.48175842	0.9299572	0.31508383
0.58869344	0.03981906	-0.44009852
0.5661667	0.9582819	-0.1555047
0.33201915	0.8240041	0.043892432
0.6812402	0.19289476	0.5752841
0.22838897	0.21552098	0.55035746
0.15623766	0.720583	0.11680299
0.61598563	0.07943493	0.09469732
0.21605885	0.58207947	0.4547882
0.096998334	0.46926785	-0.23779832
0.8853324	0.23912996	0.43414092
0.49015993	0.08945066	-0.47831672
0.5931545	0.730582	0.12494709
0.8710966	0.9689382	0.16821446
0.8235442	0.16496009	-0.43416333
0.40673584	0.80018747	0.09088207
0.09850305	0.70233816	-0.06320451
0.6009624	0.15621161	-0.20394877
0.33885378	0.15035093	0.70697445
0.0014059544	0.82766426	-0.7551607
0.7014393	0.36956447	0.69188875
0.65270936	0.85496837	0.9292133
0.2221573	0.36884588	0.44985884
0.3043173	0.49165148	0.6504328
0.5312241	0.94334143	0.03620062
0.6430059	0.36454052	0.6463733
0.93307567	0.3892256	-0.14866498
0.27720058	0.5347082	0.59014773
0.2242145	0.9720256	-0.18250446
0.95153165	0.9510477	1.0274305
0.66847306	0.26886666	0.6579433
0.5822989	0.085087836	-0.44429284
0.6839596	0.794786	1.4754759
0.8123709	0.16096872	-0.5550539
0.33750224	0.5659912	0.39990678
0.8628511	0.50654393	-0.2873044
0.22674328	0.17660046	0.50654244
0.41258174	0.05880153	0.046289157
0.5496524	0.28476804	-0.47420964
0.83612275	0.31783402	-0.3877172
0.74910426	0.30343217	-0.25284642
0.8160099	0.3790533	-0.65632665
0.5072755	0.021995425	-0.77404565
0.23731816	0.43680334	0.4493813
0.11848366	0.1747905	-0.34211808
0.49518907	0.75532156	0.17194648
0.57984495	0.67687833	0.0011254344
0.93100977	0.5750988	-0.22216897
0.7035879	0.68610525	1.5007967
0.25694495	0.8241649	0.18527153
0.07272059	0.049660623	0.018525194
0.78847194	0.8962931	0.77725023
0.054621458	0.2976843	-0.19882122
0.9275064	0.07749486	0.5396737
0.30659324	0.80494565	0.12967388
0.545362	0.93084276	-0.05660253
0.90498996	0.450625	-0.02004325
0.3934338	0.5269841	0.0044231527
0.73013014	0.45981985	0.52558255
0.027832687	0.11580187	-0.06963138
0.9672444	0.13614571	-0.40702674
0.12511128	0.23508036	-0.3232037
0.10080558	0.45284963	-0.21230066
0.7727151	0.22628927	-0.5477345
0.88069975	0.6401772	-0.21906452
0.0024892688	0.00540483	-0.05403632
0.8786992	0.6173412	-0.27883205
0.76706666	0.7927804	0.87696713
0.9122452	0.24940139	0.43761697
0.93490165	0.91962695	0.780977
0.45654452	0.4438091	-0.20511863
0.39579922	0.4610595	0.04161851
0.2367096	0.8449247	0.1538759
0.9168768	0.8111619	0.19066434
0.9471909	0.99035364	1.1155915
0.52201164	0.23005646	-0.5612097
0.14624059	0.33013815	-0.16093239
0.36919242	0.64199144	0.18214324
0.9108863	0.9810999	0.5601197
0.063148856	0.03392446	0.09715291
0.19666368	0.34689415	0.22806628
0.85364217	0.96441805	0.16700594
0.478239	0.8435509	0.26158693
0.9132408	0.35422593	0.16353266
0.71147585	0.85021305	1.4629161
0.50638527	0.6154542	-0.10158386
0.93162763	0.6101461	-0.19893612
0.6025337	0.17437714	-0.118109606
0.32732475	0.83048314	0.041215453
0.80915844	0.47505116	-0.5376059
0.854667	0.84258705	-0.10053763
0.46950257	0.6687316	0.061258934
0.43793708	0.0002117753	-0.16951028
0.27943814	0.45698822	0.6218576
0.41256243	0.005106449	0.042257838
0.7037513	0.96119165	1.1059614
0.9578647	0.6893643	-0.106847465
0.23939174	0.22708654	0.6098659
0.49320674	0.89256406	0.28662366
0.29908252	0.39760798	0.74903893
0.6018575	0.120113015	-0.1337905
0.7921378	0.9230553	0.72570175
0.8194897	0.52114373	-0.46249858
0.21469635	0.5949605	0.45645425
0.05152601	0.277301	-0.24000058
0.18450058	0.68958354	0.28637967
0.63838714	0.024538815	0.34201193
0.6489533	0.29396218	0.5937454
0.53299636	0.42375374	-0.37833163
0.6917126	0.8615904	1.387053
0.69876266	0.9406423	1.2141081
0.7967905	0.4802326	-0.4495338
0.71993977	0.9160589	1.402557
0.6130014	0.48517758	0.3818755
0.16469574	0.2984612	-0.027454857
0.7817391	0.6054766	0.06483468
0.34249067	0.10633218	0.6136273
0.32975483	0.09218454	0.6797651
0.04450828	0.97058797	0.052491195
0.3400684	0.74115914	0.18047771
0.047741115	0.050182045	0.15131901
0.85780686	0.9452562	0.12085986
0.7341072	0.79695237	1.3565135
0.6188765	0.8098309	0.44346523
0.16878283	0.91070724	-0.05434648
0.94600403	0.050014615	0.20107688
0.7480724	0.14187574	-0.20471969
0.101808846	0.18405962	-0.2979471
0.52449316	0.8058725	0.06798175
0.91563	0.6007443	-0.16315019
0.69770384	0.5342475	1.2300661
0.032643974	0.06447768	0.11071169
0.42158765	0.45293754	-0.16890305
0.54738873	0.95516557	-0.13202238
0.49771762	0.9578992	0.22586386
0.52578086	0.0016792417	-0.84353036
0.83427596	0.81254	0.005120229
0.9616769	0.46483386	-0.76377785
0.4775703	0.7917011	0.20460041
0.39138752	0.46833295	0.06413379
0.97411555	0.7030319	-0.25412497
0.5542469	0.8216375	-0.047016457
0.43488818	0.8068279	0.19589964
0.78384936	0.66787726	0.29685342
0.1606648	0.41834766	-0.013853807
0.18419278	0.59619945	0.33614254
0.8103935	0.5205544	-0.4245428
0.008400381	0.95166546	-0.51919854
0.7365525	0.8553206	1.3621123
0.6259727	0.7455548	0.76129293
0.1486587	0.7341645	0.07656424
0.9532556	0.22551894	-0.29679883
0.9595949	0.52429247	-0.683378
0.35715985	0.4986518	0.35901746
0.14381248	0.71520865	0.048636585
0.7740973	0.016077101	-0.32338023
0.6173791	0.40568203	0.32940435
0.14201474	0.1618461	-0.2899766
0.8900703	0.6225179	-0.261624
0.040522277	0.9794487	-0.00018430222
0.31228024	0.06214708	0.84365827
0.8227579	0.77506536	0.052752957
0.96747	0.9935863	1.2767617
0.65826935	0.7494423	1.3202156
0.72565854	0.19210398	0.078737676
0.5158692	0.34623688	-0.43247172
0.3862943	0.5891886	0.020937486
0.15719539	0.7782098	0.09349527
0.23441535	0.001191318	0.70352966
0.12293756	0.91968405	-0.14828086
0.98079026	0.88052297	0.75658345
0.16062188	0.034095824	-0.24023654
0.64445734	0.16831207	0.41419804
0.21442139	0.6664508	0.407318
0.22921306	0.51654553	0.48217213
0.38330835	0.77882713	0.06776452
0.07793182	0.8534015	-0.039322436
0.956398	0.8187494	0.46452883
0.9868258	0.7721884	0.0045317058
0.9689336	0.4307328	-0.9705906
0.9419382	0.20204866	0.07170026
0.48578197	0.34589136	-0.32673484
0.96255755	0.24959815	-0.615191
0.09384608	0.48594522	-0.21124467
0.6991396	0.5292568	1.2121959
0.28414798	0.3007235	0.65823525
0.19931388	0.5039618	0.38678432
0.86648476	0.38802803	-0.1283852
0.6568833	0.90376484	0.8025902
0.8396223	0.45334798	-0.47592077
0.70145994	0.5636793	1.2902426
0.4422291	0.048165202	-0.19048211
0.90531	0.95485234	0.37628293
0.4100896	0.9103214	0.19693379
0.60331386	0.86664015	0.2077041
0.43711966	0.7467542	0.083104454
0.025040984	0.30127543	-0.51606005
0.79731673	0.21354091	-0.6523436
0.93377864	0.12918335	0.3403452
0.33877385	0.36332202	0.5709024
0.02999711	0.7086124	-0.6078099
0.4025005	0.9625317	0.2778331
0.11963624	0.43966293	-0.14869103
0.2798221	0.3248036	0.6888314
0.24262577	0.88149303	0.05838934
0.68316853	0.98969	0.81357175
0.37876475	0.7164727	0.053951524
0.8934753	0.4281369	0.082974695
0.96758	0.68690974	-0.26691628
0.672127	0.12131858	0.6086081
0.7316258	0.55317	0.82019866
0.94395304	0.5548077	-0.34560457
0.79927933	0.102820575	-0.51638913
0.8502393	0.2533967	-0.10665595
0.51841223	0.585818	-0.135645
0.20225853	0.83971876	0.18474887
0.0005298853	0.96674657	-0.50985354
0.15009284	0.33093786	-0.16142955
0.84740275	0.7123834	-0.29357195
0.9288475	0.027482986	0.4308182
0.144166	0.1393171	-0.33020613
0.42012477	0.9741992	0.29188985
0.9788746	0.4170221	-1.275043
0.7557017	0.12795216	-0.3010334
0.78515744	0.33085847	-0.63439834
0.91671884	0.72468305	-0.033310674
0.16786289	0.37630296	0.009370077
0.47737026	0.65984833	0.034281768
0.38119507	0.048543036	0.3635338
0.5432233	0.9517658	-0.04512055
0.9980799	0.68606144	-0.6638205
0.9005274	0.20246011	0.5880307
0.4567803	0.6550201	-0.018754553
0.74376166	0.07859117	-0.11321066
0.83036155	0.09193355	-0.31813323
0.8413059	0.36667717	-0.3780068
0.6352697	0.4729994	0.80817366
0.17011315	0.7382622	0.18014501
0.8635036	0.6751538	-0.29021233
0.098513365	0.73112303	-0.039094683
0.30943257	0.37068862	0.7137355
0.88455045	0.86991566	0.056147423
0.7108484	0.4556948	0.8376171
0.06897992	0.059712827	0.089313455
0.583623	0.90940946	-0.08038492
0.5325597	0.89039063	0.025208648
0.23360401	0.21549362	0.5601538
0.47218645	0.6818669	0.07429789
0.6444877	0.18744206	0.41185263
0.9386595	0.4865051	-0.30539954
0.5314491	0.3917309	-0.44305658
0.28640455	0.9805601	-0.1821126
0.16277212	0.8286996	0.08121349
0.36569345	0.2255078	0.39022857
0.87919396	0.28383237	0.27251598
0.43301004	0.40749234	-0.1621545
0.55292743	0.15996295	-0.56623304
0.01058054	0.53939146	-1.1064869
0.12839204	0.08755374	-0.40000683
0.617951	0.007304728	0.040310357
0.7214093	0.18243986	0.1522502
0.35723066	0.8751049	-0.0024475753
0.73659503	0.5240552	0.6609608
0.6973822	0.86066216	1.4308963
0.03789437	0.3226964	-0.43183476
0.15033251	0.40401143	-0.048264064
0.8752139	0.744866	-0.23246962
0.43488514	0.33053786	-0.16735846
0.8753463	0.363549	0.028100703
0.3367461	0.53921974	0.4550494
0.32388264	0.5526716	0.47886968
0.6381863	0.755593	1.0371933
0.22676694	0.5521387	0.48358604
0.55912507	0.8417891	-0.023209676
0.49902385	0.52124137	-0.24036688
0.25283158	0.6525319	0.44555363
0.729738	0.62289447	1.1361858
0.45930243	0.8953806	0.37002006
0.77037257	0.13021022	-0.49131697
0.81833684	0.016331077	-0.40548518
0.17827946	0.16339606	-0.053951893
0.59383446	0.45228678	-0.04104375
0.22424221	0.908736	0.102372244
0.15547371	0.60212344	0.15679747
0.7780185	0.9101446	0.91599816
0.3277933	0.8047123	0.09590658
0.30334878	0.83386123	-0.0042762198
0.8321907	0.13852435	-0.30934587
0.69488966	0.69761944	1.5826719
0.9614738	0.77136105	0.26787752
0.54333514	0.45433253	-0.3723265
0.5838267	0.924128	-0.11395782
0.23828405	0.35193145	0.4456189
0.23030531	0.44698608	0.49404645
0.1602372	0.14313018	-0.21617556
0.1813649	0.598315	0.29860544
0.21377629	0.24286234	0.32532364
0.63048375	0.9575563	0.1440095
0.8544429	0.06597775	0.057059214
0.50400376	0.65837693	-0.047476266
0.09001005	0.23326862	-0.18626934
0.62544566	0.31322265	0.31513637
0.105769455	0.7879973	0.022123564
0.24508983	0.2607115	0.6364728
0.9610871	0.45286882	-0.78776217
0.5255778	0.37827837	-0.38937962
0.06853527	0.8057517	-0.092531376
0.54707444	0.38534176	-0.5116546
0.7715961	0.8265776	0.8830132
0.19895113	0.0027477741	0.29933408
0.86375254	0.07401806	0.18041718
0.7580868	0.19307023	-0.4161102
0.5673188	0.7251819	-0.0227075
0.73840517	0.9280249	1.3153003
0.12611902	0.3024156	-0.27623662
0.40179598	0.39188147	0.060976367
0.49977362	0.75189173	0.13980106
0.7345992	0.14059842	-0.014621078
0.84960407	0.58764845	-0.39439845
0.96701944	0.71995324	0.003499657
0.32480186	0.46205634	0.554784
0.5728536	0.23416793	-0.41850004
0.7075023	0.53412706	1.1796997
0.061415493	0.30281872	-0.20054598
0.094788134	0.3234011	-0.21438994
0.5949717	0.28399348	-0.14696328
0.018338263	0.82458144	-0.5532578
0.12545729	0.5152739	-0.10836498
0.61006784	0.7079384	0.50072664
0.34518945	0.3621121	0.54842985
0.03371173	0.24799204	-0.33196476
0.9418075	0.75492954	0.13498448
0.24720812	0.879383	0.060067125
0.008876801	0.9897431	-0.34926903
0.7388703	0.67040837	1.063959
0.31235808	0.65444845	0.34082553
0.41078573	0.612984	-0.051675763
0.595684	0.9568525	-0.13014042
0.08877301	0.05926138	-0.17559096
0.9279519	0.040966988	0.49095312
0.013530135	0.05513668	-0.026189664
0.96456504	0.752843	0.14100507
0.85874724	0.16015148	0.11259526
0.8505042	0.21115398	-0.022558823
0.6657532	0.09012741	0.59504205
0.2202676	0.32731885	0.37157923
0.38437903	0.48305786	0.15080553
0.7981231	0.67574346	0.12836361
0.37204325	0.15885895	0.4144105
0.31480086	0.5224964	0.5421152
0.8969057	0.33183658	0.27228352
0.9588328	0.40994728	-0.71111476
0.101985455	0.5740489	-0.13749729
0.92883927	0.3692938	-0.03182833
0.06686586	0.87237734	0.021290988
0.0039194226	0.625513	-1.2197121
0.43232918	0.057527065	-0.11289166
0.31954527	0.27189076	0.7584901
0.7075652	0.5806552	1.2744362
0.2202009	0.5217826	0.44731066
0.64357626	0.80961806	0.94556284
0.93226254	0.20780194	0.26202494
0.11385864	0.3201834	-0.22597323
0.4791044	0.34209514	-0.33135188
0.9236672	0.57313555	-0.13518576
0.8249153	0.7662586	0.031803925
0.1287775	0.8264523	0.043000095
0.46024442	0.08496928	-0.2936308
0.9847685	0.47010547	-1.3587272
0.750296	0.9039118	1.2246445
0.10457027	0.8629829	-0.014634392
0.4137466	0.3876806	-0.08441351
0.78578794	0.95261157	0.8909387
0.19824499	0.47501373	0.31825757
0.14617485	0.5850815	0.13332236
0.5798778	0.5624734	-0.023803044
0.026544333	0.25387818	-0.39746344
0.6110683	0.026795983	-0.1219914
0.5516204	0.61892474	-0.2131492
0.35748672	0.7042441	0.1163542
0.8873763	0.61909014	-0.19586402
0.46141827	0.7306542	0.07459003
0.25430012	0.9644693	-0.09210964
0.90095025	0.5638966	-0.13222232
0.036793172	0.66311663	-0.61452377
0.056311548	0.6651278	-0.36971673
0.66740465	0.71425694	1.385989
0.4400332	0.70200694	0.02290699
0.40169328	0.14997071	0.17323025
0.89105743	0.13927853	0.6286045
0.18525642	0.102995574	0.04381851
0.9055844	0.86824447	0.20001271
0.036761463	0.11133015	0.017887456
0.14165097	0.019860864	-0.36884984
0.46773797	0.45413142	-0.20597635
0.7155192	0.7935027	1.4661967
0.28432643	0.16428041	0.81401724
0.18592697	0.20711958	0.050308466
0.8347495	0.69206727	-0.27553332
0.48555112	0.07036197	-0.47746694
0.38447928	0.73099476	0.07129374
0.32034808	0.1291908	0.73393667
0.492626	0.75521165	0.1893197
0.53198403	0.72946894	-0.01753842
0.9528958	0.8953528	0.7789204
0.0028975606	0.83697563	-0.7804358
0.26001334	0.253361	0.7123334
0.7332801	0.17026323	-0.031653762
0.72362524	0.06044644	0.2683061
0.8615512	0.9680644	0.10460882
0.4973867	0.36638707	-0.3952648
0.6417356	0.9520887	0.28648093
0.027465403	0.36692274	-0.6901217
0.9238513	0.99871707	0.8439583
0.85181236	0.4092371	-0.2922524
0.32194358	0.20027447	0.7199318
0.7164682	0.18731368	0.18476105
0.72939605	0.8230033	1.4179404
0.9136661	0.026204526	0.53203684
0.26997322	0.9545726	-0.04178223
0.05481261	0.80169624	-0.21081363
0.9597666	0.07228464	-0.1134629
0.85231143	0.36775106	-0.22181618
0.6941712	0.8278829	1.4870888
0.9950535	0.35444367	-1.7401485
0.76687354	0.7984617	0.9061342
0.8943272	0.9757839	0.27210945
0.37589216	0.58238816	0.07877897
0.3486457	0.49972904	0.4119611
0.8625374	0.013323188	0.23952109
0.9839778	0.037058055	-0.6004877
0.46744752	0.83996606	0.26209742
0.5467617	0.0977847	-0.7012873
0.54420894	0.576655	-0.22902861
0.65605533	0.61466265	1.2896329
0.730304	0.12030202	0.06410493
0.56591326	0.0719769	-0.6471741
0.98456585	0.071941555	-0.73706335
0.4104722	0.4083913	-0.065815344
0.5970354	0.72448826	0.3088024
0.3143487	0.31039828	0.7812026
0.672521	0.31153864	0.78400725
0.9163535	0.8754494	0.38383994
0.93990934	0.6698821	-0.10598359
0.40058964	0.66699547	0.048477735
0.81442016	0.84779555	0.24772611
0.82498485	0.011612892	-0.33805218
0.8507447	0.8657164	-0.012267471
0.02345401	0.050035894	0.11326127
0.2801621	0.12400985	0.806954
0.6927209	0.10236448	0.48697525
0.6885168	0.7523178	1.5643635
0.7004682	0.9018237	1.3459414
0.64398783	0.36524045	0.668172
0.39914227	0.19063717	0.11966383
0.81261885	0.5928274	-0.31244233
0.7671726	0.9524652	1.1176759
0.7510527	0.9381324	1.2188526
0.61961377	0.96740985	-0.012773063
0.5569729	0.34350222	-0.44204113
0.10857248	0.89314866	-0.01889161
0.92047065	0.0055612326	0.5717097
0.18187702	0.47416973	0.25353295
0.7788969	0.47031814	-0.282373
0.55382705	0.04277128	-0.79395396
0.543925	0.58815217	-0.26136872
0.24073404	0.42938697	0.5059613
0.43313348	0.26527917	-0.15266031
0.5763704	0.038062572	-0.55219424
0.18100637	0.40693367	0.16446841
0.19790882	0.44216806	0.24714987
0.5126604	0.9883251	0.12749974
0.07991576	0.1412245	-0.06934146
0.6175429	0.30880737	0.15240237
0.8575232	0.71743643	-0.3171625
0.9284798	0.7913544	0.24503255
0.01643014	0.5412766	-1.1226406
0.8404514	0.124580026	-0.15831126
0.91959846	0.5232795	-0.1070479
0.8611021	0.26944137	0.11121101
0.08592945	0.32752204	-0.2644643
0.8184011	0.510832	-0.4681183
0.55661815	0.6865269	-0.13654289
0.59780276	0.38632584	-0.065240696
0.03673953	0.61609447	-0.7215505
0.27141136	0.054315746	0.9015902
0.1517976	0.98943365	-0.27278888
0.7548016	0.9269908	1.1237084
0.07593858	0.39261174	-0.27766675
0.46215904	0.8326102	0.22719646
0.59134233	0.1135236	-0.30168426
0.44535846	0.46977967	-0.2148306
0.3900466	0.053554535	0.28498265
0.00044977665	0.5385744	-1.343203
0.16784751	0.69661653	0.18019375
0.9785087	0.12158352	-0.7655612
0.7475455	0.17900467	-0.29912433
0.5210962	0.50569654	-0.31464708
0.9069033	0.7570056	-0.0027859851
0.46321946	0.19185936	-0.26489732
0.61304885	0.055461287	-0.004428996
0.014487624	0.74308866	-0.78955173
0.37225074	0.8639951	0.043489177
0.18253368	0.2660948	0.037368834
0.49120516	0.42833322	-0.3219019
0.53509355	0.9851264	-0.060530767
0.16635591	0.23438203	-0.12549798
0.7353085	0.20206207	-0.101273276
0.43280095	0.91017836	0.35851067
0.68091285	0.64944786	1.5064449
0.5592532	0.3679394	-0.4749571
0.876002	0.7600228	-0.19238307
0.09569025	0.6277702	-0.037264906
0.52957636	0.90620863	0.09083981
0.51453304	0.8495426	0.08563555
0.645295	0.14129734	0.44785607
0.38801116	0.2782123	0.19134475
0.7604024	0.014033675	-0.18867254
0.7283897	0.46040738	0.5936915
0.5577451	0.32208914	-0.4998511
0.31710225	0.16836959	0.7511022
0.83550763	0.6450683	-0.32656938
0.059628785	0.19190872	-0.12579602
0.2607249	0.60551006	0.44676396
0.3420574	0.6562418	0.20467287
0.037583172	0.52065253	-0.7319691
0.43050653	0.026501358	-0.1340016
0.46495593	0.64213	-0.05416571
0.52621967	0.48476338	-0.32613057
0.07158077	0.31905246	-0.19207767
0.5627057	0.31946397	-0.43186176
0.47441685	0.9456695	0.3284329
0.5414923	0.50942254	-0.2934456
0.059886456	0.81019396	-0.11785489
0.3939172	0.817482	0.08768165
0.12079263	0.45919496	-0.112267636
0.9462087	0.8355767	0.55588734
0.91841227	0.123529494	0.5808041
0.8218846	0.116126716	-0.39091063
0.14213336	0.43729436	-0.034603335
0.7440667	0.63806766	0.89329344
0.8726706	0.60793126	-0.30036163
0.31851512	0.99501127	-0.13772595
0.64473855	0.6780417	1.1144639
0.2358551	0.5997866	0.44777662
0.934739	0.6911782	-0.02640582
0.067101955	0.11001539	-0.02390395
0.5506522	0.38743532	-0.45939022
0.47579765	0.4339447	-0.20392434
0.711659	0.43538642	0.71290094
0.16213739	0.64604044	0.17473853
0.0058122277	0.16915661	-0.44834042
0.98765194	0.51817846	-1.3197186
0.89358044	0.7335272	-0.09741159
0.22763282	0.28927523	0.4459675
0.28367025	0.6281874	0.44508496
0.22444487	0.3291548	0.4372269
0.7597194	0.0060214996	-0.12502949
0.7788697	0.86860275	0.86462915
0.29425395	0.14836925	0.7178133
0.75018305	0.054713488	-0.14532638
0.6980447	0.04342276	0.5443913
0.8174577	0.75770867	0.071474455
0.6954435	0.19269484	0.45847377
0.37186146	0.1510185	0.40521473
0.5028939	0.66310245	0.005950287
0.64987594	0.1596843	0.4646613
0.28960335	0.6811338	0.34440294
0.44500196	0.8708947	0.2734589
0.98422074	0.88655746	0.78199357
0.43480253	0.88174695	0.20420772
0.2932859	0.21265519	0.8142611
0.034311652	0.43917555	-0.6663774
0.57752216	0.4835906	-0.23084243
0.4207598	0.07293397	-0.029476276
0.3277815	0.2344743	0.678593
0.6609356	0.9457509	0.64873976
0.18572384	0.308685	0.10691219
0.8619752	0.6903396	-0.31267965
0.05487162	0.031104326	0.16693062
0.6460276	0.5847147	1.1281453
0.5721167	0.60830444	-0.102292046
0.9271775	0.80816776	0.2679242
0.8872447	0.5844914	-0.13782158
0.041429102	0.30996823	-0.37208822
0.7621767	0.08560467	-0.28733274
0.083655715	0.90004086	0.014322309
0.17176479	0.9481978	-0.20972627
0.35635775	0.39965403	0.40410486
0.3368336	0.62827706	0.3136086
0.61513335	0.32620305	0.1933638
0.4555475	0.24219006	-0.23044527
0.051666915	0.869172	-0.06632384
0.32965457	0.45154893	0.529089
0.86392194	0.8217664	-0.12857479
0.36276472	0.85208315	0.02610751
0.6979979	0.9051217	1.2912811
0.96194106	0.8091097	0.3457628
0.65206647	0.39331985	0.8305775
0.73815966	0.07229054	0.026944969
0.03547603	0.4301116	-0.6925704
0.8200821	0.9635295	0.42583367
0.5372381	0.7594555	-0.0027025025
0.6400458	0.5374051	0.9414802
0.10067308	0.33784533	-0.25184754
0.09096295	0.99383146	0.0049981605
0.86990017	0.1797201	0.32230875
0.5958926	0.34577852	-0.120655715
0.032398343	0.8331992	-0.33260894
0.3852718	0.5792231	0.013209481
0.85728854	0.4635533	-0.32517692
0.7348821	0.08732927	0.06227439
0.8743119	0.2253313	0.30996302
0.23805213	0.8090768	0.19018611
0.20736027	0.8719972	0.12943882
0.20192641	0.9702913	-0.0708502
0.69246	0.39405864	0.8028928
0.16310269	0.105116725	-0.20765936
0.61859393	0.46551955	0.44649005
0.5989939	0.039401293	-0.18586242
0.18790323	0.41893232	0.24826215
0.11987054	0.073491514	-0.37507316
0.85356665	0.06481439	0.121257976
0.02607721	0.061486065	0.123476535
0.97183007	0.15394276	-0.6017223
0.5009815	0.9788393	0.16223696
0.37751305	0.33178544	0.26942608
0.9055506	0.74525714	0.017729618
0.9644608	0.5689338	-0.61094606
0.84394664	0.11754686	-0.113741644
0.6972729	0.78554606	1.5984844
0.27039266	0.76421833	0.21831581
0.031787097	0.32538092	-0.5166674
0.41546392	0.3525018	-0.105715655
0.5070258	0.035939455	-0.7235993
0.6923115	0.9468201	1.0489241
0.97852004	0.95217186	1.136836
0.41463506	0.39207637	-0.0901536
0.8765983	0.6162863	-0.2329332
0.61892104	0.36276144	0.2880955
0.24507159	0.40168518	0.53180796
0.92740697	0.8517456	0.47999656
0.10446155	0.8385424	-0.06748241
0.5990361	0.30040067	-0.136828
0.25826854	0.87544465	0.0414115
0.002792418	0.29997438	-0.8798339
0.30386847	0.12772387	0.77080196
0.40754676	0.743259	0.035376906
0.47899163	0.48154783	-0.24680148
0.69058836	0.80923814	1.5074841
0.06136924	0.7884314	-0.1259552
0.8253375	0.5258394	-0.46855283
0.49520838	0.8464935	0.18433958
0.93803936	0.5768846	-0.2900614
0.29428673	0.780561	0.12416102
0.6240595	0.35271913	0.36900696
0.67393655	0.9969023	0.61124974
0.91072905	0.91020846	0.39310938
0.5397511	0.35130435	-0.5022171
0.9981467	0.19601911	-1.4727943
0.71191466	0.7641596	1.4901856
0.7817333	0.741181	0.5109635
0.64548916	0.46977073	0.86039364
0.8676506	0.9542746	0.09600128
0.054616332	0.5794666	-0.47095767
0.043434083	0.09560144	0.09051013
0.3929003	0.9013476	0.13528426
0.629616	0.47279024	0.64155793
0.0045632124	0.8572282	-0.62034035
0.99300635	0.0710212	-0.8754193
0.91061836	0.4379344	0.06740096
0.24419135	0.96559787	-0.050423946
0.75081676	0.0321306	-0.05765617
0.26462078	0.37289387	0.6239874
0.3900242	0.5095681	0.040377777
0.61178446	0.86053157	0.2948569
0.9306585	0.53253317	-0.21332747
0.66296047	0.3308825	0.68305254
0.36593026	0.031067133	0.4837662
0.68193394	0.84574944	1.3502972
0.86193717	0.3960048	-0.16824396
0.30144346	0.9030708	-0.08850174
0.6188573	0.71930116	0.6138475
0.35376936	0.66989386	0.15875569
0.41808283	0.68801725	0.020859553
0.7905528	0.7786547	0.44067597
0.97091174	0.16528153	-0.62635225
0.7252684	0.4596979	0.6082166
0.6750201	0.4473244	0.9972868
0.34952867	0.3009346	0.5424611
0.22725624	0.79156697	0.2571116
0.36235684	0.034384012	0.4290903
0.065604806	0.28123885	-0.26540497
0.2510224	0.12582165	0.7243382
0.6606597	0.805027	1.2338644
0.13890505	0.46670604	-0.06098598
0.18812358	0.3227088	0.13412945
0.7061376	0.03244406	0.4906803
0.34008604	0.40260732	0.4926808
0.5254091	0.28350514	-0.52129805
0.02716422	0.66011715	-0.7873239
0.19256222	0.962532	-0.14633642
0.3214627	0.5779633	0.42588645
0.21261126	0.22025448	0.34722587
0.44971418	0.4313692	-0.20135882
0.38548952	0.050885797	0.28867716
0.34836304	0.031983614	0.5842458
0.08312851	0.8434839	-0.0010152361
0.05913341	0.71411157	-0.26069713
0.6320783	0.92171913	0.38185585
0.86696756	0.6560362	-0.29339606
0.539768	0.09779358	-0.7217176
0.25638527	0.16593385	0.70139724
0.29347438	0.3269269	0.7045288
0.22475052	0.086609066	0.5324042
0.52553993	0.745912	-0.028848287
0.78847265	0.636272	0.11756648
0.40643585	0.20479405	0.009971842
0.7868636	0.37893325	-0.55337334
0.9497202	0.46453398	-0.47872043
0.6413667	0.2869531	0.49741432
0.87324035	0.9983319	0.18401529
0.2990343	0.6583489	0.366304
0.5706316	0.48132312	-0.20049347
0.48562932	0.14639503	-0.45257825
0.032193244	0.32150704	-0.5474535
0.23462796	0.24251634	0.53305066
0.79500335	0.027930737	-0.48135668
0.31547487	0.49386066	0.62988544
0.0014159083	0.36422557	-1.161573
0.5115941	0.25176144	-0.44655424
0.7291121	0.61432385	1.0458452
0.52819234	0.43933326	-0.37672955
0.37832606	0.13513857	0.3520127
0.8978472	0.30321354	0.38477066
0.7110742	0.28162956	0.3855305
0.17567253	0.21356976	-0.0764425
0.20800096	0.6610018	0.37397888
0.15326315	0.032186568	-0.27798402
0.7489995	0.541365	0.5781187
0.79457587	0.39348704	-0.65683645
0.39905602	0.4391845	0.019861912
0.2212156	0.39721012	0.44434562
0.3576262	0.88738763	-0.009062003
0.47290987	0.7261234	0.08144685
0.11990404	0.07567924	-0.41864765
0.33905768	0.36942393	0.6740737
0.07480526	0.25558102	-0.19047761
0.5077719	0.8111417	0.10362542
0.7197664	0.09041631	0.2606684
0.66871744	0.85705096	1.1653008
0.373887	0.42636693	0.20359267
0.586269	0.3398695	-0.26376393
0.83590424	0.5494518	-0.5104381
0.032909572	0.7550228	-0.5187006
0.9943932	0.82058597	0.23292911
0.012560189	0.51177365	-1.1562951
0.309273	0.07934564	0.7400615
0.902829	0.16164231	0.6613121
0.19600773	0.89176714	0.09071945
0.1785289	0.40319276	0.10237077
0.4075303	0.61214066	-0.040102467
0.475406	0.24413747	-0.35215676
0.43652254	0.5286083	-0.17879198
0.3871392	0.94253534	0.119046055
0.5074001	0.86607397	0.19781709
0.4049917	0.3949949	-0.03295633
0.857278	0.5866142	-0.36721393
0.25474584	0.88797075	0.08955732
0.95620394	0.8849827	0.7306993
0.51133025	0.6583844	-0.075487286
0.15712154	0.9630876	-0.19685854
0.19316149	0.50544083	0.34638783
0.4770555	0.64170957	-0.03372886
0.046022117	0.9061619	-0.0114264935
0.8846298	0.5495006	-0.22857134
0.8374715	0.50638443	-0.47464597
0.5200755	0.066316605	-0.68849784
0.15738106	0.53329945	0.12076521
0.47173768	0.39122665	-0.26891315
0.6626539	0.18533069	0.5860868
0.87462246	0.80339056	-0.10333204
0.4674375	0.948208	0.29631206
0.6413112	0.4708066	0.8365685
0.6887823	0.3947903	0.9113452
0.5675729	0.7654675	-0.083026916
0.10488039	0.5524036	-0.095539816
0.49434632	0.33250272	-0.36344966
0.26942503	0.16373628	0.7964608
0.37896657	0.7460163	0.042274542
0.75606966	0.057576	-0.25373924
0.7906551	0.2718016	-0.66967565
0.20197988	0.3675862	0.2930754
0.32827199	0.14454931	0.70830303
0.61247087	0.74608827	0.47770348
0.90812165	0.7160404	-0.06158741
0.9029673	0.5491227	-0.19415864
0.65621907	0.80167085	1.1849313
0.2606567	0.166013	0.7657321
0.7867736	0.6215141	0.056999035
0.7062013	0.7770619	1.5294753
0.5075696	0.73644793	0.1051825
0.8636572	0.5285233	-0.2992816
0.87424576	0.19372684	0.3668445
0.14007854	0.09670299	-0.3798667
0.25644773	0.20696741	0.6796024
0.47221035	0.41833794	-0.2539319
0.49745607	0.5752828	-0.115921274
0.503116	0.93502444	0.16398965
0.019626796	0.14901626	-0.13121463
0.33021092	0.055555344	0.73020554
0.7508376	0.3560726	-0.12712742
0.84732974	0.31289625	-0.19713947
0.12426269	0.00021737814	-0.3531405
0.07462698	0.158261	-0.10405854
0.0015382171	0.4551835	-1.2801541
0.57707	0.7245417	0.067450374
0.3679886	0.6529492	0.17643252
0.82880044	0.731202	-0.14147313
0.8158226	0.9141191	0.3101654
0.4426121	0.9811535	0.3527142
0.31845462	0.22297043	0.7405238
0.14660311	0.5858749	0.103860125
0.43385625	0.50284326	-0.13883197
0.3934173	0.8967437	0.120444156
0.10734081	0.015114188	-0.30453002
0.06936079	0.47191215	-0.38275748
0.37467885	0.83464855	0.048162084
0.5284262	0.6783279	-0.07819959
0.81057507	0.7395899	0.095916845
0.32403773	0.5214761	0.5893494
0.7676207	0.86744386	1.0333575
0.18646342	0.19387418	0.06399663
0.3652857	0.7687883	0.10732963
0.16993588	0.6170345	0.2653396
0.9752187	0.71276844	-0.14279763
0.579934	0.8972578	-0.060159903
0.16932565	0.13890368	-0.10445022
0.2643175	0.8009745	0.21390155
0.937588	0.7803417	0.27233166
0.3451596	0.22416395	0.60647637
0.50611526	0.81142604	0.16656971
0.45736623	0.1402815	-0.26522878
0.17854083	0.18966997	0.035937294
0.59511685	0.78518236	0.16437031
0.48625106	0.9198672	0.29465932
0.2093724	0.5635232	0.42583153
0.7126405	0.12042129	0.3435086
0.45272005	0.55554813	-0.09283691
0.19980454	0.18008327	0.14331923
0.15263319	0.85589594	-0.011766859
0.20119107	0.23104316	0.22801578
0.15899551	0.47009557	0.10565379
0.45296973	0.80652875	0.20468561
0.57085973	0.32003945	-0.33855137
0.9458472	0.42941308	-0.39718527
0.97084635	0.23775375	-0.8396296
0.39396185	0.35665798	0.09870374
0.4890517	0.90975577	0.30944622
0.48545563	0.69752425	0.04121086
0.52801764	0.40221918	-0.43261227
0.5532762	0.6471153	-0.19133373
0.17585015	0.654076	0.2192535
0.38788956	0.46894425	0.101990126
0.65409195	0.7185183	1.273143
0.77274555	0.45015085	-0.26276666
0.5538081	0.003868103	-0.89823896
0.25843406	0.32822263	0.6114646
0.9244992	0.16472185	0.48574218
0.8640722	0.96391296	0.15429978
0.7062286	0.39610404	0.7032635
0.41597068	0.26545012	-0.038592875
0.36963147	0.1695618	0.43395048
0.6806202	0.4079464	0.9119292
0.3765915	0.4082334	0.20886704
0.3930707	0.57325774	0.048291832
0.7641951	0.031058252	-0.2390744
0.058189213	0.16080534	0.0019434914
0.9639718	0.53634274	-0.7074983
0.87700415	0.66038936	-0.2781781
0.38327998	0.99789804	0.12584339
0.63463396	0.5983319	0.91791743
0.8348394	0.564586	-0.40627193
0.048882365	0.2485022	-0.26814288
0.9334274	0.58507323	-0.23976704
0.5079283	0.16785562	-0.5267449
0.15565813	0.2574857	-0.19279736
0.7372816	0.3309093	0.091086425
0.96029454	0.63892937	-0.3398123
0.16176695	0.847554	0.07798871
0.45008504	0.82752216	0.21297085
0.55490476	0.90214056	-0.036524333
0.9313844	0.6654451	-0.0719438
0.54087853	0.004404485	-0.8777886
0.6820573	0.22552025	0.5559554
0.34185606	0.5492105	0.39094245
0.6105038	0.047250926	-0.04760094
0.9347586	0.27598077	0.02912407
0.6462991	0.5315416	1.0207587
0.3730119	0.053716123	0.37516364
0.99373996	0.067359805	-0.91959774
0.076479435	0.8563832	0.019728038
0.30881363	0.16246605	0.7178806
0.5286784	0.41015142	-0.43165848
0.97758895	0.5297308	-1.0023655
0.015228689	0.64528775	-1.0063543
0.6026372	0.9219582	-0.013804931
0.49846482	0.07746017	-0.6128039
0.124771	0.019991755	-0.357017
0.6979902	0.025630116	0.5671279
0.7097665	0.5275809	1.0626432
0.22161162	0.51849586	0.4217282
0.6293696	0.81415516	0.68416226
0.60784084	0.70136815	0.3919403
0.6672126	0.08459139	0.59399724
0.67913187	0.84223515	1.3085572
0.10587162	0.83118767	-0.03636636
0.50488	0.8852229	0.23215573
0.030062914	0.745643	-0.584775
0.77532333	0.8700665	0.9567454
0.29322124	0.45583493	0.67671645
0.24699199	0.99052966	-0.19819814
0.061129272	0.051300526	0.03991476
0.46364844	0.26462692	-0.2751035
0.31415468	0.21893704	0.6828979
0.85505664	0.2523877	-0.012747203
0.45948505	0.39324605	-0.19757289
0.9421957	0.5789561	-0.32627183
0.79083186	0.48044348	-0.3772927
0.4843101	0.61942255	-0.026257545
0.9706251	0.17345351	-0.67320293
0.2531646	0.79617846	0.20958218
0.07954514	0.9861208	0.08883159
0.052179694	0.46562296	-0.5201357
0.3625157	0.5625243	0.27077067
0.87469345	0.97206	0.12939776
0.42243534	0.41031718	-0.08018894
0.3977229	0.5977533	-0.018939251
0.29720902	0.5683242	0.52484465
0.1697886	0.005844176	-0.15374622
0.67874146	0.5039463	1.217985
0.027860582	0.732116	-0.66874623
0.70478815	0.27533203	0.40790477
0.26851714	0.2839697	0.7411871
0.8993909	0.71191394	-0.084751695
0.36456114	0.36296916	0.3284168
0.29031038	0.7011715	0.24329051
0.17288041	0.47462684	0.16111323
0.254781	0.36883742	0.57736915
0.84734815	0.6455613	-0.41363236
0.49313146	0.59541106	-0.10367392
0.20262963	0.8207337	0.18520424
0.1351375	0.1666609	-0.4126476
0.8742182	0.79382664	-0.15772137
0.14698792	0.44818616	-0.026639137
0.7944331	0.5842798	-0.17321807
0.90210927	0.5084224	-0.0804047
0.21876305	0.13795966	0.37793857
0.04890889	0.70565385	-0.41865727
0.8806077	0.069535315	0.46715283
0.79966605	0.5143793	-0.45287618
0.25546056	0.6133574	0.4424385
0.6965338	0.7337182	1.6380401
0.88517845	0.08870405	0.52198225
0.30067718	0.77841973	0.11036352
0.22281867	0.38001853	0.4600492
0.61033314	0.405573	0.20588487
0.083491325	0.31131715	-0.21779177
0.4448468	0.6532659	0.015884705
0.33603483	0.43688625	0.58698
0.46887577	0.07810408	-0.36576614
0.5945111	0.9275518	-0.08204646
0.87317884	0.9406733	0.10190143
0.2608502	0.20103794	0.6776677
0.72273	0.756699	1.4176078
0.13470101	0.56825686	0.013855865
0.86487937	0.7957029	-0.20544335
0.85349053	0.10024202	0.10874729
0.00044357777	0.18083066	-0.5367367
0.0032292008	0.3904788	-1.1268216
0.8802645	0.6573608	-0.18690199
0.7178047	0.992802	1.1428565
0.06702101	0.9036306	0.05556474
0.13817388	0.6490259	0.011465281
0.47569126	0.85914147	0.2967224
0.247635	0.76934004	0.3158151
0.23191953	0.1611942	0.49764252
0.8436235	0.5185519	-0.42842826
0.34179348	0.088787735	0.6280872
0.8549465	0.77491456	-0.21247758
0.61453694	0.15712285	0.045911327
0.18877524	0.09342462	0.041250564
0.2561429	0.95525444	-0.057081997
0.7420605	0.1584413	-0.09311932
0.658693	0.86551774	0.95421666
0.86276966	0.814363	-0.18388538
0.033379912	0.9291531	-0.14881495
0.63365346	0.98818326	0.06698838
0.35021734	0.6634494	0.14687522
0.34659266	0.7636163	0.06774101
0.23538017	0.68770874	0.38044494
0.10387111	0.3490507	-0.23403144
0.45827794	0.5390964	-0.107935674
0.68909913	0.60897124	1.4952805
0.9098522	0.5638076	-0.10537984
0.90990853	0.05416149	0.5949485
0.54961616	0.5061916	-0.26078337
0.049557447	0.4802658	-0.5657928
0.2902894	0.81094015	0.0866953
0.2920341	0.09026784	0.83326167
0.80248386	0.45666236	-0.57745755
0.942797	0.19931263	0.083109275
0.71017975	0.22427952	0.34016812
0.012340307	0.7793619	-0.68764824
0.19828743	0.655214	0.3732769
0.68735224	0.32040912	0.69692844
0.09301907	0.57772446	-0.1547602
0.28988713	0.2816621	0.7189529
0.4864295	0.66573685	0.01437366
0.44721758	0.22114038	-0.20401077
0.5344839	0.8961949	0.026833111
0.6235941	0.29960746	0.2981025
0.9934704	0.6843069	-0.6213448
0.3695382	0.29546016	0.38364735
0.92471784	0.23236382	0.36425298
0.35940003	0.9015641	0.041198716
0.5605643	0.87260205	-0.06342765
0.49797982	0.57640266	-0.115694426
0.38634855	0.12010574	0.2514922
0.6289364	0.18533182	0.2653972
0.7636583	0.8234342	0.982703
0.52045053	0.440818	-0.38204306
0.7424487	0.0009614825	0.16944104
0.22979295	0.79475045	0.21627472
0.5793377	0.55222446	-0.035118796
0.29073757	0.33780676	0.68330795
0.23717225	0.22437245	0.5488701
0.9373485	0.7490052	0.14872271
0.98022234	0.16283947	-0.8807051
0.25247657	0.6953407	0.3802265
0.38451493	0.6122652	0.11312342
0.061954737	0.01508832	0.15058765
0.948012	0.24794358	-0.18329598
0.5874558	0.2458198	-0.24842703
0.7481843	0.6773628	1.0030934
0.974291	0.82459056	0.47298548
0.37512195	0.95957357	0.10036716
0.6843413	0.12787998	0.54023236
0.89693135	0.8012379	-0.00045414944
0.58698404	0.77304024	0.17479995
0.09668398	0.58530223	-0.17349213
0.85357517	0.13150305	0.090904415
0.7323377	0.5860922	0.93078357
0.24006188	0.5320537	0.5398691
0.61821806	0.7694944	0.52636206
0.14999849	0.09744191	-0.29436842
0.46055114	0.12147248	-0.2031306
0.57258576	0.7920731	-0.041148666
0.4766854	0.8902924	0.3433328
0.7494137	0.87334764	1.2232624
0.21975458	0.045476735	0.52916175
0.07114971	0.34139282	-0.20070395
0.83230454	0.8006601	-0.06397635
0.709827	0.96756893	1.0946163
0.63575935	0.14687097	0.32503578
0.828407	0.14344394	-0.3424316
0.8787803	0.613116	-0.20261891
0.6406392	0.66760397	1.0339483
0.5429401	0.173464	-0.6261324
0.76436925	0.6033692	0.39978474
0.99071217	0.19496715	-1.2557778
0.5502777	0.19472319	-0.5788871
0.60239494	0.19331259	-0.19604266
0.14411825	0.22676289	-0.30012277
0.5218333	0.580427	-0.19270308
0.7554207	0.3881204	-0.15605527
0.1428181	0.6014798	0.060376946
0.8196935	0.8879631	0.31830117
0.007151127	0.90673697	-0.52717876
0.18447733	0.95126504	-0.028369531
0.52632767	0.42958432	-0.39797068
0.28643334	0.8646076	0.005594694
0.7003793	0.4576971	0.9385456
0.20280612	0.39122117	0.26406795
0.20766741	0.7231923	0.3090043
0.53956306	0.9547844	-0.060106102
0.8172015	0.6099869	-0.32969528
0.9251041	0.34048367	0.0806141
0.53639513	0.07309419	-0.76256245
0.70964015	0.21308291	0.3135812
0.8188677	0.14801049	-0.4334038
0.7694794	0.14527506	-0.551044
0.89299333	0.8741153	0.11952981
0.49561858	0.81453085	0.19641206
0.06938863	0.35922998	-0.22936033
0.6456906	0.29038703	0.6227848
0.1645487	0.4282745	0.09856982
0.7218318	0.6632867	1.3033864
0.6999979	0.13854355	0.4177683
0.6553602	0.95824873	0.58599055
0.5738641	0.83649445	-0.05760313
0.01711613	0.6700041	-0.88863933
0.34000713	0.5191502	0.4530343
0.096618116	0.6599022	-0.10947881
0.90467006	0.40980095	0.15508671
0.29749918	0.92901224	-0.16589083
0.3285185	0.63391554	0.36505508
0.26184118	0.27251405	0.66345036
0.10371333	0.5055946	-0.08986036
0.4757908	0.35628414	-0.3073111
0.039490044	0.40740967	-0.60512716
0.27652013	0.67850286	0.3727085
0.125435	0.5519869	-0.06522363
0.09544659	0.47660553	-0.18327558
0.14487582	0.931616	-0.14851296
0.46843934	0.31635672	-0.31556997
0.193838	0.7901147	0.18925986
0.52716273	0.92703	0.043202344
0.5010211	0.20984179	-0.41445762
0.8035594	0.6184122	-0.114407256
0.40682602	0.88235277	0.14721835
0.034377813	0.8450048	-0.28497744
0.57383347	0.5956559	-0.09875737
0.06984949	0.15657198	-0.11417948
0.43835908	0.28701723	-0.16441983
0.44357687	0.18425864	-0.2149362
0.0115302205	0.33579487	-0.85066134
0.25252104	0.9263799	0.02075027
0.056225657	0.75079393	-0.24984878
0.37747538	0.7752893	0.0513147
0.41252178	0.5345311	-0.12104377
0.069871604	0.18694049	-0.16237265
0.020688415	0.17740542	-0.23801884
0.032705784	0.5708631	-0.7932468
0.31307232	0.44259936	0.65643555
0.95378965	0.22900915	-0.2973786
0.56684446	0.055372298	-0.6571888
0.683511	0.35396916	0.7548048
0.778507	0.7351458	0.53808194
0.34519947	0.8749171	-0.013449013
0.5028062	0.83364755	0.12902045
0.10438526	0.0053438544	-0.25502414
0.75501615	0.63616836	0.6897774
0.5244445	0.19027978	-0.5484938
0.88249826	0.36125022	0.14917003
0.78986233	0.21104652	-0.66171867
0.5785217	0.86641586	-0.024046153
0.44449866	0.18139464	-0.15964133
0.40635496	0.03659326	0.08673891
0.47644746	0.06531429	-0.41281417
0.3370251	0.016462147	0.62339115
0.95125103	0.5566037	-0.46852285
0.7470815	0.61291134	0.7364026
0.94226587	0.83231366	0.5034036
0.021707475	0.6836226	-0.87025267
0.9684689	0.301328	-0.851206
0.34759712	0.036162376	0.6355262
0.9094653	0.8723132	0.2799604
0.62810284	0.67257774	0.8228851
0.9204739	0.24364215	0.3634026
0.53806305	0.66894543	-0.16054533
0.775201	0.35176253	-0.5239011
0.09170282	0.4493237	-0.24124134
0.008176029	0.18827206	-0.44405517
0.5090548	0.123048306	-0.571367
0.2700302	0.83719987	0.096695654
0.290506	0.05049777	0.8791214
0.30566186	0.3945614	0.6467982
0.9401538	0.34816414	-0.15697643
0.9302517	0.48676997	-0.18840845
0.15993184	0.147336	-0.23416765
0.33811218	0.81873137	0.028724672
0.5867886	0.29345852	-0.21271947
0.63002497	0.4598924	0.6369176
0.10624206	0.49393255	-0.117233545
0.7511569	0.8644218	1.2302039
0.6340376	0.15703517	0.3638634
0.13999557	0.9242995	-0.1280261
0.03250432	0.35139316	-0.5994075
0.87750757	0.07535803	0.4756178
0.13810277	0.323456	-0.21309751
0.80741495	0.15301657	-0.5804937
0.8175554	0.32779086	-0.68384695
0.49987525	0.90807354	0.23029658
0.11346835	0.7027346	-0.025716428
0.44771445	0.1531741	-0.19500695
0.39846474	0.6362194	-0.022694575
0.76856446	0.09320724	-0.39581266
0.9841533	0.6513967	-0.6706059
0.80434173	0.58802253	-0.26996422
0.4974172	0.14216489	-0.45084527
0.08951032	0.33942413	-0.23707287
0.5226641	0.08807492	-0.6715439
0.3904	0.8931774	0.13994507
0.5249065	0.8577667	0.097114
0.40108764	0.5483542	-0.041839913
0.5685352	0.14803147	-0.49003455
0.8901036	0.9523067	0.20782448
0.6905232	0.5918775	1.4829694
0.98952794	0.56879413	-1.1317028
0.4704846	0.40102327	-0.2634381
0.9260866	0.81716937	0.32675892
0.11271489	0.7489523	-0.019905023
0.50324607	0.35293365	-0.36661392
0.17946607	0.77114105	0.22114597
0.31688833	0.6054608	0.40916073
0.95312077	0.8661713	0.6172008
0.59557277	0.9969697	-0.2919107
0.9466026	0.25767827	-0.1496095
0.32797045	0.4990989	0.5173449
0.36965877	0.9659554	0.10281049
0.53027153	0.2979955	-0.5189642
0.47760516	0.5734769	-0.0725839
0.51237786	0.28665596	-0.44632918
0.1675936	0.2574637	-0.062174924
0.11345065	0.9827734	-0.18114774
0.44238007	0.44651496	-0.19107093
0.7598643	0.18379271	-0.4190502
0.8220057	0.12640041	-0.39443585
0.5062156	0.8527677	0.1755535
0.48408192	0.047727406	-0.4937438
0.69069475	0.18306577	0.5106218
0.6454727	0.9953221	0.17914942
0.6886239	0.124004066	0.54376906
0.005046606	0.48852545	-1.2494543
0.25969112	0.8308331	0.13462572
0.5754935	0.85846317	-0.07195155
0.15393507	0.0028045177	-0.26692024
0.9214407	0.7368683	0.08606804
0.11914033	0.7156585	-0.047623113
0.5046641	0.6692115	-0.014617721
0.5171223	0.26985145	-0.48784867
0.22444683	0.3196671	0.43042117
0.49328613	0.7807388	0.25308067
0.15942961	0.4105829	0.0012297053
0.15279251	0.6815579	0.10323402
0.6671817	0.3800903	0.921863
0.8430229	0.9825044	0.24632227
0.055126667	0.066670954	0.10266877
0.47847223	0.18300134	-0.36625245
0.5776437	0.7534657	0.005851088
0.003578186	0.80155087	-0.8578164
0.8425231	0.9701528	0.17179261
0.7120016	0.08928031	0.3405966
0.40027714	0.5782933	-0.076217815
0.12218088	0.42400002	-0.16385223
0.3120135	0.06469542	0.79379416
0.6478402	0.17254329	0.4481516
0.17772317	0.69062847	0.22469062
0.0017153621	0.27247995	-0.83618534
0.6621763	0.80363667	1.2508808
0.91411525	0.7559266	0.06322392
0.27655184	0.72323227	0.27660674
0.36908126	0.6615621	0.06348701
0.99026024	0.8173642	0.23654734
0.25647122	0.87374604	0.05675674
0.15515745	0.7718556	0.03768478
0.25344825	0.060121	0.7705188
0.41726512	0.04192573	0.14055523
0.49472296	0.5938649	-0.0458432
0.5095393	0.11730409	-0.588008
0.94178075	0.7302759	0.07568727
0.7456734	0.2617203	-0.2605873
0.07273525	0.53993386	-0.31688043
0.67425525	0.37443608	0.86922127
0.73339444	0.5409486	0.73513305
0.6026143	0.91203284	0.041729722
0.23507768	0.73956805	0.3086374
0.49836475	0.91066456	0.18030927
0.7395924	0.84782296	1.3315752
0.6406226	0.35792923	0.6822341
0.9404818	0.44910246	-0.36275715
0.27913493	0.87449545	0.04211636
0.33063334	0.20274335	0.6986793
0.01994592	0.383936	-0.79853874
0.5882856	0.2013917	-0.24397594
0.5841447	0.49432522	-0.1018493
0.022711396	0.27086717	-0.5201075
0.94572437	0.4803604	-0.45204568
0.45342338	0.07624811	-0.2172734
0.17295688	0.41599703	0.07649361
0.2904371	0.95559657	-0.14326711
0.36092108	0.925128	0.033010677
0.48289514	0.28653687	-0.2598656
0.1571216	0.29890257	-0.12736814
0.85452175	0.50408685	-0.35984844
0.26186234	0.5269427	0.5535792
0.014953613	0.7095814	-0.8998605
0.004837334	0.19526583	-0.5424559
0.31112307	0.48356605	0.63289475
0.698979	0.18134272	0.4344149
0.08873427	0.43656462	-0.23114395
0.86163455	0.5189756	-0.35658592
0.39670193	0.77114314	-0.010743257
0.40794146	0.9680377	0.2676749
0.30393356	0.9516814	-0.15350288
0.05081457	0.49431396	-0.5320748
0.022759676	0.861843	-0.3634252
0.6705324	0.7627072	1.4178916
0.8617766	0.23532099	0.16168529
0.75199276	0.50968194	0.25386527
0.38929635	0.58609134	0.05366421
0.99976575	0.60393983	-1.1508911
0.19071108	0.75410986	0.26694492
0.13346404	0.59232795	0.036973365
0.1551184	0.9765853	-0.20022511
0.9004776	0.26799673	0.42723042
0.6235703	0.0027754307	0.18398899
0.5510471	0.10445851	-0.681802
0.15787774	0.36910164	-0.01815038
0.9968575	0.6082482	-1.0586555
0.1522401	0.7894154	0.1020033
0.6251056	0.5223583	0.63354266
0.59306216	0.39562726	-0.1256334
0.87568206	0.13547951	0.45670623
0.091818094	0.36470503	-0.2559103
0.09686786	0.7252739	-0.05901141
0.7909576	0.14631015	-0.6154147
0.44312042	0.117525816	-0.18253216
0.6064017	0.11329782	-0.10639589
0.23835593	0.14966273	0.61283576
0.57034093	0.85319495	-0.0564502
0.7292679	0.58203137	0.93842936
0.20397311	0.8436758	0.17360692
0.36422437	0.6745642	0.12805912
0.8607232	0.7475677	-0.30551
0.222507	0.6036363	0.47185865
0.39741772	0.14855999	0.19818118
0.22411966	0.19410062	0.43780372
0.3201108	0.5581165	0.48871973
0.66042614	0.7386743	1.2813147
0.40634203	0.8141078	0.09193471
0.5938911	0.7175465	0.23637457
0.8690718	0.6465136	-0.27149177
0.72292435	0.67148143	1.2714895
0.069393754	0.27464777	-0.18937476
0.38978183	0.3747751	0.058795586
0.9039767	0.5616014	-0.11616705
0.48310608	0.36232346	-0.26776475
0.66255844	0.17428392	0.53645307
0.15552342	0.64850676	0.14245494
0.7843231	0.5994663	0.05729058
0.35183948	0.24316531	0.57808846
0.9524218	0.7815972	0.2695697
0.7617746	0.17714065	-0.4497864
0.8030723	0.5553929	-0.26636368
0.34279674	0.26370502	0.5736987
0.7576039	0.57906204	0.50599897
0.18425685	0.94030046	-0.043417946
0.47612482	0.42456675	-0.25313318
0.11899221	0.020878494	-0.35071167
0.061491847	0.97216946	0.08972107
0.42304802	0.14372611	-0.015415897
0.030506372	0.16449887	-0.072041236
0.29034954	0.32298505	0.72707874
0.039783478	0.73147136	-0.46703297
0.5078715	0.46071452	-0.33722872
0.66008186	0.65357894	1.3311963
0.26865077	0.9386868	-0.054920673
0.6014863	0.3247776	-0.072709486
0.54414415	0.6037167	-0.21511376
0.6024062	0.81399894	0.25798798
0.078829944	0.46325058	-0.284823
0.538587	0.20960641	-0.58984
0.32136434	0.75755125	0.10395661
0.8478813	0.041641176	-0.073660664
0.69657236	0.8299997	1.4526004
0.88689476	0.7442447	-0.18828571
0.48270464	0.4151109	-0.25442505
0.8748062	0.53624225	-0.25758788
0.20704162	0.8394993	0.19522142
0.9178418	0.91692823	0.46142852
0.37444437	0.038650155	0.43876347
0.17822915	0.4453535	0.20358059
0.4096688	0.16138065	0.11180126
0.80436486	0.937575	0.5406062
0.18191803	0.038275123	-0.017490547
0.8339285	0.6253714	-0.44407785
0.9523776	0.7287005	0.08162123
0.6696194	0.4375311	0.99044216
0.7833944	0.30017775	-0.71911705
0.8658011	0.25881082	0.16556582
0.55342674	0.24526721	-0.50033855
0.9176344	0.48238105	-0.10249334
0.20092648	0.055983484	0.22997396
0.48150992	0.94864756	0.2809472
0.5868821	0.09418154	-0.41925964
0.16962773	0.3081712	0.013196927
0.28452218	0.07208723	0.8462541
0.32264537	0.5415187	0.43602026
0.06755847	0.43567705	-0.3807161
0.38389766	0.21376812	0.3402973
0.52129614	0.9413814	0.15766814
0.51278055	0.16599262	-0.52649486
0.5932889	0.7311864	0.16961983
0.120333016	0.94390523	-0.1205479
0.3880608	0.71825415	0.0481843
0.5481732	0.67665684	-0.17301753
0.11630124	0.539072	-0.07962057
0.6810783	0.7882291	1.4942493
0.07181734	0.7015084	-0.15977697
0.49346066	0.89611095	0.21524766
0.727855	0.49873507	0.773396
0.61748874	0.7250146	0.666486
0.023186266	0.75604427	-0.6670337
0.72361904	0.32171524	0.277053
0.5818357	0.34857392	-0.31662136
0.99789256	0.052908003	-0.9709834
0.45350146	0.8930048	0.3324392
0.94078135	0.46121442	-0.34858745
0.030121088	0.29098004	-0.4635142
0.8873793	0.23595786	0.41590825
0.73938954	0.29135495	-0.050336853
0.6838506	0.3246563	0.7454201
0.22322613	0.96128803	-0.056255076
0.9616502	0.19875872	-0.44670087
0.57052135	0.8415067	-0.0720167
0.5983375	0.47855967	0.07163199
0.14280051	0.7546485	0.084630154
0.1671313	0.03246832	-0.13960406
0.78493536	0.8784066	0.7884961
0.45167553	0.91143167	0.33233
0.8728446	0.25656062	0.2394471
0.75802463	0.08240992	-0.29007295
0.49709594	0.49898863	-0.24680291
0.77538514	0.053457797	-0.39979592
0.94279087	0.53252167	-0.412051
0.96078223	0.0043665767	-0.059784293
0.20682615	0.14314324	0.26400247
0.19114506	0.10540676	0.1249946
0.52483535	0.6999028	-0.0026427433
0.3311416	0.5882956	0.41498226
0.03074032	0.34399098	-0.6161047
0.5682039	0.49619144	-0.2870526
0.6827507	0.1403622	0.4924053
0.7591163	0.14322484	-0.35541242
0.05082506	0.19352305	-0.11540375
0.81915134	0.30135304	-0.57246685
0.42842656	0.9746122	0.3393018
0.24781722	0.1616413	0.66759384
0.9562596	0.09467387	-0.06441036
0.8503403	0.64617586	-0.33977288
0.13370013	0.17106152	-0.33361775
0.39196277	0.8929219	0.1145524
0.30458277	0.734694	0.24751765
0.9337182	0.38627642	-0.11479616
0.07771438	0.80362374	-0.041305225
0.9767322	0.48807603	-1.1326705
0.7944158	0.055806816	-0.52841425
0.65690595	0.53634274	1.1848332
0.8811012	0.4640444	-0.07407627
0.7051549	0.6638741	1.5570065
0.7099936	0.50276136	0.9719976
0.99542195	0.38260436	-1.6808857
0.023525298	0.9252453	-0.2841248
0.0052942038	0.15192509	-0.42716882
0.38156235	0.12273145	0.31757984
0.77634996	0.5709142	0.05381848
0.9470256	0.6886502	-0.030075215
0.7547377	0.095207214	-0.22959997
0.54801035	0.27927977	-0.6066025
0.17549825	0.95999163	-0.16546108
0.96745914	0.566943	-0.73878175
0.88708454	0.6256338	-0.2604714
0.8214443	0.02860409	-0.36004245
0.30923933	0.5872512	0.4657265
0.061715603	0.75771	-0.19948043
0.9607952	0.5500294	-0.63714874
0.12424308	0.069327235	-0.38468087
0.94513565	0.858522	0.58717316
0.19027138	0.7098525	0.23699796
0.7641915	0.40811288	-0.25917846
0.53110397	0.5602588	-0.26640368
0.6622039	0.8802177	1.01956
0.5167649	0.9967782	0.052393153
0.39564866	0.1353389	0.23275214
0.57788134	0.41050905	-0.2534111
0.06409091	0.9720712	0.11450266
0.54374963	0.82800573	-0.035536252
0.37667203	0.7167699	0.086665325
0.50816435	0.6714355	-0.033988312
0.3858328	0.96758145	0.15354773
0.7766391	0.9586605	0.9901347
0.90197164	0.10018712	0.66087043
0.55018944	0.023987353	-0.79967374
0.14474219	0.8214131	0.011524832
0.9415176	0.040633917	0.30722013
0.16089314	0.9132022	-0.07948602
0.81292146	0.89179736	0.41487986
0.95057327	0.30280954	-0.33960667
0.6831931	0.27396226	0.62007993
0.9402077	0.34626532	-0.1837241
0.81694067	0.9023528	0.3725925
0.37638563	0.6132588	0.14297917
0.04646182	0.9187307	-0.012724574
0.15671796	0.72029585	0.23051533
0.086171865	0.20578545	-0.1706663
0.73910105	0.52536285	0.65202564
0.10939002	0.57650787	-0.091170155
0.1072253	0.13567197	-0.25516903
0.2281763	0.26903248	0.41440713
0.039170682	0.6365843	-0.6057873
0.3034706	0.14946973	0.83726925
0.5501186	0.2516178	-0.59846705
0.90876204	0.41447026	0.09214498
0.118493915	0.21647197	-0.34997576
0.97546405	0.8854768	0.7347804
0.18867975	0.55178636	0.33229733
0.22165668	0.9301328	0.04427728
0.9914053	0.09450793	-0.97886395
0.4031183	0.15429223	0.11201431
0.006469965	0.06342465	-0.14681771
0.28153753	0.79411757	0.12242792
0.85775495	0.052694917	0.14678963
0.93618655	0.6208772	-0.20180967
0.5621405	0.26597548	-0.510237
0.6698393	0.07184708	0.6398507
0.27449745	0.90319747	-0.024045877
0.73071146	0.5800983	0.9144532
0.7612477	0.7881279	0.96403307
0.39565372	0.6369033	-0.021610219
0.5578822	0.08940196	-0.6324621
0.4218964	0.08022666	-0.0057208454
0.8547512	0.78323853	-0.21447922
0.8654063	0.94988716	0.12676166
0.33071965	0.74967736	0.19047597
0.3636304	0.018998206	0.48064122
0.70192045	0.37152183	0.61184007
0.019489586	0.48271728	-1.0093733
0.020537794	0.6820387	-0.8514069
0.5688154	0.90703464	-0.09350673
0.8035609	0.6633255	-0.02558649
0.17871428	0.5364078	0.27836853
0.662589	0.47542083	1.0648195
0.23261827	0.15348792	0.547187
0.33598793	0.9276164	-0.047678355
0.17809343	0.5923574	0.31291932
0.703987	0.78020996	1.4976264
0.030905426	0.5394115	-0.8410175
0.5444512	0.58257234	-0.2631562
0.99221694	0.44594032	-1.5367291
0.48901898	0.53829074	-0.19450812
0.9407497	0.2703756	-0.09102151
0.10706365	0.9366291	-0.0264346
0.10817039	0.580468	-0.041314878
0.60836643	0.922285	0.096548334
0.78275776	0.14587235	-0.58094627
0.44751275	0.38997763	-0.24822539
0.6068693	0.52875686	0.3175931
0.22596782	0.8045446	0.2670613
0.68159217	0.078191996	0.61537564
0.6695263	0.009014964	0.62903726
0.21077657	0.028743565	0.41029492
0.17885894	0.007204771	-0.009022133
0.9907849	0.120435596	-0.99448895
0.32590854	0.09798467	0.7248703
0.28337085	0.8828769	-0.05289537
0.18702632	0.76261556	0.2135839
0.6275475	0.9304347	0.20805007
0.6169738	0.805262	0.50443435
0.4989252	0.59279776	-0.11204007
0.122146726	0.68793523	-0.028023047
0.36273617	0.74369425	0.1380353
0.4906494	0.7474519	0.13892004
0.9635088	0.3591913	-0.81046075
0.43973327	0.94674987	0.31268182
0.33370703	0.45252746	0.5871072
0.71660775	0.94939244	1.2503314
0.09668958	0.10318792	-0.21318114
0.55593395	0.97230196	-0.14719637
0.48814523	0.34921712	-0.35185272
0.19117123	0.94332314	-0.058515515
0.44035965	0.42542154	-0.2147413
0.1378035	0.23845536	-0.30598572
0.6932821	0.89839023	1.2656885
0.15191525	0.54358643	0.051169727
0.7014777	0.25278616	0.46385503
0.508705	0.20842654	-0.5430863
0.12702483	0.5668426	-0.003988741
0.03608769	0.81216645	-0.3795271
0.9655447	0.98098844	1.2317638
0.5778461	0.75019705	0.05578191
0.98686737	0.9642336	1.213904
0.82182574	0.8861811	0.26597634
0.44402796	0.10656798	-0.27916056
0.8744013	0.24286973	0.3100422
0.11589897	0.6409432	-0.059412587
0.8200748	0.030409276	-0.4193519
0.13817495	0.09398985	-0.38126528
0.64549047	0.7401301	1.1607993
0.3042013	0.8201744	0.086310804
0.70779264	0.10070741	0.3632697
0.6764307	0.94381875	0.88031083
0.63238454	0.7149601	0.843217
0.65725505	0.17481846	0.5565459
0.32567346	0.38363218	0.6298367
0.62769336	0.8405835	0.51715547
0.7015651	0.72333753	1.5550576
0.17955023	0.50493354	0.23926525
0.5790538	0.34593225	-0.31624445
0.5304566	0.10447401	-0.64643466
0.68033785	0.874205	1.265801
0.45768028	0.69281876	0.048757564
0.977052	0.5201156	-1.0028278
0.7991955	0.7113652	0.17369469
0.8672304	0.41720587	-0.10616436
0.37542576	0.9605489	0.090114824
0.42448413	0.6013159	-0.038174827
0.014612019	0.5534539	-1.1009325
0.43044078	0.8907717	0.27545908
0.21712738	0.6854338	0.35876986
0.037456274	0.8195201	-0.28655827
0.42298895	0.67948586	-0.05998677
0.4382345	0.2734924	-0.18166433
0.25608087	0.65925264	0.4330717
0.90505195	0.18964589	0.605299
0.1232298	0.8668156	-0.05132878
0.7224036	0.33613408	0.31581688
0.033465803	0.3192497	-0.57146174
0.51379985	0.2645151	-0.47748485
0.9318672	0.9034056	0.6806807
0.21333945	0.37932682	0.37669528
0.5470847	0.45407724	-0.34934407
0.0749287	0.016204417	0.03953134
0.5126324	0.8765693	0.20113632
0.24289876	0.4590184	0.50995576
0.35244453	0.4673866	0.41136813
0.60331595	0.66570646	0.32442585
0.5922082	0.88633025	0.03990686
0.39187378	0.77490234	0.06555916
0.37820923	0.392322	0.24564779
0.91436106	0.92962694	0.49164677
0.09875071	0.6955991	-0.13603431
0.799824	0.29009306	-0.69692713
0.0019990802	0.065865815	-0.18822093
0.67926407	0.8877507	1.1726274
0.115863144	0.5316306	-0.12304204
0.39754552	0.6305452	-0.023671128
0.27138162	0.5320743	0.56311864
0.34232557	0.6676605	0.24672014
0.7199031	0.7257811	1.4293362
0.8918217	0.6499634	-0.25418788
0.6702513	0.26973617	0.6438213
0.5058136	0.92201763	0.18959059
0.20711064	0.2602108	0.265339
0.73171747	0.35915864	0.16974
0.0059458613	0.30326796	-0.83647895
0.43550503	0.7940092	0.13492073
0.7499685	0.060139596	-0.12032849
0.9673803	0.0715639	-0.24600753
0.67656785	0.9520424	0.87638336
0.98651046	0.76661956	-0.01869836
0.67509544	0.8456169	1.2517567
0.1853534	0.8537859	0.13464129
0.17468584	0.7559145	0.15832421
0.0866887	0.020233631	-0.16648012
0.35609376	0.10463792	0.5464748
0.58876985	0.95463157	-0.098090656
0.74047565	0.28314215	-0.037785575
0.03373772	0.73864335	-0.5327501
0.40439266	0.0024318695	0.11814689
0.5248314	0.17335153	-0.5385523
0.43643016	0.06626809	-0.15971139
0.96547836	0.86043465	0.7144615
0.027081668	0.61749965	-0.8326778
0.7864564	0.30136526	-0.6422591
0.97768563	0.82277566	0.44564146
0.6563155	0.94377184	0.6166838
0.30737472	0.96627724	-0.16314843
0.6931329	0.37663954	0.8110382
0.42363775	0.9603896	0.28284648
0.34213597	0.1045059	0.63213706
0.99478054	0.3369609	-1.6858559
0.73629373	0.042176604	0.14702737
0.35593456	0.9814191	0.027829686
0.5973344	0.5146149	0.14034702
0.47988927	0.42326808	-0.27013624
0.24774718	0.5280576	0.5363462
0.17284334	0.7291736	0.24359508
0.24217361	0.7407552	0.33140427
0.10196799	0.0370121	-0.20637846
0.98224723	0.34449238	-1.3850664
0.90999216	0.85067976	0.20825633
0.042244792	0.4819712	-0.7062852
0.913902	0.95856065	0.50587577
0.26236498	0.7878788	0.20503381
0.26168948	0.9995301	-0.16423182
0.21923083	0.08239812	0.5756433
0.9988209	0.22550511	-1.6385608
0.24372536	0.35941958	0.51216036
0.045470357	0.23118937	-0.1888897
0.4378497	0.17741036	-0.113807485
0.020891905	0.52488184	-1.039332
0.2975437	0.36831963	0.69432116
0.21831083	0.4081645	0.47420657
0.9881727	0.006331563	-0.58002967
0.30885613	0.061394334	0.7801861
0.11374307	0.07803053	-0.31886345
0.8687513	0.56944275	-0.33643645
0.5379274	0.69396526	-0.12186256
0.4794178	0.16518402	-0.35663202
0.6123531	0.48863328	0.35773996
0.3809213	0.27781904	0.27365744
0.28465223	0.49662268	0.5024586
0.32998145	0.10899103	0.74332535
0.57008255	0.8837011	-0.06441772
0.37252635	0.8393874	0.051955387
0.1079191	0.14584935	-0.32705945
0.38143796	0.3530206	0.22696346
0.00488168	0.2223221	-0.6503232
0.5968017	0.25193155	-0.12982313
0.4623711	0.9666378	0.37252373
0.68948257	0.2723611	0.53426164
0.98878586	0.5364841	-1.1970431
0.23354411	0.9662917	-0.011953492
0.72371954	0.8219059	1.5077173
0.033482254	0.47486204	-0.7902924
0.7516365	0.3165893	-0.17084041
0.4509912	0.050552964	-0.22863348
0.17112786	0.3276993	0.031550698
0.8005734	0.5206502	-0.38817632
0.8479511	0.035526097	0.04892537
0.6197901	0.38933206	0.3298392
0.20501041	0.8035064	0.2460399
0.98154765	0.6620509	-0.553479
0.44498914	0.1561923	-0.18991901
0.47791237	0.15124482	-0.359934
0.5631947	0.13345522	-0.5244393
0.83830225	0.839025	-0.0034593819
0.5915773	0.27486128	-0.18762851
0.15704668	0.13524038	-0.26590142
0.2348035	0.27367538	0.4730101
0.24840915	0.78350776	0.17935139
0.58758163	0.036581278	-0.482597
0.4956991	0.042487025	-0.63705933
0.48206455	0.55284154	-0.17701674
0.033725977	0.37888098	-0.6558872
0.84628457	0.23522604	-0.16887034
0.067310214	0.71824884	-0.20029405
0.11490941	0.092418015	-0.35126224
0.8441889	0.3313927	-0.29881465
0.81097925	0.8818792	0.4053739
0.55130464	0.6853193	-0.14441477
0.35121304	0.3416168	0.4985142
0.9484742	0.63335896	-0.25256807
0.48367643	0.19354701	-0.30839765
0.47984487	0.77267116	0.15667516
0.24826878	0.012907803	0.839561
0.37246877	0.6208656	0.13783877
0.5304764	0.83582574	0.049513496
0.33255047	0.78467125	0.022774823
0.07868773	0.4111122	-0.3153538
0.92149264	0.5288712	-0.13037258
0.86653185	0.6029115	-0.3373696
0.9997186	0.8568225	0.39417827
0.8753324	0.15143806	0.46423817
0.33431816	0.6671316	0.2862804
0.6426973	0.9892715	0.16961849
0.8746871	0.2957012	0.15060046
0.5772405	0.54269904	-0.09862239
0.97404575	0.3918025	-1.1171079
0.22062999	0.99776936	-0.16035205
0.5236843	0.6916822	-0.018189967
0.84277844	0.25092667	-0.2351878
0.6243397	0.8411762	0.50587684
0.31226814	0.6157037	0.3948471
0.46905875	0.97874045	0.39784884
0.44704396	0.81872207	0.21033575
0.5853944	0.5455705	-0.017382817
0.6176726	0.20273358	0.15634832
0.9305286	0.90400916	0.638367
0.5268332	0.11782956	-0.6272229
0.8214525	0.42353094	-0.6160311
0.645909	0.43591505	0.8359686
0.49148285	0.2506429	-0.396257
0.4308703	0.597211	-0.10036657
0.07310051	0.9278583	0.034703217
0.16558176	0.8325106	0.0695098
0.36373043	0.594738	0.21583906
0.090329885	0.59451264	-0.21224412
0.22760785	0.35349774	0.47153836
0.32353008	0.34557188	0.7096456
0.09537721	0.6646762	-0.16977334
0.45745373	0.41860825	-0.23799536
0.11481452	0.6150765	-0.16353244
0.12451047	0.7326266	-0.044163153
0.09739035	0.25566244	-0.24892163
0.804526	0.74403006	0.18163674
0.7619961	0.3820203	-0.30328515
0.5030254	0.39235532	-0.35791838
0.7737504	0.18138683	-0.595903
0.73324466	0.60027915	0.95094156
0.3797477	0.2145577	0.28593814
0.6604564	0.66829765	1.3609189
0.064032674	0.11235881	-0.052012436
0.2465626	0.7041785	0.37592003
0.40991676	0.45247006	-0.06410135
0.12175012	0.64457417	-0.05205303
0.722124	0.9988435	1.1392448
0.07865	0.75271606	-0.057907574
0.7226788	0.81383395	1.4842865
0.9501612	0.7105447	0.028838359
0.030916274	0.9227672	-0.14944363
0.6607717	0.72246635	1.2833651
0.41722286	0.74756736	0.05934762
0.3070281	0.3690455	0.6936043
0.78639746	0.8427532	0.71840537
0.15601283	0.71525747	0.08287244
0.54208577	0.6047531	-0.19557844
0.7340333	0.5425715	0.7433032
0.8810582	0.16801906	0.45858073
0.29727018	0.40604573	0.69784075
0.66388595	0.5549716	1.2479048
0.43301475	0.5306167	-0.17335318
0.78142065	0.28525972	-0.65541613
0.09300101	0.8819009	0.021114824
0.5941353	0.36029387	-0.1437495
0.3955837	0.58529115	-0.026558515
0.89905655	0.12906486	0.6829377
0.045472622	0.93489593	-0.0042282795
0.18244433	0.17639315	0.019970397
0.85635614	0.23391873	0.043392133
0.10267323	0.105219424	-0.30768543
0.6167963	0.38672143	0.3156004
0.6810031	0.26525354	0.5809697
0.7559954	0.68599004	0.8392476
0.53324807	0.7766774	0.0059025637
0.1512537	0.87922883	-0.03827855
0.24496013	0.94972885	-0.04663053
0.4611478	0.080017984	-0.32744902
0.3495534	0.5657514	0.2984112
0.44508445	0.25623518	-0.2041941
0.96429855	0.8682577	0.69766414
0.9343505	0.9600993	0.8240112
0.1746012	0.62778294	0.2870897
0.8224937	0.74392515	0.0119409375
0.4525404	0.47418666	-0.23140088
0.03504908	0.94878465	-0.08200209
0.5421487	0.49130368	-0.42284477
0.57903814	0.8624757	-0.054487098
0.9238282	0.9595321	0.6607343
0.8840323	0.87285393	0.023127561
0.7897547	0.8743173	0.6944215
0.7063045	0.88479215	1.4189595
0.91665196	0.3276546	0.24878821
0.4809671	0.7021959	0.07610141
0.3604722	0.9117671	0.029603347
0.029196799	0.030335724	0.2142523
0.9979877	0.41728693	-1.6926066
0.66725475	0.9510545	0.77597994
0.5839721	0.11719751	-0.38780257
0.029049397	0.2518102	-0.37625495
0.60522646	0.45809388	0.15429601
0.022052705	0.50485134	-1.0299656
0.5039058	0.2808779	-0.40893114
0.98824614	0.2077874	-1.2324053
0.846908	0.14875448	-0.083581746
0.13410735	0.38774735	-0.13770734
0.60962296	0.056068122	-0.1104942
0.3524391	0.85805386	-0.013619661
0.73187864	0.036121488	0.21233958
0.48444098	0.03744489	-0.49182117
0.20540941	0.8999315	0.030087817
0.55322623	0.41363072	-0.44169867
0.3377198	0.71338207	0.18464184
0.386119	0.9719778	0.21037154
0.5793468	0.1101864	-0.45820844
0.19244832	0.47215986	0.2139371
0.626202	0.64504135	0.75785446
0.11626583	0.12733954	-0.31551984
0.6337133	0.4219275	0.6820263
0.73008657	0.5493605	0.85837764
0.6144824	0.5107769	0.42859805
0.6046258	0.8792075	0.14050202
0.15375632	0.12458289	-0.32182676
0.67185134	0.24024898	0.5294474
0.6122635	0.91467774	0.13662902
0.874961	0.7574257	-0.19403179
0.66119957	0.9334576	0.7609472
0.21326339	0.39009112	0.35619846
0.33410782	0.43167102	0.5722435
0.45887935	0.6406675	0.032365855
0.52164876	0.106487274	-0.68730897
0.39921963	0.4954114	0.004193863
0.7030736	0.9991542	1.0026652
0.7570791	0.67839473	0.7939236
0.45481908	0.805851	0.26502883
0.16296893	0.29179794	-0.076586545
0.9702401	0.30398047	-0.9318077
0.62157327	0.48658282	0.48407167
0.72759366	0.12976062	0.05722226
0.84189993	0.7487477	-0.22092696
0.94497883	0.29549628	-0.13919139
0.6718475	0.25742346	0.6666954
0.9758345	0.12404829	-0.671074
0.013740957	0.60027707	-1.1574363
0.16924232	0.18778718	-0.16029982
0.91517	0.054997742	0.616713
0.120646894	0.36212146	-0.1386285
0.7861006	0.2902615	-0.6284086
0.6157566	0.6258933	0.58792764
0.39075065	0.41326898	0.12658137
0.3529582	0.6869469	0.17923525
0.83094895	0.80770665	-0.02961753
0.08411044	0.26386195	-0.2757617
0.88780767	0.62548536	-0.23642895
0.74249816	0.37760538	0.059089184
0.7179842	0.5015966	0.87605363
0.52478105	0.7541747	0.03745932
0.45878923	0.7352694	0.105623625
0.8786316	0.6681931	-0.21082714
0.7532335	0.97424686	1.1073469
0.8339168	0.882151	0.11538434
0.22372568	0.049663365	0.558322
0.2829721	0.29827106	0.75180614
0.8674573	0.21590179	0.23620471
0.6736924	0.5424216	1.2961138
0.8822511	0.062186718	0.45757937
0.9089105	0.8993981	0.31199363
0.16099596	0.8837026	-0.015444903
0.76900125	0.73245525	0.73274523
0.80544	0.6473037	-0.08212735
0.7730461	0.40797138	-0.35837802
0.13828933	0.0063379407	-0.39142326
0.5534203	0.12954533	-0.60680836
0.85592836	0.18083793	0.06774249
0.06328821	0.11858082	0.015040405
0.9196907	0.7430767	0.053241957
0.77016693	0.5447909	0.110923424
0.14768648	0.24499476	-0.27552316
0.7733016	0.9257771	0.955182
0.7830273	0.45008504	-0.390184
0.111258745	0.7667189	-0.040097497
0.8671817	0.88426733	-0.042191215
0.5406061	0.5345133	-0.2542059
0.5608163	0.28866	-0.4620282
0.29168397	0.77562535	0.13536777
0.7293649	0.5209044	0.7557467
0.13930345	0.5331473	-0.009910347
0.2408812	0.833247	0.18604717
0.329876	0.2795896	0.7049533
0.055687368	0.98664093	0.12255433
0.6251667	0.48677576	0.5422872
0.60565543	0.25263673	-0.020061154
0.8634718	0.43405312	-0.22661214
0.4795801	0.049031854	-0.48501036
0.939024	0.88112533	0.63701785
0.5005703	0.7739702	0.16442405
0.11455423	0.72494936	0.00909913
0.79427654	0.28886777	-0.6932818
0.98337495	0.39595556	-1.3930968
0.4429354	0.44508374	-0.16504136
0.06407148	0.8706899	0.040175583
0.6336741	0.2353732	0.29533008
0.18924397	0.19808131	0.17070545
0.41911167	0.3797475	-0.11316698
0.42347866	0.90994245	0.24351077
0.45476115	0.2186107	-0.25064495
0.7465173	0.9789451	1.1672193
0.548133	0.87023014	-0.08065158
0.9148901	0.31734353	0.2145481
0.8127676	0.90939385	0.4261312
0.5348029	0.38418818	-0.4232359
0.7575477	0.9904148	1.0983435
0.0819695	0.54428756	-0.25516605
0.10478574	0.14954609	-0.25162995
0.67449784	0.26480204	0.63428587
0.21276188	0.6840574	0.39928868
0.70784837	0.9535087	1.1971861
0.48997664	0.9734879	0.27721986
0.27439255	0.89897585	-0.05122377
0.6913752	0.25296926	0.56216174
0.733962	0.76022726	1.3644027
0.20524353	0.021333456	0.37868425
0.4126668	0.968035	0.30245662
0.86162627	0.7640401	-0.21173255
0.42744648	0.5310986	-0.12048097
0.96002865	0.71793824	0.008046057
0.88905597	0.012175739	0.48534277
0.11490691	0.9689053	-0.15680045
0.11266959	0.4408012	-0.21305439
0.65280455	0.55706656	1.130624
0.81680346	0.03355807	-0.37127852
0.19619644	0.64173216	0.32436353
0.1077255	0.39457333	-0.18058677
0.737301	0.588132	0.85674095
0.62394637	0.6867814	0.7927587
0.5551621	0.5862419	-0.25673681
0.36917597	0.86641395	0.0119839795
0.42293102	0.18642801	-0.008562978
0.08110595	0.77852964	-0.04459359
0.1735264	0.73211753	0.22160617
0.655342	0.9487561	0.541445
0.41216046	0.23006523	0.014518183
0.70405006	0.25399333	0.39359024
0.56963825	0.3489104	-0.35908413
0.58311707	0.05383855	-0.4908883
0.8329876	0.037171245	-0.30954388
0.40798867	0.8798689	0.16868976
0.86100936	0.11496109	0.16749087
0.09852034	0.4783694	-0.17065765
0.51109564	0.85006666	0.06900771
0.90316546	0.93663615	0.38384634
0.6302834	0.702652	0.8921691
0.9909308	0.92999303	0.95235497
0.01677674	0.80105346	-0.6549845
0.009234369	0.8471032	-0.63230026
0.091212094	0.954372	0.01902169
0.021692872	0.89473337	-0.29717904
0.33578092	0.74347633	0.16468926
0.35970223	0.76434326	0.04365187
0.95767105	0.84958935	0.6397766
0.71212244	0.9410976	1.2950685
0.7905995	0.27237397	-0.6354514
0.8394726	0.085338354	-0.15588233
0.47445303	0.16005433	-0.3971146
0.7261718	0.42293888	0.45150182
0.12950212	0.042815626	-0.37314835
0.038880408	0.43954378	-0.6673172
0.8726585	0.9473337	0.113233924
0.32974952	0.1952256	0.66288584
0.16060084	0.8369058	0.056072827
0.2283786	0.9845333	-0.09604521
0.2007944	0.4665535	0.38025022
0.56472445	0.1531471	-0.5630928
0.08814186	0.042597055	-0.13529137
0.54699236	0.97698873	-0.071792975
0.8049741	0.85005695	0.4434191
0.41964853	0.5303598	-0.16199756
0.2801093	0.63629353	0.44409516
0.036358416	0.6723141	-0.5859601
0.364186	0.47222048	0.3076991
0.69389504	0.981873	0.9600344
0.08703601	0.32450217	-0.26563987
0.22178787	0.35566866	0.39458326
0.00500381	0.3967226	-1.1311616
0.56759876	0.9155195	-0.12385325
0.077839375	0.09092802	-0.030682879
0.9764941	0.7541776	0.052761476
0.8113975	0.64708394	-0.10018839
0.82977414	0.081626475	-0.23610783
0.2904141	0.95269126	-0.134211
0.12283349	0.4672671	-0.15336928
0.3705445	0.79686415	-0.008287806
0.6718922	0.6554352	1.5211216
0.5807903	0.14980721	-0.4161654
0.87411547	0.24184865	0.33568576
0.04027134	0.9484442	-0.07615353
0.5420416	0.3788436	-0.3934031
0.2729411	0.5246889	0.49810594
0.069877386	0.44631404	-0.3391496
0.0661394	0.20157772	-0.080754206
0.3993619	0.46425325	0.022776185
0.33907092	0.4844907	0.48464262
0.011622012	0.39136428	-0.9679926
0.21205717	0.94285375	-0.07492914
0.23464888	0.40567112	0.5358293
0.9703657	0.69705623	-0.19672038
0.2523753	0.84988785	0.12752129
0.7362442	0.06286168	0.08441856
0.8494718	0.86403704	-0.030420998
0.5722723	0.3361377	-0.41682297
0.8804582	0.4369263	-0.064775124
0.83569413	0.2882589	-0.37056223
0.27795434	0.43496358	0.690051
0.7904836	0.38882977	-0.57630897
0.821986	0.9538132	0.41513538
0.11849338	0.58566236	-0.085295245
0.38384128	0.46873057	0.10534078
0.7034675	0.5166348	1.0773821
0.37791002	0.0879643	0.3629008
0.86174566	0.6677332	-0.2958917
0.04306847	0.3914941	-0.5401778
0.49209315	0.6252294	0.012656793
0.34437722	0.7039629	0.15780298
0.021201015	0.8220043	-0.46553946
0.8233828	0.89269704	0.29610664
0.1969558	0.38510466	0.24462451
0.07931185	0.09615606	-0.07615039
0.78342843	0.9965681	0.9475556
0.60966814	0.97049457	-0.118608795
0.047718525	0.25419056	-0.2577083
0.56532013	0.45156115	-0.37880385
0.12556446	0.35420752	-0.21205041
0.9484354	0.1961292	-0.037883244
0.2455303	0.14217079	0.6467321
0.72343725	0.48813117	0.75659543
0.984817	0.12002444	-0.88149357
0.5224344	0.6579487	-0.07930479
0.32800484	0.029276013	0.69313437
0.15828204	0.37621647	-0.07003487
0.9431817	0.3661235	-0.28168494
0.41238028	0.4539731	-0.07327284
0.759603	0.43412483	-0.09429308
0.9846474	0.5490598	-1.082953
0.44810134	0.74229854	0.0663608
0.26383162	0.7453076	0.2843057
0.8726231	0.69017255	-0.30682534
0.84220564	0.9213878	0.08415106
0.59662664	0.8878442	-0.010459222
0.57022905	0.5517412	-0.19927368
0.45592862	0.8591142	0.2833594
0.99975276	0.8904223	0.6134929
0.16980165	0.04342681	-0.12731062
0.895862	0.17206287	0.5875702
0.47715408	0.90292335	0.37524995
0.6927806	0.48797315	1.1506778
0.045739233	0.21586287	-0.2154454
0.2918331	0.42057455	0.7267659
0.7276952	0.3094086	0.15233701
0.022698581	0.76593965	-0.64777565
0.8758567	0.14219487	0.41476277
0.64484274	0.21102065	0.41461268
0.5879804	0.16751653	-0.3176021
0.27423507	0.4868337	0.5931136
0.6027346	0.41054887	0.052301336
0.6902868	0.3564608	0.75039107
0.8859728	0.8927535	0.0853514
0.58677465	0.5509728	-0.023353463
0.6046406	0.49709415	0.20876071
0.4802431	0.37467986	-0.3628054
0.54632217	0.9553074	-0.06915541
0.72557324	0.2860971	0.17192519
0.2450574	0.61799866	0.4045098
0.16315675	0.47950637	0.113971286
0.9361068	0.4902184	-0.24385689
0.657913	0.71581805	1.340978
0.4730491	0.48510724	-0.22098991
0.7707075	0.49358898	-0.05310785
0.9368998	0.027694106	0.41144148
0.9458447	0.33289838	-0.3154225
0.48260617	0.37419838	-0.29418147
0.7898249	0.7807601	0.52748275
0.6959236	0.32108212	0.5998239
0.2906617	0.52387595	0.58838964
0.44805944	0.59876466	-0.107110314
0.35003406	0.24182397	0.5519341
0.033758283	0.8958523	-0.2273457
0.3153267	0.60996914	0.36539268
0.3783813	0.31517327	0.23567066
0.27212006	0.3761602	0.642167
0.6724036	0.24176991	0.62455684
0.82667375	0.23057032	-0.41684783
0.13977927	0.26632726	-0.2687058
0.9301565	0.83379084	0.37584275
0.67450875	0.15609443	0.598436
0.39332652	0.6807968	-0.007114796
0.28424805	0.08589953	0.83607346
0.64149123	0.2242639	0.41362053
0.6772479	0.79497194	1.474801
0.5260068	0.85736924	0.07316968
0.7227748	0.3824901	0.376172
0.6550177	0.066963494	0.57350713
0.8180618	0.32048428	-0.61154985
0.7648296	0.26385534	-0.47743773
0.110119045	0.03591001	-0.30944186
0.95914865	0.6399543	-0.36795923
0.20311385	0.4086212	0.34987664
0.36200672	0.72397226	0.08047524
0.09669691	0.22673994	-0.24208051
0.4584039	0.71932757	0.16696343
0.9573005	0.7401692	0.077791035
0.5263335	0.921522	0.06173982
0.2905317	0.36360133	0.7303971
0.26879418	0.49722332	0.53920674
0.96673393	0.24042928	-0.7156982
0.4524271	0.20482141	-0.27659476
0.5583997	0.36200893	-0.47816965
0.51474404	0.5855681	-0.1226632
0.8181479	0.6060758	-0.31858054
0.4882666	0.766384	0.14049584
0.49690932	0.13671291	-0.47502896
0.94766253	0.11278957	0.12650135
0.4617955	0.10410833	-0.28885502
0.6241718	0.6385109	0.7457788
0.13969547	0.05629176	-0.3892818
0.065175295	0.22343504	-0.08924137
0.7713532	0.29009032	-0.5370494
0.13051987	0.069131315	-0.3875742
0.72384006	0.45546687	0.6568572
0.40645355	0.9378648	0.2628518
0.4525993	0.7370435	0.098358855
0.5860976	0.08296913	-0.416656
0.61997044	0.45631915	0.4587842
0.0053507686	0.07246947	-0.17324032
0.24467462	0.31816643	0.5382296
0.7534796	0.078074396	-0.208721
0.45751238	0.7969348	0.1935048
0.29475218	0.42356294	0.669409
0.39693677	0.3911609	0.017852083
0.7534631	0.4867187	0.18008439
0.5526551	0.83078533	-0.04818552
0.543828	0.08429307	-0.70736647
0.1769439	0.22017127	-0.08550075
0.6916149	0.26934803	0.61885965
0.7368755	0.592882	0.833662
0.122130275	0.9793973	-0.2087208
0.7215709	0.5488963	1.0638863
0.06794876	0.25380385	-0.13983867
0.91255563	0.60162616	-0.14020179
0.3200276	0.75596917	0.15354471
0.26487613	0.5675937	0.5334762
0.85349065	0.17657691	0.020864904
0.88542527	0.6139287	-0.2352421
0.010068536	0.69015354	-0.9800322
0.96400726	0.06336051	-0.21443391
0.645971	0.010542572	0.47813383
0.72145706	0.9015275	1.4048014
0.29824406	0.48812777	0.58519715
0.45488155	0.9721879	0.33315268
0.73865354	0.41179973	0.22358836
0.8800044	0.32645684	0.13681805
0.8063986	0.23252273	-0.6278492
0.88705975	0.7819958	-0.061892975
0.5663373	0.9373498	-0.19608486
0.45952922	0.5075775	-0.14100973
0.75409204	0.8580752	1.1492599
0.18712747	0.8673726	0.03721738
0.3407076	0.52565026	0.43966293
0.89486295	0.9633806	0.24080889
0.5151089	0.42528462	-0.29947853
0.3153783	0.5183809	0.562621
0.9806507	0.3498631	-1.2666801
0.16289127	0.111297965	-0.24687287
0.26371485	0.2791143	0.6344742
0.8234182	0.4066218	-0.54124963
0.049326062	0.9692304	0.13228214
0.37214738	0.24378604	0.39504305
0.83342946	0.42196864	-0.48631594
0.72869027	0.6559575	1.252422
0.0446676	0.7428977	-0.39428538
0.5179739	0.88820994	0.14888562
0.21082968	0.21735573	0.24810898
0.9852555	0.094194055	-0.73130816
0.11765438	0.3397088	-0.24880894
0.29389036	0.0320518	0.8048612
0.10013628	0.29451346	-0.23958339
0.7732926	0.05946076	-0.36321262
0.534843	0.6543022	-0.023654416
0.67886144	0.79956675	1.4369012
0.7918511	0.2876522	-0.7009008
0.45262223	0.65749645	-0.08102704
0.5605762	0.24325484	-0.49251825
0.94069135	0.5858369	-0.2332178
0.64542437	0.23010594	0.47181353
0.10548967	0.27011973	-0.25748917
0.36951613	0.030767739	0.46152622
0.84351677	0.24127132	-0.18234465
0.06803417	0.80672324	-0.085283786
0.18264043	0.2757786	0.07608058
0.41807812	0.8378372	0.11415097
0.5172067	0.92915565	0.13163824
0.27060223	0.3493631	0.6714973
0.8816357	0.70631546	-0.20089722
0.45285416	0.03988129	-0.265326
0.7084183	0.34738028	0.57786465
0.16162711	0.6106221	0.19304578
0.85903573	0.6119827	-0.3339607
0.39522356	0.26189858	0.20104209
0.9396147	0.7273892	0.10076536
0.023569286	0.83731264	-0.48027676
0.7728067	0.8296845	0.93971425
0.61791015	0.9784846	-0.038480446
0.13891912	0.0037974715	-0.4079822
0.37077487	0.06618363	0.45994222
0.43187988	0.77546346	0.15323596
0.6705626	0.8575914	1.1857381
0.72366214	0.7280107	1.3474637
0.7931603	0.86429596	0.6419335
0.43353212	0.61980253	-0.037268806
0.21521074	0.86060137	0.10461928
0.08782339	0.44083506	-0.24871476
0.021637678	0.09552902	-0.014468543
0.55340743	0.31590128	-0.50237685
0.041107595	0.12201476	0.026064344
0.9890549	0.66655684	-0.62450117
0.7158899	0.6069088	1.2658838
0.64517707	0.41313732	0.81048834
0.3883024	0.887963	0.1868164
0.41546386	0.12981838	-0.023811221
0.9776412	0.9279399	0.9646714
0.3095935	0.46263236	0.64121735
0.9478194	0.93380773	0.8558961
0.50433415	0.5129903	-0.19398168
0.56689376	0.15187651	-0.58747476
0.6139354	0.7101394	0.5322273
0.79325473	0.14588457	-0.5904046
0.68502784	0.7213481	1.5750897
0.37502193	0.46877128	0.16629314
0.84301597	0.95359653	0.17377807
0.78597486	0.9351083	0.89172834
0.59283316	0.5172004	0.03182734
0.50338656	0.11221224	-0.588927
0.70290273	0.02972138	0.5681276
0.3824485	0.16676015	0.33542994
0.064370334	0.20119709	-0.0682876
0.9524576	0.48255235	-0.5485482
0.9483194	0.4927687	-0.48521432
0.0026655197	0.86608285	-0.6720612
0.2929687	0.09843004	0.83231395
0.81674594	0.094349146	-0.42555004
0.26938742	0.78374696	0.16849355
0.52932173	0.4916377	-0.32455066
0.07685006	0.3269779	-0.23034005
0.82999915	0.860078	0.14168659
0.97463524	0.42823637	-1.1223527
0.5467343	0.38513345	-0.4930946
0.75008017	0.385189	-0.053554416
0.020263731	0.27217698	-0.5712704
0.5000094	0.54477495	-0.22112313
0.80703706	0.5890961	-0.2857154
0.11833501	0.2768603	-0.24421924
0.79180634	0.34744012	-0.7285089
0.5313629	0.9061299	0.008686993
0.08462155	0.5493871	-0.22146417
0.39196873	0.3009565	0.16009183
0.3098032	0.7382212	0.23592655
0.87257224	0.86402243	-0.035934262
0.6407385	0.2918203	0.5127743
0.37082464	0.83509934	0.04640732
0.23157346	0.103114426	0.56730705
0.5933505	0.98104894	-0.18661125
0.6833832	0.32336414	0.7195168
0.8787862	0.79235363	-0.14249434
0.9484238	0.51634246	-0.4705378
0.83628476	0.13025403	-0.22525065
0.042517006	0.52774847	-0.6558367
0.82214797	0.50653	-0.4360392
0.2253902	0.2668149	0.4525268
0.21095127	0.5477809	0.4462282
0.81016606	0.56887895	-0.3099498
0.8864404	0.6137847	-0.21220551
0.25752813	0.46171975	0.6100815
0.008471012	0.78533095	-0.8393874
0.8764563	0.5408241	-0.25022176
0.6061699	0.62618333	0.43095875
0.018339634	0.98758996	-0.26807642
0.8117299	0.431522	-0.59502286
0.53832215	0.35936487	-0.44405755
0.91068304	0.71820277	-0.042738363
0.044937372	0.21714973	-0.13261046
0.22131813	0.10879636	0.4576204
0.7307701	0.60716367	1.0396476
0.33313888	0.12078905	0.6510817
0.32125884	0.9302424	-0.10089402
0.7354874	0.1572159	-0.013164297
0.59955674	0.71881455	0.3321078
0.07895577	0.035838366	-0.02109887
0.8725281	0.75724614	-0.20901778
0.35795957	0.05835682	0.5307228
0.007938087	0.65169275	-1.1216727
0.12586981	0.8849632	-0.03250892
0.2466588	0.8053865	0.22496662
0.32888943	0.57377046	0.5185882
0.26786417	0.10073829	0.80511045
0.78742146	0.5686101	-0.104633406
0.08682877	0.73014355	-0.04406605
0.5954821	0.65450233	0.206284
0.5341071	0.38433814	-0.49707007
0.70246917	0.9569469	1.1513656
0.5730151	0.7851246	-0.06677476
0.53614616	0.040231884	-0.7602024
0.18401551	0.80412847	0.19535293
0.49113655	0.9876004	0.26697174
0.30720752	0.27459705	0.701945
0.638755	0.429757	0.7015186
0.5572179	0.8511768	-0.0053198785
0.9936822	0.35546803	-1.7470865
0.60071236	0.3183933	-0.104261
0.3687834	0.8091031	0.043921646
0.6235924	0.30713785	0.3024172
0.16729659	0.41217	0.059352063
0.76081216	0.11325109	-0.36129004
0.9569426	0.3142715	-0.5408424
0.83850485	0.6375301	-0.30556014
0.44343752	0.5291534	-0.13620141
0.2532496	0.8849876	0.07522347
0.081332386	0.10995573	-0.16281843
0.007053256	0.061933458	-0.090764984
0.6370955	0.66411287	1.009334
0.0039821267	0.07731819	-0.17297688
0.73074234	0.16458899	0.066832885
0.82056874	0.41638958	-0.61624044
0.5954087	0.48975486	0.08612946
0.84166974	0.38090336	-0.4050257
0.15368253	0.14540356	-0.31174946
0.63857996	0.46124202	0.81935924
0.53590566	0.6728443	-0.12542313
0.012796521	0.6435349	-1.0743085
0.17366982	0.21273667	-0.03330979
0.19072479	0.5388342	0.30525494
0.6310702	0.18241471	0.24757627
0.8410904	0.13958412	-0.12968746
0.82047147	0.92652965	0.37724227
0.16056097	0.07038742	-0.21581222
0.6876834	0.38023072	0.81656164
0.71236736	0.51806337	0.99356365
0.4072559	0.34213078	-0.039527893
0.060832083	0.50032014	-0.47187757
0.33223474	0.7735694	0.07461316
0.27018863	0.14170343	0.83970034
0.39359725	0.18477154	0.20206122
0.8357672	0.931581	0.1954339
0.07492435	0.18044633	-0.055657346
0.29112852	0.47392726	0.58492655
0.005639851	0.83540857	-0.73604256
0.3599099	0.04951358	0.52450746
0.27064508	0.9983005	-0.15741026
0.36423045	0.31699443	0.3988272
0.22500801	0.44106227	0.39435726
0.5562422	0.088665366	-0.6262336
0.38906175	0.86916876	0.11678742
0.45554525	0.8544032	0.25251642
0.5479024	0.7911241	-0.02853901
0.61498326	0.8688163	0.3159179
0.5874872	0.07798064	-0.40194294
0.601641	0.2523486	-0.115714945
0.17411274	0.8187035	0.10458963
0.36106837	0.59264237	0.22196826
0.57301444	0.54472053	-0.18771501
0.4701969	0.98214185	0.28798658
0.25796777	0.9303624	-0.05033614
0.4429297	0.84085494	0.27287155
0.3082286	0.27369833	0.8253853
0.8322014	0.6111979	-0.3766398
0.6294161	0.78697497	0.700753
0.7749504	0.1788004	-0.6083369
0.94260335	0.16924113	0.14433658
0.9179074	0.024577737	0.57230663
0.8058376	0.58581734	-0.26096478
0.77562237	0.72971314	0.61032206
0.017552078	0.21471268	-0.40037006
0.55797845	0.34243613	-0.45063686
0.7575346	0.40042418	-0.14300604
0.80096555	0.33803076	-0.67235017
0.45881855	0.44207692	-0.18024203
0.49239373	0.19834489	-0.42278546
0.607635	0.80579245	0.35016394
0.5824844	0.44758385	-0.192523
0.2846769	0.12898993	0.74927694
0.8171854	0.65036523	-0.21055347
0.25375086	0.93699974	-0.057900976
0.9186664	0.95349854	0.61067194
0.71135193	0.15200388	0.30606157
0.9977586	0.57714355	-1.2903867
0.21544111	0.9528522	0.0017173663
0.5531824	0.33292484	-0.52322817
0.47790283	0.6609637	-0.00024069846
0.94227725	0.09669745	0.25504705
0.8591235	0.08787817	0.17361672
0.37431055	0.28933144	0.33027643
0.19056457	0.52092576	0.31193495
0.43672293	0.97623324	0.34398487
0.64817953	0.8510924	0.8987813
0.818154	0.4093188	-0.5765739
0.94262195	0.10440838	0.18243748
0.7714133	0.6986503	0.65135634
0.36079186	0.25267994	0.46526957
0.54270566	0.17852771	-0.5866059
0.4535017	0.7594593	0.13591287
0.84127617	0.96765804	0.25261918
0.6901154	0.89881605	1.2498804
0.4907413	0.90415615	0.25247312
0.76145744	0.45618892	-0.16407576
0.23567295	0.39790785	0.46950328
0.5498068	0.5233775	-0.3372109
0.61333615	0.98737097	-0.09701908
0.17731297	0.12421775	-0.04789736
0.83890843	0.8657663	0.07762715
0.51154065	0.80681044	0.10848743
0.4072597	0.27015305	0.036462773
0.85885805	0.030294418	0.1078941
0.1828115	0.90872896	-0.02268548
0.5520428	0.6940729	-0.092598684
0.20454597	0.8757166	0.08273035
0.21061862	0.9713865	0.014771976
0.9237476	0.6429034	-0.112135775
0.915432	0.6023291	-0.19363183
0.319214	0.16169816	0.75346315
0.9393166	0.389808	-0.25094205
0.8973985	0.0025349855	0.55064523
0.7984146	0.54236263	-0.32045975
0.31483448	0.84573364	0.007968991
0.5979366	0.203264	-0.21660987
0.79110664	0.3232783	-0.6947195
0.64966655	0.34369785	0.656467
0.67398345	0.34306324	0.76958394
0.3239174	0.47962773	0.62171817
0.099377215	0.76685673	-0.04970987
0.26213545	0.47693044	0.58424145
0.18062723	0.60826135	0.29112223
0.29145813	0.012457907	0.8745707
0.7610954	0.69266057	0.8028187
0.9579389	0.23427695	-0.47538155
0.979365	0.8551195	0.62434596
0.13359684	0.63645184	0.032396883
0.87641364	0.21315086	0.39477465
0.6998261	0.9505157	1.1405909
0.6786831	0.69784844	1.5481986
0.8016527	0.33995575	-0.66499317
0.9104223	0.35701364	0.21843821
0.9036688	0.8976202	0.2713604
0.4444486	0.3591544	-0.20010842
0.31510824	0.19264686	0.7104714
0.32815182	0.6741318	0.28117108
0.3953069	0.68596154	-0.033239298
0.35383797	0.57155627	0.2635506
0.23837739	0.17553443	0.6517718
0.18737149	0.35349125	0.16869658
0.26810074	0.42697924	0.61460847
0.8088357	0.124106586	-0.54510105
0.3770033	0.6976809	0.08109975
0.51043284	0.47552127	-0.30290064
0.82699364	0.27966934	-0.46138757
0.9000017	0.43776745	0.054361977
0.85947996	0.5420616	-0.39540458
0.79787	0.07004917	-0.54119045
0.7344598	0.34990227	0.15899414
0.21910149	0.1493029	0.42372438
0.2927158	0.70955133	0.2804396
0.8991952	0.7165891	-0.08719762
0.6251121	0.17026973	0.21693653
0.04391694	0.85646963	-0.18163238
0.8715402	0.8011415	-0.15090568
0.9030182	0.00885421	0.48416772
0.91167194	0.3048604	0.28685644
0.9317764	0.18176323	0.27004692
0.08743805	0.37835085	-0.27085775
0.47125846	0.5052806	-0.15073092
0.07918221	0.07826871	0.014767848
0.67607373	0.40381187	0.97299993
0.027366698	0.017880082	0.17779388
0.9337831	0.4368109	-0.21650684
0.7971764	0.99254143	0.7322835
0.21532482	0.45152634	0.35628238
0.81324315	0.9087954	0.40025344
0.3459841	0.14488405	0.58652365
0.83860916	0.77559435	-0.107063666
0.6344772	0.46670502	0.6817541
0.32298803	0.9848677	-0.106393814
0.032701552	0.18310952	-0.16190591
0.4149363	0.94538826	0.31449804
0.41578406	0.69647074	0.07064581
0.24330968	0.6420532	0.46364465
0.5609079	0.5232262	-0.24179627
0.24811012	0.38675213	0.58616376
0.49219465	0.79941523	0.2264148
0.048702657	0.62701464	-0.47531062
0.70927674	0.024849832	0.5005187
0.27923727	0.7871216	0.19773974
0.41697097	0.21999806	-0.01170449
0.36076373	0.017306209	0.45649302
0.7881887	0.43487877	-0.4232011
0.20615941	0.39825213	0.31062272
0.67230284	0.27605993	0.70455384
0.05529076	0.7428296	-0.26699036
0.63127494	0.5397188	0.7638543
0.70338047	0.12558258	0.44703305
0.20548034	0.23103982	0.2196905
0.71291506	0.5951234	1.2690814
0.5547377	0.80631614	-0.025675325
0.22243643	0.8160766	0.24006215
0.91836387	0.2025773	0.4667805
0.71875775	0.8094104	1.4844117
0.527017	0.48512506	-0.33504206
0.018509865	0.37933528	-0.9509593
0.19976628	0.6136963	0.38990393
0.896319	0.20645356	0.5501612
0.53783464	0.31496412	-0.51554245
0.28674883	0.6071704	0.45697346
0.73966503	0.25592232	-0.17434794
0.69644874	0.9520901	1.0984741
0.1504255	0.23873943	-0.25356054
0.103473365	0.98535484	-0.09335366
0.6912902	0.54877603	1.3342835
0.15213925	0.7565012	0.09926236
0.34987015	0.9786122	-0.05103817
0.30134487	0.7993969	0.094398595
0.8847197	0.18702906	0.5145444
0.23498851	0.84497255	0.12201624
0.9406343	0.23049837	0.07260414
0.54589427	0.41652977	-0.42753568
0.7049882	0.73800594	1.6040819
0.25887758	0.993832	-0.19308235
0.40878928	0.8840035	0.19606245
0.5658433	0.13564092	-0.51081127
0.5440313	0.14058894	-0.5839227
0.22991991	0.052923143	0.6003601
0.98799056	0.018528104	-0.59978956
0.9665475	0.79770756	0.3353511
0.24446148	0.76390296	0.28572458
0.8888209	0.1642353	0.5769589
0.22690588	0.5333705	0.4486727
0.045486927	0.35762	-0.4825579
0.27282166	0.4245221	0.6033633
0.8892697	0.82365775	-0.0335033
0.25635254	0.8270369	0.14255463
0.64845645	0.045393467	0.49183115
0.78814965	0.66880304	0.20830731
0.86859196	0.58934903	-0.3050595
0.71841973	0.73954505	1.4702524
0.9103185	0.33260685	0.23086098
0.054622114	0.46262622	-0.4360132
0.42727035	0.9781367	0.27928442
0.97093433	0.47351152	-0.985433
0.26902252	0.37292093	0.61288565
0.0149431825	0.6548773	-1.0134606
0.8032466	0.28867817	-0.6782453
0.12990439	0.24617916	-0.3085835
0.008068502	0.29856813	-0.7800004
0.90060645	0.55149597	-0.1425893
0.8609126	0.16423935	0.17972754
0.41989398	0.53408647	-0.10035635
0.8990717	0.6212218	-0.11985542
0.21457809	0.19511563	0.3238506
0.5599771	0.25345784	-0.5160922
0.62081575	0.5723276	0.6035186
0.6148616	0.0023615956	-0.099439085
0.42961252	0.16891468	-0.08263883
0.36642087	0.7728013	0.040575996
0.023067236	0.59311205	-0.9034458
0.4517395	0.8460892	0.28900576
0.740351	0.71692497	1.1596301
0.7744413	0.18612254	-0.6143683
0.110091805	0.1886037	-0.29818943
0.80121636	0.40155274	-0.5823771
0.6340139	0.45325083	0.68037635
0.009228647	0.9379105	-0.44250134
0.32552433	0.79052377	0.05000446
0.86457884	0.15447104	0.30312043
0.29029024	0.9103374	-0.13087873
0.28009123	0.029450536	0.8820259
0.896139	0.48387635	-0.051769365
0.41334403	0.42272598	-0.054142658
0.8372564	0.6816229	-0.27442452
0.10576677	0.087111354	-0.26187077
0.13331723	0.87937295	-0.11184028
0.2833702	0.1514793	0.88704294
0.028325915	0.7911822	-0.48892137
0.9274004	0.15815198	0.39672107
0.33979237	0.801553	0.06050192
0.5148542	0.6114679	-0.106640756
0.43108296	0.13065106	-0.072918855
0.31747812	0.6740349	0.31400263
0.28177547	0.7352864	0.2507384
0.46950084	0.19088286	-0.29926795
0.51208	0.6928709	-0.05980007
0.54115415	0.52743524	-0.35727724
0.61967313	0.80547565	0.51629776
0.46910167	0.6558714	0.051685303
0.6524042	0.6902843	1.230991
0.76381046	0.37989444	-0.24767484
0.3428157	0.9011453	-0.03296845
0.66518587	0.58148485	1.3568901
0.13507599	0.5282702	0.0105512105
0.119015396	0.79158175	-0.034314588
0.8294355	0.9288379	0.22962785
0.7686507	0.699958	0.6690658
0.4563437	0.9651473	0.35522982
0.020005882	0.45089203	-0.94475347
0.99025285	0.7666517	-0.003311094
0.32746178	0.9177591	-0.059213914
0.116752565	0.2708032	-0.2795552
0.9475063	0.50600505	-0.4296771
0.4679212	0.40890318	-0.24309455
0.51832545	0.6540275	-0.07204399
0.64717627	0.6998634	1.1524235
0.497047	0.68139815	0.03944382
0.28567648	0.7106361	0.28317857
0.50248843	0.28448343	-0.41615444
0.10167438	0.31074262	-0.21007676
0.77704597	0.54827917	0.0017665029
0.69615936	0.55410933	1.2883463
0.091612875	0.76009643	-0.059272893
0.82722163	0.45063525	-0.49710274
0.8189322	0.80061716	0.12877695
0.38889074	0.17810881	0.26309857
0.37185162	0.6445163	0.08257833
0.26434517	0.55530536	0.5103824
0.7112061	0.5811937	1.2610881
0.6685906	0.9993843	0.600952
0.11381763	0.65868723	-0.06366322
0.41167402	0.9778032	0.2943931
0.8422951	0.5031722	-0.45157865
0.9280688	0.45002943	-0.10096817
0.4885674	0.8475349	0.27328485
0.8976547	0.37713838	0.16272324
0.57016087	0.33687818	-0.44007677
0.7804045	0.9215861	0.97381485
0.87544185	0.014407575	0.36384326
0.94591284	0.09052104	0.23034278
0.44006503	0.9559521	0.3588778
0.18992609	0.3052597	0.13509084
0.64634544	0.49553615	1.0142004
0.060607493	0.7038205	-0.27481604
0.35512644	0.53390855	0.3305142
0.41599447	0.96303904	0.22614455
0.6431809	0.8946705	0.58521134
0.9104972	0.08870578	0.6322359
0.94664323	0.35381734	-0.34076002
0.8259101	0.40043318	-0.54898906
0.6569393	0.010353148	0.5906989
0.8747011	0.09968656	0.48263246
0.38542235	0.07663381	0.29445958
0.8115167	0.43766248	-0.554991
0.7337196	0.19597888	-0.06587866
0.10352194	0.9518968	-0.046320293
0.8605742	0.69061404	-0.32163334
0.21040887	0.1147787	0.31646404
0.5477667	0.52300376	-0.3317215
0.9679082	0.9495298	1.1319786
0.40551907	0.28028518	0.06665756
0.62651426	0.5327677	0.6643489
0.48848647	0.1850841	-0.4123645
0.00878793	0.67493904	-1.0623329
0.80472606	0.6256036	-0.1278388
0.23203653	0.84688306	0.18617955
0.2929281	0.2925629	0.75336593
0.5473389	0.60455894	-0.23467776
0.72210824	0.4476388	0.6381291
0.113226	0.17878652	-0.29186806
0.29729152	0.62196577	0.4284747
0.32762396	0.16178215	0.7112032
0.2800566	0.9948408	-0.18394214
0.40279597	0.9575646	0.20059684
0.546444	0.73727316	-0.08040375
0.9075385	0.06259102	0.60562086
0.25174314	0.2352007	0.63563514
0.9383295	0.17922008	0.1688649
0.0066218376	0.51440006	-1.257554
0.34256637	0.51791036	0.4128457
0.4303136	0.3023501	-0.14423805
0.43486655	0.8583868	0.23974952
0.12210184	0.3098151	-0.19888517
0.4980942	0.45634568	-0.31201243
0.4211219	0.21483272	-0.12506276
0.79050416	0.44233775	-0.44844973
0.6434641	0.18706441	0.4055035
0.98507714	0.58504426	-0.97423154
0.974548	0.46597534	-1.1191765
0.089266956	0.49366033	-0.21635467
0.5696066	0.03268659	-0.63454884
0.50937057	0.105180204	-0.5844173
0.053095937	0.91257	0.022872785
0.9420953	0.3488763	-0.23706385
0.44239157	0.3778999	-0.26572394
0.54894173	0.19485152	-0.5546517
0.3709677	0.6599419	0.13115174
0.7731342	0.7336511	0.6657404
0.40937924	0.039520025	0.08865937
0.16028637	0.8431467	0.0480655
0.03708887	0.8703743	-0.187949
0.83861464	0.8401634	0.021552127
0.9729231	0.4821477	-1.0187974
0.27411586	0.42013955	0.6434645
0.82744235	0.3500409	-0.52280176
0.53500307	0.5645386	-0.28923702
0.73926497	0.7658408	1.2649977
0.12668747	0.3863238	-0.16568573
0.818781	0.7971613	0.12567486
0.015634894	0.22421843	-0.42815804
0.8995906	0.87439895	0.14112298
0.54271543	0.07716477	-0.65606505
0.8292626	0.6662379	-0.33400676
0.53165996	0.020791769	-0.8355494
0.42433947	0.9596593	0.30290505
0.41320348	0.9634819	0.24982324
0.6758263	0.9467234	0.933092
0.7193652	0.21400917	0.17094016
0.017586708	0.629382	-0.9594438
0.39013684	0.47766083	0.09516457
0.47264516	0.6016102	-0.08715428
0.24212176	0.0022825003	0.79913384
0.354909	0.24081588	0.5349891
0.40843755	0.1690973	0.0306831
0.9562328	0.8881382	0.76900285
0.70358276	0.7442449	1.5604218
0.9160828	0.48571694	-0.08124266
0.46725208	0.16556579	-0.28797844
0.7765157	0.78653395	0.7345807
0.64827055	0.14335036	0.3718781
0.034817994	0.022121012	0.25696564
0.6196358	0.81600356	0.5467563
0.48787856	0.4980601	-0.22122449
0.019581378	0.888549	-0.39645416
0.19531387	0.06668651	0.20822425
0.58848935	0.91659003	-0.05505632
0.4233393	0.9143549	0.288859
0.21640348	0.8327674	0.18231732
0.43915868	0.617398	-0.119574845
0.25173676	0.56801033	0.49242848
0.5781016	0.1362949	-0.4318773
0.4827935	0.9480519	0.41037017
0.2839027	0.91066957	-0.09102299
0.9119387	0.85214823	0.29829466
0.5894125	0.7388753	0.13989553
0.5259893	0.1032514	-0.67110497
0.51945	0.15279114	-0.556867
0.14521074	0.91897666	-0.18364033
0.9886123	0.71693665	-0.3474414
0.71646667	0.8714111	1.4329289
0.73216033	0.8524298	1.3431367
0.8048807	0.6373832	-0.10279253
0.7342801	0.86727095	1.3837309
0.4536265	0.56058574	-0.09572748
0.45375305	0.8860894	0.27845937
0.838678	0.97981334	0.2143247
0.93785346	0.4802729	-0.29234934
0.7845346	0.4426962	-0.48826623
0.17577517	0.4777252	0.21996441
0.2598548	0.536352	0.4739027
0.66946954	0.8969382	1.0618609
0.73116034	0.7777789	1.4085993
0.032344222	0.1518513	-0.12340988
0.9311012	0.9133592	0.68575263
0.39755726	0.20762163	0.15741295
0.28655362	0.35626423	0.7662579
0.04208052	0.71728766	-0.4659379
0.28276223	0.29252768	0.71348834
0.63281274	0.9673342	0.18039098
0.4895506	0.92875445	0.2696641
0.24829787	0.31403863	0.52348727
0.5855519	0.45908248	-0.13380621
0.020448148	0.4898159	-1.0002075
0.9475563	0.34755945	-0.33071712
0.9698843	0.5515906	-0.76551497
0.97597593	0.98344326	1.2535877
0.6120032	0.13572401	-0.06030976
0.7720547	0.09463513	-0.46749178
0.085053444	0.91217047	0.04610205
0.574563	0.21489328	-0.442715
0.7449656	0.3481804	-0.06057
0.092556775	0.31798345	-0.16599098
0.52356213	0.80327505	0.09229464
0.23796737	0.24596083	0.53054094
0.627674	0.9676351	0.054736022
0.6685264	0.36627305	0.8523494
0.65908366	0.6771812	1.4296087
0.6794802	0.98144513	0.7606578
0.9947585	0.102433205	-1.0421172
0.7455848	0.3801548	-0.080002345
0.80231416	0.18321288	-0.65385514
0.91685206	0.040425897	0.62140155
0.32828712	0.48250228	0.540237
0.58566934	0.9533648	-0.19874348
0.06809044	0.52673846	-0.4237797
0.10599315	0.32230252	-0.20199743
0.9417754	0.8255199	0.41863862
0.06717682	0.8475623	-0.061573923
0.5936562	0.08245587	-0.34611234
0.016249359	0.11142492	-0.10086317
0.9647918	0.15526068	-0.4083179
0.35797322	0.6427466	0.17902243
0.92300665	0.047547817	0.5686528
0.06969011	0.71970344	-0.22831187
0.41378492	0.14742947	0.027765526
0.73633504	0.7828802	1.3182607
0.90770364	0.59095204	-0.16948351
0.6036401	0.4830109	0.22605357
0.6675004	0.8457229	1.1654047
0.32030421	0.37881464	0.67175055
0.620429	0.1635117	0.13542938
0.62027955	0.7666738	0.58839184
0.83981067	0.5683312	-0.46352407
0.7855038	0.23030311	-0.63183826
0.048602045	0.6273879	-0.5464891
0.76105267	0.2435537	-0.4717012
0.81230646	0.73376274	0.09991188
0.2379666	0.25865787	0.53932124
0.6841001	0.1929813	0.50707555
0.97195387	0.0490402	-0.3785119
0.518525	0.40893126	-0.37278825
0.7685957	0.69073397	0.59070474
0.5843823	0.1924637	-0.37008798
0.876056	0.035863817	0.33185974
0.7707158	0.6130233	0.34589878
0.9411784	0.35235626	-0.20193124
0.7687893	0.7711708	0.8690433
0.45513976	0.58502555	-0.15314852
0.38355654	0.4661392	0.09619779
0.48211467	0.15372807	-0.34675285
0.82120365	0.16290438	-0.5005392
0.18937057	0.056373	0.13652213
0.92420703	0.8008175	0.24113445
0.89286757	0.36519384	0.23045692
0.81956667	0.49163848	-0.5006289
0.9300002	0.37502086	-0.08650359
0.27002823	0.32775843	0.6605153
0.077270746	0.62396896	-0.2272293
0.6249281	0.14179653	0.18825819
0.16942811	0.091355085	-0.14725046
0.095573366	0.6366602	-0.07023579
0.27763224	0.5036149	0.5651768
0.9759881	0.24673432	-1.0308942
0.2063554	0.19335532	0.24639957
0.26879817	0.1680665	0.6779587
0.4196663	0.48470557	-0.0925635
0.797988	0.3725294	-0.5868186
0.5969139	0.89230925	0.05021058
0.5344881	0.48596048	-0.32831833
0.6590512	0.7086545	1.3690596
0.7877022	0.69594365	0.2744068
0.70129466	0.2307406	0.44248137
0.034136534	0.16329229	-0.101891056
0.08885795	0.3502565	-0.2556127
0.37121886	0.38254058	0.3203509
0.3619148	0.4436162	0.3489262
0.5011345	0.5480614	-0.12449093
0.12277943	0.027801216	-0.36126912
0.9653092	0.10479146	-0.27679774
0.69937414	0.77623767	1.5403844
0.79016787	0.673656	0.20774318
0.559021	0.57218623	-0.22052728
0.04548794	0.13846838	0.076109305
0.32095283	0.043060243	0.76950014
0.7186212	0.05494243	0.31773606
0.36753768	0.6557819	0.11348507
0.99389535	0.91401774	0.8780702
0.23382336	0.0653553	0.68276453
0.13118511	0.61826664	-0.010970183
0.15796965	0.56312853	0.13353147
0.90506166	0.5808522	-0.1557611
0.1540153	0.68185633	0.17120211
0.4394397	0.07085365	-0.1680705
0.04608673	0.93723434	0.031556252
0.7892716	0.32815772	-0.650558
0.9407655	0.12340295	0.2947421
0.15539527	0.75973475	0.13050349
0.06293321	0.5875486	-0.3493559
0.2042858	0.8382543	0.17876375
0.3365451	0.11324382	0.6809396
0.04030001	0.9702511	-0.007008271
0.6627771	0.3468464	0.7525315
0.94552815	0.33672082	-0.29420877
0.58737564	0.75999355	0.06547925
0.39162886	0.01768881	0.2697847
0.81982106	0.6384876	-0.24157564
0.25908494	0.59768796	0.43267444
0.20830601	0.031967938	0.39678884
0.20611197	0.974448	-0.025993176
0.28814548	0.96501124	-0.17734176
0.29472375	0.3283748	0.7003697
0.45977277	0.31660354	-0.28727034
0.61030513	0.6596859	0.46040896
0.7258259	0.66225463	1.239055
0.60204536	0.2471487	-0.087374784
0.57521933	0.39535505	-0.29909608
0.16905653	0.74019104	0.122651815
0.16773897	0.62937397	0.20259245
0.27024853	0.40464115	0.60957676
0.5502211	0.71671873	-0.07118793
0.57153165	0.31915748	-0.42319813
0.88805014	0.12422949	0.5865178
0.15902245	0.93439573	-0.14111306
0.7726928	0.040918052	-0.35002837
0.74238515	0.018001258	0.09051897
0.7682482	0.59282374	0.28101557
0.049831808	0.85510164	-0.11284577
0.5658573	0.17576581	-0.4935282
0.0011917949	0.3285988	-1.0472214
0.6851153	0.62028944	1.4600636
0.65100044	0.22709918	0.5394122
0.7486102	0.3236475	-0.1615161
0.27357888	0.71254385	0.345653
0.80068266	0.12021971	-0.5733775
0.41645354	0.21012819	-0.026902236
0.5234032	0.43712264	-0.36711365
0.89280504	0.044413686	0.5291646
0.48145586	0.35347503	-0.30508843
0.5493982	0.62586856	-0.18357712
0.10175556	0.50514567	-0.18337604
0.6003396	0.95276827	-0.08844284
0.7409472	0.23265916	-0.12375789
0.18095613	0.91991085	-0.033488452
0.29361075	0.14916736	0.7746302
0.4360891	0.27589238	-0.17196874
0.5157824	0.4659744	-0.26279402
0.83801925	0.7206427	-0.22593936
0.560093	0.7914799	0.031472676
0.64609796	0.5464501	1.0596392
0.13598675	0.621982	0.05384249
0.45340198	0.94722474	0.32880786
0.6820144	0.44039673	1.0522331
0.8812994	0.5590626	-0.17901501
0.62192136	0.06233591	0.07375875
0.86150515	0.5744625	-0.31852403
0.03522843	0.62678564	-0.75387216
0.83697236	0.8297358	-0.030751545
0.62487185	0.8431832	0.52904636
0.30336535	0.3854792	0.69565904
0.7187626	0.33232057	0.3767228
0.6073413	0.3303069	0.06311826
0.45492983	0.3702371	-0.23153132
0.6037538	0.22786462	-0.07988627
0.79524726	0.28934675	-0.70153546
0.9261627	0.8091665	0.31366095
0.16612631	0.15313959	-0.18872824
0.7922643	0.33610064	-0.60680497
0.2591744	0.045577645	0.8439882
0.72261316	0.31759518	0.26872298
0.4606465	0.22473538	-0.29582185
0.14529204	0.38106978	-0.097814895
0.47993928	0.7677173	0.20728852
0.14823264	0.34617472	-0.100372046
0.9234006	0.9129222	0.54705805
0.83578694	0.011982739	-0.20597416
0.47414798	0.56202155	-0.10515243
0.8470463	0.4787944	-0.40506765
0.5056698	0.049987018	-0.6509462
0.7715263	0.4768808	-0.14807948
0.34698665	0.4350946	0.48370847
0.3601855	0.4146816	0.4442443
0.06789333	0.5607178	-0.38128224
0.32281744	0.21918291	0.6958784
0.1721006	0.0893805	-0.15905643
0.9850105	0.254691	-1.2512761
0.30207163	0.6762707	0.34123212
0.67640483	0.033622026	0.7211814
0.9091179	0.16967762	0.604439
0.5091974	0.005116403	-0.79154074
0.8994981	0.06335777	0.6652238
0.11382604	0.83926386	-0.011958839
0.71214014	0.38765794	0.57115465
0.20496535	0.97502315	-0.15536323
0.24918312	0.91579664	-0.0016575758
0.26058674	0.15253997	0.7011572
0.47962648	0.92170686	0.28300568
0.71013385	0.9843181	1.1213926
0.5838781	0.66311324	0.05426117
0.23439997	0.51796997	0.5330801
0.607748	0.7248197	0.39106226
0.4572398	0.7693284	0.18650383
0.32575315	0.378775	0.66943884
0.79629207	0.99466854	0.7495316
0.5010127	0.50900716	-0.23488365
0.49516958	0.45844722	-0.25266945
0.42037958	0.8741954	0.19626394
0.9765227	0.55289	-0.88696295
0.013873398	0.26910067	-0.61567986
0.20378423	0.5509455	0.3982702
0.67989635	0.17551678	0.5897654
0.02994579	0.35235608	-0.63612217
0.113729894	0.47082138	-0.16560784
0.022884905	0.92823434	-0.24653958
0.7010938	0.30118233	0.5442748
0.93083763	0.7290771	0.15177347
0.17272747	0.56487304	0.25463998
0.103830874	0.9502161	-0.057660747
0.8591208	0.53285676	-0.32234332
0.30518413	0.7576419	0.17973149
0.70980453	0.008968294	0.51840055
0.7414574	0.972933	1.2096964
0.5807542	0.35278833	-0.322655
0.92208064	0.69614303	-0.025499454
0.2885735	0.8283912	0.07645552
0.3959846	0.59211445	-0.01548311
0.0621953	0.3978145	-0.35468578
0.6645402	0.45298004	1.0869933
0.75192237	0.3105319	-0.24157876
0.11825585	0.19010234	-0.31063804
0.5598258	0.42236876	-0.4607769
0.45868897	0.121738076	-0.2198864
0.21632445	0.60066223	0.42440587
0.7361942	0.13804883	-0.00047963113
0.67922807	0.13772786	0.5455688
0.23241037	0.3390574	0.4613709
0.96593976	0.014633775	-0.10348861
0.5125476	0.025932789	-0.73702544
0.5828058	0.19638377	-0.3929382
0.3575958	0.5252359	0.3063491
0.4472255	0.54427797	-0.1491625
0.5023326	0.48283857	-0.2449264
0.33116895	0.70045674	0.23325326
0.41296333	0.9880185	0.23007676
0.46768677	0.6148575	-0.00079684705
0.09790188	0.88730496	0.011771573
0.29253298	0.8378265	0.024597246
0.15444571	0.6210003	0.16408008
0.8464007	0.9637672	0.19822285
0.63733095	0.1616571	0.36285642
0.67547345	0.96519053	0.8292191
0.128761	0.7067651	0.01864056
0.98313737	0.73768973	-0.07541853
0.5874635	0.7653302	0.07112496
0.89243174	0.90521663	0.13338123
0.058187485	0.8716071	0.02373913
0.18327707	0.9687725	-0.07479161
0.8041449	0.59357804	-0.28867137
0.5832751	0.11596459	-0.40366063
0.8360248	0.03189081	-0.18133575
0.5566984	0.5815406	-0.2384051
0.42651808	0.14317465	-0.079906665
0.782792	0.48580265	-0.2966883
0.51074314	0.70476735	0.063774675
0.8159461	0.6343376	-0.21513873
0.8112543	0.5146137	-0.5408176
0.8791555	0.7313616	-0.2593277
0.9224266	0.758778	0.14144252
0.65811443	0.7645404	1.2868195
0.2793339	0.19679487	0.7838739
0.7304309	0.3585422	0.22331235
0.98062223	0.2589534	-1.1618233
0.6076719	0.3133862	0.1262159
0.44682413	0.705598	0.011351179
0.17478532	0.9084115	-0.011309404
0.83267885	0.8324754	0.0549094
0.18267882	0.34292048	0.10759266
0.7944414	0.21769536	-0.6280885
0.27041757	0.19491911	0.66625464
0.69034356	0.023378551	0.6929538
0.96859777	0.5116143	-0.8417365
0.17550355	0.5082569	0.261055
0.6240012	0.011928201	0.0946095
0.5872828	0.4322055	-0.1124219
0.45700896	0.007568717	-0.3383291
0.8732225	0.020074487	0.33302397
0.29012555	0.7148802	0.2259805
0.5638971	0.81890357	-0.014493292
0.8018625	0.81607294	0.38502812
0.08027047	0.5983946	-0.2342876
0.9081606	0.27894408	0.34741995
0.8260393	0.14702171	-0.3873611
0.12818038	0.7255755	0.020202188
0.422229	0.5624769	-0.10541075
0.19373995	0.34615207	0.18137509
0.01096493	0.26947254	-0.6265235
0.5428193	0.4370675	-0.35124964
0.0014556646	0.32667285	-1.0014219
0.73584485	0.48208445	0.45847675
0.80513614	0.41085982	-0.63104576
0.4456886	0.30915737	-0.20223229
0.05050236	0.6458506	-0.4547369
0.8753465	0.14473706	0.4516435
0.25504673	0.4609928	0.5112204
0.92453486	0.9089147	0.54071134
0.8312464	0.330503	-0.44025972
0.008591294	0.7802294	-0.8595844
0.24623269	0.36458915	0.59987277
0.26288617	0.003205061	0.850947
0.4655425	0.6731405	0.050118916
0.9324031	0.06349313	0.46485925
0.43307424	0.9207027	0.28983617
0.49250257	0.107867956	-0.5514715
0.66893023	0.5409526	1.3186356
0.5497709	0.42092323	-0.4778597
0.16632324	0.7836237	0.14896527
0.78527874	0.34897864	-0.5974964
0.31810158	0.18223417	0.78093076
0.05316603	0.36672068	-0.40748578
0.54986715	0.1458633	-0.58657783
0.86679345	0.21308082	0.201782
0.272637	0.5447194	0.51397055
0.6091053	0.38132876	0.10290306
0.6244474	0.018173575	0.11522452
0.2403776	0.14597297	0.60821015
0.5247298	0.9469977	0.08784587
0.78509957	0.734247	0.51291513
0.23610514	0.0022565126	0.7538804
0.099392116	0.10282624	-0.29309723
0.7464268	0.5405805	0.5414213
0.62688583	0.06988698	0.21274874
0.28156388	0.17172992	0.80554014
0.29471886	0.6805519	0.34312215
0.5298516	0.13620126	-0.67312807
0.6780517	0.9077961	1.1680588
0.5570046	0.9908126	-0.20855391
0.34341937	0.85295415	0.019824289
0.012423933	0.45413202	-1.0499722
0.6693019	0.80526793	1.3265969
0.62145907	0.13929582	0.10852966
0.9492728	0.8064082	0.3954615
0.76407534	0.90306735	1.0772226
0.2250787	0.3249027	0.48345077
0.12777466	0.24992716	-0.28572497
0.1598531	0.5869777	0.15736704
0.15550166	0.45685387	0.086543515
0.43353128	0.13714075	-0.16200046
0.19425088	0.94328773	-0.047990438
0.9712409	0.6818492	-0.29852545
0.9050725	0.0947032	0.6667167
0.3832531	0.43692654	0.07898051
0.13717431	0.1029188	-0.40424252
0.060348988	0.49726588	-0.38325545
0.34398425	0.21943742	0.5818393
0.3263185	0.85932875	-0.021426726
0.95663863	0.6786559	-0.13713473
0.57296014	0.08392525	-0.5985812
0.43747824	0.08038497	-0.13451307
0.8918339	0.43993008	0.006984867
0.48581147	0.6654746	0.033842735
0.7302682	0.8409458	1.4218113
0.45673072	0.30236733	-0.2666146
0.44163197	0.11865002	-0.14644931
0.06857836	0.9337902	0.12016329
0.4967481	0.24165791	-0.34674937
0.13220656	0.6182625	0.04465115
0.35589993	0.14353722	0.5278037
0.61973363	0.6473095	0.7062094
0.6122242	0.8056174	0.40388682
0.5948607	0.1765117	-0.22079368
0.21842468	0.6302335	0.45014146
0.86205757	0.34974098	-0.08549769
0.57963544	0.42969579	-0.25586516
0.73780787	0.7227149	1.241372
0.9253751	0.62200624	-0.16697249
0.60086656	0.48434395	0.17102392
0.89530796	0.608763	-0.15987207
0.30598855	0.18253154	0.7297876
0.53580683	0.89906496	-0.01664913
0.08759093	0.89697653	0.06831446
0.9273642	0.72962666	0.08051084
0.69279677	0.13687783	0.4585677
0.78021073	0.68302786	0.31993306
0.3541153	0.26197308	0.53584087
0.04904741	0.013739526	0.19382593
0.7823205	0.6765074	0.38200527
0.1494655	0.37076807	-0.12505716
0.36189616	0.7041267	0.090190716
0.3767289	0.93192166	0.09302641
0.46365047	0.27485365	-0.27676266
0.5530053	0.71724904	-0.11359853
0.25452393	0.41078693	0.6086984
0.6292255	0.72722536	0.7949196
0.6555234	0.7730113	1.1984859
0.9137939	0.9265127	0.50480866
0.86818594	0.86269057	-0.02246953
0.14057803	0.5299434	0.07800569
0.19166565	0.31561	0.1551542
0.5375662	0.38688546	-0.38383985
0.06858885	0.042346	0.049926076
0.046002388	0.7447078	-0.41054332
0.9224798	0.26074088	0.3132436
0.5306582	0.13903499	-0.57284003
0.06887478	0.79241735	-0.145989
0.009049654	0.6374672	-1.0923042
0.9792133	0.040999293	-0.4943259
0.8779807	0.8967511	0.061551772
0.21222323	0.56694883	0.46571916
0.48674798	0.5484886	-0.14329642
0.31382072	0.17601615	0.8190523
0.84759307	0.9888643	0.21979642
0.5729688	0.91273373	-0.09201575
0.19139653	0.29220027	0.16191912
0.79029435	0.15053982	-0.5687766
0.5605028	0.11473817	-0.5903372
0.42195344	0.102107584	-0.007144766
0.95263296	0.5970483	-0.33498117
0.7886032	0.9864046	0.82763016
0.15703487	0.8848004	-0.02922427
0.86128634	0.39907032	-0.19385956
0.09660798	0.7019209	-0.04169873
0.342386	0.3727125	0.54823095
0.021967351	0.05301273	0.039772723
0.4940682	0.23169267	-0.37140927
0.26871097	0.42406255	0.64599544
0.93251693	0.50908434	-0.28085747
0.703516	0.024279177	0.5879315
0.09894204	0.623125	-0.10810682
0.27948666	0.72853875	0.22243771
0.77813435	0.69666314	0.51205754
0.9571504	0.5315617	-0.53291076
0.72233474	0.82644135	1.4750061
0.009797096	0.22697812	-0.5128851
0.9937571	0.65752673	-0.7798072
0.40613037	0.78079736	0.06453576
0.8999092	0.71361065	-0.10638896
0.8163702	0.67394686	-0.1139863
0.38520443	0.7117751	0.02680844
0.46373343	0.544652	-0.17517845
0.85136515	0.87124944	0.03966393
0.31522727	0.44574338	0.6122142
0.19210881	0.8050929	0.256625
0.7986918	0.23178637	-0.6388093
0.89486825	0.9418626	0.24130474
0.6736961	0.26683587	0.63534325
0.654255	0.6819743	1.328441
0.45360655	0.091171384	-0.24116927
0.47606778	0.39602172	-0.2677821
0.62721336	0.18935865	0.26933163
0.92264706	0.050657094	0.5412977
0.96641535	0.15443659	-0.47365177
0.17743748	0.13224816	-0.08993855
0.30879104	0.26360613	0.7567701
0.08547503	0.61064845	-0.18988892
0.55474645	0.59336585	-0.27363136
0.039546967	0.047335565	0.17469676
0.88567305	0.97422266	0.22444932
0.4093393	0.48178715	-0.062182453
0.13688147	0.6766369	0.0841104
0.17256624	0.29399776	-0.0137278745
0.20051783	0.9357882	-0.01533488
0.009152949	0.58993405	-1.134381
0.30079812	0.10791916	0.86581534
0.228064	0.054261684	0.57735795
0.5856447	0.12244856	-0.38300374
0.76382595	0.5979925	0.36806512
0.34423536	0.05969006	0.64863634
0.4008267	0.25583673	0.11559573
0.8227642	0.9251833	0.35681146
0.785912	0.7505063	0.47044587
0.09464437	0.76274467	-0.05747133
0.0908429	0.65319943	-0.107778415
0.09301776	0.4239816	-0.20170009
0.34255648	0.6333331	0.27241892
0.13434416	0.40614647	-0.14720726
0.99223244	0.69251454	-0.5755577
0.28371596	0.7004556	0.30897242
0.98659664	0.7179849	-0.30326027
0.107968986	0.09222531	-0.36682218
0.09963882	0.26675874	-0.29286587
0.52111524	0.55971056	-0.2606616
0.94592625	0.43904257	-0.4327888
0.39918828	0.15600866	0.17549385
0.4516812	0.9327765	0.3578143
0.60194236	0.116141915	-0.12645686
0.57347566	0.7585263	0.019087162
0.4370606	0.7007667	0.014606841
0.60006464	0.90256965	0.06650801
0.024223387	0.82000244	-0.5087822
0.23018515	0.88943094	0.100350514
0.5562315	0.4068243	-0.4286453
0.41994017	0.22227871	0.00042840466
0.66784376	0.53037196	1.2414074
0.2531078	0.8183638	0.1638577
0.64745075	0.76961154	1.0743902
0.5262168	0.21265697	-0.5180998
0.07087684	0.6902062	-0.1959273
0.5123127	0.3965786	-0.33174062
0.59330535	0.7342652	0.16019551
0.8892034	0.4984362	-0.09288437
0.92204654	0.42911762	-0.064007774
0.8444244	0.9268904	0.13127959
0.59044677	0.00651747	-0.45542425
0.791296	0.42338455	-0.51206344
0.10620135	0.4803555	-0.22378096
0.66592765	0.67724	1.4316983
0.80328625	0.51259625	-0.4413007
0.40129048	0.5427355	0.0021955594
0.14500111	0.67648923	0.10406782
0.80181617	0.4394139	-0.51798093
0.46447146	0.5384398	-0.10335067
0.27346003	0.4374025	0.6551596
0.38799995	0.33649445	0.18423207
0.3812585	0.86092997	0.0942699
0.94400024	0.26848924	-0.07325971
0.47395313	0.0595991	-0.37319377
0.73984855	0.6366283	0.9319988
0.32771838	0.57448834	0.4043158
0.2285701	0.29007483	0.47042564
0.95836735	0.7966729	0.34564278
0.7977326	0.11528373	-0.5450579
0.6696984	0.8107551	1.2888255
0.06305069	0.034019172	0.073164396
0.05918926	0.7637636	-0.18040337
0.17989808	0.061540544	-0.0904882
0.34422445	0.12395811	0.6806122
0.05428636	0.33833456	-0.30516034
0.6319174	0.5550875	0.8221357
0.7838797	0.10248649	-0.5809837
0.35118443	0.7426988	0.1462147
0.50823116	0.73367053	0.072621785
0.32911634	0.9309844	-0.054784253
0.54363316	0.002755165	-0.82957107
0.5714304	0.11370182	-0.50525856
0.51770556	0.22654957	-0.48058888
0.27467448	0.81215185	0.11263253
0.5505808	0.7203547	-0.13322727
0.49098188	0.107044935	-0.5200265
0.44949722	0.19748563	-0.19851962
0.21441609	0.37771952	0.38959998
0.41977978	0.32901323	-0.10967311
0.11566347	0.7075387	-0.042916052
0.97707164	0.7954034	0.29664007
0.52000225	0.124488235	-0.613277
0.10274619	0.610699	-0.21239653
0.0016562939	0.51994646	-1.3396789
0.75699747	0.89689445	1.1351599
0.87015206	0.64890176	-0.29391724
0.14975232	0.8201012	0.010783976
0.21083951	0.2759664	0.3270678
0.20164031	0.48694158	0.30169272
0.2511276	0.029668868	0.83354783
0.24948943	0.94922715	-0.13473246
0.42530346	0.832304	0.22262225
0.28327298	0.63026905	0.37071538
0.8639134	0.13063264	0.2769136
0.68890023	0.5490648	1.3335217
0.83029413	0.4119659	-0.48328742
0.098153114	0.1999498	-0.23849003
0.59130824	0.60316205	0.099808395
0.61376613	0.886322	0.23061559
0.54430336	0.5477192	-0.3069216
0.65862906	0.7404612	1.2982173
0.535311	0.4425217	-0.4302003
0.59335214	0.18958032	-0.20899057
0.5208684	0.72405785	-0.045766585
0.46888024	0.47228974	-0.18161356
0.5705408	0.045201242	-0.6181587
0.6536191	0.6747842	1.2829913
0.1979875	0.63349104	0.3664252
0.41007245	0.6542078	-0.018250186
0.9919196	0.6393446	-0.84525895
0.78180623	0.025481164	-0.3793203
0.4337111	0.9777364	0.37085545
0.052374303	0.88572407	-0.033664443
0.6319623	0.08595246	0.27138403
0.6370695	0.6368579	0.99733716
0.25174564	0.23244125	0.61267465
0.17688906	0.20716685	-0.054673724
0.06589085	0.46796227	-0.3907077
0.60390574	0.31373638	0.006339621
0.0015164018	0.84332806	-0.71014273
0.7474876	0.62877494	0.7645622
0.33678252	0.43314373	0.61577564
0.276582	0.6150684	0.40790474
0.14687169	0.17846805	-0.27909797
0.8872707	0.7440405	-0.16060881
0.27005732	0.677189	0.3745177
0.08127934	0.592885	-0.21087377
0.42083186	0.11263865	-0.026777996
0.14363575	0.30482525	-0.17713131
0.8849097	0.6000909	-0.18342963
0.98116696	0.848964	0.5823548
0.7152663	0.42132008	0.6699422
0.47116572	0.3356856	-0.312163
0.56164557	0.19217551	-0.5252225
0.36790764	0.05717355	0.41864425
0.61682564	0.6828421	0.5988287
0.40023994	0.24684489	0.09899628
0.41595292	0.2820059	-0.14923784
0.7960364	0.26941383	-0.6625437
0.59143215	0.40086687	-0.11652465
0.39080018	0.86604357	0.089671835
0.23272508	0.83321124	0.17731756
0.7951176	0.78940237	0.44949338
0.095493615	0.5526805	-0.20927913
0.3129952	0.44625312	0.61789346
0.55029714	0.2408557	-0.55961704
0.08973968	0.89763343	-0.0065776166
0.2277695	0.03998989	0.57862467
0.53187627	0.9192427	0.028050335
0.7105953	0.957757	1.1968435
0.38970757	0.71280617	0.031120673
0.3972628	0.56525123	0.013269348
0.478292	0.17156935	-0.28461525
0.8930114	0.17541641	0.53334826
0.32782704	0.18047726	0.7108794
0.91773033	0.81120074	0.16537535
0.5325507	0.19085407	-0.5531112
0.5469577	0.5853575	-0.20266236
0.6167551	0.15689665	0.04659544
0.6051539	0.55319077	0.28821295
0.86931	0.6296939	-0.3041629
0.80193156	0.36655688	-0.65168285
0.4905696	0.67971784	0.0463985
0.2188605	0.31588978	0.32040343
0.531254	0.5256653	-0.25451353
0.81065106	0.6860373	-0.073005915
0.4175459	0.5662138	-0.12508549
0.74504185	0.50676894	0.41041523
0.80851924	0.2562639	-0.62731916
0.041218698	0.1647622	-0.052188292
0.5601361	0.7327355	-0.13293381
0.6163607	0.08095503	0.070883155
0.4184959	0.115722716	-0.034750085
0.6688131	0.6966858	1.4691195
0.15402663	0.8034452	0.10834473
0.5800548	0.6811285	-0.0037523098
0.20474863	0.8399685	0.15214212
0.99879175	0.6246639	-1.0269878
0.2754568	0.24195313	0.73731124
0.546422	0.43857092	-0.39167577
0.6290267	0.31330597	0.3777404
0.1745584	0.65686625	0.23604305
0.7717807	0.32935405	-0.55371493
0.59242475	0.5820007	0.06946475
0.9867894	0.9950817	1.3312236
0.022830665	0.082136035	0.033986907
0.7063754	0.5964468	1.3204355
0.5850377	0.26381665	-0.28808436
0.44186425	0.41669238	-0.19377919
0.21158552	0.841941	0.19558185
0.51037955	0.4476624	-0.4264921
0.024653018	0.33802944	-0.7005769
0.69203216	0.7530274	1.5758431
0.5946976	0.39144593	-0.043955483
0.54164475	0.5694316	-0.25670496
0.15281576	0.40125632	-0.0078064315
0.09440023	0.2467438	-0.2729823
0.100578785	0.124363005	-0.2178939
0.6277018	0.70316344	0.7987112
0.44880188	0.06703913	-0.23989128
0.3143806	0.28146374	0.7880949
0.97876936	0.8499511	0.5562405
0.5632043	0.94888145	-0.13711616
0.32921392	0.7046802	0.23815031
0.3428957	0.56011564	0.36748612
0.314484	0.13090503	0.7762283
0.07372749	0.30173343	-0.1765368
0.08381873	0.17888898	-0.12152676
0.45335168	0.6125588	-0.03944589
0.5472746	0.49431574	-0.29795098
0.3687094	0.7866862	0.06398146
0.629059	0.97245723	0.063963
0.17690974	0.28680235	0.02814739
0.6153122	0.21950054	0.025813788
0.12648726	0.85834223	-0.039411176
0.75815004	0.15898138	-0.3738829
0.98677325	0.5386594	-1.1502247
0.06236714	0.08180171	0.05911577
0.33564287	0.40934318	0.5264789
0.6347303	0.33913755	0.5310769
0.4864425	0.9587981	0.28219926
0.4850214	0.24420136	-0.36598468
0.67379	0.5673662	1.3703439
0.531321	0.2404468	-0.5377156
0.58120865	0.30544573	-0.26438266
0.25131774	0.67725235	0.37955087
0.42646515	0.4758771	-0.14816988
0.106707335	0.90736425	-0.080770954
0.6062337	0.3162502	-0.026398081
0.2525071	0.53509235	0.5370175
0.15298796	0.42483574	-0.04414249
0.87798107	0.26669765	0.2901497
0.1759429	0.76831555	0.19632016
0.022977412	0.70248586	-0.76980585
0.8762418	0.26556396	0.25692245
0.70840895	0.72854614	1.6128757
0.42617774	0.23029631	-0.13905673
0.56128836	0.5472772	-0.33612877
0.44841397	0.79020983	0.18401226
0.79951453	0.65502435	-0.010395745
0.09666997	0.07472277	-0.20302324
0.37063962	0.35537362	0.36778927
0.2671324	0.32530928	0.6365388
0.60729396	0.22082496	-0.04172881
0.9990096	0.30623454	-1.7878816
0.23980522	0.34429997	0.51643413
0.93173635	0.6408394	-0.08929221
0.17841947	0.41889185	0.13318785
0.56291485	0.80567706	-0.101736076
0.34285128	0.040715873	0.64063007
0.12632155	0.7103895	0.006734146
0.56016195	0.30912977	-0.4855632
0.38222003	0.4284042	0.15332119
0.46561885	0.79051363	0.20627846
0.011657953	0.21743006	-0.4579633
0.7870524	0.1488241	-0.5906706
0.77761537	0.8763521	0.88302666
0.17839271	0.061748922	-0.024522435
0.76722485	0.9484341	1.08105
0.8442434	0.18481803	-0.11924966
0.7240122	0.8863962	1.4019048
0.94064623	0.10133064	0.27381894
0.91446334	0.3852178	0.048683546
0.15829712	0.4742027	0.061275765
0.03908056	0.5750875	-0.7013959
0.7913956	0.53525466	-0.29182276
0.119151235	0.13664192	-0.35805666
0.9916056	0.08754325	-0.87648064
0.7496939	0.6084331	0.6625617
0.886992	0.96182656	0.23133457
0.010696888	0.6243102	-1.1607928
0.61636674	0.3887338	0.2694142
0.101065814	0.36376816	-0.23741049
0.04792911	0.61678106	-0.4755035
0.85848683	0.6595779	-0.36767507
0.47999907	0.23758972	-0.32227308
0.6459319	0.26244974	0.5292936
0.7323151	0.023932993	0.23279238
0.5059273	0.056103945	-0.6690446
0.4321823	0.9219276	0.28079966
0.20959169	0.40989906	0.36372536
0.44794506	0.8505928	0.23811257
0.54142237	0.81219184	-0.014640581
0.6854721	0.17657167	0.5161527
0.5889968	0.025738835	-0.49543607
0.34020513	0.9002688	-0.036609173
0.19340104	0.91261494	-0.023646545
0.77691936	0.0861696	-0.44628665
0.48409146	0.569308	-0.18265598
0.0689677	0.5481101	-0.33658293
0.9923529	0.056061625	-0.7935872
0.6847027	0.86466455	1.2954223
0.10468757	0.62658006	-0.11108093
0.52984	0.7142973	-0.006687563
0.709763	0.25210917	0.309533
0.4768551	0.58768225	-0.07156477
0.5370837	0.99452305	-0.014963329
0.81712276	0.41460824	-0.5981571
0.22406697	0.69394535	0.32319418
0.48432177	0.6987331	0.07991597
0.012215316	0.73647946	-0.8593248
0.80381495	0.39232576	-0.5864119
0.94272876	0.60979086	-0.25597644
0.38449854	0.08214277	0.2661469
0.8185155	0.47336143	-0.54845715
0.31967247	0.30406493	0.71458477
0.49588454	0.010147274	-0.72143954
0.78286666	0.8085929	0.7583117
0.97440356	0.8732831	0.7753363
0.06776333	0.42749202	-0.3229882
0.59639394	0.72452384	0.25767463
0.19792008	0.24294388	0.21017948
0.57186586	0.9288557	-0.1773811
0.36752397	0.6266966	0.17083418
0.4946447	0.74576837	0.20763603
0.77401286	0.071480036	-0.47288615
0.23635209	0.26546234	0.58188856
0.6721502	0.67686605	1.4989854
0.59849626	0.6296921	0.29022676
0.70516515	0.90297264	1.3723487
0.56377023	0.9753476	-0.23376851
0.9558283	0.6064917	-0.42249566
0.7480987	0.7392251	1.0866611
0.49750376	0.3015812	-0.401955
0.5792702	0.8770826	-0.06324187
0.29320133	0.304249	0.7028546
0.90825796	0.033833265	0.59015983
0.8844046	0.23879385	0.44567457
0.4527222	0.25552762	-0.2633758
0.6869992	0.33283335	0.67208296
0.156955	0.33464807	0.0022285879
0.06343645	0.4681825	-0.39999306
0.1876384	0.58081794	0.3314259
0.3050357	0.79755944	0.06049499
0.41877908	0.17648107	0.047966454
0.38933468	0.9341706	0.1722374
0.53195244	0.27796394	-0.51616675
0.5742376	0.688436	-0.015041387
0.88547844	0.2649178	0.36107546
0.124283195	0.33659297	-0.19930659
0.4927464	0.5127978	-0.13203171
0.96548694	0.9401743	1.1072837
0.080015	0.8731474	-0.0037216041
0.73907673	0.38483948	0.14267203
0.7828708	0.721419	0.5080125
0.99867755	0.10319954	-1.1427171
0.46224654	0.89585155	0.32598472
0.50675786	0.5227608	-0.20415978
0.0062280297	0.53310364	-1.2069528
0.39341086	0.1239211	0.251338
0.65182513	0.97989315	0.36774683
0.0023514032	0.22308159	-0.66899246
0.42660528	0.32138222	-0.14339307
0.004432142	0.7049973	-1.1011611
0.82824683	0.79306376	0.012631603
0.008152604	0.16915059	-0.4081706
0.9893252	0.040745378	-0.6702534
0.8549355	0.6463651	-0.26467848
0.6951462	0.28763658	0.5304134
0.17027706	0.55754834	0.18062663
0.7373086	0.29482287	-0.012296256
0.53034633	0.8537095	0.004214857
0.42788798	0.3618303	-0.12729873
0.075045705	0.31430763	-0.16642675
0.36195558	0.20443445	0.47378656
0.88564265	0.5977744	-0.23622547
0.32420468	0.12375742	0.787329
0.31624955	0.6529852	0.2841314
0.90340465	0.65351677	-0.0876857
0.58533496	0.896903	-0.06668619
0.666074	0.8895497	1.02176
0.62767494	0.15625066	0.18977752
0.43380773	0.42501026	-0.20606993
0.0032738447	0.25245148	-0.7753779
0.30397516	0.21962434	0.814338
0.9553606	0.8369594	0.5302422
0.8954532	0.09155041	0.5899888
0.53591055	0.8401228	0.030105736
0.6177411	0.23920709	0.13565838
0.9978461	0.9854247	1.1940552
0.7443392	0.42425817	0.18124211
0.31182867	0.46031183	0.63402164
0.16450757	0.37931794	0.053046443
0.08456558	0.7448536	-0.023229744
0.025496483	0.17398226	-0.22418727
0.68317956	0.63549054	1.5752438
0.71696615	0.27006334	0.23871051
0.7819069	0.42721224	-0.4950446
0.4410913	0.2540744	-0.12939833
0.36207813	0.43954343	0.3191295
0.08877593	0.74300987	-0.012526754
0.5618255	0.34837884	-0.46413416
0.9728526	0.4804989	-1.0633671
0.41420376	0.06391567	0.10854469
0.34885317	0.7662719	0.08474905
0.46234816	0.09810251	-0.2785903
0.0039740205	0.5957509	-1.2629925
0.9979188	0.4777143	-1.6938496
0.03930807	0.76622856	-0.35918722
0.85770917	0.2913925	-0.04493837
0.22662032	0.17221403	0.48539314
0.65675735	0.35383463	0.7233078
0.4536978	0.31249022	-0.23201022
0.8289246	0.08900684	-0.27774101
0.8415268	0.8666437	0.03230605
0.78524506	0.8776953	0.7727228
0.38104844	0.9973317	0.15852702
0.84198	0.27530003	-0.27245775
0.75974894	0.76819116	0.9951243
0.23831624	0.49058127	0.51355606
0.11871129	0.6325018	-0.012455968
0.24188232	0.8457282	0.14699544
0.6749525	0.46097583	1.0783252
0.26937646	0.42759687	0.6080015
0.33389598	0.9160948	-0.062223062
0.7480637	0.21784014	-0.27088675
0.5363916	0.90317863	0.03317326
0.7126031	0.5101695	0.9562497
0.48007768	0.6541936	-0.017936692
0.21522212	0.32601	0.3982221
0.1610055	0.91533595	-0.08090132
0.8340055	0.86815506	0.11134091
0.5609355	0.97395265	-0.19959092
0.6803936	0.07347292	0.6263974
0.3834328	0.852208	0.08709532
0.9703195	0.7862811	0.23502196
0.9950015	0.6821787	-0.64874595
0.40641105	0.7882598	0.07153101
0.3723222	0.27695477	0.39320898
0.01817888	0.66088134	-0.91253376
0.19581097	0.23262149	0.14516246
0.90644777	0.5558468	-0.15783517
0.9916167	0.71509975	-0.44878983
0.32695764	0.60237306	0.42655042
0.5195243	0.70204777	-0.020941593
0.9588503	0.75573826	0.14942165
0.14480317	0.74914247	0.051773675
0.6712723	0.59839725	1.3431042
0.5472525	0.26055527	-0.5022891
0.43392658	0.86260563	0.26596028
0.5290687	0.018900096	-0.79191816
0.3372764	0.005528927	0.61088586
0.77305615	0.943212	1.0144442
0.2938959	0.7922574	0.12058413
0.04259801	0.1550085	-0.05308254
0.6498246	0.054743707	0.48490658
0.8323642	0.97577524	0.3341264
0.32896745	0.75613046	0.15876314
0.17946857	0.20188111	-0.038567144
0.81553864	0.32942265	-0.6231922
0.084159315	0.8450809	0.019842237
0.44565105	0.027423263	-0.22796947
0.9680116	0.2345928	-0.69583696
0.03589219	0.26087934	-0.31439027
0.8246265	0.012845695	-0.3363357
0.2583791	0.01687485	0.88374215
0.7851285	0.27261966	-0.6530926
0.14442754	0.026069045	-0.35206097
0.08304751	0.7723647	-0.052139737
0.101190686	0.1562658	-0.29664207
0.31896645	0.73263705	0.20923913
0.7573057	0.6625303	0.67574286
0.23950547	0.9944831	-0.05148124
0.59406793	0.78502434	0.21258032
0.60737646	0.44616705	0.2158229
0.57065415	0.42910904	-0.29932833
0.29220486	0.1236012	0.867685
0.767072	0.24651194	-0.52267784
0.4523117	0.8508044	0.20538126
0.7825952	0.09705663	-0.49982992
0.42011726	0.06915283	0.020751761
0.6422598	0.75147396	1.0442946
0.9848878	0.4550944	-1.3329947
0.99273276	0.33085263	-1.6577221
0.41846085	0.18831986	-0.032527357
0.11973554	0.11020398	-0.3817716
0.1889674	0.24815619	0.10510391
0.41046852	0.96876854	0.2650877
0.18992007	0.34037596	0.20941505
0.35560375	0.2320109	0.55042267
0.29473191	0.90069485	-0.03767662
0.6939763	0.28202236	0.5809541
0.9884481	0.64923406	-0.7362578
0.4969443	0.9988787	0.23377573
0.74364585	0.92898047	1.2475997
0.46013278	0.1376875	-0.25029656
0.7310294	0.46909088	0.5526685
0.26659465	0.86136097	0.047701195
0.47758245	0.9915351	0.3050228
0.37052846	0.66679126	0.13523997
0.8890696	0.19057417	0.49402207
0.5501087	0.2831775	-0.54531664
0.39121008	0.54494137	-0.0005012639
0.18702042	0.9557925	-0.11121548
0.29263556	0.7667943	0.17922482
0.9220732	0.38519394	0.053427555
0.25880206	0.4638707	0.57420784
0.314286	0.9242476	-0.12383632
0.044497907	0.99009854	0.099658504
0.15499473	0.08038646	-0.2731472
0.3120377	0.92186296	-0.12435992
0.84550756	0.53614074	-0.3952912
0.4969771	0.8522336	0.25221807
0.7924921	0.89848405	0.75194085
0.1833517	0.35718048	0.1103133
0.39123142	0.67958534	0.04490296
0.56976795	0.6910061	-0.046904083
0.7102178	0.72376466	1.5740199
0.26800245	0.10793203	0.74695045
0.2504732	0.25240064	0.5964413
0.39548492	0.6241428	0.00991108
0.6334722	0.8046258	0.76876044
0.2882793	0.38097316	0.6863246
0.7799673	0.2867937	-0.628194
0.2629575	0.71873915	0.29229468
0.14570224	0.52750134	0.06113241
0.8652224	0.7414835	-0.22007021
0.91880435	0.18048608	0.54106694
0.88086325	0.4547789	-0.059487615
0.8812159	0.021075666	0.38146594
0.6518992	0.9075956	0.75328594
0.9777649	0.666747	-0.4318121
0.84756804	0.06349158	-0.027910952
0.35766697	0.93604267	0.0439761
0.28616333	0.49335182	0.5222937
0.007811308	0.6050609	-1.1691662
0.46634632	0.37952113	-0.31165415
0.011934459	0.7929393	-0.69367325
0.28550547	0.50141245	0.61065215
0.07979238	0.13518417	-0.081163935
0.44533372	0.5874483	-0.083204366
0.53374934	0.4493754	-0.35358486
0.67582196	0.33878112	0.7725969
0.88018715	0.6046386	-0.31474602
0.19394332	0.042865217	0.15286858
0.6538381	0.19445312	0.53921884
0.7337569	0.72904277	1.2588155
0.6098936	0.76771605	0.40654314
0.12985587	0.14795291	-0.36484018
0.13431144	0.6166415	0.06711623
0.7923996	0.0027896166	-0.40015516
0.47589207	0.95737606	0.3252945
0.5577484	0.12639308	-0.63429886
0.63131714	0.48034954	0.6824013
0.98879427	0.33796817	-1.5153677
0.39151675	0.41226864	0.057305887
0.6283442	0.43869424	0.5695671
0.73297554	0.9180891	1.3182023
0.70233303	0.96373045	1.1217849
0.88292545	0.96437645	0.20678827
0.65998703	0.7364751	1.3152585
0.85084355	0.38990605	-0.2648065
0.3968166	0.6562289	-0.020107236
0.6578028	0.8070122	1.2400291
0.7434041	0.74110943	1.1844572
0.79350966	0.92433655	0.77952003
0.47739488	0.012459695	-0.5165346
0.4825878	0.7530513	0.11304113
0.27622467	0.0150770545	0.8694308
0.09653807	0.7174173	-0.048711635
0.54317147	0.22414607	-0.5807325
0.42713034	0.605196	-0.060925264
0.05972916	0.70286983	-0.36172014
0.5608504	0.60315216	-0.20458125
0.48531955	0.40494138	-0.27166122
0.7891436	0.9076433	0.80972105
0.36789215	0.50389874	0.2536748
0.6293337	0.63454545	0.89975756
0.45908338	0.5720029	-0.08601575
0.11519647	0.5113492	-0.077991396
0.6617642	0.7919902	1.305436
0.36895913	0.15712005	0.37164056
0.22746783	0.36467147	0.4777599
0.18166232	0.9234991	-0.08191951
0.83931327	0.72847646	-0.18512647
0.35978556	0.5507684	0.24489956
0.89494234	0.3356079	0.3326189
0.65731305	0.0680846	0.55506235
0.06869024	0.67429125	-0.23754792
0.37875605	0.94573504	0.059820723
0.4999078	0.1812352	-0.46872452
0.3446911	0.32418627	0.60235566
0.68534243	0.60368663	1.4423468
0.25689507	0.90595424	0.04400701
0.43914264	0.38639545	-0.21747032
0.40322137	0.5755648	-0.06552343
0.4107803	0.6880319	-0.018725147
0.37738603	0.9121161	0.106255256
0.14695942	0.6554249	0.10853856
0.7367807	0.7829317	1.3707492
0.8829364	0.24897611	0.37046453
0.19497919	0.14652765	0.1605801
0.6074412	0.17189652	-0.03423383
0.91941535	0.7562296	0.08648919
0.117518425	0.72723514	0.010844808
0.12403345	0.46876734	-0.15596393
0.8242283	0.23905909	-0.4847806
0.07953316	0.9930373	0.050358597
0.5511092	0.09920603	-0.70951134
0.49274558	0.10011554	-0.49175513
0.79655623	0.20887113	-0.617553
0.6829273	0.7087268	1.5949875
0.42246556	0.46715093	-0.0873925
0.6821166	0.9415126	0.995055
0.35137844	0.97372514	0.037993345
0.52488226	0.94227797	0.0625173
0.43133748	0.48729318	-0.18109478
0.0905112	0.3358801	-0.16201645
0.28999078	0.6510324	0.37550786
0.6357735	0.011104047	0.2551911
0.33000696	0.48003626	0.55751127
0.5233958	0.99675596	0.04441584
0.1894288	0.50517297	0.29744798
0.97830105	0.6068559	-0.7296769
0.79306245	0.20982826	-0.69337034
0.29580212	0.43170017	0.672689
0.3869748	0.5799461	0.0852701
0.93372667	0.6612397	-0.07212103
0.15780753	0.03199035	-0.26819566
0.41661257	0.4065485	-0.115639456
0.45458317	0.6030562	-0.059769504
0.52629334	0.7081038	-0.034378305
0.56482893	0.9420716	-0.136851
0.9788811	0.18105352	-0.8804215
0.24192148	0.92574567	0.021378968
0.14897597	0.67005724	0.053756516
0.80819505	0.08525503	-0.5610318
0.30433798	0.49995083	0.5969395
0.34710664	0.58011687	0.32846034
0.21992368	0.9237141	0.043737702
0.8409359	0.6282494	-0.4148795
0.1925258	0.44619948	0.18709108
0.28043407	0.36268002	0.70348114
0.7974163	0.6688094	0.07006052
0.0070618987	0.5025525	-1.2581973
0.39361447	0.042254925	0.20647264
0.7943578	0.3550691	-0.69692814
0.9165038	0.76108897	0.07575821
0.6307372	0.013866127	0.22189774
0.2757864	0.061752558	0.864561
0.6784586	0.2721262	0.5884286
0.31773508	0.09530878	0.76696396
0.4477954	0.37374973	-0.19195588
0.784734	0.5343988	-0.20483623
0.3037157	0.16538507	0.7857624
0.509785	0.5336648	-0.13661805
0.16707617	0.40384376	0.06003896
0.75850034	0.22695512	-0.38519454
0.18097329	0.84673095	0.055616144
0.6643064	0.07887238	0.61653215
0.2669053	0.64094126	0.37658238
0.8418673	0.96293634	0.19550368
0.24563563	0.6235331	0.49138135
0.1364255	0.7541115	0.052601084
0.34730703	0.108801305	0.5799052
0.70766914	0.52112526	1.1382114
0.94825476	0.024339437	0.2064529
0.10556829	0.012203872	-0.25949153
0.9017438	0.4632771	0.040284224
0.82138044	0.7410898	-0.028166164
0.65580106	0.2987857	0.6569132
0.8836373	0.71636605	-0.16685097
0.6873703	0.054781973	0.6122705
0.51819813	0.34495115	-0.47700128
0.75514525	0.55529475	0.43140677
0.52200264	0.6796522	-0.037082624
0.44698232	0.48778135	-0.18123357
0.1311335	0.2909339	-0.27085373
0.62736666	0.63411075	0.7868653
0.86400396	0.9292576	0.10184258
0.9898561	0.75298315	-0.09724784
0.41760236	0.7014619	0.06633428
0.022489011	0.7485663	-0.68681705
0.24659938	0.78966075	0.26293832
0.43848503	0.6085441	-0.100301445
0.33314008	0.67538905	0.24078076
0.66110265	0.18222696	0.5187527
0.48963654	0.9035798	0.23026007
0.21496212	0.58812284	0.4739404
0.48545915	0.8339459	0.27671644
0.8493166	0.058932424	-7.1431044e-05
0.13301182	0.6752657	0.05078823
0.54311514	0.5461175	-0.30209506
0.63769776	0.014862359	0.36530098
0.1603412	0.6527482	0.18879847
0.6631079	0.78643805	1.3559988
0.7065934	0.5063281	1.1001831
0.68049085	0.5130045	1.2304777
0.012295127	0.22542328	-0.5273811
0.7271725	0.9737683	1.1844451
0.043798447	0.5130517	-0.63245785
0.3746184	0.1294288	0.3704783
0.24027658	0.089453995	0.6623573
0.5020387	0.34121168	-0.3471268
0.9110283	0.5988558	-0.14277788
0.69883615	0.7102421	1.5620389
0.6973185	0.051834226	0.5411073
0.26199406	0.7307991	0.31983417
0.013625085	0.8691266	-0.5385483
0.8272561	0.3476988	-0.49939948
0.13417023	0.27894062	-0.27183756
0.64259106	0.20686376	0.40436232
0.64627844	0.74950546	1.1165947
0.3518446	0.65234363	0.21221994
0.15180367	0.67739546	0.14971304
0.36653763	0.49372375	0.30512807
0.25473547	0.19197553	0.682707
0.41146594	0.18493539	0.046932116
0.3406608	0.28582853	0.54732233
0.19044548	0.6028499	0.2752008
0.14806426	0.13242465	-0.31000802
0.9186938	0.599361	-0.1424042
0.30010915	0.9150221	-0.08251774
0.30570692	0.22339451	0.7340586
0.36048317	0.22258371	0.49299026
0.38140213	0.74395114	-0.0052441843
0.31713152	0.4472478	0.6522761
0.6503393	0.32772666	0.6769143
0.3889792	0.8015393	0.08660267
0.90784115	0.5679465	-0.11214273
0.17323756	0.6534	0.22388923
0.6608383	0.16859072	0.56058437
0.5075022	0.43980354	-0.32789996
0.70732653	0.4451787	0.8219535
0.660606	0.75144726	1.3289685
0.07351005	0.18479288	-0.08711451
0.045517564	0.1276071	0.06720516
0.77722114	0.65836465	0.41739064
0.09720296	0.66283476	-0.07273533
0.725418	0.9934396	1.1847352
0.735593	0.40205693	0.2635147
0.04338789	0.8076417	-0.23000325
0.108962	0.48983294	-0.17681468
0.7830557	0.27159983	-0.65662926
0.85607105	0.97096825	0.119402066
0.32056797	0.41024643	0.61313456
0.74029523	0.40128338	0.1835017
0.74634063	0.9285211	1.2029403
0.2357217	0.22989929	0.49850368
0.59383345	0.83763045	0.054146305
0.32284915	0.7471391	0.16955827
0.84271544	0.6044097	-0.35531887
0.91752344	0.30867863	0.2563722
0.677221	0.8644168	1.2198845
0.20076972	0.30922294	0.26300856
0.73739475	0.32075107	0.019028932
0.88535273	0.2627843	0.37533802
0.26589167	0.27051848	0.65343815
0.034861684	0.83195466	-0.291163
0.043401897	0.9055808	-0.10475577
0.835026	0.6665956	-0.3484866
0.79011667	0.80621684	0.566815
0.3378576	0.063792765	0.63680774
0.7070169	0.7146492	1.5421537
0.85371083	0.77815163	-0.20773566
0.79424214	0.17769986	-0.6556105
0.22501117	0.04747653	0.5211983
0.7057479	0.88888556	1.3970083
0.57804155	0.97154677	-0.2623302
0.3780982	0.06446743	0.37396014
0.7334672	0.18028301	-0.055631716
0.98854285	0.44875968	-1.4970143
0.81176174	0.5223756	-0.48596478
0.94816357	0.092873335	0.10471288
0.6573656	0.7702831	1.2533952
0.41963238	0.8825513	0.21739155
0.2723987	0.34528387	0.69127524
0.30703986	0.672461	0.347831
0.30604988	0.00036412477	0.78214055
0.33874232	0.21630937	0.69094443
0.4865266	0.6819206	0.10419975
0.8856389	0.4329058	0.0296944
0.5564184	0.7237617	-0.08090024
0.4615152	0.014117122	-0.4064892
0.18940169	0.21709883	0.11921141
0.9009369	0.47837287	-0.04954866
0.16443765	0.3132342	-0.07508059
0.36684412	0.19463867	0.45937812
0.34530598	0.3084845	0.5941875
0.8078319	0.16627586	-0.57474446
0.44167787	0.7029532	0.06507063
0.0012234449	0.0002799034	0.018246539
0.69373053	0.29206014	0.56842935
0.7173968	0.5014035	0.8837651
0.92129594	0.30422336	0.27285305
0.92495716	0.3190483	0.16503696
0.9414026	0.7877165	0.3324487
0.15646386	0.018698275	-0.35067296
0.56504947	0.26030493	-0.44990733
0.43406206	0.3611498	-0.1563656
0.12375748	0.20176351	-0.26930937
0.12675989	0.29081887	-0.24765028
0.2822572	0.88679135	-0.044066943
0.40528256	0.5248455	-0.11048435
0.97372824	0.5221315	-0.95018524
0.0023331642	0.9819752	-0.47264707
0.88756233	0.33175057	0.21033871
0.5976362	0.7615612	0.24523932
0.11947638	0.044164598	-0.41015932
0.5352722	0.4089142	-0.4521585
0.9973206	0.77561975	-0.061842695
0.70694685	0.87153316	1.437092
0.5354581	0.64465106	-0.07437167
0.2791375	0.5567193	0.5289413
0.45992017	0.89879775	0.31686208
0.42962188	0.5815383	-0.12492999
0.5908635	0.5304526	0.05835224
0.6707528	0.061169744	0.6377329
0.4946803	0.098789334	-0.47940353
0.40250313	0.22026533	0.1420791
0.23919988	0.40542173	0.4525267
0.0032249093	0.96838766	-0.51051736
0.5195701	0.18023229	-0.518009
0.9426571	0.25775898	-0.08669593
0.20109534	0.43781263	0.3378213
0.4804067	0.09349918	-0.41538286
0.016382515	0.5444485	-1.0725067
0.32514292	0.45602202	0.65112203
0.72231406	0.5351906	0.9301893
0.8337674	0.06841719	-0.2182085
0.55831265	0.0020017028	-0.8203973
0.118190944	0.3685214	-0.23966473
0.18014747	0.44291842	0.18357377
0.24091274	0.3185063	0.5172599
0.029972255	0.6218672	-0.79576075
0.2503609	0.12572956	0.7712379
0.30892277	0.5558689	0.5265459
0.75887007	0.23922831	-0.43341145
0.2406987	0.084502816	0.63654625
0.74388283	0.6553102	0.98117125
0.9613557	0.9463261	1.0833284
0.17177254	0.9375125	-0.07024878
0.054888964	0.31706715	-0.3432897
0.87226677	0.5050049	-0.25197387
0.6518047	0.8344125	0.990847
0.25805962	0.33033174	0.6145349
0.2650978	0.66900647	0.403913
0.37012678	0.6812973	0.0697496
0.84491515	0.9319044	0.061951436
0.9294948	0.18328965	0.3440889
0.7864222	0.16029954	-0.5242565
0.465141	0.61554086	-0.073332265
0.20230097	0.53552127	0.32985795
0.43011367	0.46653605	-0.14253038
0.9070717	0.60886914	-0.12999737
0.8885349	0.14451104	0.6254579
0.47260875	0.26067865	-0.31760934
0.5424229	0.11515862	-0.67680806
0.30383468	0.8125965	0.059196554
0.91677266	0.24159706	0.4481231
0.5255265	0.0051934123	-0.8694149
0.29747057	0.44174105	0.62266886
0.33931518	0.9391258	-0.06199419
0.0014398694	0.9544737	-0.534294
0.7125951	0.15398377	0.28403127
0.86191165	0.01449883	0.12708452
0.45420825	0.1541813	-0.25662124
0.0137220025	0.57602954	-1.0931898
0.8073192	0.24060994	-0.66729313
0.0068382025	0.507453	-1.204448
0.8027027	0.9902469	0.71166074
0.10581076	0.7460078	-0.035156984
0.08636117	0.31483263	-0.2401542
0.5613486	0.6267351	-0.15114972
0.6949209	0.98837924	0.965848
0.09796876	0.18086445	-0.28317755
0.71237004	0.753934	1.5378761
0.8952566	0.2338711	0.5203955
0.18644804	0.6401816	0.34479755
0.9170895	0.2069155	0.46472624
0.3163538	0.94583905	-0.12581533
0.2455576	0.7119458	0.3362645
0.98001033	0.8761818	0.7136126
0.22388363	0.92333233	0.021075029
0.50036526	0.39876992	-0.2879038
0.08530182	0.38359833	-0.26436153
0.114782095	0.87576133	-0.022199765
0.64127517	0.13018245	0.4396658
0.9099458	0.85859096	0.2527875
0.33863175	0.7847513	0.03277971
0.585673	0.53956187	-0.030019937
0.94735795	0.77137035	0.2241959
0.931447	0.34695363	-0.022413785
0.2898038	0.5222483	0.6113368
0.28302032	0.6071834	0.4638211
0.9973279	0.96522963	1.0716168
0.48307484	0.55194074	-0.092264846
0.65448964	0.25328976	0.59537613
0.2631253	0.17770708	0.77073944
0.6127816	0.8866778	0.20741388
0.6479846	0.85812604	0.8760261
0.7973637	0.03236872	-0.4576497
0.2780255	0.5502338	0.5621194
0.8197339	0.10409826	-0.43390423
0.15344971	0.013530672	-0.29841462
0.6052044	0.4159842	0.17052537
0.78869915	0.2130903	-0.6056702
0.70915407	0.8127287	1.5671085
0.54858136	0.5407246	-0.26096666
0.7845943	0.5544491	-0.09867016
0.06765163	0.5104239	-0.3830925
0.85938	0.0103856325	0.09346159
0.90258056	0.9876084	0.41756612
0.6718756	0.116491914	0.61669624
0.2908287	0.76151776	0.25132763
0.2946288	0.6642056	0.35412923
0.45969504	0.5436929	-0.12435487
0.53337395	0.22024643	-0.55942965
0.56883997	0.16291833	-0.46490017
0.48831725	0.11423594	-0.41329175
0.646157	0.62081665	1.1606281
0.20213777	0.69651014	0.30793464
0.62405527	0.8142292	0.6038319
0.7890569	0.6344399	0.03942302
0.8026267	0.3657273	-0.58906555
0.22393596	0.8697728	0.09818525
0.031671584	0.90373427	-0.18838449
0.96379954	0.8571249	0.6948347
0.43663257	0.008271515	-0.16845034
0.7116345	0.191656	0.275908
0.52983934	0.99362534	-0.027793169
0.27460968	0.20024902	0.77975357
0.48661858	0.056886315	-0.49633023
0.88128406	0.108045936	0.46016696
0.5688685	0.50425667	-0.23109508
0.26305455	0.115327895	0.7264252
0.38057226	0.56785166	0.14863677
0.81953263	0.24571556	-0.54918605
0.6852925	0.20176232	0.57201385
0.08046603	0.5877827	-0.28643262
0.48408198	0.7611369	0.22481513
0.5417942	0.11872417	-0.67813355
0.732672	0.71248555	1.2659626
0.19618136	0.45949984	0.23285343
0.057965636	0.6996353	-0.3074597
0.7581717	0.9684789	1.1981201
0.04405284	0.30751657	-0.3553318
0.2004835	0.35850918	0.26883462
0.91418296	0.058127463	0.56418294
0.6639384	0.8977664	0.9951963
0.09710443	0.8636128	0.005174145
0.32994968	0.66603	0.2629011
0.37118047	0.3547122	0.35287958
0.22526646	0.5198816	0.47651643
0.03335744	0.9061583	-0.19319506
0.45395297	0.2594133	-0.23172408
0.6926687	0.07496703	0.56378305
0.7582882	0.18388098	-0.39755714
0.98056227	0.7017787	-0.34360301
0.82061493	0.30651253	-0.5375989
0.9819528	0.49972874	-1.1695461
0.9275757	0.69491434	-0.037117623
0.91358	0.042895198	0.5994232
0.89970386	0.82529086	0.06688242
0.88307166	0.3113622	0.23862512
0.6749633	0.45875257	1.0498646
0.34060717	0.5782987	0.3812847
0.10564059	0.72249615	-0.029600073
0.3718874	0.6830224	0.042394705
0.23103291	0.088336885	0.62046397
0.86236405	0.60361415	-0.4264809
0.4069926	0.81912845	0.12483823
0.82855004	0.94305694	0.3447227
0.6924842	0.16972065	0.4863375
0.29129535	0.44049728	0.6062311
0.060259163	0.12828088	0.019814368
0.87320846	0.19859505	0.3126721
0.9617787	0.7329845	0.036532227
0.69964314	0.99576944	0.9866473
0.49913412	0.39754057	-0.33157888
0.58654624	0.80133766	0.08602686
0.083646476	0.15502477	-0.059762143
0.4124773	0.09442437	0.091448106
0.4671679	0.9407286	0.32291844
0.6376584	0.5492634	0.89280665
0.9841361	0.21338731	-1.1771008
0.26836473	0.6568704	0.40761328
0.5197732	0.49439025	-0.26530752
0.5442829	0.9186316	-0.05972683
0.77353686	0.039275408	-0.33636537
0.59012944	0.9837758	-0.24040508
0.8156088	0.88741446	0.31577975
0.47678888	0.21397239	-0.35457054
0.711912	0.229218	0.29100248
0.5981638	0.15734756	-0.19584449
0.09203088	0.08051151	-0.13245237
0.8356826	0.31718993	-0.41583595
0.31716907	0.7815264	0.1312826
0.24944144	0.13335395	0.7081412
0.5706602	0.83485466	-0.040996645
0.5789846	0.8199406	0.02676386
0.121679425	0.33991295	-0.21933176
0.87469184	0.89180154	0.051983625
0.71219337	0.50691575	1.0029924
0.8049716	0.1604039	-0.5425141
0.9772112	0.9702295	1.2194805
0.7998913	0.8854209	0.6268767
0.5102711	0.42840314	-0.37650517
0.38408494	0.23205692	0.24080914
0.27600235	0.23220968	0.7565886
0.18724972	0.96802497	-0.13653554
0.39304864	0.7370815	0.03645517
0.7469219	0.60668683	0.7221217
0.17664868	0.4018296	0.15006314
0.36976236	0.63079846	0.143005
0.83479303	0.53524554	-0.45783007
0.70406795	0.66621846	1.5019504
0.75792843	0.0010947585	-0.08575409
0.6028414	0.9041614	0.07996377
0.6330098	0.19309956	0.28558376
0.14106429	0.24824578	-0.30339688
0.25598663	0.3080399	0.6874896
0.46420342	0.63790363	-0.010318754
0.37572998	0.38259256	0.28057003
0.45567966	0.558254	-0.12350404
0.7146704	0.5327334	1.0422599
0.2410115	0.37545484	0.5526204
0.6129199	0.278077	0.058841694
0.03224033	0.55010206	-0.7456678
0.793976	0.46988654	-0.40132314
0.61375564	0.6815882	0.5514313
0.33162284	0.3256482	0.6721168
0.17225331	0.3115186	-0.014506219
0.044711232	0.3038032	-0.3657069
0.91420263	0.0868513	0.6498708
0.1863563	0.7754838	0.27242786
0.38472408	0.6617164	0.06470278
0.07592142	0.91608745	0.059820652
0.26209855	0.65589267	0.41187793
0.27558666	0.089028835	0.8432356
0.0051745772	0.70980066	-1.0043105
0.5819923	0.0030764937	-0.5872235
0.49980366	0.9561721	0.13910848
0.56801194	0.052593827	-0.65523523
0.5479671	0.8909421	-0.05514567
0.9961231	0.22637326	-1.5322504
0.86295664	0.24736106	0.1676389
0.12018776	0.07722968	-0.29522148
0.5776968	0.41114056	-0.24239942
0.83904916	0.27406693	-0.30954924
0.25972122	0.5265722	0.5257112
0.42951745	0.97587717	0.3424487
0.7357396	0.7529381	1.2723433
0.8926494	0.829488	0.019387983
0.034503102	0.9050893	-0.16347711
0.22406894	0.20891762	0.46505716
0.6460628	0.26777935	0.4784692
0.08350235	0.66372484	-0.14891753
0.48506087	0.24175578	-0.3853402
0.5381174	0.67375773	-0.16785403
0.2980643	0.7283486	0.16452305
0.3895654	0.6057975	0.04748971
0.95947933	0.07520598	-0.16495286
0.4985807	0.6347563	-0.03264452
0.021219492	0.5433399	-1.0101764
0.82498175	0.76908284	0.024641111
0.1189087	0.4698723	-0.08920178
0.360761	0.70364726	0.14145637
0.35487902	0.16380739	0.53670543
0.18400633	0.112873435	-0.010253499
0.21948856	0.4362787	0.4650545
0.81995213	0.15760255	-0.4551864
0.41180122	0.5456142	-0.042399563
0.60586035	0.63335925	0.39716667
0.8948598	0.32235605	0.33319587
0.25639927	0.72552747	0.29101273
0.6927243	0.8856046	1.3100921
0.095837235	0.68366116	-0.026431553
0.6279375	0.39361304	0.5088612
0.010996699	0.18655586	-0.43698305
0.9101323	0.9584704	0.48290414
0.61538607	0.610585	0.5677814
0.14454669	0.69511354	0.1039291
0.9178464	0.12540513	0.5643059
0.8143999	0.6260249	-0.26666293
0.3967232	0.90983045	0.1244927
0.8562654	0.67985374	-0.33283764
0.54048705	0.47999656	-0.41424423
0.26042807	0.73337156	0.2867594
0.9991334	0.6830028	-0.7338189
0.21901923	0.46280497	0.39710957
0.6234111	0.59342945	0.6894812
0.34398305	0.34806442	0.603018
0.9184767	0.6904876	-0.030713405
0.7137417	0.1400947	0.27614972
0.27784508	0.479989	0.6020713
0.94053143	0.7431822	0.12189791
0.07917559	0.15098685	-0.0922359
0.43327487	0.97920257	0.34477794
0.40463048	0.73561555	0.0993881
0.52409554	0.8747914	0.12460444
0.76091677	0.22663385	-0.44609675
0.35644895	0.12186825	0.465436
0.16355091	0.1903581	-0.20270577
0.67912275	0.14874637	0.5441449
0.8404231	0.3475631	-0.4000431
0.7694523	0.87890875	1.0669094
0.30492473	0.06984085	0.8422626
0.30230534	0.42760313	0.6591794
0.6514568	0.5686723	1.1429715
0.90751016	0.14285028	0.63843286
0.58331925	0.528225	-0.0728805
0.85806125	0.2917419	-0.022007806
0.76143503	0.5071174	0.083828285
0.39987856	0.17505348	0.10206099
0.970737	0.36026293	-1.0581976
0.6603969	0.08788216	0.59912336
0.83304286	0.5170706	-0.51594436
0.97032404	0.42510438	-1.0186204
0.056400597	0.564859	-0.45829433
0.28055358	0.74954766	0.22892515
0.95281714	0.08602309	-0.0181115
0.37245882	0.65000606	0.08198702
0.6143516	0.74559027	0.5743432
0.4824108	0.509428	-0.20021763
0.61111283	0.7106571	0.46768725
0.94165397	0.5562923	-0.27137432
0.9233197	0.23080432	0.3771178
0.09524214	0.77145314	-0.034275047
0.6219672	0.5370943	0.5991555
0.5511646	0.66231287	-0.14290138
0.7261653	0.4094935	0.4031388
0.9113963	0.24394637	0.42674354
0.78041804	0.9910513	0.96298814
0.4991821	0.41594684	-0.35611427
0.72866005	0.432289	0.43063408
0.6198874	0.42504722	0.32458073
0.9173712	0.8045683	0.17771618
0.39536154	0.60859895	-0.03289903
0.14667064	0.91092753	-0.06645918
0.47384363	0.8312163	0.26278743
0.15161425	0.74203444	0.094760984
0.41472018	0.25302374	-0.08227337
0.47816288	0.8936743	0.22226514
0.4143092	0.64940053	-0.026892459
0.37926203	0.35189426	0.27819267
0.8409883	0.31969965	-0.38271815
0.92091995	0.19667345	0.42286217
0.50150114	0.54617465	-0.17492476
0.15333247	0.8250972	-0.008122487
0.362562	0.96420455	0.06290803
0.08046359	0.6464762	-0.19645134
0.322834	0.64390427	0.3364251
0.039474547	0.26872802	-0.2836018
0.17324609	0.5161207	0.21867123
0.9996334	0.07178795	-1.0134412
0.92913437	0.78259444	0.23058146
0.8014354	0.80274695	0.38165557
0.20464331	0.6844103	0.37740904
0.6442172	0.996539	0.14304379
0.1815502	0.32563788	0.076985754
0.5522166	0.3504358	-0.50988394
0.23715019	0.18158531	0.5215565
0.56691575	0.03047365	-0.7185414
0.5121664	0.9904292	0.12647486
0.48973924	0.42885035	-0.29300538
0.96712816	0.7583176	0.16170886
0.49698323	0.17070794	-0.4937969
0.17852008	0.44675702	0.14655413
0.4962175	0.3161052	-0.43336532
0.78009814	0.71453446	0.45425743
0.5345706	0.6353193	-0.18169703
0.4505965	0.75738615	0.20402773
0.16565686	0.4901958	0.14571935
0.2885458	0.29411328	0.68281555
0.016847849	0.8744715	-0.4579717
0.9506013	0.55569917	-0.43388858
0.37632203	0.7712787	0.02481429
0.111101925	0.7775827	-0.023661766
0.50228125	0.5749747	-0.12115558
0.7226231	0.14789343	0.17616636
0.32358617	0.96388	-0.09540675
0.8613073	0.7110817	-0.2621025
0.46880615	0.16087931	-0.2800752
0.6647517	0.5701589	1.2601306
0.22218359	0.999946	-0.121502474
0.026880026	0.72954726	-0.65129197
0.06537652	0.8239772	-0.1294452
0.25826406	0.104183495	0.80548686
0.5493596	0.15807986	-0.6023429
0.18486995	0.5784443	0.30068293
0.42362642	0.73399395	0.08403185
0.85378474	0.45416373	-0.30314374
0.28464156	0.8112165	0.10900847
0.9973024	0.35998714	-1.7953202
0.39900672	0.32593858	0.06544693
0.51941985	0.7339391	-0.01794358
0.6895149	0.6674185	1.5237842
0.3013209	0.072553635	0.85135597
0.0319888	0.27428758	-0.45110196
0.89159644	0.96873146	0.26642802
0.68890136	0.8488299	1.3919173
0.44873065	0.19772899	-0.25988263
0.058238745	0.605115	-0.4438065
0.5713889	0.7674181	0.061050147
0.473728	0.7229169	0.047036745
0.12852871	0.069928765	-0.41069627
0.72583365	0.016662657	0.30714756
0.7192434	0.45055544	0.7280122
0.90410453	0.73474544	-0.072126545
0.22728765	0.599547	0.44362482
0.31432265	0.37536454	0.65165997
0.22295362	0.23645884	0.46831354
0.26628458	0.29106593	0.5767629
0.61939394	0.17897528	0.11662296
0.565292	0.18190342	-0.5549487
0.29802322	0.6056667	0.44472024
0.4155715	0.111508906	0.04188178
0.42449808	0.35930455	-0.1804146
0.12720674	0.80343497	0.030029092
0.83397484	0.97890323	0.2855663
0.60388356	0.24228823	-0.08251512
0.55213714	0.09570891	-0.6914214
0.44130582	0.53575283	-0.10542241
0.9241471	0.38786912	-0.056896493
0.71674836	0.07305503	0.3212197
0.02093798	0.9632416	-0.17429748
0.66077924	0.748991	1.293724
0.21197146	0.16782212	0.3560371
0.75317866	0.09202808	-0.1728363
0.49336278	0.6095365	-0.10124304
0.35224962	0.5250747	0.42344588
0.6466359	0.6232224	1.1848881
0.32137537	0.111159444	0.76243585
0.7228584	0.52729315	0.93050104
0.6389598	0.5154305	0.9597869
0.66205657	0.585164	1.368953
0.9383692	0.17742169	0.2187571
0.8665673	0.46215105	-0.21078753
0.35370517	0.29628062	0.48071167
0.7177716	0.2614277	0.24921098
0.47672164	0.7850251	0.20397744
0.6607941	0.77492005	1.3542148
0.60487574	0.43075484	0.09655705
0.24740732	0.42968285	0.5481286
0.77075636	0.30343157	-0.50332916
0.6325632	0.24957466	0.32355073
0.6257638	0.59282005	0.7583467
0.80373716	0.9223753	0.58516103
0.34387815	0.13103533	0.6536185
0.054373443	0.2786675	-0.229799
0.012364268	0.113040745	-0.13667494
0.70225865	0.2890184	0.50033355
0.6555185	0.84774333	1.0219493
0.079279065	0.059033155	-0.044863995
0.22799033	0.93904626	0.009907884
0.17490053	0.33339047	0.025591942
0.13661665	0.21408623	-0.37409294
0.35383928	0.03903365	0.63366795
0.78418636	0.3462929	-0.6181441
0.13655967	0.18757278	-0.28185993
0.9151125	0.039478958	0.5736198
0.35854155	0.042170405	0.5199105
0.898174	0.98965317	0.42138124
0.8873929	0.7603445	-0.14767028
0.51134616	0.6625605	-0.0684273
0.17163086	0.8471615	0.081650816
0.48498768	0.81017125	0.23131298
0.8491691	0.51419497	-0.46414426
0.53743696	0.26955253	-0.5290839
0.07025707	0.2534355	-0.17764594
0.29193437	0.39420766	0.75635165
0.26619357	0.40632486	0.6049851
0.22435308	0.09893572	0.5355697
0.9033886	0.55250657	-0.081761405
0.37820178	0.9865447	0.13583122
0.6125556	0.24260378	0.045245074
0.31796473	0.060821235	0.8074189
0.42421925	0.2977053	-0.08755123
0.19902623	0.84005094	0.18204525
0.51668507	0.1250714	-0.5713862
0.9184227	0.50150234	-0.08648267
0.40173042	0.34082878	-0.013154604
0.81866485	0.48214066	-0.52701104
0.021771848	0.9597385	-0.24810627
0.49484217	0.6529024	-0.00863219
0.07094258	0.776357	-0.17740476
0.9528325	0.048793912	0.10974444
0.4959612	0.4706319	-0.28348324
0.023991764	0.7272986	-0.7415505
0.92522216	0.15850788	0.49390668
0.75930387	0.791421	1.0347455
0.13518631	0.89508384	-0.04484663
0.16594422	0.8775201	0.06703742
0.088311076	0.7596403	-0.08281712
0.4809823	0.23963809	-0.32267004
0.9639983	0.26887047	-0.67626476
0.15739459	0.6139207	0.11539821
0.18797773	0.2125392	0.02525635
0.12299383	0.026841402	-0.41842973
0.08998215	0.10206735	-0.1239225
0.103803754	0.1687625	-0.20450191
0.38232517	0.26827258	0.282294
0.9549886	0.56265116	-0.515567
0.666048	0.15186948	0.5131612
0.780399	0.06571448	-0.40908787
0.89258265	0.15925199	0.5825983
0.539313	0.8147203	-0.061830156
0.8492938	0.744994	-0.20534274
0.43060577	0.4635021	-0.19684513
0.72665954	0.4964161	0.7168445
0.83265597	0.96346664	0.33740175
0.29235584	0.00431931	0.8280728
0.3848353	0.6156068	0.0964174
0.9290637	0.66046906	-0.087278746
0.80288523	0.56795526	-0.24216622
0.17947245	0.8628477	0.03987945
0.8563125	0.69223475	-0.32149643
0.9260566	0.56395	-0.21800151
0.9947607	0.7066131	-0.5239026
0.37481004	0.94339067	0.087159485
0.8885704	0.9125163	0.16409309
0.5587604	0.08664119	-0.631228
0.16815406	0.30376905	-0.08326298
0.6145646	0.7220764	0.5573042
0.63873804	0.577006	0.98933864
0.57635725	0.99502283	-0.32889366
0.6248672	0.94218206	0.19670787
0.97083414	0.3279475	-0.9951585
0.27436572	0.43090552	0.6069262
0.5785465	0.28275955	-0.4284252
0.5120261	0.5897688	-0.11414746
0.22199535	0.39343667	0.4214132
0.5462804	0.34769112	-0.49974498
0.8210074	0.7569225	-0.022865267
0.31060034	0.5135636	0.5503562
0.041676164	0.65031356	-0.63656074
0.39726073	0.86547834	0.13328688
0.5557606	0.7642076	-0.0612468
0.7951076	0.7205436	0.2513259
0.9996937	0.3633895	-1.7655573
0.9207423	0.35567337	0.09791931
0.6800948	0.89473563	1.1996022
0.8525396	0.35333914	-0.21133317
0.11191034	0.94427454	0.010833263
0.7719509	0.99981415	1.067878
0.83529663	0.06767571	-0.25397348
0.6981872	0.81481147	1.4712006
0.93519586	0.92108995	0.7381477
0.60273033	0.656364	0.39736325
0.48186743	0.4414665	-0.2215899
0.11201149	0.53072613	-0.1399259
0.9797002	0.89661455	0.8649954
0.72397935	0.1894564	0.10668897
0.7674371	0.9600469	1.1134549
0.7656259	0.4104274	-0.24448979
0.21047044	0.22270024	0.31230778
0.72804666	0.9385988	1.3441082
0.47025055	0.6619855	0.024706304
0.51787955	0.9348631	0.12953155
0.11479783	0.27806634	-0.25718534
0.15888268	0.59254533	0.18704833
0.036119163	0.7863948	-0.37211195
0.9025963	0.920148	0.2921458
0.6469716	0.8892816	0.80169284
0.7189511	0.69499785	1.3990856
0.7835158	0.98861814	0.914465
0.753897	0.6086556	0.57888645
0.69824564	0.7345436	1.5683701
0.015177727	0.6398199	-1.0395503
0.06391436	0.061339617	0.14946204
0.92648697	0.6833855	-0.06140817
0.3484202	0.10033262	0.54883826
0.40418798	0.41020054	-0.031240359
0.26885813	0.5096351	0.49727482
0.37418658	0.28053075	0.35034457
0.76810527	0.050536275	-0.31671453
0.08624488	0.024287343	-0.103119984
0.72862095	0.84849614	1.3834369
0.54426163	0.061413705	-0.71955794
0.20419556	0.79493773	0.2479781
0.81672317	0.2922895	-0.64827675
0.05106908	0.54584086	-0.5076489
0.22822076	0.6858951	0.39308026
0.19634843	0.077563226	0.21860845
0.5205481	0.051038742	-0.72634774
0.82228583	0.8046198	0.11951184
0.80058366	0.07588053	-0.52810645
0.42594576	0.27339137	-0.14533177
0.2147184	0.08048469	0.3583125
0.29693896	0.7371086	0.24182892
0.33449847	0.00048410892	0.7600938
0.7195306	0.24493617	0.2322592
0.48747647	0.44312334	-0.24109466
0.55050707	0.7111792	-0.08214795
0.22318226	0.39104056	0.43998003
0.769715	0.016739786	-0.26210418
0.5924252	0.8444195	0.096038066
0.85035515	0.33077902	-0.20053661
0.54538864	0.9337469	-0.05044741
0.47248614	0.8504917	0.27647868
0.42869407	0.2219975	-0.13991201
0.03760904	0.4392659	-0.71605885
0.18836355	0.98792934	-0.16681276
0.2630353	0.013766587	0.91140306
0.019693077	0.57021016	-1.0481094
0.055713594	0.36889476	-0.38255292
0.8372557	0.54522717	-0.5140949
0.4074962	0.7116978	-0.023413073
0.3737402	0.30596727	0.3122125
0.8455067	0.22236282	-0.113048114
0.527202	0.4113956	-0.40264574
0.54562604	0.9756502	-0.1331178
0.788154	0.43434238	-0.4627686
0.6069601	0.37633163	0.124584086
0.9018153	0.42811304	0.10914297
0.0029588342	0.057246804	-0.12141566
0.4679814	0.082931995	-0.3834518
0.16426665	0.24144804	-0.16834232
0.39050424	0.35835373	0.09634659
0.1619646	0.014245689	-0.24431105
0.29367203	0.10102826	0.8200052
0.8065676	0.7092303	0.047358394
0.7083599	0.9613408	1.20591
0.16564655	0.09229684	-0.15537015
0.42910802	0.8201489	0.14228663
0.13263422	0.8760373	-0.038121272
0.3405609	0.96757543	-0.031037778
0.29222357	0.56776094	0.5341245
0.8054636	0.7377991	0.09037368
0.74074274	0.52014303	0.60591286
0.8272459	0.7505975	-0.049988832
0.25379997	0.98351073	-0.20220956
0.10896671	0.8747933	-0.011818837
0.0779385	0.85207343	0.0047609843
0.8753199	0.14373648	0.36579704
0.37758887	0.03375846	0.3202198
0.5566307	0.25142127	-0.4961612
0.2374748	0.9967557	-0.16594514
0.14767587	0.6058909	0.13422225
0.50227386	0.30550313	-0.3766828
0.5541701	0.29679406	-0.46438578
0.7482387	0.90439165	1.2185705
0.22798938	0.09242052	0.58608127
0.62697744	0.19858056	0.27508157
0.9789695	0.21418417	-1.0233454
0.2919405	0.40834594	0.6778222
0.26138997	0.2892651	0.6036831
0.53475195	0.6315162	-0.17380331
0.717097	0.4761318	0.83819336
0.025183856	0.31192565	-0.6313699
0.9839748	0.788046	0.15459718
0.41372722	0.9257217	0.2084086
0.0069375634	0.97882533	-0.4474839
0.19147289	0.9529245	-0.056671288
0.81075966	0.1597386	-0.48988545
0.15108716	0.94867176	-0.14813648
0.9576502	0.6556275	-0.25594294
0.5985871	0.3299693	-0.11447482
0.38218945	0.50796676	0.08227405
0.77765954	0.023063838	-0.3273659
0.75163335	0.536606	0.381176
0.6221052	0.3936975	0.41004646
0.18654388	0.8101223	0.14083
0.55747825	0.4219454	-0.3733954
0.06741148	0.42727888	-0.39240044
0.22114092	0.10320401	0.5080781
0.94180995	0.4729095	-0.34612364
0.94016194	0.60836685	-0.22321565
0.03909707	0.668206	-0.52886575
0.94951135	0.022621334	0.21278435
0.7345553	0.93243927	1.3287456
0.16481596	0.6938703	0.20240524
0.59848565	0.4282478	0.01834302
0.60199505	0.459207	0.15704125
0.30836278	0.5540162	0.5443545
0.46157742	0.06229961	-0.33559397
0.88777995	0.53888184	-0.17351082
0.83355546	0.5828022	-0.4137724
0.91656834	0.4114082	0.09023387
0.69951606	0.0348472	0.63620025
0.1248886	0.6660297	-0.025705433
0.7097519	0.44783318	0.79360425
0.4484554	0.97397286	0.36891422
0.68776155	0.097109735	0.5491862
0.8927165	0.8888554	0.13986227
0.21773028	0.36124045	0.3868635
0.98701805	0.85806644	0.5408353
0.007740736	0.34008813	-0.9758575
0.11621809	0.52816963	-0.12007223
0.48747128	0.76381737	0.17491075
0.11189288	0.060073733	-0.27552348
0.7584007	0.48936516	0.107576884
0.73812234	0.4979735	0.5373152
0.3668747	0.995964	0.043771625
0.767327	0.89652336	1.05878
0.130647	0.19468701	-0.3061221
0.39723474	0.1724518	0.18878108
0.5027782	0.17649734	-0.45326316
0.50509334	0.39148825	-0.38797185
0.1525861	0.7825297	0.044133097
0.39095724	0.34669405	0.1225535
0.6571262	0.9949409	0.4412133
0.4189118	0.7030323	0.0007442171
0.93723613	0.23102808	0.11399646
0.7747847	0.37658995	-0.49205658
0.03464377	0.10535908	0.049029637
0.009920418	0.72878337	-0.95720494
0.98300195	0.75554603	-0.045947403
0.34618515	0.28414428	0.560897
0.6720404	0.20160788	0.553681
0.59462374	0.2732457	-0.15998888
0.02288866	0.22748274	-0.3633124
0.55788416	0.5128938	-0.34358206
0.54389423	0.094973445	-0.62994665
0.7398209	0.08689344	0.03388214
0.46154994	0.81645155	0.2895029
0.99254113	0.5496344	-1.26645
0.4217325	0.09227502	-0.056795992
0.58709925	0.3376363	-0.20492549
0.629989	0.114461005	0.2868198
0.7815103	0.35477334	-0.54697454
0.8895554	0.0188573	0.5053066
0.44207275	0.20770133	-0.15951025
0.36901438	0.4105044	0.3088165
0.018383265	0.2570578	-0.42076027
0.91081035	0.97440314	0.5486486
0.50632256	0.87007785	0.1940002
0.94798744	0.62063783	-0.2357397
0.7369143	0.39470482	0.23809956
0.14943182	0.52065843	0.07331438
0.99073017	0.3835783	-1.5826454
0.8254082	0.847441	0.16019832
0.98508215	0.12784564	-0.87535393
0.85685486	0.514852	-0.36214364
0.14329946	0.4929973	0.0005792631
0.5754705	0.07688171	-0.5494587
0.37968582	0.606551	0.090219125
0.29859954	0.3818676	0.6976897
0.9094414	0.8196455	0.12731458
0.5684677	0.6908188	-0.13445887
0.57980245	0.8912108	-0.04616971
0.7869152	0.0449301	-0.4831458
0.98686033	0.6488068	-0.6637368
0.14024556	0.4701041	-0.020082284
0.7550899	0.83296937	1.1114688
0.32969052	0.52855885	0.48788542
0.07644069	0.894734	0.02862097
0.82306737	0.8654587	0.2541922
0.5926482	0.10412091	-0.35508588
0.2145462	0.9980254	-0.16559683
0.15894032	0.8061292	0.06453516
0.75410384	0.6436318	0.7308612
0.18340886	0.20810288	-0.009875646
0.18352753	0.2976272	0.056806996
0.4509812	0.07971883	-0.23743707
0.9423165	0.20043308	0.06002986
0.32592958	0.3533138	0.697727
0.8826584	0.8513777	-0.0013336856
0.09112519	0.42103535	-0.20862895
0.22080898	0.8784945	0.13373362
0.8326326	0.017341018	-0.17509173
0.7025171	0.84573543	1.435768
0.1722359	0.9394877	-0.1172224
0.5633209	0.41854006	-0.35539544
0.35509574	0.6278385	0.21662162
0.72046345	0.7347241	1.4767573
0.91728574	0.81486595	0.23343967
0.81830335	0.626568	-0.22562626
0.95539457	0.5775773	-0.47004005
0.62025225	0.41799104	0.39791763
0.52162004	0.8595274	0.1145519
0.29517865	0.32616967	0.7223119
0.114133775	0.071965516	-0.321608
0.67365396	0.44815862	1.0096403
0.027992368	0.16306585	-0.1428881
0.031878352	0.39912927	-0.7107534
0.87309957	0.8485082	-0.048924066
0.7364532	0.6618454	1.1121881
0.16080225	0.24896336	-0.124606974
0.9517189	0.49308693	-0.50276846
0.9334167	0.59999335	-0.1893247
0.8178719	0.21203572	-0.5469877
0.47935247	0.1908949	-0.35233015
0.3034501	0.98803115	-0.22416092
0.8467348	0.5702504	-0.4151542
0.47315538	0.5324436	-0.16399157
0.24649602	0.2540496	0.5314357
0.19495803	0.1696338	0.11109044
0.18152362	0.9122201	-0.009418095
0.12622833	0.22346574	-0.3377542
0.83536	0.6200325	-0.35753557
0.81934243	0.29996133	-0.6045292
0.70243984	0.44090354	0.90108496
0.44845802	0.8708621	0.30388364
0.17155284	0.3106585	-0.007607551
0.20480412	0.27725828	0.23533477
0.03184545	0.8141133	-0.38038567
0.8853895	0.073519826	0.5089165
0.906237	0.8813399	0.26069072
0.030793846	0.64931875	-0.74867463
0.6776334	0.0124486685	0.70680946
0.2384705	0.31127608	0.50844395
0.10180032	0.0781396	-0.2569593
0.44659817	0.68648547	0.03194524
0.8482	0.15066296	0.00031247362
0.52323735	0.38090247	-0.40946972
0.13945907	0.21012354	-0.3556045
0.074468374	0.3214842	-0.2427993
0.92891324	0.7678263	0.177932
0.18776232	0.7795093	0.25437686
0.72846806	0.4530189	0.5565915
0.14153695	0.1910283	-0.28436756
0.5212329	0.04044366	-0.73000616
0.016441584	0.85638463	-0.5225677
0.09983486	0.46997845	-0.22128798
0.08534962	0.4488781	-0.32274085
0.47243738	0.6040088	0.009350546
0.28182882	0.6695302	0.36775506
0.94877654	0.41687256	-0.49109694
0.59262955	0.62767166	0.13340834
0.88627607	0.31626648	0.29214025
0.57027984	0.72443277	-0.055695537
0.70656484	0.3525167	0.5891316
0.49694115	0.21365005	-0.37944528
0.47053182	0.40797812	-0.24934976
0.5056723	0.41396946	-0.32600757
0.8055711	0.80285305	0.35511407
0.36818594	0.6432073	0.13097519
0.45630348	0.86586297	0.28318638
0.88009864	0.64929324	-0.22925352
0.8496566	0.72721195	-0.27195385
0.3564394	0.2418437	0.5457696
0.5448362	0.07050824	-0.70804214
0.3343014	0.5749478	0.4021756
0.7617839	0.6883915	0.689498
0.16238457	0.968318	-0.18054028
0.6971305	0.49916953	1.1103898
0.98849124	0.55793345	-1.1411693
0.685845	0.050969303	0.67240155
0.05170518	0.23471445	-0.20965393
0.45267314	0.74224794	0.09667494
0.008950174	0.7738279	-0.81954277
0.49136293	0.32337958	-0.3471193
0.21987903	0.36561835	0.39838117
0.63122267	0.45741284	0.5906305
0.10357773	0.5710489	-0.13339417
0.52181035	0.2668507	-0.53148437
0.06790489	0.14816779	-0.07775943
0.36429346	0.13035762	0.4954844
0.76799864	0.79836047	0.9314757
0.19074816	0.9679948	-0.12566063
0.17314953	0.75191796	0.21595313
0.52733094	0.14540195	-0.6314755
0.84627324	0.663093	-0.3366717
0.7706442	0.07711303	-0.3903491
0.665495	0.85851	1.1437521
0.89458627	0.94446594	0.25330433
0.124702215	0.748106	0.010768409
0.51102275	0.72192764	0.002404146
0.123651445	0.61535895	-0.029283777
0.8639706	0.96930283	0.14667714
0.025132477	0.8962417	-0.2503772
0.057993054	0.9876249	0.14642413
0.11860949	0.45935643	-0.123987935
0.15784788	0.4353562	0.051332086
0.11163938	0.6177077	-0.041602872
0.4015274	0.642477	0.0042686313
0.49315828	0.82020885	0.27213705
0.20682204	0.34633827	0.28615353
0.30297744	0.013168037	0.82983255
0.28964698	0.04221183	0.85460776
0.22048527	0.26286215	0.3839084
0.22810513	0.7491391	0.32256594
0.22691143	0.73607063	0.36190858
0.774347	0.07038891	-0.41760415
0.63454473	0.8972261	0.47626722
0.72313595	0.34059876	0.20474808
0.4152649	0.093108594	-0.02053152
0.3828931	0.23277336	0.22659533
0.59423023	0.3712201	-0.10180672
0.18049973	0.92244345	-0.083935454
0.81450295	0.97568	0.49667323
0.301441	0.9197619	-0.076790586
0.78010255	0.122953415	-0.5399636
0.8219667	0.008851409	-0.31212944
0.9130967	0.32862228	0.28382254
0.6773942	0.48204976	1.1462405
0.80990744	0.1388942	-0.62448925
0.30685133	0.43542784	0.6690437
0.5399929	0.61040926	-0.21122806
0.31333876	0.13315284	0.84000856
0.9179248	0.43649668	0.022155255
0.45348716	0.0403201	-0.23797664
0.009569645	0.11771214	-0.20844944
0.92943203	0.46681178	-0.20647442
0.47769105	0.6121317	-0.049345106
0.89227825	0.9772548	0.27379882
0.44617164	0.32931376	-0.1750915
0.15219283	0.5780757	0.06692788
0.9717531	0.08247119	-0.39554757
0.41941065	0.8662004	0.19321054
0.35470092	0.53289646	0.3539261
0.6478927	0.10468125	0.47076994
0.65836084	0.32513243	0.7248089
0.69331276	0.2811163	0.6611326
0.4547118	0.75783527	0.16974705
0.88116217	0.29509538	0.23338234
0.1338827	0.0704999	-0.4043546
0.4745463	0.09378445	-0.38457006
0.011700273	0.25367248	-0.6122126
0.30596042	0.25886726	0.7665188
0.37889034	0.51668936	0.18725403
0.6499354	0.13193733	0.41330782
0.44098938	0.18788427	-0.16287352
0.5387322	0.510916	-0.32067078
0.9431533	0.3615538	-0.33746907
0.553776	0.9910406	-0.18154252
0.6476075	0.10051453	0.42562222
0.33917022	0.25518042	0.6209408
0.17524123	0.45707804	0.16937158
0.2333973	0.22748739	0.47691685
0.5149394	0.98428607	0.105931565
0.72013915	0.40127218	0.48054558
0.7006028	0.47033268	1.0064913
0.70156956	0.15515763	0.3914098
0.21850324	0.22116756	0.3937567
0.3933941	0.67971385	-0.00504357
0.31383085	0.6137538	0.42992672
0.955058	0.35423654	-0.54705715
0.4887607	0.6545134	0.088182144
0.5781509	0.7938348	0.0055891443
0.36297446	0.8056855	0.10097716
0.15505111	0.8509123	-0.017747074
0.100348055	0.79170233	-0.061640013
0.8046585	0.30086416	-0.695805
0.6136139	0.08337265	-0.013841644
0.47409922	0.9842856	0.3112564
0.73715436	0.30790526	0.032652024
0.4471981	0.5715793	-0.17167704
0.18824428	0.31315947	0.16612627
0.71181226	0.8422023	1.4635482
0.4280259	0.39769983	-0.20354238
0.7334313	0.3957467	0.33409205
0.13149673	0.7807394	0.0018183333
0.06103301	0.5911735	-0.43965116
0.62720835	0.06267178	0.20990014
0.46859485	0.67307526	0.106994405
0.44429427	0.9157649	0.26135474
0.6840658	0.22801876	0.57140315
0.61433244	0.876676	0.24291652
0.57437027	0.20361346	-0.5006679
0.47112584	0.39929974	-0.23013763
0.05973494	0.9691891	0.095597
0.13819826	0.8981209	-0.100002296
0.9923898	0.3887924	-1.5837997
0.95892584	0.67655057	-0.18380375
0.21127248	0.2637776	0.3073343
0.09120095	0.7326676	-0.082947604
0.34667838	0.63078904	0.25081128
0.46173674	0.63594615	0.020334862
0.27572203	0.41388088	0.67103446
0.8165174	0.6195923	-0.32184872
0.76681554	0.90318733	1.0742317
0.4768604	0.6252374	-0.050847236
0.8933086	0.26063472	0.43027735
0.58616817	0.8481444	0.050080605
0.9566035	0.51142097	-0.6443228
0.70594573	0.58138573	1.2158089
0.93513674	0.57090884	-0.19807388
0.6417658	0.7248433	1.0884856
0.20939505	0.19435495	0.35738218
0.77024835	0.18276149	-0.54377866
0.38992208	0.53578264	0.020897828
0.73768234	0.27332908	-0.09739811
0.4480909	0.031166017	-0.2535545
0.09508163	0.7166003	-0.11261091
0.8770263	0.32349896	0.14182681
0.089375675	0.7528385	-0.059984606
0.09151012	0.9105562	0.002688989
0.4830249	0.02072823	-0.58050734
0.5411591	0.1088475	-0.6392626
0.1371026	0.6559096	0.080293305
0.5664795	0.6772963	-0.09560697
0.8447063	0.13947928	-0.12944473
0.15227658	0.55345166	0.080942206
0.024708867	0.82959396	-0.41308844
0.08087003	0.24866676	-0.16813414
0.004459858	0.15937388	-0.4342606
0.73637843	0.7686762	1.3397162
0.8536288	0.07807839	0.032352533
0.1306994	0.7172061	0.057527542
0.6301468	0.8460996	0.634168
0.6577706	0.99799687	0.34274098
0.065990746	0.60082704	-0.302859
0.9777578	0.53492105	-1.0213994
0.78912896	0.8224071	0.6568842
0.75024176	0.8595807	1.2228479
0.7888827	0.73503053	0.39660648
0.8839151	0.9153759	0.10382779
0.4923494	0.84950626	0.23350191
0.6351153	0.9130174	0.4250522
0.29731303	0.9547831	-0.15232997
0.44619387	0.44393462	-0.19348294
0.8757165	0.62630796	-0.25304145
0.30716908	0.7061449	0.25399786
0.06594658	0.28229034	-0.18845256
0.55397326	0.19676226	-0.5079149
0.7731163	0.46944982	-0.21832557
0.05914581	0.29650557	-0.30369663
0.74544483	0.5294756	0.42834207
0.039913535	0.15011066	-0.07606187
0.018095195	0.45233	-0.93562233
0.44301647	0.87474406	0.26290384
0.35633087	0.9205964	0.062376764
0.579603	0.29531312	-0.34138277
0.2864254	0.68997693	0.34221476
0.3160345	0.5050126	0.58208007
0.09854078	0.044323802	-0.25341335
0.90380746	0.40452236	0.12566803
0.29712623	0.40763777	0.715563
0.78436285	0.7932438	0.61617905
0.4870298	0.037652552	-0.595113
0.92920494	0.093788624	0.4764359
0.9067429	0.66252625	-0.090016015
0.3061177	0.7113191	0.29626033
0.16537273	0.90951324	-0.055927575
0.9259137	0.2460481	0.2844534
0.32772547	0.6449023	0.2764417
0.4535967	0.2084502	-0.2977048
0.23652184	0.009590924	0.7307919
0.26918554	0.5719829	0.44011843
0.37377173	0.5841991	0.15989321
0.5853901	0.7405318	0.108334765
0.34364474	0.84705764	0.058565136
0.2890464	0.6881638	0.33484095
0.011062503	0.61185503	-1.1635016
0.5407381	0.9950688	-0.098821916
0.4731627	0.020925522	-0.45231372
0.058379054	0.1043514	0.037302162
0.8685224	0.17984599	0.3106072
0.11458415	0.20062357	-0.32542244
0.64486504	0.0030414462	0.4208541
0.32714516	0.7061728	0.20572281
0.15557241	0.580771	0.06504503
0.7123169	0.72301364	1.5033579
0.9583409	0.27645594	-0.4582609
0.38284504	0.9120371	0.13432653
0.3710335	0.19435358	0.41307294
0.8945928	0.36738718	0.20622315
0.46842504	0.15625066	-0.2997142
0.4764129	0.9254764	0.33946064
0.5019005	0.28012192	-0.48301145
0.4090631	0.76375777	0.060758706
0.31139916	0.002016008	0.7626948
0.7050598	0.7125354	1.5690511
0.89182	0.19999623	0.5731285
0.30062515	0.1349718	0.7965301
0.9128843	0.9150834	0.4273153
0.1726489	0.057579875	-0.13356762
0.20540297	0.25206983	0.2182141
0.15626323	0.400052	-0.041697565
0.9007207	0.26075262	0.40254202
0.5798757	0.5086848	-0.09954041
0.49425375	0.038487732	-0.57364404
0.7881703	0.6244371	0.11544995
0.58340365	0.038366616	-0.52380586
0.35859478	0.12554657	0.5906566
0.4051097	0.5936964	-0.058877923
0.8016403	0.35408866	-0.6624545
0.66527426	0.37815464	0.80110335
0.22653246	0.48300928	0.55034363
0.9569715	0.2395876	-0.3889171
0.265334	0.519041	0.56380117
0.472709	0.29877883	-0.31357935
0.52252185	0.017665923	-0.82051194
0.7553153	0.7610055	1.0152597
0.42257476	0.22126085	-0.07177353
0.5973367	0.39472324	0.01679089
0.31650192	0.9735315	-0.15742671
0.2930116	0.14303088	0.7679615
0.5462556	0.48147535	-0.38950646
0.5949692	0.51245207	0.06772142
0.06863171	0.46541578	-0.42212543
0.31779528	0.66768885	0.30090627
0.24511266	0.07834941	0.6898441
0.76392764	0.5017179	0.09886961
0.18354547	0.67279404	0.30375233
0.15544474	0.42753696	0.024490003
0.112932265	0.94225794	-0.067949444
0.87369204	0.86939645	0.012714811
0.08441943	0.1716789	-0.12440135
0.28585786	0.88666624	-0.04406217
0.54952866	0.2707762	-0.55892223
0.6742026	0.2862528	0.643975
0.09286624	0.39132196	-0.26481295
0.72630924	0.033297956	0.23563056
0.6864957	0.83018845	1.4497973
0.5235409	0.7782903	0.06205013
0.6480767	0.73638105	1.1913986
0.30684525	0.97438973	-0.14067788
0.76158774	0.1996994	-0.39949417
0.8298476	0.030145764	-0.32300037
0.6825585	0.08631635	0.62004626
0.30175632	0.42777902	0.6755871
0.92202973	0.23584688	0.33354834
0.6194343	0.21970165	0.17532618
0.0037369132	0.8587506	-0.6840989
0.25962692	0.31609672	0.54563534
0.23531276	0.80961746	0.28371543
0.0050964355	0.83832085	-0.7925396
0.906883	0.016171038	0.55081785
0.7838644	0.5177878	-0.2217373
0.5363794	0.9578554	-0.030979382
0.4270147	0.67076117	-0.05532629
0.83404475	0.02159506	-0.2507382
0.087454736	0.5140813	-0.19907686
0.9875331	0.9490671	1.1029824
0.27740747	0.2098118	0.7645478
0.6357815	0.22964948	0.37354407
0.7118758	0.9260114	1.2957134
0.89525104	0.92582405	0.2599247
0.50474	0.92534405	0.20932831
0.42139834	0.023388922	-0.029368179
0.7604826	0.9934406	1.0590771
0.2517107	0.5316588	0.49245915
0.053568363	0.2795092	-0.21555285
0.276065	0.87100214	-0.01976303
0.41974854	0.9710038	0.2604193
0.1404593	0.93864995	-0.124985225
0.5632059	0.5949805	-0.17563654
0.751822	0.6894283	0.91881627
0.672647	0.59659725	1.4431467
0.22784948	0.67735255	0.4156041
0.7677093	0.8854052	1.0654986
0.5813154	0.21206313	-0.39551294
0.50364107	0.9589964	0.15345727
0.90671116	0.68731415	-0.09125306
0.1880213	0.9884144	-0.19881874
0.88322854	0.07500529	0.4267512
0.5218056	0.036657214	-0.7951258
0.98815495	0.6491281	-0.6587807
0.83114016	0.8600863	0.102745265
0.09157616	0.4015298	-0.24114084
0.82966673	0.089163125	-0.34312987
0.6219436	0.20630807	0.20496377
0.63253254	0.9116958	0.39824057
0.9153806	0.044659376	0.53641456
0.14830905	0.7401105	0.04265027
0.6609578	0.90069485	0.86971086
0.40813923	0.75126046	0.06648542
0.4533118	0.59864086	-0.069690324
0.22232616	0.7800032	0.28723335
0.32756186	0.2021814	0.8051733
0.7334974	0.046445012	0.13238727
0.7159344	0.7224535	1.4799514
0.027246773	0.8966006	-0.29137722
0.9866644	0.6261345	-0.8010928
0.5582044	0.31932455	-0.4631148
0.1265111	0.70234466	0.05563079
0.5704065	0.81691974	-0.017825643
0.19321388	0.98505324	-0.18470387
0.25894028	0.7374286	0.21959364
0.97950554	0.8960628	0.7993289
0.57161736	0.122866035	-0.50872743
0.81181955	0.23387712	-0.58712864
0.6102625	0.17875314	0.011055823
0.21782875	0.3159843	0.3826395
0.64250976	0.13805294	0.42285028
0.2701121	0.054082274	0.90742874
0.59268534	0.78255725	0.16855057
0.12619191	0.7892788	0.043622185
0.7187893	0.1693514	0.21744616
0.34984738	0.0526852	0.52434087
0.1250943	0.13523132	-0.38535586
0.93776196	0.5754345	-0.29886234
0.16678065	0.2877099	-0.042311408
0.8504	0.9272761	0.042831898
0.10066116	0.839587	0.00702646
0.715996	0.5612792	1.0597837
0.43250018	0.096304715	-0.07949394
0.4645608	0.3278293	-0.26178497
0.9152793	0.7834116	0.10103646
0.55738497	0.76245755	-0.0894523
0.04867518	0.46283108	-0.62932664
0.7586067	0.84311044	1.1393812
0.12591726	0.46675867	-0.09884667
0.9631901	0.972767	1.1713521
0.65804905	0.5387532	1.186949
0.2639836	0.644499	0.41244766
0.6043341	0.3257844	0.025031572
0.8365205	0.08768904	-0.18586016
0.59196126	0.4278161	-0.083079174
0.90047926	0.24690878	0.44642755
0.3644519	0.9520116	-0.0035758428
0.35139555	0.8310534	0.100776844
0.4603997	0.31246185	-0.20759104
0.7453144	0.768437	1.2026013
0.97106534	0.65967315	-0.3723506
0.30616635	0.9748774	-0.14249845
0.9070287	0.5802702	-0.106921375
0.57827616	0.33078635	-0.36646253
0.8116993	0.5222483	-0.42805853
0.05728364	0.04527563	0.112077385
0.89720255	0.71744317	-0.12920514
0.5444576	0.3139959	-0.57449085
0.4638343	0.42277986	-0.24045266
0.061498046	0.045262694	0.0927406
0.07739854	0.3833552	-0.2527162
0.69948816	0.48786157	1.1164362
0.5006696	0.5763594	-0.10378255
0.5967341	0.65093714	0.20876205
0.36053556	0.049379945	0.55369025
0.88268626	0.8668147	0.053292215
0.6000447	0.5053067	0.17437457
0.91385543	0.041494608	0.5996478
0.23231834	0.5190112	0.46600974
0.10571337	0.7473074	-0.027564589
0.37686157	0.54888606	0.13083443
0.57258195	0.81356716	0.0009242054
0.6890198	0.23406792	0.52458304
0.8706774	0.65131164	-0.2869269
0.6568698	0.33742046	0.7472038
0.87441266	0.24910069	0.29062355
0.019212127	0.3168003	-0.6434534
0.5627777	0.5584544	-0.22817177
0.27637857	0.33717602	0.70582396
0.6365126	0.9769265	0.19523326
0.09078652	0.42804915	-0.19554366
0.42403448	0.62124044	-0.087620884
0.063419044	0.41413593	-0.4114296
0.39206487	0.63894784	0.048127174
0.10074413	0.76988006	-0.022017885
0.9448731	0.19473302	0.03699399
0.25430477	0.74179846	0.2974452
0.21300495	0.44319898	0.39641613
0.74337333	0.542115	0.5436173
0.13929945	0.34582317	-0.17710125
0.12704664	0.50817466	-0.08696899
0.40161997	0.21480846	0.11258587
0.97645396	0.972152	1.251246
0.4237851	0.0073780417	-0.042964
0.6595214	0.089437604	0.5457709
0.63087565	0.9771786	0.13684177
0.70028514	0.57362264	1.307024
0.2644781	0.8821523	0.01009017
0.0788008	0.080631614	-0.10497163
0.6380681	0.2582081	0.44317096
0.7942022	0.80668914	0.47558036
0.061121345	0.9417218	0.117263176
0.61978585	0.13423228	0.08253176
0.76258945	0.78255945	0.9732831
0.47654366	0.1842162	-0.3931337
0.68149716	0.24494803	0.6033428
0.50843316	0.6426488	-0.11368069
0.6361672	0.30160487	0.50179917
0.3276081	0.28280973	0.6847381
0.36394542	0.85289764	0.01784034
0.7903514	0.6199373	0.033745892
0.033673584	0.22229981	-0.25359508
0.55584	0.92183965	-0.05582076
0.37024206	0.057370603	0.4168526
0.57023185	0.05944711	-0.61491776
0.5709154	0.24368382	-0.4198802
0.22911078	0.36804348	0.43123937
0.29421514	0.77498806	0.17016853
0.049301922	0.045571327	0.15147357
0.9722107	0.7440294	0.03764538
0.94843704	0.6954674	0.0044509843
0.9200642	0.841881	0.28013912
0.15953624	0.9677881	-0.19632605
0.30646217	0.19832116	0.84815294
0.37650293	0.5365366	0.11362891
0.9037862	0.97724366	0.4491421
0.6607861	0.5457427	1.219615
0.11042559	0.2947659	-0.23662882
0.06377685	0.9622074	0.08024341
0.9083008	0.6270044	-0.13463514
0.8909829	0.15233326	0.59082496
0.78032005	0.42959827	-0.40421885
0.19831896	0.3085044	0.19937538
0.24189341	0.61095035	0.48014596
0.6488555	0.6440846	1.2380083
0.95000935	0.74308914	0.09249808
0.16553754	0.45681876	0.0873683
0.94671804	0.13546056	0.1435212
0.0666275	0.6212313	-0.3554983
0.9001681	0.25742328	0.398259
0.097215354	0.68470037	-0.025291566
0.00035339594	0.48142368	-1.2737557
0.98724824	0.41276246	-1.5184774
0.15899849	0.96868044	-0.15536192
0.06072104	0.9326778	0.055632558
0.22777027	0.917569	0.03942557
0.8851656	0.22484559	0.4279456
0.029090524	0.750175	-0.5614495
0.5892337	0.07641834	-0.33682674
0.21715009	0.40067673	0.34687468
0.5922098	0.18602079	-0.27606535
0.7002177	0.02861172	0.5389816
0.9411134	0.9575839	0.8696761
0.49117333	0.28936297	-0.36501196
0.87715644	0.2581849	0.3387937
0.65469867	0.40184593	0.84301704
0.90246886	0.50441206	-0.055580713
0.53348434	0.6264497	-0.21403977
0.2618087	0.03812027	0.78825116
0.8056514	0.12649077	-0.5391929
0.85555565	0.1811189	0.074721456
0.61782783	0.509199	0.49460974
0.2101165	0.5868656	0.42992133
0.6178742	0.1245082	0.034518927
0.890625	0.4708718	-0.061765272
0.050586283	0.16791737	-0.022227732
0.24373615	0.9378394	-0.07346097
0.034477413	0.18216658	-0.16764723
0.48314703	0.61537695	-0.017406544
0.5342834	0.48114854	-0.34494573
0.5669692	0.015214443	-0.7555618
0.6876024	0.82873446	1.4112945
0.15562576	0.6055358	0.11353872
0.13435078	0.6173976	-0.012646727
0.9189196	0.6670268	-0.09674667
0.21371615	0.81383556	0.19149798
0.9841902	0.89129275	0.7912871
0.45922148	0.5501623	-0.14394625
0.68701816	0.21844977	0.5756359
0.011132479	0.28973788	-0.7255128
0.354016	0.67406297	0.19546063
0.2512077	0.934993	-0.032187816
0.09503806	0.34446305	-0.24756822
0.2981634	0.996589	-0.21956256
0.14645547	0.7075273	0.09893669
0.028334975	0.8898977	-0.30383357
0.75496596	0.96259403	1.1727821
0.46203458	0.18305278	-0.27565417
0.5047331	0.27142102	-0.43279982
0.66442937	0.06738949	0.570014
0.4441834	0.39926606	-0.13115375
0.5336109	0.38118535	-0.4420204
0.08268249	0.30452138	-0.25104988
0.68323463	0.13961333	0.51690567
0.93615764	0.9330121	0.7381059
0.34785855	0.96629524	0.003665667
0.9386275	0.06444043	0.35091326
0.26364744	0.9112838	-0.057267144
0.9652582	0.43528765	-0.8568687
0.8335476	0.5593997	-0.41084272
0.685085	0.58468527	1.4216621
0.49387997	0.32658738	-0.38639736
0.6472796	0.70904076	1.1360927
0.9910292	0.6025354	-1.0360152
0.083765805	0.2935815	-0.19827585
0.060779154	0.08942348	0.061965752
0.6443106	0.26098126	0.4990188
0.06248933	0.61483383	-0.33596426
0.3111049	0.6896143	0.26907575
0.40092885	0.48342925	0.017620359
0.014048278	0.557529	-1.0854067
0.56734633	0.9971159	-0.29310235
0.060486913	0.3982796	-0.43852863
0.30991447	0.49735296	0.59338
0.9793684	0.0010787845	-0.40191525
0.37355155	0.9047623	0.020910874
0.39141208	0.732857	-0.017613642
0.18584633	0.9851113	-0.18312714
0.49915272	0.7638299	0.15441878
0.96598786	0.3127678	-0.83315283
0.5882241	0.45258546	-0.13299607
0.07831627	0.41164917	-0.28411362
0.49589664	0.6143502	-0.10485652
0.7888953	0.638527	0.072976604
0.79882145	0.6701655	0.08715352
0.9819273	0.112930775	-0.74069345
0.19666189	0.12801719	0.12266232
0.501863	0.5558168	-0.17237926
0.9737693	0.8809398	0.7290675
0.18780178	0.44097233	0.24490224
0.046279848	0.48123252	-0.66711664
0.5614476	0.02242899	-0.7067973
0.35843474	0.39405608	0.4246691
0.2399956	0.5530182	0.49558067
0.42404997	0.52467036	-0.12768508
0.78005207	0.50227743	-0.23515923
0.05980116	0.13493788	0.018728925
0.55433446	0.7147235	-0.06100806
0.75935835	0.94036305	1.1189855
0.46839035	0.82687265	0.27708817
0.08183414	0.48117256	-0.32662565
0.22078246	0.4937039	0.42825383
0.99094373	0.98269475	1.21965
0.04569328	0.9319225	-0.035489254
0.6268183	0.78225756	0.7061014
0.64305586	0.3084063	0.5346706
0.45199895	0.67858845	0.011644423
0.04023373	0.24301171	-0.27809802
0.079719424	0.70920306	-0.15707219
0.17850697	0.022048533	-0.043777235
0.32663733	0.39791483	0.61898047
0.29177243	0.9736906	-0.112713546
0.8577738	0.5497138	-0.3742327
0.53088284	0.62459445	-0.20749469
0.6085164	0.9616717	-0.120438136
0.7895626	0.8666549	0.6853516
0.35189933	0.5743543	0.36319423
0.2353344	0.97545475	-0.046602733
0.19318825	0.2490319	0.15674205
0.42918146	0.10989076	-0.07266479
0.6463098	0.7959258	1.0047013
0.25400156	0.23091054	0.6233749
0.3685689	0.06751764	0.4498837
0.40800864	0.47327036	-0.09705725
0.49087334	0.0874517	-0.4819713
0.14785713	0.54337406	0.06929502
0.01780063	0.58720565	-1.0159255
0.37208915	0.78578395	-0.0033228323
0.024347961	0.5490656	-0.9823181
0.41955507	0.5165562	-0.065412566
0.24522257	0.29725486	0.5688144
0.0528903	0.2890445	-0.25822717
0.9825676	0.201796	-1.0765308
0.4328586	0.89222455	0.32692915
0.23628855	0.7369798	0.3305117
0.03236723	0.44778925	-0.7673775
0.09819597	0.6367118	-0.1593378
0.05434364	0.8819489	-0.057328783
0.760267	0.49295837	0.12109244
0.695946	0.44057184	0.9288367
0.058181465	0.040501177	0.12509403
0.86956894	0.9271429	0.070716366
0.3749081	0.8701424	0.040544588
0.7980728	0.5386583	-0.32979953
0.5174645	0.39792496	-0.45482635
0.5533884	0.82926995	-0.030510966
0.122502625	0.037190795	-0.38341203
0.528267	0.035176218	-0.8532123
0.56634736	0.1471076	-0.5661043
0.5243095	0.7394848	0.0028390072
0.64977115	0.6128369	1.1632411
0.42016107	0.31512672	-0.11369661
0.1314022	0.7172283	0.08906762
0.11583418	0.288162	-0.20456725
0.14529502	0.24389774	-0.27140486
0.23329055	0.7177668	0.35922596
0.96298254	0.63980156	-0.34339094
0.22845298	0.92748433	0.004816085
0.16478801	0.71341	0.1276792
0.9579123	0.45208412	-0.6846505
0.4452883	0.49184108	-0.09249948
0.3721435	0.30343777	0.32656658
0.09688258	0.28807282	-0.24543968
0.7469286	0.24038583	-0.22993417
0.34536391	0.24824089	0.6206363
0.9574492	0.118091285	-0.12222327
0.61125875	0.6084359	0.40188152
0.07483184	0.48012716	-0.28945884
0.44658446	0.6485537	0.009013506
0.7170459	0.26429647	0.21666251
0.66262496	0.7419641	1.3452299
0.102387846	0.9166889	-0.09827855
0.5824748	0.89935803	-0.03313143
0.96287584	0.33042008	-0.82733077
0.07178986	0.53867805	-0.32600382
0.6849854	0.05311942	0.67338866
0.52150023	0.36386067	-0.4077375
0.6273803	0.05783665	0.21532252
0.44910324	0.57490474	-0.11172546
0.26904565	0.6445308	0.42452127
0.2870251	0.31712967	0.7888877
0.017636657	0.36697155	-0.79977405
0.6903812	0.78519654	1.481204
0.014608979	0.92013687	-0.45653504
0.1558162	0.82050085	0.010589803
0.21947157	0.74828213	0.29933745
0.2094447	0.31633657	0.29126927
0.26311606	0.07005745	0.8447688
0.05372238	0.82983184	-0.14878283
0.32899505	0.088034034	0.7186643
0.38253188	0.14588284	0.29617414
0.90837544	0.66040915	-0.07731038
0.38265836	0.4690333	0.1620322
0.8685692	0.09427208	0.30571783
0.4041142	0.72286654	0.03676779
0.8006568	0.060849607	-0.4855137
0.9598045	0.23271519	-0.5096292
0.1613698	0.53416795	0.14518566
0.18064457	0.3673985	0.18387397
0.42610836	0.61500645	-0.086145185
0.6621124	0.65663576	1.3883182
0.3186866	0.88283783	-0.052566566
0.2315458	0.8277194	0.17222379
0.61527896	0.7591936	0.51127845
0.052374244	0.027196765	0.12039308
0.96177393	0.69710445	-0.13909857
0.23107421	0.00024414062	0.6574773
0.5397543	0.33914518	-0.4944234
0.15035093	0.1315971	-0.34482625
0.1920507	0.6856886	0.318713
0.9736641	0.7963239	0.3041988
0.30253977	0.698961	0.2778252
0.20977533	0.5134914	0.45174804
0.9761354	0.19401532	-0.86159337
0.7358741	0.2674659	-0.044822384
0.21148992	0.29788017	0.31230244
0.94819504	0.008102298	0.24379902
0.99857366	0.4916979	-1.5963855
0.58862907	0.672268	0.15589549
0.3887989	0.3512569	0.14480989
0.93053436	0.22118986	0.24370387
0.71046937	0.063079715	0.39439824
0.80759746	0.23060334	-0.655834
0.6556291	0.27384496	0.61342055
0.9204696	0.5558743	-0.13428022
0.5377312	0.24417269	-0.5287632
0.8451313	0.36046576	-0.3301467
0.05826515	0.8940521	-0.010414805
0.83313584	0.2333585	-0.39868414
0.7603503	0.30444318	-0.37708163
0.27198344	0.5981146	0.5048046
0.7680709	0.18440574	-0.53041387
0.6748303	0.6045189	1.4650648
0.7496965	0.22131729	-0.2371428
0.38765848	0.7715385	0.008691151
0.8198716	0.7876687	0.058083463
0.19134349	0.49626803	0.34747028
0.79316	0.41483605	-0.57673395
0.8251295	0.75663644	-0.08724232
0.83366895	0.17709559	-0.32162333
0.5864139	0.076458454	-0.34745955
0.085602164	0.07173741	-0.16238186
0.515177	0.83244836	0.17323612
0.346708	0.18113124	0.59547746
0.12796646	0.91683966	-0.1397185
0.50843734	0.011696398	-0.79309857
0.21129972	0.14082682	0.3564623
0.7309192	0.46385717	0.5075227
0.38487864	0.04144442	0.2937809
0.62804955	0.98131084	-0.0066547766
0.97458714	0.95194066	1.1452898
0.062625885	0.7502152	-0.21812265
0.6513909	0.6191468	1.2234061
0.48062408	0.99308497	0.3071398
0.85385805	0.27156007	-0.105168074
0.3190506	0.364797	0.69676834
0.17598802	0.7067925	0.25442305
0.82488346	0.97719187	0.39132893
0.43834656	0.95746917	0.3180335
0.76178104	0.360148	-0.36565536
0.57166755	0.22363758	-0.44470122
0.7389511	0.68475854	1.1113131
0.38141483	0.05871582	0.30503696
0.0053797364	0.27271754	-0.7591858
0.62843007	0.99622124	-0.034887478
0.035975456	0.67566246	-0.6342462
0.92820376	0.4334892	-0.09136984
0.4828033	0.09378713	-0.48963615
0.034220934	0.9739836	-0.030625949
0.9854279	0.1166684	-0.86081505
0.2738471	0.53416693	0.55545914
0.9957913	0.40140992	-1.7096214
0.86985385	0.45190126	-0.16906592
0.49775714	0.8749155	0.3224963
0.85250175	0.6614766	-0.30378813
0.45382017	0.46058387	-0.24530713
0.2952965	0.57728463	0.5034066
0.6392627	0.093251765	0.39318487
0.5391363	0.39675617	-0.42282254
0.2387265	0.542237	0.4632426
0.9692431	0.038591385	-0.26637498
0.9483855	0.4171785	-0.48908964
0.8713441	0.49530667	-0.21995348
0.6870251	0.6928873	1.6012974
0.291237	0.19277388	0.8103919
0.28465474	0.03891158	0.8727922
0.104184866	0.79532033	-0.04379993
0.59909034	0.41235363	-0.049042635
0.25806916	0.12660408	0.71173966
0.11690229	0.3464409	-0.25155336
0.73651934	0.59160054	0.88198304
0.25799108	0.5001187	0.57659096
0.7496253	0.45918077	0.20791124
0.24104571	0.78122294	0.28263697
0.34175515	0.58022094	0.3256868
0.28690368	0.35968125	0.6623797
0.55150163	0.38179225	-0.48345116
0.77016973	0.78093845	0.8628562
0.59318715	0.044447422	-0.36554706
0.12246567	0.87328935	-0.07731363
0.54283303	0.6890698	-0.11441494
0.3928746	0.41051614	0.058350127
0.8085746	0.9576432	0.59556633
0.6213871	0.45274317	0.484554
0.3770842	0.2685005	0.29758897
0.77680856	0.53828776	-0.08788467
0.767137	0.67440456	0.5825016
0.33904558	0.8742151	-0.0065265945
0.37479395	0.061858654	0.35406345
0.42535675	0.45448285	-0.16721399
0.18100435	0.671721	0.26654667
0.9563519	0.59712714	-0.4506062
0.6225144	0.34680557	0.31531447
0.83991325	0.22531974	-0.27823567
0.3816672	0.678432	0.072387725
0.7167408	0.73737735	1.4986691
0.97269875	0.041909993	-0.3762322
0.77984905	0.0410524	-0.41539264
0.69018173	0.00659281	0.6843284
0.84399116	0.86615646	0.02119448
0.2873518	0.9218213	-0.092108026
0.3502459	0.3548357	0.5409329
0.22121167	0.78088254	0.23193584
0.62473315	0.25996894	0.27807793
0.6023133	0.23062897	-0.07495414
0.9077045	0.030978143	0.61184067
0.51548535	0.55976874	-0.21108745
0.69972277	0.564239	1.347753
0.77263105	0.3261382	-0.47834972
0.9926372	0.27484882	-1.5318837
0.8176824	0.41577178	-0.62003255
0.06933856	0.7904215	-0.038600467
0.09539878	0.6273772	-0.14749898
0.3028242	0.07801056	0.83131874
0.06788814	0.037169337	0.024092399
0.90547764	0.57253635	-0.10649876
0.5753679	0.25034916	-0.43307686
0.9960198	0.90385574	0.7638573
0.5557369	0.5843548	-0.2543866
0.37337273	0.9440174	0.07176201
0.89777833	0.20125288	0.54739535
0.16618025	0.6568595	0.1991037
0.20472413	0.44309574	0.39398384
0.22378033	0.24465448	0.43042633
0.026444197	0.3601365	-0.73541343
0.0612759	0.505641	-0.42626372
0.5889027	0.4860772	-0.072596185
0.15126216	0.8771264	-0.07781135
0.7651739	0.6172754	0.38016987
0.45432132	0.047602594	-0.26117945
0.56980085	0.99675643	-0.28977594
0.32614827	0.47276616	0.5556246
0.97419626	0.16553593	-0.74390346
0.20346707	0.72308373	0.3238557
0.0048362613	0.78905296	-0.89429766
0.6863351	0.466197	1.1141711
0.949812	0.5376051	-0.4667017
0.6208995	0.584605	0.6793257
0.13605338	0.9093836	-0.16303316
0.4185577	0.44853425	-0.13631615
0.69953835	0.8812338	1.359758
0.49605995	0.4788404	-0.2599655
0.0992735	0.1279844	-0.27147388
0.4343871	0.07726312	-0.122972555
0.0387851	0.9779866	-0.028713986
0.18639731	0.8899579	0.011821458
0.96762455	0.8162507	0.42080587
0.6848031	0.5267378	1.2684951
0.62945276	0.6842962	0.8343394
0.7940343	0.29825723	-0.67067134
0.113681555	0.12935728	-0.3319476
0.6703827	0.20127505	0.49281752
0.3984233	0.80010444	0.058136154
0.5177541	0.5531131	-0.18856925
0.2318567	0.48583287	0.5055442
0.44326895	0.75400513	0.18852927
0.33927792	0.3865311	0.60929453
0.94744134	0.7159685	0.04615871
0.68706673	0.84513533	1.4084699
0.6612094	0.3356669	0.7047293
0.7036938	0.5704233	1.2704368
0.48388827	0.48079854	-0.17383452
0.44680893	0.62261844	-0.014984082
0.14813405	0.8106414	0.04317677
0.3866924	0.8597951	0.1015751
0.40349013	0.14381683	0.14744179
0.6029267	0.984148	-0.16331051
0.54062456	0.80025315	-0.040370747
0.23212147	0.5695631	0.4770931
0.9960393	0.058808267	-0.88163966
0.17962825	0.22277433	0.0039407546
0.6709839	0.01463902	0.61984926
0.30345625	0.64018667	0.4545092
0.13652503	0.62744206	0.028815927
0.9651324	0.61621916	-0.40184867
0.5120292	0.9422103	0.20785637
0.6493103	0.36652565	0.7363239
0.48410678	0.016962588	-0.563429
0.20148575	0.23240727	0.25940096
0.39261955	0.8545038	0.12768807
0.6080493	0.77635044	0.41757715
0.4965043	0.4574647	-0.30000725
0.10830343	0.24175805	-0.28695226
0.2796669	0.7743767	0.20099169
0.17181623	0.8809217	-0.0025711686
0.9270273	0.24074137	0.29194248
0.12626964	0.22905368	-0.30821866
0.74069333	0.18450558	-0.13584341
0.43941385	0.7849537	0.14144689
0.8631059	0.55833054	-0.3564892
0.26854163	0.65887606	0.37172857
0.7408856	0.63196325	0.9104594
0.765549	0.13256174	-0.4680069
0.1659326	0.04551047	-0.19143112
0.96614975	0.33476144	-0.89191717
0.88223624	0.9868003	0.20612328
0.40984964	0.61807305	-0.058849923
0.365246	0.25578183	0.47078997
0.26633608	0.35884345	0.60657126
0.3483373	0.22708827	0.58076715
0.90764105	0.7504597	0.0046118656
0.42522103	0.92483044	0.24613126
0.38253552	0.17337716	0.2794558
0.54	0.10435408	-0.6748389
0.49859864	0.5501979	-0.13756554
0.5280238	0.2808134	-0.52374977
0.40033478	0.6044072	-0.018246476
0.21282732	0.9775007	0.0054392144
0.6226458	0.47734398	0.54076594
0.38109308	0.46639258	0.14767034
0.5968065	0.80277616	0.20710501
0.46320838	0.08075255	-0.26407796
0.251684	0.7047412	0.3747129
0.670937	0.1718266	0.5416084
0.06640464	0.16329229	-0.007917535
0.35145915	0.44929463	0.45997217
0.47095633	0.3419804	-0.3218403
0.9241986	0.5735753	-0.13102801
0.38909167	0.5616034	0.06597675
0.31565255	0.2838248	0.74535584
0.051923275	0.22703105	-0.16119242
0.62957615	0.67223394	0.8616701
0.11716139	0.07516992	-0.37102467
0.269813	0.30172282	0.7116672
0.7012981	0.13026124	0.41593748
0.513221	0.38591826	-0.3948967
0.6037984	0.08438349	-0.16114354
0.0553689	0.2247653	-0.143818
0.50377446	0.860124	0.20434383
0.058816314	0.31675088	-0.31029123
0.22286707	0.15525085	0.498178
0.92157143	0.5735314	-0.09810482
0.27846903	0.23308086	0.7348986
0.28854394	0.9636606	-0.12447747
0.30182368	0.23016876	0.84407663
0.8068959	0.23905325	-0.5955898
0.990677	0.5725535	-1.1243105
0.7640674	0.4473601	-0.15380378
0.9904448	0.1725806	-1.2049892
0.14354128	0.9501097	-0.1388193
0.41703624	0.24536103	-0.05177071
0.9574314	0.45303696	-0.6947767
0.106508315	0.16068089	-0.27841365
0.6642493	0.30121052	0.69372207
0.4432612	0.8532979	0.32246464
0.6131836	0.19066215	0.061149362
0.9874421	0.7024609	-0.4213027
0.27936393	0.6083546	0.50958335
0.5845288	0.44130194	-0.100891575
0.31038308	0.033286393	0.8102468
0.16398656	0.5552788	0.2227523
0.5492559	0.37296683	-0.44497594
0.6866119	0.69895566	1.6089606
0.1704539	0.95766103	-0.10989137
0.5222264	0.16776425	-0.63132036
0.0473693	0.26178753	-0.31052652
0.63022864	0.006897509	0.24405475
0.64014375	0.0067325234	0.4132425
0.42053372	0.39966363	-0.07595648
0.24488819	0.93226194	0.012160888
0.9018054	0.17206883	0.57518965
0.8521272	0.9356452	0.10433048
0.17776775	0.27260345	-0.016185366
0.42704695	0.11368263	-0.00805613
0.39384657	0.78232145	0.07028517
0.09832561	0.17268956	-0.24132843
0.5120964	0.70304507	0.062494826
0.41214734	0.045668542	0.08728543
0.13976163	0.44530588	-0.09893297
0.296566	0.24371725	0.7895145
0.06040424	0.86623484	-0.05492268
0.83930486	0.018532515	-0.13367318
0.93822235	0.43051904	-0.21991704
0.00031983852	0.737817	-1.0216894
0.7254373	0.56199616	0.92645764
0.21822691	0.56240654	0.45391035
0.30978668	0.12254858	0.7689846
0.69267935	0.24508542	0.51654136
0.1342684	0.70682263	0.06052714
0.5291939	0.7690669	-0.04909894
0.24222445	0.0072743893	0.79361004
0.15678436	0.62266076	0.14705043
0.069839716	0.018154621	0.07364403
0.34392065	0.81378543	-0.0029977225
0.9301252	0.73891133	0.103733435
0.7128848	0.027288139	0.4472227
0.24226677	0.72400403	0.34600863
0.7187924	0.33587468	0.34152955
0.27139896	0.28072405	0.7413337
0.67458344	0.30905628	0.7096814
0.7471514	0.5820848	0.612615
0.63456833	0.26795828	0.40010756
0.50275975	0.68468225	-0.007562438
0.16448772	0.12654853	-0.19019529
0.4278037	0.4749267	-0.17032298
0.88428617	0.67220265	-0.27333805
0.3198747	0.053955317	0.80822486
0.5097629	0.74323004	0.054776713
0.41234708	0.09178811	0.09134188
0.59469104	0.97050023	-0.17177184
0.5390061	0.13084477	-0.6837197
0.9713635	0.33294034	-1.0245099
0.07464051	0.7755162	-0.14129072
0.96256727	0.102846086	-0.24444266
0.78940797	0.4940052	-0.3310227
0.20872337	0.037893236	0.34861058
0.504233	0.15387249	-0.4843945
0.3062297	0.18229878	0.75826675
0.6402921	0.55439675	0.9584106
0.40290916	0.22471595	0.10576672
0.6162923	0.5798924	0.47983852
0.59820765	0.8642941	0.08335387
0.47746652	0.39437973	-0.23912816
0.46222466	0.943869	0.3213926
0.7710804	0.30572617	-0.4802647
0.925377	0.4561497	-0.07597068
0.93629986	0.7317222	0.06048997
0.5028896	0.63285536	-0.095883146
0.7699782	0.028382003	-0.27901542
0.24091226	0.03352952	0.68010503
0.11125904	0.36439228	-0.22612622
0.6867732	0.6745401	1.6266953
0.66413665	0.43793494	1.0411808
0.75964135	0.37476367	-0.26916507
0.79546636	0.8551564	0.658579
0.41345662	0.114765406	0.06533857
0.8512982	0.6644678	-0.29350334
0.6304566	0.3189851	0.45845604
0.8745448	0.9591735	0.1584269
0.31839252	0.7102699	0.24384807
0.62437165	0.055028915	0.17490436
0.078510284	0.54051006	-0.3236689
0.7302873	0.6795261	1.2005882
0.24628979	0.9080359	0.060648248
0.0026251078	0.51558495	-1.2557436
0.6317524	0.6545479	0.84903234
0.15654212	0.90708095	-0.055105083
0.75624055	0.17539173	-0.34326786
0.37178487	0.21305919	0.41635492
0.8241999	0.5951	-0.3455806
0.52557373	0.67818356	-0.045874514
0.12773037	0.37037998	-0.21177834
0.75980556	0.109185696	-0.30553862
0.98139244	0.23143971	-1.1305733
0.57734007	0.34438223	-0.3124982
0.68205905	0.38075572	0.92092264
0.312015	0.47919923	0.60327405
0.968502	0.02909714	-0.21629037
0.029764354	0.5864238	-0.8358992
0.9687044	0.6521706	-0.41108993
0.566835	0.6817043	-0.04339795
0.024255395	0.92490166	-0.27851418
0.9689625	0.40772867	-0.983813
0.7422676	0.082458675	-0.031130899
0.79914755	0.36067307	-0.6453199
0.9957343	0.52716434	-1.4631371
0.93625075	0.7708524	0.23961689
0.23416281	0.608314	0.4374214
0.36601144	0.6692776	0.13157971
0.20104033	0.633631	0.36013186
0.5597737	0.40166008	-0.418758
0.21009046	0.035602808	0.38901514
0.5370689	0.20144808	-0.59594464
0.050311923	0.8003995	-0.17271662
0.11808616	0.72533053	-0.026802883
0.2150985	0.8173145	0.17918071
0.139202	0.8744513	-0.034290113
0.12923986	0.33237994	-0.25673932
0.48212105	0.29557586	-0.37139568
0.40677923	0.45585322	-0.0718881
0.7233717	0.2289663	0.09873239
0.33121634	0.35717076	0.68169755
0.12711495	0.3361283	-0.23805025
0.77908975	0.2880376	-0.55182713
0.7264024	0.35174835	0.29479474
0.13439554	0.18232107	-0.2923776
0.3373378	0.34711927	0.5916517
0.2936476	0.022227526	0.8894487
0.4812609	0.5059503	-0.14500712
0.13679147	0.9590524	-0.15633982
0.68118626	0.84074914	1.3594567
0.5977309	0.16170615	-0.17097019
0.29365897	0.27473593	0.78468305
0.1900115	0.9671206	-0.09026598
0.63509405	0.2274993	0.35155642
0.05985135	0.290771	-0.20116527
0.20949912	0.98585194	-0.091935694
0.14197528	0.8108518	-0.015323266
0.97361344	0.34617984	-1.1163743
0.89503145	0.59091836	-0.1650162
0.83999574	0.7825441	-0.13712394
0.69055223	0.45074093	1.0461682
0.4359877	0.8667033	0.2859258
0.75390756	0.3043403	-0.29302207
0.6890356	0.7911598	1.5831792
0.7509555	0.8147175	1.2224697
0.9951653	0.5689789	-1.2271957
0.5602882	0.26120937	-0.5224883
0.25929463	0.6094841	0.43594533
0.032595336	0.13961607	-0.03726068
0.3146221	0.16830975	0.74784255
0.87620866	0.72441834	-0.21955661
0.9143182	0.5539157	-0.18362314
0.22624767	0.4290005	0.4297645
0.32703882	0.0018624067	0.72138
0.9380593	0.6553617	-0.124753684
0.10163087	0.51347554	-0.24803913
0.32243723	0.9939492	-0.0852543
0.7251083	0.04547012	0.21393889
0.41180402	0.059608877	0.09011768
0.23114783	0.3216015	0.4953433
0.92506665	0.4736886	-0.11410597
0.840379	0.13796777	-0.14026031
0.84219337	0.39123636	-0.34716907
0.6059018	0.16342211	-0.049901847
0.015895903	0.7420797	-0.78538674
0.6259807	0.5625974	0.67853683
0.95810854	0.719178	0.04103197
0.80543065	0.29009444	-0.7061125
0.25481093	0.7373074	0.28521734
0.36884737	0.33585346	0.43831432
0.38758177	0.14860374	0.3227116
0.9912682	0.97066045	1.1763896
0.057769775	0.6494669	-0.4049387
0.17026538	0.569532	0.24359934
0.4693777	0.11228436	-0.2997596
0.33139807	0.30584627	0.67408586
0.75582016	0.047640264	-0.15117219
0.74044216	0.7197238	1.184676
0.7572771	0.10048807	-0.32058597
0.7422445	0.6394038	0.9873103
0.8211701	0.18526089	-0.52191055
0.8937541	0.53393745	-0.17626396
0.8468225	0.19344682	-0.092646115
0.97399724	0.09323758	-0.45644617
0.8576129	0.5081854	-0.3736999
0.2232883	0.3692187	0.4226806
0.042981982	0.5808735	-0.64448667
0.31053424	0.66525036	0.35964227
0.23009235	0.6787659	0.40882424
0.7651282	0.80245954	0.9855814
0.33933765	0.06377542	0.65864915
0.7252974	0.27335453	0.18652384
0.8710083	0.2293908	0.33202514
0.37807077	0.40843612	0.20892201
0.67504513	0.7961664	1.4311745
0.05141145	0.70744437	-0.3710119
0.37742603	0.94441897	0.17361405
0.6783932	0.12054968	0.604523
0.4708451	0.5707701	-0.060550105
0.40849584	0.046648085	0.09560417
0.60155535	0.8364782	0.22743154
0.7106359	0.6595889	1.468015
0.34404957	0.462637	0.50445515
0.8334851	0.63224477	-0.34175333
0.47971302	0.47837782	-0.24450685
0.2378695	0.107477784	0.5778136
0.27705604	0.2173661	0.71449655
0.41396278	0.48157388	-0.08152758
0.750628	0.68275416	0.9248095
0.89531296	0.9875607	0.36346984
0.15709114	0.9275496	-0.14444032
0.3660134	0.14871567	0.46579897
0.8889289	0.8371718	-0.014152383
0.74915904	0.92130256	1.2004235
0.14870745	0.3368618	-0.14011383
0.9015622	0.8107278	0.0554027
0.040890217	0.24698669	-0.30083743
0.44341314	0.6316849	-0.07152167
0.52626	0.7118272	0.041560546
0.5157582	0.08645654	-0.7327675
0.001982689	0.49070072	-1.292533
0.67504096	0.07057774	0.58989334
0.8524505	0.43953353	-0.28132942
0.76822793	0.56122684	0.12366852
0.42572385	0.81004757	0.12214023
0.08346015	0.20669395	-0.21881641
0.07175958	0.49555326	-0.3877933
0.004106641	0.95854163	-0.47330812
0.7801896	0.3164547	-0.6452887
0.3062008	0.8666174	-0.0037111314
0.30633277	0.7926416	0.09462875
0.6124988	0.5059174	0.3636729
0.6985114	0.011203945	0.6449396
0.06201899	0.1290006	0.05070805
0.37100136	0.10965532	0.48633784
0.03820038	0.12204063	-0.016805653
0.33454108	0.70089746	0.18224342
0.017254531	0.32739604	-0.76505446
0.55845666	0.020875394	-0.78004384
0.27472556	0.52995014	0.54573053
0.30467582	0.15829861	0.82180077
0.16442662	0.8604837	-0.027864926
0.8523066	0.64103043	-0.37090042
0.30858195	0.5270068	0.5951242
0.49681044	0.8670663	0.2307268
0.4373439	0.749088	0.1815166
0.8672089	0.103443086	0.27683792
0.6808075	0.18559253	0.5410346
0.4605705	0.68002576	0.1367026
0.7490648	0.7525914	1.1279712
0.46561873	0.3055408	-0.29861805
0.15917552	0.53782386	0.11132592
0.9518249	0.63168055	-0.2993652
0.3000108	0.61261946	0.41528338
0.9488665	0.27449578	-0.2470607
0.29996234	0.19057512	0.8158783
0.2224009	0.75014913	0.32843474
0.41810828	0.8602044	0.20043418
0.23620921	0.24568856	0.52398586
0.6207284	0.7236892	0.63503635
0.5790176	0.20948589	-0.41179085
0.2830388	0.75135136	0.20630582
0.709837	0.9355977	1.253888
0.0045499206	0.9494435	-0.541069
0.543063	0.6542322	-0.118502796
0.5349212	0.31903964	-0.48700678
0.6248106	0.18052101	0.21011065
0.871599	0.045636833	0.32707697
0.06586486	0.8295732	-0.047004804
0.0060119033	0.49035603	-1.2487113
0.40946382	0.11386347	0.03693439
0.2048744	0.6431465	0.35808623
0.3526159	0.07094079	0.53966296
0.81799084	0.24175835	-0.50535625
0.5158549	0.45802188	-0.34836695
0.16205156	0.25032705	-0.102485865
0.29963738	0.7660211	0.12055068
0.7637912	0.55516016	0.2447338
0.35473907	0.9290425	0.026092201
0.29223788	0.10935491	0.8109367
0.63606954	0.160914	0.32949337
0.11171913	0.26156503	-0.2380702
0.3682409	0.93090504	0.061949816
0.022755265	0.09051561	0.04782293
0.39167494	0.49318433	0.0052999146
0.8506259	0.3124115	-0.1715102
0.7755002	0.5710384	0.08112904
0.103333294	0.08985978	-0.23642698
0.39561737	0.5389428	-0.031631313
0.508113	0.29696548	-0.4504822
0.9494562	0.31874484	-0.37451798
0.6458489	0.61101615	1.1857272
0.8394554	0.8249393	-0.034034558
0.8569961	0.5386339	-0.37038556
0.22537488	0.24882197	0.42446086
0.64999855	0.6866477	1.2536236
0.3748361	0.15373242	0.39262506
0.22867566	0.5347055	0.49325317
0.7193837	0.47948492	0.75960714
0.8420223	0.30479074	-0.31160903
0.4188797	0.79678106	0.111947365
0.18698376	0.3391021	0.14804585
0.87726325	0.051671088	0.42816028
0.8502891	0.16043144	0.017884526
0.13549054	0.72737986	0.030440547
0.10835463	0.093891144	-0.305125
0.14356256	0.27488708	-0.2031209
0.96133476	0.6258523	-0.39539003
0.4572332	0.15786219	-0.27953443
0.36667985	0.14681321	0.48982748
0.59110224	0.1968944	-0.27533087
0.54584193	0.42410457	-0.4514029
0.4972613	0.45232123	-0.27666655
0.59982216	0.5577344	0.12580928
0.39557976	0.894835	0.17463599
0.32693708	0.5424869	0.4431526
0.64052755	0.9044841	0.5893379
0.04393035	0.29625052	-0.3279147
0.76842755	0.36987424	-0.3784668
0.48002928	0.44704586	-0.2671017
0.12258601	0.6978455	-0.02591342
0.1961689	0.5528207	0.33490282
0.8804577	0.06443131	0.4415129
0.18980968	0.019037187	0.14330922
0.7647788	0.3199206	-0.44943374
0.7171528	0.8491169	1.4720402
0.40806	0.46238142	-0.04620008
0.9948353	0.8898441	0.6427034
0.4573462	0.11356777	-0.26093718
0.3909964	0.8501714	0.11723806
0.9249076	0.25272852	0.3127204
0.16328251	0.108914375	-0.2220722
0.12760764	0.0452559	-0.37553778
0.13364571	0.49883008	-0.029231649
0.14322805	0.8884712	-0.06384425
0.45481288	0.45086926	-0.195979
0.75366026	0.25618744	-0.33899456
0.9885904	0.85029554	0.5131212
0.94157183	0.9310442	0.79385227
0.98005736	0.30477476	-1.2674133
0.61186385	0.99297595	-0.1798388
0.478571	0.1141811	-0.40358552
0.64061517	0.9191292	0.5695469
0.34201843	0.8513662	0.0642581
0.42750037	0.33918768	-0.1885522
0.42285752	0.6153998	-0.0939993
0.9073637	0.60191965	-0.13026385
0.07806575	0.56619006	-0.27007008
0.41368824	0.3584484	-0.08248502
0.050988138	0.868435	-0.08820558
0.918388	0.035575747	0.6099627
0.9389325	0.22478795	0.11583685
0.87991256	0.04306072	0.4683914
0.44066966	0.7819499	0.13436618
0.21944171	0.6990673	0.29785737
0.056885958	0.6876321	-0.3386335
0.1001299	0.64719224	-0.11879143
0.31692487	0.88408124	-0.048362076
0.64741987	0.5932	1.2187092
0.08606559	0.77997285	-0.044407956
0.13126928	0.8274011	-0.014352302
0.3088097	0.12622756	0.7774379
0.536473	0.13962412	-0.6066676
0.4515074	0.8530822	0.27671483
0.301857	0.042176783	0.8290815
0.4830351	0.37084734	-0.30182618
0.602336	0.99389905	-0.21261044
0.20036066	0.83476657	0.1749362
0.34871912	0.9618449	-0.028727328
0.9149469	0.29684222	0.27427784
0.5902216	0.81937134	0.14272474
0.21817875	0.39055824	0.46673992
0.23934323	0.5377156	0.5455137
0.3006212	0.9539168	-0.09996989
0.63772523	0.7826925	0.9607086
0.97927994	0.4045778	-1.3090969
0.23638642	0.7005822	0.34469578
0.474006	0.05571097	-0.47067177
0.6221446	0.69488925	0.65597755
0.18773508	0.82570195	0.12079319
0.94204354	0.24296534	0.030141056
0.4450845	0.8204507	0.22552624
0.4992873	0.51682353	-0.19069731
0.8466071	0.28858578	-0.3045291
0.24945128	0.37056077	0.51613414
0.6378874	0.3713346	0.6070952
0.33894902	0.7253999	0.1607134
0.22440273	0.060301006	0.5331597
0.033729076	0.2951584	-0.44586056
0.7309563	0.39811647	0.2962395
0.62511367	0.7146833	0.7383292
0.35726535	0.8917643	-0.0064683445
0.6251697	0.35102695	0.34945953
0.6813012	0.8969616	1.1451559
0.894448	0.77673644	-0.055063568
0.0056188703	0.43555558	-1.1673567
0.121100426	0.37122548	-0.2039877
0.0856899	0.32436836	-0.22437926
0.5381332	0.26213205	-0.5786519
0.95104915	0.04754716	0.09141068
0.7129762	0.49477082	0.87372357
0.21864557	0.29998308	0.4024409
0.834126	0.7279441	-0.19430645
0.13056105	0.3819036	-0.13732232
0.46657157	0.106419146	-0.29580572
0.04639232	0.25324315	-0.24295028
0.4971245	0.82079315	0.18777744
0.47854972	0.68770266	0.116271794
0.5137023	0.4986139	-0.27580094
0.6036256	0.4881723	0.20208111
0.5511083	0.87214625	-0.052209266
0.62084675	0.37139487	0.3331918
0.638001	0.46742862	0.79852235
0.7263227	0.8649736	1.3671674
0.18678921	0.43244296	0.20816185
0.44492233	0.9415775	0.3562049
0.5263074	0.28154594	-0.5138191
0.7713838	0.4389723	-0.29278895
0.48377663	0.35556102	-0.36322796
0.8572683	0.24316144	0.06521962
0.72635365	0.9958086	1.1704481
0.90059793	0.41391772	0.1004032
0.25844526	0.42743742	0.5827611
0.26870102	0.7110965	0.263865
0.43109316	0.26858222	-0.20732404
0.04305178	0.03722608	0.19205108
0.9475576	0.42619443	-0.53139555
0.42102242	0.84629166	0.14582486
0.22439104	0.54963034	0.42202446
0.38878393	0.19039553	0.257571
0.30482948	0.26861095	0.7413236
0.14712399	0.8209534	0.035701636
0.9628134	0.20042425	-0.5143824
0.36872816	0.38987905	0.32696787
0.75196594	0.46928102	0.13320467
0.70093834	0.59755903	1.3880229
0.33852786	0.56381553	0.4196158
0.5988596	0.21546179	-0.23106664
0.33737242	0.63664466	0.29692742
0.68251497	0.37283307	0.8909436
0.65102106	0.49152267	1.0095991
0.4988048	0.9445689	0.26262972
0.625552	0.18952495	0.19993556
0.36452252	0.8901094	0.032477673
0.38677192	0.6000648	0.023967424
0.4502405	0.13523626	-0.24950823
0.77647984	0.55691576	0.05711464
0.12047899	0.8910881	-0.052505832
0.9592034	0.21193534	-0.43064433
0.9901006	0.23266113	-1.3433565
0.62618804	0.27572703	0.3006572
0.091178656	0.5637789	-0.24067199
0.033756018	0.6782709	-0.6632836
0.9191571	0.747868	0.13288271
0.96177393	0.454293	-0.79206127
0.8342668	0.7396451	-0.115807995
0.36630404	0.54485077	0.26392668
0.30561787	0.45317376	0.638268
0.018828511	0.20619786	-0.30841076
0.95188594	0.39894354	-0.5627332
0.04647398	0.8409408	-0.18041602
0.38025665	0.26123738	0.25407696
0.032897472	0.26601416	-0.34690678
0.1593625	0.7653785	0.08861837
0.12307042	0.8788666	-0.101598956
0.7781909	0.7705416	0.624522
0.9885275	0.31542468	-1.5270374
0.42072624	0.35636473	-0.17140909
0.5945962	0.97176635	-0.19894722
0.5361801	0.94441396	-0.02351185
0.5046243	0.67801696	-0.055127963
0.054199398	0.4281438	-0.4517271
0.30506468	0.9391692	-0.10961907
0.6336039	0.2509156	0.41252485
0.92079574	0.3890218	0.053801537
0.49479133	0.5887187	-0.08133083
0.91640776	0.07270545	0.6109426
0.48701257	0.84816355	0.235382
0.06750721	0.96704197	0.052880075
0.21851307	0.30762917	0.3783125
0.09373236	0.41854185	-0.21452099
0.5902809	0.5622076	0.002242893
0.94528997	0.9217039	0.8703812
0.37484133	0.28270656	0.32176864
0.9993757	0.16574019	-1.4148606
0.51617473	0.5384924	-0.28103226
0.20023024	0.9212494	-0.070785604
0.20071244	0.61135614	0.41377604
0.87882566	0.7419428	-0.19916962
0.06807917	0.97037023	0.1373121
0.66331226	0.4376124	1.0133235
0.828974	0.27417612	-0.49881336
0.6182182	0.06269008	0.052437052
0.46631217	0.9490943	0.38367844
0.9612099	0.6570391	-0.29279873
0.20814753	0.9002373	0.054402813
0.44963604	0.7429403	0.10309113
0.7943811	0.74792504	0.3565898
0.65575874	0.9826697	0.4318569
0.9936271	0.093631744	-0.9404871
0.43246716	0.8954856	0.24647146
0.502541	0.0697974	-0.5775039
0.12450194	0.8506651	-0.012906339
0.8325573	0.3868243	-0.49441957
0.6998538	0.71942455	1.5594959
0.62236565	0.9834759	-0.028369078
0.41386718	0.8264652	0.099533595
0.3662147	0.6658021	0.09865028
0.64586335	0.04909116	0.45530507
0.20923299	0.0510118	0.33272725
0.65575176	0.11236751	0.52908236
0.6290251	0.10826701	0.22703427
0.756549	0.5616628	0.40344605
0.6391994	0.531847	0.92721885
0.8091234	0.3038922	-0.62204736
0.88954747	0.079668164	0.54984635
0.98431975	0.9479529	1.0893229
0.4967059	0.29926878	-0.4305229
0.47970676	0.69449705	0.10226107
0.19171607	0.63775384	0.30981857
0.06759405	0.3746279	-0.36935347
0.9703659	0.34231174	-0.90331084
0.3893876	0.0014571548	0.2234635
0.5688704	0.79468197	-0.024473248
0.6236388	0.8974171	0.3566499
0.35078418	0.13235259	0.6243619
0.21882617	0.78607774	0.23938121
0.052433014	0.4350409	-0.47186452
0.5892033	0.50249994	-0.010798985
0.2728985	0.64887196	0.4651592
0.4877138	0.9257702	0.29781467
0.35566467	0.42822957	0.3498196
0.18278253	0.99857545	-0.20964459
0.26665646	0.43832833	0.5286523
0.7523605	0.85305995	1.1474316
0.2719283	0.62855685	0.4557417
0.6547891	0.39184278	0.81101185
0.65001464	0.581873	1.1759216
0.024487615	0.86845946	-0.35490805
0.98131335	0.63499296	-0.6607562
0.49386436	0.7358801	0.1675113
0.036358595	0.2436552	-0.2816167
0.31761664	0.3154618	0.7188442
0.8385661	0.5740063	-0.39841124
0.15471894	0.016242921	-0.30344284
0.56863415	0.87320334	-0.007801071
0.22303289	0.63615644	0.47169682
0.49391544	0.37614316	-0.34250334
0.51495975	0.95635885	0.08869014
0.39779472	0.44738346	0.01769287
0.4070441	0.96232766	0.2709655
0.92711484	0.67014325	-0.015517149
0.5123577	0.37051165	-0.430969
0.48343384	0.022342682	-0.60043854
0.2962035	0.26103348	0.7302417
0.8408833	0.85680825	0.038689315
0.8112125	0.15519762	-0.61055315
0.58187723	0.009665251	-0.5396172
0.028336227	0.03501171	0.1788107
0.67846155	0.70800835	1.53947
0.42098528	0.9031718	0.28331113
0.11413896	0.66129726	-0.054157384
0.29786515	0.91605425	-0.07418201
0.98196447	0.8438446	0.4927221
0.10311741	0.58234715	-0.15845048
0.685415	0.16119134	0.60123265
0.75396526	0.047570884	-0.17428884
0.11800462	0.62515837	-0.009541674
0.8793479	0.23876423	0.4391303
0.41546255	0.6885827	-0.009782002
0.580645	0.24484205	-0.35914585
0.07174373	0.64645755	-0.30795386
0.41472793	0.75961286	0.012239825
0.0066610575	0.75842357	-0.84442466
0.2964204	0.50232023	0.5944479
0.4158228	0.62025607	-0.0055329315
0.37605596	0.0908699	0.35405087
0.8068458	0.2667144	-0.61861366
0.18830389	0.26976925	0.122701444
0.9198547	0.9258446	0.5375079
0.50782007	0.7324365	0.079157665
0.7375499	0.52097225	0.64994144
0.5424087	0.49512053	-0.30483866
0.5171984	0.8077141	0.08784473
0.0665831	0.8686238	-0.013307542
0.054314792	0.19562143	-0.068653904
0.8564795	0.04738432	0.10222804
0.7385121	0.17032003	-0.12840688
0.14627773	0.82288873	0.005188735
0.8522369	0.44371086	-0.363985
0.42290187	0.79863894	0.105458155
0.41861236	0.8239527	0.17709522
0.5895796	0.9718204	-0.21412481
0.97253954	0.75116414	0.051865265
0.6781263	0.4984222	1.209373
0.64571726	0.23131692	0.5223652
0.03698331	0.6521488	-0.64895827
0.7506474	0.77420986	1.0949291
0.73590165	0.47312528	0.469036
0.22020406	0.46424866	0.4253298
0.792845	0.21286082	-0.6714617
0.19630873	0.71054375	0.28803673
0.35346633	0.06307143	0.5129853
0.6091925	0.77571404	0.38821352
0.113346696	0.92674565	-0.08887173
0.48983634	0.54633874	-0.15052556
0.49093527	0.25220555	-0.40598226
0.93082	0.45518208	-0.19204222
0.8377516	0.9758193	0.21631691
0.22099495	0.8998956	0.0626702
0.14571738	0.83195215	0.019320123
0.31557447	0.09186739	0.8224738
0.7955483	0.92093545	0.7270608
0.5098093	0.2860793	-0.44258547
0.19616497	0.50945055	0.32501125
0.34057128	0.75436443	0.13339151
0.32653886	0.21188307	0.7090667
0.005931437	0.6882415	-1.1014879
0.59020364	0.7681979	0.15139791
0.2803594	0.36990398	0.66391206
0.17843956	0.90480506	0.02042805
0.5486164	0.7358311	-0.07635168
0.6334714	0.24456733	0.36584276
0.62321013	0.28792226	0.2287968
0.7672433	0.9033332	1.0434104
0.31270587	0.21066386	0.7996568
0.91116065	0.33612382	0.31314158
0.0771184	0.08696288	-0.01059838
0.05051458	0.23860681	-0.1616879
0.7434178	0.3141412	-0.09131907
0.039518178	0.31773967	-0.4034009
0.80779284	0.7463801	0.11111236
0.41355413	0.7374736	0.08086278
0.124673605	0.942198	-0.100423455
0.090369046	0.60103595	-0.19947894
0.028939009	0.8595406	-0.34488025
0.0063264966	0.03381431	-0.056222327
0.07585895	0.51969373	-0.30194187
0.7884381	0.5820918	-0.07219595
0.0095406175	0.14367896	-0.34152633
0.3106578	0.7736123	0.103370786
0.28853124	0.8267262	0.098435044
0.5524652	0.48774326	-0.31218007
0.97379756	0.9293767	0.9730493
0.6959726	0.14929014	0.51760495
0.16571999	0.09084278	-0.23056738
0.63256514	0.17125571	0.3266545
0.050150692	0.13754904	0.099161685
0.861941	0.07740176	0.17754665
0.68486774	0.23421663	0.616317
0.04209453	0.9222901	-0.072796226
0.7976977	0.74234396	0.2119292
0.82420915	0.18284756	-0.45953605
0.41039342	0.32901567	-0.031822853
0.2455535	0.5672919	0.46005687
0.4153713	0.96229047	0.34159604
0.26852727	0.12473917	0.7137901
0.34203076	0.12793416	0.67272234
0.58474857	0.89118874	-0.103766106
0.6175499	0.3428653	0.15668651
0.6745188	0.42232257	0.97255594
0.14837319	0.8820356	-0.077421114
0.27914983	0.066361606	0.84403396
0.62363565	0.8850353	0.36813098
0.40899265	0.53842956	-0.09154941
0.46290797	0.9502612	0.3641452
0.80968904	0.19463986	-0.59065026
0.286098	0.013593733	0.93197376
0.019466937	0.8655943	-0.4708675
0.9570835	0.41353297	-0.6861595
0.31317312	0.7204491	0.22709334
0.77597255	0.60399854	0.219927
0.59597534	0.5968355	0.17319123
0.2994997	0.0099977255	0.81639636
0.33878088	0.68237936	0.20064998
0.72143346	0.004903257	0.4352752
0.73366076	0.64824903	1.0726264
0.97592664	0.53150225	-1.0201964
0.8227371	0.49733615	-0.5033103
0.22269058	0.5824583	0.32712156
0.45308965	0.49092066	-0.24466144
0.053961635	0.89041716	-0.038639776
0.611696	0.425475	0.29907662
0.5214884	0.2929088	-0.46401122
0.89035857	0.6243924	-0.2031815
0.7621543	0.4811133	-0.018128388
0.8834939	0.8493729	-0.024895571
0.37354392	0.9165775	0.032140337
0.17203325	0.6922774	0.24561839
0.63401914	0.66242945	1.0285205
0.6745258	0.42918444	1.0019178
0.06268269	0.77686775	-0.12904151
0.8156995	0.5629906	-0.41683793
0.41534966	0.54134315	-0.12855971
0.97869414	0.2836501	-1.1231037
0.67867386	0.6004526	1.444694
0.42731804	0.028710067	-0.06422469
0.20182627	0.19562691	0.23136161
0.12200403	0.34006453	-0.16495928
0.17950678	0.53617996	0.27532724
0.87598765	0.22455621	0.36674917
0.84244305	0.018569529	-0.13224983
0.65491503	0.9700912	0.49361724
0.4062528	0.84850466	0.15461926
0.4949788	0.94385266	0.24166454
0.3550303	0.7087636	0.11933831
0.9844923	0.99658996	1.3585364
0.35304642	0.37860572	0.522957
0.3850258	0.84527856	0.057332493
0.98106587	0.04859209	-0.5807322
0.767254	0.64116824	0.48839203
0.6515336	0.81814086	1.0429393
0.15625954	0.033931077	-0.29527956
0.5968329	0.197707	-0.22210395
0.28093785	0.9257755	-0.05234242
0.3205042	0.9532065	-0.17739043
0.8248375	0.63708174	-0.25865367
0.22105598	0.4101805	0.40889922
0.72309655	0.5638161	1.0222251
0.9577045	0.96410435	1.1223817
0.0527426	0.40249366	-0.44689423
0.095823884	0.09991938	-0.27232167
0.0101162195	0.24638098	-0.65164906
0.6398837	0.26813245	0.47670445
0.6816556	0.33265775	0.7424292
0.7023325	0.7949709	1.5014172
0.5232249	0.2670701	-0.5048886
0.20770323	0.4836635	0.31468475
0.90203196	0.7123558	-0.07453654
0.47346455	0.6200063	-0.022687417
0.33419496	0.810975	0.03753427
0.44288284	0.06742865	-0.07809374
0.378685	0.31321293	0.3103147
0.85822886	0.07479888	0.15522552
0.2524742	0.2528053	0.6545082
0.9888266	0.109110475	-0.9590125
0.26418346	0.8894098	0.04776018
0.4754439	0.43721408	-0.264307
0.6976286	0.73536974	1.5868579
0.25207317	0.53502774	0.5330084
0.5251156	0.65623736	-0.119189516
0.48935783	0.21291769	-0.4085667
0.5198102	0.30036998	-0.5151726
0.61757123	0.46876186	0.44118252
0.33664972	0.028883874	0.66111904
0.22747886	0.44131625	0.4188022
0.2555092	0.60648644	0.41434696
0.3359552	0.35615093	0.62161803
0.509603	0.6650669	-0.025687767
0.98675466	0.33403248	-1.5082343
0.7839236	0.010181427	-0.438659
0.43958557	0.21360153	-0.16541435
0.53034616	0.2576928	-0.5732806
0.8132975	0.13673717	-0.54711634
0.9599273	0.55555874	-0.60618407
0.4647991	0.6649655	-0.023082774
0.409087	0.65839845	0.02601624
0.3160537	0.02895397	0.75517267
0.5757957	0.14360726	-0.44375
0.20719528	0.6467944	0.38225976
0.55893123	0.11683279	-0.6094632
0.7229684	0.63893217	1.2473115
0.563505	0.63491637	-0.120338514
0.33180606	0.493101	0.52033573
0.80971265	0.8529173	0.39364684
0.47483468	0.5515856	-0.09768687
0.6660547	0.9191738	0.92622775
0.07923508	0.6920908	-0.11402125
0.4856016	0.20849633	-0.33726212
0.19851708	0.15880716	0.15561885
0.2555409	0.72814316	0.3647355
0.32146114	0.9748703	-0.1102366
0.1392352	0.17685944	-0.39295456
0.77277106	0.48820382	-0.15940738
0.25000894	0.5081263	0.50947994
0.68605757	0.986078	0.8668394
0.7175515	0.4504313	0.71331924
0.8077858	0.5980518	-0.26119345
0.030416131	0.477239	-0.7960817
0.19617265	0.8334183	0.14301433
0.4308756	0.92240936	0.33378562
0.35793537	0.67705274	0.16183485
0.99875456	0.36737144	-1.7939719
0.60856044	0.18489403	-0.053737096
0.3897863	0.6540456	0.0011860896
0.65118223	0.71856177	1.2017337
0.92990017	0.032158256	0.5170229
0.858531	0.5251847	-0.33905137
0.9977701	0.1780659	-1.465912
0.907217	0.8699541	0.21361083
0.8339088	0.29270428	-0.4032182
0.79992276	0.7979192	0.35674942
0.8435104	0.7396055	-0.16713658
0.49092847	0.4585945	-0.22178292
0.29499096	0.12004691	0.782282
0.20631832	0.8394901	0.1542841
0.9674752	0.12959236	-0.3964306
0.5462672	0.13724667	-0.6145358
0.67981523	0.34170836	0.71391976
0.6198381	0.5718682	0.59526837
0.57814926	0.0065077543	-0.6490566
0.528544	0.009601712	-0.8682454
0.441584	0.82908255	0.2318812
0.22424763	0.7355023	0.3069097
0.32937378	0.5684286	0.48295718
0.019222975	0.8326504	-0.5096686
0.3081755	0.3607548	0.7073983
0.9259835	0.40710002	-0.064561725
0.0075801015	0.9663578	-0.41832376
0.6397715	0.9363158	0.42771703
0.3158797	0.5627032	0.46496087
0.1587314	0.7037331	0.1445221
0.8196697	0.62021583	-0.28787902
0.31167763	0.68059236	0.28958568
0.6519356	0.86736274	0.8412011
0.8807979	0.115327656	0.5027851
0.36563557	0.53377396	0.23163816
0.33819842	0.38385755	0.62087303
0.20627272	0.98483044	-0.07738668
0.4382084	0.053087115	-0.18963382
0.70267296	0.7048884	1.5146194
0.588672	0.1666516	-0.3311879
0.25836033	0.99311036	-0.14882281
0.08368617	0.3070603	-0.23508385
0.8995134	0.057814956	0.59934896
0.44879615	0.42569083	-0.27826226
0.96693766	0.6288433	-0.4748656
0.35969996	0.39535975	0.39145586
0.4570763	0.31142372	-0.2090142
0.10765624	0.65286964	-0.03030473
0.5175511	0.82047814	0.11472773
0.9283834	0.012688756	0.5076268
0.31310058	0.7224279	0.232258
0.69105566	0.060878456	0.5961472
0.5301798	0.10786331	-0.7141323
0.79355425	0.44481045	-0.5041857
0.9941124	0.7073227	-0.43415186
0.9119294	0.09916538	0.6202235
0.38861465	0.9172181	0.11104639
0.253698	0.74532974	0.32824615
0.88029903	0.6046352	-0.22070305
0.6925075	0.58704776	1.3793974
0.99787325	0.49597502	-1.6699423
0.81689215	0.87424856	0.34236744
0.49219406	0.28667158	-0.42515025
0.57652295	0.34028465	-0.33352524
0.18875569	0.75425917	0.22196944
0.16788834	0.30721813	-0.07997769
0.1783014	0.70522094	0.20215864
0.878055	0.1070891	0.43394127
0.76784515	0.6053821	0.3417926
0.39778936	0.9847973	0.23312175
0.28580725	0.23038566	0.7548994
0.49661058	0.44559747	-0.28010234
0.9331699	0.14774567	0.30288476
0.92366034	0.21311879	0.34262097
0.22601211	0.24834043	0.44758242
0.79103947	0.9976367	0.86673945
0.034475446	0.55150145	-0.7990147
0.050571203	0.31838667	-0.32230565
0.041465163	0.47891033	-0.7048359
0.35698742	0.09404504	0.481528
0.6234858	0.05942571	0.15205215
0.74144936	0.58022726	0.6955197
0.71327275	0.88916045	1.431745
0.6317918	0.744201	0.8740664
0.57837623	0.64369124	-0.0069838455
0.11910701	0.7242418	-0.008273319
0.22785741	0.21954435	0.39955384
0.0015288591	0.11223197	-0.35060623
0.062012076	0.48568624	-0.4466758
0.46415764	0.9864573	0.35057816
0.39758044	0.50874305	-0.035130814
0.47728634	0.47550684	-0.31834114
0.02722919	0.48849016	-0.846208
0.3398409	0.5109348	0.51209044
0.4922713	0.9926328	0.23607576
0.8836955	0.39363343	0.12464297
0.81299615	0.21297753	-0.589025
0.90941066	0.16588145	0.58695894
0.2793945	0.89515024	0.015699316
0.90339494	0.2639315	0.46435705
0.40302724	0.06844759	0.180631
0.73895025	0.16630846	-0.07936118
0.37578624	0.5348675	0.16835053
0.5931205	0.78321713	0.12573971
0.5460719	0.117201746	-0.65878373
0.732104	0.7685075	1.2912258
0.67723376	0.8729103	1.2136354
0.78615826	0.9907564	0.8978016
0.32783478	0.9812804	-0.103466965
0.7777841	0.6706599	0.40251207
0.42110628	0.26334935	-0.086561866
0.516719	0.3205188	-0.45383826
0.53271383	0.017702937	-0.9022228
0.4997595	0.026639879	-0.68711984
0.48434478	0.07466626	-0.49015912
0.90667146	0.5072191	-0.038436934
0.45689034	0.013590753	-0.32629192
0.4125517	0.80556005	0.008019976
0.64415675	0.6855516	1.1148714
0.6721139	0.63984734	1.4803998
0.4757306	0.35427988	-0.30596367
0.16832864	0.64278525	0.21896233
0.34265798	0.17246616	0.6784723
0.77978855	0.061549246	-0.5128601
0.95469004	0.8801796	0.74499375
0.29491764	0.7268412	0.28376147
0.9445814	0.10762614	0.22614993
0.8937974	0.76512	-0.111379005
0.814069	0.2307117	-0.6404829
0.059772253	0.16283393	-0.030466938
0.41307384	0.79470116	0.11203624
0.65462434	0.77866805	1.1986805
0.39396834	0.8283559	0.09862694
0.06767124	0.4426294	-0.40597248
0.9825142	0.69069594	-0.35970178
0.47026855	0.46304172	-0.20296425
0.30468482	0.7017498	0.34274808
0.76374996	0.60907805	0.43037617
0.095606744	0.13442641	-0.26342878
0.9199776	0.07822192	0.58253413
0.53760135	0.10099667	-0.72009546
0.72674346	0.7414504	1.3767368
0.6537856	0.9421462	0.63038576
0.025372088	0.16882122	-0.18910135
0.19456297	0.09193951	0.17039374
0.73565644	0.68177456	1.212423
0.77993447	0.78963125	0.7093062
0.75220203	0.47698563	0.17519324
0.70422506	0.6680609	1.4711102
0.46384388	0.62695646	0.0070749074
0.4792444	0.3811112	-0.27615997
0.14077163	0.17316324	-0.35648936
0.20843583	0.8263611	0.22128
0.7052065	0.30145997	0.50412554
0.74990815	0.77041745	1.1032726
0.32559633	0.2084204	0.7236056
0.9603172	0.2802894	-0.5800157
0.18511683	0.48912543	0.27669424
0.7099285	0.8759215	1.3794249
0.037103295	0.5028772	-0.72358984
0.063489616	0.87287307	-0.0364715
0.5656194	0.72742885	-0.043530863
0.06730777	0.016433597	0.11502199
0.081431866	0.98586524	0.09335133
0.7504651	0.22060215	-0.2929129
0.43991196	0.50933945	-0.14984383
0.21294612	0.08887607	0.40794745
0.7809752	0.3050623	-0.639471
0.80886096	0.46753854	-0.49461153
0.6963193	0.13938683	0.47702447
0.04292035	0.93285596	-0.036670778
0.4890393	0.3240311	-0.34614626
0.1368928	0.0765627	-0.34998724
0.7690713	0.77878606	0.80399656
0.9375423	0.7016771	0.0029927986
0.48148477	0.97323555	0.30005357
0.39317822	0.8394625	0.11362661
0.6290817	0.9199001	0.3323542
0.21064109	0.9766906	-0.068997025
0.9101344	0.46011376	0.020031217
0.55632377	0.2298019	-0.53453577
0.24648184	0.8439824	0.1770066
0.9229135	0.27015722	0.35625017
0.6811235	0.67541033	1.5360129
0.6303386	0.90299743	0.4528842
0.9440641	0.99059576	1.036282
0.3302123	0.88289136	-0.0132982
0.768086	0.42594737	-0.21490557
0.5016974	0.92577803	0.24514948
0.38637835	0.6877357	0.04346833
0.93830556	0.038054705	0.3205309
0.8215082	0.6559459	-0.2508215
0.18621063	0.020519316	0.09463662
0.82806057	0.2291202	-0.44507647
0.073228	0.98554075	0.1464772
0.3911636	0.61336684	0.002110403
0.5531733	0.80988055	-0.020175666
0.0589357	0.7329436	-0.19016942
0.812047	0.41747242	-0.58980626
0.4786998	0.14711326	-0.33178517
0.39358586	0.21535242	0.18837453
0.3369469	0.9074143	-0.034111895
0.1003775	0.38729364	-0.20751116
0.7463029	0.9675154	1.24567
0.4789893	0.46826762	-0.2297813
0.14043075	0.5780714	-0.05270479
0.9633515	0.46829247	-0.8295336
0.10740054	0.7948872	-0.030846167
0.7183821	0.21721911	0.1886919
0.6342366	0.0542475	0.256482
0.5432138	0.38633716	-0.46562406
0.8444793	0.84437686	-0.025069756
0.79783064	0.5432074	-0.30035838
0.90069085	0.98872167	0.4014842
0.30604142	0.6844678	0.25365496
0.114994764	0.64614093	-0.06512653
0.7365748	0.23668277	-0.09246952
0.16544807	0.13560474	-0.17977326
0.5973312	0.38583243	-0.035676762
0.7356204	0.042298794	0.20224711
0.063785434	0.29654288	-0.20253637
0.7570175	0.37310344	-0.2281012
0.9118531	0.83534914	0.1687011
0.35104036	0.53222704	0.34921443
0.77570873	0.3926767	-0.40623927
0.09257352	0.5093318	-0.20219819
0.87222844	0.19791889	0.32482168
0.83287865	0.08322388	-0.26221964
0.10903549	0.23121947	-0.24637341
0.75883615	0.8388565	1.1315436
0.821588	0.70580417	-0.14105552
0.7895061	0.042482495	-0.46519977
0.84446853	0.71622014	-0.26191977
0.9922719	0.2834081	-1.5139989
0.00083470345	0.92861027	-0.6468138
0.32320338	0.39635926	0.61981785
0.58580095	0.53068745	-0.047536377
0.7843444	0.34192812	-0.5509665
0.45070994	0.11830777	-0.20136829
0.9611751	0.3970896	-0.7916464
0.6796374	0.7280363	1.5028284
0.8784182	0.09996778	0.43975708
0.9058195	0.83536655	0.10968831
0.17770791	0.6327612	0.3207844
0.49567986	0.24967301	-0.40881225
0.30087262	0.74452394	0.16580364
0.9987064	0.89175683	0.6332444
0.86240983	0.7204575	-0.25670385
0.27471477	0.44757593	0.60575867
0.28477973	0.83960676	0.017473802
0.42884988	0.9824075	0.2772477
0.49160868	0.48847455	-0.25081754
0.64474696	0.3128686	0.5592558
0.15864742	0.7836288	0.10445856
0.4573782	0.3704793	-0.2686759
0.27645344	0.46179742	0.5985075
0.751894	0.9921849	1.1647326
0.66962	0.8404334	1.2412215
0.6397912	0.42082387	0.6948675
0.17820609	0.39309716	0.117840305
0.6455046	0.48607177	0.9819488
0.3368432	0.22662872	0.63829786
0.2414732	0.14997715	0.59120405
0.18274987	0.10197312	-0.030774428
0.9765379	0.5970279	-0.7662696
0.05171168	0.80571467	-0.15136915
0.1993168	0.94148517	-0.027130725
0.31781918	0.15669656	0.76921505
0.41365772	0.717657	0.06588317
0.54786485	0.47084945	-0.38706994
0.09666538	0.61619693	-0.1470809
0.006090164	0.7599354	-0.83865446
0.019010246	0.8989125	-0.33445317
0.6043876	0.027856946	-0.19741234
0.062521994	0.21746862	-0.09434323
0.79423285	0.10571194	-0.5542992
0.9316453	0.0903272	0.49757025
0.6490004	0.53477645	1.0118839
0.9186083	0.99432683	0.704816
0.77645266	0.59006923	0.10247859
0.7174776	0.047391653	0.3463842
0.08908093	0.53179795	-0.2504888
0.45522583	0.75758684	0.17581965
0.122282624	0.29815274	-0.272823
0.8741507	0.20844811	0.40803713
0.62940806	0.31363767	0.334257
0.63024586	0.48028827	0.6910913
0.11557311	0.04954952	-0.3523989
0.37532592	0.36415958	0.2545086
0.20941305	0.16236591	0.28868586
0.5749811	0.5163887	-0.19306524
0.8292011	0.39939225	-0.5522142
0.63784355	0.24677992	0.38727805
0.9892301	0.20750475	-1.2995139
0.753762	0.29091585	-0.30878156
0.5565651	0.43488228	-0.35286045
0.89557874	0.61382973	-0.16972488
0.38475573	0.03129071	0.32360852
0.96752685	0.4162529	-0.9472435
0.2690763	0.87495375	-0.0042448323
0.22362524	0.23624748	0.39716455
0.15401518	0.8903803	-0.04942368
0.5224557	0.33418107	-0.44332656
0.9688278	0.55828846	-0.729714
0.26271385	0.3606795	0.6557988
0.068997264	0.8034552	-0.06720726
0.4875151	0.9227046	0.24408343
0.6009347	0.49745965	0.1541087
0.8941887	0.018290758	0.48111832
0.6084473	0.98613274	-0.16971314
0.4925388	0.67433316	0.04710016
0.062595606	0.8714158	-0.03516166
0.26697868	0.7237395	0.31399995
0.00326401	0.83798254	-0.75632024
0.8310431	0.5905563	-0.40067357
0.3149473	0.09776658	0.73085666
0.3600483	0.024039328	0.48697683
0.044781744	0.8013205	-0.2514723
0.7911356	0.6004242	-0.04337077
0.09502059	0.5540599	-0.17610513
0.84836733	0.55562735	-0.41469696
0.5016788	0.8421598	0.2548381
0.50881684	0.3487941	-0.43837076
0.9226497	0.05486375	0.47469878
0.5230974	0.6544475	-0.06731407
0.78143704	0.07065362	-0.43688998
0.2695241	0.7313098	0.24216685
0.94742143	0.11040431	0.11050178
0.43897277	0.9438757	0.33475637
0.8426325	0.0028608441	-0.08989125
0.41796994	0.7961265	0.10978915
0.28804237	0.8606071	0.016820021
0.7404446	0.14014024	-0.10571773
0.7178068	0.3208093	0.32512754
0.1784836	0.95743775	-0.10037729
0.62266093	0.90916437	0.27736384
0.68864036	0.807592	1.4801644
0.3719641	0.7913409	0.04758245
0.9451938	0.90683776	0.78814715
0.0349254	0.24700451	-0.29556385
0.75950044	0.29735595	-0.3774466
0.02249521	0.49294585	-1.0004661
0.43711895	0.8434977	0.19847345
0.33289665	0.66819173	0.295973
0.7256176	0.6523895	1.2065793
0.9065661	0.4926315	-0.08022092
0.7007837	0.80677897	1.5417311
0.34120673	0.87085205	-0.0020543593
0.270801	0.4184748	0.64795184
0.36255342	0.41007978	0.36534458
0.8331414	0.0016379356	-0.2423035
0.7673877	0.1596278	-0.48310247
0.8129765	0.45863742	-0.49661738
0.6749316	0.034706295	0.6525596
0.02952063	0.18561351	-0.21785195
0.72801733	0.9714472	1.1928536
0.65789074	0.8957669	0.8933844
0.16338933	0.45309055	0.102628835
0.005246103	0.14387763	-0.3699748
0.57159203	0.30653864	-0.42800447
0.45189798	0.92098004	0.27365234
0.35255426	0.86736053	-0.027250972
0.49958074	0.90889823	0.14575903
0.8088418	0.7231302	0.059114717
0.92477214	0.5054488	-0.13879581
0.87045485	0.89090914	-0.011971232
0.2515391	0.7296212	0.3215086
0.45317608	0.45789862	-0.22444063
0.5045871	0.18311071	-0.44938886
0.22383928	0.87665164	0.17930584
0.19171822	0.3199907	0.15649815
0.7704574	0.3264178	-0.5248431
0.15795273	0.4540373	-0.011235632
0.35934788	0.1327244	0.547545
0.8345122	0.7676647	-0.11492622
0.124893546	0.4004596	-0.11361906
0.45887482	0.6156658	-0.07676011
0.791112	0.12856752	-0.6046866
0.3572132	0.6320438	0.20911607
0.06673932	0.42709553	-0.4100198
0.036646366	0.057403624	0.10774517
0.71824473	0.33837909	0.32891923
0.5731615	0.51404357	-0.20542951
0.97679555	0.18629432	-0.8689596
0.7463921	0.02497226	0.009795435
0.9046777	0.7100686	-0.09324869
0.18676054	0.15554589	0.01570061
0.79172903	0.6184083	-0.0355881
0.77823746	0.7168265	0.51324
0.75398445	0.9112203	1.2023621
0.5853199	0.71064806	0.09293844
0.7293544	0.8942065	1.3827996
0.8844996	0.28700435	0.36477596
0.22868848	0.16571808	0.5145363
0.8635463	0.5079478	-0.37169027
0.1996485	0.93502665	-0.032282077
0.78236675	0.27977848	-0.6517158
0.7750085	0.56813264	0.044253185
0.58108866	0.4091149	-0.21136767
0.03034103	0.5948647	-0.8533214
0.40892124	0.10096884	0.060798265
0.34630907	0.4854176	0.49349454
0.5666664	0.97598815	-0.23735951
0.44448137	0.8150797	0.18269424
0.97522765	0.9451544	1.0914669
0.6461202	0.63904274	1.1441859
0.77456367	0.8550737	0.88280934
0.58859164	0.11269015	-0.31343535
0.23408103	0.26379746	0.45815405
0.60438496	0.6108595	0.36195967
0.84223485	0.20006043	-0.1805811
0.574973	0.6888017	0.05946607
0.83953935	0.96567297	0.31083673
0.16167742	0.9829516	-0.21609588
0.5207006	0.74721575	0.016507337
0.07855123	0.8778423	0.019887153
0.82234484	0.7305528	-0.06972964
0.46647865	0.32893503	-0.29138502
0.9694006	0.9744506	1.1944438
0.6426703	0.20361418	0.41529226
0.4354105	0.96469873	0.31693816
0.601756	0.39827764	0.03274186
0.5459838	0.53942966	-0.29229733
0.9495979	0.0127257705	0.1845502
0.93691814	0.9365717	0.76319903
0.52614087	0.15460598	-0.60367966
0.026515543	0.8742702	-0.32043093
0.6373485	0.42670375	0.66935813
0.40532446	0.0028675199	0.070307486
0.4733246	0.111380994	-0.3567274
0.8959514	0.05946833	0.5940032
0.6679968	0.42587888	1.0705703
0.11940807	0.08260733	-0.3881023
0.6111135	0.005294323	-0.110602535
0.62836266	0.2571174	0.29882106
0.014786482	0.9640417	-0.31807056
0.27472454	0.6487319	0.38399357
0.20527261	0.60418016	0.37402514
0.59814084	0.22620195	-0.17305773
0.31416595	0.25799292	0.79151416
0.2541461	0.18589348	0.6397711
0.3746127	0.6016827	0.13325712
0.4148243	0.9505885	0.2567252
0.033615768	0.3741523	-0.68305266
0.9874718	0.22310686	-1.365139
0.8578131	0.70332694	-0.27805
0.0056450963	0.90666217	-0.5439838
0.6280884	0.5429947	0.70529854
0.05274558	0.19711113	-0.08557786
0.5076519	0.74248	0.05481586
0.86310357	0.14682353	0.25069925
0.007824242	0.5221979	-1.2772532
0.906675	0.51638293	-0.08445948
0.91067517	0.4429732	-0.010710914
0.34886217	0.6202772	0.26005903
0.9332045	0.25742453	0.14575042
0.76295066	0.17380923	-0.4135781
0.47980058	0.9549196	0.30560327
0.9650582	0.66509765	-0.2497879
0.81234825	0.8298275	0.25929612
0.13033259	0.31032223	-0.24658689
0.13556278	0.846868	-0.022006523
0.9469343	0.76689005	0.2443228
0.65548116	0.8983124	0.7798957
0.68568194	0.79264903	1.494574
0.54868525	0.65337396	-0.18758169
0.5758267	0.10255158	-0.51938355
0.46456468	0.45365548	-0.20962712
0.63038176	0.83672947	0.6236277
0.8012418	0.25592774	-0.71218246
0.6018797	0.5879445	0.30333433
0.43513912	0.95399076	0.33609542
0.22413397	0.62385297	0.35822085
0.08063471	0.93977684	0.018400274
0.050361574	0.31629622	-0.32015076
0.009901226	0.99207896	-0.33457327
0.4286571	0.20287627	-0.037005693
0.6174755	0.12019664	0.10048243
0.7441291	0.48431814	0.3521943
0.23815161	0.60864925	0.48136643
0.7731305	0.99858433	1.0484407
0.028124094	0.42473447	-0.8253991
0.77550006	0.7362094	0.67818636
0.83135855	0.20721114	-0.36700684
0.7871958	0.4802838	-0.3632056
0.8546914	0.51385933	-0.35357094
0.68119127	0.358577	0.7937573
0.8024791	0.36961287	-0.6768818
0.087313235	0.8240762	-0.03407744
0.2058723	0.027803898	0.3024432
0.026703656	0.44323558	-0.8572995
0.6390939	0.32443988	0.49409264
0.8879227	0.027000487	0.55886346
0.71829766	0.7800412	1.5246904
0.33901912	0.032096744	0.63729984
0.95681417	0.66724646	-0.19403966
0.58088917	0.8183582	-0.020355023
0.8163644	0.47680205	-0.53403014
0.74567956	0.63884115	0.88102806
0.56630814	0.6838443	0.005841419
0.779411	0.7740955	0.7053497
0.22443604	0.4678123	0.5107728
0.892187	0.10335362	0.550861
0.98090243	0.46929884	-1.3020052
0.5038574	0.16647792	-0.49683002
0.35264528	0.5558873	0.35795084
0.18213284	0.0009818673	0.045707874
0.1987893	0.27749652	0.21862158
0.59809315	0.41168976	-0.016609438
0.27273637	0.40636826	0.6099827
0.059341073	0.4681505	-0.4727783
0.933161	0.9664804	0.9038282
0.04166013	0.90370786	-0.07346315
0.93265915	0.27966464	0.13552392
0.5280593	0.8928488	0.077545024
0.4284461	0.019253433	-0.10825108
0.07280636	0.44254386	-0.31952348
0.13659531	0.19789046	-0.32508296
0.9304628	0.10307181	0.44194528
0.35997325	0.13351023	0.5458993
0.75507987	0.8782493	1.2549864
0.6791984	0.84095865	1.3351746
0.11026895	0.67744637	-0.08657847
0.65652597	0.9988169	0.3974275
0.6328415	0.45847112	0.6681059
0.54906756	0.46170187	-0.41214147
0.25338387	0.7904342	0.24248108
0.45237678	0.8655109	0.28029937
0.12238073	0.06414294	-0.439802
0.20105553	0.725607	0.28161353
0.27535653	0.614737	0.48346362
0.04216796	0.11899799	0.014302818
0.6167978	0.7003119	0.5552499
0.86907274	0.9345702	0.01340095
0.69812614	0.7560629	1.5903163
0.9229808	0.3718748	0.032613736
0.28559822	0.042622924	0.7974809
0.08777636	0.8758893	-0.024156064
0.41267234	0.4196118	-0.093586475
0.73507416	0.9767135	1.2884378
0.3634845	0.5994983	0.21726927
0.6021569	0.4876508	0.21687245
0.99499786	0.6413332	-0.9073272
0.13119936	0.13737601	-0.37565932
0.90957093	0.7313981	0.022090338
0.77535355	0.7044867	0.5934334
0.91940075	0.096230924	0.58624667
0.044486582	0.4075874	-0.5581029
0.3762452	0.9221879	0.116003945
0.11740953	0.19257152	-0.30041167
0.14739156	0.012934446	-0.29310048
0.75708646	0.4337573	0.025402762
0.761318	0.12139338	-0.3925643
0.6445941	0.13768107	0.4141937
0.99649733	0.12473297	-1.1839595
0.55886126	0.68760514	-0.025166735
0.975226	0.87245804	0.7193635
0.043433547	0.85225093	-0.18709634
0.8985799	0.46254247	0.007881498
0.77189523	0.51195186	-0.058098257
0.50565124	0.22303247	-0.46563607
0.48127228	0.7004921	0.13789882
0.76523614	0.96222496	1.0924499
0.15690023	0.82741475	0.053484824
0.22129649	0.68279916	0.35666218
0.45603496	0.9175383	0.36657196
0.52162474	0.5604572	-0.24732804
0.035265684	0.15302843	-0.053386915
0.72783667	0.5247465	0.8209926
0.6175792	0.8257184	0.38474238
0.809125	0.4760198	-0.47051945
0.4328459	0.30453402	-0.2092732
0.7401316	0.6160143	0.9046833
0.8946468	0.916881	0.19678096
0.5524521	0.5551815	-0.3046388
0.7366424	0.21232408	-0.054571263
0.6277181	0.09571117	0.1903706
0.34760016	0.64249086	0.2175546
0.60908085	0.509736	0.361335
0.4055153	0.87584525	0.14908023
0.6465304	0.50905204	0.92310894
0.8433438	0.90559006	0.018516622
0.41056967	0.75801593	0.04976024
0.6302091	0.9757627	0.10577585
0.38996845	0.41500324	0.12186173
0.6465392	0.2017408	0.43034476
0.3904156	0.518345	0.06194719
0.5924089	0.9552037	-0.20760716
0.7379425	0.75991374	1.2678434
0.88706696	0.67283064	-0.2029993
0.575931	0.6839462	-0.009151065
0.7293589	0.36104143	0.29356766
0.51988786	0.40174413	-0.3896488
0.16428661	0.19449455	-0.12751956
0.7957324	0.69406503	0.19391248
0.24374461	0.55739635	0.49810916
0.4521408	0.42208105	-0.22250323
0.46417987	0.91207236	0.33624825
0.22496843	0.26325333	0.4228866
0.22405314	0.5332765	0.43864113
0.04670012	0.32278872	-0.3525812
0.006547928	0.7355959	-0.9734122
0.06930053	0.52860165	-0.38628832
0.4233107	0.7485164	0.055816375
0.6190649	0.7754679	0.55021805
0.45737243	0.6089982	-0.045780774
0.676116	0.57710487	1.4160051
0.87422866	0.8792719	-0.03400463
0.79849887	0.039156973	-0.45911196
0.7365834	0.16714215	-0.08698831
0.518562	0.13449717	-0.58713466
0.98780376	0.9432573	1.0465555
0.523844	0.4016003	-0.4986417
0.66428393	0.16764909	0.5458224
0.7702073	0.7327517	0.7321525
0.68864787	0.16851562	0.5649329
0.703348	0.6627062	1.4485351
0.9917563	0.57665455	-1.1400511
0.34473866	0.045198202	0.5858432
0.85280514	0.31895107	-0.164878
0.73975825	0.011749148	0.1556075
0.18860388	0.5000386	0.25395995
0.4558062	0.9672299	0.41205853
0.5176037	0.318891	-0.44187185
0.097620726	0.29943228	-0.2339916
0.37529743	0.2463243	0.38209105
0.41284645	0.079060316	0.08358893
0.25669742	0.8265077	0.15799855
0.42084348	0.6498641	-0.03824865
0.825793	0.02679646	-0.2954604
0.1972174	0.83959323	0.19025216
0.75439554	0.7335174	0.97291404
0.044190586	0.7700062	-0.33339772
0.83011585	0.48331952	-0.5377626
0.29202765	0.5368565	0.5432807
0.7457507	0.7262814	1.0419112
0.13088179	0.25935292	-0.2851728
0.6623333	0.19414175	0.5305755
0.64333254	0.12316227	0.3744775
0.7256066	0.3804956	0.32650185
0.270702	0.38654333	0.6842539
0.41644168	0.9138547	0.23818779
0.3220914	0.46577471	0.5878938
0.49861455	0.17607135	-0.4443998
0.34682554	0.493091	0.46959078
0.300075	0.23845994	0.7615358
0.4359054	0.34452128	-0.19691549
0.6651047	0.9189235	0.9107235
0.9193402	0.33884573	0.15764527
0.7906325	0.6664875	0.14033855
0.5171873	0.7393822	0.045233496
0.6592124	0.4309994	1.0043474
0.14738649	0.29598713	-0.1821748
0.8583671	0.93701077	0.09326589
0.23023897	0.3323192	0.49870467
0.7675034	0.5659524	0.22829233
0.9383451	0.38767952	-0.23006696
0.39465147	0.51435715	0.016450305
0.047753572	0.049892604	0.18118249
0.046557844	0.5723469	-0.60371035
0.04951495	0.35643768	-0.35549006
0.55918574	0.19539046	-0.59211755
0.37424535	0.96379685	0.08775999
0.5527545	0.70566124	-0.10526509
0.95007265	0.26662052	-0.24470551
0.9006817	0.6820141	-0.13918191
0.56425494	0.54138035	-0.24672602
0.012483835	0.65765285	-1.0175617
0.06483525	0.7118928	-0.23376238
0.86091083	0.6856147	-0.34399182
0.6851523	0.13575041	0.5526336
0.18389142	0.2094748	0.028820356
0.4938329	0.8536376	0.26078117
0.9830227	0.073088884	-0.659001
0.8446566	0.68437654	-0.30342558
0.051472306	0.5187592	-0.5335403
0.06474143	0.09218311	0.042745322
0.9666142	0.7961211	0.3182896
0.6262709	0.99825794	-0.097471595
0.25465596	0.71040016	0.35644594
0.765865	0.30002582	-0.44939247
0.016648531	0.40610367	-0.9039293
0.224792	0.19280714	0.4300082
0.7478122	0.43155044	0.11797656
0.6932296	0.2169717	0.4712727
0.026559055	0.62581986	-0.87630975
0.4724928	0.25337946	-0.25717545
0.29962635	0.299766	0.7702946
0.44798368	0.73465544	0.072971374
0.2161482	0.56939346	0.39868942
0.0022003055	0.98425066	-0.51132596
0.51317143	0.9095207	0.13307911
0.39484352	0.99664086	0.21199512
0.04579526	0.18501318	-0.09594596
0.48073322	0.17458934	-0.3774566
0.12728328	0.34923244	-0.20389852
0.8283154	0.94494534	0.29521915
0.25451332	0.3922515	0.5641081
0.05403465	0.6610057	-0.44881928
0.9143374	0.84546995	0.3040144
0.75102025	0.9730348	1.2003869
0.77665883	0.5785574	0.13649404
0.61175686	0.8562483	0.30280563
0.493316	0.384489	-0.3491671
0.71662045	0.7965024	1.5093511
0.098854184	0.8574903	-0.037549116
0.916636	0.8327554	0.21188377
0.008844376	0.90629566	-0.55557793
0.6642814	0.41358483	0.9134355
0.33722788	0.47271562	0.50267607
0.1189909	0.54617876	-0.080493085
0.02884078	0.36646008	-0.668362
0.5037392	0.09730512	-0.5877481
0.31803638	0.8870852	-0.070986144
0.45182562	0.6319625	-0.037670605
0.917281	0.21334189	0.47929212
0.25609094	0.486421	0.5924297
0.73996866	0.6883944	1.1517593
0.9929391	0.63038653	-0.87626714
0.12090951	0.4953516	-0.06131863
0.3428445	0.43943584	0.58322674
0.118112445	0.12308645	-0.29028362
0.6144437	0.6279421	0.5274469
0.010554254	0.88890636	-0.517153
0.4486798	0.5066737	-0.16971092
0.16124082	0.23811215	-0.20050403
0.9047602	0.77948785	0.10651613
0.24096245	0.5332426	0.47191814
0.4034385	0.6860123	-0.04958095
0.7682555	0.94879407	1.0784827
0.07763153	0.83411247	-0.0052466807
0.4309476	0.08483869	-0.09552995
0.09171599	0.04282242	-0.18844229
0.23449057	0.049445927	0.6457321
0.6793998	0.41662002	1.0052851
0.85674524	0.6659461	-0.35289946
0.225959	0.117131114	0.5423146
0.720387	0.5016822	0.8146785
0.7786936	0.06597066	-0.43296242
0.94067717	0.476956	-0.326555
0.69910204	0.16067308	0.47356397
0.79503226	0.9639414	0.78339165
0.47007042	0.24340439	-0.30217025
0.5910735	0.5834731	0.09534174
0.93388325	0.6912155	-0.025051866
0.5830037	0.49565524	-0.09493604
0.64698845	0.26472396	0.52014196
0.6317065	0.39982158	0.5443066
0.530496	0.9484605	0.03632581
0.057429075	0.4436831	-0.4125867
0.25982833	0.9386262	-0.062451277
0.9799436	0.5251568	-1.1246023
0.19012141	0.21170783	0.080626324
0.49661905	0.010312617	-0.71543765
0.17678916	0.28560692	-0.030990437
0.364765	0.99277467	0.031688247
0.56453854	0.4542789	-0.30556276
0.9106804	0.8417276	0.22092745
0.7247592	0.34406638	0.24281847
0.8307116	0.044930458	-0.29557788
0.49941218	0.14349192	-0.5206244
0.6037982	0.6703366	0.4362979
0.5856509	0.8029183	0.06365878
0.58526576	0.7512208	0.11586986
0.33688706	0.27980107	0.6853627
0.92777133	0.29665577	0.18876337
0.940221	0.8976096	0.7437835
0.0029756427	0.7516332	-0.94575745
0.32483256	0.2625913	0.69386476
0.3149072	0.25794208	0.71744037
0.5131026	0.11677176	-0.6611588
0.11337781	0.83271134	-0.052425086
0.16289383	0.84500796	0.0061557405
0.76310116	0.9265809	1.0962648
0.059157908	0.98598117	0.13532628
0.84442264	0.74387425	-0.14546716
0.26302713	0.80562466	0.16106896
0.4220175	0.61721075	-0.058578588
0.48338425	0.07082093	-0.43858117
0.69908243	0.23651534	0.4521724
0.7281348	0.27044022	0.101541854
0.39511865	0.33181834	0.1638858
0.306266	0.9102829	-0.07496264
0.2596054	0.7860603	0.23282252
0.73635083	0.3516407	0.07419671
0.06132406	0.4973094	-0.45735553
0.13356626	0.15378278	-0.3851742
0.48745966	0.13863635	-0.40223438
0.96095353	0.5977447	-0.52241844
0.8027923	0.3274935	-0.71013033
0.03887093	0.6650099	-0.5674945
0.9020873	0.9567141	0.40135136
0.31785184	0.92159426	-0.061998695
0.24560863	0.1581353	0.68318164
0.44599646	0.5439334	-0.125148
0.538898	0.43350267	-0.4383822
0.38019586	0.4747483	0.18695596
0.53271407	0.16789836	-0.650557
0.85283846	0.5522753	-0.40765175
0.01432085	0.9978993	-0.28858066
0.14342958	0.9239135	-0.15786304
0.98028797	0.78382343	0.14444819
0.82978326	0.2762757	-0.4904126
0.9773146	0.7036658	-0.2693456
0.7846292	0.008339286	-0.3625962
0.051065207	0.35886008	-0.4453756
0.461039	0.08541912	-0.31425303
0.79067224	0.768695	0.4848163
0.8215723	0.13349062	-0.39641812
0.3236361	0.2440182	0.7080236
0.6714434	0.27415198	0.641467
0.4083686	0.5999125	-0.07356294
0.11202192	0.0055447817	-0.31460762
0.49072415	0.98122215	0.22053099
0.8413404	0.4087671	-0.36457205
0.84825456	0.4382952	-0.404755
0.6133159	0.36172128	0.11131924
0.40830737	0.12502581	0.07838753
0.30451155	0.33292544	0.73457986
0.21143806	0.7288489	0.37191904
0.13294291	0.008785665	-0.3816326
0.5608389	0.0076341033	-0.7371401
0.032621324	0.29822874	-0.44088063
0.8115419	0.8673648	0.3729825
0.65825945	0.5378215	1.2293086
0.703345	0.2582187	0.45386305
0.9522918	0.53330016	-0.4764689
0.01786524	0.9381587	-0.29529855
0.3234095	0.9929705	-0.10984212
0.77047306	0.673672	0.57012725
0.35374123	0.46309638	0.3812902
0.7612163	0.2535801	-0.39316097
0.16860032	0.28752118	-0.057605896
0.13154703	0.49076712	-0.0311808
0.83865464	0.98851156	0.2147794
0.4703601	0.62118006	-0.100477576
0.03242457	0.5733243	-0.82316947
0.90008664	0.25784117	0.474131
0.05640787	0.7604386	-0.21144252
0.9377849	0.58232963	-0.28997675
0.25970793	0.7085783	0.32289046
0.7465818	0.9499922	1.2515366
0.794353	0.7466459	0.3360115
0.7892988	0.4822747	-0.42116278
0.1802997	0.44012868	0.16743143
0.9822638	0.273493	-1.2644597
0.074891806	0.18939883	-0.083979264
0.8346358	0.7168498	-0.17887942
0.27825475	0.70092493	0.27294216
0.32821018	0.42802715	0.612936
0.13608277	0.39407396	-0.21237896
0.73685193	0.7609265	1.2637213
0.1997177	0.9236583	0.034922354
0.8655387	0.7963054	-0.18033305
0.6300771	0.9506694	0.19503592
0.6742868	0.8622154	1.2005737
0.74622595	0.023562253	0.09924632
0.5054275	0.7790496	0.16338226
0.12169516	0.36950612	-0.1916632
0.4462046	0.90524054	0.31939435
0.13134712	0.2555933	-0.29287544
0.2162953	0.06312448	0.41260988
0.4145431	0.541008	-0.07004407
0.08685869	0.6906761	-0.10896064
0.76922894	0.46612245	-0.21781944
0.0074501038	0.4615075	-1.1930729
0.8224071	0.771202	-0.016069315
0.8786414	0.044555962	0.4235559
0.476277	0.25098473	-0.3265389
0.56799054	0.30948168	-0.41747397
0.049241126	0.54325897	-0.54272604
0.8838425	0.44437546	-0.029002497
0.59534967	0.20327991	-0.18768184
0.08221197	0.026759565	-0.07549364
0.8785932	0.26724148	0.36075705
0.92788446	0.11466056	0.49040172
0.26697385	0.21822584	0.7251725
0.119333506	0.8729568	-0.06575573
0.8975226	0.070760965	0.62127745
0.19745433	0.4511307	0.37228525
0.51761925	0.11533171	-0.6912913
0.018452048	0.8878983	-0.43787828
0.7734985	0.20030022	-0.6235092
0.5133623	0.7195799	0.06353304
0.019601464	0.17950135	-0.26240706
0.21376067	0.59080833	0.4737338
0.8854498	0.97057414	0.1949964
0.21742046	0.63594997	0.41291013
0.84305	0.28495562	-0.30144286
0.32952315	0.4139496	0.61902654
0.88954914	0.13446307	0.6030461
0.2548675	0.5705279	0.4940641
0.27469116	0.93078685	-0.1448312
0.49487877	0.96404415	0.2225108
0.5591823	0.7595974	-0.02118351
0.0614838	0.3972345	-0.39004567
0.43202752	0.613141	-0.064615086
0.84994465	0.27932006	-0.17087962
0.9678871	0.7815782	0.25459427
0.28801417	0.6702306	0.34927577
0.30115837	0.45888132	0.68629783
0.059885144	0.9439948	0.08170026
0.5115997	0.89540446	0.13527015
0.4608233	0.736084	0.18109503
0.62340957	0.59526026	0.6659626
0.77459425	0.6232009	0.27895606
0.9978155	0.81926817	0.19847354
0.9125865	0.3695749	0.14253692
0.9819513	0.27790183	-1.2784055
0.6021691	0.18252683	-0.11826978
0.17794454	0.91948336	-0.044305712
0.8342329	0.28140008	-0.3534294
0.14374584	0.16974747	-0.3717855
0.64774305	0.7977563	1.0961994
0.10562974	0.9280722	-0.066140786
0.3026535	0.053316355	0.9144833
0.19597274	0.8857448	0.08009873
0.8599638	0.25172573	0.06750733
0.8674903	0.39040786	-0.078168176
0.750227	0.86522305	1.2450389
0.987036	0.012842596	-0.5326764
0.19246727	0.3688506	0.21870577
0.09880346	0.2632442	-0.26628134
0.1770314	0.9300259	-0.05680833
0.14788705	0.0011462569	-0.33038843
0.33555114	0.13830614	0.6908226
0.47116876	0.34062868	-0.30017078
0.79493916	0.0041977763	-0.41702
0.33817738	0.5718735	0.32759023
0.8147043	0.5772973	-0.30975765
0.6321505	0.86932534	0.5599672
0.3804112	0.99494433	0.09438892
0.10016763	0.0055261254	-0.14688697
0.44820124	0.47720426	-0.22361234
0.42430604	0.92533857	0.26237777
0.99421835	0.98587555	1.2278366
0.56149316	0.057061493	-0.74418265
0.62396085	0.69973546	0.78348947
0.5691152	0.6492801	-0.051197316
0.80020756	0.77601045	0.34573334
0.58068943	0.40047908	-0.25375968
0.5669366	0.021712244	-0.7719893
0.19808358	0.53010136	0.3498556
0.2021305	0.8002594	0.26777795
0.032896698	0.5140898	-0.8259522
0.72212327	0.037418664	0.36849493
0.48483795	0.12976152	-0.38687247
0.28514594	0.999497	-0.18195711
0.85432684	0.87411207	-0.073825985
0.97802716	0.31891114	-1.2186797
0.8443391	0.58429253	-0.4146696
0.4646027	0.4414842	-0.2389157
0.34304726	0.5637273	0.33906114
0.7898958	0.963619	0.82072604
0.7574778	0.8409115	1.1151081
0.4697284	0.9240124	0.3424717
0.5945557	0.94020516	-0.17310277
0.4512561	0.23016405	-0.23046525
0.6049281	0.4408052	0.14702147
0.22462893	0.6366938	0.4025652
0.21714777	0.47789145	0.4833576
0.01622951	0.25376874	-0.50237733
0.96065927	0.8871364	0.79380155
0.9098912	0.94817185	0.427613
0.504735	0.78290623	0.18599111
0.9042945	0.40147114	0.099032514
0.5178814	0.4146425	-0.37255204
0.97931784	0.7260816	-0.12601063
0.6637203	0.63307095	1.420922
0.0030572414	0.9511811	-0.47266817
0.64815784	0.5157604	1.0142071
0.1333586	0.044524133	-0.36779436
0.60871357	0.90153724	0.11548063
0.8327115	0.72384447	-0.2011326
0.055836618	0.8755668	-0.001270961
0.6808767	0.92003596	1.0742134
0.3083753	0.5588558	0.5143402
0.9201236	0.7811758	0.10633518
0.5355387	0.005057454	-0.8356867
0.9205756	0.6075565	-0.18328305
0.9879171	0.6351126	-0.7973108
0.77126235	0.4271531	-0.29291156
0.05852616	0.20107752	-0.05200378
0.78254396	0.80618936	0.6761636
0.9617938	0.39614332	-0.82168883
0.36277413	0.33020794	0.41465452
0.020012915	0.73389	-0.75825125
0.24198687	0.77746844	0.25443378
0.8727773	0.86618125	-0.102687776
0.22256237	0.3200299	0.42033365
0.52284753	0.37368035	-0.48420164
0.70607287	0.2724384	0.4135869
0.6979744	0.5232292	1.2746853
0.34920824	0.8234742	0.02838987
0.8776163	0.8545494	-0.051165376
0.45833474	0.34583002	-0.20908456
0.7445182	0.7744721	1.2438402
0.047087133	0.13202	0.05184874
0.91527176	0.909259	0.4213396
0.6263547	0.18583947	0.21340457
0.7519729	0.040646136	-0.072340995
0.86548376	0.056530356	0.3191903
0.13229722	0.113497734	-0.38007212
0.49146163	0.071275055	-0.5365238
0.39354986	0.18027031	0.2450088
0.07563883	0.5471243	-0.3232435
0.38373154	0.08022207	0.3046506
0.60078466	0.108811915	-0.1848243
0.53766716	0.11150205	-0.65541047
0.7583814	0.8320398	1.1004521
0.7798948	0.96130204	0.9636416
0.39602488	0.51337725	0.009452937
0.104353786	0.5683696	-0.11792184
0.24839401	0.7874565	0.19640785
0.18389416	0.30285347	0.11863154
0.53730345	0.3678156	-0.4768446
0.3054186	0.35237962	0.68837726
0.61072373	0.24457765	0.032007437
0.87129414	0.9398629	0.017304204
0.4572683	0.45314485	-0.24367332
0.2927544	0.8202768	0.059251964
0.6418317	0.036248088	0.43715778
0.5397143	0.08872867	-0.7128402
0.99195147	0.9879954	1.3501697
0.18249547	0.35538483	0.121400565
0.63825005	0.21189123	0.41526607
0.2118271	0.71031106	0.37904203
0.58421814	0.161178	-0.3255604
0.31907934	0.5010732	0.5754201
0.069785714	0.7727155	-0.11666759
0.34338552	0.019160986	0.5706756
0.13660294	0.46620208	-0.033763204
0.5064237	0.9645295	0.14995888
0.6473724	0.053635895	0.42278758
0.9028779	0.7633687	-0.008449676
0.9642853	0.9225661	0.9206516
0.28629953	0.7939196	0.17232957
0.8302417	0.9895082	0.4126007
0.44274998	0.9789858	0.4058533
0.3742659	0.13358504	0.3807082
0.45807105	0.7317503	0.109952606
0.5822442	0.3592009	-0.26713395
0.97460306	0.05757177	-0.3775079
0.060310006	0.4661209	-0.4086481
0.08760387	0.44710416	-0.21503517
0.61715	0.015782714	0.021911249
0.76105803	0.47821784	-0.008027956
0.6997805	0.29130626	0.5446554
0.405635	0.4831339	-0.058600333
0.93212444	0.5656343	-0.20401174
0.15384758	0.83132493	0.014602924
0.1510579	0.060971558	-0.2848958
0.59374416	0.938775	-0.08512934
0.5623072	0.9376094	-0.12341923
0.08315265	0.25004584	-0.18234365
0.6995706	0.6588853	1.5361954
0.8302762	0.20346242	-0.36919725
0.76845556	0.43362492	-0.2438022
0.8980563	0.25496066	0.42051828
0.23597473	0.9173227	-0.004075883
0.5247362	0.5575326	-0.24364704
0.5646962	0.8458717	-0.016952533
0.8499102	0.40247434	-0.28133187
0.54510266	0.35176438	-0.45809758
0.051540673	0.5273543	-0.5921242
0.45361048	0.2591203	-0.22002238
0.82365334	0.099368334	-0.40239948
0.22224313	0.09903622	0.49577564
0.74761397	0.058074117	-0.10381
0.9891253	0.32780653	-1.5556498
0.22290653	0.14786196	0.43786535
0.48678738	0.016250849	-0.578873
0.64490634	0.2374034	0.538356
0.4221828	0.82131815	0.1800318
0.1630069	0.7347311	0.1300483
0.9639078	0.69717854	-0.09953654
0.7309578	0.919541	1.3495059
0.45542836	0.53214103	-0.20415899
0.32658088	0.5648487	0.44765007
0.17742485	0.89946455	-0.04027885
0.5897772	0.5309815	0.0031233495
0.91296	0.95245767	0.4976394
0.47722125	0.49882144	-0.1792993
0.78139913	0.86985266	0.79899144
0.12967741	0.47572184	-0.067867965
0.23555577	0.96760607	-0.10150441
0.6569539	0.82473785	1.0966082
0.76995385	0.9011327	0.9715383
0.53691024	0.07478368	-0.66939723
0.66905135	0.46810806	1.0292342
0.8937352	0.085179865	0.6292819
0.6723588	0.39455372	0.8802548
0.3600586	0.061978996	0.4345399
0.032199025	0.4513998	-0.7596526
0.72358704	0.3660004	0.33763364
0.6678352	0.057254493	0.5895361
0.9195554	0.25529385	0.36478356
0.93300813	0.6805629	-0.019084962
0.68658394	0.6257654	1.527153
0.43064487	0.39768362	-0.1869168
0.16737646	0.5799131	0.17050344
0.487862	0.93578154	0.2842284
0.22000885	0.9748257	-0.0687059
0.9926584	0.17721605	-1.303114
0.09394294	0.9377358	-0.008597162
0.33260208	0.30902112	0.6727539
0.60099185	0.8048491	0.25076416
0.111269355	0.40984076	-0.17374517
0.43976408	0.5513436	-0.12059811
0.44534528	0.8059615	0.21003276
0.0099980235	0.53937024	-1.1852734
0.61730635	0.31676364	0.20748559
0.36310858	0.26330924	0.44809023
0.29897302	0.7064646	0.24411377
0.7072629	0.19668102	0.39191228
0.79940516	0.49441993	-0.46908468
0.28339285	0.19526833	0.7508523
0.37817395	0.242194	0.32231122
0.9332525	0.80244064	0.3657517
0.20403433	0.5632184	0.39414892
0.6629255	0.7117828	1.3809534
0.17354435	0.43187046	0.108556755
0.32102758	0.611206	0.4043884
0.24041992	0.63790506	0.4852576
0.11221403	0.14487988	-0.29742187
0.22618389	0.22287506	0.4219488
0.70622367	0.91988117	1.2497447
0.35924935	0.52448475	0.3546037
0.6796722	0.99604046	0.6779803
0.8133424	0.1534946	-0.582179
0.16315591	0.78373486	0.0746272
0.2823646	0.40838838	0.6653362
0.74801075	0.60485756	0.76192653
0.68777955	0.7879616	1.4784989
0.13441521	0.46553862	-0.09974295
0.47625822	0.2405566	-0.3276251
0.9919793	0.25563127	-1.510768
0.097863376	0.9022551	-0.011772735
0.48297828	0.66694784	0.019642364
0.55787545	0.801201	-0.12870367
0.6486478	0.9883468	0.2799536
0.03884697	0.20148039	-0.18674716
0.72354954	0.17731363	0.17182322
0.30481124	0.04427892	0.79270256
0.31830394	0.17120826	0.74542844
0.4562301	0.55534965	-0.10591318
0.9959574	0.83501256	0.32947555
0.71360904	0.4970355	0.94249487
0.8302887	0.21304709	-0.35964268
0.26793575	0.3560118	0.67307067
0.8121307	0.24794024	-0.5865379
0.7588631	0.89788485	1.1117177
0.8389295	0.79560477	-0.11710268
0.8018411	0.8962124	0.54791075
0.68097675	0.1818288	0.5567983
0.9339347	0.2988448	0.01790383
0.2697916	0.14398366	0.68981445
0.062194645	0.55609834	-0.41300687
0.92664444	0.8603416	0.40733364
0.2785018	0.46983808	0.61067975
0.1747126	0.13009387	-0.025093973
0.016697526	0.6226773	-1.0282323
0.78963894	0.4112301	-0.51920944
0.39485067	0.41356862	0.041569408
0.1728813	0.33801532	0.030995272
0.5037012	0.9065787	0.19639295
0.8787229	0.37135994	0.06879165
0.71868294	0.26643187	0.20220646
0.8739868	0.18588644	0.3778154
0.61519843	0.78290427	0.49150532
0.30041093	0.18924141	0.8191723
0.043680847	0.62449723	-0.5353314
0.35956502	0.24488646	0.51237565
0.29134876	0.13439596	0.8162166
0.6089173	0.8434516	0.2822156
0.4713784	0.23498958	-0.36600885
0.9399644	0.18242413	0.15778078
0.022190452	0.09300536	0.05447468
0.5669285	0.63035643	-0.10709098
0.6681121	0.41843927	0.99601424
0.15949804	0.9762676	-0.18369074
0.41180348	0.948228	0.25571144
0.06370962	0.6971358	-0.26887706
0.6929586	0.3807302	0.78450847
0.31377655	0.37983608	0.7232762
0.9356544	0.4531142	-0.21233784
0.089279294	0.546889	-0.19051965
0.56728554	0.8070288	-0.06896684
0.4672156	0.22634572	-0.34778416
0.6604206	0.5948556	1.332936
0.8140309	0.18145001	-0.57629853
0.5706674	0.7507502	-0.043621935
0.8862483	0.82848036	-0.097501114
0.94846827	0.16962445	-0.014185272
0.24006265	0.77741426	0.29964536
0.10709864	0.731153	-0.051383335
0.24859005	0.43188107	0.5243819
0.419114	0.026851475	-0.023490997
0.8819613	0.81904507	-0.115227014
0.9844909	0.3618139	-1.4029659
0.8475386	0.87326854	0.029532252
0.40709883	0.07744157	0.12485505
0.60593736	0.35507345	0.09671471
0.44738114	0.2974555	-0.24509445
0.6164646	0.4832281	0.46237916
0.72235423	0.63397235	1.2333765
0.52625823	0.03575188	-0.8309008
0.8635275	0.6728061	-0.35165069
0.71247786	0.13600081	0.29998517
0.5089694	0.8512568	0.15998584
0.13809109	0.19025505	-0.3178791
0.6931397	0.6234131	1.4749117
0.2536106	0.9214029	-0.009855254
0.5746847	0.5639592	-0.10683917
0.21454084	0.844372	0.12594962
0.36370963	0.14764917	0.44213858
0.15949386	0.84348106	0.025200738
0.08591038	0.44551098	-0.30448246
0.87080204	0.40168154	-0.0713933
0.46709377	0.7366381	0.15030156
0.5001304	0.18848789	-0.5032344
0.033979654	0.47919345	-0.74301636
0.77634555	0.437644	-0.32511497
0.8075593	0.9846922	0.60940325
0.6945997	0.8672157	1.3689207
0.63698626	0.22286719	0.40685868
0.78507143	0.93771553	0.91688126
0.7557613	0.017168403	-0.102813974
0.8053363	0.1840086	-0.5950936
0.39361644	0.41968304	0.07342301
0.14636707	0.73783857	0.110354
0.4057389	0.29468048	0.018936144
0.6026315	0.1558665	-0.13276608
0.66741407	0.22958404	0.5759036
0.009110808	0.11908245	-0.21051705
0.76361996	0.29656464	-0.43618128
0.2763757	0.254111	0.7440202
0.63671297	0.9103197	0.4735181
0.09485513	0.9057449	-0.026144776
0.25191385	0.47145933	0.61354166
0.15715128	0.9620251	-0.21080214
0.8695091	0.9593712	0.08515928
0.6984772	0.42535245	0.90054315
0.17346233	0.19931936	-0.11857493
0.93793124	0.36548078	-0.15144248
0.45189726	0.61943287	-0.05526259
0.50860965	0.016741514	-0.75074214
0.14781505	0.013501823	-0.33803493
0.5830875	0.71124816	0.046541058
0.2517715	0.024838626	0.87363046
0.74267924	0.44657725	0.22594294
0.75536954	0.6619921	0.7510391
0.6926268	0.10462487	0.5549617
0.11309248	0.4458002	-0.13364196
0.5604337	0.90299153	-0.1336783
0.56461805	0.16677964	-0.5629752
0.46786076	0.53322184	-0.13618441
0.91195387	0.3714977	0.1641846
0.65760493	0.93980587	0.68247527
0.7070093	0.23701751	0.43375525
0.5693096	0.14253193	-0.4924627
0.77078635	0.7346368	0.724742
0.72303444	0.3973663	0.46702597
0.30547684	0.59628505	0.4391511
0.6045383	0.33698893	-0.00036558695
0.6115564	0.04590577	-0.04016022
0.38022304	0.9421116	0.029021464
0.91525227	0.7200364	-0.013635015
0.46212864	0.80229694	0.2053199
0.52913284	0.4798172	-0.38247672
0.20033556	0.94704825	-0.053653765
0.96888644	0.6283393	-0.4970096
0.50030404	0.5717277	-0.10508348
0.86987835	0.97723186	0.1451259
0.23353958	0.15030378	0.54644
0.7822314	0.07499313	-0.51006514
0.68298745	0.6743992	1.536642
0.9353951	0.36000532	-0.10996144
0.31381083	0.9633824	-0.1571332
0.9342314	0.5295229	-0.24507716
0.68789893	0.6462493	1.5974915
0.34880042	0.037123144	0.60618585
0.8046604	0.31843364	-0.6817057
0.82439154	0.13847733	-0.40927565
0.4844187	0.8895245	0.27933282
0.84631807	0.29084724	-0.23994215
0.98446023	0.04941976	-0.64563674
0.31172734	0.045741737	0.737966
0.838989	0.9487235	0.19311154
0.7352719	0.7578787	1.3459222
0.93663555	0.7107421	0.034023937
0.8964837	0.9156443	0.21332657
0.489078	0.16378045	-0.3932055
0.51656514	0.6493625	-0.07747428
0.8640048	0.9360716	0.026623573
0.87235254	0.505748	-0.26621664
0.77229285	0.4332034	-0.32765642
0.742246	0.8942554	1.312668
0.12700343	0.8360238	-0.038688656
0.21675038	0.7146865	0.35524914
0.47281283	0.4990154	-0.18079028
0.07250172	0.85238653	0.005123497
0.30300653	0.32717764	0.78098667
0.90627736	0.8501272	0.19780505
0.3457281	0.513462	0.36534888
0.2004484	0.3909018	0.26286688
0.30499023	0.4450531	0.6471586
0.84974027	0.9861035	0.20276883
0.85676235	0.53802955	-0.3383747
0.646558	0.005617261	0.47039217
0.0021989942	0.54965293	-1.2773747
0.37404925	0.20000768	0.42116362
0.22398412	0.9611018	-0.012238897
0.8163733	0.20272636	-0.58575845
0.16237879	0.949007	-0.14945656
0.21406311	0.91269827	0.07235934
0.9137635	0.4534946	-0.015154481
0.12703723	0.77716106	-0.03801627
0.517011	0.76703227	0.070051484
0.8325324	0.34873372	-0.53581226
0.7390435	0.70962596	1.1855266
0.15286177	0.43884915	0.024555916
0.84535646	0.8309361	-0.06408653
0.51558113	0.57630545	-0.1684656
0.49956417	0.36648977	-0.33164185
0.6839059	0.5365266	1.2989278
0.29028183	0.14961433	0.78514516
0.064042985	0.21701777	-0.091981575
0.13027477	0.30072588	-0.23136298
0.47898793	0.311158	-0.31154835
0.83856696	0.103014946	-0.20729637
0.80625373	0.035017252	-0.47382537
0.66819423	0.09021151	0.5960883
0.60713375	0.9075811	0.10573473
0.15228307	0.057565153	-0.23733808
0.8536659	0.30173254	-0.070776984
0.16504365	0.41908866	0.0955879
0.952927	0.020026028	0.100925274
0.85078377	0.723459	-0.31188017
0.14484042	0.14918846	-0.30571207
0.0647189	0.6299494	-0.38707587
0.24290168	0.43888134	0.49291122
0.009565651	0.37365067	-0.93988323
0.9567863	0.3333556	-0.6088421
0.77121735	0.31834418	-0.47144204
0.6599348	0.240318	0.6380537
0.52326334	0.22707784	-0.49832547
0.44138235	0.8195074	0.21205616
0.7441292	0.05452186	-0.0412004
0.96724916	0.472125	-0.911738
0.87304276	0.9118321	0.035605744
0.91442883	0.23738432	0.44210798
0.32716054	0.1606859	0.7028578
0.77815056	0.32443154	-0.56953937
0.28994238	0.33999205	0.70213044
0.61476845	0.17945242	0.07252235
0.5653707	0.8818208	-0.08239339
0.75747716	0.39326942	-0.16372518
0.19795108	0.07347709	0.14420797
0.95068324	0.81968874	0.43858913
0.58795273	0.1175912	-0.3134618
0.85161465	0.41564822	-0.33822843
0.6092605	0.7161749	0.45764408
0.97405136	0.5554029	-0.9228834
0.9122861	0.35976547	0.17289406
0.71150756	0.31184572	0.35231158
0.004708588	0.010181308	0.028264832
0.99548453	0.7348174	-0.27653372
0.2940821	0.4810164	0.57243377
0.20587659	0.085770965	0.25820014
0.977709	0.38771254	-1.1934817
0.85834455	0.76643616	-0.25739667
0.8780604	0.6999338	-0.28646678
0.56799036	0.8466185	-0.106372684
0.34730607	0.34786522	0.5621727
0.22763628	0.41982025	0.42711437
0.06425816	0.91728574	0.047120616
0.19112557	0.6142147	0.34466347
0.5760084	0.9654572	-0.19444677
0.321607	0.7814679	0.051211096
0.27258337	0.39705354	0.61973614
0.62957925	0.42636555	0.5504948
0.32050866	0.40712118	0.63573605
0.8890844	0.4745381	-0.123532996
0.19294608	0.5258081	0.3275955
0.97296005	0.04107684	-0.33510262
0.8750972	0.02842784	0.35160947
0.90747505	0.2350378	0.50668484
0.88428205	0.7891448	-0.074198395
0.10117769	0.9556612	-0.036631674
0.8942811	0.7636367	-0.055011146
0.9389095	0.7729973	0.24427862
0.3193488	0.55120426	0.5311605
0.9046133	0.76179886	-0.007989955
0.24039555	0.03167069	0.7634866
0.88258475	0.08270919	0.47514102
0.24099869	0.7750454	0.33562717
0.7584159	0.9453904	1.1699536
0.19462419	0.31307685	0.17024386
0.84748787	0.6690484	-0.30747604
0.9648548	0.1491782	-0.43336275
0.36029	0.24982548	0.47415647
0.3022715	0.65238273	0.41038278
0.8330695	0.6567085	-0.27627027
0.5768794	0.42636007	-0.2929439
0.47204542	0.4087432	-0.28329566
0.3023193	0.38909954	0.6651669
0.020853698	0.9298981	-0.32858366
0.9351818	0.026797414	0.36123228
0.30714148	0.61392045	0.41008812
0.72324127	0.5217285	0.8979885
0.3503157	0.6749075	0.1986677
0.26624542	0.011544943	0.9171064
0.6528699	0.077784956	0.49137595
0.9648849	0.12519151	-0.40452844
0.057606995	0.52436423	-0.47038272
0.6317264	0.84411716	0.6455189
0.81421816	0.1301977	-0.52446395
0.86363375	0.21632808	0.18924323
0.43795806	0.94235456	0.33235648
0.68312466	0.004468322	0.6829173
0.6266531	0.22531193	0.2597181
0.8699836	0.29618633	0.22321215
0.15468735	0.71497184	0.098725975
0.7119478	0.27799845	0.34895203
0.94816524	0.087709725	0.1564661
0.9468762	0.78652245	0.30403966
0.19016886	0.04263866	0.17000553
0.06624061	0.9725843	0.07340942
0.018212438	0.20809901	-0.41050434
0.33816195	0.5402895	0.41921663
0.7466035	0.7090522	0.962149
0.49782473	0.4596948	-0.2495164
0.6947486	0.5172461	1.2229905
0.28292215	0.8011181	0.13893138
0.40119964	0.8509696	0.1483202
0.4690376	0.8440195	0.2417336
0.21470338	0.99709356	-0.14880829
0.7758063	0.880299	0.9582841
0.19691658	0.20450526	0.15986897
0.80567575	0.8529747	0.46735686
0.0022017956	0.08303988	-0.2774282
0.88595396	0.5065368	-0.09952731
0.18264449	0.17847836	0.0003858297
0.80299413	0.87960154	0.5122596
0.9545564	0.1466797	-0.118134476
0.47554648	0.5877149	-0.049470223
0.83243287	0.9945914	0.33322877
0.6693659	0.33094364	0.7413304
0.5698625	0.6167538	-0.13259175
0.35246754	0.9989549	-0.037723713
0.84380025	0.520536	-0.42704567
0.7353638	0.26574725	-0.08158715
0.7076702	0.4714476	0.92548364
0.754713	0.7814896	1.1186328
0.7302567	0.9258491	1.3180739
0.98208004	0.16155988	-0.97643733
0.95686203	0.9864969	1.2480261
0.3382594	0.3747766	0.563655
0.27657694	0.3298735	0.6924657
0.68728137	0.99698573	0.80698204
0.9765128	0.7379207	-0.04181244
0.012901306	0.31786066	-0.7719519
0.53883564	0.13165265	-0.64061016
0.7600712	0.37431598	-0.26485938
0.76891357	0.19501263	-0.55644304
0.91120774	0.98962915	0.55483526
0.52136433	0.34058785	-0.42736125
0.7905534	0.44684756	-0.45252222
0.87355125	0.35085756	0.049027532
0.99537957	0.9893009	1.2846503
0.2852862	0.6489867	0.42293656
0.0660764	0.15174693	0.040554456
0.47996014	0.95029783	0.3733569
0.2754382	0.7284489	0.2398667
0.3783599	0.10049456	0.36570653
0.6566738	0.59661144	1.2695799
0.36060607	0.2462241	0.5105228
0.41709948	0.5210458	-0.06012372
0.26734996	0.06379789	0.83131814
0.27783072	0.28021938	0.75281566
0.30563056	0.39484644	0.72946566
0.44651318	0.0985896	-0.15135762
0.7179948	0.015747845	0.4134254
0.18503791	0.24116719	0.011788666
0.1390208	0.45448154	-0.045196295
0.5137416	0.9686974	0.115448125
0.8253013	0.27982837	-0.48060432
0.56317383	0.97630954	-0.18652214
0.58542174	0.6856876	0.09379868
0.91422534	0.54877585	-0.09026356
0.6707214	0.32119668	0.77499324
0.8215235	0.12659574	-0.49379689
0.90676445	0.7274142	-0.069379486
0.3776744	0.4390477	0.19110212
0.38909912	0.3146503	0.11593227
0.4887619	0.3556974	-0.37749168
0.50865793	0.99590224	0.15806322
0.8332675	0.7224843	-0.19824374
0.6153187	0.29188937	0.11096724
0.6764191	0.096960604	0.599348
0.6701425	0.16437417	0.56554
0.8402103	0.638841	-0.34718847
0.8771056	0.83748	-0.08606926
0.88277316	0.57063776	-0.23034051
0.4462632	0.82435226	0.18315338
0.1780628	0.22256899	-0.017809186
0.8062163	0.45704514	-0.49585384
0.6738509	0.3927775	0.9394716
0.63860494	0.6408094	1.0029387
0.24985671	0.97222894	-0.10330634
0.83645165	0.46488774	-0.4344658
0.5163733	0.621976	-0.12569064
0.7617917	0.568224	0.31980914
0.9281325	0.108614445	0.4824382
0.6474701	0.3235463	0.58388364
0.51003283	0.40236342	-0.34878838
0.080568254	0.47775573	-0.29688907
0.70308286	0.16932142	0.36692062
0.8141263	0.7934419	0.17182533
0.23121482	0.55386883	0.53080636
0.13551319	0.34575284	-0.23402408
0.91966635	0.26331395	0.38128358
0.6092886	0.68367445	0.48358133
0.93359566	0.7242377	0.058460284
0.44699484	0.5277984	-0.15045321
0.28721547	0.6223506	0.49318302
0.82914406	0.92028534	0.24510413
0.7546762	0.193043	-0.34940565
0.8422383	0.85041463	0.030563716
0.19188946	0.43106318	0.32568988
0.24140084	0.73424506	0.30504414
0.28527457	0.23034745	0.76741654
0.06318897	0.44995964	-0.34918684
0.68737423	0.08668089	0.5901866
0.90922004	0.54260164	-0.12702703
0.8657615	0.4213999	-0.14122353
0.5757472	0.19604242	-0.41094595
0.22009236	0.45962596	0.38266367
0.2608992	0.35183012	0.63609284
0.653767	0.1168924	0.45278642
0.41727722	0.21125412	0.009384757
0.7788662	0.036662877	-0.4250544
0.12572718	0.5482027	-0.009906359
0.88745606	0.45543224	0.0030747987
0.7919011	0.5489301	-0.21436325
0.7102492	0.80305153	1.4767578
0.3449095	0.14953434	0.62181395
0.6733951	0.34696108	0.8255594
0.14894843	0.04756075	-0.34884906
0.9109537	0.05566144	0.6247174
0.3856678	0.59795076	0.011366747
0.92081356	0.27616858	0.31083846
0.56353986	0.98903733	-0.16699985
0.8627183	0.6581827	-0.30477625
0.07941204	0.90744334	0.09767917
0.12966472	0.3742001	-0.22092894
0.37111038	0.43032885	0.26730293
0.99213654	0.8277259	0.32965475
0.845354	0.61086637	-0.3865906
0.3558764	0.8234824	0.030991124
0.02400142	0.817507	-0.49893016
0.65844685	0.038555503	0.55883914
0.5026669	0.2459088	-0.4592414
0.99109983	0.7300554	-0.30526227
0.4616022	0.23114574	-0.27486894
0.0045812726	0.627338	-1.2245833
0.82867455	0.36129016	-0.5705472
0.6261426	0.425596	0.5827334
0.14954937	0.8894389	-0.10505968
0.6517185	0.03822565	0.47978002
0.4658534	0.31913674	-0.29322338
0.4205423	0.00011956692	-0.000768695
0.49444908	0.5307653	-0.19746023
0.37152088	0.98213786	0.048693098
0.33680618	0.96228296	-0.09837602
0.34675813	0.33603597	0.57794756
0.719336	0.840075	1.4313033
0.83751947	0.8910087	0.109749295
0.45899153	0.82459265	0.19858265
0.4485954	0.26817143	-0.1718173
0.13275105	0.40091705	-0.11192237
0.055349052	0.83371747	-0.140376
0.24035144	0.71876025	0.34066346
0.75075823	0.9653566	1.2345977
0.26860613	0.30541146	0.6569692
0.4732989	0.8702366	0.324601
0.7564043	0.44898248	0.029549697
0.05254072	0.029315472	0.16394354
0.64133126	0.5420776	0.9347464
0.53437996	0.13475418	-0.62839466
0.97143185	0.6595743	-0.40966576
0.81900495	0.11376989	-0.39514822
0.6968744	0.35843134	0.73527837
0.019554138	0.46482962	-0.9618408
0.89343905	0.5237014	-0.1262255
0.4501202	0.22660953	-0.2486338
0.07052386	0.7868905	-0.027108222
0.6843403	0.99758995	0.75300854
0.9607026	0.40386808	-0.78750616
0.81854224	0.13586348	-0.45342252
0.31422293	0.61657304	0.4671484
0.41993034	0.32640725	-0.035812736
0.4945491	0.8392176	0.1986358
0.82705325	0.89313763	0.19848531
0.29749	0.1489796	0.7980772
0.33723712	0.0015068054	0.6496232
0.629558	0.23198634	0.31736374
0.2626835	0.39566737	0.58856964
0.126136	0.7664516	-0.0010669732
0.17757124	0.67805475	0.2913677
0.8960945	0.4108513	0.11252726
0.86831576	0.5169939	-0.31272355
0.7850261	0.6532595	0.20009077
0.35814756	0.26377624	0.47782284
0.09357458	0.2736144	-0.13779646
0.6229966	0.5413761	0.637665
0.29338157	0.34413964	0.7276755
0.61627746	0.80764866	0.44002467
0.58022714	0.29736364	-0.32983997
0.33361274	0.8409292	0.049479652
0.68915176	0.6093176	1.4599675
0.66994214	0.2718081	0.62070894
0.5869035	0.18243343	-0.27855542
0.7203766	0.36740118	0.46157286
0.9687747	0.9717219	1.1976167
0.23473996	0.6736163	0.39574024
0.10282296	0.4475298	-0.22113253
0.66610277	0.8515726	1.1832727
0.3566512	0.904829	-0.04502702
0.9962736	0.36478394	-1.7550405
0.044620693	0.03586757	0.21025142
0.295493	0.12674314	0.81286144
0.14024794	0.00038647652	-0.36544758
0.51307225	0.91075206	0.14261149
0.13292778	0.5621919	-0.07143079
0.8608101	0.73111063	-0.25675628
0.2787332	0.5776412	0.46798092
0.060599566	0.63121325	-0.3713168
0.8904427	0.46650928	-0.01398351
0.1482448	0.51173455	0.046042494
0.567465	0.25554496	-0.4269487
0.37950772	0.9774346	0.13654694
0.51324904	0.34517372	-0.416994
0.18531406	0.42334902	0.22422391
0.11278093	0.5881667	-0.09030338
0.56608087	0.71134526	0.018308066
0.06315386	0.86826634	-0.051780958
0.78674084	0.252464	-0.6357349
0.68191	0.5983847	1.4685619
0.7554139	0.3295473	-0.2622503
0.86764824	0.8937292	0.03481808
0.16569716	0.35165244	-0.039437033
0.5375477	0.09103155	-0.695559
0.67405975	0.9434213	0.9183206
0.3908397	0.16397125	0.18727407
0.6428449	0.20593923	0.48450342
0.6646934	0.80705655	1.3211359
0.80544794	0.088140845	-0.4822533
0.85085434	0.2035271	-0.043523982
0.18592328	0.6472558	0.29320255
0.24364829	0.41761637	0.598301
0.9651802	0.25363827	-0.656727
0.3224156	0.59225196	0.3986891
0.5402204	0.6986707	-0.1273109
0.78733885	0.4786954	-0.3739667
0.27449858	0.42676115	0.6677992
0.09490514	0.87506473	0.01954423
0.01891321	0.14102787	-0.19546719
0.18534178	0.56442124	0.3185517
0.7754556	0.45921504	-0.25808617
0.4321459	0.36102217	-0.15533376
0.59749717	0.5620106	0.1939849
0.7672186	0.6762361	0.57784617
0.6527106	0.974467	0.44074026
0.015704215	0.011029065	0.10227046
0.62405795	0.34485817	0.32898808
0.74956024	0.84405106	1.2296585
0.9254648	0.15600365	0.503916
0.7544198	0.17826295	-0.3742041
0.8794663	0.78990835	-0.09644519
0.14460737	0.3140993	-0.17445454
0.38783473	0.7086785	0.042438164
0.20969176	0.8485739	0.20177053
0.32740492	0.09017372	0.7699398
0.41525173	0.67045903	-0.0027160961
0.084358275	0.92895097	0.10328521
0.23214275	0.77238554	0.27000853
0.25200504	0.5742333	0.50630754
0.4404016	0.7407075	0.11913212
0.65658796	0.8706869	0.9465708
0.40935057	0.06843132	0.11954666
0.44361937	0.33189392	-0.21109466
0.49342412	0.54233545	-0.14946002
0.582899	0.44407248	-0.091342
0.58443546	0.32115304	-0.28796595
0.025800765	0.50682265	-0.84845126
0.15977293	0.88048995	-0.030681387
0.88363016	0.45665228	-0.069236375
0.6584509	0.9968722	0.39155763
0.43319058	0.20409465	-0.12739435
0.9723932	0.56600475	-0.81926894
0.5550973	0.038858056	-0.7605382
0.67637414	0.52718234	1.257319
0.15948576	0.60336256	0.23621067
0.9089201	0.71927035	-0.0014123246
0.5830505	0.7167416	0.02770929
0.12105781	0.09400761	-0.36596864
0.24270439	0.99362934	-0.11032581
0.0071234107	0.4844023	-1.1626676
0.43113214	0.8681627	0.22050707
0.5678255	0.3426066	-0.4267874
0.046842277	0.49266815	-0.5997385
0.6245207	0.44953775	0.5353307
0.7484044	0.8735956	1.2231542
0.7294827	0.32644582	0.13806674
0.41462857	0.14068276	0.053939044
0.68925047	0.03992808	0.59734344
0.7095142	0.62091917	1.3839545
0.11762726	0.73293704	-0.04635086
0.39484596	0.2251792	0.20458467
0.0006286502	0.17975926	-0.53482723
0.65450984	0.7120047	1.3116938
0.4802857	0.73129404	0.064775564
0.67154026	0.978916	0.7054775
0.66109544	0.35596073	0.7640909
0.6283276	0.7465367	0.77317244
0.9322024	0.36378402	-0.07624516
0.8709757	0.19273317	0.34270155
0.005244553	0.45755482	-1.2262583
0.90074676	0.9804558	0.39050743
0.36182052	0.32271737	0.42480987
0.6931555	0.17155385	0.49179888
0.42015916	0.563756	-0.13241078
0.36046302	0.8800174	-0.020767935
0.7826107	0.16959858	-0.63460046
0.4044577	0.4400937	-0.011491125
0.74192053	0.6157604	0.9077618
0.31705797	0.40091717	0.6133656
0.33213282	0.08636385	0.6893266
0.62857527	0.8594858	0.53810513
0.65273273	0.5253975	1.0604409
0.55993605	0.87421775	-0.0069965348
0.34271872	0.10917705	0.6573805
0.111023605	0.04114628	-0.35739836
0.54809666	0.91065675	-0.073016666
0.31713247	0.1650247	0.7854363
0.11416167	0.98337746	-0.0823157
0.34505934	0.50396	0.44021073
0.48535055	0.45427895	-0.27100724
0.6519304	0.8231557	1.0684516
0.50108874	0.6787972	-0.008753302
0.0025293827	0.9717206	-0.5375505
0.11514062	0.34153593	-0.24963099
0.2607724	0.19336331	0.6739882
0.28918326	0.11392254	0.8048385
0.07303482	0.22894406	-0.15575887
0.99307704	0.60596657	-1.0568951
0.6302493	0.114902794	0.24438515
0.85678625	0.21342373	0.07914046
0.21560949	0.57764107	0.44574988
0.49459296	0.22858709	-0.40342093
0.5403952	0.8737033	0.014859496
0.40737462	0.85434437	0.12193693
0.6236384	0.14777434	0.19829798
0.91541195	0.13114285	0.61378276
0.30994624	0.48449254	0.61900175
0.39064842	0.6646631	-0.0037994199
0.021583557	0.058220565	0.056602616
0.69926435	0.7785865	1.5464225
0.93204623	0.25126195	0.18050608
0.6691238	0.44785273	1.0736052
0.067495465	0.68962693	-0.24690849
0.36898375	0.7110718	0.06117306
0.547583	0.33987516	-0.52902144
0.7708221	0.316822	-0.4847965
0.08804613	0.57197136	-0.23214442
0.102985024	0.08338386	-0.2838291
0.29739368	0.83128196	0.06425044
0.8015221	0.27212906	-0.6570224
0.07351953	0.9436809	0.038258966
0.12721652	0.87781906	-0.12445824
0.45123315	0.88799274	0.27479973
0.5061464	0.16440982	-0.45728993
0.51228327	0.8881996	0.15223627
0.21400136	0.94064605	0.028187316
0.51658446	0.10896081	-0.63180035
0.20722401	0.2517302	0.22405934
0.12885308	0.006679833	-0.44244558
0.70267546	0.3317294	0.5749503
0.80121595	0.7148902	0.13535272
0.7099769	0.23633784	0.30992082
0.08328277	0.33021224	-0.25357735
0.5119929	0.8700392	0.11225791
0.9472407	0.2279265	-0.13877071
0.85629773	0.00927192	0.05727675
0.5646884	0.4327073	-0.3220745
0.55985713	0.9203883	-0.14054126
0.61373055	0.88588244	0.22583754
0.097797036	0.4110213	-0.19355461
0.48007953	0.06719762	-0.4737169
0.992682	0.8323307	0.32677257
0.8627676	0.10008788	0.21901144
0.8425223	0.86256444	0.028977776
0.8583351	0.56331265	-0.3789322
0.6327574	0.3257106	0.42069972
0.53356445	0.95407176	-0.046368435
0.6380062	0.38706046	0.6595845
0.5142267	0.8627895	0.15505454
0.19497114	0.36608922	0.18055624
0.2529866	0.48478913	0.5692227
0.79002047	0.8517877	0.65341026
0.07645059	0.6781784	-0.21195018
0.6914599	0.8165761	1.5453424
0.32246274	0.320109	0.7079064
0.025328457	0.9312172	-0.21433324
0.842874	0.32044297	-0.33601967
0.8217184	0.63567555	-0.2644183
0.4178456	0.36676508	-0.080858395
0.5227575	0.45347965	-0.3597458
0.153925	0.75001955	0.069315046
0.7295625	0.77982086	1.3816549
0.1642806	0.6799177	0.16565952
0.029104352	0.26676857	-0.42889738
0.630173	0.96311605	0.19811311
0.07984942	0.7652544	-0.06380452
0.6909735	0.16833514	0.53394586
0.19400859	0.66973037	0.34686366
0.17777693	0.40120286	0.18870416
0.33437365	0.6155193	0.38199553
0.1587522	0.30389583	-0.12110295
0.82707334	0.8664455	0.14531195
0.69373417	0.8443427	1.4730006
0.12238747	0.43226618	-0.11995502
0.25617993	0.47468883	0.5486885
0.9619805	0.10009372	-0.21934992
0.0021625161	0.87981987	-0.64446217
0.7985718	0.92303765	0.6654798
0.6521396	0.48325813	0.9927001
0.63736135	0.22437578	0.39267194
0.71700865	0.97401196	1.2315649
0.09244305	0.18413997	-0.22924419
0.8737715	0.5900406	-0.27148718
0.330823	0.17263293	0.73408055
0.595447	0.16190529	-0.20199984
0.22235876	0.41912168	0.35375842
0.6659567	0.8323386	1.2047007
0.035261095	0.35594147	-0.5636197
0.6025337	0.37255704	-0.006827131
0.26681554	0.057688415	0.81236714
0.3183986	0.8849656	-0.021370072
0.71854573	0.45295578	0.6789989
0.66828954	0.840829	1.1791619
0.72604877	0.6318968	1.1835744
0.7194011	0.71601355	1.3838537
0.46558893	0.73696715	0.1964384
0.8521843	0.25578278	-0.105051674
0.35691404	0.89369875	0.012195556
0.7193585	0.82059777	1.4777207
0.64720356	0.6263484	1.1725115
0.33252162	0.6696036	0.2323949
0.015316427	0.09110314	-0.07110029
0.34890908	0.29916704	0.5449843
0.8468646	0.6742596	-0.29019815
0.9798971	0.71698374	-0.24088475
0.6853217	0.36608917	0.8173794
0.3312781	0.0926646	0.6705284
0.77290416	0.30175626	-0.58811206
0.3502779	0.78243464	0.030903775
0.297279	0.026535869	0.86712015
0.8220229	0.10302359	-0.35609242
0.5370317	0.15122151	-0.6224504
0.16360879	0.86378115	-0.01634833
0.40465194	0.22871661	0.09824307
0.57917655	0.41515696	-0.2578866
0.43321496	0.63454384	-0.055666257
0.91403645	0.9278561	0.45852107
0.89331424	0.58552843	-0.21863304
0.7638795	0.07876533	-0.34565073
0.09586048	0.95898104	0.013891897
0.018312454	0.6243966	-0.96367484
0.48139185	0.7102391	0.101830095
0.4047764	0.8982479	0.15942693
0.5993499	0.5824119	0.26526856
0.5974941	0.56985664	0.21490626
0.11767286	0.0047776103	-0.36193898
0.8352486	0.6063988	-0.40315914
0.9551866	0.89219505	0.8494058
0.76470107	0.19265175	-0.45741415
0.53250396	0.7977506	0.03325376
0.2834171	0.017023444	0.81463397
0.8811799	0.64433575	-0.24254203
0.6763217	0.4522549	1.0110066
0.7608784	0.6396244	0.54006034
0.76496005	0.26565236	-0.47878343
0.325804	0.17258418	0.7057995
0.7292609	0.8009349	1.428133
0.6987417	0.06190467	0.5295845
0.06466925	0.60502875	-0.32726377
0.88332266	0.0772897	0.55420715
0.6800829	0.94839346	0.9575435
0.34787172	0.53669965	0.3685383
0.11371893	0.9091779	-0.009888243
0.45998067	0.38909978	-0.22240466
0.1701858	0.2612272	-0.012508411
0.9001013	0.21785432	0.5201893
0.699354	0.767308	1.5938991
0.5576385	0.45180857	-0.36678073
0.7948354	0.12228072	-0.5892113
0.5416895	0.023802578	-0.83358574
0.11379695	0.057146013	-0.3775994
0.65316564	0.89786196	0.83799666
0.501108	0.4521402	-0.22516662
0.02835542	0.8762027	-0.26503432
0.09847891	0.1973781	-0.25507724
0.85010976	0.43624353	-0.32706466
0.06309879	0.76349694	-0.20120706
0.05727321	0.4865291	-0.4686968
0.08428252	0.5382314	-0.2520155
0.729931	0.84901136	1.4137111
0.9453975	0.98942626	1.0523587
0.15020716	0.7124931	0.12617518
0.18389034	0.5982026	0.27385736
0.52381676	0.8243802	0.035721608
0.42391217	0.43007874	-0.11737995
0.12766516	0.5397519	-0.07558581
0.810299	0.7246535	0.0046530813
0.30322123	0.25503957	0.7681391
0.77608573	0.69298404	0.48958278
0.17769426	0.9971409	-0.19167714
0.93514174	0.74810225	0.14276782
0.71200204	0.47521752	0.9197138
0.8244205	0.88681656	0.2530033
0.7901986	0.18768418	-0.6736265
0.67985016	0.693505	1.5432214
0.24131906	0.3007565	0.4792084
0.85867363	0.94223684	0.09083811
0.35748488	0.068829656	0.5227778
0.61562765	0.7254457	0.62122
0.42089808	0.28512692	-0.05183262
0.07573521	0.23464745	-0.13119505
0.76178813	0.7293852	0.9286034
0.35654843	0.8756913	0.02817933
0.6112157	0.16457951	0.0013126419
0.8102444	0.1867544	-0.5753482
0.8461907	0.79105455	-0.12588607
0.89020616	0.8092917	0.0038723685
0.16513014	0.476018	0.13862537
0.45052004	0.54108685	-0.16064636
0.53648645	0.25963128	-0.56735665
0.070756495	0.87212193	0.016406484
0.2020278	0.7863988	0.23141605
0.74201214	0.6584432	1.01555
0.0052707195	0.85601825	-0.69907105
0.053669035	0.07760835	0.09742097
0.22872233	0.81015414	0.16958259
0.10560441	0.8569853	-0.012129906
0.8029501	0.33501107	-0.7018216
0.3024494	0.37644297	0.6890762
0.8895114	0.23783225	0.47642916
0.24799794	0.30216837	0.5796698
0.45265555	0.17936444	-0.22243881
0.20777017	0.6864638	0.32098383
0.830381	0.5257789	-0.5029205
0.5770129	0.87172765	-0.037442334
0.8464167	0.7740688	-0.18311417
0.95357	0.8816036	0.7501716
0.92258316	0.7838966	0.2317554
0.41694862	0.3818571	-0.07457832
0.94652194	0.51455575	-0.4622212
0.14737093	0.62376744	0.11019105
0.108974755	0.5301875	-0.16136208
0.8603255	0.8246831	-0.12549955
0.269031	0.07370436	0.7538879
0.58793175	0.113455355	-0.33448237
0.015592039	0.047299266	0.020954186
0.5799287	0.56083286	-0.044857
0.3869928	0.084316194	0.28403124
0.2553665	0.34684104	0.57445085
0.931851	0.048612833	0.45841378
0.80011743	0.3941316	-0.61872095
0.5566149	0.8799466	-0.051066745
0.5916536	0.24943042	-0.28705183
0.5798808	0.19325793	-0.4004915
0.12101406	0.8488024	-0.029219978
0.33932036	0.22787005	0.618282
0.1441626	0.41227138	-0.08243658
0.24679959	0.30206722	0.57232296
0.1383583	0.7067672	0.068207584
0.394804	0.6637673	-0.013594968
0.50954294	0.67781883	0.025252521
0.42907435	0.5401544	-0.09290974
0.8378549	0.07342917	-0.19168727
0.98473597	0.7627914	0.0007840848
0.33848011	0.34372878	0.5969728
0.17654729	0.05377692	-0.049320173
0.30904263	0.9200687	-0.13324898
0.50968844	0.150532	-0.5428011
0.7525309	0.3451048	-0.15120912
0.06762558	0.5835128	-0.3060295
0.9737213	0.3361687	-1.0965513
0.2338736	0.0122077465	0.67020124
0.99280757	0.60958475	-0.9570208
0.7294868	0.12155676	0.0664541
0.14283448	0.32911754	-0.15291414
0.32507765	0.045484483	0.749029
0.3558445	0.6362804	0.14384592
0.9029381	0.30914438	0.37908256
0.21433777	0.72241795	0.34971318
0.14574671	0.50251967	0.036355067
0.12671387	0.7124385	0.018158153
0.14225072	0.8247864	-0.03086129
0.20815706	0.18214673	0.3205408
0.28623146	0.7610514	0.24956353
0.9291768	0.11830324	0.5032345
0.95679605	0.05426407	0.045604922
0.4258464	0.89531356	0.20860213
0.11411899	0.76771986	0.0018663369
0.53304845	0.06733167	-0.725753
0.5020896	0.3465343	-0.35710347
0.11265868	0.30771565	-0.24685735
0.4666171	0.5680995	-0.083579935
0.5959347	0.5360828	0.08275053
0.025647104	0.71429884	-0.71341467
0.39328253	0.4812562	0.017404443
0.48643094	0.7907585	0.17115737
0.6408865	0.7061185	1.0307996
0.351403	0.4533701	0.4688729
0.5278565	0.65131176	-0.1685869
0.4494053	0.8349059	0.2346929
0.60751355	0.14450389	-0.06923249
0.12675363	0.0042697787	-0.3552801
0.8427866	0.47394383	-0.39147684
0.54955363	0.16896266	-0.57258207
0.15091676	0.2662819	-0.15935299
0.43725735	0.057838738	-0.1578766
0.5373765	0.53839177	-0.27913493
0.37922692	0.68013984	0.1302925
0.014660537	0.20985758	-0.45925742
0.19535798	0.17729968	0.15303391
0.27904546	0.3428591	0.6455822
0.41766608	0.4419592	-0.09407334
0.8760509	0.47202742	-0.18408284
0.6846439	0.15615684	0.5444003
0.37299573	0.49466687	0.20783772
0.1755135	0.37046427	0.08972052
0.2573254	0.3884802	0.5931272
0.9760979	0.913312	0.9433317
0.971316	0.24061823	-0.78838557
0.9485307	0.64309204	-0.25760332
0.7122471	0.86870563	1.4457246
0.5403885	0.18230397	-0.61979866
0.8472584	0.43477154	-0.3729139
0.3355118	0.24021608	0.6520137
0.23265833	0.084133506	0.6443525
0.7299988	0.9203206	1.3596796
0.08126944	0.10967225	-0.103779435
0.22613698	0.3945294	0.44857687
0.07773292	0.9565513	0.0977412
0.31286454	0.76370865	0.1606498
0.37919706	0.53032887	0.11144321
0.27671432	0.5215223	0.57048696
0.30602664	0.11360675	0.80144036
0.04025358	0.5819256	-0.6615167
0.7292496	0.56105137	0.8978244
0.6519802	0.87988144	0.936508
0.494677	0.5953363	-0.08088926
0.8657266	0.66572136	-0.29538202
0.8464448	0.60109884	-0.3872853
0.97473794	0.93539083	1.0323263
0.021622956	0.7543101	-0.6305728
0.9232054	0.08824468	0.55776036
0.17588407	0.68483746	0.18967356
0.10868704	0.77848905	0.019706149
0.41823107	0.73050785	0.008754395
0.04778135	0.19842893	-0.102412604
0.9405503	0.45164233	-0.28340486
0.18233293	0.6331774	0.2917065
0.67501324	0.26320475	0.6219754
0.4748708	0.9957795	0.30072224
0.3706997	0.016339421	0.40869284
0.4648106	0.4944777	-0.22112586
0.98961824	0.1082719	-0.974978
0.9214232	0.98556894	0.721524
0.834588	0.7802833	-0.08891307
0.78527	0.65221965	0.23086695
0.71470803	0.7045478	1.4854432
0.27259272	0.6227667	0.37401727
0.24197203	0.63252836	0.4185104
0.5894141	0.74552345	0.18004152
0.48530024	0.76164824	0.22397463
0.22369933	0.46832103	0.49019188
0.44311988	0.049037397	-0.15716003
0.49051553	0.8562902	0.26400524
0.38090348	0.60304326	0.12931402
0.40035504	0.7329078	0.015915057
0.7942702	0.26731527	-0.6894115
0.1360358	0.25546032	-0.26256672
0.4309649	0.67758524	0.010643825
0.7468039	0.5944361	0.70187443
0.40721488	0.5394605	-0.020698987
0.88214797	0.10588378	0.50553983
0.5071357	0.11554229	-0.55384094
0.1921786	0.13502312	0.13142046
0.9040926	0.94950277	0.36902258
0.5496968	0.8098105	-0.10945045
0.8736424	0.3592825	0.07861092
0.93313384	0.92859334	0.7309224
0.06826764	0.5241699	-0.3971707
0.69580704	0.012271583	0.62903464
0.58256227	0.0149335265	-0.51414174
0.4292971	0.9601021	0.34845626
0.2764874	0.7011553	0.3988235
0.91678315	0.5658883	-0.097917184
0.5667983	0.24797213	-0.49459463
0.8307748	0.77121085	-0.08975038
0.503008	0.3565116	-0.3948673
0.5037245	0.89874566	0.23634875
0.61624044	0.104120016	0.07341556
0.53322077	0.09525341	-0.705718
0.85412407	0.863013	-0.019581962
0.3660065	0.46479905	0.31696427
0.27839714	0.23469085	0.727822
0.3857748	0.5793756	0.05727747
0.86918813	0.30685073	0.09264813
0.38076556	0.45566833	0.20041819
0.47360045	0.8790423	0.32576847
0.47510666	0.30605608	-0.32803375
0.5682783	0.80190814	0.029058542
0.13039058	0.86434287	-0.07094909
0.17705327	0.73098564	0.22560434
0.58156675	0.17218453	-0.3470282
0.84758574	0.66249853	-0.33903435
0.4682393	0.66307056	0.047309663
0.057859063	0.63797504	-0.4282184
0.94934183	0.47288722	-0.48810256
0.703818	0.9465556	1.1794512
0.14195138	0.63842523	0.023409754
0.987007	0.31873888	-1.4647223
0.6700851	0.083299994	0.60989934
0.46903443	0.23288286	-0.3033872
0.9026904	0.79827416	0.06354688
0.2376818	0.18957293	0.5882786
0.035553336	0.78887755	-0.41190395
0.2255252	0.49605924	0.4622229
0.083725214	0.24519962	-0.17232788
0.5718615	0.19261509	-0.4738479
0.64230853	0.051273584	0.43549913
0.53430474	0.78416556	0.048264887
0.9412974	0.72805953	0.051773116
0.24090427	0.15500158	0.63097304
0.87605286	0.76287633	-0.22396776
0.19569826	0.682727	0.32140294
0.27437514	0.8405217	0.043202817
0.43073	0.39050734	-0.16798215
0.6320507	0.5537818	0.80478615
0.07689166	0.49963623	-0.33867294
0.04179269	0.65466624	-0.59760445
0.6971077	0.56478477	1.2717354
0.81347907	0.019239724	-0.41121897
0.33269572	0.19294721	0.6674304
0.83841956	0.18280917	-0.2078991
0.63062996	0.684998	0.84167844
0.18818194	0.9661424	-0.10013214
0.77572316	0.7220472	0.5803076
0.7689533	0.7677104	0.8284484
0.34379524	0.6715341	0.20200494
0.6475261	0.13897908	0.4389139
0.40975982	0.46133518	-0.09420523
0.24339253	0.024034083	0.77181566
0.24291706	0.213462	0.6080608
0.8593381	0.7985078	-0.18809782
0.39690816	0.18429667	0.22227556
0.4181102	0.9638641	0.29600927
0.06636363	0.13548356	-0.06160054
0.43515736	0.83787525	0.19622727
0.05177027	0.8224861	-0.10751307
0.32846892	0.63078195	0.39175028
0.75083244	0.4111538	0.0006007231
0.40999323	0.72414523	0.061981432
0.29081976	0.34968513	0.7043685
0.34309614	0.5971678	0.3922152
0.46911138	0.34652954	-0.2458484
0.3699339	0.85271674	-0.017096292
0.70890385	0.340715	0.5088608
0.8510183	0.671888	-0.28047058
0.084000885	0.4858876	-0.25738797
0.8165553	0.6809607	-0.148088
0.8107174	0.5587829	-0.3520307
0.49737	0.35648865	-0.35332948
0.52957445	0.32226193	-0.49364874
0.9765844	0.65138584	-0.4700098
0.42733812	0.95262295	0.33062604
0.7678683	0.75892925	0.81937456
0.16955787	0.05662763	-0.13427183
0.99546176	0.40558356	-1.6846036
0.31268913	0.4246617	0.6553484
0.13548118	0.47524798	-0.059791982
0.95318794	0.6746228	-0.13465074
0.3376735	0.71651995	0.16267271
0.21058899	0.13603568	0.287161
0.9719731	0.59878224	-0.5965838
0.2781068	0.69696116	0.28974023
0.37296468	0.5650649	0.21726522
0.50026524	0.31020063	-0.35076556
0.19825894	0.18710846	0.18382756
0.40912646	0.8431066	0.19117042
0.9560592	0.26580995	-0.43650073
0.97403204	0.54451513	-0.8466936
0.32532674	0.5952802	0.3393541
0.67948264	0.6296251	1.4926311
0.5864738	0.2444464	-0.33474904
0.050221443	0.5147324	-0.5562363
0.8841249	0.43290573	0.0460631
0.3037911	0.08678466	0.7568497
0.8394285	0.27888435	-0.31829587
0.052723825	0.55559015	-0.5214737
0.15211153	0.5741973	0.13987696
0.5388539	0.30975085	-0.5381771
0.031817734	0.8627737	-0.24587412
0.8729586	0.1424753	0.36533707
0.2827986	0.4144277	0.5968678
0.6942831	0.89402616	1.3472773
0.7817111	0.82053006	0.7912145
0.34424853	0.9163935	-0.09073064
0.34357816	0.29364514	0.56469214
0.9000124	0.11327022	0.6537099
0.879214	0.25227082	0.30864123
0.8230894	0.13850063	-0.409596
0.73838544	0.8704011	1.3251178
0.93603134	0.973842	0.93427455
0.12944353	0.7266269	0.11196098
0.2762828	0.2815404	0.6757324
0.5154404	0.16096693	-0.53378296
0.09466988	0.37837267	-0.25325355
0.12758434	0.27008086	-0.2727844
0.42307043	0.058818817	-0.019127954
0.46829802	0.25264227	-0.30915034
0.90624636	0.006267488	0.45926332
0.04441607	0.7844884	-0.28794318
0.9312384	0.8665026	0.51311564
0.3066615	0.4106943	0.6450642
0.82990754	0.39704388	-0.54971874
0.8859557	0.28296345	0.36332336
0.33975524	0.54277104	0.39025912
0.3707649	0.35239273	0.35708436
0.6245798	0.7782903	0.63510156
0.33729845	0.70408124	0.22481371
0.6262029	0.7434664	0.7361881
0.731082	0.9347937	1.2741987
0.65156347	0.1490376	0.513138
0.41212738	0.17264515	0.08650661
0.37164873	0.77031463	0.06502014
0.711554	0.97144973	1.1225783
0.66828346	0.6338832	1.4666137
0.31704146	0.17073369	0.7516097
0.59067386	0.7395693	0.15778737
0.8513199	0.76153994	-0.13367563
0.53207433	0.25691038	-0.58566463
0.26855034	0.57452625	0.5066813
0.3583554	0.24346524	0.53440857
0.8195769	0.17453128	-0.49784702
0.59422	0.85096496	0.055188805
0.7737887	0.93607783	0.99298394
0.72428954	0.36890507	0.34129986
0.6488432	0.98112214	0.3202592
0.5429479	0.6504156	-0.1415645
0.08067548	0.5483161	-0.24713051
0.67459834	0.91191155	1.0236412
0.16463482	0.61436933	0.25336835
0.40666205	0.48590934	-0.06849809
0.56776994	0.23802418	-0.45377514
0.25163013	0.9130337	0.043474566
0.8771244	0.7794261	-0.100132495
0.4230078	0.124619365	0.02023213
0.63244814	0.24576265	0.33329612
0.37628573	0.6965413	0.06621417
0.94021815	0.82725555	0.39166567
0.6842258	0.32584983	0.7530862
0.06520641	0.24893522	-0.061896227
0.2700395	0.5170743	0.5003954
0.81776	0.6011806	-0.35568613
0.4020993	0.4619791	-0.01698159
0.034969628	0.8956218	-0.15512641
0.67475224	0.50988865	1.2707771
0.13250679	0.9612045	-0.1763214
0.8549573	0.7489144	-0.24194327
0.4628145	0.9107672	0.26318386
0.3530882	0.69663715	0.16470855
0.64465463	0.8432859	0.83575755
0.28980052	0.6453713	0.40353402
0.29521447	0.1836502	0.76941425
0.5456997	0.9122472	-0.08410862
0.12011474	0.6024768	-0.002519451
0.6184477	0.69768745	0.6041348
0.75343186	0.40954983	-0.04334591
0.35789996	0.07493901	0.5060853
0.0016181469	0.4915493	-1.2808669
0.4799776	0.40355104	-0.3407928
0.5001956	0.43766123	-0.353078
0.40115362	0.8439418	0.13566813
0.9621358	0.51290625	-0.7290476
0.6184097	0.7026683	0.632295
0.08213723	0.8996991	0.035526954
0.9388318	0.34783435	-0.19847576
0.4673363	0.68261397	-0.017696612
0.37311357	0.096903145	0.42557135
0.47086084	0.5429526	-0.11707933
0.7929538	0.22465205	-0.679581
0.28066045	0.61174256	0.44182557
0.9704992	0.20516962	-0.6975713
0.7355092	0.49487084	0.49915084
0.48400068	0.006658852	-0.60253865
0.7481116	0.34431773	-0.13182332
0.30905926	0.5534135	0.5027222
0.95226467	0.45315814	-0.5491668
0.7023645	0.5863481	1.3431133
0.2173723	0.9163248	0.059806697
0.36467528	0.9147306	0.08683441
0.2459197	0.031056702	0.7484335
0.5822187	0.47488344	-0.17806533
0.51701826	0.07298589	-0.68756783
0.24271083	0.16833127	0.6171411
0.4521743	0.024413764	-0.28851026
0.1416195	0.038407505	-0.36569715
0.45745724	0.6938085	0.018192109
0.05201763	0.25892442	-0.21677314
0.679328	0.13180709	0.59677136
0.26697576	0.9993149	-0.15246257
0.8485573	0.055487633	-0.032681547
0.37931126	0.51136255	0.12967204
0.99157643	0.0025146008	-0.59775716
0.5043996	0.18529743	-0.5109413
0.035171866	0.8083591	-0.35205266
0.21326888	0.7493676	0.3180358
0.46072114	0.30404353	-0.25319025
0.8354779	0.50671875	-0.48002437
0.6260712	0.9696942	0.024016924
0.9488718	0.7471415	0.17387913
0.81247675	0.98512864	0.5549547
0.04202038	0.077221155	0.121367745
0.21286243	0.04824972	0.48189205
0.24300563	0.110548854	0.6255805
0.7265727	0.569605	0.9887211
0.31022143	0.007030487	0.7850787
0.12400085	0.046393514	-0.33972874
0.37219256	0.8265683	0.05782852
0.34092885	0.27613533	0.7008333
0.1639275	0.590391	0.16229561
0.8259339	0.06227523	-0.3576487
0.4975003	0.19345349	-0.4521907
0.32720584	0.5814913	0.45066375
0.13313025	0.5016575	-0.09210609
0.3768521	0.4402309	0.15977196
0.3698153	0.21588683	0.37567616
0.8686934	0.8832406	-0.03312661
0.6216858	0.60795397	0.6545794
0.7843603	0.80177253	0.6730999
0.12908298	0.38160014	-0.09319265
0.9562735	0.76810706	0.2362677
0.7463825	0.52340734	0.4329942
0.5028007	0.70261616	0.046326272
0.46422476	0.354622	-0.25788194
0.14979833	0.1993959	-0.25231865
0.85084903	0.6345288	-0.3615502
0.9166761	0.41132182	0.0119385645
0.24127817	0.14646614	0.5570529
0.7633293	0.9002414	1.0978137
0.23759812	0.21145773	0.56074345
0.03225571	0.9326513	-0.18872066
0.30038112	0.9981944	-0.17889634
0.6212055	0.9279454	0.19337885
0.28075647	0.9763899	-0.14445783
0.98064005	0.8008505	0.21337047
0.41073465	0.8981228	0.19756551
0.07619864	0.40765256	-0.27408087
0.81214535	0.5868484	-0.2609589
0.674486	0.1250143	0.6183454
0.16283488	0.4600101	0.06739932
0.20556295	0.42880517	0.34243932
0.10122824	0.20221227	-0.26715666
0.2687415	0.17514569	0.7298608
0.88511896	0.70267725	-0.21599248
0.5309577	0.68000996	-0.13464922
0.056458414	0.009042978	0.12880889
0.5850827	0.5918458	0.009282839
0.39395148	0.4080717	0.087398395
0.292	0.5492157	0.56086576
0.14238763	0.20358616	-0.35823533
0.5327821	0.07809389	-0.7302865
0.25866532	0.3174737	0.612289
0.98357034	0.42087036	-1.416029
0.10513252	0.6732595	-0.050468594
0.5960782	0.16374993	-0.25367472
0.3138274	0.48565418	0.62700933
0.4077499	0.4144042	-0.09746019
0.746873	0.18541235	-0.2737115
0.96293724	0.67578137	-0.23688485
0.09772432	0.9882999	-0.041109316
0.23941189	0.12783402	0.5833886
0.46545297	0.62509966	-0.0002530776
0.7534455	0.91818136	1.1816607
0.76966506	0.43925494	-0.22106561
0.16116846	0.69213104	0.19041376
0.73577607	0.5578792	0.7874705
0.44914937	0.0077237487	-0.3001746
0.50188524	0.98309654	0.20406649
0.16627097	0.27187902	-0.07957808
0.43622738	0.012301147	-0.14035343
0.33512115	0.2727301	0.648845
0.4759773	0.9186142	0.31144696
0.6873446	0.59566796	1.4523472
0.3786018	0.02132982	0.33364633
0.4166668	0.7479413	0.07678963
0.9425681	0.7150035	0.006033331
0.08546704	0.3480999	-0.2594054
0.82101023	0.4081275	-0.5923058
0.6982859	0.17283332	0.4882524
0.103477836	0.88271403	0.02469017
0.88979006	0.34842503	0.24505211
0.28902823	0.0035330057	0.871814
0.48031574	0.53283507	-0.14621201
0.7771881	0.97927874	1.0002825
0.839133	0.2918948	-0.3034737
0.556182	0.5559808	-0.22496808
0.37918663	0.46102428	0.15033273
0.16953689	0.9573981	-0.19525787
0.909945	0.49688047	-0.11093557
0.48199606	0.28573048	-0.33110166
0.34006125	0.81535316	0.121256284
0.8462485	0.6622727	-0.32649106
0.7935239	0.9405473	0.7191826
0.3532548	0.23647636	0.50592256
0.7819295	0.56038344	-0.07438925
0.49617767	0.81650394	0.25135222
0.6754657	0.5354073	1.2918751
0.49475414	0.16933852	-0.4123329
0.44549555	0.41530848	-0.23546526
0.69067556	0.44419372	0.9641001
0.4184323	0.270347	-0.029093713
0.5118648	0.9218701	0.13865303
0.28771955	0.62597066	0.4435248
0.9959061	0.46337092	-1.6762226
0.3138126	0.28037262	0.7818001
0.6421845	0.26932484	0.4928731
0.9241345	0.21053678	0.3917283
0.9219856	0.38127387	0.06570125
0.7533099	0.6787748	0.87126607
0.4765656	0.8176422	0.28614727
0.78674805	0.024810553	-0.44765845
0.7684869	0.88895845	1.077251
0.19048512	0.6850414	0.31869808
0.7371	0.6423645	1.0395275
0.1256172	0.73912245	0.027455164
0.86214423	0.7013037	-0.32779223
0.54999834	0.49801838	-0.323267
0.299204	0.0038855672	0.8332726
0.24592191	0.67272973	0.33190948
0.693592	0.46628237	1.0384791
0.9229398	0.68515915	-0.0060341284
0.5717021	0.8336208	-0.0635661
0.46051377	0.51014614	-0.16508032
0.39680016	0.10356903	0.19005395
0.28504056	0.25264418	0.7627824
0.25213784	0.033912897	0.85562646
0.16827196	0.114121914	-0.20838949
0.40630496	0.8926237	0.16556293
0.2775721	0.80259746	0.102317184
0.4985116	0.6567494	0.0044486355
0.5802725	0.5466807	-0.09772738
0.3831389	0.8833996	0.07617143
0.9610793	0.62438333	-0.49749053
0.31536967	0.7710207	0.074677266
0.6825847	0.20876932	0.5853921
0.39307028	0.15727907	0.27198425
0.47660476	0.2577018	-0.30577028
0.5032277	0.8766283	0.189953
0.71675205	0.873311	1.3987335
0.61682254	0.23085278	0.12510805
0.6351664	0.76340586	0.8950643
0.23931015	0.5041355	0.5004031
0.987209	0.35675073	-1.4823668
0.35321212	0.5954507	0.23791862
0.63731945	0.013229072	0.3277087
0.58724	0.49882913	-0.07383187
0.6678789	0.8817249	1.0885671
0.9537196	0.17443073	-0.20223288
0.78891605	0.14964265	-0.61059034
0.37515324	0.7936736	0.06098622
0.11044294	0.82259905	-0.055630423
0.4558882	0.4719494	-0.19132441
0.61505955	0.6592932	0.5309647
0.88069224	0.86278605	-0.0035649845
0.7801825	0.087881684	-0.4293507
0.8462359	0.5386081	-0.38628045
0.5953038	0.6212843	0.14971487
0.106251	0.29900473	-0.2167162
0.86067617	0.57284546	-0.34481406
0.96370405	0.41068816	-0.8266217
0.6117512	0.36820412	0.16533458
0.980851	0.6428077	-0.6292513
0.10643977	0.8682763	-0.026236415
0.39787	0.4114871	0.02093881
0.8564971	0.510578	-0.38193882
0.14877242	0.51214844	0.05046819
0.16644436	0.3513294	0.016566604
0.5609006	0.5312889	-0.27286366
0.35188466	0.92190605	-0.03981515
0.69450295	0.37413013	0.78089803
0.8213444	0.84425765	0.18125033
0.025272012	0.76463	-0.5432955
0.5874404	0.22970843	-0.32112417
0.76775575	0.28071856	-0.54018086
0.9475126	0.5822366	-0.35987765
0.7764096	0.20848024	-0.5704963
0.5556054	0.30190885	-0.48495075
0.9490898	0.677471	-0.075857274
0.13116133	0.70506454	0.043622456
0.5515669	0.5443303	-0.23053758
0.8102809	0.8895549	0.47044545
0.84533894	0.7237947	-0.237428
0.4977005	0.13529581	-0.48761234
0.33921266	0.76833946	0.105369136
0.35875708	0.017333567	0.48889458
0.6142431	0.034971535	-0.06470476
0.8883012	0.040618837	0.50925803
0.70447844	0.049223542	0.4802911
0.40806162	0.8628278	0.08894354
0.5228534	0.72335106	0.0038948143
0.5429659	0.46210676	-0.34099895
0.1832748	0.2750579	-0.00015227869
0.040840268	0.90447575	-0.08480291
0.21182376	0.025518775	0.45372182
0.26361454	0.43840194	0.62882686
0.04001701	0.44927353	-0.65899295
0.20168477	0.08813882	0.17589611
0.82239664	0.9101523	0.3496407
0.7256379	0.5564855	0.9672981
0.7200803	0.80371296	1.483208
0.66212744	0.47718936	1.0909692
0.22826707	0.8529144	0.14457384
0.09921837	0.76035756	-0.013554739
0.6857986	0.22237045	0.5563393
0.9476566	0.83607864	0.5323768
0.8920633	0.30550057	0.34624088
0.17175096	0.55144656	0.22907136
0.6851016	0.2081945	0.5234033
0.06534618	0.0057715178	0.08481963
0.5491248	0.24106032	-0.5643824
0.37835085	0.48209625	0.17521212
0.28643674	0.31970567	0.6843347
0.57916945	0.17619109	-0.44018608
0.39525592	0.7792423	0.024178261
0.4394225	0.62591416	-0.022168849
0.7469007	0.9437971	1.2320007
0.5007511	0.5370323	-0.179591
0.67001873	0.39024264	0.87306976
0.13415045	0.77206254	-0.01524537
0.11305201	0.25579095	-0.25921208
0.1114037	0.1510356	-0.2775294
0.9442511	0.75968194	0.2279655
0.22218966	0.53766793	0.4083756
0.2842961	0.2789327	0.7462667
0.43021196	0.35564494	-0.1974973
0.42800242	0.51629275	-0.1260804
0.82255924	0.026334047	-0.31500044
0.019682467	0.00010347366	0.19700873
0.91502583	0.84164804	0.19563527
0.75615996	0.8084277	1.152231
0.1256662	0.7029943	-0.009409135
0.14038062	0.8829241	-0.10671054
0.59383017	0.22657019	-0.24130516
0.52348596	0.38180852	-0.4523755
0.95143735	0.51680195	-0.44948897
0.04758662	0.22612488	-0.18288927
0.11538726	0.70918447	0.047726475
0.98694575	0.39425462	-1.4436029
0.7125855	0.15802431	0.28691995
0.6485025	0.8082541	1.0716691
0.8330518	0.68666136	-0.23294273
0.3610636	0.32211053	0.43259788
0.054939866	0.12378502	0.01871479
0.06248206	0.741564	-0.17839089
0.21938258	0.79481196	0.21750955
0.37521386	0.3922509	0.2747767
0.8191819	0.6029888	-0.33000797
0.3551482	0.51885074	0.35975525
0.3531524	0.065795004	0.4963527
0.90695304	0.46670967	0.0075282734
0.1389345	0.016064286	-0.32533473
0.84413964	0.9877323	0.25599325
0.21575439	0.34369665	0.39112255
0.011613905	0.9642638	-0.39498493
0.95774996	0.9131929	0.8959741
0.7604704	0.16226274	-0.43892246
0.66315794	0.94575185	0.713266
0.32251298	0.36206806	0.6849935
0.840806	0.4605586	-0.48484886
0.55249417	0.8558697	-0.08029819
0.10689539	0.713918	-0.012683963
0.27897757	0.39052743	0.6156886
0.59341085	0.27513146	-0.16586995
0.34054255	0.30025995	0.61032814
0.3304757	0.11514288	0.7226497
0.8837882	0.5470318	-0.12427985
0.3477251	0.5852318	0.3154028
0.21864617	0.086042106	0.44743183
0.0795635	0.7477561	-0.12930194
0.24338228	0.18287599	0.5622151
0.29093695	0.8325815	0.034124635
0.17210627	0.8030406	0.09661191
0.68086815	0.9218695	1.0734837
0.13178569	0.46514052	-0.116924524
0.9938216	0.9869782	1.2656802
0.115453005	0.8066643	-0.12401152
0.9595272	0.12299359	-0.17465658
0.6409702	0.71253324	1.0709997
0.7814764	0.6708176	0.2983769
0.42683238	0.026740432	-0.10766603
0.93455243	0.07163966	0.3768892
0.8076132	0.7613657	0.19222794
0.76290923	0.33309245	-0.35109538
0.525249	0.31259328	-0.52807784
0.390234	0.36439264	0.10006116
0.37355942	0.41571236	0.27045983
0.32438362	0.46569443	0.5654324
0.111881435	0.3398419	-0.19747576
0.035891175	0.7049631	-0.55784285
0.8474771	0.9626905	0.075615995
0.24350202	0.73362845	0.38385028
0.068985105	0.26617151	-0.19503498
0.72184116	0.45546085	0.6568951
0.19621515	0.982441	-0.08539719
0.9108665	0.7299739	-0.028205931
0.5128173	0.5304854	-0.21785688
0.43799394	0.8670876	0.24711366
0.82982117	0.0069049	-0.26246396
0.7312468	0.19138336	0.042443637
0.9896177	0.78869736	0.16371599
0.21751368	0.45689398	0.44830376
0.2800581	0.2710269	0.7152291
0.13430637	0.27602053	-0.26465833
0.28159624	0.23243809	0.7920364
0.260462	0.47420824	0.5351695
0.9802863	0.030876338	-0.4817216
0.5379536	0.36875987	-0.44505465
0.8311793	0.16675204	-0.33367857
0.10955435	0.92940885	-0.04353916
0.87371284	0.2676934	0.23545726
0.749384	0.27600932	-0.27210733
0.076780975	0.88938254	0.054502912
0.69457424	0.35667002	0.73985064
0.4863118	0.3853078	-0.31078413
0.18565583	0.23134029	0.07692313
0.26543057	0.97244185	-0.14724629
0.48208654	0.9169345	0.30635387
0.18618447	0.1982922	0.1072185
0.8352752	0.36213535	-0.48756936
0.443007	0.65641755	0.05678308
0.98703575	0.5511039	-1.1050961
0.9350948	0.52810735	-0.23972428
0.91466224	0.2474559	0.396276
0.2952274	0.5860717	0.54533815
0.5655483	0.6319745	-0.045028046
0.610508	0.071564555	-0.052984256
0.6733006	0.87656873	1.142894
0.8237172	0.49272716	-0.5065896
0.04625231	0.12284601	0.05998586
0.53947747	0.3417834	-0.5136234
0.88001454	0.2249676	0.45413792
0.85893416	0.5221592	-0.3417915
0.85873306	0.098769784	0.17695636
0.9895621	0.45920515	-1.5031534
0.03471768	0.10708779	0.03038956
0.80313134	0.78474826	0.28636944
0.10969484	0.58665	-0.12343106
0.49876094	0.4790827	-0.26778692
0.42103934	0.5949554	-0.07167928
0.8663629	0.21241528	0.17349343
0.40658224	0.65008134	0.012110624
0.2110433	0.72644293	0.3538742
0.44923908	0.9177715	0.37404144
0.19416058	0.9172192	0.040089555
0.63110286	0.69383126	0.8580603
0.8970579	0.7856654	0.017372668
0.93453795	0.41115797	-0.15624078
0.7149094	0.48068082	0.91733205
0.16405058	0.87590843	0.012873977
0.18864167	0.6117724	0.30998513
0.7049794	0.53706574	1.1384002
0.34059912	0.92331994	-0.009663131
0.8048956	0.7899741	0.2873798
0.15937418	0.6184868	0.124257624
0.8045804	0.04303497	-0.51045823
0.114735484	0.38901216	-0.20877038
0.81033283	0.1712606	-0.5898392
0.5406068	0.030663788	-0.85393274
0.14302438	0.29642743	-0.1723599
0.3599279	0.30225265	0.45566267
0.9798838	0.26440036	-1.2144064
0.7049155	0.3276136	0.56639725
0.39565593	0.954358	0.14951664
0.3740303	0.10324699	0.38986993
0.96871084	0.9334405	1.0394626
0.3971488	0.16745907	0.1658706
0.69710726	0.4707228	1.0602068
0.5731317	0.19354302	-0.41770962
0.14971006	0.008699298	-0.30172226
0.65331244	0.65194714	1.3352138
0.049964905	0.4917209	-0.600852
0.35547233	0.15221447	0.5442012
0.2042548	0.6219019	0.4282955
0.12027258	0.04736358	-0.40315753
0.33616292	0.09582889	0.6597422
0.013292611	0.64228654	-1.0545886
0.039972782	0.5767981	-0.69985783
0.457044	0.42960858	-0.24725808
0.348338	0.6293633	0.24054313
0.86047924	0.57577	-0.3477414
0.07984769	0.3031714	-0.24606109
0.84394956	0.23525137	-0.16769919
0.22134644	0.6293525	0.39693904
0.13200802	0.45435542	-0.14730835
0.069395185	0.63862425	-0.22511351
0.56185555	0.43043202	-0.40311825
0.87529916	0.8648552	0.0034438372
0.6110579	0.74917406	0.48136675
0.7854131	0.52213985	-0.22291991
0.9181426	0.54289746	-0.12783998
0.71051425	0.5129961	1.0635487
0.42285448	0.56151	-0.11548087
0.032490134	0.18772817	-0.086042345
0.38763827	0.68222797	0.040486477
0.50650346	0.73911035	0.07634961
0.6776057	0.7430128	1.5535793
0.9118827	0.40922177	0.04865943
0.5343429	0.28416437	-0.4902334
0.4965577	0.53634673	-0.22576982
0.84316564	0.26915997	-0.27299654
0.32466173	0.25051063	0.7117704
0.77432615	0.6875691	0.5468058
0.81979954	0.62102646	-0.32727844
0.8219345	0.8661722	0.23312193
0.92013186	0.31890947	0.20748214
0.8184567	0.20829213	-0.5619374
0.011884451	0.84746724	-0.64168346
0.8099616	0.7144364	0.013724508
0.61261517	0.79564196	0.441205
0.79952765	0.048964977	-0.4753631
0.6680675	0.022137403	0.68543375
0.29158252	0.32392842	0.69228333
0.9414808	0.9397876	0.8441813
0.08818853	0.77329206	-0.022218153
0.20221388	0.34621054	0.3076962
0.6288742	0.9827166	0.055312946
0.45106393	0.035095572	-0.298661
0.016311765	0.31414562	-0.6768802
0.43790847	0.9653566	0.3758743
0.30045897	0.05353117	0.8618262
0.19411975	0.6008423	0.35448545
0.83320653	0.4667741	-0.4501101
0.8280742	0.48906487	-0.5314748
0.6295518	0.3385036	0.43823516
0.8559617	0.8598297	-0.090362236
0.7024242	0.49958706	1.096018
0.46387422	0.3044423	-0.22152486
0.23805726	0.5324791	0.51136076
0.079639554	0.35016036	-0.23791936
0.7750706	0.74909633	0.63662106
0.97698224	0.7004246	-0.26282457
0.71151805	0.43717092	0.7256876
0.19398373	0.42658734	0.22622283
0.9876615	0.5274685	-1.301104
0.28042734	0.6472831	0.39599112
0.8487434	0.844982	-0.089382574
0.42454273	0.16361016	-0.050053522
0.7544228	0.103447795	-0.22980058
0.8426808	0.24839592	-0.24019903
0.3390553	0.3485723	0.60016304
0.5160201	0.73978704	0.047236696
0.6317086	0.28984857	0.3718556
0.6405684	0.23450667	0.41930997
0.29610735	0.83359075	0.043997325
0.4155668	0.29192126	-0.017791215
0.9860488	0.20433462	-1.2204288
0.6975099	0.95581377	1.0798067
0.18612021	0.32747418	0.1588319
0.8784572	0.6020725	-0.26276553
0.4203422	0.43367368	-0.12666042
0.42826366	0.9171062	0.30657405
0.32782716	0.1317401	0.6726983
0.33639842	0.33102685	0.69206893
0.24972963	0.70822257	0.35347974
0.33490455	0.75575775	0.08980332
0.60962504	0.8669589	0.24021378
0.010619938	0.82476705	-0.63530886
0.057180166	0.05518222	0.08445536
0.39354426	0.7375051	0.011151686
0.9081905	0.23144859	0.51234525
0.5387391	0.85657686	0.06470882
0.41106284	0.32986754	-0.035916556
0.31363785	0.780081	0.1459643
0.31718045	0.79765564	0.024049733
0.026613414	0.6911355	-0.7373548
0.25736696	0.2663644	0.6106404
0.17793041	0.31898588	0.071332134
0.20067263	0.8662189	0.07957919
0.03510821	0.314924	-0.43939203
0.28273666	0.041141093	0.83294636
0.97586596	0.5105824	-0.9814516
0.7585892	0.94619066	1.1788596
0.025065064	0.7809755	-0.5738191
0.014683127	0.9450142	-0.30296004
0.1643731	0.97592354	-0.15358418
0.15938723	0.30023897	-0.10979391
0.6232769	0.6837365	0.78162134
0.2883466	0.6827936	0.34411913
0.71455556	0.08875418	0.27786022
0.62571937	0.87755245	0.3734921
0.90413266	0.05156958	0.5458177
0.51736164	0.30429834	-0.45309946
0.19537228	0.8831835	0.11642087
0.6827843	0.6105213	1.5170647
0.6362921	0.14017493	0.36141273
0.030930996	0.431606	-0.78416896
0.88941574	0.35019886	0.2274901
0.9648828	0.44224036	-0.8624639
0.5801648	0.2641852	-0.38354492
0.18739969	0.7849899	0.20577614
0.4072669	0.84939736	0.10014418
0.11003709	0.56786567	-0.090598844
0.57778424	0.1841054	-0.42982385
0.055188954	0.8216414	-0.13401619
0.5687947	0.8957159	-0.121331505
0.7627846	0.25882506	-0.4608534
0.052711964	0.0063810945	0.18711045
0.73637646	0.4107834	0.2583762
0.23728663	0.034309983	0.7030464
0.9914752	0.30519104	-1.5752441
0.36865765	0.8956328	0.0138570145
0.7196892	0.7588395	1.4585221
0.5776223	0.6543344	-0.015016106
0.45359534	0.7078177	0.07872744
0.278098	0.86212873	0.06438743
0.88321674	0.75367945	-0.17042395
0.64836645	0.43546903	0.8206397
0.37756163	0.5371583	0.15086177
0.13977766	0.6103885	0.045015678
0.3384995	0.80026335	0.08987486
0.9027626	0.44177657	0.031953663
0.53956455	0.74723166	-0.04715461
0.9450163	0.4431367	-0.40564862
0.7783006	0.026507258	-0.3320544
0.25224322	0.05729896	0.82004356
0.7745132	0.8470202	0.9646114
0.48933005	0.3513009	-0.36690295
0.5267704	0.29928833	-0.47324142
0.7306449	0.03219098	0.23341864
0.16378003	0.39412957	-0.034529492
0.5967633	0.7928641	0.25077057
0.83148813	0.44160712	-0.54966134
0.5814278	0.8368741	0.08214156
0.9168033	0.60903114	-0.14235322
0.2987283	0.16168284	0.82942885
0.73571277	0.16156793	-0.09524375
0.58360267	0.87523824	-0.028109586
0.672766	0.43799967	1.0155438
0.12512916	0.12049633	-0.3556924
0.2718107	0.55800486	0.47878277
0.2608084	0.7226311	0.36253092
0.97723293	0.18653119	-0.86621565
0.77132547	0.13642436	-0.5368252
0.8299635	0.334297	-0.44523394
0.26819128	0.18365866	0.7175419
0.096429825	0.36664468	-0.22203396
0.174101	0.820713	0.13775028
0.9818496	0.46707207	-1.2544289
0.8209307	0.64451283	-0.21225964
0.77323306	0.095701694	-0.44960162
0.32743675	0.67207855	0.26554105
0.77480936	0.08715165	-0.44196293
0.81307787	0.91721857	0.42775393
0.9634934	0.9401871	1.042094
0.3775118	0.3047402	0.31762555
0.7743942	0.5069048	-0.08461574
0.37296826	0.9803764	0.12862778
0.50425977	0.70604527	0.035397902
0.98767847	0.11750102	-0.971387
0.51927775	0.5808676	-0.17154987
0.9706997	0.779448	0.27423418
0.36066014	0.46945274	0.3310721
0.43865603	0.95941556	0.35053173
0.06303179	0.51782465	-0.38756457
0.82925886	0.030044556	-0.22240819
0.6878541	0.80506545	1.5374328
0.20615745	0.91127956	0.0012753159
0.02190411	0.17874008	-0.23356655
0.43386775	0.29915637	-0.12786949
0.074127495	0.66835207	-0.18131757
0.82715255	0.9755069	0.3909001
0.38557374	0.5382899	0.07749658
0.92836744	0.3093025	0.15279889
0.62804955	0.58671373	0.7905152
0.85137117	0.39520925	-0.3134084
0.0023222566	0.780058	-0.89861137
0.24349087	0.9561268	-0.07735176
0.322434	0.40856367	0.68868667
0.3722312	0.37181103	0.26991212
0.8919996	0.93942755	0.17890993
0.6930087	0.9701224	0.97749865
0.8440442	0.33310324	-0.3234044
0.32978135	0.6012507	0.4128887
0.49702728	0.5722595	-0.17258075
0.278556	0.9418264	-0.12144108
0.9560957	0.6079924	-0.43835166
0.66430634	0.7724469	1.3460845
0.643229	0.5975155	1.0875018
0.4943472	0.6596337	0.021244785
0.53986603	0.9291711	-0.10102651
0.5364966	0.4127077	-0.4628535
0.7904694	0.9982225	0.838645
0.7449033	0.10021222	-0.094472036
0.7879343	0.87005746	0.71639484
0.11532247	0.43851256	-0.13338883
0.09028494	0.009046078	-0.12089862
0.6523838	0.43213826	0.8813566
0.7639313	0.5374453	0.17330085
0.2789734	0.09493852	0.78714895
0.13914973	0.39536417	-0.09923888
0.50883234	0.85573465	0.16754225
0.42617333	0.55468255	-0.15121058
0.87125754	0.22529107	0.29278696
0.029020369	0.046827078	0.19451337
0.17027563	0.7552975	0.15735874
0.45986873	0.10339475	-0.30207837
0.88843304	0.7443653	-0.12916988
0.49621612	0.31486428	-0.3983639
0.63488615	0.12872237	0.2893859
0.94575346	0.7843699	0.34789476
0.8841386	0.67293376	-0.2577395
0.95774674	0.537134	-0.61226815
0.64404166	0.3815167	0.69629556
0.40911776	0.31073904	-0.03392463
0.95102817	0.5701673	-0.4483806
0.06866801	0.6019355	-0.33676547
0.35421765	0.1984728	0.54315233
0.0027275681	0.7960014	-0.8563571
0.8510178	0.5470013	-0.38618132
0.2737192	0.9502977	-0.065378495
0.73902994	0.43867373	0.3115639
0.1330176	0.34484595	-0.24229188
0.5940843	0.03941095	-0.27027988
0.984116	0.5156989	-1.2560683
0.36560214	0.9627504	0.058663882
0.08363134	0.8571098	0.004742422
0.19993442	0.19390208	0.20774049
0.82600564	0.25457364	-0.48485225
0.633341	0.77144575	0.7932808
0.47720718	0.46493948	-0.2872163
0.9976201	0.35651815	-1.7511429
0.9733705	0.6347803	-0.55794775
0.1875158	0.013703108	0.08222821
0.96599126	0.7962361	0.31712243
0.45976937	0.53940386	-0.11483131
0.12675071	0.11472672	-0.39784384
0.87879586	0.065695345	0.42290863
0.8809367	0.34960037	0.119104415
0.21250361	0.04550439	0.4596885
0.74356294	0.7145419	1.1135651
0.7665642	0.60589695	0.34205547
0.63064116	0.18917692	0.31995368
0.71034473	0.9973484	1.0734192
0.36454523	0.9172171	0.030196805
0.05178356	0.4764843	-0.5226196
0.70976675	0.04372281	0.4623197
0.05538577	0.37562984	-0.3960556
0.9259552	0.050097346	0.5034379
0.109645486	0.9279477	-0.08870273
0.70454043	0.99450487	1.0273261
0.41294998	0.47259426	-0.10744587
0.07640469	0.6064928	-0.19966902
0.5837422	0.49102312	-0.16141647
0.001337409	0.21308798	-0.70234275
0.5584259	0.39813328	-0.43651927
0.22502303	0.4731632	0.4333511
0.6034635	0.32123268	-0.0522309
0.19565517	0.45069808	0.28092173
0.5808266	0.9882751	-0.20217612
0.28070933	0.91596985	-0.02004055
0.0952912	0.06116116	-0.23496823
0.47486115	0.38026273	-0.18403721
0.13982981	0.19152063	-0.3075071
0.82061106	0.93578	0.40153795
0.47348726	0.023418367	-0.52500314
0.6599689	0.06286669	0.50884783
0.68636787	0.8094382	1.4694626
0.6903432	0.995468	0.8799268
0.89692116	0.6153253	-0.21793905
0.6958286	0.21749651	0.44676182
0.5129297	0.4924981	-0.30631375
0.26769078	0.040475428	0.8810366
0.22559774	0.62680054	0.41267613
0.26967263	0.019212306	0.8810239
0.10932672	0.86481684	-0.0026702601
0.18409699	0.08790958	0.037832037
0.435315	0.6519272	-0.035389442
0.68671423	0.95436734	1.0639801
0.43485075	0.03286457	-0.13268279
0.92650306	0.47489476	-0.14777279
0.3240993	0.9512373	-0.11512671
0.23486823	0.5101269	0.50091666
0.60884523	0.40708208	0.20214167
0.04126376	0.93674403	-0.039791908
0.31161726	0.46150786	0.61726063
0.91080844	0.8762736	0.37686735
0.42470676	0.4857486	-0.14626601
0.87162614	0.48813283	-0.24350615
0.96173865	0.5586095	-0.6331622
0.79531157	0.25692046	-0.7163946
0.7210125	0.61906147	1.2507812
0.84964895	0.183361	-0.023962684
0.55449194	0.54623747	-0.26187593
0.60291564	0.43669844	0.12070485
0.11084038	0.8635977	-0.022312826
0.56159574	0.018161356	-0.7416332
0.11886054	0.37662804	-0.18682723
0.97343665	0.64733446	-0.47119638
0.79708624	0.22585958	-0.6524813
0.31910658	0.19759184	0.7788516
0.24806672	0.2603572	0.6068479
0.08546889	0.6384738	-0.2165135
0.48134696	0.17284304	-0.3827013
0.7561962	0.48283297	0.11304152
0.78812194	0.04663104	-0.44255942
0.65834475	0.80919	1.1317871
0.37436283	0.37131155	0.26909164
0.97826374	0.7421245	-0.036298577
0.2397641	0.81244487	0.22777565
0.8051106	0.7078246	0.04889419
0.20030785	0.99498993	-0.17954645
0.11740035	0.94260967	-0.04117533
0.51891375	0.46084315	-0.32525504
0.24198902	0.7225353	0.32562977
0.48848867	0.15346932	-0.43434203
0.34250933	0.36413372	0.6107095
0.9240063	0.71755123	-0.021488212
0.37221313	0.6571789	0.15742706
0.8934422	0.5639351	-0.15457389
0.12873107	0.0073906183	-0.40940496
0.19332367	0.07595962	0.1678751
0.0986073	0.51580435	-0.19078763
0.46254706	0.74097407	0.14622712
0.7611065	0.7796751	0.9389168
0.47154468	0.5938398	-0.015233621
0.9269545	0.9265311	0.59792924
0.90820616	0.70839	-0.110659614
0.0140603185	0.77162683	-0.6847563
0.5840478	0.6302317	0.067892075
0.16889471	0.8820297	0.024396747
0.53334206	0.08929354	-0.64661396
0.07937217	0.28004324	-0.22557655
0.71020025	0.89207864	1.3810256
0.28562438	0.5198265	0.55719507
0.11125368	0.45678973	-0.15962575
0.0735572	0.47087014	-0.3289467
0.45595998	0.378569	-0.3098204
0.19832623	0.8110189	0.25089166
0.39299202	0.41760886	0.06555491
0.4456234	0.5102948	-0.123366944
0.3751405	0.14273965	0.40005186
0.54676735	0.018425345	-0.8296601
0.92142904	0.9500228	0.6450204
0.07966375	0.7083263	-0.14660616
0.40225095	0.9336214	0.21357062
0.15632826	0.27408034	-0.12718387
0.60075325	0.8602357	0.17943716
0.7297632	0.18167406	0.019352948
0.61053926	0.24570441	-0.018417876
0.060569823	0.13119072	0.034841582
0.36836237	0.9468197	0.09401552
0.13677275	0.4201452	-0.132806
0.0638026	0.31602705	-0.235369
0.07024014	0.00092351437	0.067958295
0.80747044	0.4362778	-0.5433694
0.9039457	0.41759837	0.1511299
0.10825127	0.19401222	-0.31410795
0.036968708	0.8455888	-0.22059266
0.86980295	0.010705411	0.20897171
0.67231786	0.01664573	0.65267605
0.050430954	0.35941565	-0.41642302
0.32280535	0.8407904	0.017014837
0.16972983	0.8167679	0.083175175
0.68338966	0.36591542	0.8586292
0.65609264	0.79579616	1.1534373
0.33640903	0.61229205	0.41023776
0.33369195	0.99649423	-0.09630464
0.86193943	0.24474305	0.12482875
0.44535786	0.6788652	0.0055405395
0.2961418	0.6339501	0.39103293
0.76129377	0.82394445	1.028809
0.06138414	0.82148796	-0.092813
0.8586436	0.05862546	0.101629674
0.36983234	0.19235581	0.4658624
0.6726455	0.66781986	1.5246888
0.43207514	0.9589707	0.32349497
0.6350827	0.033848524	0.3287663
0.88639	0.9885126	0.2702598
0.21887189	0.3847792	0.43141985
0.31890333	0.5939988	0.43887538
0.15584451	0.16376257	-0.22852603
0.39459252	0.5950628	0.022436207
0.39666307	0.50275654	0.013779194
0.27584583	0.34295863	0.6995726
0.86016387	0.774238	-0.2029367
0.06267655	0.79246014	-0.14628647
0.1512546	0.8332066	0.023731394
0.09316152	0.3556394	-0.2637704
0.7015298	0.5317016	1.1562344
0.86055684	0.7613411	-0.24338548
0.08829659	0.58050066	-0.20604241
0.058739185	0.06025517	0.12154169
0.6159639	0.79913926	0.48089626
0.6994776	0.70385224	1.4894474
0.4515053	0.4632951	-0.24667189
0.02552998	0.63572013	-0.8659694
0.76571494	0.06592256	-0.32754722
0.35399687	0.04189515	0.5238016
0.092702925	0.58809865	-0.18257931
0.31687963	0.6187644	0.41366905
0.3655287	0.5379504	0.2718832
0.89159906	0.6923043	-0.16570796
0.13094467	0.12679678	-0.3739911
0.2873358	0.36454612	0.6670245
0.26142466	0.30566758	0.6746456
0.21135443	0.6742872	0.39432007
0.5919181	0.6658806	0.13599703
0.93971723	0.9754112	0.94299626
0.47400326	0.7273603	0.06956263
0.43172556	0.68078494	0.039700933
0.862492	0.09331399	0.22294977
0.23505473	0.65874046	0.40968874
0.85954857	0.6337049	-0.3182011
0.29057306	0.5034225	0.5934135
0.12749606	0.39666516	-0.13436323
0.5394362	0.60357666	-0.1600286
0.5350335	0.7822268	0.07561945
0.48263878	0.59707093	-0.089603215
0.65840495	0.3979469	0.86043835
0.7963115	0.17426759	-0.61625534
0.9196748	0.54034406	-0.1270419
0.80716574	0.90146005	0.4875943
0.1528433	0.90470934	-0.08839422
0.01244998	0.09067851	-0.18582505
0.40806407	0.9024626	0.15880036
0.42720622	0.2814257	-0.18021029
0.27089423	0.5616942	0.52747804
0.660232	0.701976	1.4003197
0.585111	0.45328784	-0.12212696
0.28535038	0.9498817	-0.12306757
0.6094011	0.53005564	0.35965192
0.29459226	0.33362436	0.71423227
0.1292727	0.38851154	-0.14454664
0.42552698	0.6621243	-0.004864337
0.73813474	0.36857307	0.13718154
0.92315555	0.7184074	0.028882781
0.27350986	0.8329055	0.078662686
0.92587054	0.108967245	0.5342718
0.085457206	0.64506054	-0.121833324
0.6773668	0.18016529	0.58540356
0.13751394	0.39742267	-0.09911625
0.40408212	0.41870022	0.019204438
0.6123171	0.29577923	0.058627106
0.6182017	0.94245553	0.113018915
0.6595071	0.30334002	0.69392806
0.51432955	0.28371447	-0.4432881
0.10912466	0.40316606	-0.15123564
0.8327009	0.91611755	0.22425109
0.69566	0.00858587	0.65127957
0.59760255	0.50620896	0.10888558
0.5281463	0.76591337	-0.04478613
0.34612554	0.1210745	0.6551801
0.04588747	0.7670847	-0.35599577
0.24705917	0.9438039	-0.029997274
0.6592166	0.78809774	1.2572023
0.51627266	0.004782319	-0.81511575
0.64316	0.39271915	0.7668284
0.43807375	0.9711585	0.3750559
0.94404763	0.47788405	-0.36118567
0.9898517	0.91979945	0.9029928
0.76729006	0.09237218	-0.40543526
0.2887935	0.01577723	0.8975731
0.9693066	0.8087914	0.37273866
0.42800993	0.9309391	0.2520481
0.16256225	0.7707127	0.10042823
0.26059306	0.6693889	0.36626303
0.50507784	0.041937172	-0.70135635
0.05184537	0.5853058	-0.46945155
0.14932406	0.4917106	0.06801576
0.36819035	0.9289421	0.02010497
0.974008	0.58008236	-0.79338926
0.6705319	0.15103972	0.57342565
0.57803255	0.7694074	0.07189287
0.047888696	0.4219182	-0.48846513
0.30541945	0.040509164	0.86080503
0.034697533	0.14487958	-0.035324614
0.40987188	0.8546172	0.13172165
0.8531199	0.57798225	-0.36295897
0.045702398	0.23085523	-0.13887897
0.9364114	0.55590427	-0.2666847
0.30234116	0.99979734	-0.17033957
0.77369875	0.66488826	0.42124707
0.33576375	0.639984	0.2884579
0.30637753	0.87117016	-0.027902223
0.8016711	0.587071	-0.22273049
0.44871074	0.66757226	0.045987967
0.7833327	0.9083061	0.89031607
0.0047850013	0.021771312	-0.088541165
0.724731	0.8638564	1.465907
0.0598464	0.53070486	-0.39881745
0.19639444	0.8508099	0.15073481
0.2666483	0.41698056	0.60335124
0.34224784	0.3332358	0.5408493
0.68761104	0.52477646	1.2390335
0.54019994	0.7761414	-0.010959726
0.29558623	0.55503446	0.5754927
0.84020853	0.032087862	-0.11171681
0.2816375	0.5113719	0.5676517
0.18681705	0.43943083	0.24374421
0.5894401	0.22324151	-0.29772544
0.26907915	0.034428418	0.90028447
0.48315322	0.39733428	-0.26373893
0.09281206	0.9669373	0.073983
0.08496487	0.21772158	-0.18135875
0.61947775	0.037183285	0.06913757
0.49907154	0.7069824	0.03674204
0.86185074	0.29802454	0.053685818
0.12923622	0.115490675	-0.39373106
0.5663409	0.43329865	-0.32946983
0.6280968	0.37271142	0.49566323
0.38728005	0.9091551	0.118377335
0.4877333	0.14205736	-0.45126224
0.72860795	0.9675233	1.2190408
0.73459995	0.9681823	1.2499914
0.25338292	0.772828	0.12767479
0.48366582	0.15909278	-0.45065126
0.49878836	0.9634326	0.21639027
0.5170723	0.5046421	-0.27911422
0.4531268	0.31074715	-0.22186895
0.36576802	0.53191537	0.20553617
0.39921242	0.99109274	0.21871112
0.55819243	0.046218514	-0.70658827
0.9538802	0.6863444	-0.100898705
0.0010271668	0.97300375	-0.4625392
0.515891	0.78960633	0.08917478
0.38566834	0.5392747	0.086968414
0.4242975	0.19651932	-0.0814549
0.75273645	0.09612566	-0.20704159
0.48880184	0.14796042	-0.4057581
0.26415783	0.11582017	0.78241205
0.07369667	0.11023831	-0.014879396
0.112497866	0.6822594	-0.052152418
0.86877096	0.49544543	-0.27349877
0.18117559	0.82632536	0.030437805
0.008403122	0.67723167	-1.0217526
0.5034134	0.62164474	-0.043557413
0.8955569	0.18600148	0.58107823
0.61976683	0.54718816	0.58349156
0.33374602	0.3030908	0.67847127
0.42374337	0.98446226	0.29825425
0.34086627	0.9551929	-0.024790142
0.3292908	0.08328515	0.6736979
0.35314214	0.66211087	0.10277653
0.409814	0.6769862	-0.019124774
0.03425157	0.042897344	0.13381617
0.9820921	0.88488597	0.7918703
0.72415483	0.41293412	0.48390737
0.18639445	0.4841085	0.25262925
0.98956585	0.7233393	-0.35160434
0.92248374	0.5698541	-0.16477089
0.71270066	0.4692074	0.8422837
0.8345717	0.37171	-0.48246297
0.6779943	0.20306987	0.5094593
0.78823215	0.5786855	-0.0029038712
0.5583181	0.25610375	-0.4956795
0.49663293	0.8601509	0.25704622
0.7274105	0.05048406	0.26548433
0.90146	0.655311	-0.104358
0.7382991	0.9909097	1.1984639
0.34305298	0.18956828	0.63676816
0.7331249	0.26457548	-0.014355922
0.66495174	0.022301495	0.64825195
0.27106148	0.7591351	0.2581975
0.5392469	0.40145892	-0.4775555
0.56857896	0.7017921	-0.013255667
0.39834893	0.5058414	-0.039568715
0.2618984	0.49194503	0.6105347
0.73410094	0.06875396	0.118260816
0.112451434	0.04477197	-0.2586659
0.76450235	0.85655975	1.0590543
0.38142276	0.32676232	0.21560562
0.80540854	0.66884845	0.00070543215
0.99102956	0.53555053	-1.2657871
0.63763416	0.63363993	1.0407162
0.81656814	0.6726511	-0.21337909
0.7853564	0.91158503	0.7884682
0.011672497	0.97065985	-0.38994706
0.43476486	0.38551754	-0.16600943
0.7531734	0.67513067	0.83759886
0.4534877	0.3753541	-0.18634222
0.56109834	0.12028593	-0.64367914
0.44306993	0.75354177	0.07682991
0.89919007	0.22726208	0.50642174
0.6516281	0.78222024	1.0982001
0.98235136	0.7028464	-0.3020696
0.6352963	0.5532736	0.9098893
0.5735829	0.14651853	-0.52550226
0.09907466	0.35604656	-0.19987997
0.59072715	0.1848228	-0.35099494
0.69688	0.65183985	1.4682325
0.22234344	0.54524225	0.47321722
0.4656778	0.03641808	-0.41498104
0.5082612	0.85585606	0.12106783
0.8593123	0.83707446	-0.07148501
0.5530117	0.894451	-0.10044718
0.53668547	0.47143203	-0.35777572
0.5410082	0.58705515	-0.16535866
0.25708455	0.5949823	0.4556883
0.85114276	0.48205936	-0.39109954
0.19034469	0.6297676	0.32441077
0.35364628	0.39479226	0.4804905
0.9118781	0.81404483	0.18055859
0.83391047	0.2297746	-0.3937702
0.09282255	0.9142619	0.016764522
0.7806729	0.019409955	-0.3179078
0.12795395	0.18512714	-0.3647312
0.9763412	0.54254377	-0.9280124
0.56127495	0.83240014	-0.039341856
0.6745526	0.8493311	1.2945511
0.5159622	0.9103519	0.12466835
0.7143568	0.76449686	1.4016194
0.62844247	0.8437635	0.5566352
0.9221043	0.301956	0.17018238
0.85150844	0.4161275	-0.3478495
0.37826025	0.46338016	0.17125753
0.23789757	0.18652105	0.5773357
0.80404204	0.05568862	-0.4587983
0.28112978	0.24453813	0.7568941
0.19537151	0.21574569	0.1400879
0.8675984	0.36632115	-0.011025613
0.18564641	0.9437328	-0.089287475
0.169703	0.74981	0.17231293
0.3492607	0.16725802	0.6417033
0.45991892	0.04394573	-0.32338065
0.8790478	0.35057157	0.15941592
0.26153094	0.2528072	0.6350161
0.28335923	0.73811793	0.25125304
0.4322819	0.79752856	0.21463627
0.07608539	0.038649917	-0.05524713
0.7069919	0.1699906	0.3107309
0.7067147	0.21563435	0.369579
0.45939314	0.97705686	0.3829138
0.15457118	0.5028523	0.079418674
0.42908257	0.48002952	-0.16743389
0.53867525	0.85060394	0.043546196
0.7343141	0.8578949	1.3894113
0.84013087	0.73307705	-0.17546558
0.32318896	0.8355535	0.028288633
0.70870984	0.25586808	0.28300196
0.56931096	0.0036463141	-0.76599354
0.9690832	0.8058724	0.40565392
0.50167	0.1277883	-0.5423268
0.13250583	0.90687406	-0.13674495
0.4290092	0.1881752	-0.108669005
0.41862434	0.09691042	0.015499711
0.8759252	0.9626236	0.15297061
0.35471833	0.5647936	0.2908504
0.4638319	0.47078186	-0.25655776
0.34514117	0.48926747	0.47988158
0.37353528	0.4180817	0.25509232
0.54337996	0.7397645	-0.08479548
0.6946873	0.4547271	1.0702069
0.65927184	0.19720101	0.48056912
0.5975959	0.6864397	0.2751901
0.48480433	0.38806558	-0.3327024
0.73532814	0.011426926	0.21245009
0.5247273	0.53538835	-0.25716445
0.50065297	0.30330122	-0.3983689
0.5876667	0.06468618	-0.4624219
0.015631557	0.5823407	-1.0897961
0.5971112	0.404714	-0.04477667
0.5782936	0.36553222	-0.29305917
0.67111135	0.20934403	0.5868289
0.021959603	0.8844293	-0.42074966
0.57857466	0.11721891	-0.49962655
0.515375	0.8180613	0.14361873
0.018182337	0.15099937	-0.19228342
0.16041201	0.13089007	-0.22037436
0.8131505	0.047256827	-0.4657291
0.6851863	0.6256157	1.4897064
0.253353	0.17078495	0.6927608
0.23640835	0.7239598	0.31064543
0.38050377	0.5569878	0.09460404
0.13206661	0.54708564	-0.041046552
0.28238636	0.5115357	0.5892309
0.11906916	0.5915961	-0.017075935
0.7850906	0.9348196	0.8318618
0.45795316	0.8626327	0.36878428
0.85792094	0.25366068	0.032699775
0.2010653	0.4198817	0.26190743
0.2981841	0.6004178	0.43660918
0.14011973	0.12201476	-0.33289367
0.20204467	0.8074613	0.2384572
0.050833404	0.47226238	-0.5429923
0.08819395	0.088211	-0.13609889
0.33837718	0.036125362	0.62578017
0.356196	0.046624005	0.51516384
0.5141621	0.029360771	-0.7307274
0.9328653	0.04406786	0.41275784
0.81584394	0.9798259	0.44942084
0.93001467	0.23581529	0.25236484
0.5352287	0.8841726	-0.016906314
0.31996548	0.3822602	0.6448293
0.33211797	0.2971899	0.68018043
0.67910385	0.7619709	1.559033
0.201482	0.088953316	0.1753718
0.6972289	0.49236184	1.089728
0.036978364	0.7461564	-0.46490455
0.07405889	0.91905975	0.05272883
0.23531193	0.4579087	0.46517277
0.21755433	0.13587874	0.381252
0.24365038	0.7619304	0.32995325
0.9776127	0.4454559	-1.198424
0.5665459	0.9436349	-0.17325681
0.21671593	0.44031745	0.4664937
0.876021	0.3146209	0.12695633
0.19815433	0.71493	0.28860223
0.9826404	0.778774	0.13758428
0.27631867	0.17511308	0.7674533
0.00415045	0.20745796	-0.58748853
0.110860705	0.6989245	-0.028578578
0.71874607	0.3748355	0.514418
0.07322657	0.054855287	-0.0017477171
0.112873495	0.5287442	-0.117568195
0.2696833	0.48747247	0.52160996
0.059909403	0.23487896	-0.13508755
0.6565644	0.2876072	0.6503835
0.51251346	0.9014666	0.110950574
0.85485816	0.62035567	-0.38876083
0.06215185	0.9495707	0.060872562
0.019152999	0.40879506	-0.9254563
0.33051342	0.7771316	0.091757335
0.38612133	0.28237218	0.17757119
0.009407401	0.716934	-0.9395404
0.12351298	0.7458044	-0.058902167
0.23798585	0.33863342	0.52181596
0.43726856	0.7432067	0.09409973
0.9564534	0.8920999	0.8557831
0.30342484	0.6916034	0.27683553
0.13208544	0.10231441	-0.3038798
0.62956417	0.16492009	0.26432154
0.25741106	0.29276812	0.6534581
0.5723488	0.096467614	-0.54406285
0.35335386	0.17444736	0.5687371
0.04823482	0.21239567	-0.09603718
0.59306854	0.48775446	-0.002404943
0.746932	0.33295888	-0.18235385
0.9911685	0.74271536	-0.17756915
0.30390227	0.0041131377	0.83108705
0.28829557	0.7961642	0.18229873
0.5727939	0.5612928	-0.15308276
0.26825047	0.44190246	0.57760483
0.13212919	0.02366221	-0.4793876
0.5166695	0.22175866	-0.5271244
0.93562824	0.8151992	0.41254675
0.68962646	0.4547369	1.0894738
0.7438319	0.83896244	1.2939239
0.012132227	0.7570797	-0.84995013
0.2749418	0.25296432	0.7434161
0.4534232	0.022499323	-0.3177641
0.8852083	0.9833794	0.25299433
0.61213356	0.23259228	0.049762454
0.21970361	0.05952835	0.4944281
0.96553415	0.49573547	-0.81613654
0.6109454	0.9866302	-0.17914629
0.85781044	0.10539281	0.13914385
0.2231375	0.9471086	-0.031727366
0.740347	0.6316458	0.978175
0.7117468	0.8126819	1.525395
0.1417197	0.39177138	-0.08501973
0.42690378	0.15609038	-0.057473093
0.5409861	0.7203923	-0.11903007
0.42782044	0.81158984	0.11212783
0.71725297	0.8309842	1.4436291
0.07535857	0.32958	-0.30596858
0.31911045	0.8378938	0.08589613
0.8585532	0.1695866	0.13736556
0.25320458	0.3282268	0.5687259
0.07062596	0.99006104	0.050553776
0.5325618	0.6033703	-0.16092354
0.86016476	0.11367488	0.23930192
0.63437253	0.68440306	0.98638517
0.7210749	0.5375411	0.98126644
0.36155784	0.4369158	0.40482825
0.26904607	0.13301677	0.7676477
0.11548108	0.5868097	-0.08863254
0.28266734	0.8069383	0.11927898
0.04688233	0.49443948	-0.6060079
0.85171205	0.8031766	-0.20738074
0.87935716	0.8996888	0.05707989
0.022832155	0.86415726	-0.36014783
0.43619484	0.19245571	-0.09295121
0.006059468	0.46306235	-1.2382898
0.36217195	0.11049098	0.44662866
0.62431645	0.71182054	0.75174
0.819862	0.5459149	-0.44807887
0.72979033	0.35104328	0.2159668
0.7017736	0.15250021	0.45623457
0.5744981	0.5009673	-0.24250834
0.87960887	0.29782486	0.21340325
0.5189858	0.9635469	0.16217463
0.15219587	0.43445468	-0.054091714
0.9436482	0.105804026	0.21844846
0.15042675	0.7869782	0.03037902
0.5588525	0.19803518	-0.56487626
0.8741945	0.5416358	-0.23836526
0.68314403	0.6485799	1.5291194
0.861966	0.3893448	-0.14916573
0.24526644	0.036319673	0.7265825
0.9262135	0.4718367	-0.0950808
0.57846886	0.25881362	-0.3277197
0.5837502	0.4004833	-0.18656161
0.19440526	0.44800842	0.33004525
0.09768468	0.086291015	-0.16956048
0.6649853	0.61936337	1.3828405
0.54884726	0.012333572	-0.90325457
0.61101687	0.8941125	0.16971663
0.38131988	0.7766264	0.05124533
0.2302134	0.7910341	0.23946089
0.48737603	0.690096	0.0767987
0.5984115	0.31163633	-0.12729764
0.5262374	0.44495732	-0.3899858
0.54840076	0.6965535	-0.08225164
0.59256434	0.5908934	0.12186689
0.8082183	0.9286561	0.5177548
0.50087816	0.42942047	-0.3407497
0.10546595	0.21496934	-0.2454634
0.5067465	0.046355188	-0.7000154
0.93791854	0.8414017	0.528936
0.6178785	0.31162542	0.2156494
0.29688263	0.12026054	0.86198723
0.513068	0.7992278	0.1726785
0.37020528	0.2461096	0.36702317
0.7518769	0.53671515	0.38362524
0.6340294	0.8046174	0.7616954
0.695316	0.110744596	0.46967477
0.73408395	0.09050232	0.05134171
0.5845036	0.045616567	-0.44805497
0.20500898	0.6208635	0.39605498
0.67622226	0.2596588	0.63893026
0.65650564	0.8080321	1.1745963
0.60735214	0.251867	-0.023181532
0.5594536	0.8077292	-0.020146172
0.7602387	0.7305251	0.9121656
0.7658133	0.90862083	1.0945305
0.5557589	0.98540974	-0.16208462
0.99881005	0.65908223	-0.7977153
0.15411884	0.74069834	0.065410286
0.88221645	0.5637849	-0.20820712
0.62323993	0.9014243	0.3425607
0.58696663	0.26093298	-0.3021978
0.6678321	0.86623394	1.1285671
0.8808432	0.42488658	-0.013411555
0.5451904	0.37312222	-0.44333002
0.52320814	0.86648273	0.096562415
0.42728698	0.0498513	-0.008477386
0.8163292	0.4850105	-0.51953346
0.65854645	0.4634018	1.0236393
0.0066164136	0.9212264	-0.5195249
0.02530855	0.5428738	-0.94620156
0.12196487	0.867606	-0.07277101
0.6383226	0.12079406	0.42965853
0.10399991	0.029668272	-0.2403719
0.7688878	0.66356236	0.49323574
0.7226161	0.9411178	1.3046516
0.8822732	0.1667347	0.45599627
0.7154883	0.85563684	1.4548204
0.70908946	0.0022417903	0.5619361
0.59790397	0.7881055	0.18114689
0.19292736	0.70161057	0.28774425
0.8968266	0.19707072	0.51561266
0.1536414	0.13515985	-0.30656096
0.34396505	0.40107596	0.5197103
0.590963	0.95146555	-0.1670573
0.11193311	0.66938156	-0.035820283
0.2506342	0.38140523	0.5916366
0.61509174	0.84661007	0.40398344
0.4855172	0.2638232	-0.33748814
0.992907	0.07629508	-0.9004203
0.6488117	0.95050734	0.46307784
0.6736063	0.9964209	0.62818384
0.6005137	0.44971538	0.13127689
0.8593041	0.88298756	-0.014541797
0.81165963	0.35153103	-0.61667794
0.21127367	0.42835778	0.37082726
0.48875982	0.13610828	-0.3987765
0.8501598	0.7616847	-0.14221497
0.43678278	0.35266513	-0.20758127
0.5910627	0.23967838	-0.32758948
0.40616202	0.8991364	0.1823343
0.43759626	0.007373035	-0.13055408
0.363149	0.13396955	0.5110858
0.1649577	0.23744613	-0.12321173
0.28570372	0.44790792	0.6266974
0.4881047	0.5994883	-0.102266565
0.195925	0.4604103	0.35103273
0.5275017	0.200432	-0.5336417
0.121275365	0.2960574	-0.27970612
0.98126215	0.25781012	-1.1968764
0.32179588	0.22702569	0.733154
0.9294959	0.54060495	-0.18069161
0.8744893	0.9017506	0.057306565
0.9491625	0.325163	-0.30844945
0.19854993	0.03675717	0.2352992
0.64560676	0.15294576	0.36572492
0.4758557	0.043255806	-0.4680725
0.87945443	0.3004321	0.25195113
0.9671442	0.46599	-0.92471135
0.73258626	0.23698336	-0.0036767488
0.11895114	0.47435915	-0.14721799
0.596739	0.022633135	-0.32527754
0.6251684	0.8500702	0.49732983
0.9479365	0.937259	0.9258832
0.2860899	0.8033461	0.13445869
0.6487291	0.52832115	1.0762128
0.3806126	0.945282	0.16770257
0.15595031	0.24295932	-0.18074892
0.70114636	0.36525297	0.7461308
0.6468472	0.6071478	1.1642874
0.9685445	0.8423741	0.54908055
0.0059382915	0.6445218	-1.1285548
0.4715476	0.79231584	0.21502881
0.9227685	0.8923577	0.49083325
0.44001085	0.3296088	-0.26219854
0.39888304	0.6736411	0.05413747
0.9231537	0.71666557	0.012801212
0.9313625	0.28869146	0.12370298
0.07442242	0.9644478	0.09862309
0.3471285	0.45291692	0.5064502
0.9784956	0.48344815	-1.1265259
0.6665086	0.19548887	0.6204364
0.007924557	0.74187803	-0.8740937
0.70605755	0.42643124	0.7984124
0.30572116	0.90781766	-0.07107535
0.1155498	0.09253234	-0.35616338
0.60220796	0.9694859	-0.17609239
0.54907745	0.5261098	-0.31106555
0.41815883	0.10200024	-0.02459132
0.17842239	0.49709487	0.24762309
0.6272689	0.31169206	0.3217261
0.033799887	0.44920653	-0.73713154
0.9757355	0.9821455	1.288506
0.0896821	0.3821854	-0.22902161
0.7818584	0.88714564	0.83237696
0.44824106	0.48543608	-0.18807748
0.93853545	0.4505912	-0.32066113
0.7282437	0.9006091	1.3656147
0.16966379	0.06948382	-0.16476326
0.86780477	0.5544464	-0.30366826
0.69313395	0.23612046	0.52469414
0.7314597	0.34299034	0.19772306
0.79602593	0.42613363	-0.47451928
0.029633045	0.41640645	-0.7658432
0.5125406	0.8831884	0.13643385
0.97713006	0.6795961	-0.35721222
0.9797139	0.7940099	0.2119195
0.0072384477	0.0074929	-0.010545198
0.19513369	0.012779057	0.17763892
0.9684449	0.35221916	-0.9038713
0.34894186	0.9311537	-0.0606741
0.3455925	0.79744875	0.056871634
0.35451567	0.03942436	0.5333959
0.40669638	0.04555577	0.05723833
0.41240925	0.34250003	-0.070552856
0.19500655	0.37070775	0.26286334
0.348706	0.843956	-0.027348667
0.27542257	0.029908597	0.9296649
0.13181788	0.52404517	-0.02063563
0.010906041	0.47880864	-1.1878375
0.91536933	0.16761684	0.56647176
0.3755163	0.085255384	0.37595516
0.8372129	0.35194796	-0.42936075
0.45580846	0.026390672	-0.34380624
0.41782653	0.7866641	0.11008192
0.2923854	0.38939208	0.7182086
0.8068746	0.54756254	-0.41724312
0.056758046	0.19194108	-0.038014527
0.63662976	0.1667543	0.3135668
0.1744259	0.28732818	0.02147955
0.14325047	0.6616498	0.074572094
0.15098685	0.7936193	0.046594933
0.38731414	0.61899626	0.07616957
0.6931811	0.7544017	1.5264568
0.28614563	0.81620437	0.08735549
0.43872142	0.24498934	-0.14724718
0.8096334	0.6355172	-0.1361249
0.8826875	0.7128413	-0.22873268
0.80695295	0.03343481	-0.4492384
0.24489862	0.8073763	0.2496236
0.12041789	0.11568099	-0.37768236
0.77289134	0.21381491	-0.58769554
0.28907734	0.12193537	0.8332487
0.7721673	0.1752364	-0.49623272
0.16459537	0.2766071	-0.037369084
0.3829369	0.82805943	0.052329745
0.5787527	0.13374853	-0.4004026
0.11252588	0.03196895	-0.34867954
0.08372861	0.2829184	-0.26363966
0.23700619	0.033347785	0.6605562
0.88776606	0.7983431	-0.10324865
0.48233593	0.43047494	-0.32818788
0.9112189	0.68532187	-0.12239623
0.9553287	0.5068603	-0.58848435
0.16488606	0.5892206	0.15512007
0.5343578	0.81110835	0.031624556
0.75983727	0.50003356	0.104170635
0.88257307	0.747374	-0.19179696
0.44345766	0.5487221	-0.10209492
0.9153368	0.9829916	0.6336685
0.40547025	0.77485025	0.0039179474
0.48212224	0.65192086	-0.056249984
0.5431329	0.91312927	-0.067442745
0.61605036	0.42390496	0.35776585
0.6054434	0.0005684495	-0.18370427
0.30295062	0.61260104	0.49377194
0.32501012	0.85812414	-0.038954094
0.87681556	0.75647455	-0.17054427
0.116588056	0.32527703	-0.20526095
0.29664415	0.2922706	0.76394504
0.79757035	0.6341913	-0.04808943
0.9474681	0.48623443	-0.478469
0.34002972	0.029587984	0.5937757
0.3918621	0.6980209	0.07607414
0.28841788	0.29307222	0.72258407
0.9027923	0.68403065	-0.10869273
0.33238846	0.68017	0.23858136
0.88986075	0.44743717	-0.023460545
0.53210986	0.30815256	-0.5140126
0.6826115	0.5937913	1.4272352
0.2381494	0.82446915	0.17161344
0.5732904	0.20380378	-0.4444757
0.14422905	0.71992904	0.056612123
0.17203772	0.89712214	0.0148675665
0.13688648	0.9702761	-0.1854395
0.15087503	0.77688164	0.06617567
0.5130148	0.5627791	-0.2294407
0.4912997	0.049579978	-0.52661026
0.37368113	0.1939978	0.3576982
0.44985348	0.6854218	0.045572575
0.32574475	0.8397429	0.04148362
0.8125364	0.21920466	-0.6081976
0.19493502	0.7095667	0.28760928
0.95255977	0.74355936	0.089847565
0.6352787	0.1500991	0.34904554
0.10245186	0.40677458	-0.21430774
0.96921355	0.44985986	-0.9634188
0.74543893	0.58419156	0.69759375
0.6663776	0.3007444	0.70257646
0.8899152	0.7919196	-0.0573991
0.110563934	0.36875784	-0.24894854
0.9756577	0.6258721	-0.59800875
0.71647614	0.6233354	1.2731928
0.61483353	0.62690175	0.6289204
0.46605957	0.5673518	-0.09704289
0.85768837	0.792955	-0.14817119
0.5855502	0.5094191	-0.022770744
0.49183738	0.38437873	-0.30546466
0.30470294	0.9355476	-0.11095555
0.24338317	0.4155569	0.46464786
0.9019607	0.1458137	0.6459318
0.62819564	0.2556106	0.31275454
0.49859327	0.9103968	0.2342789
0.8131926	0.5489099	-0.38225263
0.66670877	0.68943036	1.4164454
0.54208165	0.057138443	-0.73319393
0.55664396	0.23714781	-0.512394
0.06818783	0.49642152	-0.37080655
0.528971	0.44799495	-0.34371656
0.18267667	0.79189306	0.13210848
0.29712588	0.79882765	0.0312695
0.5981261	0.9636737	-0.17870547
0.71673363	0.40409952	0.585528
0.35519922	0.35123247	0.4764208
0.94898045	0.96064913	0.97047687
0.04752171	0.8877509	-0.057268336
0.33884645	0.5974933	0.34543824
0.506629	0.20423794	-0.39414272
0.31482625	0.087417126	0.8082848
0.8205678	0.23690718	-0.5664533
0.4886008	0.880593	0.3091231
0.8584163	0.8073893	-0.1541082
0.16515374	0.45236284	0.058707904
0.5136649	0.85701466	0.15571024
0.52937675	0.71096736	-0.0840282
0.3760875	0.562678	0.19401991
0.12154341	0.61692554	0.009434804
0.4981529	0.7550727	0.12807304
0.19533801	0.41979814	0.21268302
0.27750564	0.76688695	0.19870593
0.0317508	0.78537256	-0.38785633
0.22477353	0.15386474	0.4617333
0.8642246	0.9382501	0.04591901
0.18477505	0.8636597	0.07025755
0.9415539	0.598603	-0.22214887
0.15708011	0.3392132	-0.1095908
0.23970586	0.7276421	0.36889338
0.18766695	0.8315128	0.15605582
0.60520846	0.7731943	0.3426617
0.8433035	0.30216396	-0.3276258
0.50895715	0.27066338	-0.47845355
0.75358945	0.2446875	-0.37491208
0.42924178	0.6073655	-0.12960674
0.78420544	0.12455428	-0.60236216
0.40949368	0.33461893	-0.0066569913
0.1671654	0.17964005	-0.13334085
0.08507258	0.4443292	-0.19697748
0.20198566	0.140997	0.2638647
0.46237266	0.024868727	-0.35390678
0.6733949	0.55354905	1.3705738
0.086856365	0.5288036	-0.20877181
0.82585394	0.8025603	0.04638229
0.11595166	0.77620876	0.025612764
0.5269169	0.58156323	-0.2046207
0.18296361	0.8742331	0.022806987
0.7056819	0.020674944	0.53352606
0.8560352	0.2981363	-0.06440315
0.27146816	0.84333074	0.08205205
0.628056	0.36135954	0.33555523
0.1404348	0.096459866	-0.3692665
0.41280413	0.0016096234	0.04320744
0.5585168	0.39139956	-0.43393773
0.15949291	0.73647934	0.16291799
0.95172036	0.8779344	0.733982
0.7219928	0.0028076172	0.40261272
0.9760727	0.8185573	0.4451911
0.71131694	0.7990631	1.5202627
0.88075423	0.63060004	-0.23705426
0.38205504	0.51945305	0.041778117
0.63990736	0.019356906	0.35216296
0.1733849	0.16602719	-0.1298545
0.74209476	0.86554706	1.3325132
0.34409893	0.16912717	0.6281184
0.43728286	0.9998126	0.30454224
0.079737306	0.6812299	-0.12740208
0.5494302	0.15230131	-0.6239418
0.60449106	0.2736864	-0.039464217
0.18761957	0.20807081	0.061971907
0.5688297	0.74743605	0.023808263
0.9751632	0.3671366	-1.1667546
0.15371525	0.9053384	-0.09180545
0.9157571	0.5237626	-0.104946814
0.76412976	0.48063016	-0.005948468
0.28441006	0.8186326	0.09400547
0.34038407	0.67043585	0.31159896
0.62258893	0.40287894	0.39568383
0.92495847	0.9405594	0.6256807
0.783642	0.6220795	0.13839768
0.32340652	0.66801816	0.2827093
0.82025415	0.02357155	-0.29418397
0.23114073	0.4893037	0.47329387
0.614928	0.11665046	-0.039297134
0.07537258	0.40923327	-0.35476017
0.03280866	0.52621955	-0.84807426
0.7452294	0.60988265	0.7471698
0.8374408	0.39263427	-0.43597972
0.06481773	0.82376564	-0.115981795
0.7257984	0.39617836	0.44003034
0.09894353	0.7436421	-0.07454952
0.838907	0.46298862	-0.42774582
0.33918655	0.45410728	0.5169799
0.8577737	0.81592834	-0.22079584
0.4426586	0.3355404	-0.28119814
0.82144505	0.96353006	0.39455697
0.116708755	0.70037854	-0.018165056
0.5962812	0.06818998	-0.30735636
0.3309098	0.922598	-0.07681174
0.6547365	0.99544847	0.40358847
0.6637092	0.85544324	1.1186223
0.32330722	0.73470545	0.14788628
0.13913757	0.7891472	0.023779368
0.043580294	0.06406373	0.087931216
0.17990345	0.741565	0.20220113
0.8941931	0.633603	-0.20617937
0.85100883	0.8812105	0.024599507
0.08449054	0.1996159	-0.21904941
0.95408076	0.5937216	-0.41946566
0.44724226	0.83744395	0.22427008
0.91608477	0.6275839	-0.14893588
0.6912307	0.1044876	0.5019838
0.3073588	0.24298745	0.7989477
0.46901596	0.69124544	0.02921588
0.040439844	0.5751344	-0.7068798
0.23654026	0.74110866	0.3499682
0.6249167	0.88939637	0.34351265
0.54605603	0.20225936	-0.5680891
0.36198795	0.36135906	0.42245173
0.5133967	0.8458619	0.13435942
0.023223877	0.87696415	-0.35250646
0.9228938	0.98307496	0.7323947
0.91621363	0.94088745	0.49509016
0.9711461	0.30211145	-0.9436807
0.6121481	0.17407054	0.0072579803
0.5845961	0.8889012	-0.09698708
0.9727142	0.74612254	0.0107771605
0.68579537	0.0838688	0.5825569
0.14099377	0.67530125	0.09665725
0.9601056	0.9813844	1.2857666
0.45970672	0.02972877	-0.3097698
0.89876443	0.20452553	0.5565467
0.60342354	0.8398701	0.1416415
0.74657124	0.73935246	1.138242
0.3162856	0.74515927	0.17436376
0.71571493	0.9001336	1.3731264
0.88658524	0.59938544	-0.20248513
0.362705	0.5395597	0.21590689
0.8040722	0.24001068	-0.6372495
0.9736513	0.8110694	0.41868186
0.81606156	0.65697974	-0.21045208
0.047570944	0.19791114	-0.094342135
0.0076000094	0.9765936	-0.410551
0.8261839	0.25652826	-0.5138931
0.27931368	0.7762826	0.19669892
0.6988193	0.11394626	0.43044606
0.19671649	0.6449029	0.3565322
0.88359994	0.5086562	-0.127996
0.6165692	0.7287397	0.5510897
0.5756659	0.9675313	-0.20002598
0.07897657	0.8542598	-0.012178432
0.13489729	0.5363508	0.06051942
0.022966027	0.9857875	-0.12767284
0.4267013	0.22225362	-0.05520264
0.63274807	0.97375745	0.11503341
0.06595886	0.9315866	0.08872513
0.37746757	0.9599542	0.06955196
0.35957825	0.98093855	0.039525665
0.1425932	0.7925099	0.036180355
0.078710735	0.5520073	-0.3060493
0.6647261	0.11585206	0.5979325
0.39080435	0.013084173	0.21378404
0.02524978	0.41975623	-0.8032001
0.72378033	0.31877565	0.22582418
0.60385746	0.17907268	-0.084691964
0.36334634	0.0983752	0.491677
0.36830187	0.3984254	0.29261777
0.27597386	0.51246524	0.62089247
0.294312	0.7207692	0.2419003
0.14199048	0.01733923	-0.35942662
0.762933	0.6407475	0.5976419
0.30315453	0.6045663	0.41186732
0.111089885	0.28217936	-0.23419432
0.04241246	0.9075899	-0.10177645
0.10839462	0.8843929	-0.015385337
0.4904735	0.23762637	-0.38267672
0.7367423	0.75286084	1.3172472
0.6615926	0.29703027	0.6912601
0.61748344	0.05803877	0.0053610876
0.21343565	0.14404452	0.3375899
0.3872912	0.40528995	0.14614137
0.6893113	0.99278086	0.8524713
0.73520595	0.14161229	-0.03399555
0.47171897	0.039248526	-0.45675078
0.97774786	0.065469325	-0.49293572
0.02162236	0.16542727	-0.14512508
0.011096716	0.2588436	-0.67575765
0.826586	0.51818305	-0.49685684
0.36492473	0.30285645	0.39732856
0.46566784	0.60444087	-0.05713836
0.86278987	0.27993596	0.013527442
0.6717909	0.3366959	0.7591883
0.3727618	0.81397516	-0.00082691014
0.4379177	0.8413591	0.3000753
0.26983374	0.8941692	-0.013915588
0.43873668	0.49427885	-0.21759267
0.055491805	0.08932555	0.07032772
0.7980776	0.92800707	0.6664377
0.9148411	0.26659888	0.4276328
0.82046616	0.6619308	-0.23062041
0.5510873	0.2773276	-0.49774057
0.19799167	0.22294313	0.12971981
0.7572592	0.9098538	1.1474868
0.6854333	0.7606106	1.4956278
0.9908654	0.039661944	-0.74850935
0.7303111	0.9960753	1.1213275
0.95251	0.60956347	-0.3781714
0.36378914	0.7609635	0.06335136
0.7885506	0.1476838	-0.5846461
0.5866227	0.7833281	0.055735517
0.7493507	0.7264222	1.0487032
0.8038384	0.90486956	0.550706
0.8007523	0.68063384	0.10503748
0.23442423	0.71265936	0.34115446
0.5784561	0.20435452	-0.36088824
0.7308333	0.08248615	0.10459325
0.97829884	0.60732174	-0.7494829
0.9243264	0.19362944	0.41849402
0.33871788	0.5133693	0.48898765
0.79879814	0.9051196	0.62172323
0.15129113	0.19150853	-0.2825321
0.67276245	0.2782601	0.61287427
0.34022975	0.16789746	0.70288086
0.8909643	0.95660037	0.22759143
0.3360852	0.49143225	0.59358054
0.7624405	0.38327336	-0.2985414
0.94670916	0.19718426	-0.056360546
0.82098067	0.5000923	-0.5015562
0.8959412	0.60379255	-0.18959455
0.7059425	0.7734978	1.5460466
0.15264648	0.11765158	-0.27379608
0.31545693	0.97632134	-0.17705697
0.8906077	0.27407974	0.37360343
0.5816093	0.3000018	-0.27701473
0.0778721	0.10222167	-0.034431305
0.24914473	0.6472852	0.4238053
0.17244911	0.9837012	-0.20433547
0.7684349	0.947429	1.0784295
0.21024042	0.97602385	-0.061598644
0.009597719	0.36637777	-0.98673564
0.24978268	0.15482658	0.7163681
0.5069589	0.68419814	0.025411924
0.20182312	0.08085418	0.19352134
0.40136814	0.44579285	0.064509496
0.97872657	0.39940286	-1.2826362
0.61156523	0.14253414	0.03437758
0.3848096	0.33826542	0.22247097
0.4127577	0.5780993	-0.06332141
0.8879715	0.59342563	-0.22433689
0.8570605	0.30609912	-0.064112365
0.029119313	0.83104587	-0.37022883
0.8446798	0.2665344	-0.240065
0.5227913	0.5328268	-0.19541183
0.05283463	0.5563031	-0.55333304
0.62321496	0.8923634	0.3525013
0.76605475	0.35102057	-0.33802828
0.15544003	0.63427687	0.16209854
0.24339539	0.044730663	0.7304439
0.48092955	0.95595104	0.35757253
0.6427931	0.67320496	1.1570235
0.25494117	0.00563246	0.89573264
0.3089524	0.6984063	0.2843499
0.40725684	0.6483667	-0.06879054
0.8299096	0.81289375	0.030304834
0.19326282	0.8352642	0.12389988
0.46609825	0.6350484	-0.011674122
0.9481084	0.63530654	-0.1779456
0.5084793	0.35657787	-0.42740867
0.62728405	0.97493476	0.06658737
0.6006517	0.3853321	-0.015776355
0.18685359	0.38161588	0.2304252
0.70995337	0.47269052	0.9266831
0.26812452	0.13787144	0.7550246
0.19068843	0.27947462	0.13756406
0.91128397	0.02489084	0.5516039
0.07316071	0.36546558	-0.2932703
0.40904194	0.12790799	0.12738198
0.22608572	0.7744929	0.31232035
0.62532437	0.21393275	0.21057127
0.7312425	0.5865552	0.99441963
0.4180894	0.5130548	-0.06988124
0.56957835	0.060935616	-0.630026
0.26545423	0.049580872	0.84341407
0.88626975	0.07221997	0.5690962
0.9953642	0.9717092	1.1619271
0.41210645	0.8671162	0.19944388
0.91379756	0.3560769	0.1391438
0.82668614	0.46674097	-0.54936606
0.9921786	0.10105431	-0.99009216
0.4818697	0.65504146	0.0385769
0.84672916	0.46829033	-0.38253134
0.041944742	0.7071003	-0.5087668
0.6107987	0.48467112	0.30974242
0.30231184	0.48506862	0.6697326
0.99805146	0.5979473	-1.1739993
0.35532784	0.18495673	0.6006719
0.721637	0.13846272	0.22083512
0.6875378	0.5955338	1.4835306
0.9031893	0.812971	0.015497353
0.19769925	0.03800261	0.18358776
0.8808068	0.3308642	0.1973158
0.010736108	0.857734	-0.6044017
0.32287723	0.18044072	0.7066857
0.45957834	0.55251306	-0.21687989
0.26533556	0.22180331	0.6261471
0.19317752	0.9119261	-0.015240839
0.7670096	0.5462455	0.1599283
0.75599074	0.4189126	-0.102011666
0.79075927	0.31117564	-0.59997046
0.2253179	0.5649026	0.46105465
0.49926823	0.15537125	-0.49001393
0.7694768	0.50988764	0.025589533
0.45674503	0.78812665	0.19383565
0.17801458	0.82540756	0.1025683
0.35421103	0.42666936	0.3745039
0.65133977	0.27793354	0.573986
0.48111808	0.64696336	0.0014573252
0.30482906	0.9831212	-0.176949
0.5484992	0.6125423	-0.18105793
0.008060157	0.79352075	-0.8048065
0.7598208	0.014415145	-0.07618539
0.9385544	0.44353163	-0.28799862
0.66344106	0.7340649	1.403263
0.2886209	0.8740762	-0.03286829
0.097632766	0.8673851	-0.029749861
0.8469995	0.5033444	-0.43139103
0.11100817	0.09382528	-0.25160295
0.11332941	0.82270503	-0.0032624789
0.34887713	0.02397567	0.605016
0.68126065	0.5646905	1.4247668
0.056062996	0.92965835	0.05863956
0.7234049	0.81122214	1.4043213
0.27401036	0.8481943	0.043495342
0.5986194	0.18268478	-0.23945867
0.5836503	0.7127819	0.093173735
0.09294373	0.7289298	-0.080007896
0.31140178	0.85083973	0.040716797
0.8299402	0.583517	-0.3864522
0.8930966	0.890165	0.08847989
0.31481057	0.67625993	0.25632244
0.0138450265	0.9336583	-0.35392863
0.55491775	0.45799112	-0.34925818
0.9998745	0.84129107	0.29329517
0.8059402	0.49649733	-0.38899285
0.45561796	0.60152227	-0.058459237
0.84065795	0.7939451	-0.08635546
0.6324097	0.6771659	0.88181406
0.7808651	0.4004435	-0.49087262
0.33366823	0.72459525	0.17571723
0.41418982	0.10814327	0.051689085
0.0654546	0.79923254	-0.13144988
0.90911907	0.2602828	0.48395252
0.47554713	0.7056122	0.09669491
0.8217668	0.5687899	-0.3823623
0.40407187	0.52008635	-0.0496099
0.18131065	0.52380186	0.21187422
0.160775	0.83187765	0.022478921
0.04626012	0.6450473	-0.5489167
0.55661124	0.5141536	-0.2914986
0.7035375	0.14518017	0.4008417
0.08106786	0.76218456	-0.13247459
0.038231313	0.9151334	-0.053024497
0.6240301	0.9899302	-0.035314713
0.15420663	0.33560562	-0.11719341
0.45372695	0.9676937	0.35575593
0.09349495	0.50288963	-0.22373329
0.63525903	0.010414064	0.31234604
0.02570635	0.0551908	0.14741339
0.9216311	0.11224842	0.5657029
0.6962166	0.050889075	0.538069
0.39359152	0.44699103	0.018684061
0.35097075	0.2918337	0.6062148
0.69943124	0.33076346	0.60980403
0.852619	0.06250334	-0.012767658
0.630913	0.43028265	0.5542604
0.8370435	0.7748806	-0.12638207
0.50047714	0.7007605	0.043345112
0.48704374	0.7901481	0.18846002
0.92855173	0.36127222	-0.0039245826
0.12377924	0.915227	-0.10219463
0.5165989	0.83612126	0.060028914
0.8146384	0.22133088	-0.56742686
0.2762717	0.51266	0.5524391
0.9552623	0.31900787	-0.5254782
0.9940995	0.8438688	0.3578105
0.32540715	0.9255422	-0.079024695
0.28650457	0.82583624	0.03699398
0.08462459	0.812913	-0.027625496
0.37714028	0.53607	0.151643
0.6181346	0.8841632	0.289101
0.4468531	0.98517233	0.3399598
0.6066348	0.7224868	0.41235292
0.16334206	0.91517663	-0.11139803
0.0024043918	0.4141218	-1.1980114
0.5115586	0.7303603	0.07446856
0.6683592	0.014554679	0.66084325
0.65142554	0.34425962	0.73648155
0.12794483	0.19966984	-0.29989323
0.29890937	0.65002275	0.42602876
0.15832245	0.32665044	-0.039423894
0.46288377	0.93987966	0.38340858
0.021873415	0.56532216	-0.9755321
0.69760734	0.12389493	0.42880943
0.560039	0.123164296	-0.63085115
0.83372873	0.98710895	0.3105493
0.049891233	0.37393337	-0.44732362
0.5544359	0.18960375	-0.54359645
0.5008373	0.06249112	-0.5798366
0.24371362	0.022032797	0.792032
0.31329083	0.6575672	0.37060973
0.9493782	0.25122184	-0.25371158
0.82335615	0.7505371	-0.042806134
0.40904093	0.4631682	-0.068010636
0.24499154	0.26395607	0.56296295
0.42472774	0.37485594	-0.11341235
0.19939381	0.29913545	0.27747875
0.5432348	0.9106591	0.017060313
0.72900057	0.708196	1.2843422
0.6321206	0.64884835	0.9278598
0.5973246	0.89363956	-0.006664522
0.8128744	0.38996542	-0.60995364
0.8313805	0.91933835	0.16652653
0.8232277	0.07053214	-0.38471362
0.24641687	0.2301442	0.61898124
0.47091192	0.8177868	0.24154598
0.5356594	0.059818864	-0.7902043
0.7864852	0.20471609	-0.6607788
0.88367826	0.24413276	0.43192118
0.9738136	0.6736668	-0.3480514
0.27696437	0.39626104	0.6766766
0.71958554	0.7842873	1.4542558
0.29107988	0.013600826	0.84714967
0.4505062	0.6682061	0.035814017
0.9710307	0.7270494	-0.03324769
0.34778732	0.46289688	0.47699472
0.5844291	0.015182555	-0.5639563
0.74805593	0.28368753	-0.2167325
0.8258024	0.633503	-0.298125
0.50265706	0.864035	0.24506937
0.65791035	0.3267805	0.7323064
0.961447	0.6993852	-0.07388647
0.65748477	0.11096752	0.53774035
0.46373546	0.78097725	0.16138235
0.5246048	0.27084345	-0.5388242
0.94003093	0.9774167	0.99848455
0.8962406	0.40317184	0.12174048
0.67588854	0.28255987	0.67424935
0.4934346	0.31103086	-0.38247418
0.35187006	0.9618462	-0.0035306402
0.98018354	0.42289352	-1.3064195
0.2772236	0.5029854	0.5312936
0.76622796	0.10834563	-0.46378365
0.52534616	0.14917505	-0.60937196
0.9001167	0.44071037	0.06921375
0.53367525	0.6842447	-0.09539708
0.049950898	0.1424821	0.022493608
0.22073615	0.41558164	0.38718963
0.15664327	0.11203551	-0.30146462
0.73904306	0.8189166	1.2974035
0.41468626	0.9908873	0.29090017
0.9283775	0.93737006	0.6750142
0.99051994	0.69100744	-0.45610434
0.029677153	0.4814477	-0.777108
0.50206167	0.38270724	-0.31227195
0.5076258	0.619905	-0.08938839
0.6457536	0.2902497	0.5338346
0.7702688	0.24942636	-0.5239362
0.47710812	0.64887273	0.017480712
0.67086715	0.7447385	1.4631007
0.8557742	0.19402075	0.03691706
0.026164353	0.8332439	-0.41304085
0.7589892	0.74245954	0.915388
0.07070017	0.0009560585	0.032133315
0.04589951	0.058057368	0.14439936
0.1109432	0.7952192	-0.07924362
0.96937823	0.9097126	0.9370609
0.58896375	0.2830971	-0.23874158
0.9480808	0.5457331	-0.38998854
0.3898809	0.6757805	0.023273587
0.25057924	0.96444744	-0.0800456
0.05958414	0.2028507	-0.09838967
0.6786528	0.018150568	0.70213985
0.1020574	0.33301908	-0.22842434
0.9350371	0.78800696	0.27860245
0.21825433	0.7690179	0.28559467
0.33794683	0.75870675	0.13492511
0.939434	0.59696126	-0.25507843
0.25036436	0.14700699	0.65441483
0.24619597	0.15892643	0.63854593
0.229797	0.23963612	0.49498922
0.76593244	0.91672665	1.0628346
0.54875547	0.325675	-0.48472378
0.75499904	0.40007043	-0.12901586
0.5704003	0.6950165	-0.09400108
0.47294796	0.91436034	0.28790918
0.42017418	0.21721709	-0.030240012
0.08647126	0.7265232	-0.105300836
0.5113264	0.3973903	-0.3421693
0.5437124	0.15209717	-0.62399614
0.62694055	0.102446616	0.19593893
0.64970374	0.78685457	1.1117251
0.037277937	0.2703033	-0.35574436
0.8394649	0.17395145	-0.14748216
0.9182696	0.6298681	-0.10013041
0.24995351	0.61728024	0.45668846
0.63537353	0.4319353	0.69985306
0.8785677	0.7307279	-0.1830988
0.25428778	0.558961	0.5281225
0.8091043	0.21622664	-0.62978333
0.9746226	0.8252006	0.4637556
0.1892336	0.7218978	0.3037047
0.21304524	0.6436876	0.36460572
0.1361177	0.6025216	0.055171974
0.22987074	0.24991375	0.51245815
0.20279205	0.9245566	0.0042904224
0.9286863	0.83204734	0.38077253
0.25204885	0.9737897	-0.05486576
0.49929333	0.89700437	0.23933144
0.540625	0.8721022	-0.004454833
0.52833736	0.24142486	-0.48910645
0.29681975	0.30322433	0.7056369
0.13236815	0.90165496	-0.07257579
0.32547498	0.17568964	0.75898755
0.9060931	0.16015005	0.6066199
0.7951364	0.80604625	0.42942652
0.07837272	0.7510834	-0.105699666
0.46660352	0.018442512	-0.3839985
0.2955876	0.18225473	0.7713671
0.30885315	0.5437697	0.51767
0.7135246	0.34271997	0.49096686
0.61775815	0.72160083	0.63344437
0.24019188	0.038887262	0.7618749
0.083619356	0.05683899	-0.10426344
0.0719434	0.8345034	-0.020085646
0.6949137	0.5926366	1.4120792
0.28739333	0.59372526	0.44596982
0.27378595	0.83693695	0.08717838
0.5022051	0.14383328	-0.52412796
0.22350806	0.68492407	0.43536788
0.39851797	0.8937528	0.14430034
0.46299165	0.46915042	-0.2015019
0.99229324	0.15496832	-1.2072037
0.64711475	0.97470105	0.33145076
0.0966723	0.6982929	-0.09481912
0.52905774	0.5621925	-0.20537429
0.16022766	0.49674785	0.143904
0.6196642	0.8124391	0.4996875
0.25870824	0.50221235	0.49197733
0.897489	0.14523	0.6433312
0.42588943	0.66466445	0.007963747
0.15307057	0.033918917	-0.33495492
0.033832014	0.23502225	-0.34100586
0.64012945	0.51533586	0.8392725
0.45614195	0.1252504	-0.22462079
0.029129505	0.0053292513	0.24618563
0.85802394	0.6535447	-0.2984879
0.7736744	0.9009232	0.9845659
0.5953619	0.18613553	-0.24810725
0.3764438	0.5289233	0.075478666
0.11061716	0.60689336	-0.029020227
0.8980826	0.8237211	0.119359136
0.3487661	0.84921354	0.02036935
0.102222085	0.22225875	-0.26375708
0.9941101	0.98969537	1.3119917
0.8892558	0.91054046	0.13520156
0.1373508	0.007273078	-0.3905146
0.06664562	0.9987515	0.108176306
0.60939854	0.41840315	0.19169225
0.3029871	0.927072	-0.07259481
0.7805052	0.53874546	-0.094092235
0.69620305	0.191234	0.43602568
0.10402846	0.2513653	-0.31349576
0.8253339	0.22542357	-0.45076835
0.2404182	0.6453618	0.4431333
0.5705734	0.2186206	-0.50472236
0.67478794	0.6280267	1.5084515
0.6056244	0.77727604	0.33924007
0.06507051	0.649075	-0.33908385
0.14135659	0.65577483	0.08467152
0.20598423	0.19172329	0.28327617
0.93687266	0.005325377	0.33123165
0.51187056	0.57022285	-0.17580597
0.5904028	0.6597108	0.18121961
0.5823441	0.7966772	0.03821376
0.13051486	0.7735731	-0.055076107
0.40856516	0.22171468	0.05733576
0.76467407	0.54493546	0.20489256
0.07621664	0.77335787	-0.047316287
0.99442285	0.74138415	-0.2919465
0.3670128	0.20680863	0.38150254
0.9421198	0.3693716	-0.26130414
0.06259978	0.74928826	-0.19640598
0.703055	0.26628858	0.47621363
0.35493046	0.92250574	-0.02449638
0.8149484	0.07510579	-0.44309402
0.36242205	0.63924307	0.19365928
0.2479524	0.26243013	0.5684638
0.45839196	0.935377	0.33999583
0.8437338	0.0029937625	-0.1461347
0.087083936	0.5864318	-0.28630453
0.6297169	0.6120215	0.80704594
0.76971114	0.45555186	-0.24837907
0.5688113	0.4249723	-0.28883544
0.061246037	0.08455175	0.0843994
0.038173318	0.6020774	-0.75647753
0.19794774	0.4170044	0.36207578
0.07057059	0.48058426	-0.3363548
0.65552104	0.861602	0.9684823
0.01515758	0.31669265	-0.79382646
0.923322	0.67312366	-0.049565062
0.07647812	0.3785516	-0.27942526
0.9008132	0.6428783	-0.21157664
0.54237103	0.9963431	-0.13306835
0.1568883	0.71511984	0.11861905
0.0746088	0.5344294	-0.30558676
0.1742695	0.8625285	0.09233157
0.594341	0.959152	-0.17612515
0.70082515	0.18293327	0.44797945
0.27565646	0.27677065	0.68280256
0.42539555	0.563103	-0.1806261
0.49835002	0.334121	-0.34139058
0.3394512	0.35190487	0.56493634
0.037076414	0.3002851	-0.3509241
0.97191554	0.81425214	0.39722997
0.43811923	0.8466794	0.26422006
0.44726068	0.13757461	-0.19298454
0.99119693	0.8705058	0.5814052
0.82513005	0.18740702	-0.48654425
0.01989758	0.30398375	-0.65486676
0.41613126	0.08230698	0.007986838
0.5226729	0.7088312	-0.030649513
0.75273293	0.1960277	-0.354776
0.70259804	0.587853	1.3271291
0.2727676	0.20244026	0.75361884
0.7504462	0.061890423	-0.09892865
0.75471616	0.31695056	-0.27803677
0.36487627	0.61819357	0.18577845
0.7424728	0.1610561	-0.19156078
0.80397135	0.48313046	-0.5140944
0.07232481	0.7930865	-0.07038486
0.20685816	0.8331903	0.16232696
0.23670089	0.2442249	0.58350027
0.32458633	0.5023684	0.54490954
0.83658445	0.9011991	0.20195776
0.9493254	0.3655197	-0.44208297
0.6022832	0.5909215	0.25011933
0.47268975	0.12854528	-0.36322126
0.83208513	0.22280055	-0.41386798
0.29870725	0.42166072	0.7398587
0.2321791	0.4759341	0.49912816
0.7824897	0.50429666	-0.28354138
0.99627197	0.075504065	-1.0306746
0.3545314	0.5459107	0.33286166
0.9727364	0.64489883	-0.49235362
0.9897805	0.47293627	-1.5007367
0.026488662	0.6217924	-0.83860785
0.825744	0.918103	0.29415965
0.6107196	0.743693	0.4962181
0.7987024	0.5320599	-0.34723264
0.15342134	0.61922973	0.12708056
0.5376189	0.15887105	-0.594959
0.0963527	0.7311245	-0.071481615
0.5917491	0.08776611	-0.33787334
0.06945884	0.9938836	0.1184728
0.8575923	0.5406	-0.34766147
0.14524919	0.7350853	0.037400942
0.7859649	0.6323199	0.121445455
0.4194638	0.9483198	0.3383822
0.19761717	0.16979325	0.17877135
0.01605469	0.53409225	-1.1282482
0.33802384	0.8397872	0.039482605
0.4137408	0.7956362	0.09341846
0.5060805	0.50781137	-0.20884866
0.9944157	0.9965469	1.3407242
0.88513285	0.7185483	-0.18555082
0.76316893	0.9636993	1.0856884
0.13589102	0.30065215	-0.25279856
0.58206314	0.92809826	-0.09162809
0.6458379	0.24221152	0.50230485
0.2660485	0.55580336	0.48893595
0.026471794	0.38919324	-0.7197422
0.5249674	0.6308814	-0.17281109
0.84897923	0.63413227	-0.34622705
0.9469095	0.97589964	0.9951338
0.8654605	0.71679986	-0.24798875
0.8153997	0.55111676	-0.392775
0.28376275	0.83829224	0.091970354
0.18137914	0.4022426	0.18508257
0.7159914	0.58077365	1.1496303
0.58241385	0.7092884	0.094416335
0.32353908	0.6126671	0.44707364
0.70668405	0.022760987	0.58188933
0.19496	0.7519755	0.30823362
0.8859624	0.6570575	-0.18853441
0.41887057	0.19660807	-0.013290156
0.1733535	0.97602135	-0.19525874
0.71264446	0.4212039	0.7059916
0.27542096	0.96440303	-0.11186597
0.7466382	0.8264945	1.2272769
0.8608423	0.33174163	-0.06723942
0.30881625	0.9434784	-0.15348014
0.6949946	0.65693414	1.5281386
0.066681325	0.1295712	-0.065244555
0.12203115	0.5611761	-0.09278382
0.91046476	0.25660312	0.43944746
0.51359755	0.34725952	-0.43194267
0.33102542	0.16458672	0.7035921
0.5561892	0.9683934	-0.21157165
0.6205473	0.11783141	0.122178845
0.1662432	0.11306083	-0.15253685
0.55702037	0.31603438	-0.43609303
0.96337676	0.9036444	0.7964372
0.90907365	0.83690476	0.17257747
0.9464581	0.79024494	0.28709275
0.39577138	0.14701414	0.18525498
0.39000475	0.6295752	0.025856841
0.25580734	0.7700118	0.22223327
0.31760937	0.30095643	0.7151116
0.85897344	0.7519536	-0.21115959
0.90352786	0.2774483	0.4592292
0.47665042	0.71707714	0.10221882
0.12924153	0.24563593	-0.31181794
0.19155288	0.63976914	0.3052417
0.6490911	0.95181197	0.43508238
0.97141564	0.54595065	-0.8557337
0.637605	0.34283376	0.5451078
0.40119916	0.50558734	-0.06643176
0.94488114	0.6283544	-0.2045725
0.59608215	0.020631611	-0.33558735
0.7409271	0.3404389	0.03810492
0.50001585	0.028091133	-0.67154807
0.3257268	0.57998365	0.45552492
0.03204614	0.9766675	-0.07310613
0.4528237	0.6363366	-0.03181907
0.8071958	0.19985092	-0.60052556
0.9589944	0.53677076	-0.62738585
0.9649785	0.81415665	0.39790457
0.43741792	0.9555169	0.3481084
0.72917974	0.12623376	0.09672364
0.97833776	0.25161225	-1.1060127
0.46217299	0.023881257	-0.3700204
0.20417094	0.80376524	0.20010544
0.26891303	0.26364928	0.6610251
0.08336586	0.24551183	-0.14561892
0.3063423	0.7898914	0.08804545
0.02378565	0.56053114	-0.9438627
0.6481317	0.0028706193	0.48060864
0.5625768	0.8224755	-0.039069057
0.20859885	0.5093948	0.38467392
0.24062407	0.37825292	0.55148566
0.92494744	0.5474969	-0.20733984
0.9591134	0.0512259	-0.09816469
0.6755761	0.18836802	0.5520058
0.9741111	0.3444268	-1.1023016
0.7072324	0.8535031	1.4953151
0.45866984	0.4808643	-0.20885639
0.89452624	0.3821442	0.18268836
0.9909037	0.38301092	-1.6028136
0.56881744	0.7432289	-0.06623216
0.9491242	0.62971276	-0.25705713
0.2824337	0.10146201	0.8669187
0.89272535	0.42451173	0.0385227
0.8635951	0.7659198	-0.16415769
0.2842151	0.92006904	-0.0722746
0.84761274	0.70067257	-0.3065734
0.6051585	0.80966324	0.26564682
0.61071646	0.12454188	-0.016256338
0.63373995	0.7829875	0.83112454
0.43218398	0.5777791	-0.07820581
0.9489263	0.27309138	-0.27207634
0.71693057	0.80874	1.4699383
0.78102195	0.2403155	-0.59564185
0.69277096	0.8606937	1.3980894
0.3230207	0.69323325	0.27717045
0.8426444	0.33500856	-0.32715362
0.47619122	0.4500978	-0.17885193
0.007766962	0.4927606	-1.1090982
0.96122193	0.78082216	0.28154954
0.9183293	0.041700423	0.59118223
0.7043605	0.24621242	0.43774858
0.33883315	0.4572208	0.5515508
0.9589079	0.23140496	-0.43557188
0.3543992	0.099692345	0.6007013
0.07857072	0.943116	0.07162229
0.33900255	0.49982733	0.51749796
0.6460294	0.59461886	1.1135415
0.23883277	0.46476817	0.49013007
0.9296968	0.6028136	-0.1399932
0.47430784	0.579534	-0.057131886
0.026583552	0.603401	-0.8808933
0.5805464	0.99348056	-0.28953645
0.37697834	0.8102648	0.0627307
0.8426883	0.26863933	-0.23876433
0.74624914	0.60129595	0.78431827
0.38021082	0.27001262	0.24070634
0.40858418	0.90915465	0.24133013
0.6868916	0.7150882	1.6562302
0.94817686	0.8970011	0.77829325
0.5619443	0.9240607	-0.17329732
0.12371236	0.9078004	-0.10198962
0.83684236	0.13233835	-0.21589093
0.8572494	0.69574714	-0.2859501
0.016052783	0.1093477	-0.15922914
0.52743834	0.85606956	0.09312133
0.56592447	0.4021526	-0.40202808
0.15647852	0.6278426	0.15702224
0.35384834	0.6694081	0.24729441
0.33277088	0.6908642	0.26164258
0.21438646	0.8784453	0.09454593
0.57166195	0.21377474	-0.46128434
0.21845418	0.116735995	0.39009532
0.22415918	0.34896833	0.41841573
0.97726536	0.6735284	-0.38411108
0.35812253	0.6554724	0.18884525
0.2219553	0.90384054	0.041284908
0.41615045	0.37800252	-0.1384654
0.6785626	0.012195051	0.68711406
0.47890693	0.5995493	-0.065561734
0.31320876	0.5531336	0.5121182
0.27716583	0.0543046	0.83762074
0.52766126	0.8157547	0.049790252
0.6454832	0.22949511	0.49666908
0.9873152	0.47094017	-1.4067354
0.10796356	0.24788928	-0.27501225
0.5908131	0.48390764	-0.041107018
0.6656196	0.2320466	0.6445955
0.55072933	0.5518807	-0.21522456
0.30767643	0.5546626	0.56851953
0.6086562	0.5586046	0.35451296
0.34719652	0.18500221	0.58139515
0.145729	0.9459614	-0.19095033
0.71231514	0.15735114	0.31899747
0.041480303	0.90576065	-0.075548425
0.18459046	0.95206076	-0.13432342
0.65104866	0.9473732	0.5668475
0.44182277	0.3268429	-0.161185
0.1814344	0.031646788	-0.019678043
0.52269304	0.3395741	-0.48828238
0.949194	0.3636986	-0.46157986
0.46961474	0.61349165	-0.0481335
0.39952958	0.66615087	0.03203745
0.9118663	0.77272034	0.15042943
0.5838454	0.2157588	-0.39924088
0.24684817	0.66847426	0.43571773
0.40606946	0.04480076	0.14581758
0.9411477	0.49470186	-0.40985858
0.6462885	0.7349103	1.1306989
0.27191967	0.10705358	0.80481666
0.4349863	0.49092454	-0.17643997
0.8384259	0.45677918	-0.49124476
0.22289294	0.5063674	0.4308156
0.22706753	0.92003554	-0.017847415
0.19442594	0.13711202	0.16929056
0.9520951	0.1591503	-0.045290425
0.36628896	0.9686234	0.08154638
0.86091214	0.6157089	-0.30200654
0.76007986	0.0031375885	-0.11098193
0.63839495	0.49273133	0.8072223
0.1497131	0.58708423	0.11048836
0.8980773	0.08739549	0.5841869
0.8527845	0.093728006	0.09660553
0.016291678	0.45644146	-1.0085198
0.9546372	0.058122396	0.03443059
0.7729275	0.9620081	1.0087292
0.7864883	0.8305196	0.70222515
0.103984356	0.19087243	-0.23789701
0.48881483	0.44240868	-0.26516196
0.08803022	0.637559	-0.17972754
0.8274771	0.22841942	-0.446885
0.16372436	0.08526152	-0.17944132
0.6058097	0.7224881	0.4025381
0.82661533	0.64813435	-0.2138929
0.116476655	0.21106398	-0.32807118
0.89947885	0.9769688	0.41881317
0.21536958	0.9742388	-0.066520415
0.92128634	0.7435377	0.034919534
0.66540015	0.31420553	0.7194578
0.6264441	0.47976094	0.6065349
0.47083265	0.47704387	-0.17885529
0.5904575	0.44050503	-0.093860954
0.47754604	0.8585924	0.26420563
0.465442	0.107991755	-0.30151322
0.41492456	0.7345734	0.031291805
0.5222733	0.44499654	-0.37214857
0.7482855	0.71431696	1.0152049
0.576581	0.36490375	-0.32907924
0.38321197	0.123051226	0.32888517
0.32859987	0.6355489	0.35881147
0.04333216	0.53193134	-0.64094055
0.41206056	0.31382394	-0.00864682
0.67628336	0.69092435	1.518587
0.020687282	0.71621054	-0.7744106
0.18605047	0.047109008	0.06713908
0.37919968	0.9520267	0.12933141
0.6879472	0.54942614	1.3667903
0.69775987	0.82496405	1.4458609
0.57565033	0.53984267	-0.18041438
0.4857242	0.9468151	0.24424745
0.38073987	0.47337747	0.14849612
0.39339554	0.8768798	0.15957743
0.5737194	0.5995391	-0.0899436
0.61942124	0.4325642	0.39737934
0.6094045	0.85215133	0.18705134
0.76130587	0.5243067	0.20091203
0.9720936	0.6443673	-0.47310498
0.102457464	0.6255107	-0.15280578
0.6008759	0.8829791	0.019614778
0.53555006	0.9498035	-0.07360682
0.06119877	0.42015123	-0.3889787
0.64162236	0.7616206	0.917101
0.9191558	0.6841348	-0.06595886
0.61214083	0.37231857	0.1892514
0.90789396	0.7059023	-0.06608511
0.3606776	0.25226718	0.48854223
0.31683224	0.8475796	0.019233454
0.8162604	0.6304582	-0.24294606
0.7527168	0.084524274	-0.22137776
0.6923323	0.49680376	1.1393914
0.30317283	0.72697437	0.23658626
0.89825773	0.07902253	0.5983737
0.0403803	0.89843625	-0.07305134
0.037884414	0.4077294	-0.5781289
0.0055899024	0.66880196	-1.1033691
0.39742512	0.6024306	-0.0324551
0.8207158	0.8357717	0.14281029
0.1963799	0.418302	0.30057204
0.62762153	0.044390023	0.25263157
0.8003062	0.7660279	0.2859776
0.5079198	0.8395446	0.13298407
0.4269153	0.5790328	-0.08897659
0.5605934	0.59921294	-0.14846398
0.8932146	0.79007125	-0.019280208
0.54273903	0.18089563	-0.5993549
0.76691055	0.6688885	0.57865125
0.18893117	0.6437139	0.3391691
0.4790011	0.28606892	-0.2817858
0.18878675	0.004270017	0.10496698
0.86907494	0.64226097	-0.27240542
0.49154812	0.878345	0.27139336
0.27551115	0.4516095	0.5835397
0.33471495	0.7161933	0.1869499
0.7729825	0.9779491	1.0360171
0.16344559	0.97924817	-0.15918139
0.490337	0.028702915	-0.5677502
0.15772861	0.0058274865	-0.17072496
0.18397832	0.7039388	0.28563097
0.13674307	0.80014944	-0.028333446
0.47992647	0.31534737	-0.3146635
0.6785258	0.067756295	0.5827978
0.66892034	0.1849482	0.631703
0.87014025	0.022852182	0.26812428
0.94168425	0.4437973	-0.34502724
0.4145221	0.36128742	-0.1673224
0.6465612	0.6877603	1.1768417
0.15448886	0.86896646	0.008482181
0.060765266	0.8073455	-0.15025686
0.53484184	0.87251705	-0.015056755
0.548277	0.46825886	-0.44069248
0.034703314	0.059311807	0.13878638
0.6319205	0.9692534	0.17274955
0.8782094	0.39087886	-0.0023165867
0.9560757	0.5935432	-0.4415832
0.78996545	0.65875685	0.1487577
0.8260926	0.08205283	-0.39158773
0.9101018	0.13181114	0.6193957
0.7750649	0.5636378	0.095517576
0.0039981008	0.12327582	-0.27496308
0.007318914	0.10782462	-0.25863257
0.8851206	0.0553239	0.4687912
0.4307679	0.08211684	-0.05082842
0.14961022	0.4704255	-0.0052160043
0.684752	0.6735354	1.5561655
0.56679153	0.81764287	0.033215612
0.4866274	0.9697596	0.31862396
0.9788874	0.77660584	0.17153122
0.27674854	0.58790475	0.43668038
0.98381144	0.36877918	-1.4214507
0.49099064	0.23686546	-0.40147632
0.67872715	0.53481704	1.351111
0.0063703656	0.06497055	-0.11602505
0.3412627	0.15141284	0.67395014
0.5388413	0.13177305	-0.67434764
0.5783485	0.72341794	0.0124889035
0.15759164	0.04981911	-0.26307857
0.91033226	0.17714846	0.58672273
0.84944314	0.7544308	-0.25006565
0.32453775	0.88958377	-0.06314851
0.7998431	0.6712282	0.047655445
0.98059434	0.871223	0.70664686
0.5207812	0.5828329	-0.2385487
0.9280671	0.04701656	0.51921505
0.37433177	0.1576584	0.37202364
0.13300002	0.017073393	-0.41700453
0.9218589	0.31665558	0.21935663
0.4378947	0.22291255	-0.15414758
0.7944539	0.5311178	-0.29533148
0.020676196	0.96610826	-0.21341896
0.9053426	0.3627951	0.23243575
0.6438969	0.9214023	0.5837687
0.65348864	0.30360842	0.67764175
0.42375016	0.38149315	-0.1920556
0.882891	0.5931043	-0.22141051
0.6214114	0.37768453	0.37695783
0.042721212	0.3143527	-0.35453448
0.6311729	0.097786844	0.2051145
0.21742779	0.13353932	0.3836763
0.016502738	0.68062395	-0.96539134
0.8046567	0.54161364	-0.373807
0.43048513	0.08278763	-0.10248401
0.9358682	0.36998564	-0.13195127
0.790679	0.84761065	0.62145483
0.45117712	0.1643936	-0.12910265
0.5294592	0.44007093	-0.42874017
0.19290304	0.94573396	-0.061893012
0.019224882	0.63722605	-0.92447126
0.42107773	0.24765104	-0.055946562
0.74314404	0.03660983	0.030744117
0.78376806	0.8953179	0.8652706
0.5853198	0.9724399	-0.21036221
0.9420306	0.6944332	0.039383136
0.9916114	0.23616898	-1.4098281
0.29107195	0.4583596	0.6224299
0.78620833	0.75228864	0.5168804
0.7180256	0.31271923	0.2704056
0.8126966	0.30450648	-0.6635754
0.7057562	0.6240205	1.3866807
0.5940485	0.12374967	-0.26030812
0.30905396	0.17635143	0.7519438
0.46439737	0.29364496	-0.25615454
0.063078165	0.081388235	0.049408328
0.98629075	0.12111485	-0.9372552
0.55033976	0.9379475	-0.10875874
0.009757996	0.34871	-0.96012324
0.5963993	0.693122	0.2319982
0.014306724	0.6647714	-0.9797853
0.3546905	0.47564542	0.352596
0.04009992	0.21311784	-0.12864718
0.04724264	0.29075968	-0.30331218
0.71191764	0.5169994	1.0105544
0.5787653	0.32300055	-0.30132213
0.6830884	0.5298386	1.3140776
0.80905396	0.5096262	-0.48683
0.5675226	0.4198948	-0.34644085
0.20495242	0.8866654	0.12228592
0.8480546	0.9282543	0.1268538
0.20501024	0.35076797	0.31355157
0.30341172	0.6941504	0.26516977
0.44199073	0.95208067	0.33658203
0.18840122	0.8511478	0.06996524
0.18046135	0.38658315	0.13496637
0.8955597	0.34259856	0.25328645
0.72833514	0.82054764	1.4193846
0.83188814	0.2622193	-0.36763868
0.5635514	0.33822006	-0.41422433
0.05481714	0.526862	-0.5285852
0.6698533	0.535906	1.2729856
0.102773845	0.7843017	-0.027795857
0.5758048	0.03181702	-0.6066961
0.23150581	0.8295629	0.19460234
0.87575305	0.062704384	0.40393186
0.26521218	0.84014124	0.0510184
0.16434044	0.48470038	0.08852103
0.3467856	0.7559187	0.085036784
0.4489212	0.17051005	-0.2747234
0.8796446	0.42385173	0.013180822
0.41947138	0.34051847	-0.10153835
0.19794911	0.75133413	0.2989879
0.42301035	0.8952087	0.26731092
0.75194824	0.16139841	-0.36498508
0.76586086	0.43648177	-0.20229714
0.33888978	0.7244295	0.16390106
0.9416528	0.64366686	-0.13731533
0.0027195215	0.23096722	-0.72860134
0.23704797	0.010737777	0.7713548
0.8690965	0.845822	-0.03714913
0.18975812	0.094145834	0.07483802
0.080627024	0.05953592	-0.065735474
0.88126785	0.008529365	0.4108893
0.6817677	0.2214585	0.608398
0.7846389	0.48935276	-0.35459626
0.39772308	0.722141	-0.040488437
0.61996347	0.8143554	0.52198404
0.44082403	0.37807763	-0.16834255
0.786702	0.29821432	-0.6740108
0.32154328	0.7256594	0.16385078
0.82317007	0.7280214	-0.09417358
0.61097646	0.9723539	-0.12452306
0.29676092	0.79358405	0.08520836
0.9676323	0.025004089	-0.24409123
0.5785016	0.9078021	-0.10651954
0.5259398	0.708252	-0.011441728
0.13832021	0.1279046	-0.34638053
0.23315191	0.8793643	0.10076443
0.10220915	0.11369628	-0.31001404
0.37736875	0.83572096	0.030193076
0.4337603	0.8848395	0.25616333
0.22142142	0.60115635	0.44845954
0.00920409	0.7172858	-0.9622685
0.53269166	0.49770933	-0.31861806
0.74898684	0.18591535	-0.2585717
0.96052164	0.17533368	-0.40063918
0.12749213	0.025149226	-0.39307788
0.56173545	0.9471269	-0.20104259
0.59414816	0.5854028	0.16043203
0.1752038	0.18710518	-0.091614805
0.18692178	0.4131152	0.262609
0.18058401	0.6169604	0.34572887
0.35783476	0.3747778	0.4616074
0.9972038	0.598921	-1.1149791
0.2643373	0.5941675	0.44658133
0.093233824	0.74333495	-0.08677013
0.7086186	0.28813422	0.39287776
0.967691	0.4217525	-0.9869957
0.21544975	0.8293561	0.27145427
0.34383005	0.87338275	-0.01444605
0.23873794	0.32360548	0.47872886
0.80542165	0.6053197	-0.14691706
0.4459964	0.52087593	-0.13561907
0.04865241	0.72584945	-0.3593121
0.072680235	0.1637615	-0.039157808
0.15603334	0.6395899	0.12949316
0.5754852	0.4516092	-0.25366545
0.9966978	0.82269007	0.24347946
0.08537191	0.35785925	-0.22688054
0.23896855	0.419899	0.4979537
0.107533336	0.98063433	-0.034185268
0.22350496	0.68543774	0.36243767
0.15901655	0.933127	-0.1238681
0.31115526	0.02014631	0.78115255
0.20049655	0.3225928	0.17648533
0.8204074	0.02011484	-0.4075412
0.57929695	0.5916568	-0.03533671
0.23645014	0.32023656	0.5402109
0.7652361	0.30150396	-0.4703953
0.40823585	0.037295043	0.035432488
0.028629899	0.4403999	-0.79668605
0.9476447	0.6109671	-0.30257007
0.11269939	0.27293128	-0.27138862
0.6855738	0.06406832	0.63183755
0.35040337	0.5636021	0.32377997
0.40866572	0.8692608	0.12951916
0.1935975	0.17526978	0.14162742
0.98269707	0.78045714	0.13453051
0.050878704	0.57940745	-0.53498536
0.70307744	0.08244485	0.48406318
0.23770672	0.76803374	0.33085895
0.111196876	0.10994011	-0.34657148
0.3985992	0.274055	0.15234262
0.32676715	0.91692454	-0.054552298
0.36331975	0.83635545	0.043611977
0.20082492	0.7978793	0.24707517
0.22005802	0.81483704	0.2329652
0.0070209503	0.97866017	-0.46910244
0.20290774	0.25765514	0.20484395
0.14449275	0.08574104	-0.35997847
0.74869484	0.36151904	-0.08598063
0.19876891	0.19659585	0.2001586
0.7079843	0.2883128	0.41124988
0.30422628	0.29569393	0.7842158
0.7106486	0.3922826	0.6631705
0.014490128	0.21730459	-0.47073984
0.6532593	0.05398327	0.54934955
0.79986256	0.33620083	-0.7236224
0.50388193	0.05369997	-0.5835362
0.059007347	0.2991342	-0.32855308
0.3982697	0.6866558	0.027634015
0.71492183	0.19515681	0.23797828
0.98899853	0.41764802	-1.5311456
0.1692369	0.0040774345	-0.16061735
0.3036636	0.1844486	0.76477337
0.3274703	0.33956987	0.64726406
0.10727364	0.79729617	-0.0045987144
0.15546829	0.28867537	-0.082535245
0.018606842	0.4964413	-1.0289874
0.247563	0.8053525	0.1613279
0.75892586	0.76781654	1.0506976
0.34383208	0.62735623	0.2924199
0.14136708	0.66052884	0.050668225
0.05950564	0.21071559	-0.11687707
0.5960745	0.08737165	-0.23024482
0.28301734	0.290007	0.6893273
0.7387849	0.4786033	0.36351633
0.49092853	0.60663944	-0.026609614
0.26145756	0.25416613	0.6662653
0.8388447	0.8169252	-0.07124585
0.2132178	0.7702364	0.27159393
0.9606588	0.10111272	-0.1517902
0.14901918	0.027157009	-0.33811828
0.5808439	0.8915295	-0.07293013
0.49631554	0.4176764	-0.29774672
0.32733774	0.50303805	0.55641603
0.65102273	0.9140558	0.72933865
0.25343835	0.8391954	0.16624889
0.12558794	0.8290306	-0.022541918
0.5330552	0.88751173	-0.009594753
0.06373274	0.056490004	0.049652215
0.45031857	0.59233475	-0.04183288
0.54284227	0.58743304	-0.22390653
0.9262773	0.08259553	0.54405683
0.32938153	0.9064222	-0.045684576
0.6953405	0.18644124	0.487794
0.45848775	0.44978905	-0.24711117
0.028149128	0.95551056	-0.19832534
0.40211892	0.94154775	0.20926452
0.5149545	0.26557523	-0.42863658
0.63663954	0.046213448	0.2897852
0.893389	0.46341842	-0.025618901
0.91498286	0.45495433	-0.018812366
0.92585045	0.61501783	-0.16250342
0.6277202	0.7978491	0.7127076
0.79952544	0.44535697	-0.5318055
0.58528936	0.5126214	-0.07826233
0.9445841	0.010220766	0.23490885
0.7185906	0.70209944	1.4014715
0.99247587	0.35919267	-1.6774385
0.58538103	0.55077994	-0.017203864
0.59511226	0.60374075	0.1481576
0.4838413	0.64431477	-0.0045868685
0.64525235	0.9378544	0.49685785
0.4106481	0.9142649	0.2521066
0.7751141	0.65232337	0.3758294
0.5895587	0.63021314	0.08248222
0.6185038	0.22450024	0.08256273
0.35901672	0.5196496	0.25897017
0.66696596	0.73761034	1.3948146
0.77134717	0.14796609	-0.48698556
0.73732054	0.49254268	0.49592346
0.11780709	0.7221956	-0.02975752
0.03849101	0.94811934	-0.072400264
0.22002017	0.13912684	0.41154364
0.47534436	0.2387147	-0.33511922
0.3838855	0.41324252	0.17557618
0.20740789	0.69510895	0.3535416
0.27636206	0.7803282	0.1982113
0.9911182	0.2773291	-1.484815
0.3005318	0.88377166	-0.058214754
0.9482686	0.5972204	-0.36249244
0.88506764	0.7111393	-0.17770305
0.18866038	0.44975346	0.28157446
0.020365298	0.9379421	-0.21904245
0.33581007	0.08623719	0.67240834
0.93437845	0.35734826	-0.14047731
0.22573954	0.18934971	0.43019897
0.37085754	0.21295547	0.4373236
0.44267374	0.47819406	-0.2433222
0.9924006	0.75066245	-0.18823703
0.75352675	0.15688652	-0.26443917
0.016373098	0.33834112	-0.8376031
0.3679784	0.77659327	0.048115797
0.8455639	0.09747553	-0.082386434
0.44413596	0.4263754	-0.21331654
0.53032416	0.7182017	-0.058419935
0.04883957	0.44430763	-0.57865435
0.8946261	0.905559	0.15037315
0.7449955	0.016945124	0.06834056
0.7552381	0.83937764	1.2079035
0.27094638	0.88354766	0.032222793
0.3426748	0.702799	0.2057155
0.05742842	0.7016114	-0.3289194
0.7272175	0.45974386	0.5661618
0.25636107	0.37091517	0.67415595
0.7078291	0.119053066	0.3988407
0.9727215	0.036868572	-0.35088685
0.50896543	0.69079256	0.023800284
0.040689528	0.44073075	-0.60197836
0.40977418	0.096933424	0.08416624
0.19661629	0.47016668	0.27258435
0.08953887	0.6418867	-0.1543344
0.2962612	0.45120645	0.6183355
0.8819029	0.80214083	-0.14275454
0.058455586	0.24117118	-0.15640348
0.63444215	0.5803436	0.91048187
0.053578675	0.25996602	-0.200267
0.47901428	0.23367316	-0.2960211
0.9765037	0.55187213	-0.9153981
0.75637555	0.56228167	0.3815322
0.4320712	0.1070621	-0.060630027
0.927458	0.23155195	0.28411096
0.06347245	0.6319605	-0.3494226
0.4986611	0.65562713	-0.009731593
0.3604892	0.35504007	0.43311113
0.46215343	0.42256188	-0.267651
0.55064356	0.96804047	-0.14734033
0.72150177	0.101733685	0.26009533
0.94996804	0.48923212	-0.48650396
0.72871995	0.66758865	1.2473377
0.571502	0.9870702	-0.24523643
0.57920986	0.6400982	-0.023882719
0.030287564	0.6331025	-0.77489346
0.96438885	0.35539603	-0.8543867
0.7099512	0.056144655	0.4768811
0.60278803	0.37003338	0.009216551
0.32988542	0.71283036	0.18754508
0.7380869	0.8834624	1.3202844
0.56391495	0.31433356	-0.45336613
0.27904707	0.9788293	-0.20487365
0.7255321	0.6836919	1.2956513
0.18743867	0.87432396	0.12718193
0.2862311	0.061971903	0.8185878
0.75894386	0.1378333	-0.3751474
0.11348724	0.66187763	-0.029543884
0.91731113	0.47116423	-0.056437634
0.7989696	0.6668194	0.053900704
0.029917657	0.6229679	-0.7783111
0.23304951	0.41038096	0.49237415
0.5679006	0.18438369	-0.5739045
0.22059965	0.21376216	0.36545044
0.39566272	0.12866974	0.22302242
0.8948632	0.35333306	0.23933095
0.42036867	0.21790397	-0.09424788
0.7073168	0.87891555	1.4368783
0.84859204	0.04603654	-0.034952868
0.047757864	0.09227073	0.09248899
0.3062141	0.645361	0.35547835
0.46505123	0.32529825	-0.32550925
0.117305994	0.91952753	-0.14722209
0.9155781	0.46713084	-0.017238889
0.71067494	0.9094137	1.3613601
0.7427073	0.49412513	0.3472676
0.5418594	0.45550048	-0.41274902
0.24482197	0.5337402	0.53218496
0.07753801	0.8214268	-0.012764953
0.32997936	0.6862667	0.23141743
0.95836097	0.4349457	-0.75586784
0.9358399	0.022562087	0.39797392
0.09552568	0.77129465	-0.027227925
0.5483625	0.4140547	-0.4252547
0.576657	0.38879627	-0.2624301
0.980397	0.39398277	-1.3346537
0.067786574	0.96528465	0.12108739
0.28270018	0.94481313	-0.14127214
0.38663948	0.35814077	0.19323716
0.4867915	0.10817671	-0.4402707
0.0046919584	0.06495023	-0.11433639
0.99943316	0.10399324	-1.146451
0.7936874	0.6744658	0.18148544
0.6084295	0.09874451	-0.09515785
0.3146631	0.6396952	0.43501785
0.105486214	0.0130390525	-0.24264619
0.51405436	0.8762706	0.11879188
0.17215699	0.51507217	0.13863392
0.50479287	0.20365828	-0.50195336
0.43075788	0.03992337	-0.10050257
0.76691943	0.8095121	0.9068632
0.0012475252	0.9085232	-0.63483894
0.42290765	0.42744428	-0.16666697
0.14944899	0.36841303	-0.09058064
0.99674445	0.66594404	-0.7746866
0.25011766	0.18311226	0.60895455
0.4355113	0.08527434	-0.121044345
0.16056514	0.34881622	-0.034835674
0.42892802	0.3465268	-0.18195352
0.51953214	0.012156248	-0.8127874
0.7125238	0.11739266	0.35909858
0.11903757	0.19356847	-0.31482485
0.66258454	0.79802096	1.2718214
0.42504847	0.33194774	-0.1813011
0.5150504	0.5966177	-0.1744584
0.28695613	0.08383447	0.8856911
0.84432197	0.2519039	-0.21346611
0.3829764	0.11884302	0.31840366
0.8798065	0.9313907	0.0752364
0.054416955	0.97935677	0.1340451
0.79366845	0.82795286	0.5688526
0.51532197	0.7931718	0.060967717
0.34884655	0.5750799	0.33363402
0.39012754	0.62780106	-0.018432464
0.61945724	0.010968864	0.030589033
0.28575808	0.47747642	0.64574075
0.68481195	0.47437692	1.1425276
0.532218	0.25956082	-0.5216565
0.6075569	0.43529367	0.2013298
0.5703203	0.22057456	-0.45406187
0.78451055	0.21320432	-0.56314194
0.84325874	0.1513372	-0.10881487
0.997613	0.2507065	-1.6250622
0.874402	0.18765986	0.3368121
0.6882628	0.28055716	0.6180037
0.47768396	0.56027216	-0.10728513
0.06482154	0.6662723	-0.29025182
0.6304983	0.3442667	0.48014197
0.9116939	0.6321227	-0.10217065
0.18249834	0.6945164	0.29152536
0.89336777	0.9662185	0.29930213
0.035688043	0.92969984	-0.116752
0.8947015	0.06502384	0.57956785
0.20290375	0.43315238	0.35401207
0.3553182	0.9244174	0.014591039
0.5610275	0.5484119	-0.25978944
0.8473392	0.85640734	-0.07366219
0.773792	0.94986635	1.0357023
0.2935769	0.81132835	0.16382831
0.20276493	0.49791604	0.32588857
0.95102715	0.76056725	0.16140844
0.051727355	0.25956982	-0.22804508
0.98887885	0.15967637	-1.1163445
0.92209584	0.55369204	-0.15049511
0.525855	0.28630042	-0.45303905
0.72191054	0.24120176	0.1294034
0.39566922	0.95048684	0.2225114
0.72833914	0.06915212	0.19821791
0.13307297	0.5374127	-0.017238148
0.3275649	0.7511427	0.18484814
0.55858994	0.91677713	-0.097462416
0.39054072	0.76595813	-0.007085271
0.36366796	0.83252794	0.020302018
0.5660091	0.62169	-0.16669999
0.4158905	0.6123218	-0.050207496
0.14757663	0.53199834	0.10287152
0.86604095	0.4527821	-0.20417728
0.40689135	0.45750564	-0.0122671835
0.9023306	0.25726616	0.44636163
0.024599016	0.58741933	-0.8637403
0.31666374	0.015677214	0.8111147
0.33263808	0.7657677	0.15797843
0.5564278	0.221192	-0.57124573
0.9724105	0.014941156	-0.33797324
0.061766565	0.33865714	-0.2446487
0.07843876	0.19875401	-0.19141458
0.32709557	0.1764571	0.72631544
0.9417713	0.7819769	0.29768246
0.5282839	0.8871401	0.024388097
0.09497398	0.45629805	-0.21299896
0.122220516	0.4287693	-0.12000169
0.07600355	0.6605127	-0.22337583
0.6884255	0.093409	0.52918214
0.76035357	0.29200345	-0.39005777
0.2812174	0.30764443	0.7267515
0.14411002	0.3672306	-0.10324923
0.5699953	0.56772166	-0.14231953
0.93346363	0.6513364	-0.058102764
0.27085465	0.65224963	0.34337115
0.49165517	0.77959085	0.27663735
0.39705235	0.886822	0.17835553
0.8469804	0.91104716	0.06963809
0.4172396	0.36753738	-0.11828296
0.8512871	0.8850348	-0.048032828
0.6393487	0.9407855	0.40239793
0.23532808	0.2465508	0.49962062
0.26644278	0.18361825	0.7478205
0.16516554	0.9228733	-0.11396611
0.3992365	0.064543724	0.1643105
0.16885388	0.1371736	-0.20542182
0.2560379	0.97681797	-0.12252183
0.5823263	0.28373837	-0.34746256
0.10027331	0.21028632	-0.2619944
0.1464712	0.7836748	0.004547257
0.7379393	0.6781137	1.1281363
0.9035227	0.8876037	0.18865535
0.912347	0.06600505	0.62400097
0.0009070635	0.2322172	-0.7607347
0.21445245	0.396223	0.3708435
0.6687244	0.2653677	0.6173606
0.7578843	0.12006068	-0.28707036
0.600099	0.10158181	-0.21215631
0.38255852	0.9873412	0.14006133
0.96821946	0.72940874	-0.045798145
0.07819456	0.17079645	-0.10583682
0.116830826	0.28337747	-0.2601506
0.9450955	0.93518984	0.9061244
0.8077474	0.34498292	-0.6465383
0.86456835	0.027897418	0.24283114
0.1286354	0.1309706	-0.36495602
0.8324316	0.6013231	-0.38698313
0.90324455	0.14488882	0.6550343
0.92786497	0.44318265	-0.14155564
0.5207075	0.34540224	-0.44355068
0.17614675	0.64581424	0.2827954
0.40598357	0.011602998	0.13579808
0.35850483	0.4353037	0.3528177
0.682771	0.8359539	1.3500414
0.44927013	0.45896357	-0.21915165
0.3800676	0.21174204	0.31754917
0.08206695	0.61621785	-0.22970054
0.8204445	0.16865861	-0.487111
0.6601245	0.6627279	1.3755655
0.32841563	0.78054166	0.13426194
0.98909855	0.607833	-0.957254
0.9213967	0.11419892	0.57596517
0.73610944	0.54970163	0.8088266
0.08683032	0.21662807	-0.1815439
0.10893738	0.9545165	0.004305452
0.47876167	0.9541348	0.34548032
0.5285768	0.6366918	-0.14836776
0.19035822	0.3821708	0.20657521
0.8707185	0.6604179	-0.28712496
0.1094957	0.37818372	-0.23328716
0.877103	0.08111411	0.47525105
0.74484146	0.21586359	-0.2006205
0.106000066	0.91419995	-0.022116784
0.14292926	0.89745677	-0.056237664
0.3461725	0.476169	0.45538962
0.09044856	0.75199974	-0.081099
0.031265438	0.5019459	-0.79877687
0.8089503	0.21188039	-0.61934245
0.20758069	0.5996629	0.42690676
0.017112851	0.27864832	-0.6415147
0.46408623	0.82685924	0.22261843
0.908574	0.20029962	0.5573528
0.99334455	0.8557125	0.41908473
0.2749986	0.5537904	0.49188042
0.8957588	0.13844043	0.6264587
0.67905074	0.2467696	0.63304013
0.8657736	0.61348397	-0.30982047
0.8535448	0.3261431	-0.21715918
0.19926399	0.33121157	0.21438056
0.56693834	0.24993283	-0.4231731
0.68697566	0.005246103	0.67800933
0.18484181	0.0971365	0.06848326
0.0022461414	0.07502478	-0.17560638
0.9285782	0.053013504	0.43351805
0.37997526	0.64735764	0.11584008
0.9085799	0.34349704	0.23927498
0.8038641	0.56971556	-0.26413414
0.6493972	0.6626734	1.2503281
0.5511721	0.94296575	-0.13608192
0.33299595	0.026890814	0.7171049
0.7119186	0.11945218	0.34542745
0.61417234	0.7593771	0.5718869
0.17913848	0.21068573	0.0029611755
0.35967052	0.035516918	0.47466627
0.9233985	0.8592917	0.33976912
0.76610965	0.37709683	-0.34214807
0.03296262	0.90655696	-0.1637357
0.9951204	0.34024227	-1.6862699
0.29453486	0.79119736	0.13164814
0.46998227	0.010496259	-0.46837938
0.35187334	0.13003016	0.5455502
0.47814214	0.5537587	-0.13540317
0.9956917	0.4286344	-1.6720691
0.177472	0.39686674	0.1135392
0.97313696	0.9113583	0.95817506
0.6173558	0.41530544	0.356032
0.14284217	0.45363218	-0.00011077523
0.55629635	0.9102062	-0.0018680543
0.43103826	0.67719525	0.0007920619
0.45246702	0.046509027	-0.25381833
0.17468089	0.98366696	-0.18585351
0.094674826	0.19603401	-0.23999423
0.6369741	0.7474985	0.953301
0.2917019	0.8109097	0.09674156
0.38063514	0.04127294	0.32287586
0.6327438	0.40396923	0.58932006
0.68109125	0.63260376	1.4783937
0.752976	0.06133634	-0.16773522
0.54698825	0.9167533	-0.09151895
0.034587502	0.9556412	-0.07761271
0.09908724	0.7832347	-0.06407045
0.77259696	0.9781801	1.060377
0.8222431	0.29833746	-0.553954
0.736032	0.5748636	0.76773673
0.047481894	0.25361538	-0.2193176
0.6801262	0.32463068	0.7344881
0.8256006	0.2970994	-0.5794868
0.7853354	0.13611674	-0.539845
0.17708302	0.027620673	-0.090773106
0.37614477	0.05759263	0.3889159
0.28721178	0.38773745	0.68842405
0.9759182	0.37726772	-1.1815597
0.41776544	0.4370895	-0.09775316
0.2116136	0.5306045	0.38150734
0.30198252	0.4931345	0.5645509
0.5633239	0.9760842	-0.17870818
0.89030063	0.4121151	0.1004276
0.7173696	0.62740993	1.312197
0.9389317	0.8263934	0.42463246
0.47228903	0.080892324	-0.38818562
0.8343104	0.90436876	0.10302206
0.22586906	0.44022894	0.44276208
0.8590299	0.021343172	0.1497808
0.08844727	0.6613236	-0.1537718
0.340769	0.036500752	0.6255166
0.014384389	0.34274793	-0.7763458
0.7945338	0.5796949	-0.16189638
0.5824152	0.3725193	-0.28064796
0.8299169	0.9050083	0.24595703
0.26062018	0.81143785	0.17675285
0.46371603	0.5682227	-0.10668211
0.3975709	0.29456037	0.17979324
0.59148395	0.039119124	-0.4503316
0.8112603	0.6410438	-0.11258068
0.39196348	0.8559525	0.13815315
0.2736138	0.14846593	0.7944178
0.87197095	0.84713423	-0.054983333
0.24492031	0.3111496	0.5255556
0.61746925	0.9221837	0.14617471
0.41414893	0.8710398	0.17616585
0.20205683	0.0024439692	0.34864625
0.8164456	0.9045523	0.3238539
0.75167143	0.14377439	-0.27213383
0.78437036	0.21998447	-0.6283156
0.71312255	0.52385116	1.0214545
0.9885046	0.7344187	-0.21974424
0.7816472	0.29757267	-0.649598
0.98487025	0.89117575	0.79695517
0.7037715	0.8124766	1.554601
0.6490433	0.08584446	0.44947082
0.8465402	0.75844455	-0.19724892
0.5205085	0.03906077	-0.7276271
0.16933858	0.5363361	0.15500413
0.67033005	0.69779396	1.5178505
0.7955288	0.44670516	-0.53396726
0.6223451	0.5987745	0.7000492
0.46971774	0.7860997	0.20769113
0.68210363	0.59568095	1.447842
0.1762768	0.21809846	-0.093253165
0.71839976	0.2417444	0.24822772
0.40128034	0.8702422	0.18672748
0.80921924	0.5896312	-0.27895573
0.97216135	0.3785845	-1.1382915
0.09965485	0.7388197	-0.040839277
0.11620468	0.104136944	-0.32317826
0.5790259	0.038229823	-0.54818547
0.5697642	0.65341455	-0.018355787
0.017101109	0.07104015	-0.05100141
0.26518387	0.63769436	0.43265018
0.65006566	0.9271735	0.65436673
0.97487396	0.5242584	-0.96776944
0.54764766	0.29397768	-0.5331364
0.30774748	0.93775666	-0.1423262
0.34287524	0.35824764	0.59656566
0.37222385	0.14142114	0.41287878
0.81746197	0.109939694	-0.4346442
0.8117811	0.60613	-0.23733987
0.82667637	0.08916211	-0.3260641
0.3861336	0.30399245	0.24676263
0.5475053	0.7156751	-0.09861082
0.15484881	0.11688739	-0.29366207
0.3552416	0.18340528	0.55503774
0.6005545	0.30860138	-0.033990763
0.94433004	0.56168723	-0.31973195
0.9965784	0.2175017	-1.4841907
0.17933178	0.15350157	-0.08261229
0.59665596	0.10226858	-0.24130258
0.7180757	0.7290459	1.4598194
0.44469887	0.8949855	0.2288048
0.49086124	0.6465637	-0.020208253
0.55138385	0.7721991	-0.040175483
0.22207963	0.44338572	0.4686841
0.20484978	0.48098153	0.38276416
0.86572254	0.05689925	0.26935643
0.3310123	0.9061873	-0.040439848
0.6199141	0.12151128	0.17334709
0.5396576	0.54911894	-0.2963273
0.6347909	0.20549661	0.31321004
0.9164947	0.94801337	0.55558246
0.03363806	0.56812227	-0.7836416
0.21791768	0.027357817	0.53029794
0.79269624	0.11175299	-0.5834091
0.30976713	0.013948739	0.78311664
0.9808766	0.91165984	0.8574064
0.12904882	0.5090772	-0.0661425
0.30084497	0.60213506	0.44899857
0.8214066	0.26056325	-0.5350001
0.38644934	0.063150406	0.31275257
0.9985203	0.26429403	-1.6134562
0.7238569	0.7789191	1.4611148
0.29744303	0.06989074	0.88936996
0.28783315	0.5722074	0.518002
0.6055488	0.8200988	0.2831515
0.9148038	0.09037554	0.5792985
0.12926191	0.16506684	-0.33918566
0.7081938	0.26918906	0.40931422
0.49459523	0.553158	-0.18184438
0.16311997	0.16824734	-0.21641023
0.8469951	0.2087704	-0.04629831
0.33466542	0.8620846	-0.052401524
0.71730554	0.3405729	0.37584582
0.4957553	0.4663002	-0.33521354
0.07894188	0.09452069	-0.07895407
0.5790018	0.36559808	-0.270558
0.57949764	0.19363636	-0.41194227
0.93009424	0.11044574	0.4404061
0.5148306	0.3281954	-0.43178648
0.22783631	0.14525396	0.5311218
0.6206616	0.37790304	0.33719236
0.73160416	0.4146303	0.39450184
0.04206246	0.839148	-0.18219736
0.23102582	0.7658354	0.27199754
0.07502657	0.21102601	-0.1639915
0.45976406	0.5201657	-0.19090533
0.6673375	0.19498664	0.5266708
0.42684293	0.27733725	-0.11341847
0.2678827	0.16897476	0.7380828
0.18660969	0.015141547	0.14528796
0.4765873	0.24219322	-0.3610002
0.8396981	0.93590826	0.27198368
0.05843556	0.41879654	-0.42931354
0.03973788	0.8659695	-0.14201689
0.86780226	0.34511936	0.0052710334
0.5838125	0.9189056	-0.14034113
0.9067388	0.7801005	-0.011631709
0.21652538	0.6999379	0.38002926
0.6764664	0.3342319	0.7238
0.4353593	0.56438977	-0.14029852
0.055175424	0.45526016	-0.49079952
0.7643389	0.046175003	-0.24632856
0.06473023	0.6413875	-0.35357612
0.971705	0.7119717	-0.1575395
0.13702357	0.89829016	-0.0654738
0.2996329	0.59900826	0.4893686
0.87418264	0.74438095	-0.21201746
0.55974776	0.87504476	-0.07705364
0.28050548	0.1113714	0.8114798
0.7979399	0.9636034	0.75728405
0.41096848	0.11016959	0.13096124
0.8878512	0.068562746	0.55599374
0.5812457	0.93696934	-0.1579201
0.04273528	0.04625696	0.16670091
0.68872255	0.049794197	0.6597682
0.6195102	0.99491847	-0.09885586
0.78499395	0.35211343	-0.5560957
0.09079528	0.9926337	0.05360622
0.21712857	0.36422837	0.39713073
0.11991131	0.4815666	-0.13568613
0.37939882	0.9003914	0.100786775
0.9283151	0.5624403	-0.19494851
0.21997052	0.8298302	0.19056943
0.3232863	0.8327474	0.006953979
0.9158048	0.24933106	0.40419105
0.42005485	0.97068006	0.3053154
0.589621	0.10369557	-0.34535998
0.95142215	0.8203601	0.49578255
0.69603246	0.4078923	0.83860916
0.8129299	0.6547705	-0.10727384
0.11724317	0.19093955	-0.35040125
0.18008775	0.07083219	-0.044109896
0.15701175	0.20172429	-0.22096781
0.8404121	0.9574249	0.22650532
0.646487	0.11218792	0.41110688
0.5914194	0.79178405	0.14924906
0.1355651	0.30927956	-0.18687466
0.50539047	0.5331252	-0.22754963
0.051030517	0.865703	-0.028261214
0.52846664	0.04048747	-0.7899943
0.1279149	0.38403767	-0.16871738
0.6331691	0.34566176	0.49596983
0.2775436	0.70040303	0.33024672
0.3240081	0.9050985	-0.027193617
0.69972277	0.114803135	0.49402523
0.056893885	0.5743737	-0.47848606
0.9559735	0.89743537	0.8038252
0.016525984	0.9103999	-0.36317062
0.16119808	0.15857905	-0.16124852
0.8880232	0.28279442	0.31541887
0.785491	0.63086236	0.11217283
0.85261506	0.13672847	0.019602671
0.57486105	0.058243334	-0.6136373
0.26230383	0.94424015	-0.09106293
0.3596456	0.7805924	0.039707653
0.8359939	0.56573606	-0.45187032
0.8686901	0.7409701	-0.23708451
0.31504208	0.66994315	0.3111772
0.44337523	0.75135976	0.16255222
0.34983897	0.21182156	0.5467609
0.7163196	0.17851526	0.23112686
0.49806112	0.5306321	-0.23012626
0.99577457	0.32223326	-1.7216259
0.5446991	0.6988132	-0.08179877
0.9561206	0.6763738	-0.19164503
0.6191272	0.4017809	0.32828426
0.7376949	0.07502186	0.042728487
0.033238888	0.058354616	0.112856336
0.4984045	0.18618917	-0.44991875
0.012779236	0.41971827	-1.019951
0.9666592	0.1339497	-0.42492995
0.29111826	0.6913765	0.28587627
0.9722503	0.3039413	-0.9820833
0.2265234	0.07117748	0.56574404
0.029486835	0.78637064	-0.50306696
0.014316142	0.99702656	-0.33369148
0.7890522	0.84750116	0.691682
0.8352772	0.27674282	-0.3104849
0.9596574	0.29009205	-0.55153596
0.4461791	0.39857405	-0.25819466
0.23493987	0.7530835	0.29879254
0.7224058	0.114361346	0.2161973
0.970301	0.19344038	-0.61837137
0.41414243	0.16900724	-0.014446035
0.33336002	0.22033787	0.7592128
0.17813665	0.7547128	0.21449411
0.5597126	0.4004466	-0.36806032
0.926453	0.28180254	0.22992858
0.99136376	0.5941752	-1.0752873
0.04850483	0.80979365	-0.24306363
0.56678426	0.8081989	-0.06837844
0.24527133	0.9078695	0.012293559
0.90418106	0.17023242	0.6209428
0.9766627	0.6916076	-0.35010037
0.22720128	0.35107988	0.4891188
0.05023563	0.41442728	-0.4760662
0.24146193	0.8693591	0.09039913
0.8151484	0.17060786	-0.5692454
0.84084433	0.1856947	-0.25908035
0.1825751	0.04088962	-0.03312083
0.3345579	0.7580405	0.092454664
0.54819417	0.48734993	-0.35105124
0.9949148	0.45892996	-1.655817
0.46452826	0.8519228	0.283532
0.069808125	0.11079496	0.0073235277
0.50004154	0.10893655	-0.5660203
0.5544555	0.84196806	-0.041093208
0.34014785	0.3539548	0.60589194
0.3394876	0.898122	-0.056360528
0.47481275	0.8889562	0.3132373
0.9631455	0.32864106	-0.7365246
0.85741377	0.2930994	-0.021411385
0.53991294	0.6983496	-0.09615697
0.409585	0.7742297	0.07122419
0.73180014	0.6361249	1.0269798
0.38179576	0.031636417	0.37682924
0.020875871	0.24430412	-0.41600195
0.6657468	0.67281276	1.4534531
0.8312332	0.8478439	0.04586713
0.029889941	0.6294403	-0.8252524
0.6430793	0.14521241	0.3477396
0.40014857	0.084374726	0.19151704
0.7040841	0.8234167	1.5539714
0.6801726	0.23793852	0.639679
0.8971621	0.76212823	-0.06393347
0.87832946	0.013860345	0.4003972
0.6928924	0.057764053	0.5154945
0.7225112	0.3845697	0.449108
0.686481	0.104408026	0.5478716
0.42522496	0.21937352	-0.056950666
0.6409578	0.31579792	0.5478904
0.5315039	0.108810425	-0.6397303
0.052913785	0.021439672	0.18698189
0.29806077	0.009281158	0.841373
0.40306008	0.64383435	-0.00469853
0.19006944	0.89832574	-0.014150914
0.9689582	0.33814627	-0.9589836
0.36741757	0.82925135	0.031604648
0.9710607	0.45912987	-1.0437572
0.57739204	0.3346429	-0.34709805
0.9390665	0.620687	-0.18603651
0.23502016	0.55581194	0.4773427
0.3383032	0.9011521	0.007045701
0.45611662	0.5505571	-0.115608156
0.007933974	0.24709433	-0.60510886
0.044229567	0.35722518	-0.43341205
0.41232252	0.8945689	0.20456916
0.5729312	0.56955475	-0.1494817
0.47207016	0.08924657	-0.42174685
0.5194793	0.76424587	0.033082534
0.49683273	0.58420753	-0.10642261
0.329058	0.59678006	0.38689485
0.07428199	0.07750392	-0.00849257
0.8480337	0.5435237	-0.44972697
0.769496	0.8033619	0.93120307
0.353436	0.63251746	0.20377907
0.74295855	0.43646485	0.28582793
0.03423506	0.25548303	-0.32271576
0.90413165	0.69282895	-0.114311256
0.4986589	0.048858285	-0.552369
0.9332698	0.97808546	0.91389835
0.5862151	0.57769054	0.027289346
0.24996132	0.77616507	0.25173026
0.8597202	0.6818017	-0.3582167
0.25075644	0.75450855	0.24096423
0.35637683	0.118162274	0.60662025
0.90925914	0.9071966	0.35859615
0.7689408	0.9821753	1.0514833
0.7506408	0.95647466	1.1802757
0.32434946	0.04384941	0.7382034
0.34585553	0.5214087	0.37081984
0.1425541	0.23674947	-0.2919561
0.66722417	0.1681627	0.53824615
0.9687948	0.59161055	-0.6107466
0.46704286	0.20859534	-0.3195285
0.78641844	0.23067605	-0.6036927
0.68787676	0.9995472	0.77842975
0.5104656	0.95981115	0.122260705
0.9736847	0.15498859	-0.645998
0.17174405	0.13976467	-0.1676976
0.45305294	0.47771394	-0.16206016
0.90276784	0.15621674	0.63236344
0.9783738	0.12939358	-0.7082155
0.39542812	0.25817746	0.18019153
0.73986137	0.86017984	1.3232876
0.17130524	0.21872073	-0.06870193
0.60276526	0.43871427	0.13998416
0.24606216	0.7990486	0.20960867
0.72224456	0.45219356	0.67059565
0.44183397	0.36869282	-0.22164357
0.83609575	0.26565892	-0.34420094
0.71600145	0.9311462	1.3132391
0.5956559	0.4796071	0.06634844
0.307521	0.21171027	0.685955
0.3699863	0.22433853	0.4496488
0.7091797	0.49199158	1.0095481
0.5467374	0.84994745	-0.06470028
0.19735032	0.43493336	0.25834334
0.5394604	0.48589414	-0.33523762
0.97101885	0.24649352	-0.8094206
0.74062747	0.121977866	-0.03747914
0.13175994	0.6697836	0.043422736
0.7650166	0.52105963	0.11519514
0.062432885	0.4642719	-0.41441384
0.105850756	0.4520712	-0.20339392
0.64618653	0.8176761	0.95856726
0.3102854	0.065502405	0.8276932
0.22888452	0.06974512	0.5164784
0.022498488	0.3223542	-0.67379576
0.8982541	0.12373197	0.6387662
0.6535103	0.7938859	1.1161785
0.45174712	0.8557268	0.24307731
0.78641385	0.27020472	-0.63180494
0.9272346	0.27447212	0.2539659
0.6173959	0.27287197	0.23264861
0.9063226	0.9053128	0.27055675
0.06318897	0.33898014	-0.29505816
0.6341346	0.93214595	0.31619054
0.058371425	0.9941571	0.07503148
0.6104995	0.30316	0.09008551
0.7900131	0.99283963	0.865162
0.38039744	0.2958755	0.30664015
0.35753185	0.08554971	0.5774692
0.48691845	0.74618554	0.18141325
0.44597197	0.21882337	-0.18069017
0.86413085	0.59136844	-0.30582532
0.7771443	0.9561806	0.9914713
0.04555571	0.01608175	0.22582185
0.47238135	0.49732822	-0.10694973
0.071636796	0.8852174	0.045521274
0.88242215	0.73849064	-0.18452932
0.5616826	0.73285115	-0.10032846
0.63859123	0.32691413	0.51155186
0.94158167	0.28076345	-0.10054731
0.278834	0.626155	0.4394953
0.12070227	0.6672035	0.0126374625
0.32730526	0.16313875	0.7659147
0.5816849	0.12013233	-0.46840593
0.8137207	0.07472879	-0.4643458
0.5127669	0.85413307	0.11736032
0.35449243	0.25180542	0.5291039
0.4895805	0.4297713	-0.263092
0.555821	0.64021575	-0.17553702
0.49190545	0.6693625	0.018588992
0.022738874	0.8472936	-0.4167755
0.15535694	0.13991612	-0.21877074
0.99531394	0.06793356	-0.89325553
0.13534778	0.592185	0.0514355
0.603041	0.25154334	-0.09459713
0.45266467	0.06664401	-0.26994482
0.32699966	0.3111382	0.6598515
0.75056475	0.26011097	-0.28069654
0.11700463	0.37785763	-0.16037922
0.41990912	0.5777185	-0.07760196
0.67676395	0.2324369	0.559683
0.9464314	0.2501204	-0.12708947
0.9295987	0.59461117	-0.21580563
0.22740096	0.04429066	0.57347697
0.9127202	0.5752151	-0.11132714
0.24799162	0.47275376	0.5638335
0.040091813	0.42155266	-0.5956938
0.6011413	0.09595877	-0.22349942
0.3785361	0.78331816	0.100883216
0.8715315	0.94060045	0.0035069436
0.096891165	0.32676542	-0.29037628
0.35804242	0.17206341	0.5434024
0.05825901	0.07116532	0.12161024
0.3810404	0.91481507	0.10123405
0.33019108	0.23254484	0.7071751
0.29473358	0.38534296	0.6618635
0.5556957	0.015356243	-0.80354667
0.945889	0.59932935	-0.3190744
0.88317937	0.8502647	0.003911825
0.18045169	0.49736762	0.2469237
0.3074292	0.15703446	0.8501124
0.56520665	0.36803836	-0.42478812
0.484717	0.9380323	0.2617868
0.86670995	0.22594345	0.21839799
0.44669682	0.5746645	-0.10718554
0.7745927	0.8720185	0.90152985
0.23799777	0.96231616	-0.062394638
0.901315	0.32213914	0.309727
0.20510888	0.599433	0.39964253
0.08283049	0.35366112	-0.27781832
0.20369917	0.116196394	0.2693648
0.7574079	0.6083106	0.5544655
0.6098667	0.8689852	0.24652077
0.006083429	0.16257668	-0.39404374
0.34349513	0.3132643	0.61812174
0.41628635	0.91455114	0.27322933
0.28998488	0.6356536	0.40254363
0.30387318	0.14847302	0.79168314
0.17143214	0.7083425	0.20317534
0.22848171	0.9653017	-0.07524109
0.9336773	0.7881721	0.25635934
0.5698682	0.79402983	-0.03574397
0.11698282	0.88046914	-0.068346575
0.17873633	0.17956197	-0.05685805
0.40072852	0.32971483	0.049928717
0.7553253	0.7855637	1.046466
0.9118715	0.5625164	-0.09891035
0.99497783	0.872769	0.53329915
0.21729964	0.15584874	0.37258294
0.70662063	0.3624804	0.5903145
0.1655277	0.12690508	-0.24236196
0.43176007	0.7724576	0.14425935
0.80057245	0.04067892	-0.459937
0.29906017	0.46398538	0.61735845
0.5753411	0.0014073849	-0.69116735
0.5659445	0.7564949	-0.06386223
0.34500873	0.89092153	-0.011946297
0.5718638	0.20600402	-0.4134325
0.58416015	0.9906956	-0.26777864
0.42652887	0.7056326	-0.045448475
0.90173614	0.0108760595	0.53200567
0.6576484	0.014850676	0.60624576
0.37498546	0.0975042	0.43176067
0.2073369	0.39483947	0.34715137
0.84224975	0.11516172	-0.1286313
0.45410317	0.8433977	0.22671092
0.06049359	0.26989216	-0.17166041
0.23919809	0.026394784	0.6858075
0.92084944	0.2526319	0.34958425
0.70041305	0.25365943	0.5146393
0.8250974	0.4665777	-0.5453281
0.94485074	0.7606788	0.21465409
0.1287533	0.9796369	-0.1737115
0.19618708	0.70667243	0.27741402
0.33729905	0.8517024	0.022948412
0.08315283	0.6966666	-0.13413446
0.4559214	0.17287087	-0.17347693
0.45946735	0.67860645	0.010547314
0.16713303	0.30413413	-0.05334502
0.5100692	0.13336843	-0.53057283
0.17389262	0.31939358	0.008197037
0.7836339	0.21265298	-0.6515177
0.4330188	0.4278552	-0.19578898
0.64305174	0.7867121	0.96106225
0.056194544	0.8022088	-0.16336207
0.7341077	0.34481627	0.114893705
0.050300777	0.41463798	-0.47719356
0.12316656	0.92870003	-0.117096804
0.17253876	0.11228323	-0.13481505
0.046678722	0.6603567	-0.5209509
0.50281966	0.20306665	-0.43695143
0.43517393	0.472521	-0.1869308
0.72072697	0.2656827	0.20446391
0.45167965	0.84066343	0.26565105
0.67952925	0.48016512	1.1626204
0.14825779	0.7892634	0.05930519
0.31628042	0.18764871	0.7828909
0.04704684	0.28105044	-0.26085564
0.8295968	0.520518	-0.48723978
0.7737841	0.25435102	-0.60307497
0.5931892	0.11511308	-0.2944362
0.11004561	0.33854562	-0.2614613
0.9244123	0.72434336	0.022860004
0.7982293	0.69482726	0.118992485
0.9767991	0.6383566	-0.542069
0.19794124	0.4101566	0.2674686
0.56640464	0.49109048	-0.27003956
0.6144834	0.12897319	-0.008450206
0.77684265	0.7191911	0.56566775
0.35409844	0.62206537	0.25457254
0.7216564	0.81978244	1.4722674
0.22339618	0.8904275	0.048848864
0.9136452	0.91829735	0.40225315
0.25114018	0.54897314	0.5292245
0.3301431	0.96358836	-0.08822859
0.48224664	0.53218436	-0.17763306
0.392766	0.44034457	0.077532716
0.6044741	0.00325495	-0.24717379
0.76293766	0.6523399	0.6065126
0.5104109	0.105051816	-0.5890779
0.78092104	0.9664953	0.91031057
0.79531986	0.78858966	0.44885147
0.77637285	0.6006272	0.18622926
0.372222	0.2881521	0.38329202
0.16067189	0.23387706	-0.16950648
0.38934183	0.9454894	0.12658286
0.8595118	0.78923744	-0.16022927
0.109472215	0.4310099	-0.22383443
0.30598998	0.9931803	-0.17686333
0.66727567	0.5876117	1.3636327
0.396347	0.13181895	0.17181331
0.7285345	0.13460797	0.108159974
0.6492919	0.06997526	0.46566188
0.11639464	0.6781263	-0.020936126
0.9209194	0.5745223	-0.12897915
0.079741836	0.75942415	-0.10117906
0.5336266	0.69504	-0.0946656
0.36448354	0.04577321	0.4738124
0.8519739	0.14963824	0.009398792
0.22960883	0.71323985	0.37202647
0.6996462	0.68980706	1.5835873
0.49457353	0.17085898	-0.4901419
0.46771693	0.9330838	0.3198385
0.044222534	0.2821893	-0.291138
0.752905	0.16431761	-0.32695976
0.074509084	0.6620636	-0.20186673
0.5861739	0.39913118	-0.1988588
0.8448155	0.7910549	-0.13865192
0.30683994	0.8544364	-0.029679943
0.74141634	0.7284974	1.1661872
0.16052961	0.35829258	-0.0057088733
0.10947394	0.77753836	-0.089930624
0.5152744	0.7057983	0.040955998
0.24305391	0.38686645	0.5174749
0.46717036	0.8329129	0.27292117
0.7345677	0.17714554	-0.045967117
0.6142448	0.7485974	0.4935011
0.7096938	0.7045965	1.4960605
0.64506036	0.97722846	0.2116237
0.99703676	0.8586872	0.4687602
0.98747545	0.1696952	-1.0936674
0.8839369	0.897384	0.066205226
0.19527751	0.49646187	0.2715875
0.7066606	0.5304791	1.106883
0.8329053	0.09933972	-0.3286113
0.24094921	0.91756666	0.016566655
0.2210058	0.71011966	0.34026325
0.8257081	0.2729429	-0.43726662
0.7555627	0.03715259	-0.14899413
0.64941585	0.46709746	0.9039266
0.89051366	0.256261	0.42105353
0.14028776	0.6746858	0.07093527
0.0864405	0.7131659	-0.14148909
0.61230785	0.6427932	0.5161077
0.04525709	0.29294682	-0.34689444
0.56490195	0.3799463	-0.39301217
0.22816825	0.4837048	0.47604394
0.062297642	0.20269102	-0.10244827
0.03696865	0.51936835	-0.7424864
0.79466474	0.16480923	-0.63865614
0.6452139	0.3034355	0.61311746
0.6094686	0.43995357	0.28698537
0.91451865	0.018411875	0.54320306
0.6458592	0.73364514	1.1654683
0.5614417	0.01660353	-0.737838
0.9156343	0.2004599	0.51255244
0.16281062	0.6552995	0.20105772
0.8180602	0.38511539	-0.6341501
0.7469354	0.021658838	-0.016049314
0.9869126	0.33415633	-1.4390618
0.45761406	0.80912507	0.19828212
0.5751305	0.28528154	-0.43037093
0.1903246	0.5024691	0.31833562
0.83428144	0.06692988	-0.20025912
0.86699	0.16499585	0.24214876
0.9087048	0.5047345	-0.0903178
0.75959647	0.013355851	-0.16338111
0.29424286	0.6302073	0.36950278
0.97189647	0.46317357	-1.038725
0.29399562	0.85459095	0.02757138
0.8514841	0.8055866	-0.22402656
0.60429204	0.9910644	-0.18954253
0.17363322	0.3888417	0.081575535
0.8387161	0.8919469	0.09232342
0.4955668	0.92814416	0.23537226
0.3681957	0.642667	0.15639904
0.28650326	0.14796913	0.7496213
0.9774044	0.7345198	-0.041227072
0.043136835	0.60952795	-0.6872504
0.9058733	0.4731862	-0.0027573053
0.11032635	0.72254246	-0.08169606
0.19890249	0.63882834	0.36827093
0.00839293	0.60781896	-1.174494
0.38251394	0.73449606	0.023167765
0.3875848	0.4781453	0.08651228
0.1223886	0.5623065	-0.042030327
0.44679463	0.01518935	-0.23534422
0.23340684	0.25174427	0.49411327
0.31077558	0.88027287	0.008518659
0.8399554	0.7007132	-0.25482407
0.6458814	0.44302785	0.8287947
0.4165827	0.566602	-0.11265058
0.933795	0.46745646	-0.22201999
0.644361	0.12334007	0.38676944
0.4234655	0.21215832	-0.050757647
0.6947045	0.88491833	1.3106662
0.4895869	0.3727792	-0.3743099
0.045804203	0.6539346	-0.5413759
0.76686686	0.2908131	-0.513369
0.36645943	0.38732666	0.3302097
0.37638605	0.6885236	0.10128358
0.7283597	0.7073397	1.3226647
0.17604035	0.023785472	-0.05894566
0.119829714	0.6137047	-0.023567451
0.11097103	0.5211591	-0.08892727
0.97870535	0.24265176	-1.0918987
0.11359376	0.8224431	-0.021967676
0.7212682	0.8807753	1.3346603
0.5807076	0.33697867	-0.2630683
0.5615965	0.32481867	-0.4418928
0.9736203	0.98525625	1.2955289
0.026470423	0.1053825	-0.039418023
0.10236436	0.86358595	0.0015538111
0.22488588	0.18496269	0.44167894
0.014338434	0.74181247	-0.7855314
0.2572552	0.21825063	0.6572588
0.6157775	0.6340608	0.5505216
0.5801521	0.42611486	-0.22722813
0.23180741	0.23563457	0.4648399
0.97911507	0.5855923	-0.8774854
0.25691718	0.84336185	0.14083132
0.05219406	0.7006827	-0.32840815
0.76700824	0.8658622	1.0025735
0.99707663	0.314897	-1.7410516
0.503913	0.36556572	-0.38017666
0.6465726	0.4987405	0.98701006
0.91073155	0.107860625	0.5908419
0.8550599	0.56564957	-0.40863824
0.488306	0.62110394	-0.0083551165
0.65951616	0.30575043	0.6622671
0.25409812	0.9758558	-0.11204372
0.69541603	0.063863754	0.4900884
0.7505803	0.03551209	-0.06832494
0.88173854	0.9373044	0.13420558
0.46127045	0.90051997	0.333004
0.3095131	0.7872242	0.11374199
0.3286447	0.1368565	0.73830104
0.89296716	0.47032857	-0.08944388
0.20827943	0.9875835	-0.10334791
0.5003817	0.95974827	0.20259617
0.32525003	0.38474518	0.65378284
0.31207705	0.6752911	0.29822612
0.26051491	0.7477322	0.3195588
0.1505993	0.6831925	0.11292342
0.35087258	0.17904925	0.53821725
0.7124783	0.19710982	0.33744872
0.96894574	0.8531083	0.6358854
0.77357584	0.96639055	1.0468918
0.14145243	0.8414966	0.0036381409
0.8512166	0.9261428	0.034653895
0.80008465	0.14943415	-0.59107906
0.40603268	0.7869224	0.034173563
0.7106472	0.7856922	1.54509
0.7112717	0.37415242	0.5210424
0.08828312	0.63174695	-0.1375554
0.40453815	0.272659	0.026236951
0.7207639	0.30076063	0.2908529
0.49423575	0.6771064	0.050423216
0.31649953	0.9537042	-0.045639187
0.65561855	0.17515695	0.42616615
0.32996982	0.18481946	0.70606375
0.5181435	0.33068353	-0.5233957
0.0025996566	0.06817621	-0.19232856
0.019264877	0.45895058	-0.9698299
0.29616386	0.75772715	0.16449411
0.4612956	0.15338778	-0.21196595
0.09006429	0.4653064	-0.27207518
0.286806	0.949268	-0.14933787
0.798318	0.88519454	0.6085754
0.61493385	0.06799358	0.022245439
0.57347405	0.045852542	-0.55159557
0.17800188	0.7529972	0.19035377
0.05549246	0.27622515	-0.29310292
0.64867735	0.27409285	0.5087597
0.85430294	0.44316375	-0.31233072
0.6256227	0.06421262	0.16531853
0.6784439	0.797855	1.3631102
0.1255567	0.3259396	-0.22414523
0.96176696	0.36172038	-0.75404555
0.45434833	0.61154914	-0.031816166
0.2746346	0.85445	0.022672433
0.78560895	0.6660489	0.26527044
0.57257664	0.60208964	-0.12945487
0.35341132	0.21954435	0.5162751
0.2787364	0.6660719	0.3793071
0.37551218	0.018557131	0.35614547
0.5315046	0.09566671	-0.6720089
0.7234097	0.057543755	0.25038543
0.50720143	0.7600625	0.123495094
0.8278225	0.039066553	-0.30648717
0.94632995	0.81796914	0.41538247
0.8417073	0.98217326	0.24465284
0.98616683	0.76972806	0.044836868
0.7145066	0.4100573	0.68454176
0.11751145	0.58103967	0.0003960915
0.2862457	0.95426834	-0.10143799
0.07621461	0.6969646	-0.17544314
0.9298589	0.09237373	0.44312835
0.1711806	0.37974316	0.08249804
0.82510406	0.76158893	-0.046425916
0.29606497	0.9855362	-0.12287998
0.2481898	0.8658337	0.0806597
0.15310192	0.46173823	0.061414205
0.6305923	0.6085491	0.9047545
0.8985126	0.8921571	0.22070172
0.52963454	0.84158397	0.081037164
0.33406746	0.83180463	0.082406834
0.9011644	0.094288826	0.69163615
0.6401594	0.43120855	0.7361314
0.04814917	0.4480514	-0.50170135
0.93310654	0.5003759	-0.24084152
0.4965474	0.97106665	0.29186395
0.66928184	0.6093115	1.4051297
0.621682	0.38789898	0.37681645
0.04578215	0.9516457	-0.026035868
0.39940447	0.1672777	0.15138343
0.35138613	0.11406243	0.5921353
0.4788102	0.057436228	-0.4293167
0.12448388	0.2587276	-0.28106523
0.68592536	0.026510537	0.62009
0.7733945	0.08546871	-0.46770713
0.90566653	0.25406003	0.47287902
0.74970126	0.07005733	-0.05760996
0.15838164	0.9200574	-0.12392971
0.2330395	0.08491093	0.53452057
0.08277106	0.7354008	-0.056065805
0.26541162	0.8775363	-0.04848072
0.18540746	0.036743402	0.08399573
0.051385045	0.62929314	-0.48206007
0.90298533	0.9647896	0.40896678
0.22336376	0.534836	0.41617918
0.2295785	0.52131	0.3898142
0.7901645	0.5269709	-0.21641219
0.8704742	0.4776767	-0.17245251
0.9218107	0.25082535	0.38389346
0.33472347	0.8348478	-0.0015779007
0.9789306	0.16876525	-0.8876822
0.34009725	0.052681327	0.6685946
0.27799147	0.061975777	0.8973172
0.68920314	0.7258291	1.5164161
0.89946914	0.33222222	0.31804672
0.7323069	0.96475405	1.2225653
0.9030069	0.5217324	-0.10259194
0.42804915	0.09093869	-0.08950335
0.2230233	0.23310143	0.40090698
0.48883098	0.8730794	0.30749074
0.41269058	0.034088552	0.10749006
0.23208171	0.9310129	0.023548968
0.6441169	0.45951092	0.8199066
0.65020674	0.15691954	0.4335688
0.029522955	0.5971659	-0.8000969
0.18799251	0.38829046	0.21022011
0.7180253	0.31471348	0.36853746
0.5132704	0.63502276	-0.09046791
0.9715695	0.25669128	-0.9219152
0.81510293	0.6542871	-0.1147597
0.8242186	0.15949279	-0.41216573
0.60019016	0.3982607	-0.030019302
0.2919513	0.80195713	0.11905895
0.4683321	0.29445457	-0.3012467
0.5331328	0.13213176	-0.62045836
0.07363486	0.1711278	-0.11445625
0.024670005	0.21759856	-0.36062068
0.48379982	0.45325434	-0.22678699
0.5677002	0.9608435	-0.22861227
0.22393274	0.2949928	0.39657435
0.1673683	0.2992317	-0.08878566
0.56766826	0.07363844	-0.590043
0.5220692	0.5413082	-0.23825915
0.947718	0.9882531	1.0931172
0.20934242	0.84864837	0.15795682
0.3901834	0.7947606	0.066888586
0.3218978	0.5740099	0.46206325
0.071730494	0.29264963	-0.18611811
0.09831935	0.3618049	-0.25327927
0.07990807	0.20185465	-0.10656652
0.042681813	0.06350076	0.123133406
0.21284801	0.486992	0.39540187
0.21008182	0.25951892	0.33708832
0.6075247	0.90339327	0.10324849
0.3748682	0.9110406	0.0455115
0.5042393	0.35947144	-0.37119445
0.6081685	0.045644283	-0.062178865
0.039004564	0.6913416	-0.56981814
0.665278	0.18564898	0.5652633
0.41657263	0.037793517	0.017710168
0.9993749	0.9662958	1.056648
0.37586766	0.6905729	0.10112599
0.26269203	0.71704465	0.26871878
0.3090967	0.39635223	0.6963196
0.81807506	0.6500482	-0.21423154
0.78705674	0.78513056	0.53762484
0.49560064	0.9248897	0.23235388
0.5717013	0.09353149	-0.55724955
0.25408572	0.3789361	0.5706536
0.21338606	0.3132162	0.37777773
0.562682	0.61843485	-0.1884639
0.22308731	0.416485	0.4288944
0.57522863	0.32153738	-0.36498347
0.5974773	0.63332397	0.27478376
0.01708895	0.5628165	-1.0835246
0.38181484	0.8836467	0.0711037
0.12101239	0.48979312	-0.090655394
0.8417684	0.80316347	-0.017829202
0.9543078	0.60109144	-0.36736858
0.870386	0.93427485	0.04177267
0.94205153	0.6062581	-0.2726966
0.6589035	0.90597415	0.8761845
0.30981785	0.29314864	0.6612983
0.37811244	0.8759803	0.060686197
0.09983933	0.8264335	-0.038904812
0.98604316	0.46967083	-1.3503228
0.014563799	0.47067487	-1.1075225
0.6006332	0.31097984	-0.10120556
0.5979821	0.602933	0.22529069
0.7483132	0.6203911	0.6947089
0.22055054	0.89539856	0.034028675
0.23264498	0.9989768	-0.13644326
0.74444544	0.04875642	0.0012242058
0.35445088	0.73030716	0.13140854
0.48440892	0.5471983	-0.15341681
0.63311154	0.05835581	0.29317522
0.8795721	0.6697812	-0.28716525
0.35458827	0.9114854	0.042929854
0.7265007	0.8416698	1.447137
0.257127	0.17666471	0.62903
0.43946767	0.38709033	-0.24334893
0.9046028	0.7239843	-0.11153668
0.17104411	0.30442506	-0.059507884
0.30311388	0.05723983	0.7891947
0.23651528	0.5085218	0.45731837
0.47539765	0.7790071	0.17402518
0.21309322	0.88292366	0.121614605
0.49511015	0.3101939	-0.34042788
0.1676144	0.6399813	0.22072001
0.5953493	0.40998477	-0.03965754
0.4315399	0.13377947	-0.07596632
0.69034076	0.33366972	0.67000115
0.57662845	0.6729003	-0.022777777
0.48719293	0.5943842	-0.06358947
0.48382682	0.5127052	-0.16406639
0.11364585	0.6870835	-0.050260417
0.80338234	0.60142314	-0.17890471
0.6148763	0.15660375	0.020263644
0.31360877	0.63005126	0.37645748
0.5274271	0.74107903	-0.0003738273
0.8913479	0.6462299	-0.18993858
0.18845326	0.8593355	0.081993885
0.46666086	0.7786676	0.17805597
0.54511136	0.83985746	-0.013896033
0.8025422	0.36956483	-0.63133675
0.25061864	0.16528934	0.6629738
0.8847841	0.9649039	0.16518635
0.64592844	0.10576403	0.4572352
0.35357076	0.15059376	0.5520144
0.6587763	0.057860434	0.541872
0.7792793	0.34770787	-0.5174929
0.51619667	0.93868476	0.14401022
0.827177	0.15801263	-0.39080286
0.17207903	0.89945924	-0.041220997
0.71404177	0.9523552	1.2370855
0.7467091	0.95100063	1.2170038
0.39417833	0.36262167	0.0651135
0.63946354	0.72683287	1.0247768
0.60845274	0.14851356	-0.07745402
0.032761574	0.16969907	-0.073803656
0.26069283	0.8204169	0.12364949
0.8771008	0.6304654	-0.24497104
0.5028621	0.66225106	-0.040809467
0.013459146	0.3193316	-0.7542157
0.94233537	0.7751173	0.24655773
0.35692674	0.62964815	0.18857217
0.22889501	0.17641217	0.5158783
0.47318405	0.6489319	-0.05136253
0.42874575	0.28637385	-0.15948999
0.056105316	0.9949076	0.07935391
0.6230064	0.9526387	0.14597794
0.23646712	0.0075214505	0.7558656
0.19522345	0.87277514	0.14118075
0.59368026	0.09804952	-0.33374944
0.020387828	0.42148805	-0.9007138
0.64440453	0.5360662	0.9984564
0.011281967	0.12047571	-0.1720215
0.7433903	0.03982216	0.022093793
0.48061895	0.06946784	-0.44939533
0.48938644	0.9712955	0.22252095
0.85928506	0.5788811	-0.44039664
0.9869369	0.7225737	-0.35287467
0.19022262	0.6270536	0.33462825
0.5240737	0.27346814	-0.48231047
0.9614658	0.3748967	-0.7408888
0.26900047	0.7689304	0.24505109
0.059628725	0.40303504	-0.42299825
0.16815794	0.67400956	0.17989582
0.01768291	0.9020227	-0.405974
0.5081466	0.7640817	0.13547406
0.0641101	0.8355221	-0.06845536
0.99509245	0.3513357	-1.7670157
0.93584925	0.6530716	-0.12202067
0.648988	0.53643435	1.0508581
0.7268757	0.18432933	0.06824441
0.35946977	0.5890306	0.21584876
0.30067676	0.78788984	0.07587902
0.025274158	0.26946247	-0.37599367
0.36994755	0.658417	0.1557326
0.96354765	0.65021914	-0.35551098
0.10665518	0.5734635	-0.0613273
0.5333874	0.19302279	-0.62599945
0.18287224	0.51980186	0.27004126
0.28880137	0.64181954	0.3988579
0.5258429	0.8773456	0.084325105
0.008203387	0.9280852	-0.5008661
0.17077523	0.03664732	-0.15318915
0.62961775	0.54460734	0.7654937
0.9362039	0.53029156	-0.2524996
0.81395686	0.9675635	0.4445231
0.43267572	0.61846113	-0.037466966
0.57240826	0.4985919	-0.26777074
0.17908901	0.26692784	0.03310627
0.54348665	0.62589145	-0.1590721
0.62397236	0.2699228	0.30014884
0.39599502	0.24105722	0.17325589
0.43708545	0.9800147	0.36657178
0.008001804	0.8794365	-0.6211149
0.83658236	0.9727432	0.23303208
0.36349148	0.9245215	0.015543539
0.79974043	0.33870828	-0.63334465
0.1701253	0.604954	0.20525694
0.0313648	0.30136484	-0.40818673
0.88838285	0.09718621	0.62852067
0.22326285	0.5380025	0.41675824
0.670203	0.798695	1.3870375
0.9562512	0.4500205	-0.6822996
0.7961055	0.43296236	-0.5439924
0.21308082	0.41630942	0.40147713
0.76323813	0.053128242	-0.19592223
0.19532341	0.031626225	0.17632942
0.074618876	0.7360223	-0.16004981
0.5564661	0.49474698	-0.3479569
0.95319116	0.962539	1.0888444
0.039257944	0.96527785	0.029260892
0.8659899	0.9866553	0.14003891
0.42887753	0.5705978	-0.08213827
0.008382618	0.8241846	-0.66867936
0.09147596	0.9993068	0.055699866
0.61526096	0.94931364	0.041447643
0.8572086	0.5964462	-0.32259285
0.16913915	0.4868831	0.15845728
0.2763561	0.53675026	0.5588441
0.5270832	0.39387155	-0.4431363
0.37337238	0.79590416	0.02311717
0.19243282	0.8220232	0.16990753
0.1697585	0.746459	0.15083067
0.10030532	0.6676122	-0.10266183
0.21813083	0.002780497	0.54000044
0.008628428	0.0688194	-0.09084986
0.8365458	0.0039293766	-0.22508667
0.7803744	0.7881956	0.69062793
0.81073976	0.93098235	0.5024399
0.109615445	0.5614668	-0.12310194
0.5713484	0.73693913	-0.0411959
0.1278435	0.8175074	0.008298639
0.40557373	0.8604118	0.16030721
0.6842436	0.34124255	0.7803178
0.8817464	0.27589262	0.32561913
0.75818664	0.81766397	1.0775236
0.7508137	0.69935185	0.9010331
0.4232499	0.46577203	-0.16197173
0.14841521	0.9779146	-0.17198876
0.1732254	0.4156646	0.07955352
0.55717814	0.17687124	-0.5331633
0.4497363	0.68679386	0.028822709
0.939493	0.4891451	-0.3115324
0.4685635	0.2573778	-0.26075882
0.059966028	0.31524104	-0.3007356
0.37103498	0.087697506	0.3858994
0.53952783	0.5066905	-0.32187206
0.5516366	0.23556697	-0.5387102
0.31745237	0.16514915	0.75269735
0.0484336	0.044791162	0.15330431
0.5330694	0.7253974	-0.052395687
0.992631	0.20702672	-1.416859
0.65205747	0.47808415	1.0401692
0.18175924	0.6715752	0.24307683
0.8089659	0.1934179	-0.60226786
0.33573115	0.7321169	0.12689017
0.42291218	0.93710756	0.27033278
0.07150972	0.48198462	-0.33839455
0.7293356	0.05725813	0.20809151
0.55821943	0.38139337	-0.45898196
0.563057	0.6449191	-0.1345679
0.1408596	0.6089736	0.08170362
0.38416833	0.8634558	0.084746756
0.29112393	0.62289274	0.3922478
0.8316859	0.012423277	-0.21915999
0.028131545	0.10127288	0.020094827
0.18580425	0.11858511	0.09390084
0.6244231	0.11773723	0.15535177
0.48611987	0.8333498	0.24813761
0.67986053	0.1815784	0.5858673
0.79723126	0.5433745	-0.31015804
0.3243317	0.12388301	0.72782636
0.4205132	0.33288413	-0.11268368
0.2873633	0.71216434	0.23251137
0.3105963	0.5743452	0.527392
0.74164665	0.74711835	1.2267958
0.22192192	0.1359843	0.4447544
0.028849483	0.71642816	-0.6421583
0.97670823	0.69457835	-0.2612114
0.6869456	0.5908045	1.4036804
0.82308286	0.08803046	-0.38530275
0.76490223	0.7751278	0.9353517
0.41487038	0.5614675	-0.10731614
0.36023372	0.05354631	0.4706727
0.9653921	0.94504297	1.0152348
0.5944246	0.21562731	-0.21350294
0.5951454	0.96876574	-0.15736234
0.74499065	0.7162711	1.0950202
0.6507958	0.3571974	0.7231187
0.48022974	0.7586701	0.10800009
0.0030021071	0.4254806	-1.2552303
0.84354115	0.42364466	-0.43054247
0.09028584	0.2773639	-0.23649594
0.91192126	0.25882763	0.4248991
0.5880025	0.56278646	0.060298838
0.4840976	0.8296339	0.17399138
0.9631824	0.41956234	-0.8512179
0.74427754	0.13467306	-0.14579809
0.08617294	0.26291978	-0.15451854
0.19383407	0.24471462	0.21273914
0.61376834	0.31975853	0.16213444
0.7728331	0.1483404	-0.48906076
0.7457674	0.20665187	-0.22262716
0.6736567	0.16599149	0.5460371
0.11530101	0.41006613	-0.19056499
0.36006886	0.34057242	0.46694767
0.28455764	0.08878809	0.865784
0.09237659	0.4040954	-0.20460676
0.71355873	0.14786637	0.30195427
0.19274741	0.43067992	0.26764926
0.9151974	0.46678495	-0.050070025
0.89990175	0.66629636	-0.1349282
0.55018365	0.56020206	-0.31261078
0.7333952	0.7355903	1.3551632
0.38771838	0.8549075	0.06480944
0.7079766	0.8402586	1.5194821
0.62320673	0.88373435	0.41974628
0.7737124	0.3094734	-0.5656523
0.7765178	0.4165762	-0.3594847
0.08582288	0.3276404	-0.28754774
0.31650376	0.1912995	0.72805566
0.6549623	0.35793483	0.75500757
0.86526227	0.15467155	0.23446336
0.7696538	0.5589962	0.09916119
0.22730976	0.052056134	0.53710073
0.10748303	0.26259804	-0.28834316
0.41109318	0.08207685	0.029171139
0.00024396181	0.12823027	-0.40776142
0.94903296	0.95487744	0.9930087
0.89566314	0.729989	-0.039285578
0.87125665	0.5461898	-0.21488248
0.5342898	0.85686547	0.06864129
0.16893399	0.38702345	0.03342704
0.91865796	0.25377345	0.38675967
0.8333442	0.44230783	-0.5145548
0.2527414	0.34955472	0.5580663
0.59730834	0.7034978	0.30693486
0.8507164	0.9945332	0.23458415
0.77265066	0.7440684	0.66030866
0.87862265	0.46428674	-0.12184158
0.00015234947	0.35887623	-1.1091785
0.11579257	0.45705223	-0.12812841
0.2312749	0.6602165	0.38315645
0.38315487	0.40628392	0.15769915
0.7886293	0.63794816	0.119440034
0.6968232	0.010801911	0.6712121
0.7870852	0.7701449	0.5256073
0.9456476	0.4159698	-0.36737755
0.9711624	0.24498856	-0.8394328
0.4263456	0.65786153	-0.05855731
0.13609618	0.78519815	0.010415119
0.47554725	0.9568907	0.3704521
0.80878264	0.75991344	0.19952177
0.6364767	0.14020783	0.31800777
0.3867439	0.06280744	0.31971842
0.08594108	0.52169514	-0.22488779
0.44278395	0.6038353	-0.10057251
0.11117059	0.016763031	-0.27380136
0.1685198	0.2672456	-0.09544494
0.69885576	0.58333784	1.391957
0.0776099	0.09927839	-0.053962156
0.36759895	0.56689376	0.19695449
0.061757624	0.8608533	0.06559146
0.05625224	0.9698189	0.11444939
0.3452444	0.5605482	0.40307638
0.5705511	0.08707005	-0.5880834
0.70179117	0.36700386	0.6657919
0.008021951	0.46061808	-1.2809321
0.86416477	0.30719936	0.01097714
0.0017915964	0.8187214	-0.8086076
0.63414687	0.22412151	0.37214482
0.52808434	0.6862395	-0.044157393
0.09904331	0.2292406	-0.2729357
0.4705754	0.745897	0.13931626
0.7869284	0.80950224	0.65830445
0.86713785	0.012569606	0.23341216
0.77544785	0.28658545	-0.617925
0.70433605	0.16040874	0.38257116
0.80308497	0.3773746	-0.62050724
0.5519393	0.54656	-0.28256693
0.32549298	0.4214952	0.58726656
0.43032724	0.2729953	-0.15227099
0.41829157	0.3120811	-0.042012908
0.8031382	0.97750294	0.73151684
0.75182587	0.99094814	1.1319184
0.31102222	0.53232455	0.53452224
0.93510824	0.5255434	-0.29966238
0.40691692	0.8740794	0.17758103
0.39870566	0.36450344	0.047388084
0.8052841	0.9963801	0.67504233
0.504686	0.96583956	0.21182126
0.6627347	0.38142782	0.847009
0.8367206	0.87241983	0.11039145
0.75077444	0.8497695	1.2122098
0.5752696	0.2802518	-0.38160932
0.6966349	0.5140203	1.1966206
0.05449754	0.4605217	-0.5003719
0.99926186	0.031919956	-0.818124
0.94585615	0.07947087	0.25554338
0.29523486	0.8744202	-0.010007664
0.08337331	0.7008143	-0.1647725
0.11296338	0.2735088	-0.32473502
0.76316863	0.21007138	-0.45355034
0.50358343	0.19399017	-0.46277678
0.3807925	0.05028981	0.3998884
0.24741119	0.47281486	0.5353979
0.028213918	0.05541402	0.11798372
0.37671757	0.0499596	0.36955124
0.8896882	0.034936726	0.5137975
0.42286056	0.7411656	0.06256053
0.6981779	0.6505575	1.5223662
0.99352235	0.25056636	-1.4880852
0.62721306	0.3749078	0.47161186
0.017799377	0.35970646	-0.7692939
0.5752651	0.82088673	-0.01264563
0.5882187	0.113444924	-0.3125664
0.839074	0.7401616	-0.15688929
0.61639994	0.5326221	0.49824327
0.5367261	0.6181055	-0.16527659
0.81629527	0.5761046	-0.31230763
0.32544547	0.45943445	0.5786133
0.90004104	0.6346346	-0.11799085
0.5741437	0.8841005	-0.040687993
0.42503577	0.1560641	-0.08284848
0.12648726	0.9203969	-0.12392926
0.09373063	0.9832928	0.0044319555
0.742046	0.08385146	-0.035385914
0.78078085	0.096402645	-0.5019813
0.9521774	0.69553083	-0.033688236
0.28920084	0.47461218	0.558314
0.39667428	0.2259044	0.18138896
0.97244084	0.8678124	0.7195751
0.71094596	0.9849245	1.131879
0.4682637	0.39278644	-0.27847484
0.40455598	0.98788446	0.26758423
0.38065517	0.6979052	0.039605994
0.54153496	0.8226467	-0.011604154
0.4130674	0.44410318	-0.054833677
0.0053575635	0.73078203	-1.0473666
0.59749717	0.48958766	0.08875884
0.49821526	0.074425876	-0.5885607
0.028329134	0.036841035	0.11720218
0.10921061	0.8709181	-0.03705364
0.07382876	0.22645175	-0.13207957
0.50744545	0.6195353	-0.0136857405
0.3927157	0.38826066	0.09240397
0.78420264	0.50480604	-0.2672168
0.38935822	0.3563617	0.1441304
0.6612867	0.42901474	0.979971
0.8470979	0.075782835	-0.05152188
0.5275418	0.557958	-0.2552232
0.039052904	0.6820097	-0.5491698
0.73331636	0.6120482	1.0473404
0.97410816	0.9637757	1.154856
0.1515016	0.12104368	-0.3908192
0.784607	0.98525643	0.9082532
0.48911095	0.4899313	-0.21916823
0.26803625	0.32598907	0.63304204
0.46800476	0.7793348	0.15424758
0.5751586	0.12788981	-0.494628
0.26408893	0.8813891	0.016064323
0.83136463	0.654693	-0.28814912
0.9135104	0.2681514	0.35866818
0.94246495	0.2038011	0.06608097
0.36701673	0.35385716	0.4119502
0.67113256	0.11893648	0.5721663
0.959141	0.06323379	-0.09115032
0.82528174	0.116475046	-0.35264862
0.85212517	0.75712085	-0.23157932
0.88441443	0.15132946	0.46962303
0.6561491	0.65076274	1.3072217
0.8317376	0.07069981	-0.2968253
0.8851782	0.29789466	0.31703034
0.56862056	0.30694646	-0.44505394
0.88473433	0.47234964	-0.13367337
0.16324157	0.8642394	-0.033176746
0.45472234	0.90030026	0.31398985
0.6540206	0.8114412	1.1962174
0.074285984	0.1779257	-0.13200325
0.68765277	0.14986455	0.54924655
0.47054023	0.48517388	-0.19585685
0.581666	0.5614308	-0.027922848
0.11049968	0.048045695	-0.3249832
0.8252789	0.15230185	-0.38937318
0.9029686	0.4417855	0.024595585
0.42456073	0.19294685	-0.13024817
0.62633866	0.791725	0.68846196
0.5706966	0.6267636	-0.13803908
0.5099641	0.9569806	0.17466499
0.73224795	0.33881342	0.1381547
0.113051474	0.20591581	-0.2690294
0.31736195	0.7106136	0.24641298
0.6037484	0.95027286	-0.073316626
0.2670313	0.5613407	0.47312778
0.18308598	0.54473263	0.27292034
0.12456858	0.5388075	-0.03192333
0.71823615	0.84875846	1.38454
0.44348913	0.79524255	0.15481786
0.31240106	0.51468146	0.51696265
0.48765194	0.7528255	0.14978199
0.32375997	0.39999902	0.62069905
0.025468767	0.5059458	-0.9768008
0.26518643	0.5465347	0.5772473
0.007353425	0.9985162	-0.40200093
0.21924114	0.20787817	0.3948291
0.22159207	0.9357518	0.063225746
0.5833333	0.458947	-0.13383177
0.8043536	0.33118212	-0.66343033
0.15143085	0.31477338	-0.18325153
0.71334517	0.5821972	1.225413
0.84533864	0.42556322	-0.42574897
0.1200732	0.6576038	-0.026483312
0.50991654	0.8163442	0.12097611
0.20115715	0.30467063	0.32052866
0.3739491	0.4731866	0.1969339
0.9692841	0.13145691	-0.5318948
0.95617104	0.20547944	-0.2690006
0.8621948	0.53861713	-0.33158606
0.33257872	0.07680333	0.74194425
0.25564992	0.024059176	0.86990243
0.27556366	0.7594822	0.25072795
0.2895562	0.77970624	0.15930775
0.1784817	0.4193176	0.1286408
0.65968925	0.6161625	1.2847686
0.622978	0.90638256	0.24835503
0.79819524	0.5138353	-0.41160816
0.6996932	0.9844333	0.9847577
0.58039147	0.37735695	-0.2305683
0.6305306	0.79663855	0.822825
0.004243672	0.68368447	-1.1428862
0.9955521	0.94598526	1.0217812
0.690821	0.46394706	1.0122375
0.0630461	0.17850739	-0.05025295
0.83408135	0.7996503	-0.01663777
0.32236195	0.66039085	0.30998912
0.85411793	0.24523777	-0.037812784
0.78894174	0.78768444	0.5485923
0.4572842	0.074804366	-0.25715345
0.99961543	0.08213878	-1.0387558
0.9258089	0.0038561225	0.4560564
0.6372006	0.45719182	0.7608008
0.47074872	0.5653533	-0.12039501
0.80201733	0.7430518	0.2426577
0.27345556	0.68188775	0.35927552
0.38735592	0.5945704	0.026723651
0.89102834	0.70786536	-0.13059989
0.13313001	0.6727736	0.051962398
0.03153324	0.5675848	-0.7985228
0.084608436	0.8863978	0.09584768
0.84839565	0.43714476	-0.3183782
0.35280818	0.061909974	0.5609883
0.8442315	0.96892065	0.20392117
0.55686516	0.77457994	0.015513636
0.42529982	0.05398971	-0.0047345124
0.33582324	0.8402884	-0.045249984
0.80313027	0.020628631	-0.41512987
0.5862711	0.6004302	0.045446504
0.56102735	0.80528295	-0.060948044
0.83498055	0.64415234	-0.31879735
0.8305226	0.2263866	-0.4395877
0.5761033	0.025458395	-0.52319425
0.78303516	0.009385288	-0.36004257
0.83850545	0.8392999	0.0061189514
0.15397358	0.32616067	-0.15659782
0.28506017	0.14715683	0.82699966
0.87870514	0.15113795	0.46047008
0.907631	0.614542	-0.12706332
0.1576519	0.7913993	0.1320875
0.0962072	0.031885207	-0.21392134
0.07317519	0.9760495	0.070824444
0.51706886	0.89843005	0.06358256
0.10415864	0.1745289	-0.27451852
0.9482952	0.73779	0.03904979
0.27290684	0.082766056	0.87455356
0.7650483	0.6487732	0.49351376
0.2719807	0.35014963	0.66855526
0.35000288	0.47985554	0.3883049
0.8234686	0.48844606	-0.54902816
0.70797724	0.13793093	0.32200336
0.6382551	0.26116055	0.4034341
0.21724612	0.111397624	0.44794208
0.36024314	0.26647675	0.40328234
0.629609	0.68854284	0.9021151
0.32441515	0.78820586	0.110727996
0.50869095	0.51069486	-0.23724496
0.6385905	0.6497333	1.0036387
0.5884487	0.4409446	-0.048555057
0.025689363	0.15871805	-0.16551319
0.0049984455	0.80815434	-0.8060266
0.402381	0.25302422	0.06826688
0.281663	0.33258724	0.708305
0.97711706	0.055146337	-0.48322368
0.8658696	0.5327423	-0.2996645
0.071370125	0.9583323	0.09353042
0.04927236	0.62995315	-0.5878051
0.7425418	0.31693703	-0.0918027
0.16207004	0.5260972	0.19771767
0.9984239	0.2262711	-1.5404909
0.2904595	0.25813746	0.7313465
0.14974833	0.72799385	0.08573348
0.34212667	0.652777	0.19818556
0.2904117	0.3734709	0.7140335
0.22811502	0.42305303	0.47137514
0.82317036	0.21004176	-0.5015529
0.9888566	0.90393144	0.8504415
0.46096158	0.82078373	0.23298453
0.83072686	0.37231845	-0.47730994
0.6854751	0.63321126	1.5481224
0.33791894	0.53940374	0.42921427
0.3267755	0.2856245	0.7582027
0.13936716	0.302544	-0.15400445
0.46606505	0.77610457	0.1166398
0.81283075	0.50538963	-0.43996757
0.05328387	0.36731315	-0.37395552
0.63547856	0.056034267	0.3110397
0.69300646	0.3618698	0.7079272
0.968417	0.79437864	0.37622046
0.911969	0.44216973	0.048479028
0.027315974	0.801468	-0.49365336
0.4193862	0.8634656	0.17930466
0.007215321	0.29221356	-0.76611376
0.33451378	0.16447896	0.76293087
0.8041478	0.049129665	-0.43774876
0.41031224	0.58875066	-0.020145822
0.53231317	0.4154635	-0.42038015
0.18047315	0.46614194	0.18074101
0.8794506	0.9681313	0.20514308
0.55164474	0.15369707	-0.62248945
0.38234544	0.024584055	0.3377017
0.057433188	0.44241518	-0.47360975
0.29253584	0.46737403	0.63803434
0.49203593	0.28869426	-0.35363707
0.2391361	0.678122	0.38660976
0.5372215	0.46805972	-0.31586394
0.634786	0.6299622	0.9316794
0.4067973	0.44537538	0.010467842
0.10719037	0.04798591	-0.33469337
0.15532374	0.6696762	0.14445896
0.36184698	0.8074885	0.06697604
0.90674734	0.6696363	-0.17507286
0.61329985	0.51763815	0.42298275
0.040019274	0.50361353	-0.68643284
0.47840023	0.49849898	-0.1896168
0.62637943	0.8483741	0.53599566
0.39949673	0.8000409	0.12403251
0.82751244	0.96482176	0.32085618
0.42649817	0.39966404	-0.1799087
0.8409668	0.08750355	-0.21852943
0.15040082	0.9592632	-0.13361523
0.4713986	0.9301405	0.30434263
0.9319446	0.25523663	0.14479162
0.40731323	0.9031809	0.18576142
0.8375467	0.70911497	-0.21024592
0.083542585	0.8788305	0.012210345
0.24852324	0.76423496	0.26053634
0.7767788	0.85498524	0.8792146
0.680919	0.1488114	0.55615807
0.43774945	0.09987545	-0.09404259
0.046035945	0.89640677	-0.038676918
0.19979817	0.5031813	0.32778203
0.13904381	0.9462712	-0.1576117
0.64803326	0.81638014	0.9355982
0.51119995	0.43574595	-0.2795054
0.37146986	0.9828664	0.096494004
0.8000701	0.8881896	0.60483605
0.94511586	0.87419444	0.6756671
0.60929775	0.47628462	0.26453194
0.26267517	0.117036045	0.7386296
0.6909236	0.07709789	0.6017466
0.6567255	0.28679323	0.67176324
0.5278124	0.5521999	-0.26168746
0.6553477	0.71092254	1.2288706
0.21777165	0.76538396	0.33267802
0.14989597	0.27858657	-0.20565134
0.93938726	0.5701088	-0.30917966
0.032669544	0.076990664	0.14779836
0.037930965	0.15828854	-0.016463205
0.46616668	0.48906732	-0.19250259
0.51222485	0.6231489	-0.058082145
0.19881535	0.082502306	0.12972012
0.58906823	0.92918664	-0.11245922
0.90076447	0.20922178	0.59983814
0.72389984	0.9195055	1.3162698
0.9490822	0.677417	-0.08876388
0.9748517	0.49311513	-0.96676755
0.38028604	0.9503318	0.12663265
0.958971	0.6381819	-0.3195151
0.35562629	0.004452944	0.53413874
0.11166108	0.92117625	-0.032947227
0.17088115	0.65859383	0.22459131
0.07962233	0.34606737	-0.21738818
0.6427197	0.26530892	0.45767498
0.47053796	0.45651382	-0.27183136
0.93984246	0.34982646	-0.116762474
0.42318708	0.57009625	-0.026433565
0.13928294	0.30238873	-0.19092369
0.40834725	0.7745481	0.07659371
0.45013976	0.74384934	0.12738074
0.10921961	0.48546857	-0.11426042
0.3178438	0.3344177	0.7092966
0.06631142	0.5481497	-0.36122486
0.67440474	0.7493824	1.4308913
0.8132808	0.023246825	-0.3850658
0.49329096	0.40450478	-0.27524924
0.84398776	0.6082583	-0.38431334
0.25361854	0.36635715	0.51909745
0.7298338	0.15659314	0.03471312
0.39057696	0.98194546	0.1623565
0.5491558	0.7237205	-0.07818228
0.5835789	0.46509296	-0.14663309
0.72118145	0.75694245	1.5202509
0.23740315	0.30824608	0.51564664
0.23138458	0.71306723	0.31620306
0.21268004	0.65071595	0.38514256
0.67982996	0.6401045	1.4558377
0.19166923	0.8887774	0.0061348975
0.31245333	0.79994065	0.099231206
0.43366474	0.24956167	-0.13258308
0.22205901	0.32877874	0.4604957
0.7922649	0.49707025	-0.37837273
0.16299391	0.62356466	0.20414288
0.9807325	0.12998563	-0.7943157
0.36503243	0.21723294	0.43105263
0.553708	0.86059135	-0.05392203
0.01963687	0.32343543	-0.71374345
0.24342978	0.92508084	-0.04628224
0.72864884	0.81091887	1.416654
0.8214154	0.50956565	-0.47207984
0.9157863	0.91194546	0.4449798
0.89912033	0.5995115	-0.15708737
0.81619155	0.93678486	0.45254302
0.3495342	0.66799146	0.20182225
0.116938055	0.86955583	0.011245891
0.43136358	0.4499483	-0.16628928
0.63368183	0.6515532	0.9649763
0.06287575	0.95217645	0.08249312
0.8716962	0.17909378	0.32065693
0.23213404	0.391702	0.47650433
0.24400008	0.75748813	0.27425817
0.04502946	0.8304623	-0.19487435
0.45584708	0.47027463	-0.17125802
0.18607968	0.21325952	0.116476625
0.6609334	0.27179033	0.5895656
0.27471656	0.3359412	0.6850492
0.7066019	0.29367268	0.44355544
0.03532362	0.89448935	-0.23333412
0.4550128	0.34499443	-0.2617392
0.46084213	0.18634605	-0.23980126
0.76234686	0.6587662	0.6027318
0.1982516	0.6125352	0.40030715
0.020020843	0.30018687	-0.5800302
0.001083672	0.74256814	-1.009886
0.09456533	0.4729404	-0.24101801
0.7177235	0.04085791	0.39442027
0.1012066	0.7263953	-0.042151798
0.70935327	0.45636523	0.8679171
0.10605317	0.68403876	-0.070010595
0.897101	0.8285712	0.040384017
0.18727338	0.24113798	0.080951035
0.5589862	0.6757003	-0.07772921
0.18195397	0.31914693	0.10556951
0.5040653	0.057487786	-0.6371967
0.6960051	0.27625823	0.55322766
0.48976666	0.51967704	-0.1450446
0.4981516	0.565006	-0.13273981
0.0043712854	0.7034977	-1.0204571
0.47792876	0.0025020242	-0.5510811
0.43971157	0.7884285	0.18662645
0.31338483	0.54855025	0.5190198
0.814748	0.019720793	-0.4036843
0.80827504	0.074296355	-0.42604694
0.28777796	0.107097924	0.79009295
0.26209718	0.343517	0.58899254
0.5141198	0.5526484	-0.2687218
0.101872385	0.040811896	-0.2492982
0.042857945	0.24054396	-0.18011537
0.9688412	0.9959597	1.2774783
0.27922297	0.59362257	0.46567103
0.10379952	0.95740813	-0.061918095
0.3242694	0.19447237	0.7578756
0.57981676	0.6613878	0.048860803
0.25068724	0.1302051	0.7012274
0.104575574	0.30962425	-0.25370276
0.70106536	0.7492395	1.5828693
0.67419004	0.644034	1.5483422
0.05779499	0.074501455	0.051194295
0.5029468	0.005064547	-0.75923645
0.113084495	0.5073816	-0.15693201
0.4208573	0.93946934	0.26435965
0.16619831	0.7308847	0.2077947
0.24291778	0.4855255	0.54696244
0.54230636	0.74260724	-0.039796807
0.051216066	0.9385635	0.0033749714
0.8583876	0.798998	-0.16403615
0.6653409	0.48373276	1.1252645
0.19229716	0.58269733	0.33532214
0.62253004	0.30169147	0.3164568
0.45208126	0.7813004	0.14425649
0.9152723	0.6580598	-0.044869497
0.047442615	0.39874774	-0.5433382
0.059942603	0.055543244	0.17887257
0.45555824	0.44555444	-0.2671906
0.14142954	0.46186936	-0.014591917
0.7493669	0.21772116	-0.2544917
0.5748783	0.34112066	-0.3313172
0.097500086	0.07556236	-0.24330048
0.27026975	0.34522915	0.63555914
0.69100934	0.9718804	0.9587471
0.58264256	0.20197958	-0.3279658
0.4906987	0.2482093	-0.40002394
0.967844	0.780023	0.23020689
0.47449434	0.39367408	-0.33387297
0.077710986	0.21570587	-0.20230457
0.8788571	0.8233295	-0.098551065
0.28312838	0.75586396	0.2411552
0.35431528	0.70021313	0.14428633
0.6941702	0.83930326	1.4348303
0.14503825	0.5260922	0.01074538
0.21531022	0.15987396	0.40023008
0.62070286	0.5103778	0.5427774
0.17838484	0.39191633	0.08749083
0.16623598	0.10423523	-0.21052377
0.70172894	0.17231458	0.38333195
0.92675173	0.8021421	0.30216485
0.46805352	0.07887435	-0.34389052
0.6212592	0.25755882	0.13807681
0.13608652	0.01029253	-0.31771022
0.09972978	0.7624971	-0.09764038
0.67075735	0.06702095	0.59100145
0.4118014	0.3134048	-0.0149745215
0.5460359	0.2465468	-0.5269659
0.3513012	0.29148883	0.50787455
0.5082857	0.30359042	-0.43518224
0.17856938	0.70058477	0.22353521
0.027934492	0.7665883	-0.574472
0.87304217	0.75400394	-0.19720162
0.73328507	0.9814473	1.2288026
0.76067513	0.35101706	-0.31794676
0.5297285	0.8632834	0.02253978
0.18887424	0.38523734	0.18869756
0.7748848	0.99890596	0.9835987
0.44400722	0.2715628	-0.20263202
0.33480555	0.68091714	0.19910322
0.21996963	0.24265641	0.3573101
0.6694013	0.99769616	0.5654458
0.2623033	0.008442581	0.9010716
0.3433528	0.9359659	-0.047855623
0.7573567	0.9603919	1.1255038
0.15690154	0.61356056	0.14839241
0.30719197	0.29933393	0.74698824
0.2086423	0.19550306	0.30156294
0.7243133	0.99740297	1.1916322
0.034336567	0.35340124	-0.5198275
0.42668384	0.6172623	-0.093306795
0.44809943	0.9443247	0.3386218
0.4705121	0.3705939	-0.29282838
0.9829132	0.75445133	-0.0023105294
0.47056383	0.34911227	-0.25507748
0.41246247	0.83068174	0.1408098
0.24966729	0.09820908	0.79038596
0.7813614	0.8310013	0.7533525
0.79097414	0.3876357	-0.5779859
0.31103683	0.41690946	0.7193718
0.95694405	0.94876146	1.0649452
0.30763024	0.5699289	0.5351727
0.8999165	0.77180785	-0.046373487
0.0752871	0.7764005	-0.08354576
0.41744274	0.8398038	0.18279316
0.7735387	0.69076216	0.54979783
0.23771966	0.8805964	0.042993974
0.5521681	0.6589346	-0.07098876
0.032363594	0.16664106	-0.05183048
0.02913326	0.93752676	-0.10994367
0.31871438	0.24745911	0.65904367
0.12734348	0.68337125	0.004698633
0.62041664	0.42739677	0.40950593
0.2168181	0.3855363	0.4076749
0.87506187	0.9601251	0.21439013
0.2295816	0.2699641	0.41709924
0.17284393	0.7476213	0.21811694
0.9739055	0.8353322	0.46887818
0.31408465	0.16523188	0.76036406
0.6990142	0.12583679	0.48265174
0.97808456	0.120411575	-0.6929275
0.33265632	0.76903814	0.13875043
0.12297791	0.11761576	-0.42690635
0.17488581	0.35858434	0.08871053
0.85681707	0.015870035	0.088544644
0.29836178	0.14114845	0.7944176
0.41683	0.93346155	0.23572287
0.8796985	0.7207696	-0.23742607
0.9584242	0.19397199	-0.36617333
0.9818909	0.18280965	-0.9688954
0.39211917	0.59437406	-0.018419135
0.39224428	0.08633727	0.22429895
0.16892642	0.22025198	-0.14502917
0.28471577	0.56040967	0.54308254
0.9055746	0.17613852	0.54982257
0.9104882	0.1524533	0.58581895
0.6876195	0.65367293	1.5193511
0.56032234	0.5113545	-0.30388585
0.77518713	0.5089834	-0.08826853
0.86985016	0.6127495	-0.3712447
0.09381688	0.55331963	-0.20718941
0.9501697	0.08835757	0.020334855
0.8651094	0.9835017	0.19563846
0.6266606	0.80606157	0.65678585
0.9728356	0.281716	-0.9693683
0.97565067	0.1434595	-0.735805
0.21158135	0.17734927	0.31338924
0.49529338	0.4967901	-0.24834321
0.66635793	0.2969826	0.65861064
0.25364345	0.7672423	0.23139651
0.82563394	0.10978854	-0.37152395
0.89427096	0.27854997	0.34962144
0.97104603	0.56631005	-0.8290221
0.52816945	0.5818355	-0.2422348
0.048488557	0.7697518	-0.2926873
0.44651824	0.100047946	-0.26916945
0.5395039	0.21631223	-0.5313716
0.87399334	0.42588085	-0.07630966
0.61839575	0.034614265	0.022832792
0.053360164	0.012471795	0.20211564
0.07266921	0.22645181	-0.14857152
0.83528423	0.4387949	-0.5118741
0.23553234	0.4871319	0.5135465
0.5719839	0.96242875	-0.21779773
0.6813128	0.7498769	1.5481505
0.18201762	0.3867243	0.14668497
0.6917653	0.819329	1.4995601
0.6420908	0.9784638	0.23144177
0.6329328	0.5659669	0.892979
0.23334002	0.41778976	0.48895255
0.63420093	0.73952365	0.8890852
0.34308076	0.454719	0.5464822
0.4905498	0.70512414	0.06786032
0.34817642	0.6670223	0.17158236
0.8884645	0.1263125	0.5766282
0.90765655	0.48066247	-0.021635221
0.9846851	0.17704272	-1.0450473
0.72139287	0.25375623	0.24495885
0.6484443	0.88638175	0.7938361
0.9000355	0.72342175	-0.10100806
0.78092474	0.20769173	-0.6842677
0.4789852	0.4198237	-0.23316728
0.16341382	0.71217066	0.20293641
0.7274938	0.6277976	1.1800853
0.37575835	0.893824	0.071107596
0.40139997	0.9051817	0.18643725
0.7483176	0.78329116	1.1675162
0.42160016	0.48752624	-0.12219762
0.45461434	0.67209697	0.036114935
0.8903945	0.47038227	-0.016453717
0.63828915	0.15655267	0.2794732
0.5031054	0.497478	-0.23983076
0.97889894	0.68958765	-0.40481997
0.4453948	0.68967026	0.007832039
0.70042807	0.31733167	0.6028702
0.53156686	0.4543817	-0.36476278
0.4293753	0.6753821	-0.02596435
0.8242991	0.09315401	-0.35108843
0.45828927	0.052957058	-0.3037735
0.72767246	0.4689119	0.6643548
0.23519754	0.015078545	0.6817893
0.6990688	0.6180418	1.3763386
0.2140683	0.35313267	0.36338618
0.82508284	0.48287284	-0.4926595
0.0019180179	0.8400141	-0.7430645
0.80089194	0.81784934	0.43555105
0.21608156	0.4527278	0.35888326
0.8038036	0.7996335	0.37176985
0.60037965	0.49849868	0.10097871
0.22826248	0.07282668	0.5622056
0.7037477	0.5444439	1.1911972
0.6412043	0.33788097	0.5753562
0.17250896	0.92411035	-0.11939645
0.6182484	0.6412361	0.65626144
0.8633176	0.31898487	-0.02268382
0.5606208	0.6848742	-0.10358899
0.89009625	0.06597638	0.55068696
0.9994117	0.6692008	-0.76190674
0.015315235	0.40337992	-0.9250359
0.022648036	0.031778574	0.12173442
0.54515517	0.89779174	0.0182796
0.78276503	0.07771647	-0.4566259
0.9880991	0.15157217	-1.0235946
0.25231242	0.5950657	0.45505154
0.7498558	0.834954	1.1662434
0.79967844	0.32014352	-0.63299984
0.7411609	0.5876203	0.78816706
0.35286945	0.9923462	-0.0033914861
0.005248189	0.43152642	-1.1426105
0.8486096	0.3007248	-0.20732073
0.30273443	0.30751067	0.78769666
0.5360091	0.63561004	-0.19204292
0.48964804	0.35621142	-0.2851765
0.5941631	0.46057087	0.017581558
0.024677873	0.020374537	0.18968965
0.6702935	0.24404287	0.61136043
0.66339433	0.18601578	0.55482113
0.8097618	0.88916165	0.43725565
0.45267314	0.92718375	0.34389776
0.6876096	0.26725447	0.62282306
0.4193856	0.13835746	-0.011766231
0.34043002	0.74521905	0.11000584
0.67164797	0.118039966	0.58823025
0.28063715	0.7852466	0.1099814
0.79312885	0.40504467	-0.58960927
0.9644946	0.1671564	-0.43242088
0.17119223	0.13294905	-0.1379488
0.23406959	0.033635974	0.69650334
0.43011343	0.84213644	0.13979912
0.3165154	0.33007026	0.6845918
0.30997247	0.4119928	0.6737379
0.5920761	0.09476054	-0.35767385
0.5955915	0.41771102	-0.0518862
0.079906344	0.15349525	-0.09468377
0.8478326	0.21528274	-0.11891133
0.8341475	0.54471505	-0.403408
0.7201886	0.12468523	0.26988432
0.0050505996	0.6399681	-1.1626345
0.39138675	0.48989755	0.036565628
0.014225364	0.41318423	-1.0049278
0.6438576	0.5132021	0.9639484
0.48064595	0.26196498	-0.34829107
0.91140133	0.7288975	-0.05681292
0.3125853	0.87617123	-0.015864467
0.013955355	0.22367424	-0.47272226
0.8960023	0.44705993	0.057811733
0.6907515	0.40260196	0.8802645
0.687279	0.40477908	0.89165545
0.93992096	0.011548996	0.32597575
0.92108625	0.2150507	0.44714487
0.7070664	0.23989809	0.39663902
0.36407936	0.4755211	0.28993377
0.8791661	0.609397	-0.3156513
0.7530763	0.075745106	-0.14237529
0.56075114	0.56250966	-0.19146124
0.94399	0.898273	0.69990444
0.2450561	0.15301543	0.5928395
0.03668505	0.9325314	-0.06276369
0.75290304	0.6452095	0.8019695
0.5114046	0.61223227	-0.10713188
0.9108396	0.6586496	-0.1255864
0.6761044	0.3334235	0.77439564
0.56341857	0.9866708	-0.16428897
0.59452605	0.59928715	0.17166439
0.74515873	0.6129013	0.77157605
0.29052538	0.76932126	0.17843267
0.031778574	0.2697612	-0.41922143
0.14425015	0.032871068	-0.37348512
0.26439244	0.3589205	0.68813133
0.469563	0.47513592	-0.20879959
0.5463712	0.39513785	-0.41251108
0.30174863	0.8952238	-0.055504445
0.6396608	0.085612714	0.37283358
0.5727516	0.10364032	-0.5423702
0.47319257	0.8296236	0.25483063
0.3481341	0.51599264	0.3255817
0.27506167	0.2270096	0.76250947
0.37542003	0.5969532	0.05046966
0.1881373	0.2317959	0.12267645
0.5124475	0.73826957	0.037420526
0.68375367	0.8116951	1.455917
0.88303006	0.27076846	0.37847212
0.6435787	0.13523155	0.3923589
0.12646604	0.2660157	-0.27228644
0.9818478	0.92633975	0.9871558
0.65303653	0.23433006	0.57025695
0.18955731	0.41147208	0.25757772
0.84777033	0.21531701	-0.07737237
0.026322722	0.27088487	-0.45485717
0.8941057	0.61767864	-0.20908496
0.87266165	0.14684987	0.37342793
0.09564	0.52078843	-0.2120413
0.5061477	0.4776119	-0.29122165
0.734057	0.26135695	-0.047134098
0.9926704	0.71673477	-0.3670434
0.572014	0.21973336	-0.43059036
0.08834195	0.49513954	-0.23817034
0.05384296	0.017996311	0.144627
0.32454228	0.9958469	-0.10194339
0.1819976	0.9922107	-0.17244285
0.23594916	0.7937715	0.27437887
0.07832199	0.037350357	-0.06742283
0.2434417	0.1452204	0.6417281
0.20673358	0.76533914	0.2730144
0.23086417	0.9868876	-0.062315717
0.10556275	0.087201536	-0.2444966
0.9178804	0.08614987	0.6607147
0.5320153	0.5228571	-0.33159226
0.43125623	0.63891494	-0.059789427
0.4818244	0.5956251	-0.08233194
0.9573597	0.98240674	1.2015307
0.85533994	0.8143818	-0.13274737
0.483876	0.12448192	-0.4323607
0.50946087	0.56202275	-0.185635
0.63903755	0.36507893	0.5926882
0.019525647	0.46048522	-0.94762033
0.10011625	0.9606725	-0.020597413
0.47372365	0.3617599	-0.26697943
0.5357941	0.7170475	-0.06050193
0.46149737	0.75973445	0.18048547
0.46089637	0.99370533	0.32562667
0.990057	0.8674518	0.56438607
0.60779524	0.75688964	0.3629165
0.5075824	0.055525184	-0.64088637
0.8509011	0.64824367	-0.34404936
0.588656	0.99134356	-0.2731172
0.6241213	0.056711555	0.15969422
0.53251404	0.07027042	-0.6800642
0.628687	0.5342927	0.78189665
0.3277436	0.39183003	0.68500614
0.27972615	0.04433471	0.85656476
0.7029444	0.10412061	0.48552492
0.20348322	0.9506297	-0.05457629
0.117195606	0.010254443	-0.33945915
0.83358693	0.6040499	-0.41236448
0.2564469	0.905741	0.014001748
0.8056377	0.060901105	-0.52117586
0.74701744	0.32848978	-0.1582968
0.21707976	0.74132603	0.3041027
0.5926031	0.21636498	-0.25035587
0.49968576	0.27358902	-0.39375395
0.7271645	0.93349814	1.2694608
0.18816894	0.2836349	0.08187027
0.233522	0.21641695	0.5511263
0.43002838	0.6088543	-0.08866506
0.8791821	0.95098144	0.16808432
0.28953457	0.38590312	0.64590174
0.42455345	0.20898187	-0.058163725
0.73111683	0.21332294	0.07667546
0.034187734	0.77548426	-0.41854313
0.7742209	0.51448107	-0.13148925
0.20561719	0.64622146	0.40260413
0.0503425	0.4740464	-0.52435887
0.9076283	0.056393564	0.5690503
0.03188163	0.4627143	-0.83699065
0.41494828	0.5539618	-0.08774082
0.5277396	0.3443895	-0.4563035
0.328434	0.84681785	0.020268999
0.6452768	0.06508285	0.44783837
0.57382405	0.2989937	-0.40523484
0.26748347	0.70616454	0.2735251
0.97362286	0.18919182	-0.7246168
0.04454559	0.18960255	-0.14699169
0.27675897	0.50763893	0.56437826
0.15404427	0.5394523	0.13202877
0.78583354	0.3425079	-0.5963153
0.94702005	0.09782207	0.12879974
0.63189775	0.010920405	0.26704648
0.27753723	0.909203	-0.06416361
0.4139716	0.51581603	-0.07348054
0.17755437	0.6525832	0.26622888
0.09836453	0.3167436	-0.21335615
0.5514299	0.8782518	-0.1088138
0.50365937	0.031485975	-0.71694386
0.45217228	0.6163628	-0.016085088
0.056057394	0.3303362	-0.3827061
0.9523295	0.74154854	0.15762755
0.8030054	0.18767041	-0.6165703
0.6264861	0.8164251	0.61012995
0.7650244	0.5559744	0.2056073
0.8380746	0.34663284	-0.40213248
0.37599254	0.93569595	0.10897701
0.15173197	0.9579577	-0.23355716
0.38105118	0.5680142	0.10208855
0.9150728	0.6492645	-0.12476644
0.72836834	0.12329674	0.10905097
0.44861186	0.36279273	-0.22072998
0.11999798	0.483541	-0.10659445
0.32091904	0.35341156	0.66669244
0.85738117	0.2785213	-0.007033458
0.7329624	0.13679272	-0.00897732
0.48703498	0.85436326	0.3146211
0.27754778	0.046866238	0.9094832
0.7500629	0.7141399	1.032009
0.95732206	0.7880807	0.33047715
0.4193526	0.5264848	-0.17087872
0.5123655	0.22117722	-0.444788
0.44067073	0.75800234	0.08290579
0.5905201	0.7967622	0.12824287
0.22559184	0.5347694	0.44543952
0.544548	0.2256909	-0.58248395
0.81244355	0.6551532	-0.16596824
0.9909917	0.4747594	-1.4478064
0.9419772	0.93179744	0.79365224
0.8715796	0.11863905	0.30898768
0.320688	0.24479967	0.77531165
0.43878663	0.35452223	-0.19563793
0.22441405	0.08482456	0.51278263
0.50495833	0.43306237	-0.32982475
0.9099096	0.43773288	0.035361525
0.7750876	0.82637084	0.8514936
0.8906435	0.76244634	-0.16925682
0.25272906	0.35811043	0.5802677
0.26769906	0.1129148	0.828472
0.20019776	0.9936427	-0.14324486
0.6865477	0.7048614	1.5793275
0.45282847	0.37713015	-0.2382868
0.50988334	0.74653107	0.10006405
0.5662026	0.87003815	-0.063438565
0.27800328	0.8646774	0.006812444
0.2855873	0.22837305	0.7009618
0.47810233	0.8479419	0.24526697
0.976718	0.102169216	-0.61258507
0.3370902	0.36421782	0.5879601
0.26154834	0.448839	0.55533665
0.5858871	0.5039511	-0.047817174
0.025464237	0.55188084	-0.89737654
0.7792258	0.2587849	-0.61538845
0.73344344	0.5760528	0.89075726
0.51333284	0.5986402	-0.18551508
0.16264504	0.38847405	0.011398563
0.6670695	0.016120672	0.6592692
0.93411297	0.3178333	0.009117283
0.04688698	0.2480259	-0.24711473
0.7796923	0.17958659	-0.56139785
0.7575571	0.0842579	-0.3311782
0.76587874	0.77739316	0.9135355
0.4544924	0.50116205	-0.17966358
0.56679374	0.8133693	-0.023463864
0.4971208	0.92297155	0.2797084
0.9456386	0.96624964	1.020497
0.15394956	0.69950885	0.10648502
0.04699409	0.57752544	-0.5917614
0.27012193	0.4276067	0.6095945
0.7110329	0.90996045	1.3552603
0.40346646	0.72978294	0.017516404
0.7303853	0.7136311	1.2640953
0.09471625	0.44151652	-0.2251384
0.0029498935	0.72765964	-1.0723268
0.8367332	0.24500412	-0.30694154
0.7202291	0.1715858	0.16762988
0.170982	0.8986347	-0.0529973
0.5284632	0.7888094	0.035866115
0.20872223	0.66024774	0.39297968
0.61882216	0.9691974	0.034730386
0.87900096	0.6422294	-0.22944579
0.69815797	0.32959485	0.6173152
0.040534854	0.13338846	0.054505363
0.47980958	0.60374445	-0.07206328
0.02839148	0.45684165	-0.7982353
0.21383387	0.13681668	0.38222116
0.37190264	0.5658007	0.16122589
0.05441016	0.23907387	-0.13290405
0.23060417	0.5994215	0.4675116
0.3903582	0.1858365	0.26709306
0.118133664	0.29323804	-0.23802021
0.84328073	0.19296694	-0.13490894
0.22250676	0.32315707	0.4123827
0.21156836	0.82143867	0.2311289
0.98292834	0.5933581	-0.93986654
0.37248045	0.3649351	0.2744444
0.64608496	0.5872587	1.1077315
0.7236622	0.038633823	0.27927303
0.5119693	0.053774178	-0.6454717
0.28336632	0.9168896	-0.052848257
0.42011493	0.49515855	-0.15559123
0.18576449	0.56611294	0.3663903
0.26825488	0.8808156	0.055796377
0.16084284	0.1871286	-0.18981744
0.64809847	0.0265674	0.4768231
0.0073224306	0.9587759	-0.40135282
0.8137722	0.9505393	0.43993545
0.2636854	0.09644729	0.7654949
0.4786821	0.906606	0.23705441
0.36566496	0.10796535	0.49079424
0.2657901	0.79066354	0.13557251
0.055963397	0.7480763	-0.28271607
0.11661881	0.7757299	0.04520498
0.8495933	0.91385686	0.10407144
0.9145202	0.58512264	-0.14461155
0.3463114	0.018779337	0.6354139
0.4848476	0.29279548	-0.28731826
0.9731087	0.021140814	-0.3390696
0.05103457	0.58464324	-0.56763774
0.3919878	0.53636295	-0.03137551
0.8586431	0.377573	-0.15715612
0.8369213	0.98211557	0.26936382
0.042414904	0.14723659	0.0155722555
0.22408384	0.7549094	0.3181101
0.16477543	0.20037103	-0.12976491
0.57566154	0.7843584	0.042335093
0.9800544	0.8661248	0.6314581
0.9319422	0.29872507	0.10836713
0.19512731	0.8481845	0.07970032
0.4922397	0.7120719	0.053557206
0.18100995	0.161488	-0.05038687
0.33091962	0.79611206	0.10402541
0.76782477	0.6923279	0.6332326
0.376692	0.60315716	0.07535815
0.2753572	0.3695572	0.7136484
0.6037814	0.54088897	0.23862481
0.65960413	0.9476489	0.67312104
0.92973506	0.9761972	0.82820314
0.9853022	0.14893931	-1.0038303
0.91361845	0.86410797	0.29619172
0.3883348	0.31124437	0.22316867
0.6984626	0.114108324	0.46745676
0.38315916	0.8941165	0.09665303
0.99285024	0.8318298	0.30530182
0.9068833	0.1206274	0.59943116
0.15822285	0.9637035	-0.2311283
0.84907943	0.7564608	-0.21454892
0.73162425	0.8407208	1.3393313
0.9227273	0.92141205	0.5797177
0.5405522	0.051123977	-0.7908617
0.426197	0.6488599	-0.040286478
0.43888903	0.11474818	-0.13026734
0.3178013	0.2777683	0.747447
0.27191782	0.69025075	0.32183605
0.8207214	0.61493427	-0.2725017
0.24166179	0.15394342	0.6804754
0.3174457	0.14486945	0.72934186
0.38951695	0.9707552	0.1533311
0.4772668	0.18027174	-0.2648774
0.24573207	0.1901738	0.57067096
0.36361307	0.03666699	0.4978086
0.9765758	0.2696265	-1.0814083
0.8831316	0.0280419	0.48178366
0.21089274	0.35775858	0.31944275
0.20975077	0.50839823	0.3854973
0.43097657	0.64857006	-0.014707446
0.31151795	0.1327033	0.80052954
0.41119993	0.7786734	0.07769585
0.1157614	0.4372872	-0.16598143
0.1909079	0.9818106	-0.107567295
0.29170132	0.14710289	0.8088597
0.42675233	0.8033921	0.14756179
0.982255	0.47200906	-1.3617669
0.17227453	0.6082956	0.27038807
0.63309366	0.41823292	0.6003324
0.0013387203	0.15218794	-0.4446638
0.8632437	0.12299532	0.2562055
0.8880571	0.12804753	0.56424546
0.016549528	0.91019636	-0.41214716
0.5642365	0.87251484	-0.02238838
0.0029351115	0.23880774	-0.6990511
0.5045498	0.6498212	-0.068898365
0.8035192	0.58576566	-0.19236249
0.32655084	0.85919833	0.01598999
0.33944112	0.8143912	0.0151298735
0.030370414	0.33295745	-0.518411
0.822162	0.03309059	-0.36160567
0.59580725	0.42452645	0.011391245
0.7614831	0.8076502	1.0568535
0.57416016	0.341375	-0.3112727
0.81819046	0.80923307	0.12032739
0.9799102	0.43563747	-1.2916877
0.8601081	0.22222286	0.0858121
0.3848945	0.71164036	0.056469228
0.6270714	0.40233743	0.4490718
0.8952348	0.45581126	-0.015709676
0.5520138	0.28065217	-0.47521335
0.824317	0.759872	-0.020169929
0.6937827	0.6632822	1.5523629
0.5209927	0.37184513	-0.44153294
0.88647115	0.032143593	0.45963144
0.556326	0.51058203	-0.32353464
0.7504101	0.081543565	-0.15203412
0.4040017	0.51816005	-0.07998856
0.00044888258	0.82765406	-0.8072199
0.6069543	0.2957422	-0.037737276
0.7541679	0.6070016	0.6218604
0.48120505	0.93719333	0.31688341
0.068237126	0.3744117	-0.25251016
0.54808086	0.45558453	-0.41746995
0.9504467	0.5148086	-0.41526127
0.6705609	0.8882102	1.1051764
0.9207821	0.97651184	0.6753416
0.18942219	0.70673746	0.2985753
0.3017305	0.095070064	0.9099341
0.16544837	0.96564907	-0.16826563
0.84792167	0.40367204	-0.39390138
0.014058232	0.55965364	-1.1225412
0.052282274	0.6961075	-0.33561015
0.8674047	0.44860548	-0.19408387
0.52730906	0.4333619	-0.4241419
0.4932258	0.40669882	-0.32913405
0.41520858	0.8055034	0.1208915
0.45338953	0.06926161	-0.30819717
0.4236017	0.94618857	0.28861347
0.2575385	0.35595804	0.6170445
0.83929175	0.9850393	0.25227982
0.9940756	0.6578866	-0.732419
0.8285586	0.63752943	-0.39820692
0.032709062	0.79181427	-0.44640905
0.18628603	0.56058115	0.23674928
0.58130604	0.082671106	-0.48705506
0.18194759	0.26897198	-0.010618355
0.5684575	0.4448352	-0.3222418
0.81566	0.31145948	-0.65451306
0.09623778	0.30732644	-0.23305283
0.61145777	0.04645109	-0.057046186
0.9368402	0.60664386	-0.21987778
0.52302057	0.14370465	-0.6038656
0.727184	0.6071787	1.1048125
0.5896183	0.9768993	-0.2268392
0.23875672	0.4036979	0.51217073
0.6631834	0.1796717	0.55597866
0.8821747	0.023094952	0.45131353
0.11956602	0.9558165	-0.18203104
0.45048982	0.24896419	-0.23635574
0.9205128	0.8071969	0.23742683
0.7929597	0.15914541	-0.6034705
0.843923	0.7691972	-0.17234421
0.9767553	0.6677762	-0.42588797
0.330846	0.7832961	0.13984104
0.6951689	0.7342709	1.6353184
0.70634884	0.6868172	1.4710162
0.9259455	0.6337417	-0.11481736
0.19600183	0.1446724	0.112253234
0.93356943	0.28052032	0.0758201
0.7137301	0.15968055	0.28462103
0.9275117	0.41394317	-0.044578843
0.377899	0.1961633	0.34844443
0.23206037	0.029252827	0.6485223
0.94641286	0.6037939	-0.22087118
0.08172369	0.024282873	-0.028025014
0.32887846	0.7542093	0.1285858
0.5119938	0.20266694	-0.5060764
0.80870444	0.9988312	0.6312982
0.5566966	0.25131476	-0.53421235
0.25384206	0.15745604	0.6454729
0.9611237	0.8650363	0.69117
0.72018695	0.7611871	1.4675269
0.4989587	0.7149678	0.066569164
0.6181145	0.15090907	0.10735857
0.47825158	0.4330619	-0.22337982
0.7602882	0.88672113	1.0918587
0.061285436	0.86855537	-0.012687644
0.74391466	0.059711933	-0.0024364442
0.21598965	0.25799286	0.39811653
0.3816437	0.47992992	0.14273869
0.17788047	0.22275335	-0.008191269
0.18088979	0.070442736	-0.03973571
0.87147146	0.73967093	-0.20815893
0.30981302	0.47861177	0.700804
0.3291098	0.40034497	0.66365904
0.53036886	0.37499028	-0.49343312
0.810449	0.10491449	-0.546486
0.7622412	0.2504242	-0.50733143
0.7535069	0.93048996	1.1867921
0.32057738	0.13881433	0.78618366
0.33479005	0.16308844	0.6494642
0.739534	0.5369091	0.6232884
0.6059651	0.3287176	0.06833351
0.61189175	0.70364475	0.53294533
0.9094808	0.36860144	0.18168984
0.45453107	0.8970582	0.31553563
0.11065751	0.7488402	-0.023914635
0.86444503	0.41814256	-0.20848203
0.5796816	0.82068074	0.02150715
0.086512566	0.9564429	-0.010652352
0.82497454	0.9809249	0.39675492
0.7684848	0.16689605	-0.5301909
0.101549745	0.48530197	-0.14599697
0.42637348	0.99743026	0.34225622
0.87757015	0.68733716	-0.26042753
0.4124515	0.27567232	-0.028541103
0.8975178	0.13494682	0.6558106
0.74674684	0.21265465	-0.26148885
0.13726163	0.76945907	0.030072892
0.28898376	0.6128709	0.43503597
0.8580727	0.56603736	-0.37340534
0.38960993	0.56918055	0.054292515
0.06406677	0.088749945	-0.005188983
0.8310611	0.89018786	0.16796756
0.8831992	0.03207177	0.49329576
0.30055588	0.16050267	0.8363605
0.9966979	0.6642864	-0.8141352
0.87059397	0.7527731	-0.21384053
0.40674013	0.62004644	-0.014190504
0.3067745	0.4156698	0.68988836
0.05814153	0.6135162	-0.4183829
0.4744104	0.59379643	-0.10562128
0.83156824	0.7354291	-0.12799254
0.4665931	0.61406696	-0.05383242
0.3413418	0.72304034	0.13103847
0.24504185	0.9861932	-0.0814296
0.5830529	0.5441074	-0.061924845
0.7708538	0.5954789	0.27589118
0.3454597	0.98612905	-0.061448187
0.4272855	0.0085199475	-0.12314081
0.6832862	0.99940807	0.7037165
0.15090322	0.896201	-0.065384194
0.01632911	0.90673053	-0.4236032
0.4467135	0.6360308	-0.029251505
0.5229526	0.26151997	-0.47150788
0.9209413	0.96700233	0.6624257
0.36899012	0.0021831393	0.4500055
0.09355259	0.7605071	-0.07862963
0.26926172	0.90458924	0.040691327
0.23147047	0.1367209	0.5272294
0.2576205	0.7756994	0.21714897
0.26870894	0.17827553	0.72501695
0.09244388	0.7859878	-0.018757768
0.17345828	0.054967403	-0.100843616
0.4609474	0.7700698	0.20599614
0.9647275	0.41864967	-0.8532026
0.03637272	0.73440045	-0.48200795
0.65514886	0.072053015	0.51315445
0.86404836	0.45447296	-0.24719135
0.1327886	0.8440208	-0.053256243
0.49657464	0.48429614	-0.33038238
0.9019243	0.48967928	-0.023095993
0.6712566	0.7437382	1.4269079
0.26604837	0.45757234	0.57336026
0.8924644	0.2534663	0.53217185
0.35550797	0.21545357	0.50462306
0.3316905	0.7076254	0.22420958
0.26266998	0.6910249	0.28673857
0.22414362	0.15569288	0.47032964
0.13086355	0.7243583	0.042336628
0.36103445	0.057994783	0.45993805
0.45570052	0.9260128	0.36013994
0.13107842	0.14835775	-0.39535466
0.53512895	0.37229574	-0.4645937
0.22493964	0.35198522	0.41301268
0.0012114644	0.5834227	-1.3405759
0.24970382	0.56605524	0.46861646
0.56995744	0.9737899	-0.19241345
0.22945684	0.89613765	0.035889402
0.6365131	0.8222414	0.7638132
0.1465652	0.73169816	0.06304898
0.68943757	0.17229879	0.6103155
0.5438225	0.92767894	-0.026473308
0.91336995	0.36450958	0.16099435
0.82288724	0.26467735	-0.49808937
0.16668606	0.8725909	-0.018457998
0.3671444	0.35178894	0.39489675
0.39513487	0.2739246	0.16971661
0.8402608	0.31238073	-0.3571549
0.8369967	0.52337253	-0.52771825
0.5909441	0.7576251	0.115361005
0.30919433	0.23630762	0.7620985
0.5852675	0.08074784	-0.41703653
0.12731671	0.11770582	-0.4413278
0.02046746	0.1446135	-0.16581038
0.0010510087	0.91381	-0.5839894
0.6007608	0.16764915	-0.15399545
0.9490102	0.6499145	-0.19655453
0.14223635	0.46024483	-0.0075811166
0.3437544	0.49220192	0.49240223
0.19828969	0.12346083	0.16756602
0.35661072	0.774459	0.06508633
0.21517241	0.023945868	0.50813353
0.11997473	0.11042911	-0.3862009
0.32735968	0.8523403	0.027884997
0.4189425	0.36982173	-0.1689356
0.676948	0.26133132	0.66659915
0.16117162	0.24710613	-0.16547102
0.6845758	0.8592917	1.3778713
0.17495763	0.8387026	0.064621404
0.26799786	0.9938994	-0.14250317
0.69895566	0.9766151	1.0591002
0.7516486	0.1295737	-0.20682582
0.115318	0.91119266	-0.07385434
0.07114005	0.10598284	-0.015788265
0.67163575	0.17709386	0.5368733
0.9361454	0.38067788	-0.15761359
0.6123418	0.94229656	0.023632456
0.45579267	0.47161114	-0.24372436
0.057250142	0.9737228	0.085580215
0.05534792	0.45486993	-0.45133108
0.32860672	0.64582866	0.3132455
0.6994194	0.924685	1.2196085
0.12059122	0.2519639	-0.322031
0.73208493	0.88966304	1.3526131
