x1	x2	y
0.17008841	0.18810564	-0.02850438
0.29227823	0.07191199	0.104337275
0.4426573	0.8114221	0.33418852
0.6871368	0.33887297	0.21780398
0.43792772	0.28256863	0.6552727
0.09637964	0.36353064	0.07003148
0.53450674	0.24643773	0.28151417
0.12541205	0.64605206	-0.47090337
0.57365066	0.34447068	0.1719301
0.6369056	0.9621052	-1.0875772
0.52730274	0.15730911	0.15814777
0.96236205	0.8598146	0.25949967
0.45227778	0.27414805	0.5784528
0.28902656	0.9359928	0.041813955
0.76119417	0.24287617	-0.05075001
0.51995564	0.6025568	0.27329
0.6321745	0.47171235	0.28939217
0.23831308	0.48462027	0.4460927
0.3618831	0.3321467	1.0151505
0.2521389	0.2575574	0.233365
0.26439124	0.697022	-0.7671848
0.07727939	0.024439096	-0.028338645
0.92765725	0.6794991	0.50515354
0.77654886	0.71810764	-0.3294191
0.30928534	0.18597382	0.08848585
0.1591698	0.46844697	0.41855055
0.62401056	0.03163755	0.9007378
0.11609	0.7814441	-0.61147714
0.5641103	0.8297956	-0.33506554
0.9453553	0.8039468	0.49609005
0.3937407	0.2775299	0.80852765
0.64148635	0.90673226	-0.9215472
0.020641506	0.634221	-0.7932282
0.11455548	0.1024946	0.029777018
0.68092376	0.7543414	-0.37879407
0.6711856	0.645407	-0.020482406
0.3489588	0.5120933	0.17671424
0.058484793	0.17385137	0.2718549
0.5102301	0.3853786	0.26134202
0.42227203	0.78423405	0.24574819
0.68772537	0.3940308	0.26697356
0.3354411	0.13823307	-0.004669624
0.75734866	0.14851874	-0.45207888
0.6550202	0.40909415	0.19096746
0.88929135	0.18097669	0.23398958
0.17325044	0.55771726	0.19345856
0.51469165	0.28492844	0.292603
0.9993757	0.072179615	0.7154148
0.77095115	0.743412	-0.2618792
0.38464004	0.6771292	-0.27830738
0.41600233	0.12422788	-0.20339371
0.83090633	0.36914635	0.9224104
0.4265433	0.9899341	-0.32889405
0.9841898	0.12781233	0.75719607
0.36901742	0.7831361	0.06646249
0.80989957	0.13481677	-0.5627689
0.1363039	0.7095188	-0.6725425
0.15859449	0.8601928	-0.0009915419
0.11732465	0.20684087	0.10011028
0.6949412	0.7742725	-0.3925028
0.32421237	0.21061617	0.24934262
0.6916097	0.6611391	-0.24622963
0.6282141	0.038954318	0.93948394
0.34924692	0.31659555	0.9973582
0.50517005	0.94796777	-0.6865552
0.13695085	0.49333167	0.26630086
0.69176686	0.78140986	-0.36786634
0.0047576427	0.52059907	-0.47013542
0.89402765	0.17376417	0.23876329
0.81101125	0.4286797	0.8923901
0.95007557	0.070323825	0.6404791
0.5877126	0.86289984	-0.71276075
0.86187285	0.2499569	0.36526597
0.091287374	0.51097244	-0.0126541965
0.25815797	0.81549007	-0.38992214
0.24062067	0.5528079	0.11595998
0.06250548	0.49851006	-0.20549257
0.938369	0.7650362	0.526708
0.7113594	0.20627272	-0.083642654
0.927385	0.25069797	0.64860046
0.9596699	0.086977065	0.69371504
0.2532884	0.3477742	0.55911124
0.58374363	0.7718147	-0.07813427
0.6069164	0.31281275	0.19830014
0.10177356	0.35369563	0.034574997
0.26323688	0.19839591	0.009610187
0.81016093	0.56973755	0.063987575
0.23125422	0.73797655	-0.79993707
0.16278142	0.20598847	0.06533041
0.45156443	0.8280577	0.23582865
0.7553269	0.16263926	-0.37997186
0.1473152	0.6681402	-0.53715926
0.4637537	0.5514071	-0.16594473
0.51423925	0.1420486	-0.013630005
0.4156412	0.34022123	0.9122941
0.41354954	0.814392	0.26909426
0.030808866	0.5455385	-0.47241482
0.99019736	0.052663863	0.77333623
0.67894167	0.9954882	-0.8425666
0.7796455	0.7678953	-0.2343717
0.3114125	0.7056198	-0.5472965
0.558228	0.9838476	-1.0324594
0.018120408	0.7572789	-0.7009476
0.1938613	0.04953593	0.057155117
0.96607906	0.6011262	0.50626534
0.22428405	0.030748546	0.16618648
0.39983833	0.3907594	0.8504477
0.46171892	0.3540526	0.53389955
0.63725924	0.83575475	-0.64960897
0.09728819	0.31043065	0.112685785
0.92566484	0.023013175	0.5398545
0.9009035	0.39942372	0.906946
0.6370195	0.24027193	0.29745832
0.7372853	0.5613919	-0.0042742426
0.3766386	0.9723061	-0.16089584
0.04967463	0.9318168	0.24794485
0.8365354	0.4230854	0.94292176
0.34442025	0.9001576	-0.0046931915
0.6999767	0.05595374	0.26479524
0.11367428	0.010766923	-0.07482704
0.2892782	0.41664422	0.82095563
0.6831815	0.79318774	-0.43527523
0.05413115	0.7551095	-0.6901178
0.67402637	0.66407263	-0.13666403
0.041033447	0.16550654	0.26619342
0.43997443	0.7421419	0.30740118
0.38141423	0.34383774	1.0248976
0.54559207	0.5393298	0.2576401
0.43924773	0.5403754	-0.12558152
0.2400111	0.92090476	0.117218405
0.5298663	0.75004303	0.23337659
0.08407217	0.34746546	0.09270346
0.67123926	0.17479908	0.23940313
0.52422416	0.22787368	0.25532013
0.34405428	0.52453494	0.109347396
0.106687725	0.6573628	-0.5878485
0.8159551	0.061139464	-0.64495015
0.46782094	0.38868064	0.3986061
0.046488345	0.39442825	0.05978191
0.9106349	0.56489396	0.60680944
0.48290074	0.9636466	-0.5276456
0.64731544	0.8856061	-0.8944407
0.104813874	0.7677018	-0.6176471
0.8853986	0.7297947	0.4218512
0.42698342	0.9537974	-0.2085152
0.25420618	0.67960066	-0.7234219
0.004179895	0.12583983	0.29114494
0.040919363	0.114269495	0.18641828
0.3024124	0.06483537	0.19778517
0.15782344	0.24404633	0.074283734
0.7301868	0.9650397	-0.49720073
0.759065	0.28364336	0.19448455
0.20515919	0.76130015	-0.7595626
0.20003504	0.08941108	0.055429105
0.30392873	0.96536595	0.036933858
0.9072646	0.079438984	0.30706653
0.9853925	0.22913694	0.6723917
0.28497267	0.03840077	0.33626246
0.9181684	0.8944003	0.23495089
0.97468567	0.6487974	0.4910466
0.30381167	0.7913132	-0.36835167
0.36906838	0.0281021	-0.057261385
0.22703093	0.7852263	-0.6126831
0.046671808	0.0034293532	0.028236132
0.9533632	0.09100056	0.7143997
0.61032003	0.98167855	-1.078119
0.6275016	0.43874633	0.28028235
0.68342197	0.98429024	-0.8234066
0.14417899	0.742408	-0.7120262
0.30050594	0.18155229	0.02948545
0.4736147	0.8148531	0.21017456
0.09140301	0.38411254	0.08594509
0.37445873	0.7842743	0.08555027
0.68692636	0.7512586	-0.37032875
0.8861198	0.7729683	0.3781731
0.3023979	0.5624671	-0.17338493
0.8801496	0.8088601	0.4962356
0.14869636	0.49792033	0.21722285
0.7072672	0.66696095	-0.2279895
0.49460894	0.4602248	0.08869847
0.7030515	0.29053593	0.076089844
0.8194679	0.115504146	-0.618737
0.0688166	0.5589635	-0.33814776
0.5865988	0.65623236	0.28868088
0.17930913	0.6378494	-0.39507544
0.08029187	0.74357593	-0.65679884
0.8155865	0.25865394	0.26951224
0.58648735	0.81544554	-0.33420318
0.42275733	0.69348466	0.031798776
0.18332744	0.6260738	-0.2261433
0.65054345	0.5878868	0.18548994
0.17196459	0.51512754	0.369656
0.81943667	0.11924422	-0.5793736
0.64301	0.28096682	0.083916314
0.26113123	0.17342234	0.017363934
0.74432456	0.86017257	-0.3363835
0.07530886	0.8898401	0.08106142
0.7874907	0.6067788	-0.20244099
0.8543704	0.607481	0.10521511
0.5839048	0.8326726	-0.45322248
0.46222603	0.846177	0.12127925
0.46057832	0.93188167	-0.36354008
0.54356927	0.31658417	0.24920702
0.42286676	0.0582636	-0.4853232
0.25967687	0.5761762	-0.12191729
0.04542017	0.089736104	0.13088164
0.6242058	0.6481674	0.22642684
0.2969876	0.97163874	0.043962494
0.32842648	0.20634353	0.23233004
0.59623706	0.73225987	0.009487823
0.24381614	0.62412775	-0.46336943
0.63462627	0.7100367	-0.050075486
0.58096176	0.019676864	0.46044183
0.033429623	0.91618437	0.066011116
0.76973456	0.9712884	-0.28541318
0.7686172	0.63818955	-0.32187033
0.36628228	0.6847348	-0.2953781
0.7147391	0.18712807	-0.1003985
0.4934597	0.009458244	-0.773378
0.7300341	0.42387462	0.4490188
0.13336319	0.79384595	-0.49957168
0.37302428	0.15980297	0.043927222
0.4517051	0.20276439	0.17538877
0.5562035	0.67917114	0.3776163
0.52466714	0.51560783	0.13729101
0.4192955	0.85793656	0.21756423
0.9083573	0.5081047	0.78126776
0.08203268	0.73504937	-0.70141524
0.69549537	0.7335907	-0.3160257
0.3148706	0.71148103	-0.5650903
0.8781577	0.8311901	0.44368127
0.10279316	0.5579402	-0.12481179
0.07786065	0.07755262	0.091288656
0.16223937	0.70311016	-0.6831755
0.83311266	0.13203466	-0.47822037
0.3993116	0.6600544	-0.2280343
0.7609949	0.7247708	-0.38598582
0.83836037	0.78729916	0.20826638
0.15507424	0.6986024	-0.73422396
0.58245564	0.0873248	0.6180861
0.8233	0.80433077	0.12622431
0.16898036	0.4796208	0.4236275
0.74868065	0.6313641	-0.27964938
0.978888	0.110121965	0.776592
0.44848	0.0099108815	-0.76055586
0.99870354	0.23037845	0.5961402
0.75152755	0.8040994	-0.30477023
0.35653168	0.19509423	0.2849255
0.9121851	0.9954061	-0.3097536
0.43886077	0.44050467	0.3356643
0.93134797	0.542564	0.6751012
0.21454167	0.782423	-0.64660615
0.02634865	0.5910249	-0.70519286
0.13956082	0.48196036	0.31673414
0.32747614	0.28490293	0.7308529
0.29789072	0.63086087	-0.55853987
0.63550013	0.089646876	0.8035296
0.98248875	0.8199121	0.31531638
0.105757356	0.9746175	0.89500797
0.4132501	0.18103343	0.16915908
0.7184993	0.6044537	-0.19350998
0.29585224	0.6701635	-0.65386367
0.6759056	0.7034305	-0.26748618
0.18654823	0.06514484	0.07121664
0.42935652	0.030892015	-0.60355765
0.60426676	0.013313472	0.8174157
0.41060698	0.8878961	0.09173388
0.16425228	0.38024276	0.2992662
0.7063116	0.12187457	-0.0012578033
0.026422441	0.3094393	0.28157112
0.6087745	0.63022655	0.25545192
0.20796776	0.37546134	0.40448692
0.38461775	0.021294653	-0.20259883
0.51199204	0.44995946	0.12501626
0.09764677	0.2426545	0.10881225
0.8673481	0.68797207	0.1759619
0.07819283	0.6862727	-0.72922355
0.0038852096	0.20721471	0.44999126
0.5771411	0.44760966	0.24812287
0.17451888	0.5823573	-0.0009117462
0.6066049	0.8739257	-0.82819414
0.39421135	0.9611193	-0.11163307
0.81291085	0.30008894	0.54182565
0.8779099	0.24140364	0.3869702
0.59922	0.68071586	0.19763938
0.5189617	0.6659733	0.32965338
0.7252158	0.04768139	-0.100733854
0.7794557	0.67744476	-0.39579862
0.25622863	0.89420575	-0.04699105
0.61302257	0.14965749	0.6372283
0.9566172	0.71123123	0.51567304
0.8362352	0.58259994	0.130855
0.63994557	0.59318584	0.22009043
0.9535289	0.93671644	-0.09225909
0.67597777	0.50130475	0.2816318
0.1569252	0.76890737	-0.65449077
0.24065858	0.53668946	0.18609801
0.80208546	0.312024	0.62796515
0.45892316	0.16095424	-0.11223303
0.34974867	0.0960722	-0.018950237
0.39722353	0.9485772	-0.16423133
0.0914948	0.23715508	0.104194105
0.102039814	0.28877056	0.10695057
0.8126717	0.8051172	0.08246836
0.992785	0.6880392	0.36571875
0.9308737	0.26775396	0.61686707
0.27450013	0.044083416	0.30578893
0.001429379	0.61215985	-0.8110117
0.4072684	0.130211	-0.18717758
0.42181414	0.05055034	-0.5503872
0.77452147	0.8251304	-0.10725044
0.44092697	0.47981954	0.106156945
0.5353672	0.5505457	0.25230327
0.52669513	0.27669227	0.25606012
0.3820151	0.6942235	-0.20254086
0.43425745	0.73587966	0.24966913
0.33965284	0.9617701	-0.064494796
0.8396571	0.1772281	-0.2057631
0.064632535	0.7336445	-0.81416345
0.07979506	0.9880636	0.7181639
0.051513255	0.7918212	-0.5251428
0.47680694	0.6206189	0.06651818
0.91771364	0.92187417	0.066544645
0.379601	0.27542406	0.82559735
0.6376734	0.46152455	0.31659374
0.10254079	0.00580132	-0.03801189
0.1509378	0.86116725	-0.07855822
0.51860344	0.55567765	0.08205029
0.22880304	0.26651126	0.19423828
0.6414167	0.8898624	-0.8390968
0.2370652	0.17158109	0.034201078
0.6196886	0.4976532	0.38982153
0.3443374	0.003613174	0.15486081
0.94271946	0.36281085	0.7249915
0.692086	0.09472036	0.3316118
0.08957255	0.83621186	-0.20663564
0.115888834	0.51606274	0.13974537
0.583995	0.58292174	0.40984192
0.10710889	0.78387743	-0.54218525
0.46034175	0.6721223	0.1833371
0.87557757	0.1340568	-0.06862494
0.55638814	0.6970849	0.32302058
0.31122774	0.8260627	-0.18953529
0.9074607	0.22716177	0.4893734
0.41159946	0.6780381	-0.098583534
0.24160475	0.0013460517	0.36782113
0.98436475	0.43700224	0.6467081
0.8531186	0.7249356	0.11428861
0.45622325	0.20374787	0.1708673
0.6346129	0.24170727	0.27888617
0.6553636	0.084058166	0.7080176
0.4294839	0.34301913	0.8401374
0.13199288	0.087969184	-0.0116961785
0.310111	0.33496422	0.8318137
0.73903507	0.7437996	-0.34426787
0.2018854	0.31942433	0.23536558
0.9217966	0.08577222	0.44227022
0.3836611	0.6815507	-0.289273
0.036185145	0.029381394	0.019545155
0.7417731	0.25146735	-0.0019222926
0.921313	0.83368134	0.47604287
0.90559673	0.13550717	0.28018975
0.32463384	0.774984	-0.3267756
0.09746045	0.5287068	-0.055284683
0.8538734	0.6372013	0.081691176
0.74578804	0.27219415	0.10453436
0.5312015	0.16673815	0.17617768
0.66349345	0.49447614	0.34066582
0.8219331	0.37101614	0.8853179
0.22453886	0.9130008	0.16519861
0.902195	0.75014013	0.5197009
0.1776247	0.2101388	0.07072751
0.39139086	0.083128035	-0.25693154
0.64535135	0.83947825	-0.608664
0.914024	0.3326136	0.74107516
0.13900775	0.069672585	0.0072202943
0.49551404	0.9505658	-0.60587645
0.40612942	0.9133892	-0.05903903
0.41215068	0.12984192	-0.21195392
0.6168352	0.32049793	0.108602285
0.29583597	0.99671185	0.08139069
0.1822235	0.049634695	0.05367166
0.9602338	0.46200097	0.7339184
0.42245823	0.26241064	0.5916126
0.27570242	0.17737788	-0.01438974
0.4859352	0.29819477	0.4271103
0.9975347	0.44083178	0.54682976
0.61801916	0.20066726	0.42369175
0.52104175	0.3850674	0.20894602
0.50174093	0.22894984	0.18170851
0.37036026	0.4934473	0.26755127
0.7968506	0.40988314	0.8134028
0.85484624	0.9481484	0.05854633
0.10400075	0.49481404	0.100157686
0.33500624	0.8968794	0.02357384
0.23559648	0.5887697	-0.15700021
0.07063019	0.029618442	-0.0038517914
0.8921614	0.007972181	0.14603582
0.6091053	0.65030664	0.23527022
0.51166975	0.18990833	0.08216089
0.24699825	0.11490321	0.007683631
0.19227755	0.37995422	0.32798082
0.82846826	0.3040588	0.6703191
0.51811355	0.3486572	0.31932563
0.547889	0.97437704	-1.0525913
0.5173971	0.1652224	0.12675473
0.06872338	0.26899004	0.20513421
0.9357607	0.2735172	0.69974816
0.021599174	0.41503423	0.039298277
0.52950794	0.9758596	-0.9254877
0.5968171	0.5490797	0.3533805
0.08757478	0.3411355	0.066532046
0.4371854	0.48783284	0.032421224
0.6423793	0.7281157	-0.14262094
0.51528335	0.5613216	0.18878147
0.6035735	0.9517416	-1.1251018
0.45412767	0.9012201	-0.13347694
0.029785752	0.68640316	-0.79140717
0.31478953	0.09644294	0.037400957
0.596655	0.7228136	0.073331356
0.24895245	0.28437263	0.2171118
0.7156763	0.7221404	-0.4343639
0.12396747	0.5077769	0.22159643
0.4523542	0.8777683	-0.020921484
0.82898587	0.2255525	0.005641915
0.36482596	0.45788485	0.58056587
0.004530132	0.51838696	-0.50160176
0.88715106	0.96322	-0.06569606
0.58444685	0.6769	0.26097605
0.5593787	0.660155	0.32304952
0.601238	0.7944317	-0.28892237
0.83860457	0.7039505	-0.031802736
0.012694538	0.045533538	0.13043799
0.6073027	0.20417178	0.39177394
0.30381525	0.23813385	0.33677006
0.4221108	0.93714887	-0.14627649
0.35731715	0.5485997	-0.16533451
0.20570481	0.06454837	0.10445514
0.19752753	0.0984413	0.04247502
0.14503527	0.43144488	0.3623708
0.73704433	0.61012816	-0.21288449
0.9148004	0.93523186	0.038967453
0.787114	0.6569392	-0.35530168
0.25062293	0.8597646	-0.21235736
0.70920074	0.026742458	0.28072432
0.8670274	0.09104341	-0.26726088
0.75354177	0.91573983	-0.348875
0.7124823	0.05916488	0.0626505
0.6269777	0.5905396	0.27493227
0.6248481	0.47762728	0.33913663
0.062362134	0.27180082	0.21274345
0.40863097	0.5788389	-0.2668955
0.98096746	0.37364155	0.6085152
0.3374384	0.62057906	-0.39892057
0.06354648	0.75678325	-0.7075004
0.2505747	0.15278506	-0.05716933
0.054312706	0.9117573	0.17375626
0.97757417	0.7288393	0.38395578
0.37603492	0.9183203	-0.0063613085
0.41874534	0.30295622	0.8324741
0.36709076	0.9565746	-0.10834031
0.10786289	0.016968548	-0.049153324
0.7179646	0.89822316	-0.54241556
0.079185486	0.17746997	0.19945401
0.4327426	0.6642628	0.032406818
0.83854544	0.24952394	0.27761728
0.25752974	0.6031394	-0.2478348
0.8685694	0.47857422	0.80243057
0.41352272	0.37442666	0.85722256
0.97121763	0.15303373	0.7733388
0.09976202	0.9450458	0.5941065
0.5535205	0.24144977	0.30193788
0.019358814	0.4254306	-0.06271599
0.5297395	0.45501298	0.13635872
0.5595594	0.8319265	-0.35423166
0.99812037	0.5890901	0.45052478
0.29253882	0.37034404	0.8045014
0.09419066	0.45050025	0.07157339
0.84720695	0.77569216	0.21320859
0.11976987	0.8836567	0.21826258
0.42651248	0.37925702	0.7290878
0.86163396	0.67861634	0.12498382
0.2552951	0.029515505	0.31961346
0.1360938	0.9164735	0.51615185
0.24227428	0.74800086	-0.8024196
0.32522953	0.88117564	-0.0052096993
0.85913527	0.71274006	0.15364604
0.31570774	0.7191589	-0.55957055
0.79540145	0.28047973	0.35385293
0.35842693	0.811154	0.101035416
0.9732211	0.23282963	0.73164326
0.64244604	0.81217504	-0.46248424
0.89076436	0.5894057	0.43798083
0.9328611	0.05866623	0.5811622
0.025717735	0.5550696	-0.515757
0.4417855	0.7437696	0.28821293
0.6093722	0.5346724	0.3876224
0.20906281	0.44109887	0.4623928
0.5495677	0.60096776	0.30397877
0.3084073	0.79344594	-0.33711177
0.35026097	0.9984905	-0.12994176
0.5463897	0.9401624	-0.9202443
0.55134815	0.10643315	0.29444492
0.5406033	0.815263	-0.11155446
0.7580772	0.84750843	-0.2275187
0.42496693	0.6043045	-0.14907905
0.5039577	0.31272507	0.32588384
0.3385859	0.986435	-0.09277955
0.23351532	0.43034875	0.56206423
0.95249856	0.22369963	0.6865616
0.06702548	0.06421965	0.014628757
0.9595444	0.27530634	0.66597056
0.8678091	0.38402408	0.97741735
0.58251846	0.44152266	0.2288383
0.05961603	0.07890898	0.0714071
0.12921816	0.68832165	-0.67557067
0.09673154	0.9104343	0.354613
0.15941185	0.6878182	-0.66836995
0.50322974	0.8909379	-0.3747298
0.1845504	0.7543152	-0.7621456
0.6297918	0.2419278	0.2416719
0.5907403	0.75455517	-0.03606756
0.58751684	0.14190573	0.6068954
0.9411455	0.48300165	0.8022655
0.30588007	0.9616084	-0.0069120955
0.69077504	0.30874413	0.121176265
0.11806667	0.9540057	0.7174306
0.7526599	0.2757221	0.10067176
0.6260469	0.8184393	-0.5120254
0.5761882	0.5772148	0.40481994
0.10863578	0.021420836	-0.07392555
0.47316986	0.14264286	-0.19994819
0.04513681	0.4871785	-0.28643626
0.26178974	0.79140437	-0.54655975
0.09028596	0.26575947	0.071166344
0.14139122	0.5247384	0.25113517
0.7589528	0.8063454	-0.25668865
0.66300493	0.022125602	0.7701301
0.2249744	0.33240658	0.4001245
0.52532405	0.3608663	0.24897484
0.86838806	0.87986666	0.29123023
0.32640684	0.27333444	0.6226782
0.84422904	0.1953553	-0.04428603
0.47043145	0.08544743	-0.4365963
0.925319	0.6752163	0.4760691
0.15747076	0.50635564	0.31963247
0.88415974	0.61060286	0.32152647
0.881189	0.19189548	0.17786303
0.6000582	0.24160522	0.2509599
0.35591608	0.71310264	-0.29925036
0.1559267	0.4111747	0.27081135
0.76098615	0.19258666	-0.31825414
0.31673992	0.85928845	-0.06486323
0.93963397	0.09243584	0.65868217
0.8814104	0.21457565	0.32421824
0.5195346	0.22133583	0.19498754
0.06084305	0.27000046	0.17403316
0.50296944	0.4881655	0.084645644
0.5257274	0.5279338	0.20449826
0.9798066	0.62152743	0.45328242
0.019002378	0.84533685	-0.3880731
0.25026357	0.92925805	0.1398894
0.13255233	0.05260259	-0.0140499985
0.8662835	0.6438404	0.15082513
0.020723999	0.5184706	-0.48999217
0.79389143	0.60870934	-0.22902101
0.80002636	0.5545561	0.13827324
0.8731177	0.18317163	0.04971975
0.9686155	0.07322979	0.80352396
0.5414827	0.7319667	0.30857292
0.980384	0.39640135	0.69482094
0.42690593	0.28621	0.72488815
0.5435388	0.05038315	0.05282689
0.70773375	0.022927284	0.198962
0.23194486	0.3299294	0.42258295
0.533049	0.10050672	-0.016045284
0.7427563	0.32775247	0.33953953
0.2541923	0.9526652	0.2117094
0.8436255	0.10292894	-0.5315855
0.27454495	0.3522097	0.6794739
0.37517703	0.60289276	-0.41168696
0.4506727	0.98599267	-0.44249833
0.9933425	0.44329906	0.5768601
0.53892183	0.34340054	0.23767315
0.44796222	0.7640645	0.369073
0.2689168	0.9612611	0.19288048
0.34898823	0.32586706	1.0219969
0.13065338	0.31164616	0.091934144
0.90421784	0.064983666	0.2706205
0.29542774	0.17551535	0.03485393
0.95255643	0.9486459	-0.17462304
0.9365963	0.4554656	0.7728479
0.27237493	0.5597167	-0.0029630493
0.4610117	0.05068499	-0.635124
0.12022889	0.10322505	0.065005936
0.7587891	0.58990234	-0.1969557
0.579605	0.46196276	0.29635933
0.7128155	0.9872613	-0.617746
0.809079	0.17435724	-0.34288883
0.45250702	0.11992854	-0.39501944
0.08510649	0.9559882	0.6581192
0.014182389	0.69423294	-0.87406015
0.62611216	0.8029537	-0.45225537
0.5512568	0.20582378	0.2801519
0.5840136	0.48991656	0.33538356
0.08293986	0.4488412	0.026232172
0.2052356	0.5038644	0.39503485
0.9442272	0.87425506	0.19269994
0.388017	0.8141193	0.19879799
0.7379475	0.23158509	-0.04749303
0.36512733	0.8376183	0.17384312
0.6011025	0.6106572	0.3314091
0.7832235	0.7941542	-0.14691448
0.9991834	0.6869	0.36182025
0.3208655	0.3169207	0.8343141
0.8202072	0.18441033	-0.24131162
0.23834229	0.1485759	0.05705616
0.030278027	0.2645384	0.28240854
0.014374256	0.7518972	-0.7296991
0.9370458	0.6102911	0.6148519
0.06519824	0.9579461	0.49160412
0.44641906	0.5800914	-0.18212686
0.3737983	0.74251634	0.003469009
0.49227744	0.33731586	0.40243977
0.5391605	0.9938173	-0.97491103
0.72659934	0.6965387	-0.38867265
0.77347946	0.5549862	0.027087113
0.85721505	0.17268199	-0.11390129
0.9235807	0.32747436	0.69535047
0.56014746	0.94481844	-0.91203076
0.3846467	0.2728209	0.8257677
0.037132084	0.3741594	0.13455094
0.07377112	0.8273569	-0.27843118
0.41611367	0.563463	-0.21644892
0.40478516	0.07632512	-0.3323146
0.47698933	0.3673786	0.36814404
0.1799888	0.5373589	0.22904024
0.1854698	0.8037841	-0.52075225
0.42805803	0.0051010847	-0.61924446
0.94177383	0.5338744	0.65482205
0.97997	0.2788028	0.61863226
0.44585866	0.10114068	-0.4580051
0.7455361	0.5305872	0.10178538
0.6674428	0.1956802	0.29590106
0.83223957	0.07301551	-0.669358
0.9494838	0.9559202	-0.22675954
0.21005476	0.5020581	0.36363792
0.26980728	0.9621808	0.16927727
0.13398749	0.51745015	0.20354427
0.32245493	0.038031816	0.24976084
0.8112535	0.13085216	-0.6063226
0.6439629	0.08685297	0.8098665
0.75386566	0.2050116	-0.25679323
0.005968094	0.32384557	0.37266105
0.20332879	0.37659752	0.36358455
0.31555927	0.5921622	-0.30684233
0.0128599405	0.47426575	-0.22686873
0.37780213	0.26833743	0.7478217
0.34081227	0.4618616	0.6392636
0.57867646	0.80538225	-0.3112349
0.3880353	0.87481105	0.13733366
0.59199315	0.9467001	-1.0807327
0.40164953	0.5373552	-0.15641119
0.3279258	0.6541624	-0.5028322
0.21837902	0.97697717	0.5649609
0.35930008	0.2419911	0.5259114
0.004662454	0.15812749	0.3727875
0.45975482	0.9886938	-0.42452294
0.8153196	0.22198844	-0.013550682
0.98287386	0.24146998	0.67217314
0.62974674	0.08944392	0.8251846
0.19092774	0.4413308	0.49176332
0.77395403	0.55681676	0.0417009
0.09360403	0.114881575	0.12245501
0.9020622	0.9343049	0.07951894
0.106099844	0.44606853	0.17885771
0.28627402	0.5678324	-0.09074101
0.080109954	0.7087874	-0.70675254
0.62577564	0.89553577	-0.92655003
0.98826456	0.6880236	0.44008726
0.15700704	0.0014460087	0.020952936
0.103719294	0.65931535	-0.6687428
0.2272203	0.82192844	-0.483941
0.5106768	0.9271437	-0.6733902
0.46359593	0.7525857	0.34873006
0.70484424	0.30279046	0.15696149
0.25465995	0.47441226	0.4887145
0.68944687	0.105897605	0.3044895
0.1843059	0.7341925	-0.7503796
0.23672879	0.9297436	0.19647977
0.20838368	0.9945578	0.6150305
0.70619905	0.5063585	0.1962608
0.9271168	0.8551525	0.39944065
0.24457103	0.88434005	-0.04261867
0.4590785	0.12826759	-0.297267
0.79070497	0.6861925	-0.35598755
0.49962395	0.28389686	0.3442062
0.37226892	0.7053656	-0.21508737
0.15300226	0.7920615	-0.51542
0.05275309	0.2864614	0.18988931
0.1913333	0.40923923	0.44204086
0.1742295	0.8360292	-0.3218086
0.44962043	0.69225615	0.16615051
0.5512191	0.8941856	-0.7218803
0.93422365	0.26624125	0.65983796
0.4952026	0.8268017	0.060377613
0.63199604	0.539776	0.35232386
0.42311072	0.9902253	-0.38314474
0.460854	0.5532226	-0.0876784
0.9320714	0.9959258	-0.3643725
0.8733383	0.7088128	0.24716489
0.9886616	0.80212975	0.31042552
0.49072582	0.14985073	-0.098997116
0.39349455	0.5622888	-0.2888054
0.5511677	0.04298812	0.076594666
0.89938843	0.66065276	0.370399
0.5037521	0.6765997	0.33951545
0.8958819	0.8831229	0.34498093
0.3303873	0.29977262	0.84131086
0.9545878	0.80083174	0.44057244
0.20754027	0.09087199	0.10593803
0.52896976	0.85093886	-0.27332065
0.98188365	0.72818834	0.42902124
0.001917839	0.4102671	0.063884534
0.061856806	0.49994153	-0.21884689
0.30412143	0.63228387	-0.5060518
0.1656276	0.23436326	0.07859899
0.57732946	0.10195118	0.51261544
0.12931782	0.1265049	0.06971982
0.82160616	0.035930693	-0.65589356
0.9859653	0.91757894	-0.05572865
0.40661615	0.339611	0.9114069
0.6114418	0.6382571	0.22882082
0.53343445	0.480492	0.1484938
0.37454188	0.8912273	0.04625501
0.7637043	0.40305275	0.69365376
0.065847754	0.09699494	0.08738597
0.78262407	0.49718338	0.4205353
0.48571402	0.49021173	0.0017523649
0.58794457	0.42426294	0.34000444
0.44183117	0.4977166	-0.004408816
0.8206575	0.43257165	0.8633502
0.8124196	0.6374287	-0.22026435
0.775971	0.15655273	-0.5137469
0.871597	0.72440493	0.29362234
0.69111973	0.11406392	0.18615313
0.8679723	0.5227738	0.6177219
0.61316466	0.9587134	-1.1217422
0.09357637	0.22125334	0.12959398
0.084207535	0.8922099	0.15456235
0.6581063	0.15618426	0.449277
0.6343194	0.9945238	-1.0937377
0.71479934	0.8238509	-0.44210237
0.7616208	0.08866286	-0.6080716
0.11137581	0.5393441	-0.0030447338
0.56551397	0.61789304	0.33376363
0.020249665	0.30682576	0.3716847
0.43908387	0.70187	0.19704117
0.09650302	0.024862885	-0.043066308
0.27942294	0.43407458	0.75425196
0.23309284	0.3776347	0.4980802
0.64971375	0.55210453	0.2425431
0.13316983	0.3643118	0.14673133
0.39596462	0.038339555	-0.3630271
0.47009557	0.15514785	-0.14172477
0.16041762	0.3571577	0.17964193
0.48370987	0.93659055	-0.44312185
0.37679034	0.8615298	0.14749348
0.4925303	0.77491444	0.30613476
0.25471312	0.2852705	0.28934464
0.09009844	0.533186	-0.082327425
0.39151043	0.5748271	-0.31073248
0.88522214	0.06993419	-0.00832352
0.9804064	0.47979707	0.62365574
0.51627624	0.54424196	0.12632965
0.18680501	0.08608657	0.07804997
0.08129871	0.884439	0.13442315
0.40240908	0.6224183	-0.31854415
0.38309407	0.8753397	0.054826148
0.1464659	0.42296028	0.3032987
0.92249954	0.4657948	0.8230312
0.3417598	0.6146255	-0.40183496
0.10083771	0.39958638	0.09469171
0.07545692	0.9409705	0.46689188
0.2579307	0.18165177	-0.018990213
0.04720944	0.43127704	-0.018963795
0.63179463	0.1432665	0.6101356
0.37381577	0.8901985	0.08517966
0.3757875	0.32016873	1.0599062
0.31970334	0.2370668	0.3668168
0.67981535	0.30393964	0.058642782
0.0074409246	0.444862	-0.14513078
0.2686376	0.102421165	0.04132177
0.03108877	0.095000386	0.2159583
0.026013315	0.27363622	0.33337894
0.32850158	0.8666317	-0.03995133
0.944239	0.33871448	0.6982551
0.91547984	0.54572016	0.66147256
0.4979813	0.20888865	0.17987579
0.42065555	0.11728412	-0.30647665
0.8742174	0.18648267	0.10801827
0.7836315	0.62659234	-0.29399094
0.81782407	0.27916414	0.41052788
0.87852937	0.558537	0.5033842
0.8882016	0.052060246	0.00920007
0.3295232	0.30387866	0.7929963
0.1955567	0.42714322	0.49457067
0.22087115	0.26063275	0.15775084
0.40107727	0.30114508	0.93687606
0.7691675	0.32069135	0.49047863
0.20434523	0.03740245	0.15189233
0.8367627	0.8051573	0.1777345
0.14090955	0.7745247	-0.6094427
0.6601668	0.91607314	-0.8793537
0.5258434	0.8520082	-0.26606426
0.8787492	0.124862015	-0.040420935
0.5798345	0.7208296	0.1826355
0.17521483	0.92698085	0.5380687
0.9952229	0.2988543	0.5138769
0.75993514	0.37301743	0.60337883
0.22480202	0.45096713	0.52432567
0.71587586	0.9952452	-0.57711834
0.84057015	0.6177885	0.06385872
0.53247255	0.78511006	0.09192009
0.9820793	0.4394399	0.6447115
0.77868396	0.2526253	0.09105472
0.19064713	0.8448293	-0.21986465
0.7532692	0.012979925	-0.30922934
0.03186685	0.83303833	-0.35407612
0.68002987	0.677517	-0.25110683
0.17407745	0.7946335	-0.52086926
0.50969833	0.22469527	0.19239832
0.935117	0.9257018	0.012981709
0.89549965	0.7846923	0.4653727
0.4002006	0.9077969	0.023346754
0.8611021	0.5640467	0.30930695
0.41462868	0.20620841	0.3316025
0.38723248	0.17520887	0.12542316
0.69983023	0.45905828	0.32407174
0.659087	0.43395764	0.29225838
0.88823944	0.13511294	0.08917263
0.8252771	0.6819781	-0.11004011
0.46957707	0.609675	-0.01612788
0.97605413	0.90108997	0.050378446
0.49880427	0.65076584	0.3276543
0.04787469	0.876609	-0.10317944
0.598751	0.25795823	0.23089258
0.070313215	0.80034417	-0.44988263
0.038301528	0.38051826	0.06019503
0.54409826	0.83746755	-0.30860502
0.22297138	0.27663457	0.23137103
0.017918289	0.64575547	-0.88296556
0.6167903	0.79891104	-0.39284706
0.15894413	0.93352306	0.5877043
0.53852737	0.99000555	-0.92424685
0.7077847	0.8720713	-0.63469994
0.37982935	0.7164112	-0.1592209
0.23327255	0.4994356	0.44040573
0.5092389	0.21855927	0.23074299
0.1843853	0.080008626	0.058325645
0.58251435	0.81211674	-0.3410204
0.05644059	0.094109535	0.08211155
0.021302342	0.4773953	-0.23179387
0.8541904	0.89601463	0.17893988
0.7196869	0.08895236	-0.0652356
0.8585157	0.88587147	0.27508757
0.54787123	0.14197922	0.2819402
0.0745244	0.9504498	0.53114945
0.5271358	0.09940243	-0.045219712
0.71599275	0.5092419	0.16941808
0.3860343	0.67220163	-0.26779103
0.53747004	0.8660406	-0.4345656
0.46712083	0.0594303	-0.6353892
0.17014897	0.46584457	0.4186457
0.15204978	0.55445224	0.09234527
0.84827256	0.39522207	0.92700154
0.1170252	0.9724685	0.8028454
0.6276664	0.63030833	0.2209408
0.38729787	0.003494382	-0.2290033
0.76933	0.42168313	0.66984075
0.42189342	0.44580352	0.4322744
0.0919438	0.039911985	-0.021485142
0.10046142	0.14385885	0.057532944
0.87805897	0.14773762	-0.06161616
0.31896085	0.42805994	0.8089682
0.55329996	0.51172316	0.29809713
0.69215	0.22813708	-0.036198303
0.8505858	0.95563215	-0.008258253
0.2711779	0.4233467	0.69886374
0.0841496	0.16616493	0.11561991
0.22084057	0.2706777	0.24142106
0.6049533	0.7176061	0.08311021
0.62821376	0.67142123	0.014880896
0.44519156	0.71023124	0.24873005
0.41997308	0.81860197	0.2869713
0.21719676	0.48144603	0.46339524
0.8835529	0.29349744	0.649115
0.1802203	0.31931812	0.20488475
0.41915148	0.068149626	-0.4269569
0.96768606	0.65696883	0.54652643
0.19170481	0.77739096	-0.66071874
0.78822774	0.5460495	0.10119675
0.08376551	0.17384315	0.13190821
0.2398336	0.18705791	0.034433685
0.766266	0.59140074	-0.12892352
0.19523925	0.42499822	0.4697981
0.8480081	0.8158685	0.33788887
0.039371848	0.010996044	-0.0071226005
0.8283951	0.18253165	-0.25453484
0.29381108	0.9643908	0.079428315
0.077769995	0.33932889	0.028739676
0.54079497	0.58936936	0.32507887
0.35687143	0.3339615	1.0153731
0.2512949	0.3133121	0.4084424
0.15984088	0.5378903	0.27758935
0.26681393	0.35476387	0.6286247
0.06194341	0.39724928	0.046563547
0.78406274	0.23606622	-0.08244175
0.6586954	0.013776362	0.81817037
0.5553514	0.69054264	0.32082734
0.27084142	0.72040445	-0.70334595
0.5374048	0.03140533	-0.13097961
0.96957374	0.10492569	0.7544526
0.76082504	0.45084542	0.61408466
0.6735552	0.43075484	0.17938396
0.5340839	0.31017357	0.2844843
0.05028552	0.82318074	-0.37101254
0.6106872	0.7619053	-0.20759436
0.14515328	0.27956504	0.105294034
0.9670226	0.74107975	0.48766053
0.013865888	0.61594623	-0.8693719
0.18753237	0.97983974	0.7123447
0.63151747	0.7722121	-0.23925588
0.4745468	0.6093705	0.047718383
0.39126784	0.9844882	-0.27523166
0.7797686	0.9568289	-0.21182337
0.1026414	0.95251334	0.7403412
0.6335689	0.6396357	0.11536809
0.035755396	0.04630685	0.019637376
0.9253341	0.66689295	0.46007562
0.7645987	0.606923	-0.21781223
0.7049686	0.008721888	0.3531698
0.66818553	0.4062479	0.24267367
0.4064163	0.7558185	0.2197877
0.5712859	0.46955216	0.2913646
0.2809316	0.2776696	0.42349672
0.015214801	0.73085326	-0.81207925
0.86027694	0.38178432	0.98766434
0.69847554	0.8737552	-0.61604834
0.83374554	0.25888336	0.38258868
0.79244244	0.7637285	-0.11929111
0.46835357	0.528729	-0.116940886
0.097203076	0.31682307	0.04211444
0.768627	0.811005	-0.19684762
0.4090805	0.9626334	-0.20847791
0.103675425	0.9805844	0.83267367
0.03369075	0.9157444	0.06445481
0.17813116	0.07392144	0.08636202
0.28518325	0.92779726	0.04850835
0.40558004	0.71965903	0.081514284
0.53446054	0.0067023635	-0.32620245
0.042695522	0.33167654	0.24140021
0.69791734	0.9113909	-0.73546845
0.7458558	0.21965528	-0.12534876
0.44233263	0.69417566	0.14053239
0.3790248	0.92641294	-0.04870046
0.0041007996	0.93438894	0.07358599
0.61713225	0.46730214	0.2721175
0.2533872	0.56272066	-0.007901975
0.026279867	0.75682265	-0.69938207
0.58393997	0.76568544	-0.07743637
0.76803875	0.688516	-0.3636034
0.9290778	0.7535576	0.52539027
0.76734734	0.52319574	0.21199927
0.8613048	0.75578004	0.26291242
0.77192944	0.6180956	-0.235721
0.35645992	0.94074595	-0.12352914
0.01118046	0.9202874	0.010431327
0.50337315	0.168316	0.030202035
0.8261632	0.38785452	0.96121466
0.38974196	0.44243294	0.60234165
0.3726915	0.25568485	0.6563662
0.6883124	0.5914965	0.003308407
0.85131615	0.8184316	0.35227764
0.39294285	0.40446496	0.7973119
0.6879004	0.6317036	-0.122342184
0.93402207	0.30339617	0.7164026
0.78177166	0.4542542	0.63141054
0.14260668	0.69088924	-0.6770204
0.2978778	0.98981583	0.035023328
0.21456134	0.18061054	0.045437634
0.93065727	0.15712243	0.4869267
0.24219549	0.06832713	0.17369145
0.91024226	0.6049485	0.54522765
0.94140327	0.2037875	0.6662954
0.39597547	0.61020356	-0.36239663
0.90678734	0.04203242	0.2811445
0.9747774	0.36723816	0.5532112
0.04903996	0.60768944	-0.6497557
0.24327481	0.4906863	0.42390317
0.47433436	0.7764453	0.35482258
0.3170092	0.7310378	-0.42504182
0.043304324	0.57690763	-0.5663947
0.62884384	0.4638046	0.3060875
0.013698697	0.45492882	-0.1452012
0.40532964	0.7777841	0.21687897
0.13589233	0.7648194	-0.67410266
0.14936721	0.75243723	-0.6945671
0.49590868	0.36111486	0.36290315
0.34740162	0.8187443	0.005508609
0.7187656	0.5441641	0.061150316
0.5129211	0.30507755	0.2924672
0.6957316	0.90969676	-0.7397594
0.14197373	0.4217415	0.25456876
0.40273225	0.6688859	-0.12130813
0.9230064	0.746082	0.504848
0.8643484	0.47322547	0.8131228
0.22810143	0.48577964	0.46127418
0.28155214	0.3792532	0.7569374
0.87291	0.50082	0.7238016
0.035216928	0.8415442	-0.25318453
0.4357562	0.34662247	0.76280826
0.3712663	0.45204657	0.6112198
0.4003713	0.9100894	0.009751412
0.54224384	0.39577258	0.16570565
0.075722516	0.94089293	0.46738404
0.6729882	0.9642284	-0.9375956
0.59789	0.015687227	0.7021204
0.4412554	0.10966551	-0.40402704
0.60870063	0.26089084	0.17705649
0.31740946	0.86427754	-0.0921364
0.437042	0.6409478	-0.0969207
0.84781814	0.9436553	0.05977041
0.14432526	0.21230757	0.118384495
0.6851211	0.18629915	0.10301451
0.32942194	0.22488981	0.3203542
0.12651235	0.91065013	0.44704494
0.9990292	0.14459532	0.7621077
0.2862764	0.40388095	0.779635
0.19764137	0.040755868	0.18852797
0.4095556	0.38295352	0.8656889
0.22766376	0.5316894	0.28049436
0.4513603	0.8229284	0.2665848
0.47399008	0.45889908	0.074904144
0.96927464	0.63148063	0.5144012
0.4005397	0.0350163	-0.41244373
0.65642756	0.59896845	0.10237683
0.8480712	0.006998062	-0.3329347
0.7068867	0.83184344	-0.49249023
0.038514137	0.83154106	-0.36151934
0.15174264	0.9374789	0.6660745
0.5189257	0.23932278	0.26775357
0.033984125	0.5308664	-0.44481403
0.8787385	0.117317975	-0.015575118
0.1706422	0.87083226	0.034019798
0.61214596	0.40753615	0.21840377
0.53874904	0.6912853	0.35788378
0.8564431	0.3319549	0.79581684
0.18991566	0.9052214	0.26845413
0.4070201	0.9859073	-0.31303206
0.53432596	0.89691925	-0.6331923
0.37699395	0.6697791	-0.28694642
0.3983721	0.28795445	0.90209687
0.97124434	0.34287977	0.6197753
0.12933058	0.5949214	-0.1486596
0.68612707	0.93837243	-0.79075456
0.8878492	0.35567486	0.90608174
0.4948029	0.9032102	-0.34964535
0.37300622	0.15192974	0.00051658414
0.13873792	0.97410136	0.8408777
0.138645	0.78092927	-0.6511399
0.098951936	0.7426859	-0.69413024
0.6322263	0.66434884	0.074407324
0.052692056	0.42343193	-0.029665817
0.5229011	0.5929681	0.23881397
0.91715103	0.7219875	0.4616382
0.45443356	0.8428849	0.13727835
0.91128695	0.23515075	0.51823235
0.88759834	0.30370718	0.6761467
0.8655894	0.13238078	-0.120934114
0.852578	0.23773909	0.23770793
0.7205196	0.8261859	-0.45203683
0.19449556	0.35938972	0.34851488
0.9628363	0.21823114	0.7029178
0.8152568	0.55794764	0.22095561
0.64114386	0.4115889	0.23867418
0.294688	0.7051069	-0.6962767
0.60594213	0.62425977	0.24629937
0.053955495	0.91428614	0.14208302
0.30600607	0.856455	-0.06158888
0.7869663	0.78001595	-0.15340798
0.60135967	0.42067528	0.22693498
0.11395466	0.14078099	0.081320696
0.44000936	0.6173399	-0.124192834
0.037536085	0.98211515	0.4626138
0.06257069	0.28277344	0.19806576
0.22624654	0.9391372	0.2918989
0.59998065	0.95384324	-1.1129384
0.31474704	0.8891632	-0.05384882
0.8102868	0.4843595	0.5706622
0.29228157	0.45776498	0.6228646
0.012595117	0.2015056	0.35892168
0.79295146	0.10243362	-0.6898154
0.55057126	0.820066	-0.20338717
0.56782824	0.7006745	0.26633602
0.6924105	0.4305585	0.2302456
0.43385834	0.54286283	-0.18609871
0.35441607	0.25781095	0.62774444
0.40353262	0.23257565	0.52459323
0.15517199	0.6877821	-0.6913985
0.7914658	0.5603176	0.065366074
0.15349227	0.3944922	0.28070393
0.4321319	0.38424712	0.7056976
0.7972299	0.9808881	-0.20924196
0.3340795	0.74228126	-0.33518478
0.67202157	0.009513736	0.7640587
0.5752497	0.87666005	-0.634452
0.8708603	0.03775251	-0.22506253
0.30746967	0.43542492	0.7535811
0.34666348	0.59241426	-0.35228235
0.5594522	0.4048478	0.23394434
0.8507154	0.84962726	0.30408984
0.65570086	0.6941143	-0.1562039
0.13521159	0.86998945	0.06055945
0.42201746	0.18051356	0.08710199
0.8059434	0.8734762	0.070547715
0.56055605	0.7790142	0.027063962
0.7488044	0.7356714	-0.38206363
0.44465387	0.5930464	-0.17258509
0.45075572	0.07727063	-0.55444384
0.8822281	0.39779395	0.933526
0.85523444	0.103205144	-0.3918811
0.3162282	0.607198	-0.3837784
0.1290698	0.6089712	-0.26991284
0.6679981	0.08880186	0.6700267
0.36308503	0.40154982	0.9253135
0.23176903	0.58850014	-0.15923122
0.99041873	0.047232628	0.76610106
0.3067968	0.91677105	0.0036365832
0.11581975	0.78641284	-0.49040565
0.0664472	0.16572684	0.17220397
0.67608654	0.9225901	-0.8078827
0.4616173	0.19572961	0.13180828
0.54160035	0.7511943	0.24951567
0.61463374	0.9754099	-1.1166183
0.6544087	0.33386546	0.120599605
0.7575648	0.72653604	-0.36766106
0.2591235	0.6885718	-0.72955066
0.25240856	0.14184493	0.02233561
0.37871242	0.5806455	-0.2828857
0.9978647	0.38648635	0.50807124
0.9650659	0.60661674	0.5072471
0.047815382	0.25393915	0.26373222
0.81274164	0.013153374	-0.6352892
0.79295504	0.27009308	0.25567743
0.30366337	0.29994208	0.63342845
0.26231968	0.23538923	0.14906082
0.84764755	0.033305287	-0.51056445
0.6872803	0.83470803	-0.5630634
0.25411385	0.27663666	0.33256695
0.2238617	0.6641305	-0.61743593
0.65220165	0.22784519	0.24795844
0.62737316	0.2982605	0.16875388
0.9594083	0.23873436	0.65522605
0.6506177	0.986416	-1.0007128
0.8183295	0.8554604	0.17605647
0.5389009	0.7323791	0.3322292
0.0971145	0.37438118	0.11058556
0.053913713	0.49054998	-0.15070449
0.8771385	0.10569888	-0.14793816
0.5000759	0.64382654	0.2606906
0.048305213	0.3616469	0.08422153
0.14066023	0.015542507	-0.036181994
0.15822	0.39049792	0.31427503
0.6051403	0.9563455	-1.1465074
0.011351109	0.07009208	0.19514307
0.3482918	0.72443414	-0.32034326
0.6605042	0.39538443	0.27666658
0.18681747	0.2290008	0.08989592
0.39807516	0.33377862	0.9376324
0.010210931	0.060286224	0.11683453
0.04270345	0.33875674	0.07895155
0.24777317	0.98039883	0.32055625
0.6954497	0.9313996	-0.73271656
0.38994712	0.64273745	-0.26102892
0.39729077	0.22709274	0.5336464
0.047546327	0.085152924	0.15031677
0.22529143	0.30153883	0.27330127
0.2711826	0.2731958	0.34038997
0.74999434	0.35599077	0.4903855
0.1866656	0.5191283	0.29835302
0.3380407	0.22622758	0.40435892
0.035078585	0.38665485	0.07722685
0.2580406	0.87788266	-0.06442818
0.34220606	0.87616056	0.041483358
0.21468818	0.76513267	-0.69437397
0.8276149	0.2555244	0.25631127
0.24313593	0.46161145	0.5442255
0.48210353	0.3476292	0.48860845
0.80938077	0.62336373	-0.1730581
0.16695118	0.6863577	-0.70618564
0.7914949	0.72127223	-0.2576495
0.6687436	0.35053116	0.16923392
0.60884863	0.9758204	-1.2014384
0.18839127	0.25154328	0.13158569
0.3163153	0.09707469	0.049936015
0.020659506	0.82272965	-0.41378018
0.8519733	0.6655374	0.06535888
0.2666546	0.10420376	0.04525858
0.3017711	0.085106194	0.090591595
0.7562734	0.17327529	-0.40086818
0.4710638	0.26131248	0.4224474
0.6655744	0.10211879	0.66877294
0.20828134	0.7628042	-0.7467337
0.110537946	0.3823117	0.05498071
0.6138984	0.82469416	-0.5381678
0.5281762	0.7550612	0.27724093
0.77144897	0.91401213	-0.20008019
0.61760086	0.059167624	0.8647108
0.6347903	0.11347264	0.7063089
0.7764098	0.16341811	-0.487526
0.037691236	0.95871323	0.4034678
0.9077245	0.28411418	0.6566073
0.8968777	0.5190834	0.7081511
0.05979693	0.5238063	-0.25117984
0.7828563	0.0006856322	-0.5608913
0.20974863	0.039683223	0.16677041
0.35243177	0.4252506	0.7983548
0.019677997	0.41957808	0.016184203
0.6261803	0.45852643	0.35813686
0.93878424	0.64137197	0.51712394
0.038475215	0.769702	-0.7241624
0.29307425	0.39441925	0.85820144
0.5598077	0.691962	0.34633785
0.078612864	0.35312426	0.09649402
0.13082224	0.675573	-0.5734663
0.08111423	0.21610802	0.14462337
0.61360717	0.9073424	-0.9650296
0.46104354	0.006593287	-0.8506895
0.35758865	0.13269222	-0.033933837
0.57470936	0.017831385	0.39927325
0.7923555	0.60443294	-0.18818365
0.4422453	0.2078954	0.21759953
0.926394	0.6432428	0.53133315
0.72102624	0.46964747	0.35220084
0.22630727	0.4421487	0.5086466
0.8838253	0.71332836	0.21495199
0.85764843	0.32050008	0.7303318
0.06354058	0.28733993	0.15707842
0.25985676	0.9959567	0.27447394
0.88341784	0.5170196	0.6899641
0.32866168	0.26650006	0.59660906
0.5661107	0.11332005	0.4271857
0.47515982	0.07644272	-0.57473445
0.63640326	0.14159763	0.59928775
0.42429233	0.337247	0.8156811
0.097354114	0.7712016	-0.6008477
0.16301882	0.27438658	0.123664044
0.18212348	0.56954265	0.0968479
0.16096878	0.78825504	-0.56669843
0.7484227	0.07961851	-0.45627144
0.8574401	0.5767587	0.24961346
0.08078933	0.47128385	0.063299626
0.3105076	0.24498057	0.3655775
0.91052085	0.5379028	0.6714066
0.39909267	0.86846113	0.13080889
0.7114845	0.02299434	0.2248395
0.23757166	0.545085	0.14609815
0.16569763	0.08165884	0.015681542
0.81099135	0.035073936	-0.7826582
0.38217145	0.7946745	0.16630366
0.7957647	0.13149619	-0.5674076
0.5541733	0.093247056	0.29674456
0.82804525	0.60032725	-0.030197054
0.25296444	0.52773774	0.22877641
0.9146715	0.49045825	0.81794274
0.3144781	0.3441189	0.91731876
0.7936311	0.68058777	-0.2842408
0.43634963	0.7541812	0.37881505
0.7632266	0.12887317	-0.5699904
0.59572566	0.8633692	-0.7507538
0.0129650235	0.075829744	0.09179259
0.91095924	0.6527804	0.41089538
0.6450619	0.28475875	0.11032825
0.024261177	0.9986862	0.418471
0.23516798	0.050141037	0.21979073
0.48406702	0.2265622	0.2840128
0.6879141	0.38515258	0.26442996
0.27305984	0.17828172	0.047690973
0.027584791	0.590369	-0.6614064
0.089039505	0.0447675	0.01388325
0.21157527	0.1962508	0.024963118
0.15977925	0.9384835	0.5793199
0.40479326	0.5441063	-0.13513425
0.76649535	0.35463464	0.5939027
0.0073124766	0.46775174	-0.24273841
0.98481774	0.50645554	0.6445933
0.73598045	0.60000324	-0.1373316
0.20645487	0.29602164	0.21960382
0.011377871	0.28674346	0.40708706
0.5147367	0.8742179	-0.3239177
0.6976728	0.59214956	0.01126631
0.9990042	0.93697447	-0.106799245
0.73296857	0.71488345	-0.44566652
0.77827424	0.047932386	-0.60688466
0.5627466	0.52637976	0.3071428
0.58606476	0.57182413	0.35363123
0.98095614	0.50371563	0.6134828
0.8093331	0.38517642	0.88829535
0.85211664	0.40455908	0.95494187
0.81427515	0.63405854	-0.21626884
0.8947414	0.40190637	0.93723994
0.94778484	0.32810754	0.67092645
0.7998721	0.5627365	0.0751153
0.3390423	0.622001	-0.4389465
0.30342174	0.34109873	0.8130505
0.1736455	0.7926373	-0.57694244
0.6914536	0.98487407	-0.7800577
0.159868	0.6352733	-0.37293586
0.5280919	0.687215	0.37477413
0.39507705	0.06500554	-0.3155406
0.7347871	0.6657632	-0.38383505
0.88450414	0.5016014	0.7564914
0.46550494	0.91183543	-0.22071373
0.27491683	0.8820583	-0.11497444
0.112553775	0.98034036	0.82829165
0.9612083	0.88154405	0.07242731
0.55845946	0.07999033	0.31500188
0.27681577	0.5732509	-0.18855707
0.825613	0.8201235	0.16123839
0.37838238	0.3354352	1.027487
0.04904008	0.17518467	0.2354448
0.8030518	0.2616824	0.305831
0.29664397	0.7531957	-0.56772125
0.32597518	0.50646317	0.28711754
0.2280308	0.1651113	0.01796428
0.11643839	0.32937902	0.1146585
0.80720925	0.1733244	-0.39847934
0.31746423	0.7018452	-0.53467095
0.5837574	0.5094787	0.3272857
0.22238618	0.53199106	0.2890574
0.13859487	0.9291125	0.5740691
0.15920007	0.29995453	0.14799657
0.73828405	0.3382486	0.3269974
0.3543324	0.17198795	0.066750675
0.5339742	0.7842724	0.104499646
0.06055981	0.3475536	0.086474255
0.7632855	0.22305632	-0.106308356
0.7203613	0.70350564	-0.40664756
0.36658013	0.48441696	0.34840262
0.9981533	0.7224318	0.3589293
0.37059683	0.25688618	0.6594561
0.85959744	0.6205262	0.16638784
0.7240604	0.5550658	0.07057676
0.95575756	0.9875956	-0.39782533
0.59743196	0.5930082	0.37804028
0.62756205	0.76226693	-0.19571415
0.78300226	0.26927888	0.18396527
0.6980123	0.36763173	0.1783796
0.2570107	0.3345881	0.5277767
0.4360106	0.71377385	0.24219418
0.6853255	0.88653076	-0.7315781
0.69062954	0.20572066	-0.0004969761
0.9643712	0.83359474	0.30233878
0.32235605	0.2797792	0.6236045
0.67445844	0.3353294	0.10927099
0.6171755	0.30950022	0.1929926
0.22504628	0.18251145	0.0061203176
0.057186246	0.21744949	0.21634561
0.73555356	0.624933	-0.28405255
0.4372943	0.37484682	0.6136881
0.827247	0.8982647	0.14237626
0.42683882	0.22651619	0.40471014
0.47244018	0.35010183	0.4440018
0.088395655	0.8166424	-0.32838136
0.06760234	0.4411096	-0.024179284
0.4945907	0.5480062	-0.0023692762
0.87825125	0.9756483	-0.11064329
0.5677654	0.46642542	0.27350083
0.17145139	0.21181774	0.10755015
0.42376405	0.7268667	0.1627634
0.55261546	0.1073221	0.26237693
0.7472815	0.4904548	0.31484085
0.8492739	0.6732969	0.04919506
0.761474	0.44196975	0.58075863
0.98330516	0.8623016	0.0913959
0.7154322	0.3717597	0.30029002
0.60314775	0.13291699	0.6971472
0.50264823	0.1371957	-0.09945254
0.44717276	0.16303217	-0.0333014
0.66642904	0.3905961	0.22911109
0.016261876	0.8801963	-0.21256585
0.6482667	0.81437284	-0.51861626
0.10784894	0.38119793	0.0631907
0.2939139	0.8870613	-0.13420333
0.7766547	0.45456553	0.60087824
0.54031277	0.31542438	0.26453462
0.71420634	0.48635256	0.34190556
0.88840383	0.9219888	0.18386017
0.0974108	0.46094227	0.08921656
0.12270272	0.075194776	0.014629174
0.62353134	0.3476357	0.15401232
0.83461	0.64692765	-0.064351544
0.76885825	0.5132768	0.32239658
0.15422732	0.54593074	0.23327476
0.5438841	0.076129854	0.10693355
0.108644605	0.65102834	-0.5495519
0.6491873	0.39872795	0.17996845
0.07603961	0.0043069124	-0.13624397
0.7544922	0.026391506	-0.4120465
0.19579285	0.6988787	-0.69345707
0.7955015	0.6226775	-0.2354264
0.16061103	0.91567445	0.45855266
0.65180725	0.33448088	0.14178386
0.3177374	0.5385846	0.042832784
0.38876528	0.68862367	-0.191376
0.8575543	0.3923872	0.9587534
0.87012184	0.9523115	0.05261436
0.8833714	0.6956031	0.22515815
0.9942493	0.4857214	0.5671743
0.29853833	0.54393846	0.050782837
0.9109016	0.8923802	0.26028898
0.33956558	0.8863693	0.06362583
0.33440536	0.2606439	0.60338086
0.6934496	0.042813063	0.3942732
0.76786363	0.82058877	-0.18269859
0.84885913	0.5433013	0.37728053
0.26675093	0.68793255	-0.69072026
0.598481	0.5692821	0.39541614
0.9787086	0.78000593	0.40357864
0.9415534	0.76740956	0.5697108
0.8993618	0.32345933	0.76798445
0.8307047	0.21220827	-0.04683575
0.22093123	0.82435346	-0.4081232
0.54220486	0.28589857	0.28282043
0.09563172	0.27094567	0.057977885
0.19064534	0.7074563	-0.75942254
0.025372744	0.2186138	0.38818905
0.39790714	0.7144101	0.036626842
0.71515274	0.13028562	-0.03978712
0.58486813	0.33670557	0.22843465
0.26281548	0.47497207	0.559645
0.7801978	0.9076237	-0.19094244
0.9732293	0.82412	0.2794512
0.85151136	0.6656564	0.03741384
0.67962223	0.2993796	0.074967906
0.26823622	0.1815446	-0.034069132
0.48537213	0.7536986	0.3980292
0.12601042	0.15210581	0.09338288
0.9049224	0.83786225	0.4189217
0.1038118	0.11828214	0.09380001
0.3228582	0.14202446	-0.03077282
0.5727008	0.35133594	0.17891328
0.636549	0.52332556	0.2880781
0.75320286	0.3749596	0.5598317
0.58302474	0.41652566	0.26660168
0.6171691	0.49381685	0.34278327
0.8284706	0.24720597	0.15681168
0.68531007	0.39729774	0.2821853
0.768045	0.12382847	-0.57456756
0.1430037	0.39048225	0.31672522
0.73718005	0.70589715	-0.45103854
0.62546116	0.28076386	0.18805441
0.8431992	0.19412947	-0.07761868
0.61794084	0.7763915	-0.27014077
0.9732155	0.54373485	0.58283275
0.29656714	0.711118	-0.72087944
0.9436829	0.07587093	0.6600403
0.007913351	0.4401433	-0.11538326
0.24989611	0.26938438	0.2690253
0.156623	0.5908039	-0.005162265
0.2673399	0.7714761	-0.6134886
0.95273876	0.057804763	0.6869936
0.5323448	0.9630082	-0.8656486
0.99141115	0.37865585	0.57298934
0.7997676	0.74351823	-0.16909789
0.8439379	0.45529163	0.88495564
0.39719886	0.27463228	0.7744183
0.5727967	0.6305061	0.40161914
0.3079087	0.119300485	-0.05806023
0.9702122	0.19996679	0.7002844
0.45769006	0.27036792	0.5447437
0.39035678	0.0066761374	-0.24784964
0.272155	0.66104686	-0.6795449
0.8439881	0.9748604	-0.037352193
0.31781542	0.19783777	0.113607645
0.061006725	0.32881743	0.13043004
0.07561594	0.2013722	0.18102226
0.33489883	0.99578536	-0.12158586
0.17299086	0.13459295	0.06447116
0.3926897	0.796541	0.20400266
0.42744607	0.4950918	0.03302083
0.85355705	0.78762114	0.2838439
0.9053463	0.20654225	0.3742055
0.88391376	0.02174896	0.055013422
0.1766603	0.48216307	0.39298403
0.6726629	0.45302856	0.26693967
0.9699117	0.45156503	0.6914387
0.28033322	0.41498905	0.783155
0.43379366	0.56145924	-0.22902012
0.76400745	0.07510996	-0.61428666
0.5637748	0.9198089	-0.8898565
0.40945274	0.7373057	0.16364728
0.42762244	0.9949794	-0.3653477
0.4894095	0.8228502	0.12782289
0.34004873	0.04142654	0.14131723
0.29278618	0.84718585	-0.21652538
0.5051125	0.42050993	0.15047213
0.90175223	0.17679358	0.3120897
0.15526855	0.68470657	-0.6421018
0.99057734	0.6550009	0.4717418
0.330729	0.70924175	-0.49253935
0.7362621	0.07816011	-0.25999248
0.9383106	0.54106367	0.6823529
0.2929057	0.011740923	0.4511868
0.6183132	0.37092113	0.17195152
0.6051383	0.108314335	0.71699
0.6939437	0.11806762	0.20420785
0.89661855	0.5309273	0.5966217
0.7436002	0.7968599	-0.27271724
0.9508872	0.57692045	0.60136485
0.90147835	0.0843752	0.20183122
0.85901797	0.8667845	0.30672637
0.24256366	0.24080169	0.16907111
0.91256285	0.90182006	0.22435881
0.08384377	0.5053613	-0.03494238
0.12396443	0.7698043	-0.61132604
0.08070928	0.2569245	0.11624541
0.8799546	0.92167634	0.18306202
0.9430595	0.55164206	0.7100196
0.05762911	0.81458986	-0.41654506
0.91329724	0.88530093	0.27775902
0.81443197	0.46012712	0.7537667
0.7511611	0.6094376	-0.22377084
0.26485664	0.82488257	-0.3589539
0.3150196	0.7926201	-0.31466195
0.45443058	0.45509934	0.1260687
0.71208644	0.43441296	0.2883762
0.70653087	0.06613469	0.16152963
0.015452802	0.5665074	-0.62769747
0.39324194	0.28304958	0.810066
0.0519647	0.54840106	-0.37395465
0.25551856	0.9520653	0.20046473
0.1145581	0.32255465	0.13883717
0.40455323	0.5903559	-0.29425922
0.040970623	0.77431124	-0.65958726
0.031635344	0.23352563	0.35436797
0.59931934	0.42632204	0.29344696
0.56097007	0.0033860803	0.15914941
0.14826709	0.8335193	-0.2614186
0.694631	0.71797585	-0.32930386
0.78077203	0.8496471	-0.14273883
0.74625695	0.34643435	0.4438041
0.2512437	0.15917951	-0.0136467125
0.64784795	0.48612684	0.34836063
0.2597785	0.8051587	-0.5095931
0.5203931	0.4465714	0.14910002
0.37141216	0.13699514	-0.09572264
0.9129163	0.013384163	0.3957578
0.042457223	0.60010797	-0.6249826
0.2750054	0.87127334	-0.16505118
0.4827246	0.26490992	0.41608852
0.5003192	0.42134666	0.19590007
0.42101896	0.44462878	0.38945907
0.1708101	0.3411227	0.22741675
0.017875493	0.1781134	0.37094074
0.5366669	0.827599	-0.15357246
0.4772014	0.89023525	-0.21816172
0.105183005	0.67875445	-0.6640022
0.6185899	0.29819876	0.115955696
0.70543754	0.18458867	-0.04398294
0.5350491	0.6703089	0.37399608
0.26778722	0.14768279	0.039167132
0.8207227	0.0964455	-0.6676457
0.99335116	0.31893492	0.56155336
0.4217698	0.23429203	0.46223432
0.5559287	0.8801779	-0.6327924
0.6795192	0.25180542	0.06319009
0.36958772	0.7769771	0.06378563
0.5414598	0.5051628	0.19107264
0.027255952	0.84346753	-0.34839237
0.14284414	0.52362096	0.19517305
0.51255006	0.1741597	0.1087932
0.8391165	0.6473087	0.0049816817
0.31400597	0.9862917	-0.016545985
0.8052642	0.6682341	-0.2959064
0.2382006	0.12982577	0.02198441
0.57648635	0.70762247	0.19736338
0.021167397	0.978687	0.3232841
0.53561103	0.6745366	0.39635438
0.23086494	0.33713233	0.378706
0.39307034	0.32938147	0.97713554
0.70445704	0.9936581	-0.65488756
0.61986893	0.4713722	0.33484817
0.63335514	0.28550315	0.18746863
0.7547362	0.08846164	-0.47142327
0.89671296	0.21378446	0.4705399
0.22107261	0.06693119	0.07504757
0.37349212	0.9069416	0.09040872
0.62729985	0.23163259	0.28786364
0.9363292	0.587593	0.57476354
0.31375104	0.18580574	0.091043115
0.96296984	0.08988851	0.7774399
0.34672934	0.32375318	0.9734918
0.10748935	0.997404	0.90260667
0.37379456	0.29348797	0.87755364
0.8383606	0.23166347	0.12861279
0.74641144	0.28133363	0.20695727
0.7069995	0.4794414	0.31809095
0.80881244	0.8179764	0.029033331
0.7660143	0.27684307	0.18376897
0.030765235	0.22505623	0.38708514
0.09383249	0.7673407	-0.6146044
0.49188626	0.9237187	-0.49951687
0.95372593	0.23530883	0.62958795
0.4045201	0.93282366	-0.0734745
0.8680844	0.54756474	0.49489862
0.4837818	0.36544472	0.38477713
0.005231321	0.36097354	0.24414556
0.6542528	0.7742582	-0.40621677
0.8247927	0.605075	-0.0067117885
0.06508291	0.25416452	0.19149272
0.38901532	0.7269262	-0.019108938
0.908372	0.44004464	0.88329786
0.4032585	0.568115	-0.27147272
0.35672748	0.49276608	0.27546874
0.53920996	0.016351402	-0.16403182
0.9329893	0.14384866	0.60585546
0.36941624	0.6934904	-0.26358467
0.41690397	0.8295923	0.24364023
0.4231128	0.45904964	0.33526686
0.33464622	0.3134904	0.8508406
0.63927907	0.28659618	0.08711533
0.9933648	0.51260126	0.54126805
0.15480298	0.7914762	-0.5145443
0.070269465	0.06626278	0.067287475
0.99681914	0.55224997	0.5097278
0.33217102	0.49694377	0.39054143
0.86511725	0.7872829	0.36484662
0.89512014	0.35044336	0.87723064
0.3387367	0.38445342	1.0229349
0.65041983	0.2388798	0.19054641
0.9505461	0.14058822	0.7002803
0.59434277	0.90350604	-0.93009824
0.6454223	0.7466437	-0.20769921
0.86685115	0.38888866	0.9578352
0.38860273	0.90552914	0.034958016
0.36031252	0.0792622	-0.08761678
0.19836313	0.8727885	-0.03364261
0.23353958	0.55737203	0.045886014
0.19486201	0.96698177	0.6290283
0.43740368	0.39543015	0.6021905
0.17635411	0.15864241	0.06624928
0.08463794	0.8035186	-0.43311217
0.3065272	0.9862248	0.018748138
0.47262418	0.99889207	-0.5294177
0.44327652	0.08797932	-0.4617831
0.013063192	0.74256647	-0.7692782
0.6674746	0.6300393	0.018368088
0.5930526	0.6612979	0.23916318
0.1689694	0.14352626	0.05915871
0.07731485	0.83176047	-0.3001128
0.25960743	0.10659689	0.0036787316
0.21253735	0.12618887	0.02525535
0.37758285	0.013189793	-0.18522024
0.14417946	0.6684443	-0.5463861
0.86555827	0.9528552	0.01114339
0.5296495	0.44627005	0.14047481
0.68469214	0.65808636	-0.16872893
0.06512332	0.68067455	-0.8140636
0.54127234	0.88789046	-0.62268496
0.634962	0.21379107	0.34549683
0.16797495	0.95989645	0.70003664
0.17884511	0.22356057	0.020234212
0.4497074	0.6791606	0.16440056
0.48144603	0.15288532	-0.1455429
0.97410977	0.53686744	0.61472553
0.55248207	0.8870876	-0.66982806
0.6201762	0.19323575	0.44665045
0.068166554	0.10912204	0.15250582
0.49088866	0.4286915	0.19417264
0.42891514	0.37642998	0.71744627
0.6652152	0.7177717	-0.23780917
0.6491389	0.58365893	0.17144433
0.11691308	0.18282837	0.08391626
0.6612733	0.34689122	0.15045296
0.5563454	0.13897783	0.40352103
0.41905755	0.8000673	0.20901686
0.00036269426	0.4526372	-0.12997785
0.3541177	0.57968783	-0.2833898
0.87362874	0.9272472	0.18871355
0.4203462	0.21738791	0.30912992
0.7937143	0.13836843	-0.6703141
0.21575385	0.34749395	0.38053545
0.7718071	0.19469225	-0.3454678
0.14097995	0.049450994	-0.026059348
0.2802611	0.5451302	0.039924476
0.24818021	0.10736793	0.029631265
0.72749496	0.9570072	-0.5466445
0.5867216	0.6966597	0.26574394
0.7612132	0.32219684	0.43911886
0.748936	0.16252333	-0.33272457
0.049738765	0.6316063	-0.72723895
0.02188611	0.6908344	-0.8402486
0.51740825	0.58997744	0.17297079
0.276608	0.4841851	0.44828528
0.25946438	0.8351782	-0.37281483
0.35169613	0.5052424	0.15884931
0.53422713	0.3786267	0.22097841
0.100634396	0.49561876	0.045485795
0.117383	0.5224618	0.08311595
0.1523059	0.3403772	0.1876375
0.0944137	0.70209926	-0.721037
0.08095908	0.2193495	0.14097144
0.42813414	0.55255127	-0.1607544
0.9010421	0.39367676	0.89482075
0.90544206	0.28980696	0.6387143
0.6532572	0.58355886	0.17400996
0.92035884	0.5399262	0.6636793
0.31993484	0.9195868	0.025194751
0.93006617	0.0415833	0.5744975
0.9273318	0.40266877	0.83069724
0.9997215	0.95238286	-0.1897231
0.031152964	0.88981867	-0.08943045
0.36966854	0.7349588	-0.16591299
0.45153028	0.22237325	0.3165228
0.08728087	0.65908986	-0.6725182
0.6718941	0.66494274	-0.09588061
0.15386623	0.013024151	-0.00647459
0.17285907	0.11229432	0.02993303
0.5551228	0.11268288	0.38776818
0.17275125	0.019099653	0.12686704
0.8399486	0.11879033	-0.4810169
0.38698	0.48451412	0.24841867
0.8374629	0.81340164	0.20278299
0.18362957	0.3522939	0.28781593
0.98493195	0.3603853	0.5599416
0.40400118	0.36754447	0.8928102
0.77624494	0.5604023	0.03721839
0.5434959	0.23094332	0.27520636
0.9518647	0.6567034	0.54815376
0.3027016	0.5847649	-0.28425002
0.854308	0.41279298	0.8970975
0.07833946	0.096999705	0.07671053
0.928734	0.26830447	0.61399645
0.080070496	0.028856397	-0.04204406
0.8464432	0.3651091	0.9278883
0.4130419	0.8566252	0.19225138
0.784252	0.19579726	-0.35718063
0.38970965	0.12030417	-0.154961
0.8455796	0.72725374	0.08677426
0.099497914	0.79887295	-0.4747456
0.50222087	0.27836043	0.36402318
0.09908801	0.88073367	0.1960437
0.10735381	0.9514016	0.6239882
0.6237165	0.16392344	0.56428725
0.19409728	0.18522573	0.018869542
0.60877615	0.60669243	0.30546677
0.35436273	0.5901745	-0.25595614
0.62907255	0.75264746	-0.1807767
0.8939563	0.918012	0.20413116
0.48137975	0.9640338	-0.5735171
0.74344945	0.9270857	-0.395479
0.25709742	0.39639986	0.7029309
0.4972422	0.075904965	-0.3921913
0.38375497	0.24160081	0.61447185
0.53840524	0.99605143	-0.9472009
0.053019404	0.22523463	0.18204477
0.055441678	0.95520663	0.45958993
0.56266654	0.72868013	0.24267264
0.81697714	0.36927354	0.8939109
0.75475115	0.17367554	-0.4010351
0.1259321	0.5406932	0.1167218
0.9882535	0.84019107	0.16981791
0.52279615	0.5237372	0.13621031
0.85592985	0.58093274	0.30259478
0.81276375	0.26245314	0.25394678
0.698994	0.76088166	-0.41071662
0.98580045	0.9626142	-0.3173914
0.87717015	0.96215767	-0.05976832
0.18551248	0.37206966	0.25591394
0.91396844	0.565451	0.5236181
0.8505059	0.44159532	0.9131598
0.84236217	0.9359935	0.11642063
0.36045462	0.049429238	-0.050722636
0.4779833	0.9059741	-0.3359918
0.14269382	0.32907748	0.1301572
0.7794055	0.8603972	-0.14400183
0.25053376	0.7427226	-0.7557919
0.6057548	0.96680814	-1.1467873
0.93802893	0.6643654	0.5209971
0.27664292	0.6910343	-0.7085334
0.7787089	0.59367394	-0.1657653
0.72804296	0.40210843	0.4507912
0.045857012	0.22155279	0.27461928
0.14254314	0.7610463	-0.71217376
0.027193248	0.25110525	0.36681518
0.25113487	0.5328246	0.26778114
0.61757326	0.08438969	0.87775403
0.446436	0.96505624	-0.4237049
0.36832625	0.6459635	-0.39776942
0.08833808	0.5408117	-0.1283891
0.4720013	0.7659637	0.37489682
0.55794567	0.22141808	0.25604928
0.2280876	0.32353538	0.35587332
0.7258913	0.17764562	-0.1684134
0.7687139	0.31722057	0.46007568
0.86612505	0.5771479	0.31761983
0.3898524	0.35412568	1.0061028
0.20570332	0.102580726	-0.00566566
0.86279696	0.06350839	-0.25419566
0.87981534	0.17677253	0.09771125
0.2737574	0.8816225	-0.05313599
0.06220174	0.52441555	-0.26708627
0.92411464	0.02056235	0.48641336
0.15608793	0.2759	0.16036332
0.2674685	0.35293376	0.62517357
0.03564018	0.46615118	-0.18277362
0.21562994	0.84090585	-0.384913
0.8208835	0.74811685	-0.05447033
0.065672636	0.11513573	0.14185539
0.83419836	0.95769316	-0.011428068
0.69579864	0.23735774	-0.0510813
0.87661177	0.1893555	0.1302635
0.02966559	0.7669331	-0.720095
0.15190703	0.109246254	0.022956999
0.020104408	0.26698405	0.37991077
0.7671112	0.4463426	0.6362458
0.7694635	0.9970593	-0.30769187
0.9747078	0.93355364	-0.081941605
0.7826308	0.69464946	-0.375349
0.786596	0.7324088	-0.3132932
0.6933728	0.68293804	-0.24098851
0.77174836	0.010390997	-0.5330371
0.97597605	0.8352974	0.24637695
0.26402402	0.7761482	-0.663794
0.7591831	0.6098597	-0.19487436
0.2436257	0.4989668	0.39103678
0.961362	0.43641794	0.7093083
0.3333397	0.32197118	0.9634266
0.35459757	0.78302777	-0.025681665
0.3481732	0.7578904	-0.18901597
0.11254132	0.041893363	-0.048160277
0.830253	0.43009633	0.9171102
0.5929545	0.7968641	-0.23795404
0.751916	0.85932004	-0.26847985
0.31532872	0.9224056	0.001933787
0.23466325	0.39502633	0.5376687
0.975533	0.8888046	0.092644066
0.20916373	0.15661389	-0.013330065
0.85307974	0.68091005	0.08301052
0.6648151	0.87827635	-0.7895386
0.89412713	0.15120703	0.10631487
0.8725216	0.09601629	-0.15949199
0.43937206	0.7887201	0.34733623
0.16509742	0.48473245	0.40588462
0.208395	0.28075147	0.22759601
0.24172074	0.5382611	0.20234011
0.29295707	0.46299672	0.6428767
0.4520079	0.49053663	-0.031164331
0.91718066	0.48609483	0.8410832
0.6957646	0.94345707	-0.7563035
0.8361264	0.59650195	0.06676586
0.088520825	0.5649197	-0.22447737
0.7897937	0.4041388	0.7870643
0.1970709	0.7838295	-0.6789121
0.47910208	0.06180936	-0.5912507
0.28263855	0.08501649	0.14650694
0.81191915	0.24190944	0.1158349
0.22991014	0.3169694	0.3736329
0.18873453	0.5205223	0.33273396
0.6478381	0.47791177	0.3303715
0.06661391	0.6198109	-0.6633884
0.09755367	0.4189661	0.16249463
0.2080453	0.83660173	-0.38352257
0.28367013	0.606856	-0.3737048
0.3358794	0.43223703	0.8617783
0.97276247	0.4228053	0.6817574
0.12096739	0.7775467	-0.57847935
0.26155835	0.23753166	0.19202164
0.024850607	0.6803975	-0.8553579
0.48405093	0.15016115	-0.110886164
0.19525021	0.32131326	0.23802865
0.6659865	0.25900626	0.104757205
0.0072980523	0.25239164	0.502457
0.5614005	0.7824451	-0.022559833
0.6804643	0.9117934	-0.7639671
0.5234103	0.01778251	-0.39384314
0.55306727	0.29750043	0.2422731
0.78551656	0.24526155	0.017638432
0.7096835	0.10464764	-0.04284246
0.67000073	0.53994423	0.20336217
0.72803664	0.7050127	-0.42755753
0.7873212	0.6775033	-0.34391966
0.26009387	0.895438	0.009784281
0.013133347	0.095817685	0.18986234
0.4340812	0.6380255	-0.13054606
0.75392586	0.92106205	-0.27196494
0.45332897	0.7205329	0.28698054
0.44302982	0.9072816	-0.084372595
0.21841425	0.72066444	-0.8210635
0.22320586	0.42247802	0.60443676
0.34766036	0.47873133	0.47119883
0.25478357	0.029314876	0.27846852
0.6470184	0.51254296	0.2842871
0.49054813	0.24060416	0.33428544
0.8425394	0.9043614	0.13915902
0.3739022	0.025962949	-0.06878252
0.6866993	0.024511397	0.57771224
0.6657489	0.1524443	0.39685708
0.1421243	0.23407167	0.13332659
0.74842405	0.6303473	-0.36081386
0.622661	0.9595526	-1.1096863
0.41441137	0.7035082	-0.01386714
0.78530085	0.8428979	-0.091939405
0.013461411	0.22938108	0.48851752
0.006617725	0.36008787	0.2626036
0.655569	0.26980877	0.102427855
0.22174484	0.2942887	0.2229712
0.5193591	0.4458604	0.13780816
0.50908583	0.76313084	0.30179125
0.06516594	0.27959526	0.1913911
0.31923348	0.26263195	0.5346521
0.81202394	0.21286434	-0.10294421
0.31221437	0.78329754	-0.41710973
0.74150354	0.35658067	0.4480411
0.33288532	0.5297987	0.048678458
0.50211	0.24916524	0.26950574
0.20213675	0.7923839	-0.6570983
0.10461348	0.17281014	0.16150025
0.38724864	0.85281277	0.24087736
0.15772843	0.35617447	0.30065662
0.7293398	0.6870267	-0.400315
0.62471443	0.27768064	0.15387994
0.29855353	0.29756522	0.61896276
0.34776723	0.44460446	0.6613667
0.40803164	0.43917608	0.5157587
0.08548546	0.26157564	0.12400557
0.6794894	0.28171343	0.05253963
0.5518242	0.95628774	-0.9447499
0.89588434	0.13009346	0.22020677
0.5286456	0.4850031	0.1516051
0.24388999	0.3295747	0.50116134
0.42169762	0.84992856	0.2510677
0.6085592	0.98081946	-1.1446226
0.6649143	0.97044003	-0.93316495
0.84897405	0.55904067	0.33238044
0.64749116	0.07515627	0.84333557
0.47384208	0.9841526	-0.5972256
0.53676224	0.022028923	-0.20298445
0.45159394	0.2866767	0.6377142
0.16292816	0.742551	-0.7624195
0.61370146	0.91292423	-0.9964034
0.3270558	0.7442374	-0.4029927
0.5497663	0.7906395	-0.011469923
0.07449794	0.3779956	0.09632043
0.32926005	0.47681212	0.5194929
0.7856005	0.73471856	-0.34028977
0.45224303	0.51026696	-0.09238416
0.0064688325	0.99263096	0.3089673
0.30096936	0.41697633	0.83234906
0.51263696	0.03839147	-0.41828427
0.82208717	0.30387133	0.5801911
0.23165584	0.76844645	-0.7541602
0.62601066	0.24544132	0.30250958
0.9872778	0.67048967	0.41108847
0.81853664	0.33248788	0.7101839
0.6602101	0.555172	0.2431696
0.8752159	0.1683209	0.049748383
0.57251376	0.43485713	0.25107592
0.11400926	0.78854805	-0.47598898
0.9493881	0.6795942	0.46599048
0.74518126	0.4246093	0.46982533
0.56025696	0.6157454	0.3776148
0.3293038	0.07726729	0.0011786371
0.14107001	0.8071728	-0.45245737
0.23138845	0.8011674	-0.5773277
0.770876	0.6963633	-0.42396504
0.37376386	0.9555789	-0.085874446
0.44198442	0.30461884	0.68286365
0.5841981	0.8121698	-0.33234394
0.74545306	0.5271209	0.19191861
0.7098802	0.15184736	-0.0340206
0.7444456	0.2898568	0.22867414
0.19338244	0.17427748	0.00938968
0.19969481	0.4321164	0.44328663
0.60979104	0.25525618	0.2243086
0.0005181432	0.9728728	0.18058564
0.96097434	0.23703033	0.69855136
0.87454706	0.10710281	-0.06769785
0.18021697	0.99913186	0.8556578
0.51671016	0.3780051	0.18785402
0.32954693	0.2730127	0.66699654
0.30461377	0.995012	0.045688108
0.1130411	0.13676381	0.04262678
0.36238742	0.4345625	0.83632004
0.9291686	0.54502964	0.7238993
0.5249295	0.7893801	0.0786914
0.88324875	0.19701755	0.2722259
0.029239833	0.7071541	-0.8299864
0.9778831	0.34573352	0.69510037
0.29949683	0.7610665	-0.4645233
0.02794373	0.48277062	-0.23095827
0.025496066	0.55701643	-0.6061018
0.04747194	0.59295994	-0.60467374
0.9136446	0.5093756	0.7958032
0.35122716	0.5246275	0.14676116
0.68416137	0.9736708	-0.7859075
0.23440456	0.79178417	-0.6291993
0.07560873	0.99326795	0.73724616
0.28408808	0.42430735	0.6929421
0.85156095	0.7882909	0.3138508
0.26186866	0.45598906	0.5818979
0.10739869	0.51046205	0.09507099
0.044578493	0.098858714	0.11547926
0.7674271	0.36120957	0.58597356
0.2896192	0.41331577	0.76217633
0.01597631	0.95763844	0.22405092
0.48456895	0.4278468	0.18445174
0.2862354	0.75425106	-0.6018458
0.104034364	0.6923561	-0.6422349
0.14128321	0.3035863	0.09790785
0.18707252	0.18690556	0.042912934
0.4329617	0.13894784	-0.21231541
0.16452491	0.014174163	0.08673056
0.63232386	0.117260635	0.68557644
0.44146615	0.37938654	0.611536
0.094567895	0.16539294	0.120131016
0.45596194	0.8656039	-0.044018887
0.36727124	0.93606836	0.01597935
0.68462133	0.12467682	0.29859966
0.65165424	0.022413194	0.90860575
0.21415782	0.9824212	0.573098
0.98741347	0.21589708	0.6802426
0.5604535	0.007816374	0.13861747
0.2278629	0.58544916	-0.11335418
0.038480043	0.32738036	0.23844557
0.2641915	0.12516195	0.009349148
0.7662545	0.17349559	-0.4294154
0.9385638	0.5934018	0.5358289
0.66614	0.14036524	0.43794146
0.52653784	0.959856	-0.8220699
0.24027765	0.30397922	0.35546607
0.30711955	0.39517635	0.90196764
0.7974979	0.7536028	-0.1524277
0.3235194	0.8462618	-0.05384502
0.04077208	0.3496356	0.15281941
0.42115653	0.47871745	0.1249834
0.4682166	0.67326456	0.22982757
0.66695154	0.07054299	0.62022954
0.706947	0.5499644	0.10527447
0.8217421	0.4335398	0.90794915
0.04378897	0.64054805	-0.75711864
0.29503828	0.18080062	0.031580824
0.40994972	0.8963554	0.040333096
0.090348184	0.29964942	0.0520825
0.02435416	0.41718113	-0.036567174
0.63435006	0.747924	-0.23486124
0.34608996	0.8657349	0.056557786
0.72218776	0.7885546	-0.4113364
0.24409497	0.84293574	-0.3673121
0.3722363	0.8739314	0.10240799
0.8573473	0.065057516	-0.3512477
0.5560299	0.5585943	0.36789912
0.41097236	0.84873366	0.20353584
0.6906498	0.0072047114	0.52021885
0.8504178	0.61407083	0.11236775
0.65582293	0.59337205	0.14973405
0.5280799	0.24124265	0.29307544
0.5925758	0.5109247	0.38552922
0.69459784	0.38585567	0.25928646
0.8750083	0.4859836	0.831403
0.41304386	0.31996113	0.9157857
0.94674444	0.4835642	0.7958715
0.30980468	0.28004295	0.61437875
0.9771946	0.0562132	0.77145875
0.18419981	0.52042466	0.33324507
0.63369656	0.5721396	0.2680882
0.32323116	0.25397325	0.47738314
0.62505424	0.03918779	0.9538891
0.60624444	0.62532246	0.29377967
0.11569208	0.82210803	-0.33556965
0.055819333	0.2141087	0.2122724
0.00419724	0.9466573	0.039933134
0.72589177	0.55708164	0.014686329
0.03628832	0.7806077	-0.62445664
0.23733544	0.07678795	0.11766613
0.22446519	0.5753201	0.008351235
0.03886205	0.9715195	0.4212369
0.63549525	0.9920895	-1.0480838
0.48195344	0.7157629	0.37898386
0.73652184	0.8324397	-0.35051772
0.71483576	0.09946257	-0.030667016
0.90720373	0.14058477	0.2700497
0.29313856	0.41197836	0.7678298
0.6422645	0.81823623	-0.5954217
0.28827763	0.47588807	0.5040075
0.37585664	0.7373055	-0.0069231614
0.574028	0.10894859	0.509995
0.034745395	0.7652635	-0.6642796
0.48780257	0.9541424	-0.5209355
0.5736701	0.9492893	-1.0489335
0.84249157	0.03643489	-0.53412336
0.9466483	0.012169957	0.68882555
0.11753768	0.8624776	0.00069850124
0.90342706	0.5474783	0.6052399
0.9204856	0.9718127	-0.22745754
0.98960096	0.43696105	0.5456227
0.95407283	0.8158011	0.37263396
0.89476717	0.44475448	0.89883816
0.71234256	0.53291255	0.13732211
0.71756023	0.62686515	-0.25576803
0.8530192	0.95588285	-0.035874877
0.9051485	0.608665	0.4657903
0.3860541	0.2288816	0.46058157
0.77418154	0.18459356	-0.43158633
0.5349649	0.47278786	0.109595165
0.6821071	0.5501686	0.14704134
0.7778058	0.12295079	-0.61457306
0.6028036	0.66057736	0.2359514
0.15819359	0.6643491	-0.5314744
0.9321889	0.37271988	0.76788783
0.1207391	0.3089018	0.13386497
0.95956725	0.73897696	0.5162792
0.375831	0.22344428	0.46250916
0.5436846	0.06218475	0.04711121
0.63342565	0.090523064	0.8553486
0.3654276	0.5816031	-0.32481366
0.20266205	0.92791045	0.3273092
0.6409448	0.67229325	0.010229336
0.7685321	0.99444944	-0.2996008
0.53591925	0.3890903	0.20199001
0.53141403	0.87394935	-0.49329084
0.10604143	0.40744507	0.11287038
0.726707	0.91564536	-0.52108306
0.6990929	0.44448417	0.30512556
0.5637307	0.34500337	0.20729469
0.98797625	0.51800615	0.64217997
0.73371726	0.23663461	-0.12505785
0.96902066	0.92337734	-0.037116826
0.021043181	0.2501375	0.42436862
0.95119643	0.54681903	0.61394453
0.07340348	0.5025271	-0.15145715
0.89824504	0.4182819	0.91281766
0.42232996	0.38810343	0.7516979
0.055071473	0.09819126	0.09314921
0.00043284893	0.88955575	-0.24987163
0.058403254	0.006639123	-0.046727505
0.545736	0.32691652	0.27905452
0.5901101	0.099937856	0.7644486
0.40308523	0.94513327	-0.12088522
0.57586867	0.045839548	0.5395071
0.29548818	0.078440845	0.10113801
0.111508906	0.03039825	-0.04706819
0.5308848	0.19940817	0.18923157
0.8169703	0.5220897	0.48193142
0.8195137	0.0056920648	-0.60625154
0.049550354	0.722915	-0.78059906
0.10047084	0.044683516	-0.00527124
0.08531296	0.5700545	-0.2954474
0.49933988	0.4675504	0.04343217
0.09016615	0.7229994	-0.76122004
0.78743905	0.9129654	-0.11675337
0.91467696	0.9624002	-0.1309054
0.66592765	0.5812465	0.14894438
0.37120926	0.56195825	-0.20076045
0.8839299	0.46644276	0.8969252
0.4434235	0.33942646	0.64761627
0.90444267	0.26028687	0.56882435
0.23341435	0.9159927	0.17093433
0.8265338	0.27713144	0.45749623
0.2272445	0.09275967	0.043462716
0.35080862	0.36357272	1.0030727
0.3016984	0.49194247	0.40600652
0.24523586	0.8578194	-0.22026113
0.10969311	0.79325235	-0.46715248
0.1101895	0.5986218	-0.27970123
0.014880896	0.9079535	-0.06886521
0.57019335	0.26106596	0.2619921
0.10577375	0.005109966	0.004600115
0.078341484	0.791333	-0.5325947
0.7204102	0.16350836	-0.1901922
0.66946745	0.30067414	0.09234587
0.3989429	0.12866277	-0.14604686
0.8440486	0.30542183	0.66894734
0.61403835	0.40380102	0.24273448
0.58459604	0.36100525	0.18674435
0.03416717	0.2634642	0.27589983
0.25743878	0.21389544	-0.029030457
0.49197727	0.9573985	-0.67342424
0.4534744	0.16412187	-0.039476056
0.36418307	0.26283288	0.6757584
0.7983526	0.09088349	-0.6920714
0.9225645	0.35420924	0.7752509
0.7754852	0.781053	-0.21402118
0.87574136	0.58953947	0.38432875
0.22765589	0.7160377	-0.8125529
0.54756624	0.6822061	0.43532124
0.4617539	0.75941885	0.40923038
0.4736669	0.14250153	-0.2137104
0.4642762	0.56656605	-0.14390701
0.5937872	0.79782784	-0.27962863
0.22862118	0.49683607	0.4569976
0.96676123	0.9784272	-0.3240227
0.019013703	0.49404204	-0.38645637
0.5088082	0.8191	0.022538008
0.3699814	0.93290675	-0.056334823
0.57493937	0.8938254	-0.78275836
0.73601437	0.27053827	0.07248116
0.34924912	0.06841129	-0.06939666
0.37265527	0.11245	-0.058652673
0.40380675	0.82268333	0.24703024
0.78850496	0.82724625	-0.017413873
0.65396786	0.047497988	0.82865053
0.9136389	0.8881626	0.33021897
0.51426	0.85166067	-0.20960589
0.4520893	0.5621235	-0.13862859
0.8890278	0.6977553	0.32731095
0.99675345	0.8801457	0.057120636
0.409517	0.009837568	-0.4780107
0.8891591	0.30020422	0.6612365
0.22376752	0.04512483	0.18977314
0.31653208	0.91467613	-0.011389149
0.69823045	0.7717343	-0.45948035
0.9175976	0.85849184	0.43428108
0.32006174	0.7053952	-0.5177113
0.53276896	0.825808	-0.14987461
0.85078925	0.11072105	-0.35701954
0.915048	0.3240946	0.78081983
0.2280575	0.26784134	0.16900785
0.5658886	0.87201566	-0.6017949
0.18393528	0.25059128	0.08239278
0.034897566	0.8368585	-0.3465687
0.31345755	0.1255477	0.008761566
0.16281581	0.9623636	0.79086524
0.23375553	0.9041415	0.041660544
0.33109844	0.8258435	-0.048667707
0.052047312	0.39962244	0.011291267
0.7387283	0.41836584	0.5525
0.6061754	0.6875912	0.10160986
0.5969887	0.91478467	-1.0312208
0.84019715	0.44671297	0.87464195
0.9855864	0.37977332	0.5399433
0.8558973	0.06494367	-0.4097262
0.11397821	0.16516441	0.02600716
0.30049777	0.8431353	-0.15993303
0.52854997	0.14179647	0.14607544
0.83670366	0.6875509	-0.024798118
0.7553952	0.5568097	-0.045843318
0.6949959	0.22017074	-0.015838942
0.7926702	0.5771988	0.00023667887
0.7071851	0.44411206	0.29598165
0.8230366	0.22710967	0.017749786
0.35519093	0.5275874	0.09201513
0.69752103	0.21969718	-0.0030884184
0.9918336	0.66349804	0.4285052
0.051511526	0.5352867	-0.38159838
0.531477	0.28392678	0.28870398
0.7444799	0.57416177	-0.058176387
0.5619058	0.7368472	0.13249016
0.93649375	0.7106372	0.50116354
0.73859483	0.12877667	-0.41479504
0.6957978	0.8676738	-0.59711105
0.44455737	0.033234894	-0.7253523
0.14668006	0.40194136	0.2421021
0.7423226	0.28485024	0.072928056
0.3880192	0.0350371	-0.2131581
0.9156032	0.25243348	0.5920308
0.8889898	0.92578024	0.103117056
0.18046725	0.152304	0.09358641
0.13908702	0.5327976	0.113594145
0.19113022	0.78729504	-0.6148466
0.58276653	0.8540391	-0.6097428
0.19412541	0.86344916	-0.094358504
0.833357	0.41004556	0.90926576
0.9488741	0.5678586	0.5957847
0.30263913	0.76690763	-0.49977097
0.056803465	0.12805814	0.17077446
0.124218285	0.565515	-0.033559024
0.58391196	0.9347376	-1.0139741
0.00061511993	0.36823303	0.30471736
0.22537029	0.84741116	-0.30752376
0.8971627	0.9866639	-0.23417075
0.6684629	0.67318916	-0.19138743
0.40419978	0.5636158	-0.3195806
0.44841796	0.9239463	-0.21503147
0.6240662	0.55203784	0.32789138
0.8626013	0.6687244	0.10858128
0.6957689	0.40864253	0.3390064
0.110006034	0.7662093	-0.6453525
0.60246944	0.5279847	0.39410296
0.05103475	0.06105113	-0.01647842
0.31901944	0.9577074	-0.004319531
0.36142534	0.46577913	0.47242785
0.38320482	0.17390698	0.068732396
0.5868172	0.4339108	0.19148594
0.99431294	0.5276957	0.6007282
0.02090174	0.84991896	-0.27457926
0.30779004	0.68850225	-0.5934922
0.79271775	0.038411736	-0.61670583
0.6651277	0.1805489	0.25829184
0.36434758	0.3772844	1.0172496
0.4783246	0.42691106	0.17289905
0.42592448	0.9406221	-0.22330017
0.1370632	0.7726402	-0.6362433
0.54139787	0.8304574	-0.26641876
0.22546297	0.579652	-0.059135668
0.18125886	0.5992626	-0.12632309
0.9839635	0.629964	0.4790393
0.6191018	0.6267105	0.2437965
0.78170925	0.8983511	-0.11106115
0.48585194	0.3325758	0.39566097
0.7668411	0.3774559	0.6952568
0.48741317	0.56695354	0.0041152383
0.22757101	0.18191528	-0.012757178
0.26826048	0.72646934	-0.70154244
0.18096858	0.8850744	0.116287865
0.083219945	0.6935306	-0.7694719
0.030398548	0.3511731	0.22174099
0.33991492	0.6795307	-0.4551829
0.059366047	0.12642962	0.1528379
0.5628253	0.5753067	0.37385127
0.059392214	0.6941618	-0.76959306
0.41449875	0.5045572	0.03636077
0.9156478	0.3981132	0.8841084
0.6146312	0.94290006	-1.1098434
0.45764947	0.63646394	0.009173106
0.6753561	0.21066266	0.12333512
0.008252382	0.37868595	0.14914812
0.8341574	0.9045935	0.14023481
0.18721867	0.6279754	-0.34238553
0.7904795	0.993948	-0.25144824
0.6912437	0.15345311	0.10121789
0.27869827	0.557362	0.015858859
0.76764894	0.94865847	-0.32913792
0.26999575	0.81480527	-0.41945612
0.06850028	0.7248035	-0.8017722
0.76370466	0.32786858	0.5169319
0.23737133	0.34583455	0.42061073
0.8350895	0.55660945	0.31303895
0.3002228	0.107032716	0.05513767
0.049844265	0.45305306	-0.07430212
0.33481973	0.80994767	-0.11661759
0.5676037	0.6085997	0.31018016
0.9160482	0.0071534514	0.44617134
0.91768503	0.6767924	0.43261403
0.3162682	0.14823997	0.03300012
0.22402042	0.88387233	0.0013346914
0.2446608	0.35464054	0.5050866
0.4600252	0.54130083	-0.12330657
0.5634301	0.28820056	0.24433504
0.99086446	0.85598296	0.14032167
0.23809111	0.16208619	0.021942096
0.028366983	0.5089861	-0.3683896
0.06376457	0.9449282	0.4108679
0.65786505	0.56272215	0.17897837
0.60282296	0.51164377	0.34057724
0.16984677	0.032040358	0.069151655
0.8744009	0.855268	0.40321094
0.78868496	0.9440991	-0.12969892
0.03879124	0.07834959	0.12261118
0.7877091	0.982862	-0.2057446
0.6512176	0.76695764	-0.33432624
0.7352645	0.68398994	-0.4023111
0.3720026	0.26354742	0.68356633
0.4490819	0.8757069	0.020473812
0.49883026	0.09934223	-0.26179695
0.5438401	0.7800146	0.1117779
0.65144545	0.10283905	0.7389929
0.2630018	0.7196154	-0.72215873
0.7339933	0.22476888	-0.08240703
0.16697109	0.56487757	0.11768583
0.07711828	0.7711109	-0.5712433
0.56444985	0.84270644	-0.43722373
0.5166394	0.8813171	-0.41807973
0.58388484	0.30376637	0.14409468
0.8093857	0.14077562	-0.59432185
0.38297808	0.8737756	0.12511884
0.6732406	0.19630456	0.13572393
0.492589	0.84325933	0.04872941
0.8419839	0.6322269	-0.032105144
0.9879722	0.7890987	0.24286371
0.43695801	0.09278321	-0.38230288
0.3622781	0.57733166	-0.27854338
0.037774682	0.85487944	-0.3036824
0.0061579347	0.9308586	0.014036914
0.26517075	0.59577125	-0.29561323
0.028103352	0.7319284	-0.80464906
0.7455571	0.6557991	-0.38812378
0.7430692	0.5940722	-0.18836443
0.92184436	0.67781395	0.46167725
0.65945166	0.33667845	0.11521899
0.2292571	0.06297046	0.1328065
0.59483373	0.92194724	-1.0571244
0.8178488	0.9585688	-0.08839471
0.8485521	0.1264376	-0.3793548
0.20848036	0.8810716	-0.025996488
0.46159476	0.106509745	-0.40873346
0.5415261	0.1413241	0.20983765
0.87754726	0.4845425	0.84751385
0.046564877	0.70135444	-0.7915023
0.6260867	0.79665744	-0.4321427
0.13508028	0.7792856	-0.6472899
0.15958643	0.53857934	0.26473314
0.8338174	0.5903629	0.10194696
0.121016204	0.03091091	-0.036531523
0.9292973	0.97906846	-0.28099072
0.3990143	0.63081443	-0.28801796
0.77461004	0.0751338	-0.67325467
0.66182363	0.16089278	0.34151024
0.15382123	0.6538363	-0.4788656
0.9787705	0.74077743	0.44740587
0.452402	0.9588144	-0.37642235
0.41695434	0.6965423	0.054223154
0.4311205	0.2769655	0.65534633
0.010661006	0.9290207	0.0062437593
0.3386286	0.27321875	0.7419941
0.5446815	0.4872017	0.21897088
0.3403157	0.7019507	-0.40848193
0.8822673	0.07735312	-0.06876249
0.7332611	0.24979925	-0.0013791583
0.3966961	0.7065529	-0.037532065
0.16467637	0.03948474	-0.012929972
0.37298274	0.7222965	-0.17698357
0.031178355	0.523346	-0.42185953
0.2581188	0.28448564	0.31046265
0.74394727	0.99284625	-0.40555242
0.06330973	0.3385315	0.17018843
0.9024666	0.689414	0.38222072
0.014565825	0.4610647	-0.21161427
0.018988907	0.8512767	-0.3257801
0.65210414	0.86793476	-0.783453
0.41835493	0.6276028	-0.22820225
0.14328289	0.09836352	0.0983018
0.9691085	0.65000826	0.48821908
0.23987126	0.38226038	0.53042525
0.49800205	0.5006771	-0.008414004
0.23252755	0.37562203	0.46475497
0.28738385	0.2365979	0.22682819
0.05631751	0.85339093	-0.21259458
0.40678447	0.7559217	0.21487942
0.6011633	0.8093279	-0.31797028
0.9904283	0.47422868	0.6473208
0.29423332	0.6390439	-0.55216295
0.12937677	0.23819965	0.113311544
0.4155808	0.07324374	-0.44765767
0.20087922	0.6592694	-0.609817
0.44440293	0.69628656	0.18248296
0.11362666	0.71111983	-0.72068757
0.18007207	0.6111065	-0.21610522
0.6404869	0.8667202	-0.71622497
0.8481635	0.89354956	0.20812675
0.6929459	0.5780929	-0.03891149
0.089220524	0.6228476	-0.52292645
0.01631397	0.6551832	-0.84624696
0.43321663	0.20405835	0.23242885
0.52261126	0.21125072	0.22851746
0.77932763	0.11592966	-0.5842761
0.26968122	0.5569354	0.024846833
0.32941043	0.7452637	-0.3714555
0.64819974	0.7680044	-0.30842572
0.44939947	0.03413123	-0.81931335
0.15943062	0.096334815	0.05121687
0.89886624	0.34927988	0.8156519
0.52714604	0.1750021	0.1803533
0.2326982	0.79476064	-0.62071055
0.4220171	0.63385856	-0.18114819
0.89863753	0.5760994	0.52175164
0.3616938	0.8697819	0.120369285
0.5604255	0.9087409	-0.86469555
0.3159138	0.2767527	0.61933273
0.68222594	0.1262905	0.30338234
0.6813408	0.262416	0.045056216
0.28557754	0.44798434	0.64851934
0.4412871	0.9848016	-0.3878397
0.11429167	0.7306246	-0.728441
0.41081655	0.67615914	-0.08759633
0.47782928	0.93146497	-0.38881075
0.11674142	0.32186627	0.092011936
0.7071872	0.83901685	-0.44565505
0.06844956	0.53005946	-0.22528811
0.7343037	0.39162964	0.50648427
0.3843434	0.8245342	0.1503749
0.5433538	0.3913753	0.19402122
0.57782847	0.055493534	0.5373711
0.8637307	0.1063028	-0.21817023
0.78518015	0.3807217	0.7908866
0.14280099	0.79335946	-0.51326
0.5654255	0.52393967	0.31200725
0.45044392	0.05911374	-0.6656342
0.71671957	0.22554499	-0.043871988
0.19866568	0.67504954	-0.65950495
0.66480047	0.22793871	0.14105242
0.31095725	0.7650036	-0.41147873
0.21026886	0.13673222	-0.00102151
0.6241628	0.58338726	0.27570802
0.2630139	0.17099631	-0.0690735
0.21227497	0.6050824	-0.21689086
0.8301126	0.17476344	-0.2866124
0.30131882	0.033516467	0.32991013
0.8704098	0.3404907	0.86341
0.97206396	0.4968272	0.6757106
0.28831857	0.038971126	0.2628598
0.2321294	0.01891464	0.3287526
0.14235336	0.1296385	0.111806154
0.5884308	0.5060114	0.32993823
0.5033628	0.5506094	0.06305557
0.76059216	0.6849235	-0.4368922
0.903244	0.33760846	0.7760763
0.9764744	0.6510121	0.41654268
0.37385923	0.020308912	-0.07522237
0.36477	0.44675887	0.6912977
0.75677335	0.41288525	0.6213854
0.008564293	0.6782831	-0.8945255
0.13385099	0.04303646	0.054604366
0.7622366	0.6559994	-0.3560786
0.778235	0.92038965	-0.06102532
0.024819016	0.4243096	-0.060466222
0.7812777	0.6018222	-0.19916794
0.0044505596	0.9113985	-0.15958914
0.5888556	0.5807748	0.385385
0.32782954	0.27503496	0.6368438
0.5652476	0.06806165	0.31262267
0.28458393	0.39499754	0.8149439
0.420758	0.035084546	-0.5271612
0.7620436	0.35996377	0.5978586
0.207089	0.8005991	-0.56370467
0.8391288	0.2914446	0.6117272
0.029094577	0.17409283	0.31593925
0.8714841	0.44168025	0.89115214
0.90848976	0.17599046	0.4132959
0.09027147	0.48336303	0.031983864
0.13490015	0.12942457	0.045834817
0.43959212	0.3943469	0.49386427
0.27356392	0.9752662	0.12797561
0.7591144	0.61637044	-0.28405717
0.3759753	0.29430974	0.8386625
0.8888631	0.62761784	0.36236304
0.24100965	0.74033725	-0.7804796
0.8237812	0.81438786	0.13584371
0.4975648	0.13298076	-0.16165254
0.9796049	0.9768649	-0.34348944
0.31534803	0.10842401	0.02052901
0.2729699	0.9451856	0.08500336
0.5644724	0.7047431	0.28586528
0.47920507	0.6930172	0.37356183
0.024855673	0.20651299	0.3784358
0.2604308	0.5852151	-0.19906282
0.026656985	0.8351833	-0.43483827
0.26212358	0.2879207	0.3864529
0.1988641	0.23229158	0.12759984
0.37787664	0.8561117	0.1199483
0.6912533	0.77135885	-0.4212511
0.3261903	0.3758111	0.97419786
0.23679763	0.31986785	0.41452155
0.082151055	0.112122655	0.05594521
0.81833225	0.22812289	0.045469627
0.001080215	0.28873026	0.48930964
0.7578844	0.34822345	0.56445676
0.2069577	0.43510044	0.5153898
0.6449499	0.7169329	-0.13630366
0.9360791	0.4797724	0.7588269
0.8656729	0.76122206	0.34259465
0.12929106	0.5979107	-0.186092
0.050655186	0.31654274	0.12104446
0.5431326	0.7955508	-0.020360844
0.019958913	0.92336357	0.053392388
0.45302188	0.36632335	0.5805775
0.5091901	0.8146805	0.083180204
0.34056544	0.7232068	-0.30368078
0.35529548	0.044546187	0.0065985722
0.570126	0.15809798	0.45792353
0.15095985	0.39541304	0.3033772
0.97341007	0.05676937	0.8093739
0.20438105	0.65225995	-0.5034588
0.931067	0.26443744	0.56894207
0.72756547	0.024221122	-0.089307785
0.4885264	0.29123688	0.41423702
0.41145426	0.66024685	-0.10747051
0.57592463	0.96459204	-1.058996
0.9948479	0.9790093	-0.28692928
0.012688756	0.78188777	-0.6628172
0.83687276	0.5547675	0.31618494
0.68931794	0.01965934	0.5527676
0.5944885	0.62569064	0.34035665
0.078615904	0.14974749	0.12347332
0.83709174	0.8241496	0.26877812
0.34400302	0.2796858	0.8050458
0.43286556	0.45605445	0.2456961
0.25515127	0.19333982	0.0037109703
0.6200366	0.5562212	0.35942176
0.67621624	0.60134774	0.01399406
0.04905337	0.71778965	-0.7517799
0.4521659	0.37518042	0.5295114
0.6753835	0.8287017	-0.6260369
0.3434252	0.15689194	0.012866069
0.2192986	0.69393486	-0.7615849
0.089654624	0.54632825	-0.14971173
0.2768095	0.28001362	0.42723897
0.8532356	0.5130349	0.55646133
0.5006948	0.6860308	0.347529
0.75279313	0.7156115	-0.42355484
0.80450505	0.67660105	-0.1832821
0.8290603	0.92682236	0.0941406
0.8755484	0.66893065	0.200034
0.048929513	0.8132813	-0.44736782
0.5471332	0.9179709	-0.8232665
0.44932204	0.39795876	0.47474846
0.83791775	0.68286794	-0.041754827
0.33855343	0.5523749	-0.14444181
0.72475713	0.048097014	-0.09825386
0.06350708	0.19034249	0.17978546
0.44293863	0.8614581	0.13364646
0.3818972	0.46656585	0.4978814
0.38319075	0.36571425	1.0406739
0.059972584	0.16318339	0.20310831
0.27872324	0.13658601	-0.016481316
0.71792483	0.9081116	-0.5028523
0.24337202	0.03212458	0.2470913
0.44870293	0.68919116	0.23802567
0.5854406	0.85047746	-0.534759
0.44210297	0.3569504	0.68456477
0.8454799	0.84715796	0.29751772
0.11408085	0.8340796	-0.23999524
0.3863746	0.512505	-0.064197354
0.76781046	0.5386104	0.15070756
0.049955666	0.21848613	0.26360112
0.6294718	0.96027255	-1.1617105
0.888165	0.67040414	0.34316105
0.83419293	0.17756861	-0.22789218
0.93148226	0.26105332	0.68127865
0.98540133	0.6460388	0.4356239
0.07027733	0.06979716	0.05985569
0.5650007	0.8820725	-0.7250611
0.70976377	0.7718506	-0.44920826
0.0042274594	0.6283237	-0.85155183
0.27003586	0.28644282	0.41559294
0.3673671	0.88670605	0.073779136
0.36339778	0.5110583	0.16209845
0.48012775	0.54320216	-0.12491235
0.8246838	0.42293322	0.9456698
0.20600408	0.8484295	-0.25031972
0.055916965	0.25402862	0.1797256
0.33860934	0.12367904	-0.061705388
0.086771905	0.51592535	-0.060573515
0.11588889	0.78097165	-0.5463829
0.3329696	0.27321672	0.6000736
0.19957012	0.88514876	0.070614144
0.8529329	0.41827166	0.94838285
0.32236844	0.99807626	-0.008816093
0.18970203	0.06497294	0.11322201
0.18394762	0.6432106	-0.409045
0.06984711	0.6841302	-0.76697844
0.38816965	0.5940102	-0.33728474
0.7594615	0.44901508	0.5682806
0.34641182	0.24255323	0.5553612
0.92819583	0.4562434	0.8017066
0.7656248	0.6767133	-0.4020595
0.8139415	0.33768559	0.79394084
0.7550283	0.027787983	-0.41999587
0.894581	0.55424446	0.58614635
0.19992644	0.29153472	0.19872278
0.25342888	0.6592088	-0.6096685
0.70781046	0.7418596	-0.40136313
0.60786474	0.18653268	0.49414882
0.8731774	0.60837185	0.25776914
0.58079743	0.48560607	0.29625693
0.9457279	0.46359116	0.81099695
0.78933764	0.4463771	0.67479974
0.8890749	0.995603	-0.2548469
0.513961	0.82288593	0.0331859
0.7824455	0.529031	0.20520456
0.49341935	0.3161373	0.32749677
0.26447904	0.15527654	0.0027902331
0.58132654	0.6913607	0.30587023
0.06110996	0.7449941	-0.7587993
0.3701759	0.18467432	0.16388607
0.30402988	0.5989225	-0.32731357
0.48316598	0.31619018	0.44048917
0.13260978	0.36082393	0.13470617
0.13329566	0.0355646	0.027464397
0.6893482	0.71269447	-0.3492774
0.62544286	0.28336763	0.12032172
0.27366543	0.7002505	-0.7059318
0.22315401	0.8545286	-0.2532447
0.75741494	0.14512312	-0.46620488
0.424483	0.45660847	0.28798962
0.17005587	0.33011645	0.19678155
0.26483822	0.50224084	0.35861894
0.048924208	0.76307005	-0.7164846
0.65898687	0.57484895	0.17984436
0.0007555485	0.2732659	0.49828535
0.58880067	0.4264652	0.2141868
0.010750413	0.7868275	-0.6410816
0.410159	0.6345968	-0.27906156
0.8960245	0.46370405	0.8150874
0.63249344	0.7052868	-0.030198716
0.6004499	0.49340266	0.3550581
0.85208064	0.13353038	-0.2699204
0.091726065	0.80958164	-0.37962607
0.98999774	0.4516738	0.5321262
0.7091368	0.5615647	-0.0018801838
0.70785725	0.18213785	-0.06996775
0.7888967	0.40167695	0.82745755
0.59455764	0.83798057	-0.5368125
0.050589263	0.23114115	0.2654332
0.40153986	0.115169406	-0.20889261
0.5204213	0.19315064	0.17841682
0.020391345	0.6958523	-0.8915055
0.31565398	0.13367039	0.010468966
0.0011023283	0.38807744	0.14222127
0.7236097	0.029788196	0.017406344
0.9905674	0.08713132	0.7687935
0.86615276	0.48393756	0.83130395
0.030861676	0.22399777	0.34123054
0.9113477	0.87093705	0.35855207
0.5752056	0.4687459	0.30422363
0.7201197	0.73423463	-0.40138385
0.86498576	0.22189915	0.260441
0.2658698	0.36451983	0.6309222
0.8345559	0.6690376	-0.083216906
0.6333288	0.8737966	-0.81276095
0.95671153	0.89858913	0.11065771
0.31411475	0.33528876	0.8995058
0.91920984	0.99980336	-0.3420991
0.4819417	0.43812495	0.19441853
0.22369802	0.14880055	-0.0011503408
0.2675807	0.49486732	0.45020288
0.60620874	0.845025	-0.5947692
0.49621868	0.6464808	0.25983188
0.22820616	0.884541	0.013482157
0.63488036	0.010251582	0.92489916
0.8408911	0.9862526	-0.07760889
0.7420422	0.04426533	-0.30017868
0.53143966	0.55917466	0.2426301
0.8861406	0.09114277	0.007942866
0.06268084	0.76544905	-0.660448
0.73106784	0.2578072	0.006544564
0.5714327	0.82753307	-0.36748397
0.7203531	0.78946006	-0.4452691
0.47864962	0.77155125	0.328504
0.089671195	0.25713462	0.13011256
0.16927922	0.50862914	0.36546415
0.20002574	0.48716074	0.40301037
0.5221507	0.88414145	-0.3942144
0.14322865	0.85312897	-0.07345733
0.33909458	0.9372945	-0.058217395
0.44326597	0.8396722	0.2526182
0.022807121	0.2867455	0.3728849
0.62388915	0.5199945	0.34981284
0.43977964	0.8860118	0.05349879
0.25167245	0.8574489	-0.163603
0.5366806	0.21796638	0.27786928
0.6551542	0.69535154	-0.13663448
0.7001408	0.45751035	0.3776666
0.77758825	0.4855848	0.48619667
0.43388903	0.2275737	0.40807942
0.31978333	0.82364947	-0.11385529
0.6154006	0.1072669	0.77740765
0.35494757	0.30929196	0.91866505
0.88180625	0.9497781	0.011643253
0.5692128	0.8981293	-0.8066302
0.8089686	0.07782364	-0.76814085
0.47577125	0.71800786	0.39738217
0.25448638	0.56009	0.02039332
0.5474578	0.8239328	-0.16345857
0.5466403	0.13343138	0.2563966
0.92521155	0.25557745	0.62504166
0.55504155	0.662731	0.37154996
0.28304714	0.33748353	0.6752361
0.521875	0.7050569	0.38633487
0.98006934	0.9801418	-0.30857515
0.068516254	0.25594777	0.1638653
0.20882374	0.27102226	0.1567589
0.6623429	0.29060835	0.12624867
0.1922934	0.35938144	0.31883863
0.8146598	0.7994255	0.027887065
0.3330931	0.9594493	-0.018017147
0.68723154	0.07147634	0.41836438
0.7939036	0.55152863	0.08840015
0.05921614	0.76912326	-0.68128574
0.5250987	0.1382373	0.0555199
0.8050995	0.9233987	-0.026072994
0.60440844	0.4571666	0.28129134
0.5879811	0.58501107	0.36907962
0.7535291	0.28457314	0.17611937
0.8699955	0.67900914	0.21784234
0.26545954	0.11450559	-0.033215135
0.05865836	0.46375012	-0.11529991
0.5592771	0.22774321	0.25006378
0.1809321	0.1872766	0.057814542
0.069622636	0.86523926	-0.041361254
0.3725639	0.0019437075	-0.0530614
0.2073865	0.032549262	0.16345042
0.36323512	0.54124457	-0.058534436
0.74435925	0.3246122	0.3617243
0.4759605	0.88533545	-0.19540074
0.93877506	0.063593686	0.6136459
0.04002416	0.6660123	-0.86465365
0.30133897	0.45250148	0.7042109
0.022710025	0.97255695	0.2952243
0.60078156	0.93571585	-1.0424842
0.7988938	0.567507	-0.00980334
0.46249872	0.6671871	0.1552697
0.40053213	0.40300268	0.80083805
0.3618577	0.25700432	0.65913445
0.16026294	0.4516886	0.42105833
0.31250507	0.38785344	0.91730696
0.2404427	0.18012583	0.024654947
0.087689996	0.6378482	-0.5671385
0.3198523	0.57272583	-0.20978844
0.65457684	0.94302094	-1.0365806
0.78286207	0.37778282	0.794018
0.73300576	0.26124042	0.02438427
0.7843286	0.25651574	0.1807689
0.84140396	0.63991785	0.028290864
0.10593611	0.34648365	0.12147094
0.31724805	0.06081599	0.19122137
0.3422991	0.5693627	-0.2829175
0.78183377	0.5368227	0.19583133
0.98160243	0.92727494	-0.1542036
0.5560448	0.9336524	-0.89631075
0.4921384	0.67747396	0.375368
0.3887908	0.6578821	-0.23714906
0.6544072	0.16989863	0.44718376
0.36064214	0.53265405	-0.00680082
0.43930554	0.016722083	-0.73143244
0.5603746	0.77206755	0.07430221
0.06537676	0.53081524	-0.24343932
0.2825144	0.22911447	0.1606897
0.8788995	0.015245199	-0.046848442
0.08977544	0.3208596	0.11626126
0.45137727	0.0033207536	-0.8163559
0.92332935	0.5197383	0.70426595
0.09370798	0.059847534	0.11373533
0.053994417	0.20190805	0.26622915
0.23151779	0.31368488	0.38842532
0.49257845	0.39493358	0.28294438
0.29502493	0.61063343	-0.41314864
0.08773106	0.40692163	0.05627583
0.36011863	0.32613558	0.96928877
0.44514072	0.6296315	-0.083316684
0.79716474	0.86525524	-0.023335617
0.13773847	0.5828971	-0.020950835
0.99603605	0.121477306	0.7791817
0.37924677	0.78230566	0.13191819
0.44932544	0.07527977	-0.5347242
0.6704192	0.44402122	0.24254154
0.73816717	0.15831941	-0.32519913
0.8488987	0.73171765	0.14791092
0.13721323	0.58146584	-0.12355767
0.5599	0.27774125	0.22263213
0.048285246	0.31152976	0.17527287
0.86002517	0.07476246	-0.34280357
0.24831963	0.3574971	0.5442492
0.28473192	0.66467386	-0.662058
0.08141291	0.6874345	-0.73138994
0.29926175	0.07297075	0.13853255
0.861778	0.69605124	0.15858132
0.078828156	0.115017116	0.13181646
0.96273595	0.8693546	0.22412457
0.0031719804	0.3733502	0.21912614
0.94811565	0.7837053	0.4258169
0.81152177	0.28295386	0.3767865
0.84592384	0.8197393	0.2744071
0.4699056	0.4974078	-0.07253948
0.6452525	0.4457518	0.28638655
0.643313	0.48838907	0.29722205
0.7685283	0.052203238	-0.6039585
0.4971993	0.49772245	0.053499065
0.8457451	0.7038376	0.025895793
0.26549804	0.9953418	0.24546202
0.5379047	0.26279944	0.26512486
0.15797961	0.47226167	0.36884022
0.86606663	0.052710593	-0.18407671
0.90128905	0.66395557	0.32672533
0.9379718	0.9955541	-0.3570061
0.12318581	0.6461061	-0.43330812
0.8576837	0.8527908	0.3501789
0.3285545	0.80946267	-0.14106472
0.21178645	0.9868247	0.6142597
0.97593814	0.8550368	0.21191669
0.82862777	0.26984954	0.37062266
0.18981415	0.34373552	0.27506417
0.8784809	0.15703839	0.049719196
0.08778334	0.5117232	-0.07865479
0.39630306	0.52400947	-0.038915426
0.26393938	0.7880018	-0.5640131
0.5647505	0.30024695	0.24216138
0.04172474	0.014205158	0.022184707
0.32923204	0.56721085	-0.21614732
0.5149247	0.32776862	0.3424362
0.3501081	0.55858207	-0.1686506
0.11040115	0.09856129	0.08258287
0.2002731	0.45465505	0.4931296
0.65939265	0.00920409	0.86498564
0.9523773	0.6227073	0.5538303
0.061143935	0.81914276	-0.42215297
0.8753926	0.05720675	-0.11844124
0.97729224	0.29474473	0.6071922
0.1164431	0.94148064	0.57324535
0.71607995	0.16796798	-0.1478184
0.07645017	0.29579234	0.11021135
0.50417155	0.53293943	0.042868577
0.9108841	0.04782778	0.29099312
0.07091981	0.67828834	-0.73187894
0.121225	0.4418946	0.21790235
0.13295174	0.7139757	-0.76490057
0.046346962	0.7524359	-0.73788184
0.05773127	0.8810594	-0.015843622
0.81755066	0.51297975	0.47459456
0.98618025	0.81437707	0.33140302
0.8163867	0.52221155	0.3262474
0.090811014	0.7837556	-0.581708
0.21922147	0.7816059	-0.6773778
0.043625474	0.51253223	-0.30264246
0.80000323	0.51891273	0.3598111
0.43466175	0.28771842	0.69006604
0.94688296	0.33907425	0.6950187
0.7913474	0.17222059	-0.5002447
0.15459883	0.3433904	0.20178822
0.36904633	0.41022027	0.8671159
0.15424263	0.7085352	-0.6965109
0.032694638	0.87222934	-0.1666599
0.7080927	0.70945704	-0.34522244
0.26149166	0.5659685	-0.030019792
0.84131044	0.48731917	0.71337664
0.77493393	0.78379005	-0.23508643
0.39950788	0.005511999	-0.32707253
0.23264235	0.9475196	0.36592332
0.09075475	0.10720909	0.12189071
0.4926058	0.29245955	0.45343915
0.7060704	0.4387588	0.33180112
0.13397521	0.14484686	0.06408565
0.3345139	0.5035557	0.30072612
0.3765673	0.7452515	-0.04620226
0.023099303	0.26458395	0.33066267
0.42223263	0.49661964	0.013573404
0.74448794	0.15286446	-0.38705453
0.44198388	0.6878999	0.095702685
0.47775507	0.68977296	0.33749452
0.92523664	0.32572955	0.7779026
0.048552692	0.075843155	0.08599712
0.76867646	0.0037062764	-0.5676845
0.4616984	0.5088735	-0.090510026
0.10552573	0.041288197	-0.09977058
0.4434936	0.9984752	-0.4190207
0.5254787	0.26035702	0.2928339
0.9924926	0.2632317	0.630946
0.69995874	0.5739527	-0.026628353
0.88985306	0.9481321	0.024824703
0.98471296	0.3791473	0.5723872
0.02278459	0.2963469	0.36235738
0.3011003	0.27800858	0.505747
0.4815973	0.016375363	-0.77189255
0.036136568	0.6281506	-0.73533756
0.26234764	0.9150561	0.08109756
0.10474998	0.72466594	-0.66023093
0.63931847	0.74679625	-0.24640654
0.56139976	0.20951617	0.30348748
0.7240473	0.15316427	-0.2023443
0.99075335	0.078945816	0.69483626
0.6234679	0.2216115	0.32017267
0.7475541	0.07323682	-0.43278497
0.6368083	0.84265006	-0.6617004
0.41839713	0.16617948	0.028450534
0.70843315	0.88073164	-0.5932341
0.37918693	0.4296245	0.77344644
0.0060325265	0.032980382	0.027360622
0.51463723	0.8345344	-0.13613465
0.13409787	0.5304229	0.1666751
0.039020002	0.87668693	-0.13529572
0.75649047	0.14422697	-0.48654893
0.846467	0.16623592	-0.21804762
0.94753146	0.8401171	0.38553575
0.6791078	0.011004448	0.68639755
0.29955536	0.73396564	-0.6563079
0.04404074	0.7390675	-0.70985466
0.2987495	0.13459826	0.061704643
0.49454385	0.5766351	0.042888254
0.8779132	0.18172139	0.16019922
0.093612075	0.33163267	0.07665895
0.59498006	0.2771896	0.21565607
0.30959898	0.32542187	0.7751723
0.7144375	0.56561327	-0.012349495
0.93826705	0.81704485	0.46063817
0.066952884	0.62914485	-0.6697719
0.062121928	0.038896143	-0.021538898
0.32611096	0.99798757	-0.06676289
0.54475564	0.14047539	0.29079187
0.049116075	0.87688607	-0.08623843
0.88718545	0.22254181	0.38916156
0.84796464	0.6846961	0.046654314
0.24272978	0.6530905	-0.56035376
0.5188174	0.37120658	0.17441359
0.37223488	0.86974674	0.09722876
0.71588576	0.71811104	-0.3960791
0.6456442	0.8416326	-0.6833181
0.37207586	0.49314177	0.2758545
0.9134514	0.7997439	0.5143508
0.6241101	0.24536419	0.21475817
0.37154043	0.5787381	-0.29236218
0.1910075	0.72648567	-0.7793547
0.1894759	0.145114	0.058575258
0.6796427	0.252715	0.02510515
0.00020474195	0.8135409	-0.57697046
0.29596144	0.31063688	0.6186801
0.2673539	0.21418041	0.0947752
0.16404295	0.28137904	0.10323092
0.13427764	0.45653915	0.2679233
0.6593395	0.18856633	0.33559117
0.01986909	0.6744275	-0.80573183
0.2237708	0.63675714	-0.4184061
0.4615007	0.60984325	-0.012200799
0.49437547	0.34352994	0.37490863
0.11212468	0.8435216	-0.087495804
0.7366348	0.55179715	-0.02260406
0.92653126	0.9590431	-0.16851947
0.09777838	0.7511984	-0.668593
0.9591845	0.47216678	0.7997436
0.026576221	0.31812948	0.26793474
0.5461718	0.3932553	0.23713435
0.7401782	0.69471294	-0.38846645
0.024352789	0.56746	-0.61046374
0.57953054	0.8192448	-0.34548545
0.5642123	0.772174	0.008012414
0.6025751	0.16763282	0.5737268
0.11216009	0.32945538	0.068803474
0.5021163	0.20808315	0.19493918
0.057102323	0.92827433	0.31591392
0.5561892	0.6930373	0.3146499
0.24597949	0.58258414	-0.13192752
0.46055984	0.7623755	0.393269
0.31777918	0.94519466	-0.00954937
0.5259666	0.5209221	0.18232796
0.8508688	0.48379058	0.7908162
0.64566875	0.46535778	0.4006988
0.88602054	0.013896525	0.09926152
0.9821206	0.20556056	0.7086867
0.9886721	0.66932136	0.45488384
0.18202943	0.07282543	0.05641213
0.6372506	0.70302397	-0.12872407
0.15826416	0.81854814	-0.35333288
0.27174592	0.8952165	0.008307416
0.58166486	0.07093346	0.53980756
0.5801698	0.36756307	0.21639742
0.6322643	0.31209105	0.16376573
0.9380474	0.21492636	0.63217
0.9107414	0.0041971207	0.36949596
0.8620476	0.15574414	-0.1210873
0.5927521	0.37266368	0.14519729
0.002311647	0.89300334	-0.20674984
0.61851394	0.7780521	-0.3171268
0.26071787	0.34541875	0.5809923
0.26957607	0.03849268	0.28213513
0.6092033	0.6820487	0.1119854
0.43934804	0.17469335	0.07581526
0.5598202	0.7142829	0.27120224
0.5474068	0.004000485	-0.05204349
0.7450072	0.86379045	-0.34152564
0.33654416	0.39113164	0.9512681
0.5109523	0.6018006	0.17633693
0.9435412	0.8571644	0.311483
0.72315615	0.17046642	-0.19320624
0.79984444	0.74378127	-0.12187142
0.9684611	0.3065207	0.63363194
0.6762924	0.82999784	-0.60181713
0.7341623	0.45011312	0.38762522
0.35626978	0.40833306	0.9492791
0.7785363	0.34209174	0.66097504
0.0031248927	0.4194693	-0.015505418
0.040717185	0.10793853	0.18137775
0.93143255	0.18527651	0.5721995
0.7902679	0.19929028	-0.29609704
0.008787394	0.5111985	-0.4333025
0.7570232	0.52326566	0.18360671
0.787152	0.4796489	0.5871066
0.14384747	0.8056308	-0.48762548
0.5858169	0.2233476	0.3006505
0.44855934	0.67649156	0.19098228
0.3947755	0.4775625	0.284265
0.62642896	0.6600594	0.21169782
0.7875942	0.37323028	0.79031235
0.64876646	0.617935	0.1652788
0.30813754	0.5767728	-0.22736487
0.51718026	0.13216203	-0.04879946
0.050690353	0.9358463	0.30448556
0.27144998	0.8657756	-0.13561106
0.60049975	0.7832481	-0.26453212
0.43211174	0.39449757	0.5916974
0.31484932	0.024992943	0.26572496
0.4982373	0.9212773	-0.5088656
0.60053	0.33314997	0.120415546
0.18341231	0.38241684	0.36737972
0.29230702	0.8059003	-0.40087306
0.72593224	0.6291784	-0.25483966
0.573344	0.51778257	0.3273268
0.23661458	0.43935966	0.6003639
0.8192807	0.43627155	0.88312495
0.6723128	0.4305588	0.23379582
0.71773213	0.08473605	-0.055203944
0.7597268	0.59505445	-0.19809835
0.74075353	0.9038552	-0.42120796
0.48609298	0.8421387	0.060770106
0.6886023	0.30242288	0.117716506
0.14708072	0.92207795	0.4600275
0.71865654	0.646184	-0.28800097
0.5556353	0.327668	0.22623445
0.67075735	0.23439068	0.124622196
0.481427	0.5809255	0.059330724
0.5349463	0.79958946	-0.009837531
0.117221355	0.055759966	0.02213723
0.12410897	0.054446757	-0.023922887
0.01778096	0.31746542	0.38697603
0.32909262	0.80180764	-0.1601971
0.2900228	0.26818538	0.43337822
0.31541437	0.8570688	-0.028700188
0.13154197	0.63259506	-0.39735475
0.28696322	0.17834717	0.042350024
0.2791534	0.90971875	0.011405325
0.4551096	0.7273692	0.35358945
0.9219956	0.45530933	0.8512063
0.61621755	0.7813176	-0.272483
0.8728064	0.3065378	0.6994886
0.7330163	0.5914781	-0.15394388
0.8783474	0.9187035	0.18315773
0.54339105	0.13546216	0.22776867
0.49197054	0.53087425	-0.07437157
0.28093386	0.48689425	0.42434356
0.84348017	0.81409246	0.27086115
0.33022594	0.07353073	0.047710944
0.6724666	0.033296347	0.6467689
0.35947102	0.4067418	0.96565723
0.29223776	0.43518078	0.71419704
0.5889108	0.9129344	-0.937114
0.646902	0.64526105	0.0927158
0.17941302	0.24750876	0.1100162
0.24390167	0.17125887	-0.00730946
0.56639314	0.41609645	0.23346016
0.6457242	0.08155352	0.80079156
0.013142049	0.4226048	0.028490804
0.38577533	0.19672084	0.27277705
0.73316747	0.7818772	-0.40681893
0.15542543	0.44603783	0.30353102
0.60672367	0.61448425	0.34117338
0.20291781	0.7193097	-0.8379041
0.7861188	0.644543	-0.23913103
0.51523274	0.28931683	0.32163322
0.8570009	0.33822113	0.90047747
0.7185732	0.8068294	-0.44302827
0.36767322	0.04105395	-0.0825244
0.8954319	0.56497043	0.5277985
0.9484255	0.05442524	0.69827825
0.25758642	0.1408953	-0.06980942
0.9941196	0.0014145374	0.66790533
0.70716363	0.66799986	-0.3051088
0.34085345	0.76016855	-0.25165072
0.10137659	0.7534113	-0.68344754
0.5210986	0.590656	0.2134955
0.4834429	0.4766879	-0.020742625
0.47291356	0.9658683	-0.5196693
0.21992654	0.8415784	-0.35222676
0.015507817	0.029156506	0.0656864
0.012706637	0.27758121	0.41470724
0.93345565	0.5980533	0.59756905
0.54638475	0.47886086	0.2566735
0.2990142	0.5266824	0.1453978
0.32530415	0.24109602	0.46083176
0.24603862	0.5769158	-0.0906689
0.76491714	0.2876758	0.25579548
0.23792571	0.5357843	0.17969626
0.6063284	0.47097385	0.33774024
0.8523485	0.5366306	0.5035743
0.6558281	0.19140375	0.3163905
0.41384047	0.5220283	-0.13483515
0.030657351	0.22058392	0.30427617
0.46948886	0.42675823	0.24740322
0.07900423	0.09039658	0.027417429
0.28234702	0.52231294	0.23154593
0.5382339	0.852797	-0.3887781
0.705364	0.76598006	-0.40749592
0.64287144	0.27232993	0.15291506
0.31381488	0.015768886	0.32770863
0.3993352	0.9808585	-0.23328882
0.14471698	0.18816513	0.10381928
0.8902988	0.6960829	0.35656512
0.8117662	0.5914595	-0.020733248
0.45823872	0.72987986	0.39178935
0.916559	0.849368	0.44892892
0.522783	0.99583435	-0.8853981
0.039687395	0.909454	0.09098098
0.19455034	0.85269666	-0.1872608
0.9069596	0.48276466	0.8432084
0.63080865	0.35077327	0.13239878
0.39955527	0.119374394	-0.19896075
0.5725734	0.7093442	0.19957975
0.49394536	0.21757483	0.22498193
0.13302314	0.7077946	-0.77583116
0.353208	0.5152054	0.19289015
0.73286194	0.2527039	-0.06769888
0.6052748	0.10037398	0.78133684
0.522848	0.68900996	0.42590442
0.29282886	0.45109332	0.705609
0.77590287	0.25014013	0.026857404
0.07832497	0.22869164	0.15280913
0.16446584	0.027778327	0.07313165
0.5995473	0.6958826	0.14212802
0.20093668	0.01668638	0.14971371
0.22823924	0.7641518	-0.7023638
0.69405574	0.6540075	-0.266599
0.12634909	0.88499874	0.23587997
0.2225557	0.38845378	0.47788328
0.21745199	0.406864	0.573829
0.43548238	0.61707425	-0.12891287
0.84045386	0.80234516	0.24440762
0.7276416	0.88678867	-0.45018724
0.64580387	0.9797475	-1.0326469
0.18721211	0.73858607	-0.80026585
0.95886606	0.6070027	0.53850484
0.012148738	0.9636084	0.20673719
0.31256902	0.15330571	-0.005079707
0.0006682277	0.98330534	0.30358627
0.9245215	0.10559732	0.4995403
0.41683662	0.30597305	0.82557106
0.1321575	0.21013844	0.08045283
0.058511913	0.6186756	-0.68278074
0.42231703	0.61257935	-0.18445718
0.15193456	0.6707766	-0.5221552
0.9356774	0.41095138	0.79199314
0.35749996	0.06431663	-0.046618443
0.6373654	0.25107068	0.24561985
0.1926381	0.060059845	0.044610858
0.84252185	0.35667586	0.8730763
0.922165	0.16137087	0.48103043
0.8348748	0.09818536	-0.55679923
0.7604569	0.4771409	0.45571274
0.43943608	0.06597328	-0.6018561
0.700003	0.6241398	-0.18783617
0.57036847	0.42294663	0.21187566
0.74327564	0.37704283	0.5011261
0.52038103	0.29139245	0.2531086
0.94036585	0.3105752	0.7179312
0.80793923	0.90785104	-0.0051664896
0.71417356	0.14692676	-0.1000637
0.9973322	0.36201936	0.5395358
0.7765992	0.37900525	0.6936549
0.86940837	0.18047327	0.11767672
0.9456303	0.2541982	0.64804393
0.11359811	0.39211768	0.16263886
0.020685256	0.2741531	0.38763657
0.16843629	0.8433293	-0.21680439
0.43808627	0.4033038	0.5439152
0.7937355	0.3680693	0.7975843
0.3740483	0.01771301	-0.053077694
0.91997224	0.9349844	0.011080022
0.55054617	0.8466418	-0.39035484
0.62035483	0.787746	-0.32589874
0.6860194	0.1643669	0.12636882
0.95400727	0.118444264	0.717103
0.4974016	0.109110355	-0.26654944
0.28840095	0.71263975	-0.7273597
0.6711178	0.074784875	0.57652986
0.73846817	0.44691265	0.4198398
0.9246876	0.68110245	0.46087724
0.772154	0.053995192	-0.6387674
0.46367204	0.75298226	0.35526714
0.6294348	0.7596579	-0.20429747
0.5009474	0.16114902	-0.0082554985
0.48334414	0.9913563	-0.6417066
0.67983145	0.5362638	0.18858002
0.16264206	0.064929545	0.023260003
0.17753792	0.40395802	0.40029827
0.4287511	0.16446877	0.00030583143
0.64282805	0.3995254	0.21206306
0.21999675	0.17984545	0.0819695
0.7427561	0.7213429	-0.4217771
0.5687985	0.50584334	0.27522543
0.01062125	0.2475434	0.46199146
0.37334585	0.73388314	-0.10319105
0.81566054	0.94543177	-0.015320049
0.64998597	0.0078032017	0.9262741
0.2686283	0.55910087	-0.0344542
0.9506082	0.8766488	0.13266897
0.33024997	0.8027244	-0.17616288
0.27341557	0.14917439	-0.052961726
0.58000666	0.5211694	0.29447353
0.06311029	0.32430762	0.10897361
0.053426802	0.7044649	-0.8145203
0.102191925	0.44718868	0.11418537
0.93299776	0.10033369	0.58849984
0.7967724	0.8847877	0.019512728
0.9474791	0.42087823	0.79226816
0.0029494762	0.97525203	0.26108044
0.4571966	0.049155176	-0.71312803
0.5396736	0.47950923	0.21316612
0.42653883	0.12688768	-0.26353803
0.8548244	0.14828587	-0.19646576
0.81451356	0.36399364	0.8824252
0.18466544	0.59485984	-0.10440088
0.41772306	0.08851606	-0.40858704
0.65315914	0.6370374	0.049493276
0.92733383	0.32871747	0.76360047
0.9117386	0.21590233	0.5076692
0.13221455	0.92550164	0.5033721
0.64801276	0.7109326	-0.1402575
0.21941239	0.17143941	0.022897342
0.030026913	0.9924829	0.50350094
0.783017	0.8485558	-0.09065159
0.95216787	0.30520386	0.6255738
0.39148933	0.6189537	-0.32123548
0.53277874	0.7688438	0.25897434
0.64972067	0.6343539	0.037045907
0.2882145	0.6548644	-0.64685595
0.31451732	0.88749814	-0.038319312
0.91939044	0.36797476	0.7648248
0.6512439	0.25164855	0.108985156
0.16385043	0.0043620467	0.03805258
0.8531289	0.43625998	0.8905281
0.07183987	0.9648642	0.61945283
0.44374335	0.36817634	0.6765693
0.9585113	0.6611322	0.4420189
0.16115439	0.0015223026	0.080415696
0.6451065	0.12519771	0.6762215
0.5437767	0.74829763	0.22660339
0.08424407	0.66930187	-0.72552425
0.90618265	0.7769078	0.56218857
0.26609415	0.6451767	-0.64442354
0.3793214	0.33750767	1.046921
0.2676453	0.83677316	-0.36251682
0.11411387	0.28382486	0.08332526
0.8171962	0.6895693	-0.118587784
0.91751856	0.007882774	0.40787384
0.9989454	0.4633059	0.5733607
0.77134055	0.73300755	-0.32382008
0.26686418	0.5381278	0.07002138
0.7633284	0.69850886	-0.39400923
0.74134046	0.55315167	0.011941332
0.94949573	0.051295042	0.6799395
0.90543634	0.53354466	0.71048623
0.15835094	0.28208494	0.08628672
0.03592652	0.7354355	-0.76205444
0.9492568	0.6669633	0.4997708
0.5762085	0.7806892	-0.12876765
0.34914738	0.55666757	-0.16746527
0.33593482	0.471712	0.5491105
0.23628694	0.8924909	0.013525027
0.25288922	0.5544972	0.06827751
0.24065262	0.56915194	-0.001244287
0.73261374	0.44901854	0.4222552
0.8028541	0.90324503	-0.012495641
0.8249407	0.57104623	0.15658374
0.6992538	0.10701281	0.17443967
0.47703576	0.64248884	0.1304943
0.5309462	0.894131	-0.5793091
0.90696424	0.9037446	0.18021911
0.5044384	0.122246385	-0.1617733
0.19426972	0.56187874	0.17794868
0.36495852	0.7890469	0.045603324
0.45009172	0.64118063	-0.025071554
0.024091601	0.9458002	0.17619413
0.7152991	0.50131226	0.25201368
0.9317494	0.10864985	0.5369675
0.9508346	0.83416194	0.4323117
0.30113357	0.48267156	0.4853457
0.027166188	0.41751665	-0.010484241
0.22395474	0.26409066	0.1568498
0.56588817	0.63098496	0.3573075
0.29320568	0.3277132	0.78107023
0.1623156	0.50400317	0.3242468
0.43853462	0.85587066	0.16747549
0.2806819	0.92162675	-0.0011910684
0.8068713	0.21945632	-0.08792457
0.07251555	0.61375403	-0.57635856
0.4830674	0.8496496	-0.03791831
0.74418867	0.29558033	0.23104143
0.9961408	0.3804819	0.55673146
0.6883278	0.5459415	0.10397789
0.79770803	0.8312012	-0.022235194
0.77958626	0.15210694	-0.54679173
0.9567026	0.111637056	0.7133039
0.6371292	0.4455384	0.24130882
0.3263138	0.7120389	-0.4497322
0.25576866	0.89513993	-0.062972546
0.909157	0.13449198	0.37715137
0.7697361	0.3617832	0.68520236
0.95297146	0.3742864	0.6372504
0.85647154	0.68301684	0.13341695
0.67009455	0.98843294	-0.87143236
0.2703789	0.21960598	0.16611917
0.45969278	0.8995631	-0.14725974
0.60184455	0.5119047	0.35381094
0.20804936	0.58893096	-0.12640868
0.4445532	0.49280953	0.073784515
0.06476438	0.3432253	0.11152038
0.25063878	0.8932214	0.026708456
0.07014269	0.8581166	-0.056070197
0.2530139	0.21023542	0.054099113
0.7301931	0.7559026	-0.36777967
0.14788663	0.8429121	-0.16178168
0.07358158	0.79530853	-0.5262652
0.7393365	0.8803185	-0.40829396
0.468989	0.47020203	0.016684595
0.26999855	0.44585252	0.64391977
0.12224853	0.05060619	-0.0031712581
0.3085395	0.59057075	-0.30538288
0.5270134	0.5563868	0.15585531
0.5503811	0.23065388	0.34835485
0.5990346	0.45116752	0.2952568
0.29638582	0.2854125	0.5455433
0.5599863	0.57287735	0.28052834
0.1690064	0.8720713	0.044109747
0.8666225	0.5851193	0.30850077
0.28831547	0.14632976	-0.0007055821
0.112107396	0.9748871	0.78113186
0.6959946	0.7553529	-0.45232973
0.8504542	0.84167415	0.33582696
0.050949395	0.58775824	-0.56836945
0.9362539	0.9791652	-0.30614665
0.25409406	0.18656123	-0.018652173
0.7336419	0.6581768	-0.3437469
0.96014327	0.05604148	0.7407095
0.53156984	0.72113574	0.34001064
0.3223201	0.10748172	-0.041045755
0.94961727	0.08281994	0.69655335
0.048824072	0.3202291	0.13629885
0.25001585	0.24530119	0.17479174
0.016647458	0.855166	-0.30672622
0.82665056	0.50430316	0.57311046
0.8575599	0.16127712	-0.13896523
0.12713087	0.7802138	-0.60560924
0.77304643	0.38873303	0.7207524
0.8239939	0.7442358	-0.04578008
0.03871113	0.68467677	-0.820194
0.21973097	0.046383142	0.12658592
0.39773762	0.50419116	0.054516125
0.6192571	0.57519686	0.3053153
0.9386437	0.9176587	0.015498031
0.84085625	0.6429638	0.013938531
0.95688003	0.6624264	0.44114715
0.19785464	0.7651206	-0.705421
0.5538738	0.014549196	0.049111154
0.6707137	0.87313384	-0.8010382
0.41226125	0.67861193	-0.018919196
0.7362788	0.2581777	0.009720518
0.0054306984	0.24196333	0.4156856
0.69392365	0.07329011	0.35802612
0.6579163	0.25329834	0.14166212
0.85047036	0.77069634	0.21528144
0.99980086	0.2816307	0.58383447
0.6957674	0.9686994	-0.7114091
0.37307012	0.84604156	0.124178946
0.50007564	0.6229162	0.18320857
0.8655176	0.6818816	0.20109147
0.36152768	0.6365762	-0.3914944
0.2516486	0.57041264	-0.047412336
0.5746168	0.34353173	0.23409855
0.1527614	0.42633134	0.36043137
0.27737802	0.3755501	0.750014
0.55002	0.12468815	0.2583552
0.40351802	0.35202885	0.91342324
0.07974374	0.020014048	-0.04981734
0.43698835	0.9737727	-0.39502198
0.884711	0.38307267	0.9520248
0.78373444	0.35398507	0.7260112
0.8337826	0.31739247	0.6924883
0.96273357	0.6898965	0.42338887
0.19224507	0.2834652	0.17097294
0.12024701	0.82190824	-0.27299407
0.56193835	0.31590837	0.24860449
0.9969522	0.95851827	-0.32532492
0.5052703	0.29067767	0.3293671
0.063994765	0.5402622	-0.32262865
0.98298365	0.00304389	0.70111716
0.3518672	0.261235	0.6269676
0.6051445	0.15475684	0.5805294
0.10286486	0.74402535	-0.66848874
0.9420468	0.033034384	0.6443372
0.055776	0.06493044	0.03726852
0.14099509	0.352071	0.21639098
0.24831003	0.16841489	0.022089748
0.77677685	0.5687012	-0.019431993
0.30522168	0.6760055	-0.6248046
0.6791508	0.100060225	0.4668505
0.465348	0.022036493	-0.7705876
0.6564897	0.8307214	-0.57362354
0.288602	0.6315565	-0.56090385
0.6915186	0.44648314	0.298481
0.716462	0.91965693	-0.56879
0.8041993	0.72414833	-0.23991019
0.084329665	0.91903955	0.38931042
0.32067406	0.07577789	0.13019921
0.12631452	0.600718	-0.2753454
0.9236866	0.6773873	0.46512905
0.39738017	0.0029274821	-0.38245004
0.6687612	0.49272782	0.27365083
0.39443588	0.4800197	0.21194324
0.5488678	0.7591549	0.13119952
0.97194135	0.48233068	0.68924546
0.65385514	0.17107868	0.40751886
0.93067324	0.3466283	0.69958
0.9520685	0.7301732	0.45964372
0.94825196	0.63649976	0.563167
0.46265662	0.3089277	0.5455384
0.34813082	0.5008835	0.28810754
0.55716175	0.33201045	0.26678464
0.6188395	0.83039045	-0.5983218
0.27346802	0.36853743	0.7205144
0.20608425	0.74698204	-0.76828617
0.7863576	0.32825685	0.59635204
0.4493994	0.89795756	-0.10684205
0.85029215	0.8487002	0.32746944
0.9272521	0.8899289	0.23588826
0.021164834	0.24659789	0.34556192
0.6871282	0.9733387	-0.871052
0.08680302	0.31734568	0.15034188
0.019922793	0.5920192	-0.7338218
0.232826	0.54914194	0.16336833
0.89275986	0.6873116	0.35057917
0.34488952	0.89327276	0.09049327
0.9473638	0.6593337	0.52012396
0.86780643	0.65341115	0.21148586
0.6905493	0.19497097	0.07608561
0.8013738	0.34251493	0.7214203
0.74903506	0.41757584	0.55667776
0.58431584	0.78499	-0.20158245
0.6047374	0.58589846	0.30830792
0.47088522	0.6822389	0.22231117
0.16973215	0.64247507	-0.4191161
0.1854738	0.2641986	0.09197359
0.69285864	0.5934106	-0.013738273
0.8186523	0.6844893	-0.12683773
0.82598555	0.61454874	-0.044652015
0.85855	0.8811306	0.2551126
0.2575121	0.8825695	-0.059069984
0.96111476	0.2407546	0.6577361
0.9547754	0.51508534	0.689381
0.41484302	0.85121995	0.19142732
0.3036613	0.34427786	0.8003973
0.911949	0.6657545	0.4362825
0.040816605	0.8567928	-0.2285869
0.1460107	0.4840865	0.30712342
0.9957609	0.06342089	0.7654388
0.31577867	0.77061677	-0.35455704
0.18531263	0.78533405	-0.6331512
0.005914092	0.38628513	0.16023813
0.04699284	0.7272912	-0.7484885
0.4453044	0.048356533	-0.6928974
0.83684736	0.6460593	-0.052247204
0.09180558	0.73955053	-0.7244546
0.022025824	0.46819276	-0.14861326
0.9106268	0.7781334	0.5511467
0.06017065	0.5840672	-0.5163244
0.11259043	0.9513929	0.6998398
0.8263375	0.9169312	0.09551153
0.15297627	0.97394776	0.85198766
0.5852577	0.056753993	0.55662227
0.37356102	0.29562485	0.92472655
0.3502862	0.6565799	-0.4805279
0.11614019	0.89646643	0.33363
0.35922277	0.45604718	0.66514593
0.73855937	0.47383434	0.31987232
0.6510573	0.54896075	0.2717355
0.87659246	0.17126888	0.039432995
0.6241954	0.3058793	0.14060764
0.31552708	0.99803114	-0.043254595
0.7895516	0.9024356	-0.06596209
0.9885399	0.95518893	-0.25786933
0.060048282	0.68604296	-0.7243967
0.237337	0.0021874309	0.36882564
0.90130436	0.56899714	0.54988533
0.06961763	0.7609831	-0.68409175
0.61187965	0.9659019	-1.200125
0.2007944	0.7613178	-0.7579488
0.588042	0.60118306	0.40601346
0.28815264	0.45747566	0.6085949
0.50127965	0.48719037	0.06667484
0.58055884	0.0138962865	0.49740353
0.9475545	0.74461526	0.5171965
0.5404656	0.32459873	0.22616321
0.7894304	0.45945734	0.6522669
0.11659318	0.83286256	-0.21521235
0.11823964	0.9555735	0.7002552
0.7829808	0.048372388	-0.73404
0.16646445	0.5559055	0.13978043
0.090186596	0.30428576	0.07403143
0.16323155	0.5766767	0.020919215
0.68031824	0.47249675	0.29413986
0.050697267	0.060682118	0.0048820674
0.026850522	0.47143185	-0.20394792
0.3962618	0.11610454	-0.1514596
0.1891672	0.8703175	-0.0028276946
0.7922025	0.2456612	0.053054728
0.31906337	0.75046015	-0.43503207
0.20243955	0.48208135	0.44100434
0.59914154	0.22413564	0.37650537
0.04815519	0.61384344	-0.6709973
0.4257999	0.57033056	-0.2846165
0.44627833	0.3507765	0.5939848
0.6186901	0.68430674	0.10183284
0.88021034	0.98881227	-0.22133283
0.7945844	0.5845171	-0.091558956
0.17712617	0.09599155	0.06218941
0.052782536	0.557711	-0.4424798
0.54723966	0.34871805	0.1922893
0.49843818	0.8720582	-0.1893542
0.21305972	0.2517017	0.08316093
0.6342794	0.95410055	-1.1087606
0.41563743	0.3424378	0.86901903
0.26114523	0.93269175	0.082789496
0.71540177	0.82900184	-0.44381487
0.37652963	0.33334506	1.0254983
0.32886988	0.49617374	0.41692403
0.031961262	0.8619105	-0.2438838
0.49732792	0.56030416	0.011851158
0.13428026	0.8370133	-0.19813435
0.6405476	0.37892193	0.116533056
0.384243	0.61796904	-0.36440387
0.95793223	0.68178236	0.46945626
0.92974216	0.052703798	0.5325277
0.2506578	0.48296082	0.45753065
0.75187665	0.079426706	-0.51845294
0.65110844	0.268373	0.13822308
0.26690298	0.23278928	0.17448503
0.64770377	0.022418857	0.89688116
0.036578774	0.98874956	0.47339514
0.7447534	0.0010764599	-0.21644846
0.2869444	0.31078672	0.58598584
0.52916193	0.51777583	0.09002516
0.2069611	0.13605344	0.0576247
0.76850677	0.07099062	-0.6019343
0.103724	0.6523215	-0.57076067
0.59895414	0.9274203	-1.0330923
0.73859775	0.3893348	0.44071594
0.51552105	0.9487852	-0.78796506
0.7098221	0.34958297	0.3225361
0.8264608	0.3342411	0.78327
0.041720092	0.72131133	-0.78656954
0.42384422	0.3570912	0.8343684
0.57423395	0.58186233	0.34604216
0.37866527	0.5311133	-0.010605853
0.3886832	0.35377157	1.0065306
0.7243031	0.32669932	0.2089495
0.039064765	0.34157872	0.12677988
0.33234918	0.5044961	0.27258742
0.7969682	0.88883346	-0.021863976
0.32762933	0.1913284	0.14899728
0.06336713	0.57501996	-0.5069262
0.8837424	0.78707606	0.49324143
0.17712218	0.42166537	0.46287346
0.7962235	0.18179107	-0.41292563
0.62574923	0.20991111	0.42145288
0.069484115	0.3611663	0.047937825
0.21658629	0.118443966	0.0028729476
0.18868089	0.5682802	0.08787932
0.84883446	0.5271349	0.41956085
0.6176001	0.18209517	0.51300603
0.7633727	0.41068017	0.64518213
0.7224299	0.60095525	-0.17342062
0.08395541	0.3285554	0.07023845
0.813997	0.058592796	-0.7283047
0.5633202	0.30968064	0.22369112
0.7853452	0.32333708	0.6247703
0.5407998	0.39949346	0.21505556
0.15858448	0.15632117	0.044846565
0.2953022	0.6409912	-0.6016949
0.9654179	0.7793478	0.3835369
0.27085364	0.55791503	0.028039295
0.8610865	0.74526787	0.21517974
0.8797587	0.99635816	-0.23496188
0.8038437	0.7253756	-0.13966095
0.94436246	0.63342875	0.5467017
0.074651	0.84889734	-0.16402069
0.56002957	0.8711969	-0.5585872
0.91994774	0.44847327	0.82395154
0.8259981	0.089547515	-0.62517035
0.36224824	0.33644664	1.0286595
0.6653087	0.8505014	-0.7231785
0.24952829	0.15831995	0.008444779
0.81945	0.86378145	0.14976998
0.6716841	0.69815296	-0.21051091
0.43788522	0.30696124	0.71258205
0.812399	0.60224324	-0.09007531
0.90355885	0.510228	0.7487314
0.71380085	0.0686667	0.029489232
0.9077366	0.7077355	0.45104507
0.5803763	0.94390285	-1.0783069
0.3532985	0.04958284	0.0073813563
0.42591202	0.095897496	-0.39333558
0.6382296	0.06897956	0.92894065
0.84546596	0.68063426	0.0066535976
0.26282626	0.98874855	0.2266603
0.18353671	0.6039576	-0.14590567
0.6419212	0.7891651	-0.38005063
0.9425005	0.99846953	-0.37092748
0.533249	0.39204347	0.2677217
0.31841767	0.6471879	-0.5544357
0.73151475	0.28053844	0.15420575
0.82990414	0.16379642	-0.27753997
0.33031887	0.0921011	-0.043250445
0.18133152	0.14097899	0.04956659
0.7023557	0.13357615	0.037069567
0.36888492	0.24068725	0.6143433
0.739227	0.9968471	-0.40637434
0.20649958	0.06005031	0.07022771
0.5293957	0.5651197	0.26953188
0.033598363	0.9892182	0.49339122
0.13229853	0.93514144	0.6799424
0.8672209	0.7335546	0.18480845
0.62353927	0.9008878	-0.94024974
0.41916835	0.5815859	-0.26966286
0.016200185	0.7084255	-0.81512403
0.05125773	0.1416071	0.17256838
0.0032907724	0.46067053	-0.18368192
0.13927317	0.8203481	-0.33980182
0.551004	0.12819403	0.2668404
0.7266276	0.6911692	-0.39436096
0.9661765	0.058304906	0.76402473
0.16805005	0.11372602	0.02173326
0.3674456	0.73461425	-0.16600487
0.5463658	0.93589973	-0.82208794
0.30075914	0.5622977	-0.074040495
0.48893136	0.7303691	0.38222408
0.90654093	0.09581745	0.30829382
0.22843403	0.7784855	-0.67382795
0.034395576	0.261146	0.34276193
0.03442222	0.40275443	-0.0006560348
0.4255057	0.17245358	0.06502811
0.30047655	0.92883116	0.08238373
0.44546622	0.42690516	0.38666853
0.16605818	0.21958256	0.100569084
0.5331962	0.8560659	-0.30231974
0.350668	0.93736565	-0.025967564
0.9165869	0.6132474	0.46592396
0.6447309	0.039288282	0.89645654
0.47506338	0.08359468	-0.5117093
0.4198957	0.5972767	-0.1864615
0.06993443	0.97599316	0.6414849
0.021174848	0.4821648	-0.24970087
0.85404193	0.5031487	0.63415885
0.5589785	0.42731363	0.17045604
0.57839686	0.38957304	0.22662207
0.015972495	0.646127	-0.81797224
0.32255924	0.73557204	-0.45582485
0.13054013	0.37437326	0.13201222
0.46539444	0.53813934	-0.09103094
0.17073017	0.3898995	0.3199317
0.09456885	0.31430715	0.09459505
0.788308	0.37439877	0.81697726
0.07528669	0.76803327	-0.6425473
0.86147535	0.6902189	0.14285378
0.7919902	0.6364778	-0.22533245
0.43472582	0.51915723	-0.08097899
0.46762085	0.32764572	0.54657185
0.3384068	0.056588292	0.04085121
0.5452947	0.2225753	0.2984395
0.15456122	0.15920794	0.056097843
0.29504508	0.43375552	0.7567618
0.14788389	0.46675283	0.33795416
0.9777014	0.76175195	0.44382098
0.6162749	0.7554235	-0.1258676
0.6527061	0.60061026	0.1714113
0.38860863	0.5680074	-0.27703008
0.73538893	0.7005207	-0.42171836
0.6099755	0.5218735	0.4201578
0.43965894	0.8209771	0.30593228
0.15911394	0.35611945	0.2517044
0.3215285	0.102062106	-0.03656086
0.3050707	0.030371368	0.33019897
0.31464618	0.46349186	0.6103828
0.7258418	0.8456838	-0.46858284
0.079708755	0.59410405	-0.4359415
0.2719307	0.2692021	0.33448076
0.9982441	0.060655415	0.70665675
0.270041	0.9624797	0.1717226
0.26784098	0.2077263	0.0477646
0.56851393	0.018835127	0.27703935
0.6707761	0.45258403	0.28580981
0.5935305	0.99367297	-1.0945803
0.95862645	0.3244406	0.674951
0.5743805	0.91862303	-0.90903133
0.9114351	0.09863353	0.28078112
0.26590884	0.6669606	-0.63845223
0.7824343	0.048148334	-0.6886136
0.043788135	0.3103202	0.20039673
0.6901617	0.45855105	0.3084187
0.45756644	0.08169013	-0.58557904
0.9702733	0.7889359	0.34320647
0.63564676	0.93426657	-1.0101624
0.9506168	0.36264843	0.7517704
0.41636074	0.124418974	-0.27744856
0.25881737	0.54695714	0.093302414
0.31363374	0.15402377	0.005877711
0.94583577	0.06567925	0.6513882
0.7504534	0.36018193	0.5022178
0.7491562	0.32041246	0.36557078
0.47613633	0.391177	0.32544595
0.86598325	0.07091224	-0.266689
0.26016742	0.23105478	0.12443751
0.64642817	0.5972109	0.16543683
0.50076187	0.2602135	0.28837103
0.73755455	0.3565848	0.4048654
0.15691912	0.9502012	0.7735594
0.33518076	0.56795025	-0.16243945
0.63140535	0.7087598	-0.06971699
0.45236337	0.63546747	0.045657393
0.83874565	0.30102932	0.61741805
0.5003805	0.90389436	-0.45157427
0.4439062	0.37135518	0.5967257
0.79255015	0.55612755	0.14409629
0.07625693	0.44366342	-0.012217058
0.07836956	0.049371123	0.039139777
0.13627672	0.8840001	0.21920447
0.13184893	0.45615274	0.28082705
0.07020092	0.80352694	-0.3860492
0.01479125	0.3686648	0.17676684
0.6830335	0.88027656	-0.7223363
0.66448313	0.6186539	0.03673983
0.36048168	0.17588717	0.08251178
0.49508494	0.061002254	-0.5171713
0.08147532	0.41608322	0.03144431
0.7990889	0.74880105	-0.18622218
0.2954113	0.4742179	0.58328897
0.7396534	0.29177815	0.18971616
0.90101105	0.34189802	0.82166785
0.14246649	0.76118547	-0.64493865
0.30592227	0.7054611	-0.6534445
0.493084	0.056959033	-0.49172553
0.36213952	0.38080132	0.9598846
0.12280154	0.32990974	0.10872485
0.76388764	0.8008505	-0.20233124
0.5783788	0.7016555	0.14555591
0.24003166	0.40662503	0.62096876
0.2779631	0.029554307	0.3186063
0.22308707	0.41052955	0.5201222
0.8981266	0.52502406	0.66502684
0.76453656	0.5296061	0.21267751
0.25459796	0.97008973	0.26290715
0.7212547	0.6836623	-0.3330681
0.97177637	0.27561867	0.65825945
0.9601753	0.8586375	0.25034636
0.19039571	0.36899644	0.35350755
0.3146565	0.8908384	-0.035682857
0.8182089	0.03879857	-0.69399565
0.048495233	0.45133388	-0.0390667
0.8478692	0.8386561	0.2868196
0.88641435	0.28729302	0.6225283
0.87821513	0.3353067	0.8407054
0.65024656	0.7671791	-0.35004637
0.19631642	0.4323634	0.4965236
0.384305	0.17377216	0.0887192
0.6504461	0.9085406	-0.92399293
0.19869882	0.78443414	-0.67044425
0.8055521	0.16956478	-0.4127654
0.10339922	0.7884985	-0.56205875
0.016679525	0.065196335	0.14693098
0.9006394	0.06572795	0.23214194
0.64133567	0.4197976	0.25112918
0.5456761	0.77671295	0.052366566
0.8610869	0.82129884	0.40913963
0.72679734	0.29389167	0.20065387
0.6933497	0.45499033	0.2561822
0.09163046	0.91894126	0.4394528
0.08131319	0.53409714	-0.19577265
0.15476948	0.39036626	0.28787532
0.44275486	0.49831212	-0.059256542
0.74945915	0.93294054	-0.35131794
0.26331508	0.880252	-0.11107196
0.6965262	0.19824946	-0.030086476
0.59751433	0.1549356	0.5945657
0.921731	0.6613792	0.47233298
0.8115868	0.24300134	0.18249485
0.59259623	0.5383407	0.3972828
0.05315274	0.2703191	0.18271443
0.81756794	0.3681919	0.90066093
0.5034972	0.4324842	0.15422165
0.08782637	0.7997282	-0.4203145
0.16463464	0.8902027	0.23802538
0.29442865	0.2475133	0.307039
0.32352972	0.036509573	0.20107432
0.12044525	0.8134952	-0.39216617
0.29673278	0.4326697	0.7706413
0.40324825	0.2262829	0.46356753
0.35748202	0.17783743	0.14846867
0.089993715	0.8248551	-0.29445294
0.79987216	0.23819888	0.053237878
0.6192867	0.43639982	0.27922708
0.21060777	0.21991783	0.07522196
0.27782154	0.11647785	0.038837478
0.19426286	0.004272759	0.18804297
0.88831586	0.5796786	0.4546806
0.16219962	0.515006	0.3161635
0.5804053	0.6730948	0.30394962
0.44800407	0.8119162	0.28985125
0.40096557	0.20976257	0.36281523
0.033515036	0.42564636	-0.038576186
0.92351234	0.28590643	0.666692
0.78038013	0.7412108	-0.28442574
0.38581985	0.8729265	0.11613267
0.065733135	0.8048803	-0.44734484
0.3505411	0.9375668	0.0090540685
0.9571035	0.7574038	0.48572147
0.36000043	0.74074185	-0.15495817
0.31761205	0.8361991	-0.11387703
0.14484018	0.009395182	-0.04199167
0.8450734	0.32176638	0.7635935
0.11985278	0.5914156	-0.20737617
0.9675993	0.31511927	0.5669805
0.34415752	0.33809763	0.996495
0.9014976	0.35708588	0.8350276
0.029051363	0.8106021	-0.45999897
0.82759035	0.86274123	0.26645878
0.19458503	0.9238593	0.34202337
0.73660415	0.4367391	0.47433764
0.7761294	0.936028	-0.13554317
0.0509426	0.95757955	0.33996382
0.41539836	0.047870815	-0.48382297
0.026791811	0.6927114	-0.83597624
0.43856156	0.33397788	0.7165901
0.08948678	0.46562374	0.078179836
0.98343116	0.97129214	-0.28344423
0.70122045	0.9898325	-0.71882486
0.46574455	0.579273	-0.07003551
0.9281959	0.6837744	0.49243551
0.26415968	0.9589739	0.17680702
0.91561365	0.09398031	0.3465422
0.96104074	0.7457753	0.4608355
0.1542803	0.41825747	0.34158894
0.24053639	0.6917909	-0.7439965
0.35748804	0.44692266	0.65161645
0.21171254	0.7260024	-0.85130966
0.054281235	0.30267745	0.1606097
0.68118083	0.008929431	0.6616016
0.251141	0.58426857	-0.1500238
0.9276658	0.76037955	0.5178906
0.45322907	0.36203563	0.5752602
0.09935701	0.5078253	0.08506137
0.8856638	0.49611884	0.80829376
0.27592677	0.35514647	0.63403064
0.65373045	0.030713677	0.8143723
0.30469537	0.6487676	-0.6200998
0.9509544	0.07079512	0.65906155
0.3150757	0.44996262	0.76300883
0.84624743	0.16709918	-0.13874045
0.18830228	0.28583646	0.1302707
0.32155603	0.83355975	-0.081339434
0.88844126	0.7802535	0.48496798
0.833357	0.6916481	-0.080970764
0.57326186	0.8234306	-0.35079667
0.24282914	0.83279496	-0.38649422
0.3736111	0.92491263	-0.03142792
0.27211082	0.5550587	0.013218499
0.5368716	0.71696275	0.33705264
0.80451155	0.5133086	0.4346126
0.2944649	0.70517665	-0.6630729
0.81069523	0.5951676	-0.0048578717
0.5896399	0.8289369	-0.46802142
0.6121282	0.024180174	0.93053234
0.054979146	0.9790342	0.5349554
0.4765507	0.015255988	-0.8071769
0.42679125	0.07825643	-0.5213433
0.9208872	0.9120051	0.15983179
0.54678583	0.7013776	0.33007005
0.28915876	0.17400897	-0.01805763
0.48436832	0.8516733	0.037661117
0.6044281	0.6837954	0.17974126
0.6839913	0.24631304	0.023329772
0.9125781	0.45390618	0.84654385
0.44172937	0.32313555	0.77555823
0.18475509	0.67373985	-0.64103204
0.5611941	0.80634207	-0.0963122
0.9250967	0.52045554	0.7213765
0.58482957	0.6036832	0.4408424
0.43584245	0.31486642	0.7919706
0.8873825	0.47847462	0.7876771
0.45406395	0.61097145	-0.08786704
0.7706627	0.9201789	-0.19623129
0.75216013	0.9552561	-0.37790576
0.36994922	0.54073	-0.071039006
0.86010647	0.78578115	0.2925763
0.31029266	0.7608784	-0.45988247
0.30675387	0.8620386	-0.10477621
0.4158001	0.47769803	0.20633009
0.19319469	0.7871471	-0.6448151
0.8980182	0.8602313	0.47130567
0.36982083	0.93688107	-0.07077007
0.11308354	0.39235717	0.13187481
0.030783772	0.06755632	0.1333989
0.72165143	0.13813323	-0.21042396
0.20904672	0.116304636	0.08772449
0.122029364	0.6180608	-0.30546355
0.9156903	0.9754206	-0.21023956
0.68049866	0.08309084	0.4500311
0.50053567	0.44793665	0.19529158
0.47275245	0.32681918	0.5446232
0.6116521	0.28888702	0.13069703
0.5182969	0.8859265	-0.47260964
0.6359166	0.6086107	0.21748835
0.4832906	0.5094699	-0.008857448
0.09393692	0.5920408	-0.32358232
0.654574	0.85414696	-0.7352388
0.04240924	0.84949434	-0.2947331
0.743201	0.16812623	-0.34155628
0.06499183	0.35074663	0.10013769
0.7523406	0.53191984	0.14378138
0.06664127	0.6713649	-0.78677535
0.9276875	0.01177597	0.52198803
0.10552156	0.6895781	-0.6896619
0.119155526	0.22204429	0.084070385
0.6095458	0.6989387	0.09699964
0.13154203	0.6409668	-0.43029442
0.5816845	0.93545574	-1.0432414
0.0042356253	0.44798934	-0.13267274
0.29548126	0.34849626	0.77809465
0.90110326	0.5353222	0.66712105
0.23563719	0.8402012	-0.27701068
0.98019606	0.42421746	0.66202927
0.97503674	0.24067128	0.6452168
0.86337537	0.48220766	0.8195867
0.5602987	0.12841797	0.41184086
0.09849167	0.38465893	0.16839829
0.68484354	0.8181608	-0.50539875
0.6111345	0.19796753	0.4392917
0.6907734	0.6470297	-0.17397135
0.75221956	0.21185035	-0.19126676
0.347871	0.6868618	-0.47764456
0.18655461	0.54840887	0.17989922
0.6715487	0.3826899	0.13350064
0.8893074	0.30450922	0.70327836
0.859597	0.6851041	0.13272385
0.066003084	0.13078177	0.1989662
0.90836656	0.7903569	0.4744569
0.7618381	0.37558556	0.6033365
0.009670496	0.3580593	0.25310773
0.4665143	0.040712178	-0.7808211
0.83352447	0.31149828	0.6746425
0.00931555	0.4166324	0.0548822
0.8322884	0.64300644	-0.1081091
0.65940654	0.18068004	0.28569975
0.23466307	0.66390556	-0.63671166
0.5687398	0.45729977	0.1992409
0.243527	0.5037005	0.3861272
0.35158348	0.41045594	0.9277578
0.041045308	0.38451457	0.072280444
0.39870024	0.23912048	0.5860199
0.32044154	0.670414	-0.5354631
0.4542299	0.7329477	0.36052144
0.41820562	0.6821229	-0.025667947
0.8445101	0.82675964	0.29339352
0.27579057	0.9553026	0.10183531
0.7020554	0.5391184	0.08818911
0.97271115	0.743524	0.51928157
0.536065	0.96018827	-0.92951447
0.7617283	0.5411548	0.13573407
0.36069554	0.6481508	-0.3830576
0.8869602	0.833336	0.508191
0.74702305	0.13009399	-0.4344932
0.61784166	0.38109738	0.17935678
0.42297947	0.39473176	0.7003593
0.22304595	0.1454013	0.006710641
0.07485199	0.8536146	-0.1431599
0.99924576	0.93388295	-0.18884148
0.68694353	0.41481483	0.26425016
0.2634148	0.6970608	-0.7752043
0.056610823	0.87036604	-0.040817685
0.35342842	0.12687498	-0.010219304
0.09816104	0.2314474	0.11130266
0.5229611	0.07594293	-0.19931346
0.20071346	0.46068943	0.48704502
0.24995506	0.16549987	0.011785425
0.3205412	0.09453452	0.08932528
0.8323516	0.7102485	-0.03627795
0.29158723	0.8634925	-0.1676161
0.18578982	0.68301964	-0.6490664
0.72308886	0.603694	-0.20451416
0.80308133	0.7834171	-0.023052555
0.33975	0.89784795	-0.023438863
0.14064479	0.6011594	-0.13917391
0.54795873	0.6151671	0.36242136
0.5793269	0.3929149	0.19021656
0.91817033	0.70939195	0.4242216
0.6300503	0.37519008	0.22248596
0.7617366	0.8819848	-0.22363502
0.14110923	0.21413636	0.029168516
0.15222758	0.32304454	0.12026349
0.4061606	0.16893142	0.036028966
0.52744114	0.74090755	0.364488
0.93925273	0.59691024	0.631599
0.40452278	0.88717926	0.015040018
0.055467904	0.58294904	-0.6096504
0.5844014	0.37224656	0.17169397
0.5308447	0.32050717	0.25914407
0.16994554	0.25320828	0.11479062
0.22674203	0.5598756	0.09841384
0.018112063	0.82015204	-0.54599607
0.9554845	0.79581165	0.46204618
0.2207489	0.8184649	-0.484032
0.58456063	0.23348594	0.29819694
0.78754246	0.80191875	-0.090698674
0.9281899	0.5831229	0.57033896
0.891218	0.047782958	0.12483372
0.18213564	0.23132592	0.10280408
0.7771835	0.8317687	-0.15524644
0.9001877	0.5043217	0.76601976
0.97527385	0.3051145	0.62959546
0.5125419	0.64495707	0.26085645
0.73285156	0.8854664	-0.48863974
0.85197765	0.88720554	0.27561072
0.25401467	0.17821974	0.025571853
0.15251487	0.58080846	-0.0014859987
0.17037559	0.8683403	0.0019133082
0.16660488	0.33236182	0.23405796
0.8621237	0.09076142	-0.24546665
0.9445527	0.66432065	0.5087636
0.89997673	0.6672026	0.36031172
0.51873654	0.9119396	-0.62338614
0.36429334	0.48647457	0.3683726
0.3442179	0.16873789	0.10165708
0.5825901	0.8332461	-0.4377188
0.22364265	0.5634306	0.0691958
0.69363344	0.640717	-0.1636219
0.070412695	0.28080642	0.14535287
0.7363031	0.26504976	0.042503368
0.14167404	0.69810253	-0.6720949
0.28728497	0.84283966	-0.26337263
0.41854465	0.23759097	0.50139654
0.88907063	0.34664214	0.83251417
0.7207946	0.48404133	0.2853726
0.004137993	0.6348979	-0.87722546
0.7221852	0.94105786	-0.5569663
0.0691461	0.85777783	-0.09199633
0.29733962	0.9148433	0.022753453
0.98697686	0.9694359	-0.27533135
0.7217587	0.54896766	-0.0015766248
0.24862993	0.20424497	0.028391274
0.6394632	0.28685266	0.093022354
0.60085446	0.95139337	-1.1571584
0.27439797	0.5647238	-0.08218448
0.98055804	0.60715175	0.51550186
0.59265786	0.25034547	0.3142612
0.33076125	0.40018988	0.8781155
0.64016473	0.14460546	0.5813051
0.21493262	0.84652174	-0.28670692
0.1630643	0.15639532	0.06122368
0.9446764	0.6857632	0.45620027
0.08945155	0.6086405	-0.45927337
0.8846778	0.9494284	-0.018102124
0.9245571	0.4167872	0.80284864
0.83376604	0.47307754	0.7975272
0.91447085	0.8195758	0.47521013
0.1346085	0.7371767	-0.6677081
0.34413463	0.46151453	0.60373044
0.3629874	0.7664772	-0.09296799
0.41685927	0.735831	0.2058918
0.045681775	0.66402096	-0.7203453
0.33831233	0.34631914	0.9937227
0.583831	0.5483104	0.40353012
0.3596599	0.11664134	0.005603142
0.970218	0.5123543	0.63097566
0.670875	0.29761624	0.10003257
0.8915746	0.17510206	0.2640142
0.028098702	0.7542621	-0.77290344
0.7161766	0.78050345	-0.4254089
0.24296373	0.5334888	0.18258187
0.17460662	0.6232684	-0.28161725
0.9705013	0.62388504	0.5013559
0.19884121	0.48602873	0.4497435
0.70592165	0.7798652	-0.43516567
5.4478645e-05	0.2780804	0.52877426
0.32341403	0.91298604	-0.00081455195
0.4547261	0.7459944	0.37310514
0.7228974	0.9252404	-0.4956643
0.5154749	0.52992225	0.077173725
0.4169072	0.03955084	-0.55898017
0.42341346	0.783892	0.3219239
0.7333423	0.7485197	-0.40280595
0.63457656	0.6744234	0.07999782
0.6227746	0.4529516	0.27796197
0.30570263	0.6037673	-0.40308142
0.54233444	0.5123577	0.25729957
0.97163016	0.36205834	0.63121706
0.06257796	0.07478911	0.08813217
0.71890897	0.44828212	0.37558487
0.21374613	0.2920146	0.19132426
0.8549644	0.4303348	0.90475726
0.8932798	0.8784121	0.3329689
0.37936527	0.86078364	0.11588543
0.96709436	0.7633173	0.4076926
0.21967262	0.31142658	0.26943037
0.26864964	0.016425133	0.3862052
0.19262952	0.06867111	0.07536076
0.8791057	0.280218	0.576844
0.38201374	0.66038305	-0.34670144
0.55604863	0.18782842	0.31820014
0.29399824	0.4074298	0.8150558
0.5125676	0.47386575	0.0925824
0.7193026	0.5025055	0.24357907
0.20915878	0.30044955	0.24903645
0.38434398	0.8400972	0.18192601
0.8575459	0.075486064	-0.3737368
0.1144892	0.56828606	-0.09127035
0.7231039	0.40724397	0.41868696
0.66402715	0.50203073	0.2739081
0.2493121	0.75372183	-0.72631073
0.33239567	0.17580503	0.1433417
0.4876355	0.29050487	0.41185066
0.77633166	0.9469175	-0.19351101
0.8097312	0.3450352	0.81679106
0.25516725	0.32027084	0.40675747
0.2138871	0.35397333	0.34873632
0.9212909	0.99514276	-0.31497318
0.31032372	0.66335773	-0.60450923
0.5309501	0.6280041	0.36632666
0.11278212	0.22722238	0.11306249
0.38209796	0.3437751	0.99510205
0.39230835	0.63744336	-0.27892262
0.48452878	0.088191986	-0.4937453
0.52099544	0.5992017	0.23180181
0.86165684	0.22982079	0.2791586
0.21700448	0.8522497	-0.2632413
0.31634158	0.67148936	-0.5714144
0.9079567	0.4096759	0.9010263
0.4559673	0.20531762	0.24800707
0.7388789	0.7571926	-0.39425135
0.07776922	0.8016616	-0.47051218
0.9868486	0.96256316	-0.2317169
0.6817028	0.9816703	-0.89006174
0.5878914	0.2441271	0.33087036
0.106900156	0.10356367	0.02768552
0.69850373	0.71215874	-0.33420125
0.24720824	0.5385394	0.18530402
0.28478724	0.71468	-0.7304705
0.14709431	0.55913734	0.14119995
0.35116416	0.21501333	0.28795245
0.32087475	0.9909787	-0.06501088
0.6140617	0.09548044	0.8546971
0.68919605	0.072636425	0.35505286
0.8985392	0.08089119	0.16758354
0.33731228	0.033751905	0.1530437
0.32742178	0.8606424	0.026992783
0.72645897	0.5210638	0.13291164
0.15184927	0.8807437	0.12227559
0.44868302	0.43068725	0.30616862
0.73226655	0.7562638	-0.41439125
0.15147698	0.5257589	0.27289575
0.16381824	0.16254258	0.089803584
0.5016028	0.4861899	0.013522673
0.628121	0.18401396	0.43901867
0.6337848	0.81882584	-0.52393913
0.541996	0.9320753	-0.8237511
0.5073511	0.13464773	-0.090753734
0.27761298	0.6515474	-0.64172846
0.15776664	0.20279574	0.07647525
0.96015465	0.9491863	-0.1209971
0.885076	0.60932666	0.3816954
0.5611893	0.05065489	0.27427828
0.5964792	0.78473043	-0.25755084
0.95608693	0.3194692	0.641453
0.07764685	0.61925197	-0.55217713
0.6321221	0.31176436	0.15195063
0.20020646	0.1485765	-0.03446669
0.5554631	0.94425094	-0.9398583
0.7393165	0.24033505	-0.079364344
0.900269	0.9432667	-0.041077457
0.6425845	0.9243029	-1.0040303
0.14136147	0.7360082	-0.6902584
0.22833115	0.9353703	0.304658
0.83435816	0.7709212	0.1254193
0.93038553	0.54196644	0.6929244
0.40278333	0.37293708	0.9347063
0.57460904	0.30560797	0.2604082
0.084367156	0.5356954	-0.1348023
0.09656167	0.2715469	0.07947064
0.6061573	0.29820216	0.15777557
0.67857546	0.16605127	0.19183455
0.91037655	0.26544762	0.61753494
0.21776325	0.19960076	0.042966582
0.8531572	0.95978975	-0.029664313
0.74394256	0.33078074	0.32620934
0.8254358	0.17225438	-0.2875227
0.7418701	0.7650961	-0.43039307
0.13805777	0.43712693	0.24305862
0.24685806	0.60408956	-0.28125104
0.7521447	0.24606872	-0.06574033
0.29971975	0.71912223	-0.6687939
0.6828136	0.27375835	0.081392094
0.3577068	0.87424713	0.105623186
0.16015452	0.46158928	0.34947622
0.29215413	0.85026705	-0.16097364
0.64591366	0.1270619	0.64897966
0.7247974	0.7410418	-0.3791426
0.7574256	0.7840998	-0.2753408
0.3704167	0.84724647	0.11255554
0.11027837	0.5772022	-0.15717527
0.92524797	0.106650054	0.47845504
0.1577856	0.9913237	0.90148675
0.59805256	0.98624104	-1.1266688
0.36500883	0.9277416	0.040414155
0.44277412	0.7009344	0.23863365
0.14868748	0.68488324	-0.6882051
0.04603535	0.075773895	0.057862215
0.2271598	0.94734466	0.31384608
0.3942299	0.005385101	-0.3072961
0.7891464	0.038309872	-0.6700719
0.7345409	0.7701038	-0.39575168
0.116796196	0.2772283	0.07179024
0.73194766	0.37271774	0.4526649
0.2698514	0.37178993	0.6738707
0.71818316	0.048962116	0.04463409
0.42788732	0.08641511	-0.42566136
0.20601279	0.42710793	0.4743681
0.011930227	0.6705463	-0.8665884
0.86349994	0.64168715	0.153203
0.8425483	0.08449936	-0.52970165
0.6140263	0.7694934	-0.26604834
0.6094608	0.80745864	-0.44978565
0.9148869	0.87295544	0.34755623
0.70538914	0.23095286	-0.042801537
0.044909418	0.878839	-0.08734058
0.19098651	0.46305835	0.46501094
0.10138184	0.19530815	0.16433044
0.94149905	0.83102006	0.46839976
0.46607983	0.63779944	0.068454325
0.22810513	0.2024734	0.0333523
0.55616766	0.17425948	0.33905888
0.8175394	0.84506613	0.18453641
0.64164734	0.77154964	-0.36060128
0.79017293	0.36777335	0.7518372
0.20509863	0.74929583	-0.74172544
0.66157913	0.65475535	-0.030703124
0.19218618	0.5217835	0.35755208
0.6444193	0.51803344	0.28118855
0.7826777	0.5541609	0.07973044
0.66015536	0.34990275	0.109312065
0.2036773	0.9907171	0.6949658
0.09102726	0.38460594	0.0878481
0.88617563	0.65370977	0.3780217
0.9033667	0.07769239	0.2530864
0.032450736	0.18079674	0.26176453
0.5007253	0.6237655	0.2508078
0.116016805	0.55007684	0.0023901928
0.81213814	0.082897425	-0.6751988
0.78092057	0.47038037	0.5656084
0.19579095	0.7319557	-0.80395716
0.06399411	0.4651025	-0.12557137
0.52903754	0.88547623	-0.5080324
0.99795645	0.23217446	0.66936415
0.6594752	0.99604577	-1.0217621
0.68589824	0.20116729	0.03732345
0.10823989	0.4180686	0.17663097
0.35592014	0.22301161	0.4416551
0.78396183	0.81689954	-0.11237882
0.6208702	0.15543675	0.6044635
0.69086355	0.7735878	-0.42752165
0.34914118	0.57166886	-0.24724115
0.9570925	0.8900995	0.19626683
0.070310414	0.6244832	-0.6255888
0.41309303	0.61798376	-0.22198331
0.88647264	0.55715466	0.5590418
0.87744987	0.68475646	0.28917822
0.6326426	0.44797784	0.301707
0.1447838	0.11086434	0.06828961
0.15100735	0.5035739	0.31538197
0.17907053	0.920565	0.45262748
0.12908566	0.6274731	-0.35153812
0.98083204	0.6682536	0.45301315
0.6629875	0.89944667	-0.80219185
0.28482985	0.7073978	-0.73655975
0.88983995	0.88753057	0.28940934
0.74295735	0.21633923	-0.1602548
0.25339776	0.30801725	0.43294597
0.9387351	0.70659876	0.46561745
0.08657658	0.49656487	-0.029803522
0.30768037	0.20676869	0.19722264
0.732532	0.31603956	0.28101364
0.057572186	0.9256632	0.26411667
0.87066823	0.2356776	0.33297434
0.84909934	0.42184973	0.9484701
0.40430832	0.6242519	-0.30299744
0.35946494	0.5092708	0.1694115
0.030271828	0.31187344	0.2801256
0.76483554	0.34178	0.5900447
0.2099672	0.28117192	0.1461818
0.5959342	0.034544528	0.8062999
0.9746843	0.29424775	0.6278149
0.05548197	0.25513315	0.2280265
0.8444078	0.64414835	-0.07086423
0.7081145	0.4065342	0.37930387
0.26820505	0.4915656	0.41577667
0.82574445	0.2522713	0.27507213
0.27467185	0.19577652	0.07595087
0.2493915	0.25236106	0.16682675
0.25843835	0.84179944	-0.29456127
0.051077068	0.5016337	-0.22289287
0.676322	0.538013	0.17578667
0.39313096	0.48396266	0.17963961
0.58455193	0.26426464	0.24075736
0.52444434	0.33305597	0.24130364
0.27126378	0.13811517	-0.0021230234
0.76617587	0.5838158	-0.10474452
0.30687994	0.93308264	-0.0865801
0.44956768	0.7252779	0.27473405
0.030613482	0.43406928	-0.08958657
0.9113589	0.26060528	0.64676446
0.88893247	0.5049072	0.7481044
0.5204796	0.21226388	0.22144799
0.039994538	0.5267117	-0.36322075
0.23302007	0.6005377	-0.24939458
0.23138267	0.38515097	0.529068
0.110435784	0.3581391	0.1025797
0.89778244	0.5242304	0.65592253
0.29790342	0.031963885	0.3583303
0.7787273	0.9477617	-0.24349327
0.7775383	0.5762286	-0.09106538
0.07798749	0.12955892	0.12142864
0.89001167	0.9628199	-0.10083383
0.80099005	0.37542975	0.85549986
0.7868746	0.12710923	-0.6630066
0.08073717	0.027364075	-0.04409405
0.46775085	0.9225324	-0.26990578
0.8770487	0.5556106	0.4545614
0.19321865	0.8771799	0.029839689
0.03073448	0.2813537	0.31328616
0.35916144	0.035769343	-0.059783924
0.9554751	0.85857093	0.27927482
0.9432613	0.13452566	0.6601405
0.362045	0.3732543	1.0506469
0.21554023	0.8984872	0.13341296
0.67057973	0.5960184	0.11497377
0.1294378	0.23275858	0.10583553
0.9597109	0.8042984	0.46939668
0.47102636	0.5223351	-0.12525196
0.6586205	0.23084635	0.19076696
0.6779231	0.14935625	0.26683265
0.15938699	0.4553352	0.40979788
0.6983714	0.9074652	-0.6958037
0.19832265	0.05019605	0.15382126
0.6130772	0.0998407	0.7892774
0.5852931	0.15219301	0.5739205
0.4587496	0.7398791	0.37674645
0.86310387	0.45775688	0.8847432
0.4242217	0.95428544	-0.24856898
0.50921273	0.21560234	0.21151376
0.03290969	0.112730145	0.1966407
0.99013203	0.44902033	0.643426
0.06868464	0.9533927	0.52081597
0.9364481	0.25599813	0.61109924
0.09311479	0.62459797	-0.4856677
0.5946964	0.4765312	0.31803146
0.18150079	0.68098694	-0.6522223
0.50264895	0.51802194	0.08468738
0.026969492	0.10047078	0.21202071
0.6142653	0.6932251	0.09649255
0.03137529	0.36921984	0.18130632
0.9568939	0.22576821	0.6832989
0.08469266	0.51649946	-0.03740369
0.35653085	0.7375291	-0.18669605
0.63493586	0.5714536	0.30914888
0.044080913	0.8496552	-0.27246413
0.65518796	0.7373963	-0.28348967
0.31356782	0.25690603	0.47309968
0.5107104	0.047994137	-0.4278659
0.0806967	0.94564044	0.507403
0.8800706	0.94879735	0.031935964
0.5440895	0.95506424	-0.93298674
0.76990795	0.90728396	-0.19296414
0.30286318	0.98719066	-0.031949896
0.9590623	0.9567595	-0.21198657
0.8516797	0.5287784	0.46621668
0.5498349	0.50921184	0.26465017
0.24726158	0.5126135	0.33190972
0.87956923	0.20214897	0.22711092
0.29059905	0.603575	-0.36564392
0.022221088	0.07398796	0.15826064
0.31747937	0.7116471	-0.57425135
0.006492138	0.8192511	-0.53145885
0.19735217	0.35254437	0.29655752
0.11806482	0.7855167	-0.5016216
0.48395902	0.029968917	-0.7735051
0.5698472	0.4288075	0.21765372
0.5911959	0.049740195	0.71987927
0.02132821	0.11704892	0.24786864
0.7828669	0.4658851	0.5451879
0.4232453	0.33929658	0.84385765
0.728316	0.8030366	-0.3880086
0.49233544	0.72694856	0.45057517
0.39978296	0.60147893	-0.3106742
0.52853096	0.8132506	-0.039309908
0.11194223	0.21916813	0.11833801
0.12341744	0.4010387	0.18161373
0.97946036	0.17580843	0.7121215
0.5956538	0.40061563	0.26676518
0.55969155	0.27153814	0.28942987
0.24622953	0.28334546	0.25042155
0.13785762	0.46040154	0.28825948
0.19609314	0.8497801	-0.24790657
0.68845063	0.82734424	-0.47933567
0.72470415	0.27193123	-0.005340986
0.38939297	0.039065838	-0.24701542
0.4743017	0.8215772	0.16534814
0.04682827	0.09024632	0.19345732
0.95502275	0.010204136	0.717673
0.53353876	0.35936224	0.16882786
0.2100969	0.60892755	-0.22703001
0.1407355	0.63348925	-0.3508662
0.09619421	0.1255207	0.058548607
0.3370651	0.92541283	-0.0283566
0.38528657	0.9350536	-0.102146134
0.63426316	0.6702757	0.09111686
0.4213308	0.88290054	0.09340435
0.7194893	0.6433162	-0.26824963
0.56831294	0.7538011	0.038247805
0.2139517	0.035520315	0.19712183
0.46122664	0.6197901	-0.030351613
0.92198867	0.40474755	0.8246089
0.7278912	0.25868815	-0.0055963406
0.9708889	0.48111802	0.7149821
0.88583595	0.60233766	0.40024906
0.5551178	0.38009137	0.17954881
0.5043863	0.71025085	0.3673694
0.5401458	0.2606799	0.2708227
0.09911597	0.1617189	0.09920955
0.46127343	0.3446715	0.6156564
0.9495348	0.103303015	0.63930297
0.43122536	0.82467693	0.27534992
0.6927833	0.47915226	0.3001834
0.5098957	0.15969986	0.024686076
0.833399	0.9596577	-0.014001378
0.6380389	0.6074993	0.22828434
0.4614107	0.048532546	-0.70277685
0.58768964	0.74882764	0.00568547
0.6350291	0.349999	0.13134146
0.9496084	0.04711926	0.68022275
0.708493	0.6832617	-0.30999234
0.41869694	0.78604805	0.30267778
0.017172575	0.29518843	0.39131206
0.74591166	0.33420676	0.40093967
0.5645405	0.6028677	0.38179728
0.20239049	0.21066087	0.023978755
0.82607955	0.37969494	0.965749
0.3645211	0.29644722	0.8689269
0.0873096	0.06489706	0.069903746
0.56087923	0.29231286	0.18191898
0.8860523	0.8928113	0.3506942
0.8840395	0.53918135	0.6039674
0.20972896	0.5651332	0.08630163
0.04180956	0.3696658	0.10469365
0.7853943	0.6540523	-0.30837625
0.4902858	0.61711276	0.06402998
0.26361895	0.67771614	-0.7472356
0.054589987	0.87446254	-0.028159728
0.41274124	0.8338066	0.2302156
0.49914217	0.75091887	0.37945142
0.03814429	0.8575247	-0.20789696
0.0835529	0.17202407	0.12973315
0.60397804	0.84712255	-0.58222246
0.1804514	0.73510903	-0.76249135
0.48736787	0.9166366	-0.4151988
0.67794985	0.5449642	0.19074386
0.922066	0.033556044	0.43473786
0.89729947	0.13628024	0.201557
0.14149874	0.7300262	-0.66079575
0.17345476	0.7213579	-0.7632333
0.01740551	0.3436885	0.27165365
0.6225929	0.22997427	0.2754431
0.34217316	0.19887608	0.23547132
0.5738889	0.3921466	0.2271581
0.7452233	0.4018169	0.48218718
0.65454674	0.4463355	0.27807787
0.11934835	0.1392852	0.12286885
0.61106116	0.41409004	0.2557839
0.5470034	0.36614305	0.1558129
0.86658347	0.24853486	0.4057234
0.09470564	0.3281212	0.06415701
0.6860905	0.11224097	0.32022148
0.44036	0.081995666	-0.5086192
0.903296	0.9077975	0.26651466
0.46091747	0.8323397	0.23609915
0.05680865	0.27237445	0.19703043
0.96196353	0.7255105	0.48621073
0.9361397	0.5810757	0.6053246
0.26020962	0.17936772	-0.021990554
0.74873555	0.7892515	-0.30781746
0.5692755	0.7754459	0.0087921955
0.5455077	0.8734531	-0.5439536
0.6868893	0.6180051	-0.022175808
0.16780317	0.03657043	0.06862046
0.7461006	0.9502788	-0.40775558
0.1300363	0.38089526	0.17918217
0.6719563	0.07198286	0.57873434
0.962324	0.58397	0.583778
0.6258763	0.06254822	0.93390536
0.6601292	0.21879268	0.19452432
0.14592248	0.5180467	0.2318467
0.13461071	0.1482693	0.066156596
0.36962807	0.33103412	1.0016131
0.942167	0.056141615	0.62934303
0.6851535	0.2637601	-0.0029557087
0.28337532	0.94589645	0.06440883
0.47411585	0.16539532	-0.039186195
0.83777636	0.28848678	0.5441086
0.9453266	0.41727382	0.8149262
0.36626983	0.37634444	0.9882067
0.75891316	0.5962644	-0.20037253
0.17623907	0.97659713	0.7768263
0.37122726	0.6326987	-0.407503
0.3391264	0.05823654	0.0816228
0.3220176	0.122404695	0.024567002
0.6125221	0.9043605	-0.93998563
0.3852991	0.6692046	-0.2558759
0.7208543	0.7926635	-0.42793038
0.06352472	0.15561908	0.16715081
0.9032572	0.21106243	0.4523523
0.3855809	0.6970288	-0.18670753
0.78159195	0.2914772	0.37062788
0.8947479	0.3233233	0.79535276
0.8913344	0.05559212	0.055250272
0.9910609	0.05504775	0.7706401
0.7025491	0.75943446	-0.40919024
0.4900306	0.80252945	0.22460546
0.09594935	0.8081212	-0.34557402
0.39235175	0.2132163	0.35162103
0.50276417	0.9024636	-0.44403622
0.29424506	0.0810743	0.1426253
0.83723736	0.16722667	-0.21602532
0.37092304	0.7024247	-0.19075225
0.36030692	0.7350958	-0.17503375
0.19887424	0.101272166	0.030604975
0.5510202	0.6295541	0.37882257
0.32377034	0.96275854	0.014050547
0.01176852	0.5755411	-0.66485256
0.34877086	0.41287977	0.9172051
0.17951041	0.32673967	0.22278899
0.6290538	0.48636705	0.3856682
0.94847983	0.97341686	-0.2386246
0.11392671	0.82513785	-0.32927567
0.6974325	0.92533934	-0.68983215
0.68293464	0.60080963	0.00030937325
0.44293004	0.47444862	0.06546056
0.1327585	0.58560425	-0.05644729
0.8828868	0.9202514	0.14904334
0.53398734	0.53918356	0.22899152
0.08309251	0.3062446	0.06660153
0.63780314	0.655859	0.08949298
0.24329019	0.5508849	0.07665135
0.33709884	0.5996688	-0.40000117
0.25192583	0.046579897	0.21140435
0.07749331	0.6734066	-0.74485505
0.46202677	0.07868528	-0.5600509
0.53199536	0.32503092	0.2955298
0.26870602	0.396093	0.68523175
0.010413349	0.19730115	0.41544387
0.9007903	0.92721987	0.1017776
0.29581225	0.08278978	0.05880157
0.21443623	0.49872708	0.43930432
0.9691551	0.34913272	0.6424769
0.28623676	0.19333977	-0.007343337
0.8450143	0.70522743	0.019837005
0.43168354	0.9019414	0.0012028553
0.361623	0.3053426	0.9364503
0.11556131	0.57331663	-0.09968392
0.10629982	0.7276487	-0.720337
0.69635695	0.2614119	0.0057527814
0.40671194	0.55320376	-0.2036741
0.80073285	0.8048539	0.0065028705
0.4302789	0.030259848	-0.6595494
0.54919064	0.28440797	0.2702161
0.52299446	0.038357854	-0.32144684
0.9787437	0.7085373	0.40279213
0.6479719	0.6395059	-0.0018595457
0.051257968	0.29858935	0.19807503
0.6069375	0.08565158	0.8261532
0.026199162	0.9148816	0.04120762
0.70313317	0.7238581	-0.36003685
0.87032413	0.85673094	0.42459905
0.9068034	0.910539	0.15399447
0.383183	0.78996766	0.14263745
0.16453212	0.5510634	0.15813677
0.09342182	0.035132945	-0.10672665
0.61637855	0.35768718	0.113270625
0.19253361	0.24945027	0.15647802
0.10077143	0.597251	-0.34994403
0.20762533	0.12644744	0.05137275
0.9087354	0.4624753	0.85165054
0.69889873	0.8589619	-0.5555613
0.24550188	0.8400194	-0.3015075
0.72444373	0.26584345	0.04294238
0.52389526	0.18436414	0.15926215
0.51760465	0.58296037	0.2283451
0.27542633	0.27869445	0.3969024
0.4096129	0.65495473	-0.16234866
0.43696076	0.5866751	-0.17851421
0.72021264	0.48369431	0.2907462
0.6402393	0.35070872	0.1584227
0.77542907	0.48745102	0.47133294
0.86788243	0.5998979	0.2742439
0.37559128	0.3099497	1.0013546
0.34315956	0.09221214	-0.043426406
0.72821134	0.70101666	-0.40534753
0.97495985	0.9760466	-0.30663285
0.18922955	0.42415446	0.45358497
0.6435795	0.5828376	0.23167488
0.7985178	0.60232687	-0.16756967
0.09872699	0.46839696	0.06518352
0.7115708	0.5054397	0.22315617
0.47549832	0.10351342	-0.40309662
0.7480226	0.98859656	-0.419725
0.03952241	0.6889495	-0.878196
0.5548012	0.15834624	0.36766165
0.93300426	0.1642099	0.57384646
0.55797446	0.61355406	0.39471552
0.57359105	0.9035886	-0.84000933
0.44965315	0.22249562	0.33009884
0.6622871	0.25895566	0.13227892
0.3041013	0.4865014	0.48676825
0.099470794	0.5725908	-0.1668487
0.0049811006	0.9827985	0.27988246
0.55632716	0.96495414	-1.011327
0.14081049	0.18186384	0.148758
0.85695535	0.018895447	-0.330508
0.6947148	0.06835979	0.35009885
0.78093094	0.13261336	-0.6258013
0.9847726	0.95208025	-0.23500943
0.40974247	0.33599645	0.8803226
0.8249845	0.7502678	0.0012866736
0.8707465	0.86489713	0.406686
0.86697847	0.94373846	0.07537743
0.41029721	0.1327284	-0.14858231
0.7052158	0.7526615	-0.40158233
0.20637995	0.26305658	0.06334693
0.68462956	0.40703595	0.28166145
0.68341696	0.022090077	0.62776595
0.19688594	0.61659	-0.2807071
0.67010975	0.40026516	0.25119662
0.6245987	0.69189435	0.01835918
0.20095152	0.87983	0.037770502
0.7067463	0.93407166	-0.6314662
0.48161292	0.8075662	0.20462772
0.3055439	0.30242348	0.66182446
0.081967294	0.84942245	-0.09577217
0.64275867	0.98022413	-1.1005883
0.9807137	0.3355245	0.6302066
0.63939166	0.9087989	-0.9843532
0.18238437	0.90186757	0.2294211
0.5206297	0.011667252	-0.5098554
0.040499866	0.6680605	-0.8070785
0.26002216	0.76963377	-0.71799356
0.8735777	0.6628189	0.17680788
0.45163155	0.56311876	-0.19289999
0.67481923	0.86689675	-0.7072772
0.7211411	0.05503881	-0.0022943579
0.77677697	0.44709718	0.6301191
0.5402991	0.19388735	0.27117842
0.9231113	0.5315451	0.71637535
0.6322307	0.990812	-1.1251541
0.08304751	0.8561066	-0.09090496
0.64478725	0.03691244	0.89659894
0.15968275	0.5458982	0.19422123
0.24199694	0.024557829	0.17671753
0.43073797	0.640325	-0.14873923
0.1935916	0.19414687	0.013201274
0.7140149	0.40713078	0.40759546
0.07594502	0.051994562	0.0019368995
0.23423153	0.07023591	0.10562755
0.7839793	0.6726844	-0.35370147
0.29994535	0.22545576	0.20380531
0.80042255	0.62546486	-0.16557872
0.118858516	0.6251817	-0.3633972
0.78284436	0.5363493	0.22413796
0.6992883	0.45511335	0.3671671
0.5287404	0.26077425	0.30195653
0.6325776	0.12656957	0.7318003
0.2737149	0.25164366	0.22380467
0.23613918	0.92468584	0.24352053
0.078092575	0.58047193	-0.4052166
0.6634758	0.33700627	0.11020716
0.845756	0.5589098	0.31101328
0.3119802	0.001952529	0.41140097
0.14248168	0.46814483	0.294884
0.9565052	0.7500279	0.4826641
0.6573694	0.34516746	0.08626698
0.3766219	0.63182724	-0.32902244
0.081475854	0.5963286	-0.45709482
0.51819867	0.6264346	0.31652084
0.32430053	0.016075611	0.3173907
0.687892	0.5780478	0.039852615
0.14774907	0.6668502	-0.47876394
0.82414985	0.40464675	0.98834497
0.020834446	0.26868027	0.36173335
0.50573635	0.5632026	0.10107176
0.10903376	0.108941555	0.081613585
0.4889667	0.3655811	0.3353764
0.061395288	0.1814357	0.16101943
0.8365835	0.8599526	0.23419812
0.26516712	0.13497615	0.00171741
0.09212172	0.34812105	0.03624876
0.7559849	0.35694033	0.54293287
0.7931608	0.54480135	0.16310763
0.19844139	0.74345213	-0.79550225
0.14963323	0.05682546	-0.012048412
0.29009473	0.48844433	0.5022439
0.5161995	0.4742928	0.104194015
0.85058343	0.82280177	0.35834903
0.72078705	0.10576916	-0.15341549
0.9282444	0.34533215	0.7734167
0.9952206	0.92172205	-0.030560516
0.7644842	0.16339928	-0.4713842
0.79615605	0.74467343	-0.17956747
0.12839848	0.58175784	-0.09879084
0.5034052	0.52277493	0.061109014
0.13210785	0.87053305	0.09491081
0.16405791	0.7962004	-0.61556274
0.46265787	0.42022783	0.31980443
0.7797699	0.39324254	0.79768944
0.42037898	0.5274979	-0.1247061
0.6536002	0.18336487	0.2788989
0.12852323	0.08240861	-0.014597591
0.3344155	0.88703996	0.06953609
0.84751415	0.78167874	0.22129536
0.70750535	0.03181225	0.19325188
0.886828	0.74506277	0.37308875
0.98341906	0.49742544	0.5602917
0.6244826	0.6254676	0.1777843
0.7945618	0.8495591	0.020903457
0.90100193	0.9652401	-0.117192246
0.39560592	0.10502905	-0.1844086
0.17665982	0.05932206	0.053846035
0.05104643	0.88431156	0.025704503
0.72893584	0.30240345	0.17712669
0.095404506	0.4380229	0.1258258
0.20819694	0.6942988	-0.7036023
0.7368007	0.48375082	0.3219126
0.8984799	0.87959456	0.39497733
0.82081515	0.120906055	-0.6224771
0.36013818	0.48484778	0.38162988
0.9199492	0.11424053	0.44579223
0.45415783	0.7667866	0.33719507
0.07147211	0.7862793	-0.5198293
0.9822357	0.2677933	0.6703035
0.5349768	0.6978994	0.36836737
0.5891925	0.034376323	0.6764255
0.9680782	0.33699697	0.61612236
0.6005926	0.4645056	0.32010704
0.07324922	0.39189357	0.058914002
0.35875934	0.79701245	0.029732287
0.7278289	0.92803144	-0.5073099
0.25548452	0.020935297	0.3884931
0.7351368	0.62693274	-0.33209217
0.7912884	0.6177909	-0.20119938
0.20744568	0.69269335	-0.70956826
0.0072231293	0.77475506	-0.69444156
0.38172716	0.24997848	0.61898726
0.9313404	0.6956555	0.4892447
0.9541095	0.5181218	0.7486275
0.7388026	0.41531557	0.4475831
0.5240847	0.7453252	0.26151308
0.5095813	0.10791361	-0.17120923
0.796663	0.40782946	0.88509196
0.04110694	0.8941572	-0.0070943767
0.8384907	0.4224965	0.95375127
0.12007809	0.8528809	-0.045429785
0.45360023	0.53053826	-0.11184555
0.7889444	0.42231923	0.80793893
0.54677534	0.41483945	0.19396153
0.9753374	0.7649819	0.39736873
0.43715024	0.0011214018	-0.75508446
0.43224967	0.5817855	-0.22727384
0.81117576	0.8782712	0.07663495
0.19951981	0.80882746	-0.5187978
0.546932	0.47346324	0.20891921
0.4294712	0.11861819	-0.36168513
0.85267735	0.7372057	0.13475908
0.8098752	0.7036502	-0.20697263
0.34748083	0.84361076	0.0840227
0.54405737	0.15374154	0.23961905
0.30080122	0.67776096	-0.69652444
0.8959039	0.5663645	0.5308125
0.79710996	0.7919863	-0.07956969
0.5872777	0.4903713	0.35583505
0.19034445	0.54161847	0.25353816
0.39948732	0.3103062	0.90663695
0.75041413	0.9270882	-0.36869666
0.6132177	0.4785471	0.33968934
0.55629134	0.79956746	-0.08778984
0.46901023	0.91869277	-0.2942483
0.6374053	0.36815858	0.16068207
0.49441838	0.9383004	-0.52051294
0.18781465	0.80598825	-0.4885989
0.8385386	0.58461744	0.10877778
0.79966426	0.49936855	0.48618758
0.058533907	0.80692375	-0.44474918
0.9116567	0.34987074	0.8808285
0.6381956	0.87309885	-0.8247134
0.4007967	0.41924304	0.71742266
0.660945	0.42986238	0.27419153
0.23590034	0.16529214	0.033525754
0.4489246	0.37796134	0.57072717
0.5181711	0.3467446	0.28975654
0.71159333	0.9659123	-0.5766145
0.2994278	0.4209115	0.8075783
0.8732552	0.27525228	0.5368013
0.25691944	0.14013821	0.007928412
0.86853266	0.16596371	0.045879226
0.22293949	0.36098212	0.45720282
0.9912739	0.31792998	0.5450586
0.03350675	0.24758476	0.34625733
0.8222687	0.7823793	0.09617694
0.7181311	0.9982516	-0.575476
0.25420725	0.6085821	-0.35743028
0.86971635	0.56846637	0.40496388
0.10130429	0.6047798	-0.3884428
0.77323395	0.16040957	-0.5037628
0.38383794	0.9254254	0.0031114742
0.9575575	0.06640983	0.7396013
0.7639897	0.5367592	0.1530018
0.9127137	0.5284617	0.7178331
0.39946902	0.43783718	0.55810547
0.1321401	0.91116816	0.45222157
0.80308473	0.59208155	-0.13606384
0.47998053	0.28676063	0.43851444
0.5245883	0.64014333	0.38415003
0.3194477	0.5322872	0.07387271
0.91625285	0.13997197	0.4094146
0.33262962	0.88766956	-0.01139882
0.9574754	0.91511256	-0.022768442
0.3663752	0.8054445	0.07349458
0.6272024	0.38583976	0.16899128
0.42413014	0.86347115	0.14192985
0.83514607	0.8171028	0.2528156
0.31646115	8.7320805e-05	0.35427415
0.30048907	0.70855355	-0.66623366
0.022037745	0.7815446	-0.59676
0.26324308	0.8382832	-0.26251745
0.14111471	0.30353594	0.08802962
0.027377129	0.16053325	0.22846778
0.39008415	0.37568682	0.9408865
0.5002541	0.74801594	0.33869982
0.33413392	0.83595604	-0.08811869
0.39628166	0.26657045	0.7477474
0.42477632	0.71224964	0.13649552
0.25378072	0.10058838	0.07083877
0.09437096	0.45595843	0.066248775
0.710505	0.81632525	-0.4748674
0.5303332	0.37719005	0.22688219
0.33466434	0.01692909	0.21724772
0.13876766	0.3188603	0.16762926
0.4181788	0.6818854	-0.0425345
0.8551702	0.2419545	0.2960214
0.18057919	0.00829953	0.14552988
0.6146345	0.99509156	-1.1023172
0.84148365	0.9685913	-0.1446222
0.61432457	0.30725062	0.12776622
0.9007155	0.6338995	0.40113828
0.7931819	0.1709814	-0.44757932
0.31478655	0.20901084	0.26273608
0.08540696	0.84889674	-0.1104896
0.17872024	0.17235112	0.02600677
0.45894903	0.15907145	-0.12022841
0.5693188	0.30678254	0.21979108
0.86883116	0.6461664	0.23362558
0.5539618	0.67978406	0.31169808
0.42658848	0.01222837	-0.623727
0.94171286	0.42879194	0.77388084
0.5161225	0.270046	0.2551609
0.85644615	0.39945757	1.0044335
0.34956878	0.60135865	-0.39475697
0.40807158	0.358364	0.8885784
0.5914659	0.79541916	-0.26652333
0.16109055	0.9188542	0.4223457
0.7719735	0.81589246	-0.19480322
0.56732535	0.48718953	0.28553614
0.43565303	0.47482276	0.09551797
0.12970388	0.3855996	0.19717456
0.61306655	0.2288965	0.28490448
0.8502934	0.7776112	0.2593321
0.30741215	0.35592824	0.82893246
0.42731953	0.52851284	-0.16087487
0.97349787	0.7173131	0.42515308
0.8315494	0.4683504	0.7316661
0.5116857	0.090718925	-0.21498069
0.52619976	0.7413621	0.39625216
0.17395735	0.63527113	-0.3623336
0.857337	0.49780816	0.73880625
0.22247028	0.97487307	0.4911705
0.83631486	0.005418062	-0.4844543
0.17909402	0.78670555	-0.6378954
0.09111291	0.44419408	0.073027425
0.97728705	0.20341676	0.7025092
0.7505313	0.79476595	-0.37180865
0.80486727	0.18384665	-0.3564213
0.43447965	0.793791	0.3417768
0.3124532	0.96986485	0.0003296025
0.22120059	0.31459117	0.25389603
0.577918	0.20591593	0.39734885
0.341896	0.7103994	-0.39136052
0.30765224	0.0012100339	0.411512
0.401725	0.13658917	-0.1733325
0.8114227	0.25537372	0.278722
0.8706965	0.78170514	0.39121258
0.5489642	0.56860167	0.31539232
0.24001205	0.75826645	-0.7919903
0.903808	0.18699014	0.36450562
0.3481114	0.5202355	0.08371563
0.76157427	0.9358705	-0.29284623
0.6677305	0.5130776	0.27454564
0.51324046	0.8648517	-0.32195854
0.8589924	0.027339637	-0.32109165
0.28527862	0.1457156	0.030198183
0.103598356	0.43009228	0.11249675
0.9157423	0.14776778	0.38944972
0.010864139	0.6620896	-0.8509465
0.4170553	0.60665286	-0.23802632
0.48017603	0.7063078	0.3622052
0.048606634	0.031066716	0.051200785
0.327152	0.53457016	0.05337511
0.5632337	0.54864943	0.32343572
0.62420243	0.6677128	0.11856761
0.86901647	0.7867993	0.44639534
0.72877574	0.31762564	0.25690022
0.6613671	0.34174865	0.12689953
0.14926797	0.35749388	0.18878621
0.72232884	0.5870654	-0.11820373
0.07943207	0.22569644	0.14629942
0.36990064	0.05071509	-0.13692935
0.4550066	0.5094298	-0.0735619
0.88934684	0.05449176	0.034491483
0.44438237	0.9802213	-0.42477965
0.3539179	0.3862465	0.9982605
0.93363696	0.7570511	0.5578016
0.26172042	0.32946813	0.49903086
0.20896512	0.18726397	0.036298715
0.2645507	0.66113776	-0.681369
0.29234833	0.38350224	0.8286951
0.7486728	0.26673335	0.07705989
0.8227787	0.4846161	0.6779188
0.23811871	0.4273739	0.51518756
0.9739087	0.15730357	0.75834787
0.5372945	0.8733546	-0.5323528
0.08643466	0.6246251	-0.52583045
0.8360639	0.65308636	-0.11238631
0.5628089	0.296561	0.20380874
0.97610503	5.26309e-05	0.72446346
0.38865507	0.19394541	0.2103239
0.82615453	0.70141864	-0.07797058
0.6816786	0.6074824	0.01074487
0.694694	0.6177398	-0.1417917
0.023085535	0.31396562	0.27469954
0.98050094	0.7090708	0.43841276
0.82436883	0.6703932	-0.14986645
0.8246976	0.2862594	0.53962594
0.44569933	0.15442204	-0.089874856
0.96882904	0.2411989	0.65989923
0.34292364	0.17754436	0.05220686
0.9665829	0.7201458	0.4798473
0.76652235	0.14708221	-0.5350179
0.33631188	0.99906904	-0.1525889
0.48499888	0.0987013	-0.36807942
0.15376103	0.2626226	0.11652697
0.3877222	0.26357275	0.77433807
0.42590034	0.7798644	0.3665296
0.80791897	0.4209907	0.8278864
0.78177667	0.67283994	-0.38856113
0.19524264	0.56990904	0.039854135
0.18643683	0.16570008	0.09203292
0.5091676	0.8996906	-0.4317083
0.085843444	0.7992259	-0.4842949
0.8140446	0.63039804	-0.11619784
0.7405892	0.869492	-0.37941188
0.44048744	0.46018755	0.21876469
0.8368936	0.5088702	0.51233417
0.08705783	0.21925718	0.12885225
0.72503436	0.6723245	-0.3899213
0.8661027	0.8338372	0.37292224
0.98078054	0.9487641	-0.21084733
0.92181814	0.093209386	0.44556355
0.7931005	0.24304944	0.032415606
0.7027135	0.47036082	0.3411244
0.6063457	0.538564	0.31816703
0.45668173	0.40933323	0.38017306
0.4300642	0.80093855	0.29593423
0.26319414	0.08184421	0.11401682
0.2197997	0.30926126	0.29719362
0.1467452	0.7541288	-0.6756599
0.46038002	0.4030589	0.39242464
0.98745537	0.3126313	0.584747
0.7445933	0.048198104	-0.32503685
0.7838263	0.63745415	-0.2542889
0.8244349	0.59449846	0.0047195777
0.6879173	0.8363042	-0.60455185
0.6091518	0.077914536	0.84867835
0.2753951	0.2536899	0.2791773
0.28608423	0.3666585	0.77081335
0.22051352	0.41916728	0.54520375
0.6114689	0.35016817	0.14245042
0.40499222	0.13075775	-0.13309014
0.7954815	0.42663288	0.771735
0.48019737	0.46708375	0.08047755
0.14531451	0.03568554	0.04574389
0.3435328	0.79932064	-0.058952883
0.57038766	0.6879268	0.31572202
0.23489922	0.18358618	0.028063472
0.85918766	0.7854659	0.35230607
0.53713554	0.14428204	0.13772021
0.8463188	0.37096304	0.95437264
0.4064297	0.3563472	0.9083816
0.0029230714	0.31369156	0.4067732
0.3223046	0.29955423	0.7495567
0.5608558	0.3639598	0.25038671
0.9183917	0.24049824	0.60285246
0.2656713	0.5298506	0.15709174
0.087975025	0.86095434	-0.015673585
0.6693359	0.2932759	0.09763092
0.6554694	0.74200654	-0.28602004
0.8206805	0.3297909	0.7343905
0.8365201	0.8211658	0.23727147
0.9354704	0.75388294	0.49957573
0.936974	0.22482741	0.66575295
0.15793842	0.9052276	0.30225578
0.49055195	0.9166703	-0.36204946
0.5178538	0.46988797	0.124854386
0.44061267	0.36961627	0.6030349
0.7841663	0.42076802	0.7667165
0.7969487	0.96615434	-0.13810521
0.9609654	0.31935662	0.58461714
0.38202363	0.55869687	-0.1936571
0.77858377	0.6710164	-0.37462255
0.23709112	0.921501	0.18578546
0.7838523	0.5036754	0.39558378
0.35429317	0.116451025	-0.10825239
0.3094831	0.19734114	0.15075679
0.04304588	0.9845373	0.5161388
0.23659462	0.47262746	0.5445564
0.037930787	0.7500607	-0.72843957
0.76240486	0.905598	-0.23606607
0.065974	0.30386287	0.20560342
0.7296124	0.39553076	0.46705976
0.12892503	0.10637885	0.027000064
0.5683685	0.74112016	0.15114622
0.68102837	0.51014304	0.26484475
0.18654293	0.053335547	0.055700388
0.14855564	0.8255998	-0.3142649
0.35721624	0.7587282	-0.09435874
0.53753656	0.9996653	-0.9087616
0.20784116	0.53648645	0.25348365
0.48408735	0.23260522	0.2983847
0.5253951	0.011139631	-0.4329545
0.5997993	0.9754737	-1.1491052
0.78663474	0.8279871	-0.025925644
0.10203338	0.32931846	0.14654496
0.6090036	0.93450737	-1.0259436
0.40490645	0.0661723	-0.42007133
0.5617073	0.1546771	0.3943474
0.7250609	0.012996137	0.022805506
0.46025914	0.20409709	0.16977261
0.22170573	0.09936792	0.09966178
0.7960332	0.49784756	0.47938287
0.9449024	0.6864607	0.48325372
0.60354507	0.89323	-0.88496965
0.12523621	0.15620917	0.08628664
0.5866309	0.057394266	0.6601768
0.58730185	0.40875685	0.22173402
0.5402049	0.7668005	0.06876607
0.45855415	0.573186	-0.10417141
0.30083895	0.6758018	-0.6569248
0.16294456	0.68039554	-0.6198627
0.34191394	0.032006085	0.14791898
0.049359262	0.8606294	-0.16806996
0.7671129	0.037436664	-0.59528005
0.55261767	0.7347001	0.25810206
0.3221218	0.007687211	0.3426407
0.2589994	0.913754	0.08636947
0.30247778	0.20541978	0.1331105
0.21833783	0.29993743	0.20445594
0.7892217	0.20434386	-0.27365538
0.64420104	0.42328507	0.20642671
0.747366	0.9036215	-0.37017605
0.5633141	0.7630834	0.015519828
0.8849653	0.6995675	0.3433713
0.038485646	0.817076	-0.3792869
0.94069576	0.04473102	0.61741024
0.5504588	0.6428609	0.40912652
0.9972907	0.8583535	0.0930643
0.92146105	0.77937645	0.44600135
0.9890456	0.79710525	0.28841218
0.049640298	0.43989962	0.009729467
0.916644	0.39010352	0.87166137
0.57230204	0.90984756	-0.9076291
0.20645559	0.008231759	0.26808134
0.43687034	0.007947564	-0.7529836
0.16481107	0.26294547	0.12628397
0.67828315	0.49813807	0.2709695
0.8381721	0.77070564	0.11593419
0.48994642	0.58014375	0.0034903362
0.5122182	0.018370688	-0.5343385
0.9714929	0.6893686	0.4176238
0.99845845	0.59353423	0.41720432
0.6435172	0.4865889	0.23262987
0.6497416	0.65021	0.016072627
0.66488844	0.29272074	0.05113285
0.43832868	0.36051142	0.7127353
0.9680831	0.2516871	0.6689573
0.062391758	0.38299406	0.06829955
0.06910789	0.7014739	-0.76598114
0.9693558	0.0030233264	0.7522977
0.959312	0.41885346	0.707949
0.42251903	0.1841842	0.12526402
0.3151701	0.6754919	-0.5506452
0.49284846	0.41495574	0.24316663
0.42470407	0.6690961	-0.0576042
0.6189789	0.2622506	0.19147477
0.35313004	0.2962308	0.9137701
0.65195435	0.014466286	0.88631386
0.042381823	0.70755345	-0.7842603
0.15816867	0.7259195	-0.68269676
0.27975762	0.14650345	0.017710963
0.85776544	0.6022947	0.22104706
0.013770044	0.875756	-0.23127529
0.8323603	0.16942924	-0.3156135
0.6121322	0.9303591	-1.0361837
0.6134514	0.12354475	0.74413455
0.8835131	0.42320108	0.95377564
0.9019454	0.55478674	0.6384846
0.039954185	0.09735978	0.18196118
0.22167802	0.16034079	-0.04953832
0.15845102	0.45472378	0.3584207
0.37654293	0.7920642	0.08425711
0.0013539791	0.6434757	-0.94476366
0.18310744	0.62114125	-0.24989752
0.3620112	0.20072079	0.28772026
0.35917872	0.5391424	-0.09186843
0.9806516	0.29015064	0.5956719
0.024616003	0.40184516	0.044749424
0.41409558	0.38569653	0.7956165
0.28133327	0.9174387	0.08022539
0.78127426	0.061980605	-0.71108
0.21734035	0.004169345	0.29676837
0.373376	0.026716292	-0.06044539
0.83413965	0.28618723	0.5135575
0.52540535	0.8956053	-0.5447722
0.3285526	0.6131274	-0.41483715
0.8466082	0.4737206	0.7660007
0.012907624	0.2853849	0.42696616
0.77039135	0.34887356	0.5476819
0.36861414	0.7805904	0.046040792
0.2569028	0.6760875	-0.67009896
0.66523767	0.5068363	0.31237334
0.22655076	0.63369256	-0.45053804
0.725069	0.2251609	-0.06123832
0.30952442	0.047691345	0.20760137
0.31990075	0.9354986	0.020385034
0.32125878	0.4900391	0.4079454
0.059156477	0.94206023	0.32216164
0.89523995	0.11273676	0.15882005
0.58138216	0.3971851	0.21771327
0.24029458	0.8088636	-0.6075975
0.5727835	0.071086586	0.49224645
0.20778376	0.78949577	-0.64451337
0.22580343	0.2323795	0.09044379
0.49573737	0.99155575	-0.67764753
0.6616304	0.46582967	0.30630606
0.7166678	0.7851094	-0.32502556
0.0011919141	0.27048326	0.495946
0.7314486	0.6178557	-0.2562781
0.46979433	0.35499793	0.4651959
0.8257098	0.625065	-0.08625647
0.4123199	0.40298927	0.7191696
0.18625855	0.5923789	-0.097920105
0.6058527	0.33194804	0.1654377
0.7723396	0.7303882	-0.339711
0.5441377	0.2183491	0.2801636
0.9464809	0.7369118	0.49033162
0.23344845	0.10485244	0.06897566
0.61543286	0.53138167	0.33344367
0.41318554	0.8981497	0.02567972
0.8790647	0.2111175	0.27486002
0.49842942	0.6615226	0.19797835
0.98614705	0.9128285	-0.07620334
0.6008008	0.81888	-0.47646034
0.23631656	0.4619437	0.4794319
0.9006865	0.20482785	0.43958795
0.5568065	0.77359706	0.0482334
0.4846186	0.39940482	0.25267214
0.8664671	0.60610574	0.19735363
0.44121635	0.63100374	-0.014237441
0.34945804	0.52655315	0.06269106
0.5222161	0.08851129	-0.082895234
0.40629202	0.08358914	-0.35413262
0.39910465	0.46063256	0.4024024
0.7778314	0.63839364	-0.33230862
0.1661483	0.94407314	0.66503495
0.2977869	0.89374614	-0.070034504
0.35282367	0.56941265	-0.22125988
0.26232404	0.09695548	0.04349289
0.4907483	0.5012492	-0.0132367965
0.11623651	0.6933615	-0.6527606
0.9048397	0.92239475	0.12246931
0.9078516	0.969028	-0.1786902
0.7941381	0.54175794	0.2537491
0.41436106	0.750653	0.3085246
0.62652034	0.5099424	0.37109673
0.27569926	0.20985574	0.15130135
0.100411415	0.7923769	-0.45236
0.9511765	0.50218743	0.739906
0.33730644	0.2306338	0.40574318
0.2643848	0.87861747	-0.12411207
0.4226045	0.5743183	-0.22387648
0.852754	0.2867416	0.52296317
0.030648649	0.54598683	-0.5105202
0.34850746	0.5106357	0.18571606
0.031184137	0.92381954	0.06344594
0.3587826	0.2823491	0.90034455
0.43745577	0.6378552	-0.054052483
0.5084207	0.927317	-0.6671838
0.3710072	0.5496271	-0.15559566
0.2949419	0.4161499	0.7855291
0.22362894	0.93246967	0.33074528
0.74572885	0.46957684	0.38145965
0.5640303	0.8057705	-0.18343052
0.53742546	0.61680424	0.32202572
0.86444545	0.56092066	0.4020071
0.23118258	0.56309485	0.013508435
0.84353346	0.66645277	-0.069916144
0.5522545	0.5286005	0.28120172
0.107871234	0.05542618	0.022976195
0.8431674	0.28162706	0.5068233
0.028359354	0.24583966	0.3172325
0.4233659	0.8195391	0.28558016
0.32099313	0.23968136	0.37144843
0.9639013	0.7856672	0.44833374
0.77383876	0.050073445	-0.62150276
0.6784611	0.15719408	0.17478275
0.48895323	0.6066861	0.1208313
0.6583539	0.9989054	-0.95142466
0.7180126	0.7943033	-0.401903
0.4958756	0.3357337	0.35231656
0.55289817	0.6202465	0.3530199
0.71458185	0.3130014	0.2153367
0.79956186	0.878766	0.06755434
0.49358165	0.55947495	0.019955153
0.9738726	0.66146135	0.4474899
0.047783613	0.2434656	0.33662006
0.8383321	0.31157595	0.65932983
0.98754895	0.8452267	0.17752229
0.49700475	0.301017	0.39384001
0.43759775	0.1172775	-0.39056015
0.57404464	0.69353855	0.26497918
0.52911156	0.21344995	0.20202251
0.09443104	0.48795408	0.027361894
0.44114935	0.9869674	-0.43665093
0.93003285	0.49728173	0.7954664
0.8169737	0.015520453	-0.7069185
0.37837183	0.69011635	-0.23665448
0.56347746	0.41926557	0.28669456
0.3412462	0.5694421	-0.23278299
0.8336001	0.9165213	0.13311096
0.6765125	0.8008017	-0.47794554
0.71587735	0.778488	-0.43067795
0.59331083	0.03167385	0.70080197
0.23058861	0.22728872	0.046883702
0.031248868	0.5718479	-0.59579986
0.5888619	0.17608744	0.5391357
0.9389014	0.55998117	0.6203544
0.027867615	0.6388674	-0.77848476
0.7800102	0.41632533	0.7635123
0.6281223	0.74180114	-0.13898067
0.53955317	0.4770285	0.2112925
0.85538447	0.5429477	0.42386895
0.9076947	0.049510956	0.27714077
0.5634906	0.94284797	-0.9160429
0.17737836	0.9486206	0.55811083
0.9777589	0.21086508	0.6986006
0.90384907	0.2306866	0.48893517
0.55087554	0.008080304	-0.01611358
0.26536095	0.12340069	-0.0007309634
0.77179056	0.07976514	-0.65033394
0.9935211	0.6195717	0.45282722
0.37902403	0.23070723	0.49847686
0.59819865	0.376239	0.21460292
0.27520782	0.29575884	0.48293364
0.68104386	0.61469144	-0.029294247
0.819229	0.38671416	0.8762085
0.2353043	0.41803706	0.5366475
0.4410125	0.75261235	0.37021697
0.69197446	0.88163334	-0.6650265
0.5526921	0.35270828	0.2535796
0.31871283	0.4712131	0.5182409
0.47397226	0.12427682	-0.302702
0.09901494	0.57971025	-0.20522088
0.7942593	0.8714536	-0.0011287183
0.17616838	0.9475409	0.6313679
0.0005850196	0.49449497	-0.36389655
0.14716083	0.5317179	0.19231176
0.6029543	0.26393598	0.22419186
0.06623304	0.63353133	-0.69410646
0.9375268	0.52574706	0.6537134
0.09809208	0.80666167	-0.41262314
0.80378747	0.026675284	-0.7115799
0.7074318	0.21269202	-0.037960943
0.52638936	0.7143935	0.36820358
0.6853656	0.0038685799	0.58954215
0.2682892	0.06361109	0.22452357
0.87540394	0.040270507	-0.13684104
0.26285917	0.2962743	0.41289848
0.69092363	0.84096974	-0.58527714
0.20473403	0.5678403	0.09883726
0.7479863	0.6987735	-0.44176024
0.77818173	0.47222763	0.53422946
0.86319995	0.18511176	0.06035692
0.72623867	0.47030222	0.38704157
0.6923365	0.8340369	-0.50508237
0.5884619	0.7184038	0.17929925
0.81375045	0.8705005	0.13554204
0.58271	0.6918245	0.2254186
0.86681867	0.52752876	0.6108974
0.46970272	0.06697917	-0.6115712
0.85899246	0.85406744	0.44438204
0.7336329	0.8523748	-0.3999169
0.27610242	0.5676027	-0.098051354
0.96857953	0.6610809	0.48655587
0.76257396	0.34304738	0.50258857
0.9635932	0.7433317	0.48984742
0.1857909	0.98740476	0.74747723
0.07973778	0.23354626	0.12408693
0.00057572126	0.18001032	0.43775466
0.95518506	0.79963917	0.44090614
0.62282044	0.52808285	0.32388496
0.54073256	0.43711388	0.14526066
0.4953559	0.6427858	0.25883678
0.9258374	0.7325058	0.5085337
0.2663858	0.3386804	0.6044887
0.41899472	0.9933248	-0.32759917
0.031093836	0.94479895	0.23936029
0.98773617	0.19657904	0.7325232
0.84960157	0.7115321	0.1588174
0.40520364	0.6289968	-0.3050989
0.9637336	0.7164993	0.44382623
0.35511553	0.98975277	-0.19239977
0.7803547	0.70728135	-0.3231739
0.45116532	0.37205917	0.607806
0.7126778	0.6440372	-0.22241251
0.08873677	0.006202817	0.00433819
0.4102025	0.44633263	0.44690484
0.7206563	0.4534757	0.36358094
0.9658305	0.26540333	0.61048114
0.008181572	0.49903542	-0.35776627
0.8424075	0.63651586	-0.01125384
0.053157926	0.5059837	-0.23707573
0.9364616	0.5921	0.62498385
0.62460226	0.86536974	-0.8433837
0.029453516	0.17165494	0.2966286
0.024034917	0.8028789	-0.45336747
0.33333874	0.6966318	-0.47457278
0.01459074	0.29273337	0.47628766
0.70249355	0.38452244	0.29064676
0.033370554	0.40635943	0.041636102
0.9784543	0.49784458	0.6625531
0.6476553	0.788338	-0.3836577
0.4588105	0.06991351	-0.62583697
0.6426452	0.112050414	0.68106556
0.5545555	0.32671225	0.23307927
0.80815357	0.71315086	-0.19715583
0.9396348	0.07432407	0.58231884
0.040508628	0.4979396	-0.26157713
0.04948938	0.53750575	-0.39551297
0.8021668	0.64592934	-0.22929509
0.18201709	0.81431973	-0.47436064
0.14774674	0.91398937	0.48336014
0.33305663	0.12728894	0.06289942
0.033291876	0.4368983	-0.060969464
0.18379682	0.44215518	0.47075295
0.12778336	0.9932328	0.9094632
0.38163227	0.1122396	-0.15163419
0.070582986	0.92880493	0.3880234
0.6090406	0.9912184	-1.1001956
0.98672426	0.011381686	0.73643875
0.18707061	0.9638072	0.6512806
0.99151236	0.41492027	0.6380236
0.6564475	0.07136363	0.7574146
0.20278049	0.17089558	0.00915627
0.2522161	0.70952916	-0.87178725
0.8791597	0.69633263	0.25856525
0.95401734	0.60460347	0.5086149
0.25770622	0.20076913	0.054913003
0.95749766	0.44646615	0.7631344
0.05548036	0.010438502	-0.031948455
0.6233035	0.43752736	0.30371302
0.9145993	0.7710221	0.53975195
0.3469416	0.28456765	0.8054183
0.17615253	0.39191955	0.34081954
0.16510522	0.8513669	-0.12626912
0.9607979	0.45982122	0.76485586
0.42643398	0.1850949	0.13164173
0.599985	0.6765181	0.19363436
0.26209122	0.09670776	0.04006642
0.41423905	0.63268584	-0.19043493
0.20437235	0.7834797	-0.6724827
0.21852529	0.31773466	0.35757244
0.009439707	0.6672988	-0.9461321
0.9252708	0.6314098	0.51127625
0.2416172	0.11597568	0.04516449
0.80899304	0.6910063	-0.21235414
0.09054321	0.091026545	0.043823346
0.2667756	0.020776153	0.35104355
0.44142395	0.32656646	0.7162248
0.7318414	0.58446676	-0.104884125
0.07843524	0.9017219	0.24630058
0.8205194	0.21132159	-0.06334479
0.40760392	0.7894953	0.23458952
0.07336599	0.6230105	-0.5928641
0.89709914	0.42764282	0.8560589
0.041431665	0.8886411	-0.06518267
0.2446652	0.040976286	0.15968823
0.69314706	0.92582244	-0.7972334
0.8480935	0.086968124	-0.39775825
0.5037426	0.8679001	-0.20217644
0.49100578	0.15845138	-0.053501
0.86079353	0.91527504	0.18937738
0.8938443	0.58628553	0.47220618
0.92724156	0.79331696	0.49948823
0.20118296	0.5974262	-0.13894297
0.028903127	0.61788684	-0.7606178
0.33947223	0.58440745	-0.36281946
0.7126511	0.546846	0.048423827
0.96908295	0.7655487	0.42736602
0.31133157	0.9951522	-0.07205513
0.8895378	0.95691806	-0.03929167
0.17026585	0.796856	-0.5355666
0.70327574	0.6460243	-0.18230471
0.89984196	0.11542153	0.22069877
0.3353461	0.89593756	0.03719934
0.39821464	0.19600266	0.22715275
0.4154957	0.86341083	0.16873416
0.85613227	0.0586558	-0.34552288
0.80216086	0.06263554	-0.72050303
0.55907786	0.4537232	0.20236759
0.6180476	0.71637154	0.027509117
0.25940192	0.8868389	0.018178903
0.1436218	0.3280843	0.1399377
0.8329194	0.43930095	0.83453834
0.097852886	0.46772647	0.14181054
0.7999733	0.8505363	0.041522644
0.58812326	0.30860984	0.20445469
0.31697762	0.43682104	0.7464409
0.21989375	0.34185618	0.42523125
0.026509464	0.3326155	0.25012323
0.074022055	0.50626814	-0.0822037
0.60520273	0.6059368	0.28341642
0.48270726	0.26347768	0.38477436
0.7411738	0.18677974	-0.29218525
0.32702017	0.38024843	0.9744121
0.22086805	0.22573501	0.118991286
0.8421585	0.8991606	0.18181276
0.112380624	0.43714988	0.070707224
0.263259	0.68951625	-0.6914295
0.12971699	0.9514496	0.69614035
0.98639697	0.9321443	-0.17542592
0.025981665	0.75450236	-0.7136444
0.43603182	0.72495484	0.28578
0.12580997	0.15893811	0.0944432
0.42120516	0.50412124	-0.014993785
0.33403313	0.4727515	0.5289881
0.9113211	0.12141311	0.3627458
0.018523514	0.9779898	0.3830705
0.41941	0.013346314	-0.53698736
0.5986775	0.4245299	0.27456596
0.5707844	0.16577601	0.4659088
0.21815556	0.80302876	-0.6277781
0.025176406	0.6219226	-0.76408195
0.81317	0.5642118	0.10751555
0.50909346	0.94221854	-0.66317034
0.3503949	0.77700114	-0.096774854
0.12342548	0.13138568	0.085102506
0.8121288	0.22143328	-0.094077975
0.29680246	0.5835398	-0.28892064
0.89549094	0.7495048	0.43860972
0.85180736	0.3417033	0.78829896
0.8240804	0.4399497	0.8840809
0.43427134	0.6320592	-0.14273666
0.2762885	0.9152276	0.019702662
0.8372316	0.86708176	0.23563586
0.95387554	0.4686396	0.7378985
0.39917612	0.71656036	-0.013596911
0.8414841	0.71677995	0.044328015
0.727141	0.8649008	-0.47430447
0.99151474	0.3419655	0.49854538
0.9743449	0.14426577	0.7811089
0.2635085	0.5022411	0.39566708
0.34228212	0.1027379	0.0045269113
0.12434065	0.051876843	-0.042212665
0.861203	0.75905603	0.21765235
0.9696029	0.2888382	0.6228685
0.22959197	0.26673162	0.17307256
0.86851346	0.4554904	0.9854616
0.14895672	0.59584785	-0.13300438
0.35898858	0.5329693	-0.08956907
0.5030944	0.122651994	-0.07613266
0.892321	0.58284056	0.46259296
0.9179941	0.78879374	0.559029
0.6540965	0.1824978	0.3605038
0.9326401	0.67624784	0.5190473
0.022006154	0.3583578	0.19516274
0.8195762	0.21646088	-0.033635598
0.50513196	0.044195533	-0.49452528
0.43345803	0.0840925	-0.4877763
0.424577	0.28147882	0.72161037
0.5325636	0.25256658	0.20550089
0.9781257	0.40996683	0.6282163
0.59815854	0.7462483	-0.028286284
0.69199544	0.82182544	-0.5549214
0.5444066	0.82306254	-0.18015766
0.6004034	0.7179225	0.10051498
0.62953997	0.24954873	0.23425236
0.29523343	0.7561777	-0.57092357
0.7651272	0.3153451	0.44895422
0.057719707	0.98254514	0.55264795
0.44537324	0.40485883	0.45050377
0.18487221	0.44558734	0.4082503
0.8758221	0.4216609	0.9719151
0.70253795	0.4162808	0.3284328
0.0056334734	0.04712856	0.111334465
0.88894475	0.059020758	0.041279405
0.35826617	0.3567382	1.0537976
0.7917699	0.43651968	0.7840462
0.278113	0.3568787	0.7089776
0.021373868	0.44531173	-0.092205
0.5757764	0.29995775	0.21895403
0.041424274	0.91302085	0.088684596
0.09369594	0.891049	0.2527285
0.73731357	0.33854216	0.31270918
0.77979815	0.68633467	-0.32827705
0.657809	0.85796547	-0.6507354
0.30779403	0.17262733	0.04042026
0.6037943	0.03860855	0.7618462
0.44211537	0.13535571	-0.21968564
0.97949326	0.9754047	-0.3262979
0.87790596	0.20653713	0.212406
0.013097763	0.74719316	-0.81551707
0.524913	0.097483575	-0.04888343
0.6357197	0.02382797	0.92749614
0.3073666	0.29139632	0.6179596
0.42352194	0.7895222	0.3589219
0.7953131	0.9396445	-0.08198769
0.08819842	0.7675009	-0.5997561
0.3689171	0.068914175	-0.06817448
0.04503107	0.6080981	-0.6430115
0.5697774	0.2110225	0.30360022
0.1319505	0.37955517	0.21991996
0.75807524	0.5841985	-0.14075513
0.7637017	0.93165165	-0.2541506
0.66410995	0.90978295	-0.8351634
0.26842833	0.27163047	0.2843823
0.94026023	0.65506786	0.48349023
0.42130935	0.07961923	-0.43936893
0.55291045	0.22046894	0.29317206
0.72645754	0.92562467	-0.5214495
0.26634723	0.25686485	0.2617981
0.2843833	0.5418802	0.094929695
0.49562126	0.5502036	-0.033246133
0.87814116	0.14782733	-0.023613028
0.57815063	0.4773366	0.2735499
0.67416215	0.09612274	0.45432228
0.28167623	0.9759471	0.077917516
0.39593774	0.24347466	0.6041806
0.9894235	0.6850084	0.38291788
0.8149932	0.91806996	0.05931053
0.19802624	0.87246466	-0.008667812
0.3522609	0.85649854	0.09662603
0.7521155	0.40049905	0.6310461
0.6207966	0.094683886	0.84971863
0.86894256	0.21260417	0.24102125
0.049648285	0.40263152	0.012187083
0.30662835	0.51331687	0.23303251
0.7501676	0.65281403	-0.31410444
0.6478439	0.3560483	0.13675825
0.7452919	0.66871965	-0.41935962
0.34764272	0.8937822	0.08161425
0.1606211	0.2572242	0.11864073
0.19317698	0.27783197	0.18365467
0.6054909	0.42572504	0.23021838
0.36840725	0.28126293	0.83566785
0.15392596	0.65425915	-0.44923618
0.7900066	0.47722864	0.5963323
0.110716045	0.08179623	0.058716983
0.8482453	0.74408937	0.10372931
0.9014493	0.9934421	-0.26802215
0.76866466	0.059969664	-0.6755109
0.11326879	0.14582449	0.093240455
0.058019698	0.25832874	0.15588398
0.26220536	0.92428327	0.13851012
0.15350097	0.2553277	0.15035921
0.9962051	0.40232873	0.5481088
0.26689702	0.39024144	0.6841265
0.15191007	0.36674595	0.33185646
0.99960154	0.66604	0.37978214
0.6059563	0.73949236	0.008303504
0.7716348	0.5950884	-0.16295637
0.6253548	0.81181574	-0.505448
0.10513908	0.25451982	0.10316723
0.47246176	0.84803843	0.09182314
0.83874357	0.3109166	0.78444856
0.12224442	0.92041403	0.47534847
0.17058694	0.447971	0.4086399
0.34930295	0.89032626	0.07775189
0.20423353	0.004365146	0.24669975
0.153894	0.39570838	0.30651668
0.24913472	0.9107373	0.09674203
0.5828501	0.7827872	-0.08365234
0.017240226	0.27272177	0.37855047
0.63481843	0.28633016	0.11167283
0.040390134	0.68596786	-0.87793016
0.10219574	0.66288394	-0.6290001
0.7967629	0.35384637	0.8032646
0.024950266	0.10735059	0.2787301
0.24998933	0.64497066	-0.53432536
0.8655437	0.94723743	0.07014057
0.04556912	0.8586247	-0.13180886
0.66823053	0.366494	0.19329683
0.5449723	0.9809549	-0.934878
0.74434185	0.53952944	0.12835187
0.2176072	0.05060357	0.12598585
0.32106227	0.21894306	0.2836554
0.8171988	0.46553838	0.7772483
0.6126009	0.095006704	0.8309657
0.57118934	0.88482386	-0.76690435
0.27430314	0.5855591	-0.17617851
0.2570874	0.55849534	0.01630777
0.40224797	0.217031	0.40701222
0.027868688	0.9038502	-0.031121029
0.86324644	0.08779675	-0.3079626
0.045459747	0.9865766	0.50442564
0.34041178	0.16160798	0.016959958
0.99052453	0.18673295	0.7653262
0.8299798	0.6629888	-0.08080079
0.34997523	0.1823641	0.20376992
0.4357888	0.52271074	-0.12075791
0.5876665	0.31299013	0.16114292
0.19967586	0.9931742	0.71277446
0.7365564	0.8262476	-0.32899377
0.40033352	0.37541127	0.88449335
0.05528897	0.48734605	-0.18200636
0.33327508	0.6429805	-0.5869577
0.22756326	0.97826713	0.4672285
0.49440396	0.40401936	0.2023867
0.8680963	0.351815	0.88526964
0.8999195	0.41498154	0.8779763
0.81060344	0.5774909	0.08439509
0.6781885	0.78083396	-0.4039887
0.83523834	0.76285857	0.08997454
0.38114303	0.7942377	0.16943154
0.41230798	0.80506116	0.29951537
0.7628051	0.81623834	-0.2758987
0.6341564	0.5089568	0.291747
0.78608966	0.16255838	-0.54414564
0.11421275	0.030021429	-0.07524123
0.8120837	0.3636862	0.8787209
0.37052137	0.7033914	-0.20794788
0.6379668	0.23584098	0.2132097
0.3761868	0.1347987	-0.055580154
0.031564116	0.76753986	-0.6341016
0.51430905	0.9439427	-0.72725284
0.6883706	0.83376443	-0.5327064
0.48849088	0.6494822	0.23148124
0.27169412	0.18136823	0.04170141
0.78910285	0.4563809	0.7413502
0.83351314	0.90297467	0.1824325
0.09887725	0.21284753	0.095584385
0.9489063	0.3909642	0.7175919
0.52946997	0.33664024	0.23984139
0.94019365	0.09181607	0.6195625
0.07650322	0.07985687	0.03782697
0.61497766	0.29874754	0.13983256
0.46930546	0.1772964	0.043054186
0.6382538	0.9239647	-0.97073036
0.23453248	0.5419225	0.16104476
0.45251274	0.44170445	0.2972576
0.018893301	0.10555488	0.18493758
0.36317867	0.7458509	-0.11929464
0.5233525	0.04870099	-0.31344187
0.9639989	0.29387403	0.63139105
0.083226144	0.5301105	-0.10455434
0.22364289	0.9442522	0.39209577
0.30555087	0.5575096	-0.08601582
0.12364787	0.023725808	0.01985804
0.41311795	0.94809914	-0.16851486
0.8667161	0.5533272	0.47544643
0.6262891	0.63242584	0.2349135
0.5163468	0.36477733	0.2365666
0.30064583	0.13498509	0.012102924
0.15854508	0.614472	-0.20836708
0.23219323	0.5024174	0.38462576
0.53915673	0.6155925	0.3527269
0.17129755	0.910133	0.39967048
0.865035	0.9800789	-0.08252664
0.2015338	0.24397385	0.11148772
0.8925603	0.6095002	0.37291417
0.008752167	0.54814893	-0.59900516
0.60131395	0.45129454	0.24443449
0.3555845	0.036441445	0.091206305
0.0010269284	0.7893067	-0.6752952
0.27406317	0.8553119	-0.20725395
0.8508043	0.23799723	0.22566506
0.06612855	0.84716135	-0.22979122
0.33251143	0.11946052	0.017643606
0.60647595	0.1778872	0.5066762
0.06279236	0.42255223	-0.0051888744
0.75727445	0.71273977	-0.35845515
0.9181223	0.5464043	0.61594856
0.62722504	0.49670798	0.34770396
0.7977509	0.78198266	-0.082333475
0.5128751	0.15195	-0.02452742
0.80810714	0.47977465	0.6446072
0.5685336	0.7131476	0.26178032
0.9295556	0.7457521	0.50245655
0.45409137	0.69156826	0.18083674
0.7325892	0.55628616	-0.041080683
0.44318378	0.4259187	0.37559846
0.51996094	0.72811586	0.33807614
0.7002485	0.15770954	0.014265799
0.9226584	0.515157	0.76484066
0.36495292	0.6864148	-0.2923284
0.6801177	0.68995184	-0.20300245
0.21667916	0.82611465	-0.43808752
0.7428337	0.9845967	-0.43135524
0.25654763	0.5123893	0.33034876
0.25385976	0.9075527	0.06904617
0.03483379	0.065238655	0.13797387
0.8150452	0.15827423	-0.46177104
0.3433398	0.20462161	0.21577966
0.107720494	0.5138097	0.053053506
0.8147661	0.0054786205	-0.6364518
0.58440244	0.9168093	-0.9601715
0.95833933	0.86161375	0.21820045
0.61278814	0.9165109	-1.002047
0.5438283	0.7444001	0.23120081
0.23517907	0.1501404	-0.010102874
0.12707394	0.9305101	0.6122053
0.80377924	0.81280625	0.007710023
0.63519794	0.48535895	0.39008513
0.007759154	0.073341906	0.115263805
0.9774995	0.76394707	0.4017729
0.9431138	0.2719518	0.6816333
0.2656566	0.4959435	0.4484028
0.9154013	0.40008408	0.8417985
0.22068	0.44026506	0.52414405
0.997222	0.0425241	0.744547
0.9320197	0.63300455	0.46097934
0.6721362	0.61338603	-0.0003081984
0.79795194	0.020100892	-0.6265076
0.86680484	0.48030597	0.771606
0.46208566	0.4545067	0.15921041
0.6465354	0.09774476	0.77903694
0.7886277	0.31474262	0.6230911
0.73734516	0.629834	-0.296075
0.77445734	0.21411031	-0.1838079
0.92622185	0.376705	0.8420022
0.5992449	0.14910817	0.59351784
0.24612045	0.49512112	0.43747497
0.93407613	0.79779536	0.5217697
0.95923	0.52194947	0.6596488
0.9720999	0.72513485	0.43475777
0.18338847	0.42681158	0.37871265
0.73831093	0.8518038	-0.36880553
0.7097408	0.9563108	-0.6775141
0.24205053	0.8838694	-0.07972975
0.437517	0.72568923	0.26529032
0.7065447	0.74259263	-0.3195794
0.10615575	0.8196664	-0.29717448
0.34861362	0.2563098	0.5660845
0.009432077	0.65286124	-0.86925036
0.50250226	0.11904585	-0.22567448
0.15633047	0.7518352	-0.7188114
0.6278091	0.35791117	0.103976324
0.7530126	0.29714435	0.33637223
0.83733594	0.090999424	-0.5599123
0.05171168	0.60803527	-0.6059412
0.4152522	0.7142018	0.08326776
0.02592796	0.04902798	0.13221572
0.68973464	0.56321746	0.09538585
0.11644715	0.4482258	0.20788307
0.33178228	0.1250394	0.035806112
0.7569293	0.03456986	-0.44280759
0.1738329	0.9708875	0.7737774
0.76699454	0.8004571	-0.23067354
0.8575654	0.68906975	0.10998897
0.8545722	0.3570509	0.97686386
0.3992011	0.33975464	0.92470366
0.96368676	0.62283176	0.58354896
0.48688304	0.91860974	-0.41365886
0.5551204	0.78438294	-0.05450461
0.18064141	0.9079384	0.33186635
0.79504174	0.0426054	-0.74694216
0.8914534	0.11547077	0.10821234
0.9326106	0.08514011	0.56807745
0.34009075	0.8437635	0.0046719946
0.2092666	0.061430812	0.06816645
0.045373082	0.6733134	-0.7996107
0.045982957	0.63413626	-0.71582484
0.12934613	0.71991056	-0.72313917
0.22949839	0.18840581	-0.033933442
0.8215596	0.57334596	0.094043314
0.5414504	0.35702425	0.3075139
0.19128615	0.18484378	0.00057097524
0.40072584	0.6458836	-0.24526526
0.904972	0.30770284	0.70702696
0.14899176	0.79684204	-0.5610571
0.9040602	0.73113835	0.45012212
0.78012437	0.71167594	-0.34708434
0.12453401	0.4553675	0.27983415
0.66479146	0.6397431	-0.025740655
0.88751835	0.59738183	0.3645048
0.02231431	0.83399206	-0.4187512
0.15296978	0.8563296	-0.06038596
0.34560275	0.37915254	0.97056323
0.6496198	0.17177767	0.45658785
0.6035037	0.65506935	0.23744349
0.045885384	0.07131469	0.12668528
0.24324226	0.41430306	0.5941241
0.23086512	0.96206987	0.4314112
0.3167941	0.6729851	-0.552712
0.0727455	0.09316391	0.043714985
0.20104843	0.7684907	-0.6975324
0.48876798	0.7357333	0.40354705
0.13872206	0.95326877	0.7631369
0.3625691	0.26086676	0.7455259
0.6379072	0.48590803	0.31408817
0.58026785	0.09859574	0.5843079
0.07457554	0.110990286	0.0829867
0.14854741	0.45454246	0.30906492
0.968046	0.6991412	0.5160456
0.66762555	0.16878879	0.26192963
0.98212814	0.40520382	0.6474429
0.0126363635	0.93042296	-0.023525376
0.8248767	0.033742547	-0.6133322
0.049853444	0.99264	0.6674476
0.2772497	0.4484294	0.6377751
0.9793178	0.8491063	0.20438938
0.092989266	0.7344358	-0.7583127
0.2870205	0.008133411	0.46399596
0.4155928	0.56572586	-0.24077898
0.7143485	0.97882235	-0.65365386
0.823395	0.26685423	0.3380152
0.5455627	0.013667941	-0.07160133
0.65047854	0.3173108	0.15095663
0.6389398	0.9609874	-1.1014494
0.0863148	0.36252224	0.114021495
0.26256013	0.98992014	0.23161386
0.0062536	0.06729829	0.16229507
0.89456123	0.7195593	0.39739546
0.5559392	0.022598922	0.1174002
0.47812223	0.7820609	0.35812593
0.6187388	0.9553854	-1.1129696
0.7754752	0.57267374	-0.031526554
0.14246011	0.29278654	0.1402474
0.9561977	0.4367782	0.7763389
0.22840047	0.9671698	0.43455783
0.4074105	0.24086171	0.53725106
0.33062732	0.56027967	-0.14555326
0.73794234	0.03924942	-0.27174076
0.93468535	0.6344074	0.54999983
0.3586825	0.4494115	0.65987724
0.5012622	0.85965985	-0.16217464
0.6978326	0.31132483	0.13489743
0.18613672	0.655898	-0.48003665
0.41198087	0.22952914	0.46789292
0.51318735	0.5737711	0.11949849
0.88000536	0.41346377	0.92067206
0.014929712	0.7528856	-0.8141779
0.20058179	0.18350959	0.052374277
0.79153794	0.41888297	0.8195696
0.71358263	0.38171077	0.33262295
0.079374135	0.38545907	0.09354572
0.4602244	0.4172092	0.36133084
0.4083349	0.7876735	0.25053835
0.78069377	0.5439777	0.13712548
0.36338043	0.58686256	-0.3105821
0.6911528	0.8578892	-0.6104837
0.072923005	0.73457557	-0.78067744
0.31655824	0.23120534	0.28066382
0.20206708	0.78713655	-0.67539835
0.8643944	0.86784977	0.4106608
0.13906747	0.95985633	0.7341298
0.032017052	0.76647687	-0.7089624
0.52280617	0.1548655	0.16141813
0.8729914	0.83849466	0.42817217
0.49815106	0.30525744	0.342392
0.43455946	0.095813215	-0.38967025
0.005240619	0.12525928	0.30217227
0.27664042	0.058182	0.18797472
0.33019972	0.8856503	0.026748888
0.944603	0.6589563	0.4770662
0.86370474	0.29316086	0.57959306
0.7646044	0.030375004	-0.51609796
0.8967241	0.62866044	0.3901596
0.35202312	0.9730956	-0.11126186
0.021554887	0.49588746	-0.31483385
0.7898267	0.7756217	-0.1659351
0.8773333	0.69087505	0.18694136
0.45556295	0.47272557	0.018291526
0.26567042	0.63805455	-0.52594036
0.83035153	0.91440487	0.13622044
0.66572744	0.5012177	0.23271164
0.90498143	0.72070134	0.4481571
0.79355747	0.59020877	-0.09743774
0.37282187	0.30339742	0.9452153
0.8154533	0.17506158	-0.32069522
0.06822091	0.9486841	0.47075033
0.3949219	0.066928744	-0.3182846
0.65804994	0.3454128	0.117981724
0.74280256	0.8934951	-0.4049954
0.85178584	0.4580738	0.86258954
0.15331578	0.24266207	0.107019596
0.15757501	0.47595632	0.4090705
0.046494365	0.77098805	-0.6576622
0.9337201	0.71300733	0.48708045
0.084055424	0.27801514	0.04412353
0.29575706	0.85548586	-0.07347613
0.114789486	0.40157437	0.21400444
0.29414815	0.5954963	-0.35115358
0.12923634	0.08961326	-0.0017429441
0.6948645	0.8993123	-0.6967789
0.14743608	0.14589983	0.11036225
0.02408725	0.28839612	0.3433456
0.8457827	0.67049974	-0.02418095
0.28864175	0.09502745	0.08788532
0.24309266	0.9479763	0.24972959
0.6588138	0.621474	0.027362633
0.3283007	0.21125442	0.2234381
0.5761934	0.5712844	0.38957617
0.27117854	0.8636497	-0.17931683
0.008031011	0.6936248	-0.84788656
0.63776267	0.31378376	0.12783729
0.89012086	0.5104969	0.691015
0.022983015	0.2996549	0.3325636
0.4389593	0.943828	-0.22195056
0.50465554	0.998608	-0.7366918
0.32338154	0.92772704	0.0072141876
0.5198298	0.2019741	0.23144819
0.4864627	0.7492712	0.41584763
0.84604996	0.47572792	0.8330539
0.0971939	0.7327503	-0.7338942
0.6477273	0.9435406	-0.9537076
0.92621374	0.06453097	0.5084723
0.30245036	0.5311087	0.13746446
0.0030753613	0.40283358	0.08852669
0.07556015	0.63791966	-0.62417716
0.942507	0.8069129	0.5019646
0.66699624	0.90303963	-0.8114473
0.13104743	0.43173462	0.2809365
0.5339537	0.15907538	0.20145573
0.4884935	0.48960656	0.02340837
0.5590824	0.4861977	0.29582062
0.20306355	0.4942364	0.43776387
0.22681719	0.52226895	0.2774475
0.24057287	0.8147398	-0.4792331
0.38328046	0.8463301	0.114545494
0.46056217	0.4936037	0.016036522
0.98611754	0.7300684	0.39596722
0.94001096	0.8088713	0.48719633
0.58690584	0.9148642	-0.952905
0.95109004	0.43596476	0.7292247
0.010881364	0.56814647	-0.6714406
0.6801076	0.60313445	-0.038496263
0.52284896	0.92681503	-0.67201203
0.82866174	0.6027649	0.037863027
0.5260108	0.7409664	0.3334216
0.0067794323	0.1395855	0.32852682
0.9729546	0.70494384	0.43365112
0.67245716	0.5248224	0.20192352
0.41077143	0.6136396	-0.25925457
0.8936764	0.2823044	0.6688337
0.5866296	0.08372599	0.69162214
0.22581953	0.38603503	0.46237612
0.58319014	0.19777656	0.4291593
0.85437477	0.8993663	0.23979224
0.8343843	0.5902044	0.09336327
0.39518553	0.71548814	0.011953238
0.26543128	0.61603975	-0.37380427
0.04623127	0.54838187	-0.45297238
0.41710883	0.08010918	-0.38315764
0.19303614	0.9500427	0.5885045
0.6468267	0.8174913	-0.53906286
0.22786438	0.9315943	0.23909372
0.21500635	0.01227963	0.21842182
0.23620939	0.7438931	-0.8514311
0.74609	0.87933004	-0.35217115
0.68244445	0.2887361	0.11611042
0.5872061	0.7951521	-0.19340383
0.830627	0.99614525	-0.17539869
0.25200462	0.71366376	-0.7404728
0.7718727	0.7444907	-0.30863586
0.3100025	0.61784226	-0.468551
0.5256281	0.9754526	-0.8114602
0.3196597	0.04317105	0.18248421
0.5284229	0.7476344	0.25692672
0.4993165	0.9327219	-0.59280765
0.6030224	0.41447717	0.215777
0.34096742	0.62597895	-0.4657976
0.046205997	0.48060292	-0.15798245
0.17386717	0.6894825	-0.75179994
0.7742479	0.78430516	-0.2109985
0.21742892	0.120799184	-0.003173042
0.31210625	0.93971765	0.015854891
0.91104263	0.7028776	0.37752724
0.9818726	0.6889629	0.40904886
0.59068334	0.30087495	0.23817855
0.59344494	0.5184493	0.34805745
0.5195587	0.3897894	0.2062632
0.2730943	0.48931557	0.4008233
0.10205513	0.8431922	-0.124913655
0.9227478	0.26685977	0.6026177
0.5061992	0.99350005	-0.7637146
0.94762844	0.8050252	0.466863
0.21269941	0.76780766	-0.71878916
0.9802369	0.56892234	0.5224989
0.7132789	0.50447404	0.20092565
0.4464053	0.88330895	-0.03486615
0.65919054	0.012759745	0.8360016
0.5106601	0.8633648	-0.20177957
0.42773515	0.04113382	-0.56558883
0.6468013	0.04742682	0.8543933
0.11663908	0.29627573	0.0758449
0.042895854	0.72024876	-0.8116168
0.80818534	0.38197768	0.8314129
0.9291974	0.31841046	0.73965067
0.7400648	0.06395316	-0.35209456
0.7928463	0.3205998	0.6212095
0.32517904	0.21772665	0.31762716
0.14927185	0.76017857	-0.6626167
0.8831191	0.5240044	0.7390876
0.31839955	0.81071967	-0.18440518
0.65653783	0.8574297	-0.7229215
0.58546376	0.3760699	0.17918278
0.12940979	0.0047022104	-0.09077205
0.5661861	0.0632534	0.3794123
0.60870814	0.94258714	-1.075454
0.46217072	0.33719152	0.55434626
0.73423326	0.97148603	-0.459844
0.9031577	0.8045632	0.5183179
0.08141869	0.30072117	0.123475045
0.018849313	0.45641172	-0.16571474
0.4376188	0.16085178	-0.069340594
0.6943166	0.85343134	-0.51702535
0.8551131	0.67357177	0.0614779
0.6124521	0.4038238	0.23228368
0.3292563	0.94285446	-0.025985908
0.16046864	0.5185457	0.31323144
0.015895665	0.12577856	0.2386899
0.33284563	0.81207156	-0.15718785
0.78593737	0.236731	-0.03720964
0.6067911	0.5315587	0.3896438
0.6712257	0.91094905	-0.81852275
0.99857664	0.55237985	0.50623053
0.58293605	0.465065	0.2974194
0.002993822	0.5487588	-0.6711143
0.362117	0.54122263	-0.04817746
0.9401602	0.32628077	0.68949354
0.8130158	0.070693016	-0.7488396
0.7855977	0.45921725	0.632847
0.43059456	0.29529285	0.70814246
0.33062917	0.60157233	-0.37829882
0.18599921	0.8331579	-0.32839003
0.971369	0.8359622	0.27879423
0.31883192	0.8760127	-0.01945217
0.97535735	0.8802238	0.057369247
0.09443605	0.13914382	0.10745007
0.5320493	0.096986055	-0.025477331
0.73704475	0.6664332	-0.38145202
0.48175758	0.113093555	-0.30199334
0.7611751	0.48193878	0.48079854
0.8516755	0.09339112	-0.36511844
0.23255962	0.038090408	0.23587894
0.9647112	0.80382025	0.3934167
0.34963274	0.69733983	-0.38768798
0.95237297	0.62827116	0.5208666
0.95167583	0.23980528	0.554487
0.45425415	0.6791556	0.21067442
0.8053868	0.50169563	0.51499635
0.74644023	0.58894587	-0.16543029
0.91578877	0.08245641	0.408688
0.17099386	0.9880461	0.8447486
0.57178986	0.2762562	0.22151925
0.14801621	0.9847518	0.9379391
0.13401079	0.14502877	0.07737153
0.61185336	0.70514786	0.043652236
0.7032282	0.044754207	0.27452707
0.99017775	0.24839431	0.67691904
0.9050013	0.57033753	0.5047637
0.9725065	0.53748477	0.60308415
0.8101115	0.4295028	0.8806397
0.3416893	0.92955506	0.0030056406
0.05180341	0.8982252	0.08980589
0.089193344	0.8692831	0.0002450049
0.72347087	0.46415734	0.40162015
0.7706351	0.92021585	-0.25788835
0.105697036	0.62194425	-0.41361433
0.22987252	0.85191864	-0.22180527
0.35304344	0.7864082	-0.09280269
0.5633689	0.8512373	-0.51632994
0.24448115	0.6045725	-0.29609567
0.58440197	0.48312044	0.3607101
0.22814286	0.7462452	-0.8261327
0.6325121	0.5036095	0.29611707
0.3219701	0.29780775	0.7690251
0.52511233	0.8765133	-0.40311387
0.7841168	0.6633606	-0.32040775
0.5734398	0.6141139	0.36939526
0.7488342	0.5807126	-0.15462153
0.13303804	0.25949275	0.097411916
0.031113803	0.6572479	-0.8204483
0.23490381	0.5819291	-0.08884296
0.73405737	0.6012427	-0.22194393
0.52252823	0.847709	-0.29022908
0.28861672	0.77832854	-0.5082323
0.6101722	0.057189107	0.8496386
0.92982733	0.29157597	0.6650226
0.5886102	0.017139494	0.6050161
0.46632063	0.23609132	0.3159901
0.39259028	0.011967599	-0.2879883
0.5866579	0.24303913	0.3438013
0.98100823	0.49430346	0.66486704
0.6586633	0.9878336	-0.9853552
0.25454468	0.10030335	0.065318234
0.0716663	0.13827026	0.18528807
0.6060121	0.8612293	-0.71624523
0.36033976	0.61190546	-0.4107826
0.3247856	0.53787905	0.029747082
0.12231785	0.59994197	-0.21763188
0.9351295	0.46627784	0.80259913
0.9335143	0.84671867	0.4167375
0.7989396	0.93397284	-0.09215368
0.5411362	0.87891704	-0.5547037
0.6676301	0.30153793	0.089310706
0.53141266	0.7394523	0.33711743
0.71790075	0.8919382	-0.5006808
0.50965744	0.2995687	0.2839619
0.90252036	0.8637579	0.38114738
0.54359114	0.82097447	-0.18444128
0.8841533	0.90805507	0.26037782
0.2717808	0.45590276	0.62259793
0.35150164	0.6038464	-0.40978426
0.09556663	0.8382444	-0.15730157
0.40776253	0.9473879	-0.1438056
0.5953272	0.17848808	0.53338444
0.19761133	0.17169428	0.033707265
0.93098134	0.6031078	0.545297
0.9704239	0.49473554	0.65802217
0.038185894	0.9553793	0.3366556
0.71255296	0.53033173	0.16712734
0.2617951	0.040534675	0.23017757
0.3724485	0.051778436	-0.13523053
0.07696837	0.34678346	0.055790678
0.6325599	0.39079797	0.17924026
0.04537666	0.82001096	-0.43589765
0.6031114	0.2935573	0.24102566
0.23751819	0.20644611	0.04440396
0.5344903	0.02727276	-0.19441135
0.68489987	0.6171833	-0.048747834
0.9494281	0.6422268	0.47492963
0.20909506	0.6679324	-0.60416716
0.9216633	0.11299366	0.46778744
0.40977198	0.15107876	-0.026607594
0.99602	0.06477213	0.732653
0.20376605	0.7252343	-0.76038086
0.6364625	0.08206481	0.8428151
0.45590144	0.8141162	0.2958397
0.15891606	0.39859468	0.35369974
0.5854968	0.6388773	0.33013302
0.26912582	0.13003445	-0.0047373404
0.593927	0.21807408	0.36786723
0.19332618	0.1404978	0.07106548
0.5311801	0.47328085	0.1672148
0.69221383	0.08564049	0.30031627
0.16713369	0.013195217	0.09356627
0.38710433	0.2584924	0.6613676
0.39736706	0.54177606	-0.11839956
0.18249083	0.8411726	-0.2657074
0.84491676	0.04142618	-0.47891098
0.97529906	0.28378993	0.65550625
0.3553871	0.6341446	-0.46649933
0.4098255	0.41350973	0.675496
0.74585974	0.3416466	0.4210502
0.19209778	0.36290288	0.32424527
0.57049704	0.8482006	-0.47303432
0.8725539	0.110286415	-0.14507179
0.5276974	0.00919646	-0.46983957
0.62697065	0.5231741	0.3198773
0.49676162	0.055158913	-0.57347304
0.52305853	0.41815567	0.21593234
0.66818815	0.14325553	0.3812694
0.124786675	0.62084883	-0.39619803
0.17627329	0.51698226	0.35858753
0.27221608	0.2832713	0.42243782
0.9524503	0.880323	0.22195527
0.21048301	0.9798322	0.6359631
0.4308046	0.021622658	-0.68661684
0.25258857	0.42812526	0.6070853
0.5619962	0.24767947	0.2526651
0.6609862	0.9341472	-0.9509389
0.4440469	0.4772238	0.091528594
0.3263281	0.8793137	-0.0382099
0.035921276	0.51058346	-0.33323786
0.12249452	0.9021612	0.4078373
0.49482977	0.7406711	0.38802356
0.8897445	0.5569302	0.5098994
0.6379132	0.34084952	0.106425926
0.05227232	0.37085277	0.07356359
0.33344215	0.33793294	0.9483313
0.00016957521	0.06462026	0.13771984
0.86556304	0.4107588	0.99061763
0.45200104	0.5309337	-0.13507679
0.8775744	0.03420174	-0.10556048
0.86258626	0.7241708	0.17733438
0.19389713	0.9970144	0.8075592
0.744728	0.60661316	-0.13770245
0.8627921	0.88854283	0.2597581
0.939511	0.7112679	0.46345288
0.2777565	0.018088758	0.36012655
0.38719034	0.7485821	0.05955401
0.44135106	0.45350152	0.17683998
0.37400222	0.37878215	1.0414617
0.44200832	0.9915254	-0.37655258
0.6001386	0.012663603	0.7703802
0.5722238	0.23842657	0.33936813
0.673579	0.20764983	0.17252675
0.32460386	0.23378503	0.33437908
0.25959527	0.8966482	0.036338188
0.97091943	0.3231637	0.6059364
0.8628499	0.6954953	0.15669799
0.4976651	0.13523865	-0.123847306
0.8633345	0.18680245	0.07443714
0.6283038	0.6000899	0.26693478
0.28548878	0.8813362	-0.09745606
0.5103342	0.45865548	0.12404887
0.62952185	0.45535272	0.2798882
0.17201447	0.035026193	0.10090997
0.97941947	0.1569286	0.8071785
0.2133401	0.55583274	0.1339482
0.7571833	0.84531707	-0.27455944
0.5718875	0.023599386	0.39591718
0.56423503	0.18219417	0.40112054
0.7993045	0.24897873	0.14928062
0.5845871	0.36441076	0.22966486
0.61539483	0.8051992	-0.38623297
0.65259624	0.77870077	-0.40420532
0.8533729	0.92895126	0.13059086
0.8730749	0.0124415755	-0.1355409
0.30072016	0.30638623	0.64368886
0.88370365	0.8880615	0.24369812
0.6342276	0.8214946	-0.5674607
0.9631175	0.8368928	0.34507555
0.9975419	0.450985	0.6225967
0.72792846	0.053561687	-0.08640355
0.06734061	0.41769546	0.045118786
0.27245647	0.5738976	-0.0815606
0.56192386	0.9640775	-1.0707703
0.71439135	0.5587525	-0.020743296
0.45539021	0.35947794	0.5703939
0.20622599	0.28971225	0.20737371
0.5469338	0.67421025	0.37815928
0.65598786	0.57858145	0.20289198
0.8645638	0.2803607	0.5474362
0.09433693	0.18901098	0.17481324
0.38188535	0.8048476	0.124172226
0.15037322	0.31994796	0.1385172
0.7501553	0.6912126	-0.37445074
0.80075514	0.2543342	0.16107182
0.24879014	0.89412117	-0.0076910853
0.12819898	0.34980208	0.15635274
0.89642024	0.13797194	0.22516207
0.6374274	0.15490693	0.5904832
0.93357265	0.49209714	0.77357787
0.5308217	0.30619198	0.24152945
0.3356359	0.48069358	0.4577982
0.5770276	0.4822036	0.2736419
0.1800369	0.65855706	-0.51371753
0.62413776	0.42212623	0.2830932
0.68809676	0.5117623	0.18573835
0.14278668	0.98242986	0.87142485
0.3712601	0.8044723	0.11770023
0.2775662	0.8934487	-0.007107159
0.6511528	0.76339954	-0.31078956
0.6758532	0.31630307	0.052668415
0.07202476	0.061477423	0.025169218
0.22968435	0.59518856	-0.19731836
0.29791987	0.7501934	-0.54889965
0.009196639	0.6238958	-0.8024392
0.7338513	0.46901834	0.3904884
0.95011145	0.036057293	0.735039
0.1353761	0.29219443	0.17005661
0.8632057	0.7266512	0.27085844
0.662146	0.39992678	0.16976446
0.17050898	0.48636466	0.40583602
0.7698427	0.3224842	0.45514607
0.06404823	0.7422805	-0.7328406
0.14384806	0.35312384	0.19985707
0.5561121	0.60772157	0.3536384
0.4012354	0.18305433	0.14263546
0.7656161	0.30484575	0.35805482
0.39318228	0.30644143	0.93892556
0.18395948	0.42533207	0.37806237
0.7361952	0.24647933	-0.03170763
0.4945814	0.6749973	0.28526944
0.55147177	0.31623733	0.2001852
0.44092172	0.067974985	-0.59749615
0.0075598955	0.62627035	-0.8249795
0.34458107	0.13942719	-0.008560061
0.76055783	0.5033702	0.3545165
0.5728784	0.2571147	0.25325656
0.8439511	0.7071274	0.06689149
0.84723186	0.04253	-0.42385557
0.43384314	0.2770176	0.6523529
0.31732267	0.31265014	0.824367
0.281079	0.39938736	0.7870574
0.25552803	0.89441955	0.020859297
0.43894714	0.68738544	0.1385804
0.8951774	0.9794609	-0.11916157
0.85936284	0.39321655	1.0279179
0.44878346	0.37789428	0.58911437
0.9068755	0.26506627	0.64894766
0.21577859	0.04329151	0.12753166
0.3284877	0.8586296	-0.013228105
0.24824911	0.5071224	0.33208632
0.78235674	0.81678647	-0.14125732
0.45593935	0.98783743	-0.46809208
0.7130718	0.21990371	-0.13510695
0.44528103	0.6170689	-0.083404735
0.86462	0.44667268	0.9317448
0.96243495	0.53076416	0.7087543
0.7932141	0.45601207	0.713563
0.48434556	0.5434911	-0.024228564
0.71432906	0.13551795	-0.12308572
0.13957256	0.48488075	0.29917824
0.298725	0.12966675	-0.046358813
0.25673848	0.34698397	0.5072979
0.2000488	0.55022705	0.20073631
0.20735443	0.25012356	0.11224716
0.62913305	0.2870131	0.12637386
0.1734817	0.11304015	0.013610475
0.9783034	0.14663059	0.79031855
0.6125118	0.14191645	0.7426782
0.8153415	0.5255527	0.373885
0.41472363	0.27452552	0.8256652
0.7508756	0.7255142	-0.38065344
0.41979134	0.5092245	-0.037063565
0.96352154	0.45383638	0.6958613
0.9097738	0.59750324	0.48892576
0.52419156	0.38057035	0.25529668
0.18157178	0.4151373	0.40035912
0.25203037	0.04976797	0.18541768
0.45699084	0.45244282	0.133515
0.47657502	0.7293928	0.42845485
0.7043012	0.16781932	-0.012989771
0.3037644	0.39322472	0.84083736
0.99786735	0.4790777	0.5400015
0.8524922	0.052050114	-0.45340824
0.6577206	0.57981056	0.18174458
0.11092937	0.8984168	0.35313672
0.22129804	0.9343065	0.30441007
0.7368023	0.21507508	-0.19145511
0.50638294	0.8734638	-0.24625741
0.34358305	0.42552584	0.81220293
0.5127194	0.26752096	0.26158938
0.3448403	0.7597265	-0.2065562
0.9128708	0.15541518	0.3965636
0.33531034	0.23887432	0.44759947
0.2237429	0.64899653	-0.52374595
0.26730037	0.99904335	0.174534
0.95480096	0.076408625	0.70905536
0.7843378	0.8339336	-0.057161678
0.32420534	0.77401	-0.31007734
0.16214961	0.5271255	0.29562542
0.40368265	0.90339845	0.029545259
0.05612862	0.24039608	0.20859967
0.15347022	0.76316583	-0.70653373
0.9239312	0.095923066	0.48435766
0.40301573	0.95341355	-0.23610875
0.06825751	0.9678841	0.5628358
0.7042487	0.50167954	0.27142054
0.90425354	0.7635744	0.49072027
0.28176618	0.053618252	0.2519305
0.26778442	0.12261289	0.012935866
0.583823	0.89539725	-0.8051091
0.24918377	0.36919886	0.58783174
0.43958348	0.22224313	0.30995035
0.06050068	0.19496816	0.1614062
0.055918515	0.8449403	-0.22955959
0.5569624	0.22367811	0.33329558
0.87913287	0.24927282	0.47480133
0.29240286	0.6007573	-0.36451918
0.14040631	0.8806975	0.20633802
0.022113204	0.37925333	0.18491165
0.59467906	0.26332444	0.26682633
0.64428	0.4951198	0.3056295
0.5147944	0.69536203	0.44003934
0.6872476	0.5506241	0.13324767
0.35319573	0.11318076	-0.011772495
0.0007533431	0.28525913	0.46853787
0.75028974	0.8672408	-0.2506
0.20021158	0.63618183	-0.40799624
0.8148311	0.078733444	-0.68683624
0.045066178	0.61813164	-0.6572472
0.93781364	0.86944646	0.31536567
0.76806235	0.80726016	-0.21729988
0.7600207	0.952938	-0.3334798
0.86950785	0.4320978	0.9644539
0.93068683	0.31661397	0.72517604
0.91963863	0.7843223	0.5623384
0.39377922	0.008899093	-0.32521656
0.9537877	0.5442614	0.7098941
0.5486623	0.11295009	0.26586056
0.333893	0.9658944	-0.07795275
0.11254501	0.97298574	0.7904607
0.9613507	0.33623046	0.66751146
0.210042	0.3434869	0.27447838
0.43982923	0.3436694	0.7232981
0.38947636	0.15279591	-0.019836118
0.3577547	0.838455	0.08686017
0.83302957	0.5048757	0.59931016
0.8813343	0.33166677	0.809448
0.38893837	0.1049574	-0.17979954
0.84400976	0.29045135	0.58259916
0.32696843	0.08582097	0.05758298
0.90869594	0.09566903	0.30304283
0.51661855	0.15452045	0.11200526
0.41082895	0.7070152	0.06879736
0.80704695	0.08919853	-0.7500077
0.112400174	0.61950785	-0.40489897
0.46408522	0.20675355	0.19678038
0.08795607	0.7731677	-0.6500108
0.6018665	0.80859137	-0.39289603
0.5117326	0.6408919	0.31604233
0.5687873	0.32880306	0.2318625
0.55123246	0.4559664	0.23469418
0.09096092	0.8758272	0.112573445
0.057661593	0.17068958	0.21236558
0.46135962	0.91715235	-0.25339457
0.07547778	0.5568885	-0.290319
0.48535174	0.29510742	0.4287823
0.6829517	0.08814895	0.43373626
0.505913	0.037679195	-0.5285171
0.1034261	0.19046623	0.1472267
0.031075537	0.7392852	-0.7560458
0.11415726	0.54028255	-0.004308855
0.23201531	0.029276192	0.22914562
0.8762182	0.94036293	0.025230374
0.20455378	0.105263114	0.059061456
0.8256763	0.9377692	0.029404275
0.8063956	0.26850408	0.34277135
0.13619125	0.55269927	0.13179024
0.8876406	0.013309598	0.03003963
0.6096677	0.12389815	0.71399945
0.21106273	0.7563813	-0.81757253
0.52838284	0.96331143	-0.87003756
0.6253832	0.40876073	0.2795524
0.89367825	0.8214593	0.4759038
0.100412846	0.1293813	0.12408974
0.89374226	0.6186548	0.40756387
0.8398941	0.09772903	-0.52471983
0.6720167	0.2508093	0.012318604
0.06030494	0.70143974	-0.8319487
0.8126392	0.9739617	-0.099397615
0.9664298	0.06904352	0.79538184
0.81644887	0.91450405	-0.015950501
0.06486058	0.94219583	0.4011186
0.9461581	0.96001995	-0.19553512
0.05164504	0.8206839	-0.3745593
0.60733813	0.53378224	0.35250092
0.7731145	0.29735535	0.3581468
0.39278388	0.4900779	0.165469
0.00053185225	0.08426249	0.20241226
0.053371727	0.11300945	0.14011803
0.29929012	0.82281	-0.22990218
0.00030970573	0.9302449	-0.031206965
0.4941929	0.09865105	-0.33155257
0.80650175	0.85376006	-0.020505004
0.08610767	0.9361365	0.53569573
0.2524637	0.6411936	-0.5834674
0.6326905	0.4735937	0.31751797
0.07904351	0.81965226	-0.32257187
0.0657779	0.21498191	0.20480937
0.4691078	0.63954806	0.08137582
0.9366495	0.48122144	0.7942508
0.4066497	0.16448408	0.04277314
0.9591798	0.021651149	0.7241717
0.30148894	0.26504087	0.48161748
0.057666957	0.6925194	-0.7982592
0.78290504	0.8814784	-0.063377485
0.45785922	0.003306985	-0.8925881
0.7807412	0.020652592	-0.6382333
0.20699519	0.67903215	-0.6579708
0.7205034	0.62655663	-0.26033825
0.1947279	0.23688436	0.107711695
0.54887336	0.7277268	0.27626705
0.47567946	0.22927308	0.34185436
0.68568885	0.66397864	-0.11901295
0.3283512	0.48890996	0.4440065
0.56978196	0.25613785	0.2943492
0.3784082	0.3180853	1.0241535
0.46737558	0.20005119	0.13590853
0.17153281	0.18200219	0.079224944
0.5936115	0.5123373	0.40079695
0.34387028	0.4953816	0.33288124
0.62598354	0.6468726	0.18080845
0.5339147	0.37079734	0.2626758
0.21124953	0.26908356	0.19540998
0.43251812	0.12787998	-0.23644108
0.43807453	0.17411423	-0.016274653
0.030703545	0.70898414	-0.81935734
0.41963166	0.37546593	0.7866022
0.72633487	0.4192031	0.42583695
0.39094073	0.993884	-0.2591352
0.7191243	0.09286165	-0.113892235
0.86560744	0.23864526	0.31297955
0.38767272	0.7332918	0.07679565
0.9743161	0.09800953	0.8113833
0.19583064	0.06456089	0.0739653
0.030906558	0.040084362	0.057613477
0.111676514	0.61061	-0.3739711
0.6937051	0.89385384	-0.66620076
0.8237388	0.09023428	-0.6697864
0.51101404	0.042705536	-0.46402743
0.9412837	0.40847057	0.7786248
0.68183416	0.17898381	0.15567072
0.9186081	0.13097423	0.45008364
0.6663871	0.40527475	0.24251392
0.4377365	0.38854134	0.6002777
0.79797965	0.62231493	-0.24173884
0.76938075	0.32957083	0.5853098
0.22237921	0.82922626	-0.40979102
0.1299662	0.23193538	0.09091926
0.3866372	0.122359455	-0.15755032
0.84202707	0.93359363	0.111243755
0.2593122	0.15339863	-0.008401331
0.56082577	0.7819987	-0.0067528784
0.8560779	0.3072462	0.65825087
0.48378253	0.26895678	0.39291373
0.015591502	0.42045093	0.011247424
0.35010642	0.8078498	-0.0022726958
0.8397281	0.13117194	-0.4321131
0.666629	0.14731926	0.41405946
0.22790271	0.90795755	0.104244806
0.3562407	0.7899724	0.01590327
0.0108760595	0.052328825	0.09387748
0.56352156	0.039371192	0.27700666
0.84203464	0.88501394	0.2815132
0.17048591	0.78261685	-0.6369089
0.31828183	0.03263575	0.22950412
0.74936205	0.6934124	-0.42801547
0.8659627	0.52503043	0.5928323
0.65633416	0.9092423	-0.8827939
0.10406232	0.69557714	-0.70434636
0.40770042	0.67733765	-0.051048595
0.59997046	0.37362528	0.19169785
0.018931985	0.58196926	-0.7080456
0.10144532	0.77891845	-0.59755814
0.6805292	0.20483077	0.15929991
0.71512115	0.9429045	-0.6364901
0.38891906	0.77868134	0.16825683
0.011903167	0.095507085	0.23207636
0.27839547	0.56545764	-0.060397275
0.5396459	0.8855401	-0.60216844
0.94211936	0.2174421	0.6258635
0.04647422	0.48531103	-0.22564974
0.75762266	0.66683567	-0.36156163
0.1413123	0.7186646	-0.7414621
0.10647601	0.90553564	0.32779762
0.6278588	0.14891094	0.643469
0.5379367	0.83024794	-0.13744678
0.99288505	0.33870125	0.5925727
0.4345752	0.5054516	-0.091676936
0.35156488	0.8457081	0.044381395
0.08412218	0.95633334	0.6222849
0.7955282	0.0038942695	-0.6152522
0.952604	0.8995233	0.109520026
0.605331	0.29890627	0.177896
0.7243209	0.79871386	-0.4066194
0.9984005	0.8088602	0.26157743
0.4253	0.32769197	0.8483081
0.7430292	0.26530367	-0.014141917
0.045400262	0.9241011	0.14162084
0.23750901	0.5923102	-0.18382359
0.53779143	0.18386394	0.19190653
0.016053021	0.60477984	-0.7746766
0.3543594	0.65908724	-0.42775422
0.49438	0.651242	0.21649602
0.35773754	0.17130238	0.10891616
0.51418245	0.6214672	0.23029304
0.0149104	0.07216507	0.10602541
0.96608466	0.86817	0.18735676
0.024536252	0.27641714	0.29391295
0.40479648	0.07583517	-0.3342393
0.85045683	0.2137965	0.11966839
0.40892738	0.36931074	0.8670873
0.020306945	0.5658222	-0.6085075
0.85685235	0.6577196	0.10351531
0.60469943	0.30518812	0.16629818
0.34055996	0.16223353	0.050955757
0.96328694	0.6050236	0.5046516
0.8528301	0.38377607	0.9591682
0.255154	0.043445706	0.22087467
0.6038745	0.49655318	0.35600978
0.16750234	0.72836787	-0.7352057
0.992241	0.24754292	0.6355192
0.28103125	0.7867842	-0.52319664
0.7583179	0.49891055	0.3820243
0.1299153	0.9396315	0.6549325
0.14173573	0.8890414	0.24820483
0.0903672	0.054214716	0.08421106
0.6169888	0.85030156	-0.6953805
0.34916657	0.054852784	0.03176068
0.33090717	0.107408226	-0.029433582
0.059525967	0.56525075	-0.4654863
0.7939451	0.50600857	0.473615
0.5724788	0.59818447	0.36389753
0.43364978	0.0016806722	-0.6505818
0.20470256	0.40140706	0.43836683
0.81372744	0.73694414	-0.10175172
0.935291	0.068274915	0.6577191
0.38985628	0.23052359	0.48130634
0.090531886	0.5722	-0.21958
0.8500712	0.24756742	0.3488676
0.041124582	0.13802344	0.21944182
0.8647498	0.7709431	0.3596028
0.6056113	0.0457291	0.81221807
0.29947317	0.15106791	-0.0080344975
0.5341265	0.17942107	0.23347758
0.3038643	0.55614513	-0.07239604
0.7717072	0.8304044	-0.1842104
0.47778845	0.21730131	0.19904922
0.875244	0.8963688	0.26443592
0.3666184	0.18454915	0.27268302
0.22249669	0.5319733	0.2345139
0.7164826	0.045195818	0.046397515
0.73238045	0.5418519	0.08318576
0.16777122	0.35906625	0.21176337
0.038859665	0.91157633	0.07021672
0.2590385	0.957859	0.20277254
0.43746108	0.51750696	-0.13524312
0.43407828	0.28799105	0.6860002
0.7464242	0.77027875	-0.36069995
0.6596484	0.8969252	-0.81328773
0.93175316	0.80541945	0.49370047
0.04549128	0.44432473	-0.09963844
0.97275656	0.38395065	0.61191076
0.41786963	0.32727003	0.92695403
0.56987107	0.70332193	0.22466126
0.42839998	0.82412195	0.22543113
0.46879727	0.5043817	-0.07382586
0.56393373	0.20081258	0.31459382
0.41578877	0.8164601	0.29917127
0.48260587	0.55129176	-0.030171288
0.1381774	0.03285718	0.036229752
0.74133706	0.9326156	-0.38720647
0.42246264	0.7332738	0.18582661
0.2548138	0.9112724	0.0677587
0.7005124	0.87750316	-0.55607754
0.3232624	0.22468501	0.33829477
0.07583344	0.25584006	0.15448624
0.6464746	0.9542476	-1.0189122
0.61436963	0.2769627	0.22827056
0.7898834	0.42472875	0.7790597
0.87164176	0.9205389	0.20471238
0.69022036	0.75765103	-0.39626104
0.60520893	0.7894903	-0.24858433
0.13205773	0.7899865	-0.52380806
0.6545934	0.9350711	-0.9436974
0.16208076	0.65982175	-0.50233454
0.19082355	0.5702169	0.12676053
0.5913849	0.29741335	0.15655974
0.45733005	0.9618664	-0.3565784
0.79741883	0.6280662	-0.24100193
0.51374304	0.83941543	-0.08072696
0.55303043	0.16351008	0.3437095
0.17568886	0.95493805	0.68239576
0.10089278	0.0907079	0.06877987
0.45455694	0.3866762	0.47798565
0.8801707	0.32533783	0.77263004
0.6937159	0.543208	0.13731943
0.33732837	0.57536244	-0.2005289
0.8273532	0.6477726	-0.07731888
0.94779	0.8323309	0.39185417
0.7209816	0.34637702	0.26871574
0.48274243	0.6257073	0.10546135
0.05581081	0.955598	0.43537274
0.66811013	0.85250604	-0.67867297
0.9124793	0.32787365	0.7132422
0.1483655	0.037617028	-0.014759023
0.16089725	0.86328524	-0.047515392
0.11707282	0.4317379	0.1602291
0.9677046	0.7102355	0.5037418
0.19652116	0.08772862	0.08764378
0.7047797	0.68267524	-0.30105147
0.8984659	0.9183296	0.19412789
0.7184319	0.00018388033	0.14776503
0.8587487	0.46430057	0.8707646
0.41848117	0.92955077	-0.14457779
0.37676173	0.019419432	-0.08985907
0.9534505	0.20517874	0.6898036
0.44860142	0.2757787	0.5557524
0.8082353	0.21637428	-0.07851878
0.9570263	0.89704	0.09352757
0.35306144	0.17759651	0.15095624
0.05288142	0.88796574	-0.0040844865
0.53374535	0.56434023	0.28734842
0.866698	0.1391719	-0.12603272
0.11889768	0.43870914	0.19292791
0.64383984	0.39615446	0.21185793
0.6028578	0.10119599	0.7360212
0.57090193	0.81942946	-0.30986527
0.17414439	0.45154327	0.40452936
0.49577963	0.6663488	0.35148478
0.6941631	0.1048255	0.25620317
0.92130363	0.3155471	0.7198611
0.39332283	0.39981776	0.81111103
0.6566885	0.5835291	0.20656076
0.63998353	0.75131214	-0.24531081
0.1751672	0.22475761	0.11675195
0.8672652	0.79067904	0.33136037
0.36108863	0.45920622	0.6045125
0.58981055	0.0932278	0.6782215
0.025453687	0.48807508	-0.31517804
0.38138163	0.40786624	0.86806875
0.42523444	0.5240411	-0.1204251
0.1178233	0.7175937	-0.7600047
0.830907	0.1135537	-0.55131227
0.94463325	0.6842036	0.45579502
0.64335734	0.62921166	0.14826195
0.81589466	0.55608165	0.20153236
0.40108973	0.9343176	-0.113205165
0.13219744	0.07466531	0.010868626
0.67441744	0.5006999	0.28064337
0.25125873	0.0066737533	0.36720672
0.85670346	0.11316556	-0.36331582
0.22435355	0.3729033	0.4530539
0.8867475	0.90601164	0.19263634
0.49311876	0.3157956	0.462147
0.41483134	0.03059572	-0.46392748
0.77576524	0.98629004	-0.22067256
0.56698203	0.3703171	0.21205723
0.12514114	0.07076955	0.03317885
0.66856897	0.75253475	-0.3980124
0.85830617	0.0067979097	-0.3459345
0.5824054	0.48473018	0.29707938
0.29557782	0.6359688	-0.4978492
0.8851234	0.43470615	0.9550693
0.18237686	0.36534888	0.36437422
0.78239304	0.2845692	0.36027008
0.87039334	0.45932502	0.8898989
0.5864725	0.028374732	0.5946971
0.12254095	0.81936973	-0.3185241
0.51657045	0.63116235	0.33450243
0.2940026	0.9318749	0.02244816
0.39887416	0.6531362	-0.22198693
0.14577854	0.33211994	0.16479485
0.7819794	0.30656636	0.4220104
0.25486565	0.6276119	-0.44454247
0.53697187	0.6867442	0.41951826
0.3406521	0.83253044	0.019139733
0.53983754	0.22447872	0.27518928
0.2631327	0.063037515	0.1700815
0.08553457	0.37627023	0.11848174
0.49786174	0.36826903	0.27174804
0.06082517	0.8780549	0.015647372
0.738666	0.08643961	-0.35812178
0.91279894	0.8907177	0.25106207
0.19638932	0.3116994	0.1760187
0.16639864	0.60981184	-0.18549079
0.31831896	0.91708565	-0.042998303
0.9667591	0.33954698	0.6101121
0.56839895	0.81810063	-0.26491296
0.29014283	0.88443494	-0.04536076
0.44122702	0.0032792687	-0.75129086
0.04381919	0.19665438	0.31733608
0.05433017	0.96809745	0.49321982
0.9129106	0.86263055	0.40860707
0.7935253	0.23153543	-0.0045463126
0.3572557	0.89320755	0.016490422
0.33179033	0.9042803	0.030186454
0.8167135	0.39060432	0.93773735
0.8387757	0.06434417	-0.56044173
0.54713136	0.3314612	0.24327134
0.39220035	0.427644	0.6305786
0.690882	0.3062964	0.13365607
0.51894337	0.30115902	0.31568122
0.72613984	0.4885524	0.28855807
0.85539806	0.9366029	0.10744064
0.1761797	0.78143233	-0.66438735
0.3495273	0.4898395	0.3334226
0.8372958	0.13013363	-0.4572526
0.53405297	0.077513695	-0.0348831
0.9883567	0.91980416	-0.1202935
0.9412547	0.28592432	0.68083715
0.31888807	0.10236579	0.027620971
0.40792435	0.9198707	-0.04789965
0.15628487	0.0152949095	-0.023217961
0.52630824	0.5746022	0.22325166
0.57931966	0.088526785	0.59703434
0.6237915	0.9543753	-1.0374918
0.7535098	0.6093948	-0.24903986
0.0015549064	0.8131061	-0.5597026
0.22608364	0.4703228	0.47138864
0.44880837	0.6767956	0.14418279
0.6154696	0.8211504	-0.524064
0.8341958	0.2685876	0.43212157
0.38030523	0.29023886	0.81505036
0.8054472	0.18951195	-0.26614287
0.8668097	0.92389023	0.1981534
0.86133665	0.88187575	0.28850624
0.2580682	0.8119368	-0.46668974
0.7107159	0.8765185	-0.54038125
0.783874	0.81178993	-0.14961188
0.65473366	0.52666444	0.2520224
0.27853167	0.25874054	0.33933565
0.96056664	0.71288264	0.5409149
0.66089755	0.047380984	0.75067425
0.19323838	0.80625945	-0.5989584
0.8858421	0.72487503	0.35221487
0.84053135	0.19356024	-0.07365363
0.8532042	0.10987884	-0.31887612
0.04477507	0.13672453	0.23749503
0.4322511	0.52896637	-0.1370302
0.98696256	0.2480635	0.6175664
0.22200125	0.045488358	0.19091377
0.91042084	0.036591828	0.39821148
0.013499618	0.5029816	-0.3847375
0.4534257	0.4364832	0.246636
0.9543826	0.76736754	0.43856412
0.7945168	0.8880287	-0.06878783
0.3898813	0.93060523	-0.11665216
0.48181313	0.78477	0.37188572
0.014276981	0.08147234	0.17410637
0.7935823	0.1127767	-0.69907504
0.6528429	0.86531657	-0.7095673
0.72295254	0.4275009	0.43079555
0.7824557	0.68348014	-0.36056843
0.14108378	0.9462107	0.64259136
0.7557268	0.5570531	0.0044703716
0.48293817	0.3979028	0.23439439
0.10153848	0.3978033	0.11447969
0.5618698	0.46803558	0.25873476
0.85493463	0.027772129	-0.3343628
0.24216044	0.95455575	0.31632322
0.87630844	0.084882975	-0.16521907
0.31463236	0.61047685	-0.38879228
0.49383718	0.0047047734	-0.73790884
0.0611313	0.39552307	0.05957382
0.9447594	0.97923785	-0.33657497
0.08331108	0.16293663	0.13687259
0.6590786	0.32030112	0.10641658
0.7460903	0.17632663	-0.29187554
0.53135526	0.50923306	0.15606955
0.086836636	0.93768173	0.52751875
0.7758935	0.5845631	-0.15553282
0.3395636	0.88038296	0.064424895
0.55253947	0.40061665	0.20750217
0.6584351	0.36149448	0.18744902
0.41560155	0.27688652	0.70938164
0.18637145	0.7398735	-0.769631
0.72201836	0.14032775	-0.21768348
0.87561256	0.24872124	0.40110913
0.23907763	0.83756477	-0.35940087
0.007238269	0.3153401	0.35847282
0.80733013	0.6321976	-0.20789747
0.34629875	0.9533351	-0.10790025
0.8308821	0.11404854	-0.47447753
0.08660549	0.46943438	0.04188191
0.19172108	0.19581378	0.04492616
0.63917583	0.93021846	-0.9763169
0.008375049	0.58228165	-0.76767284
0.4796371	0.8842948	-0.20859042
0.60827094	0.42095822	0.23471324
0.5812639	0.22035074	0.37417668
0.23436761	0.045218945	0.2202428
0.09637034	0.44040817	0.108746395
0.52786285	0.83280766	-0.14678137
0.20241886	0.865561	-0.10804372
0.26199675	0.7022184	-0.70866686
0.57284176	0.7812044	-0.09866451
0.17006004	0.10454303	0.056633554
0.7215709	0.29032987	0.10109089
0.5923567	0.86208135	-0.6955227
0.88030344	0.53502744	0.5974552
0.61903024	0.030524373	0.87441033
0.483499	0.99530643	-0.6041112
0.02062738	0.87638605	-0.23717007
0.790836	0.10681862	-0.713957
0.16653585	0.7436868	-0.7086514
0.10180414	0.897049	0.3128724
0.52268445	0.45231485	0.16176733
0.283742	0.41601717	0.73151904
0.7919189	0.7791327	-0.12775262
0.86767644	0.51116055	0.65626115
0.5297273	0.7262189	0.35921907
0.8950781	0.60370487	0.42769453
0.674227	0.502865	0.27916798
0.3236255	0.34927183	0.9588037
0.037568748	0.25826043	0.28014982
0.1682803	0.19809228	0.09546781
0.999272	0.120381534	0.7396762
0.9279234	0.05335629	0.4656216
0.8876867	0.24859703	0.49767917
0.6114486	0.6827646	0.14139818
0.3153034	0.42400527	0.8743718
0.96334267	0.4699672	0.74647623
0.3420958	0.19107836	0.20128517
0.14923495	0.42946512	0.3182083
0.15796018	0.42415106	0.39209872
0.42493075	0.62800366	-0.18846552
0.22129327	0.923969	0.2929531
0.16419923	0.9278115	0.48370674
0.9094859	0.8220628	0.4421462
0.9751655	0.4988553	0.6623684
0.930326	0.24232447	0.56426954
0.7907696	0.3820337	0.7946177
0.15301073	0.7086672	-0.69301456
0.60871065	0.6478321	0.2601345
0.25558692	0.90856797	0.04420851
0.52262104	0.5664722	0.20883678
0.64055836	0.6248986	0.23894796
0.97917	0.5244373	0.65441906
0.8418312	0.3932246	1.0102168
0.06927937	0.9288788	0.33373076
0.7705075	0.39067477	0.68874454
0.8659832	0.4296909	0.9787183
0.45331633	0.92217	-0.23034024
0.3269784	0.64721256	-0.53179526
0.25580978	0.06722194	0.14242208
0.13885808	0.47699183	0.2996651
0.26704425	0.9492232	0.1613937
0.23031431	0.19559067	0.06297833
0.8077768	0.79706675	-0.0088395905
0.595194	0.91752064	-1.0310941
0.7731017	0.9338042	-0.2227161
0.51063615	0.1865043	0.12561941
0.18388647	0.48598927	0.44753066
0.080717444	0.24353892	0.19074431
0.26166385	0.7973488	-0.5312867
0.03020227	0.8780766	-0.14930646
0.87085354	0.28571737	0.638992
0.42757982	0.061311662	-0.5235132
0.59430194	0.34353977	0.21755096
0.056974888	0.12157136	0.18337706
0.05717218	0.4612366	-0.17239767
0.22003788	0.00036126375	0.29826048
0.95418715	0.3352071	0.6542826
0.8415681	0.6444548	-0.0055025965
0.13210464	0.9095061	0.41314554
0.49285573	0.48677278	-0.0039753206
0.69458586	0.13113809	0.112360895
0.31486934	0.72232455	-0.48524785
0.99282414	0.9967568	-0.39179292
0.17013794	0.7246196	-0.75229424
0.52327245	0.018401861	-0.37331954
0.7840979	0.70655465	-0.28902185
0.21112597	0.4677443	0.54948074
0.21263045	0.12016839	0.011238804
0.028865218	0.47169536	-0.1859383
0.9042021	0.42169726	0.91970426
0.76031506	0.8468835	-0.268616
0.5641432	0.7582062	0.1229523
0.3863548	0.71201825	-0.0592321
0.15408975	0.12974608	0.113398425
0.45910323	0.0057125688	-0.84843534
0.8812131	0.73693645	0.42978308
0.10181522	0.6811895	-0.6931344
0.30610383	0.045749307	0.19650884
0.89062256	0.5460477	0.60479224
0.5690675	0.84729415	-0.4558927
0.17035049	0.41276205	0.3571511
0.83353347	0.16506374	-0.31554112
0.45982468	0.6533118	0.092486344
0.32464087	0.1273219	-0.007923506
0.62881917	0.5740008	0.29369602
0.5714185	0.46155268	0.29117975
0.3100304	0.56958896	-0.15926602
0.8274133	0.8051939	0.180053
0.47479415	0.27200532	0.4412446
0.5452622	0.74987924	0.172992
0.6323118	0.11303723	0.727457
0.13780457	0.36815846	0.19510639
0.3355717	0.23647958	0.4641057
0.616775	0.08973652	0.76443183
0.119776666	0.41146266	0.21553795
0.9260966	0.9539697	-0.069191664
0.6091803	0.08831847	0.8386557
0.722742	0.42460948	0.42236233
0.41064566	0.64061487	-0.27700186
0.5823412	0.6925212	0.24066469
0.6068397	0.44866896	0.27107704
0.54960555	0.6012801	0.39134812
0.7565333	0.515501	0.29484215
0.087367356	0.1454919	0.13264005
0.020696223	0.13362545	0.23923543
0.9509792	0.09655309	0.6551176
0.3095823	0.91134626	0.029419335
0.22531247	0.01048398	0.28894347
0.4091869	0.6415521	-0.19644827
0.68293685	0.030524611	0.5856136
0.67927015	0.027596295	0.64624816
0.2850204	0.42920476	0.79374677
0.80927676	0.47502983	0.6780081
0.8000342	0.40415442	0.90605336
0.005896032	0.21012306	0.47864908
0.044154704	0.65901136	-0.7743299
0.5719173	0.35290182	0.21216407
0.13894492	0.7180453	-0.7215324
0.8561987	0.18083638	-0.036051
0.7826144	0.532756	0.27723363
0.5769778	0.5975681	0.38748604
0.985098	0.2506339	0.59399265
0.5773273	0.35185713	0.21836372
0.38809156	0.1499365	0.03134037
0.71822506	0.16005749	-0.19090398
0.6313075	0.8042514	-0.4688414
0.985855	0.74731165	0.37156427
0.14879781	0.82040524	-0.36456367
0.45324492	0.5643726	-0.21866295
0.6569557	0.6007924	0.13722861
0.579635	0.73168975	0.15426207
0.8048226	0.75094104	-0.14280789
0.5269329	0.8487167	-0.27854598
0.8076199	0.74725527	-0.20347884
0.50581497	0.87718797	-0.3063413
0.58518404	0.063613236	0.66049397
0.6832018	0.24581194	0.011108041
0.92784745	0.7614203	0.5064495
0.06348604	0.4022963	-0.0038518421
0.8545856	0.5255882	0.51419395
0.14816946	0.67886424	-0.65191054
0.2293027	0.9197046	0.25439805
0.003293097	0.18074453	0.46240482
0.84597784	0.8234071	0.26429287
0.2751897	0.15782392	0.0034859367
0.47124547	0.27239776	0.47230002
0.75472695	0.17916787	-0.36154813
0.70644504	0.47654998	0.32973376
0.94684607	0.041035593	0.6298508
0.4359007	0.12466651	-0.2425352
0.62574345	0.10357565	0.83914554
0.8966479	0.99977314	-0.24792872
0.54933876	0.683623	0.35329297
0.98403376	0.7159503	0.43303996
0.29864854	0.39934778	0.8116707
0.9684146	0.5386162	0.62796956
0.9007342	0.46579415	0.8887717
0.9712934	0.40429795	0.6287573
0.097524285	0.35465145	0.12994362
0.28677702	0.23445076	0.28876457
0.5423885	0.8158918	-0.14922835
0.17767775	0.52371943	0.32707417
0.9695915	0.009378076	0.70265895
0.8736223	0.107507944	-0.15280572
0.3749388	0.91647905	-0.015984822
0.83208513	0.40878868	0.9471127
0.4469369	0.8124546	0.25923824
0.18678576	0.03292054	0.107987486
0.33850932	0.94768673	-0.0067391954
0.3606925	0.39886028	0.9899083
0.8302102	0.9734763	-0.0345736
0.87840474	0.9608986	-0.00837036
0.9167159	0.21370828	0.5445202
0.80468994	0.5136289	0.39980787
0.7076793	0.17401838	-0.051173706
0.8440572	0.68000114	0.021839054
0.4382456	0.2666536	0.605966
0.5932224	0.025475502	0.7140456
0.116607785	0.7565302	-0.7018087
0.9151797	0.74140114	0.55472034
0.8590467	0.91806185	0.21880528
0.07012844	0.80395657	-0.4617756
0.17556405	0.519585	0.26385424
0.5814949	0.8641364	-0.6595144
0.1637814	0.6864242	-0.6540177
0.5328562	0.61632055	0.340626
0.36444902	0.28119236	0.82451177
0.14280629	0.36931872	0.20430523
0.17457712	0.008315146	0.093158215
0.8161927	0.6372255	-0.21204232
0.025925577	0.20986813	0.27994797
0.2302987	0.9308267	0.26600638
0.088796794	0.7741415	-0.5370328
0.40924066	0.36891818	0.91687834
0.015339494	0.97758615	0.30622768
0.116921306	0.20705014	0.058377087
0.7239976	0.12886411	-0.1501357
0.7548725	0.36702543	0.5460931
0.8751099	0.6870035	0.2216618
0.1986782	0.68968374	-0.6714581
0.7580006	0.5476219	0.035761144
0.26523173	0.9614651	0.19322176
0.84783727	0.3528028	0.87376624
0.639118	0.5039314	0.2935729
0.07386547	0.41481638	0.02471076
0.20363367	0.72844225	-0.81869686
0.9835537	0.35138762	0.59127367
0.5450744	0.7413215	0.23373479
0.51644903	0.61619246	0.2725547
0.26018465	0.28262913	0.36724222
0.49678952	0.532997	0.012904342
0.7513846	0.55607903	-0.04438151
0.6526515	0.95780945	-0.9842317
0.59439725	0.3071772	0.23057309
0.925023	0.8669959	0.34283116
0.74280673	0.15884024	-0.39133072
0.28539526	0.24870336	0.29074544
0.5011784	0.37031978	0.34156364
0.89435345	0.31380022	0.79797596
0.92906773	0.9838501	-0.26687536
0.4093045	0.61803865	-0.25072032
0.31999052	0.123420596	0.028082363
0.093629	0.37497497	0.09612997
0.34805	0.63660455	-0.42076936
0.11532426	0.51989365	0.06761098
0.02754873	0.11522055	0.22199118
0.34232008	0.4160745	0.94932854
0.32466477	0.32758337	0.88750386
0.7614684	0.47040898	0.4858164
0.49130666	0.36231202	0.35198838
0.18146986	0.49406856	0.4446612
0.45400733	0.07647163	-0.51766723
0.48004794	0.45928282	0.055003423
0.43553096	0.7758392	0.28554687
0.8898742	0.65559864	0.29237694
0.91724616	0.96955335	-0.21675625
0.11935747	0.8405244	-0.1285732
0.6163569	0.7359698	-0.029357068
0.8628816	0.4221574	0.93634427
0.8108225	0.08413261	-0.7094006
0.66652244	0.9496433	-0.9218839
0.17129666	0.6382709	-0.37632856
0.79604	0.9370613	-0.056745473
0.53086007	0.04271245	-0.15961033
0.00966984	0.97704333	0.32452264
0.98401725	0.10258788	0.7755379
0.5262771	0.21335119	0.25051194
0.30761385	0.9471603	-0.007017266
0.9450304	0.7195001	0.47190407
0.26946086	0.72629154	-0.80916077
0.07601422	0.7772985	-0.5930398
0.5354416	0.96761006	-0.8754362
0.3387608	0.359699	0.9460511
0.5965417	0.13869017	0.61617476
0.98512053	0.9829949	-0.32051256
0.8635365	0.5171241	0.6981813
0.9062346	0.0414294	0.29039448
0.7662219	0.3100555	0.3620845
0.25756305	0.4013977	0.6483314
0.19155073	0.0786708	0.030965123
0.06620455	0.59855044	-0.49208272
0.29063916	0.50584036	0.33371133
0.094394624	0.53770685	-0.08734812
0.9456906	0.4274434	0.7732167
0.25294834	0.3594877	0.55588293
0.10975164	0.80156624	-0.44519594
0.71939415	0.17069066	-0.18173291
0.49777788	0.12928015	-0.1927083
0.9439549	0.049815476	0.6478375
0.09657103	0.6519205	-0.6046282
0.44663793	0.7948733	0.32968524
0.7674296	0.012394905	-0.52478224
0.4715497	0.16359502	-0.059043378
0.7414692	0.78064775	-0.29278737
0.21960104	0.6107913	-0.31840438
0.2692209	0.50805247	0.3213512
0.95711195	0.3866349	0.6874635
0.079080105	0.12125212	0.13021527
0.3581633	0.79560333	0.029723082
0.9890702	0.23517829	0.67746913
0.45797807	0.50799334	-0.04677476
0.79754215	0.21778643	-0.09989702
0.47798902	0.6918228	0.35480195
0.45640272	0.027567089	-0.7709007
0.64003235	0.0022580624	0.8940584
0.277539	0.40741616	0.7353338
0.9120454	0.12283623	0.35374936
0.8017006	0.98262787	-0.14836062
0.8001889	0.73798865	-0.15729181
0.6385793	0.1316508	0.6522304
0.1655727	0.70868796	-0.70539784
0.5891351	0.88919556	-0.8110456
0.039333522	0.30266005	0.19613372
0.8601594	0.7968359	0.37670705
0.4031167	0.65704906	-0.18675363
0.114049375	0.45051134	0.1822848
0.33802885	0.710881	-0.4143425
0.15364933	0.4952141	0.31395572
0.56365365	0.5186232	0.2631868
0.7035147	0.91850424	-0.6493812
0.96688277	0.09788519	0.7904644
0.79297733	0.054536164	-0.6577866
0.85704315	0.5351133	0.50318766
0.08943534	0.33435583	0.12564695
0.045437872	0.8734397	-0.11965479
0.1516459	0.0776512	0.07249075
0.74277955	0.81003296	-0.3067624
0.08989251	0.30589974	0.08266771
0.4188636	0.8151012	0.27033016
0.54910916	0.94651145	-0.9107448
0.3253001	0.44679016	0.70707184
0.5057093	0.2878073	0.33058286
0.5256509	0.8622461	-0.3557264
0.50081015	0.0963828	-0.2712875
0.53562903	0.711257	0.3394972
0.4475971	0.054266095	-0.6792021
0.52393514	0.24031663	0.23323646
0.9212583	0.2176413	0.5773459
0.4685282	0.85511786	0.04181088
0.45405483	0.36272055	0.5323309
0.70736295	0.04810226	0.14221862
0.012545168	0.3393945	0.2957412
0.686013	0.10237956	0.35102803
0.8243893	0.13807505	-0.48802808
0.124234855	0.40019357	0.22309878
0.16052401	0.6390584	-0.3992315
0.69593537	0.94433916	-0.7495151
0.018754303	0.644573	-0.8257658
0.20106912	0.84064925	-0.30913517
0.45675302	0.0018991828	-0.8738271
0.6257429	0.18657231	0.4301641
0.059375882	0.62240976	-0.6234781
0.1402933	0.3113129	0.121032596
0.040937185	0.35643566	0.12089773
0.91673064	0.024380982	0.41527432
0.54487854	0.54122186	0.27238464
0.92946684	0.8038203	0.47406355
0.27652758	0.84919035	-0.23440123
0.51368403	0.99545246	-0.8089963
0.53865623	0.8349529	-0.19369224
0.9165185	0.88746935	0.26355213
0.4759422	0.30022186	0.46542722
0.54188126	0.7404952	0.24806924
0.9818673	0.42621493	0.6258712
0.059672832	0.5612513	-0.40145162
0.6129199	0.460581	0.35994574
0.038719	0.7462517	-0.70531577
0.5382693	0.5493562	0.25623283
0.65892625	0.68684924	-0.12554964
0.025866568	0.6577007	-0.77204376
0.86061144	0.6305065	0.15229551
0.11102593	0.028087199	-0.066639684
0.36370826	0.19441366	0.24044758
0.2747298	0.94213164	0.10221272
0.29261237	0.29953778	0.53629905
0.85302037	0.8661697	0.2872945
0.22621751	0.9589858	0.3622728
0.09266472	0.504408	-0.013532513
0.9559862	0.5145131	0.79956144
0.91521454	0.79213434	0.56576926
0.62429774	0.084876776	0.8722162
0.07945323	0.5794588	-0.34465316
0.13251144	0.48694074	0.23014739
0.55823827	0.042553008	0.23617603
0.867889	0.38174182	0.99098915
0.64685744	0.7854292	-0.43937373
0.069933236	0.12972105	0.14099416
0.6458748	0.73460174	-0.27228954
0.07770383	0.43161225	0.025952518
0.76929355	0.34211832	0.59205455
0.64994544	0.91285646	-0.9855096
0.24631196	0.72794145	-0.76774365
0.4711461	0.89631677	-0.1756031
0.38808715	0.22354174	0.50418454
0.24500024	0.12324047	0.0029781554
0.0717991	0.13915575	0.2071373
0.6064412	0.8708676	-0.7694433
0.69785905	0.5993698	-0.06414474
0.52203465	0.491005	0.09605997
0.8858012	0.27705878	0.5950341
0.6812557	0.7531133	-0.41320992
0.005464554	0.38837165	0.14051129
0.7569208	0.34481156	0.48562098
0.90913856	0.6319408	0.43947995
0.72498274	0.2768873	0.063969076
0.8267558	0.7479096	-0.019823136
0.66844827	0.1792075	0.27340484
0.72687566	0.46963865	0.4028666
0.32056445	0.85060394	-0.05364128
0.51679504	0.43840343	0.20238556
0.8722474	0.49135423	0.73715764
0.1907574	0.42497045	0.46583742
0.9981329	0.88815266	0.0101134
0.734456	0.0490582	-0.22727488
0.43614274	0.09655875	-0.4240572
0.25008386	0.86680484	-0.17465921
0.1736967	0.1627438	0.11868784
0.05120319	0.55667406	-0.45121634
0.93145365	0.6997249	0.48363197
0.39598936	0.13408214	-0.062185433
0.6979429	0.02503854	0.37034303
0.17805862	0.062425315	0.033356477
0.5473664	0.14501137	0.29249907
0.73576796	0.49487907	0.26359427
0.3931331	0.8367457	0.23708294
0.83580023	0.010282278	-0.5426656
0.77058077	0.5440271	0.11140753
0.16237402	0.46295935	0.3598706
0.7717559	0.25911242	0.14225234
0.6099659	0.97787476	-1.2154446
0.74546766	0.44789118	0.49797943
0.7859845	0.20867753	-0.20975964
0.1604622	0.7649778	-0.666981
0.2040106	0.41813916	0.497333
0.48980623	0.4831894	0.052456915
0.7099693	0.8452174	-0.50120246
0.8721516	0.11343664	-0.16646242
0.56109375	0.40595138	0.21712434
0.88461417	0.7655445	0.46947023
0.1643523	0.88312024	0.1295736
0.45788437	0.85885644	0.08138967
0.019688725	0.7240542	-0.8449397
0.27930754	0.4341449	0.72248447
0.59436435	0.69751155	0.15857513
0.9898675	0.31746495	0.53089994
0.6404032	0.7792728	-0.3698697
0.42758864	0.29668754	0.7572549
0.6278217	0.31344688	0.12847058
0.56619024	0.80381066	-0.18205869
0.3487764	0.2881602	0.7952869
0.19844288	0.5864877	-0.00012638047
0.437203	0.005106926	-0.7047424
0.36879957	0.19100034	0.24542643
0.07413286	0.27356184	0.12208977
0.52765846	0.7070711	0.3047079
0.3012749	0.43221754	0.72477865
0.7223765	0.45106834	0.3738125
0.82987946	0.8827841	0.16780691
0.39291054	0.021140754	-0.28672734
0.865205	0.74894476	0.30842367
0.66912884	0.24681896	0.10366613
0.06585157	0.7164676	-0.76091754
0.93481207	0.047590673	0.64385307
0.7839242	0.6774298	-0.33337116
0.8943774	0.3023641	0.7296041
0.90123135	0.14232403	0.2300566
0.05185145	0.73802257	-0.79867864
0.8327964	0.48475915	0.6977825
0.75115436	0.52363837	0.16332065
0.79603314	0.21155119	-0.17004147
0.4851656	0.014406562	-0.8158915
0.9628835	0.32147855	0.65133595
0.3935588	0.80175334	0.18155703
0.08722621	0.7694105	-0.64459765
0.8026273	0.30969846	0.57874495
0.45148116	0.50276536	-0.07847633
0.6223478	0.94597054	-1.0222421
0.34806335	0.2875226	0.78182626
0.5524305	0.9794783	-0.98776525
0.77107567	0.99070156	-0.23783596
0.6127203	0.27520573	0.21642636
0.36297703	0.44946402	0.6162651
0.2154637	0.121172905	0.060105138
0.4475543	0.021144152	-0.71912545
0.26948887	0.41921473	0.651487
0.7684458	0.9873281	-0.25602955
0.17427295	0.17287815	0.08802709
0.4993701	0.04896605	-0.5265381
0.4706195	0.7411186	0.38326508
0.2258125	0.23046553	0.11164056
0.17053008	0.8571037	-0.061785072
0.57599795	0.929234	-0.98076576
0.35699654	0.38769978	1.0376377
0.89687485	0.75949144	0.45763275
0.4041617	0.36853546	0.89492387
0.2964372	0.77435356	-0.5507015
0.6214374	0.4728045	0.33552858
0.8154284	0.8641308	0.14182156
0.6367721	0.27456415	0.14048596
0.3929518	0.16208541	-0.0020155832
0.8252187	0.7905341	0.13346408
0.21266413	0.41806978	0.5177091
0.16709071	0.29273045	0.14609453
0.79495	0.6107303	-0.23969468
0.6684934	0.67338395	-0.14795198
0.6911961	0.072686255	0.34173214
0.020239174	0.19640636	0.38798332
0.32380348	0.5886991	-0.38559946
0.5471898	0.8288508	-0.2886817
0.5879299	0.74434566	0.029261775
0.32366413	0.6856271	-0.5227166
0.43005115	0.5717783	-0.2376258
0.5093602	0.83988434	-0.07399464
0.32135028	0.85609794	-0.0523746
0.46375263	0.67375684	0.17472978
0.6911064	0.07042378	0.35994118
0.51995313	0.7806734	0.11680738
0.44138563	0.8107111	0.3201693
0.8714125	0.7692183	0.37353992
0.2964673	0.6795432	-0.6725939
0.22994745	0.49709016	0.42889118
0.79333824	0.0401603	-0.66016465
0.59402925	0.67047536	0.26997477
0.91954195	0.20746338	0.5093107
0.4659599	0.6240389	-0.011744067
0.6263882	0.55541956	0.2858805
0.5692973	0.59642804	0.41656697
0.5610717	0.91529745	-0.81554437
0.7271142	0.2921722	0.22485852
0.51590353	0.79205066	0.14141537
0.91921675	0.78604656	0.50368816
0.8782989	0.6718381	0.25379118
0.8706354	0.598439	0.29943022
0.9810156	0.5778689	0.5460243
0.93102217	0.8395441	0.46613038
0.055211544	0.56398755	-0.41645095
0.2953508	0.78984416	-0.41028413
0.925393	0.3544283	0.710067
0.7731131	0.15290183	-0.5528926
0.8110341	0.603701	-0.0938527
0.7676464	0.92030495	-0.24925496
0.29894203	0.04440278	0.23962015
0.52731174	0.6976375	0.3423051
0.004496932	0.22191149	0.4548054
0.19856024	0.5462813	0.2091248
0.20230389	0.35317105	0.32671207
0.26525283	0.18497378	0.04353686
0.21594769	0.89762753	0.096812956
0.42200732	0.73620474	0.26893932
0.36207646	0.14587748	0.008974362
0.3338344	0.947522	-0.043649532
0.7059842	0.95578605	-0.7085234
0.28936416	0.85602105	-0.20274656
0.35895115	0.100999415	-0.03931088
0.037376165	0.61600447	-0.74559087
0.9959383	0.5042469	0.6180921
0.5534968	0.27902853	0.24068515
0.33048826	0.60098857	-0.3815568
0.52898335	0.27640438	0.25128758
0.86750656	0.01630193	-0.22567263
0.7140538	0.5853789	-0.11735861
0.4962265	0.17569095	0.037693344
0.33863848	0.061465383	0.021755923
0.25136447	0.26423085	0.17663121
0.89636534	0.6194026	0.41348663
0.1911372	0.7464569	-0.74592066
0.46560925	0.22100031	0.26979205
0.6632209	0.101230025	0.58252317
0.585497	0.96346754	-1.1036099
0.47982973	0.31005687	0.49562246
0.4943667	0.44496936	0.169421
0.12834573	0.70551986	-0.7235701
0.71952116	0.08199167	-0.0977815
0.9591605	0.4610502	0.76056063
0.04340732	0.56036615	-0.42715573
0.82420963	0.81086	0.12778448
0.9446134	0.22278059	0.65931666
0.53407764	0.587103	0.2754798
0.639183	0.029385328	1.0098338
0.8283953	0.13542503	-0.47338772
0.70248485	0.036179245	0.2752426
0.0050899386	0.6905792	-0.8170418
0.87968534	0.6692164	0.24863727
0.065306306	0.5122627	-0.1746462
0.81129646	0.8514673	0.0735092
0.7097406	0.39540654	0.3653929
0.08970803	0.30661845	0.14669175
0.4547956	0.84296757	0.13828665
0.94777954	0.3641615	0.71069443
0.41498077	0.37802762	0.8198074
0.7910411	0.76918143	-0.1698345
0.8360917	0.02351296	-0.5291621
0.20014352	0.18268245	0.040820774
0.5965899	0.7370325	-0.014644602
0.4961319	0.9764826	-0.702121
0.86480397	0.1670472	-0.11657597
0.016285658	0.45517337	-0.18358232
0.98336095	0.660912	0.4647409
0.26355547	0.37909436	0.715871
0.9628381	0.07073146	0.7598838
0.2615294	0.19737387	0.028890427
0.032149732	0.9820369	0.39929208
0.55404323	0.44150686	0.18537584
0.5211571	0.035588205	-0.31932867
0.02892989	0.029518008	0.08613256
0.0630824	0.32371038	0.061931066
0.6338559	0.26415646	0.20771046
0.27902436	0.8323399	-0.30379093
0.36968338	0.3698733	1.0777897
0.50225514	0.59124076	0.08583686
0.32300663	0.89007246	0.045782123
0.17436296	0.6468767	-0.47776374
0.7634398	0.40415293	0.60014546
0.405208	0.03862989	-0.3671476
0.68458086	0.75012374	-0.37846467
0.7400447	0.49589783	0.2900032
0.47663838	0.81044143	0.20534998
0.7926	0.90879107	-0.022914391
0.2243911	0.18790835	0.022960834
0.1870122	0.91386944	0.34481704
0.84854627	0.3655491	0.90752226
0.31696737	0.26129544	0.5190604
0.984454	0.17902231	0.72339714
0.17754942	0.80290794	-0.5675749
0.7922198	0.3330872	0.6503799
0.66508806	0.17792684	0.3088855
0.109102786	0.96569127	0.7654673
0.67702466	0.007740855	0.7394892
0.95016253	0.22175014	0.63894886
0.56941795	0.64808416	0.37240374
0.14517456	0.44414836	0.26829118
0.46934122	0.51462346	-0.07819877
0.058590293	0.76374924	-0.6696984
0.8377284	0.9511361	-0.010761458
0.633764	0.85961616	-0.72703934
0.6705911	0.8200811	-0.54691446
0.48435777	0.41122985	0.21600966
0.32746983	0.9917238	-0.05241639
0.3980658	0.27689886	0.8438267
0.106066644	0.9735201	0.817378
0.98291755	0.9848931	-0.34472084
0.2796055	0.89893454	0.015058462
0.6796985	0.15142512	0.22215638
0.12284988	0.754188	-0.7022323
0.33417845	0.19284552	0.1499341
0.2001493	0.9269574	0.3702994
0.47865218	0.9811614	-0.64533013
0.7474487	0.1032235	-0.4539915
0.7273857	0.20834017	-0.15614162
0.97810763	0.00925988	0.81014585
0.4376077	0.9591445	-0.21785322
0.17234892	0.23672116	0.15768322
0.021816492	0.3606814	0.17407042
0.821414	0.9066735	0.14873108
0.005810559	0.5133977	-0.5080647
0.38662267	0.025229037	-0.2595521
0.7836937	0.51610696	0.24662028
0.8687433	0.5039083	0.7228023
0.6508398	0.56799096	0.16955167
0.624259	0.42847025	0.22965433
0.13897973	0.57575583	-0.05722203
0.5970544	0.5096585	0.3330811
0.31664127	0.98201	-0.025030486
0.41969562	0.5369887	-0.14539714
0.6728273	0.3693955	0.14960194
0.85666525	0.98251647	-0.106335275
0.97888714	0.7879248	0.36057758
0.6574449	0.325534	0.12632868
0.3146752	0.74276733	-0.50876534
0.8325034	0.4397406	0.8860463
0.8692554	0.35315722	0.9428967
0.84424716	0.08970821	-0.45046926
0.50332904	0.61799926	0.24967387
0.54984784	0.772309	0.055371515
0.055564463	0.90600383	0.13758352
0.30978715	0.17730904	0.13079298
0.86718625	0.074977994	-0.2376299
0.2362119	0.13074803	-0.0033027949
0.4232052	0.6363926	-0.1022137
0.631706	0.46961302	0.26418772
0.33046818	0.20641178	0.21181484
0.33714008	0.6382652	-0.51014555
0.5487245	0.3989398	0.13745183
0.8646575	0.19593376	0.105723396
0.8285217	0.59987223	0.052652255
0.17524761	0.37388235	0.3728235
0.5260489	0.19624406	0.2643522
0.9248061	0.4371158	0.88346314
0.9952072	0.3038041	0.5037365
0.4089434	0.79432434	0.26012906
0.26148367	0.6394219	-0.61492455
0.13056171	0.8709721	0.117417604
0.15133387	0.8999557	0.2984469
0.2963149	0.15433538	0.00933336
0.5434393	0.6290846	0.3583416
0.4700235	0.9165785	-0.30000055
0.16728413	0.5371423	0.252858
0.32836068	0.44062936	0.79241216
0.69721115	0.4210493	0.24878713
0.26142144	0.47973967	0.5486494
0.66244906	0.08016032	0.7152224
0.9263509	0.9074838	0.12694705
0.69009477	0.53084874	0.13971962
0.6501662	0.601516	0.21864179
0.005517721	0.6448987	-0.8891396
0.8263457	0.15800959	-0.3944324
0.47499847	0.57648134	0.008360088
0.4453624	0.64800596	-0.026145738
0.15291727	0.015093863	0.03649815
0.6951714	0.37126034	0.26099578
0.17636341	0.8682246	-0.007904855
0.7903346	0.64552784	-0.31300798
0.51039463	0.2549588	0.2743301
0.26734996	0.718589	-0.74337894
0.6654504	0.7762026	-0.38413092
0.81746846	0.23544121	0.02522768
0.11282784	0.77139163	-0.62187225
0.5712256	0.03784865	0.45405537
0.73683697	0.34601045	0.39044207
0.019411743	0.97648937	0.39721903
0.63707864	0.8811571	-0.8414473
0.8236278	0.21788162	-0.015291389
0.54712564	0.897986	-0.68486214
0.40775597	0.2194655	0.41988757
0.15641165	0.36420488	0.29672202
0.9324674	0.107718885	0.56410635
0.32908005	0.64445215	-0.5427548
0.08956367	0.12986791	0.118086
0.14140528	0.15254492	0.083975166
0.97683954	0.51548266	0.6407503
0.72273654	0.19918305	-0.15352319
0.4640723	0.57482904	-0.16261315
0.13357645	0.89416254	0.31579125
0.37647575	0.43643922	0.7091328
0.593241	0.24333853	0.30602887
0.70499295	0.04122889	0.2657038
0.09876329	0.42660916	0.08761019
0.38253623	0.04539001	-0.20938534
0.3454247	0.32271582	0.94142413
0.14231253	0.14465874	0.10228525
0.44409293	0.85891384	0.09466283
0.67076844	0.33812624	0.12713638
0.29553717	0.18185395	0.031520814
0.028036356	0.27097863	0.32627124
0.3483703	0.1929158	0.2273348
0.13285333	0.76771605	-0.6688215
0.59261173	0.03694439	0.7218891
0.07060611	0.2488333	0.18094894
0.98887223	0.93263614	-0.14547434
0.60478914	0.7929672	-0.36868554
0.20854223	0.42208362	0.5202167
0.8160552	0.8127262	0.091833666
0.8651146	0.9589861	-0.038541056
0.08694786	0.19720644	0.17094561
0.40344578	0.09584993	-0.29974124
0.82528156	0.5113768	0.5005926
0.8002627	0.57723397	-0.006116263
0.08530307	0.8930269	0.19954795
0.21030998	0.39745915	0.43597758
0.67402464	0.24217391	0.0978319
0.35090923	0.39367133	0.9454692
0.5542636	0.43274653	0.17603984
0.5476257	0.53761995	0.21104248
0.67431307	0.35681134	0.21379949
0.7267447	0.8380731	-0.40455133
0.39637792	0.85958016	0.20796967
0.14536959	0.47432655	0.32256868
0.8976231	0.9924021	-0.26704475
0.7843923	0.8821537	-0.0672541
0.8988279	0.8613326	0.40669867
0.908782	0.24306232	0.57668877
0.7032946	0.93867606	-0.6656694
0.20555055	0.75171465	-0.75435686
0.63111496	0.5785437	0.26252213
0.68090445	0.4888081	0.2645468
0.83875644	0.9351693	0.041891072
0.65173733	0.61712503	0.077299826
0.5287626	0.53327847	0.16341811
0.8471396	0.6337331	0.0036383756
0.58728933	0.7891993	-0.25059035
0.31496918	0.7129037	-0.57050246
0.9257969	0.05419147	0.49572667
0.8385797	0.56741107	0.16844067
0.6517275	0.9123481	-0.979308
0.8143107	0.9083047	0.05891146
0.5858467	0.22981524	0.3945022
0.056822598	0.6834293	-0.7776612
0.39920658	0.4207003	0.70755416
0.67049617	0.42827427	0.31032363
0.42683184	0.14865011	-0.11757833
0.9761813	0.09404379	0.7347981
0.9780404	0.2952881	0.638733
0.8844223	0.36179543	0.8765537
0.51960933	0.38114178	0.3129617
0.8688549	0.07210314	-0.20511691
0.0053578615	0.6814371	-0.8687734
0.52207625	0.61089444	0.20296258
0.61220634	0.7692258	-0.23546316
0.53359437	0.936879	-0.8170383
0.3192829	0.2991826	0.75601655
0.36008173	0.5899189	-0.32146925
0.8907849	0.16221339	0.24545884
0.015779555	0.45386863	-0.16872932
0.81872416	0.62466604	-0.19491309
0.9764872	0.5420019	0.611578
0.055385947	0.6653507	-0.6998106
0.48819065	0.9253257	-0.46991545
0.34015363	0.5671049	-0.19243686
0.24811763	0.41707158	0.60973144
0.9281162	0.61869645	0.51273066
0.9940929	0.77094674	0.28101638
0.4584449	0.41901296	0.3166526
0.9569915	0.35488033	0.64625937
0.44399172	0.85860443	0.119294055
0.6567362	0.49721032	0.28392315
0.6298592	0.9395819	-1.0872152
0.70746934	0.6438623	-0.24470147
0.58534795	0.51155746	0.3927823
0.6302973	0.2907489	0.16858348
0.4487592	0.4988327	0.0015185885
0.25293434	0.75597924	-0.76203513
0.66576177	0.3452673	0.088036045
0.48432267	0.9687361	-0.54104435
0.6205354	0.0589242	0.9517318
0.11509222	0.53772426	0.03662721
0.62200654	0.8294842	-0.5646772
0.41513908	0.5049042	-0.07120658
0.9691857	0.7339698	0.44476202
0.82000303	0.6229984	-0.10775617
0.45911658	0.11409378	-0.33669487
0.8060079	0.9835205	-0.1532816
0.25298452	0.11645299	0.040050764
0.69301933	0.7903458	-0.39311564
0.40906388	0.65829134	-0.17823106
0.035070777	0.5733308	-0.5615465
0.36575	0.9298344	-0.07605605
0.20570219	0.33672452	0.33647344
0.8561392	0.998522	-0.16426155
0.6881524	0.8656965	-0.69179213
0.9616441	0.7830383	0.4428751
0.7998698	0.48160022	0.6194252
0.5907111	0.82042783	-0.41031632
0.577249	0.7591688	0.030398615
0.11971265	0.31939602	0.0895746
0.13900667	0.73651683	-0.7102535
0.10676175	0.68491095	-0.70426834
0.6251637	0.5882691	0.2529837
0.60814345	0.76927555	-0.20417866
0.9646559	0.7834515	0.47145128
0.8175014	0.33358294	0.78544116
0.7287632	0.70108026	-0.41066235
0.2542413	0.5533462	0.043158747
0.62168705	0.6619974	0.16008814
0.50454944	0.26501632	0.2701518
0.7770477	0.86006147	-0.10433136
0.6787367	0.28147793	0.0913415
0.8501275	0.5998514	0.11449865
0.3415528	0.33783722	1.011813
0.47960478	0.12053156	-0.30380094
0.4768932	0.85724294	0.028946105
0.95287925	0.16183078	0.7275028
0.3881724	0.4847268	0.26845372
0.017560303	0.7751874	-0.6318572
0.22421259	0.46629888	0.5633266
0.6223752	0.07861853	0.85089827
0.0071759224	0.20613492	0.47169507
0.38893688	0.19650131	0.33952212
0.6428625	0.24526626	0.20128182
0.8148075	0.7963096	0.068122074
0.4407959	0.03130907	-0.7035953
0.1672557	0.15707046	0.083187506
0.99350595	0.6624572	0.39234844
0.59639287	0.0628562	0.74067867
0.3940242	0.0015661716	-0.25478357
0.25315076	0.58264786	-0.09772046
0.62917805	0.044244647	0.91096973
0.43607002	0.28371382	0.6424707
0.38687962	0.45687252	0.5106626
0.33452696	0.88469833	0.018386759
0.3700739	0.7131189	-0.16402224
0.44454223	0.895041	-0.09225167
0.28083456	0.20046419	0.07037464
0.1077258	0.8231251	-0.3038043
0.2983213	0.65769356	-0.5671832
0.62136716	0.5556889	0.34131378
0.67117614	0.20444918	0.17875493
0.38419503	0.119717	-0.10331704
0.112434864	0.5839681	-0.22161594
0.98505366	0.387232	0.5819403
0.7842237	0.2267083	-0.08143018
0.09166598	0.58273274	-0.2969172
0.9495425	0.64359486	0.5309834
0.5442649	0.8866279	-0.5797548
0.56342036	0.8089036	-0.20516782
0.18561381	0.17088747	0.058163483
0.13502496	0.9962584	0.95896524
0.2697885	0.006197691	0.48872706
0.31366783	0.11004394	-0.010678165
0.62205046	0.22812837	0.31944707
0.46709728	0.04872018	-0.71588075
0.9635404	0.4310817	0.7235906
0.59512377	0.2842192	0.22054985
0.31217545	0.41654617	0.86886114
0.8306734	0.06446248	-0.6395687
0.24242866	0.15765876	-0.05673357
0.77654266	0.65292114	-0.3590529
0.2651283	0.9559896	0.13325101
0.30945253	0.40903497	0.9137896
0.31398553	0.8287909	-0.15767592
0.32748222	0.39555103	1.0172452
0.68655765	0.11828029	0.20827249
0.9851687	0.9798104	-0.3009353
0.45504045	0.76023054	0.45199287
0.7783072	0.017083883	-0.6120063
0.64282817	0.022071183	0.94763494
0.017425299	0.35879034	0.1557261
0.68391204	0.041468203	0.5551475
0.8098658	0.5957344	-0.037297912
0.31627017	0.15880519	-0.0169993
0.047363937	0.8865655	0.018690944
0.13321245	0.26125467	0.12595893
0.7462748	0.06223756	-0.37067497
0.34119236	0.15904355	0.006843377
0.5386876	0.48382968	0.16279018
0.33806062	0.022107005	0.18220188
0.4251554	0.49754393	0.0035011927
0.58613753	0.24121219	0.31623542
0.6080424	0.8512036	-0.6882665
0.69414973	0.1907469	0.045993708
0.38599283	0.7060342	-0.12494813
0.8658266	0.8220814	0.41553596
0.22645521	0.5297977	0.23970306
0.7430979	0.6801164	-0.4030559
0.52859867	0.7599644	0.22507414
0.5590282	0.47338992	0.23669247
0.761671	0.58215594	-0.10478771
0.43449026	0.9244057	-0.13754599
0.41121024	0.32939357	0.9258899
0.027579546	0.20062798	0.3621834
0.5391472	0.8017004	-0.0033171494
0.6300301	0.14985383	0.59419566
0.37801677	0.4733144	0.4468887
0.50879914	0.9623081	-0.7527378
0.96199304	0.3838501	0.6729283
0.47016054	0.26719123	0.40855992
0.9811772	0.9725889	-0.2956372
0.18825865	0.8438834	-0.22317578
0.58414644	0.6523922	0.31507298
0.45880443	0.2787351	0.506094
0.89556664	0.24458808	0.46857014
0.8333063	0.4191876	0.9359827
0.7761014	0.5312714	0.22006741
0.4828475	0.5398834	-0.034587756
0.47314513	0.34330624	0.43121427
0.97364646	0.21410322	0.6759993
0.32013965	0.19653755	0.1727924
0.5846954	0.6194694	0.37078756
0.38095868	0.03153634	-0.18273662
0.08325726	0.026690185	0.035278477
0.011058748	0.8453661	-0.3436583
0.7401298	0.4213071	0.51339453
0.14131558	0.15999115	0.14486906
0.37452376	0.41379374	0.8713892
0.47047973	0.6926247	0.31666437
0.22959232	0.6127382	-0.3465416
0.7192116	0.6993736	-0.35936624
0.29209167	0.6192245	-0.46789908
0.46594882	0.5642995	-0.1590055
0.8305405	0.39498204	0.91384125
0.7530357	0.6613128	-0.35191932
0.22596759	0.7717446	-0.6899885
0.77015287	0.30358833	0.3915836
0.7932597	0.50655454	0.41750583
0.8612639	0.7077454	0.1511809
0.36894536	0.23326737	0.5004302
0.16541529	0.1254347	-0.0012798607
0.5982404	0.79596597	-0.22957155
0.18030953	0.12925571	0.059765648
0.18498027	0.29378897	0.20623356
0.30597204	0.092175364	0.020995714
0.6004904	0.9162404	-0.9404099
0.34839344	0.7257554	-0.3185923
0.85016036	0.76803756	0.18780753
0.34067756	0.77407366	-0.19622824
0.31354433	0.47172898	0.50378156
0.542243	0.9858909	-0.968088
0.09013575	0.25794208	0.19977924
0.3616203	0.71364826	-0.2677573
0.4472481	0.5235242	-0.16495043
0.1067608	0.23660314	0.094260454
0.05515504	0.01302433	-0.014456273
0.48165864	0.9118144	-0.34101927
0.6157162	0.9554807	-1.1150733
0.8082748	0.3464129	0.8286969
0.56267047	0.52936155	0.32040662
0.38274568	0.3693943	0.9872076
0.5056199	0.4637437	0.11609694
0.2773763	0.90342087	0.020644665
0.5658826	0.1571433	0.4548243
0.60121197	0.7237244	0.031862237
0.18792397	0.3116886	0.17943187
0.92297804	0.9025359	0.16756171
0.93112457	0.16601801	0.5508202
0.96294475	0.029461682	0.7445093
0.1591394	0.28430903	0.16307698
0.38900357	0.8901588	0.051907234
0.64030796	0.24286544	0.24137853
0.6638557	0.19102955	0.20183271
0.5290226	0.7671354	0.26506084
0.23998827	0.89023954	-0.08360326
0.59406984	0.48564768	0.3407094
0.3531602	0.29492295	0.8097748
0.9194522	0.8433517	0.47157606
0.5187791	0.03692931	-0.4207933
0.17684245	0.52621406	0.2621082
0.428419	0.37551105	0.7033306
0.5287857	0.026412368	-0.2671082
0.4404168	0.92813236	-0.2593872
0.9032592	0.2670501	0.59688824
0.3268777	0.73971957	-0.3984245
0.82589036	0.7377683	-0.010591219
0.44574523	0.820616	0.24547338
0.4767251	0.14716977	-0.10503829
0.2253493	0.34706587	0.41682637
0.4637366	0.27713662	0.48103523
0.95289224	0.8292207	0.39803165
0.34074348	0.18613303	0.2220029
0.4948671	0.8271461	0.115072176
0.34388041	0.73650753	-0.3190655
0.95553905	0.6797623	0.44607943
0.90312207	0.10431218	0.20237687
0.24357992	0.46249217	0.52158564
0.11870414	0.6056265	-0.24608791
0.5198632	0.22120273	0.26025468
0.5554989	0.74584025	0.18244107
0.27444094	0.573373	-0.19214234
0.27666718	0.9619552	0.15719417
0.751241	0.5187407	0.21238762
0.31997532	0.28951144	0.6596494
0.081857145	0.2671526	0.1323022
0.9336997	0.63139045	0.53442067
0.16048056	0.29793388	0.2225734
0.010951281	0.3154902	0.37469172
0.5492822	0.4580974	0.24652365
0.8626013	0.28332824	0.5328179
0.5713009	0.28969944	0.2337556
0.20700663	0.5695029	0.047261417
0.9624824	0.43115312	0.65770406
0.8818092	0.7601247	0.38255024
0.11830813	0.73485935	-0.6423416
0.97072536	0.8232267	0.32414857
0.011266649	0.35561067	0.26160058
0.44915503	0.27486414	0.60784686
0.38565522	0.074401975	-0.20486026
0.53466654	0.9688092	-0.8772773
0.5379502	0.37790465	0.18960571
0.5492017	0.38256758	0.20987555
0.32798338	0.4137566	0.89149857
0.1510222	0.06930351	0.02448701
0.45123857	0.49993378	-0.0692519
0.7043194	0.47413856	0.3437181
0.409334	0.6889806	-0.06645102
0.22589505	0.84573126	-0.3357733
0.24099922	0.6882653	-0.7411341
0.73405296	0.5700298	-0.055829525
0.2912287	0.8217296	-0.29905114
0.04055786	0.90043473	0.03679824
0.9438186	0.78241265	0.5256583
0.21817291	0.39443564	0.45126736
0.48421252	0.11911279	-0.31535208
0.31422627	0.969193	-0.0386431
0.87111574	0.9271925	0.08322702
0.6723455	0.16601133	0.30788714
0.9093494	0.34607875	0.84660083
0.68899846	0.5858282	-0.0015837625
0.81492305	0.44549793	0.79954624
0.7391986	0.24107754	-0.056528874
0.45448548	0.04672295	-0.7243712
0.24086738	0.8562582	-0.23003411
0.23042643	0.51403004	0.4305265
0.70376205	0.78507215	-0.4468255
0.88797456	0.92773145	0.14902288
0.5473764	0.72453094	0.27009717
0.6641862	0.8352111	-0.62465394
0.44142324	0.030988276	-0.67592484
0.22156143	0.84975296	-0.27357453
0.54333884	0.40963048	0.23112959
0.035449386	0.78326875	-0.6197779
0.72465366	0.9320902	-0.5336396
0.6969805	0.22318703	-0.05353323
0.5542928	0.77251107	0.07653621
0.44885397	0.42292672	0.34988427
0.2785278	0.5543614	-0.0132316025
0.54738176	0.90434337	-0.8087038
0.9177044	0.09614676	0.38103324
0.7196858	0.30735147	0.17574903
0.4243526	0.09222227	-0.3256938
0.16987771	0.070165575	0.05368945
0.45334196	0.46352673	0.086615406
0.50572205	0.3720472	0.33831117
0.9028226	0.27340943	0.5703561
0.9735879	0.91629416	-0.053819876
0.34785622	0.4796914	0.43090492
0.81559926	0.32561582	0.70859885
0.34403783	0.28607947	0.86189884
0.7187415	0.8004432	-0.38133907
0.20780301	0.5859469	-0.06134571
0.7901616	0.5588183	0.1609096
0.53024507	0.72779393	0.39761266
0.8075715	0.08610964	-0.75180405
0.76668924	0.0064274073	-0.49282926
0.31807792	0.37644535	0.95577854
0.8502895	0.6626154	0.05641599
0.826198	0.15574962	-0.4056043
0.37381405	0.09968525	-0.1731118
0.86220044	0.9515952	0.012860249
0.41421038	0.41717583	0.66436017
0.086271465	0.81318545	-0.40313792
0.9309514	0.6089825	0.5787086
0.092066765	0.001967311	-0.12966149
0.8419672	0.77259624	0.23290262
0.7419559	0.34381872	0.44333395
0.63907045	0.56892824	0.26539642
0.27700466	0.4840228	0.50869846
0.09511387	0.27456933	0.047683876
0.799614	0.81208247	-0.05900131
0.6702638	0.3175019	0.09931943
0.40652925	0.2360599	0.51189846
0.7946442	0.20649129	-0.2387601
0.999433	0.5712765	0.51760834
0.8310476	0.59870934	0.045690536
0.58251786	0.72042507	0.1572591
0.3301022	0.8987921	0.015480511
0.87458044	0.8668275	0.4185569
0.10373634	0.4755888	0.17814827
0.74079573	0.26270455	0.08644493
0.6865	0.3571279	0.24914584
0.6853015	0.4319628	0.25188574
0.96569836	0.61033756	0.5643358
0.1620745	0.5176795	0.26730105
0.95839536	0.011956692	0.7250755
0.5246534	0.2760219	0.24613154
0.13995093	0.75501376	-0.67191434
0.9318291	0.76395833	0.5446198
0.28932935	0.4932351	0.4707792
0.89737695	0.1698128	0.285301
0.6242777	0.21328181	0.42918873
0.079333365	0.7872181	-0.50061214
0.24914187	0.9886536	0.40284666
0.93751746	0.66567117	0.5195171
0.41524333	0.30887693	0.83197975
0.32317567	0.4573171	0.71421134
0.78735447	0.90515494	-0.03659296
0.7945959	0.7533798	-0.11787615
0.7138444	0.7585567	-0.36298656
0.7892837	0.5425684	0.14783981
0.59114784	0.9088449	-0.95118564
0.09891039	0.9032725	0.31872904
0.76445985	0.41904676	0.6340425
0.9334884	0.83143026	0.47097445
0.40341944	0.2834478	0.7806055
0.89655477	0.5472664	0.6201394
0.40326738	0.5007656	0.068068646
0.51325256	0.6188611	0.24082392
0.79828227	0.13846707	-0.6023575
0.93029875	0.24274236	0.5954141
0.9999464	0.2806568	0.59434265
0.3542905	0.5383816	-0.07345939
0.8956939	0.23955894	0.4510914
0.45693892	0.75414807	0.31796378
0.74891776	0.059829652	-0.39650553
0.57090294	0.40223032	0.22963487
0.7179848	0.40297055	0.39039636
0.25151867	0.5490576	0.110753365
0.84044653	0.40467542	0.96773934
0.6710404	0.96322954	-0.90186834
0.34383196	0.051624775	0.03045698
0.3316154	0.30802643	0.90057355
0.58699816	0.9260036	-0.97467345
0.06010133	0.98670113	0.5820102
0.5895243	0.41842222	0.25778762
0.27592027	0.8282294	-0.343162
0.5169512	0.78735906	0.2024131
0.13936335	0.9288719	0.5438165
0.32310516	0.45979667	0.6809976
0.45435578	0.12288165	-0.31511816
0.912156	0.13251638	0.3504164
0.33558047	0.8809076	0.044712454
0.8593588	0.028429985	-0.34756768
0.8622212	0.8373166	0.37956944
0.5219838	0.9835127	-0.8610983
0.112960875	0.5270743	0.08355084
0.74025035	0.985281	-0.41119143
0.95265037	0.17721134	0.6617706
0.087662876	0.6292219	-0.5525724
0.5647717	0.37209553	0.18924974
0.6101639	0.9934775	-1.1011827
0.886759	0.085778	-0.012139341
0.034066796	0.86551845	-0.22499005
0.89318717	0.44511914	0.9573144
0.064640105	0.35655272	0.07238276
0.7817843	0.22070235	-0.12835287
0.73679566	0.8636551	-0.38913393
0.2321899	0.7564516	-0.7777496
0.5141622	0.22038418	0.2587893
0.6432095	0.33987236	0.093115926
0.89683646	0.49962378	0.74068546
0.21573651	0.41815633	0.54649127
0.119173825	0.68376726	-0.65569335
0.7992743	0.5060505	0.42161128
0.06816298	0.55537874	-0.3901916
0.37993413	0.14473867	0.044918217
0.9899116	0.7029296	0.4114275
0.99096864	0.4481327	0.6330967
0.054023027	0.98529935	0.5976535
0.9005517	0.9522624	-0.028117392
0.8539454	0.0922997	-0.40201783
0.2719472	0.016581655	0.41152975
0.69316286	0.7666111	-0.44669914
0.14729005	0.32866925	0.20282364
0.8219456	0.3620314	0.88787735
0.5804724	0.91795325	-0.9129704
0.6828759	0.9432217	-0.8419533
0.37442595	0.86210024	0.16361336
0.37164307	0.72671646	-0.127991
0.8408009	0.29863513	0.5760359
0.6086343	0.9241795	-1.0418242
0.7020934	0.29108334	0.08313731
0.40137213	0.78000754	0.24249354
0.99908686	0.91581637	-0.06885274
0.5376042	0.63305914	0.368958
0.5855571	0.032546222	0.6270539
0.36103606	0.42232454	0.8429019
0.9203278	0.089428425	0.3954844
0.52652365	0.3671649	0.25764805
0.8332313	0.058142424	-0.58693033
0.28039283	0.71199423	-0.77658665
0.25561994	0.41707104	0.65159345
0.72387826	0.53276	0.127469
0.59338725	0.9107862	-0.95953286
0.14734036	0.41281497	0.36080125
0.83254933	0.48103112	0.6913849
0.3893435	0.045396328	-0.286076
0.7272276	0.21626818	-0.14270842
0.6681244	0.24354792	0.062429614
0.69341415	0.29201835	0.061661094
0.62231535	0.7578273	-0.15656316
0.13527071	0.8880675	0.27432933
0.16427594	0.73158354	-0.69220245
0.63972765	0.7000147	-0.054508712
0.5637367	0.19160241	0.34421736
0.8381193	0.89431006	0.2696188
0.45065325	0.6880631	0.2007203
0.5197522	0.13875568	0.04669465
0.049314797	0.3000257	0.17462836
0.953359	0.37047547	0.67559564
0.77434623	0.5333501	0.21154554
0.5942181	0.2598579	0.24508141
0.56431526	0.26295727	0.20999897
0.92375946	0.63490057	0.44666263
0.93772966	0.13070512	0.60369664
0.7876271	0.89967006	-0.07373464
0.56713915	0.50866	0.3149835
0.95842505	0.5160568	0.71233106
0.83899254	0.8244351	0.27156284
0.73520803	0.894247	-0.41917843
0.32665128	0.90603185	0.09936221
0.4091382	0.41948766	0.6676042
0.81550395	0.6819064	-0.21722102
0.9608535	0.19889164	0.65050334
0.5765021	0.38611943	0.17611843
0.61041534	0.51075894	0.3680542
0.058965623	0.6822231	-0.76695114
0.3922068	0.8731498	0.19372885
0.8829269	0.045164526	-0.0005459897
0.5792915	0.07345694	0.5584405
0.06500858	0.6186746	-0.6124411
0.53007203	0.10109979	0.0009338511
0.43694127	0.76748204	0.33957353
0.23478651	0.7328119	-0.7917658
0.23203981	0.48956352	0.45724103
0.64034176	0.7787526	-0.3568647
0.065264225	0.6135854	-0.6161691
0.41965914	0.6248743	-0.2038869
0.5757221	0.8381417	-0.4559157
0.2038377	0.3013742	0.23147085
0.7028552	0.59656197	-0.11600646
0.14104956	0.90909916	0.41402945
0.9804143	0.9372039	-0.14530015
0.6035606	0.28469568	0.21184272
0.41085726	0.7942533	0.2749437
0.55080074	0.043958664	0.04662898
0.53041464	0.8239055	-0.06616877
0.127931	0.5223108	0.17670177
0.68942976	0.41959792	0.27855933
0.5291889	0.7212714	0.44855124
0.48080313	0.573354	-0.065727696
0.47898072	0.5546613	-0.038298696
0.09286803	0.9523254	0.64123535
0.67316085	0.6948678	-0.22885726
0.17182142	0.71085155	-0.794198
0.8836558	0.56084955	0.504738
0.074216664	0.37691653	0.056936532
0.19948345	0.2395122	0.08666397
0.9110145	0.20301431	0.46141073
0.46334088	0.8219029	0.280253
0.5600354	0.02272141	0.2718709
0.34633958	0.60265815	-0.37921438
0.22945052	0.25261146	0.16205409
0.8835939	0.21099442	0.27906233
0.37470496	0.522616	0.019305117
0.1789205	0.014503121	0.08099097
0.8355554	0.54343987	0.3779944
0.70909667	0.9667565	-0.72937816
0.11089957	0.52763265	0.04131504
0.659278	0.34419626	0.12566082
0.29391772	0.5797136	-0.222969
0.843597	0.30615765	0.6403002
0.6280273	0.26599246	0.19199504
0.33531803	0.29202282	0.8116255
0.68200934	0.62518346	-0.07795141
0.14902228	0.8702062	0.09556495
0.2873509	0.52488637	0.13672718
0.07777083	0.21390969	0.16451813
0.50639385	0.14065588	-0.03176058
0.001241684	0.560214	-0.68871516
0.5855589	0.33577144	0.17514604
0.23242867	0.9200852	0.21511221
0.7482065	0.9760563	-0.40236098
0.8299774	0.4986387	0.6011766
0.06566709	0.14292806	0.13287759
0.8919061	0.4324448	0.93367934
0.17422038	0.72283	-0.73547065
0.23061705	0.24043357	0.10139648
0.109862685	0.69481367	-0.72913736
0.27005303	0.66916716	-0.60627
0.9709863	0.45324004	0.719701
0.878016	0.017624319	0.01909887
0.04007542	0.09568453	0.17625447
0.65073144	0.422364	0.27801013
0.58001363	0.79705566	-0.14436144
0.11212367	0.93234664	0.5336882
0.58089435	0.14096165	0.52606714
0.7031284	0.44289064	0.3242411
0.2650057	0.4717226	0.49022081
0.5397555	0.35262263	0.20173371
0.21988899	0.5134945	0.34142038
0.5902916	0.55576074	0.37083244
0.97711957	0.076701105	0.7562658
0.34013146	0.175592	0.11058972
0.828297	0.050980866	-0.64770716
0.95436877	0.8698661	0.20831198
0.1410088	0.3489349	0.17585504
0.021579742	0.7434089	-0.7125857
0.5771838	0.16193932	0.5412873
0.66211593	0.44249022	0.3407476
0.5401135	0.22383535	0.28605756
0.13795334	0.478467	0.32699406
0.88930637	0.21544445	0.3864201
0.59717226	0.5123426	0.34313822
0.71508557	0.8958507	-0.5489445
0.5193651	0.53832585	0.14897245
0.25812656	0.9670741	0.20363
0.9406504	0.9060096	0.055074807
0.9510019	0.8229097	0.39712834
0.045811653	0.41006905	0.045518957
0.13834834	0.9675786	0.8480102
0.6453736	0.10242689	0.7315125
0.53821856	0.785931	0.08759944
0.5993822	0.7567663	-0.16805065
0.23826528	0.46212947	0.49974927
0.72051483	0.57221615	-0.020690542
0.0066360235	0.5126052	-0.4638142
0.99254537	0.4055966	0.61373264
0.23344779	0.19352424	0.021429222
0.55162996	0.5367261	0.2353276
0.25887465	0.9551069	0.17766136
0.6766903	0.6175106	-0.04543953
0.08233935	0.82133055	-0.24313602
0.60427856	0.022596717	0.8282391
0.7754086	0.7560411	-0.34775823
0.57724434	0.18593752	0.45000225
9.262562e-05	0.8477244	-0.44857314
0.62132597	0.9089663	-0.9994705
0.7112653	0.7863985	-0.44267112
0.050351977	0.8380687	-0.3328521
0.093562245	0.5938497	-0.34922734
0.6532014	0.64595217	0.014043383
0.20165098	0.17502296	0.049179103
0.8104878	0.8420471	0.12655753
0.21258849	0.116458	0.017667806
0.39912403	0.11279726	-0.2342431
0.755067	0.90332586	-0.35508257
0.28101134	0.5233831	0.25523847
0.37625682	0.8087269	0.1876882
0.55580556	0.039889216	0.15871572
0.21588135	0.19418049	0.07044675
0.07802236	0.24561095	0.19922133
0.27674055	0.21050543	0.086049244
0.25670296	0.3646229	0.62678224
0.41819727	0.4063357	0.68502283
0.5028711	0.5461518	0.07727511
0.182432	0.66699773	-0.6004586
0.6314497	0.4666707	0.28249013
0.8108129	0.789058	0.005742357
0.27213722	0.6240299	-0.4573448
0.3063677	0.67620474	-0.64096826
0.6318742	0.14493364	0.6093124
0.45293528	0.03535354	-0.7477557
0.94471216	0.41418815	0.7361556
0.020848155	0.71741205	-0.8338207
0.9467164	0.14652795	0.6116042
0.4035759	0.793124	0.23546168
0.6768937	0.69473386	-0.20878595
0.1688323	0.0954293	0.059440356
0.34484756	0.8313661	-0.012278639
0.74633676	0.3345536	0.40621918
0.58074915	0.97069347	-1.104259
0.5045647	0.34545308	0.29170543
0.5202663	0.31282657	0.28796935
0.21456069	0.46230203	0.5907838
0.6885911	0.17288482	0.05729115
0.014938414	0.6833291	-0.86111695
0.055849373	0.68824595	-0.7922882
0.97331554	0.68055135	0.40286955
0.22196025	0.98393434	0.5169887
0.39539987	0.27731025	0.8489168
0.7929857	0.36969602	0.8062589
0.39191234	0.2705469	0.78591025
0.10118353	0.36341685	0.09587278
0.39878422	0.41910243	0.6956327
0.69814825	0.6007832	-0.12002151
0.8218392	0.17330974	-0.33562464
0.6805683	0.5317397	0.1588644
0.9839424	0.25171286	0.59412295
0.98584026	0.8311673	0.2365662
0.5854859	0.16367131	0.49815688
0.90318614	0.111270964	0.24344763
0.8781086	0.857374	0.4339633
0.45661408	0.5276286	-0.12428
0.398822	0.7972447	0.24251612
0.22265267	0.25384086	0.16663046
0.47194546	0.6371261	0.08386497
0.6083319	0.5899796	0.37132058
0.93270296	0.8556428	0.3910206
0.44074184	0.6232243	-0.13171905
0.8489688	0.9248943	0.13565312
0.32857424	0.45030653	0.64073265
0.91233474	0.12220079	0.29875255
0.9167948	0.8373944	0.46754995
0.2670154	0.98087597	0.20054294
0.9462233	0.106306195	0.69435126
0.6164306	0.60706085	0.27184224
0.17251366	0.9940715	0.8239478
0.17916662	0.27352214	0.09652239
0.9905998	0.95707464	-0.2166938
0.79582745	0.5081481	0.44337517
0.44026184	0.5829521	-0.19672757
0.12227768	0.0020080805	-0.056313243
0.4178924	0.14380097	-0.13043855
0.8597022	0.7556612	0.29683882
0.1644609	0.39433956	0.31663948
0.08166367	0.3450451	0.07398568
0.13151759	0.8225874	-0.2844574
0.8754085	0.50015444	0.7287165
0.23038161	0.67045176	-0.680249
0.8864813	0.8676868	0.39473304
0.46331257	0.24411505	0.36113825
0.9075251	0.4987989	0.7870998
0.38260823	0.26851416	0.69528145
0.05481887	0.610475	-0.6533052
0.1647234	0.22323322	0.040772382
0.28373176	0.8615514	-0.21281593
0.31915838	0.020287752	0.2906872
0.21234387	0.9122255	0.2700485
0.3172437	0.087738276	0.059973843
0.4496081	0.19796163	0.13282712
0.7373867	0.34857547	0.4295254
0.753565	0.9831278	-0.3184605
0.28769356	0.6717574	-0.63122267
0.03487134	0.83775896	-0.33017924
0.46645164	0.7549723	0.4169528
0.48522162	0.15337712	-0.08619426
0.7841314	0.5315534	0.2650165
0.9807445	0.8639638	0.1612839
0.9835265	0.3723876	0.62518036
0.8971487	0.57369214	0.5364894
0.3396992	0.74199444	-0.27227536
0.8415328	0.4803542	0.71228623
0.023561537	0.31384534	0.28461152
0.6257268	0.89865774	-0.9020277
0.888078	0.34959555	0.87747735
0.53977907	0.2832703	0.27740285
0.317271	0.37980145	0.9829101
0.4842716	0.6317005	0.19740267
0.50738734	0.65259093	0.3130865
0.27360207	0.18641323	0.028478317
0.010036588	0.3434142	0.27507773
0.7583357	0.85520774	-0.2640008
0.24056381	0.535396	0.20663153
0.72780704	0.44892603	0.40001974
0.34857237	0.68366885	-0.41256487
0.19297075	0.093301594	0.109915376
0.91353905	0.5600017	0.5883214
0.63678694	0.07869381	0.8388989
0.7647161	0.5427896	0.1396828
0.5784018	0.70523274	0.23818965
0.0247702	0.3981704	0.080274194
0.68429327	0.63920784	-0.14723822
0.71487117	0.5102105	0.18719995
0.8643741	0.115885496	-0.17458151
0.024485946	0.82203996	-0.46028706
0.103708446	0.81616724	-0.27449802
0.48570412	0.8092302	0.22038858
0.2734589	0.80218476	-0.5199175
0.86225265	0.6050315	0.28404218
0.9228276	0.9540467	-0.0859205
0.8289223	0.4261695	0.91885823
0.5414514	0.052684546	0.010796748
0.016012311	0.027272403	0.07955343
0.49882597	0.26890737	0.32898998
0.69264793	0.874281	-0.6543089
0.62863314	0.90513074	-0.9814718
0.9808822	0.739061	0.4088553
0.074374616	0.6998851	-0.8257198
0.87337124	0.106591046	-0.12866369
0.42728716	0.56802154	-0.19371188
0.83030164	0.32597208	0.82442015
0.09260303	0.46182525	0.050593853
0.083363116	0.5776405	-0.3610816
0.079315126	0.69742537	-0.7775879
0.68396115	0.64201874	-0.061703958
0.7569152	0.24563134	0.0127074085
0.8359664	0.5578109	0.28096563
0.28251505	0.48883265	0.4744732
0.8618668	0.7940669	0.31965372
0.3732152	0.10722244	-0.096652955
0.19444168	0.4093547	0.43482378
0.38664967	0.9559687	-0.13391346
0.5759619	0.08788228	0.544663
0.87835497	0.34980315	0.8366387
0.8505155	0.6099786	0.14375675
0.984075	0.631925	0.5087076
0.7925295	0.65463096	-0.3050314
0.32019216	0.372554	1.0282104
0.67286754	0.6298715	-0.094680235
0.88085866	0.90888405	0.24725863
0.3914349	0.56284696	-0.23050924
0.50862545	0.670471	0.34651163
0.99938697	0.7537007	0.28801638
0.7927465	0.83609384	-0.04433233
0.1293124	0.42193896	0.22658375
0.388556	0.16316551	0.025976064
0.51701736	0.29214227	0.22753924
0.09249878	0.32912505	0.08952495
0.18006366	0.18264359	0.09969808
0.965482	0.529106	0.6704411
0.6617371	0.6432047	0.020930363
0.12343335	0.02260214	-0.033624798
0.92519534	0.07587123	0.46095976
0.23104823	0.67050946	-0.6828905
0.4610482	0.54563576	-0.10767689
0.3010766	0.74305964	-0.5685137
0.6025536	0.5425703	0.38441515
0.42445713	0.4118988	0.5348803
0.36534357	0.93482035	-0.086103186
0.32979888	0.23583853	0.42624688
0.27170235	0.6626608	-0.6679952
0.06405789	0.9200813	0.27680746
0.25439042	0.3453768	0.5344371
0.9458231	0.42689437	0.8157935
0.32158375	0.7541137	-0.3957315
0.5819855	0.7380398	0.07221506
0.230026	0.22731519	0.0268109
0.3120134	0.493909	0.46586788
0.5715667	0.594	0.3201806
0.38371146	0.15978587	0.05553153
0.9543269	0.7380188	0.39690465
0.45726472	0.37884837	0.51278055
0.7101362	0.4264478	0.3732821
0.5262073	0.9201455	-0.66706514
0.6252247	0.1097911	0.7959949
0.28688985	0.17902434	0.018080756
0.63959867	0.59843814	0.18575689
0.5088913	0.828462	-0.024063572
0.85614806	0.9085301	0.19142301
0.7719669	0.9113665	-0.23752609
0.4631201	0.49220705	-0.06794806
0.9491703	0.14936066	0.5910898
0.89514375	0.98857033	-0.1818705
0.3906104	0.35330456	1.0168345
0.8269083	0.980712	-0.05618752
0.24143505	0.72609234	-0.8205614
0.37967747	0.7361473	-0.005552694
0.5656458	0.1821937	0.41139877
0.21792328	0.938723	0.31738392
0.9542187	0.39307028	0.7494548
0.80351377	0.7592379	-0.08624346
0.8144235	0.092770755	-0.67949796
0.35641164	0.0049773455	0.08438945
0.7472729	0.1203174	-0.4651823
0.9746538	0.5790366	0.6368328
0.029775977	0.9000951	-0.027317876
0.21694392	0.32771194	0.34250066
0.0077834725	0.07657516	0.17613226
0.6099074	0.409396	0.19941589
0.04021406	0.5701977	-0.57704264
0.636779	0.45117003	0.2921521
0.43194455	0.21867728	0.31773445
0.08743495	0.69073004	-0.7424364
0.9971829	0.24878275	0.62312496
0.85216177	0.22253126	0.14375922
0.92982584	0.9447304	-0.0483692
0.9746275	0.6842552	0.44207212
0.6675724	0.2902096	0.08257618
0.98247385	0.75582117	0.39832914
0.32031566	0.0019367933	0.39401358
0.628109	0.7599971	-0.3040487
0.8948476	0.27244556	0.61711735
0.37379855	0.2557404	0.6873328
0.7353336	0.2049787	-0.1969064
0.7341816	0.09331751	-0.28485376
0.51188165	0.2762038	0.2556026
0.9478035	0.022947848	0.65559924
0.6341802	0.30150157	0.18766868
0.2537213	0.09184778	0.07038532
0.31104654	0.805534	-0.21291822
0.75435454	0.0075420737	-0.42645514
0.03697145	0.04760009	0.053727657
0.43656158	0.38509196	0.63631827
0.2525071	0.68402183	-0.7050343
0.39057446	0.2510693	0.67711145
0.7329034	0.48735952	0.29913276
0.07693523	0.6477596	-0.6604523
0.034599543	0.8596776	-0.25865465
0.37557632	0.7368378	-0.032825395
0.504674	0.91974145	-0.53838634
0.96208996	0.49553525	0.7314879
0.36786819	0.9034816	0.02893918
0.5629235	0.21344632	0.3253793
0.99432284	0.28433657	0.5502014
0.19529694	0.37594438	0.3637174
0.09681982	0.3820626	0.03381592
0.75080425	0.93381107	-0.39333302
0.82292074	0.81441647	0.18247409
0.7291689	0.29821205	0.23530212
0.17072195	0.044212937	0.017442923
0.8396986	0.18748474	-0.16421352
0.7097637	0.23918462	-0.06269634
0.125063	0.26119417	0.046903525
0.8579321	0.19614553	0.047792222
0.046057403	0.847649	-0.2452871
0.74230695	0.60936	-0.18251847
0.10745245	0.9807146	0.8363773
0.90620327	0.7369986	0.43388122
0.07955253	0.7256157	-0.8000069
0.7863122	0.61656034	-0.18275069
0.5160953	0.07071215	-0.28443384
0.07544762	0.14516783	0.13484268
0.41099608	0.16054296	0.006473723
0.63040584	0.71395534	-0.074731
0.44539905	0.73589236	0.3005565
0.49160826	0.32241482	0.4125751
0.65383583	0.71135795	-0.123740874
0.5894853	0.54876494	0.3812307
0.92494065	0.022879303	0.5207891
0.0039075017	0.9225207	-0.11231075
0.5901152	0.519675	0.40184748
0.38630122	0.07157999	-0.23239508
0.94756573	0.13321102	0.67525935
0.9403368	0.5073441	0.71505314
0.64632136	0.330108	0.14096549
0.25995785	0.7337161	-0.7768563
0.22475117	0.013226867	0.21417932
0.56499183	0.4524505	0.24714455
0.089199305	0.1992796	0.1439539
0.02769512	0.3290791	0.23497644
0.8090621	0.9227826	0.07365716
0.7649361	0.6338802	-0.33529535
0.81348205	0.29954886	0.5443656
0.93909705	0.48840868	0.7891646
0.81668264	0.4073788	0.89772207
0.5961579	0.83648664	-0.57154584
0.9459002	0.10842317	0.7025318
0.7396804	0.4902209	0.3059004
0.7195561	0.8225518	-0.42540574
0.99247146	0.94320965	-0.16633368
0.7546961	0.35226572	0.52228945
0.4644903	0.36430097	0.58840024
0.14608812	0.87406915	0.119678065
0.40996623	0.3450926	0.92314845
0.8640808	0.76833004	0.35456586
0.6310253	0.8953093	-0.87673485
0.30032438	0.9413806	0.0480503
0.04250294	0.01151067	-0.051197857
0.0722723	0.06981528	0.110449836
0.21544462	0.64590806	-0.44840127
0.38124686	0.8312281	0.18678609
0.762192	0.7175665	-0.37803167
0.47989035	0.056390285	-0.62641144
0.32970786	0.35519415	0.96607935
0.9862504	0.2065962	0.728591
0.75031155	0.028983057	-0.38278517
0.5529232	0.88691866	-0.66185373
0.0039052367	0.9947495	0.36652482
0.4345814	0.97365826	-0.29380536
0.35892707	0.091156244	-0.06750395
0.21922785	0.655745	-0.554423
0.62950623	0.41330224	0.23712312
0.20063388	0.41678375	0.44872206
0.5563704	0.84926206	-0.43117392
0.6144739	0.3346156	0.18040745
0.5593146	0.20609647	0.34286207
0.84622717	0.8026476	0.2763633
0.013121247	0.5648931	-0.6916546
0.2764526	0.37820196	0.68682873
0.31871676	0.5812291	-0.25087366
0.49402428	0.28121465	0.32824227
0.21632111	0.07424325	0.08623834
0.020791829	0.104005456	0.25239265
0.038892925	0.29442656	0.23589072
0.16725045	0.53495383	0.23419578
0.86293894	0.54040307	0.5476413
0.4851659	0.94760406	-0.5497254
0.73902637	0.8242843	-0.37038788
0.9835955	0.5951545	0.50895864
0.34214538	0.8687198	0.029024538
0.47750294	0.7076721	0.3988498
0.73175365	0.8083502	-0.45350152
0.15310037	0.85997176	-0.006823294
0.39178002	0.4428836	0.51534307
0.7450911	0.1933356	-0.3396421
0.8782949	0.26194727	0.4918659
0.82990855	0.6243054	-0.047334116
0.5369235	0.87390095	-0.39938685
0.6830788	0.22719663	0.05868305
0.40068388	0.4981988	0.06954898
0.27204323	0.59240466	-0.32422346
0.7236771	0.7876318	-0.3740479
0.6680703	0.526471	0.22540894
0.47345912	0.7772211	0.335712
0.21048123	0.03999746	0.1329489
0.33023214	0.10767788	-0.09232561
0.014357924	0.41508198	0.024373453
0.70910114	0.79116553	-0.4492346
0.478249	0.78963846	0.29367876
0.2706961	0.2877739	0.4342072
0.37295234	0.085015	-0.14864868
0.7267426	0.051156104	-0.0867646
0.49390775	0.14272594	-0.15219045
0.87999076	0.45041442	0.9061161
0.9889223	0.72945935	0.39302295
0.6753643	0.30646056	0.061128058
0.8040565	0.7518528	-0.1502412
0.98033905	0.20307845	0.7252852
0.26691467	0.40045178	0.6857823
0.26222014	0.34471935	0.5914325
0.9308846	0.36623168	0.7899564
0.72991323	0.57655954	-0.091833845
0.09724033	0.21815097	0.13970792
0.9505248	0.36121196	0.7073796
0.7198054	0.91812384	-0.4908928
0.58598995	0.7821787	-0.14927487
0.98596203	0.89539516	0.022600414
0.39236045	0.017485201	-0.23834512
0.48133302	0.28130025	0.4792413
0.6246707	0.98442066	-1.153831
0.7471022	0.8667146	-0.3287934
0.72264856	0.54327434	0.16454187
0.4211874	0.854102	0.16029818
0.26447654	0.05327481	0.22974038
0.5499616	0.3920778	0.20069009
0.6814352	0.2242158	0.0689393
0.035467386	0.6262503	-0.7750012
0.99899566	0.55265516	0.47514448
0.16659045	0.5196268	0.3722394
0.7726229	0.6742954	-0.39255187
0.8206762	0.9358802	0.05316118
0.5610744	0.014084756	0.16007474
0.15689129	0.20782167	0.09316269
0.70544887	0.058514476	0.1910289
0.51078224	0.11366618	-0.08935556
0.47767752	0.099933386	-0.3781028
0.36023372	0.70483834	-0.31002244
0.40933025	0.10313529	-0.29299963
0.43251944	0.22954106	0.36401296
0.11872929	0.29533035	0.11273232
0.1880337	0.50232404	0.4071021
0.43220347	0.51702964	-0.12917079
0.0007674694	0.011910379	0.04090772
0.65083724	0.04050678	0.8966842
0.16270792	0.15292746	0.08901513
0.058441997	0.78596383	-0.54910284
0.6902616	0.046587706	0.51566625
0.9338502	0.586933	0.6057205
0.045370758	0.95180196	0.37980488
0.17971492	0.35027713	0.27948338
0.59793574	0.7017579	0.14075212
0.5616898	0.37192369	0.20148733
0.8391849	0.48072952	0.7063785
0.4929487	0.8974735	-0.3348387
0.2479105	0.95005006	0.24888882
0.8791475	0.9912095	-0.16991886
0.030914724	0.62735486	-0.73970413
0.8622846	0.43107027	0.97031564
0.6026693	0.9085641	-0.9727599
0.00053465366	0.48387396	-0.32502937
0.9802449	0.19688141	0.7357194
0.13267863	0.9000552	0.37354636
0.35342294	0.5640481	-0.27012593
0.2252748	0.41029233	0.53534937
0.113319695	0.7621495	-0.60960215
0.19712245	0.38711262	0.3444845
0.1902287	0.25066864	0.113277406
0.8413571	0.5019905	0.67387456
0.554524	0.1972059	0.34001303
0.3147384	0.6115762	-0.44358194
0.22494441	0.41751033	0.53880364
0.92868257	0.04465723	0.5451505
0.54249215	0.85161185	-0.3630237
0.7851809	0.47630793	0.48840988
0.80851877	0.90466446	0.051259108
0.533711	0.41672862	0.22040975
0.7665036	0.67773587	-0.36524746
0.8387817	0.12395108	-0.4353491
0.04980105	0.8169166	-0.40574497
0.28185308	0.08024758	0.163109
0.8774441	0.40718615	0.99854827
0.9988236	0.118688345	0.77924734
0.95331436	0.53258735	0.6458389
0.90419656	0.038503945	0.22485976
0.14563507	0.50494564	0.3319861
0.039830863	0.9959815	0.5258544
0.18937081	0.039773166	0.07134952
0.46866477	0.52494174	-0.06092379
0.3623711	0.58825797	-0.30932185
0.5338626	0.081620514	0.01932036
0.2394805	0.42012912	0.5618887
0.029913247	0.4384923	-0.09824245
0.08152872	0.7589737	-0.6917063
0.6195705	0.8815919	-0.85988843
0.5597044	0.3714152	0.21907961
0.18364245	0.7284016	-0.7513425
0.27702403	0.9641184	0.16900843
0.36221397	0.32640988	1.0412693
0.49908656	0.5603123	-0.005815655
0.9042437	0.9836652	-0.21734945
0.5295382	0.984387	-0.9056454
0.4285283	0.98603654	-0.33146507
0.3582849	0.49875534	0.2395333
0.15430182	0.72049826	-0.76053196
0.20822787	0.24104285	0.087524965
0.89875627	0.9883269	-0.2736305
0.28402764	0.17457765	0.019464005
0.4195062	0.9757142	-0.26680723
0.2606784	0.78869164	-0.6104784
0.18524504	0.08838844	0.06067311
0.97979933	0.42295974	0.6244004
0.4178747	0.88852733	0.0692658
0.038353562	0.39589763	0.05471509
0.7683666	0.6091657	-0.22883272
0.5661021	0.44637787	0.25390905
0.014154315	0.6015348	-0.80786604
0.46644735	0.8795339	-0.092800416
0.48037338	0.739752	0.39439505
0.22451699	0.70306593	-0.80424386
0.23645836	0.45331138	0.5417964
0.38860112	0.048913956	-0.25873402
0.6665012	0.13674432	0.45958012
0.6769088	0.033268392	0.6545902
0.46625167	0.5931217	-0.059245635
0.76600826	0.7485262	-0.30479902
0.75741774	0.19186896	-0.32094145
0.08542693	0.2583595	0.0936328
0.84556586	0.6605972	-0.043987174
0.60130876	0.2592156	0.2586443
0.8566992	0.58454174	0.31958503
0.7454989	0.11335665	-0.44793776
0.56695354	0.8038867	-0.23230381
0.6512692	0.6668458	-0.029426243
0.6720547	0.8528434	-0.66421616
0.19492888	0.5139229	0.3734106
0.50130224	0.79801285	0.1970757
0.008833647	0.065677285	0.12487282
0.67186946	0.39678252	0.22226807
0.52839106	0.35516644	0.29032108
0.60357773	0.5830045	0.26788205
0.79294777	0.53383124	0.2578364
0.14563161	0.8253121	-0.31355023
0.51757973	0.4745823	0.13156612
0.5722475	0.23172837	0.35952455
0.9753331	0.053175032	0.712959
0.552819	0.5766168	0.34871474
0.254798	0.41831756	0.6716223
0.22687167	0.8361301	-0.35973603
0.25120974	0.7790025	-0.7022631
0.17154127	0.25832462	0.09427892
0.3330838	0.32530254	0.92030305
0.73158306	0.73837364	-0.44718763
0.8469567	0.16402769	-0.27267176
0.29110152	0.46878523	0.5904463
0.3334005	0.2310428	0.36132592
0.117782	0.08135331	0.08766626
0.032495677	0.792254	-0.56477827
0.54785156	0.81540704	-0.12781988
0.45071888	0.2499736	0.42363143
0.285253	0.92123866	-0.02466315
0.022184491	0.14311194	0.30810198
0.039311707	0.5373736	-0.43286055
0.26870412	0.21883512	0.13172519
0.051454365	0.63105875	-0.708133
0.25283837	0.7822858	-0.6358566
0.47588205	0.8410564	0.14783442
0.9476691	0.10592651	0.62524295
0.9892283	0.81426746	0.25348946
0.19193453	0.40669197	0.42917067
0.14988583	0.577532	-0.020901563
0.92200786	0.05457914	0.4131929
0.41211993	0.5320764	-0.090501264
0.7882895	0.6380173	-0.2575767
0.8815344	0.12751299	-0.03137566
0.6963627	0.03616327	0.36479756
0.987804	0.6200684	0.45830294
0.538406	0.24421167	0.21384837
0.41686773	0.19092995	0.18648137
0.7703825	0.9761364	-0.26824522
0.69334763	0.66423184	-0.19388571
0.805437	0.43160725	0.81602466
0.8186159	0.8740793	0.14786659
0.304892	0.32202452	0.6615086
0.7782499	0.6437579	-0.3219342
0.34787244	0.59852874	-0.33742958
0.6224721	0.43914056	0.33619916
0.97934353	0.1324979	0.8348295
0.13080806	0.21649927	0.117190704
0.36438638	0.5379703	-0.102813706
0.73963904	0.47844523	0.36240706
0.34444886	0.49174803	0.32576695
0.90878457	0.7589793	0.47779754
0.034141958	0.8191906	-0.37964392
0.48479337	0.11304414	-0.29349455
0.041278243	0.6228748	-0.7529991
0.30964774	0.9981021	0.011422105
0.15084487	0.5836053	-0.047359936
0.7933826	0.42438722	0.804349
0.001871705	0.41715485	0.025878675
0.8774807	0.5347949	0.56809974
0.7742064	0.60735375	-0.17347136
0.01833713	0.47516525	-0.26642665
0.022221267	0.8453121	-0.3767808
0.033306956	0.98319733	0.40455076
0.6703428	0.108572304	0.5165138
0.6643478	0.26801437	0.0797008
0.37807876	0.04116422	-0.14178358
0.54444844	0.96138513	-0.9257811
0.72491705	0.50061363	0.27503937
0.9562022	0.9948748	-0.3310138
0.6998724	0.40591782	0.34123325
0.95477986	0.19994146	0.6802146
0.40298784	0.31594217	0.89448357
0.5052299	0.562861	0.04822805
0.23579013	0.4945587	0.3996785
0.8112628	0.41310108	0.8649946
0.508934	0.036413908	-0.5129112
0.66527265	0.8915359	-0.82303846
0.56387365	0.74102724	0.116435915
0.7746677	0.5339334	0.20284301
0.9409837	0.21257806	0.626661
0.6138354	0.79314804	-0.32728866
0.39796847	0.59335804	-0.2889221
0.15759224	0.83567494	-0.22299488
0.66185796	0.9247442	-0.94832355
0.97763944	0.13700968	0.76681507
0.3293218	0.79174876	-0.21215962
0.306722	0.32434183	0.72046363
0.28534204	0.068731844	0.13542324
0.051521063	0.4660712	-0.107488126
0.10857445	0.9715254	0.83174384
0.6507488	0.6637135	0.0031074565
0.34492284	0.48482972	0.43107113
0.75137043	0.4026484	0.607669
0.8162782	0.6253788	-0.09145865
0.57307947	0.7980828	-0.20376153
0.6132905	0.48336095	0.3480973
0.69138217	0.34986848	0.17925876
0.8489299	0.41257274	0.94516855
0.7456336	0.63025177	-0.34034455
0.46744227	0.572608	-0.115128145
0.3464905	0.9303838	-0.019330528
0.21192604	0.40375656	0.48993793
0.34069002	0.3878144	1.0090768
0.43803388	0.51728153	-0.11325457
0.38417315	0.475273	0.3448111
0.7133655	0.44641328	0.4286134
0.5040531	0.80744547	0.13872871
0.5612365	0.349617	0.18714395
0.2844593	0.5712865	-0.13069327
0.887296	0.66877335	0.3511846
0.10831034	0.70224136	-0.725637
0.3210866	0.48400587	0.4335789
0.7886275	0.99166894	-0.18666497
0.43371528	0.9829736	-0.37542093
0.74681526	0.9615888	-0.36253732
0.8271619	0.88576365	0.15939558
0.551602	0.27851522	0.23483384
0.661342	0.4007079	0.22835428
0.07202232	0.971791	0.6475444
0.5291534	0.12824744	0.123151414
0.27007264	0.77320045	-0.6077379
0.14460903	0.49609458	0.27247992
0.5803496	0.55749744	0.39457157
0.56070447	0.6378072	0.32739928
0.31034428	0.8886758	-0.027914869
0.6027358	0.3480435	0.21525002
0.06623852	0.88182545	0.051215746
0.50353813	0.30957156	0.44481087
0.31253278	0.59569156	-0.3162438
0.2007711	0.8129429	-0.48458475
0.3883767	0.50840586	0.0043688267
0.9547438	0.7816698	0.44848076
0.6556347	0.97750497	-1.0736144
0.7402089	0.87717736	-0.325767
0.7226096	0.8244749	-0.38107815
0.41757804	0.8349021	0.28191742
0.71050715	0.9911039	-0.63649166
0.40108252	0.030846298	-0.39357334
0.45076805	0.49404138	-0.03450753
0.7450142	0.93162537	-0.4168497
0.7894243	0.36967385	0.73917043
0.6303169	0.8327761	-0.5903572
0.91677827	0.3295381	0.773984
0.18858612	0.35372758	0.28228828
0.5383304	0.66421825	0.32734165
0.6028916	0.80773383	-0.34703106
0.2982692	0.85853225	-0.12647322
0.6727962	0.9000207	-0.81880015
0.7633594	0.39260113	0.653502
0.6677165	0.06757778	0.6413029
0.23612869	0.34689105	0.48197713
0.62422115	0.6365634	0.24733081
0.80847293	0.5423184	0.23415262
0.77273023	0.59976333	-0.20973644
0.60764635	0.13466918	0.6212144
0.8444809	0.46022302	0.8569963
0.823596	0.42262727	0.9086684
0.7987039	0.77931565	-0.119780295
0.91160846	0.40601444	0.87311184
0.58060163	0.5947092	0.4048759
0.38513178	0.4760282	0.3295607
0.35952955	0.49249846	0.32284817
0.40476054	0.31320995	0.86298627
0.9057714	0.42296374	0.93429774
0.9048211	0.19920218	0.44836086
0.43576378	0.43495423	0.34342706
0.5987467	0.3610797	0.18066551
0.43771976	0.8108152	0.32504365
0.21645665	0.7200131	-0.81048405
0.85675985	0.0342319	-0.3024508
0.028422415	0.06944859	0.17363307
0.6375768	0.24128461	0.23954277
0.93904144	0.63811564	0.49071655
0.13662636	0.109211266	0.087173104
0.49057424	0.954186	-0.56387395
0.83472925	0.18643594	-0.22140723
0.4868948	0.4078262	0.27449584
0.848735	0.1256913	-0.44440156
0.22732681	0.93618464	0.27765873
0.4159947	0.5238164	-0.071757615
0.8822738	0.5608349	0.4863168
0.27592105	0.9326414	0.12428798
0.11777896	0.11931467	0.07988359
0.07050508	0.17409611	0.13440946
0.7189277	0.68882185	-0.3333557
0.16950798	0.9795686	0.8243545
0.14534491	0.8101804	-0.36829904
0.28422648	0.80727345	-0.3691968
0.7881738	0.47582072	0.5860993
0.14434636	0.45022142	0.35526857
0.039516985	0.27491033	0.27316147
0.29712963	0.13217205	-0.00602769
0.26386005	0.7461782	-0.7239466
0.45829153	0.17794675	0.024508357
0.4693728	0.8059209	0.26856226
0.3386206	0.87821174	0.025511557
0.059661865	0.26202047	0.1648832
0.03504157	0.51459324	-0.3648118
0.38026226	0.6029329	-0.34751675
0.3357517	0.510017	0.16454612
0.8016903	0.77220666	-0.08524769
0.6938682	0.8557162	-0.5907651
0.13383353	0.11274421	0.0726068
0.30398792	0.8799735	-0.028913923
0.5217807	0.20680326	0.22318459
0.8430725	0.35901028	0.90001327
0.24171424	0.439739	0.59242505
0.96467	0.72764724	0.520312
0.41326725	0.37617713	0.88120484
0.5286522	0.18215638	0.19158378
0.15199316	0.56896544	0.07794342
0.48913223	0.15468991	-0.058012284
0.56139916	0.9187472	-0.88631546
0.83587545	0.06572521	-0.58639157
0.49095136	0.1295355	-0.17716308
0.8068977	0.9329905	0.017125074
0.91006297	0.5164342	0.74401945
0.26163042	0.6585486	-0.60820174
0.3559066	0.23191881	0.5026791
0.994972	0.8157214	0.21292368
0.34111136	0.0065252185	0.20947054
0.10729706	0.5480423	-0.023329647
0.98618305	0.85583925	0.12519304
0.7055335	0.21194494	-0.042934127
0.7010213	0.64634514	-0.16030805
0.77544653	0.08019948	-0.65429926
0.8897973	0.18618417	0.20690578
0.23672527	0.81493706	-0.51977694
0.35345876	0.9356247	-0.06941659
0.29171246	0.80198854	-0.38855746
0.77255607	0.6097859	-0.30339944
0.52066356	0.7687875	0.23163933
0.03548473	0.89913726	-0.07564518
0.48118997	0.21001709	0.20044434
0.26161426	0.39009148	0.62725806
0.27663642	0.8505202	-0.19573434
0.104691446	0.73266536	-0.6908685
0.9502506	0.37875932	0.6853184
0.3355316	0.6744669	-0.50624365
0.23406202	0.82690436	-0.38453344
0.18193728	0.9671007	0.7036904
0.20688182	0.85797757	-0.15982686
0.84527886	0.57397926	0.22143659
0.3864903	0.049482644	-0.273195
0.25881177	0.7280916	-0.7043995
0.34644985	0.047851264	0.11771588
0.9722727	0.8588671	0.19753557
0.28029317	0.1971485	0.10239175
0.4062351	0.38718688	0.8531276
0.7660829	0.58877265	-0.15372212
0.028095484	0.24361688	0.36441326
0.7254393	0.6664669	-0.32096753
0.5656433	0.36823052	0.18362404
0.80843556	0.18232185	-0.28132814
0.14356172	0.3312531	0.1377755
0.40367764	0.9747955	-0.26588026
0.9488879	0.283311	0.6783077
0.75767577	0.4258694	0.54742
0.2735417	0.18471813	0.019170236
0.4083075	0.7641444	0.208195
0.89711773	0.3107612	0.7056361
0.5203068	0.30584323	0.32041037
0.29528445	0.0015879273	0.46242747
0.09532452	0.53695333	-0.09551761
0.41314137	0.99086475	-0.31460285
0.8593029	0.5831183	0.2800685
0.47670174	0.9746861	-0.5129934
0.66735256	0.50757575	0.20361495
0.6979034	0.31533968	0.10680247
0.7904627	0.6940803	-0.3273333
0.26644033	0.71117324	-0.7897625
0.46387935	0.60147053	-0.05854654
0.9373397	0.05160743	0.57709664
0.07680172	0.7296074	-0.659048
0.7472969	0.41990978	0.57060635
0.120121	0.6492169	-0.5378742
0.6696825	0.6331877	-0.05057289
0.3405093	0.92154676	-0.004540866
0.119787395	0.17425764	0.14409444
0.045981407	0.7532973	-0.7116334
0.94530725	0.78022265	0.5416405
0.8852975	0.5133247	0.68523306
0.74480397	0.33556902	0.34099522
0.63529235	0.8135935	-0.5587331
0.63662815	0.9928351	-1.0652138
0.34227806	0.18252546	0.11786669
0.9682253	0.21753287	0.67058086
0.5905387	0.7488952	-0.05895768
0.5783137	0.36083108	0.17486982
0.7532129	0.587434	-0.1404683
0.5942996	0.9857378	-1.1348282
0.32833493	0.9950935	-0.09946071
0.8415365	0.4285702	0.9659433
0.5129045	0.76634926	0.29783666
0.22354066	0.8518902	-0.24040966
0.7197495	0.4892422	0.28044942
0.316705	0.78813255	-0.26149985
0.6873944	0.5189109	0.22844002
0.43863285	0.45274794	0.28150666
0.25341976	0.5439811	0.14358203
0.3430583	0.78074497	-0.15838155
0.24722469	0.31606007	0.39835802
0.4606868	0.9027007	-0.15946348
0.8589184	0.8648783	0.35930845
0.7203767	0.8782322	-0.50443834
0.80091226	0.09310508	-0.7027051
0.4181602	0.8724482	0.09785062
0.9966169	0.21076429	0.6846006
0.22956473	0.8016958	-0.6256123
0.7456832	0.9788979	-0.35474336
0.07286286	0.05522138	0.03453981
0.9781886	0.36296624	0.59960556
0.55350703	0.35979682	0.16593993
0.6771946	0.049063683	0.62744856
0.560601	0.3884986	0.25002143
0.5294322	0.04005611	-0.20707867
0.48376608	0.9576927	-0.5123918
0.59205526	0.014040649	0.6172733
0.0011385679	0.3578714	0.3223629
0.1691727	0.43842852	0.45467547
0.7735324	0.12835443	-0.62475693
0.4382251	0.57015043	-0.23846053
0.72312605	0.98901117	-0.5239474
0.98588943	0.34409767	0.5399587
0.08643675	0.79044276	-0.50939924
0.19440496	0.5127321	0.31874982
0.7031913	0.41286373	0.36301845
0.17290622	0.796835	-0.58994496
0.83386946	0.4447475	0.9195826
0.58081466	0.8638694	-0.68702596
0.05704981	0.50113434	-0.18628076
0.55434555	0.23190123	0.2776512
0.57825583	0.24655008	0.28793487
0.6540665	0.61309135	0.108005136
0.43373704	0.1806615	0.104873486
0.35129285	0.56283516	-0.22220497
0.51712704	0.3079071	0.2681504
0.8336537	0.1301589	-0.46194473
0.81468034	0.65564835	-0.17176107
0.5152859	0.5292835	0.05174685
0.5518026	0.57915705	0.39675418
0.3230579	0.64424586	-0.47915557
0.47504961	0.62716925	0.12922399
0.364083	0.6715629	-0.3767561
0.50013286	0.66034514	0.31399363
0.35423005	0.13933796	-0.02255684
0.75505066	0.015487075	-0.4398993
0.96166825	0.68631727	0.46284115
0.99742156	0.939256	-0.197398
0.56961226	0.21666425	0.37615746
0.6911515	0.1447069	0.15370272
0.5096881	0.19453645	0.1698443
0.02479887	0.66252345	-0.8069143
0.6810725	0.14318961	0.24107298
0.6391907	0.06469792	0.9313063
0.1762687	0.29578298	0.14812066
0.057071984	0.58992654	-0.5401602
0.26438773	0.13523388	0.0058500646
0.8757372	0.20940775	0.29454973
0.5551446	0.9078665	-0.79731774
0.42051917	0.63411844	-0.21839747
0.5945953	0.7440477	-0.018259913
0.09438634	0.25482947	0.13257025
0.50219375	0.7438421	0.42397523
0.5872783	0.63935995	0.34274504
0.71883345	0.17697424	-0.19897164
0.67342174	0.35728502	0.18069902
0.4788913	0.844984	0.006670054
0.5393772	0.6667445	0.4147633
0.6284883	0.36489713	0.11570448
0.67714846	0.5940246	0.008093214
0.79763895	0.0048424006	-0.62930405
0.5301057	0.18911195	0.22555365
0.9717043	0.97883433	-0.34584206
0.6386338	0.7797657	-0.37459412
0.16322649	0.1536501	0.043780975
0.75551236	0.5195976	0.2707765
0.25480908	0.883189	-0.12434318
0.8699959	0.73268825	0.32527
0.62462795	0.49796927	0.33349127
0.4420641	0.2475437	0.48764685
0.4777996	0.9786831	-0.57733446
0.92735845	0.07245457	0.52099043
0.46124303	0.3372696	0.57075834
0.34012872	0.2853347	0.7634974
0.55951744	0.006431639	0.08811523
0.72098315	0.44026846	0.4458052
0.4484902	0.27603525	0.5835138
0.95095	0.058392823	0.63622653
0.35690773	0.23766392	0.4909354
0.6443825	0.89408123	-0.9081018
0.97857076	0.72929335	0.36664593
0.6051423	0.9582406	-1.1283499
0.17263561	0.81607616	-0.4320576
0.3526547	0.7299949	-0.21098848
0.07470143	0.7422927	-0.74773747
0.45953888	0.9242808	-0.19979027
0.3111226	0.78663445	-0.3744739
0.8558914	0.14980376	-0.20385396
0.19914848	0.14870775	0.022938646
0.6898118	0.9758257	-0.8215386
0.41914815	0.46462482	0.26506552
0.30181533	0.67538345	-0.566335
0.32814276	0.8125977	-0.094244696
0.13677555	0.054756165	-0.0026575904
0.9409912	0.25045276	0.679976
0.3755474	0.9792131	-0.15647674
0.49546927	0.41977704	0.17012158
0.8204827	0.74214786	-0.04854181
0.9971877	0.45620245	0.5630257
0.44590396	0.5622938	-0.17248291
0.98978263	0.8851064	0.09943055
0.56459796	0.34092999	0.15570334
0.8191171	0.22553301	0.032988995
0.20622021	0.19092202	0.107251674
0.081159174	0.27488405	0.09895105
0.44419193	0.4414643	0.31412214
0.9782886	0.34170777	0.57571834
0.5118716	0.62919307	0.33880422
0.4002902	0.753663	0.1443759
0.22688705	0.54010266	0.27275702
0.99272704	0.0617463	0.684132
0.7845199	0.77690035	-0.18330377
0.34793556	0.8159825	0.031866163
0.19940603	0.41028464	0.46790078
0.4848628	0.6293141	0.14488001
0.2758047	0.50741386	0.33355188
0.47472984	0.41156965	0.301945
0.24892002	0.48536003	0.51296586
0.79275405	0.5517965	0.12332749
0.77103305	0.78150964	-0.27226707
0.8210141	0.9885157	-0.13384387
0.8427505	0.6565174	-0.010480862
0.8581004	0.8714605	0.33934054
0.98634166	0.75292695	0.40832308
0.45862424	0.46465564	0.082874626
0.34612286	0.7543534	-0.22388265
0.5561036	0.78482467	-0.059436373
0.6673294	0.7876353	-0.44644436
0.3455537	0.32099295	0.9771295
0.64220464	0.07783711	0.8256819
0.8438695	0.43484348	0.9262602
0.38478446	0.5751033	-0.29797143
0.19131696	0.7638326	-0.7262256
0.65049994	0.12878847	0.577968
0.6291295	0.0028276443	0.9043735
0.76391083	0.3865776	0.64697427
0.8143094	0.12400484	-0.6210725
0.10369831	0.9886658	0.83093345
0.35007858	0.09046501	-0.066177934
0.389116	0.2618717	0.7666643
0.10259122	0.5996054	-0.3382634
0.04516667	0.68511015	-0.8416261
0.4019972	0.90466475	-0.017300423
0.7121534	0.15883082	-0.059311196
0.7518943	0.3925408	0.6474601
0.020784676	0.5105712	-0.33727184
0.6495026	0.10489249	0.758144
0.52906954	0.70182717	0.36864865
0.5808825	0.31429803	0.19525973
0.9670433	0.97187847	-0.28286856
0.39563072	0.7693683	0.25299636
0.94891894	0.59405273	0.5468217
0.603025	0.12070024	0.69017184
0.14688748	0.06333238	0.0444346
0.8384788	0.9058194	0.11878358
0.8064976	0.84995794	0.07312932
0.5616975	0.868623	-0.5653716
0.8049296	0.62347984	-0.19420464
0.89760447	0.1448443	0.19678293
0.5181778	0.8817877	-0.4223676
0.12283963	0.07119936	-0.021499664
0.78699213	0.4801613	0.5580691
0.5228823	0.016542614	-0.33501127
0.8680649	0.24066174	0.349788
0.18589234	0.07884306	0.10944332
0.13010848	0.038659573	-0.009427306
0.8418781	0.43181092	0.9142372
0.80067563	0.25758278	0.23047674
0.8604531	0.17215794	-0.06893835
0.6675764	0.7614868	-0.32340926
0.18964547	0.15520209	0.068537146
0.7766536	0.30522805	0.41714743
0.21997422	0.49477357	0.41090268
0.91635615	0.5264048	0.67887115
0.4493779	0.59716415	-0.16002549
0.28343636	0.22351068	0.17089951
0.14203948	0.53239566	0.19922788
0.08885223	0.4752012	0.095329925
0.35093355	0.87350464	0.06460057
0.24029994	0.008484244	0.29477298
0.14235151	0.32993758	0.2224848
0.73468333	0.27877665	0.08379187
0.70692295	0.34678626	0.22609039
0.8707447	0.14467865	-0.07250689
0.6044492	0.26935166	0.17408258
0.32887053	0.23416138	0.42755932
0.64972204	0.11042374	0.6986775
0.36630154	0.44252914	0.6855565
0.6694512	0.3038572	0.093825966
0.9877545	0.2223419	0.67155564
0.590433	0.6183038	0.3442773
0.77835494	0.62118995	-0.28462467
0.9585742	0.16330194	0.6802235
0.405046	0.4822864	0.18545218
0.6002107	0.4148298	0.279153
0.83129406	0.43959272	0.8845676
0.60769165	0.68879735	0.185725
0.39924133	0.31257707	0.92079765
0.1894387	0.14215279	-0.00694298
0.5692272	0.19385803	0.40067917
0.5475462	0.16581476	0.2829513
0.1255427	0.36520028	0.13314801
0.6145662	0.92337686	-0.99231434
0.75056386	0.40409058	0.53167677
0.20406455	0.5258513	0.35327023
0.7766374	0.5494467	0.08774959
0.08046442	0.32669234	0.0187345
0.7013849	0.64257056	-0.2514673
0.5268235	0.88665175	-0.48096377
0.3219611	0.55186266	-0.08733666
0.5839251	0.24992669	0.2960598
0.8452368	0.6257535	0.0033695959
0.0034006834	0.09975463	0.22505714
0.20742488	0.85760504	-0.18224841
0.5886939	0.4614004	0.294053
0.8861374	0.28624076	0.5930888
0.32050687	0.8705968	-0.023615094
0.9580369	0.27675235	0.54960006
0.78520256	0.76059765	-0.21668825
0.6265154	0.32374555	0.098466605
0.27019835	0.36129528	0.7388931
0.8582689	0.31660873	0.6983664
0.3479033	0.8511479	0.03564409
0.12843692	0.10559839	0.045955062
0.33790827	0.97688144	-0.058242407
0.69470793	0.8584486	-0.60828775
0.89382255	0.9323357	0.10422623
0.71792567	0.843069	-0.51211935
0.5442724	0.49160606	0.25938457
0.4854135	0.9575531	-0.47922942
0.7311636	0.91322726	-0.41456503
0.24143714	0.19852942	0.021062903
0.223625	0.4897123	0.42377254
0.664235	0.5236212	0.2652272
0.63329613	0.132711	0.6609028
0.62578994	0.3214441	0.15946066
0.87174433	0.98544204	-0.14141229
0.769443	0.5770045	-0.06700029
0.18644482	0.61824286	-0.21959284
0.9368567	0.45924813	0.79825896
0.53775823	0.79800725	0.009626842
0.6148781	0.89034355	-0.8721923
0.009864926	0.80792946	-0.5657795
0.7158789	0.015921414	0.18290895
0.6864498	0.29272652	0.05191645
0.81179297	0.38389063	0.8626337
0.43098587	0.58315265	-0.27048364
0.93954974	0.41178632	0.7973956
0.8703389	0.5021438	0.70839083
0.20299566	0.32944185	0.32643092
0.6116465	0.6231014	0.28536505
0.68618345	0.89473975	-0.75918037
0.30500585	0.05905503	0.1928825
0.27110296	0.29902261	0.49070764
0.33262783	0.26789707	0.62515384
0.15565872	0.6428553	-0.4542333
0.5626034	0.8594648	-0.4955446
0.19929194	0.29396933	0.20862077
0.83565784	0.019899786	-0.57784814
0.91111636	0.55052614	0.6202141
0.46405852	0.64910734	0.120869495
0.37897545	0.86135423	0.085508645
0.8510367	0.32932127	0.74188274
0.3175876	0.5244797	0.17183098
0.66820496	0.3738997	0.15575609
0.21994406	0.78781253	-0.6816979
0.52952695	0.4692484	0.106699795
0.34761828	0.09912944	-0.066915795
0.030541837	0.051706314	0.07266027
0.20817834	0.9009081	0.13800767
0.37150502	0.6374165	-0.3611467
0.70242524	0.28496426	0.043425485
0.5256826	0.47840214	0.09687917
0.50714046	0.47321856	0.08811399
0.12174493	0.5699366	-0.1237551
0.6082666	0.30558997	0.10694872
0.8349781	0.2584831	0.31839877
0.07879436	0.9842985	0.69810754
0.08252555	0.5738562	-0.34452257
0.2242915	0.6112151	-0.21404232
0.73827606	0.5133522	0.23644197
0.22217053	0.97982556	0.48706472
0.021408498	0.7159717	-0.77524674
0.23054814	0.32360393	0.36574864
0.5653849	0.54823697	0.3553266
0.9362876	0.12938273	0.6043508
0.5501859	0.2443102	0.3010946
0.5192169	0.9439483	-0.68154705
0.16420692	0.3630286	0.24007212
0.4324187	0.39024514	0.63962483
0.64240485	0.653945	0.03498012
0.2761336	0.53584087	0.13666418
0.61849207	0.8417218	-0.59789973
0.16383946	0.64559007	-0.4179278
0.8231202	0.54299814	0.29222405
0.23758465	0.54705185	0.14528753
0.3153594	0.8578229	-0.07856619
0.34806448	0.5541532	-0.16549627
0.6598985	0.5689843	0.19908787
0.309358	0.3227594	0.7816803
0.7186763	0.20063901	-0.15122366
0.2592731	0.5023578	0.4347852
0.9242132	0.6148474	0.52135557
0.81900185	0.082638144	-0.7222847
0.96038413	0.17972213	0.7177997
0.12847692	0.67717284	-0.6337258
0.71109885	0.50227374	0.26052058
0.41772473	0.057886004	-0.44289133
0.60482025	0.16702509	0.57746434
0.4847262	0.6400582	0.17887346
0.9946711	0.37856233	0.5312274
0.7102834	0.017363787	0.23018964
0.51205534	0.80175346	0.09846194
0.41993147	0.052170813	-0.50649136
0.9917652	0.581206	0.54764545
0.9536529	0.6321777	0.5652897
0.32686454	0.026733756	0.24526174
0.64401394	0.6786356	-0.054567963
0.32233763	0.5556031	-0.108378865
0.22272629	0.008091092	0.34833512
0.5596581	0.7840965	0.033776186
0.28651744	0.5958082	-0.3049293
0.15225637	0.5608052	0.10436525
0.26641178	0.07880598	0.1266746
0.7766306	0.42107266	0.7254102
0.13929415	0.87602633	0.17442138
0.8112486	0.39704198	0.9248348
0.55151564	0.9466568	-0.92400926
0.30374628	0.1993764	0.13457511
0.8007818	0.124148786	-0.6579284
0.42342365	0.61893433	-0.17329088
0.25608087	0.114424646	0.010051353
0.08001739	0.69888914	-0.7252201
0.58640283	0.8220188	-0.36951867
0.71889615	0.6204245	-0.2249181
0.19255555	0.12599415	0.045434
0.81167936	0.3935818	0.88422465
0.8441967	0.23541272	0.21731198
0.8493813	0.8443943	0.2714521
0.35990083	0.45384365	0.6304094
0.68480664	0.37509972	0.2661928
0.46355557	0.67046815	0.24555062
0.5176092	0.96166265	-0.79711646
0.3467722	0.559145	-0.15433931
0.34644443	0.8010547	-0.02284875
0.5236203	0.051318288	-0.31118724
0.008060932	0.45062882	-0.14620946
0.8328197	0.38585323	0.90291107
0.57616603	0.08002639	0.5807199
0.52291495	0.51704407	0.111422546
0.74878305	0.79465365	-0.3099679
0.4503944	0.674093	0.12293567
0.13805151	0.8466438	-0.16888404
0.16091692	0.6859832	-0.593532
0.6546637	0.29418463	0.06011556
0.052474678	0.039863348	0.041277148
0.7653009	0.41888064	0.6939979
0.46019298	0.40753752	0.35052174
0.96789664	0.56227577	0.54254293
0.61213195	0.4751768	0.39495125
0.69928086	0.03907323	0.32096964
0.8945527	0.2080285	0.3564394
0.52619153	0.28761297	0.32833728
0.8780942	0.97817415	-0.17864883
0.15675306	0.041689634	-0.04673914
0.66776663	0.34122372	0.13239445
0.082874656	0.23318559	0.14619866
0.17019081	0.27318692	0.15936251
0.5722774	0.21523356	0.35540634
0.09629357	0.8775048	0.115990624
0.995187	0.31953502	0.5048842
0.09934491	0.9221283	0.44590205
0.98326236	0.99684054	-0.36758417
0.5674888	0.3026502	0.16377275
0.45134854	0.68415874	0.17184724
0.9885995	0.34263223	0.5614872
0.48977178	0.83465314	0.08636588
0.4790982	0.34221607	0.48881033
0.5796998	0.14407456	0.53841037
0.77218926	0.9527261	-0.300942
0.8414432	0.79021496	0.27729988
0.018694818	0.732479	-0.82087934
0.45623523	0.5651106	-0.13886026
0.52706724	0.22034454	0.27800232
0.14255852	0.695159	-0.71301544
0.3607825	0.20105141	0.2237983
0.36430264	0.895111	0.05752621
0.15916622	0.64298654	-0.37636673
0.8500705	0.62428576	0.044322453
0.63099074	0.3602208	0.18647008
0.39631605	0.26501596	0.6524229
0.87489563	0.6341949	0.2482299
0.6351086	0.87942904	-0.8875962
0.016304493	0.9822192	0.35415038
0.06783652	0.32157475	0.11592974
0.6280518	0.34542525	0.13869022
0.530957	0.76654285	0.22167301
0.6764838	0.082422495	0.49548748
0.24473423	0.7068685	-0.7590975
0.43941587	0.5536866	-0.21497677
0.94773775	0.15749091	0.634239
0.121765494	0.1324156	0.066248156
0.24239713	0.5429252	0.1981071
0.6757647	0.8800456	-0.7129652
0.20564967	0.45070672	0.4628218
0.82858896	0.843559	0.15463191
0.37442213	0.18832308	0.25474006
0.8659968	0.9251199	0.1888193
0.57328457	0.0074195266	0.3461382
0.99623907	0.88209385	0.0027798153
0.1784637	0.027822077	0.045537498
0.021121085	0.532867	-0.50580645
0.3515616	0.99456584	-0.16294654
0.4693892	0.84434086	0.044831984
0.35624528	0.84004724	0.07567311
0.73907894	0.45433408	0.42407927
0.7067571	0.4289891	0.33087325
0.9213705	0.035077274	0.4358863
0.073390245	0.9609043	0.57574636
0.35666972	0.38046068	1.052589
0.717496	0.688293	-0.29788417
0.3986135	0.10240126	-0.24654275
0.5680586	0.947671	-1.0434049
0.3645695	0.9842377	-0.15834382
0.45350438	0.94437975	-0.30598497
0.6373241	0.8914626	-0.9118255
0.86752814	0.6125987	0.24990913
0.46006674	0.20749259	0.1861421
0.8360275	0.55815864	0.2679974
0.7035638	0.57851523	0.0069159977
0.095547915	0.7630681	-0.6164195
0.63021284	0.99777013	-1.1080681
0.6144083	0.64537024	0.2242758
0.8409539	0.70167595	0.0034411242
0.9602788	0.063393414	0.7277491
0.6278093	0.4142747	0.19806284
0.5660029	0.45840967	0.22301379
0.07945961	0.6760086	-0.7265919
0.31480205	0.06494886	0.14050451
0.45089406	0.2431503	0.41159332
0.4067616	0.037557483	-0.45659435
0.19067341	0.4441747	0.46545398
0.02451986	0.3399275	0.23524676
0.41149735	0.07003194	-0.43340385
0.26386356	0.8230153	-0.46435237
0.559159	0.13728166	0.41666853
0.72275	0.29675317	0.17148024
0.4793241	0.9678496	-0.5782542
0.4683199	0.9254791	-0.3125613
0.075817525	0.017082274	-0.07184417
0.24442679	0.7439322	-0.7933274
0.98899937	0.2601084	0.65225524
0.8788143	0.82030207	0.379703
0.4303009	0.9295166	-0.21716602
0.55115944	0.81188935	-0.14482355
0.06259525	0.3057437	0.11745075
0.65178204	0.9742056	-1.0490372
0.024962842	0.7071908	-0.86766803
0.023822963	0.7256704	-0.7625513
0.11851215	0.58780694	-0.1581838
0.73136294	0.8241081	-0.36828542
0.6141766	0.47407758	0.28173363
0.22527021	0.6576605	-0.6480176
0.7639351	0.12556541	-0.6151754
0.81364167	0.5062619	0.5230976
0.2130183	0.7742956	-0.7330078
0.57317	0.54014176	0.36466822
0.57174873	0.22042513	0.34802604
0.39063388	0.45080483	0.5187707
0.16932857	0.582405	-0.024405392
0.46622723	0.5438035	-0.10524809
0.41356027	0.35731208	0.90013283
0.9165722	0.0409714	0.36611927
0.8453037	0.31764203	0.7685547
0.94646806	0.8722628	0.21842751
0.6354079	0.9158793	-0.99240655
0.5156187	0.57062465	0.2144158
0.6458576	0.55886143	0.2744465
0.35781103	0.008334219	0.070890196
0.21809536	0.63918954	-0.43139765
0.09226644	0.6821737	-0.67955095
0.6815067	0.8522409	-0.6132922
0.36391747	0.26931757	0.73135114
0.15406126	0.7595739	-0.72612566
0.96841186	0.5372707	0.66317683
0.35307097	0.5470324	-0.09444998
0.8745138	0.8626922	0.38531208
0.49073458	0.061547637	-0.5238682
0.6189699	0.3375731	0.17952542
0.67225325	0.0049089193	0.7701282
0.45705646	0.19376683	0.12764508
0.14713323	0.8474517	-0.13600174
0.39091897	0.42807704	0.68414646
0.3993457	0.48882657	0.13042979
0.6500879	0.20685244	0.31872368
0.7367939	0.69519615	-0.40917763
0.28370404	0.5751596	-0.15266156
0.363037	0.23367274	0.48646075
0.74755126	0.63272965	-0.2835974
0.26487362	0.0459978	0.24377455
0.30125988	0.2908371	0.563361
0.6837823	0.4922874	0.2687132
0.056186378	0.36494595	0.10878793
0.7341482	0.37311405	0.44010565
0.5031203	0.86054283	-0.23327774
0.09217	0.034778476	-0.024342563
0.5322428	0.87886393	-0.46792412
0.510625	0.9558793	-0.71002614
0.85180557	0.37899035	0.9454372
0.44415885	0.4598475	0.1728397
0.93051106	0.46332926	0.80203354
0.75958306	0.7097784	-0.36804333
0.057389617	0.42069507	-0.015805442
0.48043376	0.6163451	0.11418684
0.1996268	0.48502707	0.52264833
0.9462161	0.41023105	0.7370363
0.92895246	0.30852985	0.7132899
0.58325016	0.20496309	0.491799
0.7926549	0.38207102	0.7751427
0.11674082	0.5670108	-0.0372088
0.783037	0.046128094	-0.68143857
0.096811414	0.14125961	0.1476674
0.19304734	0.90535796	0.25514916
0.36863542	0.8016559	0.096157245
0.890925	0.21765691	0.32802945
0.7468399	0.19811696	-0.25406376
0.0018489957	0.47498333	-0.27109554
0.27701938	0.9685317	0.14349183
0.52526176	0.89593995	-0.58220136
0.5696522	0.71134686	0.2407989
0.89062756	0.0009917617	0.07988497
0.14929038	0.03086543	0.011252027
0.15362602	0.1412502	0.025021203
0.94578326	0.7903078	0.44480747
0.18303382	0.011849105	0.18318246
0.07916343	0.52794176	-0.18588358
0.5767024	0.18318313	0.45611328
0.02607584	0.7991238	-0.57983434
0.35867202	0.17870164	0.12726504
0.35193384	0.46049595	0.58963764
0.3610139	0.44600767	0.6871115
0.05056697	0.6767332	-0.80490506
0.92284536	0.62304914	0.48641917
0.8455629	0.9090834	0.21103656
0.0655337	0.3536265	0.09303895
0.43093753	0.11611706	-0.30905575
0.704784	0.6096633	-0.12175032
0.009301305	0.6985516	-0.82878405
0.27161556	0.545934	0.057962514
0.5052739	0.817677	0.1028035
0.64313966	0.49687302	0.27238986
0.64473575	0.7382826	-0.21214028
0.56302017	0.18785775	0.31684154
0.64581376	0.61305726	0.13753825
0.4774347	0.7471642	0.37385803
0.97971123	0.1898728	0.75447446
0.2111566	0.52024424	0.34587413
0.066609144	0.9059982	0.19990413
0.4445179	0.82303625	0.27510342
0.99532056	0.50439954	0.6251543
0.35701787	0.20650691	0.25259486
0.7655582	0.8653435	-0.13819078
0.57618326	0.15272963	0.51126903
0.7468557	0.4099285	0.560254
0.56186146	0.329601	0.1780085
0.90654767	0.28659374	0.666004
0.69984215	0.7579816	-0.41452312
0.9149535	0.0108805895	0.4320817
0.536429	0.53829145	0.14766604
0.9928778	0.32185942	0.51768076
0.6842254	0.6250913	-0.0685718
0.21398407	0.88471895	0.06866942
0.08726001	0.0032061934	-0.045521833
0.8350828	0.9338832	0.110443994
0.16056526	0.21122277	0.094158195
0.5978608	0.40556294	0.26197582
0.48349363	0.58196557	0.018180475
0.21066046	0.22400063	0.08114346
0.1526162	0.24952447	0.09981665
0.05881518	0.9443416	0.3726961
0.3695106	0.16748416	0.088160455
0.24680328	0.52455074	0.29592133
0.831586	0.34018397	0.8706428
0.68408275	0.28899264	0.048662826
0.97160953	0.66265136	0.46378502
0.7945939	0.04122913	-0.7589717
0.7628649	0.94409966	-0.2431089
0.22288299	0.60196316	-0.2184766
0.6488887	0.26851916	0.1463762
0.3455575	0.73198175	-0.24366595
0.3104142	0.61486965	-0.43879223
0.5769955	0.986695	-1.1018264
0.33242768	0.6536621	-0.45653784
0.021968305	0.7675715	-0.7562367
0.91717196	0.91436744	0.1701318
0.41069853	0.56394166	-0.31359342
0.08217156	0.8178484	-0.3515735
0.5891554	0.8387022	-0.5182775
0.40284395	0.43188637	0.63277924
0.38298327	0.90510863	0.014214365
0.5059319	0.78809875	0.20673837
0.42199224	0.75199366	0.22752523
0.2440499	0.1911099	-0.044145815
0.86356676	0.20243186	0.09256628
0.7800169	0.73159343	-0.2862113
0.581383	0.71943146	0.19505861
0.40182263	0.09659338	-0.2515307
0.068837464	0.032334924	0.040993262
0.10042125	0.31522554	0.103179194
0.6344344	0.3585288	0.12560517
0.37442887	0.84484273	0.17748442
0.19090247	0.9106613	0.27060142
0.045053303	0.81615365	-0.44821241
0.79134375	0.3971442	0.79311275
0.45641345	0.050079584	-0.6902634
0.15050858	0.75498587	-0.7113354
0.7227139	0.21295226	-0.141643
0.22898263	0.17483962	0.0006346684
0.45299113	0.2314564	0.38421565
0.55900145	0.077759504	0.28870857
0.7499826	0.40958434	0.58042526
0.47288674	0.9189872	-0.30629015
0.16409528	0.4051293	0.35567737
0.39602697	0.77676797	0.22094765
0.05833876	0.51500535	-0.21467195
0.25324577	0.7940894	-0.62072486
0.917092	0.5138317	0.7221096
0.05519724	0.036636412	0.062090497
0.17989415	0.68108696	-0.6253263
0.36030376	0.7813302	-0.019329498
0.25641835	0.7193382	-0.7289191
0.809527	0.283666	0.44284388
0.99783474	0.9697256	-0.34686002
0.3988781	0.5922148	-0.3213112
0.49693048	0.06621742	-0.46834174
0.583386	0.08633977	0.6425647
0.92016554	0.78303194	0.5489427
0.42502296	0.27779096	0.70291215
0.46451837	0.54620993	-0.1625852
0.13618445	0.45079	0.2698861
0.79793566	0.45220608	0.7205408
0.96106017	0.1199314	0.67438823
0.09719336	0.19457728	0.11957594
0.12700874	0.4202996	0.22089717
0.10715461	0.5581214	-0.1471882
0.1869176	0.051549792	0.068374485
0.58160764	0.5629618	0.4159754
0.5667169	0.10645139	0.501501
0.8265167	0.42032242	0.90185845
0.62691486	0.9113278	-0.9451398
0.39943564	0.17690247	0.10993541
0.9590214	0.81793445	0.41260362
0.078823745	0.96480656	0.62884575
0.85612154	0.16997957	-0.09568568
0.86357456	0.8277913	0.36714453
0.1765086	0.12324405	0.05800649
0.17359954	0.44048125	0.46798602
0.470702	0.7435755	0.4179428
0.36072344	0.13537139	0.06251338
0.85947317	0.07738954	-0.34157336
0.66422105	0.34106243	0.09534049
0.4345575	0.5157643	-0.13803157
0.7241796	0.18304074	-0.18563884
0.93759507	0.6617092	0.47199318
0.7388693	0.030971944	-0.23366666
0.68234885	0.117836714	0.29972318
0.06466699	0.062821686	0.018255573
0.28694445	0.8037031	-0.37926537
0.22297686	0.8356388	-0.28030783
0.90410995	0.24451691	0.5175542
0.27380115	0.9722554	0.12376569
0.008395255	0.7609934	-0.7223434
0.0733248	0.7498782	-0.5940227
0.35707092	0.23951823	0.5147564
0.86757946	0.021541	-0.17460562
0.5277772	0.367378	0.23168324
0.9242214	0.031974256	0.4935815
0.4376263	0.3406725	0.7088961
0.68056756	0.22787154	0.07287772
0.39631778	0.24072075	0.565445
0.9748761	0.47415125	0.6538553
0.33050245	0.3153286	0.84070945
0.17700559	0.42307317	0.41928175
0.20353937	0.5209152	0.30334857
0.20054758	0.6369137	-0.36125505
0.5222644	0.74938977	0.28554952
0.86771	0.24061942	0.34484023
0.0048102736	0.15032172	0.30897245
0.893926	0.62487364	0.35375705
0.7843903	0.68927467	-0.33988878
0.30906296	0.5835429	-0.29114547
0.36362427	0.5638225	-0.17235406
0.2596718	0.9861531	0.2550226
0.7266143	0.94192463	-0.53142554
0.65194535	0.49382496	0.27540946
0.8698929	0.5245085	0.6126847
0.6046477	0.7305086	0.017669616
0.0913744	0.12188035	0.10904475
0.55357015	0.4776768	0.2303765
0.8513162	0.81690544	0.3303875
0.4431104	0.91924256	-0.19554007
0.15748894	0.08114517	0.06235202
0.5466607	0.4348296	0.23812532
0.92295486	0.93679655	-0.003291933
0.51390666	0.6952661	0.39292672
0.35267836	0.28780937	0.8189687
0.12783766	0.88439673	0.24233273
0.8861827	0.04016912	-0.0006971909
0.40883052	0.24851698	0.5849538
0.0020131469	0.13382596	0.31168076
0.76015204	0.96598595	-0.2740889
0.91408694	0.08214295	0.37312916
0.82551676	0.999616	-0.082570545
0.77317667	0.8231876	-0.14689521
0.40605158	0.55463016	-0.24071471
0.85800636	0.50166684	0.67178226
0.17771524	0.5232186	0.28998962
0.42901474	0.6760836	0.043778963
0.5780244	0.415363	0.17345898
0.7176634	0.46715236	0.35725167
0.76974964	0.7507971	-0.27136263
0.08462441	0.32710153	0.10122882
0.43991005	0.075721145	-0.53401697
0.8186896	0.740613	-0.049663395
0.12226653	0.26104146	0.0785027
0.4824249	0.35176563	0.42183918
0.31763667	0.7014657	-0.5655422
0.31305754	0.008772194	0.35621667
0.11525303	0.23659235	0.11680111
0.8868733	0.10151088	-0.027232382
0.24731821	0.37163848	0.6021656
0.9490904	0.5967993	0.62662095
0.92977554	0.58526224	0.59130406
0.35797125	0.23397845	0.51719123
0.5735958	0.2326616	0.26919568
0.7736951	0.56181943	0.0002623438
0.31630486	0.62512755	-0.46054798
0.68144757	0.49748117	0.2576235
0.6034924	0.06935805	0.80955
0.875363	0.446307	0.8883216
0.069766164	0.6272505	-0.6472893
0.23534912	0.8898444	-0.016755262
0.13609284	0.73778546	-0.7685034
0.43787694	0.41124088	0.48071826
0.4909014	0.65037155	0.24789159
0.09475994	0.5220482	-0.03965964
0.4140997	0.5758881	-0.22797865
0.33792382	0.56417984	-0.20789362
0.34449142	0.7624839	-0.15600073
0.9850278	0.0551365	0.7542896
0.76696724	0.16545987	-0.46589562
0.68495166	0.92894965	-0.79831374
0.55287814	0.22689682	0.27972832
0.56328493	0.6418313	0.39219713
0.46084565	0.15471083	-0.14259921
0.21980035	0.16206777	0.056798868
0.29069972	0.979144	0.09373041
0.8630249	0.5315945	0.5818352
0.9306445	0.2925356	0.7050365
0.22359437	0.66235906	-0.6045614
0.36097068	0.30867213	1.0110979
0.70111346	0.59314054	-0.037197642
0.20767033	0.10204399	0.045863893
0.7227783	0.56851566	0.008337762
0.89387673	0.7523358	0.45700353
0.49731052	0.6036566	0.18242759
0.59771436	0.5426812	0.4363808
0.3167807	0.029554963	0.2590466
0.1475305	0.3629344	0.20557252
0.33116883	0.9037832	0.031065319
0.9094828	0.68842244	0.41644582
0.9974646	0.6693774	0.3892278
0.9557531	0.9581266	-0.20768765
0.58867985	0.7147371	0.1408158
0.26075166	0.7388427	-0.73647434
0.4792149	0.1893639	0.07100107
0.93155205	0.5838534	0.5407283
0.25583994	0.27429223	0.3067019
0.49550945	0.9188223	-0.46632147
0.7755556	0.7043706	-0.3877319
0.2528547	0.78850716	-0.59320515
0.4198318	0.4455797	0.3762392
0.8228787	0.2777657	0.5035591
0.02027005	0.714674	-0.8274103
0.9550093	0.43406057	0.7039144
0.41580254	0.74672574	0.24918532
0.17838842	0.1804679	0.04210213
0.6545226	0.27087617	0.13112852
0.85460144	0.37102294	0.96736854
0.74394184	0.5243105	0.13100524
0.042890906	0.94321847	0.26773944
0.65806794	0.2587756	0.10837215
0.6292687	0.85986626	-0.7808885
0.2788939	0.7740654	-0.57155263
0.07175583	0.6411314	-0.6860156
0.85707116	0.17431116	-0.061644707
0.089351654	0.47336948	0.05323804
0.02773726	0.3189528	0.27623996
0.036920786	0.38157678	0.13952824
0.6764667	0.8361916	-0.5164418
0.5633037	0.46550477	0.29674706
0.4300859	0.595258	-0.25772732
0.5186812	0.16162217	0.06757305
0.65355086	0.406321	0.2483463
0.83347887	0.4119239	0.9884999
0.8697156	0.035936832	-0.21291246
0.34609663	0.8682351	0.038783412
0.5663304	0.85826254	-0.5478499
0.12061584	0.27070367	0.08137305
0.23077846	0.034819186	0.21585794
0.64686245	0.44841766	0.23032089
0.6460844	0.72725946	-0.17466041
0.6566751	0.17788601	0.3289359
0.5313344	0.8131234	-0.051489577
0.012787759	0.47283417	-0.2549834
0.61351705	0.5499322	0.39369774
0.8685749	0.8902644	0.30874327
0.29358816	0.2359941	0.22351578
0.20190758	0.497119	0.38707244
0.53600734	0.9755918	-0.9321778
0.66142875	0.4304104	0.29792306
0.10747552	0.40432906	0.1163176
0.7859007	0.42918825	0.73619413
0.67197144	0.97956413	-0.8609996
0.21915972	0.5516542	0.1837783
0.8018853	0.2364685	0.04878372
0.5702684	0.16585875	0.47765085
0.7865193	0.7899172	-0.178776
0.9710256	0.3209142	0.6091139
0.9825129	0.49764472	0.5944369
0.012342334	0.79789346	-0.5794083
0.70138234	0.05048704	0.31987315
0.13677448	0.67651314	-0.5686734
0.5588677	0.25800657	0.28785908
0.7581013	0.4183367	0.6167613
0.6896732	0.54937965	0.13166714
0.69230074	0.11047286	0.21513501
0.39741164	0.20304728	0.3403518
0.46461052	0.6950544	0.29617265
0.9802665	0.9950365	-0.3873969
0.6999888	0.7902056	-0.4378234
0.35505712	0.66289884	-0.42808515
0.82966024	0.3704539	0.9449134
0.5897018	0.23712724	0.33157638
0.40145755	0.40405893	0.74575573
0.1619342	0.49049246	0.4154098
0.4548837	0.52527964	-0.15423873
0.38235974	0.7768784	0.1624715
0.5700313	0.41795468	0.31161112
0.6580762	0.9428758	-0.9716296
0.80419064	0.70067394	-0.25965595
0.39431268	0.87013227	0.15963481
0.41036874	0.6611425	-0.15256298
0.64425826	0.0641104	0.8144878
0.25343585	0.2571352	0.23571347
0.9470167	0.52292013	0.69159484
0.27188998	0.6876487	-0.7396573
0.122029185	0.11477351	0.10664305
0.10283172	0.49681854	0.08268242
0.6377262	0.80255246	-0.44937757
0.11829507	0.0062456727	-0.077707425
0.43628252	0.06649727	-0.54204565
0.84219396	0.33574897	0.82855755
0.254399	0.4910589	0.43762243
0.81604934	0.33816445	0.7555166
0.24477452	0.7582386	-0.76070076
0.3766471	0.81979525	0.12845184
0.07337451	0.26036823	0.12398945
0.15141708	0.72222435	-0.736128
0.662762	0.76251024	-0.39080402
0.20109838	0.47626776	0.4776063
0.8455059	0.7821531	0.23785327
0.1074847	0.015575528	-0.012560602
0.95660275	0.8201292	0.44299185
0.5754831	0.97398514	-1.0880921
0.67305636	0.36786956	0.22298877
0.8872914	0.76186	0.46759716
0.8580793	0.49999136	0.70585376
0.14587915	0.46665877	0.3004238
0.36710006	0.124842346	-0.09902865
0.53279907	0.4747777	0.1281976
0.21276218	0.50568014	0.44909033
0.5371891	0.46350485	0.21515007
0.17231369	0.8589309	-0.08091692
0.37177467	0.22742146	0.4873753
0.63739747	0.30721623	0.08462564
0.19153827	0.057204306	0.09448397
0.56626433	0.5416692	0.33510616
0.06278682	0.2776404	0.12146297
0.10108799	0.22638977	0.11234097
0.17464691	0.8568147	-0.1055048
0.26235753	0.35980415	0.6054508
0.7636223	0.18874228	-0.3041295
0.813407	0.83765846	0.11499139
0.26694608	0.90601975	-0.004379427
0.16272986	0.5724727	0.06437527
0.9092137	0.62095	0.47288227
0.6751056	0.5807621	0.16583231
0.5454119	0.6985315	0.35167238
0.754084	0.028286159	-0.42814514
0.12063396	0.83722776	-0.18817088
0.95168746	0.43910867	0.7537802
0.996514	0.7087725	0.35117754
0.97182244	0.29916626	0.6741562
0.82762975	0.3217702	0.73613423
0.6868055	0.064355135	0.49918008
0.38373172	0.78029436	0.15206294
0.28686202	0.99109024	0.07295114
0.14986813	0.88058525	0.15944546
0.29926026	0.088682234	0.104565084
0.8687491	0.7014595	0.20642331
0.25160247	0.3990997	0.6902143
0.11841446	0.50668454	0.1801804
0.5216421	0.7476048	0.27700958
0.8085399	0.097141325	-0.7372227
0.9331268	0.25989264	0.65431935
0.7287404	0.40914094	0.47614005
0.33209485	0.45126337	0.66767764
0.18658918	0.40770787	0.39407876
0.24583435	0.24840373	0.17513669
0.07715362	0.045830727	0.019818153
0.35655916	0.16553503	0.041955724
0.91111803	0.64499587	0.42680156
0.5138065	0.42724192	0.16545597
0.85917145	0.7349542	0.20535612
0.3374145	0.93966556	-0.04370664
0.28415167	0.8848115	-0.074996695
0.60624075	0.30284357	0.17926422
0.21432018	0.551664	0.14337765
0.22227037	0.23176467	0.110095926
0.41887128	0.37777323	0.8075214
0.55421376	0.5920037	0.38959244
0.20267892	0.19261372	0.008378271
0.097174704	0.56024706	-0.14294098
0.55899775	0.94482374	-0.9902359
0.5247416	0.2951302	0.24510089
0.50307417	0.4407882	0.13536423
0.34051496	0.27555966	0.72975326
0.90370613	0.05372566	0.20788416
0.9455281	0.5753339	0.61520004
0.90653646	0.9973677	-0.3883864
0.15675181	0.07021761	0.026969684
0.77412766	0.90645397	-0.19124967
0.87346876	0.5317081	0.60371155
0.9020001	0.7311437	0.39731705
0.8551867	0.71356046	0.1318416
0.15038913	0.8305676	-0.29530674
0.3863576	0.47786015	0.29692656
0.7677957	0.5691079	-0.033078518
0.3531074	0.7043823	-0.31079707
0.4122721	0.4512688	0.4077131
0.11955023	0.07612413	0.033035357
0.42339778	0.44997305	0.3496657
0.48221326	0.6077615	0.073512435
0.3106845	0.97592306	0.030788437
0.85229754	0.74924624	0.17113589
0.6320988	0.88209206	-0.86524093
0.19116753	0.7472171	-0.7793465
0.0029625893	0.9294648	0.02948464
0.35169524	0.17463887	0.16041599
0.75141996	0.29433608	0.2633254
0.71596354	0.28608632	0.012157679
0.49121475	0.30799663	0.3966459
0.7823201	0.16134495	-0.52960014
0.48720276	0.98599553	-0.623569
0.16875654	0.38730246	0.33502516
0.25975382	0.69573265	-0.7873543
0.42940903	0.060878277	-0.5431117
0.86152864	0.6796183	0.10310773
0.3804419	0.47496784	0.43348005
0.84031075	0.7699425	0.13218981
0.21475613	0.20460713	0.1294405
0.6820803	0.3087929	0.07618531
0.059589624	0.26261258	0.2392801
0.16079271	0.9870787	0.8833309
0.7542875	0.07216674	-0.5612177
0.19775522	0.19493473	0.065353006
0.7383016	0.761518	-0.3381589
0.9800063	0.460764	0.6405455
0.46078914	0.9049104	-0.22864878
0.5204527	0.26141053	0.32826
0.075556755	0.026566446	-0.034186054
0.8426501	0.049082994	-0.48937532
0.8390074	0.33983278	0.8907938
0.83701426	0.05150628	-0.53848374
0.14228517	0.21945739	0.113328576
0.7662282	0.011598289	-0.45640272
0.11214417	0.9670955	0.78647834
0.9679646	0.7505013	0.35599783
0.44143027	0.9576588	-0.32987553
0.35411352	0.7820523	-0.06415686
0.65806276	0.37729102	0.21315569
0.99635565	0.21207589	0.6877214
0.71565545	0.33701134	0.26239017
0.84022737	0.021057785	-0.5511779
0.2201795	0.92031324	0.25972062
0.41357374	0.64204717	-0.15582554
0.69890404	0.10200626	0.107427716
0.32388353	0.4555083	0.6756288
0.45710778	0.7494732	0.37330136
0.03871858	0.6705781	-0.8214503
0.6764071	0.42150277	0.29707187
0.020394444	0.16344762	0.2595715
0.2749002	0.4692011	0.57286704
0.3526944	0.350223	1.0695142
0.07135725	0.65190446	-0.69435924
0.3818407	0.34949768	1.0878483
0.07525158	0.788297	-0.5457199
0.42194474	0.54259497	-0.20251553
0.4034754	0.5343127	-0.14625852
0.69664156	0.61588526	-0.10362118
0.64163005	0.9660966	-1.0260768
0.9576401	0.2556225	0.6489986
0.40274322	0.05540949	-0.33740985
0.8550128	0.45767385	0.8457484
0.52138656	0.9180206	-0.6931394
0.6005437	0.66622853	0.22179264
0.16271019	0.2510165	0.122629374
0.80009	0.59379643	-0.04034534
0.5482474	0.98973054	-0.9651507
0.2590655	0.58557147	-0.18562053
0.53516304	0.55250317	0.23516817
0.3600309	0.50702196	0.22409919
0.29490834	0.06768602	0.11541166
0.8686002	0.23789155	0.36280403
0.5575424	0.39288926	0.17803352
0.7812177	0.32659853	0.6114039
0.8971857	0.84620374	0.43350568
0.66848457	0.6498726	-0.054792482
0.3037722	0.4383878	0.7433516
0.36700505	0.8758638	0.12999924
0.9137702	0.47990435	0.8075758
0.06678885	0.762522	-0.67096317
0.06403279	0.9489665	0.51136076
0.92223835	0.0013085008	0.5099977
0.17247903	0.5729615	0.03638237
0.69073826	0.73916113	-0.33143854
0.11946559	0.13915282	0.07411048
0.24561894	0.7232909	-0.7633332
0.3023429	0.5992108	-0.32980645
0.67066187	0.79936033	-0.50916165
0.8223845	0.1585449	-0.38634756
0.7355431	0.7031923	-0.36016595
0.49478042	0.37950867	0.25054035
0.8925125	0.7522376	0.4218954
0.63030845	0.41778505	0.27635127
0.2290628	0.6556887	-0.59725296
0.8501633	0.48452765	0.71776474
0.22396809	0.020258784	0.22758915
0.21785402	0.88515365	-0.021906987
0.72132486	0.9118697	-0.57344824
0.25612146	0.70742315	-0.79575783
0.9661623	0.9590667	-0.24272075
0.38592297	0.14497066	0.014691882
0.6470463	0.029565156	0.8709175
0.26403344	0.8544564	-0.23174673
0.120399356	0.6616102	-0.6296814
0.53596914	0.100318015	0.11585298
0.04141909	0.8432538	-0.2747596
0.5102569	0.21029723	0.22200868
0.65777403	0.36071062	0.13649625
0.23503953	0.32032472	0.37331656
0.2973041	0.6450922	-0.57304734
0.65628475	0.92998195	-0.91873807
0.12559056	0.32934242	0.14459023
0.21999776	0.092062056	0.061964165
0.7847875	0.8615432	-0.072847754
0.6943554	0.56127703	0.027069189
0.51959264	0.159208	0.15389672
0.13857931	0.12972558	0.101980135
0.7187968	0.00570184	0.17162696
0.004135251	0.029703796	0.0102767795
0.8499062	0.70457274	0.035158377
0.6770224	0.2342323	0.11450906
0.32685226	0.05250281	0.14404973
0.9291792	0.780466	0.49812064
0.6338576	0.34493613	0.09459098
0.07189202	0.63417727	-0.6215141
0.2547816	0.31736523	0.45986792
0.7400042	0.7361383	-0.4319447
0.8028387	0.6292351	-0.19575027
0.6046831	0.9842967	-1.1306456
0.3673848	0.71421653	-0.21920614
0.8440921	0.18362838	-0.16105847
0.73968846	0.30194253	0.23309828
0.6735584	0.33081675	0.09690089
0.36885935	0.30350065	0.89832914
0.21422893	0.3920136	0.48057956
0.9483373	0.2018922	0.6255142
0.5865544	0.46810448	0.26012713
0.20347941	0.9297114	0.38194937
0.9547574	0.14151454	0.780947
0.08979058	0.15464562	0.16562118
0.1190632	0.17939264	0.1042633
0.14988989	0.92168206	0.48811886
0.84849876	0.13409418	-0.3035704
0.3176881	0.6963716	-0.54666626
0.18563825	0.5081066	0.34144926
0.98722494	0.00807929	0.6659842
0.092037976	0.29812843	0.09475777
0.34433562	0.64360416	-0.4970137
0.29597032	0.36826265	0.792699
0.61296755	0.80591744	-0.38038358
0.22190833	0.633961	-0.3943181
0.5645357	0.917488	-0.81334513
0.869896	0.59307384	0.32129976
0.9470142	0.0495494	0.60964644
0.03208387	0.84728694	-0.27167627
0.70261514	0.7752321	-0.41962588
0.2914886	0.57809234	-0.2089837
0.6494228	0.6364583	0.05289497
0.74693996	0.23981464	-0.09443731
0.5872258	0.057328224	0.6511194
0.58440834	0.07977563	0.6480732
0.56733704	0.29605335	0.19189006
0.7916153	0.10307747	-0.69077104
0.40849948	0.6532464	-0.19045445
0.7068685	0.7678975	-0.40105343
0.9516002	0.5936814	0.5987901
0.53040886	0.4646359	0.18059967
0.0019623637	0.956511	0.13222747
0.085109174	0.7595486	-0.64157015
0.74468434	0.96702	-0.46375462
0.07151735	0.7443511	-0.70214844
0.2780382	0.5715107	-0.09526469
0.41220105	0.06442928	-0.45534953
0.5278488	0.91532785	-0.61112034
0.30627042	0.46169573	0.6318042
0.9685792	0.46645015	0.6964321
0.6507123	0.32026273	0.06507015
0.41288722	0.81838065	0.24105984
0.11753166	0.48819262	0.19000533
0.36236084	0.41310173	0.8465029
0.8448444	0.15991926	-0.2541513
0.8241359	0.9010198	0.17673753
0.4141829	0.3019191	0.8166437
0.9147282	0.56297433	0.58754563
0.55293554	0.16778302	0.3173116
0.40692443	0.1921218	0.26710424
0.58475494	0.5053227	0.3140345
0.0050672293	0.02965182	0.11147639
0.51295686	0.40540802	0.19519536
0.48794484	0.832223	0.08351525
0.5953202	0.62228656	0.32833758
0.23365617	0.39272267	0.55646515
0.85112756	0.3716439	0.90064853
0.15562236	0.4590361	0.37631926
0.9051665	0.46542585	0.86035097
0.66127306	0.0860576	0.6216748
0.22738284	0.8925352	0.013651695
0.59981525	0.44338554	0.25186548
0.79313385	0.1754762	-0.39443523
0.84242857	0.89228785	0.22208907
0.68373954	0.82716304	-0.55824846
0.24617332	0.31694078	0.45886815
0.62755275	0.6331148	0.18825957
0.045684695	0.5261401	-0.37345105
0.34657758	0.058463037	0.058759082
0.499268	0.096398175	-0.3053006
0.5533804	0.12858438	0.36642095
0.8576936	0.07511449	-0.38865793
0.25204414	0.094790995	0.02415593
0.5826584	0.5832512	0.3740574
0.81305015	0.8167361	0.095162615
0.59497416	0.5577643	0.41052547
0.8690177	0.32135373	0.7751711
0.9860707	0.5823371	0.49471593
0.8286651	0.6719754	-0.14352988
0.70308024	0.94407386	-0.7737388
0.086812854	0.014107525	-0.114976965
0.92331874	0.20164484	0.53359234
0.10002202	0.5152337	0.06005312
0.27703464	0.047344625	0.1859118
0.49525118	0.74970037	0.3403797
0.7846044	0.44855422	0.7123752
0.046299934	0.58716375	-0.5714444
0.9177729	0.015499473	0.4146259
0.7096327	0.3421777	0.2293422
0.492059	0.69964886	0.39260662
0.2813611	0.81527835	-0.36201233
0.03093338	0.08747059	0.15539965
0.21608752	0.33798426	0.31853527
0.040100753	0.8054451	-0.49101555
0.058806896	0.21156448	0.26082397
0.39557433	0.17160094	0.13035372
0.40840513	0.13875765	-0.12295527
0.36448324	0.5408934	-0.085441954
0.1780253	0.31608588	0.19850461
0.5507948	0.16596705	0.3297319
0.9125045	0.8126166	0.49899045
0.22210997	0.9713587	0.53622276
0.6115346	0.8065804	-0.4110243
0.010910392	0.61530155	-0.80330783
0.3179062	0.22085083	0.37596542
0.2083019	0.3382638	0.31141782
0.28227395	0.6205943	-0.45265806
0.69081724	0.8744566	-0.6549642
0.9676408	0.8843013	0.0718229
0.20120549	0.14334029	0.038670793
0.36188418	0.764589	-0.089457124
0.764187	0.16454327	-0.4929864
0.33248067	0.019473076	0.2204633
0.19346982	0.65078187	-0.5648864
0.16869873	0.4438545	0.40717307
0.69738173	0.5650888	0.026611727
0.34446412	0.5622711	-0.1546781
0.91591644	0.21494472	0.49875692
0.10971755	0.28215337	0.13857904
0.89643145	0.9551866	0.028564475
0.13583642	0.8895789	0.2721338
0.6768133	0.19721514	0.08607471
0.9314454	0.2504909	0.66788006
0.05242169	0.11206037	0.19028005
0.89833057	0.62719756	0.38785693
0.4153207	0.5891239	-0.27328616
0.7257363	0.022958815	-0.054814085
0.8978323	0.6855981	0.4242369
0.24265349	0.8855823	-0.022410728
0.7509367	0.8924925	-0.31089061
0.4255306	0.018611372	-0.62301123
0.47065735	0.5871354	-0.08475584
0.78483737	0.7755906	-0.12832683
0.40350187	0.93684745	-0.06448662
0.99064016	0.929264	-0.107065916
0.48874873	0.09150201	-0.3681481
0.44912487	0.72374535	0.3069206
0.35914457	0.3766014	1.0432692
0.30172694	0.7854421	-0.3940851
0.786922	0.5333392	0.23515545
0.8051207	0.27388984	0.35230973
0.17700016	0.36493313	0.2634942
0.83438236	0.20256627	-0.097940974
0.7670324	0.5930918	-0.13951816
0.13268	0.61525226	-0.27759245
0.4149896	0.21680921	0.3376332
0.82464564	0.6001461	0.014954967
0.8436161	0.62832445	0.04289492
0.2779019	0.3866729	0.7330574
0.09715366	0.9120138	0.38779676
0.84177524	0.53641725	0.4394295
0.08223575	0.95245403	0.5625548
0.2561519	0.3858354	0.65509653
0.5166249	0.15920758	0.08663765
0.95927286	0.78173006	0.3909756
0.1656406	0.7773649	-0.622107
0.058760703	0.5200455	-0.2778043
0.054204643	0.27538234	0.19566993
0.7202953	0.23155671	-0.09599034
0.019013703	0.9448503	0.13530627
0.84087694	0.102181196	-0.5071876
0.016857147	0.48527074	-0.33222342
0.26030916	0.6602953	-0.662132
0.036564052	0.5243316	-0.4468038
0.6913909	0.71067566	-0.32839006
0.44041705	0.8466469	0.18594308
0.6677143	0.7810399	-0.39684305
0.8478404	0.044751465	-0.44076866
0.17120057	0.39149553	0.2993124
0.6690418	0.787216	-0.45956707
0.2529074	0.22551537	0.08729959
0.40367824	0.39620417	0.82785773
0.44764203	0.5072157	-0.07275864
0.76797533	0.7909708	-0.27258754
0.10091221	0.91663414	0.47890905
0.5077035	0.17388618	0.0884438
0.8349404	0.6214046	-0.015572919
0.3891549	0.070213616	-0.2374915
0.5980547	0.055276573	0.79946196
0.55407184	0.39836442	0.17550424
0.38110304	0.5379015	-0.094792485
0.15029901	0.26182663	0.16338386
0.13620663	0.30873471	0.098583035
0.2575162	0.23932815	0.18341897
0.32340133	0.0009263754	0.36849132
0.68482953	0.48967886	0.20327002
0.70923257	0.12607104	0.02187479
0.7444013	0.03914666	-0.29991463
0.9120591	0.31812078	0.7685578
0.76816964	0.7134097	-0.35930067
0.10044968	0.98308563	0.86967677
0.49601358	0.7568816	0.40111607
0.22865874	0.7374389	-0.80986494
0.14785463	0.2884087	0.1283661
0.37730038	0.87156385	0.12274634
0.77689576	0.44763535	0.6910978
0.6290274	0.8952317	-0.91197675
0.7136063	0.7289709	-0.42601475
0.05766207	0.65729576	-0.7532063
0.045614064	0.59871536	-0.6779389
0.38645917	0.7676929	0.10217905
0.6640126	0.8935192	-0.81754345
0.65965873	0.76983994	-0.3560079
0.21517938	0.33126384	0.29060835
0.5204438	0.1426419	0.033656362
0.9486438	0.9096164	0.059318893
0.49720085	0.36548644	0.26910686
0.13092029	0.71111417	-0.6793513
0.7567793	0.23816293	-0.023227368
0.26834846	0.9749569	0.21663532
0.12993097	0.9174074	0.48895308
0.56061363	0.35102665	0.20754838
0.6909026	0.5797172	0.0061331727
0.5513274	0.3489067	0.19968799
0.43482143	0.27948278	0.6831126
0.6692944	0.66550314	-0.16038227
0.87513155	0.32239264	0.76263
0.40900552	0.40843165	0.74426466
0.4989848	0.2574488	0.30069202
0.5860177	0.061968148	0.62584335
0.8829819	0.03695196	0.035947286
0.48698407	0.4631716	0.119538814
0.105045676	0.09350097	0.064239405
0.8183228	0.99570507	-0.1345311
0.33600986	0.122335196	-0.029939706
0.2957614	0.3471465	0.7632682
0.98338175	0.51156694	0.6246556
0.1867885	0.5647572	0.14090165
0.38461596	0.71947825	-0.104795516
0.5947985	0.26839733	0.2540136
0.5933778	0.7675409	-0.11170562
0.5937865	0.9611812	-1.1193429
0.84185547	0.41022778	0.92708653
0.8318325	0.59375674	0.061793625
0.37014604	0.101097286	-0.10000364
0.3328278	0.19788128	0.1730943
0.22273606	0.40631765	0.47526407
0.6725684	0.9779874	-0.9376548
0.9595942	0.63976914	0.5303283
0.23236072	0.30083007	0.31188026
0.4188664	0.2246247	0.40307394
0.87267256	0.72513646	0.2800887
0.10528296	0.69672155	-0.7292251
0.929412	0.08759147	0.5646497
0.67259216	0.20350492	0.12155783
0.29235637	0.61842203	-0.42851716
0.69642514	0.2804674	0.08376651
0.4689014	0.33904546	0.51014686
0.7700368	0.9025386	-0.18550588
0.7548294	0.44268787	0.5507888
0.2755419	0.07254881	0.046478197
0.053336322	0.73797876	-0.7115346
0.6765897	0.88579917	-0.7700528
0.89993733	0.47960043	0.8335394
0.39078158	0.9354067	-0.10082205
0.5073585	0.951277	-0.6894526
0.3673526	0.96704364	-0.125051
0.6970194	0.12783998	0.13491125
0.17128932	0.15296334	0.073323086
0.33569694	0.64966404	-0.54379624
0.2006684	0.8904095	0.08227511
0.14297748	0.6074394	-0.22929913
0.47230834	0.93693817	-0.4374622
0.37931573	0.8164794	0.12852909
0.57810575	0.7066969	0.16416574
0.73959917	0.37191546	0.4200379
0.09232861	0.19419342	0.15727188
0.7802356	0.1488396	-0.5444816
0.9139748	0.41051418	0.8776031
0.9127011	0.2198205	0.49011838
0.4855407	0.3376497	0.41552982
0.62475896	0.6537844	0.16038638
0.5423109	0.83023125	-0.2935943
0.18252087	0.7602566	-0.70740986
0.033768237	0.08281171	0.13316298
0.058955014	0.85812527	-0.12732473
0.07276827	0.8697343	-0.06023242
0.57242525	0.2541439	0.3199116
0.0632987	0.7977079	-0.469519
0.41308677	0.8646734	0.0922905
0.55492127	0.023078263	0.13877991
0.73482454	0.73662764	-0.34251544
0.18640304	0.104439914	0.040445693
0.21657205	0.6927413	-0.6537783
0.5179693	0.9375223	-0.7035317
0.31372368	0.21033931	0.19214407
0.017327309	0.3501826	0.25485098
0.38671285	0.08558303	-0.2838963
0.94542867	0.59904903	0.56254417
0.7014407	0.97978115	-0.66722935
0.8629429	0.36706716	0.9039676
0.06933099	0.97530496	0.6828098
0.40830797	0.55669355	-0.20944156
0.3286426	0.73731655	-0.3672935
0.96747833	0.5273666	0.6826652
0.72756445	0.7765082	-0.3751235
0.77064335	0.7484323	-0.25300068
0.11684394	0.9217918	0.50356686
0.065925896	0.5177854	-0.24893361
0.64430535	0.012851715	0.9399148
0.96533823	0.9025786	0.055178937
0.1502266	0.66139495	-0.53619504
0.041693807	0.2056467	0.25811854
0.7774512	0.38293213	0.74803275
0.6088086	0.84507006	-0.62361896
0.5199472	0.39071947	0.23198721
0.91431224	0.5380919	0.662843
0.30882466	0.52001274	0.19523612
0.28295445	0.5344708	0.13394272
0.11796123	0.20460176	0.15868956
0.25581628	0.40816075	0.60119796
0.58225447	0.5401437	0.3924538
0.2522261	0.85696	-0.27847275
0.045474112	0.47546148	-0.16768433
0.8841326	0.7298793	0.4023554
0.7060295	0.46736377	0.31088752
0.5652159	0.85511005	-0.5586467
0.6831447	0.92357236	-0.8454462
0.8320389	0.5205691	0.4142624
0.22985893	0.13306302	-0.021122687
0.97663057	0.7970457	0.3838681
0.6153894	0.30307603	0.16694826
0.27294505	0.6577485	-0.67333347
0.49426728	0.71781343	0.36167893
0.49937266	0.16189069	0.027869139
0.19332725	0.96495813	0.6429754
0.91389424	0.2979582	0.69871473
0.51160514	0.9023521	-0.5462731
0.55055225	0.5488141	0.31203824
0.8017893	0.2610805	0.21835436
0.25375617	0.41780484	0.60980004
0.14539659	0.3906198	0.23715438
0.1088987	0.5682181	-0.11885821
0.03142631	0.39147562	0.03670101
0.5159529	0.31166387	0.25478038
0.15753919	0.42385888	0.3647596
0.21768868	0.06629324	0.11785794
0.8891575	0.98486966	-0.20589396
0.8875773	0.2478491	0.4670708
0.1692679	0.78120196	-0.62881404
0.19570583	0.05944252	0.09998737
0.91497433	0.61911815	0.48023173
0.05501038	0.25751144	0.16384512
0.204997	0.9111725	0.29306197
0.37610036	0.95464474	-0.0837404
0.94552803	0.14517945	0.6498914
0.19136602	0.14300764	0.0446098
0.004555106	0.4610082	-0.18674038
0.6368617	0.12739307	0.6406399
0.59104073	0.49626714	0.31241858
0.8437856	0.03831297	-0.55688256
0.50789785	0.69427633	0.35718212
0.050764024	0.64828163	-0.80936444
0.14022064	0.32031006	0.12294427
0.87962204	0.28467226	0.6640994
0.9555659	0.66495806	0.48291564
0.31164306	0.49905807	0.3337063
0.8611577	0.89090043	0.28214055
0.028419673	0.38991886	0.0715902
0.15720725	0.75073004	-0.74302804
0.5323984	0.3300087	0.2618967
0.89861816	0.6064347	0.4450016
0.15297735	0.1827364	0.116972856
0.07354206	0.672639	-0.7468808
0.36310863	0.27508527	0.71812576
0.7839324	0.12359989	-0.65344834
0.44765782	0.19414586	0.15323877
0.49705505	0.10543394	-0.30193177
0.7861955	0.27803642	0.33112618
0.4897248	0.36223704	0.34496623
0.55401456	0.559173	0.28712577
0.9767979	0.5406185	0.62617415
0.83283633	0.027923822	-0.5950304
0.862227	0.8313985	0.41730997
0.8421006	0.5367955	0.43313864
0.23579258	0.7345896	-0.7640644
0.5799475	0.78482246	-0.07502345
0.8484448	0.91658884	0.19412217
0.8054273	0.5320037	0.32513535
0.9196992	0.7106207	0.50468975
0.60257125	0.9544471	-1.1057687
0.8440895	0.67915744	-0.0021209018
0.9810067	0.093283474	0.80616105
0.7105457	0.010354996	0.26236117
0.18440574	0.092926025	0.046126258
0.54245055	0.19283062	0.26116776
0.3896327	0.4994341	0.15050188
0.9509837	0.9318286	-0.07484634
0.7039963	0.60965955	-0.14060044
0.30407155	0.31649208	0.65831935
0.2590652	0.29632515	0.36394936
0.83273745	0.3018304	0.57465476
0.8178462	0.14382261	-0.48647088
0.7295072	0.08689088	-0.2073006
0.634203	0.7986849	-0.39193112
0.17990386	0.28010637	0.13209584
0.5880909	0.53309965	0.36373925
0.82499987	0.82288873	0.1451328
0.50251955	0.6295475	0.21818405
0.46597093	0.93516225	-0.3824839
0.314274	0.63145643	-0.48836052
0.3625803	0.053314567	-0.09835836
0.83188134	0.5709814	0.13303843
0.4238879	0.22584939	0.3914975
0.5998873	0.12062514	0.6721787
0.5457363	0.6745106	0.35676816
0.351223	0.9770572	-0.12970622
0.5194588	0.19909543	0.1859611
0.48594874	0.064617634	-0.49179476
0.8179186	0.74811465	-0.04693682
0.18519813	0.77699107	-0.66587716
0.17599827	0.1688559	0.08461845
0.49762213	0.6249906	0.20305765
0.32324368	0.8425921	-0.11546158
0.24646449	0.4447574	0.6035154
0.2795537	0.60984963	-0.41854745
0.68393683	0.14692628	0.19935238
0.88853115	0.053316116	0.045598973
0.47887343	0.54170686	-0.08259271
0.52677745	0.3031777	0.23618747
0.52072114	0.8325072	-0.052377373
0.86299205	0.52064633	0.617987
0.7130093	0.5471421	0.05244468
0.05779332	0.78898424	-0.5443588
0.7660128	0.18142879	-0.4037911
0.46720195	0.7898545	0.30301616
0.028643727	0.31651628	0.30625457
0.7213906	0.15780228	-0.22004057
0.22198147	0.21999824	0.08596947
0.50146216	0.23550254	0.21583079
0.5722097	0.7721477	-0.005881589
0.50669664	0.43479514	0.18714054
0.9186393	0.4534434	0.84481186
0.10815728	0.36872244	0.12950416
0.7996792	0.24544191	0.14380302
0.18744665	0.9221813	0.36428
0.838384	0.68965966	-0.0045076907
0.23363918	0.60132843	-0.149005
0.2037633	0.5199808	0.4097866
0.2137217	0.46876466	0.49922857
0.27936035	0.09778643	0.06560424
0.92536986	0.68408364	0.4253339
0.9816448	0.03903812	0.71290976
0.13638723	0.6929442	-0.6634823
0.49352425	0.27505636	0.4206634
0.2784769	0.18134063	0.00253612
0.25531775	0.5871886	-0.22889036
0.38410014	0.5371221	-0.069539085
0.92825615	0.65031904	0.5325916
0.15129298	0.6119445	-0.2488941
0.096087694	0.33287972	0.10854663
0.17924798	0.41980058	0.46859565
0.6067806	0.63290375	0.28447312
0.83647466	0.7520301	0.078196704
0.33499342	0.11167431	0.010984989
0.82705736	0.17609239	-0.2950133
0.8224438	0.20855159	-0.11626109
0.028742373	0.2601596	0.34347048
0.9411562	0.3949954	0.8083704
0.03046614	0.2206648	0.33424407
0.8078374	0.7905635	0.024415871
0.8910568	0.3093202	0.6634736
0.07306594	0.8349926	-0.20739855
0.3013156	0.37394392	0.9137402
0.5861462	0.2908305	0.15913114
0.96490186	0.9737611	-0.2532245
0.47233558	0.33456886	0.54788244
0.85771495	0.5968121	0.18014196
0.23026603	0.32738423	0.38012657
0.21072084	0.14255238	0.07342297
0.6572009	0.26866055	0.14680094
0.43201125	0.012573838	-0.6530193
0.58098227	0.12552059	0.7009301
0.50624394	0.9144666	-0.5348425
0.2896999	0.90872884	0.000510199
0.25766832	0.6747134	-0.7684402
0.69553244	0.5683187	0.07825059
0.26849502	0.6553184	-0.611539
0.75892925	0.65377057	-0.36416516
0.9033305	0.74257874	0.42201796
0.018280745	0.5124842	-0.4203261
0.1271472	0.20855796	0.15585631
0.18435866	0.9048011	0.28511614
0.72036105	0.2561692	0.026324011
0.6883269	0.22645617	-0.013702072
0.7391818	0.27887893	0.110129274
0.55544657	0.47667485	0.22642252
0.33646792	0.3792026	1.0109804
0.47229278	0.5158572	0.011235304
0.7243762	0.73755497	-0.36213526
0.7950332	0.5812301	0.030673958
0.62006676	0.48215723	0.34889108
0.36924863	0.010391235	-0.0597344
0.83604074	0.019531667	-0.52204514
0.021467626	0.42040336	-0.03579533
0.85490024	0.5450159	0.4711927
0.90949875	0.16747987	0.4385721
0.48916602	0.3213914	0.48108596
0.5791467	0.17337173	0.540586
0.40964538	0.33756554	0.93125963
0.94051576	0.6178671	0.56898147
0.6560242	0.19593763	0.3065633
0.7366267	0.78395575	-0.36663905
0.29121786	0.5146746	0.28362796
0.2715457	0.4951992	0.43295336
0.3171419	0.059198618	0.12550408
0.8157906	0.3562073	0.86025584
0.39064527	0.8709842	0.14697225
0.13541305	0.6529413	-0.49474072
0.56729776	0.25793868	0.31693357
0.54514694	0.52435315	0.3142277
0.2530229	0.71542984	-0.79332817
0.71218634	0.6659456	-0.3433109
0.085532546	0.28410023	0.090987265
0.035300136	0.14383686	0.23545948
0.19723034	0.41671348	0.40936255
0.98144716	0.8304931	0.23356488
0.26224715	0.5633486	-0.05320801
0.8689129	0.76727724	0.33413142
0.45483357	0.25996888	0.5057299
0.49892974	0.64824665	0.2845585
0.33537143	0.30671686	0.84191716
0.33856958	0.76230913	-0.28662655
0.0865708	0.22293907	0.16503473
0.51715684	0.92111754	-0.6994962
0.5567722	0.5245253	0.26602933
0.35733104	0.96487933	-0.08719515
0.073578775	0.01553303	-0.07169072
0.5772326	0.31525552	0.187226
0.17837226	0.32742596	0.17452024
0.331087	0.28627574	0.73068273
0.28639233	0.45203018	0.66393906
0.16646922	0.9576172	0.7498441
0.58787024	0.6783576	0.2537678
0.23789012	0.8328796	-0.39643207
0.96277547	0.3443718	0.6674714
0.3036058	0.92196226	-0.0012710672
0.14259738	0.37008518	0.24742071
0.960987	0.9346771	-0.10695177
0.8456808	0.17064881	-0.20953421
0.032927155	0.43513453	-0.110070884
0.00055891275	0.78411186	-0.6653581
0.21592057	0.13981742	-0.008323634
0.99413246	0.52346295	0.5513079
0.6817264	0.177652	0.22351286
0.8264914	0.21051913	-0.07333711
0.9851069	0.63009906	0.52917385
0.47016305	0.8090113	0.32906976
0.1777643	0.62580144	-0.30995414
0.52391857	0.38150144	0.29581937
0.26336414	0.22767824	0.18844938
0.060210943	0.871851	-0.06462322
0.80156386	0.7170463	-0.20928429
0.09206766	0.4706462	0.015174955
0.93447584	0.50122005	0.77211046
0.10834783	0.9161479	0.49439874
0.98362434	0.13006073	0.7469534
0.7086647	0.9756689	-0.6858812
0.5183789	0.7079681	0.3897035
0.95038587	0.3448853	0.66906416
0.88557416	0.09804225	0.011057007
0.38812244	0.72973216	0.03535037
0.86377645	0.24318105	0.395356
0.034895003	0.59907717	-0.7195185
0.19071633	0.65374374	-0.4788407
0.6454237	0.753493	-0.24920563
0.11530882	0.7960012	-0.478383
0.6446551	0.38970077	0.19181448
0.91064864	0.01793319	0.37399834
0.42803323	0.40450877	0.5440836
0.4969588	0.06373316	-0.5015287
0.48552233	0.3037508	0.4262097
0.041450262	0.61228496	-0.7004256
0.36617684	0.9545535	-0.15246345
0.2152788	0.12498027	0.013648478
0.25359535	0.3102727	0.3909029
0.25685567	0.6015664	-0.27619123
0.9102517	0.62143755	0.5008847
0.326779	0.6111263	-0.4393622
0.5766574	0.49170548	0.33356166
0.64810634	0.15790695	0.5281103
0.9462937	0.9888793	-0.39122432
0.5417873	0.11089599	0.1865348
0.5301567	0.48873544	0.14422184
0.23261935	0.10156268	0.11251725
0.4263534	0.49636406	0.012595354
0.8410298	0.9574603	-0.060278818
0.91835606	0.984582	-0.2141542
0.93483466	0.79325	0.5512354
0.8294007	0.051968277	-0.6304571
0.9307954	0.85427016	0.41530496
0.08038437	0.70636916	-0.7392697
0.052129447	0.5826089	-0.561358
0.5360249	0.47594172	0.15032735
0.14262962	0.6437237	-0.4288831
0.6732793	0.09578729	0.49683848
0.36690712	0.8397515	0.15990213
0.8698807	0.20317411	0.18223277
0.97530663	0.121237695	0.70636034
0.2796018	0.8321815	-0.29483953
0.5569258	0.8499828	-0.4339377
0.2838025	0.5083491	0.39225844
0.30226552	0.22512698	0.24948373
0.9155601	0.45530897	0.8405137
0.091929555	0.6587679	-0.59186083
0.61405593	0.008688509	0.82127255
0.2110635	0.710401	-0.768347
0.57297206	0.068859756	0.5254044
0.20848554	0.00030261278	0.25320053
0.004845619	0.8722313	-0.3200151
0.9148038	0.28666663	0.6542924
0.26475817	0.83383214	-0.34760582
0.4722221	0.4439854	0.12633523
0.13185006	0.92034876	0.5208273
0.79179865	0.71885765	-0.29494065
0.3760211	0.5621638	-0.20806365
0.025271595	0.95947015	0.24429812
0.6816216	0.10946131	0.33099037
0.37075627	0.27105534	0.78237116
0.17393845	0.18633527	0.09224695
0.41531277	0.5032976	0.0902435
0.49162626	0.208072	0.1569347
0.27650887	0.32275385	0.56584007
0.96040714	0.7444338	0.4833313
0.9162063	0.00459224	0.3967129
0.77769846	0.84419614	-0.15453903
0.2992745	0.46517545	0.6222457
0.23007601	0.41671675	0.526043
0.40008944	0.97344387	-0.1993478
0.40734613	0.019193292	-0.45295143
0.50277495	0.5285389	0.05858969
0.9569471	0.13020372	0.7183887
0.781304	0.4549269	0.6112622
0.5669859	0.208471	0.32814792
0.21438152	0.21387804	0.037374973
0.48827952	0.8370953	0.055063084
0.44698358	0.56681997	-0.23817655
0.7285428	0.21586037	-0.16381209
0.088942766	0.7140449	-0.70856595
0.32414848	0.61692965	-0.48605663
0.39097655	0.13093919	-0.069042906
0.5327823	0.30303276	0.2664726
0.35876608	0.3754121	1.0160176
0.9548302	0.08535576	0.73411185
0.9058318	0.38995212	0.88918525
0.22111136	0.8747373	-0.16093016
0.038323104	0.3462779	0.1652884
0.86303395	0.91436124	0.20615838
0.8523991	0.8840721	0.3051576
0.7366997	0.18269652	-0.29501507
0.26108652	0.81191677	-0.47233483
0.97857773	0.058759987	0.7833598
0.197451	0.7457641	-0.7307665
0.3798322	0.87749743	0.14568101
0.8008414	0.78989613	-0.07235089
0.1497882	0.5553111	0.16316451
0.9262654	0.00027883053	0.52630156
0.8467143	0.6362145	0.026637983
0.29731113	0.5295495	0.15189852
0.774599	0.27868718	0.25723377
0.024246871	0.82452697	-0.40746453
0.0032815337	0.71181345	-0.8308141
0.9558202	0.39294112	0.7455426
0.07840842	0.93893	0.51434845
0.9164044	0.112581015	0.42898276
0.5921565	0.7048314	0.19165748
0.37344635	0.48055547	0.41322413
0.28605866	0.43021607	0.6733195
0.8986783	0.69599134	0.4176085
0.6475278	0.56224984	0.28722236
0.090041935	0.3917657	0.094558634
0.23442817	0.440431	0.54428643
0.38997895	0.39360845	0.8752385
0.154845	0.054396152	0.08232574
0.99187	0.5316785	0.52966326
0.9343811	0.5623032	0.6167558
0.7049604	0.8853497	-0.5915867
0.12807733	0.24221939	0.11926314
0.8494981	0.9592861	-0.0011206204
0.5917611	0.5633958	0.4148824
0.44836432	0.22961587	0.32294583
0.6817969	0.018150091	0.5643997
0.3998961	0.46318203	0.37408423
0.33874714	0.77885324	-0.13148299
0.08288735	0.90852654	0.23751204
0.69019866	0.4825825	0.2473847
0.33105326	0.3818969	1.0009183
0.40863317	0.93613946	-0.09766843
0.16508627	0.24978411	0.1068324
0.43892968	0.3456251	0.73171526
0.6365741	0.9401368	-0.97653234
0.8369786	0.29122454	0.5533686
0.8431578	0.042487085	-0.503407
0.60730386	0.7150435	0.029600237
0.6090402	0.90538335	-0.92265916
0.43082464	0.74989754	0.32458678
0.20512044	0.93412197	0.40100405
0.84710926	0.6018625	0.17523673
0.6530723	0.9624974	-0.9983219
0.72064126	0.95899206	-0.5559758
0.6604772	0.8057915	-0.50418085
0.3811233	0.41221803	0.8482267
0.2810744	0.10145128	0.011073571
0.1153397	0.9011829	0.3937253
0.693442	0.7415362	-0.39225313
0.33245766	0.867335	-0.01874674
0.12694174	0.16606885	0.10370464
0.95857596	0.9817426	-0.37018725
0.16112441	0.4817747	0.3391913
0.23465663	0.8011104	-0.5701002
0.35533196	0.06498307	-0.07243499
0.366531	0.080845	-0.1217248
0.27990705	0.0038288832	0.45629722
0.27791536	0.45837468	0.6322872
0.36157423	0.77071536	-0.01487661
0.83086556	0.054468036	-0.6087415
0.532216	0.85198224	-0.30251294
0.18238825	0.4621392	0.46254995
0.13110399	0.9900463	0.9229629
0.28909922	0.7207407	-0.6963976
0.61234254	0.44614792	0.3076404
0.6382489	0.4309811	0.29692948
0.58265835	0.9862556	-1.1168611
0.7248861	0.49731845	0.21136059
0.040142477	0.7949994	-0.55875474
0.8082345	0.5727805	0.111647025
0.106092215	0.5583771	-0.07319363
0.028275847	0.39750624	0.017282061
0.83493674	0.40212184	0.92931354
0.86192864	0.7196413	0.18546166
0.86784565	0.03328514	-0.15381745
0.658188	0.3351996	0.18177685
0.08868718	0.11159003	0.111134015
0.49853206	0.2994693	0.35790235
0.55774015	0.3723219	0.2013612
0.7918184	0.44123322	0.67387235
0.47149462	0.44608063	0.13825704
0.22834122	0.034240186	0.2107033
0.26622558	0.18326735	0.005881084
0.4382581	0.8650899	0.12642106
0.75433445	0.55841774	0.029330812
0.22411698	0.98232824	0.46753886
0.58689165	0.28982973	0.22145984
0.9780992	0.34575504	0.6902892
0.9404377	0.7873516	0.5129888
0.85444784	0.58049476	0.25318986
0.6857402	0.29909223	0.039320804
0.4511546	0.80374116	0.35332254
0.33580756	0.7934557	-0.09956786
0.47521096	0.92355245	-0.38196746
0.018981159	0.34467912	0.20922014
0.23098892	0.557589	0.037464913
0.3308382	0.58213454	-0.32537398
0.35782397	0.55203336	-0.13417207
0.60785186	0.9081909	-0.9850198
0.33772248	0.8455288	0.045534935
0.4244697	0.14979106	-0.111361705
0.22058177	0.9414342	0.3362051
0.28600746	0.41471297	0.79458064
0.36753762	0.8226538	0.10231725
0.8102696	0.18707097	-0.29899472
0.35117054	0.18736988	0.20675689
0.22597289	0.74372137	-0.84128255
0.7653414	0.93555427	-0.27496943
0.4788019	0.5786133	-0.08101615
0.52689856	0.5833505	0.24067733
0.9074708	0.15615082	0.3483081
0.010100007	0.1332134	0.25997975
0.507338	0.53046757	0.06710434
0.30119032	0.07245427	0.060223393
0.8082683	0.46326965	0.72632724
0.7605832	0.1500321	-0.48191568
0.26611143	0.16070163	-0.02444018
0.19414812	0.46965116	0.47216508
0.76142335	0.38023543	0.646667
0.6929368	0.6652751	-0.24715713
0.3548128	0.107628405	-0.05721582
0.3808837	0.04468125	-0.17847073
0.9378382	0.7204013	0.60077435
0.25047755	0.9430113	0.23393413
0.48854584	0.76739395	0.39939392
0.7821389	0.33766896	0.5920369
0.71969694	0.036690235	0.06946613
0.8048543	0.30524975	0.52639097
0.6428976	0.38878065	0.18562767
0.8571085	0.78857666	0.3340532
0.859898	0.05462271	-0.3549498
0.6273644	0.3749081	0.2023105
0.03640014	0.14892644	0.3078205
0.53268564	0.31026024	0.2796311
0.9009491	0.550847	0.60459274
0.7315666	0.40648264	0.4794485
0.48474318	0.09767455	-0.40529907
0.948138	0.51170737	0.69036674
0.1988836	0.6605002	-0.61264056
0.44194877	0.1295743	-0.23487584
0.5254087	0.93680286	-0.7764725
0.8735054	0.34125358	0.8617857
0.09512746	0.25415242	0.10553004
0.38971055	0.36983788	1.0075591
0.70963895	0.85682917	-0.4885328
0.7335991	0.65836376	-0.29742658
0.07930493	0.085169315	0.046498112
0.19854367	0.3768862	0.37644914
0.31915128	0.07560265	0.059175506
0.6128968	0.24255133	0.2785993
0.59444815	0.76707786	-0.10051896
0.6147204	0.19340396	0.43232325
0.40660477	0.035086513	-0.41135934
0.08879775	0.8008438	-0.4389112
0.7650825	0.20279229	-0.3046681
0.8743001	0.41090202	0.97510886
0.022685528	0.81752676	-0.4139026
0.77524173	0.52947927	0.23212779
0.20984441	0.122100055	0.030123942
0.7782745	0.42958206	0.7005513
0.92263967	0.4165269	0.7700695
0.7282758	0.062205076	-0.15789606
0.7439161	0.7666292	-0.40823662
0.5644213	0.9992244	-1.0742134
0.3390643	0.15591884	0.019657131
0.854814	0.2144683	0.10753761
0.8834744	0.19901806	0.28349265
0.71877503	0.1605438	-0.17608747
0.12604326	0.6924529	-0.7169849
0.5984652	0.34218824	0.108425885
0.40776289	0.7935073	0.26998496
0.13859826	0.057596922	-0.008863963
0.8378847	0.4103191	0.9354196
0.98613685	0.48594475	0.6629143
0.57653075	0.1575225	0.44171065
0.058980823	0.2883259	0.16125244
0.40279633	0.7236235	0.055717647
0.20673198	0.9781474	0.64485407
0.51396155	0.107256174	-0.13967386
0.60796887	0.3993172	0.16507666
0.43477255	0.9855903	-0.3673459
0.818866	0.83667874	0.18645102
0.1857062	0.04093027	0.12564418
0.12788433	0.302495	0.12514265
0.34948635	0.019880116	0.097689226
0.41604042	0.5410014	-0.15985765
0.29931545	0.4836685	0.5156681
0.68272215	0.7538941	-0.35329896
0.7360306	0.10328156	-0.3077094
0.8241418	0.7318038	-0.033824794
0.80972147	0.63705385	-0.18880457
0.18712175	0.4185725	0.46422014
0.29422718	0.6905388	-0.6990977
0.4218883	0.9536526	-0.26658055
0.28814912	0.05843216	0.1594689
0.2741024	0.7725335	-0.6149465
0.5185918	0.27219552	0.29836378
0.5467669	0.031955957	0.033060245
0.2930724	0.8597473	-0.13380009
0.43775523	0.86823845	0.14154498
0.27913535	0.5518379	-0.0018882193
0.84983456	0.09855753	-0.3825863
0.22673404	0.28207344	0.24956849
0.6477239	0.60842043	0.12971663
0.86575866	0.33824235	0.88652635
0.3688274	0.9587625	-0.11303646
0.8142512	0.19204903	-0.22414503
0.79906535	0.26645464	0.27532828
0.1992653	0.25545293	0.10844855
0.31824422	0.015281081	0.3112502
0.40794277	0.79492205	0.27209654
0.38872272	0.38371897	0.96448153
0.93542165	0.70106286	0.4847364
0.89652985	0.8729098	0.4171607
0.036139607	0.9530047	0.3035864
0.46447402	0.5044456	-0.08607678
0.03592235	0.058299363	0.037579626
0.5339706	0.36750174	0.17674832
0.97329277	0.52212465	0.6731575
0.44007272	0.62169063	-0.094400465
0.8658453	0.23259681	0.33800703
0.7985983	0.6138063	-0.1824676
0.22093463	0.1922496	8.881092e-06
0.4533519	0.32839364	0.58317894
0.099537134	0.5964777	-0.36806285
0.34441638	0.35448736	1.0633272
0.23024917	0.1034134	0.07229115
0.35494047	0.6505342	-0.41541782
0.25517237	0.6340201	-0.4643008
0.20145011	0.51359165	0.41450867
0.8233276	0.19580078	-0.20417202
0.57743025	0.108912826	0.5607627
0.80131173	0.10126454	-0.7030875
0.21430254	0.07893175	0.04594311
0.84303534	0.76992476	0.17696461
0.8728826	0.03744924	-0.14560707
0.06671882	0.4801284	-0.090596095
0.17521101	0.57745534	0.04389741
0.4358192	0.5840765	-0.18400754
0.7067535	0.82403624	-0.5330837
0.6215238	0.32950133	0.1945496
0.8989533	0.2332645	0.45237616
0.7547107	0.028007746	-0.45294246
0.8072433	0.58602005	-0.10872735
0.35460204	0.017391384	0.08495322
0.3615908	0.9235294	0.002623503
0.44721007	0.9577905	-0.3578953
0.536888	0.41298842	0.20414679
0.64545935	0.46477163	0.2674188
0.6259405	0.8603609	-0.7398612
0.8359984	0.33055425	0.8357368
0.9325883	0.92411685	0.049259007
0.91456383	0.26911265	0.5524671
0.6733256	0.26773548	0.14621085
0.460921	0.96567255	-0.4626429
0.24483162	0.23689741	0.17921516
0.36296856	0.20503253	0.3177037
0.9990787	0.11874044	0.73136306
0.00170362	0.818391	-0.51948535
0.029717565	0.85355735	-0.24943365
0.9531234	0.20329964	0.69734776
0.78653735	0.21098429	-0.23779224
0.6033118	0.32053185	0.12635185
0.4158098	0.3228408	0.9327014
0.48787272	0.60089254	0.024072636
0.7278606	0.3496486	0.36909235
0.34679246	0.04274255	0.13149887
0.49222785	0.6806341	0.3531899
0.8865739	0.8376781	0.47481683
0.2147364	0.05119717	0.103359476
0.56483877	0.115790844	0.4811157
0.48947716	0.8148573	0.20014226
0.22777021	0.93677956	0.24246265
0.14520234	0.40003616	0.30372772
0.06905818	0.68679786	-0.729152
0.5932991	0.29970032	0.22494748
0.6372847	0.3532983	0.10288645
0.9423477	0.83687675	0.42166516
0.49565214	0.4776591	0.046636786
0.27321368	0.73354506	-0.77188456
0.12275553	0.020605385	-0.031563256
0.03507626	0.40689683	0.028082196
0.73031867	0.6985379	-0.38688645
0.80949193	0.09719646	-0.6718949
0.12644053	0.6718693	-0.61142564
0.31588876	0.5811287	-0.22188474
0.26785648	0.6486779	-0.60071844
0.48658562	0.7966699	0.25562713
0.2817645	0.42009228	0.7125746
0.07679641	0.33576107	0.11550766
0.46132338	0.12604433	-0.26571164
0.2353633	0.67434853	-0.76284647
0.8140833	0.68691295	-0.22080202
0.91876954	0.8980819	0.22566825
0.3010223	0.4496773	0.64818263
0.5543802	0.899254	-0.6865703
0.47346902	0.6569182	0.18578257
0.33891058	0.07118106	0.050384097
0.43263835	0.15646976	-0.12920529
0.5171247	0.17619085	0.089595355
0.533464	0.9828884	-0.9351787
0.80357367	0.23916513	0.10029146
0.0126181245	0.086432636	0.17954811
0.16782212	0.90769863	0.42435175
0.34038264	0.4113114	0.9562875
0.9768205	0.37477046	0.58369017
0.7798391	0.1152513	-0.67737144
0.68490934	0.14601725	0.14721611
0.5250477	0.7118643	0.35278606
0.738323	0.029669225	-0.23445602
0.7000508	0.70188534	-0.34787926
0.41434872	0.5637429	-0.2230632
0.2286256	0.39733785	0.5599456
0.031924903	0.5219774	-0.35647064
0.060828626	0.3582757	0.100999676
0.76252764	0.37030667	0.5932599
0.47085714	0.77673167	0.36172062
0.8052682	0.3230257	0.6869875
0.020711482	0.6680936	-0.84001315
0.8866176	0.58303195	0.40009543
0.46311694	0.47011912	0.049552493
0.67950916	0.6287454	-0.05330535
0.957882	0.11402637	0.72021854
0.2749892	0.6287357	-0.49992803
0.13707685	0.30709565	0.11392959
0.7434679	0.31019533	0.28930742
0.27140683	0.6242807	-0.47954437
0.6973259	0.0047054887	0.46190202
0.1201216	0.36742193	0.17131415
0.7586492	0.6688625	-0.3162501
0.5845742	0.28458816	0.23730583
0.563383	0.1954779	0.35372537
0.17988646	0.92255634	0.44308424
0.21261549	0.42499816	0.48561555
0.6283019	0.050697684	0.8890835
0.44163477	0.14313537	-0.16526228
0.5125868	0.00755316	-0.5784004
0.3073851	0.3387695	0.8110308
0.22856385	0.024253845	0.18387215
0.70244706	0.85541356	-0.5603211
0.9623271	0.73086786	0.41712016
0.68478435	0.4746191	0.2830899
0.45259112	0.1849103	0.084420465
0.9157006	0.1314838	0.37712651
0.22239351	0.42672116	0.53973234
0.15335333	0.24742019	0.15532368
0.6258034	0.12915057	0.68242574
0.40151376	0.20790577	0.35845378
0.49568528	0.8960463	-0.34201574
0.04673493	0.91966623	0.19039527
0.65711594	0.1928311	0.3201877
0.6273028	0.65719247	0.16263998
0.3631212	0.77653265	-0.0071000783
0.3878522	0.07941717	-0.16328761
0.9859711	0.72956645	0.3569283
0.43088067	0.81137335	0.30856335
0.49107975	0.46289742	0.04903116
0.23541689	0.7181715	-0.8243927
0.63059586	0.78291714	-0.31025586
0.16575187	0.7956	-0.50901026
0.942735	0.43460447	0.7643991
0.14883852	0.5973483	-0.17749643
0.19925147	0.37733382	0.3976189
0.85969096	0.33060467	0.79862016
0.98106164	0.05797565	0.7488957
0.5617302	0.24884462	0.26634514
0.57859725	0.016872644	0.49446043
0.5718507	0.82258016	-0.3862855
0.107892275	0.26723123	0.08290665
0.96415323	0.22752243	0.6225955
0.6748934	0.29996133	0.10054536
0.5626279	0.42743748	0.1940496
0.64898854	0.1565882	0.46830308
0.8867658	0.42566746	0.9006716
0.0801422	0.09479964	0.07552974
0.8583726	0.48768198	0.7599988
0.8685673	0.7112606	0.22305746
0.94763494	0.112431824	0.6895861
0.32221812	0.9461926	-0.029229855
0.94161737	0.89304215	0.19711505
0.5458521	0.4998712	0.2134585
0.044565976	0.6378116	-0.7630634
0.35292852	0.81378585	0.046555568
0.18793988	0.5733032	0.11646129
0.61630523	0.14758545	0.63943297
0.21838415	0.36633658	0.4731475
0.22532922	0.32552254	0.35467705
0.37720656	0.5129371	0.07356612
0.15939587	0.78732324	-0.6120012
0.095682025	0.97928417	0.80161136
0.19568849	0.8861299	0.05662568
0.8931723	0.9803418	-0.21654409
0.70514876	0.88422555	-0.61604255
0.16746724	0.5455152	0.20557837
0.810045	0.4729222	0.69909215
0.47498697	0.46694183	0.09000148
0.47956043	0.9819471	-0.6166739
0.5907142	0.42888093	0.29119617
0.9353383	0.16549331	0.57717884
0.049501657	0.47210193	-0.15943214
0.08848786	0.33356023	0.1176942
0.36125696	0.24984771	0.6028122
0.30236274	0.93866676	0.10610287
0.6508809	0.45508945	0.28554523
0.3688056	0.4111557	0.8687611
0.80351883	0.68133384	-0.25077638
0.38357186	0.32395703	1.0111933
0.54573506	0.44493532	0.21201664
0.1407395	0.64403874	-0.4548385
0.5450257	0.08059281	0.12326604
0.32843494	0.6521122	-0.44168112
0.8146519	0.12306523	-0.57186663
0.00633204	0.365539	0.23086074
0.27183092	0.9696107	0.19605176
0.15964091	0.28901017	0.10658415
0.8857661	0.6248916	0.31926554
0.21234167	0.35539925	0.37073442
0.58638185	0.05410278	0.63197285
0.07657951	0.2596056	0.14634666
0.88859135	0.87558216	0.36465842
0.2997414	0.5540314	-0.055563033
0.45253932	0.97629815	-0.4618205
0.6028592	0.48285395	0.38582698
0.87311876	0.051433682	-0.18891862
0.9213839	0.975863	-0.2220599
0.08283955	0.5411886	-0.1986692
0.07447994	0.41576105	0.0134453215
0.70627546	0.7440897	-0.34822854
0.78919476	0.29344118	0.43971735
0.34870595	0.11328	-0.026475683
0.25981575	0.98654854	0.2822334
0.7740014	0.16792017	-0.38161504
0.75193375	0.37429386	0.5841388
0.11929959	0.7890406	-0.5028955
0.29486066	0.69003636	-0.733208
0.4253698	0.8611225	0.14702106
0.19665438	0.3199408	0.24994008
0.6362727	0.92713135	-0.9916232
0.60330594	0.49393773	0.3246484
0.66571677	0.55667853	0.18370916
0.10220152	0.9662458	0.7665178
0.57938004	0.36924946	0.16870336
0.104426205	0.13644087	0.13852084
0.6894251	0.9067185	-0.7624305
0.70348084	0.45012832	0.29665327
0.5583178	0.042054832	0.21570674
0.5169965	0.26358044	0.27524376
0.78755885	0.994076	-0.23251331
0.59118044	0.7020747	0.17925377
0.78062516	0.08932763	-0.71606445
0.82392764	0.5398723	0.35976768
0.27415448	0.065346	0.10576938
0.24395287	0.5858545	-0.10370432
0.9350199	0.8838152	0.29717717
0.8349825	0.44211745	0.8573216
0.9056829	0.37999928	0.8897159
0.032101095	0.18578994	0.32673514
0.82531446	0.20694941	-0.102659985
0.2990536	0.90887207	0.04050439
0.23581195	0.45077723	0.5217114
0.7803975	0.5915276	-0.18388344
0.80971557	0.4862576	0.6396463
0.36130947	0.59441644	-0.36649933
0.45451552	0.37691873	0.5091318
0.047067165	0.95632774	0.38466394
0.59768987	0.95885515	-1.1280495
0.52337444	0.63146126	0.307224
0.7855327	0.38612372	0.7541897
0.51472974	0.7975977	0.18966377
0.5813579	0.4245664	0.22728571
0.3366413	0.68166417	-0.5099229
0.5326099	0.078874886	-0.058505174
0.45660067	0.14919513	-0.09414706
0.0835467	0.31553882	0.11830419
0.6348452	0.59626824	0.22378439
0.6208925	0.8334486	-0.55049115
0.99860185	0.04903364	0.66396993
0.80276966	0.51530266	0.4212256
0.7216678	0.7355259	-0.38324308
0.66516465	0.33970457	0.14196578
0.4526102	0.6920509	0.21658742
0.55201644	0.08993721	0.23155823
0.24085653	0.3366664	0.5023933
0.32668573	0.9778991	-0.029292218
0.5969488	0.985483	-1.1239489
0.5455706	0.9051855	-0.7193025
0.8848022	0.3288116	0.7755871
0.3663746	0.13075674	-0.034402583
0.5671923	0.722044	0.2191315
0.6636581	0.11491549	0.5877759
0.9217612	0.28307563	0.6619532
0.8102278	0.1485306	-0.4746477
0.32181042	0.50671065	0.30256227
0.5926593	0.37429178	0.16168687
0.5212887	0.9601953	-0.81870526
0.4991899	0.6782708	0.33027026
0.4394194	0.3884924	0.6105271
0.10087937	0.83624864	-0.22544509
0.6435846	0.13489568	0.620488
0.6296773	0.119151294	0.72972393
0.58379865	0.054732203	0.62053823
0.2608605	0.013132811	0.38875723
0.478629	0.12886322	-0.24558894
0.09174538	0.8969481	0.2583571
0.49732602	0.7672378	0.3656327
0.5513009	0.36470985	0.16082284
0.15414995	0.2968194	0.15998796
0.42612857	0.88208157	0.06552502
0.01435405	0.7111726	-0.8821485
0.113705635	0.33810562	0.093315236
0.50423175	0.7953244	0.14152014
0.35348958	0.6538231	-0.42682713
0.73060757	0.7780082	-0.38214326
0.56796247	0.21074414	0.39033848
0.37590092	0.13139361	-0.13502258
0.22855985	0.8580602	-0.121084504
0.32277644	0.77912563	-0.275652
0.32768983	0.061673045	0.097277254
0.79289424	0.794134	-0.07991179
0.9580281	0.82809687	0.39929172
0.8314604	0.012939036	-0.52260584
0.24655914	0.42879575	0.6312642
0.3099839	0.012974381	0.3900443
0.09961128	0.07063961	-0.0026174188
0.5924519	0.7516309	-0.08292344
0.6079467	0.74489045	-0.05988571
0.83725	0.28468663	0.5221167
0.5351849	0.2865749	0.26341307
0.53903157	0.96064967	-0.8972842
0.38264257	0.37772506	0.96864134
0.44767725	0.37118614	0.6226538
0.7571893	0.86571234	-0.25899208
0.7744402	0.46577626	0.55913943
0.865735	0.17674983	-0.028172396
0.07283461	0.045171797	0.060218506
0.7164202	0.35693187	0.2811227
0.16850078	0.57208353	0.0900786
0.14894795	0.2225635	0.13217941
0.018382192	0.40320575	0.096654
0.39093995	0.27374405	0.7935079
0.13314277	0.6130964	-0.23369768
0.5514889	0.68907946	0.38038573
0.3795601	0.093022704	-0.14190623
0.1772098	0.37068725	0.3283615
0.51124924	0.7659163	0.24275395
0.89359564	0.41205162	0.91770464
0.2762515	0.044186294	0.2530608
0.3366921	0.3217343	0.9751322
0.6374799	0.6458916	0.012516089
0.57933813	0.40600806	0.21863419
0.9069403	0.853934	0.4148466
0.28643113	0.9773497	0.087817356
0.12762219	0.17056799	0.053734094
0.29619974	0.79262453	-0.39073277
0.7815498	0.7734334	-0.20887308
0.5806688	0.013457298	0.49014667
0.37132436	0.7048604	-0.23679388
0.9563208	0.67710614	0.49809766
0.8302332	0.9724417	-0.045947604
0.86505204	0.12813318	-0.1870346
0.6808636	0.89231217	-0.72917426
0.3975333	0.5150139	-0.010696777
0.556135	0.628546	0.38715762
0.15458739	0.053667724	0.03617994
0.6574799	0.46190906	0.2723869
0.09171367	0.43043447	0.11280607
0.47191495	0.24484688	0.35058802
0.82976305	0.9422035	0.027225362
0.032879174	0.7168214	-0.80238247
0.39148158	0.387967	0.9718854
0.24236637	0.6122163	-0.3244618
0.03724724	0.63795185	-0.7757405
0.50901955	0.9815719	-0.7853731
0.471125	0.32403976	0.55399156
0.04450649	0.85001403	-0.13166788
0.5479821	0.8928634	-0.658294
0.63200355	0.6094592	0.24259175
0.33490658	0.36783534	1.0380903
0.1036306	0.45938462	0.10768195
0.84553826	0.011064649	-0.46958292
0.641398	0.10941529	0.7353475
0.85086095	0.67178243	0.042775378
0.102243304	0.83344936	-0.2744862
0.23710358	0.8078534	-0.5655964
0.18454468	0.794733	-0.61857986
0.22035408	0.4310404	0.54793864
0.11989796	0.54746944	-0.037256688
0.01957357	0.086860955	0.18402079
0.7469732	0.55248755	0.021798825
0.9679031	0.348947	0.6599502
0.21164507	0.28789294	0.27151108
0.022605002	0.8812075	-0.2197539
0.18712014	0.14183187	0.052919097
0.12364268	0.17891252	0.08692043
0.86960286	0.13211721	-0.10465329
0.61391914	0.62541723	0.24833913
0.95185715	0.20256352	0.67132235
0.42615712	0.26451695	0.6858169
0.6845301	0.4037748	0.2530954
0.69783777	0.5679325	0.032069724
0.9058272	0.20502788	0.44496846
0.56489897	0.91731596	-0.9287056
0.6995272	0.75182205	-0.4250159
0.3334055	0.38062066	0.95970523
0.50442743	0.7161846	0.3825452
0.6616624	0.57684064	0.13071115
0.587027	0.74324703	0.044636283
0.7708247	0.30392182	0.37364125
0.15019327	0.40687197	0.30873054
0.17502952	0.44304788	0.4131892
0.7648417	0.86799186	-0.21934918
0.723545	0.044373095	-0.04888149
0.45171815	0.5551445	-0.17978172
0.83567387	0.6223473	-0.030289654
0.8344122	0.6511468	-0.04891327
0.59051585	0.8758112	-0.71071887
0.27801323	0.5509556	-0.0028270148
0.59366226	0.18449038	0.4363913
0.706896	0.69944006	-0.34108773
0.593285	0.62813973	0.376448
0.11314237	0.42887557	0.15892944
0.6919497	0.00045776367	0.5393407
0.10587102	0.50596535	0.02570717
0.5910038	0.4679277	0.28790322
0.61901945	0.28195304	0.19168174
0.8584759	0.13916045	-0.22177236
0.7390429	0.6208691	-0.2725214
0.21937752	0.051629245	0.15879832
0.16097075	0.9575101	0.7204583
0.35069793	0.4932955	0.3256089
0.61086047	0.7963742	-0.33034867
0.3003301	0.3064071	0.6623345
0.8371512	0.38362914	0.96641636
0.6210111	0.05856073	0.85564715
0.7571144	0.20389092	-0.26134285
0.7750941	0.27923822	0.28392524
0.68121725	0.30453056	0.080785796
0.16052276	0.38711244	0.32069215
0.41224986	0.57205206	-0.19440281
0.64176285	0.4360755	0.274462
0.6794799	0.9239313	-0.7840373
0.54272205	0.2590626	0.34357157
0.056943297	0.39805418	-0.021430619
0.50116605	0.27236694	0.3084856
0.70228875	0.4784673	0.28101856
0.95659274	0.5738247	0.5941937
0.9079795	0.0069504976	0.32149214
0.14115894	0.650588	-0.5351953
0.057068408	0.014300823	0.028107531
0.9865821	0.30132985	0.5529319
0.67545074	0.7211387	-0.24780571
0.7703295	0.7457625	-0.31693512
0.9316324	0.7467831	0.5384856
0.7804609	0.99556905	-0.21649435
0.9807202	0.29022795	0.5563063
0.2342102	0.21214938	0.055146683
0.88726103	0.27646184	0.58864075
0.9429478	0.078614235	0.6698057
0.057308197	0.1883384	0.25498465
0.29384565	0.7916542	-0.4355395
0.5721224	0.9358169	-0.9572885
0.58173543	0.1348418	0.6142208
0.13809925	0.5476097	0.11241511
0.2529809	0.39299566	0.6153545
0.17007655	0.8631058	-0.033830997
0.7408062	0.28937864	0.16707677
0.39524806	0.8566078	0.11890054
0.06690282	0.7707586	-0.5926468
0.5716982	0.9313909	-0.9672861
0.5671406	0.4304152	0.23540209
0.35858065	0.9007079	0.060591444
0.7208185	0.67225075	-0.35766426
0.701282	0.39926165	0.3394538
0.6420482	0.09242523	0.79716647
0.046655	0.25775087	0.22672914
0.9009076	0.34701693	0.8456446
0.18402958	0.713212	-0.7343468
0.9103766	0.583496	0.5333408
0.3016014	0.037570417	0.21649131
0.0650934	0.6690744	-0.7577616
0.71243334	0.9348138	-0.6116476
0.050884962	0.17778158	0.25411925
0.37906718	0.7604351	0.07683211
0.89242446	0.8121599	0.5177717
0.15327084	0.45697838	0.3005313
0.09862268	0.47076362	0.10226768
0.48299807	0.66072357	0.23453556
0.3456304	0.1967318	0.22917508
0.14622611	0.97212017	0.83679825
0.5436998	0.415735	0.1823448
0.63714045	0.83229476	-0.62995654
0.2196505	0.9609366	0.439134
0.9547016	0.619447	0.6069797
0.6495676	0.645855	0.023480168
0.9296327	0.49923533	0.7751651
0.30637246	0.79943556	-0.29476932
0.31361055	0.41696995	0.89890045
0.19586855	0.89973783	0.1870302
0.013902545	0.6368277	-0.85418236
0.13178474	0.10387343	0.008001562
0.15771186	0.5342922	0.2568923
0.48217094	0.07903844	-0.49746704
0.38396072	0.655858	-0.28303647
0.06095904	0.88615257	-0.009041686
0.87109417	0.15943229	0.020142358
0.5479666	0.111485064	0.24048185
0.012905121	0.60653096	-0.78216434
0.0682196	0.17644387	0.16663891
0.7689143	0.8879707	-0.17253338
0.86041933	0.8721879	0.24849662
0.89773023	0.633463	0.3537582
0.64856786	0.61786085	0.10093374
0.9986591	0.68319845	0.32914355
0.96392405	0.015054703	0.72516775
0.54764736	0.38925934	0.21576482
0.6044648	0.7226731	0.06545076
0.6668891	0.93635863	-0.96097744
0.8648655	0.6668971	0.112263724
0.596287	0.83904254	-0.5686726
0.007317722	0.101189196	0.26345408
0.8037537	0.024447143	-0.6995615
0.1352781	0.034646094	0.016205478
0.41011757	0.042666197	-0.39605075
0.6980018	0.68429637	-0.27503806
0.98875654	0.7711731	0.2921949
0.008905411	0.80562514	-0.55946565
0.06616902	0.24574417	0.1471588
0.73951	0.21343178	-0.14538734
0.6220051	0.218297	0.31577975
0.8037867	0.22145116	-0.0414121
0.8516093	0.8296156	0.3065738
0.5095791	0.66755676	0.3347324
0.53960365	0.7563034	0.17106478
0.12403363	0.9243424	0.54941607
0.074555516	0.95027584	0.51893383
0.6994136	0.23767477	0.052085623
0.5925763	0.02088672	0.69406277
0.00782311	0.4541102	-0.15685433
0.20719963	0.5357515	0.30589893
0.34397602	0.96146894	-0.06498569
0.12348533	0.6393132	-0.49307212
0.61611223	0.16229653	0.5987683
0.22776169	0.64123744	-0.50174785
0.24611282	0.16328019	-0.025820488
0.590783	0.7699367	-0.10810421
0.2614231	0.65285355	-0.64597636
0.01992929	0.79340553	-0.58679116
0.7618401	0.37395245	0.59162045
0.09644896	0.70365304	-0.7725787
0.56884557	0.8355353	-0.4384128
0.18381041	0.26476228	0.16669738
0.9106598	0.2179938	0.5248723
0.22265893	0.9258872	0.3184114
0.3521344	0.35383302	1.002713
0.71767163	0.69510794	-0.3599321
0.9570717	0.11912942	0.7422582
0.2965986	0.8955873	-0.02436727
0.86141187	0.64861673	0.14884181
0.56293577	0.9114327	-0.8375116
0.05511272	0.7947582	-0.498521
0.018017352	0.8400033	-0.3856821
0.031600535	0.2969892	0.3269327
0.2607355	0.40136653	0.72555894
0.9263723	0.5585461	0.64408815
0.1236034	0.5772211	-0.10910382
0.026529431	0.4535097	-0.12713242
0.09468156	0.8642707	-0.03195483
0.05362636	0.47474957	-0.14003788
0.86167467	0.54565877	0.43935782
0.43424112	0.31290698	0.7163206
0.641658	0.12149888	0.69082683
0.9581088	0.8562086	0.27330065
0.7068317	0.78879946	-0.46437308
0.14014047	0.6331478	-0.4089905
0.44526958	0.5456774	-0.15512441
0.77507573	0.9505787	-0.23913698
0.25007015	0.44654262	0.58705294
0.0267061	0.5778424	-0.66383857
0.7807008	0.6938228	-0.37692955
0.42582494	0.67078704	-0.02280708
0.81880534	0.5339294	0.34965625
0.30969322	0.17318565	0.045604765
0.63834006	0.8518894	-0.7001021
0.26406115	0.84920037	-0.25402504
0.13084435	0.53369325	0.17657723
0.9072175	0.19578922	0.44596526
0.46450382	0.56966364	-0.16034265
0.13283968	0.42363524	0.24962147
0.7259801	0.39768177	0.36633867
0.02589631	0.71192724	-0.8133874
0.54287326	0.11568719	0.23264182
0.58097154	0.71206236	0.15998824
0.12786657	0.8436645	-0.13755654
0.14991271	0.5290342	0.21096894
0.29046178	0.51989144	0.2514647
0.69526553	0.07640046	0.27576593
0.40072203	0.8636967	0.20434752
0.59036267	0.012504816	0.6411456
0.15080881	0.6751335	-0.5740461
0.5128144	0.0044296384	-0.590515
0.17002678	0.24257123	0.13703018
0.2324605	0.8257198	-0.42308205
0.09963018	0.49833333	0.06507133
0.69914687	0.80980724	-0.5103794
0.375417	0.9139538	0.0229229
0.4472208	0.2271108	0.39420754
0.99301124	0.4812463	0.57038873
0.20254165	0.7211165	-0.8257862
0.81053334	0.7907769	-0.017747652
0.610355	0.8411621	-0.5409976
0.104044914	0.9177126	0.44028798
0.2978673	0.8096803	-0.34533978
0.16757733	0.17545593	0.11639524
0.6249607	0.5816717	0.36260802
0.3267005	0.28763485	0.7118668
0.8587055	0.76998794	0.2062266
0.06352484	0.8110378	-0.44378042
0.6126714	0.24310666	0.30190703
0.010672152	0.07584047	0.18171209
0.99229056	0.65657955	0.39099467
0.91085833	0.4788078	0.85803336
0.263996	0.6617193	-0.6713972
0.7523201	0.858766	-0.22691326
0.34664112	0.8651859	0.05636331
0.25580102	0.37713182	0.6558071
0.06509864	0.023519576	0.022906814
0.42043525	0.7640707	0.28395256
0.22545373	0.38250703	0.5307181
0.47151494	0.3115176	0.46705735
0.116971254	0.37923735	0.18985218
0.2144295	0.72689956	-0.84156764
0.8060256	0.082401216	-0.71880066
0.3873319	0.9661737	-0.21112403
0.16486448	0.75941336	-0.7387927
0.470613	0.3230543	0.58022493
0.24605978	0.6206135	-0.3926598
0.73774767	0.6349613	-0.30449852
0.7202518	0.56154126	-0.015981724
0.20112336	0.036940217	0.10328314
0.09640235	0.18575281	0.14144175
0.50433487	0.119620144	-0.12976709
0.91546714	0.46491927	0.85554236
0.71251655	0.62996864	-0.25932285
0.48929816	0.80389583	0.19235447
0.87387574	0.92601067	0.16155376
0.55360556	0.38321936	0.18270278
0.13949168	0.44171798	0.33886626
0.39008737	0.14120078	-0.04717633
0.6043862	0.24635077	0.25853062
0.38525242	0.9620245	-0.22547631
0.90457714	0.17602772	0.28653705
0.15029752	0.5509787	0.14817427
0.3202647	0.79984593	-0.22013369
0.34071416	0.76104563	-0.18084306
0.30505908	0.54524505	0.029288772
0.36297393	0.03429979	-0.047002286
0.1670357	0.68708265	-0.6489093
0.2332344	0.8766564	-0.069648474
0.94038934	0.9751471	-0.30370912
0.38446075	0.00575608	-0.18032773
0.47991055	0.71695817	0.35634694
0.326113	0.7090326	-0.52851623
0.97652715	0.25840414	0.65685296
0.5427937	0.15088177	0.24370427
0.2266751	0.758859	-0.78641087
0.08335596	0.8220785	-0.3231333
0.99162215	0.32992083	0.51403546
0.9082098	0.32183313	0.8361228
0.714738	0.056138933	0.025888
0.65625566	0.48094612	0.29496887
0.7724638	0.2656144	0.19463114
0.9737629	0.500293	0.6282646
0.48796642	0.4366277	0.13829552
0.33913088	0.6208582	-0.5113244
0.21257848	0.35928035	0.39018613
0.2697298	0.5916741	-0.290852
0.75602746	0.29446745	0.27336952
0.8538763	0.23687428	0.19002643
0.2590025	0.6248104	-0.43403497
0.17282051	0.791959	-0.5799611
0.8510839	0.3365683	0.9067885
0.5413445	0.2380727	0.30026376
0.609074	0.016427696	0.8021607
0.7280924	0.16827852	-0.23957127
0.23795104	0.90263784	0.074891075
0.89091456	0.69712347	0.33388662
0.38848972	0.45061994	0.54711777
0.06248653	0.7027227	-0.7904942
0.55444455	0.25037807	0.27865443
0.5146563	0.04785806	-0.43707165
0.047218025	0.26501685	0.22567132
0.46501124	0.18655157	0.04843782
0.29095036	0.6658514	-0.6568505
0.43536568	0.84665036	0.1774051
0.46363527	0.7566458	0.43008357
0.9745362	0.5512113	0.6100761
0.74557513	0.10708493	-0.4218714
0.8033775	0.61432225	-0.15582135
0.6732228	0.14085299	0.37963605
0.64396966	0.62571394	0.13583401
0.39293993	0.21227866	0.36161634
0.8638149	0.75448483	0.30708134
0.9193553	0.2193119	0.52658325
0.3166862	0.60700333	-0.4183134
0.60979915	0.9868638	-1.155872
0.030474305	0.27847213	0.33249694
0.61760753	0.7845765	-0.31057203
0.48710668	0.5570707	-0.10276799
0.10484505	0.6060177	-0.36985704
0.39874262	0.80542237	0.21054088
0.47185487	0.64717376	0.11034453
0.60810965	0.5676458	0.36142975
0.5518675	0.8604025	-0.4733771
0.07620245	0.5459888	-0.25794283
0.3124885	0.6329467	-0.48256004
0.06954086	0.4944597	-0.15613234
0.11478186	0.16016787	0.14482507
0.7469164	0.7861766	-0.32125998
0.92323726	0.61637026	0.5566581
0.5759418	0.9431812	-1.0465413
0.91066533	0.79182816	0.5224982
0.32159853	0.46606582	0.5965568
0.0019721985	0.92413986	-0.06561265
0.55224204	0.6217075	0.34317556
0.10913676	0.6554158	-0.5600976
0.74619484	0.73963183	-0.36057445
0.19236678	0.82716197	-0.3859238
0.097007394	0.83611655	-0.18271148
0.8820145	0.7011399	0.29057863
0.9888504	0.7314324	0.37665164
0.5199971	0.58338135	0.2600096
0.9710991	0.11162746	0.7899088
0.14864755	0.4967299	0.3046416
0.062331736	0.65356374	-0.7467498
0.76546335	0.43813342	0.6688651
0.50277865	0.09307361	-0.28863603
0.9367043	0.9889031	-0.40349236
0.8846218	0.1384505	0.08879097
0.1793626	0.34458363	0.3052265
0.54983395	0.17583853	0.35012674
0.79628223	0.60451263	-0.1537843
0.5988262	0.6734499	0.1823106
0.115061045	0.16886604	0.15936433
0.80611086	0.22120893	-0.02747044
0.58775246	0.4087245	0.27517068
0.5740183	0.65817904	0.3655291
0.00047177076	0.82596403	-0.50095284
0.9692412	0.99718547	-0.38319162
0.4900995	0.47277927	0.065941125
0.5013472	0.29351437	0.3584731
0.80993	0.64146745	-0.22734906
0.42687678	0.11138904	-0.29722497
0.46354103	0.113744736	-0.32767612
0.6421858	0.67398447	-0.020847766
0.060973883	0.3113181	0.1066128
0.04911506	0.24019575	0.19273895
0.3605038	0.46979302	0.52330947
0.0054397583	0.3685881	0.23870736
0.032386303	0.36448848	0.20134318
0.803559	0.29908013	0.5289334
0.75510734	0.89924437	-0.29098642
0.8810519	0.3910755	0.9748373
0.58859503	0.5542281	0.44819814
0.022801995	0.6707961	-0.79645395
0.003060162	0.25752848	0.4544018
0.53260046	0.5275617	0.17951703
0.59344834	0.92803925	-1.0624025
0.27529305	0.47513473	0.5541328
0.7030307	0.7794446	-0.44766304
0.15611064	0.8437464	-0.13121043
0.40252125	0.98293567	-0.20566627
0.6531722	0.5537524	0.19749674
0.5476422	0.18114531	0.29554054
0.48860925	0.92697084	-0.49362698
0.96558243	0.20606905	0.7055153
0.72339064	0.47542107	0.29963276
0.9320983	0.31786698	0.7513714
0.7879466	0.81536925	-0.14116187
0.17317289	0.91080666	0.2370658
0.591513	0.6088095	0.37268963
0.7289991	0.5581666	0.02077165
0.1541748	0.86549294	-0.0031192247
0.5744515	0.050527573	0.55214006
0.26985568	0.67576844	-0.7363694
0.7448461	0.19584864	-0.24750452
0.337776	0.5155489	0.1572287
0.70314693	0.1172027	0.08409485
0.60979074	0.8143095	-0.48785472
0.63464004	0.30595094	0.11951635
0.20321608	0.652273	-0.49340647
0.42580426	0.06666762	-0.53746396
0.82620186	0.7092053	-0.13862166
0.5804519	0.42317444	0.26555538
0.717921	0.3997292	0.38134086
0.6385881	0.061601877	0.9037977
0.7812563	0.3115806	0.5026408
0.5354892	0.50380164	0.2202512
0.69799936	0.70411015	-0.3305294
0.6144745	0.20925248	0.44567758
0.035164177	0.009100676	0.05541192
0.20727473	0.054133534	0.115730554
0.9778821	0.662366	0.46593848
0.044502497	0.92849886	0.20002094
0.27220684	0.09001601	0.0557598
0.25341964	0.09512502	0.081504464
0.8949851	0.94006145	0.10205221
0.7478799	0.17742437	-0.31234735
0.24307024	0.8299562	-0.42519146
0.8636329	0.81618553	0.3474958
0.2984981	0.7806298	-0.4715976
0.868831	0.98249173	-0.15737262
0.03375715	0.5576071	-0.55911976
0.5632685	0.57414615	0.36039346
0.6811088	0.7957564	-0.497312
0.23154235	0.333892	0.40443066
0.11361992	0.51103187	0.05549411
0.6542791	0.19812751	0.28477597
0.41261292	0.24823403	0.61359966
0.38542223	0.4805925	0.28642628
0.5967726	0.8264759	-0.48181105
0.037597775	0.4003569	0.09426488
0.18260092	0.09585607	0.028273199
0.009473383	0.9887128	0.34326094
0.28207082	0.12278092	-0.019355437
0.65165085	0.10968542	0.6062123
0.5288029	0.48333895	0.18522419
0.867448	0.058712363	-0.28703716
0.43637884	0.13398975	-0.20568089
0.4995765	0.4228441	0.19734745
0.76971203	0.19266331	-0.3433396
0.55312955	0.88879323	-0.686617
0.19981283	0.908185	0.22755744
0.8570554	0.44844735	0.93981504
0.161206	0.3048116	0.06563517
0.16918218	0.31016004	0.13809282
0.9311339	0.84546435	0.41924927
0.4547003	0.20214331	0.15065332
0.40506065	0.0845809	-0.33376288
0.51778316	0.4751113	0.10639883
0.46905226	0.30608243	0.515625
0.8323772	0.41737252	0.91132236
0.27240115	0.2819426	0.39520928
0.8144332	0.8024875	0.06465523
0.69403416	0.42759466	0.28410488
0.22028422	0.306458	0.28033003
0.60875845	0.4966097	0.3623277
0.9260674	0.7656478	0.55529726
0.97734094	0.51510483	0.59658194
0.47801983	0.27234566	0.4262099
0.24588203	0.3046999	0.4136871
0.71123374	0.16643971	-0.057259288
0.477947	0.9000031	-0.26376218
0.73513234	0.19311064	-0.19444714
0.31554753	0.88550955	-0.033918254
0.7293869	0.40508205	0.49746215
0.119291425	0.63854545	-0.4736256
0.10048789	0.29917675	0.07706529
0.46472716	0.97485936	-0.5177451
0.33856416	0.2908178	0.7613118
0.83950734	0.9660037	-0.032315765
0.81956214	0.16064358	-0.36334538
0.04551083	0.90098685	0.009705547
0.17058319	0.08385819	0.03894955
0.7897981	0.539056	0.1682304
0.94137996	0.9180543	0.03973471
0.91438717	0.6303621	0.42049524
0.44005018	0.6360172	-0.09189658
0.80524534	0.16388726	-0.38056916
0.8819951	0.002649784	-0.01496239
0.1386311	0.91287297	0.4439395
0.5786156	0.06757033	0.5184949
0.51309097	0.16439939	0.10889507
0.1303277	0.039597392	-0.007572797
0.73347366	0.7909787	-0.3169672
0.88915056	0.3263011	0.8084014
0.27606428	0.85895246	-0.22937647
0.5829382	0.36954862	0.19690828
0.9524579	0.7940132	0.46001887
0.7562826	0.7674103	-0.31609228
0.80171806	0.4311149	0.8010679
0.21077442	0.06658912	0.1093359
0.9692742	0.5298511	0.65695715
0.22656369	0.083450496	0.044988923
0.31427765	0.62289596	-0.49874514
0.11139512	0.7969553	-0.5101156
0.8415193	0.15728289	-0.27598903
0.62219024	0.24792439	0.2242282
0.19352812	0.4901418	0.45497546
0.7591765	0.36479586	0.5180437
0.44016397	0.95541245	-0.3046732
0.77324337	0.57761776	-0.08050136
0.5360632	0.0003954172	-0.24857497
0.8558913	0.7095491	0.20443054
0.48125398	0.85656947	-0.030114602
0.04018253	0.25248623	0.27475294
0.062582195	0.6582151	-0.7513941
0.8128624	0.27135336	0.33931917
0.7965284	0.1696912	-0.48926675
0.12560469	0.8091313	-0.4505323
0.82517797	0.55772036	0.21591313
0.512518	0.014383495	-0.564791
0.5109512	0.32047218	0.36144888
0.65829474	0.7957779	-0.518636
0.40290534	0.37493593	0.8855803
0.69224983	0.5872266	0.01245035
0.75611657	0.27041155	0.11427632
0.9962593	0.3729757	0.5351438
0.052307785	0.6256858	-0.7232505
0.78933257	0.41711146	0.80081683
0.27893633	0.62541246	-0.4676548
0.11675173	0.2177301	0.16726507
0.72808623	0.9886412	-0.5352437
0.690638	0.9068808	-0.74794745
0.1009559	0.35207617	0.06924356
0.55519474	0.9081142	-0.78159654
0.46468097	0.6484146	0.036399096
0.8638341	0.86645085	0.31503874
0.74949604	0.9046376	-0.33483812
0.31193715	0.870456	-0.014221296
0.7079159	0.014296949	0.28897113
0.43745816	0.270455	0.63217884
0.45188916	0.23857778	0.4016285
0.06676614	0.73431623	-0.7158477
0.36193985	0.17592049	0.1574185
0.32505256	0.09754413	-0.023493286
0.79879403	0.7176311	-0.32890508
0.95280063	0.6609329	0.5281227
0.412754	0.8441135	0.1793043
0.27993923	0.17869568	0.018729689
0.84998435	0.0062810183	-0.35615584
0.21743882	0.92062944	0.23000294
0.74110585	0.17912948	-0.3296532
0.7807125	0.37581623	0.7509616
0.2756908	0.861527	-0.21456212
0.17141968	0.93088347	0.54108477
0.7601401	0.18725276	-0.28904772
0.73423237	0.030865908	-0.11828829
0.20215797	0.75768423	-0.8044961
0.6093917	0.5220878	0.3064188
0.018010914	0.085567236	0.16725959
0.046993792	0.20862538	0.2268652
0.3710978	0.6177905	-0.3415471
0.6982842	0.21863627	-0.029441472
0.84555125	0.38031805	0.8955224
0.028210104	0.20726085	0.334022
0.7913625	0.7354988	-0.18787606
0.7914437	0.17982155	-0.39032635
0.044704616	0.19510996	0.23464756
0.95919967	0.8133109	0.44281343
0.58404046	0.09177798	0.6078946
0.53450733	0.44943285	0.13481694
0.03479266	0.20633018	0.3428783
0.012409627	0.7106828	-0.79868335
0.518237	0.6972006	0.3649705
0.24815112	0.5117178	0.27792558
0.12544638	0.63068897	-0.45717812
0.40643185	0.23159635	0.51263803
0.7412965	0.3141445	0.3291349
0.122360945	0.0342862	-0.029621344
0.8348947	0.15533149	-0.3787828
0.5499252	0.17037809	0.3014614
0.7698012	0.39539713	0.6886581
0.853079	0.8314007	0.36061996
0.46407646	0.87029773	-0.049470685
0.12365371	0.043897986	0.000786365
0.8868953	0.08803207	0.013627533
0.4458263	0.6928242	0.15913278
0.3611341	0.024550676	0.022376861
0.6605644	0.41582823	0.2349303
0.5164512	0.05103755	-0.32826978
0.15730667	0.7910536	-0.5803831
0.24664581	0.35690808	0.5473965
0.94962794	0.80695933	0.3920351
0.2443021	0.19946307	0.03779749
0.77828026	0.75825596	-0.23191518
0.76445234	0.37472326	0.6591775
0.87814695	0.25039983	0.4084849
0.3240071	0.70756435	-0.5258534
0.81172806	0.9127242	0.06193816
0.67602277	0.9642009	-0.86549836
0.12111366	0.020182073	0.02076808
0.9022859	0.59923077	0.45464978
0.44507325	0.41277087	0.39675045
0.14303696	0.508278	0.32827592
0.40468693	0.16739291	0.08172829
0.0400185	0.96454185	0.40029493
0.89035183	0.87284076	0.34870744
0.07135975	0.64149594	-0.6970948
0.14175129	0.5119126	0.2543991
0.9239025	0.12751019	0.47824147
0.17236489	0.37849724	0.26339585
0.6175455	0.21035403	0.37062797
0.011512339	0.7062514	-0.8379946
0.2116999	0.78221697	-0.6893695
0.84020424	0.610265	0.0768904
0.93314564	0.42836767	0.804405
0.23434204	0.9056819	0.121657506
0.06911224	0.05229211	0.067463405
0.25096017	0.49991482	0.3655516
0.6587194	0.21344835	0.16968197
0.79019636	0.90186316	-0.05532109
0.74825865	0.36714876	0.50827724
0.76675546	0.15649527	-0.5122629
0.5959369	0.62790173	0.34105667
0.5063465	0.7536678	0.36387986
0.16218328	0.9859266	0.8963229
0.5054104	0.83503675	-0.03734275
0.15106165	0.94401395	0.63330376
0.30641776	0.4756958	0.51938295
0.6830052	0.28703266	0.04067035
0.41043645	0.7728581	0.21831724
0.6127009	0.31733572	0.14678301
0.76730996	0.8481303	-0.14102522
0.08414084	0.7592474	-0.62893164
0.6139242	0.03647369	0.8622735
0.19115192	0.07541007	0.07639331
0.67481714	0.7061872	-0.27224052
0.5377712	0.4620576	0.21707237
0.015335619	0.92307216	0.037527055
0.567402	0.5125268	0.3181123
0.21925592	0.4576534	0.46494353
0.68303615	0.2598406	0.027419742
0.8392899	0.03049022	-0.46673065
0.27684957	0.034722567	0.2694378
0.4753462	0.7302207	0.3494467
0.4303816	0.7254864	0.18075882
0.6484336	0.91176355	-0.91232365
0.18768567	0.99166566	0.77736
0.25426358	0.6872468	-0.7561771
0.83494204	0.5239727	0.4905482
0.8603374	0.39966458	0.92853564
0.89202327	0.2718585	0.53305525
0.97684556	0.674112	0.51527905
0.8446009	0.87598467	0.33389837
0.5554	0.40567595	0.19313976
0.054169416	0.6343327	-0.7024478
0.9098552	0.38373178	0.8853608
0.38576347	0.5806815	-0.29490927
0.5792188	0.988521	-1.0597602
0.9645362	0.14715981	0.74782777
0.3271023	0.38792825	0.9445463
0.6243156	0.12290734	0.7296177
0.72844183	0.03558016	-0.12726569
0.045321226	0.5939058	-0.6087792
0.17713505	0.27371776	0.12088136
0.9727662	0.63364524	0.46636117
0.021402836	0.49653375	-0.3038511
0.8091846	0.4544133	0.7756752
0.3734256	0.32833207	1.0387269
0.81690264	0.81313145	0.18379915
0.012338996	0.27293164	0.39292789
0.04235494	0.40095782	-0.0008447934
0.48131764	0.17789048	-0.008573202
0.8179327	0.83363956	0.15124893
0.23616123	0.30610448	0.34876397
0.16550994	0.06835431	0.027193505
0.2184422	0.24641472	0.119354144
0.7640574	0.25262892	0.023213692
0.46150583	0.97842586	-0.40763164
0.65661925	0.51782125	0.32602295
0.4618712	0.7057924	0.32492587
0.57120097	0.5325462	0.3510156
0.47895485	0.32950723	0.43644112
0.7290438	0.105879426	-0.26314577
0.1828754	0.2476154	0.15166743
0.49059427	0.9309031	-0.46956486
0.6327562	0.014099658	0.95627606
0.99384284	0.6675972	0.36985216
0.05352503	0.6221451	-0.7012785
0.58980554	0.6465709	0.30876446
0.0016863942	0.40879035	0.11587603
0.5890458	0.16819257	0.5343666
0.40742147	0.3276378	0.87809354
0.90420103	0.07566351	0.27275264
0.57863295	0.024862587	0.47215945
0.5418503	0.4249764	0.19705436
0.094715536	0.39465016	0.09535734
0.11462122	0.2366988	0.09677867
0.39756566	0.15787345	0.040642597
0.7435145	0.39344728	0.5709932
0.18677169	0.6594829	-0.493813
0.7880897	0.35713625	0.7098168
0.94336075	0.623397	0.5827854
0.5399919	0.90256697	-0.70732737
0.8980497	0.6420432	0.39707175
0.22315615	0.6563208	-0.61524475
0.4849658	0.5895644	0.058804832
0.69211173	0.20569366	0.021467583
0.17005712	0.71217424	-0.7574788
0.81596	0.83578026	0.08052921
0.83290225	0.08183056	-0.6060358
0.55305797	0.20864475	0.37345898
0.018533707	0.12972033	0.27646998
0.57604814	0.31381834	0.17312607
0.9568464	0.6241099	0.5138086
0.5963149	0.9660236	-1.0926186
0.67180234	0.11621523	0.4767774
0.055226862	0.66694146	-0.7701333
0.66364473	0.9048057	-0.87109524
0.7679316	0.6175075	-0.28895473
0.5345772	0.14487964	0.2028259
0.42888194	0.73751986	0.18986893
0.16642642	0.30964142	0.16903806
0.51073885	0.21911544	0.20762722
0.22985059	0.43648207	0.54788715
0.8900705	0.64364123	0.33312038
0.31435478	0.9840718	-0.009704465
0.8615253	0.6479037	0.06536265
0.84728515	0.48598778	0.7946538
0.7209822	0.9918693	-0.5592748
0.039895117	0.91381663	0.079709284
0.19768834	0.4742731	0.5019707
0.76108295	0.93234664	-0.2869979
0.23349535	0.5117964	0.3445867
0.030675888	0.13617963	0.16225097
0.66682464	0.79142344	-0.4491642
0.41425025	0.61292225	-0.31912273
0.61349463	0.858904	-0.71230006
0.3241024	0.5771959	-0.2961647
0.37957644	0.07885182	-0.17676266
0.246198	0.5556449	0.06382521
0.31065875	0.831351	-0.20235637
0.25692946	0.7127442	-0.8344834
0.13685185	0.5970509	-0.16093022
0.94111484	0.02748102	0.60103154
0.9948273	0.71867704	0.35250023
0.2294079	0.6011382	-0.17838265
0.015675843	0.538673	-0.52225417
0.7050438	0.80420196	-0.4629494
0.81822866	0.60967803	-0.06126077
0.47382528	0.8901807	-0.18690802
0.63920885	0.69903827	-0.0020641908
0.10652357	0.5332603	-0.011679989
0.18396747	0.09705764	0.03182389
0.8929935	0.08936447	0.1090071
0.39767647	0.84141743	0.2499224
0.36951518	0.6597108	-0.41151738
0.586608	0.5312409	0.3765183
0.65013474	0.7946884	-0.44183043
0.46231407	0.24193001	0.35517406
0.49537218	0.27012128	0.32123527
0.07702303	0.16093409	0.15909198
0.98952067	0.58628094	0.4625436
0.12583059	0.8200772	-0.3433336
0.5459069	0.6081638	0.34134838
0.9643355	0.29999387	0.6089277
0.13208073	0.5434842	0.13000923
0.62125593	0.20235467	0.43210426
0.09005058	0.76203465	-0.5943874
0.12384987	0.65079486	-0.4684109
0.06533229	0.44024712	-0.05018331
0.68891853	0.9975443	-0.7561214
0.72150546	0.8150059	-0.44808578
0.41208297	0.3234287	0.89458483
0.24850291	0.84211487	-0.3109509
0.30493587	0.34987032	0.8929487
0.9682018	0.68327636	0.48944518
0.81658614	0.1863749	-0.2600415
0.28503913	0.43829024	0.6893452
0.95122164	0.7294979	0.4554456
0.12492746	0.08112246	0.07582191
0.6932143	0.96935946	-0.7570048
0.98174816	0.54801834	0.5744195
0.9952956	0.48518747	0.5933104
0.10306269	0.7261255	-0.6999774
0.13976103	0.61985254	-0.21729472
0.10430199	0.42665237	0.15781306
0.79582685	0.24063265	0.07638453
0.6246837	0.2226615	0.3214244
0.97184557	0.12811905	0.78409517
0.2642833	0.15373158	-0.025116002
0.5108842	0.34570205	0.3066141
0.714891	0.38198543	0.32169688
0.5846423	0.48234683	0.3130191
0.7688061	0.64987683	-0.32515427
0.27095515	0.9335852	0.14700806
0.14130515	0.8786214	0.1591179
0.86015236	0.047097385	-0.32886946
0.5103669	0.15554798	0.08923306
0.6722386	0.07935196	0.5361773
0.100919425	0.78498834	-0.52694005
0.4157399	0.20954692	0.33731532
0.41030812	0.20328808	0.26780167
0.37586945	0.6838755	-0.27938703
0.8945175	0.4815663	0.8090486
0.6584464	0.9572255	-1.0128003
0.7684884	0.72455716	-0.33742857
0.8777837	0.4521404	0.891609
0.2626763	0.29778284	0.42851317
0.6118653	0.4312051	0.23589659
0.72386193	0.55720127	-0.042708896
0.27618015	0.8142775	-0.4924153
0.64346087	0.356241	0.117341466
0.46307003	0.26858437	0.4681726
0.7550701	0.26784456	0.072871014
0.27903527	0.5538631	0.024856415
0.8133726	0.16547137	-0.40191174
0.104290605	0.44530338	0.13462289
0.4498266	0.8823254	-0.0044137593
0.08396876	0.5935784	-0.39740598
0.6539702	0.7691658	-0.41720387
0.4858631	0.21152312	0.18381715
0.6066129	0.9157661	-0.98237467
0.1561181	0.8574899	-0.036631312
0.08310783	0.11642146	0.08482321
0.4358827	0.6214388	-0.0886585
0.06695783	0.44604582	0.040953413
0.38973534	0.13266826	-0.08942074
0.94292146	0.019304931	0.62112623
0.9796412	0.57745975	0.61210924
0.7587201	0.4983378	0.3368143
0.9466516	0.4054969	0.76566917
0.20122266	0.26743567	0.090288416
0.3642726	0.18350703	0.18792242
0.8145788	0.6429294	-0.17968786
0.9406155	0.9114274	0.07894431
0.1242156	0.6565775	-0.52826244
0.63588554	0.55501	0.2994923
0.93699855	0.9578576	-0.21309224
0.011044025	0.010625064	-0.013388284
0.08044809	0.1722979	0.105609894
0.4078778	0.5192897	-0.02530606
0.9880676	0.5869971	0.48674157
0.03706622	0.593063	-0.6060818
0.098997116	0.5628338	-0.12452645
0.82545483	0.60523874	0.008160973
0.8846953	0.0036668777	0.028483536
0.86037046	0.2725963	0.4623794
0.019972146	0.19699526	0.3513154
0.0856601	0.067136645	-0.032839797
0.7037007	0.24747789	0.054455034
0.6770308	0.40073824	0.25643083
0.761153	0.093798876	-0.6043552
0.6904618	0.9314366	-0.7977086
0.4932469	0.295995	0.4100046
0.59381753	0.7749305	-0.1353194
0.6344291	0.19554937	0.33274665
0.9421834	0.75483763	0.52369195
0.8225143	0.36259001	0.8659419
0.4271844	0.03549683	-0.64385974
0.3233537	0.46272576	0.61513704
0.85581183	0.9665693	-0.052571755
0.004332483	0.992265	0.32189253
0.5777195	0.88304	-0.8300051
0.21656686	0.24145555	0.058746923
0.038158238	0.86985403	-0.16704078
0.5242629	0.03126204	-0.30123034
0.33637363	0.23718846	0.422246
0.6559329	0.34680462	0.063894026
0.022047162	0.99077386	0.44020045
0.8877608	0.08917558	0.045744497
0.16913128	0.3753175	0.3240465
0.316481	0.7171391	-0.50967664
0.19854844	0.24516964	0.07560587
0.9877704	0.025096476	0.67509097
0.32482922	0.13312572	0.005828105
0.119441986	0.07932693	0.048951246
0.09438962	0.95255935	0.64598083
0.4949078	0.8929727	-0.29556042
0.20639098	0.30013138	0.27467299
0.30122095	0.960144	-0.0009974241
0.37983817	0.23962265	0.5918205
0.37574762	0.8163321	0.13968156
0.838587	0.87399524	0.24546595
0.37614036	0.505142	0.16850995
0.061272442	0.3387667	0.11011439
0.14700216	0.7992669	-0.48061365
0.24771667	0.5925799	-0.21609907
0.32102597	0.81649303	-0.1466046
0.7268449	0.18619591	-0.23355407
0.050186574	0.6124167	-0.6664148
0.8407417	0.5084311	0.5813797
0.81660444	0.6290335	-0.11962907
0.8385392	0.9999531	-0.18071195
0.33378243	0.2582869	0.5902889
0.427378	0.50445455	-0.030123971
0.5025291	0.9978945	-0.7302631
0.76014477	0.62167597	-0.31106278
0.3869959	0.49021816	0.21259734
0.23998755	0.6090711	-0.3307406
0.21980208	0.034837544	0.26333645
0.8755251	0.8047579	0.4461135
0.5913174	0.95806384	-1.07607
0.92710084	0.7448112	0.54852223
0.3605634	0.26437294	0.6939651
0.65910846	0.43400466	0.25538594
0.67747915	0.1295886	0.36816198
0.03691703	0.0842998	0.13570121
0.7461357	0.94992673	-0.35118526
0.7136555	0.12535036	-0.07120654
0.6576423	0.94576925	-0.9128234
0.064551115	0.12300748	0.11570323
0.79521364	0.33763003	0.71874833
0.053976297	0.8751699	-0.06043066
0.36727297	0.108258605	-0.13362847
0.20562261	0.465721	0.46480227
0.64328915	0.9937371	-1.0661242
0.03836739	0.07258779	0.1531063
0.19974238	0.4274174	0.47263843
0.09329724	0.3146401	0.110086225
0.37691885	0.2698995	0.81385165
0.5878341	0.9189188	-0.97083133
0.077656984	0.30317545	0.14495271
0.59501874	0.17252523	0.5587469
0.38828897	0.17177153	0.110396445
0.1452077	0.99033827	0.9252275
0.7633268	0.21956372	-0.20172992
0.5374492	0.48015237	0.18959457
0.6968568	0.54573256	0.16260007
0.40617043	0.39583987	0.7860819
0.5648728	0.492985	0.327865
0.44046062	0.20658398	0.26334634
0.22362655	0.06965613	0.17014211
0.6370275	0.60068715	0.18674916
0.27634817	0.22872567	0.1494098
0.506161	0.40827596	0.19599988
0.30034548	0.8405942	-0.17169409
0.2635668	0.5764822	-0.13393931
0.8912766	0.010566711	0.11966227
0.18075687	0.41044062	0.44843745
0.75056434	0.18925554	-0.3015129
0.46593738	0.15154237	-0.10512596
0.5194488	0.033316612	-0.37066388
0.3051576	0.21546984	0.20133844
0.28933424	0.76721215	-0.55671287
0.30244035	0.38252515	0.8570963
0.4920777	0.91804653	-0.47961634
0.31193608	0.75377685	-0.45301294
0.55817497	0.4831528	0.22860938
0.8948454	0.055102825	0.12267116
0.56446403	0.5807067	0.3741361
0.80178547	0.11504775	-0.6899489
0.5250654	0.12872785	0.07497728
0.8838882	0.3740967	0.8795129
0.7074224	0.25944912	-0.029404804
0.3530215	0.252671	0.58916926
0.9979784	0.80949295	0.20914894
0.4524212	0.6683854	0.096665606
0.9992874	0.06309515	0.779
0.5716871	0.14314318	0.50586486
0.23964107	0.49402088	0.42293122
0.39603084	0.94628775	-0.14991084
0.9265827	0.19514215	0.5901146
0.0043140054	0.69839346	-0.89461446
0.3151338	0.7395721	-0.4901733
0.15326935	0.52349067	0.2737031
0.5014767	0.43487996	0.13522007
0.60476595	0.9348882	-1.0856122
0.6013252	0.17135751	0.543909
0.97109467	0.5918018	0.5492515
0.45022553	0.54884017	-0.1620561
0.40874708	0.06349248	-0.44037145
0.7501904	0.53380656	0.1449888
0.5560181	0.6754638	0.39108813
0.03405428	0.6331899	-0.8056487
0.6664295	0.29626298	0.09268006
0.016033947	0.7150174	-0.8136409
0.9259085	0.59418267	0.5739359
0.62559956	0.7260855	-0.12558484
0.62843174	0.13665122	0.71193385
0.2547509	0.11857891	0.04836347
0.10835266	0.9485697	0.59572875
0.4366827	0.67301196	0.089552104
0.39873207	0.42144722	0.7120923
0.118685484	0.65148044	-0.5705615
0.93164283	0.6865482	0.46305284
0.47568095	0.9489103	-0.533184
0.35506576	0.90131605	0.0028979853
0.4652204	0.65457183	0.19324659
0.4443373	0.2829674	0.63835704
0.9022293	0.8751064	0.3893978
0.4973585	0.9115961	-0.46099982
0.7333978	0.01089716	-0.075653225
0.026795566	0.636065	-0.7679115
0.6234915	0.9390286	-1.0424409
0.087747335	0.11116713	0.10963525
0.7092046	0.31374586	0.18880141
0.14435297	0.91306	0.42130917
0.033620477	0.5111055	-0.36430162
0.50354916	0.48828983	0.04481837
0.16084433	0.116431236	0.08951426
0.8895325	0.49453557	0.7840154
0.52393854	0.3860448	0.22900775
0.5605941	0.53244025	0.32801193
0.32676017	0.7245795	-0.47257307
0.25598425	0.28180385	0.34563112
0.5805493	0.8478241	-0.5606114
0.74901676	0.97426885	-0.39291173
0.71313304	0.63773656	-0.29200312
0.047398448	0.112273395	0.18897258
0.5616764	0.0065997243	0.15929663
0.89968497	0.095437646	0.261975
0.23526537	0.97227883	0.37317732
0.3258252	0.17619765	0.10667823
0.75787	0.8467183	-0.19219083
0.5793427	0.018211782	0.5173402
0.15097791	0.8162013	-0.42475176
0.57017124	0.08076918	0.50606203
0.21010238	0.30565667	0.31491226
0.6375284	0.35334355	0.15459172
0.31345487	0.4928285	0.40377823
0.5468407	0.9291537	-0.81198865
0.7984013	0.5839521	-0.057611957
0.41101575	0.66579336	-0.082653224
0.69998926	0.94943166	-0.7296943
0.37943345	0.48709852	0.24740355
0.072957695	0.14297777	0.117646635
0.86521643	0.42493802	0.9625644
0.29845643	0.81299317	-0.24345247
0.34786355	0.8962948	0.05549091
0.5852854	0.18878698	0.43917903
0.16707778	0.64863986	-0.3958338
0.28418905	0.8118398	-0.37382412
0.13149303	0.6095055	-0.23431993
0.6306104	0.84638417	-0.6403558
0.35260302	0.32395345	0.9692048
0.8824159	0.4681371	0.877899
0.44891173	0.08324003	-0.48743394
0.50522405	0.55112755	0.061985064
0.5696704	0.16834193	0.42918545
0.62714654	0.95602274	-1.1093401
0.83466214	0.3796811	1.026166
0.8251702	0.8785355	0.225324
0.76369846	0.9662573	-0.34607175
0.43042177	0.99948734	-0.40897015
0.6646507	0.06637269	0.68360025
0.41767234	0.5972583	-0.26803124
0.97354454	0.30768257	0.56394273
0.5788618	0.1386624	0.52344805
0.22695494	0.3548764	0.46180195
0.52072424	0.80728745	0.0017286092
0.94052297	0.2172535	0.60236305
0.44787896	0.88591033	-0.025433224
0.9857908	0.3166967	0.5621763
0.03570211	0.29104775	0.25034314
0.14406598	0.095885456	0.052801307
0.38126922	0.9934995	-0.27083474
0.47551256	0.36702305	0.45311618
0.4463374	0.87468696	0.034936175
0.7934005	0.7237625	-0.2894393
0.02892524	0.4193067	0.0062225666
0.26968098	0.8353033	-0.32438543
0.8270002	0.17597198	-0.30482715
0.2833538	0.47525734	0.48325586
0.93610585	0.46700692	0.84785426
0.86228734	0.44419503	0.9529469
0.3437497	0.2760378	0.7550923
0.8388298	0.75710267	0.055973306
0.15939349	0.14897603	0.14886439
0.9373463	0.8981822	0.1147262
0.13550311	0.12783438	0.13347785
0.79362345	0.2785052	0.32465857
0.30766743	0.033772826	0.26143745
0.5561482	0.8952238	-0.70686066
0.45302188	0.23366225	0.37845394
0.20895779	0.600375	-0.12847316
0.25968874	0.95096225	0.17343107
0.17324054	0.16420001	0.017471049
0.12274057	0.13262242	0.02138025
0.68568146	0.993047	-0.8693811
0.5532828	0.28878397	0.20172141
0.36935014	0.77949005	0.02735232
0.6993324	0.4009859	0.29454833
0.2366795	0.26817715	0.21295929
0.6025143	0.24457484	0.310814
0.053795993	0.9180078	0.22618158
0.20029563	0.5378622	0.2661884
0.21405953	0.61670035	-0.23257051
0.7542119	0.5656657	-0.086013496
0.19884992	0.22746098	0.028480608
0.4054827	0.3272633	0.9792478
0.2344144	0.024930418	0.29765648
0.027142048	0.014849603	-0.016965773
0.1580829	0.8110816	-0.3162473
0.4877724	0.14679575	-0.1167822
0.32522237	0.6470323	-0.50157905
0.2140882	0.7503544	-0.7641532
0.42886835	0.82053137	0.2977683
0.63029355	0.047048748	0.93357426
0.70491904	0.2743895	0.044601437
0.71298754	0.07459426	0.022980012
0.3615508	0.07480991	-0.100349985
0.73128295	0.77409196	-0.3510845
0.25153655	0.0082265735	0.39711347
0.4468993	0.42291373	0.3652994
0.50479573	0.1729238	0.11128025
0.9742852	0.1709376	0.79483616
0.1859349	0.36031818	0.30229035
0.13040233	0.38002604	0.18363704
0.19378048	0.40118402	0.42733994
0.119994044	0.647395	-0.51634896
0.3329714	0.067347646	0.058677357
0.87674475	0.16640526	0.075051285
0.01581657	0.369506	0.19396365
0.5210877	0.045300245	-0.29902735
0.0147720575	0.91387486	-0.048823442
0.7547267	0.5408686	0.09091598
0.044944882	0.63314	-0.76395077
0.6729847	0.7690776	-0.365738
0.8338194	0.7058301	-0.0017094053
0.9130146	0.061299622	0.36592907
0.5340622	0.1171239	0.08189599
0.35582376	0.3689869	1.0152036
0.036792397	0.74392855	-0.7746988
0.28723305	0.6581705	-0.6508242
0.87575084	0.54631305	0.5333392
0.101260126	0.050830066	0.063637495
0.18774849	0.16082174	0.05000214
0.122550905	0.624201	-0.41407797
0.34450036	0.40351725	0.9761282
0.10696542	0.45160198	0.15109369
0.32822466	0.68295413	-0.5759833
0.20631677	0.5491065	0.21825406
0.25030762	0.25624257	0.17960998
0.5787653	0.7644188	0.014942542
0.42876315	0.09856403	-0.37422863
0.92209154	0.34616017	0.7679771
0.7345618	0.28869152	0.13413681
0.19475389	0.52034044	0.32307246
0.44755298	0.4530269	0.19624595
0.79441965	0.76512337	-0.13016167
0.32344973	0.48837548	0.4399462
0.7136295	0.31540883	0.21233125
0.41224945	0.12554199	-0.17917596
0.39082432	0.41677582	0.806964
0.41705632	0.041763842	-0.4661797
0.057151437	0.3519168	0.06389756
0.27234846	0.9529965	0.08427724
0.6637964	0.24216884	0.12182731
0.22722709	0.06225753	0.16398057
0.5234057	0.8371089	-0.12753184
0.8842342	0.9347665	0.094390936
0.5873629	0.08207089	0.657803
0.5989835	0.23247457	0.28559637
0.06570405	0.72698826	-0.76896006
0.34401894	0.7381584	-0.2783887
0.234694	0.457829	0.5265462
0.8836424	0.65473807	0.2358924
0.33740115	0.17372942	0.12058388
0.9501449	0.30829245	0.66768074
0.16663563	0.5051219	0.364044
0.12396771	0.08983487	0.009879617
0.65370494	0.19567037	0.21870756
0.4454196	0.4112736	0.4333192
0.07587069	0.2808692	0.17265493
0.6442721	0.25753248	0.14764445
0.6317367	0.4687199	0.35773897
0.6552072	0.56891465	0.24266282
0.07677698	0.65819407	-0.6728138
0.54812115	0.58197194	0.3530134
0.96295196	0.038150012	0.74351615
0.83387107	0.09734088	-0.5344527
0.09189373	0.79330635	-0.48240355
0.6453263	0.43259096	0.2733912
0.3186491	0.6509483	-0.58466387
0.042826593	0.4997136	-0.21024975
0.9962958	0.050407827	0.7207273
0.42259216	0.6836037	0.0688143
0.25599176	0.37620705	0.5588339
0.98117214	0.16493297	0.7118781
0.13965416	0.5791156	-0.06166338
0.07920623	0.6977189	-0.75865257
0.36977416	0.6110809	-0.39460552
0.61461407	0.8196159	-0.54558337
0.18343985	0.6148349	-0.2278405
0.7165163	0.9869019	-0.5928814
0.5087891	0.27817023	0.3521839
0.65245557	0.56214345	0.21073177
0.07635689	0.6650612	-0.67671406
0.6411883	0.41133022	0.22567075
0.009238064	0.4026479	0.04842396
0.90575814	0.75691	0.51421344
0.13033926	0.27870637	0.043847382
0.14245367	0.8392422	-0.12775657
0.5089996	0.7778625	0.30042782
0.6630623	0.16500324	0.3275373
0.6818327	0.31068164	0.11898178
0.1285212	0.8270645	-0.31638414
0.568076	0.75624657	0.05090622
0.094846725	0.90338594	0.26873258
0.88291633	0.9665463	-0.093578696
0.81364256	0.35146552	0.81113577
0.99664605	0.3213631	0.5538452
0.15228993	0.1908521	0.08677626
0.8991731	0.34291244	0.8776147
0.061532736	0.7410359	-0.71501833
0.952466	0.25758517	0.6101624
0.95238173	0.83656377	0.38529414
0.015277207	0.09228766	0.19250344
0.6208368	0.25579977	0.24153619
0.21864414	0.25698644	0.1579818
0.4227566	0.50182515	-0.0049045766
0.9339249	0.12350994	0.5713445
0.7718388	0.28553373	0.2557725
0.8982969	0.5925333	0.4861507
0.4809252	0.66443455	0.2792409
0.24898785	0.31718493	0.43439004
0.20724279	0.5312843	0.2546481
0.25980377	0.9114234	0.074937895
0.53575563	0.87623173	-0.46232113
0.0796749	0.31203938	0.0949689
0.6510711	0.7502955	-0.26245573
0.8503006	0.6006302	0.18221377
0.92883694	0.3427946	0.7250781
0.5916838	0.6776176	0.24125828
0.69813716	0.97636515	-0.7606082
0.54368263	0.26662916	0.26751217
0.70898396	0.48229253	0.31836504
0.29217362	0.58100593	-0.22456464
0.76350373	0.35161805	0.6248134
0.20560849	0.10959715	0.047073707
0.5197346	0.16452163	0.08077567
0.5843983	0.11065996	0.6057321
0.8320968	0.7572627	0.10626978
0.25290406	0.90042245	0.021965632
0.91049445	0.3071075	0.75059575
0.7485931	0.54346067	0.0813376
0.2867216	0.86874527	-0.16600804
0.47049928	0.46967942	0.051167835
0.4800871	0.45586538	0.06863023
0.1983965	0.5619782	0.13850552
0.41460854	0.89148253	0.0021015704
0.80756724	0.6401648	-0.23641868
0.46038598	0.13924146	-0.21237583
0.37810332	0.15411896	0.0769373
0.77593064	0.6734282	-0.30570623
0.26517344	0.60840684	-0.3808448
0.35427028	0.97725844	-0.1697881
0.41314298	0.4651115	0.3107789
0.12951279	0.52831537	0.13039538
0.7651645	0.88962835	-0.18526235
0.91110826	0.908231	0.15831868
0.18964267	0.27000618	0.04030566
0.18351912	0.027780116	0.08609478
0.64002234	0.47977626	0.27867445
0.99025434	0.5262631	0.5395361
0.05413717	0.28437966	0.15869674
0.48818654	0.80031884	0.220152
0.45792222	0.83179843	0.2074622
0.9912232	0.38597244	0.59115964
0.8809229	0.48541594	0.8074321
0.5646201	0.64756167	0.40153462
0.15405864	0.68197215	-0.6392149
0.96292555	0.9040329	0.08401563
0.68948877	0.32224864	0.16618164
0.6689595	0.039200008	0.73891497
0.914319	0.609716	0.5244236
0.07524258	0.43812352	0.036179543
0.47903782	0.79452246	0.2534886
0.28037393	0.53107065	0.19497366
0.48324394	0.30087382	0.46645492
0.74048495	0.8254478	-0.32376832
0.051521063	0.72357404	-0.7342141
0.7613378	0.90108144	-0.21172039
0.3418476	0.5356178	0.004734461
0.5179813	0.010483801	-0.48719767
0.08709043	0.38247973	0.026771937
0.5590885	0.16535938	0.33414048
0.93155724	0.6073976	0.563193
0.44086576	0.42840856	0.38799468
0.8962353	0.18211555	0.2762721
0.5207211	0.99592644	-0.7901052
0.89894575	0.62257296	0.38340497
0.34256423	0.9503217	-0.14891174
0.67513543	0.8634335	-0.72866446
0.32288426	0.28763837	0.7412121
0.5423195	0.6342277	0.4304019
0.076235116	0.40910083	0.08421497
0.98491836	0.41661692	0.59408486
0.089517534	0.9098837	0.30907622
0.048737407	0.29155773	0.20535123
0.80394334	0.19333005	-0.36320597
0.15674508	0.6243078	-0.3060802
0.6507818	0.30570114	0.04478673
0.31189007	0.4459046	0.7046881
0.53797936	0.16324502	0.23851964
0.9222728	0.13665485	0.45224863
0.035594285	0.55753857	-0.51052177
0.8318626	0.6558237	-0.13533336
0.93493795	0.34462017	0.72735494
0.12656665	0.38304764	0.26234064
0.75428146	0.3488335	0.471245
0.84287864	0.55043787	0.29234976
0.44928622	0.7050593	0.25991392
0.36796695	0.09705651	-0.11470879
0.57331365	0.6132128	0.45883158
0.2767704	0.5585303	-0.01919624
0.30436563	0.010695279	0.3899666
0.17576343	0.5616125	0.10489577
0.17046142	0.5263357	0.28098953
0.397923	0.9867639	-0.2888015
0.5559664	0.9831732	-0.9881455
0.60254365	0.53613675	0.41052127
0.47208387	0.992612	-0.5135143
0.75195634	0.98556507	-0.39358264
0.34279197	0.17600071	0.1220399
0.5638419	0.7555885	0.094505966
0.32694387	0.56589717	-0.21437418
0.88215464	0.0036244988	0.001467905
0.8153036	0.4302898	0.92035675
0.052515447	0.93170804	0.33591244
0.37723666	0.9478065	-0.0792371
0.64197373	0.98428607	-1.140559
0.8046148	0.1377157	-0.5653632
0.8683518	0.37823546	0.95108
0.16827571	0.075549185	0.070889205
0.21442866	0.3831815	0.4642964
0.21873522	0.3061781	0.3285326
0.66817033	0.35252798	0.2349807
0.32433861	0.18521565	0.1361904
0.049821675	0.90861833	0.15074319
0.92193323	0.85448873	0.43013006
0.89430326	0.68235874	0.33117056
0.3284303	0.9712407	-0.05118221
0.9824919	0.46403134	0.6641795
0.54669803	0.79604965	-0.08031229
0.9990551	0.75001925	0.3296047
0.5878436	0.45569474	0.302752
0.12999761	0.9884071	0.91005516
0.6302336	0.81136954	-0.49690974
0.2527058	0.6075126	-0.3276735
0.3048815	0.63300407	-0.49525148
0.06956321	0.63680315	-0.62062025
0.2552294	0.44402432	0.61521655
0.5275273	0.45036167	0.16681291
0.6949757	0.52493894	0.18920824
0.92772484	0.012945771	0.53834736
0.75287795	0.95381176	-0.3511486
0.47856498	0.45785445	0.03311035
0.83976984	0.43751723	0.87160045
0.3581105	0.38598984	0.99995136
0.65104806	0.6296644	0.037506826
0.6359899	0.8150397	-0.5091007
0.93821627	0.6473144	0.48643753
0.34835362	0.8773906	0.04680434
0.47968072	0.2846275	0.41507083
0.2722003	0.30651563	0.5538312
0.23293626	0.31094062	0.32523978
0.661357	0.5219589	0.28951463
0.82393557	0.5344436	0.31857276
0.72678477	0.6457286	-0.31975788
0.8792442	0.33495116	0.8069906
0.97139245	0.4250208	0.7201681
0.5257185	0.67125314	0.41032904
0.24958837	0.43703407	0.5596351
0.9030319	0.027980983	0.2561802
0.9992582	0.4420418	0.5580307
0.70417684	0.14831609	-0.02658645
0.467592	0.50824016	-0.044057183
0.91095936	0.42341834	0.8770296
0.8771551	0.475765	0.8260128
0.36136675	0.44543445	0.67616326
0.9444144	0.80947316	0.48033416
0.23803014	0.65839475	-0.6531247
0.14538968	0.8776028	0.10306361
0.57523936	0.44165725	0.23615608
0.20572048	0.86435103	-0.18283556
0.44395983	0.9080481	-0.106044576
0.09733611	0.3607568	0.08787861
0.62197936	0.32898736	0.11953104
0.32286274	0.7361326	-0.45839685
0.12513912	0.9492662	0.6636325
0.87978345	0.39234656	0.8842007
0.79205525	0.9962542	-0.22271451
0.76501185	0.98725986	-0.24851537
0.9368657	0.27562135	0.62666696
0.6547453	0.5259794	0.28875276
0.27216542	0.64789367	-0.6015219
0.71049976	0.19570076	-0.09101918
0.63409543	0.40000433	0.278149
0.05698788	0.9508061	0.39895412
0.020479202	0.41924715	0.011473014
0.643157	0.45588893	0.25260016
0.65785325	0.92104155	-0.91887474
0.32947886	0.5370291	0.035508454
0.12836021	0.9384504	0.60048956
0.42242336	0.47244072	0.1400589
0.6318306	0.8349984	-0.6291319
0.7058922	0.57583386	-0.022410568
0.5856866	0.29595315	0.16295527
0.7612667	0.7443639	-0.37384185
0.9867672	0.60735863	0.5214676
0.03339672	0.9642416	0.3016733
0.0493384	0.14644241	0.2215426
0.21084249	0.36976177	0.41785547
0.8398757	0.071367264	-0.5464969
0.24611443	0.9641165	0.2774867
0.0578326	0.43440235	-0.005241215
0.80423623	0.41712284	0.86734796
0.795088	0.38858563	0.8122211
0.17474574	0.60813564	-0.12344131
0.72249305	0.76071817	-0.37097687
0.06362826	0.039265037	0.04453821
0.50141174	0.69423205	0.34469822
0.5067531	0.5754291	0.10829217
0.220456	0.025438309	0.26588628
0.105430484	0.4857666	0.11987705
0.4716323	0.8357949	0.08945768
0.8001539	0.63946295	-0.23239222
0.4939245	0.27744955	0.33293176
0.25023228	0.9681857	0.32637092
0.85464716	0.74391055	0.17257056
0.64991564	0.72359633	-0.18898386
0.89298785	0.60273063	0.36695704
0.5767968	0.29146093	0.21387742
0.43908334	0.28441674	0.65600145
0.3747568	0.095933974	-0.1624452
0.33612764	0.12772733	-0.030720972
0.4922505	0.93690395	-0.53714323
0.7441864	0.25014383	0.00049886666
0.07947636	0.5394943	-0.18081819
0.29666942	0.62110186	-0.4710719
0.27294505	0.3350684	0.67114913
0.5808381	0.43169343	0.21776405
0.64704347	0.34305078	0.10396473
0.5647783	0.67592305	0.3180941
0.4886474	0.013202667	-0.7862092
0.5935323	0.8959463	-0.90165305
0.41543293	0.74070835	0.18343072
0.81490195	0.09137869	-0.67674893
0.1822108	0.8519234	-0.20456953
0.975714	0.72895205	0.42879394
0.43434262	0.26440763	0.57009435
0.13630855	0.7321306	-0.78105384
0.6388384	0.4143989	0.21565059
0.26279867	0.26085562	0.30191422
0.13628739	0.10292834	0.034543365
0.87425464	0.87661344	0.342798
0.645192	0.9448462	-1.0397851
0.0033532977	0.94030076	0.047958784
0.666375	0.09061712	0.6328516
0.14047539	0.89696723	0.2750791
0.71636844	0.75400937	-0.3812058
0.06594926	0.60863125	-0.5550035
0.8619914	0.28247482	0.55558854
0.20688081	0.20237976	0.05813259
0.07806641	0.10443491	0.0323278
0.5570439	0.7118315	0.2711879
0.113598526	0.65889895	-0.54606473
0.81413543	0.8125588	0.093480244
0.040380776	0.28164428	0.28908813
0.65102345	0.8762073	-0.8040362
0.58554995	0.14495796	0.61618626
0.53280294	0.45499063	0.1694964
0.8955834	0.21097177	0.37924635
0.46669108	0.9152446	-0.29231825
0.6236633	0.5744544	0.3410153
0.4119941	0.5381886	-0.1715141
0.45706576	0.7582465	0.35638386
0.95508564	0.300905	0.6423585
0.24162644	0.5045528	0.3919059
0.58973414	0.006632209	0.59061456
0.62757087	0.14682448	0.6078262
0.8337043	0.9109117	0.17635913
0.03963369	0.49270326	-0.31090206
0.45082885	0.0017690659	-0.8416891
0.6926775	0.84514743	-0.5845876
0.4123476	0.062738776	-0.44745836
0.5230318	0.08044654	-0.13721485
0.25140542	0.26166457	0.13190895
0.95890087	0.38308322	0.76294476
0.32772124	0.7479989	-0.3841546
0.16002017	0.49725515	0.34121266
0.662452	0.41219854	0.24129574
0.4069453	0.9700942	-0.24048346
0.22292167	0.35714877	0.49267116
0.5032946	0.6052277	0.17011058
0.22607517	0.42621	0.52652466
0.46905476	0.42562246	0.26678598
0.6155976	0.6299478	0.27243012
0.09079832	0.33271217	0.031509835
0.70342845	0.012017667	0.3508827
0.6110837	0.63068634	0.27058616
0.08140284	0.20384568	0.12729084
0.148337	0.18095464	0.06443314
0.69767344	0.8610288	-0.6263906
0.50946957	0.7466549	0.3641419
0.59241706	0.22972482	0.32854092
0.69292057	0.56757635	0.0324051
0.66829133	0.104552686	0.5140644
0.75143254	0.79010254	-0.3748101
0.92431366	0.06359708	0.5119405
0.80840623	0.7761738	0.04036846
0.93346167	0.30610102	0.63818
0.78031564	0.71316415	-0.3676206
0.10182786	0.85560703	-0.0363321
0.98412025	0.2614119	0.6267631
0.43833876	0.6624137	0.047006696
0.8450205	0.1486736	-0.33923915
0.16871333	0.4874583	0.3857449
0.016637266	0.48768246	-0.28111672
0.64314044	0.62238896	0.16224122
0.4084007	0.7926322	0.27965894
0.6205246	0.6181002	0.25254098
0.84948474	0.91332024	0.17615971
0.95684385	0.3711573	0.69476545
0.9580754	0.36764205	0.6703512
0.8049187	0.31625938	0.6762463
0.7111269	0.26615036	0.04876115
0.06955278	0.2438283	0.17575563
0.5564269	0.14631808	0.31092846
0.9373661	0.4245435	0.8124982
0.3885262	0.7532968	0.13743967
0.22466993	0.09205073	0.048468567
0.2629565	0.21781355	0.12047955
0.09721023	0.3626114	0.12934187
0.6286487	0.53379613	0.29567248
0.9414947	0.13667303	0.6150769
0.16036958	0.15045744	0.141883
0.40504014	0.03305024	-0.37177652
0.13832217	0.35743624	0.16606632
0.039098144	0.55651575	-0.529648
0.47474134	0.5268684	-0.07240669
0.26425457	0.26965594	0.26874527
0.51853657	0.5856236	0.22744034
0.88495445	0.6410951	0.25585112
0.5071513	0.38925374	0.29022896
0.7412691	0.6389316	-0.29385152
0.021962345	0.6339237	-0.8596023
0.3171026	0.06347948	0.08871867
0.058658123	0.81329125	-0.42813972
0.89241004	0.67640793	0.3297388
0.7745413	0.80065244	-0.16986671
0.46886903	0.3130213	0.5500171
0.17791677	0.6041187	-0.14657417
0.27290308	0.6029876	-0.32310554
0.9700793	0.257156	0.6202514
0.17044461	0.08409977	0.024253909
0.99625444	0.083901584	0.7763044
0.30434096	0.6464608	-0.6666317
0.41476256	0.8407376	0.2366757
0.32872313	0.94793075	-0.0462
0.26791292	0.67207843	-0.71709514
0.61443514	0.8671884	-0.7456943
0.42390758	0.67805064	-0.058444936
0.23520023	0.4332276	0.5276278
0.71665823	0.95652777	-0.5832295
0.4474088	0.2361899	0.4435413
0.41601276	0.19454014	0.1650161
0.82034606	0.30126876	0.58641505
0.5609845	0.80892223	-0.20736896
0.55224854	0.13758796	0.31006825
0.7788252	0.61169446	-0.20731163
0.9358061	0.6042586	0.57859576
0.7048048	0.80535764	-0.49035874
0.27176905	0.29993093	0.44536328
0.95495886	0.44624215	0.6649401
0.5170676	0.80003947	0.10560145
0.29769516	0.57096374	-0.21662912
0.9080328	0.15847695	0.3257052
0.52132535	0.35981762	0.30365303
0.89924836	0.72588795	0.48408413
0.37384152	0.69764644	-0.27532727
0.4240921	0.32960975	0.8011837
0.10672253	0.12867564	0.09855918
0.32837856	0.70462453	-0.48815838
0.90131503	0.88828224	0.3293016
0.995305	0.24627256	0.6236996
0.027363539	0.9433669	0.21677792
0.25863373	0.32688177	0.48479593
0.84903103	0.7110624	0.020971939
0.05251813	0.6967871	-0.7795917
0.5052343	0.38473284	0.30924076
0.68403345	0.9757726	-0.86502045
0.25010884	0.9859942	0.38264275
0.21033788	0.46093386	0.49148574
0.13004267	0.6944687	-0.6782889
0.42293423	0.317827	0.83906573
0.9500572	0.28124708	0.64568794
0.53274775	0.5224846	0.14221488
0.7632063	0.9216514	-0.27969936
0.57850003	0.49132657	0.33871704
0.476052	0.26922554	0.41831896
0.89586115	0.7864315	0.4736892
0.79244226	0.51998615	0.3107385
0.38907373	0.10283202	-0.20756003
0.22854483	0.78108597	-0.7081911
0.3395368	0.19203657	0.22054444
0.42992342	0.14483994	-0.15631996
0.17188454	0.0047580004	0.14336927
0.8290381	0.82480323	0.14190885
0.65964013	0.27889538	0.084196195
0.35547388	0.9494372	-0.067479536
0.21902663	0.73862034	-0.8044999
0.5163345	0.12724936	-0.05365625
0.105843484	0.7129304	-0.73444974
0.47560686	0.5435336	-0.124811925
0.9755227	0.26417774	0.60724217
0.6739644	0.45657116	0.24928936
0.802551	0.6292068	-0.20910257
0.3964007	0.062308967	-0.2787414
0.59110004	0.17939389	0.49760795
0.73528266	0.16009468	-0.35172114
0.50119644	0.15474623	-0.053305253
0.089065135	0.35741466	0.08857227
0.7507175	0.6007501	-0.25632092
0.77321297	0.4152692	0.6847266
0.41426438	0.30547625	0.83115685
0.34919387	0.96654767	-0.09527279
0.91075194	0.021165311	0.32696843
0.16521287	0.003195703	0.055987526
0.95062286	0.4865209	0.70017153
0.81895953	0.2496944	0.21199717
0.94259566	0.5438004	0.7012007
0.062263906	0.94117343	0.3675583
0.37014848	0.29829884	0.9266985
0.73644346	0.9587226	-0.43163705
0.52768385	0.67214787	0.37154663
0.94611514	0.99239135	-0.38294837
0.9852124	0.41333032	0.6106521
0.4857906	0.64196354	0.21273693
0.009506941	0.5562381	-0.6180894
0.19909012	0.21627903	0.076399095
0.14086205	0.37292933	0.2284303
0.65145797	0.49197102	0.34167328
0.60306454	0.686658	0.12981682
0.52548736	0.660642	0.39058745
0.13731885	0.47663212	0.31784043
0.3576241	0.10248417	-0.10123573
0.14877868	0.34362823	0.13634345
0.7434645	0.53735477	0.063758686
0.7213048	0.8761543	-0.45764738
0.9746847	0.32796562	0.64566666
0.37100786	0.14938444	0.0063708425
0.8332466	0.35394478	0.840361
0.3383968	0.108896434	-0.005819656
0.41635972	0.09043735	-0.3618143
0.46295434	0.4051718	0.3563004
0.054931164	0.2616033	0.27247664
0.6747416	0.3662349	0.18038665
0.6452934	0.8828457	-0.8435609
0.37385553	0.026660025	-0.119583175
0.4715852	0.958982	-0.44259536
0.08589041	0.18867385	0.21209101
0.038356602	0.24821812	0.28415766
0.052842975	0.79990613	-0.52421945
0.5440828	0.12206441	0.2217191
0.38332587	0.54261357	-0.18247871
0.9255089	0.5568503	0.58595437
0.7384445	0.114337325	-0.33406073
0.64776593	0.9692851	-1.0156777
0.72164184	0.0017550588	0.05331034
0.9618641	0.38246143	0.6931064
0.83699113	0.66387475	-0.04049273
0.10888362	0.072291195	0.0645008
0.3563801	0.59473747	-0.3901035
0.48109114	0.18255186	0.0040068664
0.07201725	0.072209775	0.019282676
0.61698484	0.5643851	0.3333019
0.8822959	0.0084840655	0.009793361
0.24039304	0.5022428	0.38537848
0.61294025	0.45945364	0.32894316
0.42738515	0.4281494	0.4661987
0.8433314	0.5309127	0.4559654
0.9796216	0.38695884	0.58159494
0.7978658	0.28509426	0.40906402
0.09500629	0.045829594	0.059709787
0.30002666	0.8252206	-0.17369899
0.63508874	0.990971	-1.0913156
0.23271483	0.3143453	0.33676878
0.81188536	0.84781986	0.12676774
0.00960958	0.5202265	-0.52145386
0.981961	0.5814695	0.56352645
0.91297454	0.9754147	-0.19452058
0.084079266	0.25438207	0.15236662
0.9420301	0.7225304	0.5062557
0.98613125	0.86098874	0.1610252
0.57093054	0.045273542	0.40237802
0.10928446	0.57078964	-0.09892182
0.9008606	0.08323103	0.24215068
0.27655572	0.022683024	0.4102357
0.0045089126	0.98128366	0.23139228
0.82406193	0.62189186	-0.06401986
0.7409861	0.5916138	-0.18349427
0.9224298	0.9753537	-0.267928
0.6004421	0.2840125	0.21689984
0.87282956	0.82188684	0.44468224
0.14245445	0.7874511	-0.5560542
0.2815957	0.9953588	0.19926792
0.5322746	0.2856745	0.24247661
0.7902238	0.10281801	-0.71719724
0.6273395	0.80585456	-0.48725206
0.94640344	0.5657729	0.6481222
0.25612617	0.6524358	-0.64632577
0.6695823	0.25727773	0.062398747
0.29546338	0.6040194	-0.3643748
0.8784423	0.62582624	0.27021265
0.5863303	0.6744434	0.24190456
0.88169664	0.3121025	0.709286
0.7602847	0.09286654	-0.55129707
0.2008974	0.44475693	0.5217974
0.6561494	0.6925455	-0.18844204
0.36199057	0.7565297	-0.07612981
0.9224738	0.52367175	0.7133384
0.9177295	0.7915466	0.5553607
0.78988254	0.047429025	-0.67537314
0.74375457	0.93987304	-0.37074208
0.5916558	0.67455286	0.23218957
0.6320991	0.6516041	0.12428094
0.52209353	0.40794683	0.19134784
0.39044303	0.24104184	0.614708
0.86675316	0.029004633	-0.20455801
0.120113015	0.20648932	0.100472264
0.90989727	0.30400258	0.7126524
0.5149609	0.98374873	-0.78478324
0.84235734	0.6348554	0.020574465
0.5243096	0.54722655	0.18943587
0.22305948	0.08579856	0.07770175
0.35040617	0.19723743	0.20491427
0.9762152	0.61702293	0.5365682
0.62453175	0.7533586	-0.20654042
0.52000934	0.9868918	-0.81926304
0.5020758	0.2864216	0.28658953
0.5532034	0.19437885	0.40277702
0.56373894	0.7930943	-0.07753942
0.7362928	0.0791595	-0.35602257
0.115410745	0.39599383	0.18362984
0.29321074	0.93208057	0.0092072375
0.52951336	0.7198894	0.33715856
0.887703	0.8179437	0.48715192
0.30137217	0.7447258	-0.57109267
0.5501173	0.9975979	-0.9885252
0.9055426	0.325625	0.79058987
0.40869677	0.599436	-0.32173467
0.39114088	0.0010028481	-0.3291743
0.19628179	0.7754803	-0.6555723
0.5213476	0.36132836	0.19797383
0.7328246	0.7105168	-0.40789816
0.8684554	0.31321567	0.7918245
0.38188803	0.91362816	0.02863877
0.1526205	0.58674943	-0.026039395
0.888135	0.25780946	0.5954977
0.41962928	0.6686761	-0.08009736
0.08420843	0.27013975	0.06949204
0.17875296	0.40212357	0.34544823
0.7994336	0.9371088	-0.067054436
0.13230854	0.15636116	0.054574803
0.77301604	0.5956352	-0.08150294
0.43351072	0.5283289	-0.13440579
0.9970179	0.84862816	0.17134553
0.3801759	0.08148694	-0.15874235
0.64007366	0.10233772	0.75688714
0.7319224	0.36245096	0.43064976
0.1873079	0.38007802	0.30699477
0.88780195	0.49113768	0.8080781
0.40603745	0.75032514	0.21848387
0.23376137	0.6885127	-0.784881
0.62299335	0.59932035	0.29734814
0.13865155	0.26375264	0.03380452
0.9548452	0.6697695	0.52545506
0.28422886	0.8992906	-0.0137423165
0.23314297	0.09741074	0.073219694
0.5784294	0.34257174	0.19276385
0.17191178	0.08435863	0.0048780106
0.7271094	0.939389	-0.5071624
0.14028597	0.2497834	0.10864008
0.59852505	0.800021	-0.3369427
0.07603192	0.3993389	0.027974924
0.5150687	0.3530869	0.2547244
0.9588781	0.058162212	0.73652846
0.7585722	0.59473574	-0.18396047
0.39731675	0.2436434	0.60645086
0.15734214	0.22032547	0.04396774
0.49339902	0.47886068	0.041348923
0.81136936	0.779603	0.013248872
0.15907878	0.83117175	-0.28415388
0.03641951	0.3135183	0.2582569
0.107911706	0.55271673	-0.080210395
0.45810556	0.11047846	-0.3654542
0.50348204	0.7708902	0.320748
0.6087938	0.12010747	0.7493819
0.65654224	0.5563542	0.20241281
0.029890656	0.79226166	-0.56113696
0.56029195	0.107231796	0.36415556
0.12987798	0.5783656	-0.08474798
0.8273032	0.22176266	0.016489249
0.079476655	0.083100855	0.08381965
0.8241464	0.6472407	-0.15341815
0.3734498	0.019555628	-0.14517465
0.35040957	0.0498752	-0.009977646
0.21931994	0.33088136	0.35257328
0.7237504	0.34445024	0.36756217
0.62387633	0.31168938	0.1908826
0.29579717	0.085344374	0.09150166
0.8715186	0.017007113	-0.2017788
0.22615874	0.09377444	0.09275703
0.16475505	0.23277938	0.176344
0.32742804	0.7138805	-0.45396224
0.679833	0.93678325	-0.83060795
0.4829139	0.38192773	0.36029992
0.96606874	0.54104286	0.7100717
0.88644737	0.99401164	-0.19108865
0.43919474	0.45457917	0.2119596
0.1681422	0.14051878	0.062386446
0.20695847	0.7179073	-0.78917843
0.4977498	0.12907553	-0.15241842
0.32008636	0.66989315	-0.5587848
0.7024344	0.7785581	-0.4124515
0.89763874	0.26027757	0.53291035
0.8453593	0.110295534	-0.44806913
0.1349768	0.39461565	0.19690996
0.38230175	0.71483046	-0.09686586
0.33102196	0.45041043	0.684346
0.9877383	0.13537371	0.74352574
0.199458	0.94608676	0.51238734
0.035506964	0.8428526	-0.33173996
0.72892624	0.7472825	-0.4213157
0.6290057	0.8603128	-0.73473674
0.47226417	0.09381485	-0.48683888
0.23705006	0.17092681	0.035284378
0.07143086	0.3198858	0.08672686
0.97228676	0.9121534	-0.022292115
0.7827695	0.99183244	-0.15794797
0.3139385	0.25524217	0.43403575
0.511234	0.51379466	0.015159108
0.9282217	0.8685501	0.3112809
0.17267299	0.66110414	-0.4813841
0.8402474	0.6064004	0.10018851
0.8645617	0.025779605	-0.23477927
0.60020494	0.63756937	0.34874517
0.01983428	0.32863855	0.2785717
0.14824802	0.8088581	-0.4405915
0.36167043	0.36768097	1.0372746
0.10654485	0.21659505	0.16119982
0.16575545	0.6298335	-0.28141683
0.3935051	0.9874447	-0.2864749
0.30584908	0.90875864	0.028382316
0.05140716	0.6977424	-0.81808585
0.73065865	0.06257546	-0.20055719
0.76837814	0.9509581	-0.20532559
0.9780617	0.0488981	0.740505
0.91269386	0.47467774	0.80762476
0.5047353	0.21873659	0.16612248
0.5997207	0.45720905	0.33792868
0.978317	0.42403865	0.6456961
0.633413	0.6319296	0.14186266
0.06949806	0.21809107	0.18977748
0.11860865	0.68919814	-0.70715463
0.95894957	0.70898455	0.54336745
0.786738	0.6164048	-0.22984512
0.6920445	0.5443843	0.12872303
0.28098613	0.5211498	0.28335363
0.51666135	0.6841051	0.44785997
0.8550978	0.0032226443	-0.2845138
0.21582419	0.5462088	0.17786111
0.10523838	0.6701773	-0.5701922
0.79533833	0.2793001	0.3780674
0.21242237	0.059364915	0.13056429
0.6704692	0.6596284	-0.17182261
0.58831763	0.27663642	0.17749405
0.90031075	0.46071708	0.92070085
0.7053599	0.5293633	0.12802973
0.78195286	0.30625826	0.45833543
0.50801957	0.88898885	-0.35323733
0.8578847	0.21568441	0.1342829
0.7095875	0.0029257536	0.22346291
0.7416688	0.14259899	-0.4195071
0.31347924	0.9093341	-0.029988732
0.27082133	0.28062528	0.36535975
0.56268996	0.98427486	-1.1093659
0.0438264	0.4283026	-0.060974613
0.1065132	0.3316791	0.1494452
0.9708833	0.6253285	0.5211914
0.25554305	0.010194957	0.4207233
0.005851507	0.41759473	-0.008898526
0.317604	0.15982497	0.00646754
0.09193689	0.89165103	0.18342292
0.21791041	0.4677865	0.46939725
0.4355033	0.34651268	0.77117044
0.9664902	0.50713253	0.63951176
0.7640518	0.3426388	0.51939833
0.705048	0.14901096	0.011219861
0.9495895	0.20573723	0.6354342
0.32136738	0.69731534	-0.51384
0.3303662	0.76750326	-0.23197179
0.14626336	0.274602	0.123525456
0.4122036	0.9404293	-0.13486558
0.09570712	0.22336596	0.17320926
0.2900293	0.22991365	0.22874364
0.28770864	0.2031886	0.09029826
0.5501044	0.6018747	0.38985375
0.31761074	0.1865573	0.08183325
0.038124382	0.8311652	-0.3615478
0.60805684	0.12382954	0.76391035
0.31231272	0.8695785	-0.034905463
0.2706728	0.3677265	0.724601
0.11757684	0.97656584	0.86275923
0.0676834	0.6538656	-0.6916324
0.3264587	0.19651878	0.20686407
0.4060201	0.531441	-0.14580409
0.974817	0.22360826	0.7061867
0.3072974	0.27282518	0.48943144
0.2478506	0.78704256	-0.66724813
0.5030902	0.5390968	0.02707415
0.16364312	0.81985575	-0.4147966
0.86878246	0.71594334	0.27346548
0.13322276	0.3610456	0.17741698
0.6405806	0.36794382	0.15259592
0.6036701	0.95457715	-1.0994292
0.8495307	0.7776085	0.26466724
0.6990746	0.61519074	-0.1140596
0.09427029	0.7117448	-0.6945245
0.43024987	0.5876043	-0.23330788
0.8638753	0.8858879	0.24638978
0.5874496	0.15942007	0.55334073
0.6113148	0.985543	-1.1711768
0.866332	0.5697652	0.34301862
0.29518574	0.31179333	0.6919788
0.3920076	0.3751716	0.9470253
0.8895731	0.17478472	0.25992516
0.15701461	0.36163068	0.28314736
0.020674169	0.6630232	-0.83266395
0.13239872	0.72061855	-0.7672464
0.010397196	0.9774733	0.31205666
0.6020759	0.30383694	0.1949414
0.12973529	0.80454385	-0.41148373
0.26283002	0.67836106	-0.74110305
0.7998562	0.88516635	-0.017555926
0.15015697	0.052433074	0.030618731
0.025366366	0.19829702	0.36885408
0.054303885	0.5632271	-0.47275615
0.009334981	0.37254727	0.20500894
0.9754978	0.58876014	0.55430347
0.94472814	0.26703936	0.6214712
0.9656514	0.34700018	0.6088142
0.03995073	0.2844115	0.25084877
0.7168068	0.47769207	0.2747993
0.09078485	0.7236065	-0.7243173
0.96004903	0.3938306	0.6761833
0.030057251	0.85639876	-0.26945993
0.06969309	0.4866312	-0.0964067
0.52647597	0.8401112	-0.14777562
0.6596493	0.96983486	-0.98645824
0.047485054	0.52888596	-0.4047358
0.14087963	0.5904801	-0.15691175
0.7286799	0.36634535	0.36374426
0.7026576	0.74307555	-0.41160095
0.04840964	0.8138813	-0.3852758
0.46651316	0.79558104	0.36232442
0.7264453	0.011341512	-0.028590541
0.08915949	0.36861295	0.07955651
0.20761847	0.6238607	-0.26643717
0.3264523	0.90169686	-0.019835288
0.8184073	0.44663107	0.8142515
0.99613905	0.08532041	0.73455703
0.67258775	0.8017607	-0.46094736
0.88635397	0.10179913	0.05689231
0.04688567	0.07089609	0.11001356
0.65401	0.02447772	0.87334955
0.621119	0.3467176	0.1856623
0.7794134	0.8136725	-0.12120923
0.12283993	0.73965317	-0.7069677
0.7464904	0.3332135	0.42105362
0.19323468	0.6057165	-0.2130762
0.9037478	0.68461573	0.41843918
0.470141	0.92339116	-0.2877219
0.57814366	0.30571002	0.1374071
0.94041675	0.053440392	0.6847486
0.9172052	0.03546834	0.46233284
0.37064987	0.845562	0.16237618
0.41829318	0.29732758	0.7677929
0.35947794	0.7382916	-0.19471124
0.27148992	0.4899034	0.48473895
0.45611465	0.17303061	-0.08370571
0.35578257	0.9753608	-0.16085759
0.32263398	0.53898495	0.04644762
0.32425958	0.75459933	-0.35971
0.21046269	0.6715565	-0.62609285
0.49865848	0.76797223	0.34477755
0.79733294	0.9694953	-0.1407008
0.32636774	0.36407048	0.9557259
0.21409923	0.9409697	0.39081955
0.83496314	0.83561754	0.16024008
0.7293902	0.5588572	-0.029741285
0.3978802	0.29064238	0.8682035
0.7331525	0.27083385	0.04221087
0.7830836	0.7676303	-0.18037173
0.061376035	0.5139469	-0.20566484
0.5798293	0.013459742	0.41349065
0.7659029	0.309865	0.43400067
0.7468066	0.31938893	0.3439539
0.8911255	0.743438	0.42565528
0.7244616	0.6271675	-0.28072944
0.6829849	0.5861089	0.009317797
0.5396298	0.74674755	0.25839916
0.3245327	0.8605797	-0.0012256522
0.5834618	0.2344023	0.3516925
0.06590307	0.5691263	-0.40705866
0.7368929	0.0064707994	-0.10934455
0.7902231	0.045523167	-0.7065954
0.7280477	0.3454585	0.34177485
0.06668961	0.08258432	0.017427795
0.36305243	0.4915651	0.2566161
0.5311628	0.10314232	0.00289727
0.23362315	0.27776968	0.19411787
0.75779307	0.955957	-0.3166306
0.77898455	0.277582	0.2478028
0.65395147	0.05362284	0.7797695
0.4067927	0.81377745	0.26858723
0.67301863	0.18936664	0.18804646
0.28244096	0.815711	-0.3700169
0.29603624	0.58194846	-0.2514071
0.46514815	0.5143222	-0.122097135
0.95440197	0.8464306	0.34264034
0.018779993	0.7352941	-0.83066535
0.38526982	0.4701103	0.40823466
0.3379277	0.83098924	-0.0015346259
0.7461674	0.79858553	-0.33693138
0.72819126	0.24439698	-0.10031417
0.96136725	0.1558786	0.72688514
0.85012645	0.37513167	0.950707
0.14366442	0.29338175	0.12693179
0.83700895	0.7835428	0.1121907
0.41676122	0.6452806	-0.14912674
0.57550234	0.78699607	-0.11104366
0.46175516	0.8819936	-0.07861855
0.118352056	0.4044956	0.15840518
0.8053385	0.6815369	-0.29261687
0.8573551	0.35353088	0.9041208
0.3075056	0.060810387	0.14539272
0.9271794	0.8416603	0.40105727
0.6599698	0.3495236	0.18880776
0.5044089	0.6189683	0.18486427
0.7251064	0.68557936	-0.33178833
0.57281214	0.11252487	0.53885233
0.5172466	0.52723885	0.10659616
0.39703405	0.8479211	0.15535918
0.9366146	0.7053133	0.50566715
0.667062	0.77938145	-0.38504457
0.46148527	0.66812986	0.15836474
0.16228211	0.089048564	0.04577906
0.2832772	0.13528281	-0.030501503
0.8717012	0.2383771	0.34110194
0.33645958	0.41123456	0.90327597
0.057660937	0.20230496	0.15019682
0.6358318	0.7146607	-0.085843645
0.6366833	0.1284793	0.7263976
0.6067952	0.04049754	0.81747246
0.19059479	0.124308944	0.034585714
0.39661324	0.017028153	-0.3069015
0.5779961	0.31934768	0.3112795
0.7039864	0.68063956	-0.31999543
0.8925527	0.7980167	0.49911958
0.9741285	0.22563261	0.69776845
0.24673206	0.9220418	0.14031918
0.7568089	0.9134347	-0.27548352
0.59866166	0.2912262	0.18753962
0.04647839	0.028265536	0.047267634
0.96312547	0.86051494	0.20016396
0.9829723	0.18055117	0.70995575
0.8599621	0.17671233	-0.04932815
0.74870485	0.41092777	0.51993835
0.4770049	0.0026425123	-0.8315633
0.07202041	0.10587299	0.11512446
0.38301682	0.8231232	0.14835872
0.8495282	0.16934949	-0.15320836
0.43355405	0.5094579	-0.11021042
0.45804715	0.5795827	-0.082733266
0.10080272	0.96877325	0.72661954
0.6179634	0.6426287	0.20845798
0.3222077	0.85004514	-0.054778688
0.51200706	0.84900624	-0.1840086
0.3618409	0.71136934	-0.2803447
0.52278304	0.40342575	0.19705741
0.30696666	0.44954455	0.7251844
0.89677036	0.3273173	0.7645777
0.08036387	0.095804095	0.117972136
0.080352664	0.40058798	0.08701552
0.7120773	0.46938753	0.31622264
0.11332154	0.59481657	-0.24278964
0.7848045	0.68486655	-0.3798149
0.89325154	0.4996785	0.7501508
0.30429566	0.9249004	0.07086835
0.31879765	0.26250488	0.5187998
0.68184274	0.94907004	-0.8226166
0.469324	0.71675557	0.35427567
0.23139614	0.27850717	0.22567232
0.49826127	0.281047	0.38439623
0.33697182	0.40623367	0.9416493
0.5801883	0.87088513	-0.6603899
0.06091672	0.16222644	0.17345735
0.17246616	0.49481934	0.42982483
0.5849083	0.08872187	0.64376223
0.06756103	0.7482634	-0.68911254
0.45251787	0.48705447	0.045325045
0.3903417	0.6948246	-0.1091235
0.009384394	0.87275505	-0.27361897
0.25776297	0.28833348	0.4137292
0.28258783	0.009694934	0.38122967
0.7016925	0.12732208	0.050793413
0.25973737	0.8209793	-0.40233612
0.09118104	0.74728113	-0.6572884
0.6524205	0.7620174	-0.32970238
0.090610445	0.07606548	0.03131437
0.24117005	0.69058794	-0.8195032
0.05409491	0.70910674	-0.79677314
0.64701116	0.7241534	-0.12212491
0.64495075	0.5511777	0.30357966
0.22216082	0.024641752	0.29207197
0.9317212	0.18908268	0.61462545
0.77630484	0.5839152	-0.15330265
0.54649174	0.84181464	-0.32843506
0.06748831	0.3217879	0.13096404
0.7214373	0.5126475	0.23216395
0.85782963	0.18159473	0.004199803
0.35662675	0.20307547	0.2876799
0.4939062	0.4581412	0.15085165
0.057342768	0.37154377	0.077182315
0.12674904	0.3373121	0.124795556
0.13978714	0.42597032	0.2653284
0.27623522	0.522947	0.2735082
0.28155392	0.107844055	0.032466825
0.96414906	0.7963775	0.3958245
0.90766364	0.65153265	0.43883047
0.9075563	0.6769458	0.43667617
0.3268363	0.036391497	0.15843803
0.041808844	0.030156314	0.07800007
0.5608627	0.5526874	0.30879813
0.15917552	0.20009667	0.026957236
0.6086611	0.4334073	0.2918377
0.7119887	0.4760744	0.27082032
0.5443979	0.9288524	-0.91691613
0.58070564	0.3646142	0.19898468
0.40290576	0.8801474	0.070595756
0.678092	0.40982884	0.2766079
0.9511485	0.26308537	0.6215016
0.709511	0.42239338	0.36499295
0.14959723	0.39067274	0.20706339
0.5424133	0.66470194	0.42283082
0.11904895	0.8107705	-0.32587624
0.5554987	0.8192936	-0.20147622
0.7398292	0.3561539	0.45675313
0.25961977	0.95573956	0.24663359
0.46714604	0.3962764	0.34488454
0.47830236	0.12763232	-0.20937645
0.653844	0.20910698	0.23088667
0.47788924	0.52223873	-0.06319097
0.50108016	0.4747764	0.02348921
0.026115477	0.44448614	-0.09926069
0.73601043	0.6281271	-0.2571064
0.07860106	0.47226065	-0.034361757
0.99658537	0.69895613	0.3193291
0.26916128	0.53987753	0.16188616
0.1516875	0.961647	0.7756943
0.94259757	0.26421005	0.6047917
0.76474434	0.9694714	-0.25768647
0.38881856	0.76889056	0.18040217
0.32696342	0.052342176	0.101163
0.7301697	0.2052865	-0.20322603
0.6339816	0.81658095	-0.46854526
0.20681751	0.20180756	0.059734616
0.74781233	0.42227894	0.5473454
0.16905451	0.8229277	-0.34116703
0.6279662	0.037482142	0.85510033
0.23471701	0.66546345	-0.6943829
0.44583386	0.9017765	-0.058669962
0.0040923953	0.42239243	-0.035116106
0.60652804	0.8624354	-0.7760412
0.59783417	0.28305238	0.16560927
0.82667303	0.82877755	0.15480939
0.8307139	0.49483222	0.61859643
0.23773885	0.7299829	-0.80886203
0.5111987	0.80324095	0.13108735
0.20413065	0.75148654	-0.7961989
0.96679944	0.1972869	0.6803186
0.84529364	0.47740972	0.7566894
0.7112661	0.57388276	-0.038860966
0.31976473	0.6882486	-0.5817711
0.521485	0.457233	0.11604108
0.4938389	0.83047193	0.072980344
0.9726761	0.9674543	-0.29941413
0.7383716	0.76342154	-0.34112138
0.18760955	0.23089808	0.12875882
0.1359241	0.06239617	0.00011153519
0.27756822	0.68215966	-0.7254071
0.09436178	0.94975555	0.5982981
0.31424373	0.871437	-0.07775459
0.2930795	0.42657292	0.75147074
0.43689293	0.63677907	-0.06631382
0.026663661	0.27401072	0.34248862
0.57394505	0.64397943	0.37189806
0.71073496	0.64618045	-0.24808651
0.8217291	0.5903732	0.033612728
0.7348595	0.021369457	-0.117332496
0.43927205	0.20873475	0.22154185
0.37556213	0.44864506	0.55714893
0.23741567	0.9470095	0.3179739
0.9044059	0.25258005	0.58066964
0.6812342	0.3784458	0.22309504
0.14612389	0.3337304	0.16362534
0.30552799	0.9124724	-0.027223255
0.68330735	0.45050448	0.318495
0.65052736	0.69829047	-0.13082525
0.11485273	0.4063248	0.17583032
0.5698418	0.009744704	0.30093804
0.27302325	0.102740884	-0.030249737
0.8337346	0.68085337	-0.11115895
0.05532968	0.70029724	-0.7927665
0.29165578	0.17248005	0.079521716
0.79174584	0.6334558	-0.30432814
0.118878424	0.7463344	-0.62238127
0.8165019	0.023028135	-0.6571362
0.33956516	0.72875124	-0.35660413
0.7624255	0.38756472	0.6190261
0.24959552	0.41230392	0.57356125
0.4269206	0.8960947	-0.025532918
0.5116015	0.48281032	0.054385558
0.37650752	0.8181947	0.14298192
0.9253462	0.65084016	0.49998254
0.38981932	0.110679746	-0.23095879
0.5070144	0.7076781	0.34625095
0.59827816	0.13885874	0.6329811
0.010477781	0.7090083	-0.85530645
0.9701944	0.25672024	0.65601677
0.46705115	0.99568903	-0.5396142
0.08707672	0.7781792	-0.5988749
0.14066368	0.5716284	0.054877494
0.5890109	0.6743451	0.27482083
0.09345168	0.7912967	-0.45077416
0.9544316	0.41626817	0.7199937
0.14937168	0.28514147	0.13195203
0.68956095	0.44175333	0.33276525
0.19532287	0.7892684	-0.55615526
0.69408554	0.07930344	0.2814266
0.17930579	0.9910639	0.8183841
0.5229346	0.3062591	0.3173223
0.48169714	0.281695	0.43948665
0.9872392	0.2790563	0.5708569
0.8454205	0.88920486	0.20286962
0.6706853	0.68940586	-0.2084
0.8488868	0.23181552	0.26920438
0.026663601	0.2540025	0.36656493
0.52555346	0.2660948	0.2664208
0.3188765	0.14887297	0.050821513
0.63692	0.92979604	-0.9846351
0.25193352	0.69923973	-0.7764278
0.6801269	0.25359434	0.11511317
0.51042885	0.015002668	-0.59158725
0.29737133	0.34069705	0.71790385
0.66431564	0.16939884	0.3633109
0.9712383	0.501999	0.6899727
0.5967138	0.15167695	0.5723056
0.96113765	0.29143345	0.6325825
0.7727314	0.44273394	0.6600338
0.4257263	0.052433133	-0.5894932
0.26293474	0.32739258	0.55843264
0.52691674	0.37112927	0.22943377
0.27962083	0.28922617	0.4681729
0.4481159	0.55930424	-0.19655223
0.19466883	0.2994063	0.23534682
0.8042094	0.38139606	0.83333975
0.10859543	0.5055675	0.09867275
0.9838526	0.5106216	0.5899021
0.41819727	0.6980152	1.6313046e-05
0.33595276	0.22550017	0.38589817
0.36210692	0.34443313	1.0328773
0.8415347	0.93625844	0.072399974
0.31538337	0.5859005	-0.31692788
0.77990186	0.4001189	0.71917456
0.6836118	0.8921614	-0.7212256
0.9947049	0.35515857	0.51570183
0.3084526	0.0654667	0.120061934
0.7319023	0.8021578	-0.3697924
0.76222974	0.33209503	0.49121502
0.873122	0.11020541	-0.12620819
0.7722529	0.25131065	0.0059003457
0.11954248	0.8896321	0.2845852
0.5430558	0.9321876	-0.84882903
0.5268227	0.9927924	-0.86229545
0.6829116	0.95785	-0.8420634
0.5408956	0.7634414	0.16831195
0.9372047	0.04223448	0.5920517
0.029487133	0.8837419	-0.08733763
0.51966816	0.4354555	0.108290136
0.9758541	0.8147634	0.33337605
0.26588845	0.99390167	0.20440139
0.11277473	0.5808478	-0.14682165
0.1817829	0.4689877	0.45585167
0.3328296	0.73587686	-0.3745777
0.37413657	0.3193925	1.0326047
0.39950544	0.61776686	-0.37441
0.10408968	0.45418304	0.12301101
0.74766284	0.4632023	0.4112873
0.104971886	0.09351528	0.064555116
0.5401396	0.17729133	0.32017887
0.28938103	0.76972836	-0.5502228
0.69626695	0.89187974	-0.6204177
0.9750119	0.113821745	0.73023254
0.71656454	0.0023663044	0.17358765
0.7735706	0.5587975	0.01571131
0.99758065	0.75852984	0.31846896
0.7214235	0.448413	0.41276312
0.66679764	0.25645095	0.07487963
0.8949368	0.23048621	0.45197412
0.8220129	0.17494231	-0.31476876
0.9699124	0.6938667	0.4174054
0.06311035	0.7676084	-0.61497235
0.59820354	0.63971734	0.27015424
0.18783611	0.63359106	-0.34453744
0.7869164	0.3915128	0.76710606
0.14407223	0.41781753	0.2764383
0.69119203	0.86514837	-0.53173965
0.6889015	0.3544228	0.20883127
0.07633728	0.0917058	0.057510823
0.27015424	0.33308703	0.5782709
0.6278663	0.05564916	0.9319716
0.9166684	0.103295326	0.42265543
0.7235814	0.96172345	-0.5763902
0.16613084	0.6194343	-0.27652755
0.7152865	0.6749775	-0.35882044
0.935089	0.3190806	0.71334755
0.1773799	0.016578734	0.10365071
0.41682416	0.66848266	-0.13564701
0.034035742	0.9820703	0.43070087
0.07970959	0.16559392	0.16464008
0.15514618	0.7725196	-0.62204635
0.03507161	0.6628615	-0.78914917
0.285994	0.95811605	0.11969
0.85954124	0.92478883	0.14583522
0.043399394	0.7637506	-0.718803
0.16888481	0.91214824	0.4187094
0.4490288	0.5600137	-0.19970143
0.011614025	0.3437581	0.3315189
0.88120246	0.39007258	0.9340522
0.42629302	0.4797926	0.1573507
0.98328936	0.7149675	0.42507398
0.76813054	0.1304909	-0.5724814
0.05342716	0.41442573	0.033023227
0.688866	0.9265916	-0.75389993
0.92711854	0.6427747	0.45611417
0.99966645	0.39912313	0.5115632
0.4688334	0.74680257	0.35528046
0.59620553	0.81361157	-0.3458591
0.012503386	0.92749655	0.01165564
0.41336685	0.825334	0.31191012
0.37980598	0.92041844	-0.019747011
0.28810328	0.009798527	0.40973908
0.9584772	0.46849132	0.772983
0.15439725	0.15520734	0.08216139
0.98012114	0.15588015	0.7182314
0.2725613	0.107432425	0.045252632
0.7030193	0.30925715	0.061513968
0.10123271	0.063515365	0.018070962
0.52940875	0.72253615	0.3233575
0.9943877	0.94590616	-0.18548928
0.76473373	0.20032156	-0.3161258
0.691753	0.9048263	-0.7466012
0.29870832	0.3486297	0.83566934
0.75260884	0.22786355	-0.14474303
0.94901645	0.9425919	-0.14748159
0.91142637	0.43663692	0.89671826
0.15167642	0.65474945	-0.51291543
0.7747026	0.48392522	0.41651335
0.20718724	0.5476962	0.18862642
0.77664393	0.016313195	-0.5582066
0.2481252	0.21948105	0.095146604
0.66302586	0.48936373	0.30647475
0.007870078	0.89763904	-0.1743208
0.43456012	0.99514186	-0.3636379
0.3037907	0.8987766	-0.006062755
0.99604344	0.14375281	0.73979497
0.393775	0.16596413	0.015399475
0.77093005	0.37462777	0.6894003
0.6965445	0.43535006	0.37996548
0.5031263	0.39554656	0.17797351
0.6526167	0.4672714	0.3275258
0.3994909	0.24405348	0.5897184
0.9079235	0.96225107	-0.09514438
0.8456007	0.83002925	0.32631117
0.7459089	0.24099457	-0.07480094
0.15458179	0.85417426	-0.06552336
0.9628161	0.4879279	0.7414845
0.13770038	0.9917217	0.96132934
0.86101824	0.28781414	0.56846344
0.50753653	0.13814956	-0.059396584
0.7390784	0.04182148	-0.2842494
0.09524584	0.9028758	0.2983811
0.97724426	0.7154846	0.49693373
0.5553763	0.1946677	0.3676046
0.11110169	0.020211577	-0.046678897
0.6358579	0.428993	0.22963819
0.1843872	0.9396462	0.5312406
0.5688437	0.52869254	0.34567994
0.44955206	0.24437422	0.46341175
0.09480363	0.49288106	0.10297846
0.048370957	0.8211049	-0.42626166
0.64052284	0.15145636	0.6046291
0.8429965	0.4936384	0.682558
0.56076616	0.5841747	0.3518108
0.5608746	0.6584824	0.38438448
0.37477976	0.4121406	0.84571594
0.8866831	0.13436657	0.05163052
0.39949423	0.79433227	0.22672549
0.3134774	0.6685764	-0.59769356
0.49905908	0.46973908	0.07447277
0.8256507	0.35579777	0.94636303
0.33716285	0.912855	0.009361228
0.051789105	0.060914814	0.09294966
0.62547815	0.8067365	-0.4395101
0.7329579	0.35586214	0.3651575
0.6241991	0.8682528	-0.76097727
0.39134032	0.48069656	0.27839237
0.6215263	0.8756395	-0.8321417
0.06434888	0.050268054	0.054581206
0.75767434	0.26976514	0.1372414
0.72282416	0.6205336	-0.22352813
0.4156627	0.82813483	0.23254514
0.45166606	0.40037555	0.44294158
0.47503096	0.87547934	-0.09931002
0.7867042	0.40945363	0.74887383
0.8486407	0.12664849	-0.40524554
0.5756032	0.5351475	0.32559505
0.23728037	0.60577244	-0.24487212
0.47965664	0.35510504	0.42469314
0.89564985	0.73828155	0.4320742
0.76725656	0.04491192	-0.6075892
0.89627886	0.95926654	-0.04450518
0.1793518	0.7606431	-0.7543625
0.5014055	0.4812129	0.026508527
0.086314976	0.3469324	0.07946437
0.424187	0.35343164	0.8092805
0.00094276667	0.42193508	-0.02240454
0.65668195	0.5732322	0.17075333
0.21070921	0.5336845	0.24356511
0.3166055	0.6815001	-0.5882183
0.42505896	0.80328983	0.32795072
0.3287871	0.95139366	-0.015896827
0.06638855	0.3047495	0.120772
0.27243894	0.9617513	0.15923485
0.75076663	0.2221775	-0.15575156
0.55059487	0.5652023	0.3604892
0.18117946	0.55209666	0.20936632
0.40821552	0.21340674	0.37559253
0.3734126	0.9601472	-0.09003873
0.25709206	0.37399536	0.6639096
0.7447388	0.06361067	-0.3883124
0.905249	0.544245	0.5914516
0.8450757	0.83903235	0.31071007
0.66151786	0.9396131	-0.9951656
0.7240831	0.4368059	0.43984985
0.7345445	0.098535	-0.32529673
0.8368915	0.8713375	0.2549782
0.98167706	0.5570651	0.56394124
0.6841998	0.97349715	-0.84687376
0.51995116	0.6374487	0.4031903
0.92565936	0.038132012	0.496165
0.15608072	0.54449236	0.17062733
0.44299734	0.36609948	0.6882535
0.5018388	0.3691504	0.36084056
0.41399884	0.9660056	-0.27180725
0.58186567	0.05800557	0.6344792
0.055932462	0.8772944	-0.055029325
0.08372927	0.25645804	0.15194736
0.5294814	0.35121888	0.29575405
0.8389114	0.876777	0.22085756
0.8500914	0.6578212	-0.031057842
0.09954703	0.93808866	0.53428096
0.9967254	0.26630956	0.5986639
0.32906675	0.3156147	0.8113736
0.81693363	0.806265	0.12197999
0.9101683	0.78218627	0.529489
0.3231495	0.07614499	0.067185536
0.6673118	0.82805204	-0.60981
0.096309066	0.51308435	0.045407504
0.029270828	0.28202915	0.27919462
0.04041028	0.47287488	-0.19178835
0.36479157	0.30046016	0.87827295
0.5212444	0.022262752	-0.4418695
0.7736923	0.55308545	0.025912043
0.6903315	0.04865825	0.4183032
0.88465405	0.9803742	-0.15979044
0.16272777	0.84382766	-0.20210895
0.9655983	0.030995667	0.72490525
0.8135237	0.33540696	0.7706986
0.352503	0.31237078	0.9873519
0.4348125	0.29787707	0.6979171
0.30754155	0.25543475	0.44382957
0.45285177	0.27924973	0.61189526
0.44142532	0.27615714	0.60793203
0.31119192	0.89347625	0.012045056
0.061429262	0.47592843	-0.13146894
0.7501205	0.8403068	-0.33305976
0.25864536	0.61593074	-0.37211573
0.4129845	0.88404113	0.101447195
0.43096262	0.7952181	0.31979576
0.86398554	0.31998026	0.73135656
0.2673555	0.19806743	-0.006984845
0.35108495	0.8436178	0.038937263
0.8569826	0.12057483	-0.2997043
0.65742326	0.50421625	0.27561972
0.579264	0.062378705	0.4883606
0.17251813	0.7830629	-0.6746492
0.6682919	0.1092512	0.48041064
0.94110614	0.61805165	0.53838444
0.994331	0.50897574	0.640436
0.85899305	0.31686926	0.753804
0.12317985	0.570353	-0.04867403
0.88949996	0.6422447	0.2887472
0.87800974	0.84619814	0.42938375
0.01818949	0.7035404	-0.8627995
0.84766835	0.8104198	0.27088043
0.029303491	0.35151154	0.24193028
0.8337298	0.97352827	-0.11263196
0.28756636	0.82978374	-0.28366303
0.48344296	0.6790531	0.31057176
0.013155878	0.30068648	0.36280745
0.2826488	0.2401939	0.23878632
0.5369552	0.67846495	0.38571793
0.39470792	0.47454023	0.29457402
0.9587185	0.022153854	0.7631628
0.8489445	0.91513824	0.15963703
0.8868913	0.977452	-0.15936732
0.96442384	0.7790569	0.43280262
0.83375096	0.2870642	0.50540113
0.30518878	0.61645025	-0.4403106
0.4088782	0.68183976	-0.021995045
0.6535299	0.69116944	-0.1388006
0.5211484	0.6121405	0.2884184
0.5333148	0.64214206	0.38425896
0.8505317	0.28340322	0.5691024
0.9293373	0.52287495	0.73325473
0.8881836	0.3022216	0.7685432
0.12737072	0.6691504	-0.5712711
0.1313355	0.8935406	0.30631292
0.7893431	0.5939933	-0.17291899
0.4826377	0.44725037	0.12169904
0.77104867	0.7786307	-0.28263462
0.6676602	0.3858933	0.2163581
0.4465481	0.3505404	0.6935424
0.60393244	0.6310121	0.33793482
0.88419896	0.33250004	0.8094903
0.6759774	0.14563257	0.24476789
0.16069579	0.9240315	0.5012004
0.123717844	0.561816	-0.05041658
0.23515129	0.61171836	-0.30267283
0.58179617	0.4610983	0.3031055
0.07642746	0.73913366	-0.7137528
0.5585229	0.6086303	0.3745271
0.7122736	0.79170835	-0.44982648
0.333898	0.549732	-0.044572074
0.34063405	0.091608465	-0.059600536
0.95206946	0.9405767	-0.12336158
0.27825105	0.90453386	0.01336663
0.26967716	0.8080062	-0.43889457
0.40133148	0.73891175	0.06664579
0.8496499	0.029257238	-0.40251568
0.041464746	0.5993435	-0.68947685
0.72103554	0.41418797	0.37962824
0.02880627	0.08336806	0.12836222
0.7689078	0.41052663	0.74405277
0.73804027	0.57179725	-0.10049707
0.66654754	0.8366769	-0.6141961
0.31463462	0.58116794	-0.23272695
0.7717101	0.59121174	-0.17004757
0.24074072	0.33050537	0.4264226
0.5656455	0.9599364	-1.0565842
0.6790287	0.5743817	0.07350743
0.477354	0.29203874	0.45103174
0.4323581	0.091349125	-0.5187013
0.50558627	0.6545769	0.37491888
0.20872527	0.9118046	0.21225029
0.6291389	0.81488955	-0.47929418
0.90097195	0.23864114	0.49188513
0.8715511	0.62117726	0.20438738
0.42277104	0.6409247	-0.1598048
0.63526773	0.09795576	0.7611439
0.5062896	0.5364454	0.08414291
0.73445714	0.73435247	-0.42769706
0.71279746	0.53905785	0.07883679
0.09232974	0.061813593	0.06491192
0.76773477	0.63172245	-0.29387176
0.086808026	0.5007619	0.0012070835
0.69337493	0.06173557	0.41679704
0.7958449	0.7331133	-0.25421286
0.21036917	0.09476811	0.059245575
0.93904597	0.043246686	0.60166854
0.20983624	0.2228933	0.07885535
0.70176506	0.17186171	-0.009860316
0.33849502	0.1219036	-0.02409505
0.47584796	0.89791113	-0.2643892
0.45977533	0.8442803	0.11149197
0.8143251	0.5271174	0.30403444
0.27608413	0.34381706	0.615215
0.88778806	0.7895898	0.52818274
0.62486833	0.4490254	0.31363586
0.83631235	0.13601208	-0.39803758
0.052889228	0.7835361	-0.58089226
0.011386514	0.42014134	0.017724412
0.73893493	0.40017802	0.4137187
0.15493548	0.10381055	0.13321109
0.4896165	0.92433023	-0.4256405
0.4909777	0.88718164	-0.27408034
0.9243732	0.27725458	0.66230714
0.04986018	0.67003495	-0.8263438
0.92466635	0.008288205	0.47127786
0.5341856	0.58529395	0.34383002
0.5155708	0.04141015	-0.42559952
0.38016897	0.09107584	-0.16735332
0.8500623	0.9811844	-0.10682771
0.052247524	0.36677134	0.056191202
0.59212583	0.67590547	0.26782486
0.05500579	0.14734548	0.1984478
0.51694345	0.49895978	0.07535503
0.3383919	0.6614303	-0.45413703
0.7099571	0.31121302	0.17096399
0.71059257	0.99532413	-0.64333904
0.35549337	0.20889884	0.36006412
0.44548643	0.99907637	-0.39323673
0.81658256	0.7054399	-0.1732218
0.51464427	0.43722045	0.108127385
0.092338085	0.11522567	0.056580175
0.8869693	0.19123614	0.21586132
0.3477019	0.7080322	-0.31353486
0.58357126	0.7031847	0.19839281
0.5318439	0.42862064	0.15004122
0.2995016	0.28594762	0.53224844
0.43395758	0.6152705	-0.19526534
0.86611915	0.98962176	-0.19176304
0.81238353	0.1374479	-0.61172915
0.7695941	0.61116946	-0.23491828
0.9765404	0.33292288	0.540314
0.90756446	0.025183141	0.27212864
0.4982844	0.033968627	-0.6207095
0.030103683	0.65294844	-0.8741593
0.019321024	0.5981002	-0.72821623
0.08422208	0.8274362	-0.26883695
0.23034257	0.43193114	0.5806191
0.22572148	0.019686878	0.28339195
0.2855574	0.91858315	0.033460222
0.47963542	0.15851206	-0.09284139
0.46720576	0.29412436	0.542698
0.28612542	0.40865338	0.7470508
0.7489081	0.8003139	-0.28297374
0.61896884	0.6617243	0.21262826
0.48230523	0.22204518	0.2537769
0.3688699	0.1482619	-0.049324106
0.26080257	0.49804217	0.42424926
0.07610613	0.21463871	0.14810519
0.7543433	0.3997736	0.57864046
0.4060501	0.30140525	0.84331334
0.733686	0.5673336	-0.038093377
0.8949038	0.30480868	0.68696564
0.6236199	0.567521	0.3542911
0.061278164	0.8997379	0.09237331
0.66325337	0.14741606	0.41538012
0.89820606	0.83659095	0.4813395
0.8018902	0.8888049	0.112276725
0.38244474	0.5261377	-0.013834363
0.74036306	0.17395782	-0.29509237
0.95317906	0.5516954	0.70954955
0.38044846	0.6150754	-0.3696992
0.84309465	0.70982087	0.07945292
0.18764514	0.8189836	-0.4629134
0.6832776	0.47181618	0.26999524
0.7563417	0.11421311	-0.4736693
0.81189597	0.9864725	-0.20229378
0.64014167	0.49913675	0.31387484
0.060221314	0.5756339	-0.4920363
0.66856164	0.40348172	0.26270026
0.89739335	0.80915374	0.49080828
0.257361	0.60986376	-0.37254456
0.003500402	0.6145089	-0.7675593
0.7604425	0.30711937	0.3361693
0.07321119	0.98293924	0.70676076
0.6001835	0.07320219	0.76040137
0.25666618	0.41470593	0.6172343
0.7526696	0.7760098	-0.30437195
0.80432004	0.24740136	0.08357635
0.69331634	0.31635988	0.14066996
0.13293046	0.8169562	-0.3219883
0.9206262	0.3071941	0.68805254
0.1492328	0.42337853	0.35978904
0.16478139	0.16023469	0.030995157
0.91678596	0.8088262	0.4832994
0.82134664	0.046069443	-0.65418077
0.28430682	0.816633	-0.36451542
0.47493064	0.41798162	0.2314558
0.71058756	0.4326396	0.28758475
0.14824384	0.6323187	-0.41624957
0.55414915	0.252836	0.26967585
0.2529332	0.31107432	0.4061629
0.7408371	0.044722617	-0.27396235
0.97553635	0.6426974	0.52316374
0.9653559	0.82177824	0.35680097
0.08735645	0.5190603	-0.13857153
0.98665434	0.682927	0.40598595
0.19739574	0.08904314	0.054149546
0.98982054	0.90989786	-0.04821978
0.6981182	0.120907485	0.0795976
0.2641155	0.7354982	-0.70100176
0.78137046	0.92458916	-0.17983049
0.92159384	0.15966398	0.4302054
0.78498393	0.55553937	0.059217133
0.45411497	0.2692107	0.55642724
0.042275846	0.31457317	0.18811706
0.72654563	0.50366443	0.23537213
0.065975845	0.9789085	0.6059946
0.42620534	0.55107164	-0.20833614
0.35231012	0.8654655	0.06081357
0.61582726	0.44848716	0.34224328
0.08304852	0.45112097	0.049789317
0.41799498	0.8809988	0.039613772
0.20951545	0.15887356	0.018790312
0.1328885	0.8131297	-0.3777735
0.8766134	0.6945024	0.1795288
0.15959692	0.86200094	-0.06168422
0.8262641	0.79860145	0.19390458
0.49630922	0.17317742	0.07698369
0.905949	0.44072074	0.8967879
0.8858304	0.19305283	0.28554693
0.14193559	0.46018046	0.31792492
0.906567	0.11478114	0.31291673
0.3087116	0.22345215	0.23532772
0.8995464	0.0023152828	0.19983518
0.9012522	0.46667987	0.82229567
0.04903096	0.2241239	0.23495144
0.29863703	0.7688999	-0.45225745
0.99799705	0.23371893	0.64587235
0.13970917	0.9731813	0.8512352
0.5777267	0.7391845	0.12562145
0.5124131	0.71394867	0.4304861
0.6894624	0.42108303	0.33744037
0.6822386	0.09648478	0.44014937
0.4484185	0.28334594	0.62375516
0.44071132	0.47832716	0.08649516
0.5654552	0.77692425	-0.029883545
0.64052635	0.49178982	0.32635188
0.38462228	0.91872436	0.018556155
0.9353974	0.53980964	0.6616197
0.3051284	0.53320116	0.06349924
0.8809989	0.4889813	0.6982592
0.0943985	0.12049514	0.09975533
0.13131261	0.9267416	0.53458077
0.905046	0.067227125	0.2410915
0.11948836	0.71185446	-0.7035538
0.019181788	0.5891599	-0.71649235
0.7818147	0.7276362	-0.25482988
0.43185574	0.6537571	0.022579208
0.9360046	0.75741816	0.5369293
0.14277458	0.8849036	0.26853168
0.18803596	0.15947157	0.045187652
0.4600764	0.27114844	0.5042249
0.580025	0.77702963	-0.047591995
0.23203945	0.66356266	-0.6137709
0.10474479	0.18785691	0.090250954
0.12505841	0.7314241	-0.72133243
0.6012895	0.16628593	0.5630825
0.8419431	0.9914487	-0.12141467
0.014891624	0.17750478	0.42991295
0.7417094	0.39261806	0.53770304
0.1905505	0.79908276	-0.5410187
0.24737918	0.7542494	-0.7069159
0.4102775	0.54198486	-0.19825439
0.85762256	0.0026373863	-0.302601
0.31080055	0.26342982	0.50618124
0.34019178	0.2878666	0.7769449
0.008189917	0.960349	0.11207136
0.53846174	0.7489322	0.2648284
0.3577178	0.19162256	0.20361258
0.78763616	0.8644252	-0.028968051
0.14471394	0.23328769	0.095605806
0.7690031	0.68658316	-0.35429278
0.46474534	0.3999427	0.33975717
0.54684746	0.8782761	-0.55280995
0.2242338	0.24871838	0.12238268
0.009508669	0.052612603	0.13771628
0.23941785	0.47694856	0.46914974
0.7598699	0.75765246	-0.33792663
0.8633436	0.4933955	0.80985206
0.83549273	0.71618134	-0.0047811773
0.7783327	0.33801925	0.62041575
0.34237373	0.8196562	-0.039960824
0.7823663	0.76091045	-0.21591893
0.83208275	0.10445708	-0.5963125
0.8805213	0.059521973	-0.101453416
0.63135463	0.54966563	0.33791843
0.62855875	0.76163334	-0.27194294
0.5660552	0.2248339	0.33606106
0.35278565	0.905471	0.061657965
0.0026082993	0.8264819	-0.5003748
0.084590495	0.5513084	-0.21409208
0.06840122	0.78057086	-0.5962026
0.5249835	0.13375592	0.040258408
0.17592263	0.8082551	-0.55164325
0.8743878	0.131266	-0.08135516
0.157431	0.029419243	0.022143
0.8462804	0.32702023	0.7974869
0.54657525	0.9873471	-0.91772974
0.523581	0.87457436	-0.4563218
0.3391648	0.7753324	-0.20721406
0.87088454	0.15307039	-0.03164491
0.21902025	0.4346403	0.546378
0.23424113	0.7149384	-0.8054132
0.65661716	0.29237908	0.09735396
0.6024593	0.71300954	0.06789849
0.7701547	0.036831856	-0.62514275
0.36515063	0.3878662	0.99142957
0.2021904	0.6648491	-0.55556935
0.65663725	0.6331238	0.034075357
0.22128981	0.34607434	0.36818588
0.022370338	0.89716965	-0.14309871
0.04694271	0.9902092	0.56020105
0.40638644	0.8255868	0.29126644
0.3326335	0.5811205	-0.30318287
0.7587696	0.079548895	-0.5393765
0.82492685	0.20510721	-0.08809565
0.90657634	0.88480586	0.28935644
0.40381336	0.05687374	-0.33833408
0.7954975	0.48961508	0.5107387
0.24267232	0.5792484	-0.11082613
0.905111	0.4729656	0.87572026
0.3519873	0.21181792	0.3822429
0.46514148	0.9651617	-0.50680625
0.6827993	0.339253	0.13503236
0.53811216	0.8029595	-0.01510147
0.6711913	0.011637688	0.7637876
0.5282607	0.85378754	-0.30653024
0.35173672	0.7380007	-0.2072274
0.47811985	0.6141504	0.08945946
0.303895	0.84342796	-0.1970838
0.04703802	0.7617215	-0.60342443
0.7007449	0.87825793	-0.6351308
0.82784116	0.912704	0.08952524
0.3002475	0.64071506	-0.55228627
0.8071498	0.64490485	-0.20858991
0.15482795	0.79098487	-0.49769953
0.49062705	0.44324464	0.12540141
0.59910774	0.5010073	0.39591673
0.9769018	0.15803427	0.7384803
0.6301863	0.19442677	0.41499662
0.22728276	0.5410158	0.15935175
0.25444704	0.7498139	-0.73057103
0.32019246	0.45386142	0.64622104
0.8488956	0.42040402	0.9668318
0.18986046	0.09607512	0.048935667
0.10479087	0.21380216	0.14727172
0.7656697	0.5362919	0.18375315
0.44948322	0.37520695	0.5127475
0.94053596	0.43255073	0.8257655
0.105297685	0.482785	0.14518729
0.13567394	0.7723255	-0.6411708
0.4542426	0.54229105	-0.119187206
0.60043555	0.6816867	0.16839316
0.7249871	0.72055197	-0.35059866
0.83547145	0.47914547	0.75545955
0.7280261	0.3932544	0.45595777
0.2348975	0.17756253	-0.0017619431
0.99771476	0.21209729	0.664765
0.14380103	0.46699673	0.38233292
0.39928585	0.61080796	-0.31338432
0.92801905	0.1952709	0.56908786
0.64055294	0.17543083	0.42844906
0.24156088	0.22628933	0.11029482
0.84323174	0.8713532	0.26904693
0.33219182	0.8546135	-0.058690585
0.04914862	0.7307085	-0.7444438
0.05962026	0.6224727	-0.64476645
0.83195657	0.1919629	-0.22405992
0.93009186	0.6049957	0.56268567
0.9751141	0.07790345	0.7333703
0.649055	0.2150029	0.28613636
0.41281646	0.5780063	-0.29179797
0.20320362	0.16533065	0.045915507
0.7182814	0.22354841	-0.14028299
0.0889169	0.202919	0.09699555
0.8545586	0.25838476	0.47891533
0.11609709	0.013732016	-0.07144077
0.45356613	0.122887135	-0.32497194
0.87265253	0.83552015	0.4261329
0.20133692	0.49183875	0.4368181
0.8547589	0.6533236	0.08684869
0.2404893	0.38732427	0.55170465
0.9473097	0.48447037	0.73068136
0.2643128	0.48483843	0.49404562
0.036769748	0.3754719	0.09266969
0.67710716	0.041797817	0.6582669
0.19779009	0.8639077	-0.07029806
0.52018344	0.58468443	0.19713299
0.5389944	0.80919814	-0.04123715
0.4083581	0.38967174	0.8136843
0.19036621	0.43224543	0.5156815
0.6454006	0.008594215	0.94262546
0.54120123	0.33979023	0.2385645
0.67244005	0.17920864	0.22533174
0.8121044	0.5991036	-0.047720738
0.48700714	0.32003832	0.39810422
0.078508615	0.7247908	-0.71217406
0.53186876	0.49966353	0.17248546
0.4036544	0.49591142	0.11294298
0.43187946	0.7339568	0.28153044
0.44617087	0.81209713	0.27855462
0.778106	0.5654086	0.025656566
0.973925	0.8325095	0.25630492
0.8326051	0.86254466	0.20204315
0.98842484	0.86180794	0.12004579
0.56262183	0.46039307	0.2151784
0.07572341	0.4653225	0.008098466
0.9934363	0.9142035	-0.08641344
0.83450764	0.28508246	0.46461686
0.5380661	0.093354404	0.07007031
0.2844655	0.45222312	0.6534906
0.18571597	0.15745187	0.011145148
0.93629825	0.42775643	0.7474697
0.88012075	0.29221427	0.6686005
0.7109269	0.5765155	-0.044967696
0.93497455	0.9653231	-0.19318208
0.67580056	0.38273305	0.1864877
0.82360166	0.10280073	-0.6083821
0.7172856	0.86796373	-0.5594516
0.36949492	0.054662406	-0.083819084
0.12144905	0.48084062	0.18362625
0.123372436	0.19528687	0.07856755
0.18717784	0.2782637	0.21501714
0.5507104	0.8846781	-0.57746625
0.5941574	0.86782664	-0.70175624
0.6513351	0.17969507	0.36892542
0.08394891	0.06373048	-0.033715706
0.12234187	0.6655416	-0.6022466
0.5435607	0.6186241	0.32235402
0.21851742	0.41037506	0.53984606
0.27548832	0.39560056	0.7063172
0.6488566	0.49610388	0.31140512
0.26538187	0.43411165	0.67842555
0.97453785	0.75454175	0.3607886
0.09852868	0.15324813	0.16303948
0.74672043	0.78270596	-0.3673064
0.051573157	0.68199867	-0.78635925
0.050320685	0.78871155	-0.5940151
0.6599396	0.0280208	0.80512094
0.9575252	0.8985099	0.07418758
0.79915226	0.82754505	0.009465825
0.28115255	0.9662878	0.09992988
0.86756814	0.4116401	0.9948751
0.6339685	0.3864414	0.17457518
0.4571833	0.6776578	0.16954559
0.68184453	0.42867213	0.23917174
0.8219133	0.968956	-0.07302076
0.3846137	0.4105304	0.8120371
0.03802812	0.7201957	-0.77374536
0.7456279	0.8952993	-0.39940608
0.7654786	0.18237841	-0.42277753
0.16857266	0.82066476	-0.4325861
0.973471	0.3404519	0.5688738
0.6393163	0.50239116	0.35270387
0.39730346	0.031868875	-0.3540357
0.0855881	0.94053274	0.5386753
0.20186651	0.901048	0.16213568
0.58630353	0.010443449	0.60897034
0.954953	0.5785967	0.5735283
0.12235165	0.6717071	-0.6312178
0.11628944	0.09197348	0.088326626
0.20258707	0.38355875	0.440585
0.48352003	0.16323507	-0.04942363
0.14415419	0.47249675	0.34981117
0.7836589	0.65958774	-0.33258548
0.46094513	0.5506153	-0.17037463
0.90345883	0.2589975	0.49740836
0.24883479	0.2641157	0.21734813
0.20584661	0.99098235	0.6882544
0.91697085	0.29257601	0.72442806
0.36207277	0.75879526	-0.08328331
0.54258966	0.8589109	-0.4111689
0.8400006	0.07880497	-0.5651569
0.19425374	0.23212546	0.08020538
0.4442225	0.691528	0.19331944
0.06946087	0.39032787	0.0647219
0.6019532	0.18021554	0.5294148
0.74568295	0.41750073	0.55605304
0.62935185	0.23194456	0.30755308
0.2305175	0.49441922	0.45911196
0.5085768	0.3908502	0.22091684
0.7859447	0.465028	0.6369347
0.626914	0.10493082	0.7875941
0.0044339895	0.29512954	0.39947852
0.7968064	0.31281936	0.5536498
0.5045198	0.51608664	0.062469035
0.06284332	0.044910252	0.00031469017
0.6654246	0.40436912	0.21390688
0.8825897	0.09364772	-0.019174095
0.48903805	0.58277184	0.02640588
0.350675	0.1821546	0.20864487
0.56630445	0.7943638	-0.115514345
0.35240972	0.2594499	0.6789747
0.69646585	0.21589863	-0.011291685
0.753635	0.13902193	-0.50884503
0.47683185	0.9155591	-0.30230522
0.12100047	0.058585227	-0.00026782264
0.17546839	0.10819161	0.072998315
0.040578783	0.87199867	-0.07322702
0.78314084	0.76815844	-0.21860546
0.36591786	0.71922046	-0.17474453
0.5135066	0.78847575	0.16484846
0.5112599	0.49742472	0.072462276
0.2414608	0.068014145	0.13247535
0.7472936	0.8523937	-0.28796768
0.11394125	0.3751986	0.14182758
0.7619297	0.6587953	-0.39599842
0.2675323	0.5879574	-0.28615415
0.6918444	0.28495854	0.029927257
0.27221823	0.4752283	0.5210546
0.24061412	0.29701734	0.35862687
0.94553757	0.2953632	0.6834649
0.4114616	0.23197591	0.47204116
0.3336249	0.99781424	-0.099837095
0.37475622	0.88303775	-0.011627823
0.82767826	0.80680704	0.18130864
0.042160213	0.99229586	0.48055425
0.3846683	0.6936066	-0.11702292
0.24282283	0.15857852	-0.0019247122
0.35731578	0.18097347	0.14858292
0.50975966	0.6549606	0.33086944
0.6219717	0.23561513	0.28746197
0.53856516	0.79722327	0.006842482
0.026522815	0.74135864	-0.7412265
0.087500095	0.37752336	0.09594374
0.45296115	0.7455354	0.3486972
0.19354904	0.23212284	0.09187188
0.33479106	0.52726865	0.08786664
0.1674881	0.31018823	0.15133104
0.853796	0.702791	0.07890576
0.122516274	0.0015054941	-0.053505056
0.7343309	0.11138505	-0.3659622
0.1327743	0.039600015	0.007750919
0.25419503	0.25375623	0.17949456
0.056824744	0.32728475	0.14094129
0.6834418	0.022688746	0.64402205
0.8303877	0.16648042	-0.2817225
0.45531946	0.1714307	0.04217606
0.7177024	0.21371329	-0.0610943
0.81634563	0.8147529	0.12258367
0.22475082	0.03520018	0.25813404
0.79805094	0.8150814	0.015829902
0.1928587	0.97607857	0.7579635
0.55724233	0.47782016	0.2518767
0.8901311	0.3245775	0.80194074
0.18923366	0.98608035	0.7776786
0.96280354	0.15128577	0.7445074
0.3056085	0.9667043	-0.018165719
0.47156364	0.9126634	-0.28971425
0.9584838	0.20131004	0.69623524
0.37978405	0.76274776	0.10247101
0.04109466	0.89536	0.025497705
0.96318793	0.62415975	0.552542
0.16959268	0.36952668	0.30769432
0.77867305	0.56944376	-0.03145168
0.41559845	0.2721612	0.7168759
0.22107649	0.11095053	0.034256663
0.76747644	0.19027466	-0.33082172
0.44436437	0.28848487	0.6065655
0.025036514	0.5585134	-0.6022334
0.112538636	0.84269494	-0.12368285
0.9228361	0.564772	0.60992086
0.30571693	0.56524825	-0.14833274
0.7763581	0.5699451	-0.07754134
0.024482012	0.46116954	-0.13852198
0.6486993	0.31974614	0.07968638
0.48834068	0.5185601	-0.0540796
0.74585974	0.8648985	-0.43772045
0.7179732	0.7563757	-0.36792764
0.8818813	0.63240355	0.25101742
0.13574708	0.42285585	0.32208285
0.2884863	0.10363841	0.08068222
0.21980858	0.16196322	-0.00813676
0.4918998	0.09885502	-0.38433775
0.2346918	0.88299197	0.037585244
0.3591749	0.7093465	-0.2649018
0.9213222	0.4804697	0.79070634
0.72688323	0.3881837	0.4319344
0.08650732	0.8021759	-0.42202064
0.15116441	0.13798457	0.061218213
0.43493432	0.41324645	0.49551722
0.89149046	0.05453503	0.039170768
0.85112554	0.31680036	0.71673673
0.06564689	0.4199891	0.033470046
0.35962015	0.36315894	1.0309528
0.5514438	0.94803566	-0.9376547
0.7214926	0.15346938	-0.13152489
0.3695379	0.1824621	0.16185778
0.9147475	0.45143092	0.88284767
0.9802733	0.29482973	0.57722664
0.055689394	0.6583871	-0.8031954
0.53002954	0.94019604	-0.7237728
0.9443339	0.9728168	-0.23840363
0.743564	0.17825651	-0.25934312
0.7802787	0.5187581	0.29386708
0.34582204	0.37283266	1.044553
0.96716726	0.43260783	0.6476139
0.5079388	0.86613923	-0.24496216
0.28793395	0.10376668	0.025556203
0.53687614	0.43861622	0.16638055
0.12149167	0.63142914	-0.4630738
0.21660578	0.82660085	-0.44262353
0.67877936	0.2435835	0.07855436
0.6783142	0.7553272	-0.35861862
0.69899976	0.94728863	-0.7185639
0.1992901	0.92696625	0.41940084
0.10998762	0.13602144	0.08420778
0.50000596	0.98078054	-0.70548296
0.0045146346	0.5999281	-0.8476316
0.79448164	0.45972043	0.72663015
0.852975	0.69065964	0.025395613
0.00096046925	0.9050438	-0.16547705
0.0065299273	0.8839529	-0.18753469
0.9769078	0.7784533	0.36559334
0.851769	0.057935476	-0.44323155
0.80075127	0.9906369	-0.11236947
0.96633786	0.45318627	0.7552776
0.78745455	0.12902868	-0.6978589
0.015856862	0.061660945	0.19291732
0.9315026	0.80190593	0.5102364
0.21506727	0.4347312	0.5191969
0.77093863	0.022162557	-0.5704428
0.70166135	0.22693771	-0.08182833
0.07637888	0.76725966	-0.6010046
0.65259606	0.95262086	-1.0365592
0.6122324	0.16411924	0.57295483
0.64145917	0.702597	-0.09900154
0.8374477	0.16479671	-0.28658643
0.8320753	0.95998174	-0.028884675
0.30911654	0.67702764	-0.59425145
0.41414332	0.25294077	0.5665275
0.42713213	0.50137067	-0.018215522
0.7101798	0.36092073	0.27265015
0.75819224	0.99544024	-0.3305862
0.67033386	0.92496854	-0.8195706
0.5618885	0.58962315	0.35219136
0.34904516	0.07418358	0.05543413
0.19825107	0.33771402	0.30929622
0.11264908	0.36903375	0.12689087
0.68350536	0.2895049	0.051851775
0.26663548	0.07571113	0.0801439
0.9555536	0.0094102025	0.69072646
0.4843896	0.7311218	0.3939006
0.69639444	0.5026543	0.25205356
0.17569351	0.497302	0.404479
0.070807815	0.42883646	0.031350657
0.28055972	0.023904204	0.34970525
0.9946653	0.36535627	0.5484125
0.7179973	0.6131962	-0.1797727
0.3623339	0.9758549	-0.12360649
0.65728265	0.70733494	-0.19295146
0.55981964	0.36277002	0.14722162
0.98268944	0.49197894	0.5762448
0.6452203	0.36021847	0.17281839
0.88209134	0.48456877	0.7531926
0.18378943	0.421422	0.45779118
0.6302646	0.1744011	0.46409875
0.88644	0.25470996	0.5299342
0.9017816	0.7112266	0.36942202
0.9139697	0.48281884	0.84441155
0.26871186	0.43642396	0.63384545
0.6437293	0.5740714	0.29275918
0.06475353	0.5587576	-0.3640514
0.9233099	0.8430564	0.4577961
0.32248938	0.5099937	0.26324823
0.8907363	0.23283994	0.40129408
0.17559332	0.27912068	0.17505476
0.50502145	0.7778667	0.25305352
0.46075404	0.8349919	0.1693292
0.68645704	0.07736039	0.39467922
0.017675698	0.957996	0.16977352
0.68599266	0.3622812	0.27562454
0.62891924	0.13016868	0.70816064
0.3104174	0.5857934	-0.25889182
0.14232326	0.12164247	0.042702448
0.7190909	0.72201747	-0.42597812
0.78586775	0.06033814	-0.68723845
0.750478	0.6455969	-0.3397954
0.039541185	0.66694385	-0.8354472
0.6948495	0.79687476	-0.40737173
0.090004265	0.07159352	0.028315233
0.11043328	0.9484452	0.6213602
0.08467454	0.89066875	0.12437834
0.9577565	0.39506525	0.7265289
0.04525107	0.37077343	0.079055235
0.89352804	0.49999017	0.75759697
0.18148243	0.6014544	-0.12460782
0.58597535	0.17975473	0.47294086
0.4463266	0.8622184	0.018785737
0.4422806	0.9334908	-0.23880988
0.77991617	0.08055115	-0.6884207
0.56965655	0.27963084	0.29235184
0.97516656	0.39992875	0.65530086
0.821922	0.3004449	0.5926432
0.6456919	0.39181477	0.20181353
0.6947964	0.4050315	0.31486386
0.30556732	0.5425103	0.05267117
0.4495167	0.611723	-0.12239676
0.23296452	0.06543183	0.062873416
0.018262923	0.642188	-0.8895012
0.13990325	0.21440947	0.07426429
0.86616206	0.5479326	0.42500842
0.81528556	0.044989347	-0.7015213
0.11103237	0.38683832	0.16796277
0.49249113	0.17364824	0.010824325
0.86259604	0.11890727	-0.24974261
0.6536716	0.87741894	-0.79930305
0.50021344	0.7585316	0.3430751
0.7189178	0.35333186	0.3051822
0.9130047	0.7769545	0.5650743
0.08531308	0.06234473	0.018431956
0.3778391	0.7587499	0.0020171218
0.55933785	0.3992657	0.15093637
0.4306181	0.4914093	-0.011249222
0.7801295	0.41545963	0.7610864
0.18249154	0.57988507	0.046158068
0.37939882	0.85751253	0.14954552
0.12726015	0.69829005	-0.7357273
0.39918667	0.39141726	0.8621
0.20643926	0.5698525	0.07646439
0.011445582	0.9478102	0.16167344
0.1345517	0.5655159	0.057194788
0.6398444	0.19497818	0.37358293
0.51169246	0.73058707	0.4362161
0.5689625	0.8469193	-0.58527946
0.31236786	0.11945993	0.038781032
0.63959676	0.7139807	-0.07705694
0.41283745	0.8965292	0.068290696
0.9591142	0.45275468	0.74614
0.85388327	0.3176726	0.8103581
0.06800896	0.5394488	-0.3193512
0.5553746	0.9405732	-0.9413486
0.5640261	0.438573	0.21591961
0.07255632	0.020841062	-0.014455174
0.5204614	0.21631026	0.28694636
0.99399346	0.35446954	0.5229798
0.46073383	0.07919681	-0.6146322
0.8374786	0.029412568	-0.47069788
0.39026845	0.84958786	0.21870388
0.95345956	0.9312365	-0.007359106
0.887798	0.15106404	0.1247732
0.070840776	0.21324211	0.18140043
0.45357293	0.7990096	0.31355217
0.10162264	0.7971542	-0.4051109
0.73972607	0.76094365	-0.30677482
0.03289342	0.9636643	0.28509966
0.82560545	0.1213972	-0.5188991
0.089540124	0.7425646	-0.7138289
0.08795434	0.35271025	0.051808827
0.17120671	0.7565018	-0.65114766
0.3613156	0.59185815	-0.4076881
0.39967358	0.83610433	0.19099589
0.80358493	0.048764884	-0.7588963
0.28652525	0.5843433	-0.2610243
0.1520167	0.31239235	0.1760332
0.8075987	0.2443552	0.15894163
0.8683026	0.50158304	0.7612046
0.25275004	0.9037927	0.038276073
0.79814124	0.36390376	0.81599367
0.016066492	0.984024	0.3055886
0.3989948	0.9568621	-0.19322486
0.99331677	0.35164613	0.5576954
0.12556475	0.56943506	0.012778942
0.8087838	0.69868124	-0.21840951
0.9770676	0.48316765	0.6997432
0.5476117	0.6326054	0.4108904
0.96581984	0.7846029	0.375562
0.11292267	0.24965513	0.108638346
0.19442743	0.82175064	-0.39719307
0.7638557	0.88501	-0.27179432
0.60201347	0.13446712	0.73068845
0.5389893	0.09567112	0.094442435
0.3856895	0.1730997	0.12056503
0.49567968	0.59255046	0.14728083
0.29019666	0.8622444	-0.1108098
0.41670316	0.8835022	0.05055559
0.42993063	0.9293335	-0.15150467
0.952099	0.62612534	0.57427514
0.08402699	0.37823462	0.06565705
0.29367596	0.23842871	0.2571776
0.78985614	0.29615957	0.38178486
0.8059776	0.10312873	-0.67675346
0.052283525	0.027929306	-0.00803785
0.82004434	0.25108206	0.25291762
0.96030575	0.20048094	0.71480817
0.305578	0.5731096	-0.14267455
0.65132654	0.43458933	0.33161855
0.93190134	0.84990716	0.3992747
0.6702076	0.23072302	0.15130652
0.3479436	0.23076022	0.45631838
0.7795598	0.31556213	0.48040098
0.19832927	0.23289496	0.050944403
0.963931	0.029834926	0.772518
0.15046173	0.9106859	0.44922268
0.6925926	0.42086488	0.30658108
0.2046771	0.11054993	0.048713297
0.62382627	0.4407426	0.2690032
0.5838749	0.1458084	0.5150987
0.037921965	0.3779158	0.13389441
0.35387856	0.16335368	0.09034174
0.5409876	0.4201302	0.15618771
0.4695741	0.44280237	0.23185976
0.7710727	0.16788542	-0.4552424
0.7735636	0.4432541	0.59767205
0.79119635	0.6515724	-0.311195
0.010992765	0.72497654	-0.83842313
0.93047786	0.90069026	0.16898009
0.8960324	0.025621593	0.17218077
0.14586544	0.6600962	-0.50635296
0.8771185	0.29787296	0.6519967
0.76347315	0.7381068	-0.3794567
0.29116297	0.6860057	-0.62344664
0.7400891	0.73973525	-0.36745623
0.56277966	0.023766756	0.1903215
0.08464962	0.061363578	0.024596762
0.18554938	0.047729433	0.01098942
0.16472304	0.3820516	0.26602674
0.36099	0.82179004	0.11285294
0.2621593	0.18931752	0.041037574
0.3998323	0.1624608	0.04109062
0.2791354	0.060074985	0.21183747
0.616416	0.65786576	0.24733397
0.54280347	0.12449539	0.17196776
0.67026234	0.41995484	0.29959556
0.008725405	0.9647263	0.23737663
0.38627577	0.16981578	0.11323754
0.26348227	0.15157372	0.033283006
0.3624156	0.49007547	0.27457806
0.016070902	0.79359955	-0.64144903
0.27776194	0.99742466	0.16017321
0.7971547	0.275818	0.34043446
0.6295018	0.6958953	-0.025562257
0.9097426	0.82032174	0.50960726
0.09493762	0.54736704	-0.10843876
0.6441663	0.3329944	0.083456084
0.2639367	0.24284172	0.18920568
0.8721241	0.76441866	0.34309122
0.05865568	0.8566649	-0.11858151
0.37784618	0.08264756	-0.16731259
0.9038563	0.4120676	0.9018732
0.007830322	0.8198577	-0.51822925
0.032941043	0.87741184	-0.14425072
0.04807043	0.36294228	0.08190507
0.43663824	0.36145598	0.7219554
0.64310163	0.23352021	0.22206889
0.07508874	0.401815	0.034347832
0.62658226	0.90807784	-1.0014424
0.47335184	0.03045863	-0.7290678
0.02922523	0.8635743	-0.13985139
0.7713217	0.13864374	-0.56664944
0.27371937	0.37615842	0.7562339
0.85931456	0.09725094	-0.2918261
0.6033458	0.9781379	-1.1104745
0.7273424	0.48174727	0.33747214
0.55235404	0.8821132	-0.6235573
0.43743932	0.2881313	0.6735591
0.17803186	0.4761625	0.4553545
0.0902884	0.21364212	0.1534303
0.09980506	0.34980094	0.070152
0.98789346	0.6064042	0.44531024
0.8709875	0.72217554	0.2759706
0.90813315	0.36152035	0.7562291
0.025085807	0.06213063	0.10998419
0.51771677	0.7218913	0.35978898
0.77969724	0.042690873	-0.70822656
0.010469317	0.28321272	0.46656436
0.76729167	0.6467239	-0.31988463
0.47893625	0.8435625	-0.0014951266
0.09713769	0.8433494	-0.17445129
0.77043974	0.3563707	0.68056667
0.89847684	0.663256	0.345703
0.82255924	0.6718467	-0.15001552
0.8652627	0.22384661	0.21393102
0.80582774	0.90689605	0.02798019
0.5660657	0.7069772	0.2954569
0.06573564	0.2255472	0.15623444
0.73884827	0.10753876	-0.36648262
0.9404032	0.18967372	0.619802
0.8840209	0.43917018	0.88630795
0.6532293	0.3856964	0.14737906
0.9742777	0.49266768	0.6785509
0.11145842	0.9807325	0.8732156
0.15765327	0.7344477	-0.76045275
0.24109209	0.84122336	-0.35409683
0.2829008	0.36316425	0.67788583
0.8297285	0.37579745	0.95728725
0.7011009	0.99245876	-0.7090615
0.65636295	0.0029540062	0.84908426
0.16467613	0.3974529	0.3501418
0.13461918	0.2819543	0.11798437
0.6623325	0.59318763	0.124281004
0.5500043	0.14774597	0.30811185
0.72424537	0.70565313	-0.3604949
0.7126847	0.9569393	-0.6583789
0.35604054	0.9055473	0.0036984757
0.32835805	0.491665	0.38595405
0.8626696	0.46176165	0.84000987
0.4510061	0.46969187	0.06350678
0.118509054	0.07721788	0.028135477
0.6141045	0.20100337	0.41505373
0.15818906	0.9028336	0.30514917
0.2845685	0.4112085	0.7218094
0.4315632	0.05651635	-0.5611761
0.78118384	0.3639381	0.73511076
0.5536277	0.42043394	0.2073175
0.9108436	0.073975265	0.31245303
0.7921206	0.66451913	-0.3231417
0.27541238	0.09921253	0.038122
0.9801343	0.70122546	0.38808966
0.65195006	0.6531576	0.024946393
0.6716278	0.33915764	0.11559304
0.9648029	0.7725307	0.415099
0.48935217	0.13137656	-0.17081776
0.37363887	0.07939428	-0.16907823
0.23918545	0.25399303	0.17303027
0.0302912	0.42251074	-0.04555437
0.23744869	0.8143859	-0.5097214
0.820234	0.94218343	0.0065097925
0.58059675	0.47568607	0.28978053
0.31280148	0.67219317	-0.6099482
0.21455741	0.008037269	0.21581769
0.693685	0.8259792	-0.5092928
0.5641008	0.51328844	0.28573167
0.44658685	0.72696996	0.28413495
0.49506968	0.8853119	-0.30084518
0.09108728	0.12294078	0.10957065
0.94912714	0.11613673	0.7467477
0.18758577	0.17489558	0.046438165
0.2344808	0.86698204	-0.12391484
0.7518693	0.9206568	-0.38585028
0.9225388	0.4981833	0.8021443
0.9471087	0.01005137	0.71731746
0.6708328	0.5540727	0.16955453
0.4785316	0.729424	0.39497882
0.6003887	0.5179971	0.37391666
0.2878626	0.31770402	0.65850955
0.64990073	0.31743747	0.12992753
0.5830177	0.7499954	-0.017579518
0.9402525	0.15841174	0.6426828
0.58182144	0.45097905	0.31032562
0.32996207	0.82265705	-0.12349087
0.73036224	0.26651204	0.029865153
0.66894305	0.061736286	0.73986363
0.7177806	0.54520404	0.07086803
0.16838628	0.038095593	0.040421803
0.5585783	0.4352541	0.21880008
0.34163433	0.68324465	-0.48269036
0.6714997	0.22503966	0.12975831
0.027055323	0.91104627	-0.0041457545
0.19314569	0.3514235	0.3061988
0.26783967	0.22074151	0.06271944
0.35378808	0.27030867	0.69919974
0.8884366	0.032118857	0.07886979
0.97977567	0.35135466	0.5551773
0.49402094	0.47847444	0.053170282
0.66543585	0.37356567	0.19481288
0.99002796	0.7155781	0.4014601
0.7900307	0.89374155	-0.0784563
0.3340003	0.924381	0.060829736
0.094935596	0.32029045	0.117529325
0.29597175	0.97722864	0.015100703
0.60076535	0.09494841	0.753025
0.99045706	0.09198147	0.7787223
0.051476896	0.32511795	0.1600616
0.14260286	0.20589018	0.11334455
0.64510334	0.44351238	0.3092428
0.8102515	0.6637319	-0.24522711
0.058556676	0.79316694	-0.4960362
0.17392707	0.34918612	0.30143332
0.930087	0.95732737	-0.1694667
0.28073555	0.8116394	-0.3799783
0.29239053	0.01899302	0.31048504
0.49356598	0.94806623	-0.62371755
0.2834919	0.48376238	0.48772866
0.6963359	0.60268295	-0.1109668
0.36549467	0.44697022	0.6279562
0.5526416	0.19085133	0.2529782
0.6667389	0.95819914	-0.93563753
0.5621748	0.121147275	0.3895639
0.49283165	0.68786985	0.41086906
0.5432034	0.11874282	0.24767014
0.48256326	0.64880085	0.26908475
0.45477605	0.09396136	-0.52345383
0.77006024	0.40387368	0.67579865
0.17188251	0.59350854	-0.09752956
0.12090039	0.9194086	0.52606034
0.6279772	0.21123648	0.415237
0.011308789	0.6255671	-0.75718856
0.2088049	0.482611	0.48295668
0.06860983	0.034462154	0.033171237
0.014044762	0.5183517	-0.47669575
0.73345333	0.8276118	-0.3724402
0.9263407	0.63150877	0.52592385
0.8435452	0.14267033	-0.37479436
0.4797346	0.9807783	-0.5898603
0.12133086	0.63159734	-0.43609455
0.7116306	0.2737158	0.05152387
0.45342308	0.9029245	-0.12705515
0.5273216	0.4913937	0.14840157
0.19018072	0.8137562	-0.47062302
0.8077367	0.13780808	-0.6100687
0.11122769	0.6903497	-0.66115034
0.40192384	0.68160427	-0.13649757
0.24882007	0.6119484	-0.32179406
0.2992555	0.62034357	-0.47999918
0.3411126	0.8969449	-0.011032511
0.6994509	0.9954578	-0.78301394
0.3118801	0.6155889	-0.4520317
0.2585845	0.6934234	-0.6758777
0.48883867	0.224891	0.27521807
0.41376477	0.96419495	-0.2597555
0.43289882	0.38117588	0.6936949
0.3197707	0.6022168	-0.38075012
0.20090556	0.50762427	0.45000693
0.087295055	0.3328262	0.067727484
0.05568701	0.8470662	-0.14671461
0.62263113	0.3639499	0.14147355
0.054834425	0.69791204	-0.77778655
0.90194434	0.63887936	0.40240875
0.77947557	0.0027017593	-0.53022206
0.877335	0.30975938	0.6615424
0.433522	0.9224715	-0.17305559
0.2266584	0.66037923	-0.6009315
0.1064657	0.5961949	-0.2845303
0.21623176	0.042222917	0.23973323
0.14226562	0.20667726	0.086548
0.3252824	0.20234776	0.1362941
0.8380227	0.54582447	0.3596647
0.7825179	0.354751	0.72013175
0.9444906	0.59480953	0.5519386
0.9966188	0.79033136	0.27691048
0.7680872	0.5070927	0.32305026
0.21172023	0.10510445	0.046683908
0.2016595	0.7765475	-0.6891983
0.37968105	0.735896	-0.06272861
0.43746227	0.050900817	-0.6388494
0.08207482	0.36229402	0.06957123
0.9785781	0.21864903	0.66514444
0.644395	0.5726342	0.2549253
0.4468361	0.32228094	0.63563085
0.80143	0.5687757	0.069124274
0.92314625	0.5233368	0.6922328
0.80680966	0.25374782	0.20824368
0.6430027	0.10820609	0.72174156
0.036909223	0.9016685	-0.00034329388
0.93403304	0.97596955	-0.3055588
0.24928617	0.19260246	0.058682114
0.47555834	0.78476256	0.3037055
0.9339387	0.47255445	0.80446774
0.91519165	0.85855526	0.44239935
0.6572219	0.776828	-0.35161617
0.63302433	0.3625164	0.16192836
0.8296003	0.76521254	0.044233985
0.43188196	0.6898645	0.08182162
0.8824997	0.40893233	0.9149833
0.30236238	0.7285624	-0.60792637
0.8661197	0.48214108	0.76999414
0.3332045	0.9606705	-0.006679859
0.2083587	0.30146283	0.27898607
0.608685	0.91317433	-0.9642424
0.9169231	0.44250876	0.8836441
0.08132577	0.72385234	-0.7733779
0.7470298	0.35775954	0.45238122
0.91142726	0.60553294	0.5033795
0.09609413	0.6936758	-0.7023045
0.49036288	0.3905344	0.2885002
0.24076724	0.7050582	-0.8249601
0.64202833	0.41837096	0.21174249
0.855364	0.40647912	0.974731
0.13582134	0.9903063	0.9607379
0.8833075	0.005662024	0.00721059
0.1442951	0.6094875	-0.21064387
0.48294556	0.30371386	0.4167782
0.4376636	0.7021764	0.18240145
0.28702354	0.060272455	0.23664594
0.011869013	0.17222732	0.34492278
0.3161391	0.01910454	0.36004603
0.20832801	0.8048443	-0.58719116
0.6387249	0.9053118	-0.90191895
0.7977693	0.117471695	-0.66502684
0.93942165	0.97688204	-0.27597797
0.58344007	0.85883456	-0.65924245
0.8294771	0.3436076	0.89049876
0.4321856	0.99273705	-0.3619942
0.86073416	0.5611693	0.38425526
0.7026194	0.22794753	-0.0039146096
0.4040609	0.25264007	0.6586234
0.8545832	0.21900237	0.19456626
0.20503181	0.8868732	0.07496534
0.18735778	0.7867272	-0.6316245
0.6803092	0.47135347	0.30689812
0.87153596	0.80023336	0.41463646
0.327289	0.7563275	-0.27376974
0.8859473	0.87250745	0.40208197
0.21011281	0.6665624	-0.61120236
0.46835804	0.70947206	0.3504957
0.69935244	0.19988924	-0.016254328
0.17523414	0.5857357	-0.020433085
0.080878615	0.3471405	0.092131905
0.32743895	0.49517125	0.36560726
0.5965443	0.38892663	0.22563925
0.59007096	0.62976766	0.3241365
0.040783703	0.0047566295	0.049279727
0.32900542	0.16089976	0.0005135983
0.8331246	0.15413326	-0.37518397
0.014280617	0.51274765	-0.43536714
0.37909055	0.44086117	0.663986
0.41219872	0.47399676	0.24842209
0.63090855	0.18403363	0.45475033
0.8644771	0.40246868	0.95517683
0.058863163	0.22598243	0.18684296
0.7221238	0.8583755	-0.4500279
0.9890902	0.64175874	0.4533906
0.65953416	0.7316104	-0.29041362
0.024971783	0.4156177	0.013675189
0.3574006	0.9856568	-0.115793854
0.03605044	0.031073809	0.09459838
0.64503425	0.93268305	-0.9993044
0.22514641	0.079402745	0.051536277
0.12963337	0.6164818	-0.2962694
0.29956067	0.4559608	0.66661566
0.14357042	0.8921202	0.2959679
0.07271415	0.21098179	0.20205915
0.8438769	0.022154152	-0.4544658
0.049476504	0.66779876	-0.79243064
0.37675077	0.7662423	0.021251362
0.6115571	0.67494553	0.13447483
0.1451447	0.013404667	-0.04830663
0.1322456	0.0012227297	-0.054415643
0.11822873	0.47799242	0.21353427
0.7620066	0.51888	0.252995
0.45356065	0.2372809	0.43557653
0.59217197	0.95311695	-1.1327344
0.7171551	0.625383	-0.21491848
0.7699105	0.92640406	-0.18954574
0.2191065	0.7122574	-0.79481345
0.6387815	0.022757053	0.95209634
0.78814155	0.26260197	0.15455604
0.20418698	0.27381063	0.2383051
0.1792854	0.9040587	0.32139868
0.8240959	0.3257249	0.739143
0.5348881	0.42685902	0.1806455
0.24841344	0.605681	-0.31322426
0.5171218	0.8578476	-0.19759116
0.946744	0.16069448	0.63015527
0.37180924	0.4957605	0.23366351
0.33580202	0.88429856	0.016054066
0.12267643	0.14516109	0.04968987
0.75906897	0.27726376	0.20776811
0.7447445	0.8044154	-0.258875
0.29689366	0.5508333	0.020058434
0.7389915	0.49816805	0.26768452
0.6995565	0.3426715	0.19196606
0.0034180284	0.02049607	0.028384693
0.4031459	0.318048	0.90358925
0.79963386	0.3116097	0.543108
0.28249395	0.17584902	0.045159005
0.02899617	0.63655925	-0.8149534
0.067973316	0.49318522	-0.121597916
0.59207004	0.9976911	-1.0807922
0.15560347	0.25128245	0.17497855
0.95013124	0.30608028	0.6600931
0.09782958	0.64540124	-0.61235994
0.2479446	0.49543107	0.42020902
0.53759766	0.0584293	-0.025731377
0.29864776	0.2377575	0.33723605
0.13962954	0.27496272	0.06895253
0.8578787	0.87626994	0.33089322
0.04381138	0.9006217	0.08223439
0.20715314	0.78879565	-0.70442486
0.7647416	0.7227122	-0.3413539
0.17888516	0.09060335	0.047462203
0.020916998	0.7961037	-0.54668134
0.19177169	0.21657777	0.11578579
0.2763524	0.70402896	-0.7352963
0.8168946	0.81264186	0.14843753
0.75561965	0.16770709	-0.3826843
0.3699429	0.0036794543	-0.0054638013
0.15837282	0.5464834	0.20189601
0.32177335	0.86124206	-0.0104119405
0.67819315	0.12771058	0.33451724
0.04956627	0.5107538	-0.25622925
0.7594738	0.16300339	-0.3934425
0.33930892	0.53126836	0.023597907
0.08941376	0.44483894	0.06950018
0.2936132	0.9932441	0.06756084
0.6013684	0.8123452	-0.3942186
0.5437035	0.37029493	0.19960377
0.47627532	0.94863224	-0.48470902
0.5399076	0.89921564	-0.6835483
0.661745	0.9506867	-0.93400866
0.79903805	0.3217826	0.64717066
0.68148685	0.9246442	-0.809477
0.5502586	0.41799593	0.312882
0.8504775	0.7415353	0.1499564
0.77752095	0.1343584	-0.53457606
0.17317182	0.84786236	-0.13868318
0.07128441	0.7218294	-0.76767695
0.99431294	0.91185784	-0.04474746
0.024059653	0.8725162	-0.26738495
0.46731287	0.1536535	-0.13089193
0.49196523	0.9698996	-0.61620086
0.09588438	0.5363973	-0.017711956
0.5901733	0.14467335	0.6082994
0.26139927	0.5338393	0.19628954
0.5231309	0.11475289	-0.035176132
0.78221375	0.005796969	-0.6236643
0.76815116	0.76918066	-0.25431675
0.26186424	0.22371268	0.1640461
0.12213558	0.4360819	0.21051812
0.5960445	0.07751334	0.77493864
0.17907315	0.75146514	-0.78175324
0.86225	0.93776506	0.04840808
0.29957342	0.7605541	-0.51572984
0.34089053	0.06550264	0.0062248036
0.3268836	0.52309185	0.05256854
0.578327	0.25135064	0.23967408
0.44165105	0.66373235	0.0742473
0.6069152	0.74077535	-0.05868112
0.02372706	0.4541037	-0.20033377
0.78010297	0.8572666	-0.03807211
0.90777445	0.62161857	0.4081393
0.6115398	0.43468118	0.24375543
0.92786235	0.50088274	0.77463114
0.6031915	0.41903698	0.24203403
0.14867568	0.42705625	0.31878442
0.5271962	0.36173594	0.25507432
0.21351433	0.91748047	0.2961671
0.51906633	0.9583596	-0.7108739
0.46646518	0.47886294	0.050729446
0.7824192	0.7586711	-0.25151125
0.23199207	0.019268334	0.28104776
0.4745919	0.62507933	0.13331766
0.055764258	0.7109066	-0.80360675
0.40481442	0.72645015	0.111219645
0.9883169	0.6911575	0.4460981
0.8345649	0.5612083	0.24519683
0.36637872	0.085532725	-0.12386372
0.6350997	0.07851654	0.80194026
0.69849765	0.54183525	0.16921252
0.23896217	0.52627635	0.2690613
0.30134863	0.24285376	0.32722256
0.83179665	0.5035814	0.5870995
0.72178566	0.073961556	-0.10556719
0.59633964	0.19733214	0.42793673
0.69733816	0.29522616	0.08331912
0.68298745	0.8451694	-0.62526065
0.71317786	0.6270512	-0.18789242
0.3447488	0.12227225	-0.032966737
0.4822476	0.6824648	0.3536573
0.84131277	0.073379576	-0.58146256
0.4354248	0.685727	0.13333571
0.9559512	0.7088735	0.48458254
0.04950416	0.58967704	-0.519935
0.8543996	0.9139036	0.18168499
0.665643	0.3092013	0.060371917
0.22755575	0.7434898	-0.812988
0.54557216	0.8953931	-0.6753974
0.44170249	0.9483861	-0.24987747
0.9345581	0.315673	0.68357426
0.25098336	0.93091136	0.19058836
0.81276	0.44757313	0.7691162
0.15385377	0.13506043	0.07631533
0.62225425	0.02658254	0.9674902
0.37110925	0.65594995	-0.33677074
0.06909132	0.75581384	-0.7153133
0.036573708	0.64826566	-0.8249319
0.3742298	0.8951621	0.07494247
0.04838562	0.81567824	-0.52779496
0.98688364	0.6657214	0.36502382
0.7489299	0.5698584	-0.081765875
0.8813014	0.6407333	0.25089425
0.81990683	0.8139155	0.12617189
0.844923	0.24180394	0.2711555
0.36244804	0.79194695	0.014466865
0.025320113	0.3596424	0.19043809
0.5845639	0.69920564	0.20662645
0.68717396	0.5982465	-0.07343532
0.23917067	0.34004593	0.47510242
0.18558544	0.8400047	-0.252159
0.90536636	0.22536099	0.46571225
0.65682095	0.044866323	0.85035205
0.026281357	0.509248	-0.38549897
0.5928808	0.25470293	0.3147906
0.41832715	0.95635235	-0.2211888
0.59988075	0.61150366	0.29685956
0.1930508	0.54678255	0.2646902
0.5636111	0.6346467	0.38913813
0.8320876	0.019906163	-0.60077643
0.9781983	0.87779874	0.052840363
0.6403553	0.35026747	0.14524053
0.95542085	0.096984565	0.7274154
0.63008696	0.5798421	0.2598773
0.7145073	0.18939465	-0.13294962
0.10887551	0.53096807	0.01212933
0.13266253	0.92512465	0.5171626
0.45940858	0.5220021	-0.09493311
0.5749974	0.48565644	0.29427305
0.49056804	0.15451425	-0.10759465
0.3285439	0.1760233	0.078717135
0.70357656	0.91667604	-0.69046944
0.9406498	0.28844565	0.67883205
0.986837	0.14487809	0.7482763
0.40646744	0.8907345	0.058738016
0.88601893	0.1585046	0.13108768
0.5711332	0.17086184	0.47194493
0.34992242	0.13402665	-0.028962074
0.54928464	0.09590465	0.19804512
0.11650443	0.9768119	0.81274974
0.6925205	0.961706	-0.79057056
0.8250939	0.9278615	0.075711586
0.29106498	0.99785906	0.088498436
0.95376563	0.7456755	0.46790507
0.28781712	0.01902175	0.37059182
0.49626887	0.2182563	0.23928268
0.54819167	0.5107183	0.24964136
0.853067	0.72573733	0.14007647
0.59587216	0.386667	0.25981727
0.99559367	0.27436644	0.5678442
0.12455362	0.4949022	0.24914879
0.57568806	0.18481249	0.46357566
0.0067674518	0.14357203	0.34813842
0.543853	0.45667857	0.15074849
0.024297297	0.8739368	-0.21626943
0.053156734	0.72506624	-0.80518
0.76065445	0.88500184	-0.29919603
0.9939186	0.5566368	0.5025619
0.85643685	0.90013003	0.24309717
0.653048	0.7305512	-0.23141026
0.8156216	0.1989789	-0.18673033
0.15542442	0.46183395	0.37604383
0.09496975	0.64110726	-0.58256686
0.26041943	0.25722176	0.21546227
0.8532294	0.70256865	0.1162727
0.46488822	0.8907591	-0.16554335
0.763799	0.9116878	-0.22267345
0.84645927	0.43264228	0.9673895
0.16458035	0.5071976	0.31811622
0.40634185	0.8749812	0.12006736
0.10813427	0.14607054	0.096613996
0.7962751	0.019501328	-0.6860345
0.8296707	0.608115	-0.05014738
0.45369548	0.017218173	-0.7963977
0.55954957	0.982188	-1.0364736
0.0701682	0.19929707	0.1479319
0.7831144	0.50487536	0.40141767
0.8048005	0.058223665	-0.7907713
0.04574907	0.10185784	0.16059344
0.336231	0.81777847	-0.058268853
0.75020933	0.27494788	0.12454507
0.90473396	0.1645627	0.30629078
0.03718686	0.66841865	-0.8258907
0.4456243	0.7448659	0.3369787
0.11914396	0.66841257	-0.5590444
0.25086898	0.75517374	-0.7383834
0.7574637	0.44629818	0.54491764
0.19784695	0.27602553	0.18295275
0.21793795	0.3766147	0.43693042
0.21078491	0.7699134	-0.7260366
0.1564827	0.987721	0.8804466
0.67306507	0.6552149	-0.09191849
0.8258577	0.6171151	-0.03497217
0.056283534	0.9671971	0.5006505
0.84317243	0.8167883	0.23705757
0.7549105	0.53257537	0.15639389
0.52495956	0.1859414	0.16291904
0.11342418	0.19159359	0.13343738
0.606789	0.95924497	-1.1455605
0.1143136	0.04891807	0.03961152
0.06635046	0.9116609	0.22568242
0.089756906	0.66636133	-0.6709502
0.06227261	0.826779	-0.35406715
0.8230038	0.40975922	0.94750386
0.060539424	0.2833659	0.16072495
0.7449318	0.8598725	-0.38983315
0.98769593	0.25951743	0.68763644
0.8504589	0.40573746	0.98090416
0.21651393	0.50667393	0.44233656
0.7288989	0.80462307	-0.41107726
0.2487464	0.4022749	0.58904
0.8704097	0.4348125	0.966077
0.7257735	0.92672896	-0.5834257
0.44366664	0.6344653	-0.04739301
0.31122518	0.16049743	-0.026600476
0.49787086	0.8633697	-0.16416986
0.82652426	0.24457747	0.19203505
0.535234	0.8209042	-0.116404034
0.61213845	0.1289314	0.7150819
0.4269207	0.55860054	-0.23646818
0.10828996	0.71070594	-0.70695627
0.47645003	0.7477927	0.3905766
0.88613766	0.39092982	0.93843424
0.25397122	0.31718636	0.4874267
0.3774557	0.55291134	-0.19488503
0.29276323	0.6320108	-0.53404784
0.5606962	0.45275015	0.20455596
0.8967338	0.40626228	0.91547436
0.045982838	0.35646343	0.13298672
0.8065595	0.9331906	0.018547814
0.7343222	0.38536876	0.4544684
0.01864481	0.043984175	0.04127453
0.11602169	0.6529431	-0.56376314
0.68286043	0.012359917	0.62659734
0.43339902	0.29051924	0.7077919
0.47560972	0.7193799	0.39795527
0.45105797	0.19650173	0.16858444
0.7116336	0.6942461	-0.3637134
0.23097497	0.5983173	-0.21724181
0.0054793954	0.27704823	0.47504383
0.46173948	0.17995137	0.06976725
0.50304776	0.4996488	0.022037929
0.9124411	0.2612201	0.59465617
0.3591268	0.09503639	-0.12393306
0.34059548	0.33431137	0.979126
0.16230655	0.1707139	0.07913909
0.88828284	0.8666488	0.363925
0.90490985	0.3235948	0.7226525
0.30805397	0.9646879	0.018168498
0.27550817	0.5123484	0.30659163
0.54745775	0.5199868	0.23492236
0.7710293	0.4288739	0.63204885
0.53588897	0.8656378	-0.4637554
0.07295579	0.3436153	0.1311804
0.67068946	0.891657	-0.8288966
0.1832537	0.122303486	0.030627064
0.24862283	0.82879364	-0.4297347
0.9009453	0.76008505	0.47114944
0.18825382	0.31370664	0.24459624
0.16082335	0.07706654	0.025412109
0.07099289	0.38889748	0.012254085
0.11581379	0.35666007	0.11941138
0.3224417	0.942842	0.02979964
0.4274946	0.18672866	0.17504779
0.67805284	0.029788435	0.66050535
0.95359206	0.16042823	0.68843377
0.23894256	0.61653334	-0.32206327
0.90217566	0.05150658	0.19778614
0.13795888	0.26014227	0.12485822
0.38144583	0.95785636	-0.20958927
0.2957195	0.8648335	-0.0940266
0.86831313	0.15455204	-0.057175756
0.48080248	0.34330636	0.48498923
0.6764428	0.33884603	0.09458546
0.7558963	0.477265	0.48793146
0.7306857	0.55807483	0.022589643
0.623915	0.31430292	0.10615136
0.32406718	0.665013	-0.5394782
0.41998923	0.835743	0.2525231
0.8491187	0.7891443	0.29940665
0.074622214	0.2898355	0.13338125
0.40111476	0.21924275	0.46795523
0.31590313	0.40792882	0.848282
0.9928892	0.57474875	0.45960227
0.17857736	0.86101997	-0.069291115
0.56218183	0.021597624	0.20067966
0.802877	0.54738873	0.23001085
0.639027	0.8791627	-0.8644074
0.68290204	0.4331317	0.28727865
0.7535644	0.5600953	-0.030544687
0.9586077	0.05863452	0.7688731
0.9529138	0.47462964	0.72806895
0.42626017	0.5841532	-0.2550599
0.9375788	0.41939223	0.7871155
0.6273452	0.42587662	0.22803293
0.4714412	0.21220696	0.17369759
0.93858135	0.21142113	0.58608294
0.7157676	0.2732172	0.059207156
0.50767744	0.86136	-0.15604126
0.16349733	0.62506825	-0.30308098
0.6257743	0.37718958	0.22895417
0.43245363	0.73278254	0.23557158
0.20175827	0.6939256	-0.77309155
0.33399057	0.81375784	-0.072529525
0.34782237	0.8937531	0.08353756
0.9309491	0.6066982	0.56179976
0.0155620575	0.5975998	-0.7642087
0.7145513	0.80849063	-0.52491665
0.021450877	0.55095947	-0.52362674
0.040913463	0.2289741	0.29822367
0.7187402	0.4118933	0.3618546
0.2918452	0.16597527	0.032180436
0.1277113	0.15144843	0.07449873
0.2631638	0.6014597	-0.3278353
0.33651328	0.5855607	-0.3642549
0.7035053	0.44548756	0.33070856
0.28932524	0.84455335	-0.21970756
0.8702926	0.9483379	0.07973155
0.20041847	0.15539598	-0.025779214
0.40889686	0.60119796	-0.3311036
0.15638298	0.3636827	0.1932027
0.12193948	0.1412242	0.087864466
0.03318	0.18746084	0.31269625
0.9552364	0.44495356	0.7496389
0.8846476	0.23527652	0.36489305
0.46339554	0.48563576	-0.031312488
0.94486576	0.19632441	0.58698434
0.3649112	0.5267825	0.02348926
0.3507734	0.3403799	0.9735267
0.19825763	0.019999444	0.1706632
0.601955	0.014515042	0.7139435
0.63436776	0.85056365	-0.68030864
0.56745774	0.599415	0.3699917
0.3386917	0.9833338	-0.08465695
0.12632328	0.42950672	0.26208165
0.26928037	0.6718134	-0.73168886
0.09319967	0.99388963	0.8248037
0.22394782	0.15472782	-0.04333877
0.6985947	0.5386297	0.11283151
0.7593529	0.8686685	-0.23384061
0.85413134	0.15680653	-0.24231558
0.97505695	0.30595702	0.61575043
0.90464544	0.9735535	-0.20914227
0.6155118	0.65214705	0.17918223
0.5127336	0.899943	-0.50441223
0.5029405	0.77549505	0.24920072
0.5694984	0.210504	0.36844608
0.0882206	0.20481199	0.15420815
0.76439667	0.39893222	0.69380736
0.15411103	0.9762381	0.88614887
0.12704885	0.5461805	0.079808585
0.839103	0.6207373	0.070216395
0.837992	0.7870669	0.20797582
0.71216065	0.6168145	-0.17819758
0.76278746	0.4541878	0.58201826
0.79095703	0.24807054	0.13103193
0.66984266	0.51177675	0.1788677
0.6066613	0.8716559	-0.7237953
0.018755853	0.9463634	0.16264573
0.5802296	0.2058124	0.40753204
0.48404938	0.0744614	-0.5057618
0.28131813	0.13168561	-0.047438476
0.33366704	0.6502112	-0.4744793
0.40532392	0.18078709	0.10868202
0.72160846	0.50241333	0.17465141
0.12251264	0.9203215	0.45950344
0.8897096	0.9881774	-0.1946736
0.4548726	0.6969039	0.24111687
0.27231407	0.77041423	-0.5216546
0.72805923	0.53910524	0.12308504
0.8416738	0.57448924	0.17305724
0.38273376	0.3311873	0.9717869
0.3846525	0.7052974	-0.11087512
0.7813954	0.48280716	0.5024406
0.3010984	0.74063075	-0.6112325
0.40400797	0.18122607	0.17585248
0.9944525	0.09093326	0.74455476
0.3035624	0.8932848	-0.07691598
0.5416791	0.6363347	0.34261286
0.67743146	0.13240647	0.34993505
0.24873722	0.56733406	-0.010267883
0.6315649	0.52514875	0.36984444
0.5411772	0.67226666	0.3616018
0.13630444	0.4674796	0.3388681
0.994742	0.049998403	0.7429545
0.70790285	0.06163436	0.14701737
0.87992054	0.42589206	0.99432874
0.3898101	0.71098	-0.07240567
0.085437775	0.65895474	-0.68245816
0.48826182	0.077331126	-0.48914587
0.23236942	0.09841317	0.073263146
0.9609952	0.51608396	0.7106412
0.21487069	0.3481164	0.39774805
0.8114103	0.45814013	0.7499208
0.15071297	0.18768758	0.13588682
0.42476404	0.92787445	-0.20545688
0.42248893	0.19792241	0.18625373
0.4016909	0.039937973	-0.39444157
0.22519052	0.9595844	0.44424975
0.60212094	0.69007593	0.1208466
0.7364963	0.2570274	0.0021756263
0.7563233	0.77542853	-0.29985097
0.12592608	0.7288965	-0.6830104
0.24597418	0.31101084	0.3201153
0.34326446	0.22930604	0.43423256
0.2134062	0.23974478	0.108018786
0.7422808	0.086253345	-0.350944
0.4704013	0.052032888	-0.66234994
0.028162539	0.019637287	0.010304408
0.921256	0.2885127	0.6506821
0.48185682	0.43289864	0.17809555
0.27766454	0.010102093	0.37595564
0.75007343	0.7801721	-0.336104
0.8084439	0.7848552	0.013886759
0.09887409	0.8943298	0.27921706
0.9982954	0.152865	0.72046334
0.3077013	0.59538144	-0.3100518
0.36322737	0.8740327	0.100759745
0.87020534	0.8605788	0.45046943
0.25072676	0.31964833	0.45829672
0.27511394	0.682512	-0.74077237
0.34209985	0.7016242	-0.44267446
0.40241438	0.14620751	-0.08021399
0.73842114	0.83647996	-0.38266376
0.14251912	0.7884034	-0.5679366
0.82000864	0.82148135	0.15942429
0.3854518	0.53157973	-0.13457125
0.129543	0.88218725	0.1672028
0.5338913	0.754978	0.15527284
0.96193457	0.09593195	0.7258993
0.13104624	0.56494564	-0.013843946
0.50612986	0.20287967	0.19095537
0.6386852	0.970921	-1.0824802
0.9784488	0.053767323	0.79022384
0.92153674	0.9151915	0.16273335
0.93950933	0.15015745	0.59789634
0.35572863	0.65087336	-0.47614476
0.7993688	0.7646388	-0.16980049
0.09422666	0.27173007	0.088657685
0.9676288	0.19155687	0.6277566
0.14611661	0.8280745	-0.28291628
0.46877074	0.4216302	0.25185665
0.2130022	0.96716356	0.51941407
0.5151423	0.3058436	0.27053037
0.06052786	0.47158623	-0.061898608
0.12804246	0.34811532	0.15042578
0.36896658	0.9751724	-0.1718979
0.4075554	0.94636124	-0.17037535
0.8990486	0.7346778	0.45900735
0.36133617	0.8683386	0.17527097
0.74293923	0.7664422	-0.37347203
0.17174041	0.08558935	0.0069125965
0.9404171	0.43381125	0.73282355
0.92364675	0.7315004	0.5084107
0.018658936	0.7353714	-0.7862686
0.69073445	0.42582142	0.31346333
0.28818738	0.15126961	-0.03490738
0.13531494	0.48918015	0.28102505
0.45267493	0.543078	-0.13287598
0.34474933	0.6180013	-0.42129585
0.63410336	0.9484536	-1.0631324
0.55019283	0.4705726	0.27833715
0.67080003	0.62466115	-0.064180925
0.45067912	0.8105958	0.32633772
0.32744974	0.5518366	-0.07262406
0.82754564	0.29756963	0.62689054
0.09224236	0.11861205	0.03811392
0.24312073	0.71177	-0.84731
0.7776438	0.7333962	-0.32142752
0.5020649	0.8454776	-0.14293087
0.3228222	0.50659233	0.2798182
0.52121997	0.7619938	0.31989032
0.82130176	0.5482176	0.28251842
0.027560472	0.63499093	-0.8325489
0.06467956	0.88822895	0.041404698
0.041784823	0.06252676	0.069000356
0.73743504	0.68310446	-0.36855873
0.5857667	0.81183547	-0.30437174
0.77762663	0.9789172	-0.1776905
0.24324334	0.6523766	-0.5967175
0.6504826	0.22958356	0.21443102
0.069928765	0.22216302	0.18525353
0.8119836	0.33334416	0.74872506
0.96733844	0.24492073	0.6131445
0.5125972	0.11196464	-0.1716736
0.8799878	0.38695693	0.9908681
0.14537346	0.56938684	0.024232816
0.13783461	0.6723384	-0.60643566
0.11476725	0.982463	0.85312057
0.03890294	0.39131236	0.06871011
0.5646973	0.49415946	0.25868326
0.8516799	0.4895026	0.7287716
0.6133788	0.44497102	0.30458325
0.825078	0.7647936	0.08331081
0.64892775	0.99587554	-1.0262578
0.1332643	0.90412295	0.30888146
0.911887	0.27831793	0.6340633
0.17726469	0.16112077	0.060053278
0.23714614	0.6060599	-0.2904828
0.5845931	0.38925523	0.24651852
0.10464585	0.3527689	0.09296385
0.072366536	0.9300357	0.35742402
0.66278034	0.67849755	-0.2080439
0.6972208	0.25812775	0.048339233
0.18340904	0.14508349	0.042847566
0.20049018	0.04219258	0.083348386
0.79991066	0.18520725	-0.37135994
0.9757343	0.44706035	0.64109
0.5866453	0.48568714	0.36900088
0.15363842	0.14220375	0.07051982
0.84207433	0.13785464	-0.337445
0.9716934	0.068044364	0.7915677
0.4606958	0.48713946	-0.051626127
0.16587633	0.8092455	-0.4627911
0.9098234	0.15495992	0.42095217
0.8777469	0.6644093	0.21575151
0.66705596	0.4239638	0.2299432
0.746617	0.884396	-0.32692015
0.5350222	0.50596446	0.20272756
0.22176284	0.045140028	0.16765617
0.66807866	0.7004825	-0.23870954
0.43330604	0.9053532	-0.08346505
0.6675493	0.87732697	-0.72941935
0.872734	0.13728648	-0.042361706
0.43320513	0.09006715	-0.38077307
0.2506318	0.5887197	-0.18108684
0.17349511	0.38800722	0.34658653
0.43626165	0.27468634	0.6126722
0.15875101	0.46666843	0.3766765
0.7417888	0.09349507	-0.39657378
0.8289913	0.6043832	0.0021708175
0.5553631	0.53708285	0.34402877
0.43102634	0.7424474	0.31563368
0.43200326	0.9551269	-0.2727011
0.76803493	0.14441723	-0.5145007
0.0073982477	0.48832434	-0.38903096
0.56063914	0.7872497	-0.04532161
0.95223874	0.67220473	0.5024884
0.07878876	0.18187428	0.21195906
0.48826706	0.5415181	0.016317457
0.76824546	0.9637285	-0.22223511
0.9150177	0.92219454	0.14124092
0.55133444	0.44376016	0.2139399
0.29864198	0.39669847	0.8033965
0.64715886	0.24717432	0.14172725
0.5569711	0.86543345	-0.600601
0.6573438	0.8465938	-0.72809416
0.24638963	0.34050655	0.5530032
0.8287456	0.25094527	0.24254876
0.4484704	0.23115206	0.41794997
0.82302743	0.79070485	0.079622984
0.59894705	0.97131187	-1.0834523
0.27837294	0.7158271	-0.68259823
0.2547986	0.1585983	-0.042021263
0.19736719	0.6872213	-0.7430972
0.88382304	0.5054906	0.744684
0.7368516	0.9214877	-0.42875084
0.14931715	0.47976875	0.33565596
0.5662127	0.48319918	0.33747238
0.8975041	0.6840933	0.3649202
0.7412136	0.86569375	-0.3605131
0.68544906	0.29554212	0.06132186
0.7285483	0.5749985	-0.06979874
0.41547096	0.60799587	-0.22017291
0.9860121	0.9055406	-0.012076713
0.2406187	0.640278	-0.51761466
0.4186409	0.30640286	0.8304285
0.46765947	0.05182165	-0.6369004
0.1593982	0.70275736	-0.6584457
0.33905852	0.67287654	-0.48297638
0.5049817	0.7829668	0.2551952
0.6869172	0.17446893	0.08559026
0.70613754	0.6502108	-0.21851516
0.61517894	0.44497365	0.31546694
0.66855425	0.4435491	0.3135654
0.4848026	0.30279583	0.4615995
0.44196576	0.048909366	-0.67783797
0.27048653	0.4013285	0.7486221
0.0024286509	0.5387094	-0.5018555
0.042019963	0.7915084	-0.51804197
0.42950952	0.25710374	0.5945675
0.1566118	0.77223015	-0.67295045
0.7884279	0.19405401	-0.28710184
0.47736555	0.96659774	-0.48969093
0.23245919	0.28950393	0.27007395
0.42831045	0.48823088	0.034377307
0.070159495	0.12324673	0.09892878
0.7922907	0.16666323	-0.46053404
0.45241606	0.7210278	0.37911597
0.89590526	0.2285611	0.44991726
0.9806099	0.054067016	0.72349405
0.8273336	0.8183988	0.1470875
0.5450926	0.006469846	-0.14092888
0.15788305	0.4964133	0.36287937
0.5478186	0.6929432	0.36322787
0.82259285	0.27475262	0.41390598
0.6367113	0.057291687	0.9629875
0.6038164	0.6566775	0.22088873
0.7777374	0.85151243	-0.091867395
0.7756299	0.2589652	0.17692724
0.8248385	0.4188065	0.958539
0.6325889	0.43301445	0.22965738
0.034129143	0.86346364	-0.24786001
0.15261173	0.12693697	0.043826073
0.0890401	0.3718753	0.029059395
0.9246678	0.027260244	0.48601407
0.12896955	0.8951948	0.2929176
0.17914432	0.048356652	0.12885666
0.502145	0.9928218	-0.7109916
0.9697106	0.34676182	0.69700265
0.19211704	0.56833076	0.049999483
0.4786474	0.20208478	0.16903463
0.8206462	0.8692626	0.2009205
0.6366255	0.8495533	-0.61246955
0.11142498	0.24797297	0.16860524
0.93794584	0.062825024	0.62041575
0.826775	0.9778695	-0.08721029
0.58395284	0.7226234	0.13334538
0.011914074	0.5766477	-0.66726416
0.46349496	0.56502026	-0.17990337
0.40240878	0.46889246	0.35043722
0.12785053	0.99402666	0.9735033
0.98296124	0.7380667	0.38928342
0.59763485	0.29704833	0.14771399
0.8497817	0.8974644	0.25992537
0.38843322	0.48769945	0.18650857
0.9523918	0.80280393	0.43114015
0.9491083	0.15674567	0.62767226
0.3828814	0.20937085	0.35929754
0.64568543	0.24997258	0.18668443
0.2522453	0.72660804	-0.79968935
0.9089103	0.67187935	0.46207318
0.057936013	0.8857246	-0.040173396
0.09676254	0.83563596	-0.24013297
0.6863598	0.29959655	0.065928705
0.5868924	0.269112	0.22125325
0.6978088	0.16300857	0.04529106
0.84537053	0.21516585	0.046229936
0.036459744	0.8357515	-0.33348987
0.8613129	0.7593832	0.32999945
0.5309574	0.0007484555	-0.3538012
0.55378896	0.5829869	0.3534412
0.67473996	0.7821947	-0.4662868
0.4306075	0.00887084	-0.73832774
0.8329998	0.5950341	0.04094086
0.06009233	0.78996557	-0.555996
0.6330409	0.11112583	0.7989789
0.056581616	0.21602207	0.1871853
0.022742629	0.39473093	0.14294368
0.17037946	0.07009792	0.019790212
0.19896346	0.5794502	0.0076506287
0.833763	0.9073072	0.158362
0.2941528	0.7595811	-0.61177874
0.13442212	0.6272371	-0.3492444
0.29655397	0.14297944	-0.0041621374
0.09530771	0.0040603876	-0.047273587
0.8556756	0.06672382	-0.42105076
0.6368582	0.5034078	0.3144125
0.9623017	0.21393704	0.6508706
0.12373525	0.9766947	0.81447583
0.91934776	0.7706126	0.53538615
0.89113736	0.51061577	0.7285326
0.92598903	0.67200154	0.4799537
0.08711827	0.21980989	0.12237157
0.61589366	0.32473612	0.15482764
0.15038145	0.7605371	-0.5996775
0.8789402	0.7812003	0.38969406
0.37136614	0.8366949	0.1377362
0.37767124	0.30040872	0.948396
0.39446425	0.40816718	0.81320214
0.35433215	0.26596606	0.73671204
0.06748736	0.250862	0.22875318
0.15780187	0.2703709	0.13798001
0.4728788	0.19130462	0.0809993
0.4000334	0.26737112	0.72482616
0.65910834	0.7463103	-0.2953051
0.9864261	0.7250981	0.45084316
0.586246	0.32889676	0.17500328
0.6773223	0.2212407	0.114621654
0.61812156	0.40704513	0.21999806
0.85265636	0.089060545	-0.4820582
0.6618033	0.6141788	0.07820092
0.6352984	0.058654487	0.9121662
0.059238017	0.7991928	-0.4804136
0.31880313	0.76196134	-0.30914122
0.76652014	0.93083316	-0.26542822
0.40800327	0.23685753	0.532088
0.07896352	0.19019645	0.15009859
0.02155745	0.18708378	0.29765823
0.15788287	0.040404856	0.04748055
0.9026946	0.096665025	0.16756019
0.988728	0.23655629	0.66091543
0.65152043	0.75982875	-0.36229983
0.261294	0.6235151	-0.43090156
0.09238577	0.591651	-0.3607558
0.16247386	0.84971464	-0.15549907
0.6013348	0.8379471	-0.5652792
0.15030366	0.4244069	0.33896467
0.2849542	0.3600796	0.7495282
0.11285359	0.6469459	-0.53089905
0.8498647	0.8658032	0.27881613
0.6714405	0.23237175	0.027673468
0.7443066	0.67474633	-0.4291293
0.36605787	0.7526518	-0.07931524
0.42984492	0.71609545	0.15992698
0.25300026	0.5513675	0.13667737
0.8949328	0.15240306	0.18659453
0.70634323	0.3484431	0.30390525
0.32557684	0.7398066	-0.4098332
0.14416218	0.5617817	0.047253735
0.041487932	0.5831167	-0.61275053
0.4097101	0.050058544	-0.40452594
0.9133846	0.3793571	0.8532921
0.06378704	0.7849377	-0.52841014
0.5611245	0.0004888773	0.12720767
0.57288563	0.4898386	0.3559231
0.5325451	0.32375568	0.22372963
0.12534964	0.52302027	0.1514346
0.71402645	0.5466431	0.09340816
0.1373527	0.21543872	0.09896429
0.67159027	0.4098218	0.2774482
0.87745214	0.8285573	0.43174008
0.35687345	0.606078	-0.50609267
0.30118418	0.987791	-0.025749315
0.42288208	0.64496535	-0.14282936
0.19903082	0.5136814	0.40944907
0.109775364	0.8517628	-0.08297749
0.9721896	0.24912983	0.63242567
0.3747024	0.7162379	-0.15642524
0.81720364	0.18956798	-0.2039445
0.7730698	0.2060827	-0.25290397
0.51297194	0.98675513	-0.7842469
0.98838645	0.5686786	0.4755218
0.48072177	0.4094808	0.24955074
0.099160075	0.9658131	0.65713656
0.55767065	0.07029855	0.31875694
0.4350525	0.5080842	-0.04850641
0.35147518	0.9412547	-0.08429595
0.97362584	0.647218	0.46230853
0.48141104	0.6080125	0.05229473
0.19343942	0.5032013	0.39630854
0.5295621	0.5631052	0.2722286
0.06095761	0.20230746	0.24000597
0.046840668	0.120443106	0.1870302
0.25163448	0.7281049	-0.81760204
0.13703507	0.60280937	-0.21512501
0.37061054	0.20000482	0.24992473
0.4796189	0.8017111	0.23067577
0.88360757	0.47123772	0.8598663
0.80609244	0.48882282	0.5578302
0.33021337	0.74876887	-0.36590493
0.3682865	0.8012868	0.150955
0.03387946	0.16542798	0.29982188
0.22421741	0.5470766	0.08965909
0.8793224	0.7242097	0.33549112
0.3471918	0.3312943	0.98912257
0.025660276	0.7782168	-0.6819174
0.6925846	0.20041299	0.0636592
0.34041584	0.26637167	0.6674014
0.2515763	0.33755296	0.5365615
0.034121096	0.6089977	-0.6935941
0.56668395	0.73007464	0.21125871
0.37671328	0.15900648	0.010455959
0.76806027	0.3000003	0.31298798
0.34198403	0.28949225	0.82936376
0.8587949	0.8048698	0.33859044
0.96121716	0.28455567	0.61291814
0.040810227	0.46814787	-0.19689101
0.35842103	0.6055175	-0.42211613
0.2612334	0.45933026	0.63307834
0.5750673	0.19895917	0.41745213
0.5859623	0.05719614	0.63050663
0.7321804	0.095567465	-0.30881384
0.3324446	0.8840556	0.04234013
0.70213443	0.43579304	0.36224
0.02446109	0.64398915	-0.8496284
0.95886135	0.83273154	0.27123827
0.5885333	0.82506734	-0.46966594
0.10224861	0.42933166	0.14540823
0.4612633	0.3704009	0.5137343
0.096711755	0.32580757	0.08647844
0.45574218	0.05235225	-0.6490391
0.016976357	0.22258592	0.3596197
0.7555769	0.109526336	-0.50188196
0.29258913	0.63419753	-0.5460419
0.21982515	0.33784115	0.37882426
0.7364288	0.16238773	-0.20760918
0.13891894	0.6505048	-0.44397447
0.5643115	0.22792637	0.30802125
0.96530974	0.76229656	0.44683692
0.062337697	0.056243896	0.060744476
0.80713207	0.22136903	-0.01910428
0.42380702	0.349896	0.7923326
0.04602027	0.29779726	0.24010122
0.7691287	0.7159251	-0.36367074
0.44141376	0.6138818	-0.21108276
0.18949538	0.9309981	0.44360608
0.9202788	0.11428231	0.4616653
0.8036058	0.8976606	0.036414735
0.027934372	0.8127738	-0.46798408
0.8034001	0.03439659	-0.78275734
0.64833784	0.7690892	-0.32675934
0.45789665	0.35886502	0.6038419
0.63872486	0.38207424	0.122959435
0.44587427	0.03976637	-0.7135963
0.22395778	0.8523765	-0.22035052
0.23794329	0.39309746	0.53487605
0.7250958	0.7013065	-0.39517263
0.0894807	0.42475903	0.024098098
0.9784155	0.36891013	0.6728759
0.5111715	0.88768893	-0.35483247
0.011221707	0.3950926	0.09233851
0.66531104	0.24249959	0.14274779
0.47248054	0.28646952	0.5261346
0.25908798	0.8357491	-0.3470211
0.57676554	0.38587767	0.22147244
0.19666612	0.19241977	0.043219943
0.8754861	0.74025035	0.36449397
0.6967255	0.44848287	0.25501686
0.064323604	0.83266246	-0.2567397
0.21369159	0.6995144	-0.76474553
0.67369765	0.3392933	0.094305575
0.7466432	0.25446773	0.0048310757
0.9370262	0.6596307	0.53162456
0.3956436	0.7835503	0.20097989
0.8526013	0.97688645	-0.066076845
0.8450883	0.9792664	-0.03633506
0.13981813	0.88883793	0.26305553
0.2944283	0.29688877	0.54538256
0.8615788	0.4631021	0.8265221
0.27960455	0.6294377	-0.4970262
0.41067433	0.18051296	0.18231091
0.240076	0.9632692	0.3665486
0.5436054	0.93199456	-0.86176735
0.019082189	0.69751054	-0.8160613
0.85404444	0.7272452	0.19110878
0.67708933	0.91827947	-0.8174366
0.98334163	0.59822166	0.5083241
0.08077878	0.3231067	0.09394201
0.6583432	0.85250264	-0.66552395
0.2561456	0.5611939	0.0097646285
0.27075005	0.3809057	0.7653191
0.88631797	0.6767091	0.28928325
0.31861532	0.32899427	0.8860088
0.011312962	0.3617487	0.22823942
0.46822697	0.0035697818	-0.8724524
0.4473831	0.06157905	-0.6374222
0.7523914	0.67923284	-0.4238161
0.015542626	0.65629214	-0.87500817
0.24645132	0.79804707	-0.58682233
0.8177046	0.35604334	0.8677073
0.080895305	0.053252757	0.003042994
0.26535076	0.101421356	0.09511712
0.08467597	0.56459326	-0.33118463
0.6420922	0.3869322	0.17470148
0.6438741	0.46734345	0.34725618
0.83983344	0.13836706	-0.4321689
0.63964695	0.54109806	0.3710898
0.78713727	0.95066947	-0.16499716
0.058910906	0.55925965	-0.39632407
0.8939863	0.9628401	-0.10602059
0.5684836	0.5208901	0.35142297
0.11901957	0.75791395	-0.7281846
0.45767313	0.5413238	-0.17497881
0.21472102	0.7003327	-0.74443436
0.29079944	0.51019114	0.31192288
0.23951304	0.07127732	0.118162595
0.8688422	0.06485003	-0.22728626
0.80420876	0.13565403	-0.5557287
0.17451221	0.3056324	0.1560629
0.72462076	0.3475545	0.33051562
0.60910255	0.39075625	0.18749923
0.110405326	0.5913093	-0.22512677
0.28659505	0.07036799	0.09547731
0.62147856	0.7319862	-0.14579113
0.30840516	0.13082325	-0.059233386
0.06467414	0.1453799	0.14465617
0.93978316	0.6365296	0.4844512
0.9814526	0.9803614	-0.3219758
0.7659883	0.9439821	-0.24686666
0.20969105	0.3186127	0.26248354
0.6185873	0.8650145	-0.78316087
0.8627063	0.2120856	0.14084725
0.4881794	0.66949385	0.29188347
0.70554847	0.3710488	0.29543096
0.3068539	0.2655092	0.5055764
0.7551857	0.3026293	0.2774849
0.79833317	0.47539455	0.6608156
0.9995431	0.900414	-0.027156148
0.4552647	0.6526709	0.06688723
0.3709197	0.68713903	-0.30927327
0.68777233	0.66529775	-0.20359005
0.781151	0.28375447	0.29018176
0.18683654	0.21804553	0.03693202
0.21161777	0.18322253	0.045056935
0.68806195	0.6065769	0.0012326278
0.52901626	0.5696833	0.24275711
0.63833153	0.87297654	-0.7675365
0.75368416	0.15401077	-0.48569325
0.60381156	0.78137106	-0.21885253
0.27991205	0.93026686	0.044077702
0.0495708	0.09630424	0.1569429
0.23579979	0.25660205	0.19375974
0.054702044	0.6800077	-0.80546916
0.36275226	0.4437139	0.7257428
0.79734313	0.03397107	-0.6708074
0.93112653	0.50758725	0.8196445
0.28337342	0.8836219	-0.052445956
0.022499979	0.56440055	-0.6782855
0.03154075	0.88159406	-0.12748007
0.4749931	0.32055163	0.5127937
0.4281351	0.8599728	0.12861158
0.41786397	0.8678199	0.16472642
0.71480817	0.039649963	0.09434563
0.01639682	0.74069566	-0.74993235
0.2786501	0.92961216	0.0698982
0.54219997	0.75329584	0.2197981
0.05548948	0.10023284	0.14789091
0.32852155	0.6927653	-0.4782465
0.4915803	0.6769551	0.38171905
0.041872263	0.6257693	-0.74859846
0.6591291	0.5222256	0.2694633
0.62887156	0.4785012	0.25790533
0.4930997	0.6804707	0.34344432
0.10751951	0.88598555	0.12747067
0.035082042	0.3312422	0.23184928
0.4975165	0.08654094	-0.41098645
0.9879313	0.25821728	0.6454558
0.7717328	0.5367133	0.15761401
0.962211	0.12841344	0.68747956
0.14577323	0.6793748	-0.6579954
0.6612496	0.35349107	0.20612374
0.9946843	0.61732364	0.43158028
0.9474185	0.6561661	0.5654853
0.0925321	0.6040311	-0.41644806
0.1324858	0.4329934	0.26946795
0.80541843	0.9660563	-0.16703582
0.5125587	0.28057724	0.2711094
0.18240637	0.41260803	0.45376882
0.018866897	0.3603989	0.2243239
0.7960394	0.44715577	0.7401302
0.71038264	0.070179164	0.13385934
0.40286088	0.42721522	0.63057584
0.95819116	0.6185039	0.52272063
0.9919888	0.40234774	0.6157579
0.2691502	0.9237435	0.05628576
0.10805434	0.29752445	0.06621649
0.07713544	0.46504003	-0.03609699
0.7395208	0.44260848	0.5496267
0.52293545	0.8860377	-0.47790286
0.84508544	0.29198933	0.54959714
0.4682424	0.049554646	-0.6668828
0.36091536	0.23702794	0.5005373
0.7441091	0.6881868	-0.37156114
0.13363123	0.3818555	0.18573372
0.99077225	0.9946626	-0.2908941
0.59374136	0.8000957	-0.3009605
0.14120162	0.96890014	0.7959442
0.36198115	0.97935927	-0.22812465
0.60810316	0.72241515	0.037116155
0.44399762	0.718717	0.29564786
0.6347588	0.69094574	-0.0400612
0.96647894	0.531474	0.6364178
0.8587459	0.16054946	-0.16076194
0.6733776	0.5902212	0.079388194
0.79141915	0.2531011	0.13006705
0.019757032	0.71766776	-0.8355525
0.45138663	0.95952606	-0.34923473
0.98048735	0.82709485	0.2241
0.020482838	0.95272964	0.15945442
0.087019384	0.8351821	-0.20154166
0.34129637	0.84503347	-0.012091821
0.8849087	0.9231381	0.14291757
0.6740178	0.5442505	0.18200107
0.5297807	0.9610066	-0.87992835
0.020522237	0.025857806	0.043711822
0.76270396	0.67750645	-0.36450285
0.19206488	0.5165286	0.3430058
0.61832833	0.85661685	-0.70668864
0.081982434	0.11408937	0.118036196
0.6988616	0.3464753	0.13138574
0.8826027	0.43649685	0.96827996
0.34689724	0.97424215	-0.0936912
0.691283	0.26132953	0.014629774
0.028282702	0.64511764	-0.774609
0.24086809	0.7746729	-0.7535522
0.81312	0.568121	0.16646379
0.58277345	0.0033225417	0.47220558
0.2813884	0.027689993	0.30428544
0.6610966	0.9116216	-0.8460587
0.07780647	0.50622684	-0.08181584
0.36665004	0.27126825	0.82165974
0.80518574	0.9250283	-0.019863483
0.07209313	0.24442023	0.18930177
0.4912436	0.90559185	-0.33303612
0.63218755	0.92027223	-1.0340644
0.095775485	0.44009572	0.07742921
0.2077753	0.094986856	0.075641125
0.81442606	0.45798713	0.80329925
0.21946353	0.6944601	-0.769746
0.73182774	0.3108595	0.20435612
0.113626	0.44890827	0.19813362
0.33630246	0.74315	-0.4044236
0.48988116	0.35279852	0.33877897
0.5035168	0.8646659	-0.20400076
0.73848265	0.90197444	-0.37914208
0.7254961	0.58068216	-0.09934232
0.9885549	0.025749207	0.73266757
0.23101634	0.5324912	0.19804984
0.5632529	0.22909272	0.31901294
0.79613966	0.96686083	-0.11229279
0.48938072	0.38235986	0.30964184
0.90489817	0.38873887	0.8995255
0.85905975	0.36769062	0.9218212
0.46347547	0.35653007	0.5387166
0.17390949	0.48097157	0.47073108
0.01901853	0.5951753	-0.7754661
0.1816169	0.5460642	0.19331214
0.5529117	0.15273416	0.3100146
0.45810366	0.8962754	-0.17379867
0.33878976	0.32457983	0.90607995
0.7552555	0.75792193	-0.35704502
0.72602886	0.6650721	-0.35297078
0.75911087	0.19056374	-0.3168665
0.84261173	0.34579277	0.8647889
0.94866943	0.699244	0.51822335
0.5138479	0.22362721	0.2620937
0.87691426	0.06380373	-0.17716661
0.9266853	0.5102513	0.70511013
0.06541264	0.49539262	-0.18099044
0.2572785	0.69146794	-0.8049903
0.25729334	0.5047893	0.41579187
0.76468486	0.65083915	-0.3529338
0.3153062	0.16849518	0.008481912
0.87388134	0.9906949	-0.17454648
0.28755897	0.77845424	-0.47460946
0.8930533	0.7153384	0.38572714
0.95995915	0.42021412	0.6875534
0.75306034	0.85094243	-0.29511493
0.67027134	0.84761256	-0.63767207
0.1934526	0.9869234	0.74099827
0.60326886	0.88347495	-0.8696919
0.35486	0.15656137	0.06699861
0.6516011	0.15585375	0.46658075
0.49670327	0.84771675	0.0036332048
0.6845881	0.49886394	0.27610394
0.5173911	0.38371044	0.22625896
0.8245785	0.5297109	0.33527675
0.1582653	0.5270557	0.29402554
0.7482172	0.08530682	-0.4155851
0.74008286	0.88956994	-0.3784628
0.7739525	0.2826566	0.23761201
0.6764507	0.10526806	0.46449968
0.7836104	0.39169896	0.69744384
0.27395588	0.93675405	0.09965676
0.37198186	0.17994219	0.1281173
0.7665146	0.6836511	-0.36520678
0.44862914	0.66004074	0.09890698
0.31797045	0.9062756	0.048591442
0.8103211	0.22870696	0.02632937
0.56609184	0.3307919	0.16023739
0.81889176	0.23833609	0.12027408
0.3677668	0.15096623	0.01721166
0.7491021	0.38422602	0.5650576
0.6670925	0.01592344	0.78717095
0.7518223	0.46108145	0.45982182
0.27159655	0.9117046	0.061921593
0.032808125	0.65723586	-0.75579333
0.90123004	0.5629969	0.51421577
0.84629923	0.44512236	0.87606865
0.63232744	0.35706294	0.18889467
0.5366944	0.52114713	0.25032568
0.060223043	0.100715876	0.12928264
0.61559457	0.7898652	-0.27015096
0.6226484	0.31262618	0.1287801
0.06750983	0.87828296	0.03815668
0.13794851	0.26664776	0.14106846
0.33719027	0.3227021	0.9428604
0.35095382	0.7894134	-0.11343793
0.5142125	0.6112054	0.26576087
0.3025269	0.2849682	0.55221784
0.15713954	0.13756913	0.10603141
0.870932	0.43373328	0.9701785
0.0264377	0.65009516	-0.81869876
0.05451423	0.55360246	-0.41339427
0.65206784	0.7475249	-0.3265472
0.9045978	0.61476713	0.4719484
0.84115976	0.826209	0.21548764
0.56019354	0.17948031	0.40462947
0.77024424	0.81301576	-0.20183761
0.74478614	0.91092676	-0.431753
0.8734379	0.61351454	0.2759968
0.93813175	0.69907427	0.53208333
0.9565825	0.1690101	0.67986494
0.55688065	0.53145576	0.27339032
0.37835258	0.9331537	-0.06548845
0.066797435	0.7218715	-0.76790476
0.119169354	0.5239078	0.13612796
0.18345964	0.56219965	0.09112537
0.63289857	0.064484894	0.82596326
0.033845425	0.20235956	0.27232787
0.06291461	0.5822355	-0.43605697
0.89814955	0.67652905	0.35595554
0.68509364	0.14328665	0.21897487
0.999604	0.67746377	0.3926416
0.20635712	0.3155688	0.24316567
0.4423555	0.3230831	0.7126524
0.1497407	0.8967937	0.26741606
0.9780006	0.23066723	0.65706
0.37306	0.073574185	-0.19387528
0.96470463	0.64977765	0.47019613
0.6512381	0.49681956	0.30204427
0.3908307	0.9186605	0.005682057
0.46687973	0.26481026	0.4669029
0.13448375	0.4351142	0.30912074
0.044448495	0.4940285	-0.24236387
0.879428	0.22568381	0.3478007
0.32830554	0.046578526	0.12021862
0.36305416	0.7079696	-0.27317882
0.75069964	0.20605695	-0.23609886
0.08904803	0.9567949	0.6302819
0.8028495	0.52263474	0.39664492
0.4099306	0.7275927	0.13483466
0.859934	0.66678685	0.10592138
0.71366477	0.53608906	0.083510675
0.051026106	0.6571074	-0.7593646
0.4653802	0.68255454	0.24018608
0.8384179	0.70168257	-0.007999464
0.3272817	0.7452946	-0.31458828
0.39681065	0.69759846	-0.08436578
0.4715932	0.3712986	0.4477765
0.22440553	0.9888527	0.47916263
0.845446	0.21679616	0.15032485
0.37364513	0.5619414	-0.20947775
0.41026896	0.5498425	-0.18665262
0.12743849	0.88186306	0.19419973
0.6558872	0.45844144	0.26995337
0.2546252	0.8989145	-0.035220075
0.35341525	0.67150617	-0.41951486
0.6925018	0.06684822	0.337314
0.7483015	0.00078201294	-0.2332045
0.23682135	0.6977666	-0.72353697
0.4406299	0.86412466	0.15936345
0.6891612	0.36986774	0.22090663
0.64214844	0.4916106	0.30384874
0.88103926	0.22730047	0.31932434
0.4148435	0.85394317	0.1696022
0.83587825	0.20802128	-0.011791751
0.46447122	0.6559921	0.10883073
0.11757159	0.070738256	-0.040731166
0.25636637	0.6984435	-0.7394835
0.3937617	0.056330323	-0.26399982
0.56564164	0.5964085	0.40603107
0.48329222	0.25652897	0.36829653
0.5678545	0.75400174	0.06359252
0.38766646	0.49250692	0.14846754
0.99755466	0.57943594	0.5294309
0.32852578	0.09654933	-0.021315183
0.1170972	0.31549215	0.113141574
0.32798964	0.7959175	-0.20987996
0.17215717	0.49524015	0.40292338
0.6082089	0.5019269	0.39563727
0.4747976	0.8213251	0.20367421
0.80124664	0.83776915	0.053128183
0.61873096	0.20373714	0.43596694
0.93726027	0.98924565	-0.34763893
0.0019157529	0.42036593	0.006131242
0.6506799	0.83773696	-0.6397773
0.22931325	0.85255975	-0.28195658
0.96808314	0.76471704	0.42727262
0.14697593	0.027530909	-0.029162101
0.130957	0.53351617	0.1472199
0.1267448	0.032864332	0.034732655
0.18341357	0.3721726	0.35291424
0.97922367	0.96037304	-0.24094824
0.2879107	0.762717	-0.5521139
0.41235286	0.8811338	0.15314019
0.8886205	0.15107173	0.14448734
0.3761621	0.98499113	-0.1903468
0.59667003	0.80877024	-0.3100692
0.8270019	0.9823979	-0.079279
0.9046779	0.21227449	0.47744912
0.32871825	0.46638077	0.6194761
0.6623476	0.008702695	0.8361771
0.20801902	0.20347238	0.07752699
0.37207812	0.093283534	-0.11742423
0.44171238	0.78924346	0.30790457
0.01170516	0.61304414	-0.77815515
0.15506095	0.4309045	0.30700716
0.9382507	0.8837454	0.18054515
0.5189129	0.25462914	0.25337622
0.5362088	0.8279777	-0.16338454
0.078400016	0.21551365	0.1637605
0.35502553	0.64811933	-0.51618296
0.5845377	0.6775767	0.2821973
0.8405878	0.8063042	0.3070362
0.44399112	0.24319339	0.43056434
0.0695945	0.05093479	-0.011646759
0.89703465	0.033740103	0.17354944
0.256548	0.6309238	-0.47299734
0.99178934	0.506814	0.6170789
0.56883776	0.94978523	-1.0554588
0.07881516	0.007947028	-0.11387159
0.4142921	0.6378279	-0.18068019
0.38783485	0.17491066	0.1097525
0.19797593	0.93398356	0.45233884
0.37911642	0.20873368	0.3576786
0.13329262	0.75943506	-0.6818455
0.3961295	0.44028038	0.6062503
0.3462069	0.6745093	-0.4737249
0.13032627	0.60936177	-0.23404229
0.81570053	0.18481004	-0.31174558
0.1285798	0.42618752	0.21085925
0.98156875	0.3348651	0.5724948
0.6625771	0.90458316	-0.8277706
0.5836549	0.015096247	0.51496685
0.7180836	0.257514	-0.005068374
0.31336117	0.6884906	-0.6057221
0.29245108	0.83912796	-0.22212343
0.40761948	0.5898476	-0.28004658
0.4276333	0.5675108	-0.20638353
0.9356595	0.4097237	0.8057393
0.6498447	0.7789949	-0.37096187
0.0025755763	0.8121424	-0.6064843
0.27280277	0.54891413	-0.012882672
0.18577272	0.8000194	-0.47926384
0.7161161	0.878443	-0.5312063
0.90381664	0.4606517	0.88601774
0.9300958	0.6350936	0.46645948
0.14388824	0.9504281	0.7447943
0.48328477	0.21509463	0.21239126
0.36863166	0.2223618	0.3648859
0.5644797	0.6146135	0.38673773
0.44947702	0.22886801	0.38235697
0.37354857	0.22808766	0.5087129
0.63334054	0.7699383	-0.30488682
0.5682685	0.2827372	0.2647847
0.47047192	0.2003296	0.18071453
0.2490331	0.727342	-0.82439667
0.9829392	0.13189322	0.7798379
0.99056315	0.3428809	0.5788347
0.12044412	0.9148295	0.43258834
0.4701789	0.50008756	-0.05650776
0.90030605	0.4098128	0.969903
0.39828962	0.95359105	-0.13206926
0.5497529	0.6491187	0.39590532
0.058582544	0.24065465	0.22988927
0.33110112	0.23165876	0.3971104
0.68992	0.31181782	0.113207944
0.80652714	0.54777384	0.21584557
0.9007333	0.01371932	0.23392902
0.3311634	0.8927157	0.010888867
0.14369386	0.6042405	-0.21947333
0.93424046	0.5988793	0.5659948
0.54958266	0.25879002	0.26466036
0.46762967	0.6975825	0.2602108
0.16011178	0.92595303	0.5702092
0.98463255	0.044470727	0.8283856
0.64069456	0.65457934	0.050567534
0.6724692	0.25242877	0.06698465
0.52747303	0.7447997	0.2850883
0.6678638	0.42488533	0.21270771
0.8775106	0.5641626	0.48034352
0.3703586	0.85619587	0.09877491
0.863505	0.016881943	-0.20627883
0.020843446	0.15006924	0.27634397
0.22604674	0.3427443	0.40346694
0.25581634	0.7167482	-0.77988595
0.5288889	0.09852427	-0.020844717
0.071891785	0.14627105	0.08275064
0.32737017	0.6726696	-0.5271347
0.81865555	0.10453564	-0.61915535
0.7924601	0.14991993	-0.5688979
0.432876	0.12836587	-0.3044241
0.50748956	0.2093572	0.18954729
0.37628353	0.2883827	0.8964657
0.6562259	0.00829047	0.9072707
0.4966253	0.12680286	-0.18367688
0.12221539	0.72877985	-0.7142926
0.0026162267	0.66956025	-0.9252456
0.68627393	0.6618705	-0.16495083
0.37624735	0.32772905	1.024214
0.91654885	0.23846704	0.5201793
0.4468431	0.28336143	0.6587057
0.9834106	0.91889185	-0.14923662
0.0836364	0.95665205	0.59528434
0.027781606	0.99862987	0.518249
0.5679097	0.0748108	0.4486229
0.43994468	0.24914378	0.50256145
0.7226195	0.26306194	0.07111435
0.58629256	0.41909814	0.20847422
0.2116031	0.5169951	0.37876707
0.27555466	0.2650507	0.28803885
0.2682628	0.7842566	-0.5611328
0.04541552	0.60287756	-0.60619146
0.7643125	0.3421939	0.5377668
0.7682202	0.7974171	-0.20030628
0.15434575	0.65723324	-0.47360107
0.27167857	0.56169266	0.023637522
0.426144	0.7924265	0.29196212
0.8140685	0.19443488	-0.18763395
0.6398397	0.041778743	0.86813414
0.24316627	0.4093607	0.5573379
0.5782311	0.3393824	0.15761356
0.4558609	0.40385216	0.397153
0.27415055	0.8555432	-0.16934277
0.71926296	0.8116613	-0.38947606
0.95089656	0.12506074	0.68681866
0.22259945	0.16866028	0.041041866
0.94619745	0.37231076	0.7670922
0.6229144	0.6926759	0.008719265
0.019234955	0.76056	-0.7534867
0.31944805	0.21797335	0.25587264
0.9567767	0.71242595	0.5777013
0.5827561	0.6101071	0.4010786
0.57574195	0.21044868	0.39070207
0.31755304	0.5869591	-0.36686832
0.8783619	0.3994038	0.94791627
0.6670557	0.842603	-0.6772703
0.26403892	0.33535177	0.55405045
0.009812057	0.9485047	0.095207475
0.86561906	0.5092325	0.6384069
0.6254237	0.3032894	0.147569
0.48022074	0.9021612	-0.24220176
0.13661736	0.5021847	0.21987748
0.89352953	0.047870457	0.099558026
0.87021255	0.5855566	0.31017327
0.7176416	0.8636379	-0.4957368
0.8104138	0.13942814	-0.5644753
0.70536625	0.28892112	0.09022392
0.16727328	0.40476745	0.4084397
0.061887264	0.85255635	-0.18790032
0.59225565	0.05373329	0.68215966
0.9238639	0.10888916	0.46781838
0.9302156	0.87553376	0.30063987
0.98627716	0.5474064	0.59727865
0.047441423	0.87926507	-0.11184242
0.7215122	0.63905925	-0.26443636
0.09878063	0.41880912	0.09935159
0.92236763	0.8711292	0.35000834
0.06828755	0.10863888	0.103404365
0.6305208	0.8012225	-0.43304107
0.16146743	0.92070884	0.49062735
0.33794713	0.2982412	0.81125546
0.9653649	0.2995218	0.5915894
0.44111884	0.13248014	-0.28837955
0.3971954	0.44988573	0.4645404
0.60874	0.52011204	0.3281409
0.1284514	0.14683086	0.10557841
0.49997503	0.7930458	0.2083119
0.31693918	0.5132203	0.27320784
0.9781659	0.088730395	0.77390116
0.41907287	0.91671336	-0.05643587
0.08895141	0.8360258	-0.23803277
0.6731308	0.9657402	-0.9211519
0.30622888	0.97337115	0.007663811
0.4117993	0.005902052	-0.46687636
0.5982329	0.9087679	-0.9000632
0.9039888	0.8322218	0.470246
0.64667535	0.12070155	0.6797896
0.5458713	0.22042	0.26868466
0.8328948	0.4563865	0.8004088
0.32619405	0.14383668	0.012186506
0.5421084	0.38416392	0.20444705
0.9121252	0.9789187	-0.20924443
0.07421708	0.5635633	-0.29769945
0.7259342	0.5518018	0.062384732
0.39710498	0.35772467	0.9993199
0.20929867	0.8568758	-0.2018234
0.8744734	0.77005804	0.4326343
0.9627618	0.8240171	0.3549447
0.56606877	0.45330018	0.27333012
0.8513673	0.27080023	0.46305406
0.6829427	0.023319244	0.6241968
0.68119645	0.6416587	-0.1086382
0.5486606	0.10882825	0.25114658
0.82604414	0.0069376826	-0.62896895
0.20166093	0.7095731	-0.76833457
0.62155807	0.8587502	-0.75301784
0.583075	0.7242417	0.1362355
0.68529856	0.4297899	0.28633127
0.47206634	0.052381933	-0.6466595
0.5853685	0.31080824	0.16742198
0.17419648	0.84688765	-0.18033798
0.9658764	0.68708044	0.48419163
0.75147736	0.14899367	-0.44276366
0.15641856	0.16195369	0.027063947
0.20925307	0.10083872	0.106227666
0.47939628	0.50838286	-0.057851158
0.14046943	0.79490197	-0.5313971
0.8184724	0.89693207	0.17650701
0.19699919	0.111617565	0.026497262
0.9837588	0.94642085	-0.21027644
0.3379504	0.9253043	-0.008266811
0.8191562	0.6407166	-0.13419318
0.96526384	0.08226764	0.7950878
0.6541272	0.49524903	0.31584287
0.20384485	0.7484753	-0.7680735
0.3246686	0.54390293	0.004077932
0.41095996	0.6303567	-0.23116438
0.688783	0.569928	0.04116998
0.783574	0.03314686	-0.66975784
0.3206116	0.21754205	0.2263856
0.6434541	0.65434724	0.06627395
0.58859634	0.6388496	0.32757393
0.6923382	0.12425196	0.20307347
0.97212195	0.6858722	0.4712032
0.39900595	0.38445777	0.90053636
0.4326709	0.7725324	0.32632652
0.2914216	0.8085542	-0.36013916
0.31385326	0.9684299	0.0014528194
0.5860209	0.09366816	0.64724934
0.49983495	0.9410589	-0.6729677
0.44928515	0.70111024	0.24916166
0.35365456	0.71610826	-0.30612007
0.8679588	0.6242802	0.2449288
0.4085886	0.45653784	0.4123682
0.24527901	0.63118196	-0.47743335
0.5651176	0.89550227	-0.7982815
0.786441	0.34752363	0.67867935
0.8085674	0.58856446	-0.04951541
0.80283415	0.73209196	-0.20730682
0.3009389	0.27544272	0.50057375
0.7441304	0.75224483	-0.3472423
0.4074304	0.39418775	0.73008156
0.04314375	0.17285204	0.2180678
0.7913982	0.8954893	-0.0804524
0.09084654	0.08556771	0.040840942
0.17336154	0.15141433	0.09103198
0.74286443	0.97190183	-0.4479077
0.5332352	0.89491737	-0.58585155
0.14080912	0.3805865	0.20582448
0.40864593	0.6441556	-0.2329567
0.076897085	0.1341474	0.16760343
0.8833873	0.6822643	0.31403407
0.42736024	0.4175123	0.53045166
0.004325092	0.7303315	-0.7827243
0.892689	0.13999987	0.15299378
0.51935834	0.2883556	0.25101718
0.9413705	0.2705642	0.60883963
0.70373225	0.47445214	0.23033957
0.70522004	0.22393411	-0.06397182
0.92859215	0.8425373	0.41312012
0.10896534	0.38523042	0.17342518
0.40468037	0.39667666	0.77132857
0.99430704	0.74798816	0.30676243
0.79071254	0.60274595	-0.20461002
0.60846704	0.1106835	0.7890255
0.56434566	0.6875584	0.30083638
0.6193983	0.38646984	0.12637408
0.75706595	0.78978217	-0.29158512
0.9895027	0.6185717	0.4621163
0.8173216	0.26157027	0.30478454
0.7201818	0.2869432	0.07016119
0.82473993	0.7219852	-0.09388427
0.9217369	0.5072242	0.7520317
0.20270509	0.9054551	0.22301824
0.20828044	0.94089824	0.4247212
0.8355871	0.9051792	0.116347805
0.43857354	0.1386416	-0.21477927
0.6996264	0.32520175	0.089083545
0.9434312	0.27215314	0.6378131
0.32682455	0.8140828	-0.11265315
0.2752682	0.66162986	-0.6387643
0.27229106	0.7776199	-0.6164218
0.49970645	0.75302416	0.3756354
0.35016477	0.6730562	-0.4313497
0.43549532	0.3590803	0.69616294
0.76723355	0.46989638	0.5645199
0.11917609	0.16260856	0.15422359
0.20831573	0.72752094	-0.82107395
0.43277657	0.2878546	0.7802702
0.32932788	0.07021099	0.06433919
0.9111831	0.22989607	0.49131152
0.84944904	0.33439642	0.81944245
0.377106	0.63724333	-0.4108158
0.855048	0.7676351	0.25557208
0.76799566	0.9975988	-0.25298628
0.29206747	0.87084156	-0.108982146
0.06525105	0.56737065	-0.41637743
0.41154367	0.19650465	0.21483596
0.7757712	0.8733018	-0.10006894
0.8922969	0.00774312	0.16302738
0.3118781	0.9908149	0.0133789405
0.5609737	0.9515423	-1.0108382
0.16271764	0.5508655	0.18995892
0.3789022	0.37194836	0.9990155
0.75420564	0.3899002	0.6270122
0.7718547	0.671362	-0.36525878
0.9098016	0.9339441	0.028174397
0.6215311	0.48619145	0.35985392
0.7182625	0.5523077	0.077381186
0.6883447	0.8166446	-0.51108015
0.4205162	0.6889805	0.054892756
0.57600325	0.30848932	0.2659124
0.45638436	0.08110088	-0.5719579
0.31205398	0.23391163	0.3334249
0.011808515	0.8180701	-0.49972728
0.20279795	0.80533594	-0.5477317
0.48465425	0.34200656	0.3606793
0.20911682	0.612649	-0.24752206
0.20675987	0.89281255	0.088736095
0.6755916	0.77600205	-0.3863196
0.67285657	0.03889078	0.71112716
0.016454339	0.9725971	0.21955042
0.12215036	0.84529716	-0.10870187
0.057639837	0.4048093	0.012200143
0.42591214	0.0020099282	-0.6357025
0.2947585	0.122974396	-0.03806596
0.30455214	0.28979152	0.56308717
0.2441929	0.70852447	-0.7728979
0.2676112	0.43440187	0.62570244
0.7511307	0.9635556	-0.34993672
0.7898723	0.38485283	0.7575997
0.6619245	0.6854184	-0.13496327
0.88290495	0.43267316	0.96809036
0.07035887	0.030509949	-0.039919563
0.59691715	0.3806411	0.24345265
0.2673521	0.9169457	0.08964911
0.71974236	0.58889943	-0.13114125
0.9052022	0.19428563	0.41510934
0.27807027	0.49971604	0.33486837
0.19188786	0.084094405	0.09364806
0.8686992	0.2024808	0.17778237
0.5839235	0.9923315	-1.1365986
0.069223225	0.24934101	0.23814873
0.9409337	0.034334302	0.62799567
0.6506805	0.61338556	0.12468104
0.093046606	0.8783469	0.12819804
0.7905965	0.75904465	-0.17851311
0.398035	0.48090446	0.19601358
0.99483156	0.49903506	0.58254147
0.3614701	0.6459053	-0.44169882
0.9842048	0.7337486	0.3895351
0.6089611	0.7178069	0.04077518
0.07607192	0.05134338	0.004403094
0.6281883	0.36451566	0.16779959
0.70536536	0.8958121	-0.63477707
0.047031403	0.6546447	-0.7783667
0.57417554	0.05560249	0.43450907
0.76188344	0.7489119	-0.3425355
0.20039856	0.9377133	0.45181334
0.09281802	0.95851076	0.6546257
0.63535714	0.2228576	0.34078828
0.0076085925	0.6485882	-0.87632793
0.018921196	0.6572083	-0.8322339
0.9280918	0.08119959	0.46732455
0.4063421	0.48521167	0.20892587
0.6188082	0.5639233	0.3938405
0.94292927	0.2415396	0.5928114
0.49342757	0.69076085	0.37769756
0.1696614	0.07812297	0.05741232
0.65239096	0.030786514	0.8681131
0.31602103	0.42069906	0.8240153
0.18056732	0.43301946	0.36307073
0.7432754	0.20922297	-0.19885954
0.2713728	0.9452954	0.12883362
0.0412184	0.6729218	-0.8476857
0.81118363	0.7436007	-0.16063693
0.8392279	0.64606297	-0.031919573
0.51552993	0.027164996	-0.44271803
0.6965093	0.33458775	0.19173945
0.11263567	0.7128159	-0.72936904
0.59347075	0.6829111	0.20013718
0.9548696	0.14347214	0.6831644
0.30257475	0.004886687	0.4051728
0.76491386	0.7340461	-0.35110658
0.039853573	0.7817936	-0.61587846
0.3755901	0.37878597	1.0280793
0.627621	0.028481245	0.9085843
0.8600399	0.68537456	0.079547346
0.38384283	0.7090905	-0.09163527
0.4456644	0.14814168	-0.12814134
0.8492195	0.46570957	0.80707216
0.8781872	0.8444531	0.4276052
0.23533452	0.7097087	-0.7907143
0.34525734	0.1700877	0.080939785
0.5549778	0.46241832	0.20258261
0.105491996	0.15508479	0.10260346
0.2621708	0.25796038	0.2212891
0.038815618	0.80084544	-0.52809834
0.84547746	0.4091233	0.9302665
0.13289136	0.92466784	0.5132598
0.9444264	0.45164454	0.8135324
0.970344	0.47194487	0.6758879
0.6209877	0.9550027	-1.0567816
0.2677052	0.72044915	-0.73725176
0.10143906	0.66259193	-0.63869834
0.5097826	0.4587748	0.18191084
0.9389287	0.9435375	-0.11571485
0.43345505	0.75768507	0.35895815
0.88091606	0.50775826	0.72237015
0.2968433	0.91328084	-0.026039328
0.081208766	0.54861355	-0.20548663
0.8929885	0.73262256	0.37038365
0.19558322	0.25145596	0.15958866
0.79150087	0.6791928	-0.26129124
0.76741254	0.8112026	-0.18391597
0.25663418	0.79036826	-0.618345
0.04329163	0.15824479	0.24951483
0.42317873	0.18320757	0.100847855
0.6277858	0.23681325	0.25505486
0.4804932	0.7483367	0.35990804
0.36491865	0.15510589	0.04494192
0.9560632	0.96451914	-0.24621555
0.79223907	0.71247816	-0.33389693
0.72544146	0.62999195	-0.2796768
0.5302869	0.2509759	0.24049391
0.15578318	0.49847877	0.32513085
0.18207765	0.034079075	0.10184328
0.9328711	0.10368407	0.57957
0.03456819	0.19241375	0.34892297
0.8157654	0.12617892	-0.6756252
0.45808786	0.7527431	0.30877104
0.36013097	0.98905396	-0.20106895
0.31847906	0.62240404	-0.5056184
0.6840177	0.31519073	0.10137956
0.08940661	0.25625956	0.08507249
0.82472366	0.4326386	0.91937166
0.54565626	0.5916285	0.3438125
0.3892203	0.2667331	0.70592964
0.52292794	0.7660557	0.23083901
0.45164245	0.25230265	0.48093486
0.9230071	0.020447075	0.48062122
0.4313016	0.66519445	-0.03275571
0.51608443	0.22632349	0.29205093
0.062105417	0.26826918	0.22364266
0.56935877	0.1755026	0.4543743
0.91503215	0.36620116	0.7568087
0.26872867	0.99632555	0.19990474
0.41303456	0.7965089	0.24983408
0.83720124	0.6366561	-0.06587693
0.16343307	0.28646827	0.15900528
0.26460552	0.5439616	0.13635506
0.8493933	0.7796633	0.28821987
0.114367306	0.85845435	-0.07419441
0.25412822	0.89902383	0.03212317
0.3788721	0.22212946	0.4557918
0.4281332	0.4545343	0.28445584
0.016845047	0.18595004	0.38023803
0.073041975	0.6577064	-0.7101574
0.39553773	0.3281334	0.9859121
0.6777938	0.517353	0.1878078
0.03971052	0.22429192	0.35712203
0.44768083	0.84164584	0.19280761
0.21303266	0.47932744	0.4993274
0.6676601	0.90932214	-0.9088765
0.33735234	0.5972203	-0.3357797
0.2517234	0.8650658	-0.14689066
0.080167055	0.83842254	-0.2145855
0.34014374	0.7456689	-0.3169116
0.037185192	0.4076895	-0.025605198
0.12908643	0.29530573	0.06738694
0.7553044	0.3251431	0.4175987
0.9046551	0.24186754	0.5217806
0.68560076	0.6646813	-0.20653328
0.4153406	0.7907016	0.31567037
0.00086289644	0.1367976	0.29559284
0.94615036	0.3741908	0.7094989
0.48707598	0.8822471	-0.16269282
0.16889465	0.039382517	0.07361858
0.76853013	0.1669277	-0.4907859
0.36016423	0.4616797	0.55479413
0.22046304	0.052600086	0.18257399
0.2511502	0.5533818	0.037904564
0.9678703	0.10266328	0.739203
0.27577633	0.1976844	0.057998337
0.7029592	0.5636533	0.043767214
0.822645	0.32667738	0.7480371
0.9075852	0.41358757	0.83467937
0.5507614	0.26827085	0.3209951
0.7870258	0.45354223	0.64146924
0.56513226	0.54187465	0.317782
0.47152787	0.5318541	-0.08983051
0.45759612	0.93864447	-0.29679313
0.39321727	0.006321311	-0.26535207
0.9760653	0.035546124	0.8142819
0.51259065	0.5621866	0.10346613
0.37595594	0.47202474	0.42179674
0.4066308	0.4123428	0.66463006
0.38909036	0.71878004	0.009485573
0.8135464	0.9660349	-0.06727185
0.62012666	0.24252748	0.25689748
0.9208992	0.8863314	0.25416678
0.9524726	0.94677526	-0.16339079
0.22856891	0.4514693	0.5205989
0.064504325	0.9853502	0.64193434
0.81836325	0.51596564	0.41560072
0.0026373267	0.62340987	-0.79714876
0.37040848	0.1659503	0.09913124
0.28911936	0.6127607	-0.4708553
0.10418624	0.7918507	-0.45312047
0.5791731	0.37175006	0.17947525
0.44696653	0.64568806	0.062049426
0.05013442	0.15875363	0.22525801
0.8816723	0.32195985	0.8139599
0.8379494	0.836029	0.2812409
0.61946464	0.122958004	0.72136515
0.604026	0.15465748	0.56633794
0.2188605	0.2882101	0.22103196
0.8007001	0.8709384	0.0356451
0.2965117	0.8857385	-0.063315466
0.36994892	0.593196	-0.33159125
0.53375703	0.57475317	0.30566505
0.99127614	0.6793553	0.34679785
0.47414058	0.030415535	-0.6780709
0.5064702	0.78199315	0.23021847
0.46600688	0.65314776	0.16033483
0.7779834	0.102838755	-0.68334347
0.9861593	0.11538923	0.7808109
0.21117395	0.71833235	-0.8208008
0.98336875	0.59181297	0.53741664
0.23893088	0.47813863	0.45719987
0.34071183	0.736271	-0.32484633
0.26296085	0.365124	0.62559193
0.98560005	0.5433018	0.594484
0.65923625	0.18162382	0.2549803
0.12730712	0.8634613	0.063778825
0.54254246	0.46830636	0.18707125
0.49007314	0.36739868	0.31716025
0.20692712	0.52775854	0.32527667
0.37023294	0.11178517	-0.09626146
0.87572026	0.5241631	0.5828445
0.36578602	0.9489547	-0.07866555
0.41737497	0.9771448	-0.2733181
0.056942284	0.91933066	0.1710664
0.2269128	0.98524857	0.49574143
0.27717918	0.40029007	0.7134018
0.1340394	0.7881577	-0.5054404
0.8309447	0.3090709	0.6470106
0.92316943	0.33408183	0.70572937
0.2565626	0.049845874	0.24771032
0.7145018	0.41828758	0.3500618
0.6109559	0.025067031	0.88083494
0.7058901	0.7000333	-0.36682194
0.98839396	0.6119947	0.4084116
0.8612206	0.50824916	0.6677886
0.38764364	0.7002134	-0.15573335
0.29437864	0.19865698	0.09506942
0.66849816	0.80912673	-0.46610343
0.021119833	0.54127693	-0.5807356
0.85551935	0.12454057	-0.33057702
0.9044609	0.80973434	0.49999964
0.15134645	0.52911943	0.2378882
0.28809208	0.679385	-0.7463957
0.08064568	0.42790574	0.031299323
0.26533234	0.7850558	-0.58025265
0.096826196	0.6572892	-0.6077671
0.94421375	0.9910909	-0.39234585
0.78249824	0.902144	-0.12899022
0.6575246	0.5319935	0.21597639
0.7810915	0.5086575	0.32246384
0.45317668	0.39004833	0.4871098
0.029144168	0.49021888	-0.26203743
0.5634067	0.7925766	-0.043124083
0.055573225	0.303618	0.14205706
0.4562627	0.53268737	-0.106271215
0.9951176	0.23506379	0.6660005
0.16520602	0.3640228	0.330266
0.039999127	0.89364225	-0.03411995
0.6293841	0.123806	0.74479735
0.63259625	0.40250033	0.16992387
0.04759288	0.55476445	-0.4395357
0.054021955	0.5007201	-0.2650764
0.18457502	0.32890284	0.2376666
0.1884107	0.27967787	0.14465894
0.7271467	0.50464416	0.25496164
0.40518475	0.09883106	-0.3053463
0.9680554	0.40136874	0.64040124
0.4776591	0.094450474	-0.4803862
0.38217467	0.37006474	1.003658
0.04725164	0.27969414	0.2257574
0.8533271	0.63267475	0.03548019
0.83507466	0.83796644	0.22963563
0.01786542	0.08546668	0.19121711
0.46902168	0.70901895	0.36491743
0.5932126	0.5904336	0.39224586
0.46537286	0.39489704	0.39380154
0.5466546	0.48798847	0.2765714
0.4941758	0.8331036	0.05318121
0.83597356	0.5476426	0.2946786
0.5789167	0.67896235	0.26276416
0.9445642	0.49699116	0.67807543
0.45493728	0.20622045	0.24011615
0.30062693	0.31461686	0.653912
0.17995578	0.829246	-0.37784213
0.5735994	0.8767345	-0.69062245
0.9441002	0.2741282	0.6646494
0.1681605	0.18934876	0.07216385
0.9867152	0.8363012	0.2247449
0.0027523637	0.9286414	-0.10199824
0.3930443	0.047846735	-0.30339
0.7698143	0.63017505	-0.391396
0.3364011	0.76705694	-0.21046823
0.5950758	0.4419405	0.30989102
0.78092605	0.60421336	-0.204634
0.7325947	0.15593886	-0.31809774
0.44027156	0.3716783	0.6195596
0.25367707	0.012560308	0.38699552
0.9860392	0.9797679	-0.3113317
0.7647268	0.10796636	-0.5837742
0.846779	0.7572408	0.17318922
0.06745398	0.10367006	0.11058734
0.3302452	0.11861557	-0.023528472
0.015172482	0.09028077	0.2263752
0.31596237	0.23880911	0.36730888
0.14927101	0.113171995	0.09838647
0.9708471	0.92999357	-0.12859806
0.5485026	0.5294403	0.26112634
0.3446809	0.8204835	0.018089704
0.1961155	0.9014594	0.19781682
0.887534	0.7513535	0.42047355
0.6131167	0.29541147	0.11902405
0.5198085	0.6611597	0.3865184
0.41503948	0.2782004	0.74293387
0.9329866	0.12258798	0.53319097
0.50575364	0.20630783	0.1619082
0.61182433	0.61591727	0.31230584
0.1285128	0.61954266	-0.2667536
0.54544157	0.061919093	0.08815907
0.6369097	0.08506745	0.86513305
0.17720753	0.14687419	0.011392117
0.7767493	0.6475612	-0.37011325
0.7306705	0.6387485	-0.32870004
0.9867863	0.15147644	0.808216
0.96952885	0.33728433	0.68789274
0.9713776	0.36278462	0.6120502
0.15955484	0.089618444	0.06074635
0.9563359	0.81623363	0.36926487
0.41379696	0.14584059	-0.019669004
0.09289968	0.05366391	-0.03200372
0.521943	0.82176685	-0.09908979
0.47299492	0.8355524	0.13207635
0.56402874	0.23735857	0.28985044
0.75737995	0.72236234	-0.38156053
0.6092204	0.28814203	0.18397892
0.62591934	0.9637151	-1.1330011
0.039373577	0.6794031	-0.7899856
0.4536358	0.011368573	-0.8289577
0.680172	0.45295274	0.32502776
0.06971371	0.87527335	0.031595953
0.5181618	0.46099228	0.087621376
0.9369314	0.33897114	0.77239776
0.40705365	0.7974387	0.24688426
0.7264902	0.44730186	0.43391022
0.99280745	0.040845573	0.73076475
0.06356788	0.4583351	-0.031370502
0.7494001	0.67764217	-0.44742745
0.5482595	0.29033762	0.20691088
0.48487967	0.15544713	-0.0759866
0.41718423	0.8620508	0.15148537
0.5888112	0.91920626	-1.0152228
0.11707127	0.9374912	0.64982706
0.4514529	0.14449692	-0.20984302
0.7194982	0.7147592	-0.37693995
0.734687	0.71513015	-0.39936587
0.23573065	0.5325358	0.23285128
0.96053076	0.8843845	0.1785417
0.35852128	0.77540106	-0.045206305
0.13919526	0.13487065	0.08026439
0.26137304	0.94934785	0.15368313
0.6968454	0.24716622	-0.019465033
0.54748696	0.84928423	-0.3572425
0.23731393	0.37310296	0.5091496
0.07696223	0.84008944	-0.21672271
0.1770187	0.24497086	0.104531266
0.031986535	0.072176576	0.09402089
0.55800956	0.18453372	0.37802225
0.7216085	0.24474221	-0.0654442
0.7284625	0.51345605	0.19752994
0.76787096	0.045313954	-0.6090617
0.17397338	0.25237614	0.09020286
0.32817644	0.09813541	-0.017615618
0.5758504	0.28013575	0.21729755
0.0878458	0.62230587	-0.509117
0.72732544	0.6712242	-0.3148726
0.9241784	0.503876	0.76981544
0.22224993	0.49373198	0.45452398
0.07513118	0.8383914	-0.19972849
0.78927773	0.13650107	-0.6121855
0.42934304	0.5182589	-0.11998683
0.51753557	0.6582717	0.32064006
0.337627	0.6106057	-0.38940096
0.27619666	0.8049349	-0.48624846
0.7636698	0.7741426	-0.32608634
0.726323	0.68009305	-0.35239616
0.031236708	0.49787718	-0.32760465
0.18320686	0.25856417	0.08972104
0.5116655	0.014523208	-0.59188116
0.14587408	0.21011025	0.041538324
0.94250375	0.4972304	0.75545955
0.8283351	0.7319323	0.009659894
0.3182807	0.15256411	0.010904482
0.45420676	0.7289599	0.31824103
0.52408344	0.058821023	-0.2688436
0.96623987	0.13341802	0.726608
0.5792497	0.94254595	-1.0302999
0.24643224	0.89675206	-0.046066675
0.045037687	0.8990913	-0.004849743
0.8222992	0.79365396	0.0773074
0.9414547	0.3932957	0.75153786
0.21627384	0.31391275	0.28677595
0.15510029	0.9888702	0.88978213
0.77093613	0.35253382	0.625994
0.64907247	0.91267014	-0.9291112
0.24270308	0.63470423	-0.44577014
0.4569105	0.043595076	-0.64781743
0.5304277	0.031550884	-0.25473648
0.93531334	0.32329625	0.6555291
0.6894891	0.2884375	0.08474842
0.34121853	0.0032979846	0.23462233
0.37859637	0.54453975	-0.13011712
0.31217384	0.93651396	-0.07980948
0.4987021	0.9571998	-0.6469218
0.93747824	0.32097125	0.7020513
0.9011773	0.0032252073	0.19664466
0.1836257	0.2373051	0.07398144
0.93799245	0.7114643	0.5353865
0.5681197	0.8707429	-0.5886212
0.21287394	0.67968285	-0.68944407
0.54270095	0.15150923	0.24005836
0.7200803	0.087112546	-0.080276
0.016417086	0.77679956	-0.6774598
0.73025763	0.94011325	-0.47016704
0.026667953	0.015486181	0.014385523
0.35522652	0.65768605	-0.40011293
0.8792735	0.12980157	-0.00968421
0.9027427	0.9917843	-0.2807099
0.72111815	0.7217624	-0.38343677
0.93675447	0.621743	0.505107
0.57436615	0.74575835	0.20049226
0.040745556	0.5577012	-0.5670327
0.47763717	0.073978245	-0.59164584
0.15638036	0.41647834	0.33205432
0.1308943	0.080827415	0.008949349
0.50586975	0.029412389	-0.5579278
0.78813046	0.9833697	-0.18272138
0.14335644	0.13329524	0.05115613
0.92694086	0.47361082	0.8315546
0.07413715	0.42736644	0.00855843
0.040764093	0.40625882	0.0822102
0.59557486	0.85943556	-0.7060515
0.6440542	0.33739352	0.05320637
0.76081806	0.8618331	-0.25896257
0.25088972	0.57653534	-0.13281041
0.81883866	0.6160523	-0.10576177
0.5881386	0.3573016	0.17054069
0.39852047	0.7875291	0.28216812
0.41936934	0.31231916	0.9114632
0.45843798	0.17656267	0.024025794
0.31729174	0.6536647	-0.59291446
0.28529495	0.8048347	-0.45442563
0.927499	0.7512095	0.49359006
0.42950422	0.03783095	-0.5514296
0.3472749	0.91448873	0.0024755877
0.81338745	0.55771357	0.15453053
0.41253668	0.13019896	-0.18710837
0.10648066	0.43566132	0.19722922
0.12585324	0.9858679	0.92222494
0.49271595	0.46834546	0.06582031
0.32738656	0.6722628	-0.5372096
0.96238655	0.208422	0.69381124
0.9213688	0.23161829	0.64101255
0.603955	0.057464898	0.82910484
0.12222201	0.28151	0.06504926
0.9796828	0.51561433	0.6044528
0.029504538	0.7636947	-0.7392756
0.39519566	0.18265778	0.14356829
0.56691515	0.6143606	0.3669581
0.32468438	0.8837741	-0.04566678
0.8078729	0.3706262	0.8759805
0.32357305	0.7788081	-0.27933937
0.11579347	0.38082683	0.15604568
0.5128673	0.68637586	0.40225133
0.36026388	0.34968376	1.055843
0.008689344	0.24207723	0.53500247
0.08935952	0.85900074	-0.040507983
0.6458575	0.43886888	0.21618333
0.16972888	0.7486607	-0.8115575
0.9406835	0.80006653	0.3822363
0.7371537	0.5677874	-0.010469191
0.8436008	0.8721379	0.23084481
0.9128763	0.89954954	0.22998162
0.031243384	0.8983904	-0.048379406
0.58448994	0.42444396	0.29406178
0.52464074	0.82345307	-0.102191605
0.2639469	0.9887777	0.21992734
0.23426718	0.3664384	0.4597326
0.48009002	0.4787475	0.05844456
0.4257266	0.056527793	-0.5411043
0.25398612	0.90443414	0.055710196
0.03914112	0.21929866	0.33811456
0.31172556	0.678539	-0.5811924
0.4159484	0.012849987	-0.5559301
0.40311694	0.111828506	-0.27989256
0.9266045	0.8206396	0.4859529
0.941239	0.8456672	0.40609345
0.08579922	0.608136	-0.5444713
0.30157655	0.33666128	0.8161578
0.7417793	0.43965667	0.4820038
0.045733094	0.5372741	-0.41164777
0.04441309	0.6789701	-0.8170071
0.8082844	0.622495	-0.11128542
0.36464489	0.7354195	-0.10744856
0.7583991	0.6995278	-0.41503248
0.94621545	0.03937918	0.6974297
0.4441949	0.86795384	0.065984175
0.93134993	0.73308015	0.5988908
0.11031556	0.9851084	0.856437
0.40707594	0.89975184	0.030812003
0.064634085	0.11508936	0.19473428
0.37188894	0.3783304	0.9641152
0.157022	0.22097307	0.07904416
0.48278522	0.2079646	0.22654411
0.7412845	0.18669325	-0.2909816
0.38880795	0.85357934	0.15135011
0.22056061	0.35187244	0.37439293
0.49829727	0.41118163	0.17477557
0.8571991	0.9950281	-0.15109694
0.3217985	0.1238963	0.028989613
0.89163435	0.67681265	0.32416335
0.6305739	0.6231555	0.24600562
0.67853326	0.76861286	-0.3789926
0.7892379	0.8870422	-0.060930464
0.542895	0.8718933	-0.49021453
0.36740625	0.5992917	-0.3758908
0.52011216	0.9736806	-0.82538056
0.77993935	0.8311626	-0.09096687
0.8591357	0.6146147	0.1470607
0.12511319	0.6730557	-0.6316229
0.089359045	0.816398	-0.31885993
0.7382305	0.73098856	-0.4480818
0.32860035	0.5891252	-0.30829638
0.8668074	0.89146084	0.3183388
0.5492469	0.19040996	0.31076413
0.5388686	0.1470288	0.17225043
0.83144337	0.9806948	-0.08871258
0.8318175	0.3142714	0.7108641
0.15947068	0.51049834	0.29084024
0.59625435	0.27992064	0.19255291
0.5982252	0.9671435	-1.1351362
0.18368983	0.685978	-0.71660334
0.80960906	0.6421655	-0.19549945
0.6460511	0.7354564	-0.23187324
0.9219445	0.26938874	0.5833452
0.47672558	0.35025418	0.4652015
0.5409162	0.82011384	-0.116997875
0.7447015	0.5620899	-0.022595048
0.7162517	0.70597315	-0.4169734
0.00591439	0.43177897	-0.045503173
0.69780713	0.82413256	-0.48624134
0.77084523	0.37754738	0.69045025
0.98417324	0.18036622	0.7419014
0.58374435	0.34399635	0.15988144
0.9756704	0.14650393	0.7951562
0.92745984	0.09156096	0.59107053
0.47592378	0.5952967	-0.0023881877
0.7823723	0.077870965	-0.700798
0.7753488	0.87883633	-0.16560307
0.27951175	0.51618034	0.30980486
0.24743843	0.68500304	-0.669006
0.13795811	0.83338666	-0.20573601
0.24035585	0.64802665	-0.6445677
0.7658603	0.6933788	-0.3853585
0.09495175	0.16479069	0.0842337
0.22201979	0.09061676	0.048585273
0.9059941	0.5462648	0.61150837
0.86295	0.6256701	0.115800664
0.65637153	0.7442803	-0.26534936
0.79126483	0.68387055	-0.2870944
0.34841204	0.54649997	-0.087199524
0.081338644	0.43330407	0.05312202
0.58379215	0.23542625	0.33444047
0.09302527	0.23664516	0.13422263
0.46404082	0.98959994	-0.5333154
0.7996727	0.39640915	0.8641581
0.28182966	0.4965731	0.38925496
0.69764656	0.568121	0.050836142
0.02205509	0.33830118	0.25512165
0.2066434	0.028268754	0.22488506
0.63568914	0.7582246	-0.2620089
0.49363917	0.7576272	0.37158087
0.39345026	0.25759882	0.705722
0.47827566	0.47736067	0.009330245
0.7403949	0.1641131	-0.4086761
0.08301413	0.20704156	0.11692576
0.8065593	0.72354716	-0.15717977
0.7792431	0.026241362	-0.589628
0.6132697	0.5626203	0.29449084
0.66762316	0.30387956	0.07934064
0.017880023	0.64903086	-0.8149772
0.26866925	0.75899625	-0.64777935
0.46635765	0.8597166	0.012644227
0.55651194	0.06992507	0.21953823
0.77282465	0.984064	-0.21138595
0.42497844	0.79595107	0.32233098
0.5513599	0.47678423	0.23283009
0.44648975	0.41575348	0.41150564
0.6719236	0.7602359	-0.34857446
0.3395477	0.7271493	-0.31904998
0.898691	0.8212459	0.52222896
0.36276203	0.7536249	-0.09388305
0.8293474	0.8360256	0.21348278
0.036320448	0.19281906	0.27951083
0.7734442	0.8050297	-0.21598952
0.35276562	0.68538165	-0.44359967
0.40480512	0.066470444	-0.39091465
0.919229	0.8942519	0.24776691
0.10305977	0.070945024	-0.047082134
0.83001447	0.6446268	-0.09094211
0.0915401	0.14481366	0.14848523
0.334105	0.83244854	-0.028945372
0.4538113	0.2543819	0.44419038
0.65037715	0.81157714	-0.50058633
0.22989917	0.92849225	0.232271
0.54960036	0.25570995	0.23406255
0.20696539	0.41546518	0.5056989
0.27974898	0.7631458	-0.5940078
0.23058575	0.19674426	0.014463756
0.9374816	0.61548406	0.52250504
0.7543042	0.31546205	0.36246693
0.76043475	0.74319994	-0.3518422
0.36990023	0.26220375	0.6951327
0.19810277	0.3151362	0.25065085
0.52456963	0.7504457	0.32767335
0.54789233	0.6657022	0.38795343
0.025345087	0.6888893	-0.84273475
0.30158287	0.20548058	0.17036583
0.9309018	0.49850065	0.74409115
0.9089772	0.9585212	-0.12122594
0.8430198	0.53652966	0.39431748
0.38288963	0.014248252	-0.1693201
0.15145355	0.06537688	0.0030169077
0.5997277	0.79308414	-0.26352125
0.13974798	0.6705228	-0.6165253
0.034324944	0.9604655	0.32408062
0.44711328	0.7132885	0.28032854
0.3890735	0.7005201	-0.121205
0.745684	0.9969759	-0.3646193
0.023885071	0.70519054	-0.86799365
0.6642258	0.6305124	0.00862895
0.6763372	0.50030935	0.30337024
0.07979554	0.016896963	-0.0062300377
0.29566973	0.5264248	0.11028587
0.770638	0.3590163	0.6369735
0.45489126	0.9617737	-0.3961741
0.5884304	0.087567866	0.69366014
0.646729	0.8615352	-0.78113765
0.91941357	0.6441202	0.41639885
0.10776442	0.2169925	0.114048086
0.31831717	0.83617413	-0.13152549
0.66216636	0.41904646	0.29154336
0.52610666	0.9576093	-0.85117424
0.017731905	0.52955896	-0.5214542
0.8204587	0.12883365	-0.5023781
0.14215535	0.08991259	0.04828954
0.03222847	0.03390634	0.09692228
0.6351164	0.3974014	0.18580584
0.1901766	0.6955249	-0.74523115
0.27960986	0.6200809	-0.47209826
0.60602003	0.64072293	0.2778544
0.8902516	0.011954188	0.11681578
0.06540036	0.43335485	-0.02406833
0.50453913	0.5416665	0.027602851
0.9046586	0.11105305	0.2830044
0.8855566	0.9557318	-0.06384645
0.9817754	0.93082744	-0.12812494
0.54681236	0.5736995	0.3711793
0.12187362	0.7442496	-0.68041897
0.58949065	0.14703697	0.56634593
0.6094658	0.77111655	-0.2576645
0.81579775	0.9488088	-0.0029023252
0.91205096	0.26070935	0.58166796
0.44002503	0.31040764	0.7017175
0.011372805	0.5840315	-0.69827926
0.6120984	0.109733224	0.7888157
0.6912389	0.106027305	0.25880682
0.78015184	0.8782133	-0.13741978
0.4373392	0.76152027	0.37634343
0.6192934	0.093602836	0.83319014
0.27732855	0.29607362	0.4505363
0.69679797	0.45975167	0.30953667
0.721271	0.029697478	-0.0085709505
0.66666174	0.088662565	0.58109987
0.6534361	0.22167176	0.22651781
0.028668106	0.24468124	0.41199172
0.02560234	0.1726008	0.38453934
0.60482776	0.29825026	0.26032305
0.60104835	0.4946288	0.3167101
0.5581447	0.3603719	0.26716536
0.7602367	0.8766974	-0.2357965
0.73938847	0.85082066	-0.3036409
0.99321866	0.14224929	0.75100625
0.2980942	0.10425174	0.032724343
0.4896704	0.020694494	-0.7665964
0.21934974	0.24260187	0.12526059
0.32857037	0.6921547	-0.51105785
0.43749404	0.73447734	0.29757974
0.87277186	0.254292	0.4667423
0.33521014	0.39604706	0.98965096
0.9720186	0.80429816	0.3483889
0.19125026	0.9907784	0.7297415
0.1156798	0.45633632	0.15100074
0.58131313	0.55164224	0.4016338
0.5142931	0.82258576	-0.05195198
0.2008009	0.22454059	0.13570209
0.10364348	0.5324702	-0.049236294
0.45427126	0.024961889	-0.7089909
0.5092739	0.831527	-0.034802303
0.39534575	0.5542873	-0.21749452
0.08934653	0.88433456	0.05845257
0.9517265	0.9352511	-0.12551582
0.14682412	0.8043449	-0.423786
0.25015128	0.18316984	0.020563778
0.25009263	0.29880023	0.39753145
0.71598595	0.59183687	-0.11974607
0.34800822	0.24610156	0.5238607
0.6625052	0.6112692	0.10221982
0.51006466	0.74549854	0.41497958
0.44852537	0.7172483	0.30637702
0.33354634	0.68983173	-0.47607753
0.79772896	0.71629167	-0.28300858
0.8983584	0.8195214	0.47856012
0.65570116	0.78636044	-0.42289194
0.7056777	0.112995386	0.03707398
0.006592989	0.11802274	0.22826639
0.4000793	0.10259497	-0.2342193
0.53414506	0.86243755	-0.43384737
0.3918574	0.6982602	-0.104188
0.8358829	0.13622212	-0.38879958
0.6261104	0.8433642	-0.6786561
0.6808467	0.9996163	-0.8005482
0.9669484	0.11812961	0.73186105
0.97711647	0.9744595	-0.34095135
0.9583957	0.23205274	0.6782676
0.112205744	0.6848186	-0.72494555
0.63089	0.9571551	-1.0977056
0.7959114	0.8614187	-0.021138895
0.3673674	0.37160867	1.0109818
0.93579775	0.37247634	0.7800559
0.579058	0.43875885	0.29485682
0.035894036	0.66178197	-0.8362228
0.91704255	0.20000857	0.51095015
0.43765002	0.8795143	0.06304499
0.7029243	0.8909196	-0.6055255
0.55696493	0.4764551	0.24284486
0.30319703	0.6879852	-0.56001127
0.06686056	0.31674516	0.15957475
0.3274215	0.30915022	0.83098656
0.63765097	0.14716643	0.6370458
0.1949684	0.08364242	0.116946116
0.60797113	0.27101433	0.2194397
0.11544263	0.6228683	-0.36164352
0.72469676	0.29263395	0.13800189
0.16219258	0.33609706	0.2450107
0.6776787	0.87905556	-0.74100155
0.7084447	0.087367654	0.065867715
0.76006895	0.027824998	-0.4557343
0.26406413	0.44056684	0.63640934
0.5269552	0.12798	0.119723774
0.6822689	0.048291445	0.589655
0.8634498	0.46337086	0.8492062
0.6929612	0.61100674	-0.04714808
0.4685731	0.029601872	-0.735479
0.025879204	0.2964667	0.3359287
0.8755597	0.11637312	-0.109548844
0.0029351711	0.39098614	0.1558924
0.16175592	0.52842927	0.22596572
0.17299491	0.9010668	0.24060611
0.45010936	0.9689644	-0.4579558
0.86967415	0.53413826	0.61549145
0.976397	0.2899143	0.60157615
0.92043614	0.25459945	0.5844706
0.2336871	0.325467	0.39826894
0.09260434	0.6874734	-0.7376275
0.42599618	0.29042965	0.79133177
0.8166648	0.3061319	0.61154
0.31199682	0.45525682	0.7296028
0.21335912	0.14250648	0.009207308
0.6076506	0.46401012	0.29239613
0.43190718	0.1416744	-0.21173158
0.99601537	0.9001862	-0.03566292
0.7649039	0.41273487	0.65508354
0.82704204	0.8538086	0.19949718
0.23232937	0.57205373	0.0032936074
0.4065854	0.18624109	0.18684708
0.7313726	0.036263883	-0.08612416
0.32903928	0.5692415	-0.17985217
0.049495637	0.22475016	0.27096128
0.8889709	0.1444881	0.11412652
0.86023766	0.9036201	0.28702375
0.92756563	0.5057391	0.7394879
0.53077066	0.3818218	0.23960157
0.7752115	0.13125306	-0.61474204
0.1129781	0.63432497	-0.48158097
0.2681468	0.68226767	-0.7693601
0.94916147	0.6568477	0.5192281
0.0977658	0.3819111	0.15139167
0.5806657	0.12188649	0.5554645
0.87854666	0.55396426	0.50859976
0.08524704	0.060270905	0.016067287
0.3400542	0.68646216	-0.50507116
0.98388034	0.0523687	0.77430415
0.04685712	0.9759034	0.4455308
0.07390082	0.2805866	0.11901043
0.07053763	0.27104622	0.16811043
0.1441648	0.35115844	0.174163
0.44013822	0.9463626	-0.31643024
0.17672342	0.6956882	-0.653041
0.149068	0.39089698	0.2652445
0.9839427	0.40659964	0.6075932
0.881915	0.43466443	0.893027
0.83887064	0.03190559	-0.52932084
0.861457	0.09406108	-0.2807243
0.94467944	0.5875727	0.6116285
0.89701915	0.5671021	0.538235
0.24395281	0.89204675	0.029265542
0.31054813	0.7880231	-0.34913573
0.3171075	0.42230815	0.8203643
0.24587786	0.4559886	0.5239262
0.7296454	0.6500982	-0.3300161
0.5499478	0.0070878863	-0.029325644
0.82738304	0.0336017	-0.65613496
0.42090142	0.9110921	-0.016320445
0.20081395	0.7218345	-0.823067
0.5750386	0.7559439	0.037451133
0.09495425	0.5635804	-0.18603107
0.053251088	0.51052046	-0.25763896
0.054551482	0.78255785	-0.5403352
0.56819594	0.09726769	0.44252914
0.22857666	0.41568488	0.55123675
0.22897124	0.12669319	0.052580193
0.6499463	0.8204111	-0.5914199
0.77446306	0.0011262298	-0.4888301
0.47941124	0.72045016	0.32862762
0.012144387	0.011362791	-0.010358062
0.56353664	0.16604298	0.3989741
0.15507436	0.57185906	0.0580588
0.34582055	0.5312864	0.029144444
0.22905433	0.49757224	0.43259495
0.64421105	0.3959117	0.19098513
0.35377604	0.9510458	-0.0816787
0.6039279	0.8985486	-0.87574035
0.62627476	0.35156125	0.08078755
0.6468876	0.9801634	-1.0290464
0.94119495	0.24094892	0.6645411
0.039335668	0.58020216	-0.6520372
0.13604611	0.14255702	0.096461646
0.06371659	0.120866835	0.14397815
0.85486144	0.14878309	-0.20771937
0.7087171	0.93324775	-0.68198174
0.81778973	0.98358846	-0.08845058
0.77595687	0.7136238	-0.33740357
0.9094851	0.88335687	0.3281891
0.09724599	0.7105186	-0.75307846
0.31660348	0.70312124	-0.5640339
0.034472942	0.5549887	-0.44145012
0.96496767	0.048033714	0.7325214
0.28991377	0.2700565	0.44096628
0.39970112	0.023885012	-0.38548246
0.49460912	0.8671737	-0.16249877
0.17055726	0.10685861	0.08074091
0.904116	0.3095472	0.71879315
0.99956226	0.7808053	0.26144364
0.55485207	0.40225178	0.21433736
0.15881878	0.56898636	0.070552036
0.55348825	0.86937463	-0.5478715
0.6879152	0.3478654	0.15296288
0.28895032	0.13884634	-0.04170897
0.65590423	0.21061432	0.24429971
0.59239924	0.9281865	-0.980655
0.92091525	0.1458413	0.47053814
0.40794563	0.09812486	-0.29548633
0.43814707	0.077216566	-0.48527116
0.020044446	0.16538233	0.32880098
0.3810253	0.14216703	-0.02437535
0.39498657	0.45773524	0.44971758
0.5658516	0.5291159	0.28122497
0.6947971	0.61918867	-0.061474934
0.5218166	0.29649162	0.28422523
0.106957436	0.70770276	-0.66530985
0.5465698	0.4071933	0.19383603
0.49192	0.44076508	0.13999501
0.21849585	0.8507041	-0.2830405
0.9562437	0.76297826	0.44107497
0.85742724	0.40505844	0.9695571
0.36126953	0.34343362	1.0817319
0.73602635	0.816243	-0.38883528
0.6666212	0.8745917	-0.7142356
0.64942604	0.68521446	-0.060046565
0.41451252	0.9546955	-0.19792995
0.5853982	0.7051508	0.22465172
0.6756952	0.20212609	0.12083984
0.8505369	0.9893387	-0.16188392
0.9389122	0.93726474	0.01367294
0.82279146	0.9893706	-0.15391953
0.5514414	0.62551	0.33872905
0.43600887	0.597814	-0.16411763
0.40430677	0.92258966	-0.026374131
0.5495524	0.8801788	-0.58374125
0.0011514425	0.23900467	0.4575496
0.93565995	0.5048781	0.7680015
0.51974636	0.040575206	-0.3693976
0.26187408	0.10239434	0.008762419
0.55656564	0.7660066	0.10409491
0.7096271	0.7126184	-0.324393
0.5071765	0.91362554	-0.45740944
0.8691379	0.53705215	0.49403527
0.34395087	0.11894268	-0.046161987
0.5797116	0.64770365	0.35505292
0.24511057	0.58184254	-0.12240806
0.34663284	0.8939731	0.11098361
0.9705239	0.07097131	0.79638827
0.39796162	0.96782756	-0.23277879
0.50794125	0.59115726	0.18632297
0.97326493	0.7286342	0.44053555
0.62261975	0.86669576	-0.74773914
0.89588416	0.2744553	0.6248152
0.46348542	0.8318466	0.14472757
0.63502103	0.79245114	-0.41030523
0.90175354	0.058748245	0.18647942
0.4589433	0.22407001	0.3311319
0.97930574	0.22503537	0.6791271
0.21710879	0.6679237	-0.6492222
0.7804336	0.87561774	-0.104865074
0.8034072	0.5390184	0.22059381
0.27104217	0.37330514	0.635154
0.22601658	0.7346635	-0.79239744
0.25775605	0.87547237	-0.07481967
0.19550323	0.011437178	0.15709463
0.4817146	0.52382463	-0.09805159
0.91966003	0.6532909	0.43081918
0.22516406	0.5712574	0.026518563
0.6431106	0.32234758	0.15254124
0.20407814	0.54716873	0.14681765
0.5613656	0.8392415	-0.3853154
0.17154431	0.3628497	0.2084139
0.23730701	0.15140182	0.02433619
0.8011437	0.829358	0.018950682
0.8095373	0.7358829	-0.14200142
0.8046365	0.85972404	0.09744568
0.45200735	0.999005	-0.4498335
0.23174018	0.44822025	0.54419386
0.9278563	0.59962034	0.56110364
0.22294617	0.5655067	0.05336463
0.6573284	0.824813	-0.5940449
0.5324829	0.16091049	0.17891933
0.45153457	0.36716598	0.5596786
0.6633719	0.99678934	-0.9850883
0.382872	0.29263562	0.924118
0.51611847	0.6084967	0.17567512
0.7439371	0.90312165	-0.35135496
0.7393409	0.26008385	-0.0061071776
0.81859136	0.8604095	0.14692101
0.7806048	0.26285547	0.18580826
0.3313073	0.30609584	0.82856905
0.9447532	0.66679084	0.5384113
0.011746168	0.90485376	-0.11810609
0.3707806	0.24811631	0.65394217
0.345869	0.18795234	0.1828525
0.95801616	0.52342707	0.70503634
0.33295274	0.74636155	-0.35676402
0.027880967	0.8483157	-0.31007344
0.9385933	0.8717365	0.29181322
0.2857049	0.36739552	0.7863843
0.21363306	0.7489959	-0.7442894
0.30538374	0.564655	-0.20763597
0.027450442	0.76872414	-0.6692379
0.5803994	0.021338582	0.44488794
0.13682967	0.39133793	0.23774235
0.5170896	0.15407246	0.07051636
0.47950315	0.861922	-0.05276475
0.2912926	0.478724	0.51365083
0.35735685	0.37869996	0.9940393
0.64616287	0.61423516	0.13892296
0.57008123	0.054311335	0.3983034
0.20176631	0.8422974	-0.35750997
0.47054338	0.97322196	-0.5579585
0.8963961	0.73484606	0.43943843
0.25931382	0.48282152	0.4607715
0.9300436	0.90410227	0.15677524
0.50439197	0.72256184	0.3734068
0.9446025	0.50148976	0.77848
0.50677013	0.5243066	0.08561825
0.98730284	0.16757923	0.7694339
0.4555639	0.8999925	-0.16798812
0.09393346	0.10655761	0.048229672
0.22202319	0.79533064	-0.6271339
0.676765	0.06839615	0.5474946
0.65425634	0.39899683	0.2167641
0.9798173	0.9185773	-0.08445806
0.36822248	0.14290738	0.0011325907
0.55723757	0.73257554	0.18396342
0.29624766	0.42465067	0.7841839
0.04447007	0.65403336	-0.8131844
0.6274338	0.7869078	-0.34517527
0.27377158	0.44353706	0.6278555
0.9111144	0.8842258	0.33164656
0.1376437	0.095787406	0.0455998
0.6794225	0.10526347	0.29804805
0.80169266	0.78438884	-0.05449898
0.62085336	0.15387422	0.629056
0.4557032	0.66442466	0.11153354
0.4118865	0.44915223	0.41783702
0.19534689	0.08935654	0.03511059
0.69551605	0.14585996	0.036040276
0.1706729	0.46830952	0.46939883
0.6443253	0.39419478	0.20615223
0.22194248	0.13868523	0.032731343
0.36395842	0.39046276	1.0426711
0.574652	0.997183	-1.0327533
0.39550817	0.70475954	-0.06951077
0.7656833	0.26863098	0.09423621
0.5457411	0.92119926	-0.7612724
0.6283676	0.04113543	0.9678948
0.20651788	0.57643455	-0.022895452
0.06161189	0.9908199	0.6370422
0.7401788	0.8436886	-0.34913275
0.45292348	0.75071204	0.39513892
0.92203784	0.64016396	0.5041032
0.17062646	0.96539384	0.77651584
0.97270626	0.7195609	0.43869537
0.7932366	0.8630788	-0.03600169
0.8563464	0.5420925	0.43248296
0.64501864	0.16961133	0.46141124
0.7282626	0.029963851	-0.09388296
0.42398477	0.34901452	0.8304147
0.3131938	0.9983852	0.0008786358
0.14932382	0.45340174	0.35988298
0.42906296	0.4918298	0.020776175
0.22315967	0.6791873	-0.6957208
0.32027507	0.12049335	0.010113234
0.7344195	0.9917302	-0.46618795
0.07513845	0.5787388	-0.41213408
0.77068454	0.09835893	-0.60008717
0.92180055	0.25773937	0.54680926
0.281269	0.21066391	0.1488186
0.8273725	0.8314492	0.20547518
0.48494416	0.24913836	0.34478962
0.22750425	0.86687875	-0.107115366
0.30054522	0.9649471	0.057235837
0.16557997	0.103751004	0.075919054
0.8685905	0.24505061	0.40900242
0.27355665	0.9565418	0.087872684
0.5425268	0.56380564	0.2749999
0.91440016	0.9892904	-0.28619245
0.05311072	0.26987964	0.16283655
0.70323277	0.16858363	0.015193839
0.68336254	0.008369327	0.5815208
0.43071818	0.13870382	-0.24643102
0.7937513	0.16168827	-0.47583157
0.43192452	0.029053867	-0.6369374
0.7862591	0.3531736	0.6373106
0.30133766	0.44673282	0.6649412
0.04342431	0.41370982	0.013285486
0.14486963	0.8828882	0.14088893
0.78034437	0.43983316	0.669197
0.14552325	0.08520383	0.081033915
0.3642696	0.958892	-0.11199158
0.17347842	0.594604	-0.08469239
0.76351213	0.20175576	-0.28088322
0.5493731	0.44350803	0.25627372
0.05490744	0.5163399	-0.2286908
0.57128024	0.72125673	0.15991256
0.72483855	0.45971972	0.4393382
0.4479137	0.38766402	0.54879504
0.96141714	0.5364357	0.679106
0.51053065	0.26402044	0.3260416
0.52768046	0.20273393	0.20619139
0.68906206	0.3799352	0.21715024
0.15314221	0.34341836	0.1733903
0.41146415	0.77751863	0.279584
0.41886294	0.81433487	0.28835782
0.602104	0.05762005	0.769852
0.63678896	0.39147347	0.14565268
0.7426106	0.6775034	-0.43647268
0.491795	0.3096792	0.37084544
0.2395097	0.38187742	0.60751444
0.66452634	0.5203062	0.27307135
0.9665643	0.50470763	0.67595434
0.48537618	0.9111107	-0.3616914
0.42565584	0.3499964	0.8748475
0.61302805	0.28855246	0.1733791
0.31779027	0.12827027	-0.04510554
0.25229532	0.29748386	0.3798999
0.59919643	0.21020925	0.44878596
0.7084264	0.38026214	0.3369466
0.16519004	0.66140217	-0.5496969
0.79618484	0.55678344	0.1063844
0.9917078	0.011950254	0.7091466
0.7053064	0.42241532	0.40097904
0.05318296	0.5626294	-0.4316224
0.29195857	0.98938715	0.11155079
0.9345424	0.3066631	0.6560963
0.43982744	0.11244458	-0.33500525
0.7622188	0.12012607	-0.5379827
0.9097851	0.17929143	0.4349044
0.7054693	0.89537513	-0.6536689
0.056874454	0.0696249	0.0684679
0.14140952	0.18186164	0.16310737
0.63583803	0.33956534	0.16738926
0.90420115	0.54794204	0.5870395
0.0023753047	0.22562754	0.48870414
0.45147622	0.47477126	0.12405846
0.6713862	0.3491218	0.15201788
0.6596315	0.2441163	0.12867329
0.09261906	0.9106622	0.32689258
0.38282746	0.6256227	-0.32088688
0.7282371	0.64252216	-0.30191082
0.40128678	0.99616194	-0.292017
0.53101015	0.9539284	-0.7982427
0.1903624	0.62146914	-0.31140524
0.18422884	0.28518224	0.14101902
0.03280276	0.27145225	0.29618868
0.19413418	0.7565161	-0.78043026
0.8429819	0.24596131	0.25722665
0.42432058	0.90084153	-0.040669754
0.7753566	0.560241	0.034021765
0.7640099	0.33698958	0.53009254
0.12878674	0.64807177	-0.50191873
0.29197812	0.7741545	-0.52681637
0.11314058	0.82107216	-0.31962523
0.06975293	0.45713478	-0.015480168
0.3423196	0.24526787	0.480795
0.9754515	0.5017088	0.6419492
0.018749714	0.4613557	-0.17305332
0.88733333	0.29745072	0.67932266
0.9525532	0.9969474	-0.36592793
0.75122327	0.7908501	-0.33758825
0.76816005	0.2152015	-0.23671058
0.7728451	0.7164471	-0.36352277
0.04193437	0.7194215	-0.77532893
0.3998754	0.35318375	0.9848051
0.9811381	0.7773855	0.40130222
0.9617235	0.4640417	0.70733714
0.6543477	0.6702836	-0.075162895
0.99722093	0.3833359	0.5853248
0.5998365	0.3394881	0.113295205
0.1519199	0.7985945	-0.52828187
0.9666566	0.34656012	0.61577255
0.14930111	0.951878	0.7599708
0.13548255	0.31243527	0.09146816
0.25445807	0.0048432946	0.3705552
0.52103084	0.3670851	0.2719646
0.105970204	0.32951778	0.10296991
0.28174186	0.59557843	-0.2855729
0.891045	0.70141387	0.36629364
0.17337811	0.5545924	0.13788064
0.01722014	0.30964327	0.30951425
0.85279495	0.27767456	0.5646141
0.7976344	0.48176646	0.5693919
0.23850036	0.24723881	0.16278297
0.71553767	0.861168	-0.50419545
0.19439447	0.98252416	0.70223427
0.52307004	0.218943	0.29836082
0.025729954	0.5393436	-0.48923978
0.016399682	0.49105293	-0.31417564
0.23414582	0.2317847	0.06851281
0.28549224	0.16954231	0.04753208
0.65742093	0.87299395	-0.7919955
0.03674251	0.34264392	0.21779901
0.76851326	0.9053732	-0.2162054
0.8101993	0.94453454	-0.055819787
0.5453261	0.71426827	0.36211354
0.8208929	0.75879514	-6.0709397e-05
0.7992898	0.6373606	-0.18051642
0.16686404	0.891047	0.19593662
0.65251154	0.28566492	0.12408996
0.9611379	0.731948	0.3984819
0.06341666	0.37073016	0.0761009
0.9902318	0.14208645	0.7653791
0.14934182	0.60230076	-0.16191304
0.75233316	0.9167778	-0.3278892
0.61112165	0.5847885	0.36735958
0.38664138	0.60272056	-0.33918953
0.7797746	0.035678744	-0.70745873
0.519776	0.9394129	-0.73104686
0.13111484	0.74784666	-0.7236622
0.21533346	0.9330246	0.29881966
0.6877765	0.8434332	-0.5937673
0.8504885	0.19346768	-0.0022877473
0.6390842	0.14857095	0.6052183
0.09871817	0.31373394	0.11030389
0.655683	0.8854323	-0.7234423
0.8726977	0.76446426	0.368938
0.70719683	0.6808197	-0.28349268
0.75891674	0.09849787	-0.54227257
0.49895757	0.98926944	-0.69390196
0.047744215	0.20140177	0.27965087
0.34318358	0.21982741	0.35087338
0.22847545	0.5491064	0.09303034
0.69626933	0.4036364	0.33968937
0.56819826	0.44079125	0.2122967
0.0516454	0.047017753	0.074927494
0.5407089	0.8136528	-0.10717181
0.23974228	0.71267533	-0.7878788
0.89092857	0.12473589	0.076787084
0.6272909	0.61880946	0.25766307
0.89104533	0.20993572	0.34801838
0.89206356	0.21159375	0.3622476
0.18339795	0.48741585	0.48007205
0.8502782	0.32055616	0.8031275
0.4971314	0.5062313	0.082196146
0.64831513	0.7171448	-0.17636205
0.48817915	0.73386365	0.36551878
0.645697	0.7139403	-0.17383282
0.2646104	0.33762568	0.6354983
0.80579114	0.6705136	-0.2512577
0.99969965	0.8276071	0.17848201
0.49298793	0.7337293	0.39217195
0.26059186	0.42805666	0.6186745
0.7916399	0.3576811	0.74157035
0.48577642	0.12652272	-0.2719702
0.9378454	0.42198604	0.8417156
0.96225834	0.57942486	0.6289471
0.28551662	0.4350912	0.64662737
0.70936394	0.8162848	-0.44624722
0.61031425	0.14518815	0.6481358
0.41954195	0.48752755	0.1334931
0.09644413	0.57445645	-0.18291934
0.8896162	0.85410994	0.43487537
0.41770536	0.94557965	-0.1647353
0.24691105	0.86991173	-0.14135885
0.06079334	0.21386689	0.18790002
0.48023182	0.24987942	0.3697406
0.25215083	0.8040298	-0.5057108
0.6739209	0.68451774	-0.14702237
0.3043763	0.4889778	0.4645037
0.54408073	0.9868128	-1.0198687
0.1821425	0.16049463	0.07726379
0.3548457	0.101661205	-0.06519788
0.6689652	0.31569612	0.12869988
0.5144591	0.9611792	-0.7234267
0.7003494	0.31479698	0.15214826
0.9547678	0.7175515	0.51281506
0.88966936	0.7004754	0.33224663
0.025355756	0.43249416	-0.0845878
0.6599323	0.8892491	-0.8596907
0.4307109	0.46635908	0.1749945
0.36274958	0.75460863	-0.071458004
0.091118515	0.99278325	0.88224185
0.82336366	0.81935996	0.16895881
0.798183	0.50825715	0.41255805
0.059343815	0.77360195	-0.5807131
0.26495194	0.39208043	0.67422813
0.38079172	0.09258199	-0.1305227
0.4860301	0.91145074	-0.3043989
0.6123083	0.1926682	0.48196355
0.6177838	0.7028048	0.017999927
0.5785306	0.37383544	0.22942907
0.82002765	0.47920227	0.6372885
0.03054589	0.14107823	0.29710686
0.88591725	0.25652003	0.5575172
0.15617406	0.025728166	-0.014387786
0.45405632	0.8404047	0.15403712
0.3291251	0.6510575	-0.5316294
0.97331446	0.7105084	0.47007257
0.30189592	0.6804299	-0.61530507
0.86100566	0.31323808	0.7212286
0.019082248	0.7169814	-0.8432863
0.82953554	0.96063435	-0.06264828
0.097699404	0.04479897	0.000363335
0.37487835	0.86083835	0.10358932
0.4638731	0.50050074	-0.036546513
0.5230598	0.8040962	0.027272182
0.6532049	0.65607625	0.0320097
0.57456106	0.844996	-0.45678976
0.21218878	0.8297356	-0.39704233
0.26574582	0.60753757	-0.34286585
0.57250077	0.67935085	0.32955396
0.53975827	0.7283968	0.34107575
0.513304	0.13372695	-0.056007095
0.9464745	0.54326844	0.65352136
0.7533606	0.10161793	-0.50274366
0.8981877	0.39467078	0.8645323
0.3335064	0.6849095	-0.48268592
0.4223566	0.7114855	0.18557303
0.44419283	0.080284595	-0.45528847
0.3100344	0.13364828	-0.019139137
0.08111006	0.56042	-0.21213157
0.62761307	0.62437385	0.21619424
0.33860636	0.23184007	0.39814758
0.34034353	0.4220428	0.90023685
0.80055267	0.8728623	0.03999408
0.88921	0.33751702	0.7855147
0.7595752	0.8485611	-0.26531222
0.89057595	0.3586287	0.928997
0.9474896	0.96485466	-0.26274437
0.9690633	0.67547405	0.45612958
0.86927015	0.64281875	0.22107124
0.24835771	0.5399975	0.17948689
0.2575155	0.88697976	-0.045873053
0.80555105	0.43604958	0.79820675
0.800091	0.7411508	-0.18456478
0.056613803	0.95798653	0.3503331
0.3124889	0.00039964914	0.32780963
0.54928166	0.93802345	-0.93614167
0.57101893	0.3800326	0.24336606
0.07214683	0.5931166	-0.4600346
0.4388247	0.9353002	-0.20280889
0.63644886	0.09502685	0.8138623
0.991048	0.85546225	0.07476596
0.75020987	0.1913181	-0.34673846
0.6977268	0.34375715	0.19261456
0.8054821	0.17998523	-0.3945114
0.12268925	0.9999576	0.921085
0.46573794	0.9085163	-0.2596569
0.91951126	0.14955467	0.4525542
0.4492674	0.28149867	0.54516995
0.13184708	0.72216946	-0.69653386
0.5067476	0.32880366	0.33275902
0.4630028	0.08386594	-0.55215126
0.59064835	0.7220548	0.13044047
0.574625	0.46435595	0.26893184
0.33956003	0.07130766	0.006476775
0.7832667	0.98985714	-0.17269231
0.9687536	0.13671345	0.75564367
0.5231956	0.59727895	0.2485248
0.97185105	0.35364556	0.64231116
0.26851857	0.22213787	0.120706014
0.97687656	0.61610764	0.50598824
0.2759012	0.7247835	-0.79110086
0.73100823	0.5792547	-0.04228746
0.6032576	0.7615523	-0.12212506
0.9621692	0.9951119	-0.38408524
0.6053487	0.28964758	0.178302
0.68165094	0.12297553	0.28687477
0.27396852	0.52786076	0.19458763
0.33376652	0.8186093	-0.06599791
0.4694295	0.95662415	-0.47384948
0.46372688	0.021080196	-0.838205
0.29450887	0.24937415	0.31272846
0.15125823	0.43764818	0.3281545
0.7288009	0.6993452	-0.45460242
0.10165858	0.80801606	-0.3796907
0.017826915	0.41315323	-0.01776924
0.82072806	0.79715896	0.11455436
0.9287681	0.22518957	0.56090003
0.9661561	0.29846436	0.6465445
0.35789317	0.777989	-0.03199351
0.9071579	0.30669343	0.75064445
0.96069217	0.63171875	0.5142381
0.8891356	0.5398846	0.59095764
0.22527981	0.5634185	0.03639618
0.11124867	0.88593847	0.19751692
0.8439075	0.25061923	0.28860968
0.6270985	0.43661475	0.26455525
0.96310014	0.9495924	-0.18969592
0.3977055	0.8613203	0.17848107
0.094019294	0.4628831	0.14174783
0.6260605	0.8728769	-0.7774329
0.41182226	0.19429213	0.25255018
0.2697901	0.9908941	0.2645387
0.67143905	0.79458797	-0.4645729
0.25150216	0.1697663	-0.01114358
0.24094582	0.99476486	0.37291512
0.38623136	0.23345381	0.5738592
0.1560908	0.3472957	0.22605106
0.41451132	0.67343307	-0.030744147
0.29328728	0.97192436	0.07426398
0.5411067	0.83134484	-0.23843344
0.09826273	0.6956584	-0.6812572
0.5453275	0.6820537	0.40234536
0.6971147	0.6787887	-0.2902698
0.8439179	0.21736598	0.02761434
0.6973722	0.42398638	0.38207847
0.3178742	0.52426314	0.18786195
0.7379507	0.9039735	-0.4194871
0.947093	0.6427051	0.55404526
0.9025814	0.41298765	0.8896938
0.6639886	0.076267004	0.69188386
0.6981834	0.04716295	0.3153013
0.35895306	0.9361269	-0.024834963
0.75989515	0.28666508	0.25262198
0.7744633	0.27193725	0.14163724
0.0689801	0.9743325	0.62844044
0.3441711	0.88736135	-0.011906803
0.9123782	0.6453032	0.48022342
0.5337031	0.5068503	0.14378045
0.5456349	0.4012419	0.20633446
0.65507114	0.56086534	0.23899196
0.10831672	0.8337598	-0.13556802
0.67982197	0.033352852	0.6484755
0.19111806	0.6250702	-0.29512817
0.31605524	0.022377074	0.24438915
0.76297086	0.9780877	-0.32799053
0.9318364	0.50353265	0.6962755
0.5702073	0.4401074	0.19236241
0.93327135	0.33320248	0.7153545
0.508679	0.6882668	0.34575108
0.19946617	0.82389265	-0.38526368
0.3545742	0.7444781	-0.11960762
0.6738009	0.82550716	-0.54201335
0.41360968	0.63315666	-0.26237705
0.20664334	0.42275178	0.48383394
0.7910542	0.9691956	-0.1527511
0.41662484	0.28418386	0.7482641
0.53215396	0.8803962	-0.51111305
0.35164332	0.57971996	-0.3343036
0.058103442	0.76914513	-0.62690014
0.9617411	0.89471793	0.11269696
0.80371183	0.8603046	0.06819427
0.25453693	0.99494445	0.30462432
0.006719768	0.49162292	-0.3162027
0.95961726	0.3177017	0.6414794
0.60987955	0.3174985	0.12538949
0.8859505	0.6879998	0.31701207
0.48819673	0.12236315	-0.21994045
0.32617676	0.41126448	0.9065968
0.50046366	0.50073403	0.08189665
0.30314988	0.8762265	-0.068828166
0.6504661	0.754203	-0.34875596
0.117990255	0.42381084	0.1790791
0.7496728	0.7705377	-0.33822563
0.17224598	0.22999173	0.081650294
0.6011836	0.08333129	0.75612515
0.3983655	0.5236858	-0.11301173
0.71102047	0.24595046	-0.017488275
0.70042634	0.46136636	0.37566993
0.45611238	0.5450518	-0.1619497
0.53156716	0.69699	0.3441641
0.61407584	0.0286417	0.8824823
0.9858749	0.9600584	-0.23396672
0.8753882	0.62986493	0.26038077
0.1487329	0.4399907	0.39157134
0.23854661	0.49215722	0.44217512
0.54761916	0.78042763	-0.023886614
0.48703408	0.47828507	0.056732297
0.41370708	0.6607399	-0.15380177
0.3756162	0.9425428	-0.09519039
0.3779776	0.8454099	0.1573344
0.9066931	0.24551827	0.52049506
0.11459315	0.20435238	0.09165681
0.848227	0.9102526	0.15776789
0.62600505	0.24898589	0.22738412
0.77161604	0.74603826	-0.31753093
0.95695245	0.22727174	0.66186595
0.94203424	0.95892036	-0.1947636
0.98883593	0.6045526	0.4570645
0.04390949	0.14490193	0.2368226
0.49631697	0.3732211	0.26650894
0.9762212	0.7294414	0.42360628
0.21110559	0.38468862	0.5071808
0.5563881	0.26946163	0.24786688
0.99767816	0.076049805	0.74188566
0.34693778	0.06030655	0.056187425
0.46724367	0.29880053	0.5119335
0.5998142	0.8138184	-0.36687332
0.88554984	0.43235964	0.927253
0.8363798	0.87821776	0.2688138
0.77192247	0.3670389	0.68240225
0.15384996	0.45906848	0.37166503
0.32821816	0.9359772	-0.048928954
0.46311647	0.66076493	0.14596392
0.25776148	0.98331004	0.29481286
0.59553444	0.14774042	0.59466106
0.26714486	0.7634249	-0.6355069
0.032818615	0.58147806	-0.5940006
0.5917449	0.765832	-0.14372367
0.8972654	0.45854938	0.8971149
0.17149407	0.8975433	0.24367958
0.05372411	0.46470213	-0.13281143
0.56317794	0.8848658	-0.7024
0.4721281	0.64276564	0.13585238
0.16384423	0.16558808	0.06005948
0.5787285	0.4993837	0.3043313
0.85818297	0.52313775	0.56266
0.8240274	0.9241363	0.06352077
0.32815772	0.5281441	0.105291896
0.7697696	0.23713267	-0.07013808
0.7669684	0.057724953	-0.5692159
0.9050487	0.73629266	0.4553176
0.9580884	0.57326716	0.63674355
0.43514186	0.5519922	-0.22303247
0.56206745	0.86905724	-0.61969763
0.8832119	0.27266645	0.5644202
0.66689444	0.31221497	0.067584634
0.7901647	0.38022465	0.7777162
0.3904925	0.19481456	0.23296498
0.294513	0.31592858	0.71340984
0.27684033	0.35005975	0.6824013
0.6934136	0.83963084	-0.5748376
0.28136867	0.25363094	0.31336442
0.6777818	0.4043936	0.28173834
0.3931678	0.18052906	0.18490885
0.17113286	0.5847979	-0.0038496046
0.27847487	0.8278665	-0.36117738
0.9803915	0.87017304	0.10868373
0.07102406	0.47654378	-0.036104143
0.2717182	0.8629142	-0.15013298
0.14892054	0.4054644	0.30464682
0.91110665	0.6493889	0.39741126
0.11096549	0.15201461	0.12319616
0.72178495	0.49378437	0.29944047
0.35281026	0.6270197	-0.5107052
0.10965335	0.4519493	0.18841909
0.73480713	0.12787694	-0.2885364
0.76793325	0.9974333	-0.2640407
0.78271896	0.27855486	0.1933921
0.16348451	0.96970004	0.7808591
0.5373536	0.06548166	-0.012783635
0.12179339	0.40608722	0.19173652
0.2659765	0.34649432	0.6147229
0.416605	0.8257892	0.2749195
0.10022569	0.8580757	-0.064510405
0.7054014	0.9375745	-0.62364584
0.55261964	0.05590707	0.17336974
0.98063445	0.4527728	0.65986335
0.19292754	0.82392144	-0.45119387
0.98913	0.13361049	0.7975472
0.8463784	0.091644645	-0.41432077
0.07488811	0.45768303	0.03436988
0.48026836	0.6570076	0.19648714
0.7870034	0.044081867	-0.7409095
0.6644958	0.7691086	-0.44116354
0.18613243	0.8311129	-0.331257
0.8464665	0.06399155	-0.49311745
0.46948975	0.5846349	-0.021598037
0.6448593	0.116224945	0.6887973
0.053616762	0.8599815	-0.13000774
0.6254092	0.6101924	0.22617649
0.27910125	0.19711065	0.09291306
0.85659444	0.8694392	0.30585626
0.36657482	0.035080492	-0.07393871
0.03296435	0.6731161	-0.8599325
0.39676267	0.33621168	0.95711476
0.6064649	0.023070276	0.788326
0.39449316	0.81357574	0.25782928
0.189385	0.9158484	0.30322987
0.5572962	0.7904455	-0.046944
0.04430431	0.9265812	0.18579267
0.28630406	0.63722634	-0.5465007
0.13420177	0.659148	-0.584833
0.24112642	0.2849306	0.29892784
0.61624414	0.73263407	-0.036351345
0.44171274	0.15627348	-0.048009057
0.59130955	0.29390007	0.21078892
0.8146955	0.11411744	-0.6238562
0.55518854	0.5779292	0.3343158
0.87233067	0.74384123	0.33288032
0.6744918	0.09676421	0.522184
0.15638411	0.4850945	0.35683924
0.379937	0.22457594	0.4784153
0.017783701	0.39172542	0.15310223
0.30678844	0.1374976	0.009434463
0.13920593	0.6346396	-0.38551927
0.9443844	0.28900522	0.6688421
0.8132808	0.7666204	-0.03945421
0.43997264	0.56280714	-0.24702615
0.8378802	0.29543668	0.569654
0.87432736	0.11580688	-0.11622225
0.6622394	0.22743255	0.17903805
0.8850528	0.52159953	0.7008371
0.044788003	0.97403556	0.49963582
0.5404733	0.5457517	0.27621377
0.19223952	0.6275498	-0.30664846
0.6110014	0.16948837	0.55375516
0.3695187	0.18695974	0.25272223
0.35578996	0.7698751	-0.12359132
0.014577806	0.9329943	0.12601563
0.21910006	0.8748687	-0.09427907
0.44409293	0.09375447	-0.5342875
0.5567231	0.60867137	0.36219877
0.7580012	0.18174243	-0.3753467
0.3119011	0.9382008	0.061342616
0.5242172	0.956584	-0.8090892
0.4734217	0.1946804	0.13496086
0.27108866	0.102972984	-0.0036630519
0.052854955	0.48510057	-0.20317668
0.32844937	0.13450944	0.0012636164
0.6826367	0.29821903	0.065733135
0.93887115	0.28808236	0.5975179
0.827871	0.5424073	0.3857267
0.7936821	0.031668246	-0.67384064
0.116662025	0.86005014	-0.02840225
0.7401578	0.6956444	-0.42716214
0.82096696	0.12852955	-0.5678886
0.89831597	0.5329322	0.670732
0.56811106	0.046631157	0.42953077
0.6411666	0.63294095	0.15452412
0.600209	0.7390901	-0.03564451
0.3285113	0.90912616	0.012627261
0.8048254	0.18733257	-0.34397268
0.47342402	0.8379714	0.11142883
0.17776597	0.8554787	-0.119880445
0.6781684	0.014817774	0.6307817
0.7288722	0.45429265	0.43102872
0.41191506	0.48597854	0.14503399
0.92381704	0.7155237	0.48109707
0.8255435	0.7001573	-0.13493195
0.009139001	0.2932347	0.42817578
0.13309813	0.10808915	0.060871232
0.927752	0.9030667	0.21729551
0.7938001	0.3040945	0.50932455
0.29298562	0.7077597	-0.6378257
0.5027118	0.1749649	0.060266666
0.9369291	0.9304332	-0.0021298872
0.39596045	0.19248438	0.2594033
0.5998236	0.6056681	0.28715906
0.22623956	0.48511815	0.4592253
0.63554627	0.81344354	-0.50088185
0.12407774	0.60921717	-0.21480268
0.115784466	0.9823427	0.87440825
0.8778327	0.049777865	-0.09553155
0.40625113	0.49878109	0.07918063
0.46602577	0.109939694	-0.37619233
0.14599591	0.15607846	0.027688187
0.28073645	0.25960237	0.31068453
0.1193797	0.44738913	0.20010318
0.44214386	0.36151278	0.6693212
0.42676282	0.3517121	0.8315285
0.8277868	0.6775894	-0.11516231
0.4871242	0.32852495	0.38404274
0.5561092	0.28079093	0.2461353
0.58584136	0.42474777	0.28374463
0.002708137	0.16021168	0.3878563
0.82122165	0.5625661	0.14088947
0.3419236	0.9327652	-0.07808651
0.5831488	0.8349413	-0.44962922
0.63931084	0.7490044	-0.23532677
0.37284982	0.022752404	-0.08785516
0.40266585	0.68207544	-0.0456727
0.20495242	0.24650115	0.17387798
0.57455	0.76442724	-0.027547602
0.08992547	0.8262508	-0.2636401
0.9944948	0.9107693	-0.05078841
0.57750314	0.66901934	0.31844
0.46198612	0.5798898	-0.1125693
0.745352	0.5764163	-0.08214667
0.072924614	0.66447735	-0.7556639
0.45583493	0.1815142	0.080516666
0.7436946	0.18673122	-0.28511176
0.7658569	0.3748371	0.6237806
0.86009914	0.814485	0.32845956
0.95830333	0.7424512	0.47316065
0.5326293	0.7372296	0.23981556
0.6581388	0.5246966	0.3259948
0.9779926	0.71208894	0.4175167
0.6375383	0.39963305	0.23369586
0.3769167	0.052333057	-0.13466454
0.99869454	0.093186736	0.7233036
0.7942725	0.38614637	0.8079403
0.5908049	0.1112507	0.6152685
0.1485753	0.6846316	-0.64852434
0.14490378	0.5120204	0.25185832
0.9125788	0.44803548	0.81452817
0.16624111	0.7684602	-0.6946624
0.24822587	0.30026037	0.32528898
0.6369333	0.16123837	0.5417621
0.18268675	0.5251466	0.27470267
0.0039218664	0.44671917	-0.15809205
0.9400946	0.63205963	0.4797636
0.022159338	0.53848153	-0.52091396
0.5911445	0.43684053	0.2945488
0.12611651	0.7981532	-0.4267256
0.42501837	0.92131424	-0.092805214
0.85554534	0.96236026	-0.03830564
0.43549907	0.9287748	-0.19038484
0.2793885	0.6809202	-0.7520958
0.44520056	0.555065	-0.18564622
0.8767696	0.8605117	0.42698404
0.18560219	0.010784388	0.103631556
0.5532753	0.947108	-0.9671739
0.9592102	0.100271225	0.7527208
0.5258433	0.38587928	0.27760538
0.8169861	0.56592935	0.12906455
0.03601533	0.830547	-0.34788838
0.35560453	0.33721215	1.0356226
0.9087508	0.044629514	0.22399093
0.14272678	0.6850244	-0.6266338
0.18604112	0.15991843	0.06533667
0.71390945	0.47802782	0.25314727
0.54421246	0.63673466	0.37216893
0.4247334	0.62182105	-0.15264678
0.24583822	0.6055579	-0.3131887
0.19803762	0.6345759	-0.4044766
0.031561315	0.13482136	0.21240744
0.61111325	0.4085722	0.20397554
0.17315316	0.42052597	0.4095566
0.2728547	0.23813176	0.17958538
0.72781783	0.4875437	0.35459659
0.70479727	0.7065163	-0.28526047
0.42098546	0.7929655	0.35730383
0.73757875	0.96841425	-0.42226642
0.22802144	0.5614803	0.08445341
0.36166477	0.39462435	0.9595748
0.36456668	0.56903857	-0.22962858
0.35343397	0.30950415	0.96427476
0.057397425	0.8156768	-0.4389219
0.04096937	0.8467634	-0.31382796
0.2742558	0.117335975	-0.016885648
0.37882262	0.5708995	-0.34731022
0.35733885	0.4131449	0.94983983
0.81341743	0.052554905	-0.67339015
0.9788906	0.8839772	0.07558818
0.38049388	0.23536891	0.59161556
0.551423	0.90480286	-0.7392101
0.79798704	0.11913109	-0.7099386
0.56302875	0.5085472	0.2785842
0.10687685	0.80074793	-0.45217794
0.52463293	0.18623972	0.20370719
0.7474814	0.548802	0.013289034
0.33144063	0.18321222	0.10749815
0.85232353	0.93174857	0.08689911
0.7252531	0.1694445	-0.22465017
0.6946641	0.4212287	0.30720493
0.40582263	0.106885076	-0.23959148
0.9828364	0.6196401	0.5021921
0.7331999	0.40025365	0.47211894
0.41907686	0.09929937	-0.37989658
0.9122375	0.8468133	0.45424616
0.08082634	0.021509528	0.0038738213
0.37232846	0.3210956	0.979897
0.8581043	0.16180474	-0.11730933
0.6306287	0.4400413	0.3129253
0.83420354	0.1418972	-0.42315483
0.09491491	0.42072272	0.033721887
0.17260301	0.45374268	0.4239748
0.5570977	0.956843	-0.95870835
0.3243143	0.9769287	-0.030450365
0.89587873	0.4781131	0.8774567
0.39973217	0.15812981	0.0418527
0.6307493	0.98415285	-1.0792898
0.8672673	0.20319647	0.14904858
0.8398656	0.078677595	-0.53838694
0.40126324	0.12939066	-0.14009587
0.03340441	0.9131157	0.11351584
0.594622	0.17550635	0.5570157
0.35588753	0.38811517	0.9785106
0.8831764	0.6317852	0.3003342
0.8517096	0.47927755	0.75640404
0.43755382	0.72408694	0.23327781
0.016502619	0.31069613	0.35787585
0.5016464	0.79128665	0.16202822
9.083748e-05	0.07379222	0.21094641
0.28614187	0.18889666	0.05391234
0.46191323	0.43826205	0.21554929
0.16942728	0.5218089	0.3068179
0.25807744	0.7366988	-0.8042189
0.009352326	0.4128284	0.06101203
0.7171273	0.15490681	-0.14584944
0.8882749	0.118882835	0.063911416
0.50290287	0.27800107	0.2904045
0.49395978	0.7785365	0.3483789
0.15059102	0.61563694	-0.24057636
0.16929495	0.36301273	0.33799693
0.28645635	0.7477462	-0.6331028
0.9307618	0.47887045	0.7594952
0.055986285	0.8045882	-0.45453
0.54078484	0.82050014	-0.113002434
0.49612153	0.8692323	-0.17906037
0.89302844	0.95406276	-0.050762743
0.40067315	0.5693826	-0.2436452
0.040642917	0.79949343	-0.5332523
0.7098355	0.749852	-0.4112312
0.27775842	0.9888817	0.18471679
0.5667861	0.07389176	0.3933042
0.8462539	0.6005048	0.15257953
0.80262035	0.3462069	0.7758416
0.3704313	0.86193967	0.085627735
0.3457476	0.7624517	-0.14228019
0.55102587	0.5099122	0.29519346
0.14518613	0.44698948	0.29895696
0.95432997	0.81241196	0.43115094
0.88081324	0.78982	0.4714824
0.16267616	0.60717624	-0.14838544
0.21263164	0.82760507	-0.4173257
0.4320534	0.38451344	0.65133464
0.55350524	0.71254116	0.34490114
0.2831676	0.6244036	-0.5426849
0.046720028	0.33315575	0.15005377
0.22147954	0.04063338	0.1617448
0.72494715	0.6884549	-0.33095005
0.0066512227	0.8207216	-0.5305832
0.15346271	0.24501956	0.10100346
0.55225176	0.19070107	0.32484636
0.3260991	0.6641335	-0.5630205
0.8575778	0.514359	0.558634
0.28880894	0.79096645	-0.4739735
0.370955	0.18970406	0.20485416
0.5319962	0.25278038	0.29842532
0.34574848	0.43224287	0.79116946
0.30312765	0.5217972	0.17114319
0.5754936	0.46850783	0.28379425
0.14612406	0.3106025	0.13807908
0.9300019	0.9914511	-0.36367014
0.60708964	0.6854748	0.16646181
0.22785556	0.657758	-0.60888416
0.6513304	0.048945427	0.8537066
0.8427307	0.5702575	0.25444543
0.48489147	0.8848118	-0.2779385
0.20202953	0.81662285	-0.46802226
0.6300514	0.45703238	0.2667825
0.43155605	0.7231168	0.2602762
0.37638414	0.65550274	-0.34300297
0.47608542	0.38714606	0.38065135
0.45107412	0.4859951	-0.008833917
0.6331835	0.061846256	0.88243526
0.67787075	0.45785832	0.2972229
0.32382685	0.19845194	0.14200424
0.6607991	0.7392191	-0.26642764
0.084769666	0.52938336	-0.09106968
0.38170582	0.066372335	-0.1944663
0.93731546	0.7353269	0.54353815
0.9300759	0.16887438	0.59125936
0.5806911	0.4078223	0.25391906
0.57446	0.8341305	-0.41253597
0.30278742	0.5384131	0.058603685
0.6861028	0.7984464	-0.46233156
0.95574445	0.64253986	0.498284
0.6899425	0.31279784	0.08129816
0.41737235	0.18249851	0.1193296
0.15074825	0.0137786865	-0.04039505
0.9933297	0.022712529	0.7171859
0.07298666	0.2961421	0.09735772
0.8601758	0.6484193	0.10174061
0.5852403	0.6677148	0.2955714
0.31896895	0.49582887	0.34491637
0.3093906	0.20364869	0.14462467
0.5648237	0.09374356	0.4486847
0.42045778	0.49996638	0.048762307
0.2060082	0.5211544	0.33325684
0.084590614	0.08128053	0.060280886
0.7738993	0.3314157	0.4949496
0.74958974	0.90345067	-0.37463772
0.554878	0.19167268	0.33377826
0.10360855	0.04814869	-0.06162869
0.92939395	0.44194305	0.8356539
0.41348886	0.39514983	0.7580359
0.0011789203	0.2714492	0.49952137
0.45176536	0.8659287	0.049832232
0.13321936	0.28500134	0.12259742
0.007953882	0.24212116	0.43655545
0.99330586	0.14352459	0.7851719
0.8510521	0.23339707	0.24210054
0.88095164	0.72302455	0.37479478
0.6670434	0.31070215	0.10315886
0.109063804	0.9214091	0.4426804
0.9456091	0.3467781	0.74617255
0.392318	0.05589837	-0.26644492
0.69009954	0.83454645	-0.5922623
0.49977875	0.9466621	-0.57262224
0.8780431	0.23676461	0.41222596
0.2930165	0.4070784	0.7775841
0.35350305	0.815448	0.05442416
0.038581133	0.5828159	-0.52466404
0.4819187	0.44908136	0.146438
0.26284266	0.84785753	-0.21943259
0.8169852	0.80614007	0.046581555
0.41862214	0.70302296	0.1048772
0.4586562	0.16590571	-0.025732199
0.19496244	0.19238538	0.042743646
0.7019509	0.69428915	-0.32373872
0.35100263	0.009699762	0.08722874
0.62003314	0.8461594	-0.61986357
0.760115	0.8745856	-0.2602274
0.017626107	0.37636828	0.17550527
0.37007803	0.3351764	1.1097995
0.6335713	0.8850344	-0.8282486
0.05438167	0.39507622	-0.015168827
0.8372052	0.6410775	-0.07061246
0.60973257	0.89435256	-0.87390107
0.16919553	0.009279013	0.045171645
0.03479135	0.26465422	0.3433902
0.6850171	0.90868884	-0.7327709
0.9949051	0.89367	0.010755753
0.41253233	0.19281363	0.18682554
0.9663718	0.81159294	0.4233936
0.64559776	0.3583495	0.11979618
0.5664483	0.48830378	0.26317868
0.84972316	0.68138564	-0.021463811
0.40579736	0.55613947	-0.21826616
0.949223	0.009928644	0.7121226
0.3689553	0.9289762	-0.017524512
0.5395918	0.65386325	0.4172478
0.95097524	0.9333677	-0.076503836
0.6188328	0.6832501	0.119483046
0.15148777	0.48992622	0.3829435
0.5309978	0.5494235	0.17487173
0.87102914	0.71278167	0.23952903
0.1002115	0.24335259	0.09644663
0.5373376	0.85099447	-0.3347654
0.76324505	0.06331313	-0.61178505
0.287216	0.6929322	-0.70857674
0.9715459	0.20547587	0.71771926
0.93064684	0.8038347	0.5018741
0.98303473	0.4381649	0.6324195
0.5405855	0.9054053	-0.6958233
0.70787984	0.2563908	-0.023826998
0.8282694	0.775714	0.10828987
0.29911214	0.31793928	0.71601975
0.114298284	0.42745388	0.13485804
0.15809822	0.3829105	0.3294142
0.93667644	0.90194184	0.13896222
0.43106234	0.5589606	-0.22669914
0.41742933	0.39645767	0.6858377
0.91353	0.32919073	0.6857569
0.803908	0.89859265	0.023898078
0.044990122	0.16539454	0.23765086
0.35015774	0.28071177	0.8302196
0.89038336	0.6538355	0.35866195
0.090263665	0.3389871	0.031801395
0.732514	0.25991523	-0.025146354
0.24422413	0.96388733	0.31510806
0.5098797	0.19864434	0.2102471
0.7879436	0.23097652	-0.06519127
0.59970474	0.008367658	0.7337663
0.4160475	0.6681935	-0.08786028
0.7753203	0.6041615	-0.24856667
0.9649047	0.6205953	0.523375
0.75459194	0.011428118	-0.32346642
0.48610735	0.37934363	0.30242383
0.42579287	0.3961215	0.6303433
0.6314233	0.82145804	-0.5458085
0.7359434	0.9648938	-0.5172185
0.7133518	0.8831494	-0.5428416
0.5412793	0.10883385	0.17085297
0.23764855	0.32793432	0.40468594
0.37842256	0.122023225	-0.08654712
0.7667321	0.52838725	0.17995787
0.37558854	0.677586	-0.2329401
0.6745757	0.41544873	0.27158678
0.4346118	0.9787302	-0.3329195
0.009870648	0.8324887	-0.45682296
0.094967246	0.9323089	0.47098768
0.27686065	0.6682849	-0.67838013
0.27870697	0.1957162	0.110138
0.13756752	0.46271902	0.3177939
0.0848822	0.5874565	-0.37585774
0.8539612	0.29455304	0.6454786
0.09563959	0.24124557	0.08518493
0.97751915	0.98956656	-0.34396744
0.34684396	0.50136083	0.22763379
0.42783737	0.6041281	-0.18710108
0.79213464	0.9960045	-0.25172046
0.46557122	0.27676445	0.45058963
0.9116782	0.65133387	0.3876996
0.95715964	0.71777505	0.50907797
0.536707	0.53787076	0.29966968
0.28970993	0.22724456	0.24357401
0.91566426	0.8298243	0.5250987
0.49198776	0.42697155	0.15786982
0.8637501	0.15891963	-0.053538486
0.35178316	0.88269234	0.12238788
0.4819609	0.055107117	-0.6376312
0.8022785	0.1906963	-0.36593497
0.087640226	0.47365433	0.056116916
0.7441461	0.81220967	-0.28000936
0.48418874	0.90475357	-0.35408014
0.6935733	0.24340731	0.024410248
0.13024318	0.55092555	0.030245855
0.42567104	0.10615951	-0.3468501
0.12868005	0.9827949	0.8773803
0.19518942	0.4653473	0.43585604
0.5144762	0.26820648	0.3315558
0.43268985	0.24199867	0.55559623
0.35978037	0.9172834	0.035453305
0.43336427	0.38212657	0.6269915
0.83544236	0.58162117	0.120759234
0.9779062	0.18261617	0.73066014
0.26399863	0.42732245	0.6368383
0.34502792	0.09625816	-0.019854568
0.9746418	0.45470512	0.675783
0.9329823	0.4352731	0.7732036
0.021520615	0.6801093	-0.85381234
0.31593668	0.58251166	-0.2206735
0.6534343	0.64020324	-0.016068008
0.68041706	0.003630221	0.67519075
0.46172166	0.77500755	0.40549147
0.22471058	0.61171925	-0.29968292
0.25334716	0.5670075	-0.05595682
0.28929698	0.4913085	0.46346292
0.08907914	0.45972008	0.003957823
0.8642499	0.23640287	0.23409964
0.52150166	0.93441594	-0.73634505
0.08130336	0.68617886	-0.71162444
0.61701393	0.3648315	0.14440286
0.84235626	0.8949063	0.20954457
0.36001146	0.8645865	0.09470354
0.80189526	0.78514284	-0.04371699
0.2331841	0.6259905	-0.37730598
0.24087805	0.45207447	0.58269346
0.8041724	0.9374792	0.004369132
0.6895129	0.71285045	-0.32874358
0.7189917	0.52913284	0.11701011
0.49017686	0.034720838	-0.63103604
0.14835072	0.9996042	0.9767818
0.11458844	0.1987136	0.10275415
0.31546152	0.5152825	0.22946668
0.17628646	0.42420614	0.3907443
0.7489805	0.30788773	0.32745674
0.21662909	0.5519337	0.2129098
0.67776626	0.086370766	0.48779944
0.40340793	0.47099972	0.28470823
0.02056551	0.92294556	0.04012303
0.81430846	0.06362116	-0.6675604
0.19256282	0.1933065	0.030713705
0.32631826	0.86775815	0.0003960263
0.23865509	0.9033759	0.099565715
0.8186616	0.21498471	-0.043874532
0.99475825	0.9102872	-0.1083151
0.8673843	0.13354683	-0.1484319
0.79665613	0.28616703	0.33926064
0.51137435	0.76072854	0.33754346
0.66983294	0.83451974	-0.59017485
0.09880763	0.44483048	0.1314429
0.116123915	0.47689104	0.16809978
0.27487743	0.6326389	-0.5158497
0.3553499	0.37806016	1.045291
0.7375438	0.28870505	0.22888158
0.45303506	0.09923124	-0.4634477
0.8344764	0.91034055	0.1664517
0.95946944	0.35569376	0.67812204
0.14246362	0.019357443	-0.039278425
0.5207873	0.6587014	0.2883913
0.22640914	0.509381	0.37406296
0.9152256	0.5104184	0.69141203
0.6498676	0.84515756	-0.6751541
0.55287117	0.035703063	0.07449271
0.6232306	0.5315979	0.33651188
0.38257957	0.9224236	-0.0063400585
0.1886673	0.11677337	0.036822196
0.25600386	0.36073226	0.57566696
0.75197935	0.33776104	0.42279115
0.90970117	0.98901784	-0.25715846
0.1335231	0.789719	-0.5503091
0.40187222	0.8256052	0.16874933
0.42776114	0.3721465	0.7656852
0.6634376	0.21764988	0.18388805
0.23647076	0.68411845	-0.72962886
0.56691605	0.33496004	0.17625375
0.32715595	0.3469363	0.9826618
0.21833664	0.7610725	-0.790106
0.12852281	0.5345874	0.20193326
0.67258316	0.25360888	0.12058721
0.5400171	0.761238	0.17678574
0.23793554	0.5071424	0.30603564
0.73894995	0.88447195	-0.38706377
0.085668504	0.17608094	0.16166358
0.40791816	0.4862615	0.1583278
0.18197417	0.8966031	0.22825317
0.031405747	0.06742227	0.15612747
0.6909097	0.7147199	-0.32372212
0.70047885	0.0043383837	0.4556316
0.28713584	0.46381348	0.61763424
0.014187932	0.44569188	-0.19828695
0.5447164	0.62965906	0.35660702
0.13143396	0.027461708	-0.016830506
0.37340313	0.8828458	0.08069738
0.64544505	0.91873884	-0.92192197
0.92187405	0.17381912	0.47593704
0.5845599	0.82745105	-0.41531214
0.71211916	0.6278528	-0.26079637
0.7419923	0.45711428	0.44971263
0.33118796	0.4557013	0.6787687
0.4162625	0.0553872	-0.50284296
0.97920096	0.29077214	0.64433736
0.92298424	0.099421024	0.44570273
0.20507371	0.92099816	0.34736148
0.94012296	0.1174199	0.6720942
0.6371794	0.048385143	0.97189885
0.708501	0.83356893	-0.45440534
0.7100563	0.6888762	-0.30395532
0.77364415	0.6990374	-0.35697964
0.696381	0.40507776	0.3290573
0.9175284	0.402327	0.83136237
0.7575228	0.0026123524	-0.38142312
0.7160689	0.34827805	0.29829687
0.19064093	0.41362506	0.44779637
0.42535168	0.62376565	-0.18413933
0.15825361	0.45402867	0.32683644
0.7732899	0.47268778	0.5722151
0.41060656	0.40174878	0.7592473
0.5169669	0.06768507	-0.28581694
0.7183935	0.018491507	0.14990228
0.4962061	0.4111827	0.20938006
0.7985255	0.081391215	-0.73995006
0.06018436	0.27543384	0.22115067
0.7671906	0.08271271	-0.6180677
0.6737081	0.0027600527	0.77227783
0.8738628	0.78413767	0.36425704
0.94481814	0.658174	0.46203148
0.18934643	0.5987275	-0.051366538
0.14793706	0.7287701	-0.7219367
0.9271414	0.42333293	0.82073814
0.71972746	0.16462928	-0.13490835
0.9469674	0.23681813	0.6956269
0.62532675	0.94061476	-1.0987943
0.66051227	0.7101675	-0.20716073
0.7741321	0.73925877	-0.33801752
0.62873393	0.03273821	0.9349148
0.24993253	0.64376277	-0.5539217
0.6700161	0.66594195	-0.19051789
0.57055956	0.1269393	0.48077804
0.77031386	0.42343992	0.69177985
0.347324	0.5291229	-0.0059996843
0.5035883	0.7729114	0.2533049
0.19791591	0.989502	0.697129
0.42981178	0.3812092	0.71998084
0.70286596	0.10783577	0.043713976
0.65783626	0.65555227	-0.0067972243
0.88285166	0.6790682	0.25515732
0.6261797	0.5427461	0.33337244
0.80922776	0.3501407	0.7779917
0.24715233	0.41169745	0.6304828
0.9225153	0.41177702	0.8500599
0.16197896	0.23533726	0.093563125
0.36437732	0.22802424	0.5057996
0.5469918	0.05101478	0.057764173
0.96006525	0.712277	0.4559733
0.056312263	0.30583882	0.1657138
0.13002777	0.7021221	-0.725456
0.10347742	0.5661744	-0.18909319
0.6833056	0.3498751	0.13856664
0.61953354	0.8036143	-0.39610097
0.44797868	0.4290985	0.30329087
0.91744983	0.3326658	0.6802148
0.8322639	0.43729252	0.89212745
0.07413471	0.10190821	0.07127517
0.87959313	0.4180004	1.0007433
0.9477885	0.8084067	0.46807674
0.23819655	0.43562913	0.61471695
0.78618085	0.52185786	0.26688257
0.50213957	0.8940698	-0.35141462
0.5100306	0.6731926	0.3509735
0.3708443	0.32058573	1.0180807
0.21384722	0.4317838	0.5177101
0.18365699	0.09403288	0.03999491
0.8826963	0.9596249	0.0038800575
0.8489666	0.7408005	0.19062556
0.32213366	0.7844389	-0.2710181
0.3768797	0.61140776	-0.37354836
0.49018735	0.6816303	0.33627513
0.43389684	0.6092274	-0.2050517
0.86889815	0.45478505	0.9275981
0.50357467	0.38453728	0.29430184
0.26388246	0.9179228	0.056367107
0.62124276	0.327851	0.10559809
0.034653604	0.8860892	-0.12828761
0.076135635	0.08604789	0.043876186
0.6577017	0.18666744	0.27978966
0.24194664	0.67320734	-0.6814948
0.24295413	0.2595576	0.18666461
0.31674725	0.09772354	0.076909415
0.9018402	0.1797458	0.33775505
0.5685122	0.052642465	0.407984
0.7248956	0.77039886	-0.396875
0.80929464	0.26106662	0.30981123
0.15485454	0.060490966	0.010371512
0.08643228	0.91166127	0.33659762
0.51867515	0.024252594	-0.46237078
0.8941787	0.43000507	0.93667185
0.5629913	0.08213103	0.40823734
0.8185429	0.7024107	-0.19359148
0.2622739	0.97487354	0.21224086
0.5500345	0.42128932	0.16706423
0.6641626	0.97178626	-0.99048495
0.46169293	0.9989121	-0.5166763
0.0018328428	0.5766565	-0.7111732
0.82049173	0.36370605	0.8693617
0.41252214	0.54657453	-0.2266937
0.7665498	0.14494264	-0.4862704
0.23341101	0.7596637	-0.77475834
0.51101977	0.7810957	0.17017435
0.6070583	0.003390789	0.77262086
0.5166606	0.45867425	0.1308301
0.8407465	0.5380699	0.372422
0.8996474	0.4147992	0.9726357
0.8810811	0.9928721	-0.270307
0.8710028	0.9592743	-0.039903954
0.03962952	0.12363559	0.225077
0.9571312	0.42631245	0.71938145
0.04830128	0.13859552	0.19708948
0.15514213	0.18704826	0.11127436
0.06421	0.67151964	-0.7124176
0.80253893	0.65716684	-0.32904646
0.5738396	0.6856276	0.3092779
0.13346738	0.2937374	0.096329235
0.3004278	0.18535763	0.079794586
0.22490543	0.5934428	-0.24113527
0.5635451	0.8933285	-0.78539705
0.41986603	0.7258693	0.17486274
0.52571666	0.016819239	-0.41399422
0.52793986	0.5961146	0.29692048
0.5236522	0.29626566	0.27689847
0.24413711	0.3758607	0.56784356
0.709652	0.9599474	-0.7014838
0.1623047	0.01819551	0.09847744
0.9367074	0.033992648	0.62082857
0.2742929	0.5071862	0.36602667
0.538591	0.21251923	0.32146612
0.054763198	0.3693297	0.03493014
0.1907503	0.68929523	-0.72965515
0.27953923	0.40055305	0.77203685
0.6491724	0.19520307	0.35663548
0.3606599	0.37838727	0.96601844
0.15001225	0.46209115	0.3613375
0.12775165	0.24899828	0.13539696
0.5527317	0.62941456	0.33173695
0.95602584	0.51316977	0.6684694
0.096113145	0.68604475	-0.6897863
0.67213815	0.92298526	-0.84239846
0.05492699	0.4176768	-0.003725586
0.64603025	0.33916074	0.1348118
0.17155379	0.81525564	-0.44392177
0.30513334	0.23225212	0.24383484
0.8983924	0.24987298	0.4744347
0.012662232	0.5864205	-0.6926594
0.3539589	0.6573454	-0.4271008
0.22783273	0.4004864	0.51603526
0.23266375	0.8240106	-0.50393695
0.06692159	0.77443975	-0.5972466
0.99956644	0.2196219	0.633803
0.051544666	0.3615471	0.101505324
0.8588003	0.5639242	0.43041423
0.56373376	0.5965687	0.35022634
0.77627856	0.88716316	-0.16016468
0.4747309	0.56012666	-0.061363637
0.530058	0.37584418	0.28393412
0.6676445	0.9586664	-0.8893209
0.65299696	0.36933637	0.12987393
0.6827083	0.2851858	0.051404305
0.1438021	0.1055097	0.04328412
0.40391046	0.5489134	-0.22686091
0.77603376	0.8084138	-0.17784871
0.07780057	0.08302015	0.03113728
0.26596838	0.84577805	-0.29171667
0.21263015	0.53770924	0.23988567
0.66922885	0.11646479	0.45263255
0.85600287	0.96777457	-0.047474254
0.32833725	0.75050193	-0.366428
0.91341484	0.989472	-0.24895924
0.36662382	0.1971432	0.25508335
0.5154515	0.7476486	0.3337627
0.88523495	0.335361	0.76262873
0.88175446	0.3645212	0.9284018
0.24148458	0.99615175	0.35746363
0.853566	0.83435255	0.339873
0.09940785	0.45756298	0.15453675
0.46203512	0.7732952	0.40278903
0.53092647	0.6266903	0.30534676
0.25401247	0.36867404	0.57286435
0.7055687	0.08392078	0.11135626
0.22413409	0.7277017	-0.803869
0.4232918	0.13602525	-0.13232413
0.5138606	0.21292126	0.2771584
0.9473267	0.82320654	0.4535485
0.7369757	0.51521736	0.19350854
0.7230723	0.7296949	-0.3938738
0.3882615	0.80095	0.26992705
0.029045343	0.6587676	-0.84730613
0.8888393	0.07224089	0.04726278
0.3651722	0.3545347	1.0349641
0.5128572	0.84225047	-0.045365028
0.88842326	0.23949516	0.47018275
0.3858155	0.5817603	-0.2972388
0.62278605	0.4824654	0.37263727
0.20187283	0.17327225	0.02832205
0.46966296	0.59071666	-0.029036911
0.052564025	0.026492	0.0065831887
0.2966931	0.6481953	-0.61193347
0.68439376	0.4155934	0.2660361
0.16802007	0.22189528	0.110231265
0.5980505	0.052851975	0.74647313
0.77142835	0.11764586	-0.61944026
0.36447304	0.7364399	-0.116067104
0.25858688	0.38592952	0.6237368
0.7737652	0.7328657	-0.34169084
0.06428653	0.059054315	0.10205151
0.7641863	0.49595678	0.3455938
0.7425045	0.80392563	-0.35528156
0.89870125	0.9072943	0.19578083
0.4502424	0.6308446	-0.0029147435
0.67840296	0.8664459	-0.6364576
0.32151753	0.72504616	-0.5035669
0.064231396	0.6742601	-0.80343485
0.8286085	0.46275055	0.7890146
0.7064396	0.45515054	0.31513077
0.39074296	0.5510712	-0.21593739
0.29217142	0.34333223	0.76495105
0.9919455	0.48440087	0.51238996
0.5422208	0.7537292	0.2547007
0.97375244	0.3711837	0.66810805
0.65875643	0.019452274	0.86748433
0.27862298	0.7152568	-0.7560743
0.90073866	0.026298165	0.25794214
0.75321835	0.57035667	-0.1081373
0.30307126	0.6573289	-0.5112644
0.92196465	0.7031059	0.49294746
0.94425714	0.17572737	0.66210014
0.3512478	0.40245885	0.96065784
0.52365714	0.6271892	0.32426608
0.5837587	0.104936	0.6210383
0.95939744	0.8747584	0.21449369
0.121457994	0.36676884	0.17115425
0.044718623	0.3177241	0.19900015
0.8043598	0.5198504	0.4167653
0.7334178	0.6143771	-0.28184572
0.9035595	0.6093575	0.46034813
0.7772653	0.7501137	-0.34099266
0.4166453	0.2803414	0.83636767
0.52975225	0.3785445	0.21149507
0.19625741	0.34933513	0.3453735
0.8922691	0.44639742	0.8298136
0.028415024	0.32463044	0.2742611
0.5373577	0.62397796	0.33294103
0.022095323	0.13970774	0.24919173
0.5061571	0.11166406	-0.1710891
0.7484319	0.9731552	-0.36167097
0.07735306	0.4929397	-0.06870021
0.57306933	0.7335133	0.10918422
0.03065902	0.9429101	0.17482792
0.56814015	0.56230605	0.37584153
0.15674818	0.12067568	0.103033975
0.16535127	0.64864695	-0.46790352
0.8098868	0.18975627	-0.23938648
0.37312573	0.2514031	0.61566734
0.44207084	0.47123975	0.16696054
0.16754419	0.22572011	0.110405646
0.7129283	0.40383637	0.3528801
0.1359806	0.6364587	-0.4477299
0.7388499	0.54054224	0.10215959
0.9434282	0.58365774	0.61847454
0.9183437	0.63273704	0.4314979
0.9349541	0.29611218	0.6716145
0.26850176	0.5573289	-0.041806262
0.068905234	0.098142266	0.10868874
0.3979264	0.23753637	0.5338161
0.8708377	0.42762256	0.97937083
0.8079898	0.5422345	0.2278119
0.4177289	0.051534414	-0.47418338
0.5939753	0.51736355	0.40729582
0.80863947	0.6713222	-0.24819379
0.033003926	0.6781154	-0.8465708
0.29731435	0.36921507	0.8002837
0.5034771	0.071656704	-0.4191249
0.3911422	0.084403336	-0.22049218
0.78535587	0.90817857	-0.09880997
0.72975665	0.2939762	0.1447562
0.003152728	0.48559886	-0.30563492
0.6376592	0.7706085	-0.31755432
0.83714694	0.42593068	0.9100254
0.23388201	0.033226013	0.21816209
0.19812208	0.38845628	0.40193242
0.7656006	0.17518163	-0.43761107
0.3851229	0.26379257	0.72370815
0.49365044	0.50999975	-0.027183304
0.1459946	0.6629254	-0.5436874
0.8764981	0.00034421682	-0.04794598
0.6263733	0.36971205	0.20284763
0.61521024	0.9506651	-1.1034318
0.44962496	0.87036467	0.056141414
0.15030074	0.5111618	0.2945713
0.7450039	0.79651564	-0.34957972
0.09559715	0.0120536685	-0.03957446
0.6053593	0.25576282	0.22967918
0.9663943	0.33174944	0.65170014
0.6614521	0.96097183	-0.94327766
0.51968735	0.50537574	0.12992512
0.3396157	0.6004289	-0.3709086
0.3170495	0.007720113	0.3566215
0.1639964	0.54968715	0.18287148
0.4556529	0.04299009	-0.6506813
0.6381367	0.83118767	-0.62499964
0.5853938	0.45099926	0.29065424
0.6390702	0.26118988	0.19879515
0.6760955	0.6377591	-0.11185121
0.8316568	0.12046486	-0.54309416
0.6798843	0.5056378	0.31066918
0.3311777	0.44197738	0.7407148
0.46691567	0.54096186	-0.061821837
0.57836735	0.21876526	0.38139302
0.8718468	0.2155999	0.24636056
0.5606725	0.6961782	0.36510575
0.4478222	0.007970333	-0.72816277
0.61338717	0.56288755	0.37121767
0.17366207	0.5572484	0.19680399
0.899427	0.0734269	0.1878764
0.1821168	0.8744168	0.015682396
0.79127955	0.8324575	-0.024184832
0.020427287	0.509133	-0.3678237
0.29925704	0.24753165	0.35410804
0.04751569	0.19686657	0.255319
0.66112256	0.01188159	0.8333392
0.7083974	0.12327707	-0.04023793
0.5201363	0.85147065	-0.27991167
0.5061917	0.88347644	-0.33646786
0.013751447	0.6646678	-0.8633357
0.3497427	0.7476828	-0.21837002
0.72295576	0.7663937	-0.44028196
0.7798581	0.9580235	-0.26510215
0.53647566	0.8551895	-0.39741373
0.77151084	0.86156464	-0.19056605
0.66901726	0.12895757	0.47817984
0.9645267	0.06551421	0.7789681
0.9359901	0.9725547	-0.30512008
0.17345726	0.34922254	0.2602884
0.3712632	0.5162736	0.027526133
0.4963537	0.81705534	0.16010416
0.77527314	0.83807707	-0.08831528
0.0697664	0.5249799	-0.22525682
0.013723373	0.6062843	-0.8247847
0.7514372	0.22698075	-0.09752081
0.057353318	0.88493943	0.032169603
0.8003356	0.27261293	0.40718868
0.6919534	0.74259806	-0.41901156
0.07870805	0.4965772	-0.009315256
0.6549778	0.15362668	0.4782056
0.40761602	0.38981557	0.810356
0.89603645	0.12658376	0.19883552
0.19849569	0.74043036	-0.8045443
0.47462434	0.9851992	-0.5651828
0.5666055	0.15585613	0.46858102
0.16200489	0.23082	0.11395608
0.3537439	0.5028009	0.21995911
0.9483378	0.43194467	0.79244417
0.6079918	0.72407997	-0.04928435
0.68243575	0.8795353	-0.7343317
0.65793097	0.3540932	0.16615592
0.3091808	0.5168899	0.20401126
0.54814994	0.62901294	0.44375488
0.29374945	0.012226462	0.43862706
0.51069015	0.20560533	0.1926339
0.49173504	0.6716269	0.29516107
0.54652774	0.88360685	-0.5872065
0.33397388	0.12225258	-0.048864957
0.8229594	0.90628844	0.1464358
0.66716766	0.3377406	0.101382665
0.78561074	0.9357597	-0.13023704
0.09303856	0.6666476	-0.6130267
0.6010053	0.5574655	0.3650242
0.8325808	0.95945203	-0.015106399
0.344568	0.11591792	-0.030447112
0.039779603	0.41939116	-0.020972142
0.58653766	0.84788615	-0.56915545
0.14856791	0.7816617	-0.6034809
0.3864224	0.78303736	0.18624955
0.060575187	0.79898787	-0.5166811
0.8339224	0.029648185	-0.6028185
0.7248659	0.12268686	-0.21438047
0.23942333	0.9764216	0.40136477
0.86331826	0.72419065	0.12705901
0.3113886	0.8390232	-0.16707468
0.5069072	0.26237822	0.28489813
0.9862306	0.8384907	0.28417408
0.6019215	0.99163336	-1.1133372
0.30716252	0.7682835	-0.40982518
0.66762257	0.88536537	-0.7641064
0.97129315	0.0025305748	0.670982
0.86953187	0.47458482	0.8935083
0.64755404	0.31860167	0.06509969
0.37713546	0.39444005	0.93723476
0.6851527	0.63459074	-0.10329307
0.3498521	0.16531897	0.08523521
0.55103755	0.9454616	-1.0057337
0.22929627	0.94293916	0.30671874
0.6099529	0.4591413	0.32960626
0.96271604	0.24377143	0.6686544
0.42612183	0.50858283	-0.10647853
0.12923914	0.29404294	0.09573078
0.17968655	0.733465	-0.7650712
0.29481786	0.7363883	-0.65999484
0.425673	0.37155825	0.7511162
0.617402	0.092068374	0.8145991
0.16610116	0.7517416	-0.7459766
0.1862089	0.7883662	-0.65458703
0.6139784	0.5442952	0.39735654
0.8027315	0.7651407	-0.063707486
0.052556098	0.80733764	-0.48191983
0.7767415	0.023172617	-0.60884917
0.75680107	0.13381636	-0.49829298
0.77776366	0.2999097	0.3996198
0.33421785	0.09284639	0.027278528
0.32932812	0.9926913	-0.05296201
0.53431517	0.7767348	0.13160948
0.067466855	0.30852753	0.107829094
0.55228394	0.0065070987	-0.05757138
0.78929377	0.7456218	-0.16504739
0.11035025	0.074732244	0.00886029
0.014073253	0.36132747	0.24383634
0.96171063	0.7240521	0.53810257
0.30025733	0.76221895	-0.51057667
0.31499517	0.60334176	-0.35582605
0.5091628	0.5083618	0.08689104
0.9330745	0.18309748	0.5493073
0.9734334	0.31265754	0.5284618
0.92863405	0.61326313	0.522102
0.41812825	0.49289995	0.09921573
0.4771766	0.79531264	0.29087856
0.36068374	0.16910535	0.13765168
0.30233645	0.28399122	0.57979226
0.020118892	0.15302962	0.31651065
0.7226426	0.96186477	-0.5406782
0.16016811	0.6928355	-0.7035696
0.5440203	0.6194053	0.34768116
0.27097	0.714575	-0.723543
0.27326804	0.40010846	0.7270544
0.07315403	0.37918103	0.06543823
0.82347465	0.27111417	0.3666378
0.17457753	0.35690182	0.25419006
0.2620328	0.36590666	0.6127743
0.9695394	0.16031629	0.7253478
0.07398152	0.07546908	0.05164575
0.1774236	0.60712343	-0.16990338
0.28346848	0.870662	-0.13157086
0.9875071	0.317298	0.58955187
0.25800198	0.7615445	-0.7503601
0.1786769	0.84724116	-0.23058891
0.3951853	0.43513554	0.6257055
0.49999964	0.81737494	0.13830332
0.749695	0.6852774	-0.38425517
0.85138565	0.9179502	0.14414154
0.78635406	0.18446904	-0.41628647
0.5995101	0.58274305	0.33098042
0.11525297	0.81997055	-0.328304
0.17790812	0.43154228	0.41298714
0.441737	0.36870176	0.64496446
0.23338771	0.9367325	0.23616497
0.5536001	0.6954841	0.32962883
0.1288895	0.88643545	0.20452681
0.5359727	0.20613265	0.33943298
0.9317303	0.49715614	0.80720484
0.67639697	0.21891749	0.11107225
0.5383801	0.39604545	0.17658943
0.45415056	0.72083706	0.32953814
0.4638105	0.912066	-0.22844924
0.5384103	0.60973865	0.32136086
0.82042795	0.024488926	-0.6200111
0.8862392	0.2667082	0.5884526
0.6102063	0.71796376	0.06364789
0.767988	0.72491145	-0.36066675
0.21382743	0.082265794	0.060633577
0.21697617	0.7966552	-0.5876656
0.8021343	0.41847277	0.88542
0.13780802	0.9772485	0.8668339
0.49191916	0.65181667	0.24612625
0.24014312	0.40724373	0.5515178
0.9246122	0.08553606	0.493621
0.9814285	0.6714434	0.4394269
0.09448451	0.47720414	0.04930521
0.43816328	0.24205917	0.4375511
0.76354885	0.2642305	0.1478385
0.70805585	0.40032423	0.38409823
0.11942792	0.6504873	-0.5042634
0.29185134	0.018145561	0.35311747
0.74150616	0.32292044	0.27085745
0.51501775	0.37935662	0.20203939
0.908414	0.12264335	0.28990296
0.30884004	0.24711746	0.41277125
0.59529567	0.76083106	-0.11182189
0.44351667	0.84637207	0.13271676
0.55065626	0.57063854	0.29758507
0.20021564	0.9906251	0.6912512
0.80618864	0.5340953	0.2992944
0.7536246	0.83145934	-0.27331778
0.72984725	0.29670018	0.17119896
0.8707519	0.5422454	0.5597526
0.050497353	0.21987456	0.20993602
0.41718984	0.07549918	-0.4219039
0.08759886	0.32197225	0.09592564
0.2520814	0.85685235	-0.2180742
0.5121083	0.9690786	-0.8044766
0.2652036	0.64573634	-0.5947311
0.36248147	0.9794212	-0.17519692
0.5482569	0.70432806	0.3511369
0.76593643	0.8977756	-0.21984546
0.5982807	0.5409297	0.40031725
0.23486423	0.57950807	-0.13263361
0.76311696	0.07730222	-0.58768266
0.45556748	0.42953014	0.2919859
0.69556713	0.8442883	-0.5860333
0.9445955	0.7341101	0.539297
0.91010106	0.9295273	0.13125362
0.72089124	0.9491542	-0.5871196
0.9639259	0.69371086	0.488024
0.8964042	0.5589334	0.5579711
0.2635851	0.5685507	-0.03885477
0.89379746	0.56322026	0.49377087
0.7327401	0.69948244	-0.37652114
0.1886251	0.13076729	0.05683236
0.16585118	0.47751755	0.42604864
0.26998943	0.90470064	0.0077964123
0.1169588	0.15002638	0.09744971
0.24273908	0.06351125	0.16481896
0.80174494	0.7802539	-0.037457157
0.024045467	0.2804851	0.3405112
0.5637826	0.86325145	-0.5395935
0.18339604	0.8296793	-0.3391358
0.55758363	0.5143912	0.3111655
0.089354396	0.8236363	-0.23742612
0.65925986	0.8826712	-0.8067213
0.9042073	0.6610758	0.3725932
0.056174636	0.98911977	0.62514526
0.8931652	0.010418057	0.15877162
0.91647285	0.05261463	0.37777483
0.62775135	0.1959818	0.41878518
0.013519943	0.5868473	-0.7192145
0.9178113	0.81561816	0.4950131
0.37582397	0.73212934	-0.07150689
0.3936267	0.40734404	0.7404871
0.4131919	0.47574645	0.19646986
0.63093126	0.7046126	-0.051055215
0.015863776	0.046397865	0.065957755
0.31461918	0.9840379	0.011060342
0.2965287	0.7061095	-0.6440775
0.27302963	0.65130574	-0.660937
0.087043226	0.6251198	-0.50286484
0.7643596	0.36480784	0.60467255
0.7044672	0.44777787	0.37580705
0.14500976	0.07569659	-0.0129333995
0.120018125	0.8008891	-0.45613316
0.04048121	0.153027	0.2651558
0.82183856	0.9197931	0.13461949
0.2391488	0.78151363	-0.65816146
0.82290155	0.38856083	0.9228448
0.94237185	0.7425273	0.5478446
0.31990755	0.9028155	0.011576168
0.02586788	0.1467182	0.26192537
0.51150316	0.8049026	0.13996015
0.17666906	0.26660788	0.099357866
0.08297765	0.55963296	-0.29523465
0.6816092	0.13970953	0.25449428
0.66780746	0.9178517	-0.86911976
0.498824	0.20208609	0.17833261
0.76124334	0.99549425	-0.30303574
0.47192973	0.2859782	0.48428473
0.5627019	0.2724008	0.2980888
0.80819225	0.5020127	0.5029987
0.91766614	0.48650497	0.78260094
0.90421045	0.10400659	0.21440977
0.9135028	0.3972903	0.8683597
0.23402083	0.6931561	-0.7418708
0.85154736	0.1946792	-0.011353193
0.7017512	0.7444086	-0.37601706
0.26181978	0.691662	-0.7515789
0.8931268	0.80383563	0.49494782
0.04743135	0.21997344	0.24733745
0.60780656	0.18305212	0.51066774
0.17412978	0.94638467	0.65904486
0.90931803	0.6253475	0.46725473
0.78236306	0.22315258	-0.11062736
0.105742335	0.055544436	0.0126069505
0.08449972	0.16428035	0.18418694
0.39867282	0.5303136	-0.041100167
0.90367967	0.6996873	0.4559159
0.19662988	0.6236099	-0.27516776
0.6424437	0.12853229	0.6453966
0.34667987	0.69471264	-0.48098844
0.48233628	0.43681836	0.16345371
0.5225574	0.663028	0.3776601
0.9891609	0.5998221	0.5184351
0.8360689	0.8850139	0.22732247
0.48754686	0.14185661	-0.1582751
0.93986744	0.68996567	0.49664536
0.4627865	0.325657	0.6431036
0.1994173	0.013864517	0.21112497
0.1446634	0.86061406	0.057563268
0.61245614	0.22235525	0.41890728
0.77481204	0.38967228	0.6538391
0.18880999	0.67500997	-0.6263016
0.5842585	0.0726676	0.6218602
0.1298725	0.09719223	0.0161281
0.5171153	0.79603153	0.15006806
0.81688076	0.29067624	0.52050966
0.52464825	0.76920146	0.3137442
0.34269804	0.034400344	0.13649167
0.6341527	0.46626604	0.31916246
0.05255741	0.75431406	-0.6863153
0.8055823	0.6902321	-0.22457062
0.22070122	0.46687263	0.5363073
0.1612572	0.3366732	0.23268816
0.64614224	0.9666622	-1.0053335
0.47824287	0.16001499	-0.059708185
0.93447864	0.68647623	0.56343865
0.42816842	0.42134953	0.46901557
0.8522415	0.9477993	0.06750345
0.52985406	0.90139055	-0.6445385
0.5037043	0.51788396	0.018582541
0.52680534	0.82685685	-0.11074799
0.7033637	0.36482584	0.24038208
0.637166	0.06546688	0.9200965
0.49650466	0.37317556	0.30833283
0.79124916	0.7898306	-0.08826343
0.5907364	0.49416667	0.3318622
0.048627496	0.8312156	-0.37473443
0.93271405	0.61408645	0.5368652
0.77797216	0.70024854	-0.3432342
0.7523675	0.44583482	0.50291604
0.07669222	0.7432514	-0.69088453
0.32444727	0.72363955	-0.49472344
0.6071715	0.949453	-1.0726359
0.55695903	0.23860204	0.2950824
0.1342693	0.9338672	0.5976755
0.42698216	0.27651525	0.71878755
0.8675778	0.7855884	0.36621425
0.94869876	0.992642	-0.40447086
0.219706	0.10269576	0.07867753
0.44569117	0.8881679	-0.040810265
0.38505244	0.33990657	0.9896369
0.5332668	0.38711822	0.1988734
0.45107853	0.07506961	-0.5540197
0.14764786	0.7686678	-0.6447413
0.68388283	0.024979055	0.5579458
0.0891785	0.33149248	0.101117164
0.28453326	0.06195575	0.1705962
0.68263865	0.91321015	-0.8456785
0.60087985	0.9841831	-1.1702129
0.16479981	0.2533093	0.18529564
0.52251416	0.2127983	0.22761445
0.06433129	0.9531057	0.4496397
0.17271948	0.14383906	0.030683305
0.12205541	0.6823164	-0.63049513
0.9271199	0.96657443	-0.2113071
0.6537096	0.5552217	0.1720061
0.16440839	0.7644971	-0.68943036
0.3844741	0.2874775	0.8558984
0.25157702	0.67153054	-0.76892143
0.46813822	0.6792573	0.28618556
0.24647725	0.54525536	0.11215816
0.5014361	0.5735598	0.109558046
0.56588364	0.20178467	0.40735257
0.05900532	0.17468935	0.20283645
0.8573095	0.6052876	0.16748111
0.04428488	0.2435779	0.22512421
0.42635417	0.68605644	0.03968655
0.9576053	0.47938442	0.7180023
0.9987857	0.8352616	0.14969061
0.63460195	0.08573979	0.88398117
0.08405805	0.88703865	0.14265145
0.099558115	0.6961674	-0.6780218
0.807454	0.30028397	0.5852412
0.5118265	0.8756633	-0.31489417
0.3279031	0.6612317	-0.5618784
0.050597847	0.5495769	-0.4345968
0.2391066	0.3502664	0.45480573
0.3378963	0.9921644	-0.18204544
0.2765448	0.36034036	0.6953267
0.65121245	0.6852443	-0.10771078
0.9703141	0.946636	-0.19435798
0.5586691	0.10484338	0.36940554
0.7168578	0.48429525	0.275067
0.94708806	0.77931046	0.52833164
0.7388358	0.01626581	-0.22489582
0.111055434	0.24196255	0.114655636
0.5991542	0.024493337	0.72375834
0.83894	0.6432727	-0.057748146
0.21118814	0.611278	-0.2851189
0.37151748	0.2545696	0.6462121
0.887968	0.3087799	0.7706874
0.3819505	0.2828281	0.79204136
0.47960073	0.7497125	0.3714831
0.49851483	0.904289	-0.4979356
0.4263243	0.93590665	-0.22649828
0.29954988	0.95467234	0.03011217
0.2764067	0.7704252	-0.6179804
0.67933017	0.10010266	0.44627962
0.3942936	0.64367133	-0.2869089
0.8550389	0.6193662	0.12263812
0.57607603	0.7060148	0.24015696
0.70170534	0.34035343	0.2206179
0.24472171	0.8361702	-0.36602765
0.87898785	0.27958214	0.553395
0.8656241	0.314058	0.73312324
0.29971516	0.69746906	-0.635757
0.74791527	0.11701107	-0.48863125
0.6013881	0.35622984	0.14883977
0.86253905	0.5890282	0.27323803
0.15746236	0.9949134	0.94407403
0.41088194	0.67343503	-0.051861543
0.5880607	0.087133884	0.6315028
0.053539693	0.5308827	-0.36494526
0.62455344	0.5503422	0.2912911
0.9680999	0.13578987	0.78456175
0.4680984	0.31180716	0.5332743
0.2981813	0.32895243	0.755631
0.33446753	0.65401906	-0.50224817
0.8662446	0.7541027	0.31363717
0.61585814	0.5926336	0.31901947
0.7486888	0.26343125	0.043900087
0.5508069	0.87135756	-0.53081685
0.6909504	0.39808893	0.24960819
0.32294345	0.8740637	-0.0459387
0.3372991	0.4808256	0.4292906
0.906786	0.6231922	0.47073525
0.9184317	0.20192516	0.52479935
0.899194	0.983912	-0.23729967
0.31895566	0.5185837	0.20889759
0.96300143	0.06571436	0.74248785
0.58397996	0.97390205	-1.079507
0.08985829	0.65902287	-0.59258825
0.238532	0.8123165	-0.57394195
0.84017986	0.69794184	-0.05014084
0.571905	0.017485917	0.3195344
0.50359637	0.4274565	0.094678685
0.87850296	0.84792185	0.4337178
0.54481333	0.4058497	0.21594226
0.861952	0.93750906	0.13853607
0.15743506	0.39241117	0.26435533
0.8218135	0.09495276	-0.6229881
0.4119634	0.8440795	0.18683137
0.15677863	0.17659682	0.088513345
0.059491515	0.46918863	-0.08193439
0.060469568	0.10004288	0.1874349
0.40043992	0.7803413	0.23071657
0.1086877	0.683229	-0.6276994
0.5040304	0.9675889	-0.71119165
0.9665788	0.67287636	0.4753834
0.92399174	0.9433692	-0.02212468
0.1717118	0.49541193	0.39545915
0.033551753	0.38745242	0.090830535
0.54796976	0.112902164	0.28018567
0.26537603	0.87562835	-0.14961076
0.8427936	0.71305287	0.096145235
0.23906201	0.27494758	0.28772774
0.50056005	0.5134714	0.02426167
0.7743283	0.8366446	-0.13872665
0.53546745	0.66888404	0.40076613
0.84057635	0.62578595	-0.0123814065
0.45999485	0.8483821	0.11761323
0.78715616	0.071394145	-0.7531801
0.4596051	0.5266387	-0.1156947
0.52280027	0.34871078	0.19810233
0.8567142	0.015694082	-0.36700183
0.31486398	0.08881849	-0.0039064735
0.92070496	0.31079853	0.7097566
0.047302425	0.68320394	-0.83354825
0.31291372	0.068706155	0.15910852
0.23612046	0.70672536	-0.81576085
0.5673006	0.091834605	0.44244647
0.71258324	0.42321342	0.42908686
0.22450882	0.71447843	-0.7760277
0.5148667	0.32970434	0.27140754
0.74874294	0.17558962	-0.3366867
0.32115543	0.30367315	0.7349365
0.0965057	0.4581983	0.08163977
0.090994656	0.5573431	-0.1819022
0.30768204	0.72225463	-0.5094389
0.50492764	0.64025015	0.30861822
0.62378025	0.7158049	-0.020452624
0.3987738	0.30697358	0.868349
0.97315407	0.35602129	0.5927895
0.25417447	0.33113015	0.46036202
0.39664882	0.6336936	-0.28159785
0.48646122	0.78754234	0.2760794
0.98672444	0.10440594	0.7660994
0.024103224	0.032679915	0.08798639
0.54819816	0.7222617	0.28649512
0.41656524	0.48421496	0.11251695
0.2028737	0.20698422	0.09181965
0.8965383	0.15843737	0.23813276
0.65120625	0.17304832	0.47430426
0.77398485	0.42568392	0.6769729
0.8857911	0.4876392	0.7947165
0.053250194	0.11357409	0.13731651
0.6649096	0.5439726	0.18206523
0.26676285	0.42699093	0.6883442
0.59351027	0.717885	0.12094523
0.48373485	0.37407398	0.3171082
0.61802024	0.68377334	0.11409676
0.12955284	0.3886286	0.15021321
0.6236283	0.4243291	0.25349593
0.47702253	0.6961066	0.33601063
0.6603066	0.12029141	0.56097424
0.77016747	0.9713893	-0.25104314
0.88461185	0.95576286	0.0031102747
0.82420665	0.85554546	0.16403656
0.1806634	0.78879315	-0.6209321
0.49037206	0.27780205	0.41991693
0.91235405	0.30911773	0.6941197
0.091184616	0.5514341	-0.20578854
0.8060136	0.94844127	0.01269269
0.8583079	0.18411702	-0.0253876
0.033510685	0.865489	-0.21418399
0.8200543	0.35690433	0.80784255
0.76015353	0.90335226	-0.26985678
0.8919525	0.4046991	0.95178026
0.24616206	0.16007751	0.0012656525
0.6515604	0.025255322	0.8999312
0.3126309	0.84745866	-0.1546667
0.60723025	0.76858675	-0.16232118
0.51910067	0.7682534	0.24565712
0.5308804	0.10545087	0.07968756
0.45228928	0.17495519	-0.005921431
0.110895514	0.7794185	-0.51701003
0.15402573	0.5844576	-0.02601282
0.38925534	0.5218875	0.054198243
0.83191717	0.29570252	0.5304989
0.2094459	0.9686328	0.6027892
0.2807222	0.71172637	-0.70750666
0.2683288	0.5973143	-0.3019684
0.6708245	0.6699288	-0.08705595
0.905092	0.892742	0.31123722
0.2876923	0.35525417	0.72578806
0.9456777	0.6594704	0.59064883
0.43200862	0.25813228	0.5799241
0.10176432	0.36980742	0.1359273
0.10355562	0.37780416	0.15942222
0.809419	0.9326273	-0.04373436
0.6412458	0.3309222	0.11164689
0.014785886	0.8040545	-0.5454218
0.26396543	0.5392704	0.15899637
0.44521904	0.5181607	-0.11408682
0.57296735	0.47940844	0.3495661
0.43154693	0.028403938	-0.6433392
0.27613395	0.6597567	-0.6156595
0.27478242	0.26552802	0.39619488
0.7355614	0.45616627	0.43999434
0.8034727	0.5505069	0.11719152
0.11238015	0.36327296	0.120110966
0.27558488	0.34689605	0.74026674
0.42283124	0.18589509	0.123581916
0.30332136	0.901091	-0.02088081
0.9789318	0.9020559	0.0017965783
0.49402952	0.8393822	0.040458094
0.12919837	0.2513274	0.11039657
0.36487317	0.18712097	0.17831482
0.37037098	0.98142374	-0.17839956
0.12283349	0.80028874	-0.4232455
0.15368336	0.644992	-0.37659636
0.08237058	0.7687567	-0.5680664
0.8898695	0.4566877	0.8406409
0.010358751	0.124082625	0.26352644
0.9590022	0.6401071	0.5166304
0.1409899	0.07038897	0.0032633953
0.68260145	0.9990446	-0.8837268
0.66951025	0.19024509	0.26554418
0.10481548	0.47071075	0.13490872
0.8869044	0.3777178	0.90716404
0.6375459	0.54506445	0.29850495
0.6596435	0.5028468	0.23630193
0.60853076	0.44751883	0.3135479
0.7736343	0.6765889	-0.30750066
0.041865945	0.43985093	-0.045694295
0.20388263	0.047074974	0.11177203
0.22965354	0.024877846	0.29550636
0.20477277	0.03190416	0.15844676
0.8071761	0.2564444	0.21404818
0.089580536	0.8067372	-0.4088104
0.17933273	0.6425782	-0.43793646
0.956673	0.18172473	0.6418902
0.053210795	0.16029161	0.21423247
0.7641771	0.2583859	0.08071612
0.7383055	0.1282785	-0.36190337
0.7620709	0.8459155	-0.24119365
0.90451497	0.19463193	0.38495526
0.273502	0.48925263	0.51700586
0.033876777	0.043335795	0.07139894
0.9859775	0.6491168	0.4866538
0.9430378	0.81831723	0.4421797
0.32631254	0.22568858	0.33995068
0.9296631	0.0021636486	0.5104371
0.0822103	0.41247064	0.048944555
0.7259213	0.8498965	-0.46660978
0.7015033	0.1102553	0.10072217
0.83339614	0.7529358	0.09347387
0.48856884	0.6521418	0.20525098
0.3731354	0.69340366	-0.24748334
0.57620424	0.22877336	0.37704828
0.3444764	0.5586687	-0.19003528
0.34321493	0.8348844	0.053548876
0.25674564	0.9137128	0.08733579
0.34277236	0.7677107	-0.16824415
0.65910995	0.5182288	0.2228293
0.83903664	0.096761405	-0.5387527
0.41876477	0.34190363	0.8918341
0.9408305	0.820704	0.46491134
0.7200998	0.87807244	-0.52715766
0.62972873	0.6457633	0.14734106
0.1758157	0.9361851	0.54682934
0.36238897	0.94623995	-0.085114606
0.16292727	0.24472749	0.074566916
0.9009848	0.51013166	0.7528698
0.64362144	0.9469404	-1.0785306
0.83139455	0.52307653	0.46182942
0.91197497	0.19510472	0.41445732
0.5808813	0.96286494	-1.0840629
0.14548713	0.68374133	-0.61921304
0.48339093	0.6315581	0.13679953
0.73874325	0.9656457	-0.42950398
0.8374276	0.6810969	-0.085805625
0.17123133	0.09027493	0.044188075
0.7231432	0.84980357	-0.42035407
0.17975605	0.8948714	0.21222682
0.30883932	0.19419676	0.12850657
0.8057852	0.23855269	0.022100553
0.72232145	0.13261789	-0.23688605
0.56091166	0.32909817	0.21133651
0.4817561	0.084703565	-0.4803148
0.039951026	0.53396225	-0.43767786
0.8842183	0.11210537	-0.07082017
0.2841977	0.91065717	0.016445797
0.7360279	0.24873465	-0.027572917
0.25937414	0.5416706	0.08514746
0.99781084	0.3257891	0.48677555
0.041477203	0.29191297	0.2413757
0.96039927	0.89881104	0.08974917
0.9974668	0.13739729	0.7233201
0.25584084	0.22582358	0.16865687
0.43813813	0.12315261	-0.27479774
0.37379158	0.21922982	0.40810674
0.7884904	0.92742527	-0.11003952
0.8908878	0.01575476	0.12566116
0.13714671	0.16061199	0.09639743
0.7326499	0.5268628	0.13719127
0.61258096	0.66538763	0.15605679
0.44942302	0.31667578	0.6062078
0.077964485	0.5289875	-0.14603347
0.52000356	0.7782503	0.19020681
0.6665043	0.0018345118	0.75280297
0.1135847	0.5990484	-0.2961337
0.1602698	0.8042409	-0.53000325
0.5532131	0.94052345	-0.9135136
0.55487084	0.036741495	0.15206909
0.795424	0.0933426	-0.73389447
0.4672349	0.090034544	-0.54696596
0.15453649	0.952602	0.73945016
0.11618757	0.4560691	0.22239754
0.21400023	0.57487965	-0.009329958
0.567449	0.9406898	-1.0031716
0.37655616	0.39165598	0.9443559
0.502637	0.9366252	-0.6117062
0.85402066	0.28676838	0.5455531
0.6379484	0.32586467	0.09002753
0.030993044	0.0038518906	-0.010095259
0.41535252	0.45342654	0.317207
0.038212597	0.9919924	0.47625315
0.5172048	0.8421901	-0.1562207
0.7326953	0.37949848	0.40942478
0.963706	0.8682808	0.12025509
0.8524555	0.7800252	0.32589602
0.6850351	0.008054495	0.612984
0.5204253	0.29552525	0.27561146
0.56116545	0.76362395	0.05772751
0.74456966	0.7233048	-0.38395452
0.32259881	0.8463574	-0.0065574422
0.11324364	0.19420004	0.12581131
0.11400646	0.6128114	-0.32631776
0.81942636	0.3888898	0.9024607
0.20827776	0.2132644	0.06268061
0.26230597	0.006446302	0.3866361
0.46718866	0.16428763	-0.056877352
0.81888795	0.47423536	0.7126365
0.859294	0.42705226	0.9452785
0.8327187	0.6033323	0.05257147
0.530514	0.80633307	-0.01968398
0.9030745	0.09550011	0.26420528
0.3750931	0.8098638	0.10392326
0.55957144	0.1289562	0.38288468
0.95439625	0.49981093	0.73254955
0.50407547	0.3830245	0.18205227
0.0107674	0.5588426	-0.6069933
0.6108022	0.15529835	0.5988592
0.082847655	0.5953429	-0.41876498
0.37427878	0.101218104	-0.14827347
0.32983392	0.6516813	-0.53959274
0.31444353	0.4478265	0.73220253
0.89707494	0.35124028	0.8151164
0.24234849	0.32598108	0.42673254
0.49386334	0.22696334	0.208408
0.80329233	0.21898991	-0.05772536
0.50510913	0.034959137	-0.5486343
0.97882485	0.6731507	0.45011047
0.8446534	0.33956778	0.8082135
0.7948172	0.9671105	-0.13132787
0.16403341	0.40007108	0.3128656
0.119142175	0.35928732	0.13078736
0.80329025	0.022884548	-0.6961218
0.8255979	0.49980414	0.5323609
0.048741996	0.38332075	-0.012625545
0.18482924	0.11927569	0.022865433
0.08996391	0.037277043	-0.036781907
0.26125014	0.55026686	0.051570266
0.8942909	0.051708758	0.12830268
0.07737285	0.11605388	0.07201947
0.033943772	0.34425902	0.16430505
0.67091316	0.6640053	-0.124372356
0.87166643	0.58312327	0.34165233
0.77943027	0.26170713	0.07314002
0.08864373	0.5869719	-0.34770975
0.8943539	0.5472083	0.57375574
0.8510417	0.25869173	0.4112136
0.6908343	0.09012264	0.2644754
0.4572881	0.8238526	0.2666648
0.030150414	0.79498523	-0.59089977
0.093658924	0.3382051	0.070347354
0.2701078	0.97513103	0.13368426
0.080907285	0.08815575	0.09705949
0.23541301	0.3534215	0.46908206
0.44095916	0.18229145	0.10556817
0.29665035	0.4149533	0.90245
0.91037565	0.23349744	0.53310436
0.3799098	0.43159992	0.69994056
0.85902196	0.7680145	0.20416512
0.9948063	0.65301985	0.41791072
0.56425786	0.66971797	0.2808459
0.08701855	0.7913428	-0.5075791
0.66610056	0.54260767	0.274134
0.535393	0.8490312	-0.3475432
0.55647117	0.54466563	0.3268916
0.74614376	0.58887184	-0.13827917
0.838246	0.3312691	0.80367535
0.0950318	0.6996486	-0.7077084
0.19915974	0.49159807	0.45256662
0.9354264	0.25146246	0.6318959
0.961783	0.3218155	0.6141639
0.06517559	0.43572897	-0.05121097
0.23637235	0.011666715	0.34830958
0.8847123	0.9762796	-0.08168256
0.586672	0.44382352	0.2922548
0.51232773	0.94429034	-0.66016793
0.6575022	0.42579752	0.27215832
0.6752549	0.5647919	0.1525436
0.24774325	0.9583596	0.32889175
0.680674	0.4258669	0.27427942
0.028648019	0.73945796	-0.80547106
0.5326258	0.94860846	-0.83397764
0.092659056	0.6059148	-0.34762806
0.751009	0.85409206	-0.30871835
0.015843749	0.83365506	-0.43118477
0.032735407	0.6356256	-0.76081175
0.36917508	0.7708135	0.021951543
0.9768892	0.9451961	-0.18394971
0.29265344	0.9610433	0.05534538
0.67977107	0.5702083	0.07507799
0.438316	0.57075816	-0.24479486
0.533545	0.89278775	-0.6660502
0.37602288	0.68234974	-0.293061
0.21409345	0.9063273	0.19497265
0.60168266	0.043655634	0.763969
0.8905818	0.20293474	0.2884309
0.57471424	0.21759415	0.3180187
0.994155	0.89667237	-0.053670153
0.94361264	0.5091135	0.61030644
0.10501927	0.9262579	0.50999826
0.011869073	0.48803973	-0.36798036
0.55461276	0.8260645	-0.25783783
0.8029184	0.6100124	-0.17525525
0.67648107	0.49024028	0.3562068
0.6711661	0.3666981	0.17233555
0.15030122	0.37798762	0.20764932
0.7946794	0.10308176	-0.71254766
0.7656984	0.6297201	-0.26233998
0.90866005	0.46658248	0.792517
0.9353229	0.30700433	0.7101607
0.3203538	0.86112946	-0.041655093
0.34453994	0.3798632	0.9913695
0.26499438	0.5901451	-0.28491926
0.29731226	0.2127561	0.17775695
0.16071439	0.78246236	-0.59162223
0.17491847	0.5926398	-0.10022172
0.2620188	0.5675619	-0.022063036
0.98779386	0.057623863	0.76716894
0.7144989	0.4893012	0.24354525
0.97075427	0.023131788	0.7428564
0.7424955	0.06826484	-0.3564247
0.4314456	0.32556874	0.79885316
0.69015485	0.92198104	-0.7170562
0.2235173	0.8624244	-0.12771177
0.37452602	0.18502575	0.20162408
0.08360994	0.36349285	0.0773536
0.54684395	0.98509586	-0.99024385
0.5494735	0.71855396	0.37213367
0.011203051	0.2369026	0.40774927
0.7532772	0.27735478	0.15060127
0.4487877	0.23547071	0.40325165
0.92293423	0.5355101	0.6383453
0.34447914	0.02990979	0.13849731
0.59239066	0.4869901	0.33761603
0.46070796	0.20434225	0.22223872
0.6086608	0.72661877	0.037801072
0.87847626	0.15184015	-0.016156424
0.63042754	0.15050864	0.6103758
0.9491783	0.8872079	0.13970152
0.15587068	0.81856877	-0.3165396
0.1694814	0.94607204	0.6012034
0.18214518	0.71127534	-0.7525893
0.13887173	0.6793549	-0.6392153
0.7035011	0.32886034	0.14023131
0.9651808	0.11118829	0.7495854
0.85109353	0.31515652	0.726946
0.23689878	0.9844142	0.42226037
0.26310825	0.68427837	-0.7478019
0.7212148	0.6498127	-0.29630756
0.11147612	0.4006195	0.16336
0.11874741	0.7484424	-0.65541595
0.3806486	0.020389497	-0.10974473
0.7687022	0.42800844	0.70382786
0.22256225	0.1549331	0.07255418
0.768976	0.059737563	-0.63088423
0.3774969	0.80970454	0.11369629
0.5030842	0.3021502	0.34540182
0.93388426	0.8495	0.325392
0.87626165	0.3910781	0.9243938
0.9093495	0.11320621	0.2819016
0.70518494	0.026883662	0.27672356
0.9727965	0.002379477	0.73283863
0.3941568	0.5604553	-0.24615167
0.27595377	0.016883612	0.3918084
0.028659165	0.18060511	0.26364166
0.29922503	0.7000848	-0.6729654
0.53342485	0.86018074	-0.35774824
0.12416774	0.46634406	0.24788819
0.117262125	0.53552085	0.038256474
0.15149838	0.08140451	0.042216126
0.9383443	0.29800075	0.6688149
0.8878024	0.7505083	0.33397686
0.30708748	0.8183019	-0.18445265
0.018560171	0.13787961	0.30397
0.48589855	0.083603084	-0.49300674
0.1708718	0.72600687	-0.7225647
0.22462034	0.8718696	-0.10570017
0.48894733	0.17466134	0.031038119
0.077575386	0.7208743	-0.73659885
0.6554225	0.524059	0.28243813
0.9012403	0.43082994	0.88925636
0.97384703	0.9036167	-0.03085675
0.32192612	0.7546412	-0.35808775
0.8486145	0.81815094	0.3341931
0.48080707	0.31381804	0.46587008
0.9970446	0.08535516	0.73342884
0.47358423	0.6688179	0.22801855
0.9628792	0.50661606	0.6295523
0.46812147	0.3347326	0.5353093
0.34456533	0.36320448	1.0308731
0.40688306	0.87730604	0.1389968
0.33925623	0.026123166	0.17058213
0.077946246	0.94789606	0.5016006
0.09119195	0.56499743	-0.18981151
0.9402042	0.3031975	0.6617317
0.98166174	0.8289499	0.24319455
0.5930055	0.91167253	-0.93764967
0.1949212	0.36246502	0.36690372
0.37697977	0.42138523	0.802289
0.9839277	0.44163525	0.6066403
0.49923253	0.18591142	0.0672092
0.1392045	0.99245423	0.9783153
0.6683902	0.77136225	-0.4438356
0.7884492	0.0007303357	-0.5610241
0.28549838	0.67762804	-0.63674676
0.8740111	0.6507181	0.14770132
0.12866676	0.7025291	-0.6969031
0.14212191	0.032755375	-0.03914227
0.5674305	0.9458931	-1.0606583
0.35040814	0.15450102	0.0094768945
0.7930098	0.17544842	-0.3915074
0.33416092	0.3923623	0.9856722
0.16446465	0.18216693	0.0429085
0.42120713	0.64908445	-0.13587774
0.17609948	0.03952694	0.024020113
0.3021986	0.14341503	-0.019356567
0.36117566	0.6128333	-0.4163684
0.3954835	0.25444865	0.7070627
0.8919721	0.44225585	0.949278
0.42619348	0.06892145	-0.44717127
0.6357477	0.61327237	0.20601767
0.92925274	0.8781929	0.3165271
0.6790972	0.64981014	-0.095409706
0.051130116	0.9179077	0.1789674
0.26987755	0.29064727	0.40531197
0.035958946	0.5199178	-0.45794755
0.80372727	0.30712306	0.5747116
0.21972841	0.3786378	0.49696147
0.38040686	0.14683545	-0.081154175
0.44484454	0.5650265	-0.14516306
0.71377224	0.6546875	-0.29701298
0.884111	0.57250816	0.42970783
0.9693557	0.09748888	0.7773661
0.31206435	0.9982406	-0.0020688176
0.5378292	0.797827	0.030439146
0.68145674	0.52329576	0.22824119
0.49411172	0.94279146	-0.5943742
0.108097315	0.95409346	0.72449857
0.18411869	0.37135792	0.36251435
0.5741904	0.31834662	0.19246721
0.1462313	0.035844028	-0.019658966
0.73054713	0.51895356	0.2167777
0.31026357	0.15117854	0.039400276
0.16038966	0.15313816	0.063515246
0.0146307945	0.9782696	0.31257507
0.08113462	0.33113754	0.11352737
0.7320091	0.22761917	-0.094766155
0.5425704	0.77111346	0.16410406
0.15403926	0.29112446	0.17901213
0.8195656	0.0973649	-0.63969624
0.91989726	0.6839071	0.4218746
0.8976818	0.98609346	-0.1998582
0.22194183	0.74429137	-0.7852583
0.6176389	0.17645812	0.49074405
0.4637435	0.52349406	-0.07513655
0.50501925	0.45878935	0.09467974
0.53982186	0.8212519	-0.13466743
0.71252745	0.16802049	-0.09149951
0.81640905	0.54882354	0.24865024
0.6776123	0.10590148	0.42398846
0.93394125	0.6612133	0.458228
0.24442554	0.59368527	-0.1751204
0.74318963	0.27047515	0.11787103
0.7441771	0.6013221	-0.16730174
0.80502605	0.80716676	0.012925528
0.7758062	0.9693175	-0.23636544
0.89951205	0.8838656	0.27721962
0.8387082	0.3980986	0.91484964
0.1762104	0.016279995	0.08815439
0.8116399	0.20171595	-0.21272786
0.75491256	0.25060767	-0.025992544
0.00038844347	0.24649769	0.5374418
0.32711935	0.9819168	-0.10931558
0.21937108	0.62085545	-0.33592454
0.52699137	0.40570223	0.20518683
0.20112532	0.039735973	0.13318738
0.58283585	0.8326397	-0.46520025
0.69855344	0.86691636	-0.56900674
0.76629364	0.07472211	-0.6066393
0.6927377	0.095606685	0.19776541
0.96852005	0.78473705	0.43521574
0.33427423	0.34083796	0.954854
0.115784645	0.3732558	0.17013882
0.8315703	0.19181746	-0.10781917
0.83005553	0.6381773	-0.116866596
0.54080814	0.059582114	-0.015294794
0.5510858	0.22284132	0.27584752
0.10984415	0.06777704	-0.0056711584
0.9003211	0.122561276	0.17278512
0.42840666	0.7194654	0.16160527
0.59079844	0.99526083	-1.0997864
0.69101626	0.59196323	-0.007823914
0.65525365	0.72300696	-0.18262374
0.019380093	0.010225296	0.01580806
0.6036241	0.27006143	0.20579538
0.07027686	0.8259783	-0.2996873
