x1	x2	y
0.17050803	0.82515436	0.5031742
0.7714239	0.93667793	0.21985708
0.943795	0.3340758	0.45955226
0.85718036	0.13510555	0.04179566
0.8486841	0.19221711	-0.18720084
0.16014844	0.16161597	-0.28048384
0.9864621	0.64773536	-1.099849
0.15155184	0.12490225	-0.2576846
0.5517056	0.39215457	0.12519887
0.6302593	0.81467617	0.4881627
0.18412119	0.04592061	0.014193419
0.5515156	0.8333543	-0.018010084
0.80435693	0.4928307	-0.53467435
0.3666265	0.65941423	-0.07297684
0.84765816	0.069302976	-0.011211133
0.45265722	0.8780461	-0.7717611
0.8852155	0.963033	1.2706698
0.6930725	0.99371874	-0.30644193
0.01649183	0.59462523	0.18860604
0.5718848	0.8448328	0.2883588
0.5995775	0.82023597	0.40029266
0.06128031	0.4458267	0.036833953
0.68742794	0.8206795	0.083961464
0.6184444	0.8230555	0.44362965
0.34381098	0.45695293	0.1882816
0.96911997	0.83345276	-0.4391947
0.851075	0.06664735	0.008441715
0.49326134	0.06547308	0.717255
0.95392203	0.9047803	0.09688362
0.7792609	0.19254631	-0.48314482
0.21497977	0.1736865	0.33154106
0.6850408	0.9098629	-0.036248684
0.43477386	0.028836966	-0.2128634
0.39038157	0.5604799	-0.28431445
0.5285863	0.77170455	-0.41428584
0.6483389	0.36345738	0.02857668
0.14624232	0.4904912	0.090227865
0.26600432	0.10246569	0.95496774
0.21625185	0.04151684	0.40441096
0.5563375	0.36799687	0.14701176
0.21463543	0.59237623	0.41801885
0.46334606	0.1610524	-0.15117426
0.71709466	0.016820252	-0.35397023
0.45661718	0.8821869	-0.72669417
0.91064024	0.7670344	1.083951
0.40342218	0.6124844	-0.39884755
0.15093046	0.4842664	0.069813974
0.93152744	0.28962147	0.5481119
0.032577157	0.9101399	0.46140608
0.7035845	0.8467051	0.03693595
0.33769268	0.2907542	0.20587707
0.4131869	0.35017848	-0.6345982
0.566281	0.38656557	0.14627007
0.35749286	0.14622837	-0.012856524
0.31194597	0.15736324	0.761146
0.53486484	0.79405856	-0.39972484
0.7358196	0.5913251	0.00755667
0.13196361	0.43997437	-0.053567857
0.46458095	0.86967254	-0.8149212
0.58600056	0.8027734	0.32651985
0.9328779	0.43956262	0.4346019
0.09840608	0.11596155	-0.41718084
0.8953606	0.29385686	0.2953468
0.51924187	0.6827633	-0.5288072
0.48473978	0.039692223	0.67193097
0.42409837	0.6024101	-0.5058809
0.27795565	0.53513545	0.4370126
0.58568716	0.6957047	0.25000328
0.283064	0.9475276	0.47954676
0.930839	0.81467575	0.78839386
0.16579735	0.20628464	-0.25223756
0.55116653	0.23757595	0.41119727
0.4994179	0.25402385	0.09777005
0.2886448	0.5584458	0.41903177
0.09830439	0.6271946	0.43338287
0.4651047	0.29029864	-0.45473287
0.2495063	0.20314151	0.6776715
0.8921269	0.51779103	0.5159346
0.39176142	0.42675155	-0.4606553
0.09408456	0.04875636	-0.20817131
0.11509812	0.38469136	-0.24648254
0.2629907	0.6830448	0.59468925
0.8320278	0.1738674	-0.31077856
0.8230779	0.35871583	-0.56107324
0.33101594	0.9833817	-0.032025483
0.18363947	0.6291874	0.43849993
0.6473107	0.6565285	0.5507457
0.24423575	0.9283378	0.70934045
0.14074183	0.32689625	-0.31040615
0.9997256	0.3859278	-0.6625049
0.29679805	0.046705484	1.058481
0.0031812787	0.094531655	-0.37420085
0.35581768	0.16915256	-0.0004767282
0.7042682	0.33094788	-0.05875992
0.22427577	0.18140107	0.39951885
0.95367557	0.52396035	0.19135912
0.60235417	0.5973261	0.29599157
0.9435466	0.43744642	0.40352097
0.3658057	0.32055515	-0.19353913
0.1274057	0.36858785	-0.20747305
0.54878014	0.62449914	-0.13646454
0.58304787	0.5009499	0.18230146
0.9309215	0.5882229	0.64283234
0.3449993	0.21018618	0.141027
0.04571289	0.1884306	-0.2714118
0.7074142	0.9847786	-0.31920773
0.4324051	0.8765534	-0.63994694
0.32784873	0.64377725	0.24832495
0.8512466	0.09875554	0.026256848
0.43974483	0.3038159	-0.6377295
0.39656538	0.9230493	-0.38181293
0.25463122	0.87881887	0.65021896
0.53016937	0.06827062	1.0140533
0.47187757	0.43065727	-0.4992771
0.1908614	0.903168	0.4648511
0.17068231	0.9178743	0.4038122
0.20241493	0.4171877	0.22364908
0.7538717	0.26540577	-0.37962586
0.19085318	0.3071922	0.047631226
0.75970757	0.13007706	-0.29026175
0.15632737	0.85258657	0.44837064
0.605297	0.40178043	0.11829364
0.9524628	0.23415446	0.43548128
0.5723738	0.42274576	0.15829448
0.009820819	0.1918509	-0.35545883
0.8598332	0.9208418	1.266931
0.085252345	0.48850077	0.12324309
0.85182863	0.26952422	-0.28662288
0.49191105	0.42032927	-0.33142745
0.22695929	0.56330806	0.41902357
0.8328297	0.8510808	0.8362515
0.35985118	0.09060562	0.013853885
0.2945019	0.38168824	0.5168353
0.5842979	0.7241328	0.26250187
0.6673346	0.34153765	-0.027042892
0.041972995	0.7142812	0.4920714
0.6088779	0.12257677	-0.2530498
0.5414301	0.054561377	0.9626941
0.19422936	0.7059415	0.47514695
0.7171521	0.898225	-0.060887188
0.16903692	0.40647233	-0.03307294
0.56802213	0.86269027	0.19047163
0.7598986	0.5235854	-0.269793
0.82032555	0.4861037	-0.51946867
0.0922088	0.74789447	0.63136786
0.11307967	0.4923759	0.03533642
0.7503826	0.05503589	-0.23038393
0.7544241	0.0146583915	-0.22383311
0.44153416	0.75927234	-0.7107088
0.95686376	0.71069896	0.07574311
0.6328925	0.78434145	0.47578803
0.35267544	0.60030335	0.07698211
0.3375072	0.1784268	0.30809233
0.959877	0.040224314	0.32529062
0.2174257	0.59712684	0.43648484
0.40900642	0.55084074	-0.44356486
0.16467154	0.13456178	-0.23034614
0.07857281	0.0069593787	0.014829319
0.76979715	0.29424858	-0.46799907
0.9401448	0.85946	0.56680536
0.055126786	0.06982374	-0.14209512
0.15401226	0.1370418	-0.28063866
0.92198366	0.44672936	0.5009191
0.8543365	0.50194407	-0.13159618
0.68082494	0.1251136	-0.3868723
0.041686	0.96852255	0.5035194
0.08830243	0.9936577	0.56896025
0.101323605	0.92015994	0.57724833
0.44749475	0.5616052	-0.7325227
0.40610075	0.9649277	-0.45576054
0.49415708	0.74779075	-0.7829614
0.42719328	0.8938814	-0.5738944
0.45243865	0.8594548	-0.7822639
0.5593785	0.62857604	-0.035165213
0.010986865	0.5396532	0.021829251
0.09122831	0.27441907	-0.39601865
0.24299085	0.9953296	0.693014
0.1354596	0.67593116	0.49035567
0.14478111	0.46866548	0.015193002
0.89584845	0.08139235	0.113559335
0.36413217	0.6234862	-0.031619284
0.5819835	0.6437253	0.16979921
0.20962036	0.3366843	0.2034177
0.94107944	0.48070055	0.40654403
0.30931902	0.23451382	0.7265258
0.048368633	0.06503868	-0.049939804
0.47407603	0.5855599	-0.6892255
0.8269017	0.10986948	-0.15941346
0.55782765	0.51523525	0.05272884
0.38295627	0.20726895	-0.4747672
0.42265147	0.9924119	-0.5338439
0.10165578	0.6733341	0.5640491
0.34560156	0.6482836	0.086494856
0.66202587	0.37197232	-0.026309453
0.3679487	0.6137542	-0.06439419
0.6667749	0.037896514	-0.5986061
0.9110251	0.5448317	0.6772276
0.74800164	0.13755995	-0.26810122
0.75134367	0.7685631	0.0028418638
0.4586705	0.98359084	-0.5913506
0.56799805	0.8075807	0.17342317
0.52465326	0.59802127	-0.36048663
0.59030056	0.93042415	0.46023834
0.70557314	0.21072036	-0.27588463
0.564396	0.7489184	0.04442387
0.05393994	0.2949639	-0.23523262
0.68605155	0.39339793	0.11222719
0.34998578	0.20127988	0.09218327
0.7149751	0.824115	0.092079185
0.95374835	0.008631229	0.19299969
0.88670814	0.15876484	0.17694482
0.9107188	0.582353	0.7008585
0.5728812	0.48293513	0.1502906
0.14636189	0.82578844	0.50644
0.27933258	0.94520384	0.52744603
0.54414356	0.7745242	-0.19716224
0.68484855	0.5990001	0.40535593
0.45914072	0.13748431	-0.24525589
0.1585871	0.13934469	-0.24816304
0.9733104	0.80290484	-0.63730085
0.93406105	0.47999597	0.49606502
0.598063	0.741928	0.37258923
0.21237612	0.9031404	0.5809917
0.13556218	0.13014877	-0.39183518
0.62052983	0.6393234	0.41830248
0.50585747	0.6731765	-0.6264579
0.6992214	0.5322859	0.28617293
0.220352	0.7116957	0.5461505
0.024321854	0.95403445	0.31890005
0.031607747	0.39488232	-0.06759191
0.27232778	0.523347	0.4853454
0.58320034	0.26646805	0.052627303
0.92129505	0.32722402	0.48178264
0.55842024	0.16993839	0.44000864
0.5218776	0.48936784	-0.17371996
0.6482232	0.17646176	-0.47118545
0.076530755	0.1295765	-0.33238167
0.14780015	0.44311696	-0.060709372
0.7958478	0.88570714	0.45421457
0.3166532	0.69329983	0.253228
0.013145328	0.8873967	0.18535998
0.48729074	0.41698182	-0.38884985
0.678835	0.88296324	0.047078535
0.064181566	0.81505346	0.6994924
0.9996753	0.8507469	-1.7620016
0.67880577	0.804437	0.20032443
0.36459494	0.12848705	-0.14813678
0.6894177	0.8864613	0.01555565
0.07547337	0.106812716	-0.2558401
0.39953023	0.2044605	-0.6766388
0.65360373	0.020339608	-0.6362502
0.89281785	0.028506339	0.06025284
0.3432253	0.0783661	0.34069666
0.8990072	0.725892	1.045408
0.25835657	0.55060285	0.46977854
0.9408862	0.04714775	0.25140035
0.92146623	0.5937596	0.7087193
0.71372014	0.16715968	-0.30456552
0.47281003	0.17619061	-0.073497765
0.7282405	0.4208073	-0.084955685
0.99454737	0.5258567	-1.1516992
0.65234184	0.19475853	-0.4115133
0.2945193	0.4924553	0.4329158
0.6401714	0.88492656	0.34636825
0.58169544	0.32472992	0.10185103
0.54778117	0.17791796	0.5992364
0.99556065	0.16433614	0.40050516
0.9848301	0.5438781	-0.7488295
0.3080871	0.5682965	0.33228725
0.056479752	0.2900197	-0.19923136
0.69136345	0.53204584	0.36781
0.048846424	0.5070602	0.17338777
0.5174445	0.57685214	-0.41423503
0.44486725	0.72828287	-0.7256606
0.61256826	0.89074	0.43949625
0.66361535	0.20070714	-0.43625355
0.7343827	0.0120408535	-0.28149086
0.76018786	0.43822598	-0.3246793
0.41554558	0.6933513	-0.46383974
0.38539463	0.5507488	-0.22987948
0.030594766	0.25158185	-0.28898987
0.74781466	0.721513	-0.040283915
0.34919935	0.07522756	0.22558004
0.94000924	0.36413747	0.43462512
0.81773555	0.98886883	0.93606746
0.7472102	0.6014653	-0.20929325
0.47171813	0.23164529	-0.26996726
0.7889886	0.5363909	-0.47084194
0.2657854	0.9366677	0.63280296
0.56998986	0.26304168	0.2790381
0.86516786	0.9358543	1.2697631
0.18956935	0.12891018	0.06136127
0.05709684	0.2859347	-0.23533511
0.5607426	0.015901625	0.8146104
0.090269685	0.33836788	-0.2977408
0.59531474	0.23910719	-0.0547323
0.66923016	0.4355029	0.18913665
0.8679695	0.59335726	0.3056379
0.67067486	0.2934965	-0.16343352
0.54837036	0.18043953	0.5312979
0.1693303	0.5430492	0.31591275
0.38006884	0.72793937	-0.20536247
0.81365585	0.46055996	-0.52262866
0.8732794	0.5085964	0.18127303
0.57367045	0.6233127	0.1655647
0.72379637	0.11261833	-0.33241376
0.6178181	0.092089415	-0.4082594
0.873708	0.5974403	0.43307737
0.93640393	0.6987256	0.6987381
0.4812122	0.07079482	0.49848154
0.7509468	0.86301744	0.030445632
0.6046374	0.4076345	0.11100348
0.108514845	0.11012274	-0.35177353
0.31203586	0.9356702	0.25736958
0.18122774	0.21048045	-0.120425105
0.90233785	0.73518217	1.1204803
0.41801804	0.8762468	-0.56502813
0.58920217	0.056893766	0.16758278
0.9384293	0.92592394	0.5441937
0.56824446	0.017276883	0.6876471
0.09357005	0.6646226	0.52389735
0.6190664	0.3396402	-0.040358335
0.5639415	0.910074	0.15728047
0.25207853	0.50988084	0.48710224
0.24328232	0.18730319	0.63963485
0.7874347	0.51240295	-0.5433764
0.66611046	0.6543843	0.49690405
0.527367	0.18639082	0.58732593
0.6283055	0.0046783686	-0.5154644
0.50782746	0.9230773	-0.5487536
0.049610317	0.38423753	-0.07802981
0.93391985	0.5823556	0.6369679
0.47327292	0.6284466	-0.7647747
0.5083409	0.64871675	-0.5783365
0.061464608	0.43842208	-0.028391935
0.7836186	0.008807242	-0.14223336
0.6054173	0.9107904	0.43806916
0.4328224	0.013736248	-0.25058052
0.22445017	0.7543554	0.5872842
0.21292192	0.34838426	0.21833675
0.6512797	0.26189613	-0.20208761
0.32266927	0.8796705	0.08233292
0.6184822	0.67635804	0.49691808
0.23360074	0.27551132	0.46468702
0.08144289	0.16327256	-0.32707843
0.8490458	0.79382616	0.7909494
0.7669848	0.7436254	0.02978658
0.21986192	0.8553151	0.64824575
0.55650175	0.6930732	-0.07434767
0.8858199	0.6434805	0.682944
0.81200135	0.8785368	0.6209951
0.49532467	0.9284275	-0.6570741
0.6188186	0.75392014	0.4140391
0.6098806	0.77104867	0.492125
0.88213617	0.85601175	1.2083887
0.6941367	0.12987345	-0.39397165
0.9504672	0.661429	0.29835278
0.699575	0.49604678	0.24465689
0.2771147	0.507363	0.4410611
0.331824	0.8466728	0.023424044
0.49240226	0.7566301	-0.8265909
0.014750898	0.4523793	0.0020188242
0.22190017	0.9122102	0.63927203
0.7681193	0.17019355	-0.37531966
0.85372275	0.37850416	-0.2714448
0.14864397	0.18903667	-0.31075448
0.458964	0.18340772	-0.31554225
0.51269615	0.39085197	-0.091462426
0.45558548	0.6539014	-0.78118813
0.7000497	0.081472635	-0.40827805
0.208641	0.65183604	0.48654413
0.8484912	0.53462356	-0.085827924
0.661187	0.26896226	-0.20373753
0.6176346	0.9303339	0.3573992
0.87546355	0.9812399	1.3376846
0.8535893	0.030282915	0.07605519
0.7106431	0.51283556	0.18382895
0.97745645	0.8323943	-0.77273375
0.23878258	0.38265455	0.35991943
0.87272364	0.26759565	0.036897033
0.68104583	0.093872786	-0.48809737
0.62912387	0.87686265	0.40845564
0.4440593	0.07316607	-0.2579267
0.39079785	0.23405236	-0.6098242
0.64151907	0.36800754	-0.037500758
0.9281577	0.71816325	0.82756406
0.5305775	0.60631436	-0.29079688
0.105581224	0.90152764	0.5828961
0.86579716	0.5889524	0.2607575
0.95481014	0.9541074	0.101851
0.050557673	0.11254966	-0.16866316
0.10380936	0.29745626	-0.37932438
0.76560885	0.27224916	-0.4770401
0.87234753	0.0793435	0.12862614
0.25081104	0.8580568	0.6653353
0.2946626	0.14308012	0.9999882
0.4587956	0.9155797	-0.7119431
0.22385114	0.7710412	0.59913677
0.38085842	0.4234928	-0.32129017
0.65742815	0.47210056	0.2062536
0.07021755	0.27933496	-0.4024162
0.27431488	0.6980255	0.48892102
0.058442473	0.71325946	0.5765879
0.46894282	0.4802919	-0.6151596
0.6052092	0.7784468	0.43820843
0.01750189	0.067569196	-0.17654715
0.6597246	0.7715503	0.42795417
0.75625294	0.27613956	-0.38186988
0.306854	0.43342477	0.40739852
0.97500056	0.2860399	0.22996615
0.6022278	0.3819536	0.021298429
0.62924474	0.26441187	-0.26013634
0.41178238	0.8132131	-0.6061462
0.30606276	0.45849216	0.4646821
0.21027285	0.031184793	0.36582774
0.49397486	0.8850788	-0.7563521
0.9309781	0.65532017	0.77833724
0.77058166	0.65595984	-0.1755412
0.041916966	0.5257177	0.1834889
0.7046424	0.13691801	-0.32929805
0.24948937	0.24928743	0.6032883
0.40446222	0.5012185	-0.4588665
0.14679408	0.65702516	0.42923298
0.58322346	0.8718226	0.3240689
0.22622031	0.44580483	0.3285591
0.8739692	0.8547641	1.2685833
0.32395434	0.30230492	0.48232144
0.13281566	0.4623081	-0.07252136
0.9042809	0.12576121	0.24794725
0.49369657	0.9997397	-0.5019869
0.86595786	0.0404889	0.09177274
0.91471237	0.8522931	1.1648419
0.90550256	0.36714447	0.3296267
0.67001	0.69776	0.3625551
0.31168061	0.57557446	0.32265103
0.7466106	0.8589809	0.029667694
0.9386872	0.23983133	0.49507904
0.41979307	0.61115164	-0.5197598
0.58605826	0.3207854	0.110247746
0.8025785	0.121008694	-0.3218189
0.13303077	0.4322673	-0.09370217
0.76548743	0.822213	0.045523155
0.38100326	0.8298225	-0.3232323
0.1261847	0.08140135	-0.37757814
0.5910447	0.64748913	0.32262304
0.600013	0.43907005	0.11008677
0.8993546	0.02171272	0.07839704
0.6418253	0.58462614	0.39389876
0.667473	0.09330797	-0.48087126
0.35155058	0.13357419	0.15674148
0.72239196	0.66226727	0.15902822
0.62047976	0.95007795	0.37189314
0.96592176	0.11017072	0.40938702
0.2857291	0.6682175	0.4669205
0.5997729	0.46653765	0.1754539
0.8667847	0.79519373	0.95607466
0.92020285	0.62102014	0.7363514
0.7290948	0.17520416	-0.32327
0.79845047	0.6800235	-0.20622167
0.7348474	0.57853484	-0.009261811
0.2510727	0.70271546	0.62163216
0.89878225	0.5302948	0.5516351
0.43497443	0.0041919947	-0.1234678
0.871381	0.5675073	0.2949074
0.045071363	0.08918691	-0.11637552
0.046028554	0.75619596	0.5361328
0.10395634	0.36452365	-0.29090202
0.13658959	0.2772858	-0.3271817
0.9881706	0.16947079	0.42069903
0.85597795	0.6431642	0.23614746
0.31015396	0.38034016	0.5096382
0.5065251	0.41261208	-0.2139079
0.63168454	0.45634854	0.17728019
0.9771799	0.14342487	0.39831612
0.014668465	0.6851888	0.23644595
0.51734453	0.8838575	-0.44406953
0.6031277	0.33281016	0.024926316
0.42483163	0.9071032	-0.6415813
0.62035626	0.4697662	0.1712657
0.90451145	0.96782964	1.1692127
0.6091912	0.52092874	0.23975788
0.14502186	0.70184636	0.45836484
0.33856803	0.0074034333	0.43878543
0.2712317	0.62862146	0.42756364
0.8911746	0.21719962	0.18443048
0.89787614	0.17835242	0.2737164
0.71398926	0.037966967	-0.3392566
0.962236	0.76016927	-0.12913407
0.82078606	0.029344201	0.0027290862
0.7836967	0.12753564	-0.37060034
0.9652643	0.45832878	-0.06314294
0.8611962	0.28055835	-0.09382857
0.57341415	0.8799917	0.24659172
0.9071469	0.82501423	1.182623
0.21921289	0.29474336	0.2788747
0.51906943	0.6788261	-0.5255823
0.89976096	0.83473974	1.2054198
0.65905267	0.456734	0.2495563
0.18861377	0.53803813	0.28635174
0.38624084	0.7608552	-0.31662676
0.2796892	0.1772542	0.8961788
0.88335854	0.37493312	0.18625285
0.54839873	0.5832103	-0.10423269
0.37661946	0.89855653	-0.33703873
0.015163481	0.9179098	0.16874637
0.5372796	0.7674677	-0.34052557
0.073147714	0.678475	0.58747053
0.65674156	0.44298404	0.23530617
0.7454046	0.27289498	-0.28699094
0.11447692	0.34414226	-0.32209188
0.020518005	0.45911628	0.025674853
0.47134465	0.35640216	-0.4990848
0.7518002	0.78261614	0.010379644
0.3821048	0.46502805	-0.27493656
0.6330653	0.1191836	-0.536557
0.56260115	0.68896884	0.108624436
0.29128087	0.48181212	0.41556573
0.66857076	0.7770423	0.32897976
0.06491321	0.5314706	0.20165336
0.01195848	0.47075957	-0.042818382
0.8040878	0.815048	0.37553057
0.82058793	0.3332448	-0.52913433
0.044608116	0.10821724	-0.08390948
0.86703044	0.85091764	1.1508336
0.98766935	0.6869519	-1.2297406
0.77219784	0.5556775	-0.3570526
0.13369983	0.6444467	0.4498061
0.04682803	0.14511287	-0.19024299
0.36912858	0.58110666	-0.01795479
0.28131092	0.28114545	0.73240465
0.029336512	0.10926342	-0.09184535
0.6309907	0.2069717	-0.32501075
0.9987657	0.119042754	0.5037687
0.38143867	0.19640166	-0.49836498
0.5027931	0.8061225	-0.7014828
0.3609823	0.4540028	-0.10772074
0.0709576	0.4997573	0.13385834
0.25847912	0.81175655	0.64009136
0.9492043	0.63336927	0.33079648
0.19145674	0.48187	0.27707145
0.8999101	0.6646127	0.88471437
0.05095154	0.6776793	0.5523824
0.66835505	0.36358416	0.020407671
0.25719202	0.5575231	0.50513303
0.13869673	0.94849926	0.44464973
0.6214136	0.21141636	-0.38644296
0.84783524	0.4623031	-0.23914579
0.96085113	0.41263658	0.19421369
0.09618622	0.42039222	-0.15186995
0.96407783	0.19803143	0.35387814
0.44773543	0.67924136	-0.74079126
0.42368317	0.3727044	-0.6934276
0.2621665	0.76303947	0.5609414
0.53875613	0.56720626	-0.19896932
0.19462639	0.39770013	0.10253428
0.71454304	0.8013042	0.041476257
0.48207092	0.7652389	-0.8399051
0.15083396	0.26079792	-0.276007
0.42459178	0.069735944	-0.46932423
0.14642882	0.8103108	0.51178014
0.48436975	0.5164528	-0.58184314
0.38418186	0.17749017	-0.4996264
0.33835292	0.7791529	0.08777142
0.15670347	0.60668576	0.3998072
0.21199149	0.16131115	0.283286
0.21728599	0.30468732	0.25225475
0.9192131	0.39849728	0.5033416
0.26960224	0.9707775	0.60067767
0.8116936	0.6355036	-0.22501545
0.34730226	0.0024621487	0.34734884
0.8721057	0.69803214	0.7417886
0.545454	0.9848618	0.12536621
0.5522685	0.26975513	0.30124736
0.26477182	0.9631065	0.6484834
0.8963964	0.9880071	1.2704203
0.4626947	0.44231164	-0.56194454
0.65615994	0.63733554	0.44158503
0.28016263	0.6969583	0.39425546
0.5654091	0.99443316	0.39532065
0.44535816	0.9174834	-0.70962185
0.5892656	0.9262376	0.456568
0.45287782	0.79878485	-0.81027216
0.65234697	0.9250433	0.20421645
0.6781737	0.39762378	0.14128283
0.5120802	0.37335157	-0.031896573
0.7293862	0.9681273	-0.2055504
0.65319675	0.028118849	-0.6654889
0.8202577	0.08142102	-0.10279733
0.51628906	0.25910652	0.295079
0.41580164	0.12838787	-0.6568948
0.17669398	0.79003644	0.497988
0.49221885	0.83629405	-0.77798384
0.6812907	0.981972	-0.18803711
0.5042613	0.86663574	-0.63234705
0.690021	0.6000351	0.40011904
0.44104052	0.33770275	-0.6683572
0.843803	0.04499054	0.095045894
0.7086611	0.16249001	-0.3014637
0.011248291	0.27037734	-0.229287
0.42501235	0.81054676	-0.59814084
0.6910565	0.3888914	0.10477896
0.6373728	0.8711344	0.30683315
0.49645483	0.52576846	-0.58015585
0.34228873	0.3708287	0.13960095
0.69194376	0.29314685	-0.116107985
0.84463227	0.3965057	-0.34950262
0.1733585	0.30628365	-0.13058463
0.74603164	0.8343342	0.014138404
0.27960467	0.24430329	0.7754502
0.5420379	0.80324835	-0.20116259
0.40232122	0.012437761	-0.39630455
0.54838866	0.5156652	-0.055641726
0.49723917	0.35188603	-0.19525751
0.44419938	0.6464041	-0.6859815
0.980178	0.36546916	-0.17259084
0.1438713	0.96764094	0.38686725
0.57365423	0.8057944	0.2006339
0.9291822	0.7388686	0.83934397
0.30771202	0.5453043	0.40361178
0.933761	0.3389873	0.47177443
0.56754	0.8169891	0.12840848
0.30520654	0.7643561	0.3196822
0.61819535	0.6020725	0.38268936
0.7476463	0.46272165	-0.1649872
0.0036579967	0.69412726	0.15290278
0.37649894	0.12031704	-0.3547669
0.4717524	0.6316908	-0.8110786
0.035403192	0.12622118	-0.15223807
0.5300188	0.8230181	-0.40198997
0.6574964	0.33109713	-0.061351947
0.696888	0.76855093	0.22943574
0.6609142	0.7297132	0.39845696
0.5402962	0.44727522	0.0026600389
0.9253621	0.06490004	0.25638482
0.4379586	0.27199107	-0.72708607
0.034313202	0.79135215	0.44647795
0.5627905	0.07496393	0.6695244
0.32233125	0.14313304	0.68952245
0.022752643	0.9352147	0.27006716
0.19046283	0.84414274	0.5456649
0.95946914	0.701157	0.0068376325
0.8853854	0.25917917	0.2191748
0.1981811	0.55799466	0.38571694
0.9227237	0.57792753	0.66329515
0.45246208	0.47949868	-0.6509612
0.98238283	0.55017626	-0.71113557
0.78091526	0.03117621	-0.17043537
0.1590265	0.6997801	0.46719083
0.00047177076	0.34908313	-0.30547875
0.4624492	0.9001119	-0.7642743
0.9690012	0.79463303	-0.43656978
0.30838382	0.23849308	0.6670311
0.24826062	0.1868239	0.6390105
0.93519104	0.9122614	0.71463704
0.6572202	0.52351403	0.42653957
0.030061424	0.11083448	-0.115061164
0.43565834	0.36898434	-0.7331738
0.6515059	0.73014355	0.37628204
0.26699567	0.55261385	0.45121375
0.9266467	0.11448908	0.29352564
0.87811965	0.0980199	0.12178216
0.48596787	0.37245417	-0.34937346
0.25909477	0.5347434	0.46975544
0.018562257	0.9287994	0.31663898
0.26795363	0.018801749	1.0462009
0.87661797	0.7242072	0.8608026
0.72448784	0.43160027	8.654781e-05
0.27370685	0.16087484	0.8948931
0.9805991	0.28940666	0.06074988
0.08611351	0.29929268	-0.3236166
0.77609724	0.7575402	0.03873191
0.9026047	0.27029854	0.31212813
0.5517984	0.9759741	0.18600647
0.8813087	0.8633112	1.2878876
0.52372706	0.96309954	-0.23703118
0.047693014	0.1909203	-0.20599858
0.69713706	0.6297928	0.37179166
0.13517338	0.756574	0.4894224
0.1600396	0.1840362	-0.27325666
0.79819727	0.9759644	0.64672816
0.059511542	0.59046686	0.35542732
0.465881	0.004849255	0.4521315
0.039166868	0.84634227	0.43145105
0.2666129	0.7848971	0.52131534
0.29594713	0.74419737	0.40501636
0.25120515	0.85576636	0.6514285
0.59441996	0.96294844	0.5026434
0.5316137	0.11849636	0.82781196
0.5058211	0.18235219	0.41951877
0.9501724	0.07670349	0.30998716
0.8710315	0.78589135	1.0005324
0.39506257	0.17505449	-0.7035185
0.699165	0.34159726	0.013967
0.8329698	0.79640216	0.6649839
0.041152656	0.41602975	-0.020785755
0.46350753	0.76765245	-0.8655418
0.2734406	0.27191126	0.7325257
0.6806611	0.29682374	-0.12781733
0.03533429	0.557299	0.23114073
0.7361634	0.45664364	-0.09363854
0.55416286	0.6352932	-0.075306654
0.67027104	0.961818	-0.11300546
0.899296	0.20382965	0.28321308
0.3392772	0.26272792	0.23734179
0.08606988	0.661432	0.54247147
0.5044272	0.48665947	-0.33964407
0.8255397	0.114643276	-0.21344489
0.057440996	0.6526706	0.47611138
0.45209062	0.35972422	-0.63724303
0.6544236	0.33391422	-0.030827772
0.1765889	0.8065758	0.49688223
0.9917928	0.8767673	-1.4367592
0.74839747	0.9130433	0.024032155
0.6943145	0.5968087	0.32363626
0.22179157	0.68912166	0.5069224
0.6279301	0.35978216	-0.021504965
0.10716015	0.9142853	0.56735903
0.6645263	0.30335248	-0.086712986
0.9932247	0.46426988	-0.8120962
0.4296764	0.4370665	-0.6989565
0.07746875	0.34623432	-0.2467137
0.54272354	0.7098893	-0.19636983
0.354226	0.0046538115	0.14983445
0.5336609	0.83534855	-0.31163496
0.77685755	0.90858805	0.26546693
0.7996083	0.4962963	-0.5060479
0.66530585	0.8186185	0.22764121
0.2319606	0.94301116	0.63184637
0.029420853	0.11410123	-0.14978321
0.6918417	0.1801843	-0.31875408
0.8376051	0.97128725	1.1599779
0.91460234	0.20968837	0.42090967
0.86890435	0.68803877	0.67977965
0.38556188	0.14591283	-0.5086961
0.86774844	0.3221956	-0.06689172
0.8733959	0.17913908	0.031358026
0.041832745	0.41280603	-0.030493185
0.12644827	0.12364578	-0.43279982
0.63644564	0.257456	-0.25334352
0.3179915	0.21884263	0.65890795
0.29690135	0.6160945	0.35977677
0.14423454	0.33000433	-0.25432417
0.42129147	0.31948745	-0.7175349
0.76348394	0.4256158	-0.43741104
0.38165265	0.834513	-0.30683812
0.5877244	0.9885922	0.4506461
0.024801373	0.02118361	0.0055910507
0.6926221	0.89251626	-0.004506912
0.25382715	0.008440495	0.9312771
0.6127967	0.5315291	0.25372872
0.4284852	0.7734239	-0.62339437
0.82795465	0.43730587	-0.51122683
0.8107871	0.81343377	0.4163884
0.6287149	0.064077795	-0.45527753
0.67467767	0.7664399	0.29403132
0.8335806	0.7606603	0.5851262
0.82173645	0.29938877	-0.5180253
0.22824574	0.8459123	0.63742846
0.5835236	0.81719553	0.34825543
0.60989445	0.510711	0.21439092
0.50236344	0.88580096	-0.6585762
0.9691015	0.39203942	0.032987386
0.86124146	0.6967059	0.6122338
0.33618546	0.8532635	-0.0133807175
0.3401988	0.297351	0.19904505
0.20165169	0.8009008	0.5034794
0.4744498	0.55915505	-0.6522055
0.8051786	0.9529998	0.73399705
0.17503369	0.14389217	-0.16099265
0.6063264	0.34465522	-0.035305664
0.47759604	0.3318581	-0.35948193
0.9015481	0.35621244	0.42644358
0.7725054	0.20435512	-0.43059272
0.6264923	0.7249622	0.48338234
0.751594	0.52073675	-0.22033258
0.5370456	0.612516	-0.2450516
0.59184533	0.09567034	0.062145583
0.8735765	0.9096568	1.3013377
0.48425257	0.30748433	-0.25216484
0.5363366	0.7487124	-0.34400725
0.19639921	0.5377407	0.32189012
0.80810213	0.06513357	-0.1041196
0.8339739	0.3698823	-0.41652253
0.8109159	0.15149117	-0.31555644
0.5117568	0.7187025	-0.6036729
0.03076619	0.19021118	-0.25187913
0.39210927	0.21716207	-0.6549229
0.5519619	0.19051212	0.5048343
0.36533916	0.42647427	-0.07142396
0.42662722	0.96119905	-0.5785249
0.2874781	0.30772775	0.6392243
0.29871744	0.018099785	1.0533875
0.21575612	0.623614	0.5133932
0.54726785	0.5405769	-0.07219768
0.045349658	0.96035063	0.4583609
0.5467201	0.3849827	0.1643498
0.26896816	0.8737716	0.57902867
0.59979606	0.5386786	0.27094653
0.4713952	0.5610382	-0.71841156
0.5666705	0.2649408	0.22617738
0.72354436	0.53764784	0.09055148
0.20860857	0.350397	0.19837992
0.58862394	0.2350257	0.06533605
0.19815111	0.57152593	0.35534227
0.31081206	0.66994226	0.26907256
0.6881096	0.13546097	-0.4210714
0.054614186	0.5094543	0.15686144
0.26627845	0.87142783	0.6444752
0.68461835	0.31875825	0.0030339733
0.43445873	0.7189113	-0.7033118
0.015567541	0.49036837	0.02055921
0.5051281	0.9122162	-0.61090046
0.7806108	0.41981465	-0.54437894
0.8626689	0.74514276	0.8454732
0.78949314	0.9150547	0.4333337
0.14817923	0.38468808	-0.14188364
0.37212896	0.28249913	-0.2916791
0.9172817	0.84136915	1.0272125
0.30436832	0.42847586	0.44597855
0.11700028	0.06300533	-0.3220676
0.34274864	0.3273148	0.15331131
0.95619965	0.106883585	0.3713764
0.978824	0.5370468	-0.5749698
0.24422836	0.09162933	0.76858026
0.8269798	0.67369395	0.019004859
0.9223077	0.92765015	0.9613594
0.72473013	0.80168414	0.07855973
0.5143741	0.50746554	-0.3468376
0.6050057	0.14720726	-0.16307497
0.31956303	0.82527316	0.18630184
0.47289592	0.9328012	-0.72585493
0.83356446	0.63582885	0.042719055
0.12997031	0.6350656	0.37972206
0.86671805	0.46958524	0.030534044
0.663854	0.7246138	0.41966644
0.14432752	0.22983515	-0.34992236
0.61822027	0.11732459	-0.40466744
0.4258042	0.7133107	-0.589149
0.529519	0.146622	0.71121293
0.113479376	0.09701401	-0.36898884
0.17712277	0.111285806	-0.05279574
0.5217252	0.1579327	0.64704597
0.3975196	0.18763316	-0.6479946
0.6999742	0.9206879	-0.1487883
0.9756069	0.10123885	0.42185536
0.50193125	0.16715086	0.3925766
0.48078734	0.3870834	-0.43674788
0.29903728	0.6353562	0.33530518
0.068038166	0.486547	0.089147806
0.32302684	0.022429883	0.77627295
0.7272205	0.3864724	-0.0951891
0.30451918	0.0017551184	1.0186923
0.7105453	0.5929241	0.21862656
0.18855464	0.3123917	0.021065231
0.21710742	0.91722625	0.6676912
0.99390763	0.43564022	-0.72829473
0.5388781	0.0741989	0.9270936
0.6744718	0.5376363	0.4024441
0.20649219	0.6919793	0.567305
0.20637465	0.94296885	0.5388217
0.19751376	0.6808539	0.48129088
0.41420454	0.17431647	-0.6789116
0.94186264	0.8308468	0.55919963
0.60152644	0.32681412	-0.06801846
0.45001113	0.86011803	-0.76794386
0.43473256	0.4122789	-0.7406
0.44658715	0.5420179	-0.73294944
0.2675038	0.27462912	0.6517829
0.25827605	0.0727244	1.0313151
0.5581671	0.51839286	0.019583115
0.71695805	0.6161873	0.21803996
0.6256457	0.3978907	0.02309392
0.6120825	0.96102345	0.46190244
0.504651	0.09224206	0.7742146
0.16107893	0.10293627	-0.18386438
0.54201096	0.1581974	0.62497246
0.83240104	0.52255183	-0.36240178
0.74129605	0.9467143	-0.08162856
0.0135912895	0.9746295	0.17993498
0.2654888	0.025289	1.0752869
0.35652196	0.7033403	-0.009096937
0.8381374	0.89662045	0.9979225
0.493733	0.7147369	-0.74988925
0.061325252	0.9345816	0.5466732
0.49574435	0.577687	-0.55587626
0.75653833	0.01611662	-0.21843947
0.7391667	0.56854737	-0.0046524964
0.7940239	0.5321572	-0.5666799
0.78284794	0.6497196	-0.19881651
0.92059875	0.7195939	0.8715888
0.5585689	0.6747548	-0.016556287
0.32096142	0.51311404	0.30817345
0.8377135	0.65187216	0.11093996
0.94566584	0.21441019	0.42010397
0.32841218	0.008021057	0.62208426
0.57318753	0.5657068	0.09571065
0.5009629	0.6836804	-0.7108966
0.89873254	0.04789847	0.12753905
0.002338469	0.25868154	-0.32404974
0.92160386	0.18503988	0.33862436
0.98351973	0.062556684	0.5301079
0.8681499	0.20745713	-0.01995184
0.29390627	0.9849184	0.3441087
0.77072126	0.94060284	0.24539562
0.7911097	0.678098	-0.16597214
0.27254444	0.6383402	0.4683801
0.25397658	0.64268625	0.4929236
0.12672848	0.2459051	-0.3542577
0.5531595	0.89207435	0.075261176
0.3763851	0.11575663	-0.38597775
0.050981164	0.4104849	0.0016335584
0.7533823	0.23117816	-0.36461428
0.8744747	0.9697108	1.2765427
0.120444834	0.0251832	-0.19699545
0.71582013	0.19962329	-0.27526143
0.1099146	0.6914261	0.5367295
0.97376454	0.977871	-0.68465596
0.3345933	0.13375533	0.40385368
0.14445788	0.8847741	0.47322878
0.48419195	0.05681449	0.6014091
0.32646698	0.73317593	0.15523402
0.04453796	0.9253416	0.49747047
0.059209585	0.5724648	0.32424238
0.5297616	0.43411636	-0.043179
0.2071954	0.5629114	0.43077683
0.53730744	0.53738075	-0.16343403
0.3018896	0.76265454	0.41147146
0.43089193	0.6015834	-0.6195079
0.62971354	0.91683227	0.34178218
0.16637522	0.9245462	0.40993583
0.48575974	0.17035711	0.16071741
0.554938	0.5587531	-0.048855714
0.95305187	0.33441556	0.3444415
0.58317024	0.28326142	0.10881569
0.8926763	0.096021295	0.2002572
0.2114855	0.19956684	0.17272058
0.7010001	0.00068974495	-0.40706804
0.9273865	0.10133433	0.27130792
0.83680964	0.36025137	-0.39491892
0.39560658	0.85129565	-0.49832782
0.12770915	0.9022845	0.52886003
0.706583	0.97905976	-0.31713343
0.41346806	0.9932238	-0.52590555
0.94609994	0.24154764	0.42154342
0.84681296	0.77836835	0.73080957
0.47568697	0.4272102	-0.5849002
0.06692451	0.20391738	-0.37239468
0.6971293	0.56040007	0.32610652
0.30534923	0.015600383	1.0346452
0.4296763	0.98260075	-0.52345383
0.9513592	0.847133	0.22334836
0.12246597	0.41046762	-0.22157922
0.69460845	0.059292495	-0.46877658
0.08603877	0.42887563	-0.100085706
0.5786986	0.26157826	0.147314
0.61805093	0.554474	0.35839123
0.8796229	0.53002214	0.33316454
0.22547698	0.1860187	0.44915506
0.7582498	0.011908472	-0.20079154
0.0018233657	0.5265981	-0.069175884
0.84003115	0.017753601	0.07190087
0.8015578	0.4794829	-0.57040954
0.58903664	0.36174142	0.05394785
0.18611729	0.011796832	0.064388074
0.6998359	0.5967015	0.32148293
0.9992179	0.56740874	-1.4284894
0.78078496	0.8975357	0.2952045
0.8367286	0.5737333	-0.20348297
0.9039301	0.46695608	0.47529328
0.9605326	0.16609192	0.42137212
0.3753578	0.220164	-0.39223355
0.8897464	0.044279993	0.07689679
0.99261266	0.30674905	-0.14608724
0.108116925	0.21964288	-0.44531393
0.26525372	0.23009568	0.77288496
0.09623897	0.9683804	0.54084885
0.46549374	0.34305048	-0.4628024
0.49712902	0.2943741	-0.011399886
0.9427448	0.58814895	0.4619125
0.72365576	0.7387815	0.14741085
0.5605112	0.9126075	0.15194598
0.49822706	0.30645353	-0.073369384
0.2987677	0.6454039	0.3979591
0.5299511	0.70636725	-0.3930407
0.15805966	0.154104	-0.30014968
0.05776936	0.2028879	-0.28294563
0.70138144	0.46694875	0.21915439
0.46978438	0.59585774	-0.74315447
0.20514452	0.5396143	0.345004
0.86773527	0.86427057	1.2194242
0.6228853	0.5933849	0.41052657
0.14490283	0.6238602	0.38945392
0.89099574	0.58839774	0.6626582
0.22694534	0.33070982	0.40465453
0.8961736	0.5612553	0.5652143
0.49536455	0.14937633	0.396314
0.22417057	0.83569527	0.63378114
0.43771982	0.8601129	-0.68619555
0.11536527	0.53381485	0.17588145
0.73760027	0.23836142	-0.32613555
0.23675042	0.12673062	0.6836471
0.77310073	0.94175684	0.26447383
0.12472576	0.5355359	0.16631402
0.10579944	0.7463904	0.6075305
0.9670159	0.96968836	-0.35224658
0.97183746	0.44049597	-0.18266614
0.9331599	0.07310104	0.2659397
0.55290884	0.90000796	0.07596349
0.9968324	0.26344705	0.012260392
0.25891912	0.043749094	1.0308293
0.48789507	0.9619197	-0.64032465
0.55189997	0.2756943	0.3294127
0.26102638	0.67262924	0.51210874
0.7665782	0.9553135	0.19613765
0.80293036	0.62803465	-0.27044475
0.3008446	0.44588155	0.433171
0.7801442	0.7452412	-0.006215282
0.9737457	0.93866867	-0.60880524
0.5845995	0.029906392	0.3100136
0.8500499	0.20830327	-0.22965711
0.52318406	0.6850966	-0.4596358
0.8428293	0.19603163	-0.18461326
0.98882884	0.6814834	-1.2067043
0.06308204	0.8746302	0.5472371
0.97406197	0.20835	0.33798435
0.5117393	0.6478176	-0.5781714
0.49811774	0.03976834	0.90051985
0.70224476	0.49085808	0.19087131
0.9617902	0.07079464	0.32356796
0.548155	0.44917357	-0.03973806
0.97081304	0.3267697	0.12691578
0.18306631	0.8478195	0.5420064
0.14755607	0.7420782	0.5516503
0.7028228	0.34640843	-0.0181002
0.38927335	0.115226924	-0.49701878
0.7893038	0.5606134	-0.42130834
0.81661934	0.60311615	-0.2607319
0.99553347	0.028137505	0.6032962
0.07857853	0.3908332	-0.24714124
0.68518883	0.3077404	-0.10124912
0.14913899	0.77342165	0.4795289
0.60012555	0.7083045	0.43779057
0.47582972	0.54686093	-0.7215169
0.22179246	0.4262846	0.30785745
0.6312135	0.8745678	0.3685626
0.31328285	0.107848465	0.8737488
0.42318696	0.060568333	-0.5035446
0.3326239	0.05939454	0.55516875
0.9280581	0.79808456	0.8997233
0.90665317	0.545557	0.6659666
0.4950248	0.77524847	-0.75686413
0.6535895	0.376422	0.08276014
0.24467915	0.61020494	0.49773026
0.16828781	0.16827023	-0.21559335
0.6789527	0.74989533	0.405906
0.15927339	0.4594664	0.103775136
0.19805437	0.29635257	0.18463199
0.5700357	0.06840509	0.55865496
0.1033209	0.8874488	0.591151
0.97253317	0.16802365	0.41568986
0.059224367	0.43606395	-0.05096847
0.79930377	0.16351032	-0.41942236
0.2830071	0.9624836	0.45176372
0.25542027	0.59167814	0.49281392
0.45275855	0.69555724	-0.7672075
0.7135224	0.20688045	-0.24598004
0.8704964	0.64209896	0.5138636
0.4163496	0.7332138	-0.5502407
0.9053738	0.9446055	1.1753132
0.21153092	0.15031022	0.21226329
0.22465378	0.4182276	0.31571302
0.26630527	0.24502546	0.7432661
0.18570876	0.6612271	0.44063097
0.82482594	0.12436682	-0.23091301
0.3229949	0.78608984	0.21213442
0.637636	0.08142054	-0.572261
0.8157771	0.8567829	0.6602222
0.8068351	0.041854262	-0.14348182
0.042901397	0.72010285	0.47701526
0.24829692	0.9516763	0.6485662
0.0646925	0.813726	0.7061763
0.08455771	0.61605746	0.37841183
0.017513454	0.30734873	-0.22451806
0.92720246	0.93176824	0.78792214
0.8924363	0.7220845	0.9676568
0.8816288	0.47244012	0.22875312
0.7339439	0.42475134	-0.10785726
0.6744551	0.7414203	0.40240338
0.6702065	0.4891762	0.37258375
0.48166382	0.444512	-0.4885345
0.8697952	0.74078685	0.7948551
0.09754121	0.40831256	-0.20326929
0.15538657	0.08569324	-0.2167696
0.053396344	0.26363188	-0.29192993
0.9289094	0.051399052	0.2166874
0.8153824	0.8325716	0.50929326
0.6017275	0.27527934	-0.087134525
0.8490848	0.341559	-0.2851718
0.8308535	0.22044116	-0.34606087
0.2875765	0.123013675	0.9708605
0.9575355	0.59944236	0.008844845
0.81439525	0.016945481	0.014766112
0.617292	0.4180525	0.129129
0.27715117	0.80303943	0.5025277
0.47413146	0.48405707	-0.58030266
0.7505892	0.16248286	-0.35481748
0.1999234	0.7436048	0.5491073
0.15698057	0.2778424	-0.22558475
0.8429884	0.8688118	0.97320676
0.99870557	0.20316881	0.28153875
0.5999099	0.15470546	-0.11355138
0.9923478	0.55082494	-1.1173234
0.26474142	0.4052816	0.54948705
0.08002317	0.17893004	-0.34675142
0.46178693	0.8105935	-0.8429733
0.8207285	0.44460177	-0.6266477
0.3371697	0.07863617	0.5282128
0.39830226	0.37220818	-0.5936525
0.21484852	0.5959729	0.44329178
0.49466676	0.22724354	0.14278324
0.23313874	0.8032095	0.6571937
0.020266175	0.76499325	0.25585666
0.19910353	0.79884505	0.5885041
0.10123807	0.21285754	-0.5178776
0.51412696	0.29447865	0.11284347
0.9845715	0.27268624	0.07617295
0.27435744	0.6676625	0.46716598
0.578564	0.21421671	0.15016605
0.9159544	0.27208024	0.40943894
0.021476328	0.07096279	-0.14324634
0.92963964	0.89504755	0.8362369
0.23514229	0.6197491	0.5006955
0.8421072	0.60592604	0.038930003
0.84439945	0.9899325	1.214672
0.43412238	0.20306343	-0.65494883
0.6086051	0.8981384	0.46079654
0.6911251	0.020291507	-0.5104675
0.11252004	0.06747347	-0.3152615
0.63061225	0.9749597	0.22576132
0.23894638	0.06547344	0.6814513
0.21570301	0.47591877	0.36901966
0.31022424	0.5288774	0.3696809
0.31208974	0.15749574	0.74868
0.8232785	0.40912265	-0.59674144
0.12270665	0.5715392	0.29062885
0.73934525	0.82001436	0.071190044
0.4061982	0.26075703	-0.70454437
0.39487487	0.12942064	-0.58199847
0.9626467	0.6851261	-0.13433315
0.47828448	0.35957205	-0.3753599
0.5762495	0.53783804	0.15681589
0.9071222	0.15978658	0.27796826
0.26046532	0.96879584	0.64184594
0.99410343	0.1289931	0.53879374
0.5651736	0.18199962	0.3664888
0.7428664	0.2825485	-0.3288473
0.51579195	0.3173799	0.06823282
0.90182877	0.25508797	0.3547515
0.5581674	0.22997177	0.40272024
0.47691977	0.51593703	-0.59972996
0.28386462	0.03695458	1.12424
0.9574656	0.7001372	0.043335643
0.5028304	0.6829953	-0.64530814
0.82392436	0.13259864	-0.24761204
0.035199583	0.46326542	0.060620844
0.8958704	0.49185902	0.49710393
0.97738904	0.32409263	0.0046453066
0.5392228	0.46373767	-0.026610184
0.88909197	0.34339863	0.27323848
0.99432236	0.5427579	-1.1780545
0.91116107	0.11999732	0.33688742
0.42183125	0.97049534	-0.57460046
0.45965534	0.4661531	-0.7034053
0.36475378	0.30191082	-0.16670226
0.5116893	0.5985295	-0.42933658
0.47048408	0.24845332	-0.25787726
0.18355453	0.48014897	0.1810609
0.47960854	0.49192172	-0.6093923
0.7875611	0.17732334	-0.38024876
0.6879512	0.9200143	-0.03609455
0.57157505	0.12667346	0.40837777
0.8464525	0.12096959	-0.124513514
0.061583936	0.37406033	-0.12975317
0.47241527	0.69890213	-0.8286312
0.9168349	0.34273756	0.43407115
0.6539468	0.96501464	0.026740054
0.48969054	0.59354204	-0.6757816
0.3578952	0.56191164	-0.014023466
0.66833043	0.73523986	0.39784637
0.24846464	0.49787438	0.47362918
0.5497057	0.12758899	0.67971045
0.28614068	0.7230216	0.40554002
0.8051708	0.77814436	0.29395393
0.44857496	0.93962306	-0.7377823
0.80164474	0.18561292	-0.4462701
0.2232148	0.10261381	0.4827504
0.16752696	0.910876	0.4313221
0.33316267	0.003768444	0.60442185
0.53349435	0.60604244	-0.24658272
0.44411463	0.12483901	-0.34758526
0.77673316	0.728077	-0.0634616
0.8272983	0.49370986	-0.41559672
0.5595886	0.10852492	0.63833034
0.6708792	0.6422859	0.43866646
0.9034606	0.93315893	1.1450313
0.655305	0.8613753	0.26085588
0.9114645	0.6343617	0.805297
0.5711357	0.9841286	0.39936653
0.95249176	0.864576	0.16921133
0.877293	0.15696692	0.12713441
0.79528505	0.7146933	-0.048622727
0.36724114	0.5014802	-0.09006136
0.39943856	0.66539943	-0.34289947
0.5682494	0.08209109	0.54534566
0.14592457	0.056601346	-0.23370586
0.9787072	0.44877666	-0.38494295
0.9664295	0.79581064	-0.33555168
0.92207164	0.45767987	0.55741537
0.29490757	0.5759572	0.3948759
0.62661594	0.6897517	0.4338423
0.9175947	0.4894082	0.6344765
0.38841343	0.9883013	-0.44615737
0.2635358	0.41248912	0.5452888
0.22022897	0.4661042	0.410198
0.6355918	0.5688579	0.42313597
0.60043174	0.506434	0.26193815
0.5116328	0.83708733	-0.65067416
0.4802904	0.6971682	-0.85006684
0.30275828	0.27238417	0.6520516
0.57303554	0.39819288	0.19708836
0.092538	0.12794042	-0.37069732
0.5448236	0.9810206	0.122535944
0.46206993	0.48547655	-0.69211173
0.5454103	0.9943588	0.13262618
0.97302926	0.79719704	-0.57803416
0.7407056	0.830107	0.04690282
0.94772685	0.8492318	0.33475393
0.614834	0.15071362	-0.28077433
0.60812294	0.40007764	0.03833217
0.012346268	0.7245462	0.19019301
0.5518332	0.81623936	-0.07318615
0.36700678	0.05031407	-0.072085924
0.42517138	0.42898643	-0.6714238
0.140207	0.607766	0.37666446
0.08277178	0.45082015	-0.044064745
0.666497	0.7602534	0.36998138
0.1555624	0.52312833	0.16580299
0.38257968	0.80149347	-0.2520703
0.018899918	0.61888963	0.25711092
0.21479595	0.9566524	0.5870906
0.6763862	0.60808975	0.41743737
0.49624783	0.66570747	-0.7545535
0.8193214	0.8191969	0.5142912
0.7167371	0.18618953	-0.28533906
0.22509444	0.33254516	0.35971895
0.4427219	0.3887722	-0.7557198
0.07493067	0.27395463	-0.3344346
0.8803958	0.82945955	1.2003707
0.99093854	0.3880359	-0.41657472
0.27467644	0.31982136	0.62562466
0.026200294	0.6370746	0.25931355
0.50886464	0.82852125	-0.725047
0.567362	0.7732659	0.13129179
0.65133744	0.38548058	0.055604402
0.1628325	0.21707368	-0.2084133
0.6268947	0.8488148	0.43388307
0.6288673	0.03483367	-0.5138764
0.8837371	0.14364594	0.126768
0.8412464	0.455746	-0.32731646
0.22427744	0.39264178	0.30522776
0.6409824	0.6325177	0.53316754
0.27972382	0.43823707	0.5482612
0.5115032	0.95267886	-0.397969
0.92734075	0.38763845	0.5343502
0.22135532	0.4663397	0.3167717
0.49905854	0.2328924	0.16848867
0.95853156	0.7208885	0.019580672
0.006924987	0.65629274	0.13412051
0.38010752	0.010404885	-0.25257087
0.11028111	0.77877104	0.63959605
0.05987084	0.041784525	-0.020692233
0.5459667	0.11786717	0.7020575
0.25195587	0.1894331	0.6742915
0.14039385	0.39996767	-0.15028551
0.13139427	0.07901907	-0.29880178
0.04626572	0.67882127	0.43272963
0.6970214	0.8099676	0.13617651
0.25311428	0.5005064	0.40597585
0.7205832	0.0054140687	-0.26157373
0.655684	0.3403312	-0.026141504
0.4445274	0.26097584	-0.62199754
0.30337924	0.42303032	0.45855704
0.5443534	0.6621225	-0.16702196
0.6890988	0.18778193	-0.31591427
0.7677074	0.55835533	-0.33272374
0.8472197	0.9454236	1.1775937
0.9738755	0.67248654	-0.555398
0.44051957	0.690348	-0.7200624
0.35960674	0.24357432	-0.13125336
0.1016413	0.5539857	0.29133677
0.30899835	0.5726871	0.32763013
0.32494104	0.71074986	0.2121061
0.5900568	0.86188465	0.40957212
0.30087292	0.3502643	0.5332125
0.8347872	0.7597033	0.5154064
0.403486	0.84022224	-0.45897067
0.9860892	0.34180367	-0.14488749
0.6359682	0.8136006	0.44652212
0.40784925	0.66306376	-0.42238945
0.54541004	0.99059254	0.10588074
0.06211096	0.09637666	-0.17990538
0.9272616	0.29925287	0.46497834
0.9324548	0.26741964	0.44654685
0.117302895	0.4255256	-0.1750556
0.011738241	0.5875696	0.15969871
0.8384094	0.5090567	-0.3476119
0.96694475	0.30321217	0.3192988
0.22894412	0.3030455	0.37555555
0.4553073	0.7516964	-0.8244804
0.52007496	0.33713627	0.17753163
0.61208737	0.8685767	0.45170218
0.5973449	0.21420324	0.0020499378
0.7741936	0.97722965	0.3083795
0.4746796	0.90130985	-0.74230224
0.28848416	0.04647231	1.10809
0.85998136	0.39514965	-0.1253565
0.272614	0.1895805	0.8078655
0.42542362	0.7528947	-0.6260455
0.02945906	0.7490212	0.42743793
0.9395	0.12266761	0.3736705
0.048369825	0.19135284	-0.22526047
0.82955235	0.06508851	-0.0046004765
0.42258942	0.27714634	-0.7652091
0.0025812984	0.1619035	-0.38582292
0.513897	0.9429476	-0.38864434
0.7678723	0.32303417	-0.47788465
0.34830278	0.44566405	0.07440417
0.62649935	0.28677762	-0.14496692
0.03550738	0.7781055	0.53653896
0.4294188	0.044284463	-0.34924448
0.43733323	0.54354125	-0.67527807
0.27489728	0.30560666	0.70140433
0.50931287	0.5759934	-0.42485014
0.21865886	0.5218299	0.38432428
0.38392782	0.0006415248	-0.32483125
0.6098922	0.23244458	-0.20922801
0.46266317	0.72304094	-0.8451394
0.9127845	0.35951155	0.4021936
0.7330659	0.50029176	-0.015479259
0.3678515	0.9075896	-0.260648
0.92262757	0.059804857	0.23082832
0.07917678	0.66800016	0.51095915
0.46995068	0.6006412	-0.71970195
0.6204716	0.010623932	-0.27705455
0.3111003	0.11826539	0.76645166
0.8942281	0.722665	1.0339347
0.30547208	0.8844041	0.27267197
0.87608016	0.01255399	0.09537825
0.6290147	0.25884956	-0.23446392
0.4501748	0.3654061	-0.61506397
0.66118073	0.48833054	0.26881626
0.3549505	0.67651874	0.035479285
0.66496557	0.45269012	0.23542872
0.34936678	0.6301291	0.099037275
0.57081693	0.14466041	0.3744157
0.7176636	0.9864668	-0.25423035
0.89119405	0.2798304	0.24743399
0.84727377	0.64815825	0.21277788
0.28543139	0.022477627	1.0897464
0.15268701	0.84446377	0.49063128
0.62650704	0.58805484	0.3619235
0.6475336	0.51075906	0.30742073
0.8641381	0.8646161	1.197151
0.58981353	0.1548425	0.09520842
0.5888081	0.051071763	0.18662772
0.63659734	0.6039534	0.431396
0.83446443	0.6155094	-0.03979961
0.08892912	0.86689276	0.6484228
0.76473814	0.5743444	-0.31287286
0.1428293	0.3340178	-0.3082769
0.003120184	0.34843457	-0.24431793
0.49367505	0.14478558	0.38790601
0.27301347	0.56410927	0.4583729
0.124102294	0.26915544	-0.42751914
0.8362799	0.9823329	1.1028762
0.07455993	0.29488492	-0.3617731
0.7194919	0.1388796	-0.27119735
0.13250351	0.87901646	0.42779014
0.34407443	0.70167494	0.05421999
0.2351973	0.41753143	0.39382493
0.22847438	0.13561827	0.5383799
0.09265107	0.9206626	0.5474288
0.26717633	0.8286296	0.6286686
0.7620664	0.28344983	-0.3913766
0.92177397	0.6886935	0.8548792
0.008508623	0.055615544	-0.25174838
0.5021404	0.32908517	-0.08071758
0.4913103	0.9594208	-0.619345
0.38995177	0.44057572	-0.38020235
0.1085217	0.36189663	-0.32992652
0.49996334	0.75704896	-0.6620867
0.46028745	0.299829	-0.5446004
0.6109878	0.5925195	0.3417214
0.06944376	0.15571791	-0.32065713
0.20302725	0.8385141	0.5506598
0.7563536	0.462869	-0.3587555
0.27328593	0.6412112	0.4812662
0.74082696	0.7675878	0.09235337
0.63829327	0.2035777	-0.42692402
0.30800015	0.68876696	0.24652496
0.49326593	0.22251272	0.09024078
0.59561765	0.7288466	0.32202965
0.8468236	0.9053018	1.1146139
0.7731908	0.38589054	-0.5183191
0.29873818	0.98472625	0.2986626
0.999621	0.56249475	-1.4740423
0.9762251	0.07795203	0.4745437
0.8250364	0.047015786	-0.0449128
0.1181981	0.057008386	-0.2384666
0.077631	0.8140189	0.6985226
0.60121363	0.3346566	-0.054208342
0.024652302	0.6810377	0.3400693
0.45663768	0.03880316	0.16619794
0.49391973	0.23357016	0.07655585
0.6989545	0.72221047	0.28134832
0.70893306	0.12746358	-0.33484855
0.22393161	0.7483355	0.5414438
0.3131795	0.7474061	0.28559098
0.12811375	0.7098491	0.60264146
0.44827992	0.93235874	-0.6178054
0.10916144	0.0043621063	-0.15581481
0.2662502	0.474788	0.49246967
0.5020097	0.86687666	-0.70234215
0.0392586	0.49705005	0.09706598
0.9508452	0.9469699	0.18895885
0.013748586	0.83725315	0.21133606
0.13792163	0.9478678	0.46319592
0.8792241	0.050339043	0.05813822
0.40510207	0.046061575	-0.5128039
0.9801251	0.44358099	-0.40621492
0.5290047	0.93673736	-0.24224634
0.6646945	0.09262079	-0.5697453
0.07888645	0.6165415	0.42452946
0.14425665	0.59350395	0.35694107
0.6786824	0.9815075	-0.20042272
0.806415	0.7304774	0.058793165
0.08866787	0.9515786	0.61976874
0.24525309	0.5256061	0.44467252
0.06419158	0.714681	0.61666435
0.40412766	0.88513005	-0.5061044
0.7683965	0.19824284	-0.4301941
0.5740366	0.054306746	0.43840787
0.50355685	0.9157353	-0.571595
0.121836126	0.6992856	0.5070982
0.38252836	0.64744663	-0.21502611
0.95385545	0.94365984	0.07117218
0.99950767	0.859085	-1.778999
0.6775826	0.06997138	-0.5492593
0.68317014	0.5252383	0.32983175
0.28799576	0.19934398	0.8519647
0.06266153	0.85302114	0.6337508
0.3336267	0.72499686	0.11221956
0.24555022	0.42187363	0.42645615
0.49667597	0.059300363	0.81912124
0.5062815	0.13381696	0.59410536
0.123220325	0.082220376	-0.32499272
0.5328305	0.46974194	-0.0804182
0.9330195	0.14869869	0.36337447
0.34580374	0.03725654	0.3331328
0.92251766	0.008576274	0.08605193
0.4885192	0.812091	-0.8018815
0.55177826	0.0025919676	1.0995296
0.48043948	0.7648507	-0.7853282
0.07609153	0.5687549	0.3026193
0.36649388	0.66281825	-0.07334043
0.113937974	0.5874502	0.3488213
0.8368648	0.49042022	-0.3473206
0.87037325	0.8662891	1.2162592
0.13943738	0.23861831	-0.39348662
0.55992585	0.53890467	0.042419545
0.9712452	0.36441112	0.04215736
0.42333496	0.031467497	-0.45546257
0.41636574	0.043619215	-0.51047635
0.15176195	0.17204452	-0.26082987
0.90121835	0.7564807	1.0362409
0.50571924	0.35233784	-0.0797258
0.20533651	0.8301549	0.54650813
0.5992009	0.56498253	0.26586264
0.6990818	0.35466254	-0.0019904282
0.8672126	0.004001081	0.11808357
0.80261415	0.1181218	-0.29669875
0.5025546	0.33871895	-0.15914048
0.52957547	0.5646161	-0.25327942
0.035987973	0.19590628	-0.2982879
0.90007365	0.6333236	0.8459774
0.9649301	0.36430335	0.1611996
0.8760068	0.08236468	0.114734314
0.3578161	0.70740324	-0.027371267
0.9646829	0.3406151	0.1789821
0.39588922	0.60442305	-0.317539
0.28135574	0.93959296	0.4983936
0.37314606	0.67031705	-0.14791857
0.67741036	0.8221491	0.23086177
0.68359	0.69552046	0.3392878
0.7679532	0.97215515	0.25626266
0.45028943	0.6628095	-0.80868626
0.057293594	0.33231634	-0.18943334
0.9052992	0.6025309	0.77637756
0.8144975	0.443309	-0.62258524
0.084243834	0.9531541	0.5944572
0.91160893	0.1288116	0.26917237
0.779248	0.055367768	-0.21640593
0.3313148	0.5044938	0.20222805
0.03075558	0.17198783	-0.20182422
0.3231333	0.97244114	0.032634415
0.145055	0.19721156	-0.34981185
0.5880566	0.5458185	0.24866171
0.31976962	0.07705271	0.7657695
0.9647314	0.34357703	0.2052031
0.17605925	0.012840152	0.03324218
0.47466338	0.16780734	0.01737578
0.68687457	0.18159133	-0.31678522
0.49653417	0.24211764	0.10687202
0.6568088	0.1772933	-0.46750718
0.4396658	0.576955	-0.6631499
0.63435	0.3511874	-0.0138735585
0.54599094	0.22430581	0.40627694
0.21722418	0.50769806	0.35255954
0.15880907	0.2091803	-0.18633056
0.8211584	0.056253374	-0.027140189
0.67966133	0.25145274	-0.21327585
0.4194067	0.7499557	-0.53295606
0.517976	0.6875007	-0.51034874
0.88451153	0.72366005	0.9421728
0.43417716	0.34551972	-0.6949594
0.9561429	0.08896321	0.37221983
0.4873839	0.40256548	-0.4175658
0.43269688	0.16198152	-0.608279
0.6986215	0.33147174	-0.10137212
0.34487885	0.45931667	0.11130129
0.042338967	0.083851874	-0.055248883
0.17900789	0.7561041	0.5537386
0.06595963	0.23586059	-0.35496214
0.70487475	0.2843418	-0.06853165
0.4234798	0.52414227	-0.56818914
0.3645141	0.80101395	-0.08067323
0.7249744	0.25019497	-0.2472869
0.10683614	0.88001156	0.6489916
0.98593223	0.25627208	0.12995753
0.7215191	0.76461834	0.08927136
0.32263833	0.4585386	0.30688533
0.74369335	0.3093437	-0.2991629
0.3458628	0.6427628	0.02631317
0.86625654	0.8339352	1.0948727
0.2751277	0.4774093	0.44750324
0.10256249	0.13327438	-0.42390302
0.8723095	0.63606566	0.498458
0.33198857	0.13394535	0.4878043
0.13837636	0.21714747	-0.412422
0.12747717	0.59887755	0.33825877
0.86971414	0.4229753	0.040617723
0.9174545	0.7094928	0.9420375
0.11199403	0.055762827	-0.2100664
0.18232936	0.17796022	-0.042821422
0.73001164	0.3645057	-0.17860425
0.12184346	0.10510391	-0.37978512
0.69935244	0.5808901	0.29492977
0.33332008	0.91188556	-0.032738075
0.7033791	0.31333804	-0.06890801
0.88158154	0.70805943	0.85776126
0.59217834	0.7747672	0.36452863
0.6886262	0.20379984	-0.2807375
0.5555717	0.72834253	-0.027549574
0.9461557	0.58789045	0.39464343
0.106092036	0.6983536	0.61518735
0.840196	0.9729733	1.217708
0.7587866	0.24312174	-0.40221837
0.22838628	0.563357	0.39099425
0.9106546	0.8381078	1.0729169
0.78579015	0.8208222	0.2607451
0.7655149	0.8591863	0.17301881
0.7066904	0.6390555	0.26603928
0.74048245	0.5407559	-0.04394051
0.38187158	0.56934226	-0.19455428
0.32548392	0.6143263	0.22584744
0.46237636	0.87252694	-0.78012544
0.073678434	0.27915245	-0.3630325
0.21048355	0.8813988	0.5679769
0.86636615	0.45818055	-0.038901746
0.5666552	0.13030833	0.45014963
0.81143093	0.8685085	0.60005224
0.9455362	0.21843332	0.47492024
0.2995482	0.6434256	0.41296083
0.7412874	0.21819371	-0.3124743
0.77232724	0.57843494	-0.40350467
0.16773081	0.705964	0.47123092
0.5875764	0.5098471	0.1529439
0.35621452	0.44473952	0.06498098
0.25889617	0.7316453	0.5322854
0.013990819	0.22222382	-0.28188384
0.4608155	0.4900748	-0.59128
0.38443738	0.055225432	-0.3759158
0.43096244	0.9730595	-0.5893518
0.17203009	0.71050924	0.49048513
0.5010861	0.15944028	0.3957833
0.22519928	0.49043226	0.3888019
0.70969236	0.52605826	0.18527251
0.42031568	0.49886078	-0.62373817
0.16946232	0.9430363	0.3922466
0.39562935	0.091468155	-0.54340726
0.07431108	0.8420965	0.66233826
0.92153776	0.13901341	0.36197934
0.9075126	0.7364335	1.0133169
0.36092216	0.7514465	-0.057250038
0.32219195	0.4723916	0.26659346
0.98762745	0.43797958	-0.57609564
0.39470845	0.2330007	-0.59354156
0.2178877	0.9839044	0.60548216
0.063085556	0.087649226	-0.13140772
0.79976183	0.09420854	-0.25892648
0.8095867	0.52885664	-0.45708025
0.5299656	0.5338472	-0.20923778
0.6524195	0.6801424	0.47511825
0.99464613	0.86483634	-1.5633422
0.7122749	0.041051686	-0.3497898
0.6435454	0.55644375	0.42005324
0.21210891	0.3891827	0.1923292
0.52818453	0.009688318	1.2361026
0.23343652	0.82668364	0.6333386
0.98571706	0.12145269	0.44741893
0.9496151	0.7852389	0.34506223
0.6413419	0.118211865	-0.5583621
0.19663835	0.5784479	0.388598
0.9044177	0.18565184	0.35346264
0.16053998	0.6886524	0.4585047
0.11746466	0.10957581	-0.42929626
0.3474571	0.51672465	0.070271485
0.4962603	0.9936027	-0.4925965
0.52719474	0.2748813	0.31435084
0.08274573	0.102888346	-0.31831917
0.81990975	0.64322007	-0.110576496
0.47562444	0.07935202	0.3102373
0.683145	0.8325223	0.13825995
0.7020708	0.72461176	0.21243718
0.92407936	0.06642854	0.22506075
0.005734563	0.316204	-0.27795753
0.36936253	0.40390605	-0.24729252
0.9459971	0.48463374	0.40215424
0.15031523	0.7859933	0.51364017
0.5869276	0.34402418	0.0950295
0.5999618	0.07399273	-0.059548512
0.59025604	0.19020945	-0.0009992644
0.42953116	0.08995181	-0.5323674
0.13895255	0.8392977	0.5302544
0.59939086	0.45360595	0.12583745
0.6330805	0.57851714	0.41109157
0.93100053	0.084715605	0.32995132
0.13683528	0.9451885	0.43942225
0.47319853	0.06473714	0.32963565
0.8534083	0.7100131	0.5347536
0.87209505	0.3203529	0.036787886
0.51903486	0.0713101	0.94900864
0.30683374	0.29254645	0.5813717
0.71488047	0.56130105	0.21370527
0.17929858	0.33696008	-0.021069378
0.28848732	0.5534706	0.42385817
0.8575356	0.2642092	-0.119842835
0.5893751	0.4341442	0.09187429
0.41309792	0.16403323	-0.72379446
0.10567641	0.4201122	-0.1614567
0.42767107	0.88420886	-0.6641658
0.9625116	0.0057985783	0.33057448
0.53946537	0.87747043	-0.22883339
0.12243062	0.6673494	0.47520864
0.386077	0.8330806	-0.2986796
0.32791734	0.07110566	0.62259305
0.26755506	0.44916993	0.5216298
0.9234562	0.027225316	0.15972771
0.032193184	0.97107303	0.36694753
0.0773955	0.99225163	0.5138434
0.18841851	0.6940759	0.48014814
0.21338767	0.8550016	0.6328744
0.7516591	0.7634607	0.05922893
0.24067616	0.7246769	0.58429205
0.64878	0.29419905	-0.17019044
0.94605297	0.4220662	0.3558894
0.50464314	0.28674293	0.0067964345
0.5449519	0.0062559843	1.109531
0.3066026	0.6940004	0.3265388
0.056171358	0.21068585	-0.26611695
0.40026718	0.261155	-0.6695653
0.5479368	0.32958746	0.1807355
0.35466933	0.54611033	0.0053794216
0.6847687	0.6869607	0.34914705
0.44621897	0.21928954	-0.51887715
0.94839996	0.94546854	0.2772452
0.28467947	0.8375601	0.45547238
0.7533295	0.21354306	-0.3586899
0.6500883	0.33810997	-0.02486986
0.71757835	0.6706001	0.1851621
0.7324426	0.39188433	-0.15061206
0.46071392	0.66733456	-0.7920496
0.47552752	0.46833175	-0.573005
0.82383007	0.14877117	-0.28942654
0.2612294	0.5713618	0.46058026
0.031727135	0.44816363	0.040399905
0.3275965	0.2668969	0.40987316
0.0049805045	0.4740548	-0.0799229
0.677983	0.1381514	-0.38393173
0.051980138	0.61850923	0.33368164
0.89889336	0.02052635	0.13039698
0.4663306	0.16035587	-0.09602312
0.7389002	0.47874337	-0.19599667
0.96294016	0.7054078	-0.21472333
0.003525257	0.8454943	0.10050057
0.6471328	0.2604894	-0.28019315
0.06294459	0.35041982	-0.2551087
0.15201658	0.066256166	-0.20263882
0.6848505	0.31642622	-0.012721185
0.3905977	0.34355134	-0.56666005
0.9051596	0.63853556	0.86155987
0.63700837	0.79048175	0.4425497
0.71712345	0.589533	0.1704584
0.7399492	0.25497752	-0.22592111
0.55241245	0.18637347	0.4251881
0.19862878	0.8282311	0.5884489
0.067223966	0.43333447	-0.011709342
0.8746785	0.045781374	0.080281116
0.08498651	0.9259845	0.6186907
0.32168925	0.41760308	0.41644442
0.011692822	0.23905641	-0.23638685
0.8928252	0.8837866	1.3305043
0.47903013	0.41002786	-0.45479822
0.15819609	0.37716132	-0.12260264
0.9550029	0.1602686	0.44197482
0.7668172	0.0065721273	-0.14972988
0.5980252	0.82356286	0.39575416
0.87672585	0.76246446	0.9890705
0.4824282	0.22616464	-0.059406996
0.8775933	0.5310085	0.3322823
0.089787364	0.59150386	0.36036438
0.66794544	0.83309597	0.2320931
0.30781293	0.40007818	0.45383734
0.82650375	0.016840756	0.04475165
0.27135527	0.5101404	0.46474996
0.27966386	0.5451984	0.51773494
0.7208363	0.1850754	-0.3204183
0.46913117	0.21773809	-0.2123667
0.04386598	0.41488504	0.032498524
0.9185099	0.2671429	0.40763164
0.47714794	0.745843	-0.8422929
0.20719582	0.14427185	0.22773443
0.77573967	0.8209268	0.14887068
0.9909916	0.16228414	0.42488664
0.36201304	0.3269124	-0.11115674
0.32476902	0.023028433	0.74373144
0.7356059	0.37579668	-0.18576445
0.08094722	0.46501935	0.040016722
0.7812391	0.8545188	0.26398328
0.79979366	0.2604313	-0.5499692
0.40628415	0.9292794	-0.498939
0.88782114	0.68780154	0.9098315
0.03622675	0.96866465	0.41456807
0.7415451	0.54075104	-0.08698726
0.54844207	0.05201876	0.92958397
0.06199169	0.9731059	0.6137895
0.4522257	0.07679129	-0.14222229
0.5413179	0.7063067	-0.19150786
0.72461426	0.30460507	-0.2060914
0.09786278	0.9215096	0.61157495
0.946288	0.6685759	0.40140137
0.99359316	0.60544884	-1.3254693
0.18354636	0.6997114	0.46100634
0.10569793	0.12104708	-0.37685376
0.5149104	0.89887017	-0.45310473
0.11226487	0.3609224	-0.29832336
0.35642147	0.23813093	-0.08972174
0.71582526	0.056679726	-0.36808947
0.80962825	0.14821666	-0.32407057
0.48342836	0.7322961	-0.81546104
0.13203174	0.39225662	-0.19941157
0.5342257	0.20358068	0.5121107
0.32826102	0.43518174	0.27980444
0.66127294	0.12377989	-0.5635741
0.22734666	0.79795754	0.62535787
0.82650685	0.07775015	-0.08772333
0.87004364	0.5902357	0.31198326
0.010860443	0.97753567	0.10908279
0.87396044	0.9215196	1.3024464
0.7769886	0.1560719	-0.35039556
0.28035194	0.9793807	0.5601054
0.72666496	0.36590862	-0.13291898
0.6030795	0.5280308	0.25688985
0.20950592	0.61521417	0.45280898
0.859724	0.41602033	-0.1413728
0.07705271	0.3829012	-0.2138485
0.7338287	0.78639704	-0.0008525364
0.25871044	0.9521598	0.6854205
0.1106478	0.11886948	-0.3503418
0.44977593	0.71005404	-0.7864647
0.32465005	0.55088764	0.24362195
0.42188632	0.23427254	-0.71218926
0.538192	0.7359823	-0.2446555
0.5449297	0.43775678	0.037628435
0.8863146	0.65423137	0.7369051
0.016328752	0.8811676	0.23856916
0.5543352	0.35937446	0.16982144
0.36287165	0.7587169	-0.08716268
0.8433213	0.8543427	0.98016644
0.055472016	0.14974159	-0.24885605
0.9515983	0.23779207	0.45713627
0.089363396	0.7154776	0.6825116
0.7569684	0.9275404	0.11378507
0.3415743	0.57904625	0.11013803
0.74783766	0.37865883	-0.30918694
0.323586	0.14536667	0.6233069
0.25537443	0.53876513	0.4315673
0.8782832	0.7587854	0.9549176
0.2996987	0.85887843	0.3121606
0.07811797	0.58111775	0.34656507
0.74156296	0.0511598	-0.30067435
0.6190316	0.22022301	-0.32309163
0.17779422	0.2987588	-0.11438377
0.39886343	0.96049505	-0.44936854
0.37358004	0.28501236	-0.3210489
0.38874966	0.046740532	-0.39067852
0.7158467	0.24079376	-0.21036334
0.13981259	0.41601658	-0.105025195
0.72774035	0.5053412	0.010339269
0.50612885	0.7328481	-0.6892898
0.22142524	0.48437357	0.36918563
0.3903427	0.23770636	-0.6072736
0.073984444	0.01687783	-0.026905846
0.5700024	0.5710577	0.062427033
0.42888182	0.49041933	-0.69614303
0.12806034	0.6741728	0.49060148
0.030781984	0.07919401	-0.04038758
0.9345537	0.10736382	0.35095945
0.13114238	0.15432143	-0.4247799
0.6435046	0.060659826	-0.6076341
0.022214651	0.6021931	0.19583257
0.13914394	0.18328828	-0.43176064
0.9924052	0.5352129	-1.0715288
0.977466	0.043388307	0.4518849
0.43982548	0.19622213	-0.5982106
0.40735716	0.038448215	-0.48535067
0.8140606	0.8858916	0.69960237
0.028954625	0.69146466	0.43411222
0.106850624	0.7000092	0.5420861
0.24025881	0.77421004	0.62514645
0.34158397	0.30160367	0.20887654
0.03957802	0.9713987	0.46311608
0.53896916	0.31756246	0.18209793
0.080575705	0.94418	0.62232196
0.32395345	0.47943002	0.3344503
0.6276041	0.74094886	0.42314517
0.11188656	0.2235331	-0.44709685
0.13758397	0.3678286	-0.28326008
0.84412026	0.6389513	0.18869649
0.9882211	0.84017277	-1.2919332
0.65863925	0.6826351	0.4439654
0.21404248	0.2248795	0.2603164
0.31105107	0.8625028	0.23096655
0.29955304	0.4000879	0.53444546
0.6041146	0.70339614	0.40327224
0.16569102	0.78395706	0.4820661
0.3472286	0.50661993	0.107756644
0.6405897	0.26125526	-0.24575588
0.394217	0.2685802	-0.6447607
0.7558686	0.8750019	0.05728384
0.018206835	0.2391051	-0.26713988
0.24628347	0.24755561	0.6077873
0.71923137	0.3807906	-0.042402614
0.44774973	0.7025196	-0.7646457
0.5666758	0.8613131	0.123367615
0.32126337	0.96606475	0.057066493
0.3397234	0.6298687	0.19250098
0.02694577	0.1070714	-0.13518703
0.63693	0.8018847	0.47577712
0.26781845	0.82621175	0.5617245
0.6264687	0.9194127	0.37762478
0.689881	0.43289733	0.17035547
0.17256176	0.5882541	0.429756
0.18228555	0.21348369	-0.11790481
0.18424463	0.35345513	0.056744393
0.80445737	0.85929286	0.5260837
0.36640805	0.07335603	-0.17940621
0.49279147	0.733333	-0.71579456
0.48337644	0.21287745	0.056136433
0.8648709	0.8290188	1.0716565
0.28312242	0.9605922	0.49459037
0.038758755	0.64598674	0.35809574
0.4970662	0.5515175	-0.4967326
0.97533345	0.42093801	-0.2224576
0.1848135	0.29322356	-0.057152383
0.023364425	0.096594214	-0.16051537
0.27985317	0.17233121	0.9128438
0.57909805	0.333444	0.09128389
0.39247113	0.88407695	-0.37660736
0.730695	0.25664216	-0.22693992
0.9256101	0.9794319	0.78848994
0.23986495	0.93683594	0.68071336
0.008918047	0.7473015	0.20445733
0.8343749	0.045122564	0.09877365
0.3772872	0.83533823	-0.23742196
0.05095333	0.77520865	0.5778543
0.8760855	0.8474753	1.2194818
0.15271676	0.038778603	-0.15470418
0.831762	0.924005	1.065128
0.007152498	0.18890679	-0.3738121
0.10752863	0.12228322	-0.4054971
0.71330625	0.046997607	-0.3330516
0.56354684	0.39438212	0.114078715
0.4796033	0.41179848	-0.42493147
0.09357202	0.3213063	-0.38706085
0.5987301	0.16781592	-0.10029169
0.8643876	0.92216164	1.2570207
0.7175783	0.25859344	-0.21507922
0.35044974	0.21312481	0.12597516
0.9134729	0.58580506	0.76340145
0.69226986	0.62731415	0.39252967
0.94692945	0.46223855	0.32762107
0.44388938	0.96335566	-0.5950024
0.7891779	0.16132444	-0.430017
0.016669571	0.48188865	0.096279874
0.33486587	0.4191237	0.24506706
0.18030173	0.09163988	-0.028715394
0.9672036	0.66038346	-0.25664952
0.98940074	0.27860385	0.044469632
0.12590808	0.8340019	0.5300877
0.28431165	0.7634551	0.43092743
0.53894407	0.011839688	1.1860002
0.3805976	0.6079631	-0.1396417
0.78064704	0.0503726	-0.22046392
0.047005773	0.6084306	0.3961338
0.9853954	0.13070887	0.5033658
0.13998461	0.15834367	-0.36598116
0.36240327	0.754419	-0.08043409
0.025542796	0.85080355	0.36312598
0.8994344	0.24486357	0.30208126
0.00504452	0.7270131	0.12923606
0.46573967	0.6533716	-0.7915512
0.86792517	0.76785386	0.9496071
0.09453559	0.69462997	0.58506835
0.72248065	0.35132873	-0.1125319
0.8390458	0.05966878	0.025541173
0.1406163	0.7488527	0.51289725
0.40297866	0.40860748	-0.51128453
0.17105591	0.50938046	0.24140696
0.8610879	0.85093194	1.1114984
0.33737898	0.20796186	0.3125595
0.8267112	0.52965134	-0.38220128
0.2251705	0.20229864	0.3678853
0.9102497	0.9783871	1.0340708
0.673959	0.28688288	-0.09660576
0.7068953	0.6686129	0.29780564
0.30297267	0.5809252	0.3676615
0.2633624	0.9272217	0.6094242
0.93909794	0.45613003	0.46792972
0.31126177	0.65785944	0.23247984
0.14063156	0.114983976	-0.3819572
0.39138734	0.23937124	-0.57391757
0.059211433	0.2987398	-0.25286397
0.48800707	0.62411803	-0.72830147
0.2915277	0.52917415	0.4368288
0.80646247	0.93457407	0.749845
0.26150745	0.9512096	0.6454422
0.9193027	0.3652084	0.49824557
0.9281152	0.3878259	0.5092198
0.8344315	0.6991988	0.23145992
0.5291436	0.95452696	-0.14390346
0.31167048	0.039414227	0.9543216
0.3877573	0.13536	-0.57820296
0.8650055	0.8611734	1.1799182
0.07026112	0.9206849	0.68485034
0.09122038	0.30679548	-0.42379117
0.43042666	0.76022375	-0.6476487
0.877832	0.19772929	0.088195585
0.37100863	0.41432166	-0.26687303
0.87702453	0.03206277	0.1585291
0.7831233	0.77337533	0.02703533
0.23961914	0.2799707	0.52500695
0.8915167	0.009205341	0.08979796
0.9752524	0.7787561	-0.6560612
0.6471976	0.9257444	0.21099785
0.50110245	0.52614963	-0.4795123
0.22744709	0.4273818	0.32730204
0.84295017	0.560588	-0.08980081
0.9020068	0.7794905	1.1038481
0.9318974	0.51297426	0.57324445
0.3852526	0.15791094	-0.4906856
0.13230574	0.31874	-0.4091435
0.016914725	0.22881603	-0.30636758
0.13122624	0.7283212	0.56935203
0.07484782	0.81330764	0.6990685
0.90594614	0.6300285	0.7973933
0.31528586	0.6946486	0.29486415
0.9816349	0.6577218	-0.9117159
0.6245603	0.42271316	0.07242172
0.51670015	0.81702286	-0.54184806
0.22365063	0.76405793	0.5870438
0.37356192	0.33889556	-0.27877408
0.49213737	0.6499773	-0.6932532
0.27004915	0.22136915	0.77102315
0.57157934	0.6098504	0.09167642
0.52142924	0.48176003	-0.24786891
0.83259577	0.98868996	1.14833
0.26579815	0.4487366	0.4666399
0.4364854	0.262326	-0.6758522
0.34010857	0.15903485	0.27806625
0.116761744	0.1395858	-0.39114928
0.59828377	0.8351884	0.38044494
0.36022335	0.5034442	0.014537148
0.27770853	0.5485501	0.46072012
0.73129606	0.5920038	0.029409876
0.6013134	0.32873905	-0.014004632
0.48309034	0.22073936	0.007577494
0.46132386	0.41021556	-0.56499636
0.22022897	0.77706754	0.5689758
0.6475229	0.11994618	-0.5577065
0.3837049	0.5854677	-0.26181042
0.82310575	0.03753662	-0.040537775
0.18167049	0.056640804	0.021960538
0.7878973	0.57140553	-0.44782
0.7639591	0.22664201	-0.39805248
0.611618	0.15760523	-0.24115561
0.95375276	0.46619225	0.2052576
0.1583103	0.30006903	-0.23051578
0.106752336	0.95114666	0.5279621
0.3060853	0.34293127	0.57188684
0.24798733	0.32268435	0.5189589
0.10367864	0.39107734	-0.2460271
0.3256986	0.25604188	0.43213743
0.80706	0.5101328	-0.56095964
0.6987351	0.31900114	-0.057455428
0.39674866	0.007513702	-0.43947023
0.10235703	0.1534847	-0.38588378
0.2770136	0.82255036	0.5205456
0.3765471	0.01479274	-0.22374749
0.6177224	0.18262225	-0.26511955
0.92333156	0.63371867	0.73686725
0.29018146	0.472373	0.49741936
0.13879281	0.89743036	0.44030902
0.8755086	0.6444138	0.59336156
0.31899452	0.5542524	0.3483824
0.5245925	0.32168597	0.12219476
0.31309897	0.88135505	0.2300869
0.38068342	0.783276	-0.29051733
0.46364206	0.8497876	-0.83913404
0.6391556	0.17452955	-0.45975488
0.36813128	0.5624392	-0.09347437
0.20501763	0.28234136	0.12840512
0.6334501	0.75302863	0.45252517
0.17833644	0.9092203	0.45497346
0.9211556	0.64116764	0.77314836
0.55659866	0.59025085	-0.041804146
0.055153906	0.18237871	-0.19558439
0.83795995	0.83004797	0.7749105
0.86566055	0.8610523	1.1556848
0.4553277	0.40970337	-0.6060584
0.8495632	0.17205626	-0.08308692
0.6461877	0.5368301	0.40790683
0.57054096	0.3531232	0.16615087
0.8065532	0.08126885	-0.19569424
0.52649707	0.4992631	-0.23251502
0.766412	0.5098716	-0.37140003
0.12834328	0.2952162	-0.41396192
0.96461576	0.49228925	-0.048649132
0.6156427	0.66008615	0.38866782
0.2719347	0.09518188	0.9785956
0.8366676	0.6471473	0.08552518
0.88444304	0.61506563	0.61740816
0.9537361	0.46635765	0.23496674
0.13676924	0.9270859	0.4634863
0.33787763	0.09603959	0.41683957
0.22726125	0.83215934	0.593656
0.88777685	0.65254825	0.7828803
0.20933455	0.3352589	0.21553974
0.13927186	0.14730012	-0.32253227
0.6774251	0.151465	-0.38853467
0.22968715	0.70655036	0.56706643
0.59191346	0.27818102	0.025529947
0.6694701	0.12130767	-0.4770129
0.4708181	0.37923014	-0.46078238
0.713896	0.0546605	-0.34851134
0.93897295	0.33218104	0.47651213
0.20450646	0.07608235	0.27087054
0.67657083	0.27089906	-0.13580576
0.87461233	0.24314523	0.06717505
0.5543727	0.81711245	-0.058136925
0.52630955	0.86431897	-0.38989067
0.29782355	0.8558504	0.30640924
0.61342776	0.44696522	0.19446616
0.5464824	0.019922793	1.065485
0.25184298	0.8014503	0.5934659
0.45014966	0.043945193	-0.042248424
0.4237625	0.68600607	-0.58945334
0.19301498	0.31662977	0.11107878
0.1876933	0.08914828	0.049634907
0.4771397	0.31368434	-0.3166071
0.3908487	0.94936085	-0.44724518
0.03527814	0.40571547	0.02218084
0.74309736	0.68758047	0.013115079
0.36256862	0.675579	-0.05646928
0.24707061	0.8319883	0.6511524
0.3775226	0.40666443	-0.27628857
0.22976649	0.4163484	0.38088036
0.6128868	0.30640662	-0.12069528
0.7758919	0.9241953	0.2911709
0.7219264	0.8659767	0.025645461
0.04857862	0.9941597	0.52455103
0.5841618	0.509676	0.14089435
0.98050207	0.7131577	-0.8623059
0.115466654	0.9532352	0.5011105
0.16211957	0.15762591	-0.25986278
0.42443407	0.9087495	-0.59695125
0.4093184	0.18761653	-0.7373953
0.09270102	0.04415202	-0.1751992
0.5694844	0.7734401	0.1566784
0.5598282	0.10891545	0.6165793
0.7824996	0.99482214	0.3764834
0.23808926	0.7786111	0.53183335
0.24111205	0.94493645	0.73075145
0.6267502	0.09300977	-0.49531052
0.38761216	0.8035914	-0.29254803
0.74542713	0.5033014	-0.108520724
0.7008813	0.41937715	0.0624874
0.7451687	0.18068314	-0.34770185
0.36929673	0.24861413	-0.28015837
0.32547605	0.8787617	0.15289795
0.55937076	0.057524383	0.77247405
0.90494215	0.9310922	1.1610358
0.9325697	0.88407075	0.769883
0.35991198	0.031049132	0.048034646
0.40915835	0.6252577	-0.47903264
0.7664841	0.8132625	0.14347832
0.019793034	0.93616694	0.26651996
0.31950063	0.49774498	0.32335022
0.27204478	0.9090699	0.5906041
0.8863115	0.25688452	0.16982743
0.75006586	0.9067584	0.041699737
0.5188279	0.53911906	-0.32266313
0.6736753	0.82849646	0.19868357
0.3071394	0.70224017	0.336501
0.06693679	0.8747532	0.59827834
0.45522028	0.47048634	-0.66613513
0.33208388	0.38561982	0.22786584
0.3683424	0.5872963	-0.06700145
0.5872375	0.25717515	0.048030898
0.05067414	0.06996262	-0.041123584
0.22547406	0.5207317	0.3952067
0.48465633	0.2813211	-0.13656919
0.5425099	0.13930684	0.7217117
0.52277035	0.30874062	0.16947885
0.9932646	0.23926425	0.15713648
0.34490812	0.44681436	0.11267042
0.2700647	0.3881473	0.5552918
0.03496468	0.35158074	-0.09496936
0.05140376	0.8684027	0.6230908
0.13065779	0.50320804	0.14185059
0.8423887	0.9478487	1.2102591
0.12430537	0.9958987	0.3208361
0.7724339	0.9876274	0.30943623
0.86478955	0.5517773	0.13261248
0.42576766	0.58550096	-0.60602957
0.040993035	0.06780058	-0.061195135
0.70238835	0.18601918	-0.2975685
0.2055307	0.68362314	0.53862584
0.6132299	0.07396656	-0.25102517
0.86734515	0.61899066	0.38501412
0.3795519	0.08836383	-0.39748326
0.035515428	0.46426362	0.12500443
0.9359385	0.8270117	0.66625285
0.09458655	0.30097538	-0.36641383
0.24948746	0.21548861	0.6475861
0.67292035	0.2261396	-0.30634588
0.18616915	0.27912515	-0.00895934
0.06810832	0.79652256	0.6819928
0.057262182	0.16401118	-0.29743212
0.11575776	0.5672573	0.2728048
0.9187425	0.28834128	0.43907896
0.69535756	0.5596688	0.3334494
0.5608015	0.875322	0.12314789
0.52302265	0.9385949	-0.26674724
0.38149983	0.1234985	-0.41894296
0.7424554	0.3529725	-0.2720651
0.4787333	0.6298416	-0.7785628
0.6988322	0.40964723	0.13416103
0.17297536	0.28530896	-0.1500365
0.11063725	0.13788944	-0.42043933
0.055442154	0.01715839	-0.01416542
0.016310155	0.44458306	-0.010547329
0.5380817	0.076844096	0.88073885
0.79252154	0.16957748	-0.44559044
0.11520028	0.4833331	0.077203505
0.09395605	0.7555107	0.6215781
0.99755394	0.03009528	0.66395754
0.13797706	0.08357364	-0.30439916
0.43956357	0.21659827	-0.5848497
0.6928986	0.2414419	-0.2457479
0.91805714	0.876412	1.0803683
0.29528219	0.37786132	0.58059627
0.5987256	0.35442245	0.09537568
0.85884756	0.116503	-0.020945627
0.78803957	0.95815897	0.4376685
0.6516035	0.81700116	0.33296674
0.81214803	0.78901523	0.3859693
0.16071427	0.94841135	0.40830666
0.25091815	0.089466214	0.8628014
0.38163215	0.96510357	-0.41230616
0.094210565	0.6039844	0.4240633
0.26935655	0.21925068	0.79170495
0.14724499	0.83433896	0.49647063
0.1550867	0.34297693	-0.21376827
0.6306501	0.40858763	0.14246559
0.994448	0.03682816	0.6334929
0.70255667	0.8556852	-0.0027892366
0.08464813	0.38433623	-0.21535087
0.98822284	0.22215176	0.27369174
0.57134515	0.51663846	0.12953284
0.52173626	0.86133194	-0.52109015
0.5122055	0.95734084	-0.40645832
0.51140565	0.37544608	-0.050272286
0.1634978	0.5133015	0.2024256
0.0440467	0.8969835	0.48583668
0.95827156	0.08925611	0.39478686
0.65918326	0.6868896	0.38600296
0.038190126	0.7498262	0.50872225
0.5627572	0.36271274	0.13270822
0.7054238	0.77810085	0.20501223
0.024732828	0.5628082	0.25227097
0.19990253	0.9222144	0.51944864
0.11908305	0.3952102	-0.14074402
0.22383207	0.3553229	0.2859898
0.4566142	0.10887641	-0.08862977
0.9167255	0.5645554	0.68867207
0.35189396	0.012332559	0.19877328
0.8143211	0.70331746	0.05356021
0.0008621216	0.28928226	-0.31450385
0.61412024	0.8126595	0.4029785
0.30561918	0.45542854	0.39125925
0.09066284	0.34547478	-0.29267332
0.6020885	0.47115535	0.19116835
0.94614536	0.21909189	0.3666151
0.20175946	0.6901274	0.42959982
0.70473886	0.8882714	0.010199979
0.412808	0.5088972	-0.51355034
0.44829506	0.98140705	-0.607946
0.5667067	0.4385481	0.17778578
0.4572456	0.74964637	-0.7769215
0.6496932	0.11827701	-0.55733776
0.6504726	0.4243825	0.11473009
0.27641237	0.07518613	1.0260698
0.6847943	0.85078293	0.07520489
0.36535877	0.34920758	-0.1973218
0.92736727	0.7663163	0.86730146
0.4555862	0.5924877	-0.7318813
0.28542364	0.9747665	0.44559208
0.38563025	0.44405144	-0.32515657
0.5221548	0.82459015	-0.45967147
0.4515561	0.059339404	-0.06496397
0.67543876	0.57660747	0.43888748
0.26084387	0.9851256	0.6200186
0.63875735	0.63560295	0.47547323
0.1625126	0.8570612	0.46493438
0.7530703	0.04820782	-0.24487412
0.3179338	0.5170242	0.32287225
0.66501987	0.7752985	0.3205983
0.9163513	0.99262536	0.9513247
0.13094848	0.70433664	0.5285536
0.25830656	0.0113809705	0.9589419
0.10192168	0.4211244	-0.19766895
0.9647964	0.842877	-0.31930113
0.63269323	0.78782624	0.45838127
0.8350857	0.26942295	-0.40813327
0.13948321	0.97681725	0.41793972
0.5529838	0.57127535	-0.05835419
0.7744006	0.5278256	-0.38810068
0.75337374	0.05903089	-0.24343613
0.32884908	0.037406504	0.6990305
0.4103173	0.5215941	-0.496824
0.41933548	0.9157861	-0.59094644
0.34462237	0.8524478	-0.04067176
0.2820567	0.34109974	0.6796502
0.6675273	0.13476723	-0.4616353
0.3013292	0.6425654	0.35825017
0.31099087	0.65184224	0.3470185
0.34048492	0.26005	0.20218569
0.17416519	0.76392174	0.50735927
0.38280916	0.9416911	-0.39470908
0.7236435	0.7360885	0.109671384
0.6304812	0.00020486116	-0.51339436
0.953714	0.005567193	0.20692313
0.23103863	0.6123412	0.4389716
0.96627223	0.07349688	0.4084115
0.53834593	0.6653167	-0.21543175
0.5963971	0.75195074	0.35660997
0.42016226	0.6002958	-0.5679613
0.29712594	0.86551136	0.38434133
0.63934124	0.8138646	0.39246237
0.2531045	0.62967783	0.53579515
0.12032342	0.36283785	-0.27267426
0.45024323	0.91188693	-0.7923941
0.45721757	0.278311	-0.5345976
0.3262518	0.83027947	0.14283781
0.07073337	0.7714513	0.6243635
0.65658975	0.34398282	-0.036586814
0.9962616	0.7661486	-1.6557426
0.76127183	0.23570108	-0.4021755
0.7806683	0.6977504	-0.044980638
0.22406858	0.70219713	0.52731544
0.3238436	0.9344659	0.063470334
0.96284264	0.2645241	0.29925936
0.067394555	0.9459524	0.57588685
0.2633705	0.3181941	0.6002971
0.28534997	0.5846032	0.4130081
0.37550437	0.98148763	-0.35237834
0.9650689	0.82579166	-0.24119797
0.31722564	0.0567562	0.818703
0.21149784	0.7983362	0.5860118
0.9042913	0.45138568	0.46058193
0.8800735	0.10992223	0.119921386
0.5770147	0.2652859	0.13663617
0.622419	0.3228733	-0.10079578
0.28630495	0.78664887	0.44200715
0.13176787	0.6047833	0.35044232
0.057784557	0.5818388	0.40631187
0.18880004	0.7087162	0.48452225
0.0006403327	0.5364431	-0.0051920265
0.13107896	0.8977683	0.52138096
0.3326096	0.77670866	0.12603852
0.88976973	0.30719674	0.21859364
0.650154	0.15853065	-0.54949194
0.95722765	0.3445379	0.28171945
0.35956246	0.8064625	-0.122789614
0.9271268	0.13040364	0.29716462
0.4245745	0.2963797	-0.7110174
0.886815	0.9722116	1.2992458
0.9551776	0.83586395	0.046599306
0.1446414	0.6374637	0.41520786
0.42650586	0.5747928	-0.64724624
0.15825593	0.4891473	0.15557474
0.91820574	0.6950351	0.90548
0.2513619	0.60316265	0.47587994
0.48492348	0.09074962	0.4196154
0.23083991	0.1366356	0.50851625
0.6947388	0.28771532	-0.09487687
0.6795225	0.9870607	-0.17309406
0.9421967	0.40260947	0.43264914
0.96450824	0.30965817	0.231576
0.64693695	0.7468523	0.45197105
0.29685426	0.0100106	1.0589576
0.44955325	0.8395808	-0.77196956
0.0107268095	0.47421986	-0.015095223
0.43951774	0.29732978	-0.67094845
0.48772967	0.19695282	0.11884112
0.81781805	0.99720377	0.94814235
0.898824	0.7062021	0.9292495
0.3880962	0.17390358	-0.5610531
0.186863	0.5906838	0.3807458
0.7533537	0.23542845	-0.35355982
0.5760172	0.15356791	0.26991466
0.2868483	0.26721966	0.7062652
0.048901856	0.7611682	0.5517265
0.30199176	0.9478166	0.31690952
0.48698187	0.5370477	-0.59974587
0.29238158	0.053468585	1.1062233
0.90558493	0.64426136	0.86279255
0.80037767	0.355591	-0.56877965
0.49935055	0.507478	-0.41470456
0.561549	0.52269167	0.10078736
0.96685666	0.48832	-0.10320602
0.6955885	0.025274456	-0.4349217
0.069031656	0.59309345	0.3730576
0.87885875	0.1518454	0.090751596
0.5604613	0.86820155	0.08064843
0.04519421	0.81555676	0.4983247
0.56157887	0.3420102	0.1616088
0.2695617	0.8455449	0.6027838
0.20430261	0.06808227	0.24342021
0.7402757	0.9013884	-0.044691227
0.99369526	0.22135556	0.24672133
0.45753407	0.7955455	-0.78728503
0.53299934	0.17062819	0.59405756
0.8873396	0.77099174	1.0856328
0.30021584	0.7437842	0.35884428
0.57789403	0.50026774	0.07388053
0.64580965	0.017420352	-0.5292262
0.390635	0.25734532	-0.5416644
0.69955826	0.8419482	0.06946193
0.49915683	0.54895043	-0.45495632
0.58748627	0.9991389	0.50539386
0.40230542	0.039568543	-0.5176022
0.80839574	0.97057176	0.7595202
0.75944906	0.023016632	-0.2512593
0.56467783	0.78235143	0.066179425
0.49021488	0.50374216	-0.51168877
0.38770425	0.5253364	-0.2713468
0.40590763	0.5134941	-0.49928498
0.6186117	0.3620302	-0.0087972935
0.461599	0.088888824	-0.032865696
0.22179663	0.9436252	0.5927356
0.6019695	0.45504713	0.1098541
0.007511914	0.31049496	-0.254636
0.69433784	0.6572084	0.3485467
0.6447349	0.8422293	0.34501147
0.6877333	0.3443951	0.006583891
0.14999706	0.41073304	-0.015815645
0.50473857	0.75527436	-0.7302326
0.2690153	0.30628324	0.65364385
0.8795512	0.58020943	0.43618584
0.42140418	0.37478298	-0.6934378
0.0035371184	0.29091233	-0.374395
0.92274237	0.89406365	0.96299416
0.51192737	0.4495713	-0.25212592
0.6652879	0.5576762	0.46876702
0.31017923	0.22903687	0.6899461
0.08275467	0.3600014	-0.26697874
0.75546384	0.89008904	0.13766618
0.787903	0.036843836	-0.1627314
0.9760126	0.000184834	0.36442354
0.62099546	0.9074597	0.45852947
0.6002554	0.11866313	-0.16628498
0.79799765	0.3159178	-0.5952673
0.329513	0.08853227	0.585567
0.64234114	0.8158952	0.41279715
0.63029814	0.5874988	0.38275126
0.0046247244	0.92292863	0.05619061
0.5611497	0.79779196	0.070067905
0.4494543	0.4591334	-0.67352617
0.59610134	0.7346568	0.43827564
0.281466	0.34310818	0.5796698
0.4642052	0.06704342	0.14331046
0.8410236	0.712854	0.38078773
0.96771765	0.770786	-0.37805846
0.71284306	0.56600946	0.20079377
0.01814574	0.0019785762	0.030610662
0.19595504	0.19143218	0.08451567
0.54685646	0.08565521	0.7991724
0.87601316	0.7226297	0.8561228
0.76935476	0.32203454	-0.4858018
0.6251635	0.112071455	-0.3659862
0.17969579	0.11091149	0.0056257434
0.56359357	0.06889838	0.6256977
0.973217	0.7059205	-0.5588864
0.55410767	0.03953868	0.89731234
0.55167687	0.21776342	0.41480136
0.52578324	0.49540073	-0.20181881
0.09318435	0.15835291	-0.39950475
0.16870481	0.24230069	-0.1764068
0.6365801	0.9653788	0.20619772
0.60503685	0.5498263	0.24174795
0.6006132	0.9172157	0.4799851
0.72386545	0.95431995	-0.19321753
0.99217767	0.4996959	-0.9370527
0.3758828	0.7653829	-0.22869426
0.47210282	0.9197529	-0.7647928
0.5184418	0.08470696	0.9293538
0.7968512	0.25255722	-0.5572374
0.76510435	0.030635893	-0.24085222
0.6115665	0.68890584	0.44475135
0.0041365027	0.3943382	-0.25990757
0.6504171	0.5999517	0.5026121
0.74620837	0.99387074	-0.0833008
0.048347056	0.37324876	-0.14926939
0.29310828	0.7254736	0.41865715
0.72054183	0.6450943	0.18675105
0.7659253	0.19233125	-0.4685859
0.20510787	0.3005818	0.15167902
0.701822	0.5987984	0.33129287
0.28715432	0.73216313	0.4602411
0.18135124	0.18581837	-0.023989093
0.06406695	0.62881786	0.4407092
0.23211515	0.99190384	0.65659946
0.3595904	0.58142346	0.029936034
0.8724784	0.61723244	0.4733923
0.043832302	0.372132	-0.08221812
0.98058456	0.6488273	-0.82745147
0.15776187	0.45923662	0.03477442
0.53958696	9.1314316e-05	1.191293
0.06884807	0.79186153	0.62754923
0.056245208	0.9614205	0.5406349
0.14355218	0.94930977	0.40290466
0.75695556	0.49393612	-0.29291382
0.72330374	0.8393827	0.009973774
0.06852746	0.78665847	0.6333453
0.36212838	0.34560966	-0.05906155
0.28120655	0.5522838	0.45695797
0.9749087	0.092054725	0.4751984
0.6757681	0.48426402	0.29000878
0.45242888	0.32615376	-0.6398974
0.39514577	0.38267618	-0.54399806
0.65653247	0.4112581	0.16924158
0.017039299	0.06892002	-0.19378379
0.3622777	0.15952665	-0.16506128
0.96707815	0.28074694	0.30468687
0.6297785	0.3947724	0.03756121
0.49367005	0.04019779	0.7840454
0.5742298	0.38740844	0.18570277
0.7786582	0.8851515	0.3217882
0.065834045	0.35053068	-0.20471428
0.024543285	0.037864745	-0.04408069
0.6691617	0.4392149	0.1879646
0.0069770813	0.84645957	0.09185229
0.9397711	0.7064476	0.5074167
0.7865113	0.022951901	-0.14428714
0.9496602	0.21158135	0.43992892
0.8212364	0.23788404	-0.4536516
0.30341107	0.8814783	0.341385
0.8384075	0.85382134	0.8681504
0.5021447	0.04545951	0.84780294
0.2360422	0.55509293	0.46193856
0.49706066	0.97102976	-0.52686703
0.9616345	0.9106968	-0.116420984
0.22706729	0.44236302	0.36417586
0.65411234	0.9365894	0.1321671
0.22536856	0.25155628	0.41128904
0.064186275	0.27574694	-0.24201977
0.38154548	0.15666956	-0.4524313
0.4499284	0.6228084	-0.7217741
0.6789503	0.13989127	-0.48035058
0.863262	0.1758663	-0.03380324
0.93300843	0.3512531	0.5295091
0.011169493	0.4292478	-0.097005814
0.7574217	0.06314075	-0.2927381
0.23354661	0.4069236	0.35594723
0.3048123	0.87871736	0.25998122
0.77490777	0.94369733	0.28031078
0.5417581	0.05476266	0.9841615
0.11983633	0.43511444	-0.09642332
0.4852742	0.92258567	-0.6517238
0.8591995	0.3359819	-0.1529245
0.39644545	0.4010793	-0.4525864
0.68220776	0.37018883	0.074103266
0.53617173	0.74704725	-0.34525418
0.87616354	0.44105285	0.10943717
0.15460181	0.055844307	-0.19740719
0.750695	0.32318997	-0.36055654
0.95411867	0.47850686	0.2233217
0.80725604	0.016140819	-0.061316185
0.095096886	0.73178655	0.6032808
0.4427464	0.10290885	-0.3955008
0.45675588	0.33497947	-0.6052921
0.07238573	0.5210729	0.19218081
0.4153933	0.7940064	-0.5340811
0.5246371	0.64941794	-0.4490546
0.07900429	0.020282328	-0.026330613
0.87628216	0.72484565	0.8967974
0.003591001	0.9725522	-0.005890887
0.8083334	0.21310037	-0.45452315
0.5907534	0.24689263	0.047948174
0.9554011	0.56857115	0.10510004
0.8135155	0.04586464	-0.12723187
0.7660061	0.36977613	-0.44897425
0.95693046	0.9507384	-0.023890521
0.48327428	0.8936461	-0.7988616
0.8077851	0.28159767	-0.5375449
0.44408023	0.61876065	-0.6871465
0.24006873	0.95003337	0.65811133
0.4601885	0.7785227	-0.80681896
0.19996488	0.5622916	0.41069397
0.57922083	0.5812873	0.17262235
0.021542192	0.15422279	-0.21518315
0.7688977	0.3545441	-0.5274673
0.16987216	0.38133854	-0.11221475
0.6353668	0.05041486	-0.636647
0.42516422	0.19717318	-0.7439506
0.2939701	0.75625205	0.39621183
0.9855806	0.92193955	-1.1254632
0.46378702	0.22809952	-0.36788714
0.63594985	0.28986174	-0.1808277
0.6723559	0.7340086	0.41730037
0.9990043	0.06755149	0.5290226
0.75593644	0.9750859	0.039819505
0.21555543	0.1608246	0.32218197
0.19549757	0.3305546	0.04844977
0.10900229	0.04783702	-0.28007832
0.6946606	0.71465224	0.3095523
0.8297134	0.5758262	-0.208839
0.23621416	0.7449643	0.6143094
0.29369134	0.54859126	0.4293786
0.49095577	0.079033494	0.61599183
0.91720444	0.5226507	0.640617
0.6798737	0.3394847	-0.008347594
0.47767138	0.08457208	0.35591555
0.863134	0.31671548	-0.100763485
0.32075852	0.5142952	0.3211114
0.6721107	0.31806618	-0.043928273
0.09681457	0.29270387	-0.3993702
0.8414528	0.13749355	-0.10943425
0.4229257	0.28558606	-0.74813855
0.28637332	0.02451688	1.120211
0.6061532	0.21920192	-0.19242463
0.5562053	0.82997715	0.013652579
0.42972046	0.057488978	-0.40013695
0.8301571	0.80317974	0.6409566
0.7333701	0.526147	-0.017610418
0.38116395	0.41192192	-0.34421864
0.4775895	0.05530423	0.43155223
0.6105327	0.8343085	0.42338693
0.6889321	0.90090835	-0.08224346
0.57368785	0.1339649	0.29315174
0.513734	0.53702766	-0.34437996
0.45857847	0.34651518	-0.6260059
0.030073643	0.58574015	0.29593763
0.3425749	0.025128365	0.39459634
0.8779244	0.8416229	1.2263194
0.88601005	0.22666007	0.18941054
0.32329315	0.017341495	0.7669712
0.94855505	0.6909556	0.35125726
0.67866254	0.927576	-0.080865
0.05575627	0.10350472	-0.19020605
0.14773166	0.13363057	-0.34864143
0.6331787	0.1356979	-0.4893299
0.47656262	0.47442025	-0.55101305
0.6674305	0.1134032	-0.5166667
0.38675523	0.04420489	-0.46212578
0.13084406	0.92829365	0.4426108
0.008995891	0.8185343	0.16299707
0.4296345	0.32561523	-0.7951524
0.91903055	0.06122321	0.18806994
0.2898383	0.91201496	0.39481464
0.67659265	0.50312674	0.34684774
0.33969557	0.1286977	0.31142715
0.86605483	0.63748246	0.37764046
0.38234556	0.9482778	-0.35717267
0.033504605	0.966474	0.4372717
0.4202037	0.9161169	-0.51634675
0.62754416	0.9126075	0.38630298
0.6623818	0.86584294	0.20179836
0.4182489	0.13219237	-0.64856374
0.66880894	0.8691152	0.15274972
0.7617437	0.4716589	-0.3685524
0.9794122	0.43586951	-0.37218425
0.7847072	0.15031797	-0.39115366
0.8098798	0.18110424	-0.3811179
0.6844723	0.93630135	-0.12487074
0.83142996	0.60484934	-0.15555754
0.21445066	0.83906853	0.66580117
0.5196642	0.16880107	0.59478605
0.043647707	0.3841408	-0.09839185
0.056109846	0.45184177	-0.019246034
0.456277	0.12720078	-0.12910579
0.92952824	0.35297275	0.42085734
0.37727398	0.38707727	-0.30262798
0.4042129	0.048759818	-0.52049613
0.83273435	0.3233046	-0.40972045
0.618812	0.6199165	0.41158915
0.58805627	0.31819528	0.011372324
0.88834065	0.98297065	1.3439982
0.68479896	0.7991156	0.21526714
0.853655	0.18114966	-0.102591515
0.7587313	0.9149787	0.109190345
0.0008625984	0.6005056	0.03659229
0.04311794	0.25386196	-0.22985706
0.47368574	0.27466434	-0.25006846
0.6874741	0.21802431	-0.2627601
0.06532329	0.81602263	0.6723401
0.3874426	0.06691736	-0.46727353
0.34738022	0.5520853	0.07349227
0.4666837	0.79590005	-0.82641536
0.06140995	0.7500462	0.5411563
0.19160938	0.037581623	0.1144239
0.4423008	0.6279683	-0.67464846
0.34208584	0.5653866	0.15535232
0.92353135	0.93848544	0.8669869
0.51146156	0.4568327	-0.2555053
0.4247787	0.8741817	-0.624056
0.14358723	0.0480842	-0.21636769
0.10237563	0.5721031	0.33716407
0.8119715	0.014901042	-0.06650596
0.6022723	0.54994565	0.27875105
0.452538	0.50186414	-0.6540971
0.7401627	0.8330677	0.040315025
0.45375288	0.80223346	-0.87150097
0.6699255	0.9394295	-0.040411413
0.38142282	0.22462887	-0.4939776
0.799181	0.4958368	-0.54601055
0.77185494	0.02740705	-0.19260864
0.44009197	0.8218599	-0.7604367
0.510591	0.156245	0.58389556
0.13156265	0.9410042	0.3916982
0.98554665	0.88307863	-1.1327965
0.7425552	0.6888778	-0.0060263034
0.7140087	0.8392696	0.020446796
0.34661877	0.4622417	0.05583016
0.41632402	0.8162443	-0.51042783
0.26800853	0.46396595	0.4951557
0.83181447	0.7578385	0.46268976
0.5388805	0.47660422	-0.038203675
0.17653745	0.18053013	-0.13612683
0.42866737	0.9820169	-0.49268252
0.38516057	0.21943462	-0.51523554
0.5466585	0.805283	-0.19042394
0.88571113	0.44911236	0.21748488
0.077564895	0.59931284	0.3922725
0.6627665	0.60276085	0.48116982
0.83671117	0.5017094	-0.36236328
0.25557983	0.51663184	0.45501757
0.2934736	0.3060553	0.6494655
0.83385026	0.45576775	-0.4000915
0.3653987	0.6288109	0.0007399395
0.31260824	0.010825932	0.9370635
0.6955698	0.9441128	-0.19273122
0.26682067	0.6745382	0.4798188
0.6177801	0.4941193	0.21364556
0.39549	0.067866325	-0.5630899
0.6600777	0.6723787	0.45008567
0.10767478	0.10098553	-0.31330648
0.40355837	0.656792	-0.3756983
0.44928092	0.57386696	-0.70542806
0.27982897	0.63437814	0.43666995
0.3059337	0.7245867	0.33069918
0.5887136	0.6039751	0.23561442
0.33541203	0.69184655	0.14665045
0.4702356	0.27243304	-0.34414452
0.9538884	0.016775787	0.25225398
0.49585396	0.6753169	-0.69424933
0.5082181	0.29788852	0.083353624
0.83512396	0.129839	-0.14430624
0.18089879	0.45711052	0.119038835
0.89852625	0.19000769	0.22731432
0.6681162	0.6342951	0.5240784
0.05791241	0.32495528	-0.21981414
0.44602084	0.625228	-0.76212394
0.7103745	0.37174642	-0.03167659
0.8399931	0.88104504	0.94389975
0.39551157	0.5484492	-0.40255377
0.6760176	0.10569382	-0.48697788
0.7781814	0.13584745	-0.39818317
0.4951793	0.3917026	-0.2796034
0.11520326	0.34901935	-0.2852585
0.35613358	0.5738208	-0.019876104
0.13456196	0.56968975	0.26793593
0.48123348	0.7423871	-0.8078151
0.8081629	0.9785938	0.82355404
0.17140603	0.54186565	0.19497669
0.052818596	0.2144202	-0.27012694
0.034297287	0.5147264	0.15666042
0.7753893	0.32285386	-0.57696736
0.9330967	0.7690551	0.7515212
0.36822903	0.70353025	-0.107874386
0.908635	0.7652414	1.0955434
0.9400836	0.14937127	0.3724028
0.9068783	0.07764512	0.15270463
0.43834907	0.61040586	-0.6589193
0.75121164	0.417862	-0.2554291
0.4309216	0.6825839	-0.6127981
0.4315945	0.9607014	-0.60032403
0.3049044	0.73022103	0.3235922
0.48594213	0.3984996	-0.38515472
0.47068304	0.048182786	0.37326932
0.06726915	0.5408055	0.24871086
0.03579116	0.20219755	-0.24353623
0.84843975	0.5961931	0.00904379
0.10103601	0.3550691	-0.36002123
0.9430052	0.86166215	0.48379418
0.68609065	0.0088018775	-0.45917544
0.4603796	0.9361492	-0.76804763
0.9328128	0.556909	0.5467631
0.6211281	0.25560677	-0.2434759
0.58242226	0.71786606	0.21491185
0.7357251	0.70577794	0.017762896
0.6647061	0.15354347	-0.4578215
0.7055115	0.6168071	0.25941682
0.934295	0.1574167	0.3527153
0.7770637	0.4081375	-0.5562363
0.024525762	0.1177721	-0.20476608
0.75915253	0.38512862	-0.43344367
0.05480498	0.05463296	-0.10364272
0.2851565	0.9794462	0.45154798
0.84789455	0.6122452	0.08102412
0.7491356	0.2401616	-0.33190075
0.1666292	0.025871873	-0.051988587
0.10372937	0.34815902	-0.2971835
0.8891211	0.8492846	1.2038234
0.020470023	0.5372203	0.15807779
0.40995723	0.55602926	-0.5099847
0.6368488	0.4554966	0.17952587
0.1380902	0.3766238	-0.22228324
0.88451284	0.46942055	0.28052938
0.108365595	0.665391	0.5147451
0.48951674	0.9338449	-0.66334844
0.00818944	0.90334153	0.09139024
0.9108421	0.21927553	0.35201275
0.59694254	0.8143757	0.39778477
0.15197825	0.25217378	-0.27438903
0.13574332	0.06221515	-0.25559303
0.99139106	0.30650806	-0.0550655
0.6238816	0.58205926	0.4360746
0.7427299	0.1929555	-0.26990217
0.25740576	0.55162966	0.4720436
0.15509832	0.426767	-0.032353688
0.43520802	0.83473474	-0.6504956
0.024175704	0.6564888	0.34004602
0.0047140718	0.22901869	-0.32303062
0.56945956	0.04354459	0.6236003
0.28541726	0.10840982	1.0030186
0.68754315	0.6702087	0.37210438
0.92477906	0.5252455	0.5853298
0.105493546	0.5972198	0.34210774
0.4386412	0.44666457	-0.6977923
0.4267285	0.8299357	-0.62638867
0.38635623	0.41872466	-0.3896668
0.57939196	0.4537822	0.14302267
0.1779517	0.33540303	-0.050161015
0.87033397	0.08720195	0.1277189
0.39894152	0.36715794	-0.56460524
0.15310246	0.95223856	0.33265072
0.2217313	0.41645086	0.28280643
0.36085916	0.71663946	-0.04360592
0.5114588	0.25782275	0.23477876
0.47734743	0.8809877	-0.77646637
0.04221654	0.10093731	-0.15599687
0.57915854	0.42579514	0.08413294
0.2805335	0.8126438	0.49076
0.3612588	0.8288967	-0.2031447
0.29048872	0.36046183	0.6181748
0.957604	0.97452086	-0.10085798
0.5586813	0.05522555	0.72016686
0.47619998	0.84861594	-0.8984945
0.70413554	0.033237457	-0.43762603
0.89378315	0.7800577	1.1639965
0.8705717	0.7862122	0.9973363
0.5066393	0.822303	-0.67300063
0.69402623	0.5211002	0.35414168
0.014486194	0.95771354	0.20119822
0.39601266	0.53235435	-0.34857127
0.7891418	0.18202418	-0.40039667
0.5444767	0.20899862	0.5295549
0.06021613	0.032321632	0.012131227
0.99733883	0.50247335	-1.1581521
0.5935809	0.9827023	0.46247947
0.1501506	0.5247883	0.18820758
0.041614175	0.96560985	0.42464158
0.14444625	0.08533549	-0.28304294
0.82892287	0.15302938	-0.27752158
0.5324943	0.44611847	-0.08935797
0.1928314	0.7146997	0.4753432
0.86000645	0.9591645	1.2798253
0.0845204	0.0033092499	-0.056393858
0.93934464	0.5739996	0.54915583
0.7535426	0.36561346	-0.39041483
0.16150016	0.58768445	0.3183015
0.16898257	0.8447308	0.42734656
0.761353	0.9335294	0.07587136
0.080910504	0.83622015	0.6890776
0.45125657	0.37328416	-0.65063894
0.27001584	0.6314545	0.4508914
0.86883354	0.015310228	0.09984523
0.75612247	0.14959651	-0.33882207
0.2503689	0.82591504	0.58906215
0.5948412	0.94294226	0.46871433
0.695292	0.4879511	0.24952143
0.7339732	0.57502913	-0.013773633
0.7541799	0.93226963	0.11736622
0.4154157	0.95624804	-0.60505176
0.792722	0.924745	0.49713838
0.034778476	0.802646	0.5208661
0.0128827095	0.0347476	-0.17075157
0.10382205	0.8066674	0.6400641
0.29840624	0.703487	0.36814567
0.25245148	0.82580155	0.640248
0.7553973	0.063262165	-0.23321493
0.5998769	0.9289764	0.4820678
0.17760497	0.9789897	0.37851307
0.0070426464	0.38736618	-0.1465138
0.7070839	0.4372027	0.16841067
0.8548146	0.9249321	1.2132616
0.25231874	0.24998164	0.67609346
0.42844093	0.9695328	-0.5951122
0.022652566	0.14221865	-0.24836054
0.3809899	0.17319208	-0.51841
0.720941	0.7515771	0.1277345
0.9444814	0.06545144	0.27387115
0.7456403	0.57583445	-0.1177702
0.7629356	0.7104115	-0.011266403
0.45305842	0.8854975	-0.78499085
0.04505211	0.58082306	0.31340367
0.8509586	0.5322572	-0.04670529
0.20281672	0.2927032	0.15947756
0.67008674	0.07943708	-0.57780755
0.60752946	0.08791798	-0.22973204
0.212031	0.61293703	0.5048182
0.5216493	0.09788853	0.84569776
0.34897286	0.5477048	0.083046384
0.44806355	0.7401798	-0.7691593
0.94666535	0.68896306	0.37628785
0.51634043	0.7683432	-0.6034171
0.8013914	0.85863006	0.45761946
0.95775247	0.12639314	0.4379464
0.9540326	0.19211477	0.37065873
0.57615954	0.07900101	0.36320627
0.11977923	0.7855251	0.6227335
0.6127474	0.20350766	-0.26241064
0.5311149	0.17331058	0.58942074
0.373222	0.8152084	-0.18106857
0.8294702	0.54953694	-0.30992565
0.18744141	0.771029	0.5305513
0.49135637	0.16946495	0.23532194
0.5590357	0.7419585	0.0122843515
0.91614735	0.6761217	0.86839
0.96326077	0.5647348	-0.086586855
0.08803564	0.33923006	-0.30709776
0.20590067	0.98002785	0.51596695
0.71808755	0.97329336	-0.24894646
0.108982265	0.24428904	-0.41576177
0.29322308	0.10792941	0.981937
0.72993386	0.45771706	-0.0054566227
0.52847487	0.1984688	0.506903
0.5165354	0.57442385	-0.3541852
0.11266053	0.6973804	0.55641586
0.72050726	0.19383508	-0.2627288
0.27525008	0.16856742	0.889635
0.12246156	0.63013136	0.42697975
0.027768493	0.7553388	0.42898053
0.06861305	0.79970217	0.65380347
0.32891542	0.13713896	0.45632148
0.018832684	0.6712878	0.30482885
0.12762362	0.59289396	0.32564646
0.95530033	0.18574983	0.44314036
0.35108542	0.05811	0.1284449
0.6731327	0.15588003	-0.46949473
0.7232511	0.7031467	0.1142631
0.51317644	0.38170403	-0.07328435
0.7616871	0.83425885	0.118483454
0.45127904	0.8195425	-0.8051045
0.68200105	0.050869763	-0.5062294
0.80169153	0.5529677	-0.4636099
0.7338825	0.56973124	-0.069382474
0.8173958	0.765609	0.3484543
0.9452682	0.5763763	0.37834632
0.98985404	0.27997607	-0.02681468
0.62726957	0.9825642	0.32699114
0.48693657	0.75126123	-0.84915745
0.09569949	0.79595006	0.6286227
0.16719991	0.6694209	0.4273863
0.7484181	0.6476433	-0.099971905
0.36170268	0.3596686	-0.083801076
0.2657041	0.9181389	0.6027535
0.91161096	0.15654111	0.35259068
0.41254914	0.23674655	-0.76872164
0.19160163	0.6590866	0.49398857
0.082143724	0.53377885	0.18967445
0.18219787	0.6211261	0.37281477
0.80315953	0.75739944	0.17545468
0.3106054	0.13403988	0.7702113
0.84613323	0.50973934	-0.21857686
0.5415143	0.47787893	-0.016593058
0.5562842	0.25396675	0.33492744
0.5415677	0.60302985	-0.16393371
0.73119414	0.5166223	0.0023803553
0.7208122	0.35920238	-0.100250795
0.189026	0.3564241	0.077195376
0.83094287	0.9013741	0.96254605
0.48503184	0.6342214	-0.7004572
0.628002	0.25726473	-0.2666017
0.23665023	0.26588172	0.50211906
0.24535882	0.17021334	0.73492986
0.8174849	0.53397495	-0.43701857
0.16874915	0.32662135	-0.13923572
0.7408099	0.78249186	-0.008061789
0.9247036	0.2029109	0.42402703
0.033890784	0.39151746	0.015879557
0.9883172	0.75008637	-1.2574941
0.43089294	0.6069627	-0.6285043
0.36960292	0.4758854	-0.13545956
0.19732028	0.68522245	0.5062365
0.101988375	0.7000648	0.5337269
0.605907	0.96140033	0.4538439
0.13384652	0.64087445	0.4239565
0.042366803	0.07540679	-0.086138085
0.6975764	0.4492033	0.18019274
0.57060313	0.5723314	0.11624034
0.8062511	0.32832974	-0.5587702
0.43004984	0.87624663	-0.61274296
0.12980479	0.8755023	0.5336284
0.28036278	0.32859516	0.6233595
0.3983395	0.8606864	-0.45764378
0.58360463	0.36839908	0.07813784
0.75831175	0.08922315	-0.30337062
0.16400594	0.7750693	0.4910016
0.6801861	0.8830093	0.08235483
0.16815466	0.9186614	0.40567794
0.44570982	0.22378832	-0.5892454
0.41716087	0.029850602	-0.40031913
0.5703845	0.7421849	0.12290143
0.55283386	0.41396505	0.09155348
0.017048597	0.5889289	0.17072332
0.77676225	0.7409227	0.009792794
0.8728589	0.5560219	0.34028643
0.13072205	0.5306693	0.1873408
0.19512558	0.10065997	0.10744253
0.68080175	0.15912539	-0.3830937
0.13953441	0.015464723	-0.23331295
0.8993388	0.09572363	0.18411814
0.2098974	0.5601376	0.40129083
0.737456	0.16347039	-0.35384542
0.20225054	0.8833478	0.5891829
0.04770565	0.36594003	-0.10489168
0.2600627	0.7467925	0.5283361
0.27834022	0.23601568	0.7902794
0.6231658	0.5806992	0.40433848
0.20373064	0.7496358	0.5488037
0.22009486	0.31303418	0.3437817
0.3488359	0.160213	0.13112418
0.45017415	0.85838157	-0.7985089
0.42653793	0.04737246	-0.3890254
0.085422635	0.9569374	0.5713871
0.0025541782	0.12688792	-0.37324354
0.085868835	0.44810116	-0.074230075
0.3302055	0.5969932	0.23864569
0.5238485	0.0731594	0.9360114
0.47386062	0.22610217	-0.19730821
0.60805756	0.17880887	-0.19900396
0.98022336	0.44570613	-0.3917161
0.18280649	0.27986223	-0.039148215
0.9087089	0.63562214	0.85118115
0.8639226	0.4291644	-0.045174766
0.50203145	0.20595616	0.3044086
0.377737	0.12222612	-0.36799917
0.50457734	0.40632635	-0.23225197
0.2546494	0.90662885	0.6831627
0.093542695	0.35977572	-0.25424302
0.1884082	0.6343947	0.40472725
0.23258549	0.110397816	0.61060303
0.6005052	0.21077144	-0.10680997
0.23723453	0.7896716	0.6402732
0.43216354	0.48867053	-0.66101277
0.41938335	0.37536138	-0.6985888
0.0016067624	0.86450833	0.048015658
0.57633317	0.21124703	0.20031206
0.94628936	0.35154694	0.43466154
0.6350594	0.66103977	0.45381567
0.18206668	0.051724255	-0.010479543
0.5357631	0.6063037	-0.262762
0.88109565	0.13827944	0.1412917
0.21038651	0.061482668	0.31677094
0.9409751	0.6681578	0.44860786
0.19341469	0.45982772	0.2453802
0.11405718	0.7908523	0.6009285
0.89614487	0.32475716	0.24999464
0.39350998	0.6118832	-0.30573216
0.8780172	0.30321878	0.12068057
0.0021915436	0.6386982	0.10053381
0.25688273	0.9710494	0.70060945
0.45033038	0.7474408	-0.78528994
0.38138562	0.21723723	-0.50352496
0.97699434	0.99874645	-0.7319929
0.5989975	0.28854167	-0.0021319762
0.43779242	0.24802685	-0.61708766
0.6761734	0.48142856	0.27392706
0.6307582	0.95192724	0.3126396
0.26273322	0.5846993	0.42519522
0.25203085	0.28410608	0.61424524
0.47499466	0.66514224	-0.7887191
0.72341955	0.72296953	0.088224955
0.8388896	0.38481867	-0.39872864
0.38203073	0.14304888	-0.52672666
0.60514665	0.87248105	0.45847708
0.6833409	0.27614242	-0.16498949
0.58341354	0.7767167	0.25253353
0.6684565	0.5157317	0.32839447
0.5605825	0.59523284	-0.014542032
0.7995678	0.25320214	-0.53980464
0.103746474	0.09730053	-0.37591842
0.3601001	0.10404134	-0.08478969
0.7798079	0.4020034	-0.5552214
0.911426	0.6730588	0.9178271
0.42329484	0.6511671	-0.5818708
0.35952163	0.3887195	-0.13642126
0.70165044	0.5221082	0.30223817
0.96379215	0.7286363	-0.20714532
0.703173	0.35195273	0.0001282827
0.54007256	0.77353555	-0.27506778
0.92110246	0.9420344	0.96177906
0.46027148	0.023808777	0.18913269
0.79287535	0.25495142	-0.5210767
0.98572457	0.06752908	0.50077146
0.39408618	0.96922284	-0.43612027
0.5043849	0.5138379	-0.35667488
0.8153165	0.36765063	-0.5759351
0.172477	0.27954447	-0.16249736
0.65959483	0.9588071	0.022526002
0.6548998	0.6534777	0.45912662
0.4148354	0.51320416	-0.61397696
0.8231801	0.88228345	0.84427696
0.3889373	0.53959286	-0.2523582
0.49326295	0.5353022	-0.5355326
0.068374634	0.015268087	0.04088193
0.7746674	0.4513499	-0.5473832
0.24105227	0.76675403	0.5955436
0.34878188	0.36697006	0.05049216
0.84714043	0.65763044	0.22577444
0.39786	0.5936507	-0.31131285
0.0098103285	0.37185645	-0.16812429
0.20556861	0.81126124	0.5853895
0.20728862	0.39766717	0.2671733
0.9369277	0.0009813309	0.03814555
0.40883178	0.28375757	-0.6861008
0.7777997	0.5558841	-0.36286634
0.3782739	0.08029652	-0.35829276
0.17598003	0.28774893	-0.1589145
0.3400284	0.7174656	0.092429906
0.62200695	0.5822437	0.38687566
0.393399	0.6842383	-0.3013507
0.41929108	0.14532977	-0.6422859
0.7704177	0.17229623	-0.3785868
0.38705587	0.9084753	-0.36187732
0.65088284	0.38252252	0.07244126
0.68090606	0.44742656	0.23927075
0.34393746	0.99692255	-0.1338267
0.693501	0.7680836	0.26245153
0.49575943	0.5425837	-0.5748363
0.5936417	0.051470697	0.059084624
0.6564828	0.29373747	-0.167783
0.77168506	0.69606036	-0.08506788
0.14939225	0.17674297	-0.36182052
0.082898974	0.9625919	0.5969925
0.45040917	0.3383472	-0.6225245
0.003788948	0.28291178	-0.3579833
0.08600533	0.2723121	-0.41172728
0.49701655	0.7317281	-0.8011507
0.025181592	0.94345176	0.31832916
0.04794246	0.013471484	0.08332608
0.14017743	0.97028327	0.36953664
0.46793902	0.724506	-0.82749945
0.8129622	0.90563244	0.71070933
0.21381366	0.022024214	0.43153948
0.9347666	0.82490045	0.6555723
0.03146887	0.30350745	-0.16302443
0.6887407	0.80601436	0.21137375
0.33326143	0.585448	0.15490487
0.34754473	0.23981482	0.13080975
0.96893024	0.06754875	0.42623034
0.42959613	0.5674376	-0.61592746
0.9291801	0.2991882	0.47617003
0.872739	0.7866896	1.0515424
0.028283358	0.9772748	0.335895
0.15534675	0.38765538	-0.10345151
0.14596981	0.88587195	0.47533935
0.042854905	0.48948723	0.1457992
0.9173958	0.8206311	1.0253165
0.6716161	0.0033460855	-0.5665684
0.40500128	0.24354494	-0.67140156
0.5155505	0.9880535	-0.28080893
0.5714081	0.41316032	0.08497712
0.23311466	0.04750359	0.63058704
0.43806696	0.1498428	-0.4931867
0.4872102	0.057311714	0.67785877
0.61688036	0.35553718	-0.030258054
0.036883116	0.4108836	0.020206869
0.13079584	0.43768626	-0.13212416
0.84204376	0.018851757	0.045264907
0.08531928	0.8447863	0.6509941
0.6708404	0.21675652	-0.33656406
0.95573443	0.21836978	0.40884632
0.97402203	0.7476617	-0.6797725
0.70003784	0.79762614	0.1249101
0.19240648	0.06320202	0.14546263
0.40486586	0.47542477	-0.44193387
0.30043244	0.29589117	0.632688
0.9232279	0.14075416	0.28185412
0.44064844	0.6667065	-0.6271859
0.02065444	0.30059677	-0.26001385
0.13588673	0.78929985	0.4970702
0.60070884	0.91932964	0.3968305
0.6854646	0.92768097	-0.12675747
0.17499137	0.90525556	0.4634606
0.4972763	0.5000051	-0.42739758
0.51931787	0.3780341	-0.021406317
0.07252091	0.23839682	-0.3424871
0.7205227	0.5270962	0.081717946
0.19633067	0.19845897	0.07220021
0.93042994	0.94644755	0.7322331
0.048616886	0.23791724	-0.23321974
0.46934354	0.43655968	-0.5831982
0.27481169	0.81042075	0.4911831
0.64060503	0.13571793	-0.47785285
0.84303504	0.3986454	-0.382499
0.91801745	0.019384205	0.09970759
0.23640895	0.4171999	0.40648332
0.24358606	0.68790746	0.4955661
0.55896354	0.6936538	-0.023603685
0.5241586	0.7973322	-0.4121574
0.04076749	0.12010169	-0.15261509
0.21675819	0.6953692	0.59980416
0.8154727	0.21615523	-0.4148547
0.26272297	0.13581246	0.9083466
0.8710717	0.12463832	0.09594317
0.1817444	0.31303084	-0.050354823
0.08253443	0.4462409	-0.03797183
0.78868556	0.05381322	-0.18216877
0.28882432	0.74518037	0.44840837
0.85888577	0.03351879	0.11750989
0.76098436	0.030418932	-0.19272934
0.64976865	0.44961238	0.21083462
0.16157657	0.99384254	0.30779356
0.15017086	0.61866856	0.35831305
0.124928474	0.9649839	0.43456182
0.7446943	0.4542622	-0.2088845
0.29790246	0.5973071	0.37990174
0.70979816	0.57295054	0.23498441
0.7550009	0.6851923	-0.06056755
0.440378	0.16444731	-0.54954684
0.25100094	0.03867209	0.89825654
0.9922665	0.7173368	-1.4025363
0.31817108	0.25533628	0.5433066
0.65654355	0.49976724	0.32933414
0.3988052	0.48656744	-0.42532456
0.5757719	0.25519377	0.18789709
0.77658504	0.59052527	-0.36118886
0.39555788	0.5066455	-0.36752963
0.44613868	0.95091915	-0.62156355
0.7483425	0.89645034	0.06971732
0.7389944	0.17103368	-0.32455218
0.72762185	0.99779916	-0.24422817
0.04632628	0.14098334	-0.20038727
0.10451102	0.43364632	-0.11304185
0.59962755	0.67477983	0.34977254
0.48646092	0.22373283	0.02809475
0.47840148	0.33112675	-0.3946038
0.51571697	0.7403554	-0.590483
0.31454122	0.41919416	0.3927732
0.38467932	0.13529891	-0.49537128
0.0017793179	0.98477805	0.0156995
0.89029604	0.06274074	0.099583544
0.632512	0.71182615	0.5188262
0.69026494	0.7112375	0.32062176
0.20879304	0.8822967	0.5729807
0.544717	0.5013146	-0.064742096
0.5983983	0.44357634	0.10303676
0.53384686	0.21887076	0.45302996
0.23014736	0.5712832	0.41756472
0.9203055	0.60735613	0.742973
0.63391393	0.6505866	0.4436478
0.78882915	0.9284353	0.49482355
0.013381362	0.27404612	-0.2435124
0.004793644	0.7983267	0.13666138
0.56397104	0.9975675	0.3700839
0.9296014	0.99710864	0.66966224
0.54625815	0.13506156	0.61629206
0.9276386	0.51853687	0.5769131
0.44864106	0.3420692	-0.64979035
0.6553068	0.939842	0.06827609
0.8899409	0.19469929	0.15495975
0.49318808	0.47053826	-0.40633702
0.36190134	0.7206103	-0.060116995
0.77712756	0.7662747	0.07371646
0.36918128	0.21709657	-0.3228173
0.25225914	0.1553151	0.7841381
0.2350449	0.87797135	0.6512089
0.24554211	0.51237315	0.4271797
0.20896566	0.90809035	0.5465742
0.59186137	0.49268305	0.19167307
0.5724291	0.19994229	0.21807788
0.54788035	0.23286545	0.35041362
0.041199565	0.83905107	0.6042234
0.08067757	0.5191858	0.20723853
0.26890266	0.8903254	0.57587934
0.89597356	0.63377255	0.7261567
0.3116656	0.61046344	0.3000343
0.7500633	0.7418902	-0.0029482376
0.795171	0.7736342	0.20827648
0.56319356	0.93642586	0.29027742
0.60606354	0.9163647	0.46244043
0.595614	0.57166857	0.2423923
0.9891711	0.8024259	-1.2679049
0.5905202	0.8908234	0.42845508
0.8726139	0.38465327	0.053772222
0.23619074	0.09705496	0.66008824
0.04763919	0.28117394	-0.21239565
0.83438754	0.05161476	-0.065504655
0.3419124	0.9388587	-0.139649
0.40383035	0.06746405	-0.5751967
0.28362966	0.6714216	0.42477122
0.3044896	0.22646958	0.7347365
0.5479284	0.3908773	0.10713543
0.1051718	0.022451162	-0.19155276
0.7833579	0.40739322	-0.6326234
0.9998547	0.5707448	-1.4207895
0.50594175	0.6436877	-0.59482723
0.673593	0.019036293	-0.5383371
0.53183657	0.72603714	-0.38842708
0.3373592	0.95504373	-0.05968518
0.8164073	0.5510238	-0.39288458
0.26610953	0.5559735	0.3998325
0.54257953	0.6445245	-0.26230228
0.29627877	0.36528355	0.571282
0.7107776	0.4609648	0.15823776
0.69868976	0.59671044	0.34741
0.8903583	0.36333293	0.2598563
0.65776503	0.95608735	0.024834912
0.22114742	0.4885649	0.39212584
0.6535675	0.61651796	0.46996692
0.9280926	0.8670341	0.94398594
0.961507	0.7165389	-0.10585129
0.33497578	0.75880414	0.07332196
0.8789315	0.008320153	0.15643966
0.44272065	0.24265784	-0.6230451
0.65433383	0.19297653	-0.46288842
0.09308827	0.20709658	-0.41486102
0.021136284	0.47564948	0.020192973
0.81106144	0.15986651	-0.34644789
0.35785902	0.7554298	-0.028367326
0.13419253	0.09944528	-0.36948872
0.4196769	0.69007957	-0.49081308
0.2893142	0.5211302	0.5150522
0.46149117	0.007942438	0.37425444
0.15343267	0.7161244	0.48183775
0.13026702	0.3708129	-0.2547837
0.4039924	0.68956953	-0.39304486
0.44862896	0.33952928	-0.625059
0.29904246	0.884213	0.3540446
0.72765136	0.8805353	0.0024144538
0.44372624	0.052618265	-0.25420985
0.4596663	0.8056027	-0.7890351
0.9998177	0.3488497	-0.444647
0.23310405	0.8124292	0.6348199
0.59998524	0.039649606	-0.03574325
0.38716388	0.4289587	-0.41274104
0.24664676	0.006617844	0.8701082
0.07638043	0.7837847	0.6704729
0.9042638	0.09768766	0.22355655
0.019910514	0.94355553	0.27803648
0.2890697	0.8063705	0.47714776
0.65380836	0.5633692	0.41280082
0.2660058	0.42770076	0.5428897
0.7740599	0.23470604	-0.52102184
0.027650476	0.5061071	0.111064404
0.05650139	0.6005983	0.34019944
0.9411394	0.35839552	0.44608274
0.90058184	0.60465556	0.71627337
0.41812384	0.43961024	-0.6713422
0.6325697	0.558802	0.3645714
0.8755068	0.7041978	0.79733247
0.9977719	0.22776264	0.13022245
0.7339547	0.8859835	-0.03480676
0.7965246	0.13892418	-0.39004993
0.6664711	0.20293677	-0.3780709
0.05526966	0.3334067	-0.1813425
0.95639604	0.65035236	0.058428213
0.460504	0.67062056	-0.7523564
0.4826578	0.8202181	-0.8600165
0.6646606	0.4044304	0.13836119
0.048038542	0.2941109	-0.22847138
0.8829528	0.04145658	0.11488663
0.6598663	0.009477377	-0.62521935
0.6052123	0.05950123	-0.15331514
0.29539686	0.39061725	0.55574995
0.33858204	0.08281016	0.3480268
0.3241583	0.5513599	0.2503833
0.820058	0.94947654	0.92340297
0.36846507	0.15508342	-0.23716567
0.2720074	0.78514105	0.5096129
0.6842184	0.96645635	-0.19488406
0.51313	0.7510705	-0.6074021
0.114938974	0.8151631	0.615045
0.7962384	0.80373734	0.26370025
0.53778833	0.9264306	-0.10380809
0.9728513	0.0010360479	0.37412193
0.08423269	0.51497453	0.15282832
0.15137023	0.047873616	-0.14709803
0.6732291	0.8946073	0.13593343
0.30073106	0.6057177	0.35187668
0.9787089	0.07439035	0.51578265
0.40703046	0.9332351	-0.51687485
0.24628621	0.44255394	0.41668895
0.7675675	0.9168195	0.24096422
0.8112762	0.5467613	-0.48525906
0.97049344	0.052788615	0.43921956
0.11085993	0.855268	0.5882863
0.5839154	0.9607955	0.4468009
0.22405893	0.0017390251	0.48852855
0.52000123	0.596229	-0.3972799
0.93599534	0.69419426	0.63598394
0.8758525	0.71092176	0.8442659
0.6664284	0.8973852	0.100260854
0.20683789	0.61084867	0.4542163
0.08652699	0.42900383	0.013571255
0.067741394	0.11016476	-0.1449605
0.4212749	0.8067655	-0.5190736
0.14396584	0.6448068	0.45176125
0.8104038	0.3716175	-0.5798739
0.06821728	0.3361897	-0.23791589
0.28758842	0.21466231	0.8357955
0.27567416	0.6445268	0.48233414
0.4366688	0.5752598	-0.64419323
0.12301028	0.40023226	-0.22511506
0.34366274	0.115136325	0.30203897
0.44111794	0.16713423	-0.461727
0.47836202	0.54137945	-0.6533128
0.9204434	0.7477761	0.97953075
0.9750485	0.6682659	-0.62199825
0.4304937	0.11446804	-0.5376247
0.5573342	0.508831	0.039618857
0.7632082	0.103153884	-0.278594
0.2665339	0.91853607	0.60503393
0.063842356	0.9770345	0.5220534
0.94558585	0.31165648	0.38470244
0.58152914	0.13754976	0.2301854
0.09473693	0.48992133	0.059033543
0.51840574	0.6798902	-0.5292947
0.7833068	0.9078394	0.3493496
0.27635676	0.20642573	0.86870545
0.9474435	0.896973	0.3010751
0.347849	0.30126554	0.107779406
0.6450575	0.0023579001	-0.6361479
0.63372046	0.07530284	-0.552495
0.39650124	0.06002271	-0.5163344
0.2458207	0.92172444	0.65438175
0.46484864	0.47303092	-0.5812521
0.07733053	0.11814809	-0.30548
0.6428274	0.6472971	0.44895312
0.65019566	0.92645806	0.1457038
0.17190504	0.65658647	0.4810267
0.55687296	0.8333967	-0.02787866
0.32194084	0.13430029	0.67018986
0.7949197	0.31557804	-0.5574828
0.14334589	0.8467349	0.513232
0.97800845	0.49574745	-0.5205145
0.2863657	0.9524151	0.46548
0.19803292	0.8368367	0.543999
0.17252862	0.9649029	0.40180805
0.6842635	0.84555286	0.06603313
0.6696413	0.25469708	-0.2028324
0.30064946	0.24752122	0.7359735
0.5780571	0.21790814	0.14020509
0.7694981	0.20645851	-0.38226974
0.5286451	0.5753558	-0.28100947
0.6196221	0.8042683	0.44384518
0.275172	0.62655556	0.46600035
0.5305931	0.46789753	-0.13674344
0.36759287	0.34447628	-0.2076409
0.45527464	0.122633934	-0.217721
0.09010941	0.9491086	0.5800226
0.70264274	0.70087194	0.2806552
0.5962834	0.3749932	0.038314436
0.039902627	0.7923841	0.5039227
0.7920066	0.7588918	0.07966948
0.50375766	0.27895826	0.05962185
0.5660438	0.6625951	0.051848643
0.683169	0.502495	0.33454227
0.6017542	0.96434754	0.46065098
0.2626875	0.7098389	0.49035153
0.7021176	0.39051425	0.09331283
0.6441441	0.29783666	-0.1586474
0.9213215	0.7654136	0.92484796
0.9733733	0.68315446	-0.5840673
0.6711835	0.8500228	0.1644587
0.90073305	0.37076986	0.3962322
0.033454835	0.5849619	0.28031218
0.4195832	0.5406017	-0.5608576
0.45966107	0.8792186	-0.7930581
0.025632083	0.29903084	-0.16893557
0.29526764	0.18734843	0.82858926
0.53391826	0.90903306	-0.25844127
0.65135735	0.32514906	-0.11614817
0.59026915	0.63944423	0.29896802
0.9881195	0.78455037	-1.3011141
0.21713644	0.62189406	0.51178783
0.55739844	0.85211354	0.066387
0.9094232	0.6423977	0.83612335
0.9248817	0.16159248	0.34437096
0.15911472	0.3473785	-0.18604538
0.20581001	0.8231587	0.5529073
0.7284294	0.5844195	0.07192431
0.9874034	0.3471164	-0.22072184
0.36416483	0.34807742	-0.10499321
0.71198654	0.73951685	0.178481
0.51597196	0.7090634	-0.59024733
0.14021063	0.638713	0.4783746
0.52988	0.34089434	0.18450284
0.33462393	0.58798516	0.16313961
0.44063067	0.470254	-0.6542989
0.9287425	0.018464804	0.11839151
0.28856605	0.236386	0.765559
0.57265794	0.6246585	0.19022702
0.6304371	0.77170503	0.5216042
0.60920525	0.63675207	0.39548716
0.19434875	0.8829849	0.5167631
0.45420152	0.04171598	0.062035274
0.37764055	0.046121716	-0.32338315
0.05354941	0.25724244	-0.2551547
0.5631096	0.4999978	0.08554488
0.3980586	0.016553283	-0.4181389
0.82884383	0.90987045	0.9179898
0.48279345	0.052664936	0.56416804
0.3710338	0.056613564	-0.23406415
0.19092518	0.008922696	0.11776779
0.120054364	0.77104175	0.58760315
0.792179	0.63820195	-0.2353347
0.5674892	0.75040567	0.1459096
0.54627657	0.49651957	-0.046515234
0.7829873	0.7867095	0.12159755
0.016232312	0.6575399	0.2877463
0.7816614	0.6668691	-0.23560679
0.61042583	0.33964896	-0.12232295
0.8479791	0.45805645	-0.25424588
0.25793636	0.35542268	0.61827713
0.32638174	0.58856803	0.21431872
0.49582124	0.8076613	-0.77318865
0.005720675	0.6794853	0.12984161
0.1540851	0.7681694	0.49231532
0.92572284	0.5566006	0.6239901
0.022189975	0.2776245	-0.20602469
0.8415605	0.36741543	-0.37807968
0.7152855	0.5303239	0.19561988
0.5202503	0.7535401	-0.51525164
0.90413076	0.76592565	1.0725945
0.10169506	0.5121404	0.13298333
0.4732195	0.5374797	-0.7062854
0.64104015	0.86380404	0.35006133
0.022616744	0.2724281	-0.15704909
0.74572533	0.7962148	0.004152924
0.11433941	0.019275486	-0.15849291
0.7707621	0.98837537	0.25472468
0.93217653	0.9998468	0.6128818
0.73398185	0.87155896	-0.03409239
0.92579746	0.779839	0.8867216
0.44885266	0.6803836	-0.7180706
0.7465015	0.15315616	-0.35129565
0.56432515	0.4748997	0.13002
0.12331802	0.032009006	-0.21417402
0.02159512	0.31219155	-0.22539943
0.10814762	0.21597868	-0.4719341
0.36088103	0.51705307	-0.037993595
0.8952155	0.51324373	0.47676063
0.83956575	0.068902194	-0.0306432
0.5427183	0.49938744	-0.08063172
0.9488087	0.9845904	0.18049677
0.9629826	0.7148832	-0.16709352
0.32953596	0.8669683	0.040578157
0.9307773	0.42480063	0.49240628
0.1575734	0.65943307	0.41678274
0.37030137	0.7423231	-0.14405595
0.14330709	0.6441948	0.4425395
0.537338	0.9637446	-0.026991175
0.22008693	0.19131327	0.3215008
0.046677053	0.59089553	0.41304308
0.3416131	0.9082989	-0.10517773
0.6275404	0.740142	0.44330275
0.63437414	0.9720509	0.23516934
0.19783205	0.66805476	0.48511943
0.8463125	0.006497085	0.1594102
0.14607704	0.6843046	0.48049456
0.9579664	0.35000765	0.25412986
0.7389693	0.8943605	-0.003904405
0.5487895	0.36826378	0.15430295
0.7191912	0.50428754	0.13962686
0.44155884	0.95173997	-0.6330115
0.7822341	0.77638507	0.07457784
0.023253143	0.1296854	-0.19938073
0.9068279	0.6191295	0.81866795
0.5623635	0.71945	-0.019406982
0.5576889	0.30831474	0.2468612
0.37727708	0.2094146	-0.40918383
0.9555929	0.94745624	-0.010323159
0.15912342	0.81805855	0.40273345
0.1605286	0.2770335	-0.25248876
0.63621366	0.47514343	0.26373824
0.96708614	0.09977722	0.4419099
0.40132833	0.07168174	-0.523595
0.28784353	0.5178281	0.35524395
0.8011095	0.9147531	0.57895124
0.6533836	0.25963986	-0.27162287
0.7248826	0.84129435	0.036402367
0.10093242	0.9164605	0.55214953
0.41389507	0.93617666	-0.4964991
0.28494573	0.10098624	1.0478889
0.7179726	0.381491	-0.052264422
0.99374825	0.20829576	0.23742276
0.12714952	0.025483131	-0.26475054
0.278337	0.55245477	0.4106833
0.06840354	0.6864333	0.5834407
0.14178133	0.5130719	0.14042754
0.42304838	0.60006654	-0.5684752
0.24216849	0.6561581	0.52494025
0.4706831	0.11285609	0.093521446
0.8133465	0.81151366	0.48641673
0.9849002	0.42345184	-0.42039135
0.5390796	0.792259	-0.31638825
0.6573034	0.32309693	-0.091686115
0.6106978	0.8225672	0.46649006
0.77727187	0.97268945	0.30565786
0.17547858	0.7442633	0.4871085
0.16665924	0.15936315	-0.16089252
0.63077056	0.00060635805	-0.47504893
0.07081324	0.45175934	-0.03811159
0.1452859	0.27992356	-0.33695573
0.6824727	0.17213601	-0.33997855
0.35643554	0.8028799	-0.088360585
0.5596593	0.00051146746	0.9492307
0.4266808	0.40381938	-0.707577
0.27366334	0.2884332	0.7052009
0.76900494	0.82079816	0.09735817
0.06859046	0.5065815	0.18943699
0.41346574	0.6624868	-0.4509084
0.10884571	0.6558946	0.4608146
0.033968866	0.5359724	0.20326605
0.59154207	0.56758237	0.25331482
0.80027395	0.13257319	-0.296744
0.72658765	0.13907117	-0.2798085
0.24309337	0.48942012	0.41646394
0.7365764	0.8637825	-0.013652829
0.009469092	0.69256145	0.24931218
0.5834955	0.34630328	0.12162113
0.51048785	0.46881104	-0.28525007
0.22851205	0.68584734	0.5158535
0.43567222	0.049509943	-0.29660845
0.091225326	0.6845078	0.62809056
0.38816965	0.5142935	-0.28072417
0.33036864	0.5200704	0.23593767
0.379682	0.87134707	-0.35154137
0.033371985	0.8617916	0.42256507
0.9707592	0.17589873	0.40230134
0.84680176	0.5935081	0.01363964
0.48553193	0.47394925	-0.5329577
0.2114715	0.5464923	0.38156435
0.9075766	0.9183354	1.2060008
0.26543784	0.7259022	0.5561026
0.19497931	0.34857255	0.07339233
0.60653836	0.29735684	-0.055603564
0.6134932	0.6248528	0.39339828
0.21162361	0.16469103	0.26671004
0.7862036	0.6765317	-0.2078453
0.985033	0.8348274	-1.0744476
0.6963343	0.23032218	-0.24738446
0.03699118	0.85682446	0.43529087
0.1031214	0.5356129	0.1804389
0.9524154	0.54417825	0.2214972
0.76902604	0.13498169	-0.34705752
0.10359186	0.83941114	0.6380367
0.29052913	0.08480865	1.0323538
0.0052224994	0.9294507	0.0469767
0.22521955	0.262883	0.38851672
0.92961264	0.34661108	0.50125796
0.02326268	0.34802812	-0.1289276
0.49347335	0.50259614	-0.50552917
0.84868956	0.38839155	-0.25487912
0.63621	0.12168896	-0.5020946
0.3617158	0.13118768	-0.10135946
0.96630466	0.64763653	-0.30849865
0.8609142	0.12626481	0.06770123
0.94002706	0.8856823	0.5882998
0.13069886	0.4443997	-0.05636385
0.6122928	0.95722467	0.41423696
0.28635675	0.3877946	0.5823875
0.66592443	0.39632136	0.1016661
0.86393636	0.22227222	-0.038074825
0.739713	0.8722358	-0.005080116
0.11844051	0.14037722	-0.4195938
0.04605621	0.6735815	0.4802455
0.69306064	0.092947006	-0.43982396
0.082306385	0.5524236	0.24072212
0.98227644	0.36291134	-0.16823272
0.76992935	0.39378232	-0.5390515
0.005748987	0.38985223	-0.20407003
0.17965806	0.36794627	0.018742483
0.035861075	0.7910502	0.5209542
0.709205	0.83929795	0.07622845
0.2022953	0.51523304	0.29426005
0.9569439	0.82876766	0.055725846
0.08045381	0.8009351	0.6987826
0.17339516	0.95184225	0.38307428
0.8595929	0.43615264	-0.1275731
0.1064381	0.8280546	0.60328454
0.7020058	0.36318952	0.025737314
0.32705492	0.7589827	0.12949981
0.4082932	0.949854	-0.5366419
0.30714804	0.02860725	1.0088122
0.51786137	0.23824352	0.38805652
0.11646271	0.31923056	-0.40644413
0.9919788	0.81307113	-1.4707316
0.7654985	0.61281806	-0.20244153
0.40449262	0.3267352	-0.6304785
0.5839624	0.079910815	0.20988286
0.9870362	0.88875955	-1.2161125
0.007510364	0.30814105	-0.295407
0.5031132	0.19172645	0.3811104
0.6769317	0.5436276	0.36983827
0.3373499	0.5913095	0.15521276
0.32145017	0.23505658	0.5265053
0.2103138	0.102873385	0.3211023
0.93593264	0.10413176	0.3306595
0.07527411	0.34947914	-0.21983103
0.9110571	0.7719702	1.0956649
0.17044312	0.011605382	-0.023728156
0.32184106	0.17788029	0.6276567
0.937916	0.91545933	0.6204358
0.17106837	0.87365973	0.42459455
0.17533141	0.45374823	0.0836769
0.18018937	0.5596847	0.28722712
0.12507248	0.654944	0.40173712
0.8846158	0.6319425	0.69205326
0.93012184	0.07203221	0.19709678
0.5227551	0.303007	0.21258073
0.33434182	0.7770791	0.06407135
0.14221501	0.14132726	-0.37249094
0.5529175	0.09560466	0.7177235
0.4024753	0.22681135	-0.6842367
0.5774109	0.3394419	0.12810032
0.80450517	0.57822996	-0.39349028
0.98168427	0.77443266	-0.9701408
0.24622542	0.6323241	0.4952287
0.326289	0.6055616	0.26574802
0.17550552	0.2522524	-0.07415223
0.56949717	0.15123957	0.41181415
0.31162292	0.47370744	0.35883257
0.0726918	0.64359033	0.50800794
0.3547066	0.47003186	0.09702394
0.4306426	0.96355945	-0.62361956
0.831911	0.00458622	0.041524958
0.96826667	0.969007	-0.43626955
0.055080533	0.1830352	-0.32462955
0.89108855	0.23181379	0.21606822
0.16835678	0.90707976	0.42267436
0.4790495	0.011344492	0.6911534
0.7223027	0.78238297	0.06584577
0.84370077	0.36796284	-0.3862062
0.8303239	0.32167435	-0.46302202
0.80850214	0.022949696	-0.02277096
0.39254087	0.1661458	-0.6640085
0.048056066	0.45642126	0.043039907
0.8509375	0.38157272	-0.2808977
0.17520392	0.66344815	0.43680573
0.8681122	0.13069904	0.047764882
0.41548562	0.9237526	-0.54497176
0.171031	0.10139489	-0.11198181
0.047697008	0.7563815	0.5432742
0.7236873	0.9288494	-0.1535439
0.614192	0.8820551	0.40431792
0.1347757	0.7530224	0.5325984
0.82663786	0.98585653	1.0713522
0.05740702	0.17629874	-0.32941738
0.563499	0.66500443	0.106075235
0.5153526	0.6261669	-0.46058717
0.57650864	0.4630838	0.14153191
0.92960364	0.7151741	0.8050894
0.020259917	0.71652216	0.3312816
0.14909029	0.98509747	0.3383972
0.39288586	0.45440924	-0.4232758
0.7214715	0.23499471	-0.22120637
0.5651311	0.890207	0.194712
0.78179944	0.23898602	-0.4886298
0.8748618	0.15817475	0.047356743
0.5870922	0.9796107	0.4755046
0.2741109	0.43544322	0.5073524
0.73639464	0.82172954	0.036808565
0.40374	0.45207936	-0.53514236
0.05225867	0.9089937	0.5569379
0.16887885	0.98249984	0.39824438
0.954883	0.9972913	0.002625063
0.36348295	0.42795718	-0.11906562
0.041316926	0.43220323	0.0018106904
0.23438507	0.3206334	0.42983076
0.3682562	0.25236243	-0.29065382
0.46495694	0.60368747	-0.72897124
0.46210414	0.86288476	-0.78131324
0.7071584	0.8835224	-0.008190021
0.55108815	0.74879944	-0.10031106
0.4729725	0.40158796	-0.4274111
0.78762025	0.48301226	-0.55917287
0.8324597	0.50816303	-0.3383175
0.002860546	0.7106546	0.13071328
0.918212	0.39384872	0.5288732
0.7951552	0.30962223	-0.6207405
0.7737976	0.48513293	-0.47979197
0.51503986	0.8501587	-0.57319766
0.76580536	0.6261123	-0.2795797
0.3044464	0.41180336	0.5178282
0.17097408	0.59128726	0.40292898
0.23194122	0.3819183	0.41003403
0.41502857	0.104100764	-0.62104976
0.22724217	0.059369862	0.53762144
0.8096479	0.27211863	-0.5744899
0.07802266	0.91726667	0.6528144
0.8028186	0.24400705	-0.48551622
0.012037456	0.8710443	0.21924426
0.9616828	0.8103907	-0.09326082
0.88150024	0.7978367	1.1427468
0.09612173	0.1517837	-0.34716922
0.27041006	0.41728628	0.5099531
0.30782318	0.28015524	0.6296625
0.9691772	0.9870734	-0.5146689
0.50298136	0.5771844	-0.46800023
0.67554855	0.5180197	0.40165752
0.940281	0.32671982	0.49477834
0.21096253	0.4406886	0.27696282
0.6023906	0.69483536	0.41581628
0.062494993	0.9462724	0.64392
0.8803117	0.31596965	0.05656628
0.090361595	0.72344065	0.6394441
0.11406165	0.12678027	-0.38329592
0.098597705	0.38497406	-0.23931482
0.113544345	0.4648922	-0.026710687
0.042345285	0.42481267	-0.018494418
0.4095568	0.68698573	-0.40350908
0.14133787	0.63452226	0.42677265
0.76493126	0.9351755	0.19069883
0.9186788	0.6520815	0.8373067
0.2753207	0.92994213	0.54540306
0.6319025	0.18025887	-0.45750052
0.6999947	0.9226091	-0.14584173
0.3246891	0.5493575	0.2808704
0.5885789	0.7594535	0.32776847
0.33433276	0.21429503	0.35590363
0.54579085	0.56615025	-0.11109875
0.40752822	0.50772053	-0.5089694
0.5664406	0.23598135	0.24635556
0.4930575	0.56386864	-0.6022985
0.8410999	0.6771024	0.23211323
0.8086145	0.47332054	-0.64413357
0.030836642	0.8975627	0.38934883
0.026484787	0.25271446	-0.22043905
0.58357114	0.9246949	0.43595996
0.7442972	0.07616454	-0.24151261
0.5412283	0.5478286	-0.12131554
0.37326348	0.8157851	-0.25179857
0.6080285	0.32623816	-0.0813739
0.74472964	0.26367134	-0.36763293
0.47677797	0.06221664	0.426189
0.26035756	0.025729656	1.0186133
0.12967134	0.021714449	-0.17638047
0.671767	0.7253126	0.37179878
0.3192988	0.54913825	0.2689622
0.5080546	0.014603138	1.1476152
0.27770668	0.73908865	0.4867086
0.7910442	0.5394902	-0.44795892
0.89441234	0.62249583	0.73553276
0.81319445	0.28843766	-0.5616967
0.52365893	0.9945284	-0.1431505
0.10193527	0.8010089	0.63860416
0.10494578	0.62860644	0.43556353
0.31023228	0.105570495	0.82129955
0.13738191	0.23111057	-0.3686982
0.36302096	0.8692908	-0.14842635
0.42079532	0.3397767	-0.6880393
0.76780045	0.8578328	0.2286857
0.9309981	0.7495187	0.79102147
0.89291215	0.21016312	0.22293612
0.77926135	0.3830207	-0.5563626
0.49887925	0.5500037	-0.5160078
0.7986492	0.24121165	-0.53022605
0.006365478	0.53407806	0.0331436
0.18271047	0.17717522	-0.072376
0.6151307	0.7830815	0.436923
0.022135317	0.78300697	0.35157967
0.044251323	0.6721335	0.46243224
0.18338907	0.11852646	0.0057291593
0.15102977	0.52904445	0.20675275
0.8865166	0.36075383	0.19426964
0.76697946	0.41592312	-0.43410408
0.45009094	0.46472818	-0.6814578
0.93666464	0.014688194	0.16808364
0.11111432	0.6653951	0.50328916
0.8261267	0.9008479	0.8837611
0.74554986	0.74160224	0.03765535
0.7287249	0.89226365	0.014963083
0.6221858	0.141011	-0.39687946
0.010787308	0.737781	0.21072046
0.12180984	0.72433585	0.53987443
0.8550224	0.09427214	0.0109361075
0.7106708	0.31413794	-0.06453737
0.35804707	0.019323945	0.09030359
0.8942381	0.5209611	0.4590909
0.8030814	0.038985014	-0.15767595
0.3361215	0.8715488	0.065286726
0.1438176	0.35135037	-0.2343146
0.949585	0.64939076	0.25203824
0.12253916	0.39506054	-0.19671303
0.4078223	0.9449936	-0.5604222
0.659851	0.2933373	-0.17677748
0.20933247	0.029156268	0.3067778
0.5521781	0.6930088	-0.10639782
0.2629276	0.52599865	0.4879095
0.15282935	0.8135163	0.50209266
0.82381517	0.7395184	0.25656512
0.88559294	0.15027344	0.20716691
0.49934638	0.7807912	-0.77378553
0.55318695	0.51778334	0.022994371
0.018637598	0.4062851	-0.06714998
0.7889797	0.7650395	0.10344191
0.45024782	0.06566709	-0.09965812
0.9524377	0.11679393	0.3775028
0.15422392	0.68061996	0.45257384
0.9782005	0.33436716	-0.030179784
0.5080333	0.6511819	-0.5710518
0.28209382	0.07238996	1.048003
0.9293019	0.4551471	0.54606134
0.94617844	0.83113694	0.41304538
0.059380352	0.36684746	-0.18795846
0.82863325	0.015141606	0.044045422
0.91968596	0.30324328	0.47421837
0.07925451	0.08622444	-0.24462427
0.48584622	0.75944924	-0.8589996
0.84221894	0.93481356	1.1919245
0.1404444	0.8498447	0.49651825
0.3185361	0.20003009	0.6243641
0.24417198	0.68456477	0.5399943
0.6268591	0.7844024	0.48288077
0.5316447	0.057505727	1.037098
0.41611803	0.37592262	-0.6452209
0.7693073	0.0021455884	-0.14515527
0.38045013	0.7382047	-0.13574553
0.9282524	0.65159386	0.76999074
0.71263754	0.7066516	0.2034286
0.94229746	0.5475587	0.42232487
0.32920247	0.29399854	0.34028333
0.8557322	0.3350268	-0.1959489
0.68750376	0.34265792	0.012614608
0.20350105	0.7731316	0.5193468
0.3484174	0.8275521	-0.056858633
0.42144036	0.21199381	-0.7134567
0.38570553	0.8539284	-0.3913804
0.8204732	0.539128	-0.36651692
0.46247452	0.5562895	-0.69201374
0.18503052	0.25894684	-0.010938836
0.41723686	0.8090209	-0.536646
0.69253683	0.5654107	0.37456855
0.24692756	0.64545906	0.5288533
0.21734464	0.003631115	0.44886312
0.42665696	0.82828707	-0.64698416
0.896089	0.52582145	0.5639232
0.7593759	0.5187359	-0.302901
0.2743082	0.73889595	0.45600122
0.7721369	0.60351264	-0.31033957
0.3147747	0.65515363	0.26520455
0.27699924	0.053774	1.1075262
0.717226	0.4133119	-0.0031836294
0.30684412	0.71433413	0.326022
0.8709653	0.7709695	0.96597964
0.51188403	0.834002	-0.58528036
0.5497462	0.73568565	-0.10237844
0.024938881	0.40127903	-0.0057435706
0.25235045	0.0018185973	0.8900834
0.8842805	0.15820962	0.17083918
0.4779058	0.4382097	-0.52446723
0.86015254	0.4114377	-0.18580477
0.85957307	0.99528694	1.3441018
0.0037721395	0.7771162	0.13361482
0.6349379	0.38080335	0.0018556351
0.1430788	0.17103267	-0.3745233
0.13171321	0.419488	-0.121726416
0.87973064	0.6482775	0.69377387
0.36001027	0.46533567	-0.054428373
0.23392618	0.9706246	0.6246473
0.64050657	0.26743078	-0.28767592
0.34317172	0.3196668	0.1661353
0.21044868	0.6017573	0.5285562
0.5629978	0.86063313	0.18526796
0.8870913	0.24983096	0.14911693
0.27909917	0.1288014	0.99322486
0.66258425	0.39606887	0.17202911
0.2151311	0.18234509	0.33300084
0.8876278	0.5220453	0.4391915
0.7484199	0.57269907	-0.11106016
0.7549139	0.5508698	-0.25223455
0.85917485	0.4100529	-0.15958196
0.8945587	0.8177538	1.1820588
0.4576457	0.8952196	-0.81974757
0.5320487	0.679887	-0.33430845
0.7219717	0.032666802	-0.30524158
0.2594182	0.54855937	0.51048404
0.83632845	0.52172184	-0.29978853
0.37895447	0.36539865	-0.3976707
0.7323349	0.33400553	-0.16708198
0.8209366	0.8047005	0.4913528
0.82179064	0.21711475	-0.385251
0.43156695	0.99273133	-0.5767937
0.49629408	0.3924153	-0.23609269
0.053080678	0.7668307	0.6179535
0.881663	0.13390362	0.102997646
0.99315137	0.52722985	-1.1183194
0.7063465	0.97336924	-0.24412666
0.6115194	0.2053557	-0.18570967
0.0010470152	0.57523113	0.02439761
0.41542882	0.39005268	-0.61649495
0.00016975403	0.82342976	-0.04414451
0.9644311	0.07824594	0.39780554
0.37750757	0.2925853	-0.37022546
0.4138441	0.87386966	-0.5329798
0.13786316	0.6052042	0.30878973
0.7271801	0.8633919	-0.025502726
0.9323914	0.7206993	0.72787637
0.89682686	0.6964394	0.9283467
0.90989727	0.16780043	0.3163451
0.45376414	0.21907389	-0.4634191
0.054212928	0.2827158	-0.21948528
0.6084492	0.7877322	0.43403476
0.63951	0.9234271	0.25974157
0.631293	0.9409057	0.27796248
0.41662067	0.945902	-0.6043991
0.9527701	0.95772475	0.082324244
0.7034533	0.12724835	-0.38437065
0.5799945	0.93765664	0.43285018
0.030904949	0.64012253	0.3483444
0.16332006	0.23147577	-0.2940678
0.18151915	0.2834941	-0.03928476
0.8793739	0.927248	1.3133068
0.072588146	0.5341594	0.24288271
0.8735884	0.80323744	1.0974066
0.9776927	0.122448504	0.40201104
0.78914267	0.5164763	-0.51070714
0.1627748	0.69062513	0.4913003
0.6489168	0.36649793	-0.060072906
0.85998434	0.6218844	0.33497128
0.77006584	0.65522724	-0.14096141
0.7335531	0.29134142	-0.26829535
0.71664745	0.2616912	-0.11584858
0.6502745	0.009900689	-0.6160315
0.71819603	0.07530439	-0.31175274
0.7359571	0.55348206	-0.058413453
0.45548457	0.08766818	-0.08845696
0.17264998	0.6903531	0.48415354
0.9392452	0.23500562	0.42988682
0.3452565	0.91892076	-0.07878175
0.48163575	0.45217806	-0.4939629
0.14683127	0.67911243	0.48178753
0.2823274	0.93228287	0.49504682
0.2956593	0.633967	0.38369456
0.22360975	0.18385208	0.44113052
0.37585407	0.16384983	-0.36603558
0.6697113	0.029435039	-0.6229342
0.45552486	0.16139007	-0.3357322
0.33280432	0.49233502	0.1887084
0.5707947	0.18938583	0.2400071
0.7013902	0.7979317	0.214466
0.8331953	0.19009256	-0.25162888
0.69024944	0.8917123	-0.075066924
0.23589373	0.5281994	0.4721475
0.52433425	0.9215754	-0.3124567
0.44324845	0.84124416	-0.74380994
0.17936534	0.45915347	0.1589473
0.3831786	0.57359105	-0.2569412
0.97404873	0.63793564	-0.5158018
0.39614236	0.49491358	-0.3293571
0.23850209	0.6091497	0.47270635
0.9016062	0.19496411	0.30884773
0.23286021	0.58658105	0.45556796
0.98072803	0.9131958	-0.94488716
0.94136226	0.15839386	0.37699923
0.40087157	0.57840556	-0.39776474
0.68934125	0.2592895	-0.2048359
0.74448067	0.38341743	-0.24337049
0.40585995	0.5326106	-0.4609519
0.8871816	0.88908565	1.29611
0.8015414	0.05076623	-0.15061313
0.12207639	0.33706594	-0.35697913
0.23339379	0.7696042	0.6251544
0.20593488	0.76051944	0.5469261
0.77220577	0.8339533	0.17231077
0.93026024	0.19694859	0.4057082
0.53827894	0.2664559	0.35295755
0.19993466	0.52121824	0.29756194
0.89484864	0.98761547	1.2517965
0.8448419	0.6283969	0.071556315
0.03839439	0.656202	0.43707964
0.69985133	0.63678	0.32443753
0.6626223	0.16359967	-0.46341592
0.3941784	0.66343653	-0.27980402
0.4631542	0.49801588	-0.6136005
0.3119257	0.28597444	0.5825736
0.16538715	0.06270057	-0.18017043
0.92060804	0.6118413	0.7626808
0.19283575	0.8548638	0.5122815
0.57487524	0.38816398	0.09712149
0.9738109	0.0031146407	0.34495455
0.2997104	0.12442154	0.9676133
0.9315473	0.22340095	0.38298258
0.6667289	0.17805368	-0.44254532
0.03672695	0.2730686	-0.23621583
0.19618905	0.488307	0.22920986
0.3738848	0.57727385	-0.14884973
0.16312367	0.332065	-0.14758591
0.7618296	0.1522994	-0.36129522
0.23722804	0.9472024	0.71270424
0.08086598	0.5718877	0.27877972
0.65899134	0.7281539	0.47561777
0.06274265	0.63983774	0.44556585
0.83623075	0.4062667	-0.4881751
0.53369546	0.95698583	-0.0819374
0.54970586	0.6828596	-0.11322898
0.3635441	0.006795466	0.010749837
0.06882799	0.33330202	-0.27655753
0.24345905	0.977095	0.7075541
0.40847582	0.066345334	-0.5196483
0.5564315	0.42344958	0.13910471
0.37235928	0.22973931	-0.3358447
0.74810475	0.9845081	0.016158797
0.2999609	0.22661668	0.7249236
0.7539852	0.86957806	0.016495861
0.0070498586	0.90290713	0.0956688
0.086722314	0.78060067	0.6595894
0.448183	0.597153	-0.66087514
0.3205933	0.77775913	0.2212351
0.7283664	0.6645526	0.10196465
0.3996005	0.8096676	-0.38843307
0.88893265	0.059612215	0.10865968
0.5042477	0.8578071	-0.6629861
0.60880315	0.96375054	0.43543535
0.5710269	0.32506216	0.16880786
0.2123645	0.4702853	0.29201713
0.66861504	0.56574357	0.40645382
0.4445436	0.333548	-0.7498606
0.86773694	0.9422528	1.3109114
0.8161084	0.9640585	0.8915987
0.25279653	0.47785783	0.46400374
0.037484944	0.6993805	0.41976383
0.31694353	0.61756635	0.3172417
0.89089346	0.47610623	0.37677905
0.6284685	0.101754606	-0.54336494
0.710187	0.6809182	0.2753582
0.8983754	0.4397912	0.37901896
0.5371351	0.36922544	0.114326365
0.9665344	0.14585775	0.43137482
0.7074858	0.76505405	0.17884368
0.6296195	0.20639527	-0.3503708
0.93472016	0.9767055	0.5537734
0.19806826	0.011581302	0.15993136
0.9442123	0.56814617	0.41899994
0.50676847	0.91689456	-0.65312624
0.2897067	0.24123216	0.76234406
0.36139315	0.63623726	-0.055266783
0.34887737	0.07004964	0.24003942
0.5395622	0.6783824	-0.21279007
0.71616155	0.9483173	-0.20714375
0.25312293	0.40787584	0.470393
0.081489265	0.31801802	-0.38296762
0.49685538	0.30680156	-0.054765236
0.98428285	0.49918228	-0.6949697
0.76174515	0.88361347	0.112045586
0.38613468	0.2614836	-0.49056256
0.9286561	0.08912742	0.22694108
0.12132418	0.07375914	-0.34639794
0.60393006	0.8007384	0.39396143
0.8485155	0.5021741	-0.15847309
0.7583169	0.8946069	0.09616322
0.22913337	0.9724377	0.6413831
0.11105299	0.38265568	-0.29422203
0.6585434	0.2842993	-0.18340291
0.24015373	0.7802236	0.59389997
0.8930413	0.07992369	0.12268903
0.6800896	0.589405	0.41715777
0.75040096	0.60013705	-0.19800858
0.9918996	0.27776378	-0.0072897067
0.78774965	0.44242352	-0.5993919
0.5905324	0.55248773	0.2842711
0.050610363	0.2821706	-0.23702046
0.40089983	0.46599215	-0.45508024
0.60511136	0.60352075	0.34141606
0.18780106	0.16267532	-0.02120111
0.5845974	0.9340859	0.4571586
0.69589007	0.5509016	0.34662452
0.1783899	0.0769155	-0.015487041
0.75746834	0.0799377	-0.30016008
0.8329473	0.3111719	-0.41608965
0.949141	0.695109	0.31816703
0.5882308	0.2696941	0.03774536
0.5756935	0.9668001	0.37958896
0.868295	0.8549778	1.1580971
0.83349943	0.39135247	-0.463938
0.7303603	0.45585614	-0.07463242
0.12094605	0.8265422	0.5794011
0.09184116	0.30687463	-0.38318914
0.8037758	0.7820313	0.21603462
0.28188533	0.4544857	0.46920362
0.4749115	0.74955887	-0.8877943
0.2753505	0.20858401	0.84391904
0.7794912	0.18248123	-0.42485428
0.42888844	0.402008	-0.6596053
0.70068485	0.6988033	0.31886333
0.7546778	0.60806537	-0.20840377
0.47668272	0.07798535	0.36310455
0.45840615	0.9543354	-0.70945567
0.26726246	0.2062605	0.8723153
0.20658278	0.025167584	0.28062743
0.9598383	0.5564751	-0.008356938
0.8068452	0.2566523	-0.5509775
0.14172494	0.27928984	-0.31549585
0.035175502	0.6543315	0.41812676
0.970026	0.85028076	-0.4265956
0.10415524	0.36859357	-0.34024006
0.22883016	0.32020253	0.35099274
0.19847828	0.5128091	0.2848067
0.26446146	0.79392725	0.5183863
0.31077057	0.79705966	0.21334009
0.9871368	0.8200266	-1.239662
0.91300625	0.023699343	0.13284896
0.671832	0.4362191	0.15603912
0.7287434	0.05578029	-0.29531035
0.23666376	0.52379453	0.43883532
0.5796228	0.38769984	0.04655362
0.3964154	0.15907234	-0.62530905
0.008403957	0.21977031	-0.3348884
0.19203919	0.8330128	0.5514788
0.75593615	0.44913536	-0.31352964
0.50678456	0.5921576	-0.5215188
0.57044894	0.3629136	0.15300171
0.4964713	0.048114777	0.81133133
0.8683744	0.79129183	0.97727704
0.3423134	0.66038054	0.12559314
0.8242479	0.39345664	-0.49441674
0.82291615	0.8773772	0.8132488
0.37521333	0.16738981	-0.36323014
0.4370066	0.25754285	-0.6565195
0.017134726	0.5972251	0.22279702
0.61796325	0.7119312	0.46973273
0.103865206	0.73399806	0.56902736
0.8039259	0.24640751	-0.50445336
0.0075209737	0.97389406	0.12929156
0.09647471	0.8071653	0.62146056
0.6694662	0.9366711	-0.050225336
0.88610893	0.05284053	0.11805845
0.5926659	0.50899357	0.1972346
0.39081222	0.46117634	-0.38419864
0.44660884	0.7722571	-0.83365154
0.5534103	0.27394456	0.28790584
0.28611714	0.735601	0.45482755
0.67057335	0.41012484	0.15667313
0.60314214	0.2680735	-0.072431445
0.49364364	0.1262812	0.47833607
0.33903682	0.3386885	0.2675982
0.9059434	0.8203434	1.2105801
0.13438886	0.3831281	-0.21928649
0.9536471	0.6301096	0.11227673
0.5663292	0.54625005	0.0890078
0.65534836	0.45488673	0.21766168
0.8886131	0.69088244	0.8511559
0.81543875	0.26389068	-0.44947663
0.60504794	0.7631505	0.4339321
0.3755777	0.72259057	-0.11891748
0.9301338	0.35554248	0.5238262
0.16923338	0.71041685	0.47292957
0.72402334	0.6027377	0.12815924
0.088556945	0.06431079	-0.23266098
0.7518531	0.40608102	-0.31132895
0.56020796	0.5760006	0.034703568
0.88720936	0.27571446	0.15792584
0.066260874	0.04472041	-0.12686482
0.44443256	0.12574124	-0.43008912
0.36813754	0.6912031	-0.087631494
0.4714237	0.7717283	-0.823086
0.99150944	0.68985885	-1.3550647
0.70997787	0.042850733	-0.32066476
0.7962184	0.47092324	-0.55137527
0.35906416	0.24342108	-0.110560395
0.935944	0.75208676	0.69570947
0.87516636	0.81566715	1.143788
0.7362334	0.3241402	-0.22469983
0.70356405	0.6975344	0.28991243
0.49657607	0.31056178	-0.08587868
0.48036373	0.19109792	0.023993716
0.7893155	0.63742507	-0.2775728
0.14118284	0.57408917	0.29107115
0.61588514	0.8302823	0.42440128
0.37387687	0.6849861	-0.10355109
0.61353	0.27534503	-0.2511919
0.29372942	0.043267548	1.0311341
0.3406548	0.11957818	0.3406573
0.5719151	0.8917757	0.24071866
0.5316547	0.34422606	0.10005317
0.7574634	0.9942928	0.08589926
0.12263304	0.4789853	-0.035349242
0.05992782	0.91340584	0.6185206
0.069734454	0.22062933	-0.32954538
0.49808288	0.5776314	-0.5853795
0.15513372	0.31573188	-0.24303886
0.43024898	0.88522804	-0.63903177
0.39895338	0.62608284	-0.3349194
0.287188	0.029076517	1.1016426
0.3739916	0.6654153	-0.13074209
0.23707771	0.07526177	0.69510996
0.62022877	0.05847442	-0.38238612
0.7922513	0.10901588	-0.27117994
0.6545327	0.109014034	-0.55866146
0.5840199	0.18611425	0.07204007
0.18351519	0.08563036	-0.036335807
0.5889331	0.76158965	0.3228076
0.019698322	0.85688317	0.26267132
0.26511264	0.04521811	1.0048089
0.080714226	0.5497581	0.26421893
0.55584973	0.8010925	-0.035059847
0.7568983	0.27599	-0.44960716
0.11600518	0.87084275	0.56785387
0.95118535	0.09182608	0.36353362
0.79561347	0.36511606	-0.6140707
0.6205752	0.12612158	-0.38723364
0.61502826	0.90858996	0.43760192
0.2669593	0.5272255	0.47390717
0.50879645	0.23737144	0.23046088
0.71144277	0.6163842	0.23639835
0.4990996	0.9170351	-0.65601397
0.3314821	0.5825353	0.14659187
0.85807776	0.1256597	0.06246069
0.4159884	0.08184904	-0.5534166
0.27683628	0.18804133	0.89068645
0.7822074	0.2980128	-0.5725307
0.4144243	0.16929168	-0.7003401
0.31146067	0.46768546	0.39157692
0.032494187	0.8008715	0.48554212
0.38481277	0.088259876	-0.46438575
0.6249394	0.65209794	0.44634378
0.76264066	0.53472704	-0.42491555
0.14752686	0.051728368	-0.16668263
0.6333714	0.98311704	0.22485268
0.46606642	0.095819294	0.07974385
0.79305995	0.29654312	-0.6428501
0.7268568	0.26618803	-0.21783607
0.30664122	0.36230367	0.5102738
0.87949204	0.6394317	0.6709449
0.5117114	0.85296726	-0.56879586
0.29623663	0.8646637	0.4082722
0.20729077	0.50827265	0.40050548
0.70165503	0.48144728	0.20487693
0.1193105	0.09725857	-0.44384572
0.79471207	0.7329593	0.005787747
0.84218615	0.72695166	0.42032507
0.5617058	0.62044924	0.029203277
0.6003439	0.83348715	0.43144396
0.188375	0.81963205	0.4970718
0.29288715	0.7613445	0.39317247
0.8398262	0.4729607	-0.32853922
0.9500901	0.3205924	0.403619
0.31390268	0.4674123	0.35537985
0.31062263	0.0020427704	0.9881592
0.33339506	0.094223976	0.53639615
0.9980471	0.1843341	0.35358435
0.2216934	0.4665066	0.30986735
0.36170548	0.9375843	-0.21697447
0.4890074	0.9032626	-0.73903024
0.56056917	0.5609309	0.008963883
0.25262922	0.487575	0.46956003
0.83644366	0.03230965	-0.00030417368
0.6730137	0.22052348	-0.36325774
0.3152969	0.04247117	0.8405797
0.009996235	0.09564066	-0.26496723
0.9998301	0.6502295	-1.6161088
0.57749695	0.87340045	0.34904847
0.17491996	0.7161105	0.49199653
0.582498	0.35415983	0.075691804
0.7907185	0.74402916	0.0063518696
0.63645124	0.60418844	0.41012138
0.1363442	0.38737303	-0.19124822
0.96482855	0.77707106	-0.22550271
0.1579963	0.5377409	0.1694271
0.076571584	0.93429035	0.60349005
0.9131667	0.93996125	1.0635481
0.2719612	0.8468157	0.5329931
0.73592967	0.8723314	-0.009944871
0.73342896	0.52194893	0.008435536
0.8029077	0.15215242	-0.40199006
0.2096219	0.7383925	0.49115697
0.3155855	0.89666736	0.13248178
0.09922367	0.31614935	-0.4237622
0.55734164	0.41128582	0.0950967
0.9851783	0.9518422	-1.1221327
0.4636804	0.25342166	-0.41989306
0.13352948	0.4345932	-0.08991144
0.5846589	0.36823177	0.1085026
0.6524018	0.29236752	-0.15178858
0.54809076	0.0011659861	1.1603761
0.76878154	0.5867092	-0.3621068
0.88301414	0.051592886	0.13835967
0.04314041	0.7218179	0.5194245
0.27568877	0.6240576	0.42891943
0.6384597	0.63285613	0.46548206
0.95713705	0.46222728	0.20979674
0.7198788	0.5168072	0.08237858
0.98157424	0.6333536	-0.8566685
0.96718025	0.16831505	0.41131118
0.37302756	0.97863024	-0.30852133
0.8499628	0.2179429	-0.13908465
0.40801066	0.9874818	-0.4602516
0.85116786	0.75525814	0.7019746
0.97020596	0.44515198	-0.14063138
0.013952494	0.9147303	0.15102556
0.24573225	0.107360065	0.7587591
0.06813991	0.15226287	-0.27235794
0.44069088	0.7742898	-0.7589154
0.65736014	0.43266332	0.19517998
0.9218717	0.048160434	0.22870125
0.7296678	0.049269438	-0.3096438
0.84095585	0.11603433	-0.058437735
0.35354322	0.3863765	0.02018551
0.29365486	0.91220695	0.36412686
0.8267304	0.29018968	-0.4257407
0.23298329	0.76679486	0.6406414
0.6009772	0.4432618	0.13945849
0.6557307	0.55612147	0.4331434
0.2645477	0.35669512	0.55026954
0.98537093	0.4740528	-0.63161236
0.660316	0.71071464	0.49365008
0.3146708	0.098335326	0.7866654
0.92423576	0.66979843	0.8175798
0.15558225	0.80224675	0.5109997
0.9965084	0.09153217	0.59483033
0.12670445	0.74793667	0.57381594
0.5007849	0.6915178	-0.6779014
0.8288311	0.14583749	-0.15270485
0.9886823	0.32143813	-0.1659987
0.6540453	0.47756863	0.26690087
0.0018277168	0.08684546	-0.37593722
0.80782294	0.6324762	-0.22000156
0.9598971	0.90957963	-0.106122464
0.5465311	0.019290984	1.0763928
0.81805265	0.5250725	-0.4804202
0.82576114	0.98522514	1.0333883
0.9671589	0.29973072	0.25435328
0.16665077	0.8815599	0.4318728
0.5966233	0.23830289	-0.0066367052
0.516137	0.22021836	0.40950072
0.6515509	0.47469264	0.2846619
0.1339817	0.6431358	0.40445104
0.88703734	0.12993044	0.18840933
0.21143776	0.5824359	0.4691808
0.90718925	0.5895031	0.7749385
0.07535517	0.51313907	0.1323971
0.0744313	0.9409098	0.60771954
0.020399332	0.54983807	0.23878998
0.24344915	0.5245028	0.3971478
0.3783657	0.9996549	-0.34534812
0.54818904	0.020325482	1.0253015
0.9910936	0.5270006	-0.9855573
0.2138505	0.7301031	0.60186684
0.46607977	0.2994086	-0.45703968
0.45245862	0.8714891	-0.7809796
0.4529614	0.69595486	-0.82062376
0.2028504	0.012999415	0.2753607
0.8975258	0.07561749	0.17700884
0.972848	0.59973496	-0.4900125
0.8574552	0.017871022	0.13722146
0.11088288	0.32688153	-0.35562086
0.71913916	0.9707731	-0.21904959
0.5110035	0.7964409	-0.6496163
0.7511042	0.38991868	-0.30676258
0.037727892	0.42132407	-0.05320716
0.8635079	0.6479249	0.3796001
0.14513206	0.6002006	0.34444156
0.86856204	0.24960977	-0.022126172
0.15816015	0.9350296	0.42094845
0.45750785	0.38629323	-0.5999268
0.095612705	0.34001327	-0.34854606
0.92820996	0.9764566	0.7427218
0.53420883	0.5969078	-0.24399552
0.754287	0.49871105	-0.27175608
0.94262785	0.40742898	0.42981187
0.5076194	0.11883485	0.70784146
0.5547997	0.8872045	0.057604913
0.43302834	0.43013322	-0.6927429
0.1556477	0.16874868	-0.31978643
0.05019635	0.73667806	0.56820035
0.8240517	0.6497011	-0.08537868
0.3743587	0.56501853	-0.15656966
0.48394406	0.011792004	0.79435325
0.6519308	0.7188709	0.46283108
0.240408	0.26334965	0.5044755
0.6027792	0.5439756	0.27410534
0.5362001	0.51016015	-0.09939359
0.47792846	0.29359686	-0.31288573
0.57113427	0.7253549	0.14106949
0.70129365	0.8559393	0.035202764
0.1939683	0.8316085	0.50885314
0.9875084	0.30074596	-0.006494172
0.023955286	0.3504182	-0.13155146
0.40711623	0.2328546	-0.7100746
0.5656889	0.43815798	0.18684329
0.28932142	0.38037586	0.5523715
0.27510053	0.8325007	0.5098675
0.28466487	0.92227113	0.49207425
0.26623517	0.75223964	0.50780785
0.7620675	0.090141356	-0.2981224
0.049078166	0.8897595	0.6207601
0.3477313	0.24862123	0.114078104
0.37867945	0.1420353	-0.40512797
0.36648017	0.5332368	-0.07186804
0.001237154	0.8784722	-0.0018881764
0.52218014	0.53569174	-0.30866754
0.7000654	0.7349699	0.2393325
0.774404	0.9120415	0.2928459
0.8820445	0.727874	0.9095442
0.7657874	0.13528252	-0.3575525
0.29872483	0.5119548	0.4460275
0.08935207	0.18485105	-0.43549317
0.23700058	0.6349538	0.49021435
0.36129785	0.039787173	0.030226152
0.08837724	0.7903716	0.5798607
0.27795053	0.46886504	0.49108538
0.53161395	0.2851106	0.27130637
0.5854225	0.666197	0.2388341
0.70236784	0.46211213	0.18127716
0.2755819	0.6019376	0.41953322
0.45129162	0.2751382	-0.58662355
0.81409717	0.013770342	-0.11554815
0.46860456	0.7299416	-0.8232624
0.75740445	0.21475762	-0.45347175
0.43852574	0.15748423	-0.5082091
0.5309078	0.07611656	0.97696704
0.23228794	0.542529	0.42855412
0.83646876	0.24119699	-0.34530523
0.7552934	0.81504595	0.06804396
0.3070299	0.63777554	0.32527694
0.26179844	0.6169938	0.42461592
0.14129561	0.1670109	-0.3685497
0.907588	0.5369301	0.5806534
0.99096394	0.40467852	-0.53172415
0.030368865	0.5422096	0.20405684
0.32971638	0.6642262	0.1677667
0.52041674	0.20749235	0.4501844
0.7063249	0.6605369	0.24072455
0.48358786	0.070417464	0.5053879
0.43232125	0.18814677	-0.6414042
0.3896984	0.5582785	-0.29541305
0.282965	0.6812588	0.45753944
0.6470902	0.737328	0.4200913
0.8509698	0.4076597	-0.26695684
0.71000683	0.9476377	-0.21537042
0.53142345	0.35152638	0.08425118
0.04168141	0.8321123	0.5442122
0.9500744	0.5021751	0.266376
0.21211356	0.005420327	0.38486078
0.2378354	0.39956737	0.3879367
0.59283495	0.9209172	0.42948505
0.15856093	0.9574881	0.3263795
0.06124568	0.7690858	0.68397784
0.88175714	0.3789112	0.13631676
0.9308983	0.091465175	0.3042208
0.2659912	0.85216874	0.5481212
0.34871876	0.72485715	0.08758378
0.32775927	0.08030534	0.60902596
0.22664952	0.3862654	0.35763004
0.92684525	0.9860347	0.7478897
0.19524121	0.7126837	0.59035796
0.381078	0.45712805	-0.3039383
0.81272954	0.02040875	0.06162189
0.34587967	0.47640854	0.09519282
0.45697802	0.31269312	-0.530173
0.30064785	0.17174172	0.85699564
0.434237	0.11299294	-0.48103207
0.89376765	0.7538966	1.0342987
0.5210647	0.52799827	-0.29621753
0.2701062	0.6298776	0.45539466
0.4208969	0.4429406	-0.6467335
0.47736734	0.95945203	-0.63220704
0.83767563	0.10130328	-0.08526503
0.8649827	0.6544308	0.48471066
0.4022597	0.7806053	-0.46110454
0.37809777	0.5898922	-0.1339601
0.8787873	0.5535904	0.39241606
0.4455015	0.14552575	-0.4187328
0.30202395	0.3356141	0.5925289
0.47306776	0.12544131	0.06471039
0.09890127	0.92100114	0.5749288
0.9884354	0.43954104	-0.63941497
0.62933385	0.814726	0.41296214
0.31724006	0.87030184	0.20116644
0.6382295	0.9053462	0.35120106
0.085983515	0.2827493	-0.38029364
0.28393435	0.71258533	0.40216255
0.47638315	0.9841773	-0.63627297
0.20083237	0.27664918	0.0854258
0.9623248	0.10926837	0.4806667
0.64034027	0.036903977	-0.5581687
0.39125878	0.05971551	-0.5294485
0.46834564	0.64574784	-0.756531
0.22245538	0.68060255	0.5201164
0.6952333	0.05027032	-0.40315408
0.3348878	0.11559552	0.470386
0.67517203	0.6252253	0.51008344
0.3018546	0.65701866	0.3782132
0.7124327	0.96761507	-0.25268662
0.89228165	0.12470937	0.2108356
0.10592824	0.5644553	0.27819762
0.31990188	0.6314392	0.26513907
0.6779114	0.9403582	-0.06879729
0.11231065	0.060275137	-0.27025655
0.18228686	0.58423066	0.37589294
0.43082064	0.43120748	-0.6096851
0.43672603	0.77330434	-0.7508166
0.4689107	0.40407574	-0.49474075
0.43025607	0.04855168	-0.3827278
0.26667345	0.3965215	0.55834174
0.5295748	0.3120724	0.17606595
0.9868275	0.2376154	0.15903892
0.5780137	0.8002001	0.25332522
0.7314794	0.39962506	-0.04680541
0.33499116	0.70967853	0.14055555
0.30923408	0.18096209	0.7847892
0.104332924	0.9242955	0.6170485
0.38963956	0.7255006	-0.29735267
0.34379697	0.4732055	0.15791926
0.8034045	0.6893279	-0.081479706
0.10064888	0.7543037	0.6166164
0.245565	0.24471426	0.6290655
0.8989586	0.39743412	0.37631348
0.21046692	0.19133979	0.20142108
0.029494107	0.53217405	0.19903626
0.4286633	0.48677033	-0.63820887
0.64159775	0.33876216	-0.058599435
0.5950545	0.44363737	0.14124656
0.53767407	0.67700094	-0.24266578
0.049055934	0.75593084	0.49023724
0.52961576	0.7610348	-0.44073513
0.84920126	0.724939	0.5495009
0.39292926	0.16228253	-0.5659096
0.49299544	0.41390532	-0.3158997
0.9114096	0.39178604	0.5027261
0.33652574	0.071964204	0.4041314
0.78234446	0.5747219	-0.39441273
0.9276641	0.3580997	0.46479946
0.18006843	0.6091979	0.41847268
0.0654192	0.11498189	-0.19979186
0.96887386	0.72560143	-0.3586112
0.95391214	0.098356605	0.38306394
0.05986607	0.25465852	-0.27840137
0.7814468	0.55313534	-0.4263637
0.06495166	0.83359593	0.6548327
0.7690878	0.4952094	-0.39657444
0.43304425	0.6025627	-0.5982548
0.077625155	0.9847815	0.5540315
0.8204386	0.8544014	0.65983725
0.63423944	0.47977787	0.1648989
0.38358438	0.97275144	-0.43444324
0.14516842	0.77977276	0.535318
0.8752481	0.15401542	0.025946647
0.7619836	0.3246866	-0.45086867
0.8511212	0.3580624	-0.30233076
0.37240773	0.6738004	-0.12607127
0.5156957	0.47888482	-0.2595379
0.9308141	0.5033596	0.5666429
0.5678597	0.8838338	0.18929796
0.82012403	0.14680117	-0.29871815
0.17611748	0.950007	0.42931184
0.75595236	0.20349908	-0.3959509
0.84546185	0.5380191	-0.17111608
0.9621781	0.64997584	-0.1647782
0.36691445	0.14062703	-0.22619763
0.4032176	0.68622345	-0.37560317
0.5643687	0.41533905	0.090723775
0.21778303	0.92917675	0.62477803
0.42865837	0.40157264	-0.71944535
0.3673653	0.7588468	-0.07973131
0.87606496	0.5190543	0.2504554
0.40137416	0.28393447	-0.5731763
0.83039206	0.02950883	0.051101886
0.367801	0.5402597	-0.100317724
0.052088022	0.40523487	-0.08372395
0.08103907	0.48363912	0.124144554
0.8036355	0.5284627	-0.5294447
0.21408021	0.486476	0.30053133
0.86852163	0.44476026	-0.021871671
0.49090266	0.95485866	-0.59247077
0.2781536	0.7141511	0.47787544
0.16734183	0.3521595	-0.13067801
0.18420506	0.41046876	0.03484259
0.63817763	0.5842404	0.39327133
0.5463076	0.3665945	0.18816888
0.6426541	0.08284253	-0.55921936
0.48769552	0.52202487	-0.54611176
0.29782557	0.8746901	0.3509113
0.2312522	0.5853538	0.4835478
0.091548026	0.8184494	0.619071
0.14296436	0.39715677	-0.16082336
0.99474794	0.76221806	-1.550692
0.165106	0.5665428	0.2629111
0.64061064	0.30884904	-0.18474863
0.025772035	0.26481944	-0.17006941
0.7542611	0.6691099	-0.068375334
0.82296383	0.122767985	-0.20239098
0.022279441	0.011203349	0.016985755
0.6815144	0.29231423	-0.149643
0.6796918	0.97656554	-0.15465286
0.98188066	0.25517458	0.20894535
0.6701876	0.21883327	-0.35145494
0.75215536	0.89122057	0.07152679
0.88857293	0.98294693	1.2500864
0.8862482	0.6831302	0.83773977
0.058424532	0.15583068	-0.2572292
0.7627826	0.670354	-0.17396057
0.763379	0.92769784	0.19408345
0.19737852	0.10610008	0.19094853
0.70153326	0.91415286	-0.15985072
0.11765468	0.7475867	0.5834516
0.8122319	0.65530336	-0.012144148
0.51930624	0.35939217	0.036234386
0.35534996	0.9576209	-0.22557288
0.7596686	0.73945326	0.0099305175
0.4702819	0.6362287	-0.71404105
0.9709976	0.7014417	-0.44633934
0.7182334	0.90589786	-0.0769259
0.9036548	0.14176273	0.25151768
0.4900329	0.7638355	-0.85213
0.8979168	0.7753367	1.1009907
0.4517851	0.12494278	-0.29593244
0.44262755	0.46577215	-0.6819325
0.51208895	0.5444613	-0.37972537
0.7443964	0.44710416	-0.2272672
0.07228947	0.050032377	-0.14617288
0.27759212	0.53198785	0.44326732
0.95949864	0.32495087	0.30109936
0.34989637	0.0025889874	0.2733966
0.2834885	0.82937384	0.49219725
0.36275482	0.47497272	-0.091718905
0.20541084	0.7522084	0.56431043
0.16264433	0.422392	-0.026359463
0.86656684	0.4197361	-0.032703377
0.7634032	0.553162	-0.29799724
0.9134326	0.34334576	0.44259045
0.06910676	0.68956316	0.59717214
0.34602368	0.86853755	0.008616038
0.22181618	0.91400295	0.64594764
0.19538695	0.18735844	0.045398742
0.9515781	0.13271743	0.360757
0.6474415	0.63938785	0.4929643
0.6837662	0.14532912	-0.37874284
0.79585904	0.44511628	-0.62788457
0.16533422	0.07811123	-0.117948405
0.085950375	0.37687558	-0.24834481
0.037802815	0.1887508	-0.21415626
0.00050377846	0.46271378	-0.13870868
0.39492875	0.7444007	-0.33634976
0.39281142	0.0144761205	-0.40911603
0.018593669	0.4124924	-0.07527705
0.9354335	0.72180045	0.6984121
0.4275673	0.57005906	-0.6319675
0.82755446	0.5323853	-0.36121944
0.9833101	0.9299556	-1.043874
0.453583	0.7746912	-0.7656353
0.032180488	0.69981086	0.48745686
0.3381158	0.2997517	0.2598583
0.96529996	0.43531084	0.049785785
0.44276667	0.382779	-0.7421242
0.4177227	0.36748892	-0.7402318
0.5368289	0.66194177	-0.28663734
0.3180166	0.40384698	0.3643641
0.36110926	0.8735219	-0.2187073
0.3543653	0.037943304	0.15730932
0.49072564	0.49383402	-0.5275336
0.24115413	0.6932699	0.53792703
0.228796	0.49493134	0.4197511
0.6431977	0.5787865	0.43072778
0.48055482	0.055345416	0.53006446
0.23167682	0.5542622	0.37083405
0.95683914	0.16546088	0.4204651
0.22350281	0.47355378	0.39299867
0.36078453	0.25697488	-0.13361298
0.36076665	0.10370588	-0.09447891
0.34821326	0.11186051	0.18249361
0.9183135	0.076955855	0.23297545
0.8383587	0.9474228	1.1340296
0.33967888	0.81099457	0.07052806
0.9462481	0.6049004	0.36359766
0.65527785	0.082698405	-0.5750307
0.32177752	0.7555908	0.2661071
0.36472493	0.12956005	-0.14206712
0.6048817	0.45456952	0.21243401
0.3342743	0.66686517	0.199958
0.31670785	0.8532415	0.17235182
0.83912843	0.74684095	0.42506823
0.22312367	0.36101794	0.26816785
0.75303733	0.19502491	-0.33970857
0.4469201	0.5024044	-0.70665455
0.9685155	0.6853531	-0.31337506
0.12257576	0.5270145	0.15252702
0.14372289	0.10631573	-0.2942325
0.95269984	0.96858317	0.15777636
0.6735856	0.758653	0.37891367
0.35908365	0.4969765	0.00082558766
0.1434508	0.7103823	0.43441975
0.5652218	0.5508607	0.04887488
0.8025715	0.751284	0.11621693
0.21415132	0.81496865	0.63917375
0.52883655	0.30222213	0.23103096
0.7496805	0.22151053	-0.39956042
0.72988194	0.3340031	-0.17228793
0.50953734	0.78659755	-0.65524775
0.28857762	0.09196806	1.0805552
0.5020733	0.4936539	-0.4402573
0.9728036	0.88682	-0.5759816
0.2597192	0.6386152	0.50612295
0.62841773	0.031220794	-0.5000127
0.96190214	0.4523008	0.04426013
0.5087665	0.055290937	0.9362855
0.08555168	0.5854328	0.29807276
0.9763928	0.1793207	0.38980362
0.09290868	0.58300483	0.30345216
0.37320346	0.78665036	-0.23653609
0.5121069	0.78243065	-0.74132824
0.88724625	0.66462153	0.7672498
0.48144078	0.1364379	0.2358268
0.13071609	0.08022666	-0.32762128
0.19425881	0.92777216	0.45680735
0.9226897	0.73246306	0.9175893
0.360573	0.70629805	-0.06357903
0.9256049	0.43362904	0.47610793
0.76815325	0.56634486	-0.3368986
0.96395856	0.508684	-0.069010705
0.11692655	0.15768355	-0.39092365
0.70784605	0.26397812	-0.1301327
0.80499464	0.7205852	0.059242472
0.18419665	0.51757246	0.25156018
0.91503316	0.008797884	0.055678457
0.7749829	0.082952976	-0.2326945
0.91175455	0.25006187	0.4360018
0.03892708	0.6929905	0.44592923
0.90278876	0.30230284	0.29243848
0.25388062	0.4407711	0.48770913
0.8378668	0.43748033	-0.3686706
0.8252738	0.106942475	-0.14698738
0.16392583	0.9235141	0.37198868
0.55652726	0.25296152	0.31913623
0.7262995	0.56931293	0.07617359
0.5120419	0.32609153	0.057686795
0.8088913	0.8530614	0.55746585
0.4450329	0.17516422	-0.49897763
0.3090614	0.75211346	0.3012427
0.8412653	0.2307812	-0.27979383
0.50364584	0.15642637	0.50871474
0.26943684	0.6043995	0.45630547
0.65466315	0.5563246	0.42833573
0.72745615	0.603344	0.11753547
0.57344186	0.02727586	0.5582714
0.71554255	0.8455245	-0.028547302
0.22869092	0.42064285	0.35808048
0.5245505	0.9559232	-0.22707304
0.79986435	0.08712435	-0.24185191
0.78095293	0.7111388	-0.060505968
0.1091975	0.6917908	0.5558505
0.68189895	0.7214628	0.41497287
0.9673017	0.20770162	0.35726875
0.31187946	0.16824013	0.7699472
0.23052472	0.35330772	0.49144673
0.7623263	0.98983335	0.1412833
0.28303218	0.59467393	0.44150028
0.84784234	0.8260814	0.9269853
0.25152224	0.9706701	0.69571525
0.7771214	0.9565794	0.30697995
0.49876732	0.10157013	0.6231272
0.7625305	0.75956684	0.012176589
0.91405773	0.7820835	1.0713689
0.7996761	0.99693304	0.6449071
0.8902012	0.79959095	1.1256397
0.91225004	0.15497154	0.3570422
0.2628603	0.45358866	0.46599862
0.1816749	0.31514394	0.0521134
0.96959937	0.29005992	0.2276842
0.55708814	0.6631468	-0.00027936324
0.37254018	0.6808601	-0.157376
0.25120276	0.47608757	0.425089
0.53537273	0.22415245	0.42670667
0.5334154	0.6608834	-0.31313795
0.42648858	0.5216455	-0.6207483
0.4530745	0.8017789	-0.8205415
0.13131976	0.21152121	-0.4161699
0.25344884	0.7960692	0.603563
0.72974956	0.8774317	0.06225688
0.7173617	0.51028484	0.163309
0.24748409	0.8877257	0.70786375
0.06670338	0.30756778	-0.28780106
0.17942506	0.19023514	-0.084394306
0.9148631	0.027813494	0.09621023
0.14490461	0.17822981	-0.37202814
0.4338314	0.23656732	-0.6554256
0.8200907	0.07394439	-0.15684581
0.7407304	0.03157735	-0.2361949
0.2586909	0.13963634	0.8044556
0.03018564	0.25434053	-0.20279108
0.60536474	0.9501425	0.4915238
0.7905762	0.08672792	-0.24610612
0.913287	0.72292405	1.0077668
0.66459733	0.3841315	0.10278887
0.1773228	0.8689057	0.45494738
0.39905137	0.7303848	-0.33497444
0.33348686	0.26606083	0.35440254
0.64628065	0.9123914	0.23941064
0.9200937	0.77722794	0.9835404
0.6083303	0.051868916	-0.19191575
0.74067944	0.6723512	-0.046976
0.7663778	0.9324816	0.21447872
0.9673337	0.32625872	0.1555846
0.10720378	0.15938139	-0.4044637
0.79913867	0.85143125	0.43344554
0.17365897	0.7164052	0.44608024
0.4246018	0.67519987	-0.5846832
0.6563146	0.4940307	0.29522687
0.072003186	0.3668	-0.16809675
0.74234796	0.8050282	0.06412199
0.38845092	0.05593723	-0.4461902
0.22182131	0.5180539	0.28200978
0.010069668	0.9823949	0.20065045
0.09429932	0.89919823	0.6260368
0.68152297	0.33485067	-0.01673561
0.36370635	0.12986362	-0.13896275
0.8884246	0.13231647	0.1213104
0.50080127	0.12104088	0.5920293
0.5699852	0.7585156	0.13022521
0.9217577	0.538394	0.67900723
0.5331424	0.07129741	0.9699592
0.61326945	0.682055	0.40915892
0.28309584	0.7484846	0.4458992
0.38845325	0.9871057	-0.49067056
0.9902772	0.09713578	0.5563078
0.057275414	0.18046784	-0.3155161
0.014505565	0.83159745	0.2398189
0.9318326	0.954609	0.68346775
0.595053	0.80439246	0.39706835
0.9691496	0.9145959	-0.40224344
0.1290366	0.3575899	-0.22816572
0.64769727	0.11088717	-0.5455149
0.6642522	0.5666271	0.41073516
0.4181844	0.77172256	-0.5941756
0.5074069	0.49244767	-0.38261452
0.1389733	0.90040517	0.47334445
0.22049904	0.67959976	0.5055998
0.7502612	0.9447651	-0.00093509816
0.32996666	0.029979467	0.61226714
0.803224	0.903113	0.6612506
0.93250376	0.7183843	0.7395884
0.8835335	0.89687246	1.3511488
0.5393956	0.5682971	-0.1329101
0.6807094	0.8137278	0.17692706
0.5142265	0.949855	-0.449261
0.6058577	0.74561906	0.40903643
0.17540771	0.8431204	0.47150934
0.29590082	0.20397538	0.7951653
0.53431135	0.73778063	-0.37028182
0.4326647	0.64184093	-0.6941688
0.02933681	0.31892687	-0.18648237
0.5990068	0.6671175	0.38642284
0.47991025	0.6063601	-0.7000706
0.056007504	0.4579019	0.05209458
0.21905172	0.06986791	0.4059786
0.086280465	0.90446705	0.6615398
0.49120402	0.9061589	-0.7251333
0.06735104	0.990326	0.55206424
0.40378505	0.182886	-0.63390595
0.61459064	0.22281122	-0.25999665
0.39473706	0.5644935	-0.3314754
0.43588418	0.089598835	-0.42919636
0.76938957	0.4291193	-0.5506462
0.12641156	0.522889	0.12414508
0.81177163	0.29245257	-0.5669918
0.017918408	0.9874985	0.1840969
0.9911628	0.13747114	0.47241753
0.90648043	0.9452694	1.1332144
0.49048257	0.8050814	-0.75489813
0.70645833	0.49707556	0.24341916
0.94059193	0.4960516	0.44672987
0.7381204	0.88080096	0.06541808
0.6894928	0.2038644	-0.3185118
0.6649573	0.40254253	0.10146375
0.3271644	0.25250202	0.42288974
0.59288895	0.97984385	0.5086078
0.010696828	0.8715405	0.1878261
0.8221324	0.3499776	-0.583415
0.4592408	0.8781267	-0.7779355
0.5911127	0.15019941	-0.0044159517
0.117877185	0.41808683	-0.11667569
0.33201587	0.06517637	0.54820573
0.39877224	0.83316207	-0.37376666
0.80262744	0.5633052	-0.46013927
0.33120304	0.22279364	0.44649997
0.72217464	0.39097852	-0.044028357
0.6428023	0.3247851	-0.09722484
0.52904654	0.75183105	-0.38030306
0.75193095	0.65460396	-0.08211186
0.8268102	0.89554256	0.877516
0.6505387	0.81640786	0.37499964
0.35168737	0.63858175	0.036148667
0.56762826	0.35969102	0.18806422
0.45095426	0.3904199	-0.597116
0.8829148	0.7574371	1.0466508
0.9292554	0.6505487	0.6917242
0.10053313	0.95341605	0.608181
0.6476024	0.5238939	0.3305722
0.78904986	0.7597053	0.08095923
0.63693625	0.9948944	0.13317424
0.5658698	0.77443564	0.13661246
0.0035402775	0.7443079	0.11889163
0.7349302	0.7341601	0.04344343
0.02369982	0.3272758	-0.16049622
0.7572605	0.07559264	-0.35806042
0.057407737	0.26318544	-0.31150174
0.8636352	0.6151515	0.288895
0.1419915	0.88541913	0.46291482
0.6502948	0.68599653	0.43262953
0.44965953	0.6802776	-0.7779035
0.26840752	0.93805474	0.6251449
0.22469437	0.7315814	0.59579307
0.9223483	0.85180265	1.0331179
0.3800987	0.6916918	-0.24050787
0.86480427	0.5726089	0.19089928
0.7484543	0.36125594	-0.2766134
0.45346987	0.17832547	-0.37534207
0.18844062	0.554909	0.36679155
0.2918055	0.3682865	0.5451008
0.9611834	0.7749581	-0.081889
0.9143788	0.9749896	0.98409957
0.5428181	0.4671898	0.019888178
0.37999296	0.6735073	-0.1740777
0.9375698	0.6147627	0.5830612
0.9166024	0.2738741	0.45604357
0.13519543	0.4284624	-0.10060812
0.5653079	0.9109245	0.24956784
0.2964779	0.52572954	0.42096427
0.11981952	0.113821864	-0.31723702
0.19337034	0.4258108	0.1775606
0.6330437	0.31902552	-0.17940031
0.38615113	0.15721512	-0.5522587
0.68514204	0.7080772	0.40885565
0.4549061	0.87233335	-0.783242
0.46623105	0.5173235	-0.6898668
0.12542462	0.52866316	0.21993312
0.4012499	0.06125003	-0.4882382
0.21429694	0.19720584	0.25798193
0.6537823	0.57565874	0.42161742
0.5481348	0.36785924	0.15951037
0.9863351	0.6340339	-1.0893508
0.5800649	0.58807987	0.18876922
0.61956	0.061707616	-0.30818895
0.92225605	0.09483427	0.2895816
0.12667	0.049618304	-0.24511279
0.0020415783	0.241422	-0.39540884
0.36465037	0.7697974	-0.16642404
0.31936395	0.18969387	0.6233282
0.12955767	0.20833725	-0.47260585
0.03779453	0.8056922	0.49085197
0.16904241	0.005409658	-0.052958556
0.7616336	0.90567166	0.12214986
0.48351443	0.89502937	-0.7363209
0.78967065	0.83576757	0.23098378
0.23553419	0.47045356	0.3531766
0.60795605	0.8499794	0.47942182
0.15610671	0.8776896	0.48141733
0.3243655	0.80478275	0.13496855
0.6420214	0.78348744	0.41440094
0.8275598	0.46513218	-0.5131412
0.24700046	0.5062594	0.4220177
0.48776937	0.5809809	-0.621374
0.6317918	0.77585477	0.437546
0.2404694	0.7672031	0.599605
0.8457332	0.05056441	0.014652848
0.49480647	0.25273293	0.11074166
0.75492847	0.8025941	0.04483822
0.08313537	0.48459435	0.09027592
0.11006218	0.110975206	-0.3250503
0.8001658	0.5129798	-0.5702956
0.059096813	0.53209025	0.25418684
0.3971212	0.95780265	-0.5018619
0.78675777	0.21241516	-0.48523983
0.01961571	0.09911662	-0.17682405
0.6436833	0.7983114	0.3605135
0.04601735	0.5961945	0.40591946
0.7809548	0.4697883	-0.52318084
0.68226504	0.010200322	-0.5375513
0.18301785	0.10430676	-0.030710353
0.44153696	0.089690745	-0.3930945
0.46250093	0.13131618	-0.09749905
0.51596487	0.51724726	-0.28450286
0.22833234	0.19165063	0.48302424
0.91574323	0.030408084	0.10175876
0.57872903	0.30045474	0.14310707
0.14806646	0.4177071	-0.07753489
0.061424315	0.6312594	0.4330134
0.3775382	0.6346103	-0.13333704
0.4171477	0.49442506	-0.56332195
0.77382916	0.42967105	-0.5722861
0.11672813	0.8040204	0.59579796
0.27193487	0.8567341	0.56777817
0.2532786	0.6079706	0.44365817
0.1518547	0.6186912	0.37406993
0.53693724	0.9235538	-0.108511
0.49871832	0.5136797	-0.45469132
0.29927313	0.35826612	0.5683873
0.72326595	0.5540536	0.10271541
0.8002197	0.78846616	0.28375036
0.85475194	0.21877438	-0.15647194
0.7353531	0.34688556	-0.24952194
0.50834095	0.5287692	-0.38438207
0.20095295	0.43936777	0.2140114
0.087866426	0.9904747	0.57240427
0.90982234	0.03694737	0.1183782
0.038176537	0.92083025	0.44388112
0.15090555	0.6236417	0.39807743
0.9047485	0.9883788	1.081235
0.82450825	0.6087761	-0.22389221
0.27835578	0.18488473	0.8993618
0.26718646	0.4120447	0.54851776
0.65327394	0.1321615	-0.5352959
0.4129265	0.7150444	-0.4802915
0.955183	0.5899297	0.13002652
0.5846242	0.34290665	0.056544594
0.85176873	0.44462174	-0.2588527
0.1885677	0.9516863	0.43477345
0.101585686	0.020349205	-0.13515875
0.95451915	0.69083875	0.17135878
0.40250784	0.270608	-0.63733596
0.6346589	0.5438827	0.37398842
0.00803566	0.85033315	0.065596424
0.50104827	0.98019147	-0.415541
0.27616853	0.112942755	1.0034184
0.98006964	0.55570346	-0.6138784
0.7084725	0.17180508	-0.30662468
0.61211467	0.43787462	0.16408557
0.88124543	0.7958902	1.0838029
0.6256593	0.6095843	0.3406215
0.007459104	0.70461714	0.18717204
0.066087544	0.9745783	0.55383456
0.8837071	0.32933348	0.14699227
0.29805362	0.8006509	0.3634517
0.66495824	0.47305048	0.29962793
0.5616189	0.7286396	-0.010729268
0.6875529	0.41615105	0.13416101
0.22034585	0.14475405	0.36045474
0.16836959	0.14647895	-0.24611688
0.057882845	0.79630333	0.67030054
0.9369831	0.16636723	0.42734084
0.031049192	0.24311727	-0.21216552
0.20214492	0.95538175	0.54423404
0.5456522	0.257788	0.37942857
0.6515128	0.03637719	-0.65037555
0.3467446	0.048027456	0.28080502
0.25551373	0.11740732	0.8491365
0.1395514	0.85660166	0.4710114
0.2936347	0.7689456	0.39034963
0.28005308	0.66116184	0.4197913
0.4175648	0.9520763	-0.58951646
0.6798771	0.05294621	-0.5242472
0.065250814	0.71244264	0.5968333
0.5788896	0.108365774	0.32387167
0.98645985	0.6044455	-1.0071881
0.904183	0.01488024	0.07040702
0.5201965	0.59998345	-0.36603323
0.60291433	0.6483838	0.30666938
0.44291943	0.9249354	-0.65635085
0.84088624	0.25895673	-0.34539467
0.6526578	0.46655828	0.23851445
0.96678895	0.5461934	-0.16141996
0.4508028	0.52055913	-0.69832265
0.8588104	0.3969649	-0.18615508
0.82507205	0.60397935	-0.18357387
0.30552745	0.14120013	0.86660576
0.02953583	0.40830642	-0.0620848
0.6453122	0.23364776	-0.34787464
0.4147578	0.9086291	-0.5218569
0.7566733	0.27351516	-0.39476234
0.768812	0.89245296	0.16363354
0.23747867	0.44817638	0.40240517
0.4247923	0.67347497	-0.57375264
0.09879279	0.41584927	-0.14047556
0.17293483	0.72481775	0.4620029
0.7112061	0.122868836	-0.30216122
0.046252906	0.56364	0.26572058
0.67015207	0.066679776	-0.5881892
0.50208294	0.768701	-0.6878945
0.8689542	0.49479824	0.048275746
0.105908215	0.5011847	0.12125297
0.93269205	0.6213115	0.6220421
0.8521449	0.58976394	0.05353795
0.69048524	0.14431864	-0.36857322
0.7838788	0.12533683	-0.37766892
0.04995823	0.80526316	0.6160923
0.41403627	0.27988565	-0.7140396
0.031725287	0.69576424	0.41975206
0.899821	0.6135093	0.7503182
0.921912	0.36157352	0.52896214
0.7286942	0.23114449	-0.24452965
0.6926029	0.9898536	-0.26408106
0.68966305	0.24677551	-0.19010365
0.5086229	0.36145234	-0.08001381
0.6779327	0.74294555	0.33856815
0.051753283	0.11237192	-0.16831152
0.6254037	0.21329534	-0.34676567
0.7657133	0.4291193	-0.46315736
0.795167	0.61326534	-0.34969208
0.36702716	0.83503413	-0.18496317
0.7125682	0.21364874	-0.2161754
0.10377395	0.23454571	-0.47524348
0.28842515	0.09487724	1.0334748
0.40458584	0.9700131	-0.45040393
0.48225427	0.5702059	-0.6607345
0.97302747	0.9218954	-0.57113457
0.77278274	0.7774711	0.10793444
0.946685	0.8427409	0.3961527
0.58433247	0.62571925	0.26690182
0.2649672	0.4530475	0.45791933
0.53856343	0.16708028	0.66219914
0.10630995	0.21077734	-0.48211
0.48227006	0.7011174	-0.81576467
0.45749676	0.7746789	-0.827678
0.08656889	0.7324554	0.670418
0.44651067	0.32887882	-0.6692915
0.40283835	0.33984435	-0.62301815
0.52088094	0.5409449	-0.33409402
0.68586546	0.11648297	-0.4135579
0.98529965	0.06616956	0.52607834
0.5211784	0.5926203	-0.36662132
0.62350196	0.8463003	0.4626554
0.39290768	0.36562085	-0.583775
0.02290088	0.16591519	-0.20552118
0.72570705	0.76590747	0.071244866
0.6549293	0.96858644	0.08776013
0.020998418	0.20566237	-0.2819371
0.9541315	0.6477084	0.09250812
0.93971443	0.10240483	0.34558347
0.68648857	0.3358001	0.026829164
0.0720585	0.3095376	-0.32429707
0.13999277	0.22674471	-0.34491432
0.5708312	0.7558136	0.21389388
0.5245752	0.6631196	-0.48176315
0.32187206	0.93128437	0.075178675
0.06879896	0.17447	-0.31764957
0.17791879	0.44045395	0.08902969
0.5271641	0.34469563	0.09118478
0.38666874	0.19949311	-0.44915348
0.24762022	0.23776865	0.62933975
0.4110248	0.6053264	-0.47667843
0.65264493	0.893418	0.17867309
0.446298	0.7703936	-0.71878296
0.51807946	0.82939005	-0.5282192
0.5738394	0.44165695	0.17453955
0.69978535	0.88918096	-0.05416895
0.103250444	0.83101064	0.6689615
0.07060444	0.50760233	0.19739322
0.005272746	0.8410784	0.1283419
0.577762	0.52655476	0.17181103
0.51082784	0.32612413	0.008231385
0.639582	0.28690565	-0.18750325
0.5908819	0.5547021	0.18632895
0.23772138	0.052025616	0.78770506
0.56611294	0.030022383	0.70098186
0.7410474	0.12211883	-0.28620812
0.25454158	0.9537524	0.6535634
0.7761675	0.23841476	-0.49996996
0.10743976	0.21868306	-0.47498545
0.8665957	0.060499072	0.018169291
0.9321064	0.16551292	0.38324407
0.46992064	0.7384011	-0.83334345
0.63478917	0.5056334	0.32325858
0.69074553	0.56572163	0.41214064
0.07735729	0.12115079	-0.28122056
0.9333165	0.19575536	0.46821135
0.8401582	0.68649095	0.22153935
0.15880328	0.059826374	-0.15893376
0.6090426	0.72040546	0.43729672
0.39909077	0.94315875	-0.4327577
0.11626357	0.65354776	0.43243414
0.1561442	0.92726505	0.3346336
0.17451829	0.48077786	0.12768209
0.509589	0.68364894	-0.6076232
0.69938797	0.9517603	-0.2595867
0.7244294	0.68332547	0.11504306
0.12106395	0.31817776	-0.3376816
0.6336208	0.9289386	0.27706912
0.6683047	0.25682807	-0.20338373
0.36257815	0.9749359	-0.26003388
0.63276994	0.86582357	0.38580868
0.14390951	0.14084518	-0.3802043
0.014699638	0.3790508	-0.10719149
0.14439148	0.83188176	0.51715493
0.08603209	0.14956397	-0.3875164
0.7627016	0.42654788	-0.421794
0.8855576	0.57601136	0.5147459
0.2827857	0.6148669	0.40159214
0.19865912	0.46169907	0.18329093
0.2997604	0.9806112	0.2826604
0.6631032	0.3947742	0.10940563
0.8020297	0.9601412	0.686782
0.798712	0.43025196	-0.6278194
0.06221193	0.41806245	-0.036858577
0.40734953	0.49961424	-0.49917138
0.8106654	0.24114347	-0.46187803
0.7687169	0.2040497	-0.39389044
0.3179099	0.30628675	0.49007303
0.36080295	0.86510664	-0.2200144
0.54023594	0.11788803	0.8481267
0.5875656	0.7697093	0.30949113
0.8263802	0.054403365	-0.039312076
0.042431355	0.18602717	-0.2311104
0.79205215	0.22620058	-0.49884954
0.80036426	0.14660549	-0.3202187
0.8391647	0.1122942	-0.04004361
0.9200449	0.25860846	0.46626788
0.4432757	0.83653134	-0.72825265
0.90684706	0.5596444	0.61389387
0.147502	0.47484714	0.05921034
0.46064484	0.34189236	-0.58692193
0.05656123	0.0844571	-0.13064358
0.7909549	0.7070915	-0.067486905
0.4802786	0.52882105	-0.6018869
0.7908147	0.41596586	-0.602585
0.26048166	0.2764244	0.6619802
0.13518	0.44746286	-0.038323715
0.1280855	0.8095214	0.54743
0.97320133	0.6606471	-0.5539497
0.21931362	0.6509292	0.5469296
0.58327645	0.08266461	0.21417788
0.38961333	0.29439306	-0.57817733
0.22503942	0.04578513	0.5740773
0.27838486	0.62398773	0.40812287
0.8055933	0.24944103	-0.53562206
0.22954792	0.20036942	0.49558854
0.57209027	0.95816183	0.3411983
0.97397	0.83967394	-0.59218705
0.4756667	0.71393186	-0.7853467
0.7266587	0.39537036	-0.073252484
0.33895206	0.98886305	-0.12225001
0.10739428	0.09900594	-0.3971892
0.66281426	0.24422836	-0.25048065
0.49451667	0.16439587	0.27351287
0.09904444	0.55994076	0.25502086
0.8238759	0.2718929	-0.44929227
0.7071279	0.056449473	-0.36920473
0.17865974	0.37703842	0.024452865
0.9233316	0.44671047	0.53728783
0.35560143	0.15999174	-0.030553026
0.034838557	0.885239	0.46946174
0.012531579	0.96562546	0.15165165
0.88067186	0.17810535	0.11820452
0.7799156	0.13131726	-0.36225206
0.20626503	0.1860038	0.20887464
0.9973121	0.37916094	-0.5816297
0.2760489	0.30244726	0.6401119
0.9296472	0.45776856	0.48617834
0.5481621	0.73914963	-0.16084458
0.32671046	0.43558818	0.29245245
0.75027645	0.71184355	-0.019002771
0.3978259	0.9654243	-0.43528652
0.115317404	0.5181279	0.020967
0.35631812	0.8122377	-0.07032147
0.045717776	0.013710976	0.062470388
0.34741622	0.8264669	-0.021140283
0.39295393	0.7845414	-0.3055057
0.5844567	0.23434496	0.08504757
0.16314441	0.03569907	-0.1227631
0.58918434	0.40406466	0.14510565
0.049170375	0.23201543	-0.27115417
0.8085997	0.5667048	-0.34907764
0.39808428	0.9810776	-0.5064348
0.30131686	0.15801162	0.83138496
0.7088031	0.59151137	0.28030092
0.73806316	0.91541684	-0.0292624
0.97423106	0.34240997	0.0768421
0.90894127	0.41270077	0.45844036
0.17183048	0.6992741	0.48002473
0.4062485	0.021076083	-0.46879935
0.040007055	0.67857206	0.5141109
0.3018582	0.68604714	0.38419032
0.8425856	0.5528466	-0.10771994
0.51135385	0.122764945	0.7204393
0.57473797	0.29319787	0.15531106
0.17825669	0.73245716	0.5075506
0.756266	0.09349996	-0.32761288
0.20556349	0.673285	0.46677685
0.4901333	0.48036754	-0.5122468
0.39172006	0.2750643	-0.5403309
0.31716287	0.4355814	0.36089718
0.18457675	0.29772228	-0.034989867
0.7834053	0.095611274	-0.23620522
0.38850826	0.04505235	-0.42523137
0.23271883	0.6893458	0.51782584
0.6345501	0.681488	0.46774834
0.087362826	0.11292076	-0.27264887
0.37233794	0.036616564	-0.25293377
0.98593825	0.008945048	0.51598763
0.8476881	0.03388655	0.06451086
0.47859025	0.7207576	-0.88437295
0.67829436	0.12250364	-0.4059718
0.91551214	0.08592862	0.2398698
0.30185455	0.68980795	0.27800465
0.673646	0.41454518	0.1498481
0.5756043	0.4125051	0.09587398
0.6210775	0.17718345	-0.34237295
0.9886295	0.28072286	0.03562699
0.6304828	0.6441317	0.47183773
0.29264784	0.79224855	0.3379966
0.118147194	0.0026194453	-0.19144961
0.39062548	0.21997958	-0.5920925
0.0931288	0.69707817	0.5925044
0.7644332	0.3511293	-0.45328632
0.91853017	0.19441622	0.4698157
0.7021618	0.017978787	-0.45017835
0.3171122	0.010821819	0.8408235
0.59467924	0.08999765	0.04105936
0.49320275	0.40563697	-0.29953218
0.36537385	0.8048028	-0.17087816
0.10177344	0.052583456	-0.27401665
0.7366409	0.6274354	0.035308503
0.14190984	0.82550305	0.4394796
0.11562276	0.5418012	0.20653637
0.29299188	0.6960341	0.39809194
0.66743577	0.42692083	0.2181372
0.19350308	0.2495709	0.059442513
0.042398274	0.5252003	0.21709603
0.1404019	0.12763745	-0.31285417
0.5415793	0.72660756	-0.2008537
0.9037842	0.11045742	0.1881748
0.41710228	0.046990395	-0.50107574
0.5995998	0.65221137	0.33369237
0.9330228	0.44183517	0.48993585
0.61712396	0.8214565	0.42090526
0.6097543	0.5961698	0.33104992
0.6882472	0.39833075	0.18306038
0.46978092	0.45515883	-0.5951644
0.5067742	0.93694854	-0.5104183
0.40897793	0.37671566	-0.6105828
0.5566024	0.5586799	-0.027331453
0.9083191	0.8867775	1.1700078
0.06890708	0.9637412	0.58580554
0.49957567	0.6105409	-0.64928
0.81256235	0.84244865	0.58441526
0.46286404	0.29132688	-0.48653352
0.84122884	0.90103585	1.0786662
0.59385264	0.604727	0.25944662
0.19638902	0.60621375	0.428846
0.1909337	0.8749377	0.5198102
0.006203115	0.5693381	0.03581416
0.58080715	0.6172443	0.23418479
0.500075	0.20247513	0.30863923
0.60027343	0.7016738	0.39232892
0.71248436	0.077233076	-0.3258481
0.017483711	0.6719468	0.25756854
0.50178784	0.057704926	0.8695526
0.6180832	0.99353844	0.4282104
0.3594445	0.7790475	-0.06522357
0.5813056	0.7881974	0.26452118
0.13303834	0.81018835	0.59611833
0.3252052	0.38290697	0.313455
0.44894165	0.6789954	-0.6826524
0.56432813	0.5183525	0.13724416
0.76211226	0.17198896	-0.34543473
0.25328135	0.25845426	0.6191015
0.8418143	0.574331	-0.1489258
0.63720185	0.5074659	0.29662257
0.48292446	0.3754502	-0.43041036
0.018143415	0.099645674	-0.20970386
0.35806394	0.7382554	-0.08020671
0.71542054	0.037606955	-0.31616542
0.16718203	0.8830782	0.43856925
0.32588255	0.19718379	0.4753128
0.75369936	0.14211738	-0.371279
0.19145924	0.9739465	0.47678354
0.099268734	0.5669046	0.3698197
0.7801378	0.9660746	0.42637366
0.6838194	0.8335619	0.13880943
0.8228048	0.63810223	-0.102554984
0.9959324	0.13556308	0.5301229
0.57679486	0.26994228	0.11832951
0.23929924	0.0697881	0.711085
0.4997037	0.0074578524	1.0696199
0.47434008	0.83411556	-0.83059126
0.80896926	0.22028738	-0.48636413
0.8679494	0.55147773	0.21037605
0.7438761	0.120176375	-0.31708896
0.8912578	0.07309079	0.13868098
0.39011836	0.20268506	-0.5763124
0.12485623	0.7627159	0.58874404
0.11101276	0.40329129	-0.18074931
0.89054334	0.8594506	1.2124878
0.09069514	0.46121103	0.03777018
0.8352661	0.085388124	-0.031653613
0.82375664	0.15133393	-0.28620103
0.18765396	0.66151893	0.46017945
0.96353275	0.54211026	-0.06366649
0.9716439	0.47997624	-0.2569925
0.6071193	0.98618037	0.4131949
0.20648992	0.089612484	0.33340707
0.8982763	0.24678588	0.24874106
0.5480943	0.966477	0.08210653
0.42986578	0.52572274	-0.6376899
0.65147406	0.9583777	0.077619255
0.8136184	0.34050483	-0.64254785
0.8907686	0.69175494	0.87435997
0.30762434	0.8393391	0.2845469
0.9178239	0.7290018	0.89783645
0.15693694	0.19966179	-0.22699338
0.46514988	0.2569322	-0.44619417
0.8859676	0.8145597	1.1412232
0.30002838	0.16998923	0.88006276
0.58519346	0.7650507	0.27680224
0.23959559	0.45386422	0.48726025
0.30079526	0.016694605	1.0753219
0.4660679	0.036948442	0.35487318
0.9057409	0.76917344	1.1343728
0.14415342	0.49707657	0.12846538
0.45525247	0.674545	-0.6828773
0.18995869	0.39889574	0.16944674
0.73237747	0.6801801	0.096719116
0.78965485	0.9465758	0.5502396
0.72625816	0.2081691	-0.26825845
0.2812788	0.7830123	0.47514966
0.43592197	0.3808872	-0.7032301
0.42589337	0.8089382	-0.5598763
0.017635167	0.9041282	0.2554413
0.3039189	0.14091176	0.8456253
0.17771322	0.51313037	0.24501678
0.0026014447	0.20699638	-0.41172776
0.55107313	0.66771936	-0.10762963
0.29543865	0.1441555	0.9856015
0.7904835	0.2668345	-0.47923213
0.24440485	0.825957	0.64495325
0.6390618	0.53878045	0.3170618
0.016452372	0.78393245	0.254477
0.4004115	0.0880934	-0.6243776
0.38823462	0.43531662	-0.42548802
0.36357474	0.7049169	-0.029914752
0.97140026	0.06309706	0.3787712
0.6252891	0.104182184	-0.44502357
0.059240043	0.3532905	-0.16956384
0.80039656	0.3866281	-0.6700287
0.2615856	0.33245194	0.5708772
0.07591289	0.12236929	-0.25764495
0.72243196	0.8382682	-0.011399474
0.58482164	0.9541225	0.47003928
0.73062134	0.70204705	0.02917903
0.33609086	0.7525026	0.04748392
0.19175744	0.72174346	0.5903777
0.08660358	0.51021767	0.13840021
0.7900744	0.7917677	0.18085718
0.5546816	0.62025255	-0.02174826
0.86795044	0.28445655	0.00068719685
0.2712739	0.67727965	0.48889503
0.7240435	0.09633851	-0.33603144
0.9839833	0.29594982	0.044390984
0.062437296	0.9112954	0.63723046
0.5942905	0.35851073	0.059917144
0.21030706	0.59793	0.47071582
0.33570504	0.9826567	-0.03701765
0.20238239	0.3299634	0.11341469
0.9451862	0.9972813	0.2924947
0.28772742	0.5334318	0.37835428
0.7618828	0.94238794	0.13972412
0.9172506	0.61224043	0.76941735
0.9005057	0.603999	0.71406806
0.27484727	0.8898708	0.64322674
0.55088574	0.26571774	0.36086947
0.1257441	0.7425267	0.54334676
0.26982224	0.6168485	0.47554678
0.03692764	0.82009387	0.415432
0.9456917	0.8713997	0.4785212
0.847628	0.77802294	0.7115973
0.061487973	0.8866559	0.6539571
0.0033779144	0.74103874	0.09624731
0.58162457	0.09404254	0.29477665
0.66336066	0.29084265	-0.15661272
0.60200256	0.5003588	0.19210169
0.6307577	0.77281094	0.5689261
0.7002227	0.7264308	0.2919937
0.2647897	0.8892902	0.6257412
0.46913165	0.8416528	-0.8457453
0.36695427	0.1548261	-0.1674314
0.122473896	0.1190418	-0.4255572
0.6627887	0.8715838	0.16606222
0.348665	0.15148097	0.14192379
0.44200373	0.4917438	-0.62075377
0.20691448	0.2528507	0.17975765
0.29892343	0.869398	0.34786388
0.7852897	0.50498307	-0.48886064
0.7458731	0.8783931	0.059236944
0.9511616	0.29930454	0.35589978
0.5629845	0.961485	0.23490754
0.13466227	0.08259064	-0.3356353
0.4428413	0.4404136	-0.76336825
0.7549893	0.0061688423	-0.1715998
0.9851087	0.19532841	0.3873421
0.74336255	0.9713107	-0.096504465
0.16017836	0.95484954	0.39689112
0.79725415	0.85985667	0.4736654
0.7258054	0.3598832	-0.066920675
0.90314317	0.79042125	1.137526
0.9215643	0.4330377	0.55160433
0.22201008	0.623665	0.4986882
0.13036954	0.94803387	0.42014173
0.4927075	0.49280047	-0.486851
0.10694426	0.5795262	0.27123365
0.9424153	0.41384357	0.40366477
0.19733399	0.18536276	0.11914223
0.8238882	0.5059182	-0.44670132
0.4033816	0.2806403	-0.6997213
0.19634038	0.59275275	0.36823165
0.54152375	0.94024956	-0.031326137
0.81334406	0.55996525	-0.45963496
0.23620993	0.2552122	0.5066447
0.8299921	0.36488712	-0.46904334
0.7197746	0.65706944	0.17239687
0.90296656	0.16408509	0.22285071
0.68542475	0.08351165	-0.42510536
0.064623535	0.9561032	0.6014267
0.6186958	0.029875219	-0.34989083
0.46746308	0.64697886	-0.7899576
0.821088	0.6454115	-0.08588307
0.57293165	0.9909197	0.4196886
0.7397129	0.09821808	-0.25719932
0.6141095	0.74628824	0.44527847
0.5758642	0.8509351	0.2645124
0.07120246	0.792245	0.71436906
0.4890344	0.8309151	-0.81447387
0.5852273	0.99614024	0.48963475
0.13112575	0.5422357	0.26506987
0.29486257	0.6674518	0.37499365
0.3366319	0.17437083	0.35248426
0.33616108	0.28848505	0.3092799
0.60815114	0.71905476	0.48400885
0.5327619	0.9423807	-0.13556442
0.31576973	0.011052191	0.9575336
0.08592194	0.40290362	-0.20540269
0.50645447	0.7504841	-0.63447636
0.6039518	0.31220764	-0.015435897
0.90684426	0.92489576	1.1518419
0.27716583	0.73249495	0.52748007
0.029042423	0.48670626	0.10805589
0.59966147	0.33432472	-0.014154517
0.003174305	0.9575669	0.055271126
0.94156945	0.112440705	0.38062555
0.07390839	0.7259246	0.6026399
0.7478555	0.19636863	-0.31321162
0.58404464	0.53891116	0.19503294
0.30991262	0.37940562	0.45991895
0.4416089	0.67886895	-0.7085002
0.9247017	0.19582641	0.37450463
0.4542083	0.8391606	-0.7635947
0.2985512	0.12071806	0.89656734
0.5676702	0.6273336	0.1518281
0.060214937	0.8049693	0.6487488
0.631561	0.9417859	0.25656307
0.29686564	0.8117403	0.38478056
0.030445695	0.0054268837	0.037517093
0.5389471	0.7041791	-0.27865654
0.04016894	0.31753772	-0.19483593
0.9287263	0.15945464	0.4463821
0.3032183	0.3338337	0.52673876
0.25043803	0.35663933	0.5210335
0.79990375	0.57514244	-0.44446862
0.10015696	0.9366664	0.514965
0.83825046	0.35517126	-0.4433299
0.48819733	0.39393473	-0.33780536
0.6036023	0.32754868	0.028802212
0.14602196	0.17393464	-0.3583568
0.004821062	0.93250704	0.05545511
0.57621187	0.4761685	0.15678579
0.9104381	0.8023679	1.0566251
0.1692723	0.38954717	-0.046623252
0.44384158	0.6416614	-0.6929328
0.77561635	0.86692953	0.24429666
0.63295156	0.093949735	-0.54096603
0.6862279	0.5499716	0.36117494
0.16358793	0.61259097	0.39163274
0.6768939	0.90083236	0.0023925174
0.54045486	0.24923503	0.42517248
0.20371598	0.9485503	0.59066284
0.28989047	0.9316247	0.447041
0.060565054	0.62626153	0.4111658
0.38867134	0.81424135	-0.31533036
0.07643384	0.36903965	-0.20094481
0.1361031	0.6157	0.34725365
0.97050524	0.44670218	-0.16856691
0.31519908	0.84382373	0.17961231
0.78211296	0.022752285	-0.16870713
0.7270351	0.95921415	-0.1031063
0.21845388	0.8266969	0.6118456
0.15361524	0.23931426	-0.25264218
0.7044142	0.80399853	0.12629035
0.11285943	0.8413997	0.6260416
0.3656932	0.4596309	-0.10063272
0.24865985	0.8724824	0.63184303
0.008481979	0.9072367	0.1030588
0.7726584	0.36003035	-0.5276571
0.12090856	0.6315916	0.40329897
0.97621965	0.9917708	-0.7861896
0.91289634	0.9113487	1.1224967
0.83566105	0.060575545	-0.04018879
0.2723372	0.70840573	0.5069421
0.26781815	0.6872777	0.51368517
0.16045779	0.1474945	-0.28581962
0.07497454	0.11421502	-0.21965371
0.8476682	0.7335215	0.50590694
0.81308645	0.6969546	0.013790193
0.6243388	0.0020407438	-0.40226388
0.92384976	0.4642198	0.5287556
0.27738655	0.5630226	0.51068544
0.1576736	0.44403005	-0.00049620867
0.6350985	0.57667094	0.37451443
0.25249267	0.4632104	0.46788695
0.36850893	0.1509583	-0.16765302
0.23797256	0.9978752	0.6453396
0.0036429167	0.68857896	0.08870664
0.58008933	0.16135907	0.19614759
0.3514492	0.7884235	-0.06666671
0.7887382	0.44073868	-0.5722056
0.5078039	0.3515991	-0.10820967
0.5092321	0.23472637	0.25697604
0.92733413	0.2051282	0.43167603
0.13129973	0.2792501	-0.42855942
0.9459603	0.22467041	0.44181204
0.38440913	0.5388726	-0.26852715
0.9576185	0.78718746	0.012392174
0.7300003	0.07539344	-0.27268118
0.083844304	0.5224539	0.17586568
0.35806888	0.583834	0.021733075
0.06937438	0.6552626	0.4749611
0.14121336	0.46011937	-0.026904017
0.90125495	0.37954354	0.40638062
0.6234733	0.7240247	0.46490806
0.21161592	0.6950526	0.50608546
0.944255	0.89584714	0.44922835
0.33422202	0.20599777	0.38597834
0.5199583	0.7013189	-0.43424037
0.5375875	0.59418404	-0.26465926
0.5647628	0.10757911	0.4626158
0.5286428	0.16571975	0.5626313
0.9831207	0.099933684	0.52660483
0.27324307	0.7541478	0.5354174
0.96598846	0.4101739	0.063825056
0.79282945	0.72277373	-0.05736993
0.07198441	0.6441243	0.47441524
0.026856422	0.8185402	0.47417465
0.08109099	0.6834428	0.5698137
0.37955743	0.09146875	-0.40621063
0.13967246	0.9439498	0.44154954
0.2852937	0.65124226	0.44067708
0.9733518	0.36827755	-0.030408626
0.31564277	0.7586923	0.22464806
0.3417334	0.041294754	0.34322456
0.19429123	0.6272661	0.44161695
0.1638835	0.7712227	0.49403834
0.4893558	0.7354058	-0.823046
0.18638366	0.77290463	0.5110072
0.29874325	0.32504618	0.5821252
0.3618394	0.58300483	-0.009039251
0.64739156	0.5015942	0.28318828
0.18327564	0.8361712	0.49341318
0.67673135	0.5579791	0.4218362
0.6098625	0.48994857	0.20691836
0.52697784	0.26708925	0.32735273
0.70150965	0.055158615	-0.4348654
0.13766074	0.5671021	0.26567557
0.82401216	0.13442034	-0.18658896
0.08520222	0.048658073	-0.16145971
0.7839674	0.024971545	-0.11443273
0.9012456	0.8943152	1.2422147
0.66064143	0.72487694	0.42813602
0.35020584	0.6880794	0.060979523
0.7445247	0.9798437	-0.027264968
0.28698128	0.5617317	0.44081423
0.47494817	0.5465359	-0.6791368
0.14182216	0.57094944	0.21316035
0.7162063	0.57408375	0.20977546
0.24946696	0.13774353	0.740509
0.61145973	0.7302575	0.42863956
0.746501	0.8058862	0.022522718
0.33859557	0.45359612	0.18199147
0.8484149	0.4010756	-0.27793625
0.13409907	0.57966065	0.29606444
0.5056634	0.6954853	-0.6168566
0.012401581	0.76402676	0.24245062
0.36362034	0.13161033	-0.1456548
0.32191336	0.8037276	0.14050576
0.3583575	0.018813372	0.085742444
0.754761	0.7906019	0.016055085
0.5164529	0.019040585	1.1699497
0.43947804	0.95796114	-0.61829245
0.045022964	0.6791789	0.4723741
0.96259844	0.04245776	0.3389551
0.2191189	0.16906494	0.3819199
0.2742551	0.27345514	0.77931535
0.86786085	0.106068194	0.006931167
0.3536737	0.113802075	0.0573581
0.012225091	0.89346254	0.13277547
0.8062861	0.062900245	-0.16786131
0.9756766	0.92197055	-0.665924
0.25705498	0.2974149	0.6437919
0.09117395	0.7804601	0.68313265
0.22321516	0.16891617	0.38529882
0.169366	0.41078246	0.0715876
0.29124236	0.39475423	0.56899625
0.44534016	0.071174264	-0.22601947
0.6754797	0.28192818	-0.13457635
0.9173421	0.99155	0.91115564
0.8624976	0.8852289	1.2416167
0.7041376	0.3992303	0.07554349
0.1218977	0.08144981	-0.36633402
0.8499747	0.57257307	0.026445886
0.48884487	0.124072194	0.36029667
0.5376623	0.23553425	0.38727507
0.56196135	0.5906379	0.030137083
0.8204308	0.6579469	-0.03754305
0.06692606	0.36096722	-0.17841285
0.6151561	0.5149027	0.26173788
0.84734416	0.9276787	1.21551
0.8371815	0.085651994	0.047418803
0.56239325	0.98684824	0.2977163
0.28248942	0.4193952	0.5193678
0.032750905	0.44706476	0.029656017
0.5764373	0.2781418	0.16531052
0.6262643	0.50244313	0.28052336
0.2767676	0.2829426	0.741891
0.6186745	0.7579749	0.414872
0.44988823	0.27222514	-0.6431226
0.9676363	0.87946475	-0.40126804
0.23908067	0.98309654	0.6974788
0.0031116009	0.15823686	-0.3929921
0.7337592	0.296452	-0.24651012
0.030990303	0.97989845	0.37225664
0.1273554	0.46425945	-0.08888213
0.8202045	0.79082596	0.43007728
0.127657	0.7938289	0.5412254
0.19829142	0.5456944	0.34736845
0.115517676	0.90291	0.52521145
0.40549898	0.2567587	-0.67118317
0.26209378	0.055813193	1.0250194
0.5190222	0.73325497	-0.5599994
0.16644543	0.108905315	-0.1634961
0.17323762	0.05824423	-0.031989645
0.15799487	0.5234214	0.2225908
0.817787	0.64426744	-0.106123954
0.21363443	0.07639074	0.336775
0.9178487	0.9477531	1.0228626
0.037793577	0.33018088	-0.09811427
0.7661194	0.90011376	0.15131283
0.045074344	0.12995249	-0.17835344
0.11955428	0.2953335	-0.42871386
0.46133053	0.7770093	-0.8379764
0.9597663	0.88798445	-0.010453932
0.8161648	0.9981115	0.9070898
0.59692216	0.7999623	0.39554518
0.2756431	0.31921738	0.665068
0.9600289	0.36704195	0.20443228
0.6218359	0.09089649	-0.44129294
0.90377307	0.8028442	1.1503398
0.12212753	0.11835259	-0.3379064
0.25945216	0.45864284	0.46421388
0.42329007	0.60083234	-0.5840134
0.122018516	0.9708574	0.441305
0.9226731	0.07559991	0.2823973
0.19680369	0.4271801	0.16640535
0.86292505	0.14883333	-0.008972727
0.07063317	0.1575675	-0.2665819
0.88608164	0.92502093	1.2464159
0.47284454	0.45215648	-0.55402565
0.032354772	0.06350064	-0.061224245
0.20692438	0.58450913	0.39014402
0.9244938	0.5160845	0.5964393
0.7012444	0.8434959	0.113653965
0.13538021	0.46320695	-0.007405493
0.59887624	0.59302294	0.2776129
0.85094124	0.1552552	-0.10356196
0.94191897	0.10114801	0.34668237
0.4167608	0.24653906	-0.76162124
0.48358905	0.96236044	-0.60345125
0.6514492	0.79884064	0.4157896
0.9110055	0.085609615	0.23699465
0.64696	0.05973661	-0.6109624
0.60153526	0.68607354	0.3426334
0.32017273	0.5192851	0.34864727
0.36998683	0.15045488	-0.23331678
0.88121134	0.085424066	0.12053975
0.8999726	0.10201782	0.19813548
0.32503188	0.91348875	0.001094684
0.36318368	0.24586678	-0.15830797
0.94886196	0.48976505	0.26349497
0.5486354	0.6918557	-0.16951081
0.17485565	0.58450097	0.33152866
0.43708652	0.12317103	-0.47056228
0.338089	0.44287378	0.20504953
0.54521245	0.19607627	0.55428296
0.83311266	0.22656846	-0.3317612
0.8248809	0.079025686	-0.020738147
0.9158156	0.70407647	0.86258143
0.23175246	0.5593568	0.35537487
0.60459954	0.7024904	0.4344288
0.4805078	0.04000956	0.460378
0.44871497	0.20913708	-0.49160746
0.36889893	0.93199205	-0.31977555
0.059304	0.92340356	0.55777323
0.079503894	0.71301097	0.6471936
0.5212367	0.34255493	0.10591531
0.86360335	0.7957219	0.9634528
0.11006051	0.4190604	-0.13454047
0.63402444	0.47836477	0.20859955
0.048238695	0.05248159	-0.045701668
0.5033817	0.97047937	-0.50798696
0.47288746	0.64829934	-0.7903104
0.0634051	0.35341287	-0.182225
0.66768837	0.69642925	0.46646315
0.54867744	0.96976966	0.14459324
0.61987036	0.6799082	0.44330278
0.40301108	0.42409974	-0.54642606
0.97192097	0.61962235	-0.4440266
0.92009807	0.856816	1.0384499
0.6740308	0.12668705	-0.46455228
0.5322975	0.81154907	-0.34041402
0.14243025	0.3861845	-0.18692529
0.9446315	0.30171496	0.46651867
0.017402887	0.81429315	0.21471098
0.2534958	0.07697815	0.85261726
0.23480183	0.6743551	0.54331994
0.23816615	0.39805	0.43253186
0.5661928	0.9175001	0.23305428
0.74994695	0.606045	-0.08214883
0.21265	0.62040544	0.49233013
0.5988265	0.7019414	0.33283675
0.96365345	0.9090511	-0.21267824
0.7361476	0.4979999	-0.08939172
0.9236907	0.8501703	0.9633473
0.90962696	0.36586046	0.4376753
0.7212944	0.11664587	-0.32564214
0.555596	0.77300996	-0.039718594
0.3436175	0.85741884	-0.07614895
0.025230527	0.5932109	0.26265004
0.46191323	0.5867062	-0.71029854
0.49140596	0.008628011	0.9305333
0.74936914	0.2012592	-0.3770599
0.5264115	0.4145093	-0.05761902
0.5571345	0.7969156	0.0062818443
0.069016635	0.6461878	0.52880645
0.6385105	0.6216427	0.5083679
0.2500543	0.4709528	0.46084833
0.8235646	0.6749388	-0.024361454
0.9603644	0.2573052	0.39170593
0.9282353	0.41919905	0.50907683
0.6550147	0.80274236	0.35218737
0.66370565	0.009747982	-0.6869629
0.5909218	0.6130317	0.29572117
0.8163259	0.056726575	-0.12780444
0.09330225	0.59869957	0.3802887
0.56796485	0.55656356	0.120355695
0.9352387	0.6710257	0.6484818
0.2786821	0.4646663	0.5326245
0.6596722	0.73626155	0.44523916
0.3083071	0.33368343	0.4966166
0.24960232	0.14254427	0.76245064
0.5545098	0.22499275	0.35956302
0.35146868	0.50906664	0.03874211
0.37207586	0.18843353	-0.2933348
0.9574775	0.87075365	-0.022477036
0.922332	0.807273	0.94353884
0.7058606	0.8481516	0.078653745
0.6196279	0.8938727	0.42138806
0.25717032	0.99361676	0.66250765
0.67808485	0.3335107	-0.002661936
0.5890477	0.3030917	0.036354735
0.37676454	0.80181295	-0.19895978
0.8445728	0.07904911	-0.031069128
0.7330533	0.5654706	0.05858274
0.0011117458	0.35750973	-0.30948967
0.9802287	0.47651833	-0.48645282
0.6771628	0.09571391	-0.5193104
0.59657806	0.7910257	0.3740267
0.6245159	0.5841645	0.36802778
0.50604874	0.50813025	-0.35151684
0.244685	0.36429673	0.4779372
0.4514519	0.86708444	-0.7726143
0.2877583	0.24491453	0.77942866
0.59721875	0.43546927	0.1023574
0.99415755	0.85831356	-1.539948
0.013836563	0.32154143	-0.19427338
0.8039145	0.45703828	-0.63148516
0.44245875	0.60581464	-0.6764613
0.32410008	0.09165919	0.6407455
0.049835265	0.79633975	0.541153
0.70948005	0.029473662	-0.39125797
0.8329136	0.25999022	-0.419906
0.90780646	0.8858319	1.1646149
0.539248	0.24337023	0.4176175
0.6581373	0.3959052	0.07131607
0.122508526	0.9618331	0.45309663
0.23755598	0.97975194	0.66764224
0.3795591	0.19510776	-0.4488642
0.7393708	0.591438	-0.03576257
0.6426613	0.8923311	0.23508307
0.7052768	0.2509392	-0.18513766
0.22977191	0.43625546	0.43157643
0.12774372	0.20525211	-0.45594952
0.8819587	0.051974356	0.114518836
0.8600655	0.20096314	-0.116964266
0.34661484	0.18817526	0.16535231
0.80968934	0.3420763	-0.63582635
0.10654825	0.9118759	0.55262744
0.22177261	0.649392	0.56788254
0.251247	0.8016939	0.63076633
0.71129423	0.73213273	0.21781126
0.9384869	0.66074985	0.5611528
0.45752168	0.020369768	0.23448962
0.86423004	0.08201456	0.14053115
0.38710594	0.9544578	-0.40313113
0.4868071	0.893406	-0.7334053
0.7700591	0.1755063	-0.3973776
0.26209927	0.7413683	0.55811787
0.007169187	0.45280063	-0.10433728
0.035070777	0.09663463	-0.097803146
0.8024353	0.3017673	-0.5657422
0.7483981	0.25342172	-0.40951946
0.45880526	0.31726956	-0.5088345
0.8648373	0.087175965	0.09063603
0.30801618	0.97180796	0.26032087
0.64889747	0.42176074	0.16569231
0.48947114	0.3748876	-0.33353063
0.015723228	0.87426096	0.26513213
0.0140782595	0.2068969	-0.2763104
0.88989174	0.52005833	0.41752252
0.42050755	0.17112762	-0.68847793
0.5624169	0.6045935	0.06544857
0.8854394	0.71600634	0.9085548
0.5057293	0.7096674	-0.6637671
0.03695488	0.76130646	0.5061283
0.1449191	0.24580294	-0.35959607
0.17603433	0.48220932	0.04807412
0.17906648	0.2730528	-0.118710004
0.05645442	0.92346853	0.56159174
0.5377958	0.689774	-0.2661347
0.63529795	0.50112957	0.35593814
0.92493343	0.47407132	0.57599866
0.49490178	0.27319908	-0.016372565
0.57524544	0.48472643	0.111044794
0.9406828	0.64941967	0.5239418
0.13608563	0.6549822	0.3947105
0.08813405	0.17943841	-0.35439315
0.96233016	0.50209504	-0.0018777335
0.30079526	0.8001145	0.31485957
0.48199242	0.6046992	-0.7087477
0.907428	0.8688308	1.1755991
0.10686815	0.00176543	-0.13802935
0.49145097	0.51046026	-0.5005596
0.47778898	0.6340925	-0.72944504
0.92621	0.32949907	0.5306457
0.7902666	0.8095202	0.23089172
0.0654183	0.10033339	-0.19459929
0.37689567	0.16621298	-0.44624007
0.82775664	0.056648016	-0.06368084
0.9485433	0.7182731	0.31960893
0.8165331	0.42922682	-0.56935674
0.8609335	0.34802526	-0.21644801
0.616463	0.1791833	-0.30425963
0.5871326	0.92354727	0.4187808
0.44889528	0.8286179	-0.7935899
0.570931	0.908369	0.27329716
0.51717126	0.634584	-0.4699214
0.3232749	0.19012868	0.54890096
0.45845795	0.38540846	-0.61575043
0.7940862	0.3592205	-0.61898685
0.080120325	0.021276534	-0.12724805
0.34724385	0.70663774	0.020625956
0.92990714	0.3942625	0.50126845
0.9140403	0.85599005	1.073
0.41983598	0.27211732	-0.7970331
0.9897792	0.40041512	-0.48819628
0.7917115	0.4759053	-0.6216476
0.12668014	0.98290753	0.3933529
0.6836057	0.75697815	0.32077956
0.28589183	0.4834829	0.5113509
0.9377876	0.82020974	0.61246055
0.8965893	0.8282869	1.210133
0.85095125	0.19182199	-0.15375087
0.6026466	0.73411167	0.3846278
0.94555604	0.8175395	0.37492728
0.23467314	0.7055532	0.506871
0.403686	0.66051394	-0.3747409
0.1962415	0.29740465	0.11400987
0.47074765	0.0944587	0.19602358
0.96807104	0.021944702	0.3197177
0.6301146	0.6780832	0.4413825
0.22918004	0.92866	0.6258878
0.11455697	0.6486916	0.4703234
0.5471314	0.055382013	0.9128045
0.19903558	0.63716185	0.46487525
0.3051117	0.28143734	0.64499086
0.0135143995	0.8103231	0.23784125
0.2286663	0.034093738	0.6128248
0.25346434	0.47201532	0.47368374
0.81586987	0.21793711	-0.41173604
0.6502787	0.456896	0.219464
0.21673274	0.7486151	0.54509234
0.4332925	0.41104752	-0.6891916
0.510034	0.15796286	0.5751142
0.55905324	0.026321352	0.8946871
0.383438	0.834492	-0.28749764
0.33458042	0.5640605	0.26255888
0.9584808	0.25323904	0.4200749
0.44119048	0.4676984	-0.68628913
0.9576734	0.08815247	0.34079218
0.6479615	0.9877115	0.13079613
0.951778	0.45901293	0.21675172
0.6220551	0.02095884	-0.39333463
0.73084307	0.78680116	0.045443192
0.39637774	0.18246204	-0.6401054
0.98005414	0.7543396	-0.87043446
0.051645935	0.3066392	-0.21579681
0.43299288	0.76988673	-0.70964736
0.6537766	0.6134788	0.41274536
0.70991915	0.42654872	0.13175395
0.21834338	0.28402674	0.2585197
0.26889843	0.46022928	0.5510917
0.0066775084	0.43571192	-0.117251635
0.92201954	0.9932354	0.8178748
0.66326445	0.89091575	0.13899292
0.77242553	0.6620475	-0.1023854
0.9022765	0.55775124	0.59984195
0.53041285	0.98766214	-0.065901354
0.005182445	0.53782535	0.022157788
0.7527354	0.3729822	-0.27161852
0.46090245	0.9210001	-0.7565442
0.36109823	0.13874859	-0.11285308
0.07171029	0.55025023	0.27518967
0.3201468	0.024636924	0.8414731
0.50621223	0.38871735	-0.13116048
0.44341016	0.46309012	-0.6967286
0.7029721	0.64538306	0.27893096
0.8465528	0.90657896	1.0275654
0.13722593	0.24692655	-0.38013297
0.27423513	0.45335668	0.5130214
0.2918834	0.9787766	0.35405955
0.65775156	0.082503796	-0.5752176
0.093930125	0.28894734	-0.4288577
0.16494197	0.6107503	0.34234047
0.7048228	0.10471922	-0.31604832
0.023494601	0.16284174	-0.16798
0.36665642	0.1685965	-0.23082659
0.330786	0.34084392	0.2705367
0.7783715	0.37928152	-0.58155096
0.9309935	0.69829327	0.7205432
0.83629227	0.05895847	0.016469905
0.7880294	0.47916377	-0.5258311
0.87992084	0.15226406	0.12616506
0.9460778	0.9392355	0.363592
0.95665157	0.3938576	0.26504603
0.8659685	0.5866678	0.33154523
0.9400121	0.97655123	0.4426548
0.4177248	0.0069565177	-0.35072792
0.023900092	0.6383462	0.29582042
0.20964015	0.5372863	0.32229298
0.71418345	0.942012	-0.12522252
0.22528303	0.07757902	0.49544245
0.47292846	0.15348071	-0.02353469
0.8711259	0.9397003	1.3649191
0.97806305	0.39483482	-0.12568745
0.060616553	0.8999055	0.5567856
0.022708178	0.39237642	-0.052577905
0.8608247	0.053469002	0.079542264
0.98937786	0.13818693	0.4787426
0.6757981	0.9305222	-0.056258816
0.40353656	0.6746013	-0.37394488
0.6770597	0.43080378	0.27460992
0.41220933	0.009107232	-0.41278893
0.44244277	0.35815787	-0.6948167
0.93119377	0.13608068	0.28517884
0.28457326	0.9210836	0.49911746
0.31845236	0.6135158	0.2524896
0.33033198	0.36008543	0.33659223
0.23262918	0.21983528	0.47994655
0.2575549	0.7086081	0.51604277
0.84566516	0.44563234	-0.27880916
0.6927437	0.6069814	0.38700014
0.06056899	0.8318805	0.5949974
0.2314691	0.99404573	0.6953336
0.4783135	0.50230265	-0.6078711
0.3382128	0.29955697	0.27689388
0.9046796	0.35180658	0.3881045
0.6799944	0.38539207	0.088688396
0.8223724	0.76930296	0.38854182
0.29322243	0.8159468	0.39271006
0.085787475	0.49522245	0.08741373
0.6482269	0.5854692	0.38330606
0.11542791	0.6596593	0.46838906
0.8144603	0.027448952	-0.05188461
0.35496283	0.1450854	-0.004612565
0.7618431	0.11294466	-0.3286302
0.40381366	0.32278502	-0.63124484
0.2642082	0.27660578	0.66228914
0.92870206	0.35391402	0.50078726
0.41671288	0.977836	-0.5185433
0.47957963	0.6204482	-0.74914867
0.83357674	0.74243814	0.33971635
0.762888	0.9498028	0.1487369
0.16467851	0.10825163	-0.13632327
0.6922136	0.22325182	-0.24720557
0.84880805	0.8148	0.86925447
0.3856696	0.074677765	-0.4453489
0.4863608	0.40919924	-0.3735005
0.455131	0.86905324	-0.81815237
0.9724403	0.7822782	-0.504619
0.027467549	0.5818727	0.26845086
0.97813797	0.41028833	-0.20640801
0.01748085	0.88129455	0.23854484
0.9231021	0.8367811	1.0179719
0.99816275	0.266981	0.01226218
0.044610143	0.051851153	-0.011739358
0.8573476	0.816577	0.98448473
0.9140666	0.64187497	0.83775437
0.38994604	0.19452226	-0.5267702
0.8907376	0.21010268	0.23057705
0.29154748	0.48417634	0.49351373
0.9402402	0.50320435	0.4129939
0.17150056	0.365555	-0.04145372
0.054415405	0.0031536222	0.059374336
0.10330677	0.9732966	0.47067943
0.58644485	0.2369023	0.043115437
0.47006834	0.30009687	-0.35198057
0.5760549	0.90755624	0.3329809
0.77287126	0.32103348	-0.5545341
0.6199056	0.62400174	0.39285505
0.004441023	0.42739147	-0.15771319
0.9511574	0.83479786	0.22474965
0.79022026	0.2678907	-0.530025
0.30962503	0.2286225	0.6621364
0.61857975	0.8034901	0.4085027
0.6184805	0.82712644	0.47111437
0.7497619	0.66749537	-0.11335139
0.86628133	0.29596078	-0.015457474
0.04393369	0.43217033	0.042147554
0.6470795	0.058408678	-0.5883756
0.67539173	0.287152	-0.119156234
0.8902232	0.41704863	0.3350358
0.5405529	0.42214817	0.035106797
0.107262015	0.6538436	0.4641968
0.09505361	0.017905354	-0.119831674
0.47737378	0.23345643	-0.14637506
0.44075835	0.39364803	-0.67460155
0.2949416	0.78565115	0.41507834
0.25545633	0.88052857	0.646865
0.34055746	0.4788022	0.16390698
0.6481316	0.6542901	0.45214295
0.16501409	0.26046073	-0.21212623
0.28207874	0.86362517	0.45291904
0.90891373	0.8416854	1.1693094
0.6104261	0.3441912	-0.07436222
0.060076892	0.2829318	-0.2456207
0.5822181	0.3417334	0.05508215
0.4946549	0.9022821	-0.70028365
0.26221842	0.42886585	0.54632616
0.28258502	0.038488865	1.1012634
0.18596727	0.38018978	0.033266563
0.15086251	0.32571828	-0.21661423
0.50264895	0.94550526	-0.5482204
0.6159991	0.9684549	0.41278487
0.6435359	0.57682186	0.43430716
0.35304135	0.32992053	-0.08441706
0.7305586	0.09121466	-0.3542245
0.098807275	0.73552835	0.604011
0.14165235	0.6366477	0.44304484
0.840329	0.2098239	-0.25609663
0.05034399	0.963817	0.5095043
0.77910036	0.9945841	0.3372542
0.08166385	0.8238977	0.611573
0.8576919	0.63039166	0.26442325
0.047245264	0.920534	0.5796007
0.3674404	0.75649786	-0.124552876
0.960081	0.0994786	0.43928546
0.35199457	0.23801214	0.017771209
0.74407923	0.95754063	-0.08910754
0.9030763	0.987934	1.1425004
0.6390358	0.8555643	0.3920192
0.6590646	0.66586417	0.4908803
0.24223197	0.14721954	0.6686569
0.8277309	0.9652255	1.0411795
0.58663565	0.9926826	0.4901255
0.3361227	0.32457376	0.25144252
0.115234256	0.31192905	-0.39335033
0.48441643	0.20803213	-0.009292439
0.4164908	0.6137399	-0.50947666
0.44907808	0.13162214	-0.3615986
0.12437308	0.11062747	-0.396739
0.36929315	0.46391988	-0.1258686
0.9800871	0.5256942	-0.6365482
0.38208044	0.75762266	-0.23000775
0.53028065	0.73112273	-0.37755808
0.65882814	0.11335653	-0.50435674
0.31233138	0.4788109	0.32421046
0.6162809	0.61584723	0.35943994
0.46805054	0.02776301	0.42760795
0.6035151	0.9363957	0.45952487
0.6924183	0.46809596	0.23320957
0.9286334	0.7118157	0.75657415
0.2192496	0.99797004	0.6848458
0.98480904	0.59238374	-0.966396
0.21120554	0.06009227	0.38323718
0.2359358	0.7271234	0.62872326
0.88928396	0.16483837	0.14714415
0.67685366	0.047895372	-0.5044975
0.2563036	0.47838837	0.48793122
0.56282413	0.9490387	0.29855555
0.82000995	0.27991164	-0.42959085
0.52632564	0.67843145	-0.43032768
0.9044016	0.5475587	0.6280787
0.12674117	0.41038477	-0.16992928
0.44229448	0.65911555	-0.70360154
0.869292	0.3455484	-0.030693738
0.66501945	0.857203	0.22831038
0.06560546	0.037292004	-0.07403045
0.170205	0.3229028	-0.0735558
0.1178233	0.8156127	0.5491261
0.074343085	0.83032954	0.62709266
0.8369173	0.50497466	-0.34883967
0.9831351	0.66887164	-0.9925136
0.5615743	0.5237832	0.1009669
0.08158201	0.652465	0.5281326
0.25003552	0.037872255	0.911703
0.15299696	0.23387396	-0.31528702
0.22026718	0.5205318	0.3245601
0.256379	0.12720537	0.8038954
0.5258238	0.23743153	0.4239189
0.20854092	0.4273485	0.24169937
0.33576363	0.5849628	0.17099482
0.742469	0.35764855	-0.24071783
0.8245724	0.5832884	-0.31880188
0.2689646	0.14571989	0.89842904
0.28450996	0.07643139	1.0845268
0.29405618	0.757976	0.4400627
0.1383062	0.74997205	0.52844805
0.8597172	0.22049636	-0.09094945
0.103494346	0.01723677	-0.15514892
0.54637766	0.52135825	-0.11589308
0.27028155	0.29656708	0.635823
0.5443244	0.97744447	0.10511553
0.5511184	0.9450999	0.10804053
0.09963155	0.47726125	0.048218533
0.8610595	0.67459536	0.4277212
0.34442276	0.11701888	0.18967888
0.9966606	0.6781423	-1.5737269
0.26778853	0.7967383	0.5663282
0.033456624	0.4313678	-0.008964827
0.9229226	0.32754278	0.47490865
0.77456146	0.6018598	-0.28845072
0.2894938	0.57833105	0.4353156
0.44713312	0.53650707	-0.66555154
0.80883706	0.5569543	-0.49789447
0.006609082	0.6574507	0.14872392
0.8968672	0.36591882	0.27890712
0.12966359	0.5899842	0.37472713
0.79934084	0.17627156	-0.44821346
0.9797427	0.4996469	-0.5743391
0.5856817	0.49724984	0.17140496
0.49449444	0.4839357	-0.4441865
0.62698036	0.98763204	0.28883776
0.5567138	0.15816718	0.49632424
0.52813655	0.8525828	-0.3676039
0.96287435	0.7767488	-0.20534492
0.85720104	0.3291927	-0.18762146
0.18034214	0.18510896	-0.10997355
0.31924546	0.08658069	0.7898242
0.45255738	0.32603186	-0.6274322
0.73046076	0.5613599	0.050487597
0.8619609	0.7074428	0.65112114
0.39167494	0.6748469	-0.31764808
0.17440534	0.6698206	0.43363512
0.090108216	0.13555473	-0.3315126
0.34147394	0.19586128	0.24304384
0.58713955	0.8517847	0.3570952
0.6850226	0.5557917	0.4048121
0.3877995	0.3954141	-0.45698726
0.04611534	0.5991943	0.35602665
0.60302585	0.1168676	-0.12882122
0.78663594	0.53873956	-0.4208406
0.17805493	0.24039131	-0.091528624
0.109858215	0.23677224	-0.4411147
0.15341127	0.3494898	-0.20844269
0.03839171	0.57041067	0.31114006
0.102677405	0.72821236	0.59846437
0.93760943	0.84783393	0.6769978
0.8568255	0.378919	-0.14797217
0.8911936	0.3418454	0.17605421
0.64155537	0.6558092	0.44622985
0.3370235	0.3948077	0.28025067
0.63952726	0.6081458	0.44892034
0.6603979	0.5371567	0.36508822
0.5331482	0.6256053	-0.26721713
0.94476587	0.7475347	0.45005205
0.33154887	0.89287394	0.068547405
0.9446093	0.9195461	0.38828185
0.9103653	0.63193893	0.87206495
0.79588276	0.60948586	-0.36502594
0.30703253	0.1458391	0.8121052
0.7579151	0.5238754	-0.24616255
0.55834866	0.25502104	0.24006884
0.013366461	0.13895047	-0.26914847
0.055457473	0.141693	-0.25351766
0.6354867	0.52157944	0.29418194
0.5422362	0.73292345	-0.21715167
0.89546615	0.395532	0.35836938
0.25099903	0.90214837	0.70301205
0.55493575	0.5167659	-0.0016528508
0.75523454	0.83167946	0.09267236
0.8793801	0.36252224	0.11655917
0.39834332	0.015250266	-0.44810718
0.4299245	0.023414314	-0.36713818
0.6217537	0.4128695	0.09631462
0.7808856	0.23013312	-0.52715725
0.54895955	0.7042648	-0.15332666
0.9558143	0.50933784	0.13762242
0.3855433	0.15094644	-0.5302544
0.9394542	0.77477056	0.63700587
0.07980126	0.3655777	-0.23833184
0.53827673	0.89820945	-0.107457995
0.2861508	0.3150947	0.6426441
0.022920966	0.9395255	0.2978566
0.5059007	0.07068163	0.760954
0.6712985	0.088327706	-0.51031834
0.92034435	0.7295059	0.99749243
0.324489	0.9998761	0.042763017
0.8686965	0.9580677	1.3486824
0.08488375	0.20711315	-0.40296805
0.64582753	0.74436283	0.46723107
0.8125766	0.26041353	-0.52352
0.33043998	0.26243538	0.39225906
0.040198147	0.9188937	0.46804258
0.65194	0.99895024	-0.006370085
0.24145949	0.58193207	0.47093487
0.7432548	0.09507555	-0.29878756
0.30789316	0.90654045	0.2845682
0.24967623	0.3603341	0.50724
0.007565737	0.43879902	-0.0446028
0.17296267	0.91653687	0.43331525
0.5304656	0.8570497	-0.34579766
0.76933765	0.068225086	-0.28587407
0.79663104	0.3319348	-0.581854
0.64520526	0.92439485	0.1903605
0.47135407	0.79298824	-0.822522
0.061187148	0.9828531	0.520936
0.30240738	0.75033325	0.3488464
0.73426986	0.21659273	-0.27137518
0.90262866	0.8130236	1.2267046
0.1726327	0.9342776	0.42925438
0.8368378	0.7820538	0.5836883
0.45306742	0.086719096	-0.1717268
0.6003852	0.062428296	-0.06835431
0.45763743	0.8967357	-0.75646675
0.2373932	0.3558421	0.41707754
0.1801421	0.26931548	-0.078850776
0.4072979	0.08723289	-0.61814326
0.20082897	0.75810015	0.5531392
0.6754311	0.45432854	0.24015954
0.03350252	0.73819596	0.45422718
0.38217098	0.72984785	-0.15746443
0.26972353	0.46693176	0.5007106
0.28934503	0.8114893	0.42952266
0.046085894	0.12484336	-0.1721406
0.88372624	0.8134739	1.2015944
0.45329618	0.3482346	-0.63097453
0.9306108	0.9683968	0.7325135
0.37155372	0.5198692	-0.15958555
0.765287	0.7714652	0.008747645
0.6109187	0.26763153	-0.15902494
0.7487051	0.42607212	-0.26938042
0.59958273	0.30621636	-0.029441506
0.473921	0.54451936	-0.63280857
0.52546686	0.6575405	-0.42507768
0.33244056	0.9366082	-0.006930814
0.48144597	0.39514917	-0.36788875
0.4455579	0.050976038	-0.17394723
0.79629296	0.08347207	-0.24948178
0.1610533	0.6246971	0.35385686
0.4612217	0.48639172	-0.641662
0.036863506	0.28403896	-0.19519505
0.53609294	0.4085285	0.023671646
0.60317564	0.9496977	0.5728259
0.409456	0.5315335	-0.44524866
0.4035254	0.6954458	-0.35817274
0.97339696	0.51282275	-0.37245235
0.9024779	0.23083788	0.32180312
0.81077534	0.15672028	-0.3139864
0.15629941	0.655394	0.45913962
0.22104967	0.3556723	0.31662694
0.6141632	0.5931393	0.40211776
0.14189678	0.6684338	0.4539686
0.80425996	0.14248043	-0.4183675
0.5544791	0.83857906	-0.035308957
0.70301837	0.8349659	0.09885077
0.7515237	0.22983831	-0.39421517
0.7820971	0.96687436	0.4326719
0.79560965	0.7048964	-0.067554235
0.8888846	0.58885944	0.55105406
0.16358662	0.07625657	-0.16879226
0.70731103	0.104182065	-0.38078034
0.33587158	0.92653096	-0.031747833
0.292167	0.6762203	0.36794126
0.34612465	0.6844075	0.015615117
0.7504871	0.32120878	-0.35611582
0.24704099	0.7417674	0.5566814
0.25359267	0.07229465	0.8199376
0.45212895	0.09758216	-0.1698299
0.998866	0.04870397	0.6275089
0.74243885	0.78646046	0.078805
0.67016774	0.37872565	0.05529341
0.70399517	0.51756024	0.19022173
0.19242561	0.16945827	0.04875979
0.22930026	0.36644155	0.3786859
0.7597876	0.30173504	-0.45302093
0.080339015	0.625854	0.41629368
0.85906744	0.82961386	1.0826982
0.5069675	0.45771235	-0.29349947
0.37571156	0.31021422	-0.32140496
0.46516782	0.29018766	-0.44903612
0.19094098	0.32522547	0.050413407
0.590368	0.5140867	0.19026215
0.81739235	0.9806034	0.85267067
0.59948343	0.5046576	0.23617035
0.5098235	0.9191458	-0.49388593
0.91004634	0.4986632	0.6075402
0.1715483	0.34186506	-0.087730765
0.7483968	0.8341716	0.039023895
0.011504054	0.21440256	-0.2577123
0.31563514	0.69807446	0.3008868
0.48355925	0.38349307	-0.38864654
0.19709742	0.69038904	0.4658627
0.17107385	0.12948805	-0.112949654
0.7575629	0.5203146	-0.2761228
0.8563727	0.24554926	-0.12137153
0.077225745	0.8344555	0.67357475
0.65675485	0.63898474	0.4702515
0.63812107	0.29565912	-0.21833989
0.84668577	0.11737102	-0.044634856
0.61310035	0.69804984	0.40444487
0.3262707	0.2891931	0.40018967
0.36257797	0.9075178	-0.17961171
0.93251	0.58688265	0.6032568
0.5081177	0.8182839	-0.71983033
0.14368486	0.61698204	0.41860163
0.17583269	0.63715804	0.43416223
0.9180037	0.6994139	0.900389
0.6915058	0.52632475	0.36290342
0.12321907	0.39361733	-0.18016234
0.51737106	0.23608577	0.36510846
0.9604288	0.68575126	-0.08765048
0.9629286	0.10978663	0.35901582
0.89524573	0.21744919	0.22272508
0.38232166	0.57120496	-0.21236996
0.9160767	0.2604621	0.39129683
0.8719116	0.76715964	1.0287627
0.16975307	0.88344896	0.44811198
0.52274305	0.8789312	-0.4144343
0.113877594	0.82724065	0.6112726
0.46347976	0.0839026	0.08549512
0.62578607	0.38176805	-0.0042463485
0.1546731	0.22082669	-0.34848577
0.013893306	0.7590991	0.2618149
0.035636842	0.6862737	0.42939442
0.41618758	0.5444326	-0.49487478
0.70820326	0.09279692	-0.32583043
0.9753383	0.45148027	-0.26573443
0.23389852	0.95245236	0.6616801
0.78585786	0.42500186	-0.6060225
0.46577156	0.8407986	-0.7742913
0.9964163	0.4679101	-0.97299355
0.07799226	0.14297277	-0.36809248
0.1409657	0.19217902	-0.39332512
0.14504868	0.066901505	-0.21722426
0.889238	0.1012584	0.11102095
0.50481343	0.41584504	-0.21538384
0.9537654	0.91765964	0.138201
0.7069865	0.89417404	-0.08669526
0.5840182	0.48755246	0.19403142
0.7032759	0.17257541	-0.24958639
0.8144835	0.6366919	-0.14223745
0.52513903	0.286597	0.2617865
0.92484534	0.5252395	0.62112033
0.42812032	0.26236522	-0.6950213
0.5790462	0.29790062	0.12436153
0.096165955	0.8651967	0.68783325
0.75769	0.73406076	0.010452835
0.73781407	0.6619882	-0.0054896064
0.71795946	0.5664422	0.21837518
0.25990444	0.7812547	0.5781861
0.7770156	0.34976095	-0.6200505
0.39667767	0.17869264	-0.62465084
0.3169613	0.9459259	0.1471278
0.73023987	0.7634804	0.08318551
0.028784275	0.76201457	0.41711417
0.20677578	0.9208406	0.5638136
0.48073196	0.27944195	-0.21549095
0.7866181	0.45575	-0.60898364
0.72744924	0.71470726	0.06755848
0.34431368	0.37937546	0.13270202
0.15064311	0.4195732	-0.08165972
0.2511559	0.51166975	0.42551476
0.07488006	0.6781951	0.5433357
0.08911413	0.45801836	-0.012217316
0.12536478	0.41291845	-0.1564114
0.6989463	0.025986135	-0.40986732
0.019753218	0.21762747	-0.26386964
0.90343815	0.3573075	0.4230086
0.626698	0.9634044	0.38144994
0.47921818	0.5438669	-0.66515505
0.8294745	0.2883113	-0.41879693
0.34124905	0.18229121	0.27074307
0.67950445	0.5454445	0.41848877
0.7669122	0.82132965	0.04050456
0.614672	0.8674075	0.44131985
0.5542756	0.841897	0.00485742
0.26310796	0.21752357	0.7597626
0.47561842	0.93307245	-0.7275675
0.8622356	0.11173022	0.049191076
0.99852866	0.49429995	-1.1335028
0.09123087	0.5116081	0.13185847
0.87793154	0.44550455	0.19666076
0.2882775	0.4005087	0.51100487
0.6087829	0.18265665	-0.25947744
0.42372662	0.45602047	-0.662401
0.6206708	0.74889237	0.48087165
0.9341608	0.8721725	0.705666
0.7834414	0.409702	-0.6032117
0.62479275	0.07042277	-0.43019506
0.25740826	0.9362089	0.653524
0.3273753	0.3659296	0.3793878
0.40018845	0.7632453	-0.385896
0.06663698	0.60441244	0.38336033
0.9736783	0.14715892	0.427811
0.21885324	0.7922878	0.583551
0.13187575	0.936476	0.4185796
0.3633545	0.42293978	-0.0831974
0.008856118	0.23670506	-0.2769768
0.33525765	0.03413689	0.532938
0.37605727	0.53404033	-0.1515282
0.53537995	0.52236116	-0.12430192
0.344491	0.3564834	0.08795867
0.5017475	0.22165889	0.20206961
0.53728694	0.57633334	-0.21107589
0.943405	0.519115	0.40963724
0.35733002	0.27056253	-0.014431726
0.82844865	0.6517772	0.02373018
0.5593981	0.40254927	0.11969698
0.96841097	0.0061450005	0.34304178
0.98698163	0.1332432	0.52741385
0.08716518	0.6931123	0.58587176
0.52518535	0.43374187	-0.06336395
0.7332276	0.052303076	-0.28044897
0.23625314	0.97346	0.64522487
0.16271597	0.5240482	0.16162828
0.44682086	0.44212705	-0.6266915
0.6970144	0.74337476	0.21317434
0.38563108	0.48973382	-0.2756378
0.525265	0.9325759	-0.30080232
0.84652185	0.66565067	0.20613426
0.72090167	0.62026864	0.10550415
0.5790173	0.81466997	0.30308118
0.42886853	0.98277396	-0.578849
0.3470533	0.34421617	0.10609505
0.3213334	0.005792618	0.81476057
0.94668716	0.56396425	0.35295683
0.6341534	0.25823653	-0.28748733
0.008597732	0.6157665	0.2124578
0.6215416	0.11161351	-0.41741404
0.47904634	0.25460625	-0.21675414
0.07034314	0.8792634	0.67582226
0.627777	0.8083858	0.44157323
0.930068	0.2005856	0.42492247
0.51248574	0.57814586	-0.42783034
0.7146539	0.82608026	0.023580734
0.35318732	0.5367909	0.05916272
0.3462565	0.80952066	0.007608516
0.5897919	0.9562695	0.40308017
0.8045767	0.31756568	-0.59470165
0.9022698	0.39159834	0.3502861
0.6619169	0.35899854	0.017619533
0.48517972	0.3362443	-0.25758216
0.701047	0.029938698	-0.42247963
0.30428386	0.61736035	0.3468922
0.97077584	0.73435056	-0.48835135
0.7609326	0.35340327	-0.4533174
0.46276337	0.71192145	-0.80278933
0.06578344	0.917806	0.5764649
0.118456185	0.1404301	-0.39842644
0.32870615	0.8937992	0.046595015
0.8504704	0.9314946	1.1823269
0.2053135	0.51226944	0.34639892
0.55124444	0.56548935	-0.06436774
0.7739672	0.39652854	-0.47477677
0.54855096	0.853749	-0.10477345
0.4031725	0.41422552	-0.5791332
0.534263	0.00062668324	1.2061785
0.32326627	0.3830496	0.35921398
0.35645783	0.96760803	-0.23156026
0.19950658	0.7011138	0.48063508
0.9232712	0.88611394	0.9496502
0.31082034	0.63607836	0.3150781
0.90415835	0.3206166	0.35053355
0.28364587	0.041633308	1.0998284
0.14329559	0.5655644	0.26852107
0.5841485	0.6654567	0.24294679
0.7402477	0.7829865	0.041042075
0.92599976	0.69783103	0.80507994
0.35425043	0.4145556	-0.032188796
0.22444665	0.9319382	0.6505158
0.4135394	0.4819982	-0.6392888
0.73728824	0.29428703	-0.3061163
0.6733098	0.87008	0.17946279
0.09922743	0.6862598	0.51759654
0.6046371	0.41412073	0.10417465
0.47002447	0.59500504	-0.68917775
0.1434071	0.95002085	0.4124827
0.642742	0.9458911	0.17688572
0.6034716	0.10459298	-0.17581227
0.5315671	0.08811104	0.9537182
0.97334903	0.5107535	-0.34558225
0.91419494	0.123780966	0.3049422
0.40722895	0.95681804	-0.53434455
0.17446595	0.5970975	0.39653838
0.13543385	0.44403094	-0.02241283
0.9669948	0.18377626	0.42336884
0.32163763	0.8322033	0.15377235
0.8327088	0.666523	0.07131991
0.49841696	0.96822405	-0.5805141
0.42828822	0.3441025	-0.7499828
0.8520014	0.036037147	0.05899084
0.62750477	0.44616908	0.17416158
0.22426653	0.4213696	0.32848975
0.42698383	0.29987222	-0.7353958
0.050970733	0.14503503	-0.18143317
0.4756779	0.9905092	-0.5590084
0.3441493	0.74228084	0.12108363
0.9224078	0.15812778	0.33358473
0.41309947	0.65553373	-0.42081362
0.9567791	0.2535264	0.36859453
0.70334864	0.5036513	0.25059962
0.33306706	0.4924699	0.2641999
0.30395263	0.03874594	1.0436093
0.17587471	0.11568606	-0.025527023
0.56681734	0.76083857	0.06273222
0.38713926	0.22437084	-0.4925764
0.40028203	0.10568124	-0.58902895
0.58583575	0.24359745	0.08584122
0.49673635	0.43478847	-0.3488504
0.47254223	0.80965865	-0.8520876
0.61976445	0.9231929	0.42603764
0.20974535	0.09330696	0.274392
0.5660424	0.13403189	0.51019186
0.27856195	0.7532999	0.44542474
0.44416368	0.7437993	-0.7876764
0.38337696	0.36178797	-0.35958067
0.9469325	0.6434495	0.4096436
0.48820454	0.29113162	-0.17205396
0.7408832	0.9789854	-0.08823012
0.1763885	0.083032906	-0.04330021
0.25912648	0.39444476	0.5189769
0.87859607	0.5242428	0.29095274
0.9969902	0.5998587	-1.4120394
0.6720204	0.63398635	0.4889067
0.87684184	0.4280513	0.13123831
0.09436613	0.90521574	0.55729735
0.31993842	0.51859194	0.34818718
0.40436774	0.80140555	-0.4542662
0.7297964	0.63128537	0.064481184
0.9605484	0.582349	-0.023309136
0.18230605	0.31994212	-0.039780676
0.9605824	0.7190144	-0.024993032
0.6715933	0.133609	-0.4998294
0.8595946	0.45843232	-0.12181654
0.7912145	0.48401856	-0.6100492
0.64315027	0.27840006	-0.22211698
0.8722534	0.7565789	0.8727518
0.45844406	0.19249415	-0.40846437
0.05500561	0.6626277	0.48425442
0.61041445	0.99260014	0.43479368
0.32779747	0.90239197	0.036080528
0.14239973	0.9536714	0.36789167
0.25064313	0.45752668	0.3766049
0.93089837	0.7128656	0.7912168
0.7431245	0.6617409	-0.06722732
0.23118919	0.6577136	0.53553444
0.8811718	0.7325001	0.9110109
0.39712435	0.71986777	-0.33747128
0.62916046	0.7202354	0.50271034
0.6624506	0.888859	0.11347702
0.019563913	0.14623266	-0.16138667
0.97020936	0.3935498	-0.0144155305
0.28310108	0.59327614	0.39601183
0.8216192	0.14365995	-0.27106312
0.7698381	0.0041905046	-0.16848561
0.44136238	0.5588705	-0.6404344
0.37876326	0.117801785	-0.4057977
0.14198959	0.96533	0.39782405
0.8710008	0.4097231	0.005464144
0.96971554	0.12831199	0.46529886
0.18349439	0.10520083	-0.030006254
0.87204903	0.24624163	-0.0216369
0.1584109	0.8114825	0.49164927
0.6043315	0.24641532	-0.14358537
0.8755401	0.23247874	0.040634785
0.094969034	0.06410611	-0.27443033
0.11223507	0.35955834	-0.32957733
0.35373843	0.034548104	0.1284889
0.51795965	0.18528146	0.5536912
0.8676376	0.44927096	0.007968899
0.57272255	0.11581057	0.34381947
0.9929619	0.8739995	-1.4750323
0.18501872	0.28026754	-0.031901695
0.46218145	0.70954776	-0.755547
0.19808328	0.55041355	0.41540188
0.023292005	0.15599793	-0.25755507
0.41799283	0.18192822	-0.68813056
0.15201104	0.8706919	0.44766724
0.4212739	0.5346049	-0.5917063
0.3508374	0.92262435	-0.18410373
0.5577789	0.3863861	0.13204022
0.6945993	0.8419567	0.11504885
0.14084023	0.06736809	-0.21380052
0.069502175	0.6069034	0.43912086
0.9314953	0.35971522	0.55523056
0.508104	0.98930144	-0.32973683
0.9436108	0.7428054	0.48075438
0.7575308	0.515933	-0.3484019
0.35611045	0.8971003	-0.20879802
0.9688481	0.8098713	-0.3865782
0.3804443	0.5349836	-0.23921962
0.01516968	0.8624097	0.24475102
0.31242657	0.66038835	0.23618013
0.44991702	0.026892781	0.027463276
0.2871868	0.70813155	0.46302423
0.06185901	0.37960047	-0.16155855
0.3374424	0.03265512	0.52592754
0.45533448	0.74965733	-0.80437267
0.8494281	0.7282816	0.5673739
0.92148393	0.13358802	0.30464974
0.658088	0.5034281	0.3275252
0.12828761	0.8223348	0.57342076
0.6693701	0.13094354	-0.47943568
0.7961813	0.3778429	-0.6306504
0.5449514	0.31573248	0.17726928
0.9052561	0.29334408	0.36267698
0.20151854	0.7962181	0.52059174
0.10611069	0.4302891	-0.106924295
0.45612168	0.9629847	-0.6848277
0.24079865	0.68910366	0.56429034
0.7245025	0.9067752	-0.08746554
0.4734497	0.6684096	-0.7771609
0.00849539	0.12462801	-0.31887507
0.0014946461	0.93207306	-0.015963783
0.8077365	0.1097908	-0.24972583
0.33229423	0.2801755	0.31288674
0.06937367	0.5979794	0.38794148
0.100492656	0.49796456	0.107945964
0.45953977	0.35948157	-0.6017436
0.79704183	0.6989851	-0.07486246
0.32456195	0.5358484	0.3249626
0.0073361993	0.033913255	-0.28118837
0.8198588	0.16258353	-0.29059124
0.33616936	0.6495643	0.18218923
0.76944846	0.045171678	-0.25905254
0.83342755	0.13898236	-0.13903037
0.51644284	0.79878294	-0.58762294
0.34004962	0.5923287	0.12790698
0.6389796	0.5856903	0.3948804
0.34331542	0.72080135	0.024775218
0.029667199	0.77296966	0.41692936
0.37312543	0.4417749	-0.19374132
0.8157827	0.21311533	-0.36296663
0.34996533	0.5460919	0.14137867
0.39815927	0.40174067	-0.46503088
0.3895756	0.5964698	-0.26977217
0.29205203	0.11279261	0.976992
0.2606669	0.8535236	0.6478544
0.5701374	0.65680313	0.099765904
0.36312604	0.09074837	-0.09142971
0.42953205	0.5857139	-0.65496194
0.049069047	0.4383514	0.09060617
0.7102787	0.97568023	-0.2821486
0.24860919	0.74385256	0.59119
0.48646235	0.93424296	-0.7019133
0.036156237	0.14654261	-0.23898047
0.23529571	0.5170508	0.4033077
0.35197622	0.6091346	0.034200512
0.070937455	0.9225937	0.6453373
0.45384032	0.33661854	-0.6177713
0.24854124	0.10519415	0.83984834
0.07843703	0.14021862	-0.38991344
0.74832284	0.628819	-0.0761497
0.21749723	0.11116761	0.40627745
0.7194978	0.05687219	-0.35243553
0.7229873	0.27443087	-0.18613587
0.90538067	0.10946548	0.23875341
0.08409566	0.26795685	-0.38674885
0.16520977	0.95455563	0.4189134
0.30301857	0.55961317	0.3846328
0.045634866	0.856311	0.5049088
0.48203558	0.6926943	-0.747125
0.56006247	0.37881082	0.07929295
0.07852918	0.09677273	-0.28925538
0.06612408	0.36025012	-0.22186378
0.14173484	0.89960706	0.42077953
0.021802306	0.7449602	0.3094032
0.36612266	0.6329977	-0.057892945
0.39428812	0.17520332	-0.6020077
0.0010935068	0.39047384	-0.26431072
0.53459734	0.38708568	0.014234576
0.28762418	0.8872593	0.43704787
0.89680916	0.4834293	0.41046363
0.21116585	0.89284223	0.60921574
0.75111645	0.5457736	-0.19584404
0.72434705	0.22177756	-0.26877475
0.25742275	0.30530357	0.66757673
0.40385664	0.42330223	-0.5486958
0.8669717	0.76395905	0.87554455
0.9398566	0.9012393	0.5503488
0.7370928	0.9584819	-0.13833839
0.15461493	0.32107347	-0.23732004
0.86255527	0.9321683	1.3060699
0.42132515	0.525118	-0.5903159
0.17940468	0.53432477	0.27278137
0.5062918	0.6949256	-0.6652908
0.033037722	0.97976804	0.39111245
0.3334545	0.47246933	0.2185152
0.6946215	0.7571306	0.26086867
0.7646439	0.8289602	0.041870795
0.008595765	0.94568735	0.104707666
0.19095838	0.91824037	0.511243
0.7964839	0.9477445	0.6126158
0.6464564	0.7289688	0.4466412
0.7535711	0.75572896	0.038648434
0.93715054	0.8340005	0.6654745
0.76455086	0.20956391	-0.42578375
0.59363586	0.56403947	0.25548038
0.6527038	0.9656458	0.044972956
0.95550007	0.15847796	0.41479826
0.25049394	0.72092366	0.5622956
0.40558976	0.7303631	-0.39572987
0.6971822	0.95883375	-0.20281978
0.8851173	0.52185583	0.35773298
0.7594683	0.9205737	0.11955659
0.76846427	0.5239285	-0.3533795
0.03234428	0.3930862	-0.060348183
0.016319096	0.60661185	0.17223825
0.80892056	0.7483692	0.10246774
0.7316048	0.19697398	-0.2942487
0.1019789	0.6051673	0.35880545
0.8698605	0.35258025	-0.027963357
0.07069218	0.5495952	0.25653777
0.029667735	0.1922245	-0.25951698
0.11686677	0.921965	0.54951805
0.5905781	0.42064518	0.09509807
0.3029377	0.3642822	0.5004375
0.22308761	0.08607483	0.39397496
0.34880304	0.121698916	0.1455293
0.8228273	0.79241306	0.45006517
0.94803286	0.08300996	0.30520657
0.035416424	0.819259	0.47698486
0.33719748	0.280492	0.26293406
0.8003264	0.9948424	0.66800636
0.6627753	0.8803717	0.2437728
0.195193	0.7948169	0.54979247
0.02984488	0.30429918	-0.14218427
0.27379686	0.6506802	0.46793142
0.95675105	0.3064505	0.4279381
0.84354675	0.4621827	-0.33202896
0.8658837	0.6284925	0.43689948
0.26078045	0.10488385	0.90543693
0.8872026	0.38704747	0.24192102
0.090684	0.745968	0.6237299
0.38472897	0.34261948	-0.4044138
0.87166184	0.33537835	-0.07515359
0.11980671	0.4800132	0.02420304
0.2276339	0.7200299	0.5412656
0.44323188	0.06834459	-0.2723452
0.19462723	0.43216497	0.10689905
0.024486601	0.56503755	0.17832054
0.043100595	0.4615128	0.13111481
0.49521005	0.38570994	-0.26834598
0.47334474	0.07396728	0.34245837
0.3343023	0.72230935	0.06944764
0.972393	0.2562002	0.26401582
0.122229874	0.5054511	0.13231823
0.06613159	0.6154167	0.39524308
0.17821735	0.99136364	0.40840572
0.8412524	0.9404533	1.1246369
0.6809236	0.9112261	-0.057181455
0.23681581	0.9888645	0.6914993
0.31337678	0.12795413	0.8240813
0.31580102	0.0364241	0.8712646
0.6562613	0.41014415	0.14420395
0.856718	0.03137636	0.057219833
0.11008376	0.017769873	-0.20579258
0.6724072	0.8849402	0.030694373
0.65529627	0.49496317	0.3001066
0.85032034	0.29931372	-0.24497335
0.35807985	0.15644836	-0.024539262
0.6367344	0.8466689	0.41428933
0.5451908	0.9848606	0.13125172
0.3320341	0.8234277	0.0566357
0.8681163	0.16345537	0.040364694
0.5687335	0.26933205	0.21231209
0.8711262	0.68002915	0.68090713
0.73552376	0.75564134	0.042464573
0.47107655	0.13435483	-0.03912797
0.19322479	0.9644151	0.48006204
0.44780153	0.12682807	-0.30731636
0.36604416	0.21690005	-0.16612685
0.5866437	0.64473563	0.28409058
0.89928275	0.95843405	1.1966304
0.024814188	0.6237271	0.27413183
0.040141582	0.024818718	0.007484976
0.6504148	0.62456584	0.45947957
0.8715016	0.70749545	0.7707504
0.6150353	0.8413542	0.4831112
0.84173745	0.85265106	0.89266354
0.48583663	0.43554062	-0.49530935
0.70675194	0.56326085	0.23421533
0.26299727	0.14104474	0.87617135
0.22442752	0.6830639	0.4828292
0.9894023	0.6656395	-1.2671034
0.88569665	0.2365238	0.20720033
0.62093127	0.18048841	-0.35034698
0.36744088	0.92694175	-0.2231561
0.46315873	0.9850247	-0.6237395
0.6508049	0.8717369	0.2187318
0.29550397	0.96331394	0.39491457
0.053541362	0.07268602	-0.0745745
0.3142786	0.6451592	0.32980222
0.14462107	0.79365444	0.51801634
0.92505455	0.81459653	0.9755693
0.03440869	0.023101509	-0.0029595196
0.13739067	0.68315965	0.4412483
0.058425784	0.09272379	-0.15116592
0.58769965	0.5907933	0.2535541
0.018897831	0.9965297	0.19691972
0.58650523	0.6206817	0.2875514
0.37470716	0.15991831	-0.30001906
0.9116901	0.3540147	0.45880848
0.09186518	0.8758225	0.69500893
0.21094441	0.3271438	0.21595968
0.69586396	0.38665825	0.11238095
0.25513697	0.062369168	0.8801602
0.84793407	0.8676906	1.0762087
0.65572333	0.21991807	-0.3477507
0.53231025	0.32555217	0.18236065
0.22115147	0.6373483	0.48553184
0.8133078	0.25667447	-0.54186535
0.9477547	0.23658985	0.44836128
0.17685348	0.40520406	0.043638438
0.9226227	0.63756937	0.726518
0.7240694	0.92925197	-0.12315154
0.13242036	0.60828495	0.37474775
0.5198355	0.20872521	0.44527125
0.023444533	0.72688985	0.3827619
0.1124509	0.45916802	-0.039244868
0.69504136	0.6496807	0.25862822
0.4268762	0.504871	-0.59963053
0.85386723	0.49878764	-0.13999587
0.968394	0.96448123	-0.48560497
0.41252434	0.16357958	-0.6645175
0.79517215	0.36334306	-0.6235894
0.2714095	0.821703	0.528435
0.6885029	0.16349202	-0.407566
0.37538123	0.3207971	-0.3469548
0.83932185	0.4322533	-0.4485143
0.52818424	0.41197747	-0.051957995
0.74442065	0.47437322	-0.15497331
0.51528746	0.68729556	-0.59096104
0.44808626	0.46867746	-0.6548073
0.78286564	0.4437816	-0.5394407
0.81924	0.18367451	-0.34549046
0.6730293	0.6075224	0.4063162
0.5589906	0.536222	-0.035608433
0.1906299	0.5109701	0.23433983
0.51443297	0.1966744	0.42234734
0.2524265	0.67160463	0.5241762
0.23778427	0.6516626	0.5580775
0.5324767	0.7982928	-0.32154804
0.8993894	0.17874593	0.19765198
0.9778309	0.76123685	-0.7861435
0.30839443	0.25157565	0.6677873
0.12727201	0.62676185	0.4065627
0.9037381	0.83310735	1.194712
0.6374469	0.5542971	0.34741604
0.9039492	0.44641256	0.5219958
0.87363315	0.9608775	1.3250504
0.36591214	0.87510526	-0.23185949
0.44335276	0.9031415	-0.69312054
0.8776459	0.48747522	0.21853141
0.50545853	0.45176715	-0.27193457
0.24444336	0.7848754	0.6004417
0.7483924	0.47911662	-0.17005756
0.80013955	0.77848357	0.20513608
0.14046931	0.85160464	0.47019556
0.37066877	0.47813064	-0.17052564
0.6255081	0.0041427016	-0.45338854
0.5948476	0.55469877	0.23599869
0.9653437	0.9896177	-0.3627568
0.5636238	0.88309	0.21408066
0.77183706	0.5970738	-0.29101235
0.21105361	0.5485896	0.38180026
0.69653785	0.3428312	-0.023869026
0.48643744	0.52471405	-0.5829173
0.95538235	0.5090672	0.25632298
0.71265787	0.016349435	-0.34441516
0.7662074	0.29771072	-0.4658014
0.1415869	0.8033408	0.54165447
0.15097266	0.20749217	-0.30873543
0.046860933	0.30108982	-0.17565212
0.040434837	0.22454154	-0.24340819
0.97040063	0.8308998	-0.5195741
0.76929706	0.23204958	-0.4003471
0.19361609	0.083892226	0.16983443
0.41350454	0.5395553	-0.48840514
0.099719405	0.57351744	0.2725903
0.21926689	0.99510884	0.5842502
0.46451396	0.86260575	-0.8130598
0.09406382	0.5573668	0.28873962
0.010136604	0.85542154	0.16850652
0.059227586	0.5525552	0.31533295
0.3955645	0.7689147	-0.42093122
0.28069246	0.51584905	0.36804104
0.7070665	0.76115507	0.21777754
0.76268595	0.4663254	-0.41884583
0.26670426	0.50501245	0.47994173
0.98240674	0.9582509	-0.9718872
0.6252018	0.60974556	0.4599868
0.20437717	0.8492054	0.53806645
0.62696546	0.5534967	0.33890134
0.82550377	0.14062536	-0.20379293
0.5390894	0.02355355	1.0718979
0.44457358	0.53892595	-0.69615906
0.5634189	0.3303271	0.15968078
0.33852983	0.9851054	-0.102592364
0.13291895	0.103731036	-0.35756874
0.18761253	0.67240804	0.47161004
0.19068128	0.31805712	0.033228528
0.7369601	0.06468904	-0.25740695
0.2030524	0.7111325	0.55097747
0.72938216	0.8250577	0.035656456
0.9993257	0.49603432	-1.1656725
0.79516816	0.55369896	-0.44993106
0.020888865	0.9712352	0.21378492
0.36080587	0.6995171	-0.08282785
0.4960326	0.77977014	-0.8085309
0.46493244	0.27951187	-0.36241412
0.99802786	0.020120084	0.662387
0.50362885	0.5061227	-0.4268241
0.06788963	0.918783	0.63657534
0.58390397	0.06872612	0.22870064
0.15322721	0.17852503	-0.32120183
0.82952076	0.8544322	0.8417522
0.65581244	0.64627665	0.48634812
0.6415395	0.22911906	-0.37230048
0.7087773	0.9722244	-0.24007674
0.03769344	0.38665777	-0.0633917
0.7314793	0.45768738	-0.0963192
0.49834615	0.9311411	-0.5151948
0.46044427	0.0699296	0.10461308
0.66767764	0.9174869	0.042228088
0.15557694	0.101641536	-0.18196258
0.3815357	0.6779223	-0.19609275
0.3335625	0.7949824	0.09074459
0.33573377	0.7381085	0.096241914
0.8320036	0.833556	0.6711726
0.93920267	0.4237864	0.46303913
0.26925844	0.8420672	0.5792383
0.0790239	0.5690209	0.29811525
0.4207579	0.78331304	-0.5187204
0.24460524	0.7225731	0.57191306
0.95346063	0.9404001	0.041502886
0.96536255	0.80325073	-0.2664621
0.9187613	0.615863	0.77890927
0.2964419	0.008527756	1.0717722
0.9527717	0.36190027	0.3457169
0.5598094	0.12487942	0.52341986
0.06539893	0.29144597	-0.26188284
0.94507176	0.30113137	0.4386326
0.92533994	0.7188502	0.7855868
0.74735576	0.289801	-0.39221665
0.022640169	0.7339883	0.35597637
0.37921435	0.23764819	-0.41638947
0.09407431	0.7402387	0.68178666
0.4968524	0.9483355	-0.64324576
0.8685712	0.23223275	0.0036597168
0.6020476	0.933221	0.46433252
0.01441741	0.7876175	0.26137334
0.4097517	0.06338358	-0.53397155
0.74241126	0.4035406	-0.30261064
0.8570459	0.50758755	-0.1457314
0.84229994	0.3731413	-0.35880893
0.33166254	0.12737978	0.4973408
0.60712683	0.99099183	0.44192225
0.23162007	0.73354006	0.5554166
0.24289852	0.55287105	0.43208292
0.3261844	0.3526125	0.3367567
0.21475673	0.7059389	0.55318725
0.8892566	0.20931917	0.23200077
0.22372293	0.6709273	0.5230794
0.11631364	0.024122715	-0.1934234
0.43220437	0.7247007	-0.6345502
0.03542924	0.11969942	-0.19270924
0.12333393	0.7169805	0.5568411
0.8357276	0.8335253	0.77105325
0.6038807	0.34787226	-0.06367649
0.3035708	0.22620195	0.75069886
0.047971606	0.17901003	-0.19792193
0.08110726	0.4343425	-0.07943195
0.93047774	0.06314045	0.23300059
0.9682174	0.11739075	0.43133733
0.92676413	0.5240647	0.60645777
0.4388687	0.52000004	-0.7026011
0.35966587	0.093456924	-0.053101107
0.47519112	0.23033994	-0.14495769
0.12846905	0.6154542	0.3645055
0.51595503	0.12045139	0.755336
0.5223661	0.5082432	-0.23916936
0.7054041	0.8902052	-0.009030651
0.32374412	0.5202509	0.30616263
0.2794482	0.28653026	0.73657423
0.41619563	0.042223155	-0.42930886
0.43333024	0.28341466	-0.6566271
0.4075929	0.08732104	-0.5696294
0.8973604	0.5748654	0.5998907
0.60648215	0.5496012	0.26776496
0.64531165	0.8401645	0.32542983
0.69096214	0.4541602	0.23625135
0.58599025	0.2349047	0.09517175
0.39010352	0.65598506	-0.2569467
0.84698546	0.30421937	-0.2755295
0.9770161	0.65031487	-0.7082457
0.97957385	0.10408807	0.47966206
0.20937145	0.9021175	0.5575017
0.18934202	0.19504994	-0.019434841
0.07130879	0.9427866	0.6177443
0.94300336	0.31281453	0.50072926
0.011235893	0.4354955	-0.10238217
0.12237489	0.17360997	-0.4032146
0.20338821	0.123555005	0.23381881
0.88745713	0.55192715	0.48872226
0.42033118	0.9387682	-0.54154456
0.13645136	0.5911972	0.27698854
0.20042253	0.2924235	0.108842045
0.35907185	0.976325	-0.2724949
0.8683079	0.2342844	0.0004110122
0.3871022	0.21114331	-0.54326075
0.25362873	0.69664687	0.5371732
0.26679593	0.9201599	0.5833725
0.4896593	0.29021144	-0.17885473
0.9524454	0.36298156	0.3529764
0.14830875	0.42608905	-0.068746
0.028508306	0.7325466	0.37876293
0.2337535	0.5455301	0.39953038
0.75633216	0.8725443	0.042085208
0.5632671	0.095523596	0.6135565
0.5746283	0.06651449	0.43539903
0.24732113	0.84462744	0.6677883
0.46806484	0.38376218	-0.5125797
0.89033884	0.13586801	0.16512318
0.95787436	0.6269336	0.053048417
0.5058008	0.18168724	0.42369434
0.3147998	0.7882654	0.23898686
0.29747218	0.6005187	0.34998828
0.9758795	0.8588159	-0.7519664
0.5621945	0.11680913	0.5323689
0.6113274	0.6139589	0.36438027
0.7377853	0.436036	-0.14866415
0.5009166	0.41712558	-0.28757092
0.12589294	0.4444462	-0.07437992
0.6120523	0.65346885	0.44800934
0.72710913	0.37462205	-0.13102543
0.402793	0.6629982	-0.45210403
0.27825993	0.9104524	0.5580847
0.5362813	0.19451994	0.5673782
0.24688232	0.8929346	0.696812
0.16182834	0.9100146	0.38915235
0.068805814	0.62820137	0.5024863
0.081466734	0.086847305	-0.21395996
0.75507534	0.87155646	0.04904637
0.7013203	0.75795674	0.25325185
0.14048743	0.64642745	0.4782885
0.08207345	0.2076413	-0.38430423
0.6691825	0.5171187	0.33312118
0.9129431	0.43492156	0.5006827
0.44715297	0.33739454	-0.6695389
0.43061596	0.6956522	-0.6648605
0.8989758	0.3472458	0.28225958
0.93845415	0.2157628	0.47300103
0.7719353	0.56272554	-0.36293542
0.7775342	0.23510307	-0.43669695
0.88171184	0.050082088	0.09104143
0.48802388	0.14595312	0.30713633
0.95227623	0.37101293	0.37855214
0.7909088	0.13066274	-0.33321798
0.30418718	0.3708787	0.5595787
0.78361756	0.3102674	-0.54968697
0.8992528	0.053023875	0.1860608
0.4888085	0.9939553	-0.5050891
0.026711881	0.87404263	0.29644403
0.54161465	0.42045444	0.04470666
0.89715797	0.64189225	0.7968218
0.46671522	0.48523754	-0.6317968
0.7448832	0.4148165	-0.26771814
0.22791177	0.7564025	0.565469
0.08809888	0.83537984	0.6669271
0.91785806	0.18327618	0.37196532
0.92327744	0.20045441	0.4564504
0.3659947	0.23639572	-0.20761688
0.28524703	0.7969811	0.46122158
0.08267528	0.06468952	-0.18359104
0.80269146	0.7069637	-0.010454476
0.18017441	0.7652992	0.48836955
0.77425236	0.5023421	-0.4193126
0.6782539	0.48591876	0.32949114
0.5087653	0.4627576	-0.2562547
0.20757401	0.8948001	0.6283912
0.9533917	0.0058347583	0.2357906
0.70119435	0.519835	0.27435338
0.17026442	0.61586493	0.39633042
0.84509474	0.92784315	1.1698488
0.03568995	0.67276245	0.41645658
0.36991352	0.56467444	-0.09942099
0.040929615	0.45455253	0.06775883
0.53759587	0.57997864	-0.22201651
0.3794486	0.47109365	-0.25823092
0.35561007	0.8929277	-0.1907043
0.83241856	0.9275154	1.0431283
0.6950189	0.19644898	-0.2735576
0.2649042	0.42981523	0.47050935
0.83838177	0.3956964	-0.43680918
0.29495758	0.64288443	0.39074597
0.13618404	0.24550629	-0.4211742
0.5683694	0.08564955	0.5149693
0.6601724	0.98747534	-0.049587913
0.7627246	0.67520213	-0.13812257
0.48188668	0.25084966	-0.1096166
0.28984034	0.25240248	0.74362683
0.63458705	0.10165709	-0.53441155
0.13341784	0.58658856	0.29083976
0.8164545	0.84409773	0.6149273
0.9541731	0.5997268	0.15933706
0.72809404	0.43790042	-0.028174872
0.84881216	0.95529604	1.1507746
0.8506415	0.99028087	1.2679358
0.4304132	0.05437535	-0.3696816
0.50763726	0.51138955	-0.36486116
0.6553938	0.3464834	0.02235967
0.4719823	0.08755392	0.2473691
0.15300858	0.2085045	-0.30024302
0.6663415	0.850887	0.19201434
0.43847716	0.20975548	-0.5495199
0.25511867	0.4714526	0.42821202
0.042383194	0.44585162	-0.014356457
0.48336142	0.395032	-0.4408684
0.25693125	0.92197245	0.66596746
0.8319594	0.24995619	-0.4178423
0.20305872	0.78612095	0.5515064
0.9070624	0.03338164	0.1750387
0.36376882	0.50718164	-0.088166
0.22767127	0.20760596	0.42915443
0.5428607	0.984341	0.071378216
0.9258339	0.36601645	0.5110568
0.37678194	0.9360539	-0.29044718
0.2735806	0.89259344	0.58165044
0.8761903	0.45636725	0.15120335
0.064997315	0.8598783	0.6382856
0.22508544	0.84967947	0.67511916
0.24978882	0.24750185	0.5573595
0.0051020384	0.94173723	0.012041077
0.9085035	0.6797441	0.9383551
0.47450113	0.7754884	-0.85993856
0.97075385	0.23242015	0.36754888
0.43944013	0.34327012	-0.7546381
0.35066825	0.09968263	0.1359043
0.9792896	0.3503766	0.0041096583
0.22727948	0.7233182	0.553644
0.23332489	0.63548994	0.49003223
0.43426043	0.75175256	-0.6388558
0.56613266	0.31373298	0.18686487
0.3381502	0.7151545	0.047496308
0.11065501	0.25038016	-0.47863343
0.32658774	0.5515045	0.21898381
0.7573337	0.93071395	0.12491699
0.28551424	0.28155267	0.6563674
0.8091432	0.7447056	0.14055231
0.44974464	0.16194874	-0.3946599
0.2548278	0.48514062	0.4859506
0.20230812	0.6748001	0.5032075
0.519977	0.23256844	0.34638166
0.63550985	0.019245744	-0.5781213
0.5554908	0.1697774	0.47246975
0.2379502	0.7350168	0.6078141
0.036704004	0.89644533	0.45869955
0.979965	0.9544967	-0.9321649
0.5143369	0.9793696	-0.3353114
0.4620155	0.6425556	-0.76959854
0.6095314	0.43661124	0.054667763
0.6116571	0.95282555	0.46896884
0.30827314	0.7890815	0.29081106
0.281821	0.41891354	0.5371693
0.052066743	0.76775026	0.5355222
0.8609833	0.4196989	-0.022939987
0.23532617	0.75994676	0.60252637
0.13133281	0.19587725	-0.44100568
0.23958987	0.95153105	0.69584125
0.8642375	0.44002295	-0.06539329
0.6972167	0.036653638	-0.43347824
0.29914433	0.14254576	0.90094495
0.83078796	0.65397155	-0.012185372
0.69503236	0.3186385	-0.060156893
0.26794523	0.20551741	0.8199335
0.30638397	0.51453006	0.36415127
0.6754093	0.5877989	0.38999152
0.99741244	0.932926	-1.585888
0.46675855	0.6327627	-0.7199975
0.9555779	0.54539955	0.15688741
0.06944466	0.17382652	-0.3482594
0.12870663	0.94310135	0.44727635
0.09203786	0.81494945	0.632264
0.12474495	0.19951987	-0.47288513
0.37459117	0.1367566	-0.32600543
0.5926636	0.8390095	0.35924307
0.66779625	0.15490884	-0.44772205
0.022555828	0.56638	0.18485032
0.8979277	0.7186902	1.0159613
0.8120643	0.45106286	-0.56804776
0.7208027	0.3954239	0.0064517595
0.4494387	0.3581248	-0.6630146
0.66841656	0.4833967	0.29914367
0.5601997	0.9185212	0.17767133
0.57480097	0.7343401	0.19831778
0.9824795	0.8748522	-1.0347012
0.34229785	0.072725296	0.29428375
0.755852	0.10843748	-0.34004116
0.7103763	0.26819617	-0.22883163
0.8443899	0.835811	0.8679839
0.8597108	0.2994635	-0.18396834
0.021476686	0.9570851	0.18952249
0.7718868	0.9140191	0.28351718
0.19515306	0.35144013	0.037447073
0.5807582	0.06432599	0.31552783
0.7863256	0.5356622	-0.4754301
0.57487375	0.7386654	0.26746508
0.47166133	0.65082943	-0.777694
0.6782715	0.740481	0.4136583
0.99629265	0.88845086	-1.6061065
0.55679387	0.17900568	0.4583855
0.5472026	0.35406852	0.21617815
0.13539433	0.54705155	0.20941375
0.14181608	0.7267984	0.5164117
0.18480796	0.29679376	0.035984892
0.2469914	0.35009253	0.48946327
0.12627053	0.30474752	-0.3464937
0.14879167	0.9164092	0.44247225
0.43723863	0.05394858	-0.24882239
0.20133007	0.3263737	0.07433547
0.022316396	0.25479722	-0.26216343
0.15908164	0.2763611	-0.21934932
0.9291373	0.74114907	0.84825826
0.13428998	0.82556385	0.53100157
0.98607594	0.9024294	-1.2379469
0.092924654	0.9053548	0.602757
0.99060357	0.3270666	-0.22945848
0.6467985	0.43878925	0.17163119
0.63653564	0.8213397	0.35496324
0.5232372	0.07100338	0.98858505
0.5833708	0.9924841	0.46271604
0.7594788	0.73172444	-0.024873197
0.7968085	0.036594212	-0.13867752
0.83849186	0.051006258	-0.001341111
0.4266538	0.29730916	-0.688968
0.72229314	0.7891816	0.097108774
0.21363169	0.4795398	0.33308473
0.030458152	0.27624452	-0.2112632
0.08223146	0.5997538	0.41126436
0.7360449	0.2132715	-0.27050412
0.13005477	0.47630417	0.04720996
0.6795461	0.6431959	0.3811986
0.98931307	0.1628505	0.46548527
0.26597476	0.633251	0.56502205
0.33889532	0.24925941	0.28179246
0.580547	0.17398244	0.17560583
0.56262964	0.024937272	0.85502315
0.85098416	0.43289042	-0.3073176
0.091079116	0.25608552	-0.43979406
0.5009611	0.7086265	-0.67002934
0.984552	0.023660064	0.53182644
0.80003536	0.3396386	-0.6160909
0.0921731	0.85022587	0.591157
0.65796655	0.013292193	-0.6470288
0.63090366	0.4432975	0.18216428
0.8452801	0.93546784	1.2420427
0.8249552	0.298276	-0.48672673
0.054569185	0.26247925	-0.2660284
0.34507692	0.5282425	0.09213812
0.6638407	0.09174818	-0.5872785
0.9876811	0.091201246	0.52378315
0.1895383	0.81976765	0.5216645
0.6132879	0.5059729	0.21212626
0.24039286	0.55226636	0.45756388
0.7808756	0.60049826	-0.35751653
0.20263553	0.43867135	0.24921638
0.8952369	0.48890072	0.4546715
0.89172006	0.9084984	1.2734507
0.66306335	0.40867895	0.15731014
0.55095136	0.30793738	0.26383975
0.48647475	0.12413114	0.3560087
0.18831962	0.15409786	0.005578231
0.57818073	0.8977389	0.3554676
0.055967033	0.26569438	-0.24122825
0.47296923	0.72997195	-0.8093758
0.4971255	0.32957876	-0.13075683
0.980291	0.094919324	0.5115172
0.97847384	0.4607035	-0.37879094
0.74286103	0.33973885	-0.25290877
0.9635474	0.012433767	0.2591439
0.5577961	0.29229861	0.3317062
0.69818753	0.07745069	-0.46824244
0.39263046	0.12369782	-0.55310583
0.9722876	0.38858455	-0.05342057
0.5864503	0.6417056	0.28524342
0.2042951	0.03802985	0.32568187
0.7411382	0.28398782	-0.2898086
0.041385174	0.20235544	-0.24372675
0.3577842	0.03208214	0.06711483
0.63068384	0.12774342	-0.47839424
0.60061795	0.73945594	0.39200976
0.796891	0.6169674	-0.2702499
0.6439104	0.17644918	-0.44300297
0.9113133	0.080936015	0.18913169
0.07453954	0.7601475	0.658644
0.67753446	0.3442608	-0.0069346577
0.49859214	0.6601174	-0.7070951
0.3283311	0.8750934	0.022819959
0.55416757	0.76326656	-0.06887633
0.09973025	0.42004853	-0.20092508
0.80643344	0.8688607	0.5295773
0.30996174	0.1877107	0.70257413
0.24463207	0.5833362	0.4374667
0.8259401	0.82480764	0.61514115
0.85620517	0.6034802	0.17825788
0.78488326	0.97965276	0.45417544
0.51102906	0.28655982	0.09569967
0.07773417	0.31279325	-0.30845705
0.87314254	0.76922333	1.0100344
0.5465669	0.15545356	0.62596786
0.17910212	0.48827362	0.19843882
0.21234757	0.8232563	0.6102083
0.9164142	0.9201529	1.0548712
0.71387774	0.28366137	-0.14536081
0.51793444	0.43101895	-0.08088483
0.7816541	0.437077	-0.56798226
0.070013404	0.40172964	-0.16952589
0.8088506	0.22926164	-0.50564605
0.34227514	0.8577554	-0.025253568
0.76757014	0.24980175	-0.46112508
0.28259218	0.33294648	0.6309931
0.514806	0.7498717	-0.5689959
0.5158464	0.30630606	0.13362943
0.8628613	0.92526037	1.2573516
0.97029316	0.5719654	-0.3228966
0.03580308	0.045339286	-0.0008724546
0.28193575	0.8280961	0.42369455
0.68634903	0.27093345	-0.14564796
0.41965067	0.88063884	-0.62757385
0.9962473	0.74036187	-1.5938041
0.14147806	0.19529593	-0.36949247
0.8642926	0.6671977	0.5288812
0.5257231	0.08138442	0.94162303
0.90000033	0.034687877	0.13589436
0.1675632	0.44879258	0.074819684
0.69026273	0.5339015	0.3346751
0.17162067	0.70629394	0.47214192
0.63205355	0.25767177	-0.2484619
0.27562773	0.51172906	0.41473168
0.89784104	0.52399254	0.5229557
0.11180878	0.6240073	0.38830978
0.77280545	0.9789771	0.35764349
0.26981091	0.07935071	1.0205908
0.2334913	0.19503284	0.49651504
0.1032154	0.58499336	0.32470068
0.3658557	0.64931154	-0.07760065
0.5329114	0.36402804	0.10710355
0.014244616	0.19915134	-0.27127194
0.36919934	0.7828429	-0.16588067
0.041910112	0.036337733	-0.03566447
0.13988084	0.3286209	-0.3615054
0.40239847	0.95520234	-0.43472835
0.121618986	0.55939853	0.1987837
0.65216446	0.5289184	0.3815052
0.18472034	0.6378491	0.451144
0.455321	0.79803276	-0.82854545
0.49914694	0.7868103	-0.72233504
0.90809995	0.73106307	0.97804296
0.49578506	0.6591961	-0.6655372
0.9199225	0.48241067	0.5881511
0.24652195	0.013002813	0.8247984
0.442895	0.21317339	-0.60121584
0.8944338	0.99650526	1.2499139
0.39056218	0.6185525	-0.30599046
0.32338881	0.34012777	0.38889357
0.80045056	0.17181379	-0.3594882
0.9864192	0.035841525	0.5228138
0.43482584	0.28476107	-0.6998752
0.60060024	0.46381545	0.17664145
0.92616946	0.9325195	0.88150764
0.6317327	0.68628657	0.504574
0.45243675	0.76637614	-0.75727355
0.89818585	0.17431396	0.19524223
0.9328104	0.6897785	0.6685403
0.43583983	0.36715877	-0.7797138
0.9959788	0.78392285	-1.6171052
0.34038728	0.4279577	0.20533642
0.02922213	0.06853485	-0.09950812
0.09592968	0.36991346	-0.30585396
0.65285754	0.6488856	0.46935132
0.5947767	0.008274019	0.10959582
0.16997856	0.6804507	0.464768
0.7116453	0.8065108	0.11727688
0.3151061	0.9464254	0.18629713
0.5291216	0.66864395	-0.4398169
0.33916837	0.50235575	0.15375642
0.97180456	0.4192211	-0.074672416
0.48926926	0.934491	-0.6795486
0.68752223	0.27857077	-0.11505667
0.5375691	0.50857	-0.043061808
0.50719875	0.13441008	0.6077471
0.42116684	0.03349513	-0.39209273
0.73361796	0.59541476	0.0073101725
0.9539077	0.12207234	0.39478362
0.52624637	0.16284788	0.593399
0.14294279	0.26491845	-0.3337121
0.7331715	0.2949583	-0.31237203
0.2181459	0.89858294	0.6762033
0.32176238	0.3007884	0.44973475
0.589523	0.38853276	0.029684193
0.124694526	0.5009031	0.10943542
0.8654882	0.44426292	0.0114653595
0.9300799	0.19817424	0.4093895
0.4197604	0.2873028	-0.7265633
0.037055194	0.11824381	-0.16550423
0.18075162	0.6793476	0.48952067
0.705333	0.47221607	0.1891333
0.35459977	0.753423	-0.03534817
0.79474777	0.8468881	0.363941
0.13434863	0.35273695	-0.21994045
0.6963239	0.6795047	0.3291483
0.18434256	0.5663985	0.37400457
0.6060423	0.96151805	0.46407732
0.3685314	0.3683182	-0.19471602
0.2874052	0.30865866	0.6506135
0.45608193	0.8840073	-0.80847484
0.85602885	0.031772673	0.059068456
0.6609778	0.9789038	-0.09006187
0.4339109	0.8522044	-0.7091945
0.29024237	0.5829055	0.33571485
0.9685244	0.80444044	-0.42431644
0.5325799	0.9539877	-0.12211747
0.9058342	0.25785166	0.3165052
0.32579702	0.78120786	0.1555129
0.7983291	0.9488149	0.58928376
0.17598653	0.63347906	0.3729764
0.96851015	0.121189654	0.43336263
0.97310144	0.36846662	0.011701904
0.3780315	0.7998292	-0.23472567
0.26152426	0.80309767	0.58210325
0.19228083	0.7807618	0.55039316
0.9828516	0.91682506	-1.0619833
0.78419805	0.7319588	-0.061472334
0.063750744	0.017712831	0.014260549
0.092463434	0.12653732	-0.35701415
0.961511	0.38800234	0.1874307
0.06349856	0.1251679	-0.24107209
0.69135714	0.764407	0.19544701
0.43711352	0.5877721	-0.65832573
0.25793815	0.36098725	0.51792115
0.48281676	0.35603625	-0.3708326
0.9813127	0.28413272	0.09040178
0.28616667	0.17152727	0.9069221
0.38028806	0.26399028	-0.4538858
0.9987768	0.64866805	-1.651277
0.4667306	0.4721493	-0.68132585
0.29499477	0.06662792	0.9782196
0.6410534	0.38843596	0.10198958
0.4336353	0.3969847	-0.6943436
0.92162806	0.7265832	0.95985454
0.9664927	0.88521636	-0.34444654
0.20164227	0.7852321	0.5516251
0.39016843	0.7170201	-0.28141138
0.20147997	0.6317303	0.46131298
0.3591202	0.0060681105	0.057119593
0.4177519	0.4592287	-0.61250246
0.44549847	0.7300256	-0.7315275
0.92189556	0.5555215	0.69150245
0.02956742	0.4060734	-0.046178784
0.005346477	0.95214486	0.06971866
0.66544104	0.8129697	0.24589661
0.9592297	0.80020607	-0.03211577
0.6780136	0.9572275	-0.16385311
0.25578976	0.17098778	0.75000554
0.8006389	0.7927801	0.23103672
0.5354342	0.13851929	0.739405
0.76104426	0.6046781	-0.1942977
0.16241163	0.060337186	-0.16599204
0.9443686	0.45206326	0.3736897
0.15749866	0.6124546	0.35022542
0.5480148	0.64517707	-0.17179553
0.022014737	0.84974664	0.3173199
0.77651095	0.1644997	-0.39233926
0.029717743	0.41836655	0.012357114
0.9962634	0.15766859	0.3989299
0.0906539	0.41785675	-0.108236104
0.10636693	0.556335	0.25010508
0.68610984	0.35368645	-0.001430463
0.45843518	0.18440312	-0.32891232
0.30548728	0.2543612	0.6435447
0.5084148	0.057444155	0.89996976
0.9537066	0.22508115	0.37453598
0.9996361	0.73750836	-1.7850152
0.44292086	0.25928622	-0.6410081
0.2148723	0.55666107	0.42400455
0.24387181	0.62772155	0.5319936
0.80373263	0.81659615	0.40079913
0.07934123	0.38210613	-0.20216633
0.72092503	0.49651706	0.10869204
0.31772846	0.88683575	0.14419594
0.6561061	0.46044642	0.2098274
0.37836283	0.16191524	-0.37689286
0.5480182	0.3329888	0.23817694
0.61914474	0.4478619	0.15387265
0.14237112	0.3332929	-0.30866045
0.58001107	0.81849736	0.26765105
0.5376047	0.7319034	-0.2956034
0.2243641	0.90002006	0.6296707
0.9809773	0.946177	-0.9067977
0.26427108	0.33941424	0.5794495
0.24575007	0.19841498	0.6526329
0.041015506	0.89095616	0.48400193
0.9534418	0.46668845	0.23315424
0.33939093	0.6878673	0.13447466
0.16674703	0.04313475	-0.11551277
0.04520303	0.95039505	0.5124437
0.8924713	0.60273564	0.6078
0.51564205	0.0731197	0.9483531
0.07968819	0.27546388	-0.36886016
0.26445764	0.43107212	0.49534455
0.9599898	0.06581515	0.40255356
0.83922607	0.5574017	-0.17488731
0.14175373	0.78709143	0.5271101
0.29025054	0.9327568	0.3967299
0.14495999	0.8648778	0.4993284
0.48513424	0.77576536	-0.81822467
0.3915581	0.6700775	-0.28091413
0.84664565	0.95714575	1.1876099
0.0030896664	0.8065078	0.052265827
0.01865232	0.8065132	0.29501387
0.6845503	0.84565675	0.12590249
0.20295137	0.6189951	0.46343756
0.085616946	0.53241414	0.25400427
0.72861075	0.6323907	0.07393053
0.8755745	0.4438771	0.07962972
0.8300406	0.065238535	-0.0489753
0.5496853	0.14743042	0.5736214
0.47674012	0.33250684	-0.44389182
0.978996	0.04164368	0.44166502
0.21437699	0.9696897	0.61050105
0.08220142	0.33164603	-0.24026826
0.50962216	0.71451735	-0.669719
0.8519441	0.99193543	1.2300596
0.27432978	0.9806605	0.5827964
0.1724506	0.21219498	-0.17442702
0.9925084	0.9713843	-1.387639
0.23004895	0.8812974	0.6236576
0.70727867	0.51449734	0.19762181
0.0784747	0.1978519	-0.3771782
0.7504238	0.5430304	-0.15954812
0.090871334	0.0693602	-0.26894403
0.2467125	0.77720994	0.6256044
0.8008302	0.14521903	-0.35881105
0.10734224	0.74366474	0.6485036
0.5171555	0.4632206	-0.1895474
0.4879073	0.36955655	-0.30869398
0.8201241	0.59230596	-0.2470895
0.755088	0.7357007	0.027761165
0.10515255	0.20300162	-0.47475168
0.013375521	0.26346976	-0.2617268
0.85490745	0.07625097	0.07808335
0.0043721795	0.4859513	-0.08814816
0.5701406	0.9830585	0.38807908
0.5495032	0.17719865	0.54163957
0.49379903	0.39028347	-0.26162332
0.73797387	0.2628286	-0.2373847
0.08409953	0.82948	0.66806865
0.19103295	0.8813207	0.52804977
0.4038549	0.93451023	-0.46387598
0.6011776	0.07674986	-0.047510687
0.45391595	0.90098596	-0.7478948
0.08006942	0.18599808	-0.42235693
0.04610026	0.22402537	-0.24366987
0.37731606	0.32179683	-0.35571575
0.61639524	0.32303083	-0.053457666
0.6561554	0.9044015	0.15704936
0.86027217	0.85865515	1.0628873
0.36898988	0.025058866	-0.16003203
0.781	0.46314585	-0.49486938
0.7478229	0.850321	0.05528781
0.53932536	0.12419385	0.7158647
0.44620675	0.4551571	-0.6366278
0.5405912	0.22938204	0.41103083
0.889501	0.68133706	0.84624684
0.18328089	0.2898739	-0.058031898
0.30166942	0.5289004	0.33705336
0.9260941	0.77756166	0.8949774
0.7493125	0.8552286	0.09104044
0.5208389	0.7666298	-0.5107874
0.32232696	0.8400897	0.17941406
0.23616153	0.9531952	0.6563788
0.43358064	0.7496561	-0.67100555
0.38980305	0.8986718	-0.3796453
0.12511075	0.6074618	0.32408533
0.5447458	0.193236	0.4988783
0.3626356	0.9337411	-0.22985199
0.052868366	0.68841505	0.49438408
0.55103505	0.513406	0.017377548
0.62824255	0.47993016	0.2521017
0.12792641	0.58771485	0.33271846
0.5849903	0.23321313	0.10359323
0.76406974	0.57875764	-0.25984707
0.3875348	0.42374998	-0.38643265
0.667035	0.8473967	0.26007557
0.32041985	0.10319811	0.7287531
0.41713864	0.33740586	-0.70540106
0.40342104	0.23077011	-0.6982286
0.47085875	0.6479465	-0.7279636
0.84327686	0.8411487	0.9190246
0.61872846	0.91412073	0.48584554
0.6036117	0.14125794	-0.21523899
0.7250749	0.16166782	-0.2815191
0.78253096	0.34429514	-0.5908738
0.24648756	0.35933214	0.5182424
0.7909999	0.82242876	0.30967495
0.10903907	0.49850565	0.11456295
0.7863043	0.29454362	-0.58339393
0.9368804	0.99374586	0.48936898
0.27490258	0.84770983	0.51131797
0.7929019	0.14029229	-0.38568482
0.25385827	0.33563632	0.55391026
0.23073971	0.81684214	0.63648283
0.27273005	0.254425	0.80000514
0.5048298	0.30394524	0.056334402
0.31133586	0.2277149	0.6376725
0.23739743	0.66980594	0.48900726
0.6329472	0.8991032	0.3888232
0.25547326	0.40380114	0.48775443
0.87996894	0.85660803	1.2580315
0.9155163	0.46927208	0.58109677
0.5545921	0.3156336	0.22818705
0.9985318	0.082089365	0.65353817
0.6964296	0.82888037	0.10745836
0.5177079	0.69498485	-0.45784587
0.039740205	0.6763818	0.48225632
0.34930897	0.021711648	0.29890049
0.33579928	0.9716624	-0.08541502
0.48266244	0.94618726	-0.6361698
0.38420683	0.27069414	-0.47617784
0.0077788234	0.9192855	0.09954031
0.08672577	0.83286726	0.6577251
0.75640357	0.2480889	-0.40455997
0.6162519	0.068210244	-0.27380258
0.14767075	0.06639522	-0.2731053
0.94082576	0.48665488	0.39506364
0.57609594	0.31646013	0.055651493
0.6313278	0.9654558	0.22614062
0.21001405	0.10984856	0.28948557
0.26320773	0.15777206	0.8239663
0.59103787	0.59839773	0.29706493
0.7897034	0.25444722	-0.5268479
0.112579525	0.33350617	-0.37564033
0.81783366	0.6975478	0.029851835
0.96371394	0.5876037	-0.14933635
0.34084916	0.3049202	0.16654538
0.72502476	0.101103306	-0.30424026
0.66511345	0.44470686	0.24285021
0.81984335	0.79386556	0.42750195
0.23557532	0.29968172	0.49551868
0.6279478	0.96875626	0.31067055
0.612593	0.9441346	0.43980026
0.4570492	0.4564491	-0.7175234
0.06418508	0.14205766	-0.29340395
0.2883045	0.19309008	0.8893147
0.08403003	0.6205202	0.40375066
0.8991453	0.91007036	1.2269838
0.34879917	0.41990912	0.10453572
0.99788	0.303819	-0.1579682
0.606236	0.27878308	-0.056472458
0.3591718	0.6559141	-0.05137627
0.5118233	0.28545558	0.11929797
0.05604464	0.9266035	0.61136156
0.16861433	0.91214234	0.40786874
0.0973922	0.73850983	0.59809774
0.97374886	0.9382401	-0.6350362
0.97479475	0.8067749	-0.643611
0.6671978	0.4206102	0.1582286
0.6274933	0.23871654	-0.23950893
0.13402009	0.6098438	0.37078512
0.23319888	0.362405	0.43949017
0.73291224	0.8876632	-0.020832498
0.624474	0.08568537	-0.39940143
0.7189197	0.10303116	-0.2494733
0.538956	0.10391939	0.8305935
0.365942	0.8592472	-0.18232727
0.738203	0.24680674	-0.28715444
0.06601071	0.94533294	0.6220756
0.66010296	0.6045526	0.45038334
0.24393892	0.14315546	0.6865732
0.8916849	0.7904784	1.1497706
0.49718207	0.9649635	-0.5584777
0.5750841	0.5842653	0.15813185
0.010319114	0.13487297	-0.32308155
0.41993582	0.6124288	-0.537469
0.69145817	0.73819405	0.21721305
0.35829693	0.18757987	-0.10132249
0.13109797	0.73185235	0.48232526
0.79736036	0.49013603	-0.56386036
0.2778489	0.034889758	1.0879478
0.004244685	0.22588837	-0.33031827
0.98431146	0.4170444	-0.38495517
0.9432294	0.54068416	0.41473204
0.2412082	0.7910078	0.63449967
0.4118179	0.68115366	-0.4556223
0.5623233	0.038193822	0.78544796
0.14460087	0.84340614	0.4736834
0.32870358	0.6927253	0.14416327
0.02505213	0.48791945	0.09741015
0.5496331	0.5341398	-0.03567098
0.9691257	0.8687301	-0.4588604
0.43840575	0.6096314	-0.68377364
0.4635089	0.72411656	-0.81082475
0.6883651	0.2353158	-0.22313243
0.24213076	0.38786638	0.4278307
0.49738675	0.040135384	0.8905831
0.13660866	0.6661984	0.45602742
0.46115828	0.36904985	-0.6064269
0.04479742	0.41186196	-0.024908176
0.14096922	0.4767999	0.07717114
0.64268434	0.9382357	0.21936612
0.8842894	0.35583287	0.19528623
0.4688468	0.76103663	-0.8858978
0.058291554	0.80317134	0.6322062
0.55210423	0.8317905	0.0028343871
0.5032689	0.531896	-0.40599397
0.34026676	0.4259593	0.20353769
0.9686111	0.8541186	-0.39360383
0.44317162	0.64894384	-0.6881154
0.34114867	0.9900456	-0.122648425
0.54386276	0.64785886	-0.14656994
0.8426184	0.2826838	-0.33291042
0.08585006	0.055504084	-0.23571761
0.26906317	0.31736302	0.58354473
0.04096961	0.66197926	0.44876665
0.5824052	0.603962	0.21405393
0.9172716	0.44916147	0.5901877
0.6598499	0.5468892	0.4050854
0.6731825	0.47775418	0.3262661
0.8688811	0.9969593	1.2635378
0.12725514	0.8574297	0.5493289
0.780677	0.36764842	-0.59523076
0.7629063	0.2788105	-0.478121
0.72216487	0.3511719	-0.06520997
0.7918363	0.49102533	-0.5685401
0.8055126	0.6031997	-0.27535406
0.38443547	0.6383751	-0.23817976
0.53183246	0.8864716	-0.23755509
0.18138564	0.44957012	0.100313306
0.35121953	0.8910484	-0.10632778
0.9975292	0.85441446	-1.6446786
0.67431444	0.76865023	0.34618905
0.10992575	0.37482834	-0.21917203
0.5660798	0.77563626	0.13476297
0.94334733	0.004797876	0.05587531
0.67723995	0.83057505	0.12983814
0.6215178	0.49238217	0.2655669
0.050593376	0.057060182	-0.04592731
0.3533243	0.38404667	0.024117617
0.7687893	0.8654641	0.14051229
0.7173919	0.98197734	-0.29687488
0.80799603	0.1788947	-0.37837788
0.4395697	0.1726489	-0.51558876
0.45085597	0.29885554	-0.5592349
0.37646824	0.57433957	-0.1182047
0.35747218	0.8072427	-0.06528436
0.12351203	0.14287215	-0.4409504
0.31712276	0.33431518	0.5056416
0.023793817	0.9068303	0.3714535
0.68273693	0.727784	0.33758166
0.3199879	0.7581121	0.17625608
0.5659842	0.3188284	0.19555058
0.5371063	0.93295336	-0.18092835
0.32715315	0.5828963	0.17504637
0.49418336	0.6187784	-0.6731739
0.6922679	0.48562956	0.28244463
0.11199498	0.2665919	-0.44512075
0.8127789	0.940286	0.82553077
0.3698777	0.1859554	-0.30407345
0.21941781	0.49216062	0.3096757
0.81073684	0.13830072	-0.25402874
0.36592847	0.5709354	-0.097959414
0.7103919	0.60274225	0.21666346
0.07224268	0.5680986	0.3166754
0.8700617	0.12938738	0.040501997
0.01546073	0.706521	0.22665887
0.29391545	0.5704888	0.39430547
0.6598826	0.97395134	-0.010094823
0.07434064	0.6144655	0.41017315
0.1764785	0.8910448	0.48360145
0.42383456	0.97611684	-0.5518383
0.08368063	0.75605106	0.5977381
0.35759813	0.89648557	-0.2147088
0.089915216	0.47373372	0.039313845
0.11531532	0.31188488	-0.40566042
0.42753315	0.19220197	-0.6575391
0.06377596	0.4695791	0.061249673
0.31149322	0.68449223	0.33566946
0.76504284	0.66350704	-0.1260215
0.4585809	0.17845851	-0.34101567
0.64325565	0.2850592	-0.17229927
0.37327552	0.6632098	-0.1593623
0.16544878	0.41109568	-0.044746142
0.8690121	0.9135216	1.275689
0.7900286	0.098202646	-0.3280172
0.7569965	0.90148187	0.12938221
0.1565159	0.94920695	0.38048357
0.448914	0.46697205	-0.70257974
0.32744282	0.00369668	0.7315463
0.011391401	0.41434693	-0.14856492
0.20444882	0.48810804	0.2970223
0.6121037	0.07355505	-0.29362828
0.84645355	0.284777	-0.2604158
0.61318225	0.36373162	-0.024442801
0.5058872	0.41850448	-0.19332856
0.80890745	0.2652139	-0.5184445
0.21461517	0.8882312	0.55760145
0.7131881	0.85017943	-0.022012796
0.14950764	0.9843057	0.29225662
0.17336547	0.48314607	0.15063807
0.41518342	0.4216376	-0.6234087
0.3551547	0.56011486	-0.013441194
0.6371071	0.57482845	0.46362564
0.9948836	0.9599406	-1.4797843
0.6049637	0.41783977	0.06346837
0.046586454	0.69927585	0.4981812
0.11724293	0.586371	0.31986126
0.766816	0.7947389	0.07674438
0.80906874	0.58053315	-0.3779958
0.76549774	0.59477526	-0.2562068
0.6824134	0.20040238	-0.327148
0.9594555	0.45453984	0.10683643
0.7600112	0.3648579	-0.39115474
0.04929495	0.33724183	-0.1365678
0.39536208	0.44419664	-0.4836409
0.594949	0.23518836	-0.032929048
0.16742659	0.7176836	0.47114733
0.23397619	0.73249424	0.6032421
0.8460086	0.4914624	-0.23915258
0.819823	0.40933073	-0.54825324
0.7151686	0.7922911	0.10740917
0.34064776	0.5216821	0.12006137
0.26740056	0.87060416	0.65975934
0.01181972	0.45659453	-0.050898023
0.8386154	0.0047606826	0.062035605
0.02449894	0.67564213	0.33228922
0.69086754	0.27475673	-0.16908032
0.06125796	0.010277271	0.07662134
0.14229226	0.0017585754	-0.2196457
0.19545454	0.13870233	0.04463321
0.009808838	0.871093	0.16721858
0.94978356	0.07745004	0.299169
0.101020575	0.20026189	-0.40061823
0.8027604	0.7820971	0.27971637
0.5819459	0.50857455	0.13692084
0.2050612	0.12491602	0.20465055
0.99294186	0.8149194	-1.4842702
0.8824155	0.48994958	0.27547085
0.28228754	0.6599003	0.3915656
0.85852206	0.35636467	-0.17784132
0.4325658	0.39444214	-0.72612166
0.9139726	0.6819625	0.9018419
0.13694465	0.9484393	0.34875613
0.6213494	0.70842034	0.42892736
0.26408452	0.23115689	0.75137246
0.62512344	0.25292253	-0.22720957
0.4595235	0.67164433	-0.8008299
0.75296247	0.43415838	-0.35195962
0.5258606	0.05501467	1.0604293
0.65155363	0.6477836	0.5048493
0.098495305	0.6398198	0.46678048
0.78845716	0.8806378	0.38341495
0.8206758	0.20234472	-0.37446094
0.5379719	0.17704755	0.5721256
0.25496626	0.18605667	0.753772
0.058140337	0.14910638	-0.21626697
0.39222646	0.5148635	-0.3002159
0.7345459	0.12018138	-0.2812564
0.16299552	0.99431086	0.33448312
0.5026947	0.121055484	0.6333156
0.88665384	0.7771621	1.1629277
0.9057387	0.94865745	1.1403517
0.45705724	0.76897275	-0.83964986
0.77477527	0.10011464	-0.31473625
0.29693818	0.6056581	0.33624965
0.31312412	0.21534985	0.6811375
0.69431436	0.8302535	0.071749955
0.3205772	0.23337024	0.54306114
0.07039213	0.08809501	-0.18335623
0.68974644	0.60886484	0.33973974
0.5657446	0.82234097	0.13191475
0.18459082	0.23629808	-0.04027594
0.81911814	0.44195902	-0.57210606
0.4238342	0.03153467	-0.33014336
0.55117786	0.55642927	-0.050180692
0.45247084	0.65357476	-0.76810145
0.31731004	0.039640605	0.81708544
0.8258289	0.081073105	-0.07770339
0.2753607	0.23150915	0.8549038
0.9728699	0.7328926	-0.5419567
0.9603522	0.100257695	0.3638898
0.2760002	0.5763662	0.50972044
0.730969	0.2832231	-0.26751998
0.37697172	0.24501842	-0.40823632
0.5331933	0.30980074	0.2066289
0.76113516	0.19359887	-0.42899317
0.13869953	0.35225862	-0.28074682
0.5905473	0.95718277	0.45535347
0.8915073	0.67154527	0.87610406
0.42258996	0.8166908	-0.5686608
0.7732754	0.10274392	-0.32382163
0.31133878	0.41376036	0.49102658
0.59396285	0.15746433	-0.013325999
0.65839905	0.60352993	0.4591309
0.48240137	0.5165784	-0.60110813
0.7572513	0.4121161	-0.41847616
0.8950495	0.4153933	0.3683658
0.60142386	0.5898498	0.27717918
0.27718008	0.08457345	1.0750942
0.19615304	0.14479017	0.10051912
0.8580687	0.9423753	1.2830251
0.53949904	0.4033109	0.03625357
0.50917006	0.22791278	0.29929376
0.73584414	0.9530795	-0.13723546
0.2047115	0.84002775	0.5371447
0.07176578	0.80907696	0.63546294
0.06946427	0.7127593	0.5986166
0.7468337	0.34363854	-0.2808683
0.7186725	0.345784	-0.061051194
0.30934513	0.24348879	0.630311
0.3927474	0.59737194	-0.34260115
0.60196817	0.9382821	0.40190667
0.045238316	0.76407963	0.51030606
0.15011275	0.99516994	0.31688523
0.6573059	0.13188583	-0.5372071
0.41914314	0.5112901	-0.5573633
0.7406746	0.68579096	0.048709407
0.94097984	0.8857262	0.5259776
0.07695371	0.8428668	0.63931143
0.82734126	0.37022227	-0.48063406
0.7558833	0.64115816	-0.13878933
0.086800694	0.71529585	0.56399834
0.67630583	0.09332436	-0.5050375
0.16546398	0.19379139	-0.20207994
0.26526898	0.7917367	0.48313338
0.5502751	0.57362914	-0.092279874
0.90499586	0.6485166	0.83180076
0.29044616	0.6598703	0.40834004
0.81239	0.6104554	-0.21965566
0.38387161	0.94179744	-0.32253915
0.31706578	0.16116595	0.6347927
0.41535908	0.58583605	-0.4869343
0.7121878	0.95473444	-0.21330427
0.39618075	0.225281	-0.59308344
0.025345027	0.23525655	-0.23066571
0.3129844	0.35708374	0.4344269
0.5261629	0.3805791	0.050306328
0.88397163	0.48955506	0.2601887
0.11317384	0.52776265	0.18566537
0.9089838	0.29160297	0.37787163
0.613179	0.5034534	0.24361803
0.45622158	0.19293565	-0.38978007
0.23417765	0.58823526	0.4933891
0.696179	0.21087801	-0.2155451
0.31797302	0.16435474	0.68769425
0.61309135	0.43553996	0.10893322
0.13538522	0.8042376	0.45374644
0.6517524	0.0957647	-0.6135602
0.84490544	0.7245008	0.46434322
0.9417313	0.73361367	0.54738545
0.18644923	0.30778706	0.034416355
0.6928971	0.6191162	0.33999485
0.50727624	0.43940878	-0.26240098
0.8136161	0.8211091	0.50906736
0.3417973	0.7425588	0.029717032
0.6652416	0.08592814	-0.5689331
0.21599299	0.7976113	0.58540285
0.5124895	0.8874344	-0.5622458
0.8599807	0.6140447	0.22904074
0.3173859	0.92415315	0.12814048
0.39053118	0.49314487	-0.30718327
0.96702987	0.05997771	0.4389326
0.85481536	0.13770509	-0.041929152
0.5923275	0.3746469	0.07361129
0.98739487	0.90874046	-1.2188016
0.8580091	0.49441093	-0.04468099
0.31060034	0.985497	0.18770485
0.47729433	0.60793126	-0.7440094
0.5855975	0.86635715	0.38846886
0.7598331	0.4893697	-0.35160258
0.5025857	0.52375096	-0.46240526
0.18603837	0.40036875	0.13910967
0.8184605	0.8988479	0.77314657
0.8670164	0.22900295	-0.066635996
0.13844669	0.14804018	-0.39751574
0.65160567	0.378523	0.06486409
0.9376503	0.22675139	0.44723192
0.01362896	0.079067826	-0.21900152
0.023559391	0.97488856	0.3162143
0.54538107	0.9779125	0.10460185
0.124456644	0.57749003	0.28598577
0.3929233	0.07537264	-0.51831
0.41563505	0.03736639	-0.44590768
0.41884416	0.6980464	-0.598033
0.11963153	0.32414895	-0.3445261
0.72220993	0.8749013	-0.019093646
0.70291907	0.9511898	-0.22677968
0.18401062	0.8897115	0.4704557
0.12525874	0.09829223	-0.3353842
0.51034576	0.14743334	0.5520277
0.6901725	0.034846604	-0.45713603
0.33370644	0.5703793	0.18227068
0.559542	0.24600631	0.33523732
0.29513347	0.89000195	0.3828795
0.25919056	0.86465997	0.6828961
0.21705163	0.5210276	0.35300842
0.065084875	0.6899834	0.5389335
0.52503973	0.6384194	-0.4179464
0.79334563	0.08505505	-0.23198196
0.57646537	0.5758551	0.18555604
0.7544586	0.6752478	-0.059444457
0.51194495	0.53138494	-0.376603
0.178815	0.29612893	-0.05731518
0.16718513	0.886452	0.41720018
0.6285275	0.8231801	0.46184456
0.013142765	0.2907856	-0.21625052
0.8405087	0.4166469	-0.3987081
0.4437124	0.25080717	-0.62875515
0.8540314	0.79759604	0.90851533
0.551646	0.7060994	-0.12040421
0.028307676	0.76010126	0.42652857
0.24413705	0.2659645	0.5370776
0.15714598	0.6983627	0.45635286
0.46571732	0.64328146	-0.7793327
0.15259606	0.050163984	-0.18948981
0.11652303	0.67369944	0.47414607
0.7678956	0.12608731	-0.2641464
0.0029889941	0.11290389	-0.34798038
0.7514531	0.24945784	-0.40613294
0.297845	0.93718004	0.32777983
0.14156353	0.01083523	-0.20315239
0.99314445	0.39527142	-0.6022249
0.091163635	0.95654494	0.5950879
0.6307028	0.4747938	0.23272021
0.38758147	0.3433922	-0.5081473
0.90962356	0.9855474	1.0299225
0.88793707	0.6335669	0.6732051
0.40235192	0.082319796	-0.5219964
0.34013748	0.27447695	0.22672981
0.78995067	0.17809409	-0.39729863
0.27469152	0.689315	0.5718644
0.71204776	0.7644963	0.20218584
0.73841083	0.9380938	0.00036849827
0.7024656	0.58155817	0.26321936
0.69376445	0.6958529	0.25879753
0.24956292	0.6325773	0.50388163
0.06789768	0.45814884	-0.006543793
0.19260669	0.9519866	0.49869445
0.052818775	0.2329539	-0.29986018
0.5356965	0.47897387	-0.03199048
0.42277485	0.8467046	-0.6180745
0.047800064	0.599257	0.4170042
0.6189042	0.16848761	-0.37207296
0.47200304	0.58555686	-0.7296392
0.8511006	0.8014211	0.8430595
0.83189	0.7320956	0.32151422
0.08476764	0.7501127	0.6628832
0.9708828	0.48839772	-0.24502829
0.6722572	0.040930748	-0.55532396
0.3392126	0.19388962	0.35421902
0.0777632	0.015498042	-0.024277601
0.18708342	0.7443751	0.49179906
0.98853034	0.93231916	-1.2539537
0.976175	0.010522246	0.44857752
0.43484074	0.41162103	-0.6813848
0.7715206	0.087537944	-0.29996395
0.017525971	0.44450116	0.02773618
0.117911935	0.20822161	-0.48524606
0.2449711	0.7264575	0.6210665
0.72508264	0.3834104	-0.03345217
0.41518384	0.5625535	-0.49196014
0.6034022	0.14062643	-0.14764751
0.6938038	0.29109687	-0.067667134
0.74569553	0.0007304549	-0.28994977
0.93680304	0.7772734	0.72175425
0.38993376	0.99673295	-0.39236253
0.007137239	0.21858728	-0.32338384
0.5906367	0.1550523	0.108338386
0.8144913	0.58738995	-0.34904388
0.4052264	0.046340644	-0.5508362
0.2780826	0.79182607	0.5281063
0.5845668	0.2119332	0.074852996
0.12586385	0.19627666	-0.49165565
0.9485865	0.3718965	0.3948785
0.7753741	0.54195064	-0.41162783
0.49554878	0.4284929	-0.38287008
0.037875056	0.06745106	-0.058395423
0.99038345	0.9177194	-1.288529
0.82631373	0.32697886	-0.52549136
0.8330966	0.3453231	-0.48540092
0.277147	0.9350208	0.5207604
0.11712253	0.7934988	0.6216193
0.6710717	0.3241014	-0.050518222
0.7487462	0.76812935	-0.019249763
0.38450128	0.79537505	-0.26954436
0.0734337	0.42681944	-0.118954554
0.6634602	0.21483415	-0.34060165
0.81375116	0.9274082	0.78910583
0.6633082	0.82844293	0.25232717
0.17763072	0.5456972	0.2638032
0.003566146	0.94610286	0.010355916
0.3664803	0.70874536	-0.08321225
0.13600546	0.32918704	-0.28653505
0.13090831	0.69295967	0.4689344
0.8160991	0.97461945	0.93647677
0.6454525	0.4658218	0.2676363
0.645122	0.91031533	0.24325803
0.8395126	0.31975627	-0.3907368
0.996619	0.7579056	-1.6286554
0.10466975	0.49705678	0.103337675
0.42741972	0.042149782	-0.4179313
0.06966025	0.92488337	0.6349764
0.012530565	0.68425167	0.16294613
0.07045692	0.40282565	-0.13151674
0.28717792	0.093887806	1.0299207
0.37821507	0.6420974	-0.1672292
0.90614086	0.7138418	0.99764013
0.19890934	0.41027057	0.18425415
0.4392401	0.5348656	-0.6595371
0.6728558	0.89898145	0.048400164
0.12161344	0.73784566	0.619941
0.7051986	0.39533508	0.07209732
0.9061553	0.6079273	0.79859334
0.7386316	0.7764358	0.0667856
0.44971973	0.090849936	-0.17796554
0.1544776	0.79171056	0.49454704
0.7329929	0.50014526	-0.0371974
0.46597153	0.607063	-0.71705884
0.6350281	0.725558	0.4418611
0.08631009	0.31751758	-0.31345633
0.42785102	0.70423687	-0.64395887
0.33823782	0.9249367	-0.055397484
0.1977492	0.97134966	0.47739643
0.7282766	0.35096967	-0.16292366
0.04518348	0.91398555	0.5079803
0.23606926	0.30233747	0.41138178
0.36677104	0.78457636	-0.0757245
0.07387096	0.4127413	-0.07778755
0.25577778	0.78713614	0.6833904
0.9046046	0.25462717	0.4164878
0.14733034	0.9226048	0.40628362
0.0080426335	0.25205088	-0.30742994
0.98264855	0.97363687	-0.99765646
0.03211564	0.72924864	0.46022016
0.40335697	0.08274716	-0.613609
0.35229796	0.36285025	-0.0009591691
0.599171	0.617849	0.3862736
0.7493841	0.8266468	0.08292137
0.9453468	0.9630292	0.311337
0.8642193	0.43745923	-0.035852328
0.501741	0.6412215	-0.6028102
0.82952565	0.88020366	0.8894204
0.656731	0.12636912	-0.5354562
0.5063544	0.099009275	0.77420634
0.1164732	0.6108534	0.33966634
0.98998576	0.45299733	-0.7032079
0.0026296973	0.54859704	-0.02653896
0.034813702	0.092601895	-0.16035824
0.14998925	0.7301227	0.46308774
0.645549	0.20450217	-0.36885637
0.2291305	0.25191396	0.41309202
0.41261637	0.5743958	-0.4969932
0.74870723	0.1297965	-0.33814132
0.9534318	0.6617204	0.17676975
0.38757026	0.64552784	-0.2674527
0.90962064	0.26495713	0.38920397
0.88271666	0.49947256	0.3031455
0.20356959	0.40222508	0.19757889
0.5598308	0.79676735	0.020399097
0.9258813	0.27296203	0.44110194
0.22435594	0.6328555	0.55577964
0.22406554	0.76847714	0.6072961
0.21076715	0.90181285	0.5570868
0.2314207	0.6823745	0.5188196
0.7357698	0.9141569	-0.033696305
0.7783467	0.8522076	0.22568883
0.16814375	0.23775953	-0.21659905
0.8245146	0.83001715	0.5983187
0.7006757	0.64265	0.3085215
0.4397074	0.23236841	-0.68369055
0.9002201	0.03158772	0.08232211
0.6100324	0.15043306	-0.2981632
0.36396945	0.5186749	-0.043866403
0.93276405	0.36399537	0.50813305
0.6906476	0.7749238	0.21202637
0.92507976	0.8956341	0.9129902
0.35938364	0.75978476	-0.13441148
0.95779943	0.91024107	-0.059462585
0.9008451	0.45498425	0.43991905
0.91712695	0.13466072	0.28848544
0.18343735	0.2893473	-0.038888436
0.21632749	0.78739196	0.6183244
0.828272	0.04727888	-0.06256238
0.8385648	0.99414665	1.1775159
0.72440064	0.5131832	0.0716157
0.3665642	0.36727172	-0.14527072
0.31919307	0.48406243	0.329604
0.0014877319	0.21716118	-0.4203511
0.18580425	0.86266047	0.49108377
0.30631727	0.36152017	0.44162935
0.075567245	0.48573458	0.07448935
0.25179243	0.55118316	0.4440864
0.7056607	0.6493587	0.35592186
0.1266939	0.3340209	-0.37852868
0.492419	0.6562582	-0.7034993
0.9547857	0.45428616	0.27293536
0.30914187	0.43369198	0.449546
0.04408908	0.9385879	0.46353316
0.88741994	0.95854807	1.3122573
0.92367613	0.5174875	0.62633055
0.60289115	0.8370341	0.411794
0.26493275	0.78402376	0.5332133
0.606431	0.56427056	0.25446263
0.51008505	0.91354406	-0.55969876
0.2377544	0.51865095	0.42972082
0.18414086	0.7510282	0.494682
0.4065318	0.8801213	-0.4811622
0.8764843	0.35621226	0.050090335
0.3831396	0.3162133	-0.3906034
0.2554586	0.49464434	0.3940691
0.6617791	0.6940074	0.49068433
0.44866687	0.85695297	-0.7426148
0.87634873	0.05884075	0.1261843
0.21617478	0.009303451	0.42771444
0.69412243	0.51941246	0.29803115
0.6202679	0.13955587	-0.3604746
0.68973756	0.40945417	0.15410641
0.52543837	0.8456085	-0.40146506
0.9120302	0.05800712	0.123742096
0.98190606	0.5460574	-0.6849193
0.28678972	0.71203697	0.4395913
0.15968347	0.75056875	0.49215972
0.29183722	0.34033018	0.60605806
0.69174653	0.2900741	-0.112306066
0.37131166	0.874401	-0.27873442
0.8759371	0.5312404	0.31217074
0.070488214	0.18076783	-0.31391934
0.16459328	0.23980838	-0.29510826
0.8423869	0.66391766	0.1891688
0.6356444	0.14047998	-0.496178
0.04530251	0.93056375	0.47024637
0.22376114	0.936365	0.6930411
0.97831714	0.39792186	-0.23128429
0.69401425	0.9009883	-0.00985276
0.871235	0.74934113	0.90239084
0.46459424	0.8865805	-0.799471
0.70297366	0.5261962	0.29506987
0.6748795	0.54112	0.34883124
0.48294938	0.5253826	-0.5371518
0.65106547	0.017032564	-0.6218825
0.16860926	0.08523822	-0.12879477
0.35129547	0.8951884	-0.13328376
0.5998449	0.70756954	0.39735013
0.941439	0.88997924	0.52307326
0.7603887	0.2613337	-0.44375637
0.70403576	0.20894623	-0.27242756
0.90936357	0.84362125	1.1312748
0.22124308	0.035713315	0.45943746
0.32863325	0.84537816	0.08691833
0.9253515	0.64338464	0.77436423
0.97150856	0.37402648	-0.0200192
0.75061196	0.79789	0.012236422
0.3963433	0.85755754	-0.38061202
0.1474526	0.93535256	0.42133856
0.019332886	0.17373317	-0.19101931
0.081822455	0.44146943	-0.05514562
0.5382871	0.42866886	0.019810848
0.8503203	0.4792595	-0.19572671
0.21912909	0.488254	0.33170542
0.24577653	0.1243338	0.7211908
0.8292352	0.9237659	0.958821
0.44019747	0.21259946	-0.6309383
0.17264211	0.32748997	-0.1499095
0.8701087	0.03902936	0.10300758
0.46460015	0.6340261	-0.76549304
0.9155257	0.90433985	1.0504404
0.68644613	0.040543675	-0.5360288
0.77923983	0.93910104	0.31939617
0.09659284	0.9020422	0.6662601
0.9038237	0.675181	0.9164021
0.87468106	0.5272903	0.26020908
0.3143295	0.31685907	0.5274158
0.9254386	0.12140119	0.36688268
0.39187855	0.30308127	-0.54881305
0.16699058	0.22926408	-0.21004415
0.51232904	0.05674666	0.97493047
0.56906784	0.1307798	0.36130074
0.20273846	0.37623203	0.19043589
0.84899753	0.8967637	1.1884618
0.71314037	0.30719274	-0.110778205
0.1254974	0.5349553	0.14660572
0.19004041	0.46180767	0.23299377
0.5840234	0.77294445	0.26083195
0.24131316	0.5074463	0.41460544
0.38232607	0.66458595	-0.16763921
0.8936314	0.63970935	0.79460144
0.26345533	0.13463962	0.8692685
0.16172677	0.08722466	-0.22801395
0.6971799	0.9733311	-0.2683943
0.23542345	0.3760147	0.38822126
0.31262565	0.90108305	0.25605866
0.8645287	0.72317976	0.76808023
0.86973286	0.038220286	0.12410386
0.2909392	0.19273782	0.82746387
0.6356066	0.5773157	0.49492836
0.9622803	0.16143084	0.43881077
0.5367797	0.4828121	-0.09502389
0.88259053	0.9438814	1.3486073
0.27719116	0.45305306	0.462317
0.81875104	0.7943679	0.4748615
0.8469458	0.40467083	-0.295445
0.6513682	0.49845588	0.36220214
0.5538157	0.35996318	0.18678202
0.027160764	0.69570744	0.34527892
0.23715818	0.2762031	0.47671756
0.5972859	0.6032989	0.24217644
0.38159132	0.4945857	-0.2388959
0.044680238	0.59997827	0.33831614
0.4740739	0.6533843	-0.76368874
0.5910133	0.5342882	0.26500753
0.65204936	0.36248523	-0.014249307
0.054534853	0.9850823	0.49597362
0.6520503	0.3987956	0.08241057
0.068725646	0.06608182	-0.106271505
0.41403514	0.70989275	-0.50721073
0.61188716	0.031857908	-0.2559929
0.010771334	0.7701792	0.1600094
0.203103	0.45744866	0.24700649
0.18408859	0.9976116	0.3917944
0.6844827	0.37057883	0.06837795
0.25479984	0.90815985	0.6602839
0.84937066	0.4491464	-0.29366148
0.8329804	0.10970962	-0.15816239
0.28447187	0.86997163	0.42578304
0.52142864	0.48281002	-0.18770058
0.24674249	0.32860756	0.53107166
0.84424794	0.8980955	1.1127212
0.7280906	0.19963956	-0.2897585
0.84801364	0.35685587	-0.3479026
0.4466774	0.7150083	-0.76473105
0.1346581	0.14601517	-0.3750765
0.94393533	0.10670906	0.2864552
0.13210922	0.055412948	-0.25737232
0.26155263	0.48416728	0.49465656
0.44968134	0.9961526	-0.5678989
0.39319676	0.62871945	-0.34200135
0.439461	0.47636986	-0.70706326
0.16245705	0.60603523	0.39449507
0.5654126	0.78145033	0.061613683
0.068474114	0.013410747	0.034179688
0.92338526	0.5863059	0.6437452
0.07182282	0.67021626	0.52586305
0.050207376	0.23853958	-0.2222287
0.7648269	0.3393805	-0.45255092
0.38690978	0.3676688	-0.46648645
0.26583576	0.50986767	0.40541956
0.31106544	0.7054334	0.24654388
0.87043875	0.64147425	0.5378759
0.3853262	0.921453	-0.38771814
0.0032203197	0.3772152	-0.24145883
0.2157144	0.12518317	0.3636207
0.8472924	0.029334784	0.0889746
0.90339154	0.75287545	1.1056613
0.10131258	0.60528064	0.40427375
0.40673196	0.5994748	-0.40991816
0.41583145	0.75595224	-0.5189994
0.75421697	0.2547443	-0.3707734
0.24855661	0.39130712	0.42032158
0.99510396	0.28862345	-0.039814483
0.54449797	0.92961687	-0.048270613
0.10559386	0.86954886	0.55750245
0.22198725	0.120725274	0.38641432
0.5282286	0.8778801	-0.33928347
0.81335014	0.09645164	-0.22670175
0.9656573	0.68622315	-0.27268338
0.21078259	0.18510884	0.22440355
0.48346657	0.4333176	-0.52977604
0.07419783	0.108238995	-0.2453824
0.7007454	0.51785725	0.28582743
0.19811553	0.26797754	0.042404704
0.74804604	0.9400006	0.03124688
0.12013447	0.99245226	0.4463576
0.85247064	0.13010234	0.011931632
0.16254914	0.008071423	-0.03513614
0.7627091	0.12459701	-0.39360857
0.9866409	0.45330316	-0.5692062
0.19596249	0.7081812	0.55776787
0.13358039	0.24449807	-0.39106306
0.9698941	0.37375832	0.0733109
0.55471313	0.87762296	0.0185596
0.80477005	0.028360546	-0.11450132
0.32686573	0.14966762	0.53481853
0.43457228	0.31667888	-0.71354365
0.6509579	0.3466159	-0.07918425
0.059809327	0.6871475	0.527591
0.5050958	0.79751056	-0.69383675
0.41116577	0.58663845	-0.49405536
0.78996533	0.15871966	-0.38641727
0.6050807	0.73497224	0.40780172
0.008505821	0.36757475	-0.20333442
0.96001095	0.5633211	-0.010592541
0.7208904	0.6859659	0.07583519
0.62110794	0.54535127	0.32156965
0.4056918	0.8590717	-0.44729432
0.30375344	0.0446347	1.0279427
0.70949113	0.1310153	-0.32546324
0.054636657	0.12104219	-0.15180962
0.5803664	0.7254175	0.19931552
0.9656038	0.88700163	-0.3312733
0.5492068	0.3673284	0.15047641
0.0528782	0.7704849	0.6146495
0.5215877	0.8538672	-0.54169846
0.13151342	0.011795521	-0.17402029
0.9568286	0.76857877	0.07891191
0.52257526	0.90303373	-0.3689184
0.22639072	0.33949512	0.31983685
0.085730255	0.22242773	-0.48593983
0.06930435	0.740125	0.62226546
0.0011191964	0.7245454	0.08609584
0.7497826	0.7159468	-0.01735038
0.77095795	0.99068075	0.24654816
0.569239	0.006592095	0.74479145
0.014112353	0.28212446	-0.25113443
0.41839522	0.28783262	-0.7124922
0.5832312	0.36799616	0.14716068
0.8786167	0.50799435	0.2329576
0.24423563	0.09492457	0.8021377
0.07356119	0.35423696	-0.2667599
0.2974897	0.0043667555	1.1019561
0.64839464	0.66135836	0.48238292
0.82037175	0.38983053	-0.5971657
0.6658043	0.34791833	0.009007946
0.7218619	0.34000504	-0.12906651
0.8324519	0.63778573	-0.019660695
0.93766004	0.81498224	0.6852562
0.26528895	0.5292135	0.46846354
0.8415608	0.23596966	-0.3100194
0.4842698	0.28757602	-0.2207081
0.95087254	0.5927745	0.244683
0.87135535	0.91817784	1.3046672
0.56484413	0.76487374	0.021097329
0.33580703	0.3005243	0.30489367
0.49474198	0.713015	-0.7972522
0.040160358	0.78403884	0.5495916
0.04565686	0.56374484	0.2606319
0.35250568	0.24409032	-0.0518329
0.23383713	0.52996767	0.45770824
0.7131263	0.46278363	0.11848744
0.6697871	0.7492879	0.31474692
0.30838573	0.1580894	0.7765982
0.3538633	0.08411068	0.07023993
0.3964309	0.4052791	-0.51123744
0.8060013	0.9764625	0.8408937
0.011912823	0.8614231	0.13612163
0.029860795	0.7670178	0.43180948
0.43544614	0.27098364	-0.6845209
0.77149093	0.91835475	0.20472845
0.55237556	0.31110662	0.24074809
0.114824116	0.67811716	0.48495916
0.32984096	0.49292082	0.2207608
0.10397029	0.2652452	-0.42894316
0.77307796	0.3943386	-0.5405177
0.6716237	0.674167	0.42795402
0.050762117	0.04383403	0.024954174
0.32160836	0.4433576	0.34169802
0.846255	0.37267178	-0.324963
0.8141112	0.9344442	0.8106647
0.13393438	0.5066547	0.10523693
0.74232763	0.21454442	-0.3419847
0.8657654	0.5277668	0.13517448
0.78703505	0.7721854	0.15269208
0.11474991	0.09280592	-0.3948894
0.05733478	0.046256483	-0.10505312
0.26464766	0.40406644	0.4626037
0.52541924	0.8574292	-0.47361687
0.4730639	0.71122533	-0.7667754
0.53794795	0.8228361	-0.33002895
0.988257	0.5517181	-1.0106612
0.71624494	0.19163412	-0.2819745
0.36367083	0.6542333	-0.0486732
0.22454995	0.9859601	0.66724235
0.2421456	0.6961634	0.5350781
0.6604361	0.89179057	0.20644477
0.7742091	0.43728274	-0.4932127
0.54364175	0.10067934	0.7696586
0.023397744	0.50112337	0.10264805
0.42817914	0.98578167	-0.57411444
0.8053156	0.11196244	-0.2431157
0.7013505	0.27938294	-0.16169599
0.876526	0.74382675	0.9681351
0.7649328	0.9997693	0.113041066
0.58514017	0.7417213	0.25105897
0.113784075	0.14523733	-0.46907902
0.34211594	0.5340381	0.14513673
0.042562425	0.052780807	0.0014483463
0.67544	0.5041332	0.36832285
0.82666934	0.99016094	1.0576916
0.6970235	0.7027522	0.2889301
0.3403008	0.62222797	0.14240685
0.18725401	0.90270734	0.5036514
0.110308945	0.67026037	0.5265624
0.633655	0.5524389	0.3339898
0.45579278	0.7016235	-0.82432216
0.9729077	0.9742841	-0.61112547
0.4716401	0.29298753	-0.41239277
0.16712147	0.1828813	-0.21958692
0.7235432	0.71157366	0.18780637
0.08697897	0.9886515	0.5376171
0.2649837	0.63705426	0.45872742
0.4425177	0.8595814	-0.7351225
0.19218504	0.33490437	0.056767114
0.13688952	0.59225714	0.33673412
0.19208366	0.1876874	0.04306533
0.6868405	0.94615066	-0.14452325
0.23491287	0.7710412	0.59726083
0.745619	0.48570722	-0.20061933
0.970131	0.28147864	0.3190149
0.8328318	0.5200808	-0.41151756
0.39274406	0.77719235	-0.37569818
0.35349983	0.80264646	-0.058808967
0.95561254	0.28569043	0.3671254
0.82066137	0.6047225	-0.2927099
0.47676617	0.45511812	-0.4606752
0.25636953	0.24680483	0.661038
0.23506212	0.564349	0.47133276
0.09811425	0.34043992	-0.29190603
0.21986681	0.332191	0.31902778
0.93492687	0.95267594	0.67031443
0.60766476	0.6442684	0.36578465
0.92891634	0.5056698	0.61166275
0.26525873	0.7173705	0.53740054
0.54196733	0.9091832	-0.051595274
0.31817377	0.5809373	0.29366407
0.51325554	0.09501606	0.8346435
0.17254138	0.44012713	0.0779089
0.43627387	0.11551517	-0.38545075
0.9973913	0.4037735	-0.73811483
0.048947155	0.9710628	0.48131338
0.5124261	0.6951095	-0.5674443
0.17788243	0.022001743	-0.01595836
0.107474625	0.91288716	0.57787764
0.1035611	0.54011905	0.15916005
0.1335463	0.44797724	-0.026327182
0.20353627	0.03489065	0.23626111
0.8102683	0.95852906	0.77163327
0.5979148	0.96924484	0.5140879
0.6666551	0.76812106	0.43220842
0.032017767	0.83856183	0.41766492
0.5884971	0.06713903	0.10891257
0.88339925	0.4536863	0.21916158
0.41665286	0.8662289	-0.5489183
0.051916063	0.3088014	-0.22086607
0.53150886	0.6974991	-0.37874922
0.6470311	0.81283337	0.44226524
0.37453055	0.31842756	-0.33380634
0.3888442	0.01710397	-0.41882774
0.85854787	0.3322273	-0.17027245
0.7433236	0.8279824	0.029731587
0.18191373	0.15979022	-0.1419634
0.9202663	0.54123324	0.6222925
0.3457783	0.13197887	0.20709847
0.16023189	0.18366784	-0.27134758
0.722056	0.6848076	0.08463994
0.7710482	0.5868758	-0.31212667
0.23911619	0.538321	0.4165653
0.30705398	0.19376361	0.8129688
0.9457752	0.91324645	0.3901646
0.31493884	0.19218123	0.69438756
0.057062566	0.4044034	-0.06945193
0.8605614	0.13112032	0.031330727
0.7529286	0.32166082	-0.40817046
0.47633523	0.15029001	0.091898516
0.67446977	0.26399302	-0.1696141
0.8550942	0.048036873	0.081235915
0.2828917	0.8118842	0.47173318
0.26497835	0.1945504	0.80442345
0.71186805	0.038239717	-0.35773516
0.1023829	0.0308913	-0.16302204
0.34832114	0.63871455	0.084626265
0.5197631	0.73140943	-0.53822875
0.817965	0.7368443	0.19850633
0.6560053	0.01833266	-0.6366391
0.5228198	0.9715527	-0.23011391
0.84574264	0.42101133	-0.31162405
0.05738169	0.9426895	0.5880852
0.93126416	0.22117764	0.43882012
0.3021888	0.48632205	0.42267343
0.6377913	0.8423099	0.3292199
0.792623	0.7685948	0.1533005
0.8970647	0.55328846	0.5396909
0.5280073	0.110575855	0.8043645
0.5986501	0.5996156	0.2968858
0.6287773	0.098882675	-0.4524486
0.13245058	0.26355153	-0.38969836
0.82658154	0.8015391	0.56058383
0.37437487	0.40922886	-0.24338838
0.044873774	0.9974819	0.46653727
0.46390706	0.1391747	-0.085420184
0.1743409	0.84690714	0.4609844
0.8165107	0.2149558	-0.3700148
0.982659	0.46346784	-0.52375686
0.5804738	0.6580554	0.27369702
0.26297325	0.41233546	0.5732143
0.3709365	0.30755782	-0.23753169
0.659128	0.100182235	-0.5669195
0.84721863	0.34939665	-0.28185263
0.79455656	0.8227572	0.31694368
0.14134175	0.983538	0.40865904
0.25639933	0.9334169	0.646923
0.44058383	0.8817912	-0.70757645
0.7215292	0.022691369	-0.32211712
0.65586233	0.37752938	0.085842915
0.789788	0.7265314	0.032921363
0.20467907	0.14827734	0.1802234
0.6182406	0.037883878	-0.42455375
0.16426319	0.07411128	-0.15514362
0.13206846	0.05909872	-0.29964066
0.5718096	0.815928	0.24002165
0.3526678	0.38052827	0.05179024
0.16378605	0.74291277	0.4703615
0.09662151	0.22530013	-0.5105227
0.19019645	0.8255419	0.55835503
0.42412966	0.67332816	-0.61101115
0.9281847	0.4665153	0.4959455
0.5316348	0.9387591	-0.17634377
0.24082035	0.18494546	0.58323276
0.46950036	0.2689945	-0.3389713
0.83323205	0.03570676	-0.027858417
0.83214253	0.09781444	-0.10345767
0.92650455	0.66401565	0.7543571
0.83579767	0.8304266	0.7789693
0.149625	0.67628413	0.41765893
0.073041916	0.45465344	0.06979187
0.6248466	0.04434812	-0.43754184
0.9983629	0.8824741	-1.669159
0.13075465	0.6556602	0.48850796
0.08308536	0.58101225	0.3932895
0.5861622	0.08999765	0.16759567
0.22595239	0.8014465	0.62428534
0.58048064	0.6070405	0.22167481
0.76546085	0.24758857	-0.46656355
0.2113133	0.17523664	0.2932337
0.41033864	0.15591782	-0.69494814
0.8235112	0.1194306	-0.17578097
0.6387544	0.5471218	0.35668856
0.7491025	0.5607756	-0.17688814
0.92889684	0.2762949	0.43697405
0.53471076	0.27836204	0.25027496
0.26825517	0.42728287	0.48314843
0.0014922619	0.97683406	0.0012763081
0.00081419945	0.32543397	-0.2637157
0.66418576	0.105253816	-0.5667275
0.5752467	0.010060728	0.5897292
0.8927516	0.73739845	1.0130996
0.28518653	0.20713419	0.8397422
0.20712698	0.72204345	0.48792323
0.60927975	0.45957208	0.16047212
0.10444504	0.91887254	0.5743476
0.5666641	0.34406912	0.17831801
0.9104061	0.8199094	1.1801245
0.9118117	0.7286623	0.99797875
0.7288798	0.8535545	-0.0121212825
0.87601817	0.046182156	0.105996884
0.055991054	0.07035869	-0.059108447
0.81703365	0.19226217	-0.34476954
0.75038	0.14266312	-0.3470787
0.027355611	0.14816219	-0.19582039
0.5283873	0.11202347	0.8326487
0.052275896	0.095642924	-0.09324452
0.26563245	0.38138908	0.55717593
0.40921444	0.16009325	-0.69844174
0.8941993	0.32354647	0.25595278
0.16746181	0.9407365	0.36693287
0.6404036	0.7789957	0.3895586
0.2114498	0.64156455	0.41621432
0.24081534	0.24200714	0.5305002
0.89881814	0.9482014	1.226583
0.19684297	0.34927738	0.108949736
0.23388213	0.053813756	0.59848315
0.072813034	0.21916479	-0.37517923
0.41655302	0.9814979	-0.5310875
0.956122	0.7026364	0.12742743
0.8344257	0.7228056	0.37476417
0.14938712	0.60748476	0.33548436
0.1707815	0.7883009	0.45096758
0.039568365	0.36034054	-0.12314034
0.63402605	0.3547625	-0.073663965
0.7258172	0.7518716	0.106491655
0.3528914	0.9862868	-0.20320538
0.82649386	0.8965354	0.908165
0.6401927	0.45349693	0.2066051
0.12213224	0.2340625	-0.46548316
0.40190428	0.16106862	-0.6193954
0.7844239	0.9365344	0.4260811
0.28783923	0.6456849	0.45789513
0.70144093	0.056867898	-0.3694982
0.39321756	0.71341586	-0.25007063
0.4289245	0.2301668	-0.7377279
0.7483207	0.1604085	-0.3131529
0.9067643	0.6236172	0.7954471
0.23235852	0.41707748	0.37892568
0.7524331	0.85150707	0.08022562
0.14505434	0.3091023	-0.32194448
0.79864895	0.33170056	-0.5766625
0.96413875	0.9944372	-0.3192149
0.5440735	0.22186792	0.4108796
0.79096764	0.48326284	-0.5745326
0.63446516	0.018363714	-0.5225284
0.13841975	0.6827655	0.44583142
0.9176112	0.48241037	0.5716346
0.4492721	0.9297205	-0.70648867
0.44388932	0.10158032	-0.32143062
0.15509492	0.68947774	0.45900375
0.43799865	0.23420662	-0.6462821
0.85291266	0.88863623	1.1378336
0.39688045	0.7036656	-0.27848104
0.9096154	0.4366547	0.49357843
0.33437222	0.11886239	0.48474285
0.16631955	0.12784457	-0.19852231
0.05559343	0.576909	0.34440604
0.7598478	0.6623713	-0.08033082
0.5490082	0.07998663	0.81579787
0.6653881	0.8624732	0.16028796
0.016736925	0.5427921	0.10543519
0.5488279	0.45576942	0.06163943
0.100399494	0.9046273	0.5645349
0.27964592	0.0058463216	1.1338346
0.97094244	0.8429776	-0.49087095
0.6876088	0.84012055	0.09774608
0.095642686	0.22815692	-0.49256015
0.4202605	0.23668295	-0.7427891
0.9059848	0.5260009	0.5957909
0.44098222	0.58123046	-0.58685666
0.66447294	0.41234648	0.1770222
0.083134234	0.082083344	-0.23102085
0.771246	0.5137587	-0.40196228
0.58036894	0.8465701	0.33847785
0.36753482	0.5308099	-0.06749722
0.2767619	0.5221252	0.4215286
0.014087439	0.63440835	0.20121905
0.24641955	0.078960836	0.78375304
0.52252805	0.7869877	-0.5417899
0.30359364	0.23101163	0.7242414
0.38749892	0.28684372	-0.47949854
0.14854676	0.35236686	-0.25809532
0.8442499	0.75230145	0.5394896
0.12690651	0.9614027	0.39402115
0.7706399	0.2909509	-0.5207319
0.87966514	0.102327704	0.098865114
0.40615672	0.68073636	-0.3925299
0.09241736	0.63400596	0.48188007
0.10836327	0.3861246	-0.17456412
0.05643809	0.3162905	-0.22894812
0.2630201	0.10834044	0.91516244
0.016835928	0.12723285	-0.22948168
0.6572168	0.33925718	-0.09295066
0.30553532	0.13003677	0.89504206
0.8765875	0.45730942	0.09473852
0.6454013	0.5563662	0.38088307
0.6122728	0.18572557	-0.20027612
0.87189627	0.16084152	0.05860331
0.67889476	0.18204176	-0.38187855
0.6567526	0.8580652	0.26336777
0.11350626	0.7832386	0.61021614
0.111863196	0.5851502	0.26821974
0.12314868	0.6021833	0.26151863
0.5528516	0.8372123	-0.014677798
0.9012988	0.36929452	0.38673812
0.24188459	0.7069612	0.58062893
0.71971756	0.40047795	-0.019414539
0.03734088	0.21613282	-0.17739187
0.46089154	0.27347124	-0.46327204
0.92643213	0.047488213	0.26069105
0.9910451	0.84882605	-1.3793312
0.20129871	0.03860545	0.22266065
0.03201884	0.9975758	0.41545087
0.26525283	0.2911353	0.62848496
0.7161327	0.37074882	-0.023135535
0.18888962	0.08522773	0.034561872
0.16037071	0.3028276	-0.17500794
0.405429	0.062085807	-0.53017026
0.035987496	0.64698356	0.41507018
0.3146665	0.20193118	0.64610463
0.8250471	0.46553367	-0.46091843
0.14719671	0.10505438	-0.3025929
0.17233187	0.85839623	0.4718724
0.14114428	0.5282461	0.17769034
0.56362617	0.7179446	0.021624591
0.12334818	0.23798704	-0.48238528
0.81139714	0.6809781	-0.047670394
0.14809567	0.9832163	0.34546688
0.5935051	0.031125963	0.15781282
0.995881	0.32421482	-0.26738375
0.8068666	0.7064967	0.016582126
0.94075704	0.11537951	0.37253848
0.18689495	0.6629013	0.3811484
0.16354764	0.15616691	-0.21490163
0.5355328	0.6574559	-0.25392413
0.34897208	0.29485482	0.098410815
0.37110215	0.4981987	-0.06392924
0.99400353	0.6477958	-1.4286624
0.5836409	0.34329587	0.1284782
0.41130686	0.9721749	-0.5570841
0.5796267	0.33196867	0.117159344
0.7100577	0.20365822	-0.22383772
0.1112771	0.8177772	0.6230138
0.7418829	0.23232937	-0.3475233
0.03471613	0.92538846	0.4707579
0.027824223	0.6500154	0.31454104
0.87481153	0.26013327	0.07876343
0.6768448	0.5937441	0.4518072
0.8141438	0.31198066	-0.55755854
0.46041852	0.48351997	-0.6832993
0.9816242	0.42448807	-0.39922214
0.09972906	0.69132435	0.61544144
0.55737555	0.8897254	0.13147786
0.978751	0.59726185	-0.7743447
0.83341974	0.870749	0.8280042
0.07346755	0.24548727	-0.3658843
0.6034033	0.79559416	0.38474306
0.104601264	0.9090419	0.56593823
0.94297886	0.83268815	0.4992623
0.7993568	0.34163105	-0.58110255
0.33671916	0.47615105	0.19995794
0.46518028	0.011060238	0.37947956
0.5113495	0.99693805	-0.31583583
0.43244177	0.11850661	-0.54798937
0.10747284	0.49466723	6.440282e-05
0.016948938	0.8019923	0.2061215
0.37460935	0.40177447	-0.2657367
0.5397849	0.87198734	-0.16892368
0.7423116	0.64371043	0.0066163335
0.17879951	0.96662265	0.3601683
0.016744375	0.6830861	0.25659695
0.44405347	0.3871866	-0.6915928
0.035927117	0.8642577	0.47516355
0.58887273	0.33360118	0.07664868
0.3422423	0.47162384	0.1304512
0.40847528	0.25227576	-0.75736374
0.87184244	0.64360565	0.52410805
0.5406656	0.5828334	-0.2086322
0.79889053	0.9400085	0.58920443
0.61050254	0.27249396	-0.11469327
0.39859253	0.6384851	-0.31482112
0.08911884	0.2759183	-0.3732437
0.49830806	0.5706761	-0.5322251
0.09020162	0.4487962	-0.07017006
0.8785487	0.07106173	0.110869594
0.82476276	0.054633915	-0.022601258
0.78664184	0.12013966	-0.3108166
0.48845428	0.06389463	0.6011907
0.09617913	0.65900356	0.495524
0.035367787	0.014654279	0.0148200765
0.4047966	0.39324248	-0.5661406
0.34428662	0.5384231	0.1306904
0.5896218	0.63716775	0.2535797
0.39368874	0.21615547	-0.6583715
0.5819474	0.65134436	0.2057288
0.05716473	0.18811321	-0.3235185
0.10984695	0.12804353	-0.46439332
0.7145984	0.05216956	-0.30238682
0.38639134	0.45970702	-0.30601335
0.17614836	0.35854596	-0.00446037
0.46525413	0.26764417	-0.3978644
0.94955367	0.9233447	0.26388302
0.023747802	0.28752697	-0.19066264
0.27731228	0.66136855	0.40714616
0.69919676	0.3870002	0.0647609
0.15207833	0.568201	0.28279954
0.728397	0.8037366	0.034876436
0.19101322	0.6343426	0.44623402
0.093690515	0.9571903	0.5734395
0.26694226	0.4274832	0.49342686
0.63132596	0.31190813	-0.17959002
0.5013843	0.1202662	0.5590954
0.68109024	0.880981	0.059645616
0.8649376	0.21388996	0.004299838
0.66360253	0.058315396	-0.54479825
0.169958	0.15738535	-0.16379791
0.2650658	0.0482018	0.99371463
0.24149364	0.27336824	0.55897635
0.562886	0.0027621984	0.88191557
0.15467316	0.50906825	0.17609271
0.8130196	0.214118	-0.4110517
0.013833523	0.38547856	-0.1790206
0.5188272	0.47669882	-0.21223429
0.6514216	0.5278718	0.33410516
0.5146559	0.4639936	-0.22753207
0.84181935	0.4664305	-0.33064482
0.056458175	0.96198386	0.57390225
0.19590878	0.016034424	0.22639835
0.22351217	0.2321043	0.39544147
0.10243863	0.5624051	0.21971793
0.671684	0.006310463	-0.52628124
0.9364554	0.75273615	0.66412723
0.6133103	0.07904321	-0.24042343
0.78982633	0.8960964	0.48017275
0.5071492	0.56337667	-0.47654
0.18863255	0.6478864	0.42967227
0.8525685	0.8515933	0.98791
0.27570832	0.4241796	0.57944727
0.6049711	0.9180591	0.48451695
0.6861595	0.029296875	-0.49145508
0.6411682	0.8389792	0.42606956
0.109962106	0.16670924	-0.46631438
0.652854	0.6096955	0.47621202
0.1866076	0.5692538	0.3615769
0.8781698	0.61142796	0.5506755
0.087916076	0.112273514	-0.3110558
0.6537053	0.70356965	0.45625302
0.13061959	0.41685122	-0.11995743
0.17386264	0.014893532	-0.004999852
0.33494097	0.44784224	0.24251227
0.5529682	0.19238359	0.44460174
0.48716974	0.5751275	-0.64346683
0.579611	0.43843013	0.06519842
0.4582091	0.86928004	-0.8386354
0.32792675	0.44838053	0.27373758
0.09086388	0.5935704	0.39804602
0.25322628	0.9120697	0.6107885
0.1956479	0.3365453	0.09727278
0.22582877	0.85198855	0.6611438
0.47125548	0.095318735	0.22753672
0.9054603	0.027347922	0.10787322
0.49771374	0.8729641	-0.73208344
0.34043056	0.84052163	-0.004526482
0.9266559	0.3092271	0.47699118
0.7950221	0.7329313	0.009919144
0.45699638	0.3994773	-0.64569324
0.557001	0.16987246	0.45325395
0.6764641	0.42352176	0.21506305
0.354612	0.45138967	0.03776116
0.84556943	0.48508686	-0.22462079
0.8041271	0.1766423	-0.3632698
0.9760775	0.6075109	-0.5687986
0.88493204	0.46421272	0.27767035
0.64296407	0.77929515	0.45128575
0.41127604	0.121647656	-0.6910868
0.8771725	0.5582106	0.3517459
0.24601448	0.89299136	0.69220775
0.69287854	0.4983526	0.29410332
0.7375121	0.60736245	-0.009324775
0.8954986	0.52104306	0.54269296
0.95709765	0.1334076	0.42102197
0.5847311	0.47369862	0.16270098
0.54050326	0.38455158	0.124859355
0.40469193	0.89424616	-0.49340084
0.9017043	0.9483125	1.215286
0.04538846	0.582526	0.34570065
0.5350114	0.36617106	0.10344873
0.29493243	0.7367216	0.3898379
0.6952418	0.8340468	0.12824534
0.33945972	0.9162981	-0.06563343
0.5450934	0.2806046	0.30068305
0.9042109	0.65241706	0.89382327
0.61948574	0.30379015	-0.120872855
0.47213566	0.7047379	-0.7975743
0.110987365	0.2616086	-0.42932677
0.1938973	0.5917756	0.44968456
0.6764796	0.97562224	-0.18228403
0.2403419	0.4230898	0.4344297
0.13052458	0.36873305	-0.1977654
0.6957823	0.2678762	-0.14293978
0.24775398	0.9096002	0.75554645
0.39879513	0.2358914	-0.6806717
0.13022012	0.2857105	-0.3089876
0.47927928	0.5821338	-0.70653546
0.22325563	0.72437716	0.58131003
0.12773836	0.48862934	-0.021720529
0.77732205	0.2638669	-0.5089911
0.14857179	0.50678635	0.11135688
0.36040968	0.35626113	-0.08941352
0.5271519	0.8952966	-0.37111467
0.01685208	0.70033294	0.24570093
0.9553575	0.36319458	0.31227678
0.035774887	0.60319126	0.3527084
0.45409262	0.759762	-0.82141507
0.7384213	0.64069057	0.03867799
0.44488382	0.7754214	-0.77385056
0.9725852	0.12781876	0.4147949
0.15915096	0.6075737	0.3666771
0.051305234	0.24843901	-0.28758633
0.0942263	0.69968766	0.6142798
0.7715339	0.20684773	-0.44706708
0.08122158	0.08084822	-0.21372828
0.7519908	0.6564846	-0.06659268
0.33085155	0.210441	0.4094071
0.78640217	0.5985867	-0.34015098
0.30372262	0.12775064	0.89050275
0.8413296	0.94547373	1.1375438
0.41699022	0.037239134	-0.48684838
0.08256513	0.8792126	0.5986391
0.95648533	0.52644926	0.09952391
0.61401093	0.84916604	0.49475998
0.24929732	0.7342275	0.58273983
0.40224135	0.010776937	-0.40952593
0.25018543	0.88104784	0.6864895
0.5879793	0.97236955	0.46133137
0.47798383	0.7058407	-0.79164255
0.13983703	0.72579515	0.50061905
0.25620037	0.6519953	0.48329106
0.2039476	0.3673302	0.14859542
0.3837322	0.10087073	-0.4570689
0.14848775	0.45066744	-0.082890384
0.5910125	0.5122232	0.19050959
0.044291735	0.4592983	0.096409045
0.18340588	0.60721344	0.40088618
0.7513424	0.27429295	-0.34430447
0.5562579	0.24773335	0.2799878
0.73840874	0.55081517	-0.03462159
0.673575	0.6196141	0.40709123
0.6444584	0.2712406	-0.26212052
0.0866223	0.11956334	-0.30642724
0.018511176	0.82699	0.27885148
0.57083255	0.29242033	0.21837941
0.8077266	0.87110204	0.5937583
0.70305693	0.38550627	0.045757078
0.8007353	0.36946625	-0.63778496
0.43534118	0.7391646	-0.6598209
0.5757978	0.8449516	0.27225283
0.6596485	0.3535031	0.044977576
0.62942433	0.27055633	-0.1816237
0.34437782	0.9508908	-0.06121563
0.56253976	0.6324126	0.071788564
0.5189438	0.80897397	-0.5645896
0.68774414	0.81613857	0.19892368
0.9482428	0.23247534	0.44606072
0.044016004	0.66583335	0.44553483
0.13750523	0.8186882	0.48953027
0.57328063	0.3121227	0.14837165
0.9043674	0.29873097	0.32816184
0.75513124	0.17855006	-0.3706308
0.76855886	0.43733287	-0.5104056
0.7829654	0.6669131	-0.16060814
0.7390719	0.255355	-0.370323
0.40020967	0.29564	-0.68089503
0.3920551	0.59215814	-0.2938227
0.28323728	0.40918672	0.5231976
0.2544126	0.090872586	0.8284411
0.69362247	0.50719297	0.27216795
0.6447769	0.42399013	0.13377468
0.53446525	0.19264334	0.6127765
0.06747621	0.73520094	0.6246857
0.020149648	0.947745	0.2404955
0.69480145	0.5254027	0.32635963
0.85737634	0.8369017	1.0557255
0.2202096	0.11950797	0.3817938
0.7774156	0.7747805	0.050064705
0.70634735	0.8405918	0.06431121
0.009806931	0.8619777	0.191805
0.49010724	0.91535115	-0.6862405
0.10562819	0.32039493	-0.36435705
0.3480144	0.5423284	0.024493568
0.16649944	0.33555633	-0.10978681
0.15027153	0.6685162	0.38697895
0.09911251	0.8889883	0.60938066
0.17902416	0.13906264	-0.10414242
0.9875877	0.798339	-1.2750605
0.11533165	0.9419684	0.51385313
0.2694674	0.53856397	0.4724035
0.9548156	0.71369505	0.13122286
0.39471596	0.7864868	-0.3290829
0.14395756	0.1026876	-0.2662683
0.33877975	0.84059733	0.017162222
0.91995066	0.50682014	0.5965982
0.90329176	0.35803938	0.34445104
0.30467057	0.6045075	0.35853815
0.70806766	0.023049235	-0.3929161
0.8406899	0.51148987	-0.34987956
0.05574715	0.71452034	0.5548321
0.68791616	0.6515719	0.40945682
0.998826	0.20840782	0.23537923
0.9932571	0.5655303	-1.1832894
0.4318068	0.009022176	-0.22495767
0.3806548	0.099847615	-0.4056413
0.6786851	0.8487794	0.24479541
0.35008276	0.927174	-0.14101943
0.09378612	0.7325879	0.5836624
0.32444417	0.9901382	0.038767554
0.9439938	0.91219264	0.39053524
0.7656488	0.5163138	-0.40730894
0.10198879	0.49637544	0.10004806
0.73388064	0.32659578	-0.17184083
0.6177371	0.1373508	-0.33768523
0.4201929	0.18847579	-0.65538305
0.12810123	0.6958493	0.47470665
0.5520761	0.07046306	0.8327344
0.20423901	0.9520646	0.53101015
0.55626166	0.99083114	0.26482636
0.8933764	0.1745621	0.14145695
0.8318211	0.2393344	-0.29967785
0.787343	0.59524196	-0.31445557
0.87737894	0.29069376	0.04707622
0.6450303	0.66706717	0.49265906
0.26301777	0.3906628	0.47395298
0.9543164	0.92118406	0.11932326
0.44277024	0.6246464	-0.72663647
0.82115877	0.19982624	-0.36806536
0.04193443	0.80119175	0.50855696
0.33013278	0.99678457	-0.038247548
0.81692296	0.49430555	-0.48498553
0.706099	0.80069953	0.15080902
0.13956225	0.9124663	0.4630348
0.21395963	0.57030827	0.41022363
0.7790116	0.47851664	-0.5481278
0.03874284	0.09769338	-0.13311717
0.058075428	0.8173428	0.61298895
0.6434676	0.6606113	0.47230214
0.3942876	0.44232607	-0.44198927
0.026128232	0.74506646	0.3859455
0.85074	0.8144687	0.8002158
0.29520065	0.4004777	0.50628376
0.22823071	0.32238036	0.35687587
0.53089356	0.669788	-0.38632897
0.059675932	0.70733345	0.5286865
0.71737385	0.38688004	-0.037454475
0.9818518	0.91874784	-0.9579163
0.10515767	0.9177068	0.57109225
0.9438598	0.46527088	0.46089047
0.50167245	0.7408754	-0.762323
0.91530293	0.08635223	0.197883
0.27127385	0.4956357	0.48092216
0.33308	0.57684696	0.20789662
0.24306571	0.22279674	0.58972937
0.11960536	0.66432726	0.46915472
0.6593109	0.8844143	0.14985034
0.74821824	0.9221068	0.00921553
0.8275269	0.57599425	-0.32418686
0.64432645	0.29809242	-0.16922052
0.4800818	0.019904017	0.7120234
0.13812947	0.011559248	-0.18087386
0.16328603	0.27998483	-0.20921785
0.13830197	0.79126334	0.5428628
0.66033417	0.48420566	0.2916859
0.025509	0.8560503	0.4356323
0.0058267713	0.06420082	-0.33919263
0.98488396	0.9057346	-1.092464
0.7024757	0.9059747	-0.15858051
0.86391	0.6725296	0.49897677
0.78417	0.98252356	0.4534703
0.4311849	0.50236845	-0.58638626
0.019010067	0.1338247	-0.23597513
0.7834788	0.86934185	0.32229218
0.52765197	0.85254204	-0.38549152
0.6249963	0.3188216	-0.15177105
0.37973255	0.9926448	-0.37471995
0.8428127	0.18939734	-0.20313233
0.3284136	0.9378222	0.04292911
0.6065439	0.25553834	-0.12410784
0.81232005	0.9508568	0.76857364
0.18958652	0.4445749	0.18832406
0.4072895	0.30382133	-0.68613154
0.22218686	0.3792506	0.28757927
0.6882733	0.0044775605	-0.4999716
0.5218687	0.5605973	-0.26165625
0.6461054	0.32668275	-0.15801269
0.23451632	0.14555776	0.6266911
0.52326095	0.17323858	0.6133296
0.4124809	0.013363242	-0.42968267
0.74168664	0.5535362	-0.08145145
0.93980587	0.29141623	0.4718429
0.57626957	0.7270437	0.2352548
0.05996138	0.047092736	-0.030590681
0.84501773	0.65110123	0.19421859
0.73506314	0.112090945	-0.28697774
0.20245928	0.4075839	0.20964433
0.6258143	0.821385	0.47899982
0.22190791	0.021938026	0.55864364
0.8694745	0.9987384	1.3135558
0.21615154	0.3082515	0.2952457
0.74443465	0.95748633	-0.018120728
0.5585091	0.44320405	0.09469936
0.18971586	0.24240965	-0.019809669
0.5883385	0.29706436	0.020490445
0.5484853	0.9978852	0.22091569
0.8753182	0.7434677	0.9319527
0.5166787	0.5410934	-0.3706696
0.38509417	0.48851198	-0.35690075
0.955512	0.4299785	0.22383685
0.5305645	0.21608698	0.47539824
0.038004935	0.8786465	0.41023162
0.43111193	0.5044055	-0.6915425
0.1663149	0.46551383	0.12971428
0.812622	0.6613332	-0.114906356
0.11056787	0.72033495	0.5531137
0.5067334	0.687775	-0.6519377
0.37507892	0.69887453	-0.098533645
0.87172467	0.49252957	0.11813186
0.39413995	0.42749637	-0.4773006
0.38151908	0.30744743	-0.45924652
0.12980485	0.42266363	-0.1772353
0.40362382	0.90638953	-0.46230352
0.7138149	0.013835669	-0.3340559
0.03436935	0.96834105	0.39342785
0.75689375	0.48403722	-0.35300902
0.262114	0.5467388	0.4441501
0.37828374	0.90106654	-0.372798
0.17912471	0.066917896	0.010988463
0.054142058	0.7741075	0.5349996
0.60115474	0.27283525	-0.083528824
0.23320794	0.13716334	0.5889227
0.306077	0.12982255	0.9028943
0.47919792	0.15892601	0.12233196
0.89217323	0.39553887	0.2737126
0.74612004	0.8799792	0.06949477
0.20655084	0.64290094	0.42506814
0.6566582	0.3905337	0.03935942
0.060167193	0.5360459	0.19072267
0.26848453	0.13777137	0.89615875
0.65592974	0.93148	0.13233902
0.6537284	0.1293968	-0.5584846
0.59224755	0.8193798	0.36151192
0.5829387	0.613837	0.1671623
0.84446603	0.57070935	-0.10738748
0.8542642	0.81473005	0.92254657
0.783098	0.0027034283	-0.12505275
0.22486776	0.4116757	0.3870329
0.2229467	0.037795663	0.4849324
0.86785156	0.2610491	-0.00027864426
0.46170247	0.8390222	-0.8494497
0.035904765	0.13840693	-0.22572519
0.88029885	0.38877106	0.08625115
0.9295145	0.62133193	0.6483031
0.17396402	0.49849194	0.21612062
0.10584575	0.55781204	0.28733936
0.80635065	0.8385046	0.44406587
0.4113387	0.111904204	-0.5933616
0.19262743	0.65114117	0.4790791
0.77821684	0.95619977	0.33530378
0.932001	0.14723182	0.37000063
0.97826844	0.5029513	-0.50566155
0.081662	0.16417933	-0.37259585
0.83722246	0.592921	-0.1313036
0.22339857	0.9338052	0.6381331
0.16579849	0.80284244	0.48573893
0.6104336	0.32060105	-0.09253816
0.44830304	0.18775105	-0.56119114
0.9814911	0.8975481	-1.014033
0.04830277	0.20848364	-0.24328455
0.050295293	0.46762443	0.11976482
0.866881	0.67011535	0.50379086
0.7136546	0.5616609	0.234835
0.020795822	0.47459096	0.04507109
0.3780781	0.2395128	-0.4125861
0.08346534	0.41450828	-0.084785044
0.42881054	0.9992266	-0.56420344
0.54934096	0.96105516	0.120003834
0.41983736	0.52694625	-0.54164404
0.75481766	0.14133078	-0.338116
0.8418943	0.14691591	-0.11484593
0.33658022	0.66167617	0.13060561
0.5670752	0.6417223	0.086942874
0.4559762	0.83725214	-0.78902775
0.5430379	0.52486414	-0.111594826
0.31556505	0.11458856	0.7777435
0.08136499	0.6048702	0.45302343
0.62064254	0.12988645	-0.42407614
0.29975593	0.06654161	1.0147771
0.17149168	0.084867656	-0.12847151
0.6036792	0.7152386	0.38917166
0.44787478	0.656977	-0.66249865
0.26522684	0.9112121	0.6057317
0.961987	0.49441773	-0.0065151677
0.36013275	0.07737291	0.010821663
0.121462286	0.7292572	0.5691963
0.49011242	0.17925656	0.21213497
0.4853084	0.9331386	-0.6926023
0.3669352	0.5574081	-0.058365695
0.27534825	0.031276166	1.039374
0.88818085	0.09368414	0.14011207
0.649148	0.61660326	0.47110316
0.65754473	0.5200426	0.36928457
0.32975483	0.8288796	0.13465513
0.61531866	0.80943555	0.41794056
0.80679774	0.7346294	0.051534556
0.7988724	0.5862381	-0.35639358
0.97346777	0.7368892	-0.63765407
0.07117456	0.9337828	0.6271721
0.41200906	0.8602471	-0.5424166
0.7591092	0.9351798	0.113514796
0.21010518	0.94824344	0.54283446
0.008605361	0.816937	0.14831947
0.14484334	0.65998024	0.41972646
0.43971872	0.84931105	-0.6885972
0.23572731	0.36298877	0.42732435
0.16611767	0.043897986	-0.06528185
0.513281	0.032247126	1.136307
0.11417109	0.9647906	0.49389678
0.37537706	0.14336455	-0.33798766
0.3019681	0.546184	0.3895183
0.7544646	0.75937045	0.02688742
0.66126364	0.49891895	0.3914913
0.5360551	0.068837464	0.97655684
0.5937828	0.52494067	0.27109247
0.78726876	0.83492774	0.25263068
0.73340064	0.5619992	0.014434032
0.3731684	0.65670043	-0.07555297
0.6038228	0.15890664	-0.12893063
0.30067438	0.46091402	0.48280787
0.44458342	0.6009155	-0.7314079
0.08706993	0.045051932	-0.20132148
0.54561096	0.37873602	0.08936545
0.7036262	0.44733316	0.21359381
0.65959585	0.49068975	0.2943125
0.59053713	0.13811338	0.01908692
0.17817438	0.70118934	0.43888226
0.093231976	0.8975866	0.62633
0.6551268	0.5568963	0.47152656
0.8253921	0.5651169	-0.3322876
0.8842528	0.2646408	0.12795854
0.3684349	0.7319613	-0.15547669
0.8908186	0.115140975	0.1967901
0.8015791	0.19121164	-0.4063618
0.3986959	0.9144739	-0.42204675
0.5894885	0.53455216	0.21396548
0.100842774	0.7125603	0.6033123
0.18747324	0.075461864	0.07799022
0.6071925	0.88130534	0.50655425
0.24787086	0.057188928	0.85721606
0.5933764	0.91622525	0.4164589
0.0008583665	0.8621664	0.02966762
0.225007	0.8411128	0.6725643
0.6462027	0.23574287	-0.27758408
0.53761166	0.041653574	0.9986381
0.9993878	0.36298418	-0.52760214
0.45924312	0.93860775	-0.7614632
0.15420604	0.9921552	0.33670396
0.33393502	0.36618924	0.25429064
0.71040094	0.94728637	-0.20363082
0.56390387	0.30015492	0.22664201
0.37439322	0.7634002	-0.16861862
0.22912294	0.83693016	0.6436725
0.83606416	0.17027444	-0.20310655
0.08889097	0.42405552	-0.14187548
0.40413183	0.38937294	-0.5876834
0.9949817	0.05414021	0.65062517
0.799145	0.8526503	0.41512626
0.5938222	0.22918218	0.019144572
0.31095284	0.27382112	0.58714163
0.027552724	0.02125436	0.030050635
0.9365525	0.35335362	0.42397594
0.17341185	0.84273237	0.4689801
0.3931445	0.5538799	-0.3998228
0.2951346	0.31024522	0.6497844
0.32137036	0.2277031	0.5238366
0.536701	0.9151029	-0.20542978
0.84096223	0.5274176	-0.2931241
0.103803635	0.17897779	-0.46034145
0.6485278	0.78663456	0.41240248
0.7522193	0.073369205	-0.30398765
0.54752386	0.852015	-0.12498878
0.75651103	0.45847684	-0.36290053
0.15478134	0.36632115	-0.18907247
0.7103163	0.5744736	0.22990133
0.1613388	0.37776458	-0.11613685
0.0449872	0.5890686	0.30122885
0.9076363	0.9882534	1.1136075
0.40265286	0.8456533	-0.42241794
0.25106567	0.16706258	0.69804066
0.17067325	0.2054035	-0.15328325
0.9824264	0.90346235	-0.9824472
0.4928335	0.9100253	-0.74610245
0.6231366	0.465869	0.25470865
0.81456065	0.06961781	-0.15031667
0.10752559	0.48123085	0.05710426
0.0906834	0.6317894	0.4877564
0.3190639	0.355143	0.45090532
0.48693103	0.30154216	-0.15941997
0.23483884	0.55666405	0.4826811
0.98764414	0.84785914	-1.2407478
0.68156636	0.7551272	0.29753858
0.24018514	0.28209162	0.50526625
0.8369703	0.9984136	1.126958
0.9846932	0.6708992	-1.0459417
0.2946205	0.30750102	0.6948239
0.3454454	0.7483686	0.059663285
0.28590864	0.16303015	0.8939837
0.8336973	0.43308258	-0.41416675
0.700596	0.1794008	-0.2803732
0.39026636	0.029315114	-0.36546242
0.18937504	0.9325163	0.43794054
0.094943106	0.76368546	0.6412978
0.13712287	0.39771485	-0.10954347
0.268403	0.04025507	1.0474516
0.7785391	0.9674222	0.33816674
0.8783636	0.9192041	1.3500623
0.15187675	0.49843246	0.13815793
0.16692948	0.49232912	0.16238438
0.8110932	0.46477157	-0.586606
0.14582163	0.54407614	0.20790058
0.33879757	0.7532081	0.08143156
0.9966115	0.35025543	-0.43638986
0.09594518	0.68897986	0.53659207
0.40256196	0.86458707	-0.44352838
0.82742655	0.050941706	-0.12342385
0.7881525	0.14403105	-0.3679565
0.4357658	0.6556648	-0.6082276
0.7503102	0.030716956	-0.22463408
0.21094006	0.43026823	0.2739964
0.90814835	0.77496094	1.09565
0.57468265	0.84627706	0.24825491
0.3704952	0.8884421	-0.23759751
0.9986448	0.945228	-1.6389705
0.34383357	0.6222252	0.13742194
0.5430234	0.3182627	0.24166803
0.62879467	0.8168019	0.45169613
0.25729656	0.8832462	0.5796067
0.2022695	0.90407974	0.55397815
0.82798207	0.020732999	-0.02024972
0.076105535	0.42926413	-0.053683683
0.4836232	0.10368168	0.38212365
0.793745	0.704675	-0.045057155
0.8704598	0.48601097	0.117167644
0.6987395	0.7659494	0.20155095
0.52166003	0.35516524	0.049625374
0.104169905	0.15999228	-0.4253979
0.16919643	0.98932385	0.30837697
0.31828922	0.94624025	0.090187036
0.8927286	0.67829746	0.8295813
0.34777468	0.6112317	0.057803996
0.9599721	0.98326063	-0.18463165
0.19528079	0.92502964	0.5129526
0.41840643	0.22970158	-0.7660686
0.4541675	0.19092554	-0.39751065
0.61056805	0.5979941	0.3789153
0.36224133	0.6097889	-0.024968399
0.64737904	0.18946671	-0.4715801
0.100029886	0.20879918	-0.48712343
0.82040817	0.44758427	-0.56781757
0.5231004	0.839736	-0.49496233
0.3957613	0.5351453	-0.35642594
0.14240247	0.32703573	-0.29233244
0.39761353	0.23567367	-0.6396524
0.44994736	0.7650989	-0.74504143
0.39439738	0.57497096	-0.3032158
0.19673193	0.9543614	0.5258471
0.761357	0.007727623	-0.15395056
0.056429267	0.716703	0.59341216
0.82389915	0.2727707	-0.46423766
0.64674854	0.8519333	0.3375482
0.09567255	0.6423324	0.4803882
0.56849056	0.5887285	0.1356266
0.39640176	0.76660097	-0.43232936
0.69499403	0.6190973	0.3303021
0.77028775	0.662653	-0.16229522
0.28098047	0.50365734	0.4303081
0.6415623	0.050003886	-0.59898704
0.5965273	0.74217045	0.38079813
0.021669507	0.44535178	0.015536234
0.8469405	0.3108394	-0.31456226
0.22252446	0.16614395	0.42337927
0.99206907	0.48689145	-0.9108466
0.16422194	0.16900378	-0.2220409
0.90108985	0.86098266	1.2305928
0.96097624	0.5488081	-0.029990992
0.70385146	0.6862177	0.29544285
0.8035434	0.14916164	-0.34199193
0.35719663	0.42618948	-0.070218
0.66759914	0.8904601	0.14688554
0.7718637	0.63012224	-0.23329645
0.45608473	0.6640419	-0.8405948
0.072868824	0.99163514	0.5615605
0.43316942	0.06547898	-0.3294524
0.9788279	0.4207868	-0.26131123
0.9798796	0.26588225	0.19387801
0.890419	0.9552377	1.2802801
0.23739803	0.17668992	0.5821575
0.26557487	0.51704293	0.47188708
0.62079614	0.56257874	0.35804242
0.9455285	0.012569904	0.1730022
0.6738049	0.78794146	0.2620442
0.9286789	0.4071014	0.57307655
0.40020645	0.16454309	-0.6155274
0.53514	0.014023423	1.1468089
0.1016075	0.87604904	0.5874438
0.80455965	0.5191076	-0.51974905
0.32394296	0.22993028	0.5277755
0.6623239	0.7366904	0.4485741
0.8853761	0.93969786	1.3659446
0.3788275	0.3888499	-0.28613096
0.6813381	0.9495771	-0.10560861
0.42835802	0.5884447	-0.59304494
0.13554549	0.9815233	0.36650896
0.7304489	0.60678416	0.035011727
0.7654961	0.6512941	-0.1704855
0.24172026	0.40818274	0.42867327
0.2698753	0.93002594	0.60587513
0.41854763	0.3421703	-0.68140763
0.8217993	0.9095889	0.8530942
0.5133987	0.93496984	-0.43531975
0.057750046	0.8460928	0.55523556
0.22716224	0.32984418	0.3845258
0.61704034	0.7556895	0.48734984
0.33847827	0.37640172	0.18797548
0.6863213	0.1578803	-0.38554865
0.20738965	0.37881184	0.2007981
0.66569364	0.69398206	0.39877093
0.21083993	0.8739301	0.62035555
0.7337936	0.29709125	-0.26455796
0.48651886	0.2555573	-0.12589593
0.7641085	0.5447997	-0.36577454
0.0424636	0.29635334	-0.23520362
0.3106013	0.73509026	0.29839703
0.24999571	0.32310188	0.5449514
0.3918538	0.46960217	-0.35378683
0.31800377	0.60893303	0.30245
0.87419355	0.60844094	0.48057258
0.7132448	0.38532066	0.036915664
0.33834273	0.4376312	0.14985473
0.19115555	0.06818622	0.1258161
0.396146	0.5809203	-0.35520077
0.08065319	0.44502825	-0.018788315
0.5407492	0.57290643	-0.14272009
0.38442546	0.5467031	-0.18506883
0.14311165	0.46863812	0.015576774
0.37670994	0.92582124	-0.36092174
0.035802603	0.8520125	0.46844578
0.41629523	0.17608505	-0.7258484
0.87419933	0.65811324	0.59135395
0.5041068	0.5986664	-0.5753347
0.93249065	0.6658037	0.6897916
0.34182554	0.4352535	0.15425025
0.78621954	0.47614735	-0.5238968
0.08456588	0.0076276064	-0.05599097
0.55570614	0.48237216	0.08592948
0.16223955	0.15701652	-0.18314674
0.945854	0.5955608	0.3798982
0.29251856	0.6383282	0.31199837
0.029206038	0.4484492	0.06137667
0.5855157	0.092974305	0.24330528
0.87787414	0.66763586	0.670318
0.1485399	0.32504022	-0.24950841
0.81875825	0.24426103	-0.5106436
0.045078695	0.19884175	-0.18486278
0.31316084	0.25051737	0.6438438
0.91314197	0.19078445	0.31622624
0.7446658	0.0017667413	-0.18428221
0.3364932	0.006553948	0.53895086
0.4620149	0.83348614	-0.8596143
0.76213616	0.94482005	0.12018592
0.00057399273	0.29098892	-0.43839985
0.59580874	0.3482989	0.016074043
0.96613973	0.24958813	0.31820565
0.7261635	0.4857937	0.023154164
0.3254925	0.51041603	0.3372926
0.9095903	0.18063712	0.28006727
0.118979335	0.79791903	0.60569817
0.30436105	0.4594525	0.36102125
0.07418209	0.24788398	-0.37960505
0.835423	0.39538783	-0.40439934
0.44199353	0.1916501	-0.54337305
0.52690345	0.13767219	0.7370339
0.12035084	0.4130972	-0.17001176
0.24929261	0.16771716	0.7246061
0.6549234	0.48478663	0.31142324
0.57784444	0.41266495	0.07202645
0.8120524	0.092778146	-0.22967917
0.6596481	0.88169736	0.1684931
0.22123337	0.41068715	0.3246021
0.13372946	0.23077047	-0.48647794
0.01222229	0.6494641	0.27764755
0.22992575	0.87013346	0.6593529
0.28817022	0.48632288	0.49895573
0.42848617	0.35779417	-0.68747216
0.9629259	0.93767613	-0.22368918
0.31553167	0.9157108	0.19534077
0.32183784	0.6226433	0.29688916
0.20658487	0.056850016	0.24362516
0.6323834	0.2297759	-0.3371127
0.3397091	0.19609922	0.2788826
0.27203166	0.36215174	0.55167943
0.72065324	0.06203592	-0.3236433
0.8704601	0.3118388	-0.020001981
0.7801082	0.010959566	-0.13062489
0.8369357	0.95234007	1.1697987
0.68581825	0.45683944	0.24865843
0.30910105	0.33184975	0.56117994
0.34016824	0.05245644	0.36584613
0.4229086	0.3025052	-0.76697195
0.36352926	0.021894693	-0.06439872
0.046930254	0.28072417	-0.19890432
0.8042265	0.32684422	-0.61571556
0.37230462	0.65527225	-0.122253
0.681194	0.70783794	0.39786285
0.18144369	0.04952663	0.02696199
0.73259664	0.7738643	0.115022
0.079966605	0.98369366	0.58614564
0.5943688	0.97917384	0.4518334
0.44460058	0.60480255	-0.7222592
0.20291656	0.5183474	0.3226529
0.8552803	0.5351449	0.010919157
0.8703086	0.8366272	1.222616
0.07623899	0.69309527	0.5748184
0.5449432	0.14055735	0.65302455
0.68629336	0.83348477	0.14828514
0.75475925	0.9143362	0.0402161
0.654204	0.891181	0.28005543
0.18841577	0.31205976	0.028332274
0.4735549	0.99353945	-0.62378746
0.59742564	0.14035672	-0.096724205
0.13221484	0.5061917	0.12562975
0.5737979	0.04128945	0.4921475
0.9134085	0.92099565	1.0592786
0.38825184	0.6239889	-0.23713395
0.3600523	0.79848593	-0.05330836
0.8097856	0.30748022	-0.58603424
0.9801542	0.30817467	0.095115215
0.7458446	0.09380126	-0.27302796
0.08280182	0.8004823	0.6942423
0.47203243	0.21581024	-0.18092036
0.46430218	0.14019614	-0.13531937
0.45317024	0.8700298	-0.81030506
0.41007656	0.3392681	-0.6698218
0.83932066	0.11316204	-0.078171685
0.52415687	0.28140128	0.21658038
0.5483266	0.23104894	0.4101151
0.37999016	0.08739257	-0.40620518
0.043952703	0.7593086	0.5431327
0.5478391	0.54574406	-0.042890303
0.9812417	0.35276687	-0.15438417
0.40256768	0.80174345	-0.3041119
0.9399932	0.70581734	0.56718224
0.8024578	0.81025887	0.3205031
0.9554718	0.2206698	0.3799158
0.30092376	0.4573723	0.4589813
0.7102628	0.25633425	-0.18346052
0.12991709	0.5831895	0.28866857
0.68808746	0.7358901	0.34159243
0.4631555	0.4412858	-0.5973681
0.8046278	0.22142863	-0.45031407
0.8263132	0.6745927	0.054136604
0.7373566	0.2725621	-0.26636633
0.09574282	0.08581352	-0.2894848
0.12464297	0.9937153	0.4144827
0.42278814	0.16165698	-0.6626587
0.3871538	0.28858376	-0.52236223
0.11513066	0.74738896	0.6501266
0.8962364	0.12101197	0.19708648
0.7383599	0.6053584	-0.027967578
0.9955201	0.48779696	-1.0299963
0.26237357	0.53753644	0.46314195
0.337003	0.7841326	0.03372571
0.4805709	0.2530641	-0.15184532
0.09008396	0.55433816	0.23460685
0.505349	0.33376783	-0.07731894
0.9296731	0.6586404	0.72974825
0.26137966	0.97342694	0.64389306
0.2246542	0.9243823	0.6428326
0.68622994	0.65257406	0.35179836
0.17953438	0.6132611	0.3929859
0.24316382	0.58666867	0.48464707
0.74042636	0.8419054	-0.008259203
0.83263797	0.66025686	0.0497076
0.35836053	0.7634743	-0.0297583
0.7218554	0.8866049	-0.03220415
0.36938733	0.42054373	-0.16678125
0.95274484	0.6957411	0.21675363
0.6710956	0.19951004	-0.33054626
0.17156744	0.019067824	-0.059652038
0.49939078	0.065388024	0.80965436
0.06821787	0.9920839	0.5727681
0.10767734	0.9913225	0.531174
0.15246546	0.67090964	0.46057147
0.27326173	0.7698305	0.46649605
0.33805782	0.74642706	0.0539193
0.36298054	0.31223917	-0.1529565
0.09909171	0.49030447	0.059138864
0.20016521	0.4515673	0.2133203
0.8264094	0.35755414	-0.47259274
0.9290455	0.0805186	0.2942649
0.43801236	0.5223796	-0.6549247
0.5429835	0.16981679	0.59850025
0.46788925	0.13566905	-0.015919922
0.88682127	0.1887306	0.1761559
0.57425815	0.91074055	0.30712065
0.8393328	0.5153117	-0.27607003
0.9712638	0.1803391	0.39594826
0.40919387	0.2585526	-0.7660075
0.97304064	0.4516893	-0.16144766
0.25103015	0.2647313	0.63148665
0.091942966	0.42751312	-0.12301721
0.58737576	0.77680373	0.30178025
0.49624747	0.93888855	-0.581011
0.30461335	0.0014612675	1.0103453
0.92150337	0.38668382	0.47495142
0.17560601	0.5114945	0.21293432
0.8242586	0.19338536	-0.36144537
0.9644045	0.86530346	-0.2600589
0.1195004	0.99353975	0.43791908
0.61593777	0.9609016	0.39273968
0.47241443	0.65707976	-0.74514157
0.896393	0.51158094	0.5058099
0.11046809	0.04513395	-0.22594292
0.92523366	0.16610408	0.3480271
0.9985191	0.53471494	-1.2345598
0.55834115	0.33467162	0.2313613
0.71674603	0.47553462	0.1108611
0.30562872	0.21107912	0.73640734
0.83268905	0.46060467	-0.45164824
0.64111197	0.95698494	0.20736918
0.9959042	0.12097567	0.43205714
0.012253106	0.8905076	0.16569963
0.6081438	0.99983054	0.48730242
0.093880475	0.57307965	0.3398344
0.38860852	0.46730244	-0.36134344
0.26039356	0.69998986	0.51795155
0.29379684	0.73605514	0.37029254
0.008772373	0.28280187	-0.30371803
0.39657074	0.054198205	-0.5007023
0.94670814	0.35447592	0.39689088
0.43127584	0.61689466	-0.5928747
0.41519672	0.49694514	-0.58877146
0.414868	0.6084315	-0.52117115
0.37589258	0.5025684	-0.18019545
0.089260936	0.072009325	-0.21737072
0.40379006	0.2870955	-0.71703166
0.03842455	0.060103297	-0.05601483
0.7226997	0.9113745	-0.065799154
0.08437574	0.66093427	0.57651335
0.02206248	0.33730334	-0.15122193
0.66228247	0.82229894	0.319348
0.49695212	0.03856212	0.8629616
0.32421857	0.17013103	0.6015802
0.9738326	0.29521632	0.18399443
0.74027956	0.5635998	-0.060907163
0.75216246	0.46986496	-0.27444804
0.6814511	0.5279325	0.36471188
0.49803758	0.8310536	-0.71811926
0.7681558	0.8088399	0.056650676
0.47631687	0.53994185	-0.6754694
0.881823	0.11423075	0.08029063
0.6085581	0.5546787	0.26872918
0.22886682	0.4535781	0.42015707
0.16674572	0.31201345	-0.19366457
0.66752267	0.7251787	0.3879242
0.3398968	0.35076183	0.17990877
0.33641136	0.64077514	0.18355861
0.51074153	0.3971877	-0.14355378
0.8861238	0.044750392	0.11181321
0.27902544	0.9297745	0.5319542
0.9424962	0.31552863	0.41583964
0.3200757	0.84023416	0.18041998
0.34938508	0.9712468	-0.20474608
0.025544047	0.46628988	0.039617725
0.80844176	0.092888474	-0.21324241
0.3261432	0.92732996	0.05581966
0.7565541	0.42514247	-0.39734232
0.32203615	0.82442534	0.16727637
0.15433699	0.90297604	0.3508158
0.6590621	0.09343159	-0.5800275
0.065144	0.68037456	0.5216321
0.6554751	0.6671405	0.47815603
0.35097045	0.61133236	0.058269072
0.6915969	0.091210425	-0.44113302
0.6854285	0.6796348	0.3880995
0.941424	0.08252442	0.32870138
0.8609169	0.83476526	1.0410384
0.89221	0.87572044	1.2614566
0.75787425	0.10443121	-0.35612428
0.43377107	0.1160264	-0.54295546
0.66957384	0.536461	0.41041556
0.5472558	0.90492624	-0.016533218
0.40454006	0.70573956	-0.3943558
0.16544628	0.5281285	0.24538982
0.318197	0.17561364	0.670158
0.9222917	0.48153228	0.59559774
0.026099384	0.03940779	-0.03423661
0.72574407	0.19181234	-0.30840063
0.41118234	0.6504236	-0.45100096
0.6300162	0.74985236	0.43810132
0.38888782	0.4694718	-0.41710743
0.87309647	0.54134953	0.30855763
0.48697758	0.29031473	-0.18109263
0.55439866	0.7883978	-0.056705683
0.7073833	0.26205474	-0.15272771
0.37881875	0.17309505	-0.37516737
0.74635255	0.03910947	-0.2645179
0.0034752488	0.78551215	0.049675982
0.8776214	0.0076030493	0.100733794
0.0052292347	0.3829804	-0.21289857
0.004450321	0.77102566	0.13362189
0.75141346	0.015074551	-0.18663284
0.41878092	0.18141669	-0.7707475
0.40490586	0.63161004	-0.4061252
0.07203084	0.42262697	-0.116031304
0.37163997	0.25898224	-0.3058261
0.46451735	0.2136113	-0.31304914
0.283472	0.014196634	1.1381586
0.28228754	0.67493635	0.40607065
0.3895173	0.86534566	-0.37960082
0.5438026	0.6949176	-0.24980333
0.74050754	0.29209465	-0.2637388
0.6862158	0.2828642	-0.111777246
0.5225814	0.047040343	1.0910183
0.9718659	0.7968379	-0.58043915
0.34752816	0.6496097	0.09129585
0.48409677	0.054373384	0.5596565
0.16571558	0.8282416	0.49008036
0.5838113	0.7765409	0.279494
0.5922959	0.12916201	-0.004859913
0.68845224	0.5124601	0.3582954
0.23932964	0.2933094	0.50203353
0.2400561	0.22866535	0.57174873
0.61440337	0.088175476	-0.29631144
0.55662096	0.52630764	0.02428564
0.110827684	0.6401287	0.45070955
0.9444247	0.36644745	0.37209737
0.15959406	0.7030014	0.4706271
0.21860904	0.45647132	0.364689
0.658893	0.2792908	-0.19220567
0.12163234	0.5964525	0.34338263
0.054154634	0.24840069	-0.2915539
0.5412488	0.25790596	0.3149304
0.5667371	0.6131594	0.06397282
0.5776009	0.35951614	0.11279246
0.6431056	0.0405038	-0.5593495
0.028723776	0.79851353	0.38418046
0.60751754	0.5592882	0.30944133
0.29894364	0.2506315	0.6904973
0.5466224	0.4084376	0.079738736
0.6849648	0.33261406	-0.009471635
0.5115351	0.7149253	-0.6275927
0.49792576	0.8102857	-0.7682813
0.09208226	0.23174626	-0.42851895
0.09717578	0.90775126	0.6290549
0.49051112	0.53481317	-0.56004953
0.39487547	0.87331945	-0.4044241
0.45758986	0.47189826	-0.6252127
0.98871106	0.46705437	-0.7369417
0.12423247	0.46802896	-0.02183453
0.5244135	0.8468248	-0.4314752
0.8911965	0.18121183	0.19258289
0.7051377	0.0053133965	-0.383152
0.9238512	0.9470482	0.8524475
0.26219946	0.29610062	0.639391
0.79478574	0.6888139	-0.17136808
0.17037082	0.13374555	-0.17176278
0.060522974	0.36168945	-0.20688444
0.016297579	0.2689008	-0.24803872
0.81108606	0.7307528	0.10328287
0.54248583	0.8332362	-0.18568909
0.16316885	0.50803506	0.16040562
0.61984235	0.21050328	-0.29724953
0.32802522	0.18482184	0.4779036
0.2907902	0.7216618	0.3970175
0.96829134	0.77724016	-0.3523359
0.96086353	0.10687435	0.4224612
0.93187636	0.43172973	0.5147048
0.07991922	0.080754995	-0.18866876
0.30364472	0.87150836	0.24972214
0.9769344	0.15145493	0.42986205
0.9300781	0.6543977	0.734586
0.34340596	0.46335924	0.08258951
0.28331333	0.9511231	0.5442687
0.29547435	0.6468614	0.28846377
0.28018242	0.068832874	1.1279302
0.5165629	0.5880682	-0.39710212
0.2160595	0.3377028	0.18252942
0.7068394	0.3218261	-0.008198313
0.51679736	0.4778214	-0.24839278
0.288266	0.53313774	0.45199025
0.03144312	0.73930496	0.37193897
0.12879336	0.7792451	0.5922983
0.6198742	0.26059484	-0.26211247
0.25758833	0.35279638	0.56992525
0.533016	0.81665814	-0.33575276
0.5064155	0.97371244	-0.47341514
0.28909814	0.38853693	0.5290629
0.33718246	0.22402883	0.34317717
0.7430129	0.62946635	-0.047814474
0.35383505	0.4738664	0.031979512
0.8105922	0.443861	-0.6104458
0.13532019	0.3940109	-0.15916774
0.73249924	0.091581166	-0.31062755
0.4371019	0.8348777	-0.6888437
0.8920731	0.5096029	0.4253391
0.047437966	0.7871187	0.52865344
0.426808	0.18890887	-0.67889464
0.20082033	0.040783823	0.22897035
0.5950521	0.80500823	0.41696197
0.34427822	0.61980295	0.06203013
0.43581784	0.6989373	-0.6481515
0.72555685	0.78211486	0.025568351
0.011457384	0.8452458	0.16649893
0.8063444	0.0814603	-0.19174685
0.26362455	0.9791812	0.63236564
0.2595293	0.6552372	0.5183063
0.71960044	0.047886074	-0.26317537
0.062224865	0.97141474	0.5873148
0.43365723	0.8521993	-0.6921642
0.068081796	0.77680314	0.643643
0.47243387	0.492419	-0.5893628
0.7741085	0.8363602	0.14985354
0.7779085	0.24106413	-0.4872848
0.5095221	0.5441451	-0.42324486
0.7390229	0.11587757	-0.33598492
0.08174646	0.7958454	0.7072174
0.7526196	0.597491	-0.1764646
0.3724059	0.60727364	-0.0998794
0.68929833	0.90894794	-0.0072499663
0.43669826	0.1667692	-0.6130966
0.5800198	0.57516104	0.1706364
0.77126515	0.6808765	-0.14052874
0.9079559	0.38597375	0.45133698
0.9834467	0.8485639	-1.0098279
0.35398042	0.67453367	0.05306445
0.250116	0.12329298	0.76989645
0.036290288	0.27715796	-0.22089422
0.55586326	0.7837197	-0.034977853
0.14396524	0.16048318	-0.34316877
0.95258373	0.30105096	0.36649388
0.5328948	0.13540715	0.739913
0.7786303	0.070481956	-0.28695926
0.6867896	0.079651296	-0.4807292
0.96909636	0.06723446	0.41503993
0.9571471	0.14855462	0.43367106
0.3082903	0.07849252	0.896324
0.2444579	0.7649766	0.57244503
0.928069	0.73727727	0.8161519
0.3499571	0.8221528	-0.049130347
0.8739918	0.6116813	0.46767035
0.922241	0.38181263	0.49784693
0.35887873	0.9168293	-0.23452534
0.5789808	0.6082083	0.19080906
0.8746722	0.82193065	1.1501517
0.33851534	0.434919	0.16009237
0.3524872	0.40271294	0.016998976
0.18305999	0.08209503	-0.024192112
0.2692625	0.41359657	0.5282707
0.3057419	0.86627626	0.30409792
0.60885566	0.70666194	0.43101284
0.73495215	0.7591273	0.05109896
0.63244087	0.90799993	0.33815175
0.81339777	0.5217319	-0.46911404
0.38792032	0.7625536	-0.31283906
0.8916227	0.49017876	0.38298643
0.19158119	0.42991018	0.20439129
0.34664	0.9582102	-0.21929783
0.1323561	0.17509657	-0.4512604
0.31100315	0.28744394	0.61570436
0.73709524	0.61483747	0.039168306
0.7450983	0.38101906	-0.28832707
0.5939795	0.9228841	0.4793368
0.26771557	0.68384475	0.49087405
0.29424983	0.91976833	0.3867873
0.7334426	0.7774694	0.08933536
0.57980704	0.5043481	0.12405243
0.029078305	0.14220667	-0.21269181
0.04204172	0.20978111	-0.23165032
0.4486134	0.7013626	-0.74817836
0.21537316	0.15236938	0.34065792
0.40521324	0.9218112	-0.44365677
0.31593204	0.7930831	0.21787845
0.36943066	0.13250822	-0.2881087
0.023012757	0.32646018	-0.15810972
0.79122686	0.3335796	-0.5589387
0.9327522	0.5006709	0.5457181
0.0755111	0.23632693	-0.31009236
0.86983836	0.13211358	0.07842356
0.1541931	0.849075	0.41338402
0.8936115	0.497212	0.4829945
0.12188947	0.3329715	-0.34490478
0.19233674	0.9652401	0.54357624
0.51281583	0.84316534	-0.5749536
0.048054874	0.6482717	0.4999
0.94174904	0.42970693	0.4384205
0.44526756	0.3329683	-0.6479609
0.0035228133	0.7505876	0.14453827
0.71526176	0.995261	-0.28572208
0.9439633	0.2581371	0.46925357
0.67564756	0.11017084	-0.49663088
0.7651518	0.30684692	-0.4721297
0.59836274	0.53998584	0.24861188
0.39691073	0.670832	-0.32221183
0.70767176	0.8150374	0.0658569
0.93205005	0.23516679	0.46578187
0.46043086	0.71028465	-0.80628157
0.7312104	0.3742587	-0.11981699
0.11531919	0.26427138	-0.4188712
0.65662277	0.26949263	-0.20321192
0.8823738	0.8675242	1.2951818
0.54195344	0.890829	-0.09459667
0.07809037	0.44251108	-0.017967116
0.7886622	0.23698771	-0.5393784
0.42620015	0.13141501	-0.55687445
0.08704406	0.30905122	-0.3760508
0.069658875	0.7768739	0.64367694
0.9665165	0.6002152	-0.16614385
0.6861065	0.4341411	0.20907006
0.7464209	0.024918139	-0.214006
0.46542794	0.20073819	-0.24722403
0.75511545	0.33523202	-0.43533877
0.47216594	0.063415945	0.3509797
0.67012423	0.92457515	-0.08118747
0.83772355	0.014979064	0.07488085
0.64022684	0.63074404	0.4455183
0.5923676	0.34565586	0.09347987
0.8518381	0.21692634	-0.11384842
0.5703244	0.89662	0.25466564
0.6544719	0.20103776	-0.43478927
0.93988067	0.025352776	0.22017917
0.104153335	0.62480736	0.41839084
0.38757187	0.44448394	-0.31602645
0.22864538	0.05485308	0.5935657
0.7720514	0.27933794	-0.5505542
0.5097647	0.1595406	0.5148235
0.4348393	0.5065567	-0.6974638
0.8831821	0.5337321	0.38287774
0.7222601	0.003853023	-0.2894984
0.68726593	0.39996517	0.051709585
0.99913335	0.43434793	-0.8964707
0.1365475	0.8348141	0.5688376
0.51152635	0.52050954	-0.35076657
0.2561021	0.3239026	0.58929634
0.5176017	0.7898063	-0.5239412
0.87275386	0.3260926	-0.023073947
0.9571407	0.025107145	0.28427732
0.24078947	0.14399904	0.61686945
0.95083517	0.3279171	0.39825284
0.85912627	0.8308911	1.0124804
0.07213712	0.18846661	-0.3349585
0.7904685	0.97315514	0.55304205
0.5157392	0.30199218	0.21455035
0.9400703	0.90323466	0.5376567
0.59978664	0.48746562	0.20567223
0.53554636	0.57912827	-0.22251138
0.5597708	0.04069805	0.801738
0.6425152	0.62735724	0.47976986
0.22726357	0.8001583	0.59302634
0.3584025	0.24308872	-0.100224264
0.17847747	0.75619197	0.46307135
0.6342292	0.75363094	0.47645727
0.52456653	0.12981576	0.7629796
0.0146763325	0.9738365	0.2035411
0.85040104	0.94429636	1.1964201
0.017959952	0.5353967	0.116167486
0.56817985	0.8925408	0.18671626
0.16135651	0.4921295	0.14802045
0.8257998	0.12289417	-0.1894836
0.9741813	0.036921978	0.40626866
0.58012426	0.5482436	0.18385482
0.14692938	0.33081442	-0.23460583
0.93836874	0.6472478	0.50966096
0.25798273	0.9498158	0.68000644
0.873272	0.971594	1.2956825
0.61994714	0.5946134	0.41004446
0.7982168	0.06470972	-0.16678274
0.02054125	0.7337292	0.31882408
0.4832791	0.24176538	-0.07594168
0.34478348	0.017273366	0.32514447
0.80478245	0.1543333	-0.39455584
0.85575765	0.57249993	0.087017566
0.66863614	0.60777926	0.400419
0.25162303	0.28734392	0.6122507
0.079577446	0.9104705	0.6418232
0.6179336	0.80664504	0.5100558
0.6378364	0.12244326	-0.50535494
0.3727324	0.71832216	-0.18019247
0.9631578	0.8333019	-0.1991704
0.38092482	0.6959214	-0.24358419
0.9173152	0.30665433	0.40234587
0.7995263	0.3953731	-0.66202515
0.76694417	0.28754973	-0.43287447
0.56023115	0.5826569	0.01684246
0.36137253	0.37997663	-0.07377039
0.27772826	0.53270054	0.43545738
0.9959545	0.8555608	-1.537657
0.8273402	0.70928925	0.18363124
0.22150958	0.52633137	0.44404006
0.3056903	0.69832134	0.29003313
0.46114004	0.0017507672	0.35985407
0.9309143	0.3472137	0.48991215
0.32377	0.11786401	0.66121286
0.8600607	0.4030102	-0.13002232
0.22821629	0.7954201	0.6017892
0.81330395	0.61800367	-0.2365551
0.6794435	0.93569076	-0.123306155
0.9956509	0.26785952	0.029415123
0.7838597	0.33729446	-0.5451893
0.27912027	0.49306673	0.46483213
0.64875156	0.6363366	0.46332648
0.56487703	0.7883304	0.088901535
0.31808704	0.34819442	0.48653868
0.11465937	0.7968947	0.59618354
0.29387832	0.5681296	0.41422734
0.77171034	0.113072574	-0.32672134
0.017626405	0.41618896	-0.03510299
0.9897064	0.9107213	-1.2618158
0.097540975	0.76765054	0.6685101
0.7533652	0.13553447	-0.30837542
0.7975241	0.6827967	-0.14151783
0.47966468	0.22916383	-0.06700514
0.605499	0.013706446	-0.14341389
0.78748345	0.7955944	0.15065277
0.44765466	0.17592472	-0.46317738
0.84632283	0.036197186	-0.012003429
0.70576054	0.0857119	-0.38186416
0.06995851	0.9933481	0.5726058
0.4288751	0.51232564	-0.6174665
0.28252417	0.70678455	0.42440087
0.32416087	0.9581271	0.035179954
0.38465238	0.7990073	-0.29894593
0.8514754	0.3605826	-0.2792923
0.50869334	0.09493476	0.774979
0.68234384	0.6842298	0.41526455
0.29948282	0.7995161	0.33369762
0.77930653	0.0045455694	-0.12521364
0.33745283	0.033180118	0.46258795
0.7287097	0.71193755	0.07047641
0.9274889	0.4438296	0.5405845
0.94009477	0.65472645	0.5000866
0.95756966	0.3707018	0.24579886
0.4870333	0.7600911	-0.80313486
0.12951058	0.7308078	0.52554387
0.961656	0.87269664	-0.11786253
0.8206776	0.01890868	-0.0035096076
0.6435219	0.7844546	0.37423718
0.44403535	0.18079406	-0.46205845
0.01737845	0.43126643	-0.06771573
0.11258733	0.74895775	0.6308983
0.7587759	0.57532376	-0.22176847
0.9631152	0.8399708	-0.15152082
0.6039901	0.8271153	0.5260864
0.70517665	0.98984575	-0.31130594
0.9768038	0.7206919	-0.756318
0.29555452	0.161416	0.9038343
0.9924264	0.93874454	-1.4066951
0.065250576	0.2365982	-0.2721033
0.56176656	0.99023414	0.36441332
0.111540616	0.8170875	0.5652314
0.93619764	0.46113938	0.5265193
0.07899618	0.051559508	-0.0873459
0.62532705	0.3108328	-0.17942001
0.6653558	0.86922646	0.160064
0.8814967	0.30380797	0.087178
0.21169204	0.09899098	0.35808912
0.23833346	0.30724776	0.41073364
0.49044603	0.4226117	-0.3750564
0.8391491	0.13974541	-0.13683905
0.19972509	0.79907215	0.5308078
0.71358305	0.1444565	-0.3305686
0.80857843	0.07621157	-0.13603862
0.5629278	0.51065755	0.050926343
0.16440219	0.9646649	0.36127222
0.3325742	0.28175533	0.36801744
0.036618233	0.14939827	-0.18292552
0.43437815	0.52756345	-0.65029097
0.15962195	0.67648196	0.39188185
0.10811263	0.53105503	0.15982394
0.1615156	0.24370939	-0.2501832
0.58894944	0.38307953	0.04098221
0.61911887	0.5626613	0.34778586
0.9105594	0.8260099	1.1785157
0.09646499	0.63453573	0.43658128
0.97723424	0.7670767	-0.8128708
0.06884968	0.9579941	0.5765208
0.22680444	0.1763742	0.48487628
0.97450256	0.27694148	0.17142996
0.4104849	0.8681129	-0.52979076
0.10128367	0.6169398	0.40024868
0.11938083	0.49835122	0.087638125
0.15624511	0.013462603	-0.1350818
0.59880364	0.7917046	0.41712615
0.32308054	0.41413552	0.37335718
0.9424273	0.0589208	0.25404298
0.658438	0.30361313	-0.16976832
0.2960338	0.34495717	0.5576892
0.9594001	0.6072669	0.0044917464
0.97363275	0.18712765	0.39498273
0.8488362	0.33090848	-0.2940168
0.2602079	0.1862132	0.8485113
0.32223755	0.55256957	0.2896776
0.5151243	0.14739692	0.60504127
0.34159875	0.05763215	0.32120317
0.88645846	0.2010811	0.14330353
0.9527743	0.5383878	0.20529078
0.22298694	0.09976077	0.47595274
0.19850272	0.9700361	0.4954825
0.45678902	0.35644853	-0.61512476
0.22792512	0.57171935	0.4626292
0.6309497	0.8047068	0.45014095
0.25050592	0.73620117	0.5705562
0.5470055	0.49354315	-0.02479438
0.12198669	0.9729622	0.48660815
0.29107243	0.14345992	0.9688551
0.3546158	0.20524204	0.050494976
0.949174	0.4727453	0.34343123
0.8615542	0.8541584	1.1321733
0.31977648	0.7709954	0.14486003
0.19708788	0.9593067	0.46983323
0.30654198	0.15140271	0.8138377
0.39284146	0.28531867	-0.61733085
0.9680829	0.38713843	0.0031171069
0.9719852	0.6876432	-0.53767157
0.35986406	0.76944077	-0.12063755
0.556063	0.5657451	-0.031341888
0.47997928	0.85151833	-0.86522114
0.074499846	0.7015153	0.53164375
0.34133798	0.28235126	0.17392689
0.5115769	0.840357	-0.6202668
0.7436093	0.714135	0.016190726
0.3827213	0.82058364	-0.28622836
0.32117283	0.56618345	0.28190446
0.3985616	0.3464033	-0.55250514
0.977262	0.3416059	0.0074781757
0.4649524	0.17938119	-0.22777125
0.062112033	0.6575054	0.49002278
0.9713348	0.69169515	-0.5287246
0.9363983	0.29026026	0.5024744
0.5277747	0.62953806	-0.34235698
0.5267075	0.6300785	-0.33727854
0.820773	0.056936502	-0.07629204
0.11781818	0.7095482	0.53898466
0.9308024	0.8271268	0.83939594
0.8556228	0.83097905	1.0156931
0.3159601	0.20573157	0.6186964
0.25298727	0.24617225	0.6608001
0.067644835	0.8005797	0.6503422
0.4302848	0.256827	-0.70918
0.6555336	0.14082938	-0.46064276
0.8650668	0.9840296	1.2935108
0.35298824	0.18528366	0.0044341814
0.84281236	0.049693048	0.04103411
0.7078252	0.73114485	0.19441192
0.29594535	0.47430694	0.4436853
0.5179829	0.5161556	-0.29748905
0.6340511	0.29229468	-0.20881811
0.10586178	0.023178339	-0.1409958
0.17428875	0.4450196	0.08784967
0.23644143	0.86418045	0.6156171
0.32245344	0.904725	0.09341246
0.703418	0.13320965	-0.37443796
0.28147423	0.2023381	0.85708445
0.21599197	0.86157525	0.61361223
0.39125264	0.9970213	-0.46743685
0.57930917	0.097883284	0.2884746
0.22385949	0.057386935	0.55630964
0.47124535	0.8995581	-0.80913645
0.82783765	0.17925692	-0.2735534
0.2651024	0.6343769	0.50236046
0.87460214	0.2486217	0.08102858
0.63557255	0.39136106	0.06728021
0.63597405	0.31214184	-0.19212532
0.41261572	0.70145977	-0.46110356
0.7086926	0.71270186	0.22055109
0.29803395	0.46614265	0.4586097
0.9267515	0.7046647	0.84120184
0.901377	0.19799834	0.26248673
0.7463155	0.60916764	-0.14108509
0.23801512	0.29199588	0.49550292
0.7400118	0.9089685	-0.054994367
0.12588578	0.6135896	0.37647867
0.11954975	0.31578493	-0.33197227
0.74712497	0.7564608	0.03996055
0.8933109	0.5960981	0.670366
0.33506286	0.856329	0.01122931
0.17602885	0.61565083	0.36015114
0.24285811	0.713675	0.5322267
0.0081986785	0.023682356	-0.17285463
0.046969235	0.46677113	0.1483844
0.4444946	0.5996735	-0.68313533
0.7825228	0.9263596	0.4173278
0.9087596	0.90436065	1.1800537
0.3364426	0.58265215	0.19842164
0.638092	0.21147078	-0.37215877
0.38945085	0.64941424	-0.23588954
0.45559227	0.64731526	-0.7414003
0.13207012	0.49626672	0.102501705
0.6558913	0.8464719	0.26028082
0.5743705	0.47578073	0.14903787
0.75607455	0.21432006	-0.43351915
0.7455131	0.12911749	-0.35060164
0.71335167	0.5480928	0.16705744
0.4086755	0.38762057	-0.57579225
0.40367073	0.6665234	-0.2739891
0.088789046	0.14258933	-0.39088902
0.9359132	0.25046593	0.44672704
0.40460092	0.02331531	-0.49166533
0.6662841	0.7793856	0.40292454
0.31954628	0.7182644	0.23595874
0.8170942	0.7292147	0.2028229
0.32339334	0.37673867	0.3923133
0.9030641	0.13990474	0.24326527
0.7318107	0.28740132	-0.25068498
0.9396789	0.9398549	0.4944227
0.1705721	0.57761705	0.32051122
0.720878	0.33865702	-0.08082069
0.42682642	0.3592757	-0.7492482
0.53175586	0.6429254	-0.4140578
0.7138586	0.17898065	-0.29695964
0.2644099	0.78127706	0.6319569
0.8348369	0.686495	0.24535833
0.49657512	0.2793036	-0.013220625
0.09832394	0.9898302	0.5127695
0.38187724	0.38271874	-0.3054903
0.1985339	0.8185757	0.52684677
0.5272593	0.5157644	-0.1969766
0.98211575	0.036914706	0.53263664
0.7759428	0.67239624	-0.20944868
0.20146364	0.76635355	0.58708227
0.27308053	0.82694936	0.56228596
0.82857025	0.7917973	0.5251564
0.25251538	0.108899534	0.8129413
0.95084053	0.25084937	0.4011761
0.9877588	0.5890524	-1.0628729
0.9300658	0.04188031	0.2005666
0.18364418	0.13680363	-0.034208182
0.98164684	0.34552217	-0.0765722
0.441903	0.7109137	-0.68190444
0.70800763	0.65342355	0.25187507
0.38524348	0.963291	-0.38121536
0.46127975	0.16152465	-0.22107445
0.780535	0.057463706	-0.22313075
0.9843585	0.5762747	-0.9333256
0.86367035	0.15724719	-0.025240349
0.3926838	0.19309038	-0.6370437
0.713508	0.23239118	-0.22903936
0.2500702	0.55617243	0.4911033
0.9848875	0.19351238	0.3240266
0.88180125	0.34662366	0.09815963
0.9290771	0.92753613	0.8218951
0.8939848	0.75930613	1.1116443
0.185529	0.35504574	0.063230515
0.84788066	0.9953738	1.2049038
0.99545825	0.8628512	-1.564653
0.5204049	0.9040926	-0.38722765
0.9519007	0.31397498	0.35733983
0.72601956	0.53023946	0.054541238
0.78626555	0.1979335	-0.40982357
0.3823517	0.35375404	-0.49311173
0.2032597	0.937192	0.5888807
0.44845945	0.7861712	-0.7522063
0.27595907	0.65768504	0.4505293
0.3818122	0.6957464	-0.2086774
0.6097204	0.9822177	0.43425488
0.5282544	0.0967471	0.91575396
0.89293265	0.18613952	0.19582649
0.86663896	0.32403368	-0.044411056
0.6017961	0.933292	0.45576766
0.8937357	0.15484011	0.22378775
0.7744936	0.33345324	-0.55843735
0.7730443	0.5139283	-0.40690336
0.016051114	0.79684305	0.3114161
0.7011908	0.3939026	0.043113105
0.5261645	0.72960263	-0.43376195
0.59213215	0.22587228	-0.057005562
0.8672542	0.91347486	1.3515944
0.06273371	0.511661	0.23504558
0.78170943	0.92728025	0.33241844
0.7318777	0.59113383	0.017674832
0.70786256	0.6763569	0.25431553
0.55073106	0.4922614	-0.03062237
0.06327289	0.59871334	0.4229158
0.6851606	0.48316652	0.35221973
0.7610899	0.7498718	-0.0043718955
0.50268614	0.55357426	-0.5308591
0.65064925	0.17203575	-0.4406908
0.5776109	0.07440239	0.3937949
0.683161	0.40844566	0.17060147
0.9483185	0.91872823	0.27142912
0.63723993	0.29521894	-0.17611586
0.32652462	0.15693903	0.5247061
0.35334277	0.8459465	-0.062227387
0.32603538	0.063223064	0.7167209
0.9656703	0.2772156	0.30375883
0.652488	0.20413834	-0.46539274
0.7574189	0.7206052	-0.00960616
0.20704281	0.9369663	0.6101285
0.34251416	0.24337274	0.18215731
0.48048478	0.05041337	0.5729433
0.19994313	0.48877162	0.24471433
0.98183537	0.98781306	-0.9626439
0.6503695	0.6014781	0.42487532
0.9173897	0.5291052	0.6740854
0.97597706	0.5432475	-0.46810663
0.50523037	0.05517906	0.88363993
0.6162418	0.16479665	-0.29042706
0.59747326	0.22457063	-0.068572305
0.5040879	0.21432513	0.3112839
0.21134597	0.88420415	0.5376496
0.15815336	0.35702294	-0.1864813
0.058235943	0.44913328	0.008798569
0.4289351	0.48712242	-0.62776524
0.35229975	0.15237111	0.06678882
0.6562406	0.038217306	-0.6322237
0.53153235	0.0024974346	1.2328953
0.8311607	0.015051663	0.015572589
0.9601628	0.6633177	-0.027870731
0.3759212	0.40266168	-0.26886064
0.5123813	0.93821245	-0.49457142
0.034674585	0.4115591	-0.024219636
0.19090384	0.8247538	0.53688717
0.64166915	0.22195274	-0.3378174
0.71154726	0.5304352	0.2517497
0.37324572	0.2319389	-0.30014122
0.6954247	0.649203	0.37548295
0.9753662	0.63824284	-0.6596084
0.9042345	0.53387874	0.62768114
0.232333	0.38815516	0.4002142
0.57546514	0.037189484	0.5209783
0.9390238	0.4869241	0.43270814
0.1215412	0.75171524	0.55003244
0.21647596	0.07143164	0.39834738
0.6019756	0.75841254	0.4645803
0.8233491	0.33767343	-0.49877805
0.9052415	0.548256	0.6466588
0.91578746	0.6678153	0.8050108
0.6891997	0.67414737	0.32189175
0.7217787	0.06364739	-0.32646605
0.33516854	0.20245737	0.3282746
0.04934609	0.106443465	-0.13609698
0.75284916	0.40782368	-0.30542767
0.77275115	0.24318808	-0.45962232
0.7058685	0.6714682	0.31639606
0.08698398	0.2692517	-0.43406618
0.5989202	0.6590193	0.36939222
0.497607	0.5569154	-0.52472556
0.690564	0.2685669	-0.10507506
0.84022903	0.5570788	-0.14952576
0.70463103	0.62196594	0.25887448
0.18200737	0.61131936	0.39303657
0.8498498	0.2383998	-0.19648664
0.7089704	0.9787686	-0.2840672
0.95676386	0.8170452	0.042208686
0.6995825	0.72256017	0.27107817
0.69517535	0.26339298	-0.18834832
0.19077551	0.5260806	0.27004305
0.39827687	0.79443336	-0.36942288
0.0055357814	0.4079975	-0.16052502
0.3015656	0.9633419	0.26539093
0.048215866	0.94339365	0.527731
0.28588527	0.48195255	0.4451591
0.5816517	0.60121953	0.16250984
0.518726	0.30415392	0.11213876
0.11254585	0.07240301	-0.33420712
0.47626817	0.51862526	-0.65821683
0.33922106	0.89775324	-0.07912752
0.37922025	0.25513595	-0.43455678
0.6657974	0.9613265	-0.057302296
0.42968756	0.7477389	-0.6053576
0.25396192	0.46957248	0.4545539
0.98064905	0.69507235	-0.8721903
0.47155213	0.91042185	-0.7667813
0.1497916	0.7159571	0.48207843
0.71396405	0.63306546	0.22508794
0.38082343	0.012019038	-0.2551668
0.9455006	0.59471285	0.35226485
0.33742517	0.3851555	0.18077242
0.28049403	0.703448	0.480686
0.40245748	0.43284565	-0.48377922
0.38298875	0.69438636	-0.18933377
0.21759224	0.28047508	0.31634873
0.028484523	0.17696953	-0.20345485
0.3701936	0.65339994	-0.048305377
0.5443485	0.29185462	0.2648541
0.52561295	0.012989342	1.2035118
0.2618335	0.96313375	0.60489047
0.03467232	0.47182608	0.086519726
0.5531784	0.7995579	-0.03029412
0.60867345	0.73589987	0.400469
0.64252484	0.069978654	-0.57944304
0.95158875	0.6062856	0.19834304
0.31130886	0.30674124	0.54094124
0.60274243	0.73764527	0.3859081
0.18015432	0.65951604	0.42949668
0.474765	0.84855324	-0.8010855
0.22236532	0.8559041	0.5906502
0.27178144	0.40247154	0.58798003
0.31964493	0.09798163	0.7043936
0.9975361	0.20299667	0.23330879
0.89527434	0.7173148	0.9933793
0.16429323	0.5400615	0.21017495
0.93082345	0.14760298	0.3442748
0.4900769	0.7537991	-0.8151192
0.13232851	0.40528566	-0.13994242
0.9819787	0.31147397	0.05790506
0.76410353	0.77463794	0.062125735
0.19630814	0.95184207	0.49805474
0.66640496	0.023303807	-0.58753806
0.1926707	0.59060293	0.34838942
0.88194144	0.6951057	0.80071366
0.5653099	0.94670415	0.27471682
0.11072898	0.29239786	-0.40678358
0.7642454	0.41112792	-0.41903386
0.20057642	0.8624144	0.52274203
0.45946974	0.38599217	-0.58498836
0.18879044	0.7225425	0.5095772
0.68004453	0.04267919	-0.5491441
0.8355965	0.7710567	0.56412184
0.24728012	0.7207499	0.5804044
0.6955186	0.990255	-0.37401325
0.16751766	0.5161801	0.21377848
0.6688684	0.63291335	0.4939055
0.2122212	0.5829566	0.37288225
0.011175573	0.86237437	0.1708857
0.35182506	0.59015197	0.006841086
0.08086711	0.8511485	0.71047574
0.39452618	0.999035	-0.4393996
0.52090806	0.06522161	0.96576774
0.62287	0.50647986	0.22459584
0.99202305	0.08633047	0.5470459
0.48277682	0.5680684	-0.6627324
0.91143197	0.31507468	0.4296047
0.2327342	0.29662013	0.4667455
0.8181874	0.94873995	0.8691208
0.87445617	0.35029727	0.015910706
0.53483915	0.57119536	-0.18699881
0.49922943	0.15198988	0.45534068
0.919654	0.73407817	0.9418823
0.6924734	0.31930768	-0.05354326
0.41413397	0.025675833	-0.4588806
0.6935889	0.28734922	-0.09714243
0.11538917	0.25451833	-0.43751463
0.38060635	0.015452564	-0.2644319
0.79886067	0.3435033	-0.62572396
0.46306938	0.18260217	-0.21163759
0.22536504	0.4616623	0.30286965
0.008088648	0.4558798	-0.037617706
0.20632571	0.7404834	0.5521243
0.57460487	0.43544	0.08683857
0.23663527	0.088508725	0.61447656
0.3273579	0.94001347	0.055359334
0.5269171	0.4481544	-0.064805776
0.40788382	0.9590972	-0.49443394
0.72403234	0.34233147	-0.0889845
0.14142847	0.42495066	-0.11087271
0.7318848	0.83740366	0.019436311
0.28595024	0.8613513	0.46852738
0.6290399	0.506943	0.29307026
0.89553803	0.06020826	0.13507877
0.3654176	0.8522437	-0.1550753
0.8736113	0.9373526	1.3460746
0.52639467	0.46914214	-0.11714587
0.47199565	0.75566757	-0.8206825
0.23086083	0.7497692	0.6172587
0.43533945	0.09110397	-0.4379939
0.9993689	0.7900743	-1.7758169
0.8657833	0.9819779	1.3684332
0.10215503	0.20730972	-0.42245108
0.27015036	0.88638896	0.58590263
0.97659004	0.10788101	0.45231664
0.1735897	0.7569122	0.50985706
0.95698893	0.18181002	0.4137959
0.705374	0.06409782	-0.39806426
0.74887586	0.38884038	-0.3263237
0.725571	0.7840067	0.035654746
0.83032453	0.5764065	-0.16789122
0.53079605	0.7402332	-0.3856825
0.8117601	0.54163176	-0.44885162
0.37487328	0.876363	-0.3184773
0.51903105	0.79959625	-0.5531104
0.482108	0.006369829	0.77795285
0.52432215	0.26164472	0.31366643
0.6628522	0.3689506	0.060692817
0.40998894	0.948525	-0.51533693
0.7424446	0.6523435	0.0098669585
0.13742232	0.7853445	0.5083211
0.70278597	0.88761294	-0.07549886
0.78593326	0.5108563	-0.51466334
0.12530148	0.84956384	0.5712875
0.16809797	0.39703143	0.018005092
0.87979996	0.7096845	0.8281317
0.6090393	0.33661234	-0.060846865
0.7652179	0.5308107	-0.35119492
0.6832184	0.20355779	-0.37696472
0.48086292	0.65612775	-0.7629672
0.9590605	0.59461296	-0.00089976937
0.7193087	0.58651125	0.15865897
0.22169489	0.19995356	0.3763732
0.9644043	0.066800475	0.38973698
0.48107737	0.4604035	-0.5146269
0.25849628	0.7628052	0.5088233
0.2952531	0.38276982	0.5044954
0.41498166	0.65520155	-0.5382371
0.69126636	0.10984081	-0.4220336
0.7553671	0.81823325	0.057304483
0.6349733	0.61950296	0.48232803
0.56414825	0.7600096	0.095701516
0.8463297	0.35516703	-0.3257405
0.34894395	0.6705976	0.04577297
0.5217111	0.9813154	-0.17755495
0.18886858	0.9114167	0.5154897
0.9920627	0.55997974	-1.2058024
0.65365565	0.32057303	-0.19131537
0.37709153	0.3331408	-0.330293
0.86836845	0.5742771	0.28242844
0.26442719	0.9400381	0.6648021
0.8420966	0.41439283	-0.34195077
0.32676768	0.90590906	0.088854045
0.053020716	0.9792898	0.5805729
0.6253364	0.523184	0.2595544
0.16456378	0.19696158	-0.2813593
0.53142214	0.6839604	-0.33157814
0.4578197	0.5983821	-0.7320746
0.0495466	0.9999596	0.5587687
0.37206352	0.84299845	-0.19232339
0.0107450485	0.026016533	-0.17725621
0.93259466	0.89325583	0.7302917
0.5744703	0.91541636	0.362606
0.37775224	0.86417073	-0.23640293
0.55095464	0.96904355	0.14468785
0.26048934	0.041131854	1.0398316
0.007320106	0.06405777	-0.2424761
0.8086724	0.46153373	-0.55245686
0.9129089	0.7294807	0.9581161
0.43874043	0.72978425	-0.7272266
0.9042209	0.8565456	1.1863079
0.8607265	0.0758782	0.07649575
0.37014484	0.87946063	-0.25934303
0.07562667	0.9917039	0.5730302
0.37565565	0.012231529	-0.19544928
0.9424543	0.25153387	0.4655089
0.32454377	0.05696541	0.7064018
0.8251831	0.8419127	0.68751454
0.70901495	0.105341434	-0.27124456
0.99615717	0.70972604	-1.5619885
0.80114275	0.89620006	0.5559895
0.30821568	0.47783053	0.38507676
0.94799197	0.99990606	0.17883027
0.1714449	0.81920326	0.48929033
0.8528066	0.20612448	-0.15175565
0.9924173	0.91438997	-1.4094286
0.81451356	0.86767495	0.6297653
0.39969975	0.64335763	-0.37067997
0.46946895	0.35723656	-0.49942496
0.63982624	0.110645175	-0.53220445
0.48090333	0.77398443	-0.79961973
0.4789799	0.27502084	-0.26630896
0.01675558	0.73219347	0.27638254
0.6253275	0.79034656	0.4566935
0.73131937	0.24801624	-0.29708594
0.7302089	0.44204235	-0.058706228
0.9570749	0.45023835	0.13497606
0.46880645	0.7654662	-0.8208206
0.18860114	0.33392298	0.04088584
0.95579046	0.27013594	0.41457406
0.94595176	0.020043433	0.20854504
0.69841665	0.9808165	-0.31150973
0.528567	0.95390266	-0.13798578
0.25740242	0.37379956	0.5641494
0.82252467	0.48228872	-0.45430142
0.17432225	0.62216765	0.35702482
0.13913631	0.9856728	0.4181643
0.057664156	0.7712119	0.5792607
0.84079295	0.5202235	-0.26584014
0.5058862	0.36012936	-0.102503225
0.16502368	0.8766072	0.4329146
0.756507	0.97055244	0.10713908
0.5508596	0.91459066	-0.01995445
0.9223182	0.029022634	0.099343345
0.41008848	0.68347687	-0.40144464
0.088467896	0.18868232	-0.37931615
0.048894644	0.3353778	-0.16772954
0.4290408	0.8707557	-0.64108086
0.22783005	0.6015284	0.43489307
0.29899728	0.8230529	0.39024684
0.19724065	0.9076002	0.5727063
0.307751	0.9099782	0.22077046
0.9217493	0.15083551	0.37682354
0.4499687	0.39896512	-0.6803206
0.6703913	0.4854089	0.32702857
0.32453787	0.9153691	0.085616186
0.39798135	0.21412861	-0.61856395
0.70386916	0.4745273	0.20582058
0.14663815	0.20906633	-0.38868913
0.905114	0.24492264	0.32344994
0.8213859	0.70221305	0.124544725
0.51143354	0.7899688	-0.63298845
0.67452425	0.22676682	-0.2980598
0.23552871	0.5415168	0.3982337
0.72750026	0.8110681	0.063486785
0.17123544	0.06583941	-0.124322936
0.3457613	0.8197438	-0.015390133
0.020416379	0.77302116	0.26191762
0.19069558	0.17436099	0.053413488
0.9505983	0.5336803	0.2013852
0.5021917	0.6279858	-0.5794703
0.55024374	0.8777942	-0.059494264
0.61029875	0.5037372	0.23630725
0.45762008	0.51914424	-0.646217
0.94088435	0.85082126	0.5183846
0.481578	0.5164362	-0.6128197
0.12207532	0.81358796	0.52937526
0.70246506	0.43546087	0.15550181
0.9205017	0.851672	1.0098253
0.23768824	0.19581062	0.5206706
0.38556755	0.7745006	-0.3031521
0.54041016	0.82903457	-0.25296375
0.29677677	0.52436054	0.35946846
0.79776657	0.34395444	-0.59817153
0.77544105	0.72445744	-0.04351317
0.7385395	0.08662325	-0.29406345
0.8895089	0.184389	0.17807312
0.47321182	0.98142374	-0.6152733
0.9239402	0.9928151	0.8534226
0.18371785	0.76608807	0.48174614
0.2989813	0.61999965	0.35304973
0.95106584	0.26484257	0.39172718
0.4158215	0.7902876	-0.50693995
0.6100075	0.55146176	0.33326596
0.7096887	0.22119242	-0.24738878
0.6746154	0.30858976	-0.036379434
0.7008138	0.2531104	-0.16576906
0.71965975	0.14420742	-0.26377404
0.9306777	0.6529324	0.6891149
0.71933013	0.3772505	-0.07021036
0.35312605	0.82550037	-0.14731762
0.09296185	0.6113763	0.4117709
0.42018813	0.48997343	-0.5575227
0.12749577	0.25236845	-0.43993765
0.9013677	0.89527327	1.225262
0.50036347	0.4197284	-0.32588443
0.36652887	0.38462192	-0.14212218
0.7227248	0.51682925	0.104742244
0.922439	0.552596	0.6257042
0.60960597	0.6476827	0.39970928
0.24745679	0.614065	0.47045997
0.87667125	0.44480675	0.08953349
0.8584849	0.67788035	0.51562905
0.6242837	0.40280795	0.11416295
0.66243726	0.5939663	0.46714586
0.29312176	0.75565374	0.4284224
0.66456205	0.47319573	0.3081791
0.7902445	0.2421487	-0.4928854
0.6113412	0.13785237	-0.25147733
0.1837908	0.9207002	0.39737415
0.32896286	0.22563273	0.45943964
0.9113022	0.3059944	0.46290034
0.93639785	0.7461095	0.667534
0.02859974	0.6110662	0.31827474
0.7396413	0.9529148	-0.11389079
0.32471263	0.5946622	0.26191568
0.35876012	0.9918035	-0.2486258
0.027934909	0.9105521	0.3137501
0.14052409	0.8406433	0.4710002
0.05460769	0.9408499	0.53890467
0.4621957	0.36556053	-0.54195786
0.52132285	0.2453416	0.3009755
0.23292196	0.5989967	0.49879652
0.7154366	0.087420225	-0.34408742
0.7911756	0.98780435	0.56612295
0.36908656	0.2813145	-0.2714689
0.07997388	0.24387664	-0.431128
0.39683318	0.32073063	-0.6271199
0.9449919	0.513219	0.4334867
0.7334127	0.84832305	-0.04248187
0.4807464	0.38756227	-0.3943985
0.5164776	0.12597823	0.68446606
0.14112896	0.48945874	0.09087767
0.72286344	0.07430369	-0.30165392
0.57967114	0.42381263	0.10958874
0.97560245	0.4084651	-0.15125541
0.48411375	0.94029725	-0.6596372
0.7645691	0.5333434	-0.36010835
0.9824361	0.8401135	-0.96083933
0.24789888	0.3140735	0.49965608
0.70986223	0.58101875	0.24678907
0.7181672	0.6730613	0.22076225
0.85139835	0.89602894	1.0990689
0.46709782	0.114830494	0.046575494
0.4318121	0.46295947	-0.6289715
0.52830017	0.12963885	0.7750202
0.3415228	0.9954909	-0.1847241
0.842577	0.7305237	0.50681025
0.2510677	0.50428504	0.40788585
0.93915826	0.21805549	0.43615773
0.23612916	0.91699827	0.6853578
0.48344767	0.7068631	-0.8227224
0.5676521	0.06523347	0.5549828
0.72720194	0.7615946	0.06830555
0.31614548	0.11170244	0.74866474
0.081881166	0.78796947	0.6758954
0.4467497	0.9548431	-0.7073549
0.2709924	0.9846649	0.57723176
0.098796725	0.7595286	0.6333416
0.13077241	0.5443764	0.20028791
0.44780558	0.117251396	-0.3454658
0.44911397	0.66366047	-0.72004646
0.011406183	0.82299215	0.18105341
0.21436256	0.96810114	0.5980237
0.65736485	0.84952	0.27482715
0.24088031	0.038951516	0.7482155
0.8001742	0.10041559	-0.24105275
0.5557974	0.41695857	0.03180293
0.72548664	0.6690301	0.15318932
0.18946785	0.39671838	0.11557505
0.9481745	0.69011366	0.37010682
0.8369443	0.021137059	0.027075721
0.39533573	0.7546827	-0.30176476
0.33985668	0.20586544	0.2982985
0.041062355	0.25046134	-0.20595388
0.094037235	0.15901077	-0.40850276
0.042006016	0.44786823	0.080142766
0.40433687	0.62299937	-0.41888458
0.78039986	0.47515875	-0.52272046
0.02339077	0.3279512	-0.113153815
0.34760886	0.33335018	0.06118366
0.6251957	0.08025837	-0.39186049
0.49288875	0.29206038	-0.07793279
0.7359278	0.29789805	-0.26686245
0.51907873	0.42523646	-0.09906556
0.4165023	0.913001	-0.5432736
0.89912015	0.6451898	0.84003514
0.5297656	0.0151667595	1.2194508
0.87193537	0.7464196	0.8934352
0.8627302	0.0071840286	0.119158104
0.19723189	0.6009622	0.4120269
0.78010094	0.7916685	0.11761078
0.70850265	0.4946636	0.21334678
0.17564565	0.9608288	0.36063796
0.1276502	0.46983534	-0.007052378
0.30038202	0.86700493	0.376747
0.9360833	0.50538373	0.5001153
0.6856911	0.48085654	0.3208626
0.2304042	0.8285921	0.58692473
0.68006	0.527991	0.3355612
0.29713076	0.71740395	0.420791
0.873252	0.8677695	1.3074116
0.8444876	0.46529484	-0.32125437
0.51079404	0.062342227	0.94073176
0.9945452	0.32087553	-0.22461492
0.95936596	0.26470584	0.31291077
0.90693825	0.54329735	0.66667217
0.07657337	0.69619066	0.5733289
0.28627044	0.4108367	0.52767587
0.050433278	0.2103808	-0.2600008
0.7883243	0.78068143	0.12418049
0.31198406	0.96538717	0.22910093
0.16920906	0.61988676	0.4331211
0.4177218	0.45144325	-0.6230711
0.3572175	0.35799575	-0.10463754
0.2848004	0.013584316	1.0919014
0.25144958	0.769988	0.61035526
0.61017895	0.583907	0.35756218
0.3005352	0.38497353	0.49281064
0.50003546	0.41139245	-0.27145582
0.45999467	0.47058362	-0.6970785
0.4754849	0.61966914	-0.6983234
0.6545192	0.75949603	0.3773884
0.8512663	0.80055773	0.8398208
0.44596583	0.95201474	-0.6723859
0.38651532	0.30651134	-0.5326772
0.7343808	0.122314095	-0.33373317
0.41749364	0.48832917	-0.6082915
0.44162023	0.20747864	-0.6148104
0.19698739	0.9733087	0.46017948
0.75476253	0.8796477	0.07464043
0.01812762	0.18809187	-0.30590466
0.13489985	0.5018063	0.10361205
0.005086541	0.5419203	0.07171398
0.48343885	0.8430404	-0.75883496
0.048108876	0.7534294	0.56688184
0.66760236	0.34907842	0.00033023022
0.59367055	0.96267086	0.4800533
0.75027376	0.0702464	-0.28837124
0.5768335	0.6259624	0.15365563
0.8299127	0.9240552	0.9397415
0.5944019	0.8354452	0.4102104
0.9623778	0.32208472	0.2155459
0.77333957	0.63662505	-0.221154
0.4524634	0.6775351	-0.79011273
0.064279854	0.36640525	-0.18682157
0.72051287	0.73962617	0.11600721
0.6367425	0.6127349	0.45853487
0.08412075	0.61890113	0.45292774
0.1421125	0.5695716	0.26716542
0.6742553	0.8186008	0.23727365
0.91197264	0.36520457	0.4466265
0.6226296	0.93836814	0.37467018
0.35112643	0.08730215	0.15733132
0.57753235	0.94594306	0.4381319
0.17568433	0.6856052	0.46200272
0.085626245	0.9662807	0.5999529
0.10715526	0.7810238	0.57326347
0.06711984	0.23136288	-0.27987394
0.5219098	0.51216656	-0.22110255
0.8773661	0.00019359589	0.08020182
0.9044079	0.0652321	0.16073556
0.4174912	0.33555722	-0.7307513
0.10098696	0.108698726	-0.3692675
0.93658423	0.3613165	0.49880072
0.39707464	0.045726657	-0.47191
0.50200313	0.5982723	-0.589367
0.12408072	0.04725343	-0.2722496
0.6894758	0.33999825	-0.039561402
0.35208577	0.5694311	0.06805777
0.9782654	0.04450977	0.451161
0.05755377	0.44104713	-0.008279635
0.7376507	0.31683356	-0.24775864
0.8253107	0.8763979	0.77124345
0.50074774	0.18628913	0.32354814
0.20420748	0.49658805	0.30867144
0.42690772	0.52409434	-0.59085536
0.1750806	0.41423982	0.0473941
0.33763242	0.12528008	0.4130891
0.39192075	0.11979139	-0.5612961
0.9554475	0.63552225	0.13543317
0.9846736	0.17032593	0.4137912
0.72388834	0.823676	0.008823931
0.7596059	0.45780545	-0.33531138
0.28352863	0.5694509	0.41941866
0.6971789	0.6640025	0.34406146
0.9311695	0.45387036	0.55339825
0.38641948	0.05684495	-0.3962752
0.012583911	0.1680249	-0.2383302
0.9568869	0.2324475	0.43481538
0.014344752	0.48364812	0.039950103
0.629961	0.8640994	0.36424676
0.45468193	0.4072988	-0.65700334
0.90487623	0.11452055	0.2717365
0.19532448	0.808468	0.5236001
0.8780457	0.8755934	1.2365736
0.43217754	0.3654734	-0.71961826
0.79496443	0.99864113	0.5887992
0.21491206	0.88799727	0.6321623
0.212417	0.1024459	0.27038482
0.7752014	0.9343624	0.3162959
0.15086484	0.07927209	-0.24750307
0.8589926	0.57928145	0.18115008
0.17555904	0.27493787	-0.07885735
0.8969522	0.3888141	0.38586223
0.008535564	0.6275207	0.15815453
0.05717647	0.21749848	-0.31504282
0.009864211	0.15311253	-0.3299733
0.6457817	0.3579231	-0.013693723
0.4527222	0.03849113	0.050184015
0.9573897	0.716127	0.06372654
0.84933186	0.69483846	0.40765977
0.97686076	0.9496236	-0.7371554
0.55781376	0.763723	0.0012909137
0.23648363	0.101227045	0.6012398
0.9663464	0.89730155	-0.34340236
0.7493994	0.8288747	0.08342983
0.33734608	0.9118505	-0.056789026
0.17232102	0.7549337	0.45288008
0.7851977	0.36850488	-0.5717822
0.15539193	0.074771345	-0.18159866
0.116812885	0.92937267	0.5015333
0.5605657	0.46783	0.085598595
0.66396385	0.77262974	0.3371064
0.29304582	0.9794551	0.35372326
0.22194749	0.35353833	0.30716816
0.104977965	0.4275657	-0.10617834
0.44708818	0.013721287	0.04508181
0.54483885	0.43844408	0.056120116
0.3157217	0.65162486	0.27414393
0.580796	0.68661666	0.21347985
0.086149156	0.52488464	0.19335984
0.8923822	0.70010936	0.9173844
0.66367805	0.7566218	0.34047613
0.9774674	0.7521113	-0.72171295
0.40040332	0.6794943	-0.34500152
0.35790437	0.3208127	-0.102948755
0.49114966	0.46068263	-0.4271423
0.85930145	0.04288256	0.11542617
0.6799276	0.28298122	-0.17500414
0.62290835	0.7584251	0.4778373
0.1793276	0.87962866	0.5199665
0.7951709	0.30206025	-0.6064746
0.9916175	0.0006698966	0.53441846
0.77044946	0.15541935	-0.3546158
0.27113897	0.0069435835	1.0697641
0.9985929	0.10955936	0.56073016
0.12890726	0.7220817	0.55595106
0.07836604	0.054858565	-0.105216876
0.8252789	0.064512074	-0.10990611
0.28995752	0.53468025	0.41610008
0.73557264	0.34005713	-0.18381546
0.0889135	0.8373136	0.6245772
0.5289829	0.21689874	0.45757034
0.416	0.251579	-0.744979
0.8043955	0.3416034	-0.52638817
0.9110568	0.24526197	0.36421385
0.6630165	0.6120886	0.47158214
0.8649498	0.87375516	1.2054955
0.9552097	0.1559487	0.443867
0.7956362	0.30368322	-0.5584115
0.29180717	0.81135845	0.43123418
0.78720397	0.5550557	-0.39272195
0.0238927	0.34280366	-0.1251673
0.21478832	0.14348942	0.3225102
0.45389718	0.20190477	-0.4875535
0.33761454	0.97413695	-0.11147933
0.84767264	0.90139526	1.1280087
0.28752673	0.327653	0.6082697
0.743417	0.116751194	-0.2884108
0.07221258	0.9775007	0.56825846
0.05267167	0.54965085	0.25049105
0.75167495	0.95818937	0.04401526
0.5083319	0.6024351	-0.47509623
0.87021494	0.14484513	0.04644265
0.71590686	0.19254607	-0.27043945
0.45819002	0.7166551	-0.76832765
0.64095765	0.7020728	0.49885106
0.7193618	0.096123636	-0.32626647
0.33296835	0.5267917	0.20377968
0.24087411	0.51009464	0.39349973
0.15828854	0.43237686	0.005254862
0.6745487	0.6930471	0.40570298
0.49351662	0.124944806	0.47033858
0.17632627	0.96064997	0.44815922
0.3240437	0.74762505	0.16323373
0.7378888	0.3844273	-0.16508357
0.45205176	0.0796926	-0.10446816
0.6848878	0.25121677	-0.19921865
0.50306785	0.41805857	-0.2705845
0.04861647	0.7380302	0.5456659
0.71919626	0.99399674	-0.30537
0.22864729	0.56884086	0.43450102
0.677019	0.80050975	0.27502903
0.49407887	0.29684633	-0.047221553
0.16043317	0.37191468	-0.14921933
0.672769	0.27270466	-0.24655174
0.6612032	0.11702889	-0.5439018
0.54606503	0.7583669	-0.205962
0.9270333	0.953528	0.7925186
0.6460587	0.94270486	0.1946234
0.029595613	0.35358208	-0.06540252
0.5522887	0.8966051	0.09480134
0.6608622	0.57800484	0.40256637
0.75417227	0.6976281	-0.04612767
0.87216246	0.7235509	0.7809674
0.03680426	0.32026362	-0.19519517
0.08369964	0.660416	0.52653176
0.49607325	0.6477438	-0.69251037
0.20543277	0.07933241	0.19877566
0.66414744	0.13722962	-0.520509
0.03487146	0.98086244	0.39613345
0.7735686	0.14339852	-0.3489456
0.42278588	0.106686175	-0.558043
0.3668471	0.3379224	-0.11708002
0.6978415	0.37350768	0.13257372
0.6891216	0.6494651	0.41138732
0.36867714	0.94594467	-0.28784123
0.98538154	0.82858205	-1.1381629
0.929519	0.939443	0.7390498
0.47615433	0.15843993	0.036316045
0.9876065	0.084845066	0.5655087
0.2096045	0.19735259	0.24563989
0.17074561	0.8974059	0.40489224
0.7025897	0.93340045	-0.11312145
0.7648017	0.5323028	-0.30735445
0.06964409	0.896179	0.6657361
0.48771107	0.34821087	-0.2359127
0.9085353	0.17023575	0.28344277
0.95024383	0.3896188	0.33631504
0.2979319	0.16377139	0.8970728
0.3291605	0.6362842	0.21152978
0.6601519	0.32920432	-0.049585123
0.20766741	0.62577826	0.4857087
0.5663762	0.018734396	0.77192396
0.33889985	0.18061602	0.32711095
0.005938053	0.40044087	-0.17966622
0.9934942	0.24883926	0.08521302
0.7600728	0.6513253	-0.1460901
0.18585545	0.9292604	0.48812824
0.42658627	0.095095396	-0.5347155
0.92105174	0.56214094	0.7305076
0.82177293	0.7299629	0.2902473
0.24391592	0.35177904	0.43004283
0.10883534	0.20533049	-0.46343288
0.7480446	0.6565286	-0.03654191
0.29821312	0.058961034	1.0137488
0.45247477	0.52001804	-0.66415817
0.35750479	0.18651867	-0.07822839
0.008552313	0.15785664	-0.32917103
0.8436072	0.03178215	0.0670798
9.137392e-05	0.65496886	0.06729662
0.9587238	0.68751925	0.006413759
0.69180495	0.35980707	0.036741644
0.33486438	0.05984974	0.47722402
0.5440204	0.68893564	-0.2248804
0.5667025	0.9716402	0.35568532
0.37247634	0.17062908	-0.2904348
0.439812	0.5780088	-0.63014597
0.46297455	0.9288021	-0.70781595
0.144921	0.8632816	0.46800402
0.52053154	0.7423626	-0.5780447
0.31871068	0.4055522	0.46272105
0.06395906	0.82396597	0.6619258
0.65896356	0.10346931	-0.53381145
0.17689443	0.5776819	0.3201792
0.097919166	0.25676745	-0.43804884
0.8745713	0.28311563	-0.0108757615
0.526372	0.24566656	0.35534787
0.41383618	0.9434299	-0.5429505
0.5125747	0.18694264	0.5053863
0.23216337	0.09796643	0.5828929
0.6015649	0.58210474	0.27138284
0.8843702	0.2884742	0.07469694
0.730853	0.5393832	0.09431039
0.8652224	0.43037498	-0.138343
0.23099971	0.30668128	0.41643277
0.75331944	0.26645905	-0.3712395
0.017423213	0.32926536	-0.19953074
0.48519474	0.65099883	-0.7361515
0.2403093	0.13593441	0.7130027
0.5426675	0.077769876	0.8633381
0.49680328	0.66307825	-0.72927827
0.64831644	0.02013743	-0.6077084
0.9879544	0.67892325	-1.1937647
0.10994792	0.10728037	-0.41119352
0.83672285	0.018497944	0.031925168
0.11387652	0.7423599	0.56539387
0.992925	0.3351683	-0.28962216
0.9364494	0.65983164	0.5958441
0.34905672	0.5020902	0.100828
0.031113327	0.79101545	0.44427738
0.15213937	0.82455194	0.51790226
0.10961288	0.3328063	-0.38301733
0.9458456	0.6061483	0.37113518
0.71754223	0.25239742	-0.14430356
0.883098	0.5999558	0.564076
0.4238026	0.4027028	-0.70502025
0.2290622	0.0025800467	0.5495812
0.12263334	0.576752	0.29820892
0.54128766	0.020831347	1.1538595
0.527988	0.2834623	0.20166862
0.33582282	0.63027424	0.17033447
0.7829584	0.504851	-0.5513383
0.094148636	0.48783183	0.04285065
0.20490307	0.34983695	0.12078665
0.95753676	0.7175724	0.027719961
0.33218265	0.78021353	0.08155612
0.11828518	0.7021474	0.53738457
0.39811093	0.32461625	-0.5912267
0.12331742	0.33714306	-0.32589087
0.72640216	0.63956505	0.1104377
0.62268406	0.8054874	0.44575036
0.8229122	0.7685906	0.3540052
0.9851126	0.55425006	-0.85599077
0.6215362	0.6319592	0.43847576
0.042341888	0.6816498	0.5064248
0.9437461	0.17678285	0.39711794
0.12246317	0.28751785	-0.43645298
0.7821511	0.91010773	0.36288235
0.50249004	0.5723633	-0.55403084
0.71104693	0.53547114	0.19307211
0.48920786	0.7548572	-0.717339
0.4704954	0.85251456	-0.8449321
0.36903977	0.28225958	-0.29388207
0.99955404	0.8866496	-1.7550888
0.84838855	0.38626516	-0.29132855
0.46612132	0.8888315	-0.7902612
0.3617373	0.54732245	0.0055252276
0.4258362	0.25006694	-0.7679889
0.2231161	0.75035274	0.5928141
0.569778	0.61176264	0.07732011
0.37122226	0.72534883	-0.12981862
0.5869892	0.48368573	0.13719667
0.7850694	0.6236902	-0.2624611
0.35817045	0.11537027	0.0064281914
0.78707963	0.9951601	0.49013445
0.33451098	0.013353884	0.58663106
0.9832482	0.00883013	0.45805916
0.30238116	0.8648517	0.27296644
0.15832907	0.37615252	-0.104105756
0.66688126	0.76251745	0.35896996
0.62418944	0.59925777	0.4083826
0.6527989	0.454247	0.24621052
0.9939108	0.69827896	-1.4699196
0.8527664	0.51765686	-0.09643154
0.8832033	0.82843053	1.2239145
0.3903427	0.52129644	-0.28633365
0.94725865	0.29662496	0.43802986
0.8814746	0.94436	1.3091346
0.6671089	0.5553633	0.3695186
0.04696405	0.16444963	-0.16814739
0.37031096	0.5745058	-0.11605024
0.059080005	0.56183237	0.30331334
0.5597239	0.68733823	-0.07740831
0.79815453	0.250647	-0.54976654
0.17906332	0.5247092	0.2830449
0.15171784	0.6925746	0.4557446
0.101795435	0.031666577	-0.18380825
0.28548527	0.4232126	0.51856446
0.87410325	0.45067883	0.09342758
0.542962	0.10380679	0.75297755
0.1181764	0.77893615	0.57879
0.3721267	0.19624883	-0.3004168
0.9223111	0.8786483	1.0106772
0.48785454	0.21905422	0.04725262
0.022978783	0.5174862	0.11726413
0.085538805	0.09257662	-0.27317825
0.34100384	0.59942824	0.13967592
0.8382283	0.51622236	-0.29254174
0.5839912	0.7414496	0.28743985
0.4127996	0.042500436	-0.42969352
0.22052532	0.9143882	0.5808849
0.39748377	0.30038542	-0.68083733
0.25869226	0.8405316	0.67014474
0.22599119	0.90857136	0.6695434
0.0763939	0.34518427	-0.17818242
0.78145736	0.57667416	-0.4054653
0.6875872	0.77388406	0.27351898
0.9318894	0.37284482	0.4606686
0.4667542	0.3346808	-0.49901298
0.6505596	0.35540318	-0.06999378
0.110509336	0.59696925	0.35507962
0.63222873	0.14476109	-0.43748766
0.20940948	0.7880421	0.5586425
0.9904932	0.4044007	-0.520866
0.3900029	0.26030785	-0.51780283
0.12484473	0.18897057	-0.45074773
0.4607966	0.6014519	-0.749817
0.7903617	0.5218245	-0.5315694
0.083072424	0.51282567	0.10130271
0.89306974	0.32880455	0.24299206
0.9064872	0.16134608	0.30250296
0.021336317	0.43539745	0.01846383
0.5619411	0.32223898	0.2069583
0.018333793	0.16467988	-0.24208355
0.897813	0.7576994	1.1072477
0.59398705	0.45923203	0.11533278
0.11258721	0.9497496	0.4978034
0.9482552	0.7336174	0.39321187
0.13469619	0.688821	0.485032
0.013812244	0.86003256	0.21467994
0.72660905	0.114185214	-0.29646868
0.97540015	0.9121918	-0.6579942
0.44690478	0.31888527	-0.6157892
0.6737224	0.5122028	0.38305384
0.55336285	0.17226851	0.47550794
0.63440275	0.57232594	0.43823177
0.22955889	0.8824573	0.66176426
0.02504021	0.53614223	0.1564637
0.5159899	0.6923617	-0.59772277
0.124720454	0.2642207	-0.37984362
0.55077654	0.112184584	0.727602
0.50768405	0.6100284	-0.5252377
0.015979946	0.9176134	0.21013023
0.7703259	0.682995	-0.15276982
0.9789307	0.5568065	-0.67801493
0.6277317	0.07035518	-0.44133002
0.5403372	0.8134921	-0.22433358
0.55317324	0.8994275	0.05600579
0.80055064	0.68761057	-0.079613775
0.93650377	0.5756337	0.5717527
0.77859163	0.32184833	-0.5866075
0.38094902	0.012083769	-0.2564454
0.07370621	0.9020029	0.6159245
0.061813235	0.944978	0.65470695
0.61474705	0.4917565	0.10182516
0.37028784	0.8996332	-0.23431247
0.0022600293	0.1595512	-0.44364548
0.7146931	0.0961718	-0.3798217
0.58219	0.13957447	0.18892367
0.1476869	0.19601983	-0.3543456
0.69520634	0.2886536	-0.13501938
0.6674095	0.64802164	0.5035395
0.70619506	0.6846248	0.24307412
0.9752111	0.09481269	0.43615887
0.72073096	0.5247229	0.09674278
0.059255898	0.9796989	0.5401976
0.30040544	0.66049165	0.2884535
0.48357254	0.21939427	0.012324601
0.59097785	0.6967535	0.33484155
0.25219315	0.72394496	0.5411107
0.106968164	0.5626073	0.24364021
0.8359602	0.43390644	-0.42534885
0.7505673	0.98491	-0.06670439
0.051778615	0.08607328	-0.10909532
0.6840885	0.7357808	0.36148238
0.022275686	0.94786525	0.3059105
0.14102554	0.7294778	0.4666131
0.012241781	0.73907214	0.23551166
0.8517568	0.33583307	-0.24892822
0.85970384	0.88906556	1.2278464
0.6184328	0.92215794	0.41321924
0.58448493	0.28434563	0.0975691
0.7763882	0.054540038	-0.21281472
0.7169933	0.28187525	-0.10521273
0.6747601	0.64414895	0.44928068
0.05453211	0.83138853	0.59639454
0.29257953	0.43195194	0.46884114
0.56298816	0.4045382	0.12900116
0.29755366	0.49440628	0.39356086
0.65072834	0.01945889	-0.6045909
0.7452425	0.49401218	-0.19996338
0.87308705	0.09623027	0.15209708
0.23168433	0.3488605	0.3693115
0.6013395	0.9757639	0.4980908
0.48136896	0.15998268	0.09101303
0.7611202	0.18281591	-0.38833922
0.79899067	0.035618722	-0.10542851
0.16464645	0.7909083	0.48405284
0.9564711	0.59830165	0.079343796
0.60529494	0.531692	0.3458922
0.0077829957	0.14776582	-0.30534443
0.42986494	0.58924484	-0.6183283
0.8268919	0.06773627	-0.09568892
0.9693047	0.31790668	0.19368845
0.4253525	0.0070046782	-0.28776714
0.6212824	0.75839996	0.43851188
0.08937013	0.6515753	0.53539616
0.59374267	0.088050425	0.06965942
0.51794577	0.06659758	0.99299055
0.4782213	0.20412052	-0.04120548
0.65037435	0.6615036	0.50184083
0.3038364	0.37128747	0.453295
0.6741011	0.90988594	0.033830613
0.58989394	0.22770822	0.013882367
0.0048736334	0.10866028	-0.37502897
0.6308333	0.9621159	0.26718593
0.7474372	0.41764313	-0.28415263
0.29071957	0.7214868	0.38317665
0.43131196	0.21693367	-0.6722477
0.13777679	0.37924927	-0.22483438
0.2448737	0.09894103	0.71275264
0.68073004	0.9663122	-0.18364255
0.57701576	0.17770922	0.2081497
0.79733485	0.9819449	0.5903381
0.40986663	0.8937839	-0.50550556
0.8347486	0.033426285	0.055423662
0.46155936	0.6374184	-0.76419383
0.35113317	0.011067867	0.25760725
0.5458305	0.68261003	-0.1331861
0.068606615	0.06882167	-0.1403694
0.14758861	0.00034707785	-0.13704567
0.3609926	0.2856195	-0.10576196
0.71116984	0.20780122	-0.24988244
0.98164755	0.01125586	0.47502434
0.6875374	0.24648267	-0.18351747
0.706931	0.4015786	0.048401453
0.37297624	0.04250282	-0.20570198
0.0696367	0.59324086	0.4454261
0.17233217	0.49280757	0.1941263
0.22866452	0.58560884	0.4452746
0.9265894	0.98614043	0.76953995
0.50021714	0.98787785	-0.4552002
0.8926915	0.1422661	0.17213364
0.12010825	0.57093817	0.31963664
0.96620476	0.20634979	0.40868688
0.7048563	0.10606623	-0.27969652
0.35355663	0.94760776	-0.22268903
0.4739318	0.75969607	-0.872539
0.5801824	0.412233	0.07330592
0.15001309	0.015612364	-0.18145174
0.07875043	0.56620497	0.37562004
0.07292563	0.14166361	-0.28026724
0.7495433	0.6407183	-0.09552663
0.5195607	0.8178094	-0.5123827
0.6871384	0.07566935	-0.47506213
0.5649931	0.67010236	0.076937795
0.13384753	0.5336545	0.20000592
0.63982064	0.14301723	-0.4835769
0.4115228	0.67741597	-0.5179802
0.6883307	0.42995197	0.14697692
0.0663144	0.120738745	-0.25918627
0.2586512	0.39081937	0.5038059
0.8912099	0.22102457	0.24276066
0.95565104	0.9906314	-0.08822477
0.83605105	0.3911798	-0.4466668
0.4471606	0.8322012	-0.7772523
0.0592013	0.6504694	0.48311162
0.047465086	0.507	0.14934422
0.2973538	0.9743623	0.3655702
0.5652682	0.8887204	0.20400785
0.77064043	0.23736233	-0.39610487
0.4661209	0.9518562	-0.72826976
0.57975143	0.7283796	0.20653036
0.8972046	0.98031706	1.2339596
0.5033534	0.14655888	0.57359314
0.5890195	0.14850062	0.07812978
0.7505989	0.048140824	-0.3145454
0.21065128	0.52294856	0.4050252
0.27902943	0.77614295	0.43390337
0.71058524	0.8998943	-0.0598877
0.8537881	0.29442394	-0.2506346
0.7429788	0.7250414	0.022647751
0.6158834	0.9777427	0.3882085
0.34712547	0.68717545	0.10001059
0.973466	0.13051718	0.4685878
0.20002156	0.9316018	0.535295
0.8732481	0.3203023	-0.0594228
0.5003267	0.74551326	-0.7391833
0.40491545	0.007560909	-0.498626
0.7943198	0.49347824	-0.5300434
0.4632252	0.18054497	-0.27101135
0.112131834	0.14300984	-0.40580466
0.44272226	0.5087121	-0.6759531
0.23751408	0.58239233	0.48600507
0.008860588	0.111395	-0.29780716
0.99603176	0.45848525	-0.8603903
0.29384637	0.7720155	0.39640486
0.7114757	0.6276452	0.2390092
0.5794371	0.118863225	0.30309042
0.31439978	0.13292915	0.7558267
0.18030065	0.09961957	-0.0746201
0.6871038	0.12214744	-0.36584315
0.4465201	0.9090917	-0.7531795
0.10979271	0.853107	0.6179686
0.8550518	0.07660526	0.00253506
0.041231632	0.5600443	0.2828196
0.5948694	0.20646751	-0.039429672
0.12175661	0.24262941	-0.4329187
0.45701313	0.40749097	-0.6012593
0.2022968	0.68234503	0.48226652
0.300887	0.7416897	0.3312572
0.6907196	0.84176326	0.081001155
0.7631498	0.010542691	-0.14821053
0.043253005	0.3057195	-0.17463842
0.7345566	0.24013305	-0.33165193
0.70590794	0.23523962	-0.17062125
0.039292336	0.30535567	-0.19129571
0.45740128	0.4343816	-0.67621154
0.5477591	0.30453414	0.27079266
0.6807862	0.8567747	0.16158795
0.13976365	0.99802625	0.29931185
0.8846337	0.43123132	0.23123425
0.7833322	0.23152655	-0.5206183
0.82303965	0.6891479	0.08504825
0.9056052	0.24250084	0.3155692
0.4063859	0.29477036	-0.70921314
0.99752814	0.24669522	0.0694227
0.74792135	0.05563259	-0.2728103
0.97319317	0.9201922	-0.61096454
0.14155805	0.348531	-0.26679102
0.710309	0.11751938	-0.3833714
0.5358542	0.5369915	-0.16321802
0.23417735	0.57547873	0.47836724
0.7143555	0.99414235	-0.3197755
0.6018093	0.31557214	-0.09292756
0.13233984	0.055401266	-0.3305651
0.24975342	0.7307487	0.5300839
0.9005061	0.88654	1.2644848
0.7328011	0.4989074	-0.091240525
0.28613663	0.9235132	0.39342338
0.113087595	0.045582533	-0.24964629
0.27178562	0.7307465	0.5328112
0.6587853	0.25530118	-0.26658946
0.59878415	0.355363	-0.0071686134
0.31202388	0.19353032	0.72626966
0.94016147	0.295119	0.44850984
0.7254931	0.80445004	0.062112328
0.69175476	0.47022212	0.21604806
0.23083997	0.20406616	0.47480467
0.88069475	0.8206832	1.1803269
0.42400008	0.42469263	-0.6644546
0.80489373	0.5506373	-0.45609573
0.8186616	0.806928	0.49962658
0.21797627	0.13814259	0.37208393
0.8525529	0.42189056	-0.23418365
0.16864938	0.2966681	-0.1828359
0.41627973	0.91604495	-0.49734986
0.49099046	0.92500734	-0.7085004
0.29139006	0.26108336	0.68672913
0.25212687	0.5983086	0.49383953
0.9520367	0.008280158	0.2570502
0.58131623	0.6828556	0.20638287
0.39328772	0.12196267	-0.5746398
0.034128606	0.30232537	-0.22091731
0.7462073	0.48168987	-0.194244
0.25216872	0.88776594	0.6224389
0.80292326	0.9154386	0.6387347
0.9446446	0.8019466	0.47128552
0.9198336	0.016172767	0.17318007
0.84338677	0.6888379	0.36008042
0.51660013	0.8889636	-0.44524056
0.25019604	0.57296443	0.4254157
0.28134143	0.84802145	0.56672794
0.13134784	0.3502707	-0.26937452
0.040540576	0.48553067	0.049988627
0.56875366	0.9159031	0.263453
0.65230566	0.01234591	-0.6377681
0.49380404	0.04072398	0.7951466
0.31703812	0.9020156	0.14825301
0.46701086	0.41188318	-0.5295901
0.50231427	0.9024104	-0.6116487
0.30299658	0.33338243	0.5900558
0.45305085	0.9304491	-0.6909033
0.90208656	0.7867196	1.1216774
0.35691768	0.5483573	0.02262858
0.7128089	0.48492044	0.1128715
0.17029393	0.27224338	-0.07324874
0.95533574	0.20510787	0.38503626
0.8570076	0.015682817	0.09607274
0.42416984	0.046014607	-0.43746603
0.3883549	0.6751796	-0.28086045
0.53062433	0.38056576	0.025418539
0.67847294	0.64515877	0.40410864
0.5050873	0.9502244	-0.46071967
0.05390221	0.92893344	0.59173644
0.96433973	0.89625347	-0.25502783
0.095706284	0.09441894	-0.30317312
0.6335396	0.07672709	-0.55176777
0.99376506	0.9464019	-1.3878328
0.07801211	0.69213945	0.5576159
0.7865737	0.36059618	-0.5906595
0.3841573	0.9709211	-0.38836938
0.41898817	0.7906275	-0.5810273
0.36964405	0.76559395	-0.1381063
0.3919134	0.3669619	-0.49199
0.8520051	0.8355187	0.9735461
0.05633706	0.92789704	0.61602414
0.35827386	0.49913824	-0.036842592
0.16062427	0.5826288	0.28651655
0.44455153	0.42548215	-0.67158836
0.79342324	0.3061276	-0.5783912
0.10596049	0.45756614	-0.012819614
0.16178215	0.21168911	-0.19259772
0.5810403	0.70093656	0.26279414
0.99906415	0.05016184	0.6133394
0.46662664	0.75672984	-0.87893635
0.41863447	0.4112844	-0.62212837
0.40855712	0.28615648	-0.6339382
0.9389694	0.44776034	0.43744496
0.509387	0.601233	-0.48004493
0.16596705	0.24197274	-0.2060106
0.32540298	0.8629905	0.11665575
0.21398187	0.6941163	0.5829478
0.56336075	0.3046903	0.22468655
0.01145643	0.9619096	0.19334415
0.5479541	0.7395524	-0.17364305
0.64745	0.17322606	-0.4695694
0.2792791	0.1662339	0.89109516
0.03409016	0.69946104	0.35905606
0.5680426	0.70669955	0.10488534
0.49860686	0.24619782	0.097236045
0.28988105	0.7477859	0.40099716
0.315203	0.22750157	0.5844291
0.16500592	0.8878824	0.45944
0.956345	0.5751612	0.13647966
0.99254555	0.8351372	-1.4487156
0.6040654	0.34556615	-0.030076094
0.8815608	0.19409049	0.116531365
0.15297681	0.9995169	0.337995
0.7118491	0.12552327	-0.24993336
0.15745455	0.40405273	-0.043697566
0.5884137	0.9928055	0.46021995
0.98047155	0.27509505	0.12096736
0.052425742	0.3747869	-0.15706152
0.8071845	0.81656957	0.39526716
0.8708877	0.7245639	0.8400144
0.6906024	0.48350108	0.31363076
0.5777329	0.7068028	0.20311339
0.2278297	0.6527411	0.4713062
0.3749817	0.72679293	-0.16061726
0.19717664	0.2933339	0.091844246
0.32603174	0.038915575	0.73448765
0.020126402	0.20083886	-0.23319316
0.07405186	0.4425714	-0.05240749
0.7733875	0.04766071	-0.21011266
0.98350674	0.09562534	0.5587539
0.13785821	0.071899295	-0.23968758
0.8065678	0.10482675	-0.24870612
0.9371831	0.6939643	0.61057097
0.08164501	0.35890734	-0.25636113
0.4761231	0.8029889	-0.88354266
0.38706172	0.3626452	-0.47124526
0.96483505	0.34551507	0.21337646
0.37849528	0.30690163	-0.41891918
0.023799121	0.75552654	0.3192246
0.30642825	0.27165562	0.6129619
0.5601412	0.20041078	0.4511601
0.42450285	0.44122344	-0.66152906
0.64141834	0.43318588	0.15717776
0.76560086	0.8762157	0.13942991
0.03197497	0.6180986	0.27782634
0.5208845	0.4245792	-0.09282287
0.61486197	0.8996178	0.47637004
0.06723219	0.831248	0.64194614
0.48624682	0.43050492	-0.4361213
0.32248962	0.15716964	0.5541535
0.33057255	0.38206524	0.2922568
0.45329696	0.63411045	-0.7763531
0.22577661	0.7497871	0.6171572
0.62506354	0.9554041	0.33143514
0.7333658	0.056413233	-0.2880527
0.78927004	0.018332303	-0.1595647
0.8471993	0.04959297	0.039653886
0.12003654	0.566538	0.26480526
0.96374583	0.70328534	-0.20831816
0.3375762	0.4257195	0.2109237
0.3361575	0.7014694	0.16066226
0.6619717	0.50817823	0.32846138
0.5264622	0.44213176	-0.16797678
0.39570564	0.6500328	-0.34654397
0.21429497	0.3690703	0.32496265
0.32485616	0.79077256	0.21198161
0.61915165	0.8773517	0.3899336
0.035588026	0.78187704	0.47709113
0.8261652	0.78134865	0.46205038
0.9501028	0.2779712	0.46369073
0.8207097	0.14848113	-0.2789011
0.2326113	0.9176029	0.6873712
0.7332172	0.68701404	0.14675958
0.37352675	0.15546161	-0.35101008
0.58487993	0.44542974	0.15371802
0.36321306	0.16543448	-0.17273282
0.35678434	0.17061943	-0.0033066105
0.86684877	0.86566967	1.189719
0.336814	0.3762629	0.22189115
0.050906777	0.501106	0.1255481
0.4508648	0.090568125	-0.25136673
0.30937582	0.2684756	0.6571636
0.40556097	0.6450807	-0.4087042
0.035252035	0.60302967	0.29761928
0.15067941	0.73770833	0.48659724
0.10897517	0.8472196	0.6643138
0.70083076	0.46663803	0.2129007
0.96470493	0.61813706	-0.18591799
0.55382985	0.19813806	0.38780478
0.30294114	0.9982813	0.28200614
0.05498022	0.9800951	0.53785753
0.17477918	0.70047355	0.46941277
0.5092191	0.5775356	-0.4677079
0.28809112	0.97833407	0.44194776
0.14220023	0.9111485	0.4402991
0.06886315	0.13814813	-0.27963164
0.22146326	0.010124266	0.50209683
0.46046418	0.45224816	-0.672426
0.47575355	0.14218587	0.16792753
0.30604053	0.37704748	0.52354074
0.31552386	0.02389872	0.9128542
0.6994013	0.17473435	-0.3800378
0.28232437	0.5302968	0.44181123
0.795669	0.78510034	0.19550526
0.6739027	0.17109329	-0.46815738
0.60779047	0.80558974	0.44309184
0.2933154	0.93349254	0.42120305
0.8418609	0.2258873	-0.27304235
0.2218731	0.5056801	0.33353737
0.11209363	0.28128797	-0.43762416
0.112770975	0.64589095	0.45055145
0.563006	0.71294093	0.038853083
0.96263534	0.40394104	0.089940816
0.5327539	0.11248541	0.84384936
0.68252295	0.3193137	-0.03107109
0.6239556	0.37751734	0.005805615
0.97587234	0.2095198	0.30732056
0.30788153	0.7871564	0.29852703
0.45122504	0.36454523	-0.62396044
0.4545594	0.89672893	-0.7297816
0.91320455	0.62673897	0.7524689
0.5941827	0.9820862	0.5334705
0.512735	0.010233939	1.2116827
0.9883368	0.20390439	0.2937889
0.28048456	0.75160784	0.47653756
0.18524575	0.9097905	0.50482005
0.628899	0.5609906	0.33706048
0.135032	0.6539131	0.42322677
0.7652341	0.74764234	-0.01255127
0.673777	0.7881739	0.27802402
0.5308984	0.6684209	-0.36619705
0.20629197	0.50336486	0.274296
0.0771907	0.6442	0.5379651
0.99896604	0.4416973	-0.94197583
0.47127265	0.76103014	-0.8796429
0.17071718	0.108864844	-0.132934
0.0645234	0.429249	-0.040228285
0.23541397	0.4406169	0.39795974
0.50712675	0.79196453	-0.71704555
0.9882018	0.7438424	-1.2178944
0.5715698	0.1311912	0.35009265
0.4523012	0.91349006	-0.7593314
0.09614998	0.11704594	-0.36036372
0.26786792	0.07312268	0.97586834
0.8071125	0.2007224	-0.40565652
0.44925076	0.5827438	-0.7015921
0.27141452	0.97439677	0.6398963
0.84579897	0.65311027	0.21610717
0.18305165	0.22236806	-0.051747233
0.962643	0.54410326	-0.06903223
0.33099204	0.587826	0.24196348
0.29883534	0.27178442	0.72634655
0.8205274	0.55670136	-0.39198276
0.61350435	0.47942203	0.19907469
0.42250592	0.37437934	-0.6914955
0.35942298	0.4508325	-0.043046206
0.9339261	0.21348429	0.47945
0.2388382	0.5148116	0.40812913
0.7922815	0.08462435	-0.25800455
0.07180351	0.8889978	0.61662364
0.075410545	0.50287646	0.16004513
0.07074201	0.10172731	-0.2271029
0.6040171	0.18070841	-0.11612792
0.7581918	0.84001845	0.06803006
0.272996	0.8831183	0.58817405
0.79374754	0.9283941	0.45005
0.6504348	0.07538599	-0.630075
0.81627667	0.10978711	-0.23216607
0.57145005	0.32647544	0.15821703
0.94823366	0.48957157	0.28490075
0.99211645	0.5192404	-1.0246978
0.6270714	0.32039487	-0.10754748
0.057902098	0.56924015	0.3251458
0.9590072	0.13873857	0.44583824
0.76775295	0.94902515	0.21220359
0.08329922	0.70451397	0.58197135
0.2579496	0.51830405	0.50606936
0.93129337	0.41398084	0.54103196
0.22809547	0.6467195	0.5079094
0.45373076	0.72505236	-0.7697136
0.9767686	0.12234962	0.42973307
0.5636871	0.11761862	0.5305659
0.96794933	0.030106544	0.39543432
0.82443064	0.548011	-0.35281432
0.10987997	0.22316033	-0.46805036
0.82318866	0.6241019	-0.15657516
0.7172831	0.43900353	0.027873382
0.053528905	0.15372705	-0.24972573
0.9411281	0.0064151287	0.11670911
0.10939407	0.31238514	-0.3732441
0.8038572	0.14646238	-0.31074172
0.28727448	0.38139963	0.54180723
0.6658682	0.3113318	-0.09867544
0.6504936	0.85294414	0.28868943
0.87378913	0.79653895	1.1061027
0.5772917	0.98436785	0.449292
0.13481736	0.7811114	0.5382624
0.90638816	0.89423037	1.2520478
0.6299751	0.76696265	0.48388362
0.9836055	0.89464307	-1.0871933
0.22839761	0.34200716	0.34692192
0.7053038	0.29988015	-0.11480352
0.20184141	0.80283415	0.5657206
0.78805953	0.2124753	-0.46362594
0.43024385	0.14037144	-0.5980281
0.49522203	0.14493448	0.37786248
0.3533572	0.42679822	0.050984316
0.53090805	0.3177492	0.21437605
0.45264906	0.6322507	-0.7415681
0.6269749	0.2483002	-0.26742676
0.8307757	0.52986705	-0.35979313
0.26684403	0.9634691	0.5831131
0.6984575	0.07735342	-0.36576968
0.5861932	0.75349844	0.28801435
0.87283915	0.3662349	0.005485586
0.9699373	0.031185389	0.37029296
0.7747909	0.67914635	-0.18091874
0.5335291	0.36206764	0.13305947
0.19110209	0.7966887	0.5087532
0.80735356	0.8296715	0.4040891
0.7064081	0.24307913	-0.17652674
0.59472865	0.574866	0.24604742
0.11736995	0.272286	-0.41131732
0.5334413	0.9444031	-0.13231346
0.38068348	0.8155985	-0.23491207
0.64941514	0.40514445	0.12852766
0.22549808	0.8811227	0.65061796
0.63577	0.8998631	0.347641
0.104512036	0.2727217	-0.4369132
0.29939002	0.23081744	0.75386345
0.65159833	0.6660291	0.4806994
0.88356036	0.5240404	0.35586447
0.48570383	0.9343731	-0.7173497
0.94102764	0.5083514	0.44258758
0.31145597	0.5077074	0.3845783
0.7781534	0.4904787	-0.52028936
0.90352774	0.3233183	0.39738718
0.66343516	0.43287325	0.19589138
0.9930765	0.4672137	-0.83740896
0.42646438	0.10510677	-0.5748056
0.91894406	0.20534045	0.37081948
0.996654	0.29645026	-0.12129782
0.14460659	0.8568284	0.45047596
0.30576068	0.63700825	0.3321383
0.6441201	0.8094103	0.41805404
0.011037767	0.8678969	0.2081348
0.8390486	0.21966583	-0.28629294
0.4935258	0.89381933	-0.6980622
0.37594682	0.6514672	-0.14172372
0.059833765	0.008965492	-0.0020767823
0.2872209	0.030832767	1.0898278
0.747749	0.19972861	-0.35743156
0.0022435188	0.9966283	0.04914546
0.44427967	0.7859077	-0.74964654
0.92624223	0.83939743	0.8752188
0.9127844	0.44810432	0.5759989
0.20783234	0.7768456	0.541173
0.43077904	0.8063575	-0.6818846
0.44344658	0.016890049	0.001111377
0.11103773	0.33254087	-0.30255026
0.6980397	0.32916176	-0.045043565
0.6010966	0.41445094	0.111766234
0.9587385	0.061804175	0.32913515
0.24376339	0.82473147	0.5856637
0.08724636	0.5436786	0.25676224
0.55494136	0.8109664	-0.056616735
0.0860852	0.6517419	0.5072365
0.3273282	0.9938321	-0.04510335
0.7067719	0.5544809	0.16524836
0.87026465	0.19026268	0.05978614
0.23597717	0.7671162	0.62640643
0.054445386	0.8460054	0.5807918
0.32674968	0.08301693	0.60623884
0.036278725	0.258708	-0.21330322
0.34748745	0.47400683	0.07350218
0.8410201	0.7634808	0.6014505
0.8367411	0.95682704	1.0955842
0.6409938	0.15580785	-0.46268743
0.6673753	0.33255047	-0.040113594
0.5121868	0.31400663	0.0989975
0.19220787	0.54190576	0.30132672
0.0001925826	0.31240714	-0.38822925
0.7878577	0.9404806	0.43660387
0.102893054	0.08482432	-0.29560483
0.295268	0.3281318	0.56790257
0.59762406	0.11359805	-0.046794094
0.44757736	0.10402447	-0.25217557
0.09654105	0.95380324	0.57448614
0.8437921	0.6883967	0.32325414
0.025906086	0.29039443	-0.103316255
0.6652036	0.74296665	0.4130988
0.9793409	0.55770487	-0.64096075
0.7083914	0.2570647	-0.18233475
0.24805522	0.6560558	0.48249403
0.43258023	0.7172944	-0.63955516
0.052608192	0.4538895	0.013386421
0.3004586	0.41380042	0.4945806
0.38480955	0.54827064	-0.24892074
0.7619219	0.8406908	0.08808806
0.32122868	0.34715688	0.39346325
0.5385291	0.71531475	-0.24557334
0.9577109	0.21384811	0.3766764
0.093036294	0.7484544	0.66573143
0.70150757	0.1391595	-0.28608158
0.1171217	0.68186396	0.49559143
0.8986405	0.9432571	1.2636536
0.70638984	0.5345768	0.25407475
0.6532088	0.25452703	-0.2596501
0.8687117	0.4482628	-0.02499593
0.41382897	0.36450702	-0.63960546
0.5507067	0.32137376	0.24142408
0.1469956	0.32996798	-0.2558072
0.46949607	0.09891945	0.106442675
0.49545628	0.6951179	-0.75492406
0.5835475	0.25109643	0.095144615
0.83413714	0.19859302	-0.29868248
0.77112234	0.22594273	-0.46962166
0.2657848	0.9462305	0.62764686
0.6881512	0.19953787	-0.27045876
0.7464389	0.26369357	-0.3130101
0.51269555	0.75286114	-0.64263254
0.2499888	0.43929774	0.43070436
0.5766284	0.33494908	0.13568155
0.9859806	0.7905184	-1.1805543
0.8418917	0.40189624	-0.37868547
0.057397246	0.40919822	-0.10979927
0.5456531	0.36053503	0.1469831
0.4659937	0.6371344	-0.74325454
0.41009372	0.4905693	-0.5385754
0.79156595	0.27356488	-0.55314136
0.37806624	0.36644053	-0.3608911
0.79016346	0.695908	-0.19163305
0.41758114	0.9962597	-0.42535356
0.31866688	0.7957663	0.21858522
0.13437176	0.32961392	-0.28671154
0.42439502	0.89023876	-0.5937319
0.7519874	0.10341418	-0.3405913
0.4063844	0.81938106	-0.4274517
0.42431295	0.06121224	-0.4831303
0.9174503	0.7769058	1.0140685
0.29288805	0.7124427	0.3312867
0.85235316	0.53126115	-0.060083218
0.06559175	0.2113266	-0.33637074
0.25686598	0.96461076	0.6436158
0.4359759	0.8553885	-0.7244538
0.06575012	0.1990366	-0.33132386
0.058582604	0.0123823285	0.036610816
0.8412308	0.2699083	-0.35979733
0.305225	0.3962686	0.5128087
0.9397948	0.10191333	0.31765085
0.530346	0.33540148	0.13473773
0.329198	0.70210767	0.16960832
0.5607156	0.24572617	0.2985914
0.5585679	0.48320657	0.080922216
0.30681038	0.28397316	0.5653547
0.19164413	0.20086223	0.053031918
0.6879564	0.011410594	-0.49270916
0.966667	0.689575	-0.26493287
0.30540955	0.6369098	0.3345421
0.3928312	0.6203069	-0.28476265
0.67745805	0.58945054	0.39491716
0.71234906	0.6728386	0.18506351
0.9009509	0.23204261	0.3119145
0.7789839	0.9003957	0.35715345
0.084346056	0.08314806	-0.26344696
0.26820648	0.120105684	0.9167596
0.01521796	0.61970896	0.20331624
0.303793	0.71633506	0.2995175
0.6671151	0.94081515	-0.033468235
0.9327637	0.905762	0.7084834
0.96075827	0.91094685	-0.12904224
0.66903853	0.032270372	-0.57024723
0.95536435	0.40052497	0.31261012
0.21743935	0.1882171	0.30235928
0.38656563	0.9706626	-0.39501417
0.5717712	0.34175926	0.10490037
0.33858734	0.81986743	0.021066535
0.5466245	0.6077386	-0.15240538
0.6782793	0.29588825	-0.13831505
0.27462006	0.3943863	0.5428887
0.4855281	0.057593346	0.61870944
0.5892518	0.3553717	0.040809304
0.1805895	0.8141019	0.44523954
0.25384402	0.39820755	0.4537782
0.020277321	0.58121675	0.23686033
0.9217055	0.1632902	0.329833
0.37340325	0.4701578	-0.19674675
0.8541841	0.18098223	-0.060842343
0.38121003	0.87525564	-0.35162854
0.51558983	0.49300683	-0.30582392
0.8811067	0.106656134	0.1651775
0.83218557	0.2424168	-0.38295472
0.48458064	0.9652033	-0.5996904
0.7719107	0.21516997	-0.423865
0.6886681	0.50912595	0.31699005
0.1852147	0.28819042	-0.029042332
0.33251733	0.9043451	-0.0002329927
0.9865682	0.5535309	-0.89515674
0.20963758	0.22823381	0.17406842
0.84053797	0.24227577	-0.32853532
0.7259274	0.8486474	-0.033727515
0.7752003	0.86881953	0.25876755
0.49202728	0.43634015	-0.34577665
0.20947629	0.60285014	0.41380754
0.95589066	0.80203587	0.104138404
0.40891767	0.6262509	-0.47001985
0.53975976	0.04274988	1.0527123
0.20791912	0.06423265	0.26329815
0.6375517	0.38773692	0.010636374
0.32373768	0.009757578	0.77081025
0.17065632	0.1844275	-0.13056734
0.78699094	0.86365956	0.34174222
0.040712893	0.75044507	0.53185534
0.56209016	0.27476192	0.225416
0.8380538	0.70377636	0.32453403
0.80613357	0.3813669	-0.6593222
0.75578576	0.54214096	-0.20709269
0.09149122	0.2502681	-0.39589158
0.9394554	0.8250509	0.5663945
0.005369067	0.4409632	-0.124053515
0.30465782	0.6546525	0.28859264
0.5546996	0.49114233	0.06847547
0.58221203	0.50218475	0.15985534
0.5549212	0.9130912	0.09200169
0.64317197	0.30203843	-0.2274492
0.7080955	0.1918475	-0.25800368
0.81736356	0.19146907	-0.43341503
0.9932816	0.16411239	0.40099356
0.05026275	0.44884932	0.019500447
0.50289583	0.39307964	-0.19732377
0.14453536	0.35626888	-0.23724742
0.33424753	0.43066293	0.2326968
0.5154133	0.7464429	-0.55186284
0.48722774	0.17574227	0.21646428
0.27292985	0.0020436645	1.1326716
0.4128486	0.88729024	-0.56103224
0.3802668	0.20729095	-0.5171983
0.93631476	0.41902196	0.50063515
0.9439656	0.7074956	0.46726432
0.652889	0.5382545	0.39535218
0.28967112	0.09553909	1.024638
0.14560974	0.6423682	0.45137346
0.6568643	0.9588503	0.030279173
0.54158694	0.76278275	-0.26578197
0.41574627	0.3433991	-0.6815575
0.3578049	0.93609226	-0.21266644
0.3027112	0.40066773	0.5334871
0.23633623	0.94918454	0.7181275
0.4017594	0.48237652	-0.54938823
0.3847459	0.34831512	-0.45579794
0.654052	0.62919086	0.49934807
0.45829916	0.49182528	-0.6713421
0.3516019	0.048644066	0.18580206
0.45068944	0.20954597	-0.48949894
0.81438124	0.15075779	-0.29505816
0.36648083	0.6665629	-0.08322191
0.894401	0.8250865	1.2036557
0.42419618	0.40519017	-0.6999017
0.97963	0.20328325	0.35097307
0.39030117	0.42896295	-0.36468363
0.7945579	0.45985192	-0.5926112
0.18300915	0.89690596	0.49615845
0.5143697	0.2064743	0.46090993
0.84870684	0.9188158	1.202668
0.049877465	0.51317894	0.24241245
0.61519873	0.829053	0.4164921
0.52246165	0.25451928	0.34190324
0.61489457	0.39626998	0.053756677
0.4086979	0.3563711	-0.6393145
0.4322821	0.85950756	-0.68399096
0.6214554	0.12380928	-0.4378189
0.8031669	0.033846617	-0.064325064
0.09795153	0.17782909	-0.45260927
0.78740686	0.22602206	-0.5323312
0.36746317	0.7573147	-0.093520105
0.050364256	0.8888788	0.6281414
0.13904876	0.5136371	0.100573264
0.9108022	0.3343984	0.43887243
0.4892978	0.9134673	-0.7106861
0.1732955	0.33285302	-0.095077015
0.5119343	0.24953812	0.2866866
0.48042154	0.5589974	-0.6570022
0.2319727	0.013566732	0.63396466
0.6149203	0.7121553	0.40641707
0.72326106	0.6810468	0.16339038
0.4823895	0.030864477	0.7092907
0.58931756	0.15628159	0.07432147
0.11624956	0.2536264	-0.41724876
0.36728334	0.8677583	-0.2258293
0.86176044	0.46729642	-0.059918758
0.06752616	0.4786929	0.03495543
0.038173437	0.97001195	0.47620648
0.41295147	0.087739944	-0.6262987
0.59764266	0.97646606	0.4732692
0.682056	0.7499712	0.3289135
0.6991209	0.84585416	0.09034563
0.12310666	0.7653032	0.5986897
0.7516483	0.12822658	-0.3645466
0.60855615	0.30791545	-0.023938484
0.14839894	0.19448066	-0.32689804
0.3898155	0.030315101	-0.42956653
0.3597027	0.0062003136	0.052527823
0.17094135	0.59679776	0.3792878
0.98862284	0.58001894	-1.064069
0.3383152	0.555994	0.18834378
0.59640276	0.85218734	0.399374
0.12736136	0.23623556	-0.40840054
0.5303205	0.7277084	-0.38741204
0.7189406	0.39909667	0.008906215
0.6475178	0.53545326	0.35236773
0.39967805	0.5013364	-0.4118323
0.8299419	0.42715007	-0.4909526
0.67422503	0.31939912	-0.039991006
0.67855954	0.6072082	0.4330422
0.69404143	0.25951123	-0.16880593
0.7742606	0.8267115	0.16919778
0.108537436	0.04284203	-0.19897932
0.50710434	0.47527164	-0.35265368
0.2689727	0.7950715	0.53495365
0.91486806	0.9285337	1.0824332
0.04318875	0.9230616	0.431452
0.12147981	0.63718927	0.48553932
0.9383817	0.8206698	0.6398406
0.4437679	0.30698413	-0.6701789
0.41851097	0.7999424	-0.56665665
0.25939506	0.25304323	0.6851033
0.45971894	0.57393765	-0.7412776
0.44966757	0.3753428	-0.61106265
0.560181	0.85422266	0.099951796
0.25879014	0.9622563	0.56630003
0.76886976	0.15777695	-0.35525757
0.81735426	0.609352	-0.24153759
0.4199866	0.95504004	-0.52902526
0.8131404	0.1306594	-0.26514843
0.71433157	0.033778906	-0.32715902
0.98773986	0.14795142	0.41914174
0.45405626	0.52622646	-0.7363879
0.33337384	0.73417073	0.14381677
0.7737037	0.5397671	-0.37110695
0.5605001	0.016451657	0.86062634
0.8223155	0.7827011	0.45300847
0.652819	0.16170514	-0.47543624
0.62527007	0.14801764	-0.3919954
0.97742087	0.5572835	-0.53887254
0.65226144	0.08803803	-0.5940185
0.6751907	0.36499524	-0.00765153
0.30175835	0.028890312	1.05986
0.60377264	0.5699267	0.33751953
0.14959496	0.121418655	-0.2422499
0.17935985	0.24529326	-0.114503644
0.5926215	0.014027476	0.08702861
0.89007455	0.6653884	0.8304996
0.71908104	0.8241733	0.06441811
0.7416203	0.4558077	-0.18166551
0.98699087	0.8871076	-1.2269747
0.96130055	0.13796729	0.4314699
0.08137268	0.29456753	-0.39289534
0.13192451	0.6225631	0.3700121
0.60091156	0.01805067	-0.030732267
0.6260178	0.90639067	0.3833059
0.26178324	0.9698006	0.6122174
0.36582762	0.3023653	-0.20790316
0.27762347	0.15418667	0.9603283
0.5786366	0.12749243	0.28456062
0.19406652	0.40141642	0.11851802
0.5007149	0.57139826	-0.5373976
0.7591434	0.816494	0.1180927
0.41103584	0.49289596	-0.50532055
0.21906918	0.16059762	0.3599227
0.9156899	0.0459795	0.17605762
0.41080308	0.6230581	-0.4797495
0.5666761	0.9008887	0.18765238
0.29215395	0.23143345	0.85383064
0.67990744	0.480479	0.30322197
0.2993878	0.55521137	0.33941042
0.40899253	0.4966628	-0.46816725
0.7482734	0.14139014	-0.29993728
0.57082665	0.2516333	0.25661373
0.62986046	0.14123553	-0.47222355
0.9843545	0.78674126	-1.0686526
0.70806044	0.39558095	0.011576917
0.18463326	0.5619766	0.26656908
0.893486	0.9277527	1.2919601
0.048497677	0.28530562	-0.23604262
0.1967231	0.22947526	0.05881713
0.71111643	0.8050611	0.08479448
0.7338957	0.24592191	-0.2576776
0.7204714	0.40664214	0.0028203148
0.95377094	0.089522064	0.34486982
0.5254368	0.04686749	1.067879
0.8351043	0.20126182	-0.27152768
0.87553895	0.34772092	0.051534005
0.70221245	0.2542007	-0.15043184
0.47305518	0.3280816	-0.3820774
0.5713718	0.8961866	0.30553374
0.6655855	0.74405324	0.3677821
0.47057635	0.10558003	0.17081586
0.5863044	0.931487	0.43886626
0.89861345	0.33722472	0.34454173
0.049485743	0.87657225	0.555885
0.97045434	0.64444363	-0.38899317
0.28864902	0.35701895	0.51222897
0.7644344	0.5137323	-0.36824766
0.5539749	0.82938915	-0.018745346
0.66149884	0.2655548	-0.2682674
0.9790632	0.22822821	0.26642492
0.73929167	0.17961335	-0.28123996
0.6053422	0.68395543	0.3951305
0.06688225	0.021797597	-0.06476255
0.69363153	0.32711416	-0.024412807
0.25280732	0.5768559	0.46011534
0.11485261	0.40922874	-0.13399169
0.79421353	0.24848634	-0.47550276
0.54722	0.15838951	0.5878347
0.66387105	0.14276993	-0.4871614
0.6541261	0.37363428	0.016804986
0.937176	0.8558875	0.652332
0.934392	0.44120353	0.4316436
0.28651977	0.32367784	0.6640483
0.58402246	0.5141449	0.20414521
0.38880265	0.20005888	-0.53458434
0.880711	0.6917669	0.8422162
0.42505193	0.6448401	-0.59894735
0.14943421	0.5771792	0.33467174
0.31083876	0.56334215	0.306646
0.8593016	0.101927936	0.066973925
0.641105	0.03097415	-0.60865235
0.26596743	0.61803454	0.43577546
0.44573253	0.45273787	-0.68949753
0.5640229	0.8202714	0.1713383
0.2802331	0.35314518	0.65036875
0.31538546	0.0785715	0.87397075
0.41411912	0.009490788	-0.37601182
0.3615346	0.6415299	0.0301545
0.8734721	0.1555925	0.074466586
0.91594744	0.36881322	0.46322802
0.8903344	0.82917476	1.2443026
0.3808726	0.8767455	-0.2950961
0.9497552	0.38953775	0.37299353
0.1637063	0.79450583	0.48514146
0.6036535	0.4517852	0.16261256
0.98074275	0.44059783	-0.34761482
0.21729904	0.55321515	0.39033473
0.48864132	0.6007776	-0.70911133
0.72253186	0.1652078	-0.3289026
0.8239836	0.931843	0.9550796
0.29548496	0.8313073	0.37502363
0.49746317	0.11593068	0.48481107
0.52053595	0.86548847	-0.51688504
0.39454776	0.30187082	-0.5830248
0.009937465	0.22185808	-0.34680146
0.9069747	0.8831945	1.2148554
0.78692394	0.5817577	-0.30950135
0.36767906	0.6295927	-0.054740936
0.7818908	0.20994312	-0.44907913
0.73787385	0.5808847	-0.015254944
0.36401266	0.29450697	-0.14718443
0.16688186	0.3018939	-0.18000926
0.61572814	0.24592447	-0.20119876
0.5364606	0.2513541	0.31762767
0.23778862	0.29995543	0.49102008
0.63632053	0.25190705	-0.25921544
0.87640524	0.45674813	0.10915762
0.44322997	0.2937914	-0.6839172
0.47035086	0.6025665	-0.7025855
0.29872584	0.81783015	0.39027333
0.77994454	0.8301722	0.23082063
0.46368057	0.053258	0.16378097
0.20538372	0.17899495	0.19386472
0.8462837	0.51627696	-0.20127979
0.111195385	0.31512576	-0.34661525
0.9902492	0.7439037	-1.3000137
0.23020697	0.2197383	0.3987976
0.21605927	0.53162813	0.30615753
0.68741953	0.1225428	-0.4382267
0.6846751	0.9834939	-0.27401552
0.011265993	0.33844572	-0.19341443
0.08610153	0.7966293	0.6609002
0.59408	0.91695744	0.44319957
0.87603694	0.7342031	0.964661
0.3899399	0.51736534	-0.32121477
0.15359777	0.28063643	-0.28199244
0.17819744	0.81602204	0.52058417
0.0024030209	0.8297818	0.094928995
0.31857133	0.33417636	0.45558515
0.12785792	0.52820534	0.1616514
0.10953921	0.8751721	0.6369074
0.46077353	0.25273246	-0.4261069
0.30775386	0.8978451	0.27686086
0.7361431	0.8914223	-0.049123153
0.4411003	0.15958387	-0.5248544
0.3906755	0.19443333	-0.5485107
0.43479967	0.16962796	-0.63408726
0.62610644	0.43361747	0.11390817
0.29858625	0.040658414	1.0349178
0.2727577	0.33307636	0.6088443
0.38164026	0.73796624	-0.209569
0.81342036	0.16874093	-0.3826814
0.693398	0.83266056	0.1252404
0.4402858	0.2539668	-0.6698095
0.8092873	0.062692285	-0.11598537
0.8587208	0.7420388	0.76161176
0.28721035	0.48366386	0.4537398
0.20065695	0.90277016	0.5087815
0.31691426	0.60362124	0.30935612
0.9759733	0.30470395	0.12642667
0.68417627	0.43415743	0.21805537
0.010245323	0.7576999	0.1475014
0.089983046	0.04633236	-0.114695065
0.9492638	0.19005978	0.42789984
0.8399617	0.09508723	-0.054911513
0.62481076	0.46191418	0.24873492
0.8647474	0.6228265	0.3743038
0.9338155	0.017552078	0.1482861
0.4292704	0.41703975	-0.67149544
0.18553585	0.7454581	0.51063764
0.6664362	0.98910326	-0.17261562
0.78908104	0.7803101	0.17154075
0.6690655	0.49685645	0.3134882
0.6475067	0.23421514	-0.3724109
0.35756117	0.059876382	0.030423813
0.6266009	0.5895161	0.371004
0.40090185	0.67982614	-0.34761536
0.22778922	0.71021765	0.56448734
0.032084823	0.5139827	0.18172391
0.35739303	0.96344095	-0.26087508
0.33241177	0.55545086	0.23576297
0.2655626	0.42025012	0.50454545
0.101383924	0.60043895	0.35380432
0.62649965	0.33771026	-0.0668533
0.6165217	0.50215364	0.24253654
0.12869775	0.2926494	-0.39402875
0.40583003	0.27835977	-0.6855735
0.8752188	0.11835021	0.10423091
0.5720329	0.27284992	0.1700326
0.56251067	0.9734569	0.3184295
0.37947828	0.6279808	-0.13641639
0.41419464	0.2163617	-0.7200732
0.84841174	0.7620694	0.6603519
0.9304643	0.27630657	0.4566265
0.9833636	0.61742514	-0.9185973
0.33351052	0.27440292	0.3181699
0.11418778	0.41741592	-0.16498248
0.6313787	0.10028106	-0.5234208
0.72269523	0.7147287	0.14066815
0.6188925	0.03494233	-0.37916845
0.76246035	0.37307864	-0.4737049
0.83813214	0.7236651	0.4374164
0.55996937	0.52272075	0.04974207
0.7754423	0.34393644	-0.58565134
0.775889	0.6758637	-0.16287823
0.9776285	0.9705802	-0.853585
0.71372277	0.3432892	-0.052481584
0.29526317	0.85740304	0.37067136
0.48798543	0.43570042	-0.43633905
0.81779337	0.7605851	0.34878954
0.6372587	0.8599223	0.34255782
0.372122	0.5485935	-0.08962834
0.09666169	0.021823943	-0.16334271
0.323888	0.96139854	0.044308983
0.9720535	0.77814144	-0.47453764
0.09740198	0.7978237	0.6391777
0.3919667	0.29398662	-0.53459823
0.9185165	0.30371386	0.43309867
0.7926686	0.52728236	-0.5003967
0.011393547	0.8498084	0.15164298
0.19526994	0.047895014	0.1582539
0.91840297	0.25454867	0.41690597
0.7258593	0.6077961	0.08332889
0.28569996	0.44033754	0.5343099
0.082469046	0.29771918	-0.35888183
0.51341045	0.36471403	0.0069106966
0.904146	0.39762425	0.41640514
0.23205978	0.84508514	0.6604312
0.280989	0.94731784	0.45763943
0.1637972	0.091112494	-0.17678122
0.48783398	0.16137671	0.18442681
0.56304634	0.60104966	0.095018215
0.11634177	0.7205881	0.56000656
0.0152692795	0.66197175	0.24170944
0.33601475	0.9920644	-0.052453328
0.18495482	0.8190897	0.5322588
0.57650965	0.82968104	0.25134555
0.4114908	0.11523646	-0.61103743
0.71462595	0.74057615	0.19313113
0.34835458	0.94210815	-0.12670791
0.78649664	0.8216614	0.21226613
0.275185	0.4357909	0.4867596
0.8151059	0.22233844	-0.4932127
0.046374083	0.0076673627	0.096129805
0.74499035	0.3264876	-0.3248848
0.74896175	0.42001128	-0.3082975
0.7827994	0.66408515	-0.18452543
0.5990562	0.5682207	0.26343498
0.24769634	0.44095778	0.38355157
0.26838464	0.7727382	0.5839704
0.35479635	0.3734644	-0.0148904575
0.7602796	0.68977046	-0.09952448
0.46860605	0.49638915	-0.6729837
0.08878362	0.28755856	-0.4305032
0.9603102	0.83753306	-0.109484956
0.3180756	0.46166295	0.37800893
0.33273172	0.38412482	0.26550445
0.9699975	0.60953885	-0.39146012
0.15938658	0.82920253	0.44125333
0.86304617	0.89869136	1.2580657
0.65256774	0.634931	0.49292502
0.6912627	0.9655127	-0.23949772
0.9906696	0.47991413	-0.7752103
0.41416258	0.6339629	-0.44803658
0.79886866	0.99492085	0.6917856
0.029634953	0.40682667	-0.012122618
0.01998508	0.99217457	0.24191774
0.3420611	0.18331724	0.17819032
0.22735769	0.16524231	0.41408652
0.7119593	0.17969018	-0.25973862
0.23476619	0.4081064	0.40301818
0.2378549	0.28699738	0.5090383
0.6515133	0.3338787	-0.063070856
0.36004895	0.8163139	-0.11774568
0.17275739	0.046931863	-0.04964653
0.5612268	0.23056984	0.34435135
0.9952845	0.25832242	-0.0017765127
0.7533169	0.7063464	-0.018328581
0.16123378	0.56972384	0.29160002
0.21084774	0.25386608	0.19569185
0.7225254	0.57619464	0.09291867
0.83401936	0.11121911	-0.08284238
0.30494344	0.6527247	0.3371003
0.0169245	0.16566485	-0.25318503
0.24853617	0.050527036	0.8866229
0.24632007	0.058540165	0.8412335
0.8196164	0.7715218	0.3533916
0.6990539	0.7244364	0.32191223
0.20675129	0.847663	0.54069126
0.09293264	0.028704643	-0.11754717
0.87180805	0.99193084	1.3235146
0.07053012	0.026121676	-0.003891606
0.9628941	0.6249479	-0.12184873
0.14704812	0.24298769	-0.398621
0.44953966	0.14529753	-0.36085603
0.28582257	0.5885546	0.44214317
0.17178905	0.9355517	0.4329425
0.5007266	0.08891338	0.7214142
0.34332174	0.26409388	0.21323456
0.29893565	0.91861445	0.27770752
0.5372841	0.27958167	0.31198582
0.21012396	0.20739383	0.2212267
0.7515796	0.70863575	0.023050427
0.7610787	0.9597101	0.14993566
0.019324541	0.5569643	0.1746352
0.235259	0.07024193	0.6141422
0.43495017	0.6306909	-0.66907775
0.43795478	0.87664187	-0.6650109
0.015999198	0.98983616	0.17145978
0.6994891	0.08513993	-0.36753827
0.28486222	0.08071083	1.0519048
0.30083376	0.78880113	0.3913428
0.41043735	0.7431818	-0.41670027
0.23426193	0.6015041	0.5068623
0.9190501	0.9745727	0.9355069
0.66611964	0.14750063	-0.4720784
0.7613025	0.12691784	-0.2720496
0.3273251	0.67810804	0.19196159
0.35197842	0.93976414	-0.16310456
0.8308214	0.8316112	0.7639915
0.121442616	0.4682318	-0.055858985
0.74501896	0.19024509	-0.3314579
0.40930092	0.6212531	-0.43367106
0.49008077	0.829894	-0.7996214
0.37671167	0.7103213	-0.11729449
0.53216743	0.9506224	-0.13424349
0.30166674	0.05822885	1.0281453
0.052602828	0.8845484	0.53216296
0.7489604	0.15991277	-0.28909948
0.79098916	0.7974457	0.19076873
0.164541	0.43485796	0.001457544
0.22780818	0.6402575	0.47882274
0.8798042	0.3182637	0.12775078
0.8641202	0.09842914	0.062174864
0.9754786	0.23809665	0.30452132
0.12190896	0.47063476	-0.0066069355
0.7496993	0.88216287	0.013789237
0.712895	0.21992671	-0.25647718
0.12967837	0.45434207	-0.026673941
0.18293399	0.38215894	-0.0021621473
0.93578225	0.86816496	0.68383
0.45772028	0.4042505	-0.5839345
0.9855318	0.18826824	0.4353169
0.9875884	0.016261935	0.49190703
0.3301553	0.10378116	0.5456623
0.24551278	0.07168192	0.7975526
0.33201623	0.9763404	-0.015503513
0.9885053	0.1346255	0.5303782
0.7376796	0.9026725	-0.016537534
0.44939762	0.39765364	-0.6676631
0.73657775	0.87258244	-0.025245165
0.6388232	0.8022704	0.40387085
0.3380931	0.9674316	-0.11821285
0.8639812	0.5881702	0.20410095
0.53014064	0.7652529	-0.41621482
0.8118858	0.74360245	0.17458709
0.6602247	0.7254651	0.41380742
0.27900273	0.10201013	1.000149
0.8821522	0.79207397	1.1270732
0.27883393	0.71308476	0.458656
0.9932958	0.022957563	0.6409898
0.42058623	0.29094392	-0.67939264
0.7565345	0.5840451	-0.17722626
0.6791456	0.5293312	0.33940017
0.9567196	0.059522152	0.31726003
0.6918638	0.5199033	0.30344874
0.8237578	0.09114432	-0.17636386
0.5659394	0.5451635	0.08698508
0.9041671	0.9507285	1.1839563
0.027795851	0.85714203	0.39212668
0.12951487	0.689371	0.49661118
0.2486409	0.044113874	0.78793985
0.10742724	0.38293976	-0.2564023
0.8617097	0.34669363	-0.17020267
0.98175824	0.59964025	-0.7590992
0.8511213	0.18829018	-0.10429408
0.6758448	0.47618037	0.3164781
0.5960095	0.47659433	0.10548836
0.68165386	0.67502195	0.37760767
0.29352742	0.19299251	0.8571182
0.015828907	0.9801121	0.1914545
0.24415731	0.5278609	0.455302
0.19265735	0.5690562	0.34254518
0.9932239	0.92262226	-1.5056312
0.87166643	0.06082958	0.053480558
0.2072553	0.27915466	0.23379989
0.5438621	0.41299587	0.077664085
0.95552945	0.28683245	0.3713871
0.70129764	0.9587777	-0.26176202
0.37160683	0.56516623	-0.13318098
0.22978342	0.79771423	0.6458618
0.5048008	0.49275428	-0.39779493
0.5897876	0.15456259	0.06807555
0.55673975	0.9472577	0.22515006
0.57369477	0.8135809	0.25054651
0.12231916	0.710676	0.53879577
0.47411865	0.49003524	-0.59239876
0.77628434	0.68055785	-0.15170647
0.22116113	0.8362503	0.68417114
0.06218803	0.5252743	0.24807453
0.48311245	0.63934034	-0.7413971
0.112650156	0.36852616	-0.2850337
0.6677928	0.39039946	0.12002324
0.9058408	0.07631546	0.1868836
0.15924269	0.49545342	0.07965499
0.624548	0.44801402	0.17995644
0.77036613	0.18623137	-0.36580914
0.24957776	0.25666177	0.6181113
0.2986619	0.66158825	0.3269617
0.65368384	0.06572217	-0.603635
0.76536894	0.6821335	-0.09757036
0.81207734	0.37741953	-0.64198065
0.4670558	0.4115289	-0.5769511
0.2945081	0.9656725	0.4049373
0.5289756	0.09994191	0.8909389
0.78923845	0.08173323	-0.2707522
0.77351594	0.071541846	-0.26296714
0.052305162	0.24172437	-0.28771344
0.11727142	0.55027735	0.2482433
0.4747234	0.20957923	-0.14494787
0.17876208	0.36865544	0.014674718
0.23259884	0.7227495	0.5696296
0.36694533	0.48015237	-0.1140134
0.7208732	0.25898385	-0.2060078
0.4096219	0.12656301	-0.66562194
0.1523701	0.29391813	-0.30540824
0.39945632	0.61007214	-0.3747308
0.44472903	0.6505883	-0.7703575
0.55413973	0.51491916	0.07483248
0.16253924	0.80631876	0.47647774
0.5601567	0.122154295	0.55823696
0.29791397	0.43001026	0.48238006
0.44687676	0.78763944	-0.7636005
0.5175669	0.94026816	-0.37789026
0.23402375	0.12929744	0.58773094
0.08798045	0.24548733	-0.35700822
0.52759117	0.87720555	-0.38267413
0.8914323	0.22793102	0.21260719
0.8899411	0.5910299	0.5920005
0.3144861	0.6606302	0.29309857
0.65422463	0.9779367	0.034969196
0.10527825	0.64253587	0.44931275
0.7230413	0.8764274	-0.09861693
0.543691	0.15245986	0.609127
0.38380384	0.2632119	-0.47972178
0.62327796	0.7149966	0.47732508
0.38307	0.09315646	-0.46107277
0.44305187	0.5123749	-0.72124016
0.6549579	0.6968703	0.43665367
0.5299894	0.14336944	0.6935497
0.82534605	0.7404886	0.29734814
0.09868932	0.23302597	-0.4630228
0.46417361	0.5992031	-0.69024307
0.5877322	0.7015634	0.31189516
0.6634116	0.28098547	-0.18097292
0.69975847	0.09096509	-0.4254272
0.7945249	0.006762266	-0.08288464
0.7592879	0.69844186	-0.029516313
0.33551252	0.6924411	0.16022146
0.6445914	0.80415106	0.36924675
0.8986238	0.6878226	0.9567917
0.28490055	0.7236677	0.4308428
0.51726425	0.6239467	-0.4423621
0.9312102	0.8152044	0.85949236
0.9283958	0.75993276	0.81774676
0.8344904	0.960318	1.1326226
0.082983434	0.8220309	0.6637158
0.54472554	0.0006186366	1.1444368
0.65635455	0.979616	-0.026854333
0.69633985	0.9823407	-0.2296999
0.18305713	0.11945349	-0.08474882
0.9443706	0.9169532	0.42158094
0.06527269	0.8136895	0.66822404
0.13639462	0.87935627	0.4446817
0.35745877	0.09533417	-0.0010753926
0.035602212	0.41141617	-0.079277895
0.20708132	0.5108128	0.31965238
0.79544806	0.030192733	-0.14043954
0.30141574	0.73950094	0.32837686
0.47153765	0.9780403	-0.614267
0.5669994	0.14204615	0.45880893
0.6098843	0.33739173	-0.024295874
0.5300081	0.40055	-0.0010882914
0.87543136	0.1197229	0.08149615
0.7894206	0.3548857	-0.5975932
0.7312706	0.7935594	0.08510633
0.455909	0.8556487	-0.7894045
0.8505494	0.8594193	1.0810382
0.42062974	0.075194836	-0.5183354
0.53992563	0.61749625	-0.21965615
0.9582048	0.44848645	0.18787085
0.71711504	0.11354256	-0.3063249
0.41747844	0.77692044	-0.53514767
0.6765093	0.34088546	0.013187224
0.53087485	0.79948354	-0.37227502
0.40683758	0.3197304	-0.6822793
0.26142102	0.07510519	0.9857541
0.48092055	0.0678274	0.46882153
0.39614093	0.5390128	-0.4038611
0.75331855	0.37988305	-0.30618343
0.7483951	0.96182954	0.0002928935
0.8706815	0.70971894	0.7219033
0.8482937	0.13963598	-0.076511934
0.7961402	0.472883	-0.60590476
0.77951854	0.64649636	-0.24208148
0.11640161	0.5859275	0.31295654
0.89738846	0.8712516	1.2507361
0.26434064	0.3646248	0.56759423
0.58555037	0.876761	0.43168324
0.9251577	0.5919397	0.67572355
0.3355387	0.4465806	0.22435488
0.600381	0.058392823	-0.0810337
0.13243842	0.28516996	-0.42351085
0.8076235	0.72237545	0.053009257
0.5949336	0.13869298	-0.08065207
0.6746536	0.9470126	-0.07278203
0.60896164	0.95842475	0.46268663
0.38055003	0.988326	-0.37908643
0.49415088	0.06769395	0.7906164
0.4012218	0.6829303	-0.376969
0.9063363	0.9469133	1.1324832
0.74362576	0.87603354	-0.02064002
0.7916696	0.6889594	-0.09876424
0.035232842	0.46520936	0.17964792
0.56994694	0.15705097	0.37836757
0.49406588	0.45658344	-0.3899998
0.49865216	0.43165457	-0.31076774
0.4220634	0.93829465	-0.5722679
0.9092911	0.5900531	0.7111967
0.9360751	0.8836173	0.6396681
0.5517747	0.5391983	-0.0158704
0.7654084	0.43530893	-0.46345794
0.294383	0.25266796	0.77324915
0.93972784	0.33421415	0.46718103
0.7031078	0.24555069	-0.18003923
0.29947835	0.85244334	0.35538334
0.92449385	0.54651445	0.6737039
0.45762777	0.53156763	-0.6790681
0.6485873	0.9260371	0.1767277
0.2580319	0.25215662	0.71273696
0.7932957	0.54084146	-0.49444246
0.28344673	0.40846753	0.5774654
0.3972581	0.6085637	-0.37262374
0.94780385	0.5754248	0.31587288
0.84035486	0.29535186	-0.33313057
0.07572514	0.7814126	0.65787935
0.53635055	0.5300822	-0.17819592
0.5293032	0.53651166	-0.25658876
0.68907547	0.6919763	0.37734675
0.66987354	0.6999827	0.47971448
0.015895247	0.20588046	-0.25515288
0.30297393	0.28496504	0.6643028
0.19554114	0.74523693	0.6060066
0.227889	0.37640637	0.3388592
0.5875552	0.90006137	0.3568772
0.11896336	0.09872979	-0.32988298
0.2919457	0.5104195	0.4162578
0.39233625	0.09191227	-0.51585805
0.4565537	0.9029383	-0.7691923
0.8077619	0.43804795	-0.6351095
0.08413088	0.012498856	-0.038404673
0.31797713	0.61211777	0.26396692
0.46751857	0.07758385	0.12591833
0.9323195	0.30498368	0.43586504
0.3765182	0.35245162	-0.2845556
0.9089257	0.15663421	0.25286415
0.9556141	0.8323153	0.09902209
0.4911433	0.08668381	0.59176046
0.4340003	0.88465816	-0.7047934
0.58256817	0.88092977	0.33825684
0.546941	0.49690872	-0.017729444
0.20998347	0.25367218	0.19997028
0.041655183	0.97765326	0.4889775
0.98543936	0.19251382	0.33341146
0.10562241	0.4886427	-0.032607287
0.99501365	0.14085644	0.47163522
0.93648213	0.42805856	0.43941292
0.44133162	0.5397777	-0.600371
0.53920233	0.28379095	0.32546204
0.65920097	0.9441947	0.027177453
0.8251697	0.71199226	0.22478925
0.4224798	0.5968767	-0.5699803
0.09059465	0.6799671	0.5481142
0.6635613	0.079255044	-0.5491202
0.40274215	0.46594906	-0.48136523
0.9925688	0.34979695	-0.33458224
0.93688667	0.3202744	0.46090668
0.24033153	0.19287276	0.59897244
0.79155266	0.26022965	-0.5555158
0.90374804	0.058293104	0.12617974
0.36564988	0.5521529	-0.038520362
0.86315197	0.28530055	-0.11349898
0.5516514	0.35490698	0.15215883
0.32424146	0.51849324	0.31212777
0.6141364	0.787457	0.47658208
0.4494993	0.8089276	-0.8135194
0.36644876	0.6098021	-0.08082299
0.33969712	0.74104017	0.094489
0.6505221	0.54291195	0.3904567
0.056784034	0.5443739	0.2729114
0.43231422	0.6343546	-0.6623982
0.9625852	0.36497843	0.22666544
0.36017287	0.9158217	-0.18758078
0.24012566	0.9971204	0.69806683
0.62918746	0.8803321	0.34512627
0.9901642	0.95184106	-1.35606
0.4288326	0.08428794	-0.49392048
0.18009824	0.08383393	-0.06532282
0.30063677	0.76042163	0.36418936
0.21508092	0.51055676	0.35211432
0.68352	0.12534744	-0.4303623
0.6619578	0.50958097	0.32093638
0.44351125	0.5226987	-0.6255654
0.1528756	0.9900847	0.27301118
0.41187078	0.36511862	-0.6264251
0.81870663	0.80638075	0.46809515
0.35832757	0.447236	-0.014956869
0.363881	0.0824554	-0.081431985
0.93646026	0.3498158	0.44472983
0.5545358	0.6289899	-0.06944943
0.6653938	0.6899535	0.4725376
0.16633314	0.74261606	0.52342165
0.07744056	0.5002523	0.12031879
0.49121624	0.18065214	0.2590996
0.07938576	0.55276215	0.2863426
0.5319796	0.80870754	-0.3785271
0.95678675	0.37371367	0.23535618
0.26610655	0.44291186	0.5094595
0.11711413	0.020621479	-0.18522246
0.7879342	0.6419757	-0.26974237
0.4999289	0.36268026	-0.12157428
0.11816126	0.027767122	-0.21414982
0.28000414	0.48760605	0.48677635
0.2676493	0.48384005	0.46806365
0.37143326	0.67391956	-0.12496961
0.7887603	0.8834861	0.37075052
0.59810823	0.019691885	0.016086716
0.5262896	0.8170408	-0.44999784
0.5855056	0.23974335	0.080654845
0.6042081	0.014389336	-0.02473529
0.49772686	0.42364132	-0.33923393
0.7444422	0.6222106	0.0015676618
0.105113685	0.890938	0.5676745
0.92280704	0.8966246	0.98763525
0.4618687	0.2020014	-0.3030499
0.922494	0.60191286	0.7571241
0.45106554	0.74686474	-0.70494807
0.040691137	0.28513682	-0.2387233
0.7679055	0.63774854	-0.094812885
0.85288537	0.59289736	0.10582082
0.2857595	0.9916567	0.45905268
0.8623522	0.7460687	0.8238466
0.61069703	0.84210575	0.4372993
0.5009547	0.38257557	-0.23060557
0.24777132	0.9703637	0.70633703
0.74085414	0.6638476	0.032073304
0.0442605	0.6161163	0.3485179
0.8596747	0.46432626	-0.09830805
0.13970155	0.38939553	-0.14329873
0.84013575	0.3979593	-0.43527156
0.41094357	0.08332229	-0.5441073
0.5643601	0.248151	0.29861194
0.14691031	0.11417675	-0.28997302
0.68687075	0.6117793	0.3936421
0.86797696	0.73691094	0.80917466
0.41100323	0.3722663	-0.6517235
0.29778212	0.33069718	0.59315413
0.7497596	0.5720066	-0.16711342
0.3181699	0.5003314	0.34022278
0.0637179	0.9463307	0.60175097
0.036383033	0.29855686	-0.18737799
0.95381993	0.12984312	0.40298632
0.9111001	0.40358913	0.49641842
0.21788967	0.07022411	0.4674177
0.043131113	0.48916972	0.15221544
0.47096443	0.2682585	-0.32659394
0.8980055	0.00028687716	0.05086267
0.2621938	0.29582614	0.6757713
0.4379288	0.2440911	-0.63678086
0.9340217	0.95210713	0.6720072
0.71878684	0.35023886	-0.100659065
0.5190011	0.718806	-0.5633612
0.45258337	0.6214263	-0.74069566
0.10427171	0.67468387	0.5392288
0.6456332	0.9506583	0.1578139
0.32709998	0.78016555	0.15481341
0.7241376	0.21593726	-0.29949805
0.5002246	0.46917933	-0.34984386
0.60747695	0.8937211	0.47569597
0.106933594	0.030789077	-0.1948898
0.45614922	0.66996026	-0.80982983
0.20081353	0.02075237	0.25864404
0.39467686	0.36360514	-0.49622038
0.20698571	0.039788485	0.25718305
0.6644102	0.79237807	0.29834592
0.62020546	0.6468814	0.42229527
0.69895494	0.9016273	-0.050054364
0.4793269	0.8193878	-0.9150802
0.14920878	0.57782906	0.33779734
0.7521858	0.8535067	-1.02594495e-05
0.04447478	0.8537	0.57939214
0.44785172	0.8189635	-0.775392
0.7606611	0.6165174	-0.2261337
0.38386554	0.26503986	-0.5209947
0.9426424	0.5195293	0.40183663
0.83926153	0.86436397	1.0010992
0.37871647	0.768646	-0.17751925
0.4142815	0.0762279	-0.5542193
0.4226908	0.37646616	-0.6915592
0.09317291	0.054789424	-0.17554383
0.2716977	0.9051232	0.5747382
0.98741335	0.076468706	0.5236071
0.7418394	0.8021325	0.074359134
0.5647172	0.31234193	0.16838862
0.10928619	0.4789784	0.015678033
0.936285	0.053533673	0.23206459
0.7493494	0.17201698	-0.38055924
0.9066184	0.53414387	0.63755655
0.7339429	0.5994164	0.017979879
0.6779541	0.7668017	0.347617
0.7388052	0.055165708	-0.28108224
0.8497091	0.646438	0.25228107
0.9102868	0.08442855	0.20724498
0.19003779	0.046189845	0.07233814
0.9051115	0.20821232	0.27365372
0.40976965	0.8055984	-0.49889356
0.031790733	0.10031128	-0.13332288
0.77236414	0.14472413	-0.42837483
0.37938398	0.9393828	-0.35591105
0.83214206	0.6569374	0.14168322
0.6250796	0.5523987	0.34679782
0.11817354	0.89644563	0.52410877
0.21322137	0.44920075	0.2694896
0.54645014	0.45119935	0.042968523
0.78782034	0.068148434	-0.2028422
0.6873084	0.15679848	-0.3442929
0.35567737	0.17919713	0.013720611
0.4521767	0.0933041	-0.1638747
0.6515896	0.7509158	0.5144424
0.7454232	0.68148327	-0.013145218
0.3478983	0.69445807	0.028116599
0.8114018	0.849604	0.5364055
0.41341466	0.3573056	-0.62950563
0.18162876	0.8015994	0.48535308
0.7554377	0.97169226	0.07174219
0.52162915	0.3224628	0.15979333
0.670157	0.0801304	-0.56872964
0.99100053	0.31853724	-0.12312036
0.1284926	0.22702688	-0.402569
0.717173	0.7194684	0.21465203
0.25324976	0.73546714	0.5518573
0.4002332	0.3159654	-0.64024144
0.8886769	0.33552265	0.1997779
0.74838275	0.945719	-0.032274764
0.6435339	0.5143619	0.2917
0.024638593	0.0467214	-0.076642916
0.56256783	0.47545153	0.10024603
0.11903924	0.83139765	0.58106285
0.79260665	0.8657188	0.33492398
0.3048321	0.9414823	0.27106044
0.45071685	0.024674833	0.08949751
0.7896572	0.21020192	-0.4434129
0.1513328	0.542427	0.21752834
0.6324324	0.9770604	0.29687405
0.45974344	0.9208935	-0.7493296
0.78715575	0.025647819	-0.099549614
0.09496403	0.031158984	-0.18245532
0.9612713	0.07848483	0.37711477
0.46184522	0.25564623	-0.4134008
0.13735181	0.8438728	0.473254
0.06256008	0.09068984	-0.13249937
0.7908466	0.18127382	-0.4302997
0.53875655	0.90484333	-0.124569565
0.8353881	0.4916011	-0.39678586
0.21774834	0.4247747	0.31696415
0.3124854	0.04340458	0.90219164
0.8398762	0.6483788	0.14296408
0.13460845	0.73123527	0.56300914
0.029896319	0.10614532	-0.15107223
0.71569103	0.007548392	-0.32763007
0.75653684	0.40419555	-0.3825717
0.7959132	0.53618693	-0.5659397
0.75724614	0.6750433	-0.085012846
0.2221682	0.7602732	0.5429376
0.04767281	0.5020176	0.2105451
0.7401263	0.8675862	0.008978758
0.99321663	0.2478981	0.07915481
0.13628888	0.5915971	0.32508498
0.17299736	0.29814017	-0.17577839
0.50919324	0.6167567	-0.49340636
0.8559848	0.5780072	0.09236908
0.9668407	0.8301915	-0.3099392
0.8280586	0.46055222	-0.50627947
0.15089911	0.41829544	-0.032075718
0.104759455	0.35933942	-0.28963488
0.97626317	0.43234652	-0.27347896
0.019630611	0.0033542514	-0.038098235
0.022767365	0.034220576	-0.081154026
0.5461898	0.6626502	-0.20028625
0.5018157	0.76624274	-0.70868003
0.5796483	0.5751613	0.15738755
0.27709818	0.84991544	0.56643003
0.24750471	0.21823215	0.60077286
0.78055006	0.8642475	0.31153545
0.5881854	0.45778573	0.118874
0.18963635	0.38748777	0.09966196
0.37377834	0.706429	-0.09421718
0.46198303	0.5633326	-0.73026735
0.8810467	0.4869209	0.26328456
0.9300616	0.44967395	0.5341033
0.14605439	0.6085866	0.36022648
0.9217424	0.380427	0.46665806
0.5902208	0.85323966	0.3946532
0.5035434	0.4519971	-0.3827235
0.14786625	0.9405759	0.39578843
0.65241456	0.7741667	0.43582803
0.86345613	0.27079195	-0.118450455
0.73313415	0.13399899	-0.31863597
0.72750896	0.43076444	-0.021581484
0.68782866	0.20558059	-0.31787238
0.14478523	0.59394515	0.36797574
0.93022436	0.7771087	0.81308365
0.7492072	0.3891182	-0.3575462
0.8825392	0.46032548	0.2484161
0.9624534	0.16591543	0.4015786
0.5741338	0.7618425	0.1416737
0.6620318	0.7467988	0.48662066
0.95188713	0.62803733	0.19647786
0.32595307	0.55261093	0.28291625
0.4883741	0.32483423	-0.15391138
0.6299794	0.47321612	0.21115163
0.15176934	0.20297074	-0.39599544
0.92664796	0.33691448	0.47578758
0.7297312	0.113004684	-0.32499805
0.25670487	0.109324634	0.8400839
0.27614564	0.9716509	0.56298566
0.66903305	0.027137637	-0.6257407
0.31161624	0.31523877	0.5033458
0.17000681	0.23086488	-0.19816233
0.55617464	0.567849	0.007732408
0.96657115	0.012684524	0.3209893
0.6453747	0.11010963	-0.62439156
0.07696289	0.4231717	-0.11980154
0.48616648	0.18435115	0.09882873
0.034939528	0.986434	0.39676762
0.6635995	0.6999391	0.45602238
0.036975265	0.77681327	0.513369
0.6962482	0.31945914	-0.07227874
0.35999352	0.6395431	0.0051298086
0.15571028	0.2440744	-0.32614014
0.109333396	0.27594084	-0.40854657
0.4504292	0.015491247	0.13861395
0.5626971	0.7437528	0.0645677
0.89380145	0.33313566	0.20532905
0.6027347	0.88573176	0.44223285
0.78758746	0.33461618	-0.58264744
0.42034262	0.104534745	-0.6260586
0.2536121	0.32481784	0.54652923
0.566283	0.13225317	0.47780633
0.42516237	0.99797267	-0.556861
0.43618214	0.48018652	-0.6413515
0.5913815	0.8218695	0.41133234
0.24326146	0.5369373	0.4560928
0.28761035	0.7816091	0.4357805
0.64124763	0.9253361	0.25838137
0.11935556	0.5100019	0.10026884
0.10086876	0.5786849	0.3319279
0.36847162	0.30107516	-0.28859958
0.0045288205	0.8936897	0.029560719
0.5201267	0.009000897	1.2624197
0.9012122	0.06271547	0.18704404
0.79569286	0.21526462	-0.45582023
0.98306936	0.5315657	-0.7268364
0.29842758	0.30827194	0.5807409
0.2228331	0.51660013	0.41525677
0.48098636	0.3976152	-0.43009287
0.36092055	0.8427769	-0.19791949
0.36381495	0.22866642	-0.14765319
0.81653154	0.7336192	0.20189796
0.5504312	0.48902315	0.020487547
0.27295107	0.13893503	0.9416545
0.90441674	0.57781154	0.6930057
0.5146448	0.26237053	0.24056666
0.8300678	0.6587717	0.060379677
0.21991307	0.41960686	0.3453632
0.41665518	0.50577325	-0.5222764
0.22843266	0.15353286	0.51798916
0.08463436	0.35973507	-0.22495005
0.44252944	0.77154213	-0.77635694
0.2687714	0.6254974	0.46690956
0.2314226	0.7286107	0.55001825
0.5239541	0.54238796	-0.27692106
0.838803	0.07294053	-0.04414788
0.19990844	0.70225394	0.48200953
0.7357992	0.631234	0.04434114
0.856325	0.9956268	1.2723714
0.015416563	0.2483828	-0.23527327
0.30757523	0.3697514	0.4851848
0.09712404	0.58420616	0.3015162
0.32268775	0.119917095	0.6267746
0.24854976	0.33242708	0.5337589
0.75558054	0.66272503	-0.094373725
0.7889905	0.28087026	-0.59298515
0.9076258	0.5817272	0.7389942
0.55949175	0.9532706	0.2681204
0.15268272	0.037674844	-0.11981553
0.46516782	0.34184223	-0.5645459
0.4409393	0.11103469	-0.38374174
0.7247562	0.88735706	-0.05524232
0.56284976	0.606018	0.02707032
0.9320427	0.7261243	0.7415642
0.42946458	0.48526114	-0.66369635
0.3943041	0.83101285	-0.38925606
0.81913656	0.11408955	-0.1694374
0.47049755	0.2374711	-0.28744635
0.3166479	0.15063268	0.7401452
0.6530219	0.685224	0.48548722
0.47805977	0.31132674	-0.263953
0.87429476	0.19630021	0.043238312
0.4213364	0.58415884	-0.54285204
0.050598204	0.51349366	0.19638285
0.33270812	0.12978923	0.47632414
0.41450995	0.41033846	-0.61216164
0.7996588	0.5540378	-0.44323465
0.47597492	0.07723528	0.27257603
0.9185718	0.965956	0.93123436
0.29498005	0.15949059	0.9010949
0.25466472	0.04464513	0.95769113
0.6651003	0.11717641	-0.53654873
0.3945297	0.773728	-0.34099522
0.25143045	0.4216197	0.4749771
0.14261496	0.21522242	-0.366564
0.27062875	0.1413582	0.9387722
0.96010983	0.16056818	0.36370325
0.43874383	0.5158157	-0.7148585
0.24116123	0.5985103	0.4844523
0.057545304	0.32878172	-0.23163056
0.41926003	0.37296963	-0.6715806
0.004745364	0.41478485	-0.16236943
0.46882838	0.8779355	-0.84832186
0.38119286	0.59292686	-0.16917922
0.79777014	0.42419636	-0.5563974
0.96357125	0.021007717	0.33468053
0.032243133	0.7527128	0.41496348
0.52228403	0.34067076	0.05690862
0.9490973	0.64817166	0.31510374
0.24779075	0.89148694	0.6708204
0.97147125	0.05859083	0.39596355
0.38474166	0.49886608	-0.2801499
0.90626955	0.5759113	0.7076367
0.622743	0.5476979	0.39880782
0.34474355	0.6875493	0.037035465
0.19922781	0.6685053	0.516408
0.34990627	0.36508948	0.047078777
0.5966831	0.02293688	0.06420708
0.8179299	0.8305041	0.57632995
0.9756502	0.9056941	-0.7274573
0.8988796	0.03828138	0.146429
0.13840598	0.795453	0.5304181
0.5901742	0.4600736	0.13170594
0.74940115	0.31953818	-0.3775565
0.3281545	0.6432396	0.19359554
0.97924626	0.538227	-0.6327334
0.57246125	0.7200645	0.13322568
0.8635471	0.17613381	0.030076582
0.66130865	0.7792287	0.40745956
0.5292418	0.21274376	0.47324988
0.54849994	0.7811346	-0.16022135
0.42198032	0.9827738	-0.5102647
0.73696655	0.61038345	-0.00593256
0.046001256	0.76407593	0.5675459
0.29021	0.41396868	0.4571488
0.12264794	0.36211944	-0.29201362
0.30369383	0.10412067	0.9271185
0.13726878	0.42579865	-0.048962545
0.8392635	0.5577756	-0.19717418
0.9597321	0.33189338	0.27738288
0.61299676	0.65535873	0.4257067
0.218422	0.48958433	0.37698653
0.13135558	0.19170398	-0.38303792
0.3830015	0.9954702	-0.3724174
0.48938632	0.15127885	0.31794578
0.16776842	0.04015529	-0.07677527
0.8262177	0.14762217	-0.21185711
0.80215466	0.6397036	-0.23062268
0.017290592	0.6350729	0.235393
0.11708677	0.122799575	-0.4414494
0.7099221	0.8887027	-0.027090149
0.62299013	0.70084274	0.45648858
0.30495632	0.6540007	0.35019684
0.10037887	0.27332348	-0.38970324
0.6394819	0.6708662	0.45328403
0.8838199	0.67554414	0.74177146
0.955581	0.96469235	-0.026239296
0.39638472	0.24748236	-0.62859637
0.15837693	0.9725187	0.31694505
0.70357233	0.51949716	0.2185943
0.10044342	0.16711235	-0.42727298
0.6494113	0.11239213	-0.52817833
0.029307187	0.13140744	-0.1678496
0.39303964	0.7541303	-0.34917846
0.61702037	0.022937715	-0.3446134
0.29438382	0.3471564	0.58499473
0.93122673	0.49044198	0.53144234
0.6348344	0.016832292	-0.5158711
0.39621598	0.26665062	-0.6764493
0.45231622	0.13571984	-0.31944802
0.8344848	0.06681728	-0.069896206
0.46801198	0.82585746	-0.8645378
0.87532854	0.51419765	0.22162825
0.5491122	0.22958976	0.43797976
0.17408115	0.107298315	-0.108283766
0.5341796	0.4429484	-0.01498091
0.36359626	0.30809075	-0.18304846
0.62612325	0.55585885	0.33754137
0.2609492	0.7745373	0.52375895
0.8727806	0.021862864	0.101886965
0.7106907	0.13549018	-0.34093362
0.63526255	0.24992514	-0.27074233
0.6574585	0.28907418	-0.16755426
0.026232362	0.63678783	0.2715127
0.5323366	0.39323545	0.019766716
0.772567	0.9519432	0.27024725
0.5498296	0.39457077	0.12426026
0.31094944	0.38289613	0.53756845
0.6680348	0.38730097	0.15523537
0.61827064	0.9590646	0.4196186
0.73615503	0.3827834	-0.21077496
0.11832303	0.7893924	0.5934306
0.9206512	0.41743863	0.51144177
0.8007727	0.09369069	-0.26606947
0.79424495	0.69019353	-0.064553
0.72036666	0.43721408	0.019886943
0.6561721	0.49687237	0.38587028
0.5537279	0.47839695	0.012521338
0.42686898	0.30363983	-0.6748179
0.6004424	0.4556297	0.082416266
0.44844168	0.72591156	-0.75990987
0.34972054	0.7416248	0.031009402
0.79944587	0.6806203	-0.07072148
0.77597564	0.29320365	-0.5275036
0.17096227	0.6217728	0.3570958
0.55015147	0.4686898	0.04196281
0.40733045	0.75481886	-0.4684207
0.70361686	0.568184	0.23847899
0.114078164	0.2652393	-0.46703985
0.035457313	0.29652268	-0.22939305
0.19175369	0.6093351	0.360165
0.75133777	0.34595948	-0.40896028
0.96522963	0.66304386	-0.26671004
0.6617097	0.014814556	-0.63115555
0.80481106	0.8515837	0.49379724
0.742317	0.091391265	-0.30223918
0.70980203	0.3710664	0.04742253
0.27011877	0.6281758	0.48004174
0.66057426	0.68970233	0.46200928
0.4156102	0.7505838	-0.4808206
0.87501454	0.7492875	0.9735387
0.8097268	0.16266543	-0.34904805
0.2483123	0.6735423	0.4794519
0.8869083	0.29937875	0.14615065
0.13846493	0.18817228	-0.43424577
0.52686596	0.046984315	1.0200394
0.68177116	0.2719816	-0.18209754
0.52977836	0.23099673	0.37352815
0.3224548	0.18166655	0.5881799
0.8318077	0.70914584	0.23077856
0.9516618	0.15466863	0.44076845
0.36699063	0.39369494	-0.19198616
0.4698323	0.83680815	-0.82687074
0.098858416	0.91956985	0.6362446
0.28598398	0.99483854	0.4555791
0.03162557	0.71683955	0.4521097
0.19412571	0.25757438	0.0423439
0.07932228	0.29833025	-0.39481276
0.66930956	0.022327721	-0.5811784
0.18218923	0.8840343	0.49902442
0.7914027	0.21257001	-0.5102085
0.5438022	0.7777645	-0.1837787
0.9509705	0.5683913	0.2651616
0.7290754	0.19126385	-0.2766342
0.93817574	0.4565841	0.45901707
0.57258177	0.7379508	0.16925864
0.06973094	0.30855066	-0.29762852
0.19682616	0.82258743	0.5021213
0.8507648	0.41317827	-0.26504004
0.6370184	0.25740284	-0.32724652
0.77611446	0.47819287	-0.44725996
0.8797422	0.007489264	0.15234108
0.04208201	0.3908196	-0.077818565
0.8096691	0.6269727	-0.26844037
0.68319154	0.72057205	0.39856148
0.46067274	0.5169378	-0.70488995
0.19211179	0.27686328	0.0004558973
0.6662704	0.06794274	-0.5555153
0.30987734	0.47268337	0.43519768
0.73243654	0.7018863	-0.011994563
0.7482145	0.61273533	-0.13357545
0.41637617	0.102544844	-0.6396165
0.9147257	0.6984815	0.90944207
0.60473055	0.48243958	0.13877445
0.85387534	0.76548845	0.7533353
0.9234203	0.259497	0.4491837
0.543109	0.056087613	0.88437545
0.82050586	0.4496597	-0.5480552
0.89661026	0.7216813	0.9993408
0.19523084	0.24737221	0.07674059
0.86534226	0.085184395	0.089593165
0.79965	0.6762456	-0.13345762
0.96787506	0.09565055	0.4565741
0.9541352	0.71414644	0.13209608
0.2973131	0.7596466	0.31220898
0.32242304	0.08204818	0.71208066
0.9732953	0.07688236	0.41973728
0.37674904	0.97763044	-0.3853557
0.37559628	0.30121845	-0.34097207
0.2312594	0.721029	0.5507863
0.12005931	0.45373178	-0.0631873
0.8231345	0.93696105	1.0106633
0.16105974	0.31839186	-0.13970526
0.38396186	0.84399563	-0.3235391
0.19021964	0.5189396	0.2981495
0.9715494	0.5099875	-0.27310553
0.34083134	0.1684035	0.22564653
0.9487377	0.416924	0.35830924
0.6591577	0.66273606	0.46989948
0.10655397	0.22816771	-0.4415661
0.367889	0.86989033	-0.24408767
0.31421262	0.63518906	0.3715889
0.7394914	0.7483983	0.058076914
0.9309212	0.51245713	0.5509266
0.3400646	0.69141024	0.08300154
0.40363413	0.49944144	-0.44918945
0.5743545	0.35290617	0.17742293
0.23745036	0.06897968	0.6945428
0.78153056	0.21993011	-0.5058081
0.34264886	0.68593496	0.11902148
0.242042	0.16855401	0.6467728
0.47582722	0.40748805	-0.47519022
0.7578613	0.15248328	-0.34936094
0.84835696	0.073522985	-0.034563314
0.14697462	0.9541763	0.36669043
0.15443915	0.5988951	0.3301465
0.7944697	0.4572909	-0.6180326
0.8855234	0.2290566	0.11585918
0.94588923	0.01328516	0.18290807
0.8857319	0.33109927	0.20728391
0.93338746	0.18665177	0.4012306
0.6935862	0.11878389	-0.40646607
0.4466861	0.47803003	-0.7372382
0.47078037	0.11441296	0.11293036
0.8309813	0.64671487	0.035345256
0.32873535	0.8712434	0.07950498
0.3114549	0.14367956	0.7978675
0.8645601	0.30201936	-0.13309656
0.5021812	0.44486248	-0.31801495
0.34115267	0.349261	0.18649259
0.23730445	0.50865567	0.48282087
0.35697877	0.5053617	0.019256106
0.64733183	0.37558258	0.00018076785
0.14077437	0.7085243	0.44964817
0.9056787	0.81227773	1.2220436
0.5809584	0.981478	0.54386467
0.08210462	0.72804904	0.66509986
0.53466964	0.7453903	-0.33413497
0.94573957	0.3288725	0.4336792
0.44413847	0.029693604	-0.10876645
0.7544296	0.4354328	-0.32619843
0.23051119	0.7367647	0.54695874
0.34986383	0.74132097	0.014122988
0.26342022	0.22473514	0.753015
0.75982034	0.81811255	0.0639461
0.33769083	0.58769596	0.22817342
0.65755814	0.8858997	0.15227373
0.8592028	0.49535012	-0.060164005
0.58580697	0.06136328	0.21949399
0.62945306	0.18871355	-0.44494936
0.7358846	0.3756113	-0.2103615
0.60966253	0.7219545	0.44917768
0.6082801	0.3784272	-0.012810115
0.31203812	0.9677796	0.16364843
0.3183055	0.61948925	0.265115
0.72962064	0.73994327	0.090168916
0.28789353	0.27099985	0.72345865
0.2936315	0.21294212	0.8127259
0.68601537	0.17675692	-0.3561774
0.33499813	0.25869346	0.31917074
0.81176454	0.51984197	-0.46293157
0.8255323	0.23130822	-0.4555707
0.14091408	0.59965616	0.34257767
0.42608565	0.5705523	-0.5959206
0.011050224	0.35398555	-0.26740894
0.66401213	0.9175812	0.05328889
0.26684982	0.15194798	0.8794785
0.83564234	0.28607106	-0.3771287
0.10476476	0.9307454	0.5879116
0.080684364	0.590192	0.3499568
0.9771288	0.8668355	-0.77662694
0.09310508	0.850664	0.6731899
0.71432287	0.7016968	0.21300223
0.066034675	0.844754	0.5846765
0.108893394	0.4778328	-0.063198045
0.96116346	0.16486925	0.39746013
0.8638996	0.44332367	-0.08525782
0.87099695	0.3113047	-0.05952469
0.7462045	0.039374113	-0.30457833
0.43557364	0.59943646	-0.6339888
0.6158195	0.79712105	0.45034495
0.91119576	0.20140648	0.2960313
0.29030818	0.671028	0.36497122
0.9677198	0.29518688	0.29444754
0.2295934	0.16913104	0.5292736
0.6493028	0.8151281	0.37602943
0.2492063	0.61629546	0.5214359
0.8877378	0.042488992	0.1356797
0.4116357	0.21052623	-0.72381026
0.96525115	0.94631153	-0.34075096
0.64148945	0.35065258	-0.054286286
0.28804386	0.069581985	1.0155216
0.90076715	0.91158533	1.278412
0.9391616	0.08471131	0.36752433
0.9129314	0.5456369	0.6917258
0.61431843	0.22511172	-0.27102
0.6452221	0.27842677	-0.22628076
0.023705661	0.8149164	0.36065057
0.07824612	0.81500036	0.67944473
0.4902742	0.20419657	0.14214495
0.6241508	0.24844712	-0.269472
0.59103113	0.12426931	0.041528724
0.109158814	0.6949203	0.5192008
0.75562805	0.467372	-0.27822834
0.8387514	0.088918746	-0.07698993
0.28238666	0.054831624	1.0871542
0.17060453	0.8782462	0.43413895
0.57489914	0.68248904	0.109199755
0.12973905	0.38932282	-0.25829774
0.51489407	0.14675683	0.6207583
0.785351	0.6288646	-0.2585546
0.5571959	0.63691515	-0.003624007
0.3179056	0.9199847	0.12498712
0.08904028	0.6132583	0.45131707
0.30476677	0.012607455	0.99238163
0.8671375	0.44912362	0.007711199
0.206168	0.8063548	0.5999318
0.09439278	0.93534285	0.6182199
0.15397006	0.90094304	0.392744
0.43951088	0.73247457	-0.6645433
0.39880788	0.539017	-0.38367698
0.33047825	0.24360907	0.40249884
0.7945662	0.072181225	-0.22817339
0.19440734	0.081243694	0.12761286
0.011330903	0.5897829	0.1008333
0.9829074	0.18793696	0.37872082
0.17661256	0.95009357	0.39224398
0.33551776	0.6307375	0.17460659
0.62620634	0.8949608	0.3626297
0.89244395	0.9975343	1.2508262
0.58215207	0.3076319	0.06105739
0.29553664	0.17167324	0.8350294
0.5592068	0.5191508	-0.008228932
0.20904028	0.48188674	0.2988238
0.49381214	0.7907712	-0.77676815
0.79315066	0.14227802	-0.4147913
0.9579871	0.422615	0.17697792
0.78399074	0.61642426	-0.32595858
0.4843701	0.96513027	-0.6036725
0.3051983	0.98357874	0.25969923
0.5239697	0.025282562	1.1355261
0.2633931	0.89227307	0.67994386
0.44395906	0.50370693	-0.64455616
0.037900984	0.94457436	0.513032
0.9472623	0.32112563	0.3908061
0.018517077	0.78759265	0.39263943
0.4924631	0.4628687	-0.42628944
0.9256783	0.44371897	0.48226523
0.67213213	0.6492052	0.4067511
0.88280356	0.38575768	0.079868965
0.94575757	0.90622973	0.36519313
0.70029986	0.6996805	0.28605422
0.5926121	0.44748598	0.11090384
0.01900661	0.20106769	-0.2481229
0.73846114	0.49249357	-0.087736815
0.5108031	0.5012761	-0.33220118
0.53648156	0.4927317	-0.14040153
0.9462452	0.008270204	0.16520154
0.32813847	0.87910736	0.073754154
0.9597698	0.89714855	0.006897658
0.10254884	0.735507	0.65611815
0.69942564	0.43227112	0.13061638
0.62899715	0.14217138	-0.4115364
0.18952489	0.14659399	0.048240058
0.06893605	0.7931299	0.6074226
0.34135622	0.9874681	-0.119979694
0.13707525	0.37627906	-0.25626191
0.43645185	0.24854809	-0.6487695
0.14685357	0.46734673	-0.02030082
0.79633397	0.93013096	0.54771805
0.4524535	0.97705424	-0.6376889
0.7090234	0.42506987	0.047645275
0.45383358	0.8173126	-0.8079541
0.89135534	0.92225325	1.3051324
0.618058	0.3828854	0.013725364
0.25420713	0.7478391	0.5612921
0.3512485	0.74540234	0.04166396
0.3491332	0.35511792	0.0805387
0.111312866	0.66185397	0.44414097
0.6407422	0.6427843	0.49912593
0.528203	0.18975538	0.51373786
0.15809429	0.76098186	0.46912175
0.51345605	0.7122883	-0.5580354
0.11831373	0.46643835	-0.034426127
0.6676356	0.9106651	0.028642738
0.3907603	0.6030466	-0.29562676
0.850949	0.82663965	0.94775283
0.9843989	0.7088222	-1.0569466
0.75120384	0.87781656	0.025453655
0.35359412	0.39225918	-0.0105558
0.11679888	0.10434729	-0.35268855
0.9740895	0.98630184	-0.6313498
0.53010684	0.17495388	0.50595933
0.987373	0.3202144	-0.10171769
0.58292896	0.13472247	0.21891475
0.46446824	0.12036228	0.029476725
0.5454225	0.21462262	0.46352738
0.40481532	0.46022803	-0.5559882
0.28236538	0.86940145	0.4524451
0.9318905	0.0672797	0.249537
0.30418277	0.40826738	0.4700087
0.9501947	0.8572797	0.2764617
0.538179	0.59423184	-0.21856228
0.22220993	0.9618606	0.6516277
0.6105984	0.67723435	0.4194136
0.025447547	0.7486678	0.37315094
0.8832462	0.48982513	0.33259457
0.2734242	0.664286	0.4644822
0.9457286	0.5569518	0.38678142
0.8474906	0.5706327	-0.055160023
0.37293893	0.23947239	-0.34675863
0.92616916	0.18273282	0.37826854
0.8753024	0.2978353	0.035771217
0.28276557	0.020382166	1.1282378
0.66104287	0.22276658	-0.25144595
0.101965904	0.36710387	-0.29414806
0.11106843	0.1256581	-0.3927067
0.92016333	0.5779547	0.7067662
0.15311438	0.43105704	-0.00515322
0.44603908	0.44298947	-0.6797513
0.26074964	0.1973114	0.7829474
0.8102144	0.8927466	0.5909822
0.16941875	0.37695205	-0.048957903
0.3095489	0.94447726	0.22556123
0.37483585	0.70516545	-0.20773941
0.48603785	0.28271663	-0.11858379
0.87215996	0.9948739	1.2890761
0.7631493	0.46618783	-0.39044356
0.5667751	0.6716106	0.06686954
0.88752097	0.6446833	0.8019115
0.280986	0.19044435	0.8784519
0.20012295	0.14821154	0.17130582
0.084091365	0.071254134	-0.21961045
0.7672948	0.753484	-0.078810945
0.92966837	0.013166308	0.11384554
0.2514084	0.4828244	0.459902
0.19328648	0.55226904	0.33432084
0.45380664	0.07823259	-0.17535552
0.29555732	0.8957804	0.36749846
0.96898204	0.24676043	0.32498655
0.53487575	0.8137176	-0.29254863
0.6977019	0.30774468	-0.08264202
0.63641584	0.3340702	-0.07964504
2.0861626e-06	0.8016587	0.05435346
0.7574503	0.6274368	-0.19039917
0.55693126	0.6907691	-0.019720126
0.9876298	0.34716946	-0.2468475
0.44835383	0.658121	-0.74671066
0.14047062	0.359878	-0.21392702
0.23818547	0.116806924	0.728389
0.97146505	0.015759587	0.3558159
0.76809454	0.07062554	-0.25214833
0.32889056	0.5252689	0.2417377
0.25771016	0.54581755	0.43648535
0.71319884	0.6378544	0.20397826
0.20647216	0.79798627	0.5347333
0.6171049	0.3098501	-0.15055087
0.064394474	0.4460103	-0.009403309
0.9705784	0.77736336	-0.4726431
0.88004166	0.1433618	0.106689826
0.90459764	0.21319246	0.27303308
0.48881233	0.3034323	-0.18303494
0.23737186	0.18325698	0.4999894
0.2620924	0.65779567	0.45885828
0.18834156	0.39919943	0.11629429
0.86599934	0.8338536	1.0561775
0.10784507	0.48877758	0.06795722
0.6236566	0.44200534	0.11930923
0.079119325	0.4812845	0.0529509
0.04890406	0.7134754	0.4872906
0.58522385	0.3359893	0.04231977
0.40804046	0.73981047	-0.39285237
0.68429554	0.13680387	-0.3980508
0.9243548	0.740074	0.8369471
0.08590311	0.55841476	0.35757846
0.6740676	0.0032073855	-0.5788924
0.61139846	0.85963356	0.4675011
0.9140778	0.19045556	0.35299328
0.014476895	0.0068787932	-0.023547046
0.62956965	0.008012414	-0.489363
0.9482114	0.046363056	0.29597083
0.5117536	0.06951326	0.90368825
0.31827772	0.17726934	0.6262769
0.1576091	0.592207	0.3335525
0.75491077	0.8933243	0.040331833
0.0150055885	0.062197983	-0.16108064
0.5331482	0.1446144	0.69246536
0.282373	0.6651497	0.46046716
0.25233686	0.57947546	0.4651441
0.28476918	0.17737275	0.9209387
0.81351614	0.046120286	-0.05996729
0.0060614347	0.33598572	-0.23379543
0.0555107	0.6614014	0.46282768
0.8624891	0.8371205	1.1321594
0.588585	0.9063307	0.41518202
0.55645937	0.16382086	0.50680155
0.6212833	0.13191861	-0.36507377
0.8202479	0.14441192	-0.25437593
0.41561663	0.96941787	-0.5060602
0.114853084	0.77134913	0.5811395
0.4463116	0.5676563	-0.6880125
0.7639666	0.5986906	-0.23257051
0.98812085	0.011172354	0.579111
0.050768435	0.7434405	0.5600539
0.07396603	0.53314155	0.17363435
0.28702337	0.23365033	0.7466854
0.08349496	0.021112978	-0.11994763
0.89537066	0.5079126	0.45428142
0.18440413	0.5803679	0.41565952
0.8034237	0.7621063	0.15510418
0.48544383	0.36749792	-0.31672505
0.2505204	0.14213687	0.76172745
0.05044782	0.95517266	0.5296321
0.90792394	0.6209431	0.7598154
0.92081714	0.17142254	0.36876297
0.16214663	0.075607836	-0.16218005
0.023747265	0.06824386	-0.07453172
0.063038945	0.00046169758	0.072625354
0.56991106	0.93508965	0.30041555
0.49647808	0.7089915	-0.79728603
0.28363264	0.5142188	0.46058443
0.28690845	0.49667472	0.4441393
0.5198125	0.011161625	1.2249498
0.66521347	0.8283814	0.312685
0.0010566711	0.31099755	-0.34959117
0.9146269	0.8236509	1.11857
0.93679637	0.022057354	0.137418
0.50460666	0.47044277	-0.35939077
0.17814171	0.97116333	0.37017232
0.643185	0.30005062	-0.19468267
0.04604906	0.3473364	-0.10255115
0.72786	0.4980811	-0.006300647
0.11016303	0.004117191	-0.13647869
0.38433325	0.41460335	-0.33004522
0.9443918	0.022530198	0.21484011
0.785993	0.80328304	0.12254505
0.26291788	0.47047603	0.46431378
0.5634579	0.3891554	0.14694366
0.43754685	0.3262788	-0.7042032
0.54836255	0.7851608	-0.1455268
0.64326465	0.25851667	-0.25132146
0.42541206	0.7631646	-0.6118936
0.6668661	0.4817264	0.33899543
0.7413759	0.4792254	-0.122479126
0.8219316	0.45027846	-0.5638319
0.80393934	0.13824016	-0.32023042
0.89523387	0.04886043	0.087372094
0.4953975	0.0033516884	1.021899
0.20368302	0.33977497	0.19611977
0.6290337	0.49911135	0.27677444
0.041173756	0.17625201	-0.20045047
0.17887706	0.17374432	-0.197868
0.25891608	0.72361463	0.6037533
0.020311713	0.3034665	-0.23033725
0.059230685	0.8162393	0.6099808
0.26680762	0.029273331	1.0198362
0.45353097	0.18052232	-0.40800273
0.93744355	0.735298	0.6006239
0.6937276	0.7625007	0.23555893
0.31839246	0.3174466	0.4867229
0.7154638	0.94752926	-0.2049343
0.73769283	0.8982212	-0.082205705
0.32844836	0.09206462	0.57795167
0.8161093	0.043222368	-0.07403885
0.95149463	0.41963428	0.3345299
0.6236845	0.865293	0.41664737
0.17257422	0.6642071	0.48114875
0.14561993	0.37741017	-0.2173233
0.98871255	0.1711986	0.34128237
0.39136934	0.1593607	-0.54291815
0.19664556	0.1624043	0.05757231
0.30380887	0.35439324	0.55370957
0.18411279	0.40985644	0.087455474
0.442271	0.017215371	-0.07435421
0.6363792	0.9525257	0.23480272
0.45720214	0.07978797	-0.029665163
0.8984328	0.04558009	0.08889353
0.8647633	0.6352291	0.40150368
0.38019574	0.102214634	-0.36675355
0.22924459	0.9722162	0.7328367
0.918443	0.43996722	0.5616825
0.915687	0.58972466	0.7424168
0.6180903	0.5262974	0.29273003
0.8221911	0.40352	-0.59822077
0.8526579	0.7177577	0.6289948
0.559979	0.34277314	0.16450724
0.44994825	0.26694477	-0.59399706
0.56501514	0.9032132	0.22788872
0.65146613	0.68270284	0.43552095
0.23689133	0.9677883	0.6870477
0.21738183	0.6494173	0.48213565
0.9656547	0.65650886	-0.2104877
0.50669897	0.69423217	-0.6786797
0.18533218	0.913071	0.44966528
0.4947632	0.28507012	-0.07537001
0.54109514	0.27738696	0.2747538
0.8824867	0.9932161	1.298793
0.4358937	0.09134197	-0.41965616
0.53635657	0.8198021	-0.3358975
0.73612535	0.78020877	0.02519238
0.22810155	0.8946779	0.63082266
0.8207643	0.8585953	0.6886466
0.090218306	0.48857838	0.037891768
0.0818606	0.5484603	0.23711467
0.70661384	0.77944964	0.1237216
0.45091397	0.868057	-0.81865215
0.1495046	0.9898787	0.31408647
0.71654934	0.065187275	-0.3521104
0.08641678	0.45114762	-0.06277045
0.99378407	0.6476775	-1.3529748
0.2959636	0.12176645	0.9306907
0.39237666	0.41729766	-0.48888922
0.791774	0.76440513	0.1503896
0.6689031	0.17012626	-0.4359396
0.47558248	0.30392504	-0.34241763
0.50695	0.042601466	1.0236766
0.5424672	0.14907432	0.63818586
0.72905624	0.92857724	-0.115653425
0.22456694	0.8697987	0.56281215
0.85361683	0.68514276	0.49903136
0.69904876	0.6766741	0.3493963
0.45669144	0.97005224	-0.6865623
0.43704355	0.4222383	-0.7195672
0.49840462	0.64023876	-0.6539412
0.7296974	0.92230403	-0.10864076
0.83662635	0.20210415	-0.27219373
0.008347511	0.991382	0.10161937
0.67053413	0.4828124	0.25887817
0.055799603	0.869564	0.5760722
0.08306575	0.03398323	-0.1107119
0.808185	0.23030251	-0.41665214
0.08785838	0.8443225	0.6513932
0.93524855	0.42178786	0.49615583
0.23514754	0.8400459	0.63358533
0.62496954	0.52490985	0.3515435
0.7426939	0.13770366	-0.33261958
0.122190475	0.8073407	0.5177894
0.1776585	0.07328391	-0.06784414
0.20160168	0.6038182	0.45655274
0.8663591	0.77704203	0.98598176
0.21936494	0.37691838	0.32079813
0.97107285	0.006938398	0.37722778
0.36926568	0.72939134	-0.09318031
0.9459929	0.16603237	0.40879688
0.58198553	0.41296858	0.109931
0.25637817	0.9385403	0.6394474
0.764716	0.4485417	-0.43691164
0.26002115	0.6668068	0.49771526
0.6909669	0.109149754	-0.42433363
0.60003513	0.4795208	0.16588606
0.31351662	0.1991378	0.7102336
0.8854035	0.035229445	0.045425616
0.034862578	0.4296503	-0.0034860652
0.8018694	0.071431816	-0.20871197
0.21201819	0.12635684	0.22690378
0.2133075	0.29918277	0.24736819
0.69921255	0.039393425	-0.37423587
0.33944947	0.66283107	0.12820804
0.2865197	0.31296033	0.64609194
0.13630599	0.12217581	-0.32227018
0.7890484	0.46887535	-0.5257382
0.52718395	0.7172556	-0.41019896
0.5314943	0.67912304	-0.37692565
0.8542321	0.4111672	-0.27875367
0.7211666	0.8644424	-0.025887346
0.17956841	0.6265192	0.40513092
0.22794574	0.6920569	0.5488082
0.6250883	0.8131368	0.483573
0.44734937	0.6956893	-0.7622699
0.9187041	0.013595402	0.050445177
0.5480249	0.10103768	0.7894152
0.63123924	0.9727235	0.26480317
0.49100244	0.87651956	-0.7311639
0.33601254	0.4404161	0.20640215
0.2859769	0.68542486	0.47717765
0.045550466	0.6547781	0.47560424
0.6471267	0.5749931	0.3712173
0.9797734	0.27780724	0.1453677
0.62954044	0.24003649	-0.28007618
0.5824128	0.28441375	0.09094197
0.74551135	0.42413658	-0.28191575
0.37566996	0.6367938	-0.10302162
0.9769775	0.3926559	-0.09696557
0.85366035	0.66961557	0.39788145
0.1585896	0.16075379	-0.2602685
0.0112787485	0.57141864	0.12917757
0.09849739	0.91309726	0.65219575
0.8854354	0.39722025	0.21698463
0.97629666	0.93289346	-0.7029722
0.13188088	0.5288622	0.2026811
0.9026954	0.9524803	1.1402661
0.2463128	0.075953424	0.8020246
0.7908559	0.2019223	-0.423603
0.62220734	0.37036544	-0.028231755
0.32843232	0.4896425	0.23387605
0.15479618	0.4874608	0.10861287
0.05323738	0.54305524	0.2955651
0.6295484	0.20367849	-0.37723503
0.94181865	0.6968737	0.4958056
0.3174898	0.19438338	0.67622876
0.42628306	0.40004492	-0.68564224
0.77865523	0.33789146	-0.6019665
0.30210584	0.83773583	0.30110225
0.59303457	0.8880535	0.39820766
0.50468975	0.15757084	0.47337455
0.8601074	0.8770036	1.1857234
0.22562426	0.540054	0.39571145
0.11042559	0.00014138222	-0.14654636
0.6763618	0.9805333	-0.21591899
0.4257846	0.02228129	-0.34737077
0.28069264	0.9252924	0.5102319
0.82635474	0.8720117	0.82841665
0.456998	0.15707582	-0.25542566
0.7030656	0.5649115	0.20411526
0.8407751	0.635537	0.06483401
0.49631155	0.50426555	-0.43662983
0.022490442	0.7884366	0.3332721
0.7449497	0.8412379	0.048929937
0.45735306	0.25015092	-0.4797615
0.009152234	0.29470682	-0.2675866
0.48823708	0.24743724	0.021529369
0.8659135	0.78137267	0.97671515
0.5207454	0.2507276	0.32227415
0.25018966	0.21154827	0.660533
0.016669154	0.78188556	0.25470597
0.40157396	0.08559543	-0.5797838
0.945951	0.38803416	0.4116283
0.40111673	0.31565773	-0.60978746
0.3213035	0.31903952	0.40478414
0.22152054	0.018065393	0.49922678
0.98970646	0.93114775	-1.239126
0.62490696	0.119648814	-0.36126405
0.94950706	0.13115257	0.34013987
0.15163743	0.5147838	0.18245026
0.4377427	0.24593192	-0.69028187
0.78969586	0.46082002	-0.53665155
0.6061301	0.33374995	-0.019158099
0.7306114	0.13288867	-0.28527904
0.697618	0.679917	0.29406673
0.4054718	0.9398198	-0.4973355
0.34938598	0.21965891	0.066944756
0.42201912	0.47035068	-0.64008695
0.18420738	0.88421625	0.4855519
0.701822	0.14512533	-0.31212977
0.9153499	0.5976686	0.7499841
0.644455	0.5652989	0.48875222
0.051446676	0.7130797	0.5414454
0.5085661	0.72824585	-0.5458346
0.21538603	0.7182924	0.5386448
0.105953574	0.32158476	-0.39991528
0.6842734	0.11293262	-0.49165282
0.8660274	0.42731923	-0.060206216
0.474176	0.28339088	-0.25254977
0.3577953	0.02173686	0.07249477
0.38448775	0.5211923	-0.24709201
0.7376065	0.35168898	-0.24833465
0.23069763	0.77423364	0.5641977
0.07472557	0.776408	0.6446041
0.5448871	0.49237633	-0.065194055
0.043680727	0.56444067	0.29946682
0.3395667	0.10784829	0.41128567
0.14969045	0.44009477	-0.057321206
0.8204908	0.29586452	-0.54297954
0.3293134	0.95292455	-0.020692281
0.23012942	0.5794562	0.42064136
0.43548703	0.050524652	-0.3397949
0.13617182	0.3693822	-0.25500154
0.6287468	0.8699313	0.39729303
0.10587746	0.69703937	0.58089674
0.5880334	0.7809517	0.30556807
0.9045405	0.5634012	0.68007326
0.06655127	0.3367511	-0.226552
0.3428231	0.53230387	0.13335097
0.9895179	0.97843945	-1.2890474
0.39022505	0.17037505	-0.5870587
0.61444473	0.8744036	0.474906
0.85039926	0.08116555	0.0058770496
0.31111366	0.79893357	0.2761198
0.37354022	0.107644975	-0.34342894
0.84550524	0.40217674	-0.3728455
0.16118425	0.13448268	-0.18673617
0.7567719	0.91627675	0.12501705
0.5413063	0.42297113	0.0757444
0.05997634	0.38837647	-0.102069855
0.2151717	0.74627423	0.5106471
0.36084563	0.54390085	-0.014031849
0.9226154	0.54839236	0.69109404
0.54328454	0.89368767	-0.12821724
0.49841487	0.5207351	-0.4758038
0.8409138	0.99288267	1.2104864
0.7612808	0.32882	-0.5050602
0.5084932	0.6614161	-0.5886079
0.08869326	0.98778623	0.53447825
0.7024067	0.33534235	-0.061869327
0.8395628	0.31081045	-0.3458922
0.39875132	0.077546775	-0.6013123
0.39204592	0.9629675	-0.46360913
0.85077727	0.44667488	-0.27001995
0.99895483	0.43234944	-0.8397703
0.1229043	0.9438329	0.47139668
0.18535733	0.47166413	0.19479997
0.09433019	0.67752445	0.5749021
0.45673847	0.35049593	-0.6679355
0.24442065	0.39115262	0.46183434
0.20027971	0.29369485	0.0459204
0.20304054	0.33552295	0.17159316
0.8988825	0.8859665	1.2921224
0.40465462	0.9832674	-0.49838066
0.10162681	0.9239613	0.59336525
0.021666884	0.66602314	0.3003685
0.5180547	0.59782696	-0.4257799
0.5032083	0.16207135	0.39909044
0.27098852	0.15313953	0.8667078
0.36883456	0.9119913	-0.32321823
0.95072395	0.5434831	0.30008674
0.6034057	0.79390836	0.43679336
0.2288782	0.2513799	0.42177543
0.49043417	0.20453316	0.117295615
0.1973077	0.82261837	0.5492986
0.47941577	0.44261134	-0.5560414
0.5486044	0.6548974	-0.15571323
0.20062506	0.47078663	0.27532333
0.74763757	0.7293053	0.042733986
0.7210004	0.8013725	0.036955744
0.43704516	0.91195846	-0.6988817
0.82465416	0.8995741	0.8838807
0.91312826	0.91917706	1.0779263
0.10325515	0.4792698	0.021385096
0.44533437	0.50106347	-0.6360072
0.9321193	0.38286185	0.51258886
0.32062554	0.81334555	0.11566475
0.5826691	0.8893109	0.38643584
0.6236753	0.3663364	-0.08706983
0.9670258	0.8458612	-0.34696057
0.16896194	0.21136397	-0.1440388
0.26717305	0.5334716	0.4632664
0.20246685	0.39160752	0.17541008
0.937384	0.7723762	0.6973466
0.76707524	0.48966837	-0.44971198
0.9485547	0.45709872	0.34367552
0.9678241	0.49085468	-0.12175188
0.2583633	0.840585	0.6313911
0.47258514	0.16154552	-0.008846464
0.5439584	0.5046564	-0.03915666
0.6218366	0.89475876	0.4434551
0.5774246	0.2322514	0.14816347
0.45009077	0.8313857	-0.75066036
0.577714	0.6212688	0.16982129
0.5968883	0.8043191	0.3945531
0.36033553	0.81205195	-0.073301524
0.07780224	0.5308695	0.21319357
0.0799163	0.18926775	-0.43365753
0.28240824	0.3556602	0.5973911
0.113419235	0.43342704	-0.12178497
0.41227126	0.75178045	-0.4840278
0.56702137	0.86129946	0.12494295
0.7088101	0.027632892	-0.37004524
0.11088884	0.05435729	-0.2474202
0.65717775	0.5555173	0.39044404
0.028603911	0.9780358	0.31639448
0.49161738	0.088315904	0.53477234
0.23026824	0.49703354	0.4090973
0.16631347	0.6016976	0.39275476
0.48469436	0.45355392	-0.4488454
0.85324514	0.016383886	0.111250825
0.32741833	0.8588819	0.07450928
0.3178022	0.3349601	0.45139864
0.73796374	0.7373194	0.09600504
0.6671791	0.57782274	0.40747485
0.78289264	0.72140545	-0.08543025
0.8166183	0.95629793	0.81817615
0.68785363	0.09965289	-0.4744223
0.48127723	0.15603852	0.20616409
0.13539636	0.9159305	0.41836566
0.563184	0.6922726	0.05796013
0.31437558	0.39801496	0.41177663
0.90205926	0.073973	0.18962346
0.8922109	0.07307273	0.15966283
0.8470161	0.48555475	-0.23451258
0.6240061	0.65439206	0.42712244
0.6972006	0.025740385	-0.4128551
0.03923452	0.069975495	-0.087103955
0.86740786	0.7356098	0.7984461
0.24559045	0.04946345	0.87790716
0.045728624	0.58485174	0.3259773
0.20994937	0.85820633	0.615471
0.4666713	0.24494237	-0.38898563
0.3897677	0.56745255	-0.23634408
0.23400772	0.17567867	0.49247584
0.5369998	0.16669059	0.6024163
0.9067392	0.9794109	1.1242372
0.9783443	0.95058304	-0.80453426
0.60366493	0.5138312	0.22445503
0.37148678	0.30864143	-0.27333707
0.4358526	0.2842365	-0.68949986
0.66517127	0.93993837	-0.013549538
0.65361255	0.66742706	0.43051803
0.10137063	0.77736294	0.5850983
0.4304194	0.59547853	-0.6110176
0.501962	0.053718388	0.9085402
0.1811868	0.7734424	0.4918841
0.17291111	0.6261332	0.38832018
0.744685	0.5513031	-0.11327687
0.028160036	0.76951927	0.40483636
0.39866483	0.7235933	-0.34497485
0.65903556	0.37607044	0.046195157
0.34068727	0.48551542	0.17136052
0.9901766	0.8166175	-1.3404336
0.2813056	0.89993715	0.48173463
0.1455028	0.72213817	0.53355277
0.08459705	0.006901741	-0.07555803
0.4996273	0.5121726	-0.47671968
0.1355493	0.7744528	0.5966488
0.5094583	0.5995114	-0.4888345
0.09722096	0.15265864	-0.39731452
0.6963974	0.14361954	-0.34079877
0.756089	0.6320089	-0.13639052
0.2766142	0.36972672	0.5848434
0.45046556	0.53951144	-0.6851794
0.79732454	0.3682853	-0.5997951
0.7642331	0.033202052	-0.20159636
0.68407744	0.3780309	0.1079123
0.8542284	0.15352231	-0.11024895
0.9029071	0.31987053	0.3743167
0.009195328	0.5226403	0.031115746
0.35266685	0.42965168	0.04283745
0.39757502	0.9660987	-0.4899334
0.43519711	0.82939225	-0.68414235
0.70750046	0.4342242	0.14676791
0.97338784	0.2550968	0.27769655
0.90446687	0.053236842	0.06163843
0.73925906	0.428685	-0.15797837
0.97210944	0.0071021914	0.3516877
0.29612243	0.73969007	0.39195353
0.04450339	0.071626484	-0.122912064
0.034246445	0.465396	0.11959469
0.36553633	0.44535303	-0.13945244
0.8892804	0.30204725	0.18079226
0.6339628	0.3303936	-0.1261821
0.54221374	0.8703553	-0.13312423
0.18157989	0.059336066	-0.068939
0.14439648	0.16299355	-0.3823021
0.18660319	0.07544291	0.0855093
0.46078163	0.1333459	-0.1596267
0.4544717	0.34355372	-0.5768608
0.2301333	0.20694727	0.41746178
0.2979905	0.3829881	0.6299613
0.9982127	0.43565494	-0.90105635
0.09600592	0.4447288	-0.07781981
0.24029022	0.3479151	0.41838303
0.8468949	0.2376191	-0.23536949
0.38079017	0.50854844	-0.26057014
0.4160397	0.16502416	-0.7416255
0.52876294	0.30564922	0.2149733
0.9027336	0.46361208	0.4348053
0.20380622	0.545549	0.35376626
0.5727563	0.6659768	0.11784835
0.35428798	0.6801112	0.00020739622
0.33907235	0.33652246	0.25293875
0.84228885	0.21626633	-0.20583075
0.021150112	0.97195065	0.2932586
0.44816327	0.654964	-0.767422
0.7036182	0.34350985	-0.027168818
0.64804024	0.4593907	0.22641464
0.8002957	0.728857	0.020653842
0.797299	0.6076981	-0.38269266
0.8759947	0.4730242	0.11266494
0.892249	0.7494461	1.0621951
0.6516975	0.21549839	-0.40364948
0.80662924	0.7112861	-0.007839471
0.7815437	0.463037	-0.5343887
0.15128952	0.7625264	0.53633934
0.16564173	0.73946637	0.5053582
0.6915023	0.13920045	-0.30960047
0.9996486	0.57152164	-1.4210588
0.7404696	0.12473196	-0.29030102
0.15489978	0.464427	0.04020924
0.648403	0.4176039	0.17127222
0.28636944	0.048744082	1.0592631
0.6945792	0.9987992	-0.3257999
0.7578101	0.13844794	-0.35890946
0.58483946	0.24342841	0.057414327
0.039413035	0.7422517	0.49148074
0.22363544	0.4385664	0.28414685
0.39661992	0.78889495	-0.39173737
0.51372695	0.13908046	0.6064281
0.6579906	0.6444019	0.40787897
0.7956365	0.30726403	-0.561019
0.18173867	0.106928885	0.026340328
0.37594736	0.19639313	-0.39921477
0.98848706	0.68730444	-1.2497727
0.59328496	0.92997676	0.4207088
0.91188824	0.63163626	0.8482718
0.19503498	0.7953212	0.5738447
0.013187647	0.56497073	0.12652317
0.5284908	0.6986034	-0.40164238
0.7525503	0.32171267	-0.41587108
0.7122045	0.9851542	-0.23860298
0.851811	0.42349714	-0.2148903
0.7146002	0.3682472	-0.022716748
0.9301151	0.059691846	0.26846385
0.67658645	0.9348679	-0.039174944
0.38324034	0.5558348	-0.24686667
0.32600158	0.825073	0.12720063
0.089045465	0.6052904	0.3714088
0.6336129	0.6924201	0.5141375
0.57375765	0.98895806	0.44262853
0.37494844	0.9617532	-0.3884672
0.6463131	0.92837363	0.19591017
0.54192674	0.086862504	0.8588383
0.45528084	0.8591594	-0.7817207
0.389538	0.36921352	-0.48899168
0.5505774	0.7243782	-0.09524595
0.3088861	0.18779004	0.7715193
0.92178196	0.35880697	0.49468932
0.49266016	0.8121588	-0.7563868
0.49718297	0.23556387	0.12738346
0.7879228	0.88984877	0.4400965
0.47724086	0.16332817	0.048925176
0.48780316	0.458511	-0.5118997
0.71621156	0.55508536	0.12070515
0.17825091	0.351394	-0.004793618
0.012134016	0.8319504	0.18371288
0.56421524	0.8257632	0.17622106
0.14597666	0.78570014	0.49136022
0.21706086	0.80527836	0.60868925
0.39056164	0.1327529	-0.51006955
0.76982474	0.7690649	0.07502129
0.49249983	0.8953244	-0.73600405
0.5587329	0.72292084	0.016359495
0.106159866	0.9642941	0.5201675
0.1229918	0.79701203	0.59965885
0.42803693	0.64826906	-0.5695236
0.07648587	0.322685	-0.31356016
0.8232392	0.4784904	-0.54438066
0.5389002	0.5767147	-0.2604091
0.89097446	0.34805	0.25333387
0.947382	0.42788696	0.3228692
0.20729035	0.66562814	0.545607
0.1695888	0.71952194	0.48035204
0.111441016	0.44340444	-0.09156622
0.6353501	0.9768423	0.19611603
0.1891042	0.55685323	0.29358196
0.3813421	0.1470576	-0.39167196
0.8843714	0.45090824	0.23969305
0.33855373	0.82133025	0.056804374
0.78564626	0.1287086	-0.28110853
0.5859546	0.6949922	0.2659409
0.28171116	0.5932439	0.42545462
0.5666458	0.70470065	0.08109457
0.63500816	0.30596578	-0.19871359
0.62683827	0.8307397	0.43698633
0.12372875	0.6756358	0.5403126
0.4323718	0.05814284	-0.32901156
0.6664584	0.6786229	0.5190836
0.36529857	0.32662147	-0.17238352
0.88451356	0.5919078	0.527968
0.09183049	0.5923818	0.38429642
0.51760787	0.70485204	-0.5333256
0.41061586	0.66987276	-0.42242447
0.7529257	0.90620714	0.01875275
0.47577727	0.8784427	-0.8356411
0.49145007	0.6246633	-0.6865753
0.2965142	0.17636138	0.8525601
0.5546337	0.5302234	0.032076158
0.5383262	0.13473356	0.68859535
0.36583167	0.7274512	-0.054070897
0.36791688	0.7022628	-0.049793564
0.10387021	0.35077327	-0.38769603
0.42912185	0.24542087	-0.71371084
0.9772643	0.021060705	0.4553529
0.015607953	0.9014697	0.1947161
0.91976416	0.84973663	0.98412323
0.53695273	0.6889415	-0.30167803
0.35279083	0.61548924	0.056275554
0.76706606	0.18771482	-0.3931684
0.91377264	0.3568582	0.45955914
0.2601658	0.8733803	0.6297663
0.27271658	0.052372456	1.0760652
0.09199965	0.09794998	-0.35117438
0.18941015	0.9704164	0.45339105
0.0791316	0.51726395	0.21948643
0.93594754	0.90438515	0.69257385
0.96165526	0.83079827	-0.19126004
0.488167	0.6103133	-0.6908209
0.10731542	0.37386578	-0.22977607
0.11982912	0.23815507	-0.41922385
0.35602498	0.87846273	-0.14855313
0.22808576	0.77858824	0.549168
0.6792153	0.804534	0.25840917
0.4961146	0.012504697	0.987248
0.027281225	0.32367218	-0.07566704
0.10179359	0.01655978	-0.13955872
0.4835012	0.80446506	-0.8167488
0.609779	0.4472745	0.16014417
0.2475245	0.2800476	0.5928361
0.5223869	0.7824256	-0.49066237
0.04253429	0.026258707	0.02684784
0.8587403	0.97001135	1.289361
0.56606364	0.6867859	0.06683647
0.46506023	0.17728269	-0.16378555
0.5543663	0.8412554	0.028909199
0.22100234	0.19370395	0.4291825
0.104988396	0.65107614	0.4784431
0.2519458	0.26516306	0.6307938
0.6376797	0.9993648	0.07768562
0.61165655	0.5349499	0.30516058
0.6225904	0.41575414	0.12192567
0.5886816	0.78567934	0.33672196
0.10668594	0.80285966	0.70412743
0.6104817	0.90338534	0.39062136
0.17015636	0.7214049	0.52243894
0.3564024	0.6976554	0.007647506
0.5301313	0.37700713	0.06306205
0.034262657	0.2468993	-0.23590465
0.9619408	0.8849244	-0.14913824
0.06027955	0.5435632	0.23820084
0.44377637	0.0459252	-0.17099543
0.015536487	0.32751447	-0.20935291
0.7663162	0.18154275	-0.35872033
0.70005083	0.5956262	0.34170955
0.13130969	0.38342434	-0.2352693
0.26549602	0.533482	0.43495864
0.60359335	0.97817624	0.50505966
0.50518787	0.124482095	0.6128624
0.07997376	0.9739507	0.58093894
0.5687482	0.7808928	0.19377634
0.6919761	0.3130077	-0.07476776
0.567238	0.54568696	-0.018382847
0.49462187	0.5285489	-0.524282
0.5961494	0.89383817	0.43007886
0.61625886	0.16060036	-0.32257456
0.22578931	0.024113059	0.52954626
0.5090382	0.09121919	0.80515087
0.24211317	0.77620566	0.62984633
0.8004513	0.8791458	0.56598735
0.9807193	0.39434874	-0.2593935
0.23109627	0.4321798	0.34882587
0.949778	0.5646372	0.2508638
0.12782395	0.7365698	0.48144454
0.20982099	0.5500882	0.36365137
0.81667984	0.8001626	0.45609537
0.29057115	0.49991173	0.4683609
0.9103569	0.8067051	1.1417917
0.1370349	0.33707625	-0.2902332
0.3419705	0.38551426	0.12001726
0.9518926	0.011045575	0.22798689
0.9486833	0.21577632	0.45140648
0.8865857	0.27631623	0.17308332
0.5359299	0.77183694	-0.32053384
0.16619354	0.30081207	-0.20264278
0.7932158	0.5000882	-0.57667613
0.11347026	0.65813875	0.46917692
0.36729187	0.7286231	-0.08244798
0.63176405	0.1962865	-0.42439005
0.07272768	0.9995397	0.56885606
0.7821783	0.70861864	-0.056149237
0.97616017	0.0006278753	0.39245215
0.24839407	0.09274614	0.7889377
0.77128696	0.7777917	0.031310543
0.8576173	0.11325872	0.0027441964
0.87548053	0.86300576	1.2332337
0.8652929	0.04363662	0.059525836
0.9252638	0.84655035	0.9279489
0.71942323	0.58447564	0.16737944
0.92148495	0.94647074	0.93167514
0.579278	0.5499439	0.15273772
0.9794346	0.88889897	-0.86433774
0.34465784	0.9049246	-0.08463652
0.22770321	0.39564568	0.3554163
0.4719752	0.91038895	-0.7764314
0.7763172	0.52078897	-0.4569686
0.8804583	0.7275392	0.95510864
0.6748226	0.7307003	0.37678987
0.24132115	0.30524194	0.475883
0.29177982	0.7375891	0.43540025
0.54183507	0.29969412	0.27110898
0.97277576	0.05246812	0.42948842
0.9842794	0.56549776	-0.8346071
0.47674346	0.47187	-0.61064655
0.9022791	0.5963325	0.7161463
0.86622906	0.704729	0.66734236
0.09587008	0.5330523	0.14838246
0.7212315	0.6330271	0.15705223
0.21033514	0.41538417	0.29123804
0.31677002	0.5337164	0.31143302
0.45570374	0.89192724	-0.7549323
0.31098247	0.88037676	0.20542242
0.5494251	0.8256511	-0.17798299
0.043552995	0.43066716	-0.0041667446
0.5699932	0.38078207	0.12620658
0.705208	0.1038779	-0.39093614
0.20877934	0.13131744	0.2714477
0.27816063	0.11017078	1.000885
0.35033357	0.8565377	-0.056421325
0.094020724	0.75348556	0.5863047
0.24171877	0.12747228	0.66896236
0.42118615	0.8480915	-0.6098131
0.71776575	0.59133005	0.20403619
0.3732658	0.112261176	-0.33674246
0.66386175	0.1722331	-0.42614257
0.59718	0.9107491	0.39624792
0.8595753	0.87904596	1.2085313
0.5892832	0.2866099	0.054864686
0.41028935	0.52408487	-0.5144627
0.07597011	0.42315626	-0.098557174
0.43681937	0.13741893	-0.5027092
0.15002674	0.04440981	-0.18880361
0.2900471	0.42172074	0.5451036
0.8974845	0.69410306	0.94205475
0.9797073	0.49206161	-0.49886227
0.8103872	0.856335	0.5466989
0.4241156	0.62457997	-0.59602267
0.25448173	0.47707093	0.45337856
0.9772502	0.97376543	-0.7298616
0.35769922	0.92471826	-0.21046746
0.5688452	0.90430117	0.25263408
0.4534616	0.9641994	-0.6837535
0.53202915	0.7798256	-0.36089072
0.7030384	0.7900906	0.14125289
0.81364614	0.5126444	-0.51781595
0.27392238	0.9534778	0.59335566
0.87598056	0.5933666	0.41462576
0.7856841	0.0311414	-0.1816967
0.365995	0.9983495	-0.30473396
0.24121946	0.17926759	0.6788337
0.80732775	0.17252296	-0.38037002
0.8849095	0.98961943	1.2976042
0.23864537	0.8777216	0.7244359
0.56623715	0.4745518	0.10184133
0.20810682	0.5750012	0.405087
0.7195009	0.81999695	-0.010443807
0.4568025	0.5089812	-0.6898299
0.8753104	0.35831994	0.026268331
0.17486203	0.07989925	-0.04592313
0.7831032	0.98977816	0.47079003
0.2818169	0.7775076	0.46322104
0.95155895	0.413194	0.341901
0.01663065	0.46603388	-0.000107241794
0.09612608	0.88456446	0.6451843
0.1543333	0.8067418	0.5551834
0.6855556	0.9282028	-0.08325549
0.64029604	0.27530438	-0.26997477
0.42417204	0.2752654	-0.69112337
0.5396074	0.10364449	0.82025397
0.17336357	0.11684966	-0.121641085
0.7318633	0.3900044	-0.17856963
0.5017432	0.70170814	-0.6675153
0.87233347	0.5366629	0.2750051
0.07098693	0.45975512	0.03825129
0.45847672	0.6139351	-0.7398166
0.65265435	0.6044304	0.49230632
0.14014095	0.34174293	-0.25929344
0.7120691	0.51594734	0.19032809
0.9158737	0.86327404	1.1063763
0.9707817	0.0739488	0.42811462
0.16906124	0.5689461	0.29675
0.028430462	0.04238695	0.012141701
0.23688501	0.2490884	0.54396856
0.21224034	0.12765926	0.31676933
0.95902294	0.21510571	0.42437384
0.7255314	0.22758299	-0.26558682
0.93797344	0.47215456	0.42882708
0.77834123	0.38059932	-0.52890205
0.8179686	0.26004422	-0.54280365
0.24087167	0.91362023	0.60834694
0.61035246	0.8504893	0.4622443
0.23049486	0.8596741	0.5873411
0.62613094	0.61699194	0.40734595
0.8580443	0.5405324	0.038843416
0.41372627	0.27205855	-0.72638035
0.27607417	0.699231	0.41473842
0.44980955	0.9449415	-0.7002674
0.19135177	0.49423558	0.25840217
0.44566858	0.8117615	-0.7687445
0.330975	0.043154	0.6036039
0.9079173	0.089282334	0.17475842
0.040026426	0.491255	0.11070408
0.86962175	0.9016433	1.2886823
0.7461164	0.22469836	-0.29837725
0.8400633	0.8919037	1.0332047
0.12588125	0.64537656	0.43261892
0.25949293	0.03695476	1.0021119
0.36781126	0.38615048	-0.22082746
0.005641043	0.30248308	-0.32082167
0.102877915	0.998542	0.48308077
0.19855142	0.36166346	0.12218472
0.7443156	0.45447624	-0.20409848
0.257321	0.1772083	0.82406574
0.15850872	0.67856765	0.3953225
0.41497225	0.0746274	-0.57912546
0.77609295	0.07523453	-0.24554066
0.7788037	0.44446617	-0.58816046
0.9041725	0.030891776	0.1293274
0.014962435	0.066981435	-0.20320687
0.9495955	0.29624087	0.465372
0.037876427	0.28722632	-0.26269606
0.78381425	0.81175256	0.18238974
0.88008946	0.9684227	1.2611548
0.52186036	0.041882277	1.1833293
0.5813903	0.20678073	0.122998275
0.09163743	0.0080987215	-0.111555524
0.07089639	0.13639742	-0.3002005
0.27938938	0.48191577	0.4382674
0.8503647	0.71294045	0.45927992
0.06364554	0.040320635	-0.04393227
0.2872197	0.6018763	0.397717
0.90822524	0.41546404	0.44580978
0.21605861	0.81198025	0.59337056
0.78112745	0.09442085	-0.26649812
0.03872907	0.38225424	-0.07519448
0.792419	0.8658845	0.32742786
0.095136166	0.93641347	0.55924666
0.05988115	0.9419068	0.54743195
0.6910972	0.9252319	-0.10120516
0.6220728	0.18517739	-0.29932594
0.46459764	0.87202746	-0.804246
0.79941046	0.0673247	-0.19179058
0.25778282	0.07574904	0.89549434
0.58368886	0.26711798	0.073786154
0.0022814274	0.82757527	0.06857732
0.8890981	0.93951094	1.2839265
0.1096409	0.030200422	-0.21140741
0.72196144	0.3418284	-0.093942806
0.13180566	0.0815984	-0.32064956
0.5934329	0.70495695	0.31365925
0.24258763	0.33338356	0.48717692
0.37205273	0.2832222	-0.35493535
0.2958511	0.21897572	0.7589519
0.5125218	0.77725357	-0.6354186
0.6739124	0.95841724	-0.08041369
0.6366163	0.82008946	0.4188025
0.63788885	0.20521659	-0.42052308
0.7366875	0.70702356	0.06695156
0.36218762	0.16613501	-0.16716504
0.056955755	0.6055935	0.38409856
0.11001831	0.784616	0.6095857
0.01980865	0.49378306	0.10594032
0.30834913	0.80611163	0.25679344
0.8351138	0.60397804	-0.06689052
0.6999736	0.03096199	-0.41368148
0.13295656	0.048057437	-0.27849916
0.43370366	0.40247196	-0.6664231
0.5036264	0.44743794	-0.290559
0.20037133	0.1169104	0.16469148
0.85528207	0.48432708	-0.121463984
0.4937098	0.8908052	-0.73264325
0.4399187	0.6007519	-0.68771666
0.59935385	0.014085829	0.002625119
0.5220037	0.5398429	-0.31353575
0.65010244	0.09627712	-0.5764496
0.7430909	0.18787509	-0.31033242
0.8747216	0.20876366	0.045901764
0.08298254	0.25523782	-0.43250498
0.07248974	0.31765842	-0.32126793
0.82498837	0.74600786	0.31317106
0.76909894	0.39680624	-0.5246397
0.7888261	0.633011	-0.28369728
0.70275843	0.018712044	-0.39492214
0.70388037	0.32389468	-0.05431202
0.0070112348	0.008474112	-0.20267217
0.01100719	0.12774748	-0.3127627
0.6688003	0.42027926	0.13211423
0.98633516	0.74859345	-1.1614003
0.1901179	0.51645344	0.27664965
0.55492824	0.66594476	-0.074198425
0.14657801	0.28326267	-0.32267103
0.94621307	0.3083545	0.45796406
0.6366864	0.34758753	-0.08405163
0.8223332	0.020076454	0.023173137
0.6082949	0.097293675	-0.2563912
0.027886212	0.93808764	0.33533397
0.7669139	0.56083906	-0.33205763
0.046151996	0.1849637	-0.25410575
0.9479712	0.20390952	0.46683288
0.9281456	0.39474142	0.46996588
0.6765312	0.64428383	0.4729543
0.52540696	0.56929666	-0.3049307
0.7035922	0.33115882	-0.055242956
0.837082	0.36467946	-0.4686324
0.79912466	0.55906916	-0.44705915
0.25428826	0.34147662	0.5345846
0.52311885	0.16484106	0.6263407
0.9636957	0.007999718	0.31685823
0.16909087	0.4718421	0.13322297
0.8497786	0.0804922	-0.015921041
0.33045346	0.78358936	0.09205271
0.96630657	0.9972592	-0.4112096
0.36040413	0.21994019	-0.1016867
0.8355735	0.855824	0.90479064
0.28116876	0.2840268	0.6518683
0.21986872	0.018525064	0.48008975
0.7291381	0.08419615	-0.31804103
0.49336678	0.73187715	-0.7917079
0.1937561	0.1313793	0.0860571
0.600609	0.44216746	0.16583973
0.96472955	0.42328095	0.0038520694
0.7732942	0.5229257	-0.41381133
0.899385	0.9594802	1.2366463
0.8146221	0.25652438	-0.4849263
0.31224298	0.47366303	0.39570114
0.3538382	0.399563	-0.011281036
0.36953324	0.35396624	-0.23641887
0.9033066	0.20762974	0.30435753
0.49602288	0.19937009	0.15619718
0.24695772	0.22473848	0.6536483
0.29227656	0.5348095	0.4296023
0.32750767	0.0018171668	0.73867136
0.79360914	0.40239084	-0.66489965
0.9525364	0.66126263	0.23139888
0.5517554	0.62182456	-0.0858645
0.17242718	0.36765832	-0.053510517
0.3830527	0.31523037	-0.47802567
0.260724	0.36983323	0.5228317
0.6251123	0.8981224	0.38166344
0.96944225	0.5204093	-0.2504893
0.42457187	0.9591558	-0.5879799
0.09806371	0.72022444	0.60482323
0.45516157	0.99290615	-0.6392272
0.4204067	0.48722357	-0.6260596
0.59071004	0.11472982	0.11326191
0.6575299	0.4119659	0.08040163
0.99819994	0.9649428	-1.590914
0.7796307	0.9792919	0.37296262
0.8689613	0.37683988	-0.0197059
0.6174876	0.8516646	0.43154287
0.4430207	0.81697977	-0.7669722
0.5782756	0.0989061	0.3412994
0.42022872	0.63439035	-0.50652856
0.9027092	0.74434835	1.0520803
0.9742816	0.5794093	-0.46654183
0.6509587	0.06833506	-0.57915103
0.56804866	0.46753305	0.07218556
0.3407743	0.0866918	0.34784782
0.1739552	0.9440129	0.44960386
0.05983174	0.5062373	0.20949867
0.09309375	0.047943413	-0.23145202
0.8878694	0.04587984	0.08733929
0.60056275	0.34247178	-0.034815002
0.90742785	0.6336787	0.76670194
0.76378286	0.33218676	-0.45123035
0.8410193	0.11894739	-0.10050333
0.3479007	0.0004583001	0.26625538
0.9923983	0.8505153	-1.4845346
0.645363	0.34883332	-0.0437992
0.2727164	0.38844687	0.52351385
0.71266884	0.59779	0.25729376
0.08003533	0.94839853	0.55728346
0.3245266	0.9064718	0.069731705
0.72852385	0.5459824	0.07123562
0.5085674	0.42542744	-0.19759507
0.17183787	0.91568166	0.4245918
0.32287788	0.28561682	0.41983032
0.12648833	0.69003814	0.5052365
0.5088399	0.8194105	-0.70110375
0.27580458	0.7533726	0.5089863
0.9115809	0.7110213	1.0065386
0.774903	0.95853144	0.29078162
0.37093103	0.12961918	-0.2710667
0.17170763	0.044086516	-0.07237952
0.3808509	0.39310288	-0.36659616
0.55059963	0.8898167	0.0038487483
0.7725574	0.1234135	-0.3901029
0.8974592	0.63209426	0.7498678
0.18352711	0.23674178	-0.04830442
0.94441783	0.8639631	0.38738787
0.08540177	0.7082609	0.6216474
0.96327376	0.7803244	-0.14676666
0.18442082	0.1356641	-0.009473836
0.96703136	0.6861858	-0.27178493
0.5224352	0.04952109	1.1323276
0.08666152	0.803174	0.5661472
0.5279117	0.07403195	0.90269315
0.032289386	0.43970442	0.06603723
0.36311388	0.40784425	-0.09201127
0.3148238	0.8070082	0.16500585
0.8678309	0.4817344	0.03121544
0.7974079	0.4063294	-0.64203024
0.061445296	0.81428826	0.5946973
0.656681	0.7429576	0.4466558
0.9481495	0.9618226	0.24631622
0.27254778	0.62028205	0.48193008
0.3441621	0.23597288	0.17835459
0.76194984	0.13320148	-0.34618866
0.36205065	0.21005124	-0.14024001
0.2726583	0.5017449	0.41609746
0.6174436	0.34228384	-0.075310744
0.52546966	0.77882296	-0.43085366
0.3579703	0.33088118	-0.13871613
0.614509	0.5957457	0.37501308
0.56626016	0.29525375	0.17537138
0.49518234	0.0117691755	0.97836626
0.61248475	0.9940015	0.37168613
0.41082323	0.21707213	-0.7135878
0.264714	0.4530589	0.5107264
0.59196126	0.35386115	0.07071731
0.71166056	0.5557096	0.24641497
0.9545531	0.087212265	0.3289197
0.122980416	0.11986542	-0.398833
0.72183144	0.32391506	-0.14316235
0.35636526	0.28503925	-0.03778504
0.699879	0.86109924	0.0046154615
0.3445822	0.9009627	-0.064791
0.43726063	0.46080816	-0.68913406
0.84849507	0.1857562	-0.11598124
0.09003365	0.2345463	-0.4464911
0.78851527	0.99223834	0.5642117
0.64209586	0.9924879	0.16480537
0.3854525	0.13964677	-0.52997977
0.5248689	0.95063853	-0.32692048
0.11949909	0.18168116	-0.4725928
0.5861249	0.9104163	0.42210534
0.5616889	0.040341973	0.7463013
0.74730265	0.87894446	0.022155458
0.126477	0.6488687	0.42240933
0.7276434	0.5324554	-0.011796933
0.71640754	0.04352051	-0.33500743
0.26340228	0.548635	0.48324463
0.7605535	0.27929628	-0.42506495
0.9060946	0.27044505	0.3236931
0.4289918	0.94041747	-0.60541725
0.7549995	0.89551926	0.03145008
0.66047686	0.46952927	0.26302058
0.13501507	0.56317097	0.189307
0.12382758	0.33411008	-0.31792542
0.9600066	0.5059238	0.0830019
0.97078824	0.7377093	-0.51414245
0.070007384	0.17471159	-0.3402399
0.13311481	0.10103452	-0.33129042
0.6565302	0.79324764	0.3780555
0.83909166	0.6861023	0.29244274
0.21327984	0.0042853355	0.36141276
0.31371105	0.15767598	0.72115684
0.30037987	0.24469519	0.7495656
0.40774304	0.16044408	-0.72453904
0.034371376	0.5009985	0.15421894
0.9164188	0.48719442	0.5306733
0.27178562	0.31620646	0.64507365
0.43338776	0.6865466	-0.6377509
0.6651231	0.5168926	0.3458736
0.56350636	0.16646373	0.44498342
0.049850345	0.39606327	-0.09459804
0.17319983	0.5197434	0.21982576
0.5411993	0.5781718	-0.20799884
0.95066535	0.25527924	0.44665834
0.5215861	0.6461073	-0.42967877
0.17817354	0.45904148	0.13896984
0.85850036	0.2268964	-0.13339451
0.63776624	0.5057655	0.33692765
0.25591248	0.5404532	0.44426554
0.7583722	0.6232033	-0.23413011
0.2531861	0.84415805	0.6479683
0.76342	0.50726074	-0.42292327
0.31736308	0.70413345	0.24850135
0.97492737	0.9026116	-0.6561661
0.3870585	0.06806928	-0.3923461
0.6260697	0.8879597	0.3411552
0.08977175	0.5347221	0.207781
0.82733345	0.8864398	0.8654973
0.11380118	0.26506126	-0.45885202
0.103909194	0.8433485	0.63021314
0.2301032	0.5839313	0.4194743
0.51504785	0.6224381	-0.44414005
0.79639596	0.76080215	0.11936644
0.5022804	0.8054735	-0.686761
0.58468884	0.18559808	0.062339455
0.16959661	0.40616977	-0.024633085
0.913357	0.35109198	0.39890495
0.6047087	0.36965477	-0.016112395
0.31564027	0.27701592	0.48795474
0.5905128	0.5141089	0.20476966
0.51560223	0.93872833	-0.44001052
0.48375487	0.5511875	-0.6583818
0.98003596	0.3162886	0.09810139
0.44001204	0.6082021	-0.69097596
0.8528518	0.2007317	-0.114059664
0.7710181	0.11162096	-0.36446303
0.06291562	0.9405003	0.5515392
0.89631295	0.3109057	0.28727236
0.5939936	0.7161349	0.35502592
0.8370306	0.6106353	-0.044198275
0.2728622	0.08211738	1.0427434
0.11066371	0.3060946	-0.46245095
0.711678	0.74798465	0.19080567
0.49015713	0.9610344	-0.63468975
0.10049379	0.8825767	0.63674134
0.9802783	0.92124975	-0.95142436
0.10830259	0.3965488	-0.22219236
0.4412067	0.50487524	-0.69412315
0.9580597	0.84969693	0.024510544
0.10346377	0.8835796	0.64763117
0.011268795	0.06682855	-0.2061302
0.10507506	0.095403135	-0.37583378
0.05381888	0.7594404	0.5605057
0.7508435	0.17800045	-0.3518175
0.88950133	0.89351016	1.2264025
0.9425706	0.115945935	0.33575103
0.84903425	0.49089944	-0.21113534
0.06452298	0.9286908	0.6373647
0.79744345	0.3325519	-0.59409463
0.79023236	0.7037018	-0.006611839
0.7557832	0.4990517	-0.29315522
0.8603919	0.6373826	0.34865555
0.85011435	0.5996576	0.026648179
0.26463896	0.041727126	0.9942874
0.42081398	0.06249678	-0.6035212
0.03742051	0.70198095	0.4606617
0.9055389	0.5768291	0.7089979
0.44279426	0.5267084	-0.6663368
0.9983367	0.1463942	0.45061085
0.9451806	0.21822035	0.45643145
0.8350213	0.057459176	-0.048599914
0.68971676	0.54900277	0.36467278
0.60837233	0.279952	-0.12869428
0.9146409	0.12860686	0.31208163
0.6085293	0.38234514	-0.048536465
0.10278106	0.028818607	-0.20100388
0.18820411	0.81412923	0.48911098
0.6575152	0.2754199	-0.25078496
0.026231587	0.10939211	-0.16644323
0.94530624	0.8665351	0.412631
0.39099586	0.76156944	-0.28532386
0.84119797	0.08902973	-0.008641945
0.018124044	0.85221726	0.22138278
0.81571996	0.71403587	0.104260325
0.3740577	0.672328	-0.09475586
0.49001914	0.4296971	-0.43465105
0.004157126	0.8568317	0.06597698
0.12116659	0.321064	-0.38222787
0.12311363	0.37850797	-0.19891506
0.4539199	0.7614416	-0.72937775
0.6501535	0.29771483	-0.14323512
0.6581613	0.26910752	-0.23705815
0.85330766	0.016077876	0.10747116
0.6735019	0.03553915	-0.58916235
0.42889977	0.050817788	-0.40277037
0.050723374	0.7752446	0.5968072
0.06095922	0.99974877	0.574551
0.25155842	0.1691693	0.7597834
0.2647133	0.93592274	0.6253714
0.18002003	0.8979886	0.45462993
0.10623461	0.4096678	-0.14342274
0.9729506	0.41196615	-0.15438935
0.86298615	0.46169454	-0.03287399
0.9169955	0.58203423	0.7011198
0.5021186	0.6623616	-0.66512656
0.58805645	0.46520466	0.20008422
0.6060555	0.19867617	-0.17919743
0.52018374	0.9952919	-0.25502175
0.29533648	0.12478089	0.97948396
0.78364325	0.6696394	-0.14249358
0.52959305	0.22737306	0.45987737
0.13157839	0.17720598	-0.42903295
0.24634379	0.767629	0.5923318
0.8690736	0.9319211	1.3083469
0.10693282	0.1681915	-0.44382966
0.05462724	0.6003737	0.37806404
0.48467082	0.11527926	0.3489188
0.7740517	0.93414444	0.3283941
0.6364045	0.06277776	-0.5313054
0.88237584	0.19161415	0.16312249
0.014910102	0.44021422	-0.033920683
0.6299723	0.82378876	0.44220167
0.09973937	0.32235628	-0.3137936
0.03876388	0.8635544	0.5164762
0.9456782	0.78505605	0.44889796
0.5842052	0.6804772	0.2799729
0.42579037	0.9289989	-0.59013504
0.43833363	0.72608626	-0.694217
0.00038981438	0.01769787	-0.3287338
0.8543107	0.34375215	-0.23346294
0.38816	0.4549994	-0.38018623
0.9823738	0.8789179	-0.98902017
0.56054634	0.9673416	0.30748707
0.74614245	0.4112445	-0.3033731
0.37638736	0.6931156	-0.15226768
0.6143827	0.7496922	0.43968603
0.51630104	0.97740126	-0.28687698
0.79174906	0.47109294	-0.52836865
0.6272483	0.88423115	0.4021285
0.79750687	0.48161912	-0.53170085
0.72258794	0.98665094	-0.24264714
0.23801368	0.9909788	0.69217795
0.92091084	0.279265	0.4067286
0.9175561	0.035673976	0.12756228
0.18862486	0.8228068	0.54834855
0.99261564	0.5063162	-0.9706612
0.5660951	0.7398255	0.03884267
0.92212903	0.86506313	1.0355666
0.43055326	0.9494346	-0.5851658
0.84498465	0.54832083	-0.1339563
0.807699	0.22567105	-0.5228608
0.87594473	0.17411745	0.08076616
0.4752792	0.8285726	-0.84319896
0.22666496	0.9937546	0.666837
0.6035469	0.6399132	0.36695823
0.5153475	0.8460085	-0.50892144
0.86029285	0.27484465	-0.16139159
0.29057145	0.6346155	0.44395608
0.25456685	0.47668254	0.44827354
0.5368681	0.9883638	0.006048388
0.98879814	0.8365342	-1.3183323
0.61492074	0.23313439	-0.25959504
0.58395004	0.8809051	0.34142396
0.86056244	0.96500754	1.3172263
0.55703324	0.01851052	0.88091207
0.31683928	0.8129667	0.19831543
0.65592706	0.59029967	0.5162356
0.79323	0.031009316	-0.11934389
0.6307095	0.7421039	0.46778223
0.5647226	0.9773762	0.39980522
0.44497287	0.32501942	-0.68611676
0.8144466	0.5289179	-0.50152665
0.64702076	0.2736224	-0.21121629
0.9611999	0.96485275	-0.1735744
0.7804474	0.38408518	-0.56939435
0.30631465	0.78969884	0.30924886
0.057490885	0.4721617	0.08202278
0.3424418	0.0031954646	0.39288652
0.40300286	0.6099074	-0.38840443
0.34790772	0.0013269782	0.3110277
0.26164597	0.85824966	0.5883657
0.111502826	0.5947506	0.31303686
0.68319666	0.045752883	-0.48531434
0.5744338	0.038180172	0.49703118
0.28289056	0.89721537	0.48977938
0.8503264	0.25808364	-0.21771273
0.80121946	0.9715819	0.6395319
0.9683512	0.30823427	0.22161505
0.46395665	0.74579704	-0.82841414
0.5365653	0.021309793	1.1319801
0.7504746	0.6729404	-0.020096736
0.30348516	0.5511562	0.39605132
0.37786108	0.3312881	-0.34527487
0.7660823	0.1321196	-0.42085856
0.41724694	0.13347965	-0.6524828
0.6577801	0.7919189	0.40604752
0.32849938	0.63969576	0.22091651
0.5383945	0.9621449	-0.019210665
0.99281657	0.17089194	0.34919092
0.6844054	0.5422472	0.42677146
0.3523661	0.11586541	0.10929319
0.9014074	0.60373354	0.7463482
0.89301634	0.9143899	1.2884679
0.16168576	0.69602287	0.4245562
0.57347304	0.94935197	0.43176284
0.14238876	0.2905885	-0.27753907
0.38282657	0.8298715	-0.28078637
0.3689698	0.021554649	-0.15594451
0.81022793	0.96567184	0.81246877
0.07554084	0.11025131	-0.2660312
0.5318515	0.35590112	0.09336915
0.62132406	0.44064486	0.123465315
0.28682768	0.923978	0.4987591
0.38471943	0.18422192	-0.5241087
0.16364956	0.89063555	0.40462866
0.055289507	0.14605522	-0.19359276
0.8372755	0.84240687	0.8689421
0.6707771	0.3126868	-0.12422001
0.22167856	0.049767315	0.4475133
0.47247815	0.25198323	-0.25897992
0.5343346	0.35276175	0.15810218
0.059862316	0.5921783	0.35184616
0.242782	0.8079168	0.6399289
0.65938014	0.8768821	0.17829426
0.14925605	0.47687876	0.09701369
0.07274979	0.15497518	-0.2866604
0.75685954	0.04542893	-0.20281267
0.49273717	0.68009204	-0.7408625
0.2929682	0.17652774	0.9223461
0.6899059	0.21144444	-0.2813682
0.8766889	0.08939552	0.15587369
0.3210472	0.051648557	0.7608589
0.050179243	0.49566633	0.123534545
0.013227761	0.010439038	-0.09464447
0.80002046	0.60994184	-0.33705255
0.5032472	0.1603427	0.5277864
0.34058303	0.07460165	0.37635842
0.35937613	0.51259774	0.025102682
0.7722372	0.4340682	-0.55037487
0.94044745	0.8303875	0.5364935
0.091588676	0.74587303	0.6717057
0.5955638	0.8574357	0.47653273
0.6572477	0.2293514	-0.3942792
0.52955776	0.83424175	-0.4388137
0.36505026	0.720116	-0.09049114
0.8331183	0.85270387	0.79563355
0.14881492	0.4176275	-0.08476758
0.4591257	0.9321924	-0.76612806
0.48599637	0.75321823	-0.83248085
0.16845673	0.81001794	0.48117393
0.8659565	0.7421076	0.80750614
0.2624333	0.0092430115	1.0630031
0.10359347	0.86353916	0.6127656
0.09391254	0.7659599	0.6420855
0.5588573	0.016890883	0.918056
0.72464	0.71159315	0.116903715
0.36252946	0.36927694	-0.15294033
0.2901578	0.11624509	1.0282978
0.06699985	0.7150063	0.5638552
0.16934639	0.3042494	-0.17685655
0.77193767	0.6085962	-0.27862978
0.012419701	0.18480492	-0.2715976
0.6108866	0.8611964	0.5106342
0.4613238	0.39268732	-0.5517543
0.81748086	0.8495485	0.6246224
0.4702201	0.40466458	-0.54431254
0.6347747	0.061368227	-0.5195992
0.81958157	0.9542988	0.94556653
0.8918155	0.3989749	0.3304163
0.7228175	0.06029302	-0.33915192
0.7740649	0.6524561	-0.19389318
0.43423992	0.54268724	-0.6282599
0.34841615	0.7485863	0.009536444
0.9164089	0.6350204	0.8085457
0.002441585	0.029082894	-0.2859561
0.45986086	0.36045265	-0.63051474
0.2783931	0.0042669773	1.0764664
0.42797887	0.31379908	-0.711502
0.519605	0.9573368	-0.40654963
0.8769691	0.15698498	0.0693683
0.89585376	0.7822458	1.1182215
0.27000344	0.4243394	0.4718563
0.83205837	0.2234801	-0.3311083
0.91844726	0.5584737	0.6734045
0.064260244	0.9185371	0.64891994
0.025173128	0.47387725	0.04731317
0.5520574	0.13981527	0.62829113
0.65918666	0.36331004	-0.016460408
0.8137832	0.7864997	0.35437027
0.20750147	0.80881864	0.5895373
0.68114823	0.59687465	0.41891012
0.23370564	0.41753352	0.3610072
0.917332	0.72066295	0.9926148
0.5957736	0.39789164	0.053140074
0.049995124	0.12500441	-0.22550455
0.59671444	0.1077041	-0.0017828196
0.32383376	0.21504998	0.50938237
0.6563392	0.99255574	-0.029131517
0.33228654	0.26832515	0.3307524
0.96465254	0.32793695	0.2889718
0.6167601	0.9119884	0.4520827
0.249035	0.14325607	0.75685
0.15583879	0.9327515	0.43300924
0.2981397	0.32712406	0.6091057
0.8188657	0.72621965	0.13889411
0.41174364	0.02145338	-0.41129863
0.08261663	0.8921887	0.58480775
0.7437375	0.012023866	-0.16332638
0.10540199	0.7554655	0.5926112
0.39156044	0.74551094	-0.30942056
0.7091564	0.33507192	-0.019695614
0.85859734	0.872586	1.2135849
0.4532277	0.6767481	-0.7157799
0.19936913	0.1673953	0.08088445
0.8093984	0.45100397	-0.57103604
0.7515399	0.3577401	-0.35675862
0.3634777	0.3133952	-0.17677356
0.34080023	0.93271226	-0.03667247
0.4800266	0.675151	-0.7756333
0.7136212	0.50248724	0.16864167
0.9465274	0.7896788	0.41040143
0.64420944	0.5541963	0.3854129
0.06713247	0.70326245	0.563522
0.73436904	0.5909818	-0.0041781664
0.75340104	0.48446065	-0.2672444
0.8367524	0.3031581	-0.4252988
0.9159917	0.8815809	1.0437312
0.9681155	0.10960114	0.41845903
0.7994235	0.9658266	0.6583641
0.9297534	0.9370835	0.8087118
0.6511402	0.0010400414	-0.6664399
0.57285	0.6615087	0.11996027
0.51691616	0.10202277	0.8309671
0.15567344	0.9651573	0.29006788
0.4212371	0.7237324	-0.62390643
0.799306	0.0009817481	-0.04155652
0.9888672	0.10003209	0.5062594
0.61415654	0.68852174	0.43381405
0.35751987	0.5511092	-0.00088350475
0.08746928	0.9152605	0.59748423
0.6340972	0.6762298	0.4473709
0.48672038	0.86196005	-0.7964418
0.92888325	0.27077007	0.5139764
0.6360815	0.59273845	0.35618925
0.9529699	0.8721997	0.14059778
0.27474296	0.381509	0.5747491
0.68980706	0.8997033	-0.027331084
0.32738763	0.87856597	0.11058603
0.25428003	0.31491923	0.57369226
0.25675255	0.16770059	0.7815457
0.6304896	0.3753199	-0.08653995
0.21981871	0.4699244	0.32533592
0.28908396	0.06468266	1.0630378
0.4087445	0.97115487	-0.455686
0.66982347	0.90494484	0.029735953
0.9756767	0.22970384	0.3465653
0.8779585	0.6438396	0.7069957
0.12265694	0.603251	0.38451284
0.73836124	0.27701825	-0.2615473
0.5036399	0.09164357	0.72466063
0.9928648	0.92857236	-1.4483055
0.49769372	0.5900684	-0.57737166
0.3530957	0.08116001	0.11631755
0.4667387	0.33208996	-0.5076398
0.9120269	0.011262	0.10417321
0.3463847	0.43733573	0.123355746
0.74349076	0.5449173	-0.17699471
0.44498324	0.9371625	-0.6753404
0.6229685	0.22668666	-0.31935498
0.77943313	0.4116844	-0.52053076
0.6708697	0.59938717	0.37374
0.3523286	0.15547484	0.08415725
0.60863006	0.076111674	-0.15975767
0.90005046	0.29033095	0.33165744
0.08766854	0.5440752	0.26146284
0.80386543	0.6677062	-0.1271078
0.86781234	0.57756776	0.21982308
0.25305158	0.8120368	0.69344914
0.85183436	0.19742578	-0.16676527
0.54712987	0.9406646	0.06383699
0.2827574	0.8655205	0.5362207
0.24600196	0.026630223	0.833995
0.7272928	0.73773265	0.10748987
0.80202323	0.24694055	-0.49676862
0.35154134	0.95275486	-0.14342684
0.2212823	0.82276857	0.6028484
0.35957915	0.5790213	0.022090288
0.63849294	0.6764024	0.48293093
0.19216621	0.6389773	0.41582432
0.51861584	0.38017857	-0.04791365
0.5448328	0.3771816	0.10363419
0.74503684	0.7732548	0.029308544
0.9584411	0.20504779	0.40603164
0.88060427	0.5565961	0.41830236
0.29081416	0.32605255	0.65103495
0.4369766	0.8327881	-0.7394272
0.7228729	0.7256883	0.06359587
0.77241975	0.6295319	-0.1867091
0.1255964	0.5244688	0.17464948
0.791289	0.8372506	0.32748556
0.9422024	0.5873919	0.5082575
0.31050038	0.8903038	0.22766283
0.9813735	0.44213414	-0.39263707
0.67727184	0.7933153	0.23846437
0.4512602	0.42579675	-0.6008273
0.095694244	0.5396862	0.21269502
0.31264293	0.2970615	0.5611065
0.36842072	0.6465107	-0.0949682
0.6600372	0.8618211	0.24614163
0.6217201	0.8015219	0.4469016
0.7756188	0.7467706	0.0009175192
0.022551179	0.65678346	0.2974579
0.6705645	0.2157718	-0.36428767
0.6503174	0.6698774	0.45015502
0.8036624	0.090206146	-0.21674006
0.22366536	0.47477567	0.3291994
0.32047385	0.33969593	0.41495815
0.53772956	0.9678997	-0.009127678
0.603126	0.8200907	0.45817447
0.831093	0.8966788	0.94843304
0.610504	0.50831884	0.21314545
0.24270737	0.76253426	0.62640476
0.3423035	0.17325199	0.25186613
0.028616548	0.5674606	0.25172764
0.77627474	0.98795635	0.29234537
0.038844824	0.76792413	0.46823156
0.44943297	0.9633644	-0.6394605
0.34508413	0.26566315	0.13885094
0.5213003	0.04219103	1.0220101
0.5339098	0.024592757	1.1904218
0.9838915	0.32022113	-0.054150052
0.80220634	0.64651173	-0.24612075
0.20347422	0.38083732	0.1728173
0.65963507	0.2454384	-0.24970411
0.46070194	0.5976572	-0.70842963
0.2612818	0.5921586	0.45764866
0.48977268	0.75653106	-0.7893456
0.08538681	0.6632551	0.48571682
0.22591388	0.23687768	0.4244181
0.5713024	0.9641308	0.39716497
0.9068574	0.67178786	0.89746135
0.92052835	0.2883069	0.4606257
0.5101161	0.95871246	-0.4056042
0.472924	0.48615623	-0.6257717
0.7477937	0.6956584	-0.038924202
0.12534982	0.6695127	0.46616927
0.6039428	0.47294068	0.1609924
0.4102363	0.25255293	-0.71434754
0.55973107	0.89036435	0.14003201
0.8107588	0.73224723	0.09525528
0.8770548	0.12853372	0.10258035
0.9129217	0.022501886	0.050709534
0.055030167	0.2350362	-0.28306466
0.25735772	0.21895266	0.7023616
0.24646115	0.41006416	0.47053933
0.9632377	0.8231791	-0.20462425
0.75775677	0.9134421	0.10880855
0.4806713	0.20967263	-0.01067695
0.37645817	0.59036756	-0.16088453
0.018529594	0.91846836	0.22276199
0.51498795	0.07247275	0.9238756
0.81759495	0.47874922	-0.48356026
0.6233365	0.8829194	0.39207786
0.64243275	0.0065755844	-0.56916463
0.116438925	0.15041494	-0.37818384
0.3549797	0.87699497	-0.16942948
0.5275931	0.7296504	-0.43300235
0.1638158	0.97416407	0.32441103
0.4942668	0.22520018	0.16024376
0.32722694	0.07922095	0.65405804
0.63262826	0.030998051	-0.539056
0.7112904	0.1756795	-0.22264442
0.45103407	0.3613643	-0.6729378
0.032526255	0.13350576	-0.25407335
0.76548254	0.06359398	-0.2398858
0.3569433	0.5132027	-0.0380007
0.25213236	0.4723974	0.47829798
0.77144694	0.7500975	-0.026323859
0.36690027	0.54540825	-0.07218201
0.09324968	0.023180246	-0.14089891
0.6469181	0.6446394	0.46051237
0.38505864	0.44643772	-0.33717588
0.6907267	0.98119897	-0.25888976
0.8539552	0.06260055	0.05221684
0.7693773	0.97031176	0.1747672
0.22556162	0.52839863	0.37857854
0.5549937	0.26042062	0.32620832
0.9437812	0.8228068	0.45791665
0.621914	0.40638548	0.026736993
0.43536794	0.20951247	-0.6489261
0.74217325	0.30880785	-0.288912
0.68426794	0.20520914	-0.22517362
0.5086503	0.5826268	-0.4777114
0.078541696	0.5891073	0.35361823
0.3771665	0.9060324	-0.28451148
0.3075419	0.95047027	0.26838583
0.8662885	0.1414634	0.0019623488
0.19268358	0.9345258	0.49620253
0.5228304	0.9257446	-0.35452643
0.21062076	0.28511125	0.22069049
0.3257501	0.006591022	0.7437614
0.9958023	0.026496828	0.6757017
0.4522159	0.38058138	-0.6875613
0.21242177	0.7072931	0.53862387
0.25468373	0.38755643	0.50290376
0.08523494	0.936489	0.578215
0.6514486	0.7113597	0.43790442
0.7868483	0.93524617	0.42170146
0.9190855	0.88505673	1.0420736
0.67568606	0.8414084	0.1730744
0.061260045	0.44419885	0.013213215
0.9952329	0.008626938	0.6307289
0.53962433	0.90663373	-0.14838144
0.36706078	0.15208918	-0.18382217
0.19705766	0.61286134	0.421637
0.25211775	0.21431845	0.72478914
0.96269983	0.96733475	-0.188133
0.87388146	0.38297635	-0.015642386
0.6974541	0.58136064	0.28598487
0.3392712	0.75967824	0.067959815
0.51384294	0.9055469	-0.50749797
0.67354804	0.46427536	0.27955577
0.2543378	0.07107693	0.863883
0.05576855	0.8591589	0.5928049
0.26213402	0.16192389	0.86598366
0.71788794	0.8930336	-0.099242195
0.87766516	0.79813683	1.136514
0.50679255	0.69725835	-0.677221
0.7490166	0.21682465	-0.3812931
0.6309684	0.7351833	0.5178726
0.6725254	0.8212928	0.21436761
0.8353878	0.2776128	-0.4010751
0.65452653	0.9736743	0.059096113
0.25830042	0.19740695	0.7649838
0.45643157	0.40451294	-0.65522563
0.20669115	0.81438315	0.5605046
0.07090014	0.39417863	-0.0572194
0.030185819	0.16921163	-0.1897787
0.87855	0.21572816	0.103263915
0.23578155	0.31478077	0.44306573
0.20031255	0.06159705	0.25436187
0.8522566	0.219764	-0.11714284
0.09712207	0.44603145	-0.045318756
0.66540515	0.51294136	0.33666265
0.650979	0.27995616	-0.26440388
0.9198303	0.2476641	0.4056594
0.12840217	0.22564954	-0.4836337
0.3596542	0.11419827	-0.11734163
0.5848921	0.2510332	0.033028673
0.001686871	0.95116657	-0.015621526
0.5387477	0.5603722	-0.15326254
0.13452935	0.83252966	0.51524526
0.027749062	0.41500866	-0.039888285
0.953156	0.2424888	0.42578512
0.6925984	0.21162152	-0.22982557
0.8798678	0.5005801	0.25678542
0.1202665	0.27371877	-0.42371643
0.33215207	0.58013445	0.20217633
0.09841329	0.407497	-0.21048278
0.50050044	0.10873896	0.6616541
0.62813514	0.9667936	0.35376802
0.17998159	0.34098077	-0.036811598
0.9275492	0.9268712	0.87339795
0.562546	0.97947705	0.353066
0.33478224	0.8042624	0.02872571
0.1778071	0.278795	-0.14041787
0.4248554	0.23480195	-0.74318016
0.30481905	0.09525746	0.95373297
0.4547847	0.7492542	-0.79531956
0.21025771	0.056840062	0.3205962
0.40467978	0.5448333	-0.42408916
0.6662956	0.203246	-0.35731173
0.43344128	0.1129787	-0.50460565
0.71435905	0.64528626	0.24869163
0.35609603	0.4111051	0.056103952
0.8569826	0.3317058	-0.17965542
0.19387144	0.2940598	-0.00038225576
0.063420534	0.35435247	-0.23557776
0.36912614	0.575767	-0.07616839
0.55068666	0.8448161	-0.040738977
0.2126925	0.053644776	0.37433565
0.10061681	0.4648428	-0.031824403
0.47953576	0.7021192	-0.8033991
0.032999218	0.81828475	0.41124347
0.93433744	0.86849433	0.64855874
0.17070347	0.5354828	0.21557388
0.5194128	0.5158763	-0.30849817
0.33195496	0.30123347	0.33519644
0.6396663	0.88498896	0.29463416
0.35978395	0.62834096	0.014909729
0.76487654	0.5611561	-0.32964095
0.98550004	0.13369703	0.43423584
0.8184556	0.39623803	-0.5980527
0.71047044	0.18166345	-0.30075896
0.07090056	0.4836049	0.081772014
0.51138943	0.11946583	0.73019767
0.6879846	0.51939625	0.323626
0.9582697	0.001136303	0.24311349
0.19116753	0.19024307	0.03044958
0.112695575	0.40290242	-0.21503372
0.6337114	0.48293114	0.25452548
0.96204907	0.9303621	-0.19577341
0.20442617	0.4747079	0.33568722
0.7296495	0.6792456	0.13639893
0.15926743	0.40929097	-0.051236283
0.984371	0.18936682	0.36928633
0.8465435	0.40502608	-0.33417213
0.09166908	0.25836307	-0.42846105
0.43041772	0.91797686	-0.627353
0.06785506	0.109222054	-0.23300047
0.5423566	0.7990457	-0.19103573
0.27070677	0.597522	0.4508419
0.14733064	0.15076572	-0.2697407
0.5565876	0.8909241	0.07369576
0.18092787	0.98129976	0.37475514
0.27691835	0.402426	0.61218905
0.4634303	0.43273693	-0.6320363
0.08621526	0.491342	0.08759033
0.36972624	0.22455466	-0.2962928
0.5447917	0.4589057	-0.017711094
0.81767815	0.6494343	-0.10692504
0.531096	0.36913496	0.06489531
0.11817753	0.67213416	0.5383012
0.38029784	0.26926017	-0.4059666
0.802774	0.008720458	-0.027738119
0.02823931	0.737823	0.41837615
0.5470051	0.7652526	-0.1594138
0.50141704	0.7561984	-0.6739375
0.9858945	0.69041073	-1.1907876
0.25733078	0.2776355	0.6851957
0.24034679	0.67838144	0.52626795
0.63305646	0.61854225	0.43986526
0.5989406	0.6065464	0.2844859
0.6579973	0.6318336	0.46567178
0.9805501	0.1653626	0.3643464
0.73813266	0.046483576	-0.26944664
0.43049282	0.46930754	-0.69111115
0.5612183	0.18303388	0.36748692
0.3734663	0.11151749	-0.24881552
0.90806353	0.98595613	1.0685949
0.23925096	0.78636974	0.6378145
0.22335112	0.26193422	0.3183153
0.12545264	0.33323318	-0.32005137
0.29140663	0.73756135	0.3866828
0.86849654	0.0051431656	0.12906176
0.52924556	0.5703194	-0.2560164
0.032643855	0.32649076	-0.15934955
0.3115191	0.6392614	0.28434694
0.62831163	0.7123191	0.48147652
0.32996023	0.96208847	0.005873693
0.07242954	0.7815806	0.6969708
0.9066138	0.43899387	0.545769
0.52786565	0.99045575	-0.08250111
0.19494337	0.39950055	0.1725528
0.17599171	0.19444108	-0.16162594
0.46894294	0.12977439	0.019931223
0.027103722	0.3194946	-0.14101563
0.94478184	0.108792245	0.35907328
0.50082844	0.48098475	-0.40193996
0.6975406	0.9193202	-0.101208776
0.52241755	0.9039368	-0.4068318
0.88714725	0.98426396	1.283682
0.7379069	0.5651876	-0.030092508
0.35449886	0.46633077	0.043361858
0.48513544	0.18098396	0.11629945
0.63324577	0.1703744	-0.43752775
0.36441237	0.66387135	-0.052799363
0.1670472	0.14542061	-0.2016692
0.85442185	0.27417362	-0.1982019
0.006668687	0.2645225	-0.32215557
0.058508456	0.9665445	0.5145734
0.06669855	0.91023725	0.5287972
0.68958706	0.69152325	0.34130365
0.75214386	0.09811056	-0.2924735
0.24643195	0.612499	0.4299339
0.7991011	0.26391262	-0.4884205
0.25861818	0.11302853	0.8801168
0.6719458	0.8263402	0.19088788
0.5250758	0.6685446	-0.38669038
0.18229353	0.88582826	0.5030253
0.18590736	0.3457883	0.03273803
0.5389796	0.067463815	0.9262254
0.11004275	0.86371905	0.5810834
0.41138017	0.07143217	-0.56262535
0.35392398	0.4714839	-0.03545203
0.9484319	0.2158035	0.44790474
0.37953967	0.07628375	-0.3633644
0.32083452	0.13629013	0.6975346
0.4069677	0.4599172	-0.53057384
0.99256974	0.13281924	0.4593907
0.69431585	0.58081764	0.3993171
0.05686003	0.89136404	0.6029922
0.5034032	0.4592024	-0.3556076
0.4512903	0.5348546	-0.71339226
0.5860379	0.7104272	0.2606899
0.3711835	0.57012063	-0.15639219
0.03934443	0.81264925	0.53722084
0.821245	0.5557574	-0.40052554
0.63311327	0.13837314	-0.5041134
0.658453	0.329144	-0.03306511
0.8790778	0.27563602	0.07814515
0.17138714	0.38983065	0.057526994
0.46613687	0.8101444	-0.7942507
0.15948892	0.5822035	0.30855712
0.46441197	0.5737815	-0.67599285
0.17955261	0.17118257	-0.063197255
0.12808555	0.71994513	0.5099447
0.15262091	0.31979108	-0.2655863
0.48198348	0.3098911	-0.2684013
0.45163667	0.94047093	-0.6995525
0.697568	0.24307942	-0.17049839
0.6148797	0.4305079	0.13710634
0.48188233	0.47662854	-0.5328868
0.46391082	0.9724639	-0.65741104
0.78532743	0.8320215	0.23567457
0.614626	0.84705484	0.47860652
0.70923996	0.60349035	0.22760811
0.027475834	0.7928007	0.37675142
0.018402398	0.2823311	-0.26767173
0.18316019	0.021181166	0.031220568
0.6968466	0.6777183	0.27400106
0.5114036	0.054714262	1.0025046
0.31466097	0.47489333	0.35504323
0.47174144	0.030764759	0.4626986
0.6168928	0.3426901	-0.014931545
0.771888	0.86306673	0.15554829
0.51755327	0.6938037	-0.52336466
0.46297276	0.79559094	-0.85078204
0.47302175	0.39260846	-0.48364452
0.8716029	0.029884934	0.1134475
0.9837353	0.22375703	0.29154336
0.84981847	0.9632305	1.2314664
0.1685186	0.6929488	0.4322814
0.4244594	0.7912052	-0.5582787
0.16705537	0.3578226	-0.10892418
0.711602	0.26040816	-0.13669094
0.6024277	0.096102834	-0.13813116
0.6489603	0.5357	0.3212782
0.44020534	0.15367156	-0.47950333
0.090699375	0.933668	0.56232435
0.21370506	0.62690634	0.4592502
0.52164567	0.93424505	-0.32988897
0.8229289	0.3742625	-0.539255
0.32037747	0.95043296	0.08217882
0.46932542	0.5920582	-0.7117912
0.44308776	0.5110729	-0.6618086
0.738836	0.030126989	-0.24981375
0.45419526	0.804276	-0.7742841
0.9158072	0.57259506	0.74002784
0.88347036	0.32578045	0.18094264
0.57940793	0.7892377	0.1984442
0.5158072	0.512302	-0.36905628
0.9730053	0.6439273	-0.5451865
0.39556146	0.9150212	-0.4319998
0.38313562	0.76487905	-0.23841898
0.10501391	0.10563743	-0.41166666
0.3949114	0.4522493	-0.45609498
0.49896675	0.122811675	0.55142486
0.45129877	0.6677853	-0.7606782
0.9884949	0.008430898	0.58303094
0.45324934	0.97861624	-0.63405347
0.7575246	0.050381303	-0.2666761
0.95666486	0.26728296	0.3527667
0.6654629	0.9169118	0.050686564
0.5622443	0.583641	0.08740744
0.67600745	0.8076255	0.22581592
0.31051737	0.1284281	0.821718
0.26049984	0.8733694	0.62784815
0.9219859	0.29639655	0.48450464
0.9250334	0.67462224	0.79441446
0.74346	0.009485304	-0.23319978
0.9408854	0.26438206	0.38461524
0.16732448	0.119066656	-0.22161692
0.49902284	0.9800081	-0.46056008
0.72029185	0.17771041	-0.3078588
0.89620245	0.8229064	1.2598851
0.20966357	0.83907896	0.58714634
0.33597177	0.48018718	0.20970245
0.95833164	0.49230504	0.15375277
0.19411755	0.1707778	0.05896612
0.2719431	0.5036621	0.4917163
0.25153702	0.2372545	0.66061926
0.43957025	0.912536	-0.68042624
0.15932524	0.6424628	0.4569559
0.43204862	0.7664708	-0.6217332
0.518649	0.68541986	-0.50808966
0.92370456	0.37611687	0.54196864
0.90828764	0.8998553	1.1888816
0.34480757	0.0664776	0.3310375
0.14362645	0.20889115	-0.36894786
0.119458675	0.3999809	-0.18079108
0.334674	0.322155	0.21647753
0.5364725	0.5760666	-0.23444149
0.20309073	0.6402825	0.45863783
0.66280663	0.3851332	0.06968705
0.85437375	0.47808397	-0.16440567
0.19701147	0.6994778	0.46452928
0.10936749	0.96135473	0.4782118
0.87053275	0.17126632	0.07504624
0.20192045	0.061222672	0.20335944
0.3290453	0.3237567	0.32644498
0.23489606	0.3690368	0.42567697
0.05641657	0.6271663	0.5204234
0.3064446	0.4398076	0.46498072
0.46638066	0.8001988	-0.867715
0.53621817	0.10821891	0.8014907
0.0737586	0.13813585	-0.32397768
0.80975854	0.19131923	-0.36282
0.33629626	0.107497096	0.4102247
0.042601883	0.6576853	0.39288062
0.7566712	0.11200088	-0.30018222
0.9582643	0.24230742	0.4024764
0.781855	0.3603301	-0.57297295
0.022364259	0.3309428	-0.20686156
0.8204112	0.284948	-0.4827553
0.14734715	0.2551294	-0.36360726
0.64082026	0.6949703	0.45234844
0.7751706	0.37211657	-0.583152
0.2292586	0.6412926	0.52941006
0.75808126	0.10408336	-0.3561086
0.99904424	0.93185645	-1.6140649
0.8153764	0.56962013	-0.36451727
0.7671986	0.46466458	-0.36477494
0.92289793	0.451387	0.53015
0.3852923	0.059497654	-0.46192062
0.2549402	0.08695161	0.9021236
0.65161157	0.22150624	-0.36801532
0.5889445	0.8523634	0.41540596
0.5307502	0.4447341	-0.06555846
0.9396008	0.07815516	0.2763328
0.375867	0.31639498	-0.33366713
0.35649556	0.15693885	-0.022869024
0.5438486	0.07711971	0.89982164
0.2067076	0.08146185	0.21823375
0.50573486	0.3202057	-0.038220987
0.9935248	0.15673745	0.35704613
0.62047607	0.5617875	0.27254704
0.021526456	0.67365813	0.3349675
0.6175032	0.009914875	-0.3020813
0.44555128	0.11045843	-0.33114648
0.7527221	0.19854522	-0.38870493
0.31587148	0.48990917	0.3498313
0.77203083	0.36328083	-0.55136144
0.3429116	0.11308038	0.33096468
0.6434002	0.5349687	0.37011355
0.6996837	0.8135567	0.13480912
0.543446	0.21660596	0.4349952
0.87668425	0.7606371	0.9736959
0.963817	0.99040407	-0.33789587
0.62321454	0.65938747	0.463268
0.33374763	0.5017067	0.2080847
0.13346666	0.06763297	-0.2940502
0.036608636	0.16579586	-0.15167399
0.65255266	0.70600295	0.49985072
0.32590592	0.91438544	0.04866446
0.5178502	0.37793392	0.057585068
0.34066933	0.3370604	0.1497961
0.8349347	0.060059786	-0.046233803
0.6566046	0.5891942	0.41377413
0.7866011	0.4844216	-0.5184143
0.48789084	0.8016956	-0.7516033
0.2898047	0.18091303	0.88276654
0.7427928	0.27226037	-0.3415802
0.89391106	0.20304805	0.2752186
0.7617734	0.9187231	0.107658155
0.13398415	0.71568465	0.48234093
0.5776354	0.65919167	0.16040199
0.59816897	0.14883775	-0.079737976
0.15546197	0.34603065	-0.20864226
0.8592604	0.71826094	0.7121294
0.62650204	0.09842771	-0.44646823
0.9598469	0.9645309	-0.13753693
0.7752034	0.3702988	-0.5250358
0.17839646	0.4614141	0.1049027
0.6120912	0.006914258	-0.22501351
0.26201332	0.5193009	0.44793707
0.40730673	0.9600825	-0.45296812
0.40543693	0.19438297	-0.7305886
0.73579496	0.61201954	0.02258636
0.2565335	0.3002293	0.5938207
0.038996577	0.010701656	0.0809212
0.40219527	0.25112194	-0.6756929
0.7415996	0.9075477	-0.004233909
0.7946974	0.041876614	-0.15333575
0.95285803	0.59446746	0.23061362
0.83340305	0.2705837	-0.39039856
0.56298965	0.19621688	0.38659266
0.4110394	0.41005856	-0.6433765
0.9955837	0.87958807	-1.535404
0.50485253	0.46318424	-0.34264803
0.49464482	0.48805875	-0.48464033
0.21411389	0.39176327	0.22721447
0.26016897	0.06540018	0.9388967
0.11879599	0.8186888	0.5492556
0.43521732	0.98533845	-0.56394833
0.9139384	0.8499897	1.1241624
0.49749678	0.9741654	-0.47175783
0.8603003	0.21244502	-0.109373316
0.71812004	0.58690697	0.14739828
0.7418166	0.51833147	-0.12148881
0.9262674	0.7289955	0.83511025
0.542982	0.7971784	-0.23653007
0.24986845	0.3993997	0.48135668
0.74096817	0.16434717	-0.34153005
0.55682164	0.22229218	0.38652784
0.27983797	0.7860787	0.4814986
0.29862303	0.7473744	0.37231222
0.77374965	0.09140605	-0.27258754
0.8895352	0.8729395	1.2574068
0.82864386	0.31455624	-0.50080025
0.63865054	0.20196176	-0.42056382
0.91138196	0.22673869	0.3684667
0.794378	0.305762	-0.59528834
0.80616504	0.7128323	-0.006810844
0.7250289	0.9250304	-0.112540744
0.7151919	0.9992638	-0.3430447
0.5098777	0.27498132	0.11281277
0.9079627	0.5541551	0.6376478
0.08944905	0.18102705	-0.46109864
0.13946247	0.19680363	-0.3233833
0.5509684	0.23045254	0.4198651
0.6962367	0.6693704	0.36113104
0.48362815	0.42207533	-0.46000856
0.21864265	0.64128983	0.49912238
0.21665728	0.17534268	0.31043535
0.5800099	0.3330136	0.062638134
0.5698213	0.3652627	0.16999806
0.93629944	0.09854001	0.286181
0.06328797	0.51150095	0.17319998
0.41407478	0.891087	-0.5129512
0.10863125	0.28983986	-0.42584446
0.3397622	0.16025174	0.30387956
0.9280227	0.13950735	0.35195503
0.8158128	0.75699615	0.2164928
0.94642067	0.5297839	0.3113732
0.10422444	0.33351284	-0.36091477
0.9375311	0.85067743	0.65534675
0.34068406	0.00906986	0.45709127
0.44944376	0.48368233	-0.72363526
0.48108673	0.22104394	-0.0654729
0.5386062	0.482055	-0.03470483
0.082258224	0.033443272	-0.12869188
0.8338537	0.59859604	-0.18567325
0.22067106	0.95626175	0.6125028
0.8189016	0.13540125	-0.24524903
0.4881978	0.61292225	-0.72494256
0.30512804	0.3065154	0.6154792
0.34666586	0.6744229	0.12204993
0.3161589	0.92172337	0.16114809
0.07638687	0.9879475	0.63836545
0.45832527	0.42156845	-0.57777244
0.9469201	0.90412563	0.384196
0.8178562	0.86704534	0.7035689
0.33829427	0.1678685	0.29268527
0.55615586	0.107587755	0.6416783
0.7435168	0.6858952	-0.017125683
0.33492053	0.9208799	-0.036591828
0.9928388	0.40125448	-0.5902539
0.82360953	0.16575837	-0.29207078
0.32864457	0.29957098	0.36716646
0.6278211	0.6326018	0.45804992
0.8118414	0.6325816	-0.1966758
0.248604	0.07655424	0.88572747
0.40172863	0.109850705	-0.60792965
0.44415426	0.4664575	-0.6746328
0.8047072	0.2190615	-0.45610166
0.721335	0.8770611	0.007634122
0.7158457	0.77598166	0.16225901
0.074480295	0.9799023	0.59665936
0.9095254	0.46669996	0.54827064
0.68441623	0.019171238	-0.5358733
0.3229174	0.76982945	0.14885439
0.08546877	0.63279897	0.45424697
0.3223251	0.58982635	0.19811171
0.83687836	0.53760993	-0.27895224
0.69611996	0.5531031	0.34494522
0.31167644	0.5370855	0.32892364
0.3576464	0.0035151243	0.15132207
0.2664029	0.09872717	0.96725976
0.12482011	0.6679447	0.5042648
0.80881584	0.8378547	0.472473
0.7675946	0.3470202	-0.50326884
0.46340275	0.40744632	-0.6710577
0.8685009	0.21887988	-0.0025685667
0.027883649	0.14950001	-0.16985749
0.2813921	0.3949914	0.55730027
0.38803935	0.5180171	-0.30213717
0.096548796	0.73976785	0.6582116
0.77868086	0.3574623	-0.57894695
0.29037154	0.76373655	0.45887375
0.96633315	0.94118416	-0.31321216
0.843781	0.8192807	0.7885851
0.25272024	0.88676447	0.69275784
0.63112277	0.60737807	0.39913252
0.69894016	0.4819348	0.2078008
0.9703347	0.5395979	-0.2538401
0.2767594	0.7951838	0.4515158
0.7634989	0.22262138	-0.4997256
0.6958569	0.06878555	-0.4044152
0.920777	0.43892324	0.5844294
0.46015233	0.38343966	-0.61082727
0.7827399	0.93158853	0.3414243
0.80922395	0.8287964	0.44893798
0.83768773	0.13070112	-0.15699044
0.6118575	0.93743676	0.42603353
0.5774899	0.17934489	0.20030828
0.6856407	0.7238779	0.28230798
0.0051063895	0.45177585	-0.08879627
0.05778402	0.09591615	-0.17075107
0.5697594	0.91978985	0.33440202
0.76559037	0.9064605	0.14832279
0.5180554	0.24344194	0.3403044
0.6721023	0.19261289	-0.37734872
0.6849938	0.6376013	0.380364
0.04945743	0.7561151	0.59624696
0.4771834	0.7233656	-0.83417124
0.24063385	0.37905222	0.4256947
0.13557434	0.26430994	-0.4241365
0.8506242	0.577274	0.036035992
0.38156307	0.7404727	-0.24328278
0.5001203	0.6856953	-0.64886326
0.7843872	0.6654425	-0.21836329
0.67305315	0.54838634	0.41081673
0.6134295	0.9039554	0.4151243
0.3167181	0.47682285	0.35973117
0.21861333	0.7581132	0.5788129
0.24389285	0.49385756	0.4519224
0.3213942	0.41550994	0.4199643
0.45646775	0.08051187	0.002048824
0.25700814	0.07728374	0.947095
0.37369	0.8130015	-0.21485576
0.5419524	0.69309527	-0.23087063
0.31652546	0.9634147	0.08375469
0.3233381	0.43362194	0.3498888
0.47648287	0.7902606	-0.8525405
0.43199086	0.85332566	-0.69876254
0.033658445	0.79635066	0.40535194
0.043666482	0.57125354	0.2673647
0.22017086	0.37667114	0.32323655
0.43467444	0.40308613	-0.76546705
0.2681455	0.71697956	0.48855484
0.40959275	0.17927349	-0.74625087
0.30522132	0.7931775	0.40789914
0.34769183	0.89897513	-0.109729744
0.6019414	0.9764138	0.42885935
0.6201883	0.73404354	0.43083096
0.53527457	0.21217132	0.47228542
0.7638496	0.98148793	0.20259333
0.15071827	0.14843792	-0.35445768
0.694664	0.48295265	0.22450158
0.7758936	0.01717019	-0.16690043
0.97272503	0.32541853	0.15647718
0.27853572	0.28102243	0.75537
0.43725204	0.44395834	-0.6312649
0.8513567	0.43270278	-0.22080508
0.68828225	0.317015	-0.04920152
0.41305405	0.45210475	-0.5846738
0.24449766	0.14660686	0.65036327
0.25163096	0.44091934	0.48770612
0.5137564	0.6558682	-0.48216367
0.2937767	0.59037876	0.36225176
0.74220616	0.5812456	-0.038128376
0.62067467	0.3662746	-0.0205997
0.6698661	0.9106874	0.009811085
0.4297924	0.41408122	-0.70924616
0.8182314	0.41015404	-0.58384186
0.19819516	0.12982148	0.117883146
0.0022340417	0.37800366	-0.2699911
0.7481174	0.8313646	0.054214638
0.5381181	0.83344054	-0.21791503
0.17703968	0.93609166	0.4077144
0.57547057	0.6612316	0.18023203
0.076506615	0.9407738	0.58196896
0.809229	0.30939388	-0.5772078
0.071465015	0.047606945	-0.06337461
0.4239567	0.840465	-0.5951605
0.7158343	0.109035134	-0.3561598
0.8471933	0.54751813	-0.09514288
0.6910693	0.21145165	-0.2612987
0.9414035	0.7026112	0.53152215
0.24209696	0.031769156	0.78701246
0.17673296	0.23254788	-0.09807705
0.8910331	0.88505715	1.2684523
0.24765682	0.06803024	0.819528
0.16354102	0.8333837	0.4302097
0.9430705	0.13940549	0.34480003
0.07732451	0.42726076	-0.08564351
0.115915	0.17799282	-0.4957665
0.9767752	0.8257297	-0.719993
0.30778617	0.037589848	0.99479824
0.98332876	0.89898145	-1.0516275
0.83853215	0.37053663	-0.44527745
0.9877023	0.8027682	-1.2751559
0.17667156	0.39272243	0.009408238
0.20167696	0.4895317	0.24734053
0.6194217	0.5970187	0.35503274
0.3400349	0.34605384	0.1528626
0.7460728	0.43149316	-0.1899556
0.38873762	0.12652695	-0.57274175
0.83456826	0.89365053	1.0132596
0.19520122	0.6891642	0.5225617
0.21937853	0.0514791	0.40251982
0.21983194	0.047933638	0.53221124
0.3522315	0.0151510835	0.19381861
0.44432282	0.8861389	-0.7158227
0.33941615	0.5088898	0.13583829
0.6695677	0.7381726	0.3898968
0.20358837	0.09958404	0.23177928
0.781284	0.84896994	0.24994732
0.35274225	0.95120406	-0.20612437
0.6386582	0.028235614	-0.5619782
0.666952	0.00491333	-0.6510884
0.5876875	0.47767174	0.11789786
0.29602545	0.23142195	0.8042466
0.69366544	0.9384699	-0.1938865
0.61349636	0.8348232	0.48375657
0.95700943	0.324997	0.36217183
0.44919634	0.7076967	-0.71738434
0.22444946	0.37832296	0.36933583
0.5226387	0.9750304	-0.22213766
0.23155862	0.8002094	0.6266627
0.4519391	0.91785985	-0.7001779
0.68443453	0.15902895	-0.41192478
0.05455208	0.57362205	0.2937223
0.6222967	0.913744	0.38265043
0.90099466	0.98459953	1.1586086
0.19786984	0.43557835	0.13478738
0.5707997	0.9992037	0.4403076
0.7661302	0.03971666	-0.23508711
0.48620474	0.43913907	-0.47087866
0.058015287	0.323012	-0.16767839
0.14524603	0.43060863	-0.017835397
0.5152483	0.90222955	-0.5099903
0.266636	0.88269585	0.57792187
0.39130867	0.003270328	-0.4366566
0.05174178	0.19688982	-0.27503175
0.91198367	0.83721	1.1039743
0.2484737	0.52582896	0.43949145
0.37848526	0.75678897	-0.2282032
0.38606364	0.65403765	-0.18120638
0.460849	0.85039175	-0.7905086
0.21570134	0.02554959	0.39783725
0.88965386	0.8253252	1.2802656
0.9320501	0.36718237	0.5272105
0.65677667	0.9001458	0.16129848
0.47393358	0.9256804	-0.7222051
0.37963998	0.9547694	-0.349582
0.38615888	0.45608866	-0.28157642
0.081394434	0.5455993	0.23275104
0.9421003	0.09034455	0.34082583
0.34638804	0.9549613	-0.15291858
0.31622064	0.9261227	0.12911335
0.27146554	0.8223651	0.54411554
0.051735103	0.22518402	-0.25723857
0.4168678	0.034294963	-0.44396895
0.13342452	0.6484605	0.43197504
0.81228715	0.53948796	-0.45944303
0.59809643	0.38819408	0.024996314
0.8196026	0.8860489	0.76659524
0.26719707	0.124454975	0.93722725
0.27022892	0.49158937	0.46485084
0.029734075	0.068674624	-0.10854311
0.19708627	0.4680916	0.21386881
0.9250081	0.8618325	0.933037
0.37251633	0.5367448	-0.116352476
0.52126193	0.7090016	-0.51018417
0.52575195	0.19884759	0.49186644
0.69203705	0.04410076	-0.4569888
0.7189408	0.7814072	0.05732378
0.5999696	0.81634784	0.43523297
0.9892242	0.10254562	0.5165644
0.70919484	0.8562984	0.0368992
0.79330766	0.88146454	0.3975598
0.9734617	0.5834621	-0.50949854
0.25901085	0.7124487	0.5073242
0.13708603	0.45275933	-0.060069233
0.999413	0.09317005	0.5877493
0.674189	0.9742438	-0.1371057
0.42996275	0.5195579	-0.60764617
0.7168763	0.8635517	-0.0041184206
0.07342422	0.56638724	0.3331513
0.774332	0.8299713	0.12326376
0.34212315	0.50385535	0.092767745
0.98287576	0.64853084	-0.92961574
0.81695616	0.8478359	0.643835
0.12485391	0.98140055	0.43043065
0.2275132	0.20338595	0.44354787
0.98624223	0.80389184	-1.0992905
0.09960848	0.6944487	0.5884183
0.8058865	0.86982393	0.5209618
0.13663954	0.64553696	0.403112
0.9244492	0.5197134	0.57223284
0.10624629	0.8802901	0.632627
0.2631594	0.1732291	0.75621986
0.637937	0.8938685	0.32179418
0.2726828	0.011537075	1.1067588
0.30730826	0.08654368	0.9297591
0.10896444	0.053192317	-0.32032904
0.86765885	0.06890035	0.09650143
0.81386375	0.7582627	0.2402729
0.44827616	0.39938873	-0.64596075
0.8623293	0.9981682	1.3045949
0.35162723	0.14303553	0.10925947
0.5241446	0.53261596	-0.27494898
0.84901637	0.27897167	-0.2600423
0.38176024	0.39936203	-0.35439092
0.9776057	0.30089724	0.15064767
0.30592072	0.12116283	0.8732294
0.062708676	0.17455536	-0.29167205
0.11028385	0.39549726	-0.21927889
0.027888536	0.5029187	0.11141362
0.8615997	0.798305	0.9602456
0.37327445	0.034101725	-0.23294261
0.6444464	0.7917035	0.3969796
0.82009953	0.29219347	-0.52087015
0.49821806	0.07210904	0.7653418
0.820944	0.0032404065	0.05840063
0.04576832	0.93524575	0.4593122
0.56571895	0.5488843	0.058435723
0.7703162	0.47632074	-0.5069049
0.8626261	0.49414438	0.0043867007
0.92251784	0.4993981	0.5639647
0.40863895	0.28042036	-0.649981
0.5808661	0.80716825	0.2441315
0.047385037	0.17547297	-0.22114074
0.75942135	0.4320606	-0.38201582
0.615337	0.15418756	-0.32808262
0.0064950585	0.33118117	-0.24605441
0.3898546	0.86683095	-0.36233532
0.7741643	0.080627024	-0.24573076
0.41300046	0.9087588	-0.5164232
0.06784338	0.6205482	0.4698919
0.6850607	0.6014422	0.34307855
0.86928004	0.12245017	0.0062852465
0.5745948	0.7024524	0.1874755
0.7858334	0.25648177	-0.54069644
0.7322897	0.6792522	0.07755243
0.68404865	0.0720678	-0.5304043
0.8917163	0.027171314	0.17181814
0.29796433	0.18529361	0.87863326
0.3241378	0.10306013	0.64912623
0.44130588	0.42665464	-0.6869427
0.09021807	0.28153378	-0.4162857
0.92519426	0.04126072	0.17441927
0.8692553	0.38552785	0.015551008
0.54139894	0.87428147	-0.21560645
0.7696424	0.69032186	-0.14191015
0.46800143	0.3259139	-0.42989433
0.9614626	0.88310826	-0.09361546
0.8979559	0.19913697	0.27373922
0.44040763	0.99646413	-0.5281975
0.56769145	0.3420267	0.1744079
0.63231707	0.949511	0.27565187
0.8602067	0.5461449	0.050619975
0.6739336	0.15210992	-0.41700038
0.0010578632	0.6392858	0.01964568
0.77308077	0.03026241	-0.14670844
0.90162724	0.047783554	0.11928355
0.79203576	0.048659086	-0.17160545
0.64344966	0.13882828	-0.5083617
0.89934325	0.08330506	0.1299397
0.376844	0.8844404	-0.24192172
0.4066565	0.9498281	-0.49385718
0.5795157	0.89911205	0.35771075
0.5124912	0.26552975	0.19129139
0.2552104	0.5862882	0.4136162
0.41146892	0.4301092	-0.5335199
0.21332717	0.64337945	0.4881171
0.5805927	0.45523882	0.06578173
0.06891656	0.85300934	0.6616893
0.9545866	0.70858943	0.14018905
0.3456707	0.98484784	-0.16848014
0.5783507	0.66677177	0.20408298
0.5321573	0.2572192	0.32052308
0.66324353	0.2010569	-0.3429575
0.75807196	0.63147694	-0.18620972
0.035847306	0.5540629	0.30796805
0.3605054	0.39797586	-0.07937489
0.96061677	0.5015778	0.06090734
0.7503883	0.60431194	-0.096714474
0.74739504	0.73229766	-0.023906302
0.32542336	0.9504087	0.05802374
0.32163614	0.97962886	0.11960137
0.85880816	0.40228534	-0.14428973
0.9289308	0.28362352	0.45225248
0.54867303	0.65361804	-0.06430822
0.6394409	0.4008429	0.10748447
0.85797983	0.9580273	1.3727105
0.26377398	0.13687962	0.8871899
0.074597776	0.14837521	-0.29072815
0.59785706	0.6349137	0.37506893
0.9101394	0.112009525	0.27161664
0.42839646	0.8941986	-0.6288308
0.562779	0.24646246	0.27621076
0.6625815	0.6873034	0.44763598
0.27545422	0.60813195	0.4532127
0.38995403	0.11545223	-0.5524175
0.19871157	0.96830994	0.4836854
0.61657786	0.48406988	0.26500353
0.4607231	0.8121678	-0.8442882
0.16520762	0.95767695	0.3374896
0.083822906	0.8016508	0.6938821
0.5036935	0.9724912	-0.48127744
0.58802944	0.46926278	0.10989829
0.6649704	0.35770255	-0.031651173
0.725786	0.60024196	0.101629525
0.025879681	0.711613	0.40974104
0.42174125	0.16031879	-0.6977116
0.034207284	0.47722483	0.10057469
0.12304556	0.9700358	0.3793714
0.31745857	0.78007305	0.24857323
0.3512494	0.7348765	-0.06517297
0.80222195	0.99424416	0.78255004
0.13176763	0.40678614	-0.18217185
0.6698779	0.13441151	-0.44086513
0.26097876	0.3927471	0.4814627
0.30699688	0.2621563	0.6546583
0.87674266	0.10334754	0.12370813
0.91156083	0.022890627	0.09879264
0.28243357	0.31991833	0.6854293
0.39595652	0.64786875	-0.37164107
0.09732956	0.51661515	0.1514466
0.5085554	0.16634792	0.49823913
0.274059	0.16542196	0.9077142
0.21117073	0.7756456	0.5706143
0.3711627	0.932075	-0.2466734
0.7039348	0.9351728	-0.11578709
0.9057673	0.9899492	1.0674473
0.9141844	0.3259505	0.45961586
0.014239848	0.20268446	-0.22843617
0.5800318	0.3034364	0.086863406
0.658129	0.63548803	0.46415326
0.3400545	0.36326665	0.14845802
0.30263525	0.24982107	0.71037215
0.32902974	0.11155635	0.57431257
0.47159702	0.37087667	-0.44913155
0.5461934	0.7971278	-0.17030226
0.048986793	0.040423036	-0.024573356
0.7302608	0.31008404	-0.13201082
0.03376937	0.85682327	0.39694536
0.16727495	0.7461897	0.4484282
0.70612276	0.2583992	-0.16502704
0.8452415	0.31357408	-0.3356497
0.838704	0.93836224	1.1363966
0.72234994	0.15415072	-0.23256853
0.26923376	0.92473745	0.5020198
0.014364421	0.59651405	0.17866778
0.047368765	0.6019905	0.35471028
0.75019217	0.9028358	0.059015892
0.18547225	0.5819967	0.41333625
0.71616125	0.69043845	0.22040074
0.36266166	0.52665204	-0.02089624
0.93895173	0.2588026	0.41814396
0.22281843	0.6435199	0.42166382
0.8963088	0.1715461	0.2623686
0.105333984	0.51627856	0.15646788
0.85053456	0.2784164	-0.17250405
0.3549381	0.2509681	-0.019616123
0.84503335	0.71255463	0.43292648
0.69758993	0.7506838	0.24261199
0.9964973	0.72568685	-1.667209
0.05621606	0.8201261	0.5575447
0.31694484	0.5861846	0.26994398
0.7261651	0.7406933	0.112318665
0.12513512	0.42766958	-0.1573106
0.31248575	0.2803632	0.5942304
0.010691702	0.13918304	-0.26024473
0.59605324	0.42274874	0.071893215
0.49998742	0.14487892	0.46944228
0.41482407	0.736085	-0.56496537
0.8975922	0.3095734	0.3068116
0.72574705	0.30225432	-0.14386529
0.76979333	0.06766611	-0.3082044
0.020186603	0.27330077	-0.23449294
0.89825404	0.9534595	1.1807945
0.6729193	0.7232502	0.41963476
0.96222484	0.38075662	0.14112309
0.7510736	0.91198593	0.017329874
0.16634798	0.45001984	0.0014446601
0.70375943	0.10499781	-0.34262967
0.36683244	0.23974615	-0.31577492
0.8590435	0.94452953	1.306314
0.9454144	0.50440925	0.35868043
0.86449164	0.4170584	-0.090154774
0.32563585	0.06978381	0.6851037
0.51489943	0.6703345	-0.60279906
0.33358032	0.4950443	0.17629816
0.45976037	0.59926766	-0.73550063
0.118620574	0.4732895	0.018855419
0.85648036	0.53237015	-0.024298146
0.7566145	0.3721677	-0.33990657
0.5000683	0.1732198	0.38236773
0.21498346	0.91217536	0.576869
0.20219928	0.5561146	0.35455784
0.5845842	0.6190085	0.24852876
0.17013735	0.81014997	0.5836325
0.903915	0.24958777	0.36107603
0.37559527	0.6982527	-0.15809761
0.77146864	0.68566227	-0.15161754
0.3215071	0.7109282	0.2771051
0.26896644	0.855844	0.5271721
0.161816	0.008955538	-0.10083259
0.7157803	0.62240857	0.24268585
0.34086293	0.26874632	0.21875674
0.832297	0.19602358	-0.27291158
0.0939554	0.019279242	-0.15342562
0.9823724	0.5429556	-0.7320312
0.10840255	0.81850713	0.5685448
0.88227034	0.4584642	0.18734695
0.62492454	0.18477434	-0.3980944
0.84983224	0.29542613	-0.31512988
0.5557083	0.51847833	0.031435203
0.61936224	0.669366	0.43217057
0.64084995	0.28337944	-0.20847711
0.13753062	0.8310903	0.49222553
0.7704514	0.015132546	-0.16547914
0.24863446	0.255664	0.5945146
0.39555556	0.47816354	-0.39293972
0.8069882	0.40697145	-0.6019418
0.026587665	0.32339263	-0.23790398
0.61115175	0.24177802	-0.18169534
0.75344163	0.5417003	-0.26989895
0.65797496	0.43453097	0.13430674
0.4571904	0.5034008	-0.6976668
0.48569578	0.25766873	-0.08120227
0.44144434	0.33435416	-0.6613062
0.6659071	0.053298652	-0.62568134
0.5565255	0.09357351	0.7262255
0.6441479	0.4629196	0.21680121
0.7420838	0.06424397	-0.28046215
0.06880182	0.4843359	0.1369437
0.054640412	0.51802486	0.18521528
0.30761534	0.7625189	0.24200626
0.84562033	0.19327044	-0.21370253
0.6609093	0.8056957	0.31529665
0.47915757	0.36815774	-0.35249305
0.7406982	0.42079055	-0.19952027
0.9765225	0.02150762	0.45359918
0.23198009	0.97618675	0.64351314
0.8732306	0.3782916	0.08641555
0.32324338	0.28559148	0.47493058
0.0847106	0.8030047	0.61441153
0.5839033	0.12749386	0.21381526
0.08582556	0.85882163	0.6835853
0.1632598	0.41371846	-0.0016236473
0.001676619	0.17788768	-0.4093961
0.69919163	0.32166427	-0.032195535
0.9092537	0.11979514	0.21223998
0.95473945	0.008965492	0.19985868
0.9934088	0.09249365	0.5330426
0.7253591	0.03212607	-0.29564437
0.70186335	0.9330628	-0.18306619
0.16465205	0.020952404	-0.09792639
0.18866408	0.6507713	0.4732603
0.13126695	0.97888106	0.33497587
0.75679666	0.26954168	-0.41470122
0.509128	0.47039896	-0.3297792
0.7992713	0.42529428	-0.65754324
0.91823596	0.24771482	0.45087466
0.13367754	0.24280769	-0.4494407
0.038647354	0.8488655	0.43769896
0.9555338	0.9950602	-0.008861262
0.70256716	0.87747234	-0.044625156
0.5145834	0.56614274	-0.39437616
0.9702616	0.87555945	-0.45704433
0.85679907	0.6587235	0.3269598
0.34734404	0.6896	0.07640036
0.5089291	0.9062678	-0.58869416
0.94945604	0.08161533	0.28413105
0.6960605	0.9279004	-0.1578869
0.79719156	0.5326814	-0.49855968
0.7242166	0.39569336	-0.07429804
0.26794136	0.41512513	0.5390351
0.98361635	0.7419654	-1.05167
0.41866744	0.012616694	-0.39683267
0.6184415	0.93810433	0.38675305
0.86311316	0.39760476	-0.09427024
0.45424312	0.2183733	-0.42353275
0.7637493	0.98198134	0.14931196
0.11769563	0.52334064	0.17069241
0.20790595	0.647389	0.53506947
0.19658422	0.4031688	0.15523928
0.17839372	0.4199692	0.06294019
0.28732443	0.6440888	0.38047048
0.19478434	0.13475716	0.072891645
0.3031575	0.99099576	0.24976669
0.5815245	0.3019126	0.09355744
0.96476775	0.8152526	-0.1974142
0.7116437	0.4502316	0.09908741
0.48000187	0.44888484	-0.482166
0.44932783	0.06417924	-0.09752078
0.7991318	0.8275797	0.3683377
0.095312595	0.0070804954	-0.048844777
0.37601554	0.19248933	-0.38870916
0.06596601	0.5147911	0.22019124
0.81188226	0.83504057	0.51708907
0.88940185	0.052081764	0.16634513
0.9125295	0.3056693	0.3794981
0.43298042	0.7501255	-0.6246674
0.34697402	0.6756382	0.064004116
0.67374474	0.38172036	0.0392155
0.17498589	0.92271733	0.42699325
0.50647724	0.82816744	-0.7129339
0.4023224	0.74184906	-0.42362806
0.6960995	0.916013	-0.12207766
0.028098226	0.60794806	0.358022
0.6321767	0.3554408	-0.03915737
0.65099764	0.28690672	-0.24223383
0.39684862	0.35665774	-0.5832808
0.77391565	0.3295095	-0.5724453
0.52662486	0.22136056	0.44961008
0.8121199	0.6038392	-0.29332295
0.37408894	0.9854901	-0.4009693
0.80759555	0.88891226	0.6336117
0.020980239	0.6854036	0.23903781
0.096482575	0.424362	-0.13038114
0.6289442	0.23306805	-0.30084845
0.6069616	0.72670174	0.41639572
0.05030161	0.56471807	0.3945887
0.5125254	0.80795586	-0.61424834
0.4112627	0.76051855	-0.49853146
0.6176886	0.8237938	0.44645873
0.5036722	0.13351184	0.61121196
0.28105438	0.44208997	0.46623355
0.18234098	0.86611503	0.47193593
0.71507126	0.23669386	-0.22339503
0.39962673	0.77125525	-0.3929959
0.96076185	0.22259623	0.38829058
0.39933193	0.24527818	-0.6132937
0.674046	0.99270743	-0.2169249
0.1088416	0.16482514	-0.508462
0.045920014	0.28888446	-0.16698334
0.27843016	0.019241214	1.1409738
0.48107898	0.87434465	-0.7828307
0.70993	0.6462591	0.27256387
0.7320066	0.47853887	-0.06487063
0.10326874	0.024737477	-0.12105191
0.122205734	0.16573697	-0.41573474
0.11465144	0.33625478	-0.32097855
0.73947334	0.34555787	-0.2444605
0.95464987	0.51202196	0.14281327
0.6759218	0.16605306	-0.41946325
0.21438015	0.31504172	0.2774216
0.29897457	0.922951	0.3710209
0.08801448	0.7721225	0.6482343
0.9108208	0.19893593	0.375299
0.6662928	0.27871823	-0.21254498
0.31372356	0.908708	0.17390822
0.39420986	0.83076745	-0.36402705
0.39962375	0.46676654	-0.46944255
0.53703916	0.62789226	-0.25740135
0.120860994	0.91186017	0.53126085
0.4430539	0.31845766	-0.66286856
0.19740045	0.43751872	0.23584557
0.707319	0.071989596	-0.40313318
0.19172144	0.02418977	0.1455653
0.114780426	0.78193915	0.58262694
0.924375	0.84744525	0.987921
0.42300397	0.61468273	-0.5255598
0.0099720955	0.03631717	-0.21471494
0.42620212	0.15462518	-0.6480087
0.21814507	0.21824634	0.36801556
0.27369237	0.7670766	0.485169
0.52035594	0.3486544	0.04798017
0.09238434	0.2838834	-0.4568334
0.72798556	0.82660985	0.013428604
0.22867912	0.7218825	0.5569986
0.9592917	0.6232037	-0.016616117
0.5638453	0.31690174	0.19997135
0.37022805	0.77754897	-0.16472067
0.15955895	0.35820895	-0.13225068
0.28378975	0.20042843	0.84798014
0.3091578	0.70977	0.29341364
0.9487416	0.2529186	0.39648113
0.4554025	0.13011366	-0.26641724
0.60703385	0.4457093	0.13406338
0.5203528	0.62023777	-0.4121593
0.4680966	0.25778294	-0.3952786
0.8881582	0.42039692	0.23775311
0.48423147	0.063503206	0.56279737
0.053278267	0.020202935	0.055102553
0.22488809	0.79842335	0.6374935
0.22841907	0.95006454	0.68605816
0.88952273	0.32292783	0.24802811
0.8048694	0.37332296	-0.63431525
0.13700235	0.39532048	-0.15834084
0.12513363	0.5580624	0.28191164
0.8073873	0.904681	0.6594805
0.725953	0.91427916	-0.09788993
0.5859866	0.7522231	0.3499727
0.43219447	0.3889128	-0.64467925
0.12453371	0.9710564	0.41334215
0.98028517	0.42492306	-0.34326252
0.4523403	0.93077755	-0.71701175
0.62110776	0.973018	0.31756777
0.26235777	0.042945802	1.0409119
0.6132985	0.6142062	0.38811654
0.1525414	0.6830183	0.50079364
0.61762255	0.31684202	-0.13420752
0.31708622	0.16769576	0.6679689
0.07611811	0.60651535	0.42362604
0.18662083	0.6318823	0.41621944
0.73886275	0.49368477	-0.070897944
0.65739	0.51010925	0.29780537
0.7482325	0.03935486	-0.28818154
0.93976307	0.08352178	0.3353371
0.9416943	0.17728996	0.43174896
0.12520033	0.9216689	0.47162625
0.12210071	0.65697783	0.48981938
0.16940767	0.87720746	0.4562437
0.90615547	0.5722408	0.69858897
0.63269657	0.7159015	0.4926409
0.17240131	0.54479843	0.25755844
0.73051083	0.6583284	0.10311961
0.5865908	0.9411474	0.47849905
0.7552908	0.03694725	-0.23702398
0.16502994	0.8809573	0.41663647
0.10437554	0.09465361	-0.35908303
0.11986089	0.78881943	0.6203944
0.23392552	0.057403088	0.7172851
0.060395002	0.71688384	0.58769435
0.8165476	0.6354002	-0.16791883
0.43121523	0.47568792	-0.6422451
0.73345125	0.79748327	0.0271862
0.65996224	0.5685719	0.4093867
0.23004347	0.7220078	0.58729124
0.15348452	0.44519722	-0.018853867
0.61012185	0.47712588	0.19412377
0.077658474	0.8270989	0.6565638
0.57042825	0.59574366	0.12884086
0.5359002	0.386343	0.11074777
0.9145433	0.7278311	0.9975395
0.17243737	0.6616611	0.49988943
0.74068904	0.17366755	-0.3457831
0.83955544	0.31541586	-0.38306093
0.23605323	0.058834136	0.63236195
0.0936023	0.10980326	-0.3940775
0.89020365	0.17008162	0.20655663
0.7691476	0.14668262	-0.3871135
0.62086	0.39788973	0.056861885
0.6696984	0.93857956	-0.02995011
0.6889289	0.8968142	0.0037491806
0.11783296	0.7037229	0.5866595
0.14289021	0.66025954	0.46679476
0.58041114	0.36215776	0.14256495
0.9850137	0.59434575	-0.9084721
0.7865332	0.7464167	0.004600344
0.25476712	0.67764497	0.50022584
0.11315602	0.2350918	-0.41934273
0.33454472	0.9557719	-0.07986945
0.21681225	0.3497824	0.2839253
0.14136207	0.9699204	0.33519685
0.23895133	0.004829526	0.7730153
0.57457685	0.16429114	0.2876761
0.20721686	0.6160821	0.44167888
0.5324484	0.03483486	1.143878
0.8668582	0.9977677	1.3091208
0.46736872	0.47176725	-0.62321174
0.45244396	0.009574413	0.1229084
0.6788638	0.7528136	0.3421455
0.91525394	0.728798	0.9819685
0.1698553	0.12338811	-0.06550426
0.9926539	0.13908762	0.4657405
0.35125375	0.36485666	0.0682573
0.2730949	0.99576336	0.5290252
0.020350933	0.9713913	0.27170867
0.9388984	0.70084816	0.5753235
0.16667551	0.9636959	0.37067714
0.027334332	0.80880356	0.40721807
0.3677889	0.8740873	-0.218238
0.35803294	0.62911195	0.02476381
0.61498094	0.14561081	-0.3130405
0.19605458	0.48237276	0.25399354
0.7994915	0.3673265	-0.6031826
0.5799109	0.7478821	0.24928497
0.35067475	0.61527073	0.0507757
0.72372776	0.9660163	-0.17999019
0.5127876	0.23872918	0.28402424
0.8392696	0.95676154	1.1695497
0.42178857	0.78550446	-0.5546806
0.13354379	0.7304806	0.5051238
0.6510786	0.17653829	-0.4444047
0.21696204	0.5615755	0.44328353
0.4389779	0.84583473	-0.67472476
0.2877494	0.13258696	0.9809499
0.8217389	0.4464407	-0.5360638
0.3586663	0.4175272	-0.020836856
0.8054068	0.46037406	-0.64037776
0.7065855	0.9916928	-0.30278742
0.4720751	0.47044426	-0.55827516
0.60316133	0.1810959	-0.1439917
0.33480686	0.81785804	0.07012284
0.5144018	0.6019454	-0.4669552
0.30477566	0.5038957	0.37247938
0.57401913	0.96183234	0.38927463
0.915439	0.35838228	0.48794144
0.1295011	0.42070204	-0.09988834
0.05860144	0.40391582	-0.022457298
0.6178218	0.36491412	-0.094369754
0.0818097	0.67119974	0.61030143
0.45730567	0.90842164	-0.774802
0.3591923	0.9921808	-0.17276984
0.33387083	0.65736544	0.16501476
0.7542045	0.8291006	0.015631817
0.5336693	0.10276008	0.82835203
0.19977844	0.8142132	0.5710353
0.24958122	0.30063814	0.5640741
0.9897934	0.918024	-1.2463158
0.7303922	0.5034879	0.007327917
0.48139787	0.9150267	-0.76619184
0.16056484	0.9951174	0.32961845
0.9450617	0.0022446513	0.1890817
0.9678641	0.40078706	0.026850445
0.5238329	0.8999715	-0.4333229
0.8138968	0.4560176	-0.6270435
0.82477474	0.5968014	-0.25372934
0.6338403	0.06233108	-0.48940688
0.0019198656	0.40405476	-0.2742064
0.92688847	0.72138464	0.86897403
0.15007061	0.2336132	-0.3518757
0.5344555	0.77314067	-0.38800249
0.30815625	0.29143125	0.57704735
0.8015659	0.25255942	-0.55893767
0.27978975	0.56026155	0.45344394
0.8820267	0.012276471	0.11648284
0.5776136	0.55078703	0.116834655
0.80792814	0.2129134	-0.44428053
0.43472064	0.0020362139	-0.1940133
0.71951354	0.89755106	-0.08203238
0.9293943	0.27286237	0.4462494
0.10820937	0.4377318	-0.10485968
0.7227051	0.59458107	0.119302616
0.8051072	0.7684561	0.16610184
0.8563019	0.009576559	0.10896331
0.3327818	0.55323297	0.2222284
0.8539109	0.48555106	-0.14727476
0.3447402	0.95510083	-0.18616548
0.7624151	0.46819842	-0.38658655
0.08116114	0.5737095	0.39108166
0.79484606	0.34080857	-0.5908768
0.067567706	0.11968607	-0.28448045
0.5891872	0.34176642	0.03833708
0.6984276	0.56681126	0.26059234
0.6812591	0.78194475	0.24870308
0.6992943	0.23933822	-0.16632715
0.11400342	0.775745	0.5844922
0.35965264	0.2425043	-0.14360583
0.13078839	0.15618193	-0.38056615
0.8738351	0.14842731	0.16270968
0.46349883	0.2802781	-0.47381935
0.50833225	0.5119441	-0.38572013
0.20364034	0.34349436	0.1983659
0.5241926	0.09774214	0.90913624
0.56223553	0.43174362	0.14079359
0.29809874	0.42138886	0.49476713
0.83543575	0.8266435	0.74769557
0.9310784	0.23065436	0.44854912
0.816577	0.2714541	-0.4841113
0.74037015	0.6167696	-0.025764618
0.3471586	0.2697224	0.07012461
0.05414051	0.5357668	0.2546769
0.90456396	0.27553475	0.33943167
0.092894375	0.61321425	0.41566354
0.27107966	0.62131244	0.48136052
0.61928165	0.7918567	0.48527774
0.77925813	0.7835069	0.06151537
0.31592518	0.3069039	0.5496484
0.4081055	0.1602329	-0.7106084
0.37770975	0.44686937	-0.2875541
0.5933104	0.02400595	0.16368769
0.7067928	0.3729728	0.024330355
0.18555242	0.86522585	0.5806648
0.5457726	0.3123272	0.14261085
0.8673033	0.58010507	0.24412012
0.053555667	0.8655329	0.6037816
0.622379	0.31831437	-0.17423755
0.68687373	0.17841887	-0.32390556
0.010465205	0.87061715	0.14787184
0.6031255	0.409312	0.06465494
0.16748846	0.11593664	-0.16120543
0.4269449	0.7743793	-0.6066628
0.36005598	0.38909894	0.016886786
0.19704682	0.1625405	0.07765918
0.9018183	0.66952264	0.88573456
0.2929858	0.17932814	0.91503906
0.33080208	0.18042397	0.45311904
0.97334176	0.5558762	-0.46763942
0.31472617	0.10252643	0.8599226
0.19860154	0.1267705	0.13470885
0.20547193	0.07334912	0.28658563
0.279823	0.35065782	0.5617037
0.5575993	0.23138684	0.33085236
0.5236091	0.43730718	-0.062280744
0.5202301	0.17286068	0.5563892
0.51345444	0.99108386	-0.33213988
0.8226051	0.46240163	-0.51863
0.34078282	0.9553422	-0.11069309
0.15720081	0.40897447	-0.05529625
0.30324656	0.6451851	0.3061203
0.53881735	0.23548388	0.43051672
0.39224702	0.4716394	-0.42360198
0.66819453	0.3707316	0.061429847
0.9981432	0.045240164	0.706894
0.77715474	0.48928678	-0.4590159
0.8831513	0.1836068	0.14252047
0.7373355	0.483419	-0.13573624
0.8533209	0.8884944	1.1802187
0.9739279	0.57132316	-0.45656922
0.47352713	0.41644567	-0.51700306
0.2367962	0.7304716	0.5757476
0.9308822	0.109972656	0.34342203
0.38072222	0.56352997	-0.17473912
0.81553614	0.95792	0.90008587
0.21291727	0.2710222	0.22599787
0.14812082	0.69907737	0.42572263
0.74335086	0.115311146	-0.30760014
0.5561259	0.15039134	0.4970323
0.37574917	0.8021718	-0.19379254
0.5614766	0.9601406	0.24211314
0.1996023	0.7571961	0.49170336
0.5962256	0.31009704	0.027326949
0.950322	0.23271543	0.50208974
0.17663544	0.6962498	0.5012701
0.26882517	0.171938	0.86176115
0.9030951	0.45946324	0.44709268
0.3850435	0.031731904	-0.34701526
0.46191812	0.41367823	-0.60205203
0.03538704	0.5407657	0.20079683
0.11909503	0.22132027	-0.4821183
0.54970694	0.9986293	0.22412577
0.42189234	0.87049645	-0.55090004
0.24036771	0.9771223	0.69284403
0.36078346	0.97198683	-0.24254999
0.56688076	0.38572007	0.12951677
0.29681402	0.58564115	0.38687828
0.0062779784	0.8557586	0.1270801
0.016814053	0.22904545	-0.26507
0.2877816	0.48982203	0.4015728
0.3539198	0.30695927	0.025482267
0.99228966	0.089505434	0.5513307
0.3198284	0.56330794	0.28984994
0.85705537	0.2232135	-0.06762586
0.48198116	0.8027761	-0.826154
0.11599082	0.99977285	0.4851481
0.19770378	0.20550388	0.043659348
0.2018776	0.6943619	0.5213523
0.64452654	0.46699536	0.18488973
0.71432614	0.88550746	-0.069892034
0.33207577	0.54607046	0.22988376
0.506914	0.5356634	-0.4796657
0.24767357	0.26349717	0.6151846
0.4888615	0.042340517	0.7350938
0.6707511	0.6769861	0.4535125
0.083598375	0.8361038	0.7125889
0.852257	0.32260782	-0.25450474
0.9442252	0.8218953	0.42509702
0.6727922	0.65794444	0.4116045
0.24711275	0.32650596	0.5283652
0.21959776	0.15000963	0.37351936
0.671859	0.7753296	0.32968673
0.4454744	0.32518327	-0.6075505
0.2944945	0.54005617	0.38504454
0.2547869	0.27280688	0.64296174
0.6669228	0.2888251	-0.14811453
0.028810441	0.4008745	-0.08232465
0.54390824	0.8950456	-0.12167932
0.20660144	0.5468417	0.34847948
0.7626288	0.73390275	-0.021294823
0.03779888	0.6850261	0.39122486
0.2567196	0.1429624	0.8437369
0.70878595	0.2589541	-0.19350398
0.70673865	0.7820432	0.17010799
0.6287287	0.047729313	-0.4734995
0.14477819	0.55414706	0.21778195
0.03329295	0.1386823	-0.14319837
0.82336617	0.19918722	-0.31916317
0.8997483	0.574657	0.66424733
0.48147613	0.10175955	0.3614881
0.24034405	0.10971862	0.6912203
0.08341116	0.4313712	-0.068864234
0.8474595	0.06679231	0.053422235
0.0335626	0.8094461	0.42407814
0.53282726	0.7117939	-0.43199
0.3655635	0.7496475	-0.13643394
0.70480335	0.6653341	0.24242476
0.5710836	0.9952919	0.39127123
0.9792498	0.5744452	-0.7173268
0.010432184	0.71959907	0.16540328
0.24682051	0.44807202	0.410495
0.26504952	0.09668386	0.9817287
0.06917608	0.92138726	0.62698555
0.5197967	0.8530734	-0.56224656
0.38706088	0.7643175	-0.21802707
0.70334244	0.15769404	-0.2711502
0.9757919	0.8504637	-0.7328222
0.19209439	0.18591738	0.046627864
0.30211633	0.19655097	0.7983789
0.73568594	0.2374391	-0.30223393
0.20368546	0.6826345	0.50354177
0.28430504	0.6871438	0.4187091
0.9944986	0.5665275	-1.3008109
0.7593342	0.39574015	-0.44205737
0.8044411	0.8274176	0.39300832
0.8787128	0.89985806	1.3275579
0.3378172	0.9436763	-0.06286583
0.670067	0.43378508	0.22132817
0.94326586	0.7220665	0.4873309
0.16346258	0.019043088	-0.033950783
0.5428698	0.29596412	0.27047092
0.11934036	0.5980326	0.30830854
0.08466637	0.58691335	0.32262784
0.11372483	0.5667549	0.29465798
0.9324293	0.108834624	0.32965934
0.70000213	0.26237416	-0.1414185
0.5097769	0.30365288	0.03481221
0.14319849	0.075724185	-0.22655202
0.7542354	0.7273539	-0.04701026
0.68696064	0.74108964	0.32119772
0.899133	0.51832	0.47283122
0.5724778	0.8267042	0.17457962
0.07511222	0.15504855	-0.3141573
0.14216566	0.94608134	0.33199346
0.0038294196	0.658625	0.07800415
0.685969	0.47889102	0.31793097
0.6321469	0.0717144	-0.5315546
0.9868696	0.54353136	-0.87814647
0.60261905	0.3400479	-0.0126817105
0.17142272	0.21149087	-0.18541816
0.04712069	0.21094811	-0.22891796
0.9804787	0.46568507	-0.4236334
0.93872505	0.79366827	0.6364419
0.07630926	0.3394922	-0.2626968
0.2936958	0.026204407	1.0482924
0.31093448	0.13001603	0.7508438
0.2587847	0.52800304	0.45247498
0.5888367	0.6603858	0.28749144
0.57385635	0.11429894	0.40189412
0.20663983	0.6745897	0.555765
0.13917404	0.23336089	-0.38596433
0.9816294	0.33495474	-0.085608125
0.65845406	0.139835	-0.4847373
0.50257796	0.6984058	-0.6801473
0.5218907	0.7731966	-0.5260833
0.2530442	0.89033705	0.7007315
0.5201506	0.6385619	-0.48492435
0.8444977	0.38928026	-0.3788872
0.3989187	0.98128474	-0.44866082
0.7208435	0.72933954	0.09796624
0.83896345	0.7016682	0.3189222
0.16627467	0.73379886	0.476817
0.44005543	0.1432181	-0.4083324
0.58442885	0.6829539	0.23091814
0.55563956	0.01455307	0.9346447
0.23000938	0.043922186	0.6250685
0.009471297	0.7673112	0.19452721
0.7144347	0.8297986	0.09045042
0.95166916	0.6494716	0.2366076
0.65979564	0.09094578	-0.56261766
0.37338197	0.80946934	-0.26899004
0.51449335	0.7050358	-0.5670409
0.8177619	0.06481755	-0.13742042
0.1625241	0.5721085	0.24684289
0.6217291	0.83395773	0.46641392
0.7304285	0.23013651	-0.24104618
0.6945276	0.014352202	-0.45401266
0.82370144	0.7717281	0.45387453
0.2975933	0.33039242	0.63000053
0.5796403	0.014014959	0.4898271
0.3714301	0.6999472	-0.10781411
0.5554083	0.97728544	0.26754066
0.60540324	0.16783297	-0.1831778
0.08011043	0.63937134	0.4381143
0.1158309	0.13252133	-0.41908467
0.71904343	0.4131968	0.026331337
0.15658915	0.67109007	0.4276748
0.16931784	0.82559323	0.53989184
0.8597803	0.21142095	-0.06006447
0.72372186	0.9820678	-0.21503933
0.20397854	0.6617222	0.45548886
0.4993214	0.47692096	-0.4366142
0.22002435	0.4727013	0.33914176
0.49886853	0.28958207	0.014581166
0.5761829	0.4976548	0.15436369
0.7345627	0.47085488	-0.09770293
0.73926425	0.8022728	0.065109104
0.551991	0.07661474	0.76481587
0.22694707	0.73023283	0.57538146
0.8736578	0.2363441	0.028511783
0.80036634	0.1243732	-0.32593882
0.23700231	0.49634904	0.43613407
0.06152916	0.99156964	0.62147874
0.32490736	0.022806883	0.76870006
0.85850525	0.17542976	-0.046605818
0.062363327	0.20194095	-0.3084261
0.5801092	0.3911761	0.08746048
0.7977423	0.10728091	-0.24610615
0.60535735	0.81075007	0.45226935
0.65553224	0.11641455	-0.60524625
0.7605896	0.07060826	-0.27322167
0.02091086	0.94524264	0.27858338
0.66417915	0.70236737	0.42330307
0.3306787	0.6375533	0.21149457
0.2055518	0.10473722	0.27589208
0.4857344	0.06047213	0.5983039
0.7981657	0.010982752	-0.062091276
0.86970675	0.7854596	0.9769581
0.6685609	0.46042055	0.2227077
0.9103704	0.76462376	1.0762998
0.7171737	0.267958	-0.10883024
0.9420233	0.033759892	0.21894376
0.014574766	0.3398193	-0.1925443
0.91241986	0.6754921	0.9106692
0.8414212	0.4494639	-0.36224642
0.12396014	0.5088637	0.14268596
0.84831953	0.0928908	0.0143939275
0.51476145	0.7841728	-0.5850246
0.6899739	0.6439225	0.35281724
0.928559	0.49328154	0.5637996
0.2635597	0.45310867	0.4893584
0.5862283	0.34543777	0.0908291
0.428922	0.8122064	-0.6585904
0.10778618	0.09616941	-0.31682646
0.49654907	0.33292884	-0.119693704
0.47870386	0.36448896	-0.47333094
0.2792464	0.5482685	0.46897537
0.86033547	0.49387372	-0.048791952
0.7696256	0.46233255	-0.48179573
0.03132677	0.37939203	-0.077119716
0.98748404	0.34063268	-0.19456765
0.3706593	0.41533113	-0.17199038
0.8236034	0.34257305	-0.4779417
0.70842177	0.015694916	-0.3823841
0.47383678	0.2558111	-0.25951114
0.07203561	0.12721139	-0.26891991
0.69221073	0.60404927	0.35976073
0.92533034	0.41217566	0.5078052
0.19593847	0.28036243	0.083433926
0.80601823	0.5099888	-0.51312226
0.99689686	0.9425506	-1.5827355
0.86337584	0.45768684	0.007881142
0.5389575	0.09919602	0.8354204
0.79874206	0.89656335	0.55026495
0.541649	0.96287155	0.012224758
0.1761797	0.26800656	-0.14359185
0.33277524	0.30896187	0.30613354
0.9264793	0.7912133	0.8935729
0.6066945	0.27166998	-0.12792264
0.5691581	0.59383917	0.08750503
0.9723341	0.1373313	0.44091436
0.8595922	0.3133129	-0.18048929
0.9711132	0.6591879	-0.4820245
0.79848516	0.34622687	-0.63347244
0.5212755	0.74746794	-0.5306121
0.9109915	0.5238603	0.6474041
0.5090087	0.9405158	-0.4777266
0.6351719	0.30320108	-0.16563678
0.5447922	0.63454723	-0.16059731
0.16790527	0.5329937	0.28323126
0.5729661	0.956114	0.3902837
0.6257657	0.48654366	0.21365975
0.4015743	0.6490305	-0.35286334
0.4543478	0.63279974	-0.7471201
0.30730647	0.88591844	0.2798835
0.49997634	0.12047076	0.6138821
0.98123485	0.84402597	-0.963876
0.93760884	0.65610254	0.63867664
0.431794	0.5094451	-0.6107278
0.25904137	0.4993428	0.45074308
0.8154786	0.98891646	0.8600176
0.28777903	0.51154745	0.44182387
0.1505866	0.13262403	-0.30039975
0.90378994	0.78106374	1.1088989
0.016834795	0.2652027	-0.29074302
0.9336737	0.80155766	0.7562141
0.14553994	0.26196676	-0.3307351
0.016841948	0.40006357	-0.1303207
0.005643964	0.552879	0.03147418
0.18974811	0.17723894	0.039352857
0.76045316	0.85700905	0.11334315
0.77240884	0.64522636	-0.19965114
0.33262026	0.9961256	-0.0770111
0.65419555	0.9247717	0.09380399
0.37218797	0.37943673	-0.26066926
0.9074277	0.041733325	0.13414444
0.4453308	0.29507023	-0.6300926
0.9852691	0.74795866	-1.1159848
0.24392313	0.38652056	0.4129559
0.46560758	0.121892035	-0.023272134
0.47022152	0.18148273	-0.1517815
0.4985761	0.5568834	-0.5600381
0.45746827	0.5332387	-0.7043539
0.4071179	0.005076885	-0.42748192
0.44534028	0.012533784	-0.0048128488
0.40327084	0.09547031	-0.5693269
0.62336016	0.5883669	0.394354
0.009903014	0.15965605	-0.36333528
0.937076	0.4789623	0.46562988
0.5572305	0.11595613	0.6438042
0.16108102	0.16919285	-0.2627894
0.87090874	0.080520034	0.10271607
0.22967589	0.123458564	0.581441
0.46390516	0.597422	-0.7326919
0.5810446	0.59885526	0.14096317
0.42196107	0.6097928	-0.5392975
0.19232285	0.13667363	0.02558234
0.81125206	0.67868257	-0.07696382
0.03719127	0.7228819	0.4555297
0.22900683	0.92951304	0.65458494
0.8834938	0.14925194	0.09027929
0.8115914	0.9437638	0.74003977
0.47316962	0.97823375	-0.70192605
0.7576655	0.36712533	-0.4142598
0.9207375	0.17030251	0.30712414
0.5336873	0.22315782	0.44603798
0.37921154	0.09787464	-0.38662618
0.7432615	0.8260897	0.07872033
0.081621945	0.99210995	0.5765499
0.32717597	0.48798501	0.30897146
0.0618971	0.13313586	-0.24597432
0.11016226	0.20594871	-0.48176968
0.37673622	0.17613655	-0.42862758
0.8246313	0.55410236	-0.33468178
0.36907744	0.13282776	-0.22369508
0.31936985	0.74666864	0.19102317
0.89867276	0.22381765	0.2578056
0.8778174	0.69094294	0.7933209
0.14123034	0.3249364	-0.35566732
0.4674071	0.44880342	-0.5879935
0.63423866	0.016460419	-0.54412943
0.052993536	0.7672955	0.5951887
0.5008077	0.6854694	-0.64651316
0.26836634	0.7452371	0.48601803
0.013116419	0.79819727	0.21874973
0.5068199	0.96623105	-0.48383993
0.567291	0.9200464	0.24859956
0.2772835	0.36637855	0.57647717
0.20889837	0.12807411	0.33859795
0.055640757	0.92936504	0.5687698
0.8460943	0.56473446	-0.12125076
0.7032498	0.91081274	-0.14002994
0.87840265	0.5400556	0.35847405
0.5150244	0.9644756	-0.33808497
0.17559558	0.64128876	0.40628308
0.7571926	0.3416772	-0.4156504
0.77731067	0.27074492	-0.5258977
0.53235984	0.12186092	0.7533169
0.0926072	0.45453894	-0.056617517
0.9025111	0.13412923	0.2395533
0.4274553	0.40377802	-0.70769864
0.2639013	0.40398443	0.52853197
0.900883	0.601765	0.7562706
0.22680753	0.05600345	0.5806861
0.32850438	0.58643425	0.21347968
0.5783159	0.5070508	0.16817486
0.57500106	0.36552536	0.13567466
0.8209277	0.28937185	-0.4990606
0.04703015	0.50144154	0.16266046
0.65744036	0.1504628	-0.51953036
0.5797796	0.24996936	0.19089328
0.27114755	0.34886283	0.54274166
0.012594759	0.69502485	0.29061568
0.117450655	0.6713789	0.4881299
0.71013725	0.26294887	-0.21089491
0.12555796	0.4327634	-0.09807847
0.8936595	0.4343261	0.41561145
0.9372496	0.038711727	0.20472856
0.21720457	0.7884667	0.6285386
0.5063206	0.11998081	0.65406984
0.2798459	0.46139848	0.50056076
0.30329365	0.097166836	0.9464282
0.6821133	0.5404711	0.38494435
0.86371106	0.20444345	-0.047490858
0.14557302	0.044240654	-0.18268469
0.56829333	0.5910127	0.10881249
0.7043904	0.7666302	0.15519798
0.8402103	0.022723615	0.048786793
0.55955935	0.5998761	-0.028431773
0.9040787	0.78382087	1.1038661
0.3988939	0.19299227	-0.65150404
0.6330513	0.025147319	-0.52857625
0.44803953	0.26899624	-0.6124705
0.6685372	0.9754638	-0.097404264
0.43068534	0.9507634	-0.59428555
0.5404707	0.4210387	0.04859803
0.3467335	0.10709965	0.15515763
0.77395725	0.2282213	-0.4942387
0.55790484	0.6749257	-0.059841484
0.60069746	0.40810394	0.15999192
0.22787619	0.3219843	0.31192556
0.49914026	0.8237558	-0.7886716
0.8925481	0.46729803	0.36766067
0.27982676	0.56176054	0.49503917
0.35988224	0.25317866	-0.17204334
0.13264227	0.6009425	0.33814287
0.5974159	0.6461825	0.3309008
0.16824734	0.3396485	-0.10207662
0.7374747	0.1954202	-0.28486037
0.27654815	0.9655344	0.48364782
0.3605178	0.20352912	-0.123015285
0.62006927	0.957122	0.39967126
0.80093974	0.9343288	0.6117431
0.63739	0.74629647	0.4941016
0.09468424	0.9314084	0.518646
0.00085413456	0.4754904	-0.090411484
0.26284164	0.52697974	0.43905884
0.14567405	0.004276693	-0.16056478
0.009432197	0.3549809	-0.25945994
0.87608767	0.5222178	0.2421311
0.33877683	0.89807856	-0.03920431
0.20632738	0.089955926	0.23669076
0.531143	0.14181668	0.74198246
0.12690562	0.25714374	-0.39974925
0.65171534	0.46938545	0.28146616
0.3284487	0.98573583	0.0155948475
0.47694457	0.912001	-0.78118503
0.39108467	0.66968936	-0.24179734
0.47754055	0.04493767	0.49573022
0.06287193	0.23400694	-0.29023066
0.7640863	0.93810904	0.1330583
0.81414527	0.5620487	-0.39876813
0.10020518	0.5698597	0.30806753
0.24099219	0.008522749	0.75834507
0.9501799	0.42327058	0.30439556
0.6493937	0.84961516	0.33673894
0.92332476	0.30480957	0.42541966
0.96548396	0.08437759	0.36719552
0.66006154	0.105101526	-0.5586062
0.20141476	0.3909909	0.12686701
0.71002835	0.3466432	0.004548032
0.9689397	0.94261426	-0.44620317
0.8537405	0.0069596767	0.10492388
0.32044733	0.85846543	0.13657883
0.82030725	0.5008797	-0.5018415
0.019785166	0.24012595	-0.29894072
0.77153754	0.018829107	-0.12081587
0.55583453	0.7243352	-0.06305488
0.6855769	0.9692456	-0.23617516
0.289761	0.13496011	0.93594956
0.7278737	0.5326188	0.02919969
0.7247794	0.1314702	-0.31497863
0.6224959	0.5151161	0.32103834
0.023630738	0.2616079	-0.22725551
0.5481261	0.5661802	-0.05538367
0.15989453	0.21582705	-0.3073686
0.18278974	0.76717675	0.5259328
0.9907415	0.83202875	-1.4014727
0.01044184	0.9614671	0.14100443
0.14242208	0.8077097	0.4829319
0.46789724	0.41235232	-0.6170733
0.7985487	0.61943096	-0.31998262
0.57872915	0.6283534	0.17432266
0.8889228	0.60392946	0.6768958
0.82366467	0.5929245	-0.27499592
0.042951405	0.12488991	-0.18933679
0.50624967	0.6571397	-0.60770524
0.56755316	0.7133847	0.087892205
0.56319743	0.9655475	0.29713807
0.18852013	0.8606998	0.4885783
0.20242816	0.3870988	0.1612145
0.2750755	0.62248117	0.47929198
0.4285255	0.94414973	-0.58320487
0.9435839	0.2961142	0.44449756
0.88702023	0.07125276	0.14699808
0.29789263	0.37823528	0.5007902
0.18059736	0.38637382	0.011962688
0.2763664	0.1556446	0.9379547
0.6473762	0.3660177	0.004113448
0.6163387	0.2387973	-0.23435318
0.008300424	0.6123591	0.10852093
0.48114187	0.6628829	-0.75529265
0.25695235	0.74595815	0.56600475
0.7334437	0.43583822	-0.10821522
0.762798	0.8712168	0.13145502
0.13952708	0.91497374	0.44863975
0.7974245	0.042050004	-0.10203156
0.54605573	0.31367546	0.2591266
0.5329293	0.311498	0.24342543
0.5069086	0.9485108	-0.558869
0.25605172	0.8205302	0.55724657
0.64585626	0.64596665	0.45806864
0.7039377	0.54515976	0.25326252
0.5493981	0.42528677	0.05025235
0.8400587	0.11823791	-0.07749415
0.7126079	0.83985776	0.057628326
0.3710993	0.19478339	-0.2342096
0.2718293	0.20876849	0.8784231
0.90799093	0.61267465	0.7388514
0.8705634	0.5127363	0.17699204
0.54257077	0.67832017	-0.24376574
0.23352861	0.7205731	0.6013248
0.65368944	0.45078588	0.23704407
0.46837825	0.02229482	0.4537629
0.960172	0.38799834	0.21742125
0.38967997	0.24319106	-0.60624194
0.9653466	0.072469175	0.4061187
0.48164558	0.7846802	-0.8228297
0.32019484	0.6614245	0.22150077
0.64808524	0.73334706	0.45343068
0.8023036	0.58066523	-0.43950734
0.7654762	0.89796054	0.1723774
0.45039248	0.032546163	0.01429534
0.28707618	0.9295213	0.47396877
0.0064789057	0.89315397	0.07924619
0.90049523	0.8874795	1.2650416
0.48182368	0.7904108	-0.8465964
0.42260402	0.6361407	-0.57988864
0.60083795	0.4948042	0.24106124
0.5909824	0.2833861	-0.0004097838
0.07277554	0.6880628	0.584407
0.050823987	0.48343354	0.14425483
0.8358524	0.024558604	0.058721613
0.6181922	0.9609166	0.42345342
0.97087413	0.71321785	-0.5157115
0.08298004	0.17096043	-0.41014874
0.40503138	0.57418245	-0.43352965
0.16851479	0.8469477	0.45213187
0.83622766	0.8914693	1.0056138
0.93309736	0.21860647	0.4306689
0.9123663	0.66492975	0.8762928
0.20605868	0.081536055	0.31990555
0.3733976	0.2046367	-0.32923856
0.8479395	0.7973807	0.8178228
0.7155131	0.71905786	0.21456589
0.21958935	0.9506289	0.60684574
0.13763946	0.06565291	-0.29123673
0.6399797	0.5816471	0.42349008
0.8068172	0.68897647	-0.016717713
0.7710074	0.16877127	-0.43355602
0.81040514	0.5760772	-0.35334066
0.5722858	0.56679636	0.099825345
0.8499859	0.106107175	0.0142078735
0.9674906	0.204961	0.3713873
0.6498498	0.23672646	-0.36671254
0.086357534	0.54616386	0.2591385
0.29097593	0.09665531	1.0080183
0.12703872	0.42736644	-0.113419674
0.10037196	0.84908813	0.65372664
0.92043704	0.9835363	0.8639589
0.49515897	0.50500375	-0.48218167
0.8298255	0.07758677	-0.052544303
0.5266867	0.5511077	-0.30711606
0.056295276	0.9175043	0.5790009
0.5439995	0.6797765	-0.20034912
0.3187065	0.912971	0.15425554
0.33572787	0.9641286	-0.046915036
0.8401029	0.58742446	-0.101311296
0.65440416	0.83158094	0.31378636
0.42015177	0.58063585	-0.6085383
0.0066236258	0.45916325	-0.06375979
0.9984827	0.41649902	-0.7636066
0.36493647	0.03145957	-0.06434722
0.49159932	0.44480717	-0.37190416
0.35263437	0.08862072	0.067913696
0.41213566	0.28200918	-0.7249658
0.3216899	0.7820489	0.17356652
0.96150744	0.3599534	0.22072881
0.79969734	0.9480345	0.6790391
0.7234488	0.22230494	-0.22935227
0.5282415	0.06273419	1.010974
0.2816357	0.8822312	0.5206456
0.8078926	0.6563835	-0.17532313
0.5591278	0.76174295	0.006611912
0.5529044	0.5023737	0.057000138
0.08747566	0.4977123	0.13617896
0.25386453	0.30515254	0.55348885
0.83033216	0.5975437	-0.18319693
0.92274266	0.9824355	0.8663292
0.7277261	0.7339326	0.11915543
0.89589596	0.13704157	0.21868864
0.35009813	0.28912956	0.10727296
0.3347903	0.6062938	0.15830645
0.6899108	0.9336976	-0.17154521
0.7078461	0.63865846	0.24092346
0.63282454	0.8934118	0.36258355
0.50816363	0.8788345	-0.59493583
0.2000984	0.32580197	0.11721024
0.381477	0.4328937	-0.28222513
0.787708	0.79692566	0.14823501
0.7689306	0.8504462	0.16618864
0.7049417	0.9388741	-0.13476819
0.44480866	0.021223128	-0.066208005
0.55123216	0.08339256	0.72209394
0.45821548	0.9278912	-0.71762264
0.20492029	0.41314405	0.2296362
0.9176998	0.65922886	0.8621687
0.6530248	0.56297773	0.38672498
0.41762286	0.61849654	-0.5228201
0.92469716	0.6992953	0.801912
0.9356054	0.5929396	0.5646384
0.51867086	0.68161726	-0.51149404
0.674765	0.60212076	0.45835117
0.8300843	0.15605426	-0.20531857
0.12663299	0.891269	0.47773537
0.39776784	0.5245298	-0.32937402
0.57629526	0.8750631	0.31475165
0.05482936	0.051612318	-0.13659742
0.4227423	0.54442817	-0.57943875
0.82054377	0.48361236	-0.50946885
0.4738124	0.6466829	-0.760435
0.34513682	0.10485995	0.22351271
0.12805974	0.8785877	0.49671978
0.04545009	0.64235663	0.4185946
0.5445785	0.4860161	0.00498762
0.61950195	0.7522701	0.4321765
0.002963841	0.59561473	0.049731385
0.6550413	0.9811078	-0.049636934
0.42062175	0.30136222	-0.7212013
0.9436134	0.52388614	0.41735727
0.53798467	0.48503137	0.0011684224
0.5797538	0.8798264	0.34259543
0.47890013	0.53264254	-0.64488137
0.45898867	0.8071908	-0.8142877
0.17146313	0.47107112	0.121297546
0.59985167	0.25300884	-0.06282667
0.13560301	0.55288243	0.19710308
0.6461757	0.9523411	0.15529412
0.12336743	0.24851644	-0.39538342
0.32505757	0.9579053	0.03426352
0.22025836	0.6091621	0.48945576
0.11008859	0.50065637	0.13692102
0.9144557	0.21166974	0.33994755
0.6347706	0.40553296	0.06387739
0.8631389	0.043995976	0.04876534
0.5192417	0.369236	-0.017683012
0.2185579	0.89128554	0.63697696
0.38481742	0.55581886	-0.2321183
0.3007893	0.95527416	0.3054331
0.8734484	0.366077	0.021587942
0.87941986	0.9112509	1.3583068
0.4104147	0.22358185	-0.7116023
0.26842165	0.59470767	0.4252795
0.97052974	0.9361915	-0.5494259
0.32566452	0.36652076	0.4280183
0.34950048	0.22160149	0.095461495
0.59052646	0.8462299	0.36946017
0.32691205	0.59223115	0.24037851
0.4972093	0.8640836	-0.74410444
0.75061613	0.2481448	-0.40021878
0.09993577	0.9066308	0.59571975
0.12704587	0.3016045	-0.40455392
0.21062917	0.13032442	0.2961515
0.1998021	0.40003747	0.16049506
0.24203515	0.16902405	0.6481654
0.6564182	0.9438764	0.037934795
0.6746367	0.36285764	0.0099824
0.74704665	0.4979189	-0.21048483
0.65938365	0.6890354	0.42490476
0.9663629	0.4945795	-0.11377588
0.93655425	0.8890086	0.64433455
0.685328	0.36471224	0.13701108
0.076515555	0.8509644	0.6339605
0.22806972	0.40526724	0.34878817
0.04331708	0.04431808	0.040388335
0.20886296	0.92816186	0.57183677
0.814866	0.30108732	-0.56658924
0.49376172	0.48748273	-0.47370845
0.97927934	0.94809	-0.89987266
0.43021733	0.5357854	-0.6246559
0.50626206	0.07477212	0.86422765
0.38615453	0.09500986	-0.517033
0.609174	0.26753175	-0.12965144
0.34378725	0.8344782	-0.021887343
0.81446654	0.29106122	-0.48683107
0.31462657	0.45859265	0.3612853
0.5995758	0.31726867	-0.012338936
0.044934213	0.078576386	-0.11418831
0.08107674	0.54836816	0.23257153
0.88431555	0.7574003	1.0244612
0.73545706	0.5711798	-0.024932988
0.5680543	0.20135128	0.30033812
0.2938987	0.01845932	1.054192
0.0025424361	0.23193955	-0.37717938
0.72187173	0.87045807	-0.037104636
0.38053393	0.9200933	-0.39598095
0.48863	0.15200704	0.27593696
0.15945828	0.67428005	0.42674428
0.52350634	0.2782176	0.2828321
0.8896229	0.42234737	0.27087775
0.46246707	0.96987724	-0.69201523
0.7787431	0.00903666	-0.13334434
0.63488424	0.03765607	-0.5245245
0.33510852	0.60125434	0.18549952
0.15590054	0.6472006	0.414093
0.4882347	0.100102186	0.48031688
0.6365137	0.8216955	0.37663716
0.09699911	0.591668	0.37888998
0.7703084	0.68713665	-0.11594432
0.1611659	0.14655107	-0.2205542
0.058320045	0.78824794	0.6106783
0.28720534	0.9326306	0.43852776
0.89284575	0.96263087	1.2746078
0.60138375	0.7938954	0.40680474
0.32654822	0.67977077	0.2415609
0.52567214	0.21249175	0.5152812
0.21066368	0.7725278	0.6448181
0.4023661	0.8544611	-0.4162728
0.8398353	0.9582181	1.1644307
0.8775626	0.6950747	0.718158
0.25121546	0.4312542	0.4711247
0.9061998	0.667014	0.9379744
0.08615363	0.14025432	-0.3632922
0.84724575	0.1715793	-0.11965825
0.65385306	0.44038177	0.22434075
0.44472283	0.060471714	-0.16023728
0.56063616	0.34212357	0.16282049
0.83989406	0.58384293	-0.042284068
0.9935239	0.34232688	-0.3074854
0.05134034	0.11639881	-0.19183385
0.519416	0.56956315	-0.43367076
0.11764938	0.18004596	-0.49314773
0.5739509	0.799318	0.20752478
0.8748857	0.13918656	0.08354113
0.55975544	0.80071527	0.043666083
0.10008812	0.05478251	-0.26677826
0.38116032	0.46009803	-0.2907457
0.9901248	0.99412394	-1.2626427
0.6318217	0.72937346	0.46330094
0.5576381	0.91794324	0.12461488
0.63769644	0.78866065	0.45748347
0.115579605	0.93989515	0.49551678
0.46894586	0.59368265	-0.7677717
0.8552322	0.96528697	1.3426466
0.9357663	0.85878277	0.65140224
0.41957825	0.15620756	-0.6814727
0.46052027	0.11558932	-0.08426167
0.7314178	0.13876593	-0.29520595
0.05775094	0.6331879	0.48525405
0.5420398	0.9742964	0.029591503
0.9779098	0.58752793	-0.6830441
0.13487685	0.79065293	0.58029544
0.7295253	0.40532577	-0.0653674
0.82028615	0.78567755	0.43039718
0.7352408	0.014191687	-0.27307808
0.0009328127	0.5870735	0.0038209055
0.70017684	0.048119545	-0.37720728
0.34994596	0.7372956	0.032812573
0.9287841	0.48834395	0.59988576
0.82759154	0.95286226	0.9513466
0.79342395	0.58409894	-0.47686943
0.49384737	0.40171707	-0.27840972
0.5023766	0.6343545	-0.6446675
0.28090078	0.9856536	0.4952845
0.9810504	0.62493545	-0.8280013
0.6347717	0.025745332	-0.5157815
0.69309676	0.30592853	-0.029538441
0.5744336	0.69748676	0.12613286
0.39508957	0.4339251	-0.50166154
0.23902047	0.66908365	0.54456943
0.7414015	0.81864595	0.03384347
0.8680872	0.58499426	0.3068806
0.36842144	0.36134166	-0.18198393
0.12824279	0.64933264	0.4650461
0.8013948	0.83686954	0.31144223
0.44015336	0.3068692	-0.6670019
0.43043756	0.3302518	-0.728271
0.8229909	0.23440069	-0.42624247
0.2316997	0.61185133	0.4709402
0.3291313	0.63213664	0.2355144
0.6474919	0.9522885	0.11102891
0.29028898	0.20524311	0.85060567
0.3185541	0.76889676	0.18924832
0.671286	0.15379906	-0.44938725
0.59698826	0.058409035	0.0867074
0.6100371	0.4515226	0.13473648
0.75914055	0.843976	0.10745651
0.51851547	0.8625619	-0.4949235
0.31918925	0.6437268	0.27306518
0.1880033	0.10650611	0.0438144
0.8248644	0.16064197	-0.22068235
0.60855484	0.99801636	0.43678802
0.99667907	0.8415062	-1.6439158
0.14290935	0.94850826	0.3817217
0.41507024	0.27279872	-0.7206736
0.79141223	0.014608741	-0.14743303
0.60679317	0.11789614	-0.22017908
0.5839755	0.21037751	0.13420382
0.47433507	0.6392719	-0.7350812
0.6595086	0.20956296	-0.43397892
0.90713894	0.29482478	0.39411423
0.19574136	0.96248806	0.548743
0.5517349	0.7107652	-0.0982287
0.11960685	0.62267417	0.3618387
0.51228964	0.31508434	0.10694042
0.9852972	0.27056104	0.13362662
0.53267956	0.1882506	0.54207534
0.5484967	0.9965204	0.15969223
0.46277523	0.07170576	0.109968245
0.8798805	0.24129033	0.1324098
0.27269918	0.6786172	0.4620809
0.026152074	0.89321315	0.35844615
0.10271895	0.38961804	-0.27848285
0.26107997	0.89476854	0.6398209
0.64597917	0.69088346	0.44819114
0.28756332	0.5671155	0.4289315
0.15831876	0.0561195	-0.17364977
0.12700498	0.28914303	-0.41723743
0.3115642	0.16289961	0.76571953
0.7981101	0.7139666	-0.012844952
0.5719604	0.42843378	0.11156938
0.26045913	0.6642905	0.46787575
0.18768787	0.4143706	0.115252756
0.8876465	0.7857998	1.1868737
0.49844062	0.13532293	0.51022404
0.48220313	0.11770439	0.27978742
0.4013784	0.0008532405	-0.4365254
0.10022372	0.093526244	-0.31076857
0.34863096	0.39186597	0.10888333
0.21611995	0.8138881	0.63927484
0.10068929	0.28995442	-0.42279443
0.0069302917	0.40322906	-0.19515498
0.7504183	0.066030264	-0.2869992
0.13305932	0.47808975	0.023793874
0.8497725	0.8928146	1.1339589
0.70780146	0.7522117	0.18872435
0.9349945	0.787976	0.7360337
0.18805361	0.3177771	0.058328893
0.4334495	0.25315052	-0.7482581
0.550335	0.53671706	-0.019802496
0.5906716	0.7530396	0.36012053
0.070751905	0.71184635	0.5530292
0.8082445	0.97094905	0.845727
0.3187582	0.25785917	0.4954831
0.20662218	0.5871444	0.4654249
0.3496197	0.67424345	0.06263564
0.37813753	0.12830168	-0.40872353
0.9698181	0.80956876	-0.43915293
0.4203735	0.89077747	-0.5482004
0.22352433	0.17440522	0.4406957
0.5993304	0.81437063	0.45361695
0.8719465	0.3187114	0.01367061
0.41751397	0.28981018	-0.67183715
0.97120404	0.30823308	0.16874884
0.18228126	0.58566046	0.35442972
0.44372863	0.3116609	-0.63919294
0.21199739	0.81084037	0.5390751
0.8496902	0.7051402	0.49349192
0.8714529	0.82036513	1.1201344
0.16656113	0.5662156	0.2567582
0.20529544	0.020211399	0.26684412
0.90467805	0.8751791	1.2045168
0.25606287	0.15060514	0.80652285
0.23185909	0.8459669	0.5658449
0.59485394	0.50478023	0.21028481
0.7152602	0.16728371	-0.29018164
0.43317258	0.20747513	-0.6718257
0.4782493	0.7040428	-0.8191623
0.6254654	0.1283384	-0.47343603
0.1689058	0.73883235	0.47341675
0.9089313	0.6656732	0.9077895
0.61865777	0.12713867	-0.4250397
0.16870916	0.2605961	-0.19705981
0.15949297	0.025154948	-0.118553154
0.5610322	0.9210268	0.15940937
0.80484724	0.5238032	-0.49982035
0.5921586	0.9057287	0.42885867
0.31602293	0.5819844	0.27626315
0.5075558	0.9183378	-0.4956857
0.065909445	0.34604073	-0.18669489
0.5462881	0.86946315	-0.06254269
0.84639263	0.7302138	0.54414177
0.76833624	0.07908857	-0.31528482
0.5896271	0.24096501	0.11563609
0.5511766	0.0025494099	1.0706558
0.8221703	0.9318895	0.89367604
0.93399096	0.76496726	0.6971553
0.9437255	0.77987796	0.4966684
0.52216125	0.279195	0.20620722
0.15790486	0.74488777	0.5738534
0.5865912	0.3007055	0.013939187
0.18496042	0.08528113	0.005512356
0.5864572	0.89488345	0.4269119
0.05536753	0.030398369	0.020598719
0.43601394	0.3738187	-0.7212517
0.11775833	0.46094567	-0.03681921
0.20867956	0.46628743	0.30830187
0.013726175	0.7096038	0.23969927
0.22586417	0.72054124	0.5825428
0.8794528	0.9659113	1.374286
0.798091	0.9484084	0.6211251
0.7192185	0.04953724	-0.29437742
0.6587421	0.36069494	-0.036755748
0.26904064	0.2777804	0.6904063
0.48503608	0.12578666	0.33793545
0.7275716	0.7584552	0.060021482
0.39850885	0.57205963	-0.37042943
0.48171747	0.86961925	-0.78695023
0.5112195	0.0744074	0.91383904
0.90909374	0.983908	1.1188992
0.74038994	0.25602686	-0.3116364
0.44374347	0.42661726	-0.6732302
0.015240014	0.24707717	-0.28063774
0.73553234	0.19528812	-0.24364735
0.26649052	0.5709942	0.45279056
0.059908867	0.5221559	0.21351588
0.4236353	0.030816674	-0.40143803
0.23713595	0.0009216666	0.69329745
0.26983994	0.49110538	0.45609018
0.76044655	0.3602544	-0.39367056
0.95503175	0.67466056	0.13416241
0.0039741993	0.009799659	-0.1724478
0.32946342	0.58726656	0.24522722
0.22453052	0.62773335	0.47713238
0.3929091	0.7666273	-0.2919188
0.7888154	0.2011379	-0.46189654
0.02865529	0.42510623	0.0064420896
0.9877792	0.033803344	0.53546464
0.6508935	0.032966495	-0.609941
0.20882994	0.72781175	0.5660959
0.19829494	0.7762423	0.5206619
0.024731636	0.02133292	-0.05499082
0.10627478	0.940688	0.5246827
0.70617163	0.8313904	0.059242178
0.5699466	0.91431946	0.24285072
0.9664924	0.28412247	0.289199
0.71951556	0.17335474	-0.28806835
0.9532371	0.9655301	0.099434525
0.20788783	0.6850399	0.4838437
0.21324378	0.7581553	0.5449981
0.08869445	0.6043801	0.39069512
0.15615612	0.3468455	-0.18526024
0.20412904	0.70578426	0.5279954
0.97667885	0.11642367	0.5362336
0.21139687	0.20313692	0.21905129
0.105095685	0.7904342	0.64587605
0.1298061	0.085048854	-0.3580156
0.7799092	0.33210462	-0.5816725
0.36448634	0.81662726	-0.1342173
0.0763188	0.8275471	0.7187637
0.4234467	0.03369999	-0.3921171
0.549358	0.9052489	0.043648914
0.45802313	0.34663326	-0.5927531
0.33448637	0.52034533	0.1782856
0.289658	0.12821507	0.9686218
0.98460805	0.7684108	-1.0809035
0.77623653	0.7599671	0.06478089
0.5639887	0.01527828	0.8405672
0.6785892	0.9461336	-0.10992952
0.0037546158	0.93348306	0.018464398
0.3911311	0.28700197	-0.58745176
0.1446191	0.07318342	-0.25404668
0.49266922	0.31077647	-0.13061494
0.99602866	0.20704073	0.272695
0.52878565	0.110954106	0.8459531
0.21525437	0.9003522	0.61019903
0.8339349	0.5783411	-0.19228622
0.70272	0.15126383	-0.32660422
0.3734027	0.24755925	-0.32945347
0.33433747	0.32900846	0.33422557
0.34790277	0.62495357	0.05398925
0.64784515	0.50685763	0.3448228
0.3023197	0.1787538	0.8396911
0.36503798	0.7614694	-0.091807544
0.2044493	0.605997	0.42197654
0.18249547	0.15836906	-0.043661077
0.37032753	0.4833594	-0.1932422
0.35477537	0.42393917	0.0033188611
0.9794753	0.42779273	-0.27554795
0.45894128	0.710076	-0.8008692
0.30599684	0.8734739	0.26768604
0.6934967	0.55931264	0.3380687
0.3248616	0.6679898	0.20331548
0.37007385	0.65078175	-0.095727436
0.791743	0.1518588	-0.38065007
0.5190988	0.9203623	-0.41169238
0.9444636	0.88818127	0.46723363
0.5528309	0.6621872	-0.07319139
0.8967103	0.2874018	0.29004082
0.028536618	0.6198472	0.31294087
0.9655651	0.62426394	-0.22169495
0.8047898	0.3757338	-0.58401424
0.99651504	0.7633802	-1.6996195
0.6326249	0.19597423	-0.390861
0.15674424	0.5393714	0.25816384
0.43717974	0.047908664	-0.2456246
0.44636774	0.4335817	-0.7086224
0.6583544	0.5861122	0.42318216
0.05573839	0.794291	0.645362
0.37733102	0.64752245	-0.18647762
0.17151278	0.048967123	-0.07580677
0.10961753	0.80254775	0.5808895
0.8451317	0.08768469	0.036984634
0.85923386	0.04512024	0.102042094
0.88008946	0.9150743	1.3202227
0.88425374	0.79690963	1.0850471
0.64781547	0.5253124	0.33605185
0.24591374	0.31055254	0.48517826
0.24076259	0.19535863	0.55644417
0.51018757	0.6708618	-0.5624117
0.88107026	0.8485574	1.2343472
0.44855487	0.3718527	-0.6424585
0.07518774	0.5693157	0.31729317
0.24900347	0.8579222	0.64077944
0.20523012	0.7448526	0.54062164
0.37367535	0.7391738	-0.137208
0.7223885	0.9842167	-0.24149266
0.7112702	0.6383929	0.2608284
0.7431165	0.60971254	-0.038851663
0.4446205	0.8188333	-0.7622554
0.5172158	0.84207994	-0.5037995
0.66041803	0.3893314	0.104418404
0.41925788	0.46685576	-0.60679954
0.97886515	0.006410837	0.4683062
0.32877856	0.3680086	0.29095456
0.7473194	0.8023935	0.13958526
0.09048021	0.63078827	0.44594586
0.14268363	0.5569712	0.22119907
0.6512342	0.77183086	0.3430069
0.26022452	0.9837333	0.6984668
0.39675623	0.3803813	-0.6066875
0.07723236	0.36235094	-0.26181868
0.15456724	0.9678785	0.3772187
0.53935176	0.51385814	-0.04126097
0.70925707	0.569806	0.2664677
0.14745241	0.8039732	0.47864968
0.06907761	0.77759933	0.65047103
0.20029914	0.082297385	0.15631598
0.2522115	0.17101496	0.74045897
0.1201669	0.5946506	0.36880714
0.8148661	0.1611194	-0.34359166
0.30817062	0.12229508	0.8449931
0.2600906	0.33429438	0.5356243
0.6968388	0.07612413	-0.3681047
0.67585695	0.84820676	0.20605925
0.88567275	0.33982277	0.14026648
0.82799774	0.7993344	0.57367176
0.41416705	0.74501747	-0.49199528
0.3957222	0.15353817	-0.59205866
0.86330265	0.7634472	0.8611458
0.57877916	0.57624	0.14092019
0.8933144	0.06501144	0.07875267
0.3756132	0.9239698	-0.35452297
0.51901895	0.15990096	0.58215386
0.5962519	0.27033496	-0.033038255
0.6665699	0.6794132	0.43096513
0.71720964	0.9064501	-0.1122682
0.65750146	0.025232553	-0.6878239
0.55654985	0.2896418	0.21095687
0.14958036	0.9161301	0.41708916
0.19740981	0.17895919	0.1465658
0.98439866	0.8512084	-1.0775425
0.9585587	0.99659836	-0.15742506
0.6381789	0.33007854	-0.14215833
0.943382	0.6019329	0.3900199
0.05121529	0.6043698	0.4018299
0.8339251	0.531323	-0.31798214
0.6613442	0.7787169	0.3584326
0.81028455	0.97361577	0.80067164
0.35753953	0.16268885	-0.04886581
0.69374084	0.7056335	0.25303835
0.96652985	0.7139813	-0.25450385
0.33650798	0.4800685	0.21256219
0.7209464	0.08771175	-0.37423432
0.9502036	0.24126637	0.4126993
0.32992005	0.505905	0.24789567
0.25921428	0.77716	0.6078388
0.98698205	0.10676777	0.4589
0.40634745	0.45838022	-0.5788431
0.9875658	0.5437886	-0.87757784
0.62757975	0.5850474	0.42297584
0.12776846	0.7780531	0.5918087
0.8959166	0.7150548	0.9631366
0.75463957	0.8185696	0.05632044
0.19256479	0.5446707	0.34775954
0.5036438	0.6990708	-0.63048375
0.8877948	0.97354245	1.2684867
0.49099648	0.94043034	-0.6193941
0.79748064	0.95726436	0.6103844
0.097993195	0.6054941	0.3762272
0.5747063	0.6715603	0.12967455
0.5747808	0.41817796	0.1653582
0.80319756	0.6501255	-0.17164043
0.5650547	0.5237178	0.03749119
0.8685107	0.28362185	-0.028704805
0.011934459	0.2588526	-0.28552023
0.25348288	0.37232786	0.4877518
0.23862004	0.6162759	0.41193846
0.6101177	0.626788	0.35556573
0.63704395	0.54648316	0.33347264
0.6289516	0.60047424	0.4365357
0.757963	0.65980375	-0.15018119
0.7205635	0.6492786	0.19210304
0.22589213	0.34685302	0.3253223
0.653489	0.8392032	0.2561602
0.7492017	0.41359854	-0.33034694
0.6475393	0.40516484	0.10452874
0.8780609	0.57105386	0.3850029
0.2825845	0.88100517	0.48872265
0.19959211	0.8467511	0.55078757
0.9813107	0.9673223	-1.0080378
0.2595861	0.82773	0.64567065
0.34693646	0.0039767027	0.35801
0.6921857	0.7461676	0.2885854
0.8038278	0.6061592	-0.38643494
0.039570272	0.81996596	0.5040464
0.40013075	0.8801117	-0.39263946
0.6965022	0.4420513	0.19016497
0.39635575	0.48351943	-0.37935627
0.016681314	0.040058613	-0.11134768
0.96640736	0.796237	-0.33327752
0.7164514	0.5151442	0.16766784
0.33305442	0.87700915	-0.008500665
0.12716341	0.959714	0.3502919
0.105653465	0.5231682	0.15613559
0.7155583	0.29183108	-0.17228445
0.93730897	0.8784584	0.6562603
0.8189019	0.88394195	0.80712044
0.34345615	0.15215832	0.22372107
0.21639961	0.9056924	0.63478214
0.40918237	0.77305764	-0.5229338
0.8206148	0.19153476	-0.38643166
0.055756807	0.12710398	-0.1634463
0.377591	0.5493319	-0.20663126
0.50359994	0.49967808	-0.40268612
0.959623	0.81013227	-0.032708056
0.24151856	0.4684863	0.346025
0.75181663	0.98530465	0.031584457
0.101033986	0.65369594	0.5583754
0.12696809	0.3307169	-0.33445126
0.12544924	0.3987282	-0.19271751
0.82079613	0.101694465	-0.16831256
0.7436114	0.575181	-0.08054159
0.27844352	0.444614	0.51443523
0.47933435	0.016305804	0.6955163
0.91253096	0.5004722	0.5407385
0.8618704	0.6031067	0.24371913
0.7024741	0.6989658	0.30172876
0.7092257	0.161964	-0.3137576
0.7221244	0.29533285	-0.19673403
0.9575763	0.16707706	0.48049042
0.9300834	0.22069377	0.4202503
0.44025367	0.14808702	-0.48878223
0.75709194	0.96352667	0.09761102
0.30085123	0.12900192	0.909303
0.49474555	0.7893329	-0.8003917
0.63936913	0.31569684	-0.14767432
0.5362978	0.41298372	0.028368063
0.9646951	0.90004754	-0.29102707
0.6948525	0.046504438	-0.41318423
0.36608177	0.019488573	-0.03106857
0.64283544	0.27660048	-0.20691632
0.45200998	0.12563485	-0.25112858
0.61420786	0.16144776	-0.28221416
0.9708941	0.4341678	-0.11402121
0.96392876	0.001223743	0.2797672
0.5807724	0.997843	0.5250991
0.7448159	0.8841036	0.04118458
0.32645118	0.02954173	0.70059055
0.3535617	0.41730958	0.04625798
0.49960625	0.9476088	-0.51966
0.44106686	0.34540564	-0.6594834
0.09821719	0.6654213	0.5236473
0.04636544	0.3395977	-0.21930414
0.4380088	0.32073635	-0.6586649
0.25282204	0.96118766	0.6498979
0.8926644	0.6726346	0.8542212
0.3354482	0.38899457	0.2501354
0.918331	0.98374075	0.9211322
0.73846614	0.7479906	0.06010738
0.08447689	0.7547107	0.65089494
0.071000695	0.87094706	0.6396163
0.6531758	0.037326574	-0.69167185
0.11903846	0.011463344	-0.18604696
0.56031984	0.5267937	0.04124866
0.8175724	0.21499658	-0.38421124
0.6199263	0.10224277	-0.41570705
0.7481412	0.5056852	-0.25505054
0.6852446	0.38741797	0.10893414
0.6082438	0.023885727	-0.1271445
0.9238426	0.45340025	0.51688737
0.34491593	0.3115062	0.1490394
0.20777619	0.89919955	0.58856386
0.377504	0.6239825	-0.17671826
0.84436417	0.7744605	0.6583692
0.8151597	0.9616624	0.8859503
0.5307003	0.62140286	-0.37255937
0.18105572	0.62745	0.45499566
0.37621993	0.032011867	-0.27333146
0.25094795	0.089716315	0.83017147
0.1138404	0.23739034	-0.49717712
0.72503024	0.36937743	-0.11901797
0.12234974	0.48956347	0.024876742
0.05345249	0.66456693	0.5133841
0.96036196	0.46730894	0.10604454
0.98700017	0.14272755	0.4084036
0.7668333	0.9429175	0.23177516
0.18559396	0.057604373	0.024613434
0.48717052	0.79603326	-0.7716251
0.0014920831	0.24214065	-0.43050325
0.48820335	0.20944995	0.07755786
0.66278666	0.7416885	0.4652544
0.82339615	0.7007957	0.1601989
0.9134287	0.9647823	1.0062946
0.958219	0.45938283	0.15285017
0.40643412	0.06465316	-0.56273687
0.9661832	0.35289037	0.08805292
0.95740944	0.23700112	0.4219487
0.55764586	0.13387561	0.5286017
0.63859504	0.8315341	0.3748228
0.7901061	0.5634631	-0.46262407
0.6727827	0.20368654	-0.44519088
0.7132687	0.5391125	0.18532227
0.33535266	0.420115	0.2676291
0.30968088	0.8300883	0.22215323
0.73666155	0.79259515	0.077949695
0.9076824	0.87275875	1.2412686
0.062172532	0.12886149	-0.25288466
0.9640993	0.4418739	0.053913236
0.011664212	0.056651533	-0.23644717
0.061311603	0.8546011	0.63888466
0.43897796	0.47260052	-0.6616504
0.5441709	0.11101049	0.76566166
0.95807135	0.2082591	0.44893205
0.32053566	0.43856484	0.36424598
0.6100591	0.269884	-0.15084846
0.144624	0.28556705	-0.35462785
0.13230753	0.5080136	0.14081265
0.63398874	0.08590162	-0.5645439
0.7973129	0.048324823	-0.21852387
0.7962276	0.3219676	-0.5356512
0.51340514	0.87865347	-0.5446638
0.93564004	0.5018722	0.50838906
0.12071675	0.751849	0.5442924
0.4451751	0.29981595	-0.568802
0.31862682	0.97399426	0.058322016
0.4637661	0.041805565	0.26884395
0.82616156	0.036137044	0.037184328
0.78144425	0.7142749	-0.024222724
0.3039679	0.28782332	0.53679204
0.59951335	0.75527155	0.3489232
0.921116	0.4100144	0.5549283
0.8128187	0.62881625	-0.18889481
0.2617147	0.6644642	0.4702877
0.4525578	0.49153894	-0.68764955
0.7749235	0.87569696	0.19891602
0.6572416	0.56145936	0.41507286
0.8194767	0.9539692	0.8931432
0.84545535	0.11744428	-0.041223623
0.3391348	0.9326797	-0.04591684
0.26016623	0.20075095	0.7637346
0.9746893	0.97762907	-0.62470037
0.75419104	0.40302414	-0.36359397
0.74623847	0.9667224	-0.008923769
0.8180212	0.010861397	0.03166219
0.64419323	0.2522593	-0.31737208
0.6846388	0.09964639	-0.40702742
0.924171	0.119018674	0.308811
0.26885742	0.5997337	0.43816987
0.10420883	0.32732493	-0.35158613
0.06483483	0.10436565	-0.2272533
0.6243278	0.67691255	0.50054073
0.3496738	0.87091523	-0.11789685
0.316144	0.2880007	0.52785003
0.3689087	0.14904147	-0.2810344
0.16547537	0.34118146	-0.10385098
0.7505721	0.1580627	-0.39521727
0.15509504	0.89580107	0.44660586
0.8510282	0.23125589	-0.18141866
0.89529914	0.09265393	0.1344349
0.89192826	0.65705657	0.83213186
0.6102826	0.039627492	-0.25310913
0.162188	0.8176043	0.49031657
0.6066012	0.39384824	0.01980232
0.4033981	0.700852	-0.39534396
0.1981219	0.7822869	0.5595724
0.2654025	0.1554445	0.89455444
0.21537614	0.65691	0.5393832
0.17392057	0.8604307	0.43585315
0.83356875	0.34298933	-0.4465412
0.14475673	0.47272468	0.04948084
0.40634865	0.8254584	-0.5199957
0.944645	0.38853014	0.42620566
0.20992166	0.5581256	0.36519533
0.8805406	0.40792435	0.14768432
0.3455571	0.88953894	-0.04781861
0.025558889	0.3673607	-0.107472025
0.10852045	0.718523	0.5849644
0.81630087	0.18103236	-0.4243972
0.7795334	0.16827077	-0.40581727
0.74771744	0.51041406	-0.14429216
0.48478872	0.0023254752	0.88337475
0.50132656	0.6875018	-0.7387123
0.8321335	0.39314133	-0.5070559
0.3501134	0.15438032	0.100534074
0.6591806	0.95935225	0.0015276754
0.7025091	0.38048494	0.102100685
0.04354304	0.79716486	0.55629086
0.81442213	0.72451955	0.23007135
0.97052443	0.18591297	0.39478245
0.012180388	0.54436564	0.1372596
0.9668462	0.89662874	-0.37676066
0.42530543	0.07757068	-0.51132935
0.23002619	0.5280951	0.38935703
0.73120254	0.06667733	-0.27171707
0.6503994	0.57004607	0.43677825
0.2156372	0.905915	0.6502661
0.04394889	0.53175527	0.19885644
0.51936835	0.5945896	-0.3782264
0.15657127	0.2632723	-0.27479875
0.24064374	0.531812	0.43671232
0.5916914	0.32813323	0.014806511
0.18329585	0.4740795	0.1866302
0.4146508	0.2886259	-0.7097868
0.9343234	0.4101913	0.51083976
0.4972993	0.09959513	0.61511075
0.16633731	0.1664961	-0.16166005
0.6415103	0.9490558	0.20759985
0.41625	0.4870174	-0.52576697
0.86343235	0.50449103	0.041654687
0.66562307	0.681338	0.46799973
0.12635809	0.4331022	-0.13676393
0.437195	0.13323778	-0.50341564
0.90347046	0.6923676	0.996537
0.16400242	0.6393106	0.41939062
0.0008160472	0.044693053	-0.34536377
0.8589168	0.17771792	-0.0527925
0.8798966	0.65874285	0.70873123
0.83955365	0.48206443	-0.35519752
0.063157976	0.62931645	0.4168643
0.17464447	0.42413634	0.02558333
0.788996	0.4827075	-0.6079923
0.16599655	0.0013398528	-0.09736349
0.27326834	0.21836859	0.8963842
0.97650605	0.8833782	-0.7486038
0.024779081	0.15688807	-0.24934995
0.67424905	0.29613644	-0.09416014
0.20159864	0.023361087	0.24261747
0.5707569	0.3656466	0.17948475
0.44085938	0.342821	-0.64189935
0.46422333	0.7489689	-0.7366679
0.27360052	0.90084815	0.58024776
0.22477424	0.6816387	0.46019438
0.5887983	0.4146803	0.11884384
0.8811811	0.63375425	0.5834028
0.003258884	0.68079215	0.06742714
0.7311747	0.008733749	-0.19918081
0.858047	0.5724697	0.077496916
0.18870574	0.36292672	0.08088735
0.67811966	0.32440013	-0.0027108788
0.94613814	0.18139344	0.4951157
0.5086817	0.80659145	-0.6506791
0.70094967	0.047974706	-0.4154169
0.74859035	0.637103	-0.10013114
0.8007265	0.55161786	-0.5323206
0.71989715	0.52329963	0.098604955
0.12243718	0.63198805	0.4106866
0.258201	0.00071287155	1.0239372
0.9659924	0.3700654	0.10192404
0.78062433	0.24392402	-0.45293427
0.64923835	0.733478	0.48780096
0.32302558	0.06889194	0.7104404
0.29651105	0.3624888	0.6273047
0.7298104	0.33955753	-0.07669567
0.3657536	0.5375502	-0.08112834
0.51591015	0.7360952	-0.5587303
0.52329195	0.032194138	1.1442086
0.16607565	0.8297183	0.44587505
0.1818875	0.89105517	0.44648793
0.34467793	0.96929353	-0.09508118
0.30335993	0.38721913	0.47536874
0.650718	0.5730513	0.3871861
0.19448906	0.89071363	0.55478644
0.8346955	0.9120126	1.0671043
0.7955768	0.1289441	-0.27579367
0.3187496	0.3715784	0.39082286
0.81735754	0.3180676	-0.59101343
0.048714936	0.086690426	-0.082434386
0.42135507	0.9665144	-0.59441435
0.44492054	0.8120141	-0.7984189
0.67872185	0.24312502	-0.22975464
0.7447206	0.095639765	-0.2505184
0.034154713	0.577657	0.3090231
0.38492352	0.8537387	-0.30409998
0.77251977	0.10835487	-0.30134216
0.54461044	0.6834182	-0.17699878
0.1692242	0.79100543	0.51054704
0.99830496	0.023938537	0.69144106
0.7182215	0.060453832	-0.30991608
0.7537768	0.25124758	-0.35901883
0.05793619	0.75907284	0.5860195
0.714613	0.7760575	0.07883677
0.8683336	0.30214244	-0.014810054
0.85611075	0.77422726	0.79142755
0.061682463	0.1577341	-0.29344624
0.28424156	0.343749	0.69082856
0.051301718	0.8605503	0.5623795
0.9749671	0.33998448	-0.0140910745
0.59597754	0.05202192	0.08590762
0.20440602	0.55936295	0.39305773
0.76061195	0.30506456	-0.4622695
0.32705736	0.19364935	0.4978762
0.37229264	0.52262914	-0.11110032
0.4125378	0.11774981	-0.62797487
0.6828813	0.12633777	-0.46585342
0.2935329	0.7162079	0.40362075
0.76126593	0.19856322	-0.398018
0.5544526	0.43345886	0.14402492
0.9909035	0.97202367	-1.3318177
0.39545107	0.36935872	-0.5224047
0.81662035	0.6780157	-0.017525716
0.72610134	0.047751307	-0.28101572
0.11987096	0.29087734	-0.33618844
0.9517586	0.40336186	0.3286626
0.45582366	0.14452916	-0.24247307
0.5482397	0.32670176	0.19521159
0.1775198	0.64405787	0.45030406
0.021166325	0.115469396	-0.18085802
0.7730339	0.3152392	-0.5559161
0.8633797	0.38379627	-0.088191405
0.422212	0.35356307	-0.66891676
0.4475507	0.4223296	-0.6379803
0.20949817	0.3205052	0.16400024
0.46796525	0.3793229	-0.5107609
0.76022935	0.0029388666	-0.21017197
0.24812925	0.024206042	0.8356815
0.93748844	0.15534598	0.34161645
0.23157161	0.5971992	0.46464732
0.8608521	0.3914709	-0.17026219
0.34135413	0.30806446	0.2040816
0.13298976	0.7675653	0.45208806
0.15520716	0.20266062	-0.23872261
0.8922042	0.63610476	0.7103947
0.56878513	0.4683544	0.11224396
0.49411452	0.770446	-0.8312387
0.4549783	0.019115388	0.1818615
0.54819685	0.761822	-0.15686493
0.04025966	0.82635427	0.48583466
0.6929575	0.097649276	-0.42870763
0.0052820444	0.17451668	-0.33653018
0.046380877	0.028656423	0.024402373
0.73914856	0.9965955	-0.099478915
0.8232666	0.6860672	0.08161284
0.6948127	0.18216127	-0.33805913
0.5307003	0.62382466	-0.29994673
0.3837955	0.43821603	-0.3243115
0.90385205	0.4164546	0.424591
0.73411435	0.21674973	-0.28543562
0.061932266	0.7706689	0.6542868
0.95115703	0.32435554	0.33540982
0.067599654	0.053988576	-0.10493468
0.65250254	0.76496446	0.35847947
0.058059514	0.6248659	0.46727878
0.2844686	0.6698587	0.4324229
0.7086553	0.29502243	-0.10062906
0.48403275	0.6078518	-0.70559406
0.71995795	0.49202126	0.10581018
0.9268852	0.43119	0.5139113
0.27887595	0.6646595	0.4046495
0.83559895	0.09174824	-0.07164825
0.85929304	0.2975887	-0.18654141
0.14741886	0.9757705	0.35107428
0.36894172	0.824179	-0.22583747
0.6487877	0.30447835	-0.18752299
0.81216365	0.38146025	-0.60589314
0.117979825	0.630488	0.4194851
0.011645496	0.2558896	-0.30487716
0.7602429	0.12578255	-0.3160425
0.66859204	0.60826254	0.44700155
0.37609798	0.8008153	-0.25081494
0.6386508	0.058008492	-0.57089025
0.77234715	0.45365286	-0.41845348
0.27166533	0.68497294	0.4920648
0.7927466	0.6737855	-0.21078508
0.6467058	0.9433199	0.19267234
0.17916787	0.8715844	0.4675262
0.13185161	0.34095144	-0.27730522
0.51603025	0.903655	-0.48253986
0.06269801	0.41779077	-0.03537871
0.91711557	0.86188763	1.0532217
0.79811954	0.8140703	0.28215843
0.96368	0.42088646	0.06366177
0.70517164	0.6490536	0.32779992
0.7410763	0.4273491	-0.21244645
0.041039348	0.56959134	0.3061869
0.7647195	0.31671804	-0.49196193
0.68671024	0.6197784	0.42219847
0.40830302	0.809609	-0.48893127
0.44609106	0.64984024	-0.71233904
0.8955459	0.90997666	1.2702713
0.5098181	0.8732279	-0.5509231
0.5605248	0.06319034	0.69768375
0.5225794	0.74792606	-0.4931311
0.4429608	0.81081635	-0.7665651
0.2784564	0.3938573	0.5715301
0.08250284	0.59996617	0.41392162
0.6113726	0.33916718	-0.013244405
0.8245742	0.96078795	1.0310142
0.37780762	0.1403315	-0.45895568
0.8095981	0.4564712	-0.6415565
0.30890477	0.4616905	0.34980628
0.33329314	0.8389166	0.06722148
0.26000333	0.46763974	0.49302
0.7003244	0.98438257	-0.23769748
0.72579265	0.8809254	-0.030436216
0.11464268	0.50623614	0.13165516
0.59673744	0.12353045	0.0069326162
0.6623507	0.9387032	0.030138517
0.58590835	0.78097975	0.35983923
0.19036502	0.80016994	0.5530969
0.5415421	0.89984083	-0.09152253
0.9609399	0.8467074	-0.07393555
0.30031347	0.35494298	0.5585557
0.11006862	0.36902857	-0.22926511
0.09708744	0.5247075	0.11428906
0.97494227	0.31408387	0.14552134
0.68369746	0.63430655	0.3871025
0.084876835	0.9674288	0.6159462
0.075809956	0.099357486	-0.22366644
0.711623	0.3531683	-0.044089552
0.23015559	0.63076586	0.50405526
0.25671464	0.9060263	0.6788058
0.7762466	0.7656848	0.029981581
0.38846666	0.9993972	-0.41741562
0.28806657	0.747213	0.4421252
0.7903814	0.21685839	-0.45034897
0.37829757	0.060355663	-0.32022324
0.8087201	0.37015122	-0.59340864
0.89412403	0.23475176	0.22768635
0.89816254	0.21283072	0.21741024
0.32161295	0.5021833	0.26915616
0.7492803	0.48869592	-0.243007
0.7160739	0.4171896	0.060179025
0.5514489	0.88934326	-0.037044123
0.88778585	0.38482338	0.2748494
0.3369726	0.60849935	0.19687413
0.784178	0.96029156	0.37091452
0.7394175	0.40953118	-0.20260453
0.9182052	0.042575	0.15401913
0.57675296	0.79870033	0.26333788
0.31053603	0.43964362	0.4267425
0.43637192	0.19369727	-0.59752893
0.8913139	0.6967391	0.9554692
0.775239	0.30289394	-0.5273781
0.3841043	0.51730436	-0.24978228
0.33977544	0.2065407	0.27786145
0.96838003	0.34608966	0.15606906
0.27207094	0.87437373	0.5902363
0.18291491	0.401991	0.120180234
0.54339015	0.8430344	-0.18424198
0.7153694	0.17911327	-0.2683157
0.38783002	0.20168132	-0.5994841
0.24954307	0.2917807	0.5785274
0.962605	0.54982686	-0.06917704
0.09821087	0.15243	-0.3666589
0.5555402	0.31745708	0.18763939
0.066870034	0.54933506	0.32027856
0.86888313	0.074748814	0.12943998
0.61955684	0.7650396	0.4705868
0.75480783	0.70457023	-0.08130476
0.23270178	0.95901245	0.60572416
0.18701118	0.56051886	0.28614122
0.06382942	0.41583115	-0.08710218
0.62475973	0.06425583	-0.46144488
0.8240878	0.15188795	-0.2722418
0.80369455	0.13148391	-0.29047745
0.5523693	0.58070374	-0.0048596784
0.6995255	0.06440377	-0.4294276
0.028132498	0.8753145	0.37815192
0.62339485	0.80801755	0.4739032
0.66856086	0.436949	0.24007177
0.48215425	0.4033414	-0.43180415
0.31791347	0.10468483	0.72619885
0.14453423	0.05590266	-0.18246731
0.44895917	0.7452866	-0.7235303
0.43181658	0.1148783	-0.5115024
0.38703048	0.40361083	-0.39128768
0.0894019	0.47410524	0.046595782
0.11960393	0.3708495	-0.29021555
0.8574938	0.037422	0.05249975
0.9149645	0.9365244	1.0265393
0.7928374	0.9890616	0.6064723
0.64645416	0.21430057	-0.45645925
0.48692298	0.06697732	0.57646936
0.25854385	0.6315128	0.47907674
0.32270682	0.97559893	0.016322318
0.37538022	0.5536657	-0.17291674
0.57590634	0.99210554	0.47360796
0.16487372	0.6178423	0.41351873
0.46354282	0.08953524	0.08479429
0.42961478	0.08707577	-0.46823046
0.70836514	0.33765632	-0.033085514
0.5794711	0.32075542	0.12025326
0.40387726	0.17105049	-0.6650739
0.72872186	0.9216634	-0.08236253
0.72107285	0.341582	-0.07861463
0.070884526	0.62689966	0.48634002
0.8390023	0.82313126	0.79665446
0.08556712	0.49119675	0.055423632
0.5767303	0.4111414	0.12747496
0.6708558	0.55138665	0.42223755
0.90426886	0.32430482	0.37050566
0.24847877	0.13865942	0.74513215
0.16327429	0.3391121	-0.20082927
0.44385618	0.50585407	-0.64321625
0.64015406	0.4139899	0.044345096
0.6598363	0.20407307	-0.29595074
0.2157883	0.8762119	0.5654008
0.6037953	0.04182619	-0.09739695
0.3567999	0.4368372	0.0025229864
0.29711473	0.009222329	1.1342304
0.9042576	0.36318052	0.38056388
0.16770697	0.5664947	0.261105
0.34726387	0.5436529	0.044340633
0.28031737	0.7883914	0.46750957
0.37445408	0.73067796	-0.15614013
0.91694564	0.5156864	0.61933386
0.3034804	0.0430969	0.98084563
0.16657001	0.81426215	0.54187876
0.028538108	0.5365961	0.15537332
0.9541522	0.55717623	0.16595519
0.26535547	0.3097484	0.6652618
0.83048564	0.028594434	-0.01761686
0.6494949	0.5382324	0.40152895
0.34782326	0.26638877	0.11912651
0.99891335	0.94189847	-1.7044098
0.23717213	0.73228043	0.59233946
0.7269642	0.43415654	-0.06364752
0.47576272	0.5201064	-0.6225511
0.7812265	0.44244528	-0.6034913
0.8528088	0.8552541	1.046988
0.45649683	0.7602102	-0.81706876
0.39199454	0.7262804	-0.29469776
0.6297251	0.0041098595	-0.50203705
0.94814545	0.48715568	0.2936236
0.69428617	0.03883636	-0.4411987
0.22259033	0.028856814	0.5130382
0.2205705	0.8156559	0.6305267
0.49662495	0.4995659	-0.43550864
0.8627267	0.69430614	0.5731132
0.701623	0.5498159	0.26034948
0.7742629	0.15335727	-0.3637877
0.602679	0.4925226	0.21999234
0.30932373	0.6906098	0.32470265
0.79544276	0.36914974	-0.6442373
0.47013682	0.1966905	-0.16772231
0.7645616	0.0205701	-0.14471865
0.13182431	0.0929721	-0.36680084
0.7289745	0.4961347	0.032568816
0.7670854	0.6975951	-0.1266227
0.0029195547	0.12513983	-0.359455
0.51810634	0.71813226	-0.5007708
0.23953235	0.38318056	0.42691466
0.10848796	0.8985906	0.5539225
0.9375925	0.06002325	0.23403619
0.36542398	0.80467194	-0.14044994
0.28334624	0.6575738	0.46017763
0.26467806	0.8830846	0.60213256
0.5209064	0.9996282	-0.18321827
0.48199666	0.97004217	-0.61432254
0.7089585	0.8075895	0.15393013
0.049996555	0.4365484	0.05073458
0.627738	0.18365645	-0.40209624
0.085038185	0.45207477	-0.101687625
0.50784993	0.22096598	0.26741123
0.043953776	0.50094634	0.13968252
0.98635834	0.032617033	0.49512494
0.15141273	0.6566254	0.42623588
0.4449402	0.8359665	-0.7248126
0.8321497	0.5272673	-0.3249539
0.15354896	0.2770558	-0.30043647
0.16298449	0.80943584	0.46038193
0.6881229	0.6630273	0.3648088
0.880756	0.10607779	0.09457006
0.028360426	0.7517795	0.41107318
0.9927675	0.21558046	0.22533275
0.49148268	0.29682708	-0.06555439
0.53177816	0.769955	-0.4117379
0.84612364	0.9937607	1.2370195
0.08047557	0.026932359	-0.0779194
0.89312506	0.9825784	1.2233391
0.8279446	0.62162256	-0.12974103
0.63287234	0.89918464	0.38938206
0.14094937	0.05100131	-0.21853296
0.37789702	0.2533216	-0.36271158
0.38399523	0.8588644	-0.30731872
0.48337412	0.98796314	-0.5802131
0.036125243	0.7129013	0.44335634
0.20664662	0.70956546	0.56661946
0.18267447	0.20188719	-0.050475262
0.20635784	0.18419474	0.19365886
0.40383464	0.32253128	-0.6873942
0.06807488	0.095374584	-0.22507763
0.29272854	0.16926777	0.9021785
0.061183512	0.4757142	0.073463514
0.10166985	0.12557364	-0.3816586
0.40217084	0.047086358	-0.55376285
0.44955057	0.75392157	-0.7306859
0.09480518	0.5529269	0.27096328
0.17906594	0.65626955	0.43720034
0.70525336	0.4614159	0.16245392
0.6014262	0.45726252	0.15416798
0.46501184	0.15078998	-0.10965567
0.3880366	0.44068992	-0.40759304
0.7982629	0.9516797	0.6032597
0.9557169	0.92688894	-0.0035557859
0.819615	0.41263032	-0.5735725
0.3895312	0.76831037	-0.2955551
0.70126224	0.8650248	0.050978556
0.88470036	0.65569234	0.72720075
0.023270607	0.94025314	0.34165597
0.47908574	0.63434774	-0.74073935
0.39214414	0.5838655	-0.2557356
0.37198555	0.63571525	-0.11382971
0.6433861	0.009825945	-0.6363631
0.9414922	0.49254447	0.44838694
0.09492797	0.25709903	-0.44922447
0.8320317	0.3952781	-0.49973112
0.3067168	0.4187649	0.44017392
0.07243115	0.43434018	-0.10448407
0.43998718	0.24229646	-0.64560884
0.49198985	0.9092483	-0.7401009
0.6339297	0.7189212	0.46087277
0.43508238	0.0033417344	-0.12416395
0.8239065	0.5258742	-0.48231232
0.40857995	0.7077879	-0.38289616
0.6391794	0.76982963	0.46209422
0.8608797	0.2222811	-0.0525563
0.3216974	0.76133746	0.17200057
0.5008908	0.06492007	0.77185035
0.12445265	0.40159452	-0.12526524
0.15454221	0.52323294	0.18026695
0.22182715	0.3732338	0.32759112
0.2228275	0.9809289	0.66232145
0.15303057	0.5489852	0.23496531
0.14611745	0.60396457	0.34982902
0.75555676	0.17274016	-0.41836193
0.2828321	0.030880392	1.0802588
0.28299904	0.99063325	0.5024406
0.8021941	0.39387095	-0.59911054
0.5498492	0.6707689	-0.14984721
0.65650094	0.64811575	0.43508175
0.9240693	0.2560681	0.53814465
0.40808636	0.4509585	-0.5468386
0.27422452	0.27418655	0.6802133
0.009259462	0.9228216	0.11669519
0.168383	0.035901308	-0.08037075
0.4627167	0.37100047	-0.5526433
0.07165128	0.861295	0.6642025
0.9380789	0.1915273	0.43882933
0.6267494	0.30962265	-0.18392216
0.7374781	0.90678513	-0.059322536
0.69091535	0.5234872	0.30105972
0.8252808	0.055336	-0.019805262
0.39632213	0.4399736	-0.42514262
0.5826117	0.054094553	0.34100983
0.9324568	0.82539046	0.79118973
0.11264783	0.52330834	0.17176574
0.142838	0.02551639	-0.23644133
0.6894663	0.8823267	0.012263119
0.1758905	0.506342	0.25895733
0.7879931	0.8608219	0.33791718
0.9691791	0.6657185	-0.39891487
0.6262168	0.43543595	0.14999817
0.3298639	0.21856189	0.42208585
0.020211399	0.16504973	-0.23247372
0.9640765	0.6535639	-0.17962752
0.9214048	0.07390422	0.22069992
0.22259331	0.9430441	0.62748003
0.6840493	0.15423816	-0.37507665
0.12803721	0.084438264	-0.3198144
0.8628092	0.5545763	0.1321535
0.38743818	0.64418304	-0.21358636
0.9147311	0.18629366	0.31634954
0.64160275	0.1638884	-0.50689715
0.81509644	0.16367483	-0.35601285
0.06972402	0.80951655	0.71211845
0.20641065	0.26150823	0.14631084
0.49215645	0.14591396	0.34300706
0.5083869	0.8467523	-0.6542555
0.028251767	0.7193129	0.3558966
0.38773566	0.9090775	-0.40530497
0.56211346	0.39024466	0.1442792
0.6878068	0.60649467	0.37533915
0.15191388	0.043929696	-0.19509166
0.26653653	0.09027326	1.0159482
0.20336938	0.96245825	0.517524
0.5239703	0.41026044	-0.047234163
0.8021137	0.8538315	0.44231805
0.6320995	0.042177975	-0.5378736
0.88311344	0.8055302	1.1371621
0.24250919	0.964124	0.67932004
0.2373665	0.79035676	0.6643933
0.6242077	0.5399616	0.2942896
0.19905591	0.76126105	0.49496672
0.93806785	0.7033624	0.62496406
0.6839447	0.36120373	0.061713133
0.29615784	0.053848505	1.0194813
0.37669152	0.19245315	-0.39196777
0.46721774	0.56757295	-0.7167481
0.425066	0.15842688	-0.662121
0.2698444	0.8906034	0.60466176
0.7206728	0.91491926	-0.13308555
0.30351084	0.13127154	0.85121304
0.04331577	0.37810576	-0.04837851
0.82584786	0.2936054	-0.4331173
0.06642699	0.8071077	0.63823235
0.8246493	0.4790231	-0.50426924
0.469696	0.004203379	0.56987983
0.05627805	0.9713688	0.5632738
0.22300673	0.005239129	0.5502286
0.25980377	0.099754274	0.8611848
0.53072155	0.4524141	-0.063656464
0.8388344	0.09910941	-0.09118998
0.33479512	0.0062476993	0.60734314
0.7306573	0.8810892	-0.026893187
0.82324874	0.5902894	-0.25598302
0.6631885	0.80021924	0.33629334
0.16818458	0.8913367	0.4340861
0.41299838	0.83256257	-0.5368621
0.42969465	0.65335166	-0.58948547
0.8955305	0.6369772	0.7443913
0.109418154	0.5169989	0.199505
0.0207237	0.92241704	0.27110443
0.9269589	0.22225499	0.48839578
0.47698903	0.10542524	0.26905397
0.04057479	0.9572891	0.45725814
0.20617038	0.7411847	0.556044
0.04636711	0.46964198	0.08955266
0.291979	0.23013669	0.76313007
0.31782186	0.07698345	0.78294593
0.19596207	0.8303853	0.58982736
0.48661536	0.6044462	-0.6308521
0.9769678	0.694258	-0.7411178
0.1027298	0.7868144	0.6298976
0.22160733	0.71392685	0.5436041
0.30970132	0.5279481	0.35649523
0.20916408	0.8515592	0.57869184
0.32358646	0.88026696	0.14850871
0.20644814	0.7642736	0.5580289
0.14252526	0.28522968	-0.3329296
0.84775853	0.7092631	0.48482162
0.3662166	0.63942266	-0.06399271
0.853345	0.1888935	-0.09051059
0.66397285	0.55753744	0.39676356
0.40692133	0.7125608	-0.43222317
0.82308644	0.31206965	-0.4538496
0.30122668	0.5869887	0.3751842
0.23219758	0.36656225	0.36973158
0.8411121	0.12491214	-0.15181693
0.11504406	0.21807146	-0.43170542
0.21877527	0.35043573	0.36398637
0.4769361	0.8718615	-0.7983634
0.48514032	0.7432404	-0.8274511
0.7319893	0.42465556	-0.13525453
0.85166967	0.38961345	-0.2681859
0.7774134	0.115202725	-0.3277935
0.024531484	0.67607075	0.30703673
0.71087664	0.6451266	0.3110574
0.33691686	0.14039856	0.35434157
0.9749181	0.019050121	0.415391
0.8293623	0.7454601	0.4015704
0.9377687	0.90853786	0.64946085
0.85910237	0.08590382	0.020455645
0.24779183	0.2920357	0.55975324
0.7545616	0.76898664	-0.003938731
0.93234915	0.10861403	0.35749564
0.48674732	0.812966	-0.8579005
0.8232284	0.6674351	-0.028804453
0.06149584	0.006526351	0.028489452
0.392825	0.5974468	-0.32232955
0.67198414	0.28902727	-0.13179046
0.172535	0.65714675	0.4590866
0.22598559	0.6324778	0.5162752
0.8409312	0.77091944	0.6056425
0.1518659	0.8056162	0.53521943
0.2011407	0.60884655	0.4428567
0.22401738	0.6069195	0.45918363
0.95655334	0.21274263	0.36617604
0.6964391	0.4727022	0.21809326
0.45176846	0.67306006	-0.7074181
0.5255051	0.26524	0.302616
0.24343789	0.002727747	0.7874493
0.38608807	0.4201182	-0.42811486
0.954933	0.52315056	0.1703078
0.1039049	0.36680317	-0.32679927
0.900635	0.5584836	0.6281324
0.2495352	0.9583312	0.6853951
0.9233083	0.5971048	0.66893333
0.059454262	0.93494153	0.59010637
0.9371194	0.8555631	0.72049236
0.5125062	0.79876906	-0.61393565
0.6534921	0.16572022	-0.5327108
0.33587486	0.26905084	0.22065848
0.30817062	0.69051224	0.29297212
0.33455443	0.41374856	0.17273293
0.76976246	0.46109515	-0.5155984
0.40168482	0.4401126	-0.5361829
0.17958677	0.22256255	-0.03977968
0.089441836	0.5569889	0.30861983
0.6337581	0.46605337	0.22919385
0.94984174	0.6284043	0.2584164
0.3167029	0.66414875	0.27392367
0.7487922	0.68514466	-0.075858526
0.15212059	0.6809056	0.46091053
0.38956684	0.20297974	-0.5661983
0.73339283	0.30802613	-0.20765656
0.8491677	0.1478737	-0.1748366
0.44582838	0.4918295	-0.6766508
0.086961746	0.8953192	0.6445941
0.3266313	0.23981684	0.46729326
0.8874718	0.34040165	0.20700727
0.017960906	0.4044009	-0.121000126
0.16975266	0.25572842	-0.12358047
0.7827416	0.59311646	-0.37425852
0.38702124	0.3072943	-0.47884762
0.9139617	0.9627538	1.0373305
0.7343596	0.18477857	-0.2838881
0.054694116	0.72929066	0.588489
0.17311537	0.039459407	-0.049069345
0.4568479	0.16818553	-0.33767602
0.51120853	0.32305992	0.07355277
0.5890011	0.4975587	0.12978508
0.4477936	0.7729725	-0.7160024
0.4514724	0.14161485	-0.37262753
0.9958165	0.6568573	-1.4505842
0.25139606	0.6472907	0.5051127
0.44885695	0.5203683	-0.6772734
0.74750173	0.7785009	0.043295752
0.42688757	0.621618	-0.61700714
0.8718454	0.9111239	1.308776
0.82306635	0.6643306	-0.011145204
0.697943	0.11297536	-0.39584884
0.053668678	0.23271966	-0.25396776
0.8368969	0.5287394	-0.26620883
0.15032226	0.07833177	-0.2688187
0.44939184	0.50064594	-0.6899937
0.45405328	0.74384815	-0.80380595
0.41462386	0.7199894	-0.49555153
0.14305282	0.21450943	-0.36075467
0.68109614	0.13906443	-0.44118118
0.14214778	0.66753113	0.43330655
0.51184696	0.015638947	1.1593422
0.116853535	0.37852186	-0.26556894
0.42222935	0.13477081	-0.6047124
0.3839342	0.010530829	-0.3565341
0.33062732	0.61259085	0.17597067
0.068909824	0.17086726	-0.3462815
0.9895932	0.53675884	-0.9857904
0.21809924	0.736315	0.53012913
0.91148376	0.7451521	0.9529196
0.20655698	0.055816233	0.2548635
0.8669703	0.8204201	1.0652065
0.85609025	0.51285774	-0.05254346
0.28718835	0.2804442	0.69854367
0.58560544	0.09985441	0.13856971
0.9058763	0.46419603	0.46367118
0.9191935	0.7080951	0.89811975
0.5679175	0.35229874	0.115569115
0.13411605	0.09071046	-0.32347038
0.7972176	0.13088614	-0.35654193
0.8130769	0.47616762	-0.5547448
0.63426024	0.91498274	0.271707
0.2562592	0.05313462	0.9333042
0.873107	0.07983434	0.113661654
0.17448503	0.11142504	-0.08804471
0.4530933	0.6290042	-0.7200506
0.31623065	0.8874173	0.14953412
0.028190434	0.41346514	-0.042782664
0.5149457	0.30192024	0.15282671
0.31177276	0.72379553	0.29092374
0.25375766	0.1218524	0.83135563
0.39506495	0.8364777	-0.33639675
0.094617546	0.63449377	0.41446906
0.8192777	0.92191285	0.8193785
0.05834794	0.66266114	0.5229204
0.46116662	0.80912024	-0.8038561
0.27589875	0.27172637	0.7671857
0.28880405	0.3550495	0.54510176
0.6121674	0.011392474	-0.24300584
0.51867956	0.4180798	-0.10191738
0.6107115	0.88252103	0.45379534
0.6652311	0.5653147	0.4188772
0.60123396	0.32018065	-0.023780378
0.22568357	0.55726516	0.46825877
0.91725576	0.021487892	0.183623
0.15111494	0.48286623	0.06630475
0.60699636	0.42816746	0.08468102
0.73511946	0.53045607	-0.046431113
0.74260056	0.84785384	0.076371565
0.9284354	0.0044668913	0.12781098
0.97698456	0.51859295	-0.45904124
0.76264423	0.34558928	-0.46108538
0.9698761	0.017260492	0.3273123
0.233738	0.48699915	0.42742723
0.17306	0.69007075	0.47842938
0.84437776	0.6792386	0.24238354
0.11988568	0.037106514	-0.2427599
0.967806	0.8499295	-0.3547437
0.35126483	0.59467417	0.08018954
0.9378249	0.41626132	0.41477907
0.89668083	0.21705204	0.26330408
0.7398377	0.5329549	-0.12488505
0.9506882	0.10177213	0.40776008
0.5084652	0.16569668	0.54362655
0.43138433	0.46370572	-0.6442051
0.95319945	0.5451825	0.16677712
0.81518227	0.19501323	-0.36210907
0.2389707	0.20364314	0.5722609
0.19908583	0.9732127	0.4611979
0.07044572	0.07544583	-0.21596462
0.37083066	0.39890987	-0.2587831
0.40840214	0.07342303	-0.55267847
0.5263387	0.5229509	-0.25619167
0.7919246	0.24336892	-0.48502073
0.4503774	0.42321187	-0.6362093
0.8565755	0.7826822	0.9017646
0.67187047	0.6752465	0.41029713
0.37669283	0.30426413	-0.3109143
0.33205682	0.25812507	0.30935797
0.2644595	0.74054897	0.5075436
0.29941845	0.9745548	0.3218982
0.2971958	0.3807943	0.56484324
0.65051883	0.7144059	0.514296
0.6944948	0.9461234	-0.2121464
0.5493663	0.8055498	-0.10824109
0.367213	0.0054400563	-0.053377658
0.6480411	0.92570084	0.14581847
0.9625428	0.58025455	-0.10644872
0.7250494	0.9983591	-0.22608384
0.012165487	0.66492635	0.24181443
0.5885	0.6695504	0.27801514
0.383236	0.4646657	-0.29517576
0.4269519	0.61820453	-0.61680853
0.11675036	0.6344367	0.45670477
0.94030035	0.35355628	0.41162708
0.05287355	0.44153446	0.07535656
0.98144656	0.9674005	-0.91563517
0.10809034	0.44120806	-0.12079484
0.1366589	0.19374466	-0.3727358
0.7385491	0.027467608	-0.28316176
0.90746015	0.7873101	1.0953677
0.01785183	0.8997843	0.24765176
0.9526384	0.90480363	0.18772943
0.7324441	0.24475211	-0.27824724
0.5660166	0.9880826	0.3313661
0.28397495	0.7183858	0.4885285
0.19278967	0.75281763	0.5325838
0.115130246	0.6596785	0.44519225
0.8629892	0.7313778	0.71875906
0.6907017	0.82326186	0.10154552
0.9750402	0.14865094	0.41524848
0.25783116	0.4104048	0.5053747
0.5249592	0.7598396	-0.4547031
0.33745146	0.91542804	-0.04331858
0.6671538	0.58926255	0.4082637
0.33745748	0.079086065	0.4182331
0.9971423	0.44132662	-0.85967165
0.49544537	0.5637739	-0.47492093
0.7385193	0.41351396	-0.15751415
0.5333703	0.41629666	0.0042086337
0.37949502	0.9126406	-0.30838907
0.101114094	0.08437604	-0.31737357
0.37343603	0.74667984	-0.19556858
0.50032026	0.20504546	0.25984067
0.3247804	0.07953197	0.68512744
0.3653702	0.7910409	-0.15428086
0.83102626	0.4367432	-0.4437456
0.44264048	0.43591487	-0.6498296
0.963965	0.28084242	0.32141215
0.5108213	0.74673325	-0.6251793
0.037937045	0.4606859	0.06695725
0.65902114	0.9091883	0.18929124
0.84412265	0.56084234	-0.11107692
0.34422302	0.85402197	-0.031819604
0.98265874	0.83458924	-0.9971152
0.35903853	0.70859337	-0.049742244
0.58901983	0.5537724	0.1999426
0.12819695	0.3058433	-0.38441315
0.9637043	0.5436466	-0.10902867
0.569852	0.58860576	0.104503505
0.13134664	0.578365	0.26927263
0.073542595	0.6692588	0.5717566
0.64288646	0.174398	-0.41307583
0.0010284781	0.8968372	0.049173683
0.36980754	0.53950876	-0.10147829
0.89759666	0.77009976	1.0529096
0.43982232	0.15075576	-0.5126217
0.2038536	0.61354285	0.43286508
0.23312944	0.75205976	0.6289316
0.07407552	0.11159092	-0.21583058
0.08827889	0.021889389	-0.117078915
0.45683908	0.15640938	-0.25933233
0.3503257	0.33073747	0.068032764
0.15302801	0.2370289	-0.31253532
0.8749302	0.22561961	0.01538324
0.017712057	0.19129014	-0.29386076
0.532108	0.5449399	-0.22668272
0.6904074	0.7736493	0.2558038
0.2820062	0.78025776	0.5000714
0.82470495	0.50250506	-0.3781612
0.014122844	0.28389537	-0.27804488
0.94014746	0.8722214	0.6011276
0.6339527	0.17332894	-0.4640893
0.29714948	0.5334062	0.47038782
0.15284562	0.9516038	0.36305204
0.11338633	0.80391574	0.61581045
0.118999004	0.04774815	-0.25292546
0.5378914	0.30352926	0.27541798
0.40241885	0.10280353	-0.60528314
0.027187228	0.059104204	-0.07961367
0.50137055	0.14707822	0.4770662
0.8437028	0.07936704	-0.033465203
0.2390827	0.03325522	0.7297514
0.097521305	0.8953643	0.61374354
0.48011053	0.60223955	-0.68207836
0.91361636	0.16855872	0.41107762
0.93671924	0.106781304	0.29792884
0.5768705	0.25878853	0.17102598
0.92453593	0.9999119	0.7657573
0.6138828	0.0911988	-0.34101906
0.05256331	0.4730518	0.06471182
0.4090814	0.06166345	-0.5886494
0.86838746	0.04993266	0.13111396
0.070641994	0.4183684	-0.073050536
0.63818455	0.74640685	0.44256824
0.47477436	0.42044508	-0.5410768
0.8712176	0.9773251	1.3424243
0.9759228	0.7880883	-0.707682
0.055702746	0.6962211	0.5501427
0.5828479	0.13720858	0.22650199
0.17756313	0.55926484	0.27988875
0.4801687	0.057492793	0.5271125
0.14745575	0.056336224	-0.20515443
0.21063286	0.21660978	0.19431026
0.74173033	0.63448703	-0.03549119
0.6830651	0.8198499	0.12664127
0.14206046	0.27377236	-0.35528252
0.7858762	0.74759936	0.037662998
0.29715115	0.4560144	0.4680838
0.9711308	0.6289495	-0.43927518
0.72011554	0.19882655	-0.29324612
0.040205777	0.25866783	-0.25004557
0.77845156	0.22508276	-0.50816596
0.22335553	0.10463357	0.4967515
0.2736014	0.24257976	0.73482585
0.5861283	0.2717741	0.08272722
0.9844473	0.50514215	-0.6605078
0.12479019	0.7197142	0.5413089
0.4560427	0.6788171	-0.78348416
0.54884636	0.8142126	-0.12356546
0.88764983	0.048246562	0.11312525
0.19459313	0.09966576	0.06479768
0.4949807	0.23527926	0.08704805
0.3600244	0.2988103	-0.17061609
0.6444795	0.15626895	-0.46342918
0.1577304	0.86917335	0.453635
0.8137105	0.08555418	-0.09166564
0.88227284	0.8268222	1.1463827
0.060717046	0.51000494	0.1702955
0.07280409	0.6535141	0.551024
0.77655005	0.5141245	-0.45111337
0.56320363	0.00681448	0.8297202
0.9260435	0.49043787	0.6025261
0.82010174	0.10530466	-0.172593
0.52964276	0.6871456	-0.3889304
0.28334397	0.8727505	0.46968135
0.4387495	0.022851706	-0.12709464
0.05859101	0.25070745	-0.29417616
0.2439276	0.8530178	0.6756749
0.44606173	0.2202084	-0.5450598
0.92531717	0.27977967	0.42826825
0.16248935	0.69009215	0.49350774
0.8677579	0.90331024	1.3011125
0.95626885	0.50758576	0.17569938
0.7097898	0.9717435	-0.22278696
0.042646885	0.9793701	0.43812054
0.094366014	0.8450299	0.6538225
0.7792412	0.6309896	-0.29124272
0.113227904	0.55350906	0.26991755
0.057068765	0.59620094	0.39652303
0.5923545	0.015734017	0.21776177
0.024865925	0.6086762	0.3087601
0.011997819	0.25408477	-0.2460131
0.18821508	0.40532416	0.100933224
0.674181	0.98848444	-0.15070072
0.96954256	0.5857032	-0.3940951
0.069191754	0.81202084	0.6092311
0.6385334	0.20012337	-0.42947584
0.9941382	0.8837183	-1.4598058
0.670205	0.7571645	0.27959403
0.11841279	0.6027169	0.36442596
0.5714288	0.22682339	0.16340363
0.2421748	0.20224404	0.59977
0.218364	0.35713392	0.24543321
0.5109823	0.94802904	-0.48024398
0.6267038	0.20788157	-0.35554665
0.7692991	0.30628264	-0.5325034
0.7842446	0.27263594	-0.5454441
0.015063882	0.21333092	-0.29583427
0.30881864	0.17172039	0.77741313
0.71690106	0.4559542	0.072934926
0.26291603	0.045891225	1.0139627
0.37212527	0.17457473	-0.26389903
0.9162571	0.12305647	0.30469736
0.67603505	0.08839005	-0.46440533
0.91179657	0.97349346	1.0166934
0.052510917	0.14561045	-0.2704353
0.6649211	0.79408675	0.32546222
0.06517297	0.08822799	-0.14488286
0.9968867	0.03295976	0.67646635
0.3774364	0.31434935	-0.37838072
0.19491106	0.70241195	0.49577078
0.47466177	0.4170094	-0.51720405
0.9870656	0.050758302	0.5022707
0.93101406	0.45152026	0.5431805
0.98844814	0.9326833	-1.2162075
0.48976415	0.6216072	-0.67892426
0.9663652	0.33443284	0.2333648
0.30369818	0.8425837	0.2757932
0.8374653	0.6726917	0.22022751
0.99406445	0.123066425	0.5414496
0.28972334	0.9319839	0.4210084
0.028813899	0.75651	0.3472766
0.5130211	0.43885744	-0.22116303
0.9497759	0.27253848	0.44237795
0.21523714	0.78558296	0.57238793
0.56743664	0.112246454	0.45670038
0.7380274	0.55749476	-0.043994665
0.057833433	0.9056982	0.61188585
0.38623828	0.8291751	-0.2867369
0.06914604	0.23295516	-0.2744084
0.5348679	0.516726	-0.1774036
0.67632544	0.70261186	0.35152358
0.00894618	0.29266077	-0.22475883
0.8936415	0.5326252	0.486769
0.40314418	0.27613246	-0.66451454
0.22507268	0.9553699	0.6422983
0.061951637	0.93970335	0.5588869
0.14197296	0.618738	0.37595913
0.43255526	0.09420651	-0.44643375
0.5115315	0.06707883	0.9342663
0.19954479	0.60006917	0.36526662
0.41893232	0.79510874	-0.5108656
0.7636525	0.030110419	-0.16387028
0.44740683	0.017715633	0.020130657
0.6343971	0.5000486	0.28610137
0.67026	0.02925533	-0.59349895
0.32043254	0.9291989	0.17237899
0.6605664	0.53291243	0.4185281
0.74670166	0.18191063	-0.3177988
0.62992513	0.84218764	0.39091963
0.341452	0.28375357	0.27785
0.7272183	0.31271064	-0.18152164
0.2940517	0.39542466	0.5384112
0.97684264	0.96173686	-0.74293303
0.6425681	0.68584085	0.45750138
0.85043603	0.81821793	0.8890096
0.12370622	0.22629797	-0.53491426
0.9500246	0.78712773	0.30760413
0.124028206	0.58392745	0.30536816
0.19781679	0.5734896	0.36061218
0.34976685	0.14753437	0.17500558
0.99444175	0.70412475	-1.5584615
0.64503646	0.008023381	-0.5800478
0.9875162	0.49170673	-0.7568552
0.1855911	0.61539	0.45182568
0.1773516	0.36899728	0.0068422183
0.9015559	0.555451	0.6453716
0.960375	0.21174598	0.4539342
0.6618935	0.16549063	-0.39974415
0.72496456	0.47337997	-0.03749602
0.89258	0.10944694	0.17107317
0.224648	0.4520887	0.31744063
0.35426897	0.30204272	-0.0009415038
0.056905508	0.005042255	0.13743998
0.9313838	0.5623361	0.58299387
0.79994893	0.2949223	-0.56704354
0.66493714	0.36678362	-0.010600515
0.77255136	0.7750038	0.021540951
0.9218593	0.87371284	0.9651542
0.45459527	0.6029714	-0.6852859
0.021958232	0.7512777	0.3408831
0.18951827	0.06494063	0.07033872
0.68436956	0.8451669	0.09087728
0.7513227	0.07376939	-0.31171593
0.7693689	0.72798777	-0.0071668103
0.39922708	0.35927474	-0.5622282
0.74074525	0.225075	-0.32966685
0.3870706	0.8595693	-0.2611464
0.7745942	0.24685699	-0.48959437
0.7265319	0.80555147	0.09127641
0.5056314	0.8800649	-0.6838112
0.5086923	0.8797571	-0.62698567
0.08014357	0.0065464973	-0.034993693
0.19325095	0.52095795	0.2618326
0.44697195	0.4493642	-0.6697078
0.72751766	0.033411145	-0.3064073
0.30341053	0.53332883	0.4368079
0.3141603	0.5589007	0.3148393
0.93784237	0.2985466	0.46043178
0.6959555	0.06434137	-0.40914726
0.91855484	0.33612	0.47125348
0.75854135	0.67644334	-0.064873844
0.4793439	0.7030233	-0.8070759
0.95027	0.9730203	0.1370274
0.20754862	0.4315037	0.21835296
0.10738826	0.7283415	0.54768044
0.8951392	0.39983398	0.324226
0.5221494	0.24541098	0.3265215
0.32421142	0.990625	0.004916467
0.9790986	0.93773824	-0.8376027
0.32285482	0.8851761	0.112307005
0.68695915	0.4040113	0.13853057
0.48588455	0.28969687	-0.09356384
0.15431613	0.7938789	0.47499642
0.41760194	0.6607199	-0.5219295
0.4724636	0.18926251	-0.05353208
0.7217442	0.47067696	0.026940513
0.3714007	0.343921	-0.26362565
0.9350609	0.34136283	0.46493515
0.7389864	0.85887235	0.03231428
0.11106384	0.2081837	-0.40517196
0.68174005	0.27053744	-0.20417748
0.98583406	0.920144	-1.113254
0.12636709	0.29995525	-0.41687506
0.85689396	0.6391302	0.2925508
0.061698616	0.8056663	0.62863874
0.2023167	0.30815643	0.09256716
0.34143984	0.80197954	0.05311617
0.015734076	0.26750302	-0.2917175
0.6589978	0.24155062	-0.2614727
0.6277051	0.13178444	-0.41850585
0.37756896	0.92769074	-0.26057035
0.742177	0.3888232	-0.24561064
0.6817182	0.6183787	0.385158
0.014713764	0.60266	0.16772656
0.5282233	0.39729828	-0.017633032
0.32842755	0.43953443	0.26576874
0.538586	0.34979427	0.13513438
0.6622369	0.38136524	0.068929516
0.82574415	0.4841522	-0.47102466
0.13857096	0.86401147	0.4857894
0.46714938	0.96038115	-0.6901081
0.9800103	0.40412533	-0.24840449
0.9254955	0.07596505	0.20586371
0.11252272	0.03586185	-0.22223628
0.22545832	0.20330656	0.38717407
0.73265606	0.91847646	-0.086712
0.58400524	0.46552444	0.11765364
0.66286147	0.08462095	-0.5399193
0.9979817	0.39262313	-0.6495192
0.173231	0.9481936	0.34634238
0.536556	0.9578117	-0.05192458
0.2880063	0.9501661	0.44286394
0.57694167	0.020755231	0.5338539
0.21177948	0.3156457	0.20901805
0.60614586	0.11855596	-0.20325795
0.21618617	0.2007066	0.33493245
0.44044602	0.27579623	-0.74146354
0.15470135	0.64807314	0.4632238
0.8835607	0.24401814	0.10930589
0.7885464	0.74928504	0.08409907
0.642336	0.10868472	-0.54283416
0.0073695183	0.19373357	-0.3573281
0.13013053	0.7780354	0.57252365
0.5049616	0.28172827	0.06079542
0.06265783	0.28215963	-0.28739288
0.8693708	0.3171556	0.026174676
0.7948154	0.5700542	-0.4653348
0.75605696	0.5947899	-0.17181277
0.503752	0.12107259	0.6447499
0.2216407	0.0033423305	0.44291866
0.79157114	0.40955216	-0.64031816
0.26805532	0.8655628	0.6052421
0.24401468	0.23682624	0.550639
0.7253875	0.0448215	-0.30347636
0.13435888	0.72018874	0.5105487
0.73235995	0.42266053	-0.09322029
0.3099277	0.8524096	0.24688767
0.73653316	0.41020113	-0.13485923
0.6713416	0.49507898	0.33056295
0.0516302	0.452905	0.06714773
0.25732696	0.24966317	0.6380564
0.64117897	0.6310756	0.4974355
0.35770375	0.6259792	0.050493903
0.9978449	0.2728578	-0.024107207
0.72079307	0.26449406	-0.23814708
0.5802705	0.48657525	0.15422925
0.9949378	0.8535314	-1.5056189
0.70228547	0.36229175	0.009546762
0.3538807	0.67952585	-0.038539525
0.48850942	0.03832841	0.7810743
0.40051317	0.37326896	-0.593215
0.22759318	0.5440184	0.4191966
0.3216542	0.27673608	0.39160895
0.3898148	0.8208278	-0.35602462
0.87253803	0.77049285	0.9879594
0.48095345	0.23686683	-0.084091
0.43360376	0.49957967	-0.68017614
0.058149576	0.30315	-0.17344424
0.22158527	0.06043923	0.4833905
0.323021	0.72134656	0.2538557
0.05016595	0.849189	0.55610317
0.69768256	0.639845	0.33007345
0.0071213245	0.7141844	0.15356687
0.041868985	0.07715416	-0.11383031
0.6623657	0.46832186	0.2529211
0.10746348	0.81772524	0.5874252
0.9134062	0.94245636	1.1001627
0.08702618	0.6431003	0.5079681
0.4509349	0.23546743	-0.4988
0.984868	0.542446	-0.7958311
0.5007283	0.05893618	0.8533691
0.74142224	0.9410241	-0.027306158
0.423402	0.109045684	-0.57745975
0.058135927	0.9412898	0.59690106
0.11377478	0.9884717	0.47075498
0.1468671	0.68210053	0.437012
0.6819914	0.74311364	0.27504146
0.62286705	0.6265746	0.43693143
0.793255	0.6512965	-0.19682933
0.018555045	0.64019233	0.22445674
0.46164906	0.734283	-0.8046903
0.20966297	0.9619056	0.5548092
0.9313992	0.58577126	0.5976585
0.00093358755	0.544243	-0.031698152
0.07740599	0.5442337	0.19210857
0.7909514	0.7449948	0.04707336
0.56759214	0.13352501	0.3676482
0.88674456	0.6040089	0.5839167
0.83107716	0.69467473	0.14695042
0.54507923	0.77491504	-0.19288398
0.55229855	0.32851237	0.20646001
0.16228712	0.58702594	0.33509275
0.9394281	0.21813029	0.3502499
0.49693733	0.3480323	-0.20131165
0.877919	0.24263388	0.049203932
0.43761832	0.7584513	-0.67362076
0.6988184	0.4364509	0.14812884
0.012074232	0.9974734	0.14336437
0.68984413	0.37055045	0.041874383
0.5263484	0.8862334	-0.32183456
0.5262121	0.69234365	-0.36746868
0.72992605	0.57206786	0.06382749
0.2657711	0.04333496	1.0914989
0.03884095	0.18373662	-0.1594553
0.9569454	0.8695612	0.036533546
0.78398544	0.40971428	-0.5860644
0.9399482	0.935714	0.53925323
0.5307738	0.38792372	0.08389452
0.2826169	0.038077712	1.1248063
0.971714	0.90030074	-0.5483055
0.79186785	0.47685945	-0.5571057
0.10175699	0.44026595	-0.096480235
0.3101682	0.32953227	0.55583596
0.5303977	0.16495246	0.62411493
0.23098451	0.19135022	0.45365912
0.7857145	0.84623015	0.29543245
0.6824657	0.75865734	0.33273587
0.64650077	0.27383423	-0.26947546
0.62354296	0.7652902	0.49395755
0.043614984	0.9257254	0.48875535
0.30679005	0.47518706	0.40023017
0.5776373	0.82735354	0.22694865
0.32936382	0.015729427	0.6836397
0.062380612	0.88109714	0.6661849
0.7637992	0.62046206	-0.18700998
0.9372187	0.3602367	0.4708418
0.5983264	0.720808	0.3423881
0.9508069	0.03058368	0.22574699
0.7250848	0.4276263	-0.016255384
0.16107559	0.1839472	-0.26575226
0.43383372	0.42265922	-0.72347695
0.5805696	0.7691234	0.27005643
0.1457473	0.2416169	-0.38117674
0.035896122	0.20990771	-0.24124007
0.8642466	0.5848604	0.25287697
0.04659748	0.93054295	0.47259158
0.31624407	0.1575036	0.73926055
0.8692943	0.01594919	0.0640113
0.94581366	0.6921963	0.43509188
0.13823396	0.23436576	-0.4204723
0.2086125	0.45300865	0.23345
0.40116447	0.44858468	-0.53442687
0.18161428	0.852449	0.46784428
0.44259006	0.043587327	-0.17831637
0.17687374	0.118181944	-0.105005436
0.95967025	0.046443403	0.28274468
0.6963408	0.6268375	0.3055994
0.858191	0.86400247	1.1347729
0.6794851	0.5340339	0.3595076
0.48094922	0.34197026	-0.2944536
0.9185883	0.24795097	0.36742586
0.8019252	0.9147929	0.6350509
0.109113574	0.67458594	0.533853
0.031586528	0.89773	0.4487147
0.1475671	0.53531086	0.20384037
0.37962317	0.2768337	-0.40799013
0.65725243	0.040694535	-0.61005825
0.8235805	0.334746	-0.4893384
0.7115023	0.49194127	0.161176
0.16560334	0.73526776	0.4879091
0.38058907	0.3903051	-0.33532852
0.11940169	0.9585755	0.44760522
0.2125994	0.8645807	0.5520486
0.85564107	0.6277079	0.26560798
0.14895648	0.49146962	0.08613101
0.35670352	0.6320366	-0.05835659
0.8419078	0.89010036	1.0252984
0.80110353	0.63625747	-0.29410827
0.20013541	0.040264487	0.21058252
0.006624341	0.010954797	-0.12738883
0.6897104	0.7887468	0.1648102
0.9325942	0.51454645	0.48177564
0.054049075	0.67968047	0.52326375
0.8913011	0.9056946	1.3191192
0.595939	0.062775016	0.06382497
0.9804104	0.1297121	0.47013456
0.46845877	0.13681561	0.024113651
0.20032042	0.703895	0.49718183
0.3726424	0.256527	-0.29042307
0.22541457	0.8175888	0.66981906
0.6658377	0.20441282	-0.28360972
0.3405295	0.8294506	0.025904005
0.7923251	0.8751944	0.4297044
0.118246794	0.66744405	0.5296642
0.5569032	0.030118525	0.87882465
0.48741347	0.8481702	-0.7902085
0.3060664	0.10419786	0.913491
0.78858954	0.7099885	-0.079877585
0.15699321	0.94348776	0.34748003
0.26604468	0.83127004	0.6270266
0.42630434	0.61347157	-0.59683686
0.2736727	0.7854218	0.5213602
0.48799008	0.050314903	0.65998805
0.45207238	0.32307172	-0.6121239
0.6343305	0.7398754	0.3959811
0.04611677	0.47350043	0.087472275
0.57893217	0.6345576	0.20672597
0.93627155	0.96741956	0.54826903
0.16994053	0.14555335	-0.16245669
0.65495765	0.39208275	0.081513084
0.033380866	0.12890989	-0.16130537
0.81048465	0.74850523	0.21926275
0.576432	0.6078197	0.18868722
0.17385334	0.3406049	-0.095195785
0.25159305	0.24479079	0.59551305
0.29810166	0.5600092	0.3885634
0.61532927	0.69331133	0.42482802
0.45835513	0.2279566	-0.3530901
0.122222185	0.17625064	-0.48960528
0.25241482	0.20936102	0.6621638
0.49540865	0.29471576	-0.099104494
0.6593282	0.21888518	-0.37735504
0.6785921	0.5020642	0.3492371
0.9658468	0.51066357	-0.14786717
0.2765442	0.9390342	0.5534134
0.15059906	0.8199305	0.4680175
0.26567036	0.38582826	0.55947435
0.4932251	0.9056077	-0.69199663
0.65053785	0.20684713	-0.39068228
0.98402697	0.794213	-1.0558766
0.7348683	0.31115204	-0.17023245
0.771102	0.13289672	-0.3923779
0.78149235	0.08362663	-0.26364675
0.48561436	0.31200087	-0.26105613
0.8586974	0.48542202	-0.039421827
0.98340946	0.7585149	-1.0143948
0.459472	0.66995233	-0.76016074
0.5294653	0.4842803	-0.15200083
0.7478192	0.5238213	-0.23414968
0.039557338	0.75673866	0.4439135
0.29261184	0.55426896	0.35729674
0.9796583	0.066145	0.47056592
0.18094116	0.4876917	0.22884
0.025061429	0.9708857	0.35066152
0.9786189	0.5512559	-0.6121884
0.59265536	0.283997	0.014205997
0.71984774	0.5011914	0.09533222
0.93292445	0.3586688	0.50432986
0.73534983	0.61490947	-0.019969024
0.0038632154	0.77155733	0.10942128
0.6787102	0.81434333	0.21149723
0.13474542	0.7972101	0.5257592
0.067576885	0.6627262	0.51629704
0.9947415	0.010132253	0.5908357
0.24716765	0.31223726	0.46700028
0.7053623	0.71767783	0.29029256
0.14491218	0.302774	-0.25671935
0.46097732	0.003089726	0.36021134
0.5383342	0.22581029	0.4383043
0.44722503	0.64168215	-0.69422334
0.019314945	0.50319546	0.1045437
0.38608223	0.8450197	-0.34750977
0.9533604	0.5659499	0.25443918
0.054376423	0.5230834	0.17892097
0.8461503	0.5400192	-0.12678503
0.26762748	0.9441802	0.6105049
0.930029	0.6447527	0.74598926
0.88462424	0.7872073	1.0930054
0.21001494	0.35775608	0.23507614
0.45202476	0.2845012	-0.5195892
0.7667658	0.2729197	-0.46749258
0.2782135	0.34879947	0.5777034
0.08596468	0.6875081	0.60368276
0.9980251	0.89189935	-1.6288884
0.99968284	0.4421497	-0.93526876
0.9334443	0.67180496	0.68594325
0.6838619	0.7630322	0.27794257
0.8710081	0.8611936	1.1872203
0.26582563	0.62558806	0.47349596
0.06326103	0.3692876	-0.1967758
0.0013563037	0.93297976	0.015186865
0.73169	0.31316417	-0.29616034
0.2590211	0.2903428	0.6294399
0.068951845	0.08035421	-0.16254798
0.28351754	0.6767484	0.4168248
0.7519835	0.9934819	0.046288926
0.5247652	0.118549526	0.74822927
0.048955083	0.45282435	0.062247835
0.55541646	0.29529434	0.27622843
0.95190096	0.8543913	0.22239202
0.6948525	0.75652796	0.33535284
0.5804638	0.45947933	0.10763711
0.116829574	0.0073639154	-0.11440332
0.2488594	0.925631	0.60536426
0.09832293	0.9579548	0.54584056
0.075316906	0.7761767	0.5789081
0.37019068	0.21514231	-0.33284515
0.1918419	0.50312793	0.2883436
0.47550797	0.5311654	-0.6545078
0.4107517	0.05127287	-0.5490598
0.88631374	0.24710679	0.18268642
0.38859648	0.950142	-0.4416427
0.2622748	0.94542587	0.63134235
0.24225283	0.005981207	0.79757917
0.11251277	0.1685571	-0.47100964
0.023132563	0.9250706	0.34923863
0.5408104	0.4296735	0.088345565
0.6697725	0.8920522	0.11693823
0.12174237	0.0936532	-0.31119284
0.28224045	0.2707941	0.7219907
0.52914184	0.04577452	1.0490968
0.6366304	0.7001315	0.48545757
0.92857045	0.4598266	0.4898128
0.519466	0.42581505	-0.14871326
0.52811456	0.46683705	-0.106941275
0.8059065	0.014736116	-0.09020853
0.43421644	0.48430097	-0.65274507
0.8333106	0.3971004	-0.50726026
0.03781414	0.72848463	0.46350196
0.6607352	0.86243355	0.23318598
0.6327783	0.10893816	-0.50855386
0.24030316	0.9113394	0.6774182
0.034048796	0.0725826	-0.05772897
0.024073899	0.8819505	0.24416271
0.9605972	0.38381582	0.18664782
0.5163666	0.204858	0.4384836
0.48515457	0.5769135	-0.6240848
0.67863286	0.3560136	-0.017104149
0.684917	0.69080037	0.3840293
0.5348184	0.29369444	0.276866
0.77731484	0.26425248	-0.49913257
0.47783822	0.02558881	0.60532606
0.1191203	0.6876976	0.5548896
0.20406115	0.25097072	0.21699789
0.6123152	0.85858256	0.39626813
0.5341744	0.057629824	1.0580647
0.21901482	0.17119884	0.35710734
0.2895496	0.06372267	1.0647563
0.47031283	0.35369837	-0.43740207
0.49232715	0.20534825	0.12648883
0.7400513	0.9989633	-0.11530724
0.47749388	0.0667004	0.4278034
0.15772116	0.9896972	0.27921686
0.68102634	0.08764154	-0.4564522
0.6583945	0.9775058	-0.002199456
0.8500914	0.8459416	1.0164164
0.35226595	0.13759029	0.061489582
0.29280317	0.660797	0.351064
0.89938986	0.29915595	0.34012932
0.21272022	0.5993903	0.3984031
0.96514773	0.6383259	-0.24394278
0.14059973	0.5560964	0.19054332
0.26416624	0.94837487	0.6207662
0.16156209	0.75638807	0.49390632
0.7571194	0.24806899	-0.36780733
0.35155565	0.5180627	0.032685876
0.6718875	0.0057264566	-0.57786715
0.99452245	0.66575325	-1.4579091
0.2331394	0.04942572	0.672111
0.14234024	0.28097332	-0.38153762
0.22954386	0.49176204	0.40343124
0.7896857	0.921393	0.46979663
0.44864267	0.7328121	-0.7732561
0.16274977	0.79467356	0.49283192
0.017889977	0.42663246	-0.018127128
0.69106483	0.06510091	-0.49736297
0.8998093	0.54159737	0.6200299
0.16590416	0.42864203	0.043683413
0.37425154	0.039770365	-0.2714369
0.5948528	0.48465323	0.17348823
0.76224107	0.02051711	-0.1672434
0.85388094	0.5569751	0.029963857
0.5222014	0.020338714	1.1826012
0.86778516	0.2575969	0.00042912364
0.73167336	0.24374396	-0.30145782
0.5101138	0.74965423	-0.6611593
0.82315797	0.31987274	-0.48966855
0.70414054	0.19980127	-0.2958941
0.4055212	0.62775743	-0.42050186
0.13156325	0.22184289	-0.4056284
0.14359444	0.8902473	0.43368
0.112407446	0.8958988	0.52272785
0.5468874	0.8346893	-0.13000691
0.48643798	0.47527444	-0.50803226
0.90748787	0.0129054785	0.10781866
0.8820715	0.017163634	0.11738384
0.1763258	0.42808396	0.08204671
0.5949068	0.84518224	0.35191593
0.8240322	0.9270946	0.9171055
0.7825556	0.13475293	-0.34713268
0.2408815	0.19984299	0.634907
0.72501665	0.49150538	-0.034480125
0.9217873	0.57838744	0.70410925
0.20562911	0.046581984	0.24924313
0.40496814	0.68297166	-0.41358408
0.3757664	0.07643974	-0.28082627
0.06320506	0.23275715	-0.28813007
0.12158704	0.43386364	-0.120696835
0.94004357	0.6614578	0.5223897
0.5707056	0.39803332	0.16019292
0.22746378	0.37355453	0.33219895
0.19966471	0.8222302	0.57345605
0.4943775	0.9213999	-0.7092339
0.42736816	0.39197612	-0.7210393
0.2987755	0.4908949	0.41304922
0.102956474	0.13544458	-0.369218
0.949107	0.81697357	0.27290502
0.589122	0.81735253	0.3830551
0.21067065	0.332968	0.24988478
0.947208	0.03095442	0.26077515
0.8825612	0.6666385	0.7411271
0.37196076	0.26244754	-0.27662253
0.416364	0.7544357	-0.51982385
0.8757283	0.08290392	0.12896173
0.43693775	0.20445967	-0.63987935
0.045776665	0.7348225	0.51297647
0.08747387	0.07433587	-0.26134342
0.8687031	0.080634475	0.07694169
0.09499884	0.71631706	0.5629311
0.6009647	0.90143925	0.4241215
0.07598841	0.43243957	-0.041974477
0.23900187	0.7130085	0.58463246
0.083565295	0.6669059	0.5532119
0.48001587	0.93541026	-0.7274568
0.35829908	0.72675395	-0.020801395
0.30623507	0.6140566	0.33546078
0.9616151	0.69627607	-0.09089576
0.5596107	0.23332626	0.33760646
0.9248282	0.31171358	0.49145353
0.5611461	0.5919034	0.026362566
0.37657702	0.9437489	-0.29899776
0.5928717	0.30803615	0.008557015
0.55156523	0.69684285	-0.1295641
0.49779123	0.7459537	-0.7795914
0.8405067	0.9099519	1.0276161
0.96775675	0.32396042	0.1654339
0.05073434	0.82669747	0.6078331
0.5969392	0.004634559	0.13380767
0.9361913	0.58363974	0.5626463
0.19192469	0.7394693	0.5309179
0.04265654	0.19483185	-0.2582877
0.67288387	0.20121157	-0.35084474
0.86040026	0.64838463	0.42881358
0.7247248	0.8425415	0.069847
0.87468565	0.09840566	0.055384032
0.8775918	0.47681135	0.18749005
0.46792537	0.08747184	0.17876408
0.51100254	0.94291383	-0.47822282
0.86149544	0.8705892	1.1423998
0.123976886	0.13444847	-0.4249274
0.5442314	0.7245939	-0.15880308
0.18710506	0.2891422	-0.05487381
0.015845954	0.46949285	-0.0146768205
0.9534411	0.4849227	0.22476844
0.32938474	0.6631146	0.13692887
0.49779046	0.23927683	0.10580072
0.7243434	0.9701926	-0.21155378
0.54321474	0.9898311	0.10965745
0.14017463	0.21073139	-0.39083302
0.12402624	0.12687051	-0.4078033
0.20352978	0.9993324	0.45163924
0.2631011	0.43824863	0.4801068
0.7596417	0.3989786	-0.4444882
0.8554784	0.88737386	1.1363847
0.5415306	0.075341225	0.9033042
0.087056994	0.11185175	-0.37730637
0.0634073	0.5098924	0.14931571
0.3005098	0.58299136	0.3386875
0.26890653	0.8571168	0.6084031
0.24246913	0.032882273	0.77218723
0.82574785	0.20615649	-0.36169428
0.7437538	0.7969691	0.08426924
0.6270325	0.5113185	0.24558955
0.19357783	0.5879715	0.40824002
0.24232334	0.4888355	0.48469302
0.87740797	0.33282137	0.077094905
0.8852184	0.12691545	0.122946054
0.6034288	0.995783	0.51817745
0.6976726	0.43611306	0.1665665
0.95787156	0.0836038	0.3643451
0.41344738	0.1204232	-0.6635322
0.6584279	0.76763844	0.41541782
0.53991157	0.41159004	0.0656255
0.6068158	0.074352026	-0.18078502
0.05713755	0.09529489	-0.13134894
0.10754049	0.89357775	0.5825778
0.7744126	0.09239411	-0.31349334
0.866073	0.9947354	1.3835471
0.2062254	0.7832868	0.5725097
0.91542417	0.23362583	0.4170275
0.30425137	0.33123058	0.53992677
0.8480091	0.024031878	0.09626099
0.3808303	0.9767549	-0.45338145
0.32267147	0.32090873	0.4537777
0.59019005	0.6074947	0.24850748
0.9952063	0.01671952	0.624729
0.1556462	0.759197	0.48500818
0.87113875	0.16899502	0.04096903
0.71459216	0.01974237	-0.30504954
0.65599215	0.621708	0.4592845
0.973881	0.3493507	0.049859222
0.11584604	0.7292367	0.5691238
0.12820607	0.31023657	-0.3974109
0.8856845	0.6910626	0.8329598
0.31118566	0.9871324	0.15264352
0.8211072	0.3989601	-0.5940141
0.68088293	0.8117464	0.2526277
0.86297584	0.95144635	1.3198059
0.5712722	0.35488397	0.18399641
0.16880327	0.9114678	0.41675156
0.726093	0.7319959	0.11053798
0.5964899	0.65699464	0.2811643
0.6669523	0.3412065	-0.01686488
0.20253116	0.0051901937	0.2658819
0.022902131	0.5886058	0.21429452
0.8164395	0.53408533	-0.46030506
0.4909073	0.4220838	-0.3602799
0.8294534	0.7880709	0.545587
0.9446002	0.8318068	0.42622432
0.020583093	0.09850395	-0.20859027
0.81686765	0.5481514	-0.41605747
0.31021947	0.13592649	0.8239495
0.278104	0.7697612	0.5115792
0.4953978	0.15581536	0.3996679
0.9706762	0.8214001	-0.49084622
0.60196537	0.071382105	-0.08926388
0.07101905	0.6435237	0.45980018
0.97176325	0.8689902	-0.59473014
0.086897016	0.8297499	0.72938114
0.97963554	0.4280848	-0.33005506
0.5629177	0.5233079	0.07904078
0.45293945	0.23593444	-0.49448675
0.5073407	0.090720296	0.8057515
0.21334481	0.48023117	0.32166734
0.20510852	0.48719084	0.2793557
0.45219368	0.2655573	-0.56759
0.9944318	0.28839767	-0.045222145
0.3358671	0.48359305	0.19990438
0.73560256	0.6622421	0.021563621
0.42631418	0.86795837	-0.68608975
0.41418082	0.6080172	-0.53375876
0.90666085	0.26360065	0.34790304
0.55636376	0.91634494	0.10817466
0.19584256	0.22003388	0.06268813
0.6744611	0.7844575	0.3093934
0.80081517	0.20406252	-0.4532368
0.24235964	0.81901306	0.6476465
0.99337906	0.96042717	-1.3844004
0.040493846	0.41259307	-0.020724067
0.89836097	0.15398562	0.25153825
0.7674139	0.68281704	-0.12912397
0.31228065	0.08646655	0.8655817
0.49101114	0.32470584	-0.186108
0.08762574	0.49966657	0.085508026
0.35197175	0.10043216	0.10970494
0.9152871	0.9800956	1.0323955
0.93439525	0.10722792	0.35484955
0.27726	0.46430987	0.47999597
0.46197295	0.55530196	-0.65904856
0.5896742	0.57289565	0.20702618
0.13800639	0.9838081	0.3306673
0.6864456	0.9572078	-0.18477899
0.854253	0.59398896	0.11345397
0.434502	0.6442197	-0.6761999
0.19187474	0.7481664	0.48740083
0.12364042	0.26140577	-0.44201627
0.73366845	0.153086	-0.2755806
0.0161587	0.515158	0.14603865
0.3414876	0.28715456	0.12840094
0.6572802	0.17538285	-0.4091962
0.020914078	0.8667129	0.28848296
0.67717683	0.335011	-0.013519458
0.14820665	0.011579514	-0.15464082
0.2957824	0.33505428	0.5997324
0.5113221	0.04192382	1.0267459
0.76006943	1.9848347e-05	-0.18690051
0.7082983	0.28205013	-0.09225526
0.36213082	0.7341538	-0.077880345
0.6496983	0.4122435	0.12357978
0.32009548	0.2750631	0.4921508
0.5272445	0.7860858	-0.5041061
0.6917861	0.8711334	0.030510891
0.47652113	0.0074130297	0.672827
0.25263727	0.7624047	0.5464977
0.7891164	0.30958015	-0.6183403
0.6994959	0.34006578	-0.025212301
0.097893775	0.060676157	-0.22223264
0.025896132	0.78922933	0.33556563
0.21086806	0.68969446	0.58219737
0.18966222	0.6964766	0.4752596
0.62370676	0.23754674	-0.33830124
0.2619666	0.39575773	0.5072177
0.73085374	0.4210304	-0.10012523
0.35654193	0.83000016	-0.068124115
0.34309393	0.5159278	0.09047754
0.9434504	0.1939472	0.40910628
0.21973312	0.02166754	0.49331653
0.72548735	0.69715154	0.19916458
0.20386827	0.6013707	0.44203964
0.2684275	0.60317814	0.48348892
0.7752026	0.5130841	-0.49579886
0.7309881	0.066898465	-0.3025701
0.63393533	0.78306985	0.42434272
0.21926218	0.97818184	0.5630313
0.60201794	0.5311804	0.20971464
0.31021357	0.53419644	0.3497983
0.30835795	0.8049774	0.2731099
0.7437087	0.9248432	-0.011237465
0.06592578	0.8050286	0.6602553
0.013409913	0.3089872	-0.29272726
0.16024429	0.3387336	-0.19071813
0.2882313	0.8307474	0.47651404
0.46679246	0.35728347	-0.5433219
0.6091613	0.28330374	-0.09331425
0.89877	0.79749155	1.1706189
0.6898894	0.092422605	-0.48875764
0.75749654	0.2636329	-0.43885875
0.22578919	0.4306876	0.39090204
0.19167906	0.10371262	0.084141076
0.7182601	0.50255114	0.10080614
0.9028302	0.66173106	0.91563874
0.6585757	0.01805085	-0.6893741
0.04235083	0.60379	0.37707853
0.6963628	0.95537525	-0.22929458
0.9709674	0.902096	-0.51973206
0.19570088	0.78138787	0.49657732
0.06861693	0.9395607	0.6212669
0.47702295	0.23938262	-0.17968796
0.08234233	0.5346345	0.10801619
0.38753748	0.114343345	-0.46041217
0.83678687	0.92489505	1.089057
0.6292241	0.46455473	0.18517438
0.31639755	0.15827382	0.7481967
0.75738144	0.60744005	-0.21321662
0.7923526	0.8617265	0.37196723
0.087867975	0.77644086	0.6547286
0.34360045	0.88654697	-0.036359645
0.35542417	0.9616582	-0.2389334
0.994178	0.8181758	-1.526308
0.4369387	0.08715528	-0.34925604
0.5396715	0.32959598	0.18308246
0.4013865	0.5599757	-0.4506032
0.43429875	0.48704565	-0.66305524
0.89068234	0.7350901	1.0238373
0.090797424	0.09799665	-0.33481365
0.79182816	0.5739571	-0.38142723
0.024164915	0.8291277	0.40431648
0.7383898	0.6335139	0.050323077
0.6143827	0.047799945	-0.29639453
0.43409538	0.081649184	-0.4179689
0.95989174	0.4741934	0.08324279
0.898069	0.1807676	0.22754492
0.25806147	0.76021034	0.5950537
0.5994127	0.48333526	0.20077875
0.55799204	0.6888934	-0.027186977
0.99936336	0.2812109	-0.09470089
0.20084739	0.36180818	0.1340404
0.16016644	0.12235254	-0.24507028
0.20309311	0.92701787	0.543716
0.39780515	0.21341193	-0.71442246
0.12915546	0.39351583	-0.15428144
0.40054905	0.8428088	-0.42547402
0.69019806	0.9770538	-0.2725795
0.059746444	0.17618686	-0.28502002
0.58835125	0.86956555	0.36771947
0.015762925	0.17986953	-0.27883205
0.48450947	0.26183826	-0.1298074
0.90667695	0.1257925	0.21764435
0.9811755	0.1297254	0.46460515
0.59949774	0.27882004	-0.09344129
0.23002619	0.79917055	0.6261157
0.70373654	0.4467818	0.14654846
0.09596634	0.6176813	0.36754897
0.51339	0.8664458	-0.60088164
0.5494663	0.7918882	-0.1263992
0.14489812	0.33095407	-0.30309755
0.91013885	0.10852361	0.23271516
0.15376687	0.5834533	0.31616202
0.7389086	0.08924627	-0.30072016
0.1358146	0.19799489	-0.465482
0.3491426	0.9147883	-0.15950985
0.9696848	0.7552711	-0.49254742
0.46152443	0.52383876	-0.65018225
0.66749394	0.042107344	-0.5425852
0.7222654	0.80189514	0.012553971
0.680976	0.8399895	0.13065207
0.29948163	0.62949455	0.36903292
0.10119581	0.05927539	-0.2201419
0.95158285	0.82383704	0.2350926
0.19384295	0.061751723	0.13154022
0.90958965	0.39055496	0.4102643
0.05968064	0.2826416	-0.22536618
0.9425153	0.22473907	0.46589923
0.14541936	0.04342532	-0.19143647
0.33320272	0.11807966	0.5159309
0.48399472	0.2751599	-0.18608005
0.4635375	0.04045677	0.26006794
0.6092434	0.18958348	-0.2463214
0.008100867	0.09526986	-0.3060547
0.75433713	0.7344857	-0.08146794
0.89430416	0.51171786	0.44603342
0.66902196	0.37384337	0.041848563
0.19585437	0.73755366	0.5054889
0.40824062	0.16354787	-0.7074528
0.70203525	0.9337843	-0.17867318
0.24275357	0.8361603	0.64233756
0.11466181	0.02648127	-0.20257954
0.6562571	0.9000852	0.18468872
0.9318405	0.07064664	0.2922695
0.36718988	0.098760664	-0.14463614
0.696022	0.04860288	-0.3948272
0.8485179	0.8888305	1.0987467
0.49974197	0.24834287	0.14553764
0.17618573	0.9163038	0.4413351
0.6785833	0.9311099	-0.03668021
0.078838885	0.27665955	-0.38658273
0.4224633	0.032715976	-0.47789684
0.18001449	0.35370302	-0.01745043
0.70618963	0.763134	0.23876682
0.4516443	0.54109496	-0.681572
0.89536446	0.41262317	0.3846255
0.87261546	0.76539075	0.98070246
0.052155912	0.07072413	-0.086496636
0.7302988	0.93994504	-0.070666574
0.75616944	0.82699966	0.11174808
0.9876692	0.31316614	-0.10403073
0.8062678	0.94122976	0.6959549
0.4477679	0.38389498	-0.6809296
0.8436867	0.17775351	-0.17568164
0.26651037	0.71553135	0.4910319
0.855038	0.99071217	1.2777706
0.5337617	0.25837773	0.3095982
0.43187279	0.569601	-0.6580489
0.2232855	0.80756265	0.61839265
0.21685421	0.03546214	0.41013053
0.04709637	0.42583925	-0.0202989
0.07212263	0.9671241	0.5783207
0.47263956	0.19214076	-0.06610702
0.968073	0.41892105	-0.018458743
0.15500396	0.33602148	-0.22938448
0.35018897	0.3626551	-0.0005403608
0.5562403	0.3018849	0.21864799
0.2429179	0.6170271	0.5194339
0.86159045	0.81542647	0.9993746
0.96295124	0.13804698	0.39967445
0.105917156	0.49921125	0.10305126
0.11673713	0.23914844	-0.48630804
0.8299165	0.06083256	-0.030464847
0.86908525	0.46412128	0.023194501
0.16408646	0.84801596	0.44216466
0.49435753	0.55876887	-0.56711304
0.4335177	0.36732423	-0.7169635
0.8400892	0.63847107	0.07959403
0.77085644	0.21543723	-0.43593588
0.05025679	0.8851654	0.5482114
0.39633167	0.6919786	-0.3507215
0.039035738	0.2963801	-0.2565983
0.53509814	0.7231058	-0.35944763
0.8828881	0.56401104	0.44604105
0.7886904	0.46875876	-0.5737866
0.05119592	0.0087834	0.115373075
0.38139713	0.53515595	-0.25521913
0.24474686	0.9379332	0.7298664
0.88246715	0.11022526	0.11309742
0.7995377	0.47773272	-0.53732276
0.92322755	0.6005117	0.75049734
0.9123785	0.6559661	0.8702806
0.94329107	0.3779524	0.4068868
0.9004778	0.01019758	0.031944457
0.62392575	0.039344847	-0.42571816
0.06133187	0.6192485	0.40297315
0.8761167	0.27474737	0.08531304
0.9997301	0.76482075	-1.7315122
0.59468925	0.38928437	0.06280379
0.20629066	0.17061913	0.20139773
0.33155364	0.6859095	0.17897134
0.8308574	0.7586377	0.44657382
0.8827059	0.7783005	1.0511454
0.37038887	0.19266254	-0.27335647
0.49530208	0.5260453	-0.54031307
0.19356078	0.7306968	0.54959077
0.31339365	0.7530097	0.24349645
0.21457404	0.46148014	0.32262382
0.23025095	0.37688148	0.38959885
0.5365731	0.23629862	0.46378493
0.019087493	0.6566687	0.20148271
0.54875696	0.6082775	-0.12140596
0.27300483	0.90857124	0.57703954
0.47153682	0.27218902	-0.28805062
0.025899053	0.047150373	-0.07759799
0.024491489	0.71433777	0.39192513
0.85270005	0.32896775	-0.23833735
0.5373723	0.94779414	-0.08467972
0.3819769	0.37865335	-0.3081941
0.46946013	0.9744299	-0.688594
0.26908582	0.7296088	0.4884714
0.5469142	0.20846397	0.47294202
0.6608877	0.58035487	0.4343739
0.27704918	0.3726561	0.59150803
0.6757083	0.42342252	0.19177139
0.109564185	0.009017229	-0.15152425
0.090733945	0.31767052	-0.36812043
0.07453227	0.12529361	-0.3153424
0.6078401	0.25886655	-0.16561836
0.33093768	0.19070786	0.47099417
0.040924072	0.8974305	0.49014845
0.28726798	0.4072525	0.5160907
0.44754446	0.67901677	-0.75205296
0.2962705	0.72247595	0.37033987
0.94439554	0.40110528	0.43530118
0.790908	0.23306608	-0.5251258
0.7113014	0.12727088	-0.34524813
0.9172827	0.922193	1.0302422
0.8358176	0.82790524	0.793151
0.2367999	0.2582128	0.43997848
0.35374218	0.79976434	-0.07558112
0.7400587	0.047686875	-0.26316288
0.20584565	0.019541264	0.30441797
0.25692755	0.68877786	0.52411026
0.14741933	0.41338813	-0.06195605
0.2798857	0.9199959	0.5473545
0.93036556	0.113884866	0.34524265
0.60982805	0.3865636	0.08592714
0.61797446	0.90412796	0.35605744
0.86775285	0.9502749	1.3119584
0.46004266	0.041234374	0.16770287
0.050836444	0.61841834	0.38845357
0.91671526	0.16539192	0.36345723
0.8408649	0.12514645	-0.0762547
0.9168024	0.36698085	0.48281989
0.02742666	0.37671107	-0.05370966
0.3917238	0.9203969	-0.49137482
0.16253954	0.8977159	0.42372286
0.23061323	0.7130898	0.586506
0.27689546	0.5999431	0.44423267
0.9322034	0.06703287	0.32269812
0.051077127	0.9284787	0.50281847
0.8183166	0.15424198	-0.24319236
0.5942928	0.23274368	0.003310075
0.8316942	0.19429708	-0.26999846
0.113444865	0.46244514	-0.045095246
0.9991951	0.6924367	-1.7204194
0.051831722	0.19575828	-0.28496677
0.13144124	0.7085383	0.5541569
0.5268705	0.10886544	0.87817913
0.2866717	0.042024076	1.1026912
0.15908593	0.45742524	0.054214403
0.75369877	0.5509157	-0.24347162
0.028840542	0.38920414	-0.035750575
0.24061716	0.31810182	0.48691007
0.11458421	0.5049599	0.10563983
0.7492552	0.044728816	-0.25717086
0.9111586	0.6065804	0.8328499
0.49585396	0.22176313	0.20274982
0.9961682	0.1830576	0.3281386
0.2309854	0.1762839	0.49812296
0.6362372	0.46932966	0.27742183
0.37566477	0.53320915	-0.22106552
0.23350114	0.81920505	0.65374464
0.95660764	0.07812983	0.37910685
0.19409955	0.10307598	0.07407881
0.85276824	0.11368996	0.034083147
0.8659413	0.7749191	0.9619997
0.44597894	0.15905666	-0.39631873
0.572897	0.7510809	0.134312
0.3835132	0.29317206	-0.43965206
0.27960175	0.45487642	0.5016243
0.5547954	0.4135465	0.15018165
0.38877654	0.6240673	-0.28761986
0.8222978	0.6836681	0.065502465
0.41478175	0.5031271	-0.58324164
0.098650515	0.11835235	-0.38119453
0.7144907	0.51133156	0.13894494
0.98568606	0.3172059	-0.058215786
0.15278524	0.4733175	0.07997878
0.9781656	0.52308273	-0.51357365
0.29619163	0.95286006	0.3461082
0.20311433	0.04593414	0.27301693
0.49020284	0.5922116	-0.63382995
0.4012007	0.018503547	-0.41458157
0.21009028	0.82768154	0.5559854
0.68678814	0.48250633	0.3060378
0.3668533	0.9545124	-0.34082356
0.023306608	0.31219673	-0.21522886
0.5015819	0.5416821	-0.4882502
0.6367405	0.7008759	0.53394234
0.030700266	0.7708562	0.40989777
0.26068175	0.6450443	0.53821284
0.27274084	0.9934362	0.54067785
0.1681701	0.6479975	0.4032701
0.3463704	0.6446264	0.0706788
0.9455121	0.87788093	0.4307655
0.8989833	0.109196305	0.18236732
0.16486096	0.11626786	-0.18064487
0.9913603	0.20624173	0.24261127
0.052875876	0.18570566	-0.24181025
0.6064125	0.6335849	0.33715454
0.7731692	0.32342565	-0.54928136
0.42961645	0.6163004	-0.5772015
0.8446676	0.4620036	-0.3122126
0.82603204	0.47636735	-0.5225669
0.45813924	0.10614151	-0.079429775
0.18743306	0.2954349	0.04492714
0.07252067	0.79918164	0.60995334
0.025297463	0.5628237	0.26796418
0.18688035	0.03437376	0.100474775
0.6520964	0.82460904	0.34033644
0.6642033	0.4857213	0.2826526
0.8264689	0.64426684	-0.06422874
0.18065244	0.47844803	0.18684049
0.92975605	0.38534296	0.47020447
0.44807005	0.68484014	-0.73897487
0.46678603	0.5635874	-0.63529223
0.12481046	0.21691477	-0.4758162
0.5430878	0.95158625	0.0001358334
0.94959235	0.6994912	0.2937733
0.30414468	0.9380349	0.30995286
0.31204432	0.5439341	0.35385895
0.72594833	0.40658128	-0.074896306
0.21415013	0.7468883	0.52143866
0.2163496	0.3049509	0.26146132
0.42002094	0.048016787	-0.4623463
0.3683573	0.8983506	-0.19479078
0.11223197	0.013932526	-0.14773652
0.22830415	0.86688703	0.67586446
0.33027333	0.8128884	0.0773052
0.29680026	0.4518385	0.46446887
0.16967607	0.17821473	-0.14912742
0.5459327	0.8320139	-0.12436031
0.39825016	0.74522847	-0.3525921
0.9050532	0.895109	1.1757601
0.9323208	0.107733846	0.30315894
0.6703485	0.9229143	0.03200361
0.029581547	0.57370204	0.22830571
0.67112756	0.14290375	-0.41531506
0.99253017	0.44222045	-0.77279
0.93651265	0.14448023	0.36545813
0.47152883	0.43929082	-0.55061704
0.052523613	0.58131754	0.37781003
0.11801928	0.45653838	-0.054872725
0.8002911	0.94876176	0.6806855
0.117577195	0.8243333	0.52741206
0.11244321	0.59121615	0.38209757
0.09680635	0.26935452	-0.4418662
0.8606448	0.65319073	0.43203017
0.268336	0.47018397	0.46953717
0.7872262	0.72815466	-0.046459217
0.9881333	0.014176607	0.557583
0.13164055	0.5468575	0.15087913
0.7054683	0.31683666	-0.064407244
0.6410978	0.28226346	-0.26508546
0.91243124	0.5284663	0.6945927
0.4591902	0.9711139	-0.60363036
0.66419667	0.32893687	-0.0585423
0.77396095	0.76624835	0.051737867
0.049176633	0.65622234	0.39838666
0.6439947	0.59585124	0.42495248
0.08053553	0.6192558	0.475053
0.6392338	0.30523872	-0.16664493
0.92794836	0.96160555	0.7875497
0.36889398	0.71338356	-0.08261574
0.27561295	0.5394797	0.4739562
0.5110055	0.03450793	1.0649925
0.1174553	0.514012	0.13252237
0.44905198	0.7291072	-0.76457494
0.45100683	0.8124566	-0.72083443
0.88917273	0.021153152	0.09069198
0.1127553	0.7842457	0.5883559
0.19122946	0.15796858	0.026444688
0.59935814	0.6646405	0.32300517
0.5213749	0.21984702	0.4265938
0.30943954	0.10776067	0.8569977
0.4083836	0.07833964	-0.6170328
0.34877735	0.21392035	0.068125315
0.38976485	0.4151919	-0.41769847
0.41208565	0.023815215	-0.4661665
0.93894595	0.21775913	0.46482253
0.51216894	0.32101053	0.06159375
0.84118223	0.632747	0.08090495
0.9396901	0.8174463	0.6157603
0.6650947	0.3650996	0.028774634
0.98583424	0.34629118	-0.14516056
0.023878932	0.088303626	-0.18314445
0.45673245	0.07379478	-0.045054704
0.11870211	0.6621717	0.4843411
0.536214	0.7542086	-0.3470785
0.80945134	0.6517827	-0.18067934
0.9541988	0.6023876	0.17745236
0.53392714	0.9650152	-0.019669645
0.7275889	0.46299028	0.028432388
0.34258866	0.77156323	0.012266327
0.95430195	0.08050215	0.3442647
0.113345146	0.70931226	0.5142453
0.7116744	0.34944326	-0.031141922
0.58727825	0.9410864	0.4691055
0.5301772	0.2157867	0.48028353
0.39364147	0.55698985	-0.334944
0.71779126	0.44084513	0.038011268
0.20653695	0.37706006	0.24181521
0.335788	0.039168537	0.48179647
0.11750072	0.29286188	-0.40138847
0.7494428	0.5105664	-0.19360116
0.46169502	0.6227404	-0.78244823
0.6497051	0.86872786	0.26917297
0.88584006	0.49876451	0.3878473
0.086975336	0.68391174	0.55724955
0.36786538	0.9703109	-0.32323715
0.060341716	0.3781138	-0.15788394
0.32691252	0.6427902	0.17672957
0.3178118	0.85618746	0.1381751
0.13053232	0.5235861	0.13778438
0.34504855	0.2682801	0.09081853
0.86397433	0.50417197	0.032811224
0.4028893	0.2447893	-0.66300255
0.8099621	0.039840043	-0.09843864
0.7133328	0.28274107	-0.11739139
0.4165457	0.4796375	-0.5996394
0.7679652	0.6266057	-0.23901674
0.3093794	0.42473757	0.4298604
0.2531457	0.6503726	0.47778475
0.5711797	0.80412227	0.20193723
0.7029359	0.95003694	-0.19789904
0.27153653	0.6110725	0.45146045
0.09808236	0.92167825	0.5565309
0.8544906	0.79708403	0.87569916
0.28756827	0.53766733	0.40827826
0.15395975	0.18202579	-0.3446507
0.5518437	0.7101994	-0.13690819
0.97501576	0.34701997	0.034269284
0.8703941	0.6769241	0.62655437
0.5306937	0.14903522	0.70005614
0.39703166	0.53531057	-0.35573864
0.6107307	0.99876153	0.38292465
0.6316184	0.04297042	-0.52989566
0.14789861	0.88513786	0.41291165
0.9613081	0.4507938	0.07622371
0.71460205	0.20683068	-0.23439771
0.17516708	0.23909116	-0.10662628
0.45310098	0.06467062	0.0054566786
0.30830085	0.48149496	0.44352898
0.21516824	0.45246983	0.23198724
0.82534945	0.5113318	-0.43681765
0.8082202	0.17790169	-0.32820702
0.764999	0.48296928	-0.40906417
0.8673863	0.5867131	0.34552056
0.16246706	0.37023956	-0.11960988
0.07641631	0.66286296	0.51847434
0.3870442	0.63272023	-0.2768193
0.007033348	0.20859313	-0.39687955
0.1836732	0.7635297	0.50330323
0.3008334	0.7034951	0.31884342
0.7571956	0.9752288	0.0877327
0.22882849	0.24176699	0.41164586
0.6602673	0.77343625	0.40825576
0.4769956	0.73779917	-0.8033066
0.28797638	0.41919148	0.5542199
0.18873137	0.7346586	0.49796107
0.3022061	0.5749282	0.37353104
0.40778095	0.2437278	-0.79366493
0.13157374	0.12965864	-0.33948216
0.4170661	0.9696089	-0.49937546
0.7968877	0.16094095	-0.33220586
0.99183095	0.43291348	-0.71048033
0.4827541	0.6236841	-0.7482262
0.8928184	0.1372298	0.13897812
0.19969374	0.58654577	0.4505992
0.3681131	0.35048127	-0.24655294
0.46853507	0.46969926	-0.6113219
0.5375428	0.5817733	-0.20599043
0.30115545	0.47321212	0.40724948
0.07343519	0.6368542	0.5384299
0.111284435	0.4237337	-0.13320771
0.86442304	0.04756242	0.09048513
0.20134902	0.9762161	0.47906646
0.28343183	0.76967436	0.45173544
0.2549683	0.09029716	0.90370876
0.35667473	0.011091948	0.12364994
0.35908073	0.15537846	-0.010950945
0.30297035	0.2510504	0.6766545
0.3942194	0.3606273	-0.5436127
0.31447506	0.101350725	0.7944036
0.12362099	0.6835458	0.54561
0.38456017	0.1412018	-0.43503088
0.18263322	0.55633825	0.33996224
0.5712983	0.044111907	0.60830206
0.56475264	0.7065848	0.03136727
0.6471959	0.58427525	0.45674196
0.1576984	0.4260497	-0.031978395
0.24138701	0.0361498	0.77138793
0.3250255	0.43243223	0.31280604
0.13011128	0.6096519	0.34878284
0.2128951	0.62123275	0.49045607
0.92459875	0.8613229	0.8935061
0.43776548	0.9215595	-0.67694795
0.801251	0.35982227	-0.67545
0.71784174	0.38742268	0.0077559985
0.40545285	0.20564735	-0.7235036
0.24721098	0.8405177	0.6794475
0.98735523	0.19990438	0.28647795
0.3791821	0.85880697	-0.24480039
0.86989707	0.58083576	0.36428204
0.85459405	0.97027487	1.2735794
0.38309693	0.20698279	-0.47469917
0.040915072	0.67767656	0.45229915
0.8607089	0.4291147	-0.10040976
0.5388445	0.14894414	0.6574928
0.036090076	0.4192726	0.016252464
0.8811435	0.35742927	0.120726064
0.43604755	0.09108114	-0.43372455
0.50765485	0.6959608	-0.68749475
0.8953991	0.65799785	0.85748637
0.77130353	0.07379353	-0.27088454
0.8079311	0.62639046	-0.25628793
0.99401283	0.00800401	0.6129049
0.123869956	0.58124685	0.30907628
0.67694443	0.9625781	-0.1748358
0.31160808	0.9823249	0.12159352
0.7218927	0.08190757	-0.3172229
0.7651188	0.9507265	0.21600431
0.8986509	0.80443865	1.2131052
0.20332521	0.43544513	0.22579844
0.13521612	0.08965844	-0.2846142
0.7889165	0.12728798	-0.32989344
0.5729797	0.31312114	0.10357465
0.8302454	0.1931439	-0.2814379
0.5997053	0.8438434	0.4607895
0.66981256	0.23061472	-0.2738912
0.33394647	0.8837608	-0.017881759
0.78573215	0.24479437	-0.4411591
0.31523	0.75735605	0.18073454
0.3932004	0.6461163	-0.2648105
0.13985544	0.56211174	0.25187618
0.5815962	0.40599656	0.09177884
0.52808326	0.5979135	-0.32622907
0.7504974	0.97638243	0.026626017
0.9147832	0.3940524	0.4928079
0.624189	0.9664953	0.29711938
0.8370852	0.47372264	-0.29128617
0.03128457	0.14404821	-0.16170308
0.29887325	0.28510278	0.59433407
