x1	x2	y
0.14194399	0.72212327	-0.5318696
0.8197987	0.4789244	0.11537709
0.8013331	0.7103963	-0.41284454
0.46982008	0.019040465	0.43107918
0.18615556	0.47669178	0.6347478
0.8110377	0.6497204	-0.3629986
0.46013385	0.2507506	-0.4058064
0.7951332	0.5598142	-0.60847276
0.82024395	0.6583815	-0.13762946
0.4113316	0.90864855	-0.2496926
0.34626722	0.004199624	0.25967246
0.65553534	0.18242317	-0.7723025
0.23122352	0.014827907	-0.39621505
0.080494165	0.42134583	-0.6973327
0.19985789	0.66752684	-0.61316574
0.17352694	0.9401074	0.48899776
0.94996816	0.42881358	-1.1750662
0.5007497	0.6340872	-0.85287076
0.4708947	0.02591008	0.3867482
0.14629781	0.30550689	0.8101268
0.7377214	0.54083425	-1.0585102
0.06899077	0.07943517	-0.12196626
0.88432133	0.83883643	0.59313345
0.018244982	0.86461025	-0.14683035
0.3315199	0.5366634	0.31958213
0.4170522	0.66399854	0.06625134
0.8054568	0.7137448	-0.3681872
0.24579555	0.3219785	0.0587716
0.40751976	0.8139483	0.13287593
0.73605514	0.9295271	-0.8196558
0.9463933	0.7459355	0.05904077
0.75583094	0.26389062	0.5252143
0.105744004	0.24768811	0.5716371
0.5506969	0.091727495	-0.111770496
0.6893242	0.83529025	0.2632137
0.84934247	0.110177636	-0.22662055
0.46216732	0.5057182	0.10638533
0.6311086	0.09583461	-0.6348128
0.83791137	0.5649463	-0.061308824
0.15046364	0.520324	0.16813385
0.49091578	0.3886469	0.4216613
0.16798699	0.6118722	-0.21720704
0.6482039	0.6946602	0.6687514
0.16785759	0.671376	-0.49263588
0.18738997	0.8751477	-0.10324438
0.48723656	0.24289715	-0.37243125
0.7261911	0.8905593	-0.47718698
0.7728917	0.42546982	-0.19714062
0.5397742	0.48790848	-0.2297435
0.7186937	0.009781301	-0.022187116
0.96840876	0.34707314	-1.0898582
0.27467257	0.28364658	-0.31182235
0.99662304	0.8575159	-0.27287906
0.36256307	0.93956876	-0.0957535
0.5631418	0.28667086	0.3866595
0.69076556	0.5112626	-0.6638711
0.40596044	0.6767857	0.16224532
0.69040185	0.031568408	-0.34101823
0.34478807	0.7037702	0.2681142
0.8878602	0.17725849	-0.42739284
0.8428543	0.17699373	-0.18437143
0.43395287	0.60053337	-0.13188088
0.01781869	0.95715183	-0.66105056
0.5456898	0.8041732	-0.14434262
0.044262886	0.61426467	-0.36304826
0.085927665	0.14900559	0.08344862
0.08879244	0.47336817	-0.5840876
0.21522653	0.92437774	0.50547236
0.50013125	0.66542953	-0.86894614
0.6401903	0.25627697	-0.51573795
0.95297414	0.46372855	-1.1004637
0.38883245	0.16923797	0.13290986
0.28319466	0.37226045	-0.1970535
0.9882892	0.1883691	0.22623646
0.6131853	0.5286268	-0.32339197
0.046485245	0.105383635	-0.13209376
0.5827544	0.03178066	-0.2514339
0.15890574	0.87773424	-0.16124009
0.15990019	0.55707407	0.012638314
0.5604366	0.8630175	0.055185094
0.48843217	0.62522537	-0.6217645
0.7927019	0.57802194	-0.60706836
0.31376207	0.99430656	0.20050058
0.4656427	0.52340907	-0.020705272
0.59688866	0.32056522	-0.13842109
0.23337626	0.57464373	0.048719514
0.063213706	0.16357887	-0.07208084
0.83640426	0.54721975	-0.08033216
0.7700744	0.8308212	-0.5202898
0.7593614	0.0032441616	0.48087376
0.8146544	0.5033836	-0.066612735
0.8913813	0.69234425	-0.004887726
0.8941463	0.7629378	0.3904972
0.67228174	0.13419849	-0.7743444
0.93636054	0.69420403	-0.06809904
0.598406	0.65449566	0.22252724
0.58763427	0.8025195	0.1307707
0.05149162	0.90121436	-0.28099114
0.3007906	0.10958582	-0.216833
0.31247967	0.8219901	0.36566803
0.16213322	0.88421637	-0.060313083
0.7178888	0.6858436	-0.060460627
0.42053694	0.52892274	-0.0772984
0.637866	0.7051206	0.68129116
0.47423917	0.9688864	-0.2966394
0.14192057	0.087450385	-0.21378183
0.009045482	0.5920299	-0.37722337
0.36281043	0.32876468	-0.32950267
0.99958956	0.14611757	0.43798792
0.5439	0.60842854	-0.53008646
0.97227436	0.9494189	0.12768465
0.8754405	0.95633	-0.39964285
0.6668324	0.3267309	-0.70955384
0.7242348	0.7089741	-0.18337485
0.24986756	0.81371564	0.224403
0.37734264	0.54309154	0.21444517
0.6033573	0.4482503	-0.44008562
0.97272235	0.60075235	-0.4057195
0.5356396	0.1967591	-0.022965088
0.5503794	0.6606095	-0.4857175
0.51255715	0.83303916	-0.5564911
0.96668154	0.9617905	0.17377071
0.47535634	0.828619	-0.63821375
0.8745951	0.1825102	-0.38164067
0.046530068	0.389629	-1.4355459
0.7357699	0.22371596	0.09192804
0.5081493	0.6250434	-0.6565369
0.36579227	0.047789633	0.55944425
0.9691917	0.41944325	-1.4157118
0.93342185	0.80680025	0.34704477
0.3824157	0.77744365	0.18568191
0.571316	0.6197546	-0.28781763
0.36876476	0.12171495	0.3047513
0.8239187	0.7216497	-0.0068236925
0.9408784	0.7180602	0.0065758554
0.5147412	0.35224974	0.28515258
0.26755995	0.98865813	0.8373164
0.7814572	0.37141687	0.28446326
0.3488943	0.4754213	0.19259208
0.9930881	0.6358832	-0.30331227
0.8692084	0.6213195	-0.19375493
0.5182815	0.8601689	-0.2952536
0.23170817	0.21219528	-0.13840777
0.91322505	0.67700404	-0.029337076
0.16902	0.00030833483	-0.61505586
0.3239978	0.71567225	0.20669076
0.8545909	0.39158452	0.4786841
0.6349939	0.3463084	-0.5951256
0.5452769	0.58425957	-0.4884356
0.3752315	0.6824882	0.15694271
0.37521976	0.7183267	0.141416
0.44521058	0.35592186	0.065420836
0.98352796	0.3495559	-1.1901401
0.6329702	0.12875962	-0.5998083
0.9697068	0.07301831	0.635583
0.77967554	0.45520312	-0.3443188
0.39553076	0.25401747	-0.12851024
0.61244357	0.12502867	-0.3784536
0.76594424	0.043343842	0.48913407
0.009642065	0.8924818	-0.32197234
0.6560161	0.5127952	-0.3813291
0.87303567	0.4154094	0.4579838
0.3570912	0.04337734	0.44588193
0.905329	0.17233986	-0.21695301
0.4945441	0.025674582	-0.019679526
0.3890512	0.32145768	-0.095364675
0.0607	0.090069056	-0.07604891
0.36192614	0.60495245	0.37179193
0.9366515	0.3269462	-0.7338594
0.7898948	0.47899455	-0.28900787
0.55242825	0.85466266	0.040962905
0.9166257	0.81195617	0.5139159
0.4534809	0.02130884	0.7943121
0.017285883	0.7904003	0.14477074
0.8690135	0.82543916	0.53072506
0.9526592	0.10643971	0.3905681
0.61293674	0.18917513	-0.12925105
0.5375964	0.37264484	0.11859523
0.5443938	0.98308486	0.22801033
0.17193788	0.3995505	0.9285046
0.5142806	0.4748513	0.09357246
0.13565272	0.4057787	0.6463326
0.0067566037	0.36388105	-1.305247
0.88340133	0.06195122	-0.43618417
0.49920636	0.9074066	-0.23910667
0.35751837	0.7207604	0.17787363
0.3453887	0.0916363	0.21034807
0.36046022	0.3239929	-0.29359373
0.9224752	0.3086943	-0.47841743
0.7601204	0.082490444	0.50975955
0.9716937	0.6742009	-0.2908534
0.032662153	0.016468346	0.0050967447
0.60729486	0.18982482	-0.027029037
0.56304866	0.5190218	-0.35268563
0.6351742	0.63348836	0.3704916
0.34190255	0.45769215	0.16965507
0.6523748	0.5684779	0.0488422
0.9138564	0.4866839	-0.1707838
0.31285262	0.40566427	-0.077880494
0.8833053	0.4045	0.30823705
0.7542049	0.9127076	-0.8736648
0.15441221	0.8494381	-0.29919142
0.22740597	0.92263526	0.67217237
0.16541535	0.08533919	-0.4080305
0.06910789	0.4195543	-1.0418121
0.57528543	0.6754642	-0.12813023
0.24857861	0.33254457	-0.0026532002
0.6305503	0.94776386	0.23821323
0.33533645	0.9585238	0.10256271
0.31075782	0.19526845	-0.39841107
0.9125598	0.29738855	-0.3171607
0.36686516	0.7953505	0.1526008
0.95125085	0.75286055	-0.02608006
0.69886273	0.4771468	-1.0062345
0.25207525	0.9819851	0.94922084
0.16430753	0.81056386	-0.5210828
0.78200793	0.18527883	0.43706807
0.8833134	0.081121385	-0.4446504
0.9022491	0.038313746	-0.2476727
0.49417317	0.2871681	-0.109911494
0.805779	0.035550714	0.45613107
0.6370599	0.112919986	-0.7027279
0.4445628	0.5152373	-0.038539313
0.5715648	0.59368867	-0.41184536
0.24623024	0.40657258	0.16735952
0.6377761	0.70900744	0.6201156
0.45454013	0.07763839	0.27909946
0.3786927	0.8788403	0.020078104
0.5694025	0.49344355	-0.35711837
0.06050545	0.73601604	0.36989692
0.0037338138	0.6134714	-0.24246392
0.9727751	0.67277974	-0.28635365
0.51167744	0.980089	0.08272848
0.3897798	0.71527725	0.18005987
0.54757047	0.8946051	0.03273997
0.3164881	0.12153053	-0.17725751
0.71438795	0.94470704	-0.66615427
0.93641347	0.5212626	-0.4806639
0.032091737	0.67643106	0.10875522
0.49884713	0.6577164	-0.8738247
0.607236	0.55320513	-0.25259268
0.606512	0.32226962	-0.24453984
0.0029461384	0.86136204	-0.16201122
0.5934703	0.48860532	-0.45597696
0.7070538	0.32093668	-0.7034712
0.14276212	0.50613767	0.13281609
0.3887506	0.09345031	0.55682373
0.19492179	0.42048043	0.86925125
0.911421	0.91808355	0.28816372
0.075843275	0.31904364	-0.32184744
0.3945582	0.3885178	-0.024407959
0.049173713	0.7563826	0.2770279
0.31742162	0.19930398	-0.4039495
0.4180293	0.7177088	0.1531164
0.4762448	0.8492808	-0.62729436
0.87152267	0.7765108	0.564937
0.425133	0.035215795	1.0845486
0.34709018	0.8740806	0.15627077
0.9392539	0.920541	0.4154478
0.8319038	0.24146008	0.013854429
0.38422734	0.7890714	0.11282021
0.767712	0.48593515	-0.68089014
0.3868143	0.41214812	0.010743994
0.7941773	0.23408163	0.49935928
0.02935046	0.9425425	-0.5964738
0.16547102	0.2693665	0.63673675
0.43943304	0.4628963	0.17679456
0.62245655	0.5702445	-0.08147313
0.8524796	0.07799864	-0.14996995
0.2874887	0.2927724	-0.32866526
0.50268245	0.35553902	0.29968274
0.0679692	0.10122007	-0.07464141
0.80743486	0.8327793	-0.24041516
0.045261085	0.4365608	-1.3995678
0.5017239	0.47955757	0.21703485
0.5849235	0.85868114	0.1811251
0.39865202	0.537211	0.102234885
0.27853793	0.10454422	-0.20072478
0.23942274	0.5376202	0.21079625
0.8733549	0.09179759	-0.33607405
0.96617126	0.39713258	-1.3532192
0.73361075	0.98433656	-0.99398434
0.7973995	0.910147	-0.91411847
0.25140607	0.18503201	-0.16315614
0.09218329	0.8345867	0.020536153
0.9557323	0.75036967	-0.08854911
0.12672698	0.76968455	-0.47313654
0.123129666	0.13749242	0.13681678
0.21150792	0.9721405	0.8448988
0.095087826	0.81204045	0.090778224
0.1952151	0.29309034	0.54627424
0.91814	0.2500645	-0.17398581
0.6105486	0.6316624	0.2147966
0.26842242	0.30554014	-0.26726735
0.17316186	0.16470248	-0.14045142
0.4829195	0.8496517	-0.5447436
0.63642985	0.2568596	-0.579942
0.7641928	0.99080664	-1.4233806
0.48336136	0.9669349	-0.2563176
0.16633469	0.70917046	-0.5673923
0.42724174	0.409113	0.0026432239
0.22203678	0.9321064	0.61999553
0.31971717	0.39166898	-0.18862674
0.7131451	0.79712164	0.10768507
0.08737469	0.6218039	-0.20531543
0.851071	0.65589213	-0.059340857
0.8715553	0.38469058	0.3670717
0.6313834	0.051538706	-0.67099833
0.48034066	0.8856084	-0.41879943
0.76684856	0.093471885	0.40633863
0.35862488	0.88023573	0.06975728
0.87937266	0.4452477	0.4591965
0.7059874	0.22201788	-0.6357599
0.7803508	0.05588752	0.6311712
0.6338113	0.33890605	-0.6120384
0.6312691	0.8694616	0.303729
0.65525025	0.46155518	-0.6966505
0.10487294	0.21326506	0.52211237
0.87984437	0.106416106	-0.45546746
0.08732176	0.12513381	-0.04920557
0.46550184	0.16632766	-0.38847998
0.46294612	0.12699449	-0.20476758
0.6173629	0.79783547	0.3791657
0.30723208	0.77257127	0.223338
0.585514	0.8735542	0.11193924
0.38974667	0.12071657	0.37537855
0.540332	0.60689425	-0.50808793
0.06513727	0.075098336	-0.16410062
0.7596411	0.66422355	-0.7380493
0.7773198	0.9591104	-1.3189235
0.3896513	0.53838974	0.14197485
0.5451493	0.7303454	-0.3584438
0.19470781	0.8850478	0.120026976
0.84244835	0.82493603	0.3211348
0.37522912	0.672623	0.14561035
0.57541317	0.8810071	0.11021435
0.7949275	0.6789769	-0.51537794
0.310737	0.33752656	-0.38260168
0.83620644	0.4055966	0.53077644
0.8865649	0.43169063	0.33053815
0.19216645	0.76030827	-0.8750033
0.9405689	0.3777631	-1.0544319
0.80365103	0.0692181	0.48334765
0.3494758	0.24331057	-0.2941508
0.4433115	0.89314324	-0.40033972
0.024085045	0.997794	-0.76822436
0.5627455	0.16454816	0.19535457
0.2335518	0.64205146	-0.37502113
0.8463225	0.5994773	-0.19630988
0.21495283	0.25932318	0.16744484
0.931918	0.90070397	0.4237835
0.917374	0.94416326	0.1604547
0.5332024	0.89910173	-0.031585522
0.69733727	0.40689343	-1.1025592
0.33788264	0.106874526	0.041404493
0.29866928	0.5738521	0.10272226
0.31837374	0.48798716	0.24483763
0.7625134	0.6761526	-0.7260053
0.79759425	0.024742246	0.56130004
0.5498767	0.8358769	-0.014339742
0.22914225	0.53012943	0.32504213
0.101183176	0.93935984	-0.089786805
0.06252617	0.664805	0.08768142
0.14797616	0.4433998	0.5803003
0.8601178	0.18268311	-0.3015466
0.13159597	0.5077007	0.091092624
0.23521543	0.84398097	0.13965508
0.06507397	0.19829524	-0.072196245
0.97919846	0.52801955	-0.8984587
0.9599616	0.12390274	0.5069175
0.3107708	0.26743668	-0.45201996
0.7389685	0.008199394	0.21633083
0.2516083	0.69087976	-0.44071952
0.91907626	0.7771184	0.37886658
0.38701028	0.7653001	0.113009974
0.7235028	0.50235474	-1.0658615
0.72683644	0.074804544	0.013134411
0.47354162	0.43043703	0.34132826
0.09164214	0.78224295	0.23295936
0.40519923	0.2749099	-0.205082
0.6914726	0.19224972	-0.7866299
0.3119136	0.69494915	0.16578926
0.9061774	0.01116991	-0.19602929
0.48503667	0.6377047	-0.7873441
0.9110135	0.16332227	-0.1849789
0.64729285	0.23230273	-0.63338244
0.26616383	0.41048002	0.025047189
0.028474152	0.31576622	-1.1311407
0.46968853	0.27743447	-0.2988669
0.5553703	0.5763265	-0.4401481
0.12915128	0.19387126	0.48325077
0.91094756	0.2580378	-0.21935345
0.42702842	0.6433538	-0.041398637
0.71887076	0.52047044	-1.0289433
0.25024533	0.66536224	-0.41974726
0.4015324	0.24006975	-0.27984202
0.37199992	0.6032214	0.30843335
0.04873252	0.47002792	-1.3828984
0.897354	0.78275347	0.45369905
0.96830004	0.8326272	-0.11661163
0.9925538	0.6594673	-0.30875176
0.6174653	0.93432176	0.29061818
0.43869537	0.40713722	0.1736463
0.033132136	0.08191538	-0.12691249
0.12670523	0.44735855	0.30272546
0.47615546	0.89950997	-0.4198418
0.6317894	0.07514584	-0.6797323
0.8261218	0.08551562	0.13599512
0.27744955	0.859872	0.6157345
0.025127053	0.9586832	-0.65123284
0.12146902	0.31156456	0.66775745
0.19701344	0.5429689	0.21260661
0.1770677	0.53545094	0.25480172
0.8997408	0.34356993	-0.18939322
0.49621826	0.2780583	-0.13393156
0.5316775	0.14600277	-0.19261944
0.4873106	0.65182644	-0.83180815
0.56490165	0.80567366	0.018416703
0.1521352	0.038738668	-0.4872552
0.67143935	0.18142742	-0.84369874
0.5225784	0.7254411	-0.79087
0.031459987	0.94588584	-0.54355615
0.91971636	0.3857748	-0.59483755
0.23937595	0.65759015	-0.4555792
0.10329324	0.48616517	-0.35754383
0.5116048	0.6000096	-0.46265435
0.1962899	0.690979	-0.76820725
0.17670745	0.74230295	-0.8019552
0.8021932	0.71512854	-0.35620037
0.46443254	0.12421578	-0.16282539
0.16626	0.7677292	-0.70494455
0.5349104	0.7932864	-0.34103477
0.65700424	0.38777602	-0.82474935
0.69781715	0.07730943	-0.39065173
0.43666124	0.5193685	0.031452686
0.27822286	0.34076065	-0.27610657
0.62473816	0.14881623	-0.42572904
0.76377755	0.17626005	0.38778865
0.014964044	0.7049736	0.19839376
0.43180352	0.32286322	-0.14801797
0.510816	0.02584362	-0.15140887
0.34709334	0.73561966	0.20433469
0.93334013	0.17868638	0.07504135
0.9740985	0.31705195	-0.975818
0.13423318	0.16780764	0.2560088
0.6554679	0.8488277	0.32305428
0.47829694	0.7451436	-0.98862493
0.8937993	0.1991018	-0.30567706
0.88891315	0.5765417	-0.09808027
0.18625122	0.38449943	0.8466893
0.112451494	0.01192379	-0.27028507
0.75040114	0.37673843	-0.18950969
0.16152066	0.06735623	-0.4529776
0.70565087	0.5450157	-0.7468907
0.6324859	0.24753386	-0.47918218
0.0069332123	0.1292476	-0.6224652
0.2373594	0.9842218	1.0303111
0.9999291	0.7529716	-0.35714692
0.6763429	0.6155939	0.38290912
0.95306545	0.23784727	-0.15647018
0.9831785	0.13819456	0.5749
0.7275548	0.56193525	-0.95873785
0.025217116	0.8555595	-0.08196615
0.8927494	0.28553998	-0.19124645
0.25941777	0.49503112	0.264901
0.4169559	0.67148685	0.13205716
0.92535275	0.90146434	0.3829716
0.37046963	0.8638857	0.05835271
0.8221659	0.51048964	0.011225851
0.74612707	0.50547993	-1.0677419
0.18101913	0.5367864	0.23860872
0.4720868	0.66033465	-0.74024266
0.33789253	0.6136535	0.3423533
0.17953622	0.30234987	0.6956612
0.16903836	0.32361895	0.8695415
0.31722385	0.39023715	-0.14836036
0.67239416	0.21522152	-0.82800996
0.9497892	0.23423111	-0.13981117
0.051232934	0.39426064	-1.3798527
0.3752591	0.73657006	0.15393175
0.7028587	0.7300151	0.32526135
0.18366683	0.7502083	-0.85386026
0.5800459	0.6459383	-0.11755153
0.71365565	0.59907854	-0.41926572
0.077241	0.71355134	0.3293043
0.5625601	0.22055572	0.433393
0.59400475	0.0063408017	-0.37753573
0.87377775	0.85502774	0.47163382
0.4395234	0.35296524	0.018834706
0.6928505	0.08076835	-0.4836486
0.7582683	0.27250922	0.60479534
0.909445	0.37466884	-0.3528335
0.81410396	0.16845965	0.29612637
0.9551783	0.67767435	-0.24914584
0.21252841	0.86647993	0.054928914
0.85794294	0.1347121	-0.32951593
0.10976201	0.3788848	0.28787738
0.015749156	0.08062559	-0.317488
0.47215837	0.21167499	-0.4193664
0.8622619	0.050062	-0.26145992
0.77261835	0.9769908	-1.4165034
0.91788334	0.60581875	-0.19805355
0.7483315	0.77620715	-0.41777843
0.59704983	0.1831842	0.013825908
0.24865574	0.1355905	-0.26604053
0.23882324	0.3102514	0.08820366
0.15526241	0.15684289	0.01848038
0.080203	0.703599	0.2294095
0.3467828	0.05672103	0.28580073
0.99148417	0.35427946	-1.2398835
0.56048524	0.28255028	0.4565513
0.4525684	0.94828814	-0.35303798
0.96757126	0.5206487	-0.87562287
0.6869073	0.7937856	0.39835456
0.40078342	0.9012329	-0.19962822
0.05772835	0.636639	-0.093707785
0.24403	0.80158085	-0.038208168
0.54971164	0.35442853	0.2009977
0.2666818	0.78865033	0.17069146
0.8004727	0.6368708	-0.51119477
0.28346455	0.42447227	0.07349861
0.74500185	0.45551276	-0.8080607
0.07907659	0.9985828	-0.33294064
0.55509603	0.37860388	0.017518595
0.5952631	0.18658376	0.050251592
0.6378595	0.14286304	-0.6935222
0.016391098	0.28003174	-0.9451693
0.3067767	0.48359764	0.24787189
0.984036	0.83566546	-0.18076162
0.91098106	0.24658203	-0.19780284
0.05699992	0.627088	-0.25126442
0.7396346	0.5625732	-0.97875494
0.6119732	0.81534755	0.37539038
0.72988135	0.85463214	-0.3242311
0.010129809	0.079063356	-0.3211277
0.46322042	0.7670624	-0.65531504
0.6000234	0.5354888	-0.35504377
0.55623835	0.8207387	0.017090196
0.82869893	0.69216734	-0.073763475
0.61929613	0.4494025	-0.47711858
0.7854681	0.9478474	-1.227576
0.053648293	0.5982745	-0.51400083
0.3671279	0.52122754	0.1870875
0.25726295	0.6803852	-0.37903708
0.76580423	0.5093195	-0.84022546
0.5486018	0.14404863	0.023111675
0.9890911	0.009690106	0.576298
0.8241734	0.022525072	0.21345375
0.072766125	0.5443801	-0.86410505
0.33344012	0.13220668	-0.16807012
0.25083137	0.99632955	0.9703837
0.4402966	0.32604033	-0.090271406
0.31702292	0.17656523	-0.38363597
0.058448195	0.63365155	-0.22236472
0.085950494	0.99931115	-0.24067517
0.9789325	0.8482327	-0.107203096
0.1947859	0.59326863	-0.10704818
0.18341827	0.68562126	-0.652625
0.55860066	0.58205837	-0.43834952
0.25538307	0.64591557	-0.17488563
0.849624	0.09818733	-0.16604997
0.044288516	0.3196618	-1.0429338
0.25261873	0.10495317	-0.23640212
0.8937713	0.94305867	-0.07985839
0.33916903	0.022225022	0.16279933
0.18105698	0.5474598	0.09672544
0.8212487	0.19145566	0.062188283
0.9730548	0.75272834	-0.29093525
0.60442126	0.038770318	-0.52857304
0.91125107	0.6473345	-0.14201674
0.7111674	0.29546154	-0.5644912
0.1243732	0.18053049	0.36007184
0.52412105	0.44170827	0.099048816
0.71650624	0.013956785	-0.011331603
0.6945069	0.518553	-0.7992824
0.6649542	0.37443292	-0.8648082
0.9616997	0.9477652	0.209593
0.3731017	0.5170438	0.19606058
0.15462941	0.8040335	-0.6105194
0.61692256	0.67673707	0.38073418
0.28124624	0.54977816	0.20762853
0.41393286	0.6126973	0.122639954
0.5475744	0.44714165	-0.17917717
0.65548986	0.50615454	-0.36693874
0.1641224	0.94266605	0.4911232
0.22330141	0.29253447	0.15641011
0.46671224	0.43529618	0.39530614
0.21348828	0.39521605	0.7133116
0.42203873	0.7227506	0.13851924
0.7490018	0.06610733	0.40119722
0.87472844	0.258982	-0.16413614
0.18861318	0.4520871	0.765178
0.20397764	0.63780594	-0.5130087
0.28000534	0.5374629	0.26196423
0.101190686	0.8449638	-0.07315982
0.9366975	0.9352893	0.29764965
0.47367752	0.23124647	-0.44519448
0.53615516	0.80875754	-0.25329536
0.75423515	0.8449191	-0.4909361
0.14429367	0.81400627	-0.5262113
0.44946277	0.01689601	0.9238521
0.1691063	0.57867116	-0.09614968
0.74066365	0.6506578	-0.6248608
0.7677	0.55882514	-0.81966305
0.7300048	0.3270654	-0.3243155
0.7147302	0.8619782	-0.1048704
0.3218984	0.6920567	0.20967335
0.9458861	0.36278605	-1.072207
0.31334567	0.114156544	-0.19000617
0.60966533	0.1219722	-0.40389287
0.18472594	0.31785816	0.7937147
0.01327008	0.40401542	-1.4691311
0.96273947	0.770968	0.0013219118
0.30721205	0.9411736	0.3539004
0.19503498	0.016745865	-0.6030698
0.3563831	0.6805105	0.27789629
0.10282719	0.7944436	-0.022789482
0.97560734	0.7154349	-0.28449342
0.24007076	0.36020732	0.1586433
0.52819127	0.68124855	-0.75248635
0.058057427	0.2687909	-0.40816855
0.7831673	0.33316427	0.55811507
0.2512833	0.1533953	-0.25198826
0.8786167	0.67507994	-0.061221547
0.7926986	0.4388842	0.005973311
0.5898271	0.05610615	-0.26532558
0.623249	0.026061177	-0.61400914
0.42398208	0.46418917	0.07066313
0.08971	0.30353928	0.17105594
0.9720871	0.08803815	0.7209981
0.29953474	0.11506963	-0.17192969
0.81904507	0.47184294	0.15255406
0.88480633	0.24620134	-0.25348276
0.9440244	0.086182594	0.26427338
0.70709467	0.5530923	-0.68251806
0.8679344	0.636175	-0.16433172
0.83996284	0.5533954	-0.07594726
0.59912294	0.48777688	-0.44207054
0.19534624	0.3549822	0.7913437
0.24643481	0.014241099	-0.22994077
0.10813594	0.28445655	0.6100312
0.2746085	0.9703825	0.82141143
0.36253178	0.2679596	-0.2610587
0.9011267	0.84190905	0.47941476
0.08303738	0.5015595	-0.8088793
0.6692133	0.54809785	-0.14046103
0.31179893	0.7235346	0.22326091
0.31627727	0.298742	-0.46793067
0.48588836	0.960894	-0.21776733
0.8876422	0.47821003	0.30911005
0.7584807	0.07483941	0.38206238
0.39791512	0.20224637	-0.15203992
0.7518318	0.39011955	-0.25358054
0.40556532	0.09421331	0.62364215
0.0858717	0.16113997	0.06954488
0.1505323	0.4724288	0.4457168
0.9184785	0.949688	0.13004407
0.06186247	0.810746	0.29300648
0.9068388	0.43130082	-0.18574014
0.3685876	0.70673704	0.13895614
0.73468137	0.2380867	0.062452458
0.6599631	0.49750644	-0.5240243
0.9233607	0.59007996	-0.27866516
0.5906682	0.9943686	0.25869825
0.13448876	0.7994446	-0.52765113
0.75533277	0.2007621	0.47270197
0.2664662	0.5374139	0.24706209
0.35116982	0.1268394	0.07462167
0.45858967	0.71854174	-0.5271352
0.5196118	0.2969324	0.091814734
0.9421485	0.6066347	-0.2949605
0.6513568	0.895752	0.21749395
0.98851466	0.5711921	-0.5499785
0.064000785	0.07208389	-0.07162094
0.087679625	0.6980299	0.12743075
0.15885836	0.083952844	-0.402125
0.21164083	0.23012036	-0.0117145935
0.18545073	0.7226977	-0.78547114
0.8242452	0.19222814	0.059983306
0.46066278	0.9050045	-0.42414454
0.15975463	0.356726	0.8680112
0.31761754	0.8214106	0.37511283
0.26482564	0.72380346	-0.2110379
0.4351235	0.4868403	0.032999765
0.32195425	0.24553263	-0.4867111
0.5510341	0.86582917	-0.0021419395
0.6725821	0.37994206	-0.9317007
0.50070167	0.70809275	-1.0746603
0.5962883	0.74685	0.23936833
0.9932378	0.93066543	-0.030069288
0.51272345	0.7191274	-0.9467098
0.38106698	0.28001404	-0.18231808
0.23828298	0.12559581	-0.25205353
0.9793281	0.3638289	-1.2993041
0.20992523	0.6168173	-0.36225358
0.39720476	0.91485095	-0.19575481
0.23333794	0.46882355	0.45915976
0.85715777	0.5636713	-0.0023127124
0.6258962	0.11537045	-0.5584104
0.5369376	0.9928508	0.3026716
0.53556746	0.91207093	0.08604178
0.34489274	0.53269625	0.33965418
0.18093127	0.5009027	0.54307216
0.66823983	0.12644911	-0.79609007
0.4348498	0.2913342	-0.2986708
0.7194633	0.7222639	-0.041040733
0.33288187	0.7826196	0.28145468
0.09849852	0.54453254	-0.46818975
0.9782626	0.03544277	0.63177323
0.7432349	0.4033758	-0.44043374
0.2308715	0.52219075	0.3350077
0.9221535	0.97430414	0.06729019
0.81311256	0.5331252	-0.23440877
0.5503582	0.51345485	-0.39463443
0.79274994	0.8251151	-0.4015203
0.7389292	0.7276181	-0.37347624
0.25012726	0.9630698	0.9037054
0.38418823	0.6486732	0.2043357
0.63076115	0.31992108	-0.5729842
0.6743393	0.13788253	-0.75500345
0.8590965	0.020495832	-0.21221411
0.29447496	0.1837228	-0.27999827
0.1287595	0.2196629	0.63570976
0.7837023	0.6599932	-0.64864856
0.89056885	0.055517256	-0.3674228
0.7181116	0.70652694	0.027254168
0.46712345	0.2652952	-0.34107453
0.8922725	0.010969281	-0.31237346
0.30010164	0.10719466	-0.18605909
0.14594048	0.07720989	-0.29357496
0.9254419	0.21884888	-0.051393434
0.19265133	0.014225066	-0.5971605
0.6625599	0.21347892	-0.8203723
0.5239441	0.5410773	-0.29396218
0.17028219	0.965879	0.73928505
0.2878847	0.07269204	-0.10643545
0.054667413	0.54784393	-0.921927
0.7914345	0.14072603	0.43187574
0.017903626	0.015696585	-0.0957699
0.68063056	0.18537414	-0.8206271
0.6621811	0.85771096	0.36771846
0.35040033	0.46588767	0.118654795
0.4034238	0.6201674	0.15815866
0.63854545	0.017522216	-0.6387118
0.28363276	0.6850072	-0.09838019
0.87934595	0.62094045	-0.15829515
0.102653444	0.76896805	-0.061053917
0.31296974	0.8559953	0.422776
0.75290936	0.19100034	0.32597163
0.30658263	0.24146861	-0.42722172
0.116337955	0.7554542	-0.22912735
0.5823096	0.10770118	-0.089447536
0.9374261	0.82454705	0.35882863
0.32237267	0.6582611	0.31740966
0.5410449	0.34903795	0.10518389
0.75769144	0.22531235	0.4498549
0.053048074	0.44707984	-1.3894433
0.011499286	0.69055045	0.140394
0.9141543	0.48910695	-0.21341358
0.38023293	0.506773	0.14535937
0.91123205	0.652998	-0.093219265
0.5528036	0.30660903	0.33664498
0.25868148	0.88609034	0.7595017
0.23038834	0.7855654	-0.41943976
0.90983295	0.22314692	-0.15906005
0.42651546	0.59840643	-0.06961052
0.6457275	0.79230803	0.5873962
0.928538	0.59359336	-0.2541748
0.4821778	0.8746593	-0.4570224
0.8673057	0.07554132	-0.33950078
0.75977075	0.76136684	-0.49583372
0.80551744	0.7185357	-0.40993828
0.76584053	0.46073258	-0.5768493
0.5777716	0.72854686	0.052308396
0.335517	0.05113542	0.061796233
0.43329686	0.7950294	-0.061063655
0.3036998	0.55696136	0.14371398
0.4275365	0.466958	0.061624438
0.9739847	0.0022832751	0.5357248
0.50895816	0.34090638	0.1701393
0.71353835	0.5777454	-0.6014406
0.54156154	0.5050883	-0.26166695
0.5546941	0.028303087	-0.099803135
0.32610893	0.43522787	0.077383466
0.53162605	0.19121838	-0.12562022
0.036248922	0.08158487	-0.13013385
0.7416375	0.028117597	0.30282098
0.09039837	0.45649403	-0.51709473
0.9471169	0.5687843	-0.42250976
0.24033803	0.036776662	-0.25401437
0.6883763	0.27928305	-0.7856104
0.43894	0.19839978	-0.34610426
0.6635727	0.2594024	-0.7133382
0.80987215	0.079283416	0.37744805
0.45508772	0.41989583	0.26512513
0.22260505	0.89580905	0.46016315
0.42907733	0.5950769	-0.10623075
0.7548539	0.23721504	0.4203194
0.56503475	0.97352874	0.22624062
0.9210282	0.26146162	-0.22590593
0.8760909	0.034866035	-0.2762519
0.15079308	0.7385891	-0.6202017
0.869045	0.2325936	-0.26369327
0.5391718	0.6741857	-0.6423225
0.92434084	0.14625102	0.023702197
0.7705248	0.81456614	-0.43037593
0.6732319	0.5433814	-0.25043118
0.017642975	0.27333593	-0.9224937
0.09241861	0.6964242	0.115049094
0.7865385	0.533036	-0.6114766
0.43374413	0.54876935	-0.09433373
0.91964257	0.42682207	-0.5338015
0.29733467	0.99504495	0.51512235
0.4629622	0.8884604	-0.4027376
0.9759473	0.042559326	0.6678587
0.2837944	0.017104387	-0.26143318
0.3045187	0.8113761	0.344451
0.56905437	0.18596685	0.29180366
0.44807094	0.32155895	-0.1176627
0.40782034	0.3064434	-0.1509143
0.037299633	0.17610526	-0.35423332
0.5721029	0.11484629	-0.03537002
0.6191225	0.44431078	-0.5044023
0.28667206	0.9069942	0.70576864
0.83501387	0.49362636	0.27024734
0.3090843	0.071911216	-0.058979876
0.7449324	0.4315635	-0.6179745
0.71295094	0.5448355	-0.8655688
0.5025139	0.9596509	-0.046414062
0.32352233	0.6497635	0.27413812
0.7857069	0.111398995	0.48461473
0.20812702	0.050608277	-0.5363286
0.2682501	0.64342195	-0.038985252
0.70664746	0.44631284	-1.0466677
0.27019107	0.122057974	-0.20982629
0.8352943	0.8533451	0.05147081
0.28492874	0.41122305	-0.01865847
0.18019354	0.2636171	0.47647092
0.64189136	0.6692292	0.631135
0.74656063	0.33343053	0.0851969
0.5659343	0.21960235	0.3430924
0.30550134	0.22161174	-0.40917492
0.23499548	0.68206155	-0.54520404
0.32628077	0.011202335	0.019826543
0.116101146	0.10485917	-0.022979433
0.74780333	0.46813768	-0.8671843
0.47154427	0.12189227	-0.25436163
0.45400614	0.9543195	-0.38569707
0.7035115	0.69252056	0.2915647
0.12536013	0.84203225	-0.2833625
0.37550855	0.4894063	0.11865741
0.78459066	0.5637961	-0.66305083
0.9365604	0.9528681	0.3201108
0.08603811	0.39958042	-0.4308862
0.95116025	0.78950715	0.101866655
0.33635014	0.30578262	-0.41494042
0.72730225	0.9894049	-0.9357394
0.26856637	0.6599321	-0.1138227
0.04191804	0.7954299	0.16682814
0.15148216	0.70628124	-0.5486213
0.20461303	0.4093384	0.782162
0.48034906	0.26583797	-0.24520573
0.041725397	0.04023069	8.023903e-05
0.55040145	0.28137547	0.37425783
0.09312165	0.73951614	0.17415853
0.40529412	0.0074574947	1.1370237
0.008253753	0.51851696	-1.0098319
0.4677207	0.66392434	-0.7436667
0.2372415	0.6290248	-0.25304437
0.7025182	0.19920552	-0.6767427
0.29156756	0.10975963	-0.17961408
0.3200161	0.4646169	0.25900334
0.89227426	0.86732924	0.46689218
0.25064605	0.62330925	-0.22525826
0.045241952	0.7197213	0.25738388
0.288625	0.9923507	0.6203035
0.10178435	0.25128227	0.4728466
0.6425835	0.8013138	0.5162847
0.74982744	0.15013438	0.15261343
0.5865606	0.88492966	0.17454961
0.8340674	0.3539039	0.45933867
0.570552	0.6459298	-0.31047547
0.81733185	0.64859563	-0.3033816
0.23226339	0.52830076	0.3530802
0.19853103	0.55472666	0.15652089
0.62269264	0.7390191	0.5147519
0.7451459	0.62211895	-0.75365454
0.6594067	0.13784415	-0.7576417
0.92122495	0.54085475	-0.18395612
0.66035575	0.67170644	0.7137975
0.21493149	0.07412845	-0.47206047
0.93696445	0.83889884	0.41218147
0.48174882	0.48852813	0.20514235
0.54587674	0.40544683	-0.095236145
0.562363	0.741951	-0.18463823
0.843381	0.86588293	0.075018145
0.29448622	0.07434046	-0.07687942
0.98570156	0.07901949	0.7736839
0.07358867	0.9013575	-0.058178913
0.5293187	0.5793613	-0.5337749
0.45173514	0.04423964	0.6699593
0.2896592	0.8763855	0.67159307
0.15626168	0.61849344	-0.22914761
0.48336774	0.56747913	-0.33199173
0.12959647	0.61143273	-0.19159693
0.349909	0.23431921	-0.36791247
0.2580518	0.43280083	0.0731857
0.47223294	0.94423586	-0.28484198
0.0072752237	0.43358153	-1.3636503
0.91229784	0.9391801	0.09922339
0.28904527	0.54049265	0.22018844
0.73204476	0.9633598	-0.88692355
0.93782866	0.7083886	0.009182621
0.9515398	0.2180813	-0.004507387
0.16307104	0.4054922	0.83888745
0.40873885	0.31869775	-0.09322233
0.45184463	0.23762125	-0.43236503
0.4841144	0.6098243	-0.6078746
0.98227006	0.764801	-0.3122742
0.23966354	0.5404334	0.26068434
0.3601395	0.76007086	0.21269475
0.44879282	0.23296934	-0.47552067
0.9241765	0.6895979	-0.035162166
0.26843572	0.6979613	-0.19433065
0.8407224	0.9003163	-0.33894265
0.18910784	0.48439282	0.599284
0.35877174	0.002728939	0.5630361
0.30432194	0.3433336	-0.36953208
0.17530668	0.63437974	-0.3238563
0.20219517	0.9732147	0.8123905
0.061546624	0.15748924	-0.12822594
0.9305027	0.98579985	0.08935628
0.18900472	0.035735607	-0.613257
0.3609059	0.9001207	-0.03215833
0.27635902	0.19827509	-0.20351017
0.48818874	0.6699473	-0.9093975
0.07898325	0.20095915	0.06434469
0.19981462	0.09994018	-0.5443693
0.6754174	0.8762843	0.17170057
0.7516089	0.16364461	0.2645257
0.057819545	0.4202674	-1.3279377
0.38034403	0.7022687	0.19174147
0.10445434	0.7458198	-0.06940132
0.18227541	0.49392617	0.49078536
0.4257155	0.27995062	-0.38149726
0.09597427	0.16724741	0.18757924
0.07228863	0.2708844	-0.10506168
0.101045966	0.9030992	-0.12629147
0.8346116	0.042461097	0.106184125
0.34682155	0.0012179017	0.28107482
0.6724833	0.005180478	-0.40401205
0.5685116	0.48295856	-0.3651796
0.8130206	0.86380327	-0.31097308
0.48774278	0.20408678	-0.51215386
0.1105898	0.045193434	-0.20899898
0.09414786	0.22465616	0.35749054
0.788174	0.4910047	-0.38909498
0.061201572	0.17593265	-0.0768032
0.08819151	0.23811239	0.29718494
0.89180505	0.9708934	-0.34596726
0.67995435	0.13563657	-0.7214137
0.22835588	0.15039659	-0.33769006
0.16754466	0.5945255	-0.20107937
0.6215694	0.24616414	-0.22057328
0.90276766	0.49698436	0.017250823
0.96989095	0.9291019	0.0901312
0.19968432	0.14554334	-0.40823084
0.05780548	0.93472445	-0.42172927
0.73145	0.02232945	0.10182491
0.77556944	0.41726398	-0.11989737
0.41533	0.90043676	-0.19861162
0.44585	0.090562284	0.33100748
0.06666678	0.7500805	0.35569835
0.46395904	0.3386768	0.051987357
0.9312883	0.5625651	-0.41461283
0.46866745	0.90452707	-0.35627145
0.8387467	0.94018626	-0.74480265
0.9123691	0.7029764	0.062456824
0.7378276	0.15936327	0.084064774
0.58331025	0.875542	0.10938189
0.6796798	0.4855801	-0.8096655
0.50633335	0.8844952	-0.328062
0.03201109	0.08851099	-0.18658224
0.36883384	0.7803573	0.18096974
0.9089909	0.5131417	-0.11721794
0.11837721	0.97207713	0.1196934
0.8479227	0.24844146	-0.14667201
0.4651659	0.20973009	-0.45094272
0.10896653	0.43765867	0.007008884
0.12996674	0.3681425	0.65112174
0.95653796	0.2641961	-0.41550767
0.22197664	0.027981043	-0.46803898
0.9598346	0.9533708	0.14948155
0.2643171	0.28467137	-0.23179188
0.71249634	0.43008095	-0.93282986
0.43906748	0.49565774	0.083253145
0.04608184	0.34985143	-1.1920561
0.9710427	0.95390177	0.113603346
0.8547397	0.9063374	-0.2518374
0.40300333	0.8748324	-0.097518116
0.18925744	0.7497588	-0.84193057
0.30900073	0.017458022	-0.042027306
0.74139166	0.98632324	-1.1711211
0.10882908	0.8736469	-0.16805515
0.6190756	0.0513376	-0.59047437
0.6422571	0.9026427	0.27216214
0.85258883	0.47828096	0.4053961
0.40500963	0.38062656	0.045234658
0.011053622	0.28609782	-0.93828267
0.97277176	0.045166016	0.61365175
0.6615016	0.5404364	-0.16373241
0.18642014	0.9453204	0.5483462
0.070596695	0.85289246	0.095312044
0.6865132	0.38038844	-0.9587762
0.7692673	0.26314777	0.67870206
0.8364711	0.84436345	0.1623875
0.45889026	0.015158355	0.65496695
0.006531596	0.25712115	-0.8522617
0.9333114	0.2590217	-0.24733236
0.05070418	0.6962734	0.15386815
0.9736241	0.84310794	-0.09073451
0.60970825	0.7741784	0.35462406
0.38876224	0.39237672	0.06285793
0.7458329	0.6250479	-0.73346394
0.1362797	0.97565854	0.37359628
0.9852437	0.4414429	-1.420409
0.58889914	0.6290534	-0.059998877
0.8645934	0.49622494	0.32745594
0.89277977	0.47775322	0.22757584
0.8319722	0.7475753	0.17881641
0.55889636	0.43752778	-0.24633437
0.52582085	0.48566806	-0.075098075
0.100385904	0.6182177	-0.20747355
0.3020553	0.20380336	-0.38448676
0.06038797	0.00057035685	-0.0016766749
0.6628318	0.402485	-0.9051518
0.81297857	0.6095352	-0.44964966
0.0854941	0.5423946	-0.6612677
0.2435345	0.34212583	0.023128293
0.7162957	0.90086424	-0.37934023
0.34856623	0.19230253	-0.2205179
0.02511233	0.76354456	0.18162003
0.074329376	0.6732233	0.114433885
0.37128788	0.46065736	0.050904136
0.8305912	0.91020995	-0.4880281
0.6194556	0.32382858	-0.46893412
0.8274152	0.10450578	0.15988661
0.687893	0.9250413	-0.18353568
0.6818732	0.33368397	-0.8072088
0.4875062	0.5049372	0.12125697
0.60378957	0.88554585	0.19585715
0.2156958	0.8817729	0.29056343
0.6829182	0.9558656	-0.27778524
0.29265922	0.5120435	0.18956512
0.65636885	0.91514194	0.10791014
0.84907496	0.8866924	-0.023227584
0.49481684	0.3584572	0.35504228
0.89475614	0.9060125	0.23419532
0.89308184	0.14742494	-0.38056314
0.43638563	0.6302973	-0.16281144
0.64573306	0.04462403	-0.6920371
0.40275747	0.25699025	-0.26967126
0.72016656	0.35054636	-0.59862936
0.008071661	0.06303507	-0.25181794
0.2856179	0.17527562	-0.27458936
0.4823717	0.50266117	0.14157517
0.74062175	0.73474824	-0.3748672
0.16458368	0.578372	-0.10518056
0.7573982	0.867873	-0.6916048
0.16666734	0.2878605	0.70050794
0.73220325	0.4724298	-0.9227824
0.7721952	0.079019845	0.47506422
0.31038612	0.87165284	0.4321272
0.7777748	0.7921655	-0.51927257
0.9525578	0.6546037	-0.18298562
0.5002954	0.724181	-1.0286167
0.8447872	0.042921722	-0.050140657
0.43456876	0.84787804	-0.23516981
0.6168069	0.12878561	-0.41286984
0.08476663	0.86829555	0.0712285
0.5044647	0.85104597	-0.49696305
0.8392544	0.14390862	-0.13670592
0.92401457	0.98747617	0.047601406
0.24737984	0.1485945	-0.19417834
0.20813876	0.8359057	-0.2628575
0.5635132	0.5822912	-0.46298134
0.8202072	0.8027517	0.08618418
0.32839543	0.03238213	0.07100201
0.047911644	0.56624115	-0.80692774
0.65567434	0.4239909	-0.7792525
0.590514	0.58436394	-0.15411994
0.6109648	0.17588276	-0.19600664
0.23903179	0.41897005	0.32154527
0.10710323	0.96239126	-0.015318338
0.5338578	0.01992482	-0.17357211
0.15599388	0.59002906	-0.17852214
0.007071674	0.56104267	-0.65691555
0.6180704	0.28966928	-0.31146827
0.84405166	0.06523067	-0.11601377
0.0719769	0.04286319	-0.13858365
0.36682624	0.9802778	-0.2840001
0.5414372	0.6730956	-0.55244476
0.30503297	0.31717664	-0.48214793
0.83016497	0.17571193	-0.0077603823
0.5900167	0.6067869	-0.13466257
0.8297295	0.32300466	0.38927844
0.34388673	0.2108193	-0.277324
0.8320172	0.018610537	0.14469175
0.6699768	0.47865945	-0.7216935
0.056637704	0.032946646	0.023816995
0.017897308	0.48712277	-1.2729261
0.16410851	0.26464248	0.55027
0.93784714	0.4128611	-0.94739306
0.8314961	0.64614564	-0.1914456
0.8493261	0.12391597	-0.19724
0.40174782	0.48412472	0.14264338
0.32947654	0.30310935	-0.476951
0.24694896	0.050311267	-0.30411398
0.2792316	0.53801274	0.20965253
0.8434248	0.626473	-0.2404998
0.9765156	0.24874657	-0.38605553
0.3271644	0.6669394	0.3280027
0.069775105	0.17392176	-0.012327292
0.056008756	0.9558685	-0.512719
0.53563446	0.5939012	-0.58988446
0.6120024	0.9720603	0.22371663
0.31037283	0.34231776	-0.34803975
0.943393	0.12328303	0.24595106
0.4329639	0.63707495	-0.15866768
0.32570225	0.50861007	0.27666742
0.72635406	0.17129874	-0.093283944
0.41094506	0.5563828	0.060954332
0.72581065	0.06974679	-0.04801336
0.8274332	0.3383574	0.46510255
0.56904167	0.17305851	0.23268941
0.15957272	0.57182825	-0.02253101
0.72106516	0.60069954	-0.57232004
0.8697445	0.7091862	0.22132371
0.27630383	0.06786686	-0.1915637
0.64877707	0.9196986	0.17239918
0.1549061	0.8587314	-0.28736892
0.32255912	0.5122602	0.24962166
0.53718835	0.949242	0.116169184
0.5580812	0.49456674	-0.37484464
0.69297695	0.954418	-0.4361298
0.15110636	0.88342553	-0.15604264
0.9499062	0.08143419	0.36940795
0.467409	0.64690727	-0.65399677
0.5518295	0.19329876	0.17863975
0.9403779	0.8024817	0.2803674
0.40719676	0.07351506	0.8318934
0.061689794	0.58952326	-0.60963184
0.5299674	0.18297225	-0.11949312
0.5598521	0.9829149	0.2848176
0.9640996	0.32283288	-0.9853243
0.43725574	0.65591675	-0.21469939
0.94260305	0.51538634	-0.6381459
0.57753116	0.24156791	0.43816352
0.065484166	0.8615821	0.04489059
0.6783263	0.6784381	0.66437757
0.50184196	0.36771888	0.28705367
0.5573539	0.18649817	0.20653254
0.25997585	0.7410628	-0.22850299
0.95453113	0.61655945	-0.32588586
0.86737096	0.668743	-0.07564366
0.5228629	0.84151864	-0.28739107
0.26280707	0.65082186	-0.2172842
0.48121053	0.41444874	0.34138456
0.3466453	0.79639035	0.20431934
0.7270209	0.027852356	0.050867304
0.14831066	0.3814538	0.7805042
0.08298302	0.36243492	-0.31473714
0.058110237	0.59267217	-0.61516494
0.00087451935	0.44969875	-1.2557993
0.6671636	0.32719648	-0.7548186
0.6031031	0.4510597	-0.5213717
0.5515192	0.79640096	-0.1190339
0.21994281	0.2404499	0.009095844
0.57207346	0.18665743	0.27112854
0.87572974	0.83523273	0.49863976
0.38357532	0.9608359	-0.30498362
0.3812477	0.19436991	-0.04048365
0.037819386	0.46321934	-1.4198261
0.09312928	0.18631119	0.30368307
0.01145035	0.1293605	-0.46349373
0.7618591	0.8317593	-0.5032228
0.93906665	0.6674113	-0.13526638
0.6192121	0.27333444	-0.2777409
0.14195973	0.54568183	-0.04948329
0.46579725	0.8634795	-0.5155618
0.71421206	0.4054768	-0.90598905
0.07706344	0.2572567	0.010116333
0.18226296	0.67136955	-0.566233
0.60672987	0.82528174	0.3361052
0.5621324	0.666954	-0.32541957
0.79348785	0.63365287	-0.6360964
0.27322066	0.704326	-0.107737854
0.8213389	0.43263507	0.35992205
0.7840528	0.73380095	-0.5486395
0.62923294	0.1289565	-0.61967826
0.9915526	0.69269687	-0.28357205
0.10409504	0.24546015	0.51931685
0.023288906	0.2851292	-0.93722516
0.30687428	0.7771437	0.26368093
0.5525702	0.107004344	-0.05537711
0.64797443	0.8890851	0.3052857
0.3703578	0.29678106	-0.29534122
0.88305956	0.12250501	-0.46291322
0.8295503	0.05255431	0.22694165
0.46476132	0.20015228	-0.45630053
0.28996015	0.5042527	0.23226066
0.42943507	0.07427055	0.6947121
0.019961596	0.6983958	0.15921158
0.9684019	0.153763	0.51492256
0.5799364	0.3234033	0.23241857
0.89109033	0.8053908	0.48113507
0.03259784	0.80211145	0.11375453
0.9926859	0.79997766	-0.2540158
0.82177496	0.37287968	0.49369988
0.10551995	0.07248694	-0.09055662
0.509933	0.6478663	-0.7779521
0.6258522	0.60991204	0.22685844
0.21239442	0.16696292	-0.27553803
0.66798544	0.5799883	0.11598398
0.5002312	0.9610945	-0.096765116
0.45952272	0.31387562	-0.11107806
0.0804742	0.54591715	-0.76624256
0.54510653	0.7160983	-0.44836998
0.7402404	0.676086	-0.46991298
0.16754764	0.9285567	0.44743815
0.65668786	0.029816508	-0.63401735
0.0007097721	0.42796874	-1.2629154
0.36316448	0.08097106	0.4882758
0.9881254	0.39346868	-1.4168876
0.38981843	0.9797108	-0.4135142
0.16422832	0.43782234	0.7308554
0.75692487	0.7723697	-0.49604392
0.38463175	0.6368239	0.20816603
0.6089122	0.0695318	-0.5348432
0.6121742	0.8657076	0.2787178
0.91244143	0.9349306	0.13318871
0.032099485	0.6342588	-0.027888939
0.14680755	0.46316636	0.42955196
0.16864204	0.1857239	0.09480776
0.26772994	0.12885141	-0.20255442
0.5639919	0.4446599	-0.25184447
0.08733696	0.21363473	0.28572276
0.0881356	0.84223527	0.05566279
0.8138394	0.067248106	0.366414
0.71426076	0.59948504	-0.46100834
0.17937791	0.0491814	-0.5613806
0.45475966	0.97464883	-0.39374056
0.46268022	0.3180182	0.00778462
0.83630365	0.8147517	0.2924065
0.9017055	0.93143	0.0897336
0.07391399	0.38328236	-0.79495144
0.32297194	0.8711389	0.32093933
0.93872064	0.29893714	-0.6085811
0.1627801	0.15650529	-0.04727567
0.313762	0.9482399	0.3390089
0.05423194	0.50864834	-1.259653
0.6005182	0.29870754	-0.010813478
0.38235962	0.36471933	-0.059755202
0.14372742	0.7906886	-0.5722642
0.83630675	0.13931608	-0.040839992
0.14795595	0.8667703	-0.24546145
0.42863053	0.53825915	-0.010571176
0.16497487	0.4662094	0.55629486
0.5381109	0.5621735	-0.45918307
0.77275723	0.81592846	-0.42155805
0.18917519	0.15842319	-0.2922816
0.51953703	0.59020144	-0.54464483
0.8087028	0.8051582	-0.13983798
0.71696943	0.4458363	-0.90585357
0.74637514	0.6613514	-0.6461743
0.3584674	0.6772616	0.2815928
0.56099594	0.5866205	-0.46386918
0.84452176	0.6522903	-0.15235108
0.24416476	0.09549689	-0.2886198
0.23865932	0.0044475794	-0.39029554
0.7639848	0.071264446	0.43235153
0.1903559	0.21957654	0.0037121288
0.99957365	0.78260636	-0.35584867
0.36352557	0.9358368	-0.16373315
0.7557325	0.0630272	0.37817612
0.64145035	0.68654734	0.6902469
0.3744201	0.35982198	-0.11053801
0.3910855	0.1669051	0.11080925
0.095363915	0.6311363	-0.16922921
0.48369902	0.16915709	-0.5133157
0.5856815	0.5311332	-0.38320002
0.4976887	0.92233586	-0.26858822
0.52134854	0.636737	-0.6944873
0.3265313	0.7343993	0.22605875
0.8033399	0.5962479	-0.42369902
0.6601941	0.14908832	-0.7741868
0.7089316	0.7578383	0.16448298
0.14797664	0.9763602	0.5745034
0.9800278	0.48041707	-1.2150396
0.021804392	0.32357562	-1.1779094
0.33116686	0.6950117	0.2719036
0.4353559	0.25150156	-0.40424377
0.8526134	0.42738003	0.51483446
0.27299464	0.778908	0.13152954
0.59451973	0.7038905	0.16608548
0.16437465	0.83913356	-0.3911822
0.98923236	0.46877557	-1.215801
0.20993441	0.356821	0.6565343
0.92048854	0.75847197	0.22439662
0.46523547	0.48311818	0.15178752
0.92941725	0.6730234	-0.09498058
0.4258588	0.35425156	-0.012871967
0.63752794	0.8574338	0.33970222
0.5815429	0.8893843	0.1749061
0.9430168	0.84252906	0.35012063
0.43726856	0.5429766	-0.11745159
0.31768453	0.82743406	0.3804936
0.17621696	0.7918489	-0.6977043
0.180848	0.40333557	0.8619991
0.65473163	0.4602372	-0.681817
0.67021143	0.0012868643	-0.4484292
0.7843099	0.22195733	0.5310548
0.91533077	0.96661574	0.036018167
0.47597748	0.84216356	-0.5703123
0.23698789	0.31600642	0.040448822
0.93662876	0.48449183	-0.7177572
0.9448063	0.2499373	-0.25244775
0.6997456	0.026852965	-0.2747033
0.012009501	0.022592545	-0.16837296
0.77659637	0.76666665	-0.52832216
0.011190414	0.42059314	-1.4809455
0.646079	0.10510075	-0.7860037
0.7471384	0.9960033	-1.1952813
0.5896453	0.20162243	0.25740877
0.08310497	0.0074152946	-0.20148486
0.91656494	0.7773356	0.35614464
0.7769256	0.75499594	-0.5268769
0.34028393	0.42292798	-0.036212012
0.62523556	0.66145676	0.49137443
0.72344154	0.59510946	-0.6653914
0.43007475	0.39271992	0.045200028
0.6966769	0.24690235	-0.7215674
0.36798108	0.62325305	0.30944365
0.9536492	0.31830525	-0.9019958
0.010211825	0.15722376	-0.54809
0.4526047	0.3993643	0.20253521
0.6613743	0.96155846	-0.08214868
0.5897086	0.16242611	0.081718005
0.44680667	0.5003781	0.026412431
0.24179864	0.41016692	0.2546425
0.5321385	0.68527806	-0.6914437
0.046245456	0.66512644	0.079473734
0.59064573	0.99160254	0.22396043
0.022065163	0.8801157	-0.29454863
0.36786902	0.8700074	-0.031048365
0.107310414	0.90327245	-0.10778842
0.47140735	0.6421319	-0.6433433
0.92648685	0.010426462	-0.023475945
0.43699515	0.30772102	-0.20018071
0.5470019	0.8511376	-0.07109396
0.58396804	0.3783344	-0.16326377
0.5893456	0.87071824	0.13533257
0.055862784	0.4566459	-1.3454043
0.18975276	0.4023025	0.923536
0.41035503	0.28934264	-0.21651118
0.008989096	0.063684404	-0.27107322
0.716196	0.70374537	0.013354998
0.974448	0.1986922	0.14818951
0.43950576	0.99607795	-0.33378366
0.28671473	0.45573986	0.17941132
0.30033726	0.054045737	-0.11424461
0.850533	0.06782997	-0.12543611
0.1393798	0.9577822	0.2650161
0.36278903	0.3036886	-0.32077497
0.32961679	0.116181314	-0.09014756
0.48659456	0.59955055	-0.46545613
0.24295878	0.64284986	-0.32918054
0.8938608	0.16391814	-0.28242195
0.34997237	0.29246682	-0.3911409
0.1852659	0.5419654	0.1836306
0.23947829	0.62572044	-0.24492031
0.42294663	0.048092067	0.9610819
0.39343423	0.8684424	-0.028387617
0.90862167	0.09884596	-0.27918053
0.0746848	0.90380526	-0.1097775
0.18220526	0.66952527	-0.56436425
0.21560788	0.44773293	0.73232156
0.7940723	0.062182605	0.54110616
0.60896885	0.42529672	-0.4482932
0.5804265	0.7619501	0.079385534
0.5850774	0.8104873	0.15114278
0.78862476	0.8760623	-0.7351174
0.97250247	0.40141213	-1.4098095
0.2780336	0.91509056	0.75555325
0.72544104	0.26639104	-0.18823192
0.29381883	0.3940723	-0.11646495
0.9081446	0.97148526	-0.1150218
0.6941476	0.18477315	-0.7690926
0.34697098	0.24731106	-0.31111497
0.053028166	0.17845309	-0.13646935
0.42336285	0.25585324	-0.34139845
0.18538254	0.48513705	0.585217
0.3833363	0.7536653	0.16766064
0.20637035	0.25724947	0.27462214
0.7305139	0.785943	-0.15766427
0.41166925	0.70695645	0.11711293
0.326554	0.23857367	-0.4714615
0.3125006	0.7455389	0.19050588
0.9602666	0.71708727	-0.18681398
0.99323237	0.21511757	-0.10112515
0.85755384	0.09111792	-0.24952056
0.5250189	0.47882944	0.021354865
0.3766777	0.19861728	-0.064720266
0.51490617	0.005414784	-0.114226766
0.68221396	0.18161285	-0.8162017
0.0680086	0.321513	-0.52996784
0.17065167	0.4228716	0.8054445
0.56225026	0.6011378	-0.4166117
0.50859314	0.3528934	0.21061768
0.4245252	0.7931371	0.026164984
0.14428389	0.7429837	-0.5764483
0.06817746	0.23342144	-0.13449363
0.6703042	0.5989466	0.35596585
0.79418993	0.57420605	-0.5506912
0.4148152	0.9194065	-0.2487856
0.13824981	0.89251494	-0.09924455
0.50802654	0.8765429	-0.31360567
0.16760498	0.5317278	0.17761698
0.37979037	0.13423389	0.27192652
0.14311206	0.37876117	0.7882736
0.7513117	0.4784441	-0.89126134
0.051429033	0.66851896	0.15748961
0.9785063	0.53962857	-0.8112209
0.61498785	0.5293044	-0.31665164
0.1388914	0.7790914	-0.6050256
0.3885644	0.72586346	0.1709263
0.8110257	0.44821358	0.2234618
0.020215213	0.95539683	-0.67342657
0.61046433	0.6274467	0.18151805
0.91826403	0.057639897	-0.13246131
0.7731101	0.5249265	-0.7866245
0.33150196	0.33776176	-0.39061448
0.79163176	0.46880138	-0.18617943
0.06559396	0.4638995	-1.1333727
0.28626645	0.03780812	-0.10702887
0.9541159	0.2342757	-0.17459942
0.5041833	0.082743764	-0.28716436
0.113179505	0.7967135	-0.2732734
0.37355304	0.005310118	0.71965504
0.31732136	0.32165056	-0.48147652
0.32594067	0.06990749	0.08143343
0.121557534	0.029132962	-0.28230086
0.27311623	0.6957665	-0.16840033
0.2855212	0.7980198	0.3204296
0.35621983	0.51956767	0.33748448
0.7563067	0.107745945	0.27397615
0.2715085	0.28376657	-0.26856226
0.07257694	0.33261985	-0.4701585
0.475895	0.12346959	-0.24235475
0.7658283	0.8289059	-0.53511786
0.11949426	0.040269375	-0.26565596
0.2290963	0.7003626	-0.71062
0.4291557	0.044297874	0.9434984
0.2962169	0.57151586	0.11809519
0.9495574	0.18777448	0.19004624
0.6069989	0.14582634	-0.21616302
0.45705777	0.736666	-0.5023747
0.09090561	0.84695446	0.018590868
0.13285917	0.4106025	0.58195055
0.15037638	0.2184028	0.4401774
0.69433826	0.2032767	-0.8074191
0.36936063	0.90885353	-0.043346066
0.8014739	0.95169884	-1.1785306
0.5090518	0.4809302	0.12326946
0.6898809	0.19907558	-0.7966283
0.046518326	0.95877266	-0.55252904
0.14087301	0.45133817	0.5395005
0.19988638	0.033651233	-0.5335791
0.7938238	0.43681562	0.0009727366
0.36414772	0.74586296	0.16601339
0.64587605	0.6349392	0.46884733
0.055885017	0.26688588	-0.4991314
0.46514148	0.8159613	-0.5947854
0.18865067	0.009473085	-0.61083704
0.34451628	0.97793967	-0.081138484
0.2208147	0.22580004	-0.030845698
0.6676689	0.67775977	0.7154285
0.02249235	0.2591452	-0.7746283
0.44919127	0.6766945	-0.38975713
0.91067547	0.75671744	0.3039244
0.9638321	0.4647618	-1.1716799
0.34559846	0.6701854	0.31923988
0.9393101	0.40526873	-0.95967114
0.25259203	0.29701632	-0.10275649
0.45467812	0.65406865	-0.47793177
0.018740594	0.46028203	-1.3519692
0.7505907	0.49542826	-0.99807703
0.4962681	0.45829928	0.3205528
0.38093048	0.359807	-0.06121798
0.36339003	0.72317404	0.16477828
0.19473737	0.86448944	-0.09315446
0.92517316	0.72714186	0.09894521
0.79872423	0.90922105	-0.83901495
0.64195013	0.34606838	-0.66642904
0.34708166	0.23357803	-0.3355624
0.3380735	0.9098704	0.11855169
0.21382403	0.41527456	0.6583109
0.4711485	0.4167872	0.338919
0.68863136	0.60875815	0.15543301
0.6695011	0.14449108	-0.799268
0.85927033	0.8623959	0.2710164
0.75808096	0.34358692	0.2178132
0.3592912	0.4997064	0.23000777
0.65615857	0.6747162	0.6603055
0.8725897	0.43830377	0.49057746
0.5845151	0.1711545	0.092680864
0.80614895	0.5415469	-0.32474804
0.15168548	0.49893212	0.28599626
0.5449211	0.72710943	-0.39558122
0.28373635	0.70085645	-0.056416534
0.19582891	0.7733958	-0.8312409
0.75223374	0.6082468	-0.7661212
0.33526152	0.680316	0.32517526
0.6432327	0.9861863	0.091782935
0.8793851	0.28517908	-0.039750583
0.64391387	0.764322	0.60663545
0.8831828	0.18524009	-0.33696347
0.93996966	0.8732741	0.35737267
0.62320596	0.43301958	-0.5543946
0.73020816	0.3513583	-0.3722997
0.43167102	0.68441224	0.008666571
0.60079247	0.43399417	-0.44954187
0.5761584	0.8408995	0.15025838
0.6251693	0.996127	0.15775813
0.33007592	0.6524244	0.38289258
0.39692742	0.08997983	0.66687804
0.09688389	0.4198801	-0.20694387
0.800463	0.9932504	-1.4051303
0.10459572	0.47161084	-0.18570353
0.17675859	0.23691064	0.27352792
0.4343508	0.08088589	0.5900204
0.54598993	0.64419204	-0.59119606
0.82248855	0.6246482	-0.33702978
0.18553627	0.6840636	-0.697101
0.96867716	0.5159767	-0.9236337
0.5002503	0.85601395	-0.51180047
0.5655615	0.746595	-0.08386017
0.09176713	0.28942937	0.21502824
0.6897019	0.11709893	-0.62755805
0.87991524	0.93608695	-0.19963978
0.02478528	0.4839334	-1.3587282
0.7391421	0.44926322	-0.88847864
0.016359508	0.6491984	0.018377773
0.44687432	0.19461703	-0.3677301
0.3890382	0.6994245	0.14090858
0.4992473	0.09086883	-0.27610347
0.9147364	0.69791394	0.01276825
0.652639	0.08737826	-0.8002675
0.12876159	0.6365838	-0.26245525
0.6522593	0.09120679	-0.7650624
0.5844635	0.21413112	0.2868699
0.1579597	0.89904	0.040027566
0.6102383	0.98466754	0.19005616
0.21358085	0.101776004	-0.48341158
0.08278155	0.67045236	0.14256668
0.8672222	0.63163763	-0.16767105
0.96646047	0.7493819	-0.089071125
0.6058938	0.6842639	0.30901095
0.1283595	0.47525012	0.21134984
0.7774291	0.08004749	0.5184219
0.39537567	0.68369776	0.22896446
0.989514	0.6077902	-0.48233834
0.56402284	0.46908844	-0.3176486
0.5707355	0.7568315	-0.06549296
0.5665228	0.8799875	0.08267143
0.1934995	0.3836965	0.8446728
0.71382403	0.94074655	-0.54159313
0.6720917	0.8654123	0.2213501
0.33288103	0.18138534	-0.33119458
0.13222593	0.577513	-0.14749373
0.363308	0.5138473	0.25333986
0.14256227	0.7240588	-0.6244233
0.11039835	0.37077612	0.39826143
0.42511427	0.7629481	0.12536244
0.66901606	0.89495397	0.13708524
0.4541365	0.4701928	0.20825182
0.16062754	0.8373516	-0.44766465
0.9505998	0.8506048	0.28284326
0.09068185	0.5929254	-0.34586245
0.27648628	0.29172695	-0.27720776
0.017188013	0.59293246	-0.49994415
0.79715264	0.7686798	-0.36670488
0.5620716	0.6735424	-0.31453618
0.64076024	0.94224775	0.14514703
0.07021755	0.0006119609	-0.0377019
0.4074362	0.95830756	-0.37657598
0.42708904	0.6981029	0.055642422
0.7362756	0.84471923	-0.34135982
0.2763372	0.39767623	-0.072555795
0.044314206	0.97455627	-0.6349349
0.5373886	0.21344924	0.033038005
0.1863113	0.21505618	0.05465759
0.9798977	0.83313066	-0.19739239
0.43277645	0.12606394	0.16833477
0.84814495	0.71906614	0.24118537
0.5966121	0.61905456	0.022099417
0.9919394	0.12372261	0.6717157
0.19450772	0.34466124	0.7793724
0.79585415	0.23928088	0.5409252
0.15085924	0.6639666	-0.40336162
0.13969928	0.46143305	0.40632844
0.61457866	0.6664789	0.3442556
0.19709492	0.71150976	-0.90821356
0.20878696	0.7553891	-0.81658286
0.8255831	0.53767985	-0.036549173
0.40221912	0.13627487	0.30809784
0.8608256	0.82860345	0.464861
0.57822096	0.3922521	-0.18960747
0.91257524	0.22228867	-0.14396144
0.38522023	0.96649265	-0.44176158
0.58124524	0.3402521	0.022897635
0.8741767	0.49746937	0.31897
0.9779333	0.4744467	-1.2337847
0.6455117	0.18805397	-0.74644655
0.33690876	0.8065218	0.23690292
0.54613554	0.114361465	-0.019494787
0.61735713	0.8178687	0.4372231
0.20973104	0.7352153	-0.9098009
0.136671	0.0635497	-0.28590235
0.68892	0.32151234	-0.8370393
0.15962386	0.22049427	0.36092418
0.069686234	0.8644604	0.029626613
0.28387487	0.9799635	0.6423783
0.5606868	0.28789693	0.39551938
0.10678083	0.13691944	0.12514782
0.9971728	0.5330441	-0.87050915
0.040917695	0.89143324	-0.29333913
0.041593194	0.93945414	-0.52477974
0.16143197	0.73043925	-0.6179747
0.11561245	0.01989472	-0.2678977
0.709552	0.6927543	0.16725393
0.69080764	0.6827765	0.5531051
0.9277556	0.19324571	-0.004594654
0.92905813	0.59740484	-0.23172131
0.31818467	0.5057475	0.27739948
0.05065173	0.8747349	-0.106601894
0.85062873	0.6822595	0.08470496
0.7533385	0.1665588	0.30303624
0.51678115	0.9659621	0.096537866
0.010166824	0.76928097	0.041403294
0.14157015	0.1079095	-0.16448648
0.3650931	0.35094857	-0.21595265
0.22409707	0.7461096	-0.7302514
0.60434467	0.9790017	0.24563679
0.8660694	0.58213246	-0.1355224
0.6172597	0.09928274	-0.55322117
0.75061613	0.33264756	0.13791154
0.010469139	0.6223352	-0.14395048
0.61073184	0.95002145	0.19243695
0.94533134	0.6650026	-0.08687349
0.015530527	0.92010254	-0.46988258
0.25469518	0.3012383	-0.13172959
0.4766683	0.85145664	-0.54109544
0.65067476	0.74999136	0.6921718
0.6251728	0.7019329	0.5286526
0.28017962	0.24376029	-0.3040488
0.8539307	0.26999313	-0.08952202
0.8619468	0.3193866	0.102208205
0.745989	0.13417774	0.19951035
0.3953851	0.8367169	0.051702756
0.17658025	0.51000595	0.37353662
0.7947098	0.53069305	-0.51794297
0.42903066	0.12262434	0.28043655
0.53808516	0.21192771	0.056106918
0.38821608	0.79483813	0.14958063
0.25893778	0.5618266	0.15108472
0.10286248	0.13538879	0.1157594
0.430148	0.6589943	-0.03298945
0.3464905	0.9021931	0.084737904
0.96329194	0.5167789	-0.91793
0.7530387	0.5382504	-1.004779
0.3727888	0.67323273	0.23916283
0.5440957	0.81703824	-0.16697085
0.38690084	0.49191707	0.1273402
0.5403321	0.4324562	-0.020072894
0.9119178	0.17150128	-0.19799925
0.7948312	0.6484604	-0.55072176
0.37698114	0.32916373	-0.15511127
0.460602	0.49273306	0.13211942
0.91056466	0.20748532	-0.15683822
0.2794903	0.2054956	-0.23330645
0.6161589	0.79383284	0.42587692
0.16159886	0.6341394	-0.28856367
0.13323408	0.2151581	0.55516374
0.8939363	0.9167961	0.08925617
0.27907002	0.9553516	0.7512867
0.025940418	0.16265476	-0.41851273
0.70692015	0.005842924	-0.12673119
0.9497804	0.5155873	-0.77645373
0.76396894	0.7815218	-0.4033582
0.8800651	0.5833685	-0.14101337
0.5146856	0.16899538	-0.35680953
0.6468452	0.8042996	0.54438734
0.8264281	0.024296165	0.18320018
0.7683552	0.6697112	-0.78613114
0.90462816	0.1565544	-0.20476077
0.22103453	0.6901041	-0.7430608
0.85944504	0.7875419	0.48530006
0.45518214	0.047192514	0.5307225
0.283404	0.35670805	-0.23931386
0.028096557	0.95730716	-0.67979985
0.9723552	0.8073315	-0.09550148
0.88569164	0.73041683	0.19387636
0.5699845	0.5786155	-0.41283044
0.68757576	0.73895514	0.54316354
0.37326354	0.47345912	0.11091842
0.67493135	0.5158264	-0.5048484
0.4584611	0.09539896	0.08593636
0.57143456	0.41420984	-0.21312787
0.79050344	0.7481783	-0.45457762
0.49775904	0.95977885	-0.15090252
0.6510196	0.50134486	-0.42151964
0.5331386	0.061849415	-0.21794112
0.9291726	0.48491466	-0.5540985
0.2556054	0.8743833	0.6105935
0.64608675	0.2553892	-0.5512192
0.06363261	0.76828474	0.34766066
0.9433741	0.13882405	0.2594025
0.80279297	0.08797073	0.5164837
0.9659878	0.6591111	-0.26017267
0.04029435	0.09685099	-0.14492288
0.46050042	0.6699825	-0.5880925
0.31056714	0.88874686	0.3816202
0.4549083	0.32103908	-0.08997629
0.85646355	0.7962853	0.4905795
0.7845824	0.6393002	-0.6873847
0.8164609	0.78757983	0.017015047
0.92548764	0.76567173	0.25947437
0.4719811	0.3797536	0.2951035
0.6538427	0.24516118	-0.7144355
0.5441547	0.8473558	-0.08149429
0.88610643	0.08614874	-0.3891378
0.3198045	0.8591414	0.38734832
0.6117937	0.54670864	-0.25909632
0.7447131	0.6328777	-0.6913003
0.8268592	0.7458634	0.06012965
0.57387424	0.6365485	-0.25624242
0.49025667	0.028333306	0.035279904
0.24012172	0.5868519	0.030710483
0.68461525	0.13225693	-0.6859241
0.17890519	0.3770023	0.90909946
0.089862704	0.07163054	-0.16346274
0.42427433	0.6750894	0.018850554
0.91419053	0.11936474	-0.12601247
0.2083888	0.7292008	-0.89240915
0.4071412	0.26001632	-0.20824383
0.65715444	0.7443115	0.67922026
0.5135169	0.016829789	-0.15741706
0.3614754	0.38735723	-0.13970517
0.04848814	0.54033893	-1.0237591
0.045729578	0.42432588	-1.4657629
0.19003946	0.04345566	-0.48947126
0.38951433	0.46635097	0.049753916
0.24789464	0.83188415	0.28954062
0.9212455	0.87451947	0.5043235
0.07226634	0.9999396	-0.44633257
0.5606484	0.84310335	0.059886567
0.18223345	0.93127006	0.4645808
0.46232635	0.8950074	-0.46872866
0.3398915	0.100575924	0.047473185
0.62055296	0.052150726	-0.6608294
0.2865718	0.40163314	-0.044775
0.054405212	0.27746683	-0.6049886
0.07137239	0.16451043	0.023101661
0.31090325	0.49885923	0.29923445
0.72069865	0.2840693	-0.35151652
0.8423907	0.5841473	-0.21163279
0.6531237	0.74638253	0.68478733
0.2488426	0.5633987	0.1485805
0.89526933	0.019693911	-0.33761984
0.37719142	0.773797	0.13524893
0.24371624	0.6393132	-0.27240944
0.10394859	0.9394612	-0.0900111
0.96183115	0.06690693	0.5237074
0.41273552	0.08733183	0.7125937
0.6888655	0.7380172	0.5619012
0.7517615	0.88108355	-0.6330315
0.48430586	0.2932939	-0.12766682
0.61298054	0.3647017	-0.49462885
0.23133206	0.6401673	-0.3310369
0.1248979	0.62641114	-0.22693124
0.65115917	0.94640094	0.07691153
0.124450386	0.37468117	0.5537883
0.30347806	0.52345055	0.23962773
0.18138254	0.92004776	0.35459483
0.12309003	0.39072174	0.54026073
0.38043165	0.53119946	0.20017381
0.5948008	0.61980826	0.044206016
0.6789557	0.5737063	-0.010519374
0.2950111	0.20634162	-0.38008323
0.755322	0.65170574	-0.728909
0.17924947	0.89788246	0.131148
0.2512846	0.02711767	-0.16499573
0.1639911	0.60362554	-0.21296588
0.5109489	0.7676605	-0.7561972
0.99485284	0.17073107	0.2937394
0.20329541	0.7686008	-0.7339592
0.2832688	0.3109061	-0.32341012
0.3011794	0.017828643	-0.06974673
0.5282509	0.68862706	-0.71140975
0.8935441	0.43428737	0.22280483
0.49134558	0.15027726	-0.4724357
0.7769806	0.2149545	0.61123997
0.3030731	0.8333739	0.46878135
0.28097296	0.89719474	0.69651055
0.8377707	0.97904336	-0.95550686
0.5840367	0.44896072	-0.37493077
0.21593028	0.9379688	0.61767477
0.66208905	0.090878725	-0.7395072
0.33986336	0.9160905	0.092333704
0.46019983	0.26001853	-0.36958635
0.5579664	0.8320837	0.055241153
0.36957288	0.63969064	0.3309695
0.7981199	0.15512395	0.43548205
0.97696215	0.2549895	-0.4510907
0.12999684	0.0018361807	-0.39946723
0.5435507	0.49024612	-0.2228606
0.3911944	0.8342913	0.06847259
0.20494372	0.2668966	0.28646
0.5036343	0.97943455	0.06519618
0.73359	0.4004388	-0.61430514
0.33489788	0.07648337	0.047055036
0.12498182	0.5515759	-0.12050542
0.010604858	0.23092318	-0.7362231
0.82560515	0.6252474	-0.25611573
0.117406905	0.018465698	-0.28150916
0.22706449	0.4781301	0.5116965
0.9692461	0.22208321	-0.10712165
0.1687488	0.21155202	0.22082692
0.90874785	0.5640234	-0.11751124
0.28358924	0.36173612	-0.22063886
0.105344415	0.36909723	0.22845061
0.21026266	0.31561112	0.5067592
0.055316567	0.6787576	0.14178377
0.28011167	0.608026	0.13966185
0.83563083	0.16975039	-0.10212106
0.124073744	0.4892652	0.022696804
0.63670474	0.4526388	-0.58151716
0.8668171	0.390467	0.46890983
0.22634143	0.5961061	-0.102394715
0.13418335	0.7448995	-0.5008771
0.15591335	0.21122652	0.35706797
0.28862864	0.8143467	0.4362133
0.75065815	0.9366568	-0.97674894
0.59251016	0.46099997	-0.4029332
0.951623	0.89379036	0.35974064
0.71506244	0.15765023	-0.35042644
0.7711055	0.031446576	0.5687118
0.96635246	0.44556278	-1.3081572
0.70928246	0.6675083	0.12128385
0.5128714	0.6071455	-0.53350675
0.17806047	0.120150864	-0.3833535
0.102389276	0.9408955	-0.05277437
0.26098996	0.9057307	0.7723031
0.8710316	0.28489703	-0.06890318
0.6849589	0.23108709	-0.819739
0.29475355	0.5459941	0.14764729
0.8962228	0.8270054	0.53720576
0.904819	0.023001373	-0.20172104
0.9763138	0.23645282	-0.21123414
0.7901177	0.68985665	-0.5846229
0.11063492	0.39240694	0.30589297
0.3205502	0.28588355	-0.48110598
0.8209755	0.6628684	-0.1948455
0.8075274	0.19692206	0.32818678
0.21925694	0.40123045	0.6050933
0.9440699	0.49219978	-0.814105
0.09963906	0.5227285	-0.50968874
0.6111847	0.9363539	0.18264319
0.56137073	0.851956	0.05433792
0.9493545	0.2838267	-0.5524417
0.7484736	0.062095404	0.3625415
0.768755	0.22347885	0.605435
0.4038604	0.7860188	0.17681926
0.16714048	0.59032416	-0.14276096
0.34056288	0.22596973	-0.35021657
0.14308518	0.93962854	0.2680548
0.30569226	0.111906946	-0.15775688
0.6182356	0.58794165	0.014781736
0.93352765	0.9933197	0.08865945
0.95445794	0.3312341	-0.8694374
0.95645136	0.2640378	-0.3948084
0.58174753	0.7204012	0.07661143
0.90988255	0.61001796	-0.2111257
0.8716653	0.5866672	-0.17203283
0.4390781	0.46638674	0.1021721
0.057628095	0.6826671	0.23135732
0.61240685	0.8326713	0.30569497
0.30016625	0.643742	0.1500304
0.13385296	0.33718163	0.7669538
0.88879114	0.15670455	-0.43663472
0.77109015	0.87548125	-0.7281851
0.027157128	0.4178682	-1.5363983
0.5387007	0.12913555	-0.118983656
0.37764668	0.836175	0.11870754
0.8004889	0.90934265	-0.8116818
0.70127946	0.14611226	-0.58234817
0.49653435	0.2644745	-0.1927942
0.799386	0.29846913	0.6272839
0.757697	0.47619218	-0.7827192
0.5060135	0.2635129	-0.13672398
0.5068275	0.06241393	-0.23023519
0.553673	0.17958069	0.16494808
0.604862	0.69749135	0.33145338
0.99183005	0.33353287	-1.0514209
0.5770972	0.5905926	-0.32046062
0.53917396	0.83379734	-0.10994112
0.70457906	0.2886271	-0.70255184
0.5233016	0.7218429	-0.77369624
0.30051076	0.7346528	0.0905931
0.44203264	0.17451715	-0.28670514
0.523786	0.3594777	0.23178157
0.75427246	0.35090947	0.07486715
0.1553446	0.45758706	0.61993426
0.028104365	0.9915154	-0.74267197
0.56846714	0.43850237	-0.28757307
0.48282915	0.46707124	0.2574553
0.2563287	0.44910848	0.19581577
0.9637793	0.40840083	-1.3670979
0.63825154	0.6270916	0.40228215
0.16416329	0.28278178	0.765481
0.09123224	0.29117906	0.21744075
0.7572142	0.5716867	-0.9248927
0.3705778	0.028454363	0.6839058
0.9214108	0.39036018	-0.58976024
0.06560379	0.53893995	-0.970189
0.99943835	0.64128214	-0.3604789
0.59372276	0.6383607	0.092771426
0.6527667	0.80479395	0.56691253
0.98233163	0.45729733	-1.3189707
0.09949601	0.5754367	-0.31754595
0.13972825	0.44830716	0.48622182
0.6663253	0.079377174	-0.67942864
0.12362963	0.041946888	-0.2521728
0.049655676	0.77652097	0.25997657
0.38142157	0.9840337	-0.3762151
0.77970797	0.4336967	-0.23658943
0.56352764	0.6683412	-0.32380763
0.8735028	0.16711861	-0.43525556
0.99871653	0.6273446	-0.46396768
0.9774019	0.83847284	-0.15182573
0.39169002	0.19959253	-0.10245149
0.77432305	0.55948967	-0.8123988
0.5050449	0.42393118	0.33804896
0.9545397	0.07218009	0.47498113
0.6329102	0.21343058	-0.4483605
0.8765438	0.5407788	0.061201844
0.68412614	0.533968	-0.48299828
0.42908806	0.7662768	0.03339927
0.40464497	0.8487972	0.004512859
0.42159474	0.29763615	-0.27165955
0.24396592	0.94487077	0.8749531
0.24914563	0.62151515	-0.21215338
0.28998303	0.7768211	0.22306961
0.47669786	0.68290204	-0.8581622
0.9052943	0.29795974	-0.23132104
0.45128328	0.68848515	-0.33536798
0.5480181	0.49309373	-0.2878875
0.3321839	0.019506514	0.08453656
0.7611093	0.504669	-0.8768379
0.6147434	0.016946554	-0.5673025
0.5532027	0.68574816	-0.4590652
0.71399117	0.015575349	-0.12182196
0.97984105	0.564031	-0.64322734
0.66888934	0.23591667	-0.8116903
0.47413516	0.03754419	0.24416706
0.6855621	0.16819584	-0.8391589
0.78957677	0.38948458	0.2334802
0.7917061	0.12704086	0.42346904
0.40979677	0.6905275	0.15196493
0.73199797	0.8613493	-0.37034985
0.7390691	0.024941146	0.20897053
0.7623331	0.16395551	0.3661761
0.9491867	0.11607391	0.36546996
0.082652986	0.9817091	-0.29720297
0.9488783	0.33516556	-0.9677237
0.7398552	0.5844953	-0.9599452
0.2548977	0.8693104	0.59506404
0.39936292	0.062250555	0.853914
0.6742878	0.84859776	0.3435658
0.5805865	0.9945404	0.31625968
0.5285644	0.76869863	-0.5205167
0.0018928647	0.20975453	-0.7264197
0.164585	0.6776774	-0.49800706
0.8539369	0.8800542	0.09183996
0.027459264	0.2869358	-0.90472966
0.5464606	0.70127225	-0.47458783
0.3691467	0.3965528	-0.07635064
0.9762417	0.6403457	-0.34673697
0.47862935	0.3075871	-0.10129981
0.002089262	0.40757024	-1.3194194
0.75319993	0.24009603	0.48556882
0.0025094151	0.10051006	-0.42488393
0.40727174	0.46603692	0.040065914
0.9175569	0.2722401	-0.19759747
0.058742702	0.5908067	-0.6044615
0.34424216	0.65962696	0.26266158
0.9915577	0.98422915	0.07145999
0.727183	0.74714214	-0.1573148
0.90146905	0.51792556	0.029196218
0.21283627	0.44012856	0.6921923
0.36306238	0.95183474	-0.21075663
0.6356342	0.22994524	-0.54106474
0.5548815	0.8749418	0.042631254
0.08436334	0.42151248	-0.55983883
0.14674288	0.8371633	-0.42021963
0.47304535	0.19169062	-0.43018544
0.0674662	0.06997222	-0.10715315
0.7838094	0.60506165	-0.63051957
0.27362537	0.020817697	-0.22361976
0.59511876	0.32320583	-0.009672314
0.5588912	0.5216656	-0.32943976
0.16184407	0.26701325	0.6274471
0.2263518	0.77883565	-0.5643712
0.4256866	0.8128731	-0.0801733
0.9986229	0.6177981	-0.42879337
0.90706366	0.6733362	-2.3644418e-05
0.6711371	0.95714635	-0.20398986
0.45556265	0.2308613	-0.3922764
0.8998377	0.33527792	-0.22532204
0.2030825	0.28818434	0.4333649
0.7819222	0.51002586	-0.6210957
0.8793479	0.025182068	-0.33100423
0.21182573	0.46134943	0.67846733
0.33642155	0.629315	0.39447862
0.94580173	0.5771857	-0.37915888
0.39029896	0.38044494	-0.018071791
0.90773505	0.28110117	-0.27988926
0.9259819	0.5676339	-0.28404984
0.89693713	0.67085254	-0.104437694
0.85242623	0.48148435	0.42063034
0.2552408	0.81213087	0.22242875
0.7983634	0.38485378	0.448308
0.6752119	0.9114018	-0.03295973
0.8432377	0.4660648	0.45551786
0.23502964	0.2153886	-0.11382168
0.84505653	0.8833044	-0.07620765
0.022760987	0.13049829	-0.34767142
0.297262	0.7915308	0.30067694
0.45233095	0.112945914	0.07157454
0.06018412	0.29356825	-0.5540237
0.18972206	0.12004632	-0.43739
0.66396654	0.8485916	0.39173347
0.82456917	0.17095649	0.037971597
0.039144397	0.4194156	-1.514687
0.8002487	0.5856505	-0.4846033
0.24299699	0.67415494	-0.48220047
0.84357613	0.9920256	-1.0418231
0.06969601	0.44777685	-1.1019577
0.6405611	0.37279505	-0.7056266
0.014587939	0.4314863	-1.3882614
0.90188915	0.27840036	-0.27452257
0.0962041	0.74886173	0.110057935
0.5196587	0.95722306	0.08655576
0.9269036	0.9759014	0.05054064
0.47420633	0.41361952	0.35262278
0.9916767	0.8624511	-0.27364048
0.63657075	0.12892652	-0.7379961
0.31074077	0.7728673	0.20945625
0.20358181	0.8518025	-0.18079193
0.5462529	0.75368947	-0.22465026
0.8249205	0.48814082	0.15136524
0.84934914	0.38306475	0.49012214
0.10738242	0.5119142	-0.3214328
0.6309502	0.5168351	-0.2464387
0.17997402	0.4193681	0.9521632
0.28255987	0.34905934	-0.24977225
0.023881257	0.18199396	-0.51483685
0.7159896	0.48709202	-1.0483383
0.70916784	0.762398	0.1587215
0.88278973	0.73951656	0.26228738
0.59267527	0.02340746	-0.2995339
0.4055739	0.549261	0.06916587
0.2610988	0.2638095	-0.17622052
0.6480439	0.8852989	0.28433898
0.58818	0.081932366	-0.22966677
0.9236501	0.9086964	0.36305746
0.80814	0.19652492	0.3159461
0.4239288	0.53225535	0.0009860191
0.14249736	0.64754677	-0.27259794
0.63750464	0.25774032	-0.5431888
0.7772135	0.671518	-0.694105
0.21473277	0.6766962	-0.68285155
0.83070236	0.97240174	-1.0235566
0.8464698	0.7695395	0.36416417
0.1946361	0.19411218	-0.1508033
0.50621635	0.012637794	-0.10705706
0.33834225	0.8100439	0.28622895
0.5379306	0.70333016	-0.5473064
0.97092086	0.7591409	-0.16349258
0.6608345	0.6366891	0.5806854
0.5115305	0.2982102	0.029174186
0.21164566	0.6991842	-0.8327969
0.10340023	0.70163244	0.022395018
0.9997251	0.93968517	-0.044015795
0.36786824	0.16525894	0.019214073
0.17977726	0.9535337	0.61862355
0.85986704	0.25862753	-0.09792331
0.7145275	0.59699255	-0.51631016
0.43461955	0.9160343	-0.3557528
0.24293858	0.72331965	-0.5446056
0.08585745	0.12816578	-0.020914434
0.94255656	0.32986635	-0.87079614
0.24952686	0.2302581	-0.10398019
0.7410553	0.31229687	-0.025106743
0.6485138	0.42721468	-0.7296871
0.027224243	0.4255175	-1.568059
0.5098351	0.14091367	-0.3482133
0.9707081	0.51673025	-0.9952795
0.58967876	0.08099884	-0.19712022
0.4272936	0.9054773	-0.3017643
0.68863213	0.07363045	-0.49239382
0.3913973	0.994158	-0.39303842
0.8891135	0.15383655	-0.3839209
0.5399721	0.968641	0.22563219
0.88751316	0.23640859	-0.26106098
0.20704514	0.87899804	0.14374278
0.08319086	0.0917694	-0.153196
0.034671962	0.5532025	-0.9042194
0.24719703	0.686292	-0.42496955
0.5756804	0.07130909	-0.062209956
0.121972084	0.84130675	-0.28402677
0.7959122	0.643591	-0.5401537
0.31713206	0.95873916	0.16146296
0.15606284	0.8215024	-0.45837554
0.07585305	0.56538564	-0.63857144
0.71778965	0.08320248	-0.12054836
0.6573595	0.49100888	-0.47203654
0.033947885	0.85159326	-0.023691963
0.9421483	0.75381744	0.10230609
0.27757227	0.25264692	-0.2696904
0.87027806	0.06822443	-0.36117852
0.10814494	0.63004863	-0.18076377
0.20868737	0.54853034	0.22803299
0.77166	0.91172254	-0.9838971
0.42334116	0.73847723	0.06725708
0.5352722	0.9285408	0.0674414
0.5387933	0.97295225	0.20682086
0.80519676	0.6291138	-0.43970263
0.1535365	0.80750906	-0.54256344
0.06183815	0.19366693	-0.0912371
0.38137144	0.7889161	0.11348504
0.7832622	0.3358029	0.5275618
0.43071705	0.020523071	1.1737056
0.42592156	0.30464745	-0.21960352
0.62670934	0.059366763	-0.65558034
0.8972788	0.539979	0.00951587
0.8166696	0.6865749	-0.2243092
0.07863653	0.8426386	0.14089514
0.39057344	0.6481243	0.2620328
0.8174385	0.032141626	0.37095198
0.6190833	0.71082526	0.5007406
0.26638794	0.8591085	0.69416606
0.1769064	0.8924298	0.044248637
0.48974025	0.012074232	0.07126309
0.24207836	0.52356434	0.291268
0.9817185	0.16273302	0.40880883
0.6418229	0.86542267	0.3495494
0.6807616	0.16825569	-0.80531526
0.24401295	0.44894886	0.32118434
0.3992012	0.726299	0.2195233
0.57552016	0.08565545	-0.08586647
0.6082182	0.1328274	-0.27760947
0.01528883	0.73219454	0.09767862
0.83450085	0.25472087	0.07188581
0.58022946	0.64855564	-0.11203544
0.5637253	0.37687898	0.029402543
0.9895418	0.60428274	-0.4247832
0.29201669	0.3890248	-0.098858416
0.53474635	0.10053766	-0.26215073
0.23324758	0.11730617	-0.35134912
0.8011111	0.15533096	0.43295518
0.7603309	0.06046605	0.44604507
0.9221705	0.62825876	-0.18650575
0.77203363	0.26798737	0.6474781
0.5520264	0.15918642	0.054174818
0.93512076	0.2729692	-0.36102787
0.29710323	0.85269904	0.557896
0.18476939	0.1578725	-0.30891472
0.24343282	0.7310997	-0.4719906
0.3592679	0.4641537	0.07024954
0.29996383	0.53485644	0.22602892
0.899694	0.88183916	0.36915582
0.06938642	0.062260687	-0.105997406
0.25351483	0.19930685	-0.15724404
0.8269795	0.026478767	0.24629782
0.3482632	0.75753856	0.26424643
0.31028855	0.27409148	-0.44929507
0.46659458	0.31846827	-0.025107093
0.18385065	0.422943	0.8750547
0.1824128	0.060672462	-0.50376743
0.8914455	0.31391215	-0.15525301
0.8538011	0.11906588	-0.2093811
0.3060941	0.43929213	0.13769682
0.63087946	0.784483	0.5386177
0.29345942	0.05745101	-0.10631296
0.1916796	0.83365583	-0.3963266
0.5664812	0.38615483	-0.030818285
0.8492943	0.8848487	-0.0013173632
0.18830806	0.061015487	-0.5565406
0.20942163	0.48489416	0.59964037
0.9501214	0.83451414	0.28332925
0.15738803	0.86807257	-0.23105665
0.8584743	0.23813802	-0.21351245
0.8287374	0.31855983	0.34177265
0.70920706	0.5899748	-0.44208935
0.35484052	0.30915207	-0.34898028
0.26007038	0.5070416	0.3129108
0.9976232	0.074447155	0.71969175
0.32628357	0.71985185	0.26034933
0.69668466	0.94503564	-0.3970073
0.43823415	0.071671605	0.65799963
0.17832989	0.8680452	-0.14007506
0.6465423	0.64165145	0.54213786
0.9680965	0.012844086	0.51895475
0.042612076	0.16025984	-0.24701056
0.30544364	0.923596	0.46316108
0.94835573	0.97554076	0.25358516
0.37142855	0.18952745	-0.094272144
0.45824695	0.8829373	-0.50720054
0.59498674	0.6095816	-0.04066651
0.047732115	0.2575338	-0.53960246
0.37617725	0.7474332	0.17096414
0.08736658	0.22560978	0.2742289
0.58916426	0.45193213	-0.4354496
0.23255783	0.85085475	0.25448975
0.352139	0.66229343	0.3052069
0.64121646	0.324735	-0.5974007
0.15307021	0.7198566	-0.58681583
0.28716028	0.79658884	0.30551946
0.118548155	0.9925424	0.20836967
0.14264363	0.7263321	-0.58119065
0.5926218	0.4899546	-0.46048617
0.5248568	0.5529356	-0.36550274
0.018456042	0.81785107	0.0022139568
0.4948873	0.8009196	-0.79406536
0.59248316	0.9058725	0.14147592
0.96755236	0.13690722	0.56464136
0.600538	0.04482442	-0.45661327
0.6270676	0.9460626	0.23114014
0.34382755	0.96011096	-0.05705061
0.7653438	0.63794416	-0.7578285
0.48757303	0.1604979	-0.45484158
0.026339531	0.10205442	-0.31581855
0.9673309	0.7045351	-0.19651273
0.4133526	0.964856	-0.34595138
0.8886564	0.5330247	0.12925096
0.3082124	0.67169476	0.2178224
0.250503	0.56672996	0.16458659
0.0025037527	0.6815978	0.085926756
0.7400459	0.88851213	-0.5959249
0.18278277	0.61104643	-0.23607963
0.8859299	0.63449097	-0.18335189
0.0360471	0.8860211	-0.22228806
0.98069096	0.32960302	-1.0322695
0.5691883	0.32267928	0.2579244
0.29320621	0.8678657	0.5623429
0.84676987	0.63431805	-0.18893541
0.07526505	0.12043083	-0.12238303
0.66982466	0.77978367	0.59008306
0.5489537	0.48856568	-0.31603685
0.9791123	0.68892825	-0.29703644
0.4702139	0.22367865	-0.4920803
0.87073267	0.43934065	0.52096534
0.35134166	0.93843687	-0.04675207
0.1476978	0.32592422	0.8442994
0.6292056	0.7184167	0.57293564
0.4643883	0.47115082	0.23411924
0.45353025	0.9221344	-0.39008674
0.37233514	0.3927027	-0.07005598
0.10820216	0.15648252	0.28895766
0.1470803	0.45939302	0.48270047
0.7336758	0.18311208	0.018994763
0.7548285	0.14159364	0.2508248
0.3399982	0.5242671	0.27368262
0.5076785	0.6378651	-0.7717745
0.7614026	0.9114968	-1.0121585
0.1855321	0.68430024	-0.70026755
0.28529906	0.18489736	-0.24879116
0.9610375	0.1611458	0.40828946
0.9145471	0.5575388	-0.18915454
0.8821713	0.47032142	0.42931238
0.7471574	0.30221486	0.19480385
0.4276089	0.7361606	-0.025338277
0.9697807	0.96902645	0.18321624
0.932579	0.71180797	0.026965667
0.75805783	0.5375104	-0.9836754
0.10502672	0.71364677	-0.062526256
0.6241608	0.46864992	-0.53704196
0.03508866	0.7314449	0.19105756
0.45013332	0.27977914	-0.2991237
0.7767216	0.8342553	-0.5634357
0.9128958	0.5603289	-0.117224514
0.57983387	0.27103537	0.3600407
0.95109534	0.36311817	-1.0580605
0.5031475	0.95582587	-0.025891231
0.9641358	0.92164713	0.1138307
0.2779938	0.9247726	0.6856855
0.37975353	0.8641031	0.028767917
0.52017033	0.044240475	-0.21156594
0.8364012	0.24950325	-0.065819934
0.9850192	0.94376945	0.014930958
0.2842967	0.024278581	-0.17671129
0.46584135	0.5471878	-0.16715384
0.120664	0.4253289	0.27903575
0.05149108	0.6704686	0.10171151
0.85795975	0.859398	0.36143282
0.6237042	0.3859545	-0.57578874
0.45735514	0.61209863	-0.44522884
0.65650666	0.47212523	-0.6106653
0.7631107	0.28422904	0.58115935
0.20188028	0.4160481	0.8268878
0.95606774	0.43225598	-1.2778212
0.87835324	0.99959135	-0.6838777
0.73477036	0.013494372	0.14657007
0.30857396	0.2870186	-0.43401074
0.80101573	0.841267	-0.3555081
0.647122	0.58452207	0.1235006
0.60249555	0.9500456	0.278395
0.97163147	0.97775185	0.15627313
0.6348762	0.39140087	-0.66560155
0.37630492	0.9790476	-0.34798855
0.41555423	0.5888884	0.05575487
0.36484754	0.453699	0.04121096
0.53822994	0.118201256	-0.19860816
0.606722	0.29907537	-0.120288044
0.07762408	0.68361384	0.19224721
0.5892535	0.054858148	-0.26760823
0.2698081	0.23394215	-0.16358212
0.08102596	0.30834252	-0.114218235
0.85656476	0.7908599	0.4453176
0.6661891	0.55903536	0.004911367
0.6079147	0.6728194	0.31520823
0.37466425	0.1676619	0.026800606
0.039425194	0.86258197	-0.08538083
0.12223166	0.835399	-0.33954662
0.68618375	0.8361329	0.29927415
0.42609876	0.26861143	-0.3743939
0.14770174	0.7797891	-0.5516248
0.03566724	0.5142412	-1.2303437
0.4035136	0.3504461	0.018490404
0.16992193	0.80682904	-0.64598215
0.07844615	0.6953313	0.2540411
0.55690914	0.898631	0.11413914
0.15558922	0.5362723	0.14573023
0.1506846	0.92958325	0.25101814
0.18988156	0.24911636	0.27400538
0.657059	0.13341725	-0.7928829
0.19195235	0.69348526	-0.7755569
0.113514125	0.4487002	0.09069559
0.16927916	0.5234381	0.25055182
0.55890757	0.5543792	-0.4031788
0.62857217	0.5475572	-0.13275157
0.9988678	0.693657	-0.3325957
0.801947	0.47783834	-0.078354426
0.6016413	0.8070538	0.21201837
0.7372573	0.65989196	-0.51157594
0.9381983	0.10460311	0.18728717
0.9293588	0.44144124	-0.670102
0.9693075	0.9952958	0.21053636
0.17103195	0.13808471	-0.2310333
0.013721883	0.8601149	-0.13992968
0.67957383	0.283682	-0.8238092
0.3934645	0.37768847	-0.044314556
0.68340105	0.65556026	0.53852814
0.7487348	0.549784	-0.9856851
0.50228506	0.0015304685	-0.0025599767
0.51544994	0.05474806	-0.21662354
0.9559352	0.31858927	-0.895637
0.82273644	0.6579982	-0.190171
0.27047086	0.83553433	0.519236
0.3919313	0.94050443	-0.366487
0.027379751	0.9573838	-0.6521111
0.18663526	0.78640413	-0.73650056
0.9286786	0.25590765	-0.18567768
0.63567406	0.2493524	-0.53347856
0.039413095	0.28383	-0.78713155
0.13830823	0.11690062	-0.06485996
0.07507932	0.6706304	0.05805371
0.21186334	0.90692705	0.35808232
0.44136798	0.9228661	-0.41473526
0.17245817	0.25226778	0.4071522
0.36225325	0.61779165	0.3223834
0.3513341	0.5718091	0.4402092
0.41821784	0.28912324	-0.22010036
0.27700466	0.8051795	0.32913858
0.68748724	0.9314186	-0.16073321
0.19437546	0.47759074	0.63148123
0.59816635	0.38521528	-0.3382451
0.57714987	0.72390735	-0.044107154
0.11352384	0.562488	-0.28767955
0.42965466	0.22138524	-0.40493283
0.6678164	0.9523414	-0.09085994
0.82323813	0.6420542	-0.25866017
0.27734572	0.5437874	0.19395228
0.63649684	0.8868431	0.2955938
0.39951766	0.9997532	-0.4016334
0.94823045	0.22591388	-0.028916936
0.58407164	0.4021966	-0.29776186
0.03102094	0.5207684	-1.1298497
0.017729044	0.12867707	-0.393838
0.6038624	0.4478473	-0.47678745
0.8835095	0.14121372	-0.39606696
0.33928692	0.77592885	0.2525424
0.16639566	0.58853465	-0.12853348
0.49300253	0.3184917	0.032346815
0.82412034	0.9257724	-0.6832283
0.60340244	0.35031575	-0.31479388
0.0560202	0.9238449	-0.35200274
0.55523175	0.28078473	0.4394092
0.26791054	0.34040493	-0.19869798
0.80549467	0.6816906	-0.37075168
0.5502683	0.0994519	-0.03738826
0.10437089	0.7665199	-0.062352896
0.40777272	0.8441467	-0.015458424
0.29871702	0.76751477	0.15021825
0.43010122	0.01622063	1.0920013
0.81027675	0.8970335	-0.615994
0.41233516	0.64584684	0.15203775
0.4449836	0.0129285455	0.9388461
0.31023604	0.8291934	0.4442383
0.066470504	0.2463876	-0.20667635
0.326734	0.17772079	-0.32604876
0.5184359	0.3343901	0.21232624
0.94476503	0.40502292	-1.1276554
0.36774647	0.862399	0.035171133
0.89985687	0.52732503	0.007932389
0.88113946	0.68716234	0.03671432
0.32609922	0.5954721	0.29906487
0.64786035	0.964727	-0.007075712
0.7153426	0.12433511	-0.25708932
0.114191055	0.51084465	-0.20774625
0.7850397	0.62621176	-0.69846445
0.6607936	0.9989554	-0.22683313
0.70353943	0.4928041	-0.92891365
0.31888717	0.8698876	0.3601291
0.54922324	0.52493227	-0.45114204
0.2199946	0.35541838	0.44625476
0.37320346	0.32123935	-0.22249952
0.80861056	0.5429824	-0.27020147
0.1706047	0.057089865	-0.47923452
0.01822728	0.24502838	-0.7666206
0.6720463	0.81746054	0.3814224
0.37112206	0.3420108	-0.16627467
0.9910658	0.6299342	-0.3104329
0.10870278	0.5658759	-0.3327145
0.4904555	0.4098389	0.35312352
0.59894675	0.0972116	-0.34047472
0.10190278	0.036994934	-0.22206712
0.6983438	0.15170228	-0.6019732
0.97232604	0.08157921	0.7187636
0.09203529	0.44661212	-0.47025904
0.7978145	0.3172956	0.5535291
0.5984265	0.65614915	0.16564643
0.6773199	0.955563	-0.23759282
0.77358407	0.6974688	-0.7380309
0.29231048	0.24052441	-0.37838748
0.23482347	0.34105265	0.15532592
0.1861189	0.6523031	-0.4512584
0.60401565	0.9084093	0.2050977
0.52580446	0.9263171	0.043252274
0.46385378	0.74186707	-0.72528917
0.11280805	0.86122125	-0.22885273
0.24943125	0.65288794	-0.31310573
0.20566136	0.8880229	0.18102834
0.32891148	0.5149685	0.25787345
0.5192328	0.20148635	-0.2512026
0.7632854	0.5582043	-0.90368867
0.9938602	0.99821556	0.09289905
0.72053486	0.7083021	-0.05374416
0.1317944	0.36739308	0.65629596
0.52068216	0.49324334	-0.06717708
0.041498125	0.4577706	-1.4256723
0.9761408	0.51313597	-1.0326313
0.42147678	0.048707485	0.9861513
0.1822297	0.39093262	0.87901473
0.108053565	0.90789187	-0.09479708
0.9729646	0.92429703	0.049839403
0.6147836	0.55736357	-0.14479655
0.41402698	0.0232718	1.1619476
0.7494391	0.8421222	-0.4388509
0.73096776	0.6767781	-0.30436242
0.33967686	0.67703736	0.3217461
0.5418298	0.19229072	0.055983726
0.22958928	0.22314411	-0.08501441
0.5272965	0.55841786	-0.41980913
0.08317006	0.9485811	-0.22945982
0.612042	0.11691475	-0.3957388
0.20158672	0.3217134	0.5852875
0.69881874	0.89397824	-0.0857974
0.7356194	0.31185055	-0.113816634
0.31601065	0.53987306	0.19461522
0.94939214	0.57291716	-0.39938807
0.7487392	0.13894236	0.25118545
0.9458063	0.27663082	-0.4376176
0.15155637	0.25555676	0.64534533
0.8766162	0.76408255	0.44277063
0.16653407	0.9124486	0.14344293
0.58562386	0.27568138	0.28396997
0.4545244	0.2890231	-0.26714063
0.61047155	0.19286877	-0.17630073
0.99618244	0.02285242	0.65392244
0.4808427	0.6613922	-0.8793354
0.104058444	0.15534401	0.17794247
0.15756184	0.9772994	0.71491957
0.9303512	0.46250433	-0.6778698
0.43156636	0.6757464	-0.029795628
0.3299957	0.6930717	0.2965714
0.3541196	0.97308	-0.15008445
0.24395514	0.21263129	-0.16718563
0.37011135	0.41162348	-0.086400524
0.035465717	0.70487416	0.18892229
0.918968	0.3705201	-0.5758364
0.47376084	0.42785937	0.38191125
0.5350157	0.5462084	-0.42958277
0.5650414	0.4479947	-0.3486703
0.8367345	0.6830167	-0.029663373
0.786186	0.960739	-1.3393505
0.65559304	0.28416216	-0.68146557
0.8409805	0.8727712	0.011855482
0.4078285	0.9170462	-0.2887808
0.5696271	0.48013896	-0.38009235
0.32337642	0.23290724	-0.48400626
0.554803	0.9815178	0.2816845
0.5614104	0.65573585	-0.39235184
0.97052455	0.9120571	0.03542161
0.50217295	0.36596185	0.31533432
0.30249673	0.9590995	0.36337975
0.5221485	0.2018857	-0.22027104
0.6469018	0.19045407	-0.6172867
0.8439593	0.33743256	0.3631823
0.2746386	0.90578616	0.8013029
0.93888825	0.62052524	-0.27228057
0.56446236	0.18641752	0.30257007
0.43463808	0.050528407	0.88882244
0.4254089	0.5953542	-0.096539885
0.28961438	0.8846205	0.6665034
0.5448277	0.20496607	0.15667123
0.2610612	0.79819983	0.1941105
0.97083366	0.30153346	-0.82030034
0.26019686	0.35975587	-0.064321965
0.26909697	0.08779293	-0.22122225
0.40494847	0.42879665	0.03858321
0.031805158	0.7652105	0.20797727
0.58705074	0.78408706	0.121875785
0.08583939	0.9651908	-0.23791975
0.45407224	0.718782	-0.4234476
0.9866554	0.61491805	-0.36660144
0.9831498	0.3863266	-1.3905677
0.69281995	0.046092033	-0.39552158
0.96474487	0.4603042	-1.200743
0.16952395	0.60088843	-0.1691404
0.57397616	0.7555924	-0.016215257
0.047452807	0.062279522	-0.069404155
0.3572399	0.045474052	0.44469333
0.8746497	0.6563694	-0.048228458
0.3358814	0.4212402	-0.037556604
0.3981548	0.59023124	0.22860564
0.9527448	0.16677225	0.29480338
0.5443662	0.16856676	0.009509798
0.26687562	0.38220495	-0.091133095
0.7885268	0.8072603	-0.44656745
0.98192674	0.17381757	0.34039915
0.92185515	0.6437083	-0.16537258
0.43566573	0.16197771	-0.18745
0.25671136	0.25197828	-0.13354138
0.41028422	0.61147314	0.13019818
0.54330647	0.4274987	-0.001840137
0.22245157	0.4575305	0.6112438
0.023633242	0.014374495	-0.0031917766
0.5524408	0.5167259	-0.3440883
0.41351688	0.384278	-0.038702488
0.9617252	0.8387015	0.07729755
0.342874	0.2743159	-0.46407172
0.22968745	0.586151	-0.05121354
0.652896	0.61090785	0.38332003
0.41515154	0.95331854	-0.39730462
0.59035534	0.237454	0.30260438
0.7351668	0.098852456	0.036389817
0.029981554	0.89519554	-0.2818725
0.6704411	0.8143696	0.4709704
0.86504924	0.36433482	0.34671804
0.7376788	0.85128224	-0.40963203
0.08266842	0.04642898	-0.088532224
0.37435544	0.82128054	0.1900355
0.7099447	0.31816363	-0.709175
0.27703178	0.05124736	-0.20195594
0.31565195	0.55790913	0.18526168
0.94060844	0.28528804	-0.48403066
0.86480886	0.881019	0.16466935
0.4810775	0.44510883	0.32219213
0.39110285	0.48336178	0.01001887
0.19332266	0.91857225	0.3706271
0.79742324	0.70341974	-0.4533889
0.5081475	0.23893654	-0.22957927
0.5505924	0.9106931	0.04673272
0.7769423	0.8705794	-0.7657126
0.42879826	0.41735047	0.04714617
0.15571278	0.93483275	0.33834818
0.5845269	0.7427207	0.08762832
0.7512157	0.04342538	0.42529634
0.59116226	0.19969404	0.15077649
0.23627615	0.64081573	-0.38280383
0.23645061	0.48186767	0.43220213
0.22853363	0.45100588	0.5461145
0.7522285	0.24663013	0.48676914
0.47788066	0.20524871	-0.40884337
0.8006553	0.9370346	-1.0426537
0.27653283	0.28355318	-0.33227745
0.039361417	0.665121	0.11266497
0.8782729	0.1959055	-0.33382377
0.18847466	0.30252105	0.6730271
0.9203826	0.379241	-0.6478971
0.17355895	0.038630307	-0.54373455
0.46587986	0.77469116	-0.6694369
0.639884	0.3521043	-0.6407239
0.69084257	0.48036772	-0.90753585
0.5516694	0.24765098	0.34308648
0.73154837	0.2584784	-0.038052198
0.04359299	0.5951846	-0.5525432
0.9567612	0.54745024	-0.6300171
0.61743134	0.035353005	-0.64103305
0.57945305	0.032782316	-0.1813445
0.30103123	0.42859083	0.05627537
0.002748251	0.15921521	-0.6106063
0.6350329	0.30581802	-0.49396852
0.09221816	0.5210233	-0.5806659
0.048761725	0.38666624	-1.3700457
0.6178138	0.68864006	0.44808996
0.6101665	0.058389902	-0.5938716
0.89860314	0.56447166	-0.114449255
0.7345163	0.53872406	-1.0429481
0.43970037	0.9998234	-0.38164926
0.27978998	0.96471125	0.7581013
0.7248782	0.65119797	-0.37812555
0.050858855	0.38352066	-1.3124107
0.45284307	0.80920464	-0.40634203
0.1422236	0.5168332	0.08899039
0.7345174	0.056084335	0.12606332
0.28340554	0.5422607	0.27577475
0.39324546	0.0897159	0.63555396
0.14350426	0.18559575	0.26560184
0.40929043	0.28250808	-0.20497996
0.73161423	0.31115955	-0.19809392
0.77658373	0.7734381	-0.455077
0.22643816	0.2018128	-0.19742933
0.5354976	0.09297329	-0.17549607
0.26995212	0.44558263	0.17212497
0.10958278	0.9347412	-0.03653036
0.5605713	0.4342906	-0.1606796
0.4607907	0.46502477	0.22378214
0.42045444	0.0022187233	1.2110177
0.4412496	0.6450918	-0.2054986
0.3347658	0.27856344	-0.42532015
0.31076717	0.47849756	0.2416056
0.04043895	0.031180859	0.002396042
0.2590536	0.029572368	-0.19963342
0.6747081	0.5533041	-0.16346344
0.26790094	0.20873475	-0.14428043
0.18062758	0.68842024	-0.65358615
0.98269266	0.8618841	-0.13595779
0.0624125	0.72546536	0.3447497
0.25662518	0.18361193	-0.2130208
0.53787506	0.47853655	-0.20369963
0.26906157	0.65240663	-0.1493826
0.47733098	0.3383298	0.110378675
0.55508345	0.44605106	-0.19697878
0.5159009	0.8949428	-0.16897205
0.40083176	0.6082939	0.23277618
0.35450596	0.3444094	-0.34271222
0.5768696	0.4196782	-0.2736672
0.708994	0.1177451	-0.3747268
0.67872	0.7649958	0.5468251
0.2081005	0.85042775	-0.08636911
0.29812938	0.09653801	-0.13829787
0.80854845	0.6688463	-0.3642811
0.40062803	0.7729442	0.19484699
0.08650535	0.08466554	-0.0855526
0.09554988	0.9637757	-0.08680037
0.2434166	0.91231924	0.75617063
0.051525533	0.5581797	-0.90957904
0.011556625	0.12050557	-0.46167085
0.5231354	0.52737176	-0.2941897
0.2499646	0.1012311	-0.26103076
0.53117305	0.51779956	-0.24381503
0.30234265	0.4332993	0.13616405
0.71791506	0.5273239	-0.98550916
0.48544443	0.73248005	-1.0436462
0.3705982	0.8259804	0.117401525
0.0007210374	0.24317849	-0.9250126
0.07232213	0.67131525	0.11292656
0.4203862	0.31926578	-0.13748863
0.7338392	0.78003824	-0.14416435
0.7353263	0.9175613	-0.7889784
0.75069404	0.20606297	0.3058827
0.10238105	0.6696818	-0.05525917
0.3707232	0.2862872	-0.25408107
0.876565	0.021894276	-0.28461048
0.13618469	0.47451293	0.25874582
0.3071649	0.21993572	-0.43774348
0.54657674	0.54630375	-0.44837627
0.8065773	0.33720863	0.52245057
0.2018866	0.13959712	-0.37633112
0.06960243	0.42649597	-1.0316201
0.6177912	0.73004216	0.46538144
0.31863892	0.081377566	0.04424875
0.60304415	0.08408922	-0.37061766
0.5910625	0.8236885	0.15395933
0.92258984	0.56654245	-0.25729492
0.8986662	0.61250305	-0.14043596
0.039908767	0.7773173	0.21072924
0.22960067	0.61991066	-0.32452872
0.099049985	0.90794504	-0.089818686
0.49677294	0.31921256	0.1024423
0.6489167	0.9644005	0.073024325
0.14608335	0.83072627	-0.5383892
0.26367098	0.1206525	-0.22246316
0.7795904	0.3439886	0.4529924
0.35308826	0.36774224	-0.31647348
0.11256796	0.87670416	-0.15085717
0.7088026	0.19487023	-0.5240339
0.62692225	0.43979228	-0.5411683
0.62159616	0.84198207	0.3822675
0.9548663	0.6376328	-0.23806387
0.03682983	0.40951502	-1.5512819
0.7507637	0.8064228	-0.32956544
0.4391927	0.87442756	-0.29551333
0.9223047	0.14401585	0.034356337
0.49324626	0.6120382	-0.58919334
0.69437754	0.96418166	-0.42430124
0.23307133	0.8076793	-0.1729592
0.52639794	0.4399935	0.06429873
0.6003458	0.40762335	-0.40806592
0.61205304	0.54194224	-0.24854505
0.83415115	0.69184464	-0.022651186
0.39969385	0.16880405	0.040629957
0.52069664	0.3155054	0.2314265
0.22691065	0.3934247	0.47356933
0.083143294	0.6330026	-0.11459019
0.6933324	0.01661563	-0.30149037
0.08302981	0.2826631	0.08135374
0.052313745	0.25287563	-0.5163528
0.7810783	0.32892555	0.5194155
0.70755625	0.8481619	0.10211646
0.5646986	0.5069997	-0.37487233
0.84862113	0.54776764	-0.017040763
0.072178125	0.5425478	-0.8852118
0.8057398	0.17517805	0.3669051
0.13536662	0.83773893	-0.50482947
0.9315772	0.400568	-0.9140928
0.08661139	0.45439607	-0.64544904
0.058697104	0.3601895	-1.0349832
0.8715366	0.13528603	-0.4319124
0.7282531	0.6193644	-0.4817948
0.9408832	0.22788924	-0.08646013
0.63385195	0.3053614	-0.5563509
0.9988864	0.64132154	-0.32438633
0.75757843	0.8354366	-0.46519426
0.61298573	0.4364736	-0.42306486
0.2655592	0.2649632	-0.19521372
0.94206244	0.66768295	-0.13474354
0.20380747	0.62522316	-0.4582749
0.9536595	0.24750733	-0.25251478
0.78272784	0.22474492	0.50749606
0.8399402	0.54028803	0.023183994
0.8434688	0.62971246	-0.2087033
0.6435952	0.41078407	-0.7061783
0.7377323	0.7428094	-0.32674396
0.46876132	0.38245314	0.2512701
0.8407189	0.67760843	-0.049378578
0.7022493	0.024442554	-0.2574365
0.34448564	0.30249763	-0.3901705
0.27822894	0.81486195	0.4429834
0.52258044	0.109641194	-0.37324625
0.65947396	0.6365411	0.57481104
0.09308398	0.768954	0.17749041
0.41925102	0.29318	-0.20771869
0.7776392	0.18475932	0.48209652
0.707605	0.51791644	-0.9285774
0.06304526	0.34843957	-0.816515
0.22471315	0.090469	-0.40956536
0.5048978	0.05204892	-0.15906045
0.8454213	0.5813214	-0.17511372
0.32818615	0.10806024	0.004770234
0.40019357	0.05858177	0.9183299
0.86616296	0.12715793	-0.39319354
0.19391757	0.13226837	-0.35906202
0.7594121	0.82742894	-0.46275857
0.96415305	0.9157946	0.09026438
0.8860011	0.4540769	0.37167168
0.41773832	0.7828227	0.07114573
0.66214466	0.95329565	-0.056206368
0.94393504	0.00016438961	0.18818626
0.8735367	0.66012603	-0.110125974
0.42254215	0.021184385	1.145734
0.49994993	0.7688282	-0.90601015
0.767597	0.053545058	0.5309972
0.59762603	0.3267876	-0.1166413
0.24088144	0.38342524	0.17683655
0.08955097	0.12012607	-0.07869812
0.992909	0.16282225	0.3997769
0.1879009	0.72128767	-0.81365114
0.20114255	0.78656864	-0.69855607
0.39219058	0.83136916	0.090088844
0.22837585	0.21696138	-0.070323914
0.67353064	0.8224054	0.38555688
0.23490012	0.26720148	0.09724004
0.7036594	0.32741117	-0.781067
0.004784286	0.5683021	-0.58343905
0.25012916	0.86251384	0.5112902
0.5098158	0.20993763	-0.29200235
0.7162884	0.041400373	-0.1600323
0.8302087	0.4906987	0.25835928
0.597014	0.08834767	-0.35604715
0.6600363	0.88265336	0.23786363
0.7822697	0.27447283	0.61103725
0.89074713	0.93841195	-0.08782044
0.6170823	0.6895646	0.41632062
0.49312955	0.8229153	-0.78907746
0.23393333	0.45841026	0.45960206
0.23902369	0.4900216	0.39419267
0.8148178	0.36235952	0.5758425
0.95259356	0.019835055	0.34218296
0.16501063	0.51833284	0.29518867
0.7453731	0.8128392	-0.32387885
0.39814502	0.29224575	-0.1698969
0.26610833	0.37177455	-0.11261143
0.45994812	0.5780055	-0.42575765
0.13657022	0.059528112	-0.2716948
0.48566157	0.9640532	-0.1787304
0.06597054	0.7059699	0.30660266
0.70331746	0.7573188	0.26338133
0.0038354993	0.945614	-0.5218735
0.34208423	0.7171394	0.22710428
0.5456144	0.26329958	0.36657113
0.8765736	0.73108196	0.24248175
0.363536	0.89163417	-0.029145744
0.8420285	0.3790636	0.4985546
0.5707584	0.013933301	-0.14125334
0.32630002	0.3289163	-0.4080668
0.36479938	0.3540781	-0.22530226
0.20413387	0.17897213	-0.27102676
0.29434025	0.78903717	0.24129279
0.47253078	0.1222927	-0.33505464
0.6159388	0.045094967	-0.58357906
0.3278299	0.826392	0.30288744
0.4660406	0.41654384	0.32328084
0.84311193	0.9257028	-0.50945485
0.93242687	0.79970974	0.4074943
0.00027310848	0.061822355	-0.37010676
0.043975413	0.49025637	-1.3805323
0.59138536	0.43604845	-0.44145253
0.1490519	0.49695045	0.31794354
0.062250674	0.62405807	-0.2590951
0.9688985	0.1832465	0.34039316
0.85178185	0.59636116	-0.17225413
0.67585415	0.46537936	-0.8073963
0.9887372	0.68450093	-0.29084328
0.04256642	0.09977549	-0.099531755
0.15986204	0.62454426	-0.2590458
0.61966926	0.37915134	-0.5400283
0.9343386	0.7821224	0.23396927
0.5118333	0.5661671	-0.36208186
0.5970676	0.02177763	-0.3914683
0.2154262	0.014793515	-0.50186855
0.2466082	0.75749415	-0.4108327
0.4251914	0.41771924	0.058270056
0.3632053	0.70621693	0.18978299
0.090195596	0.066229045	-0.119215235
0.16572726	0.7332464	-0.6107548
0.64975405	0.8927566	0.26999202
0.58769614	0.3444925	-0.09209482
0.6168529	0.8138904	0.3731825
0.7507209	0.28336656	0.4242707
0.14717317	0.8062387	-0.5599165
0.8274084	0.38381022	0.57052386
0.54447806	0.51547116	-0.3029113
0.9643618	0.3840376	-1.3221972
0.6214985	0.5308313	-0.24230826
0.058994174	0.74458134	0.34199384
0.26059705	0.15827996	-0.20513807
0.012313962	0.15190274	-0.5958322
0.90982354	0.4160732	-0.2683165
0.9677225	0.5107632	-1.0229341
0.38763708	0.57916147	0.28680035
0.29525685	0.7186884	0.048145074
0.99901277	0.28030014	-0.7209367
0.7050753	0.15110445	-0.4816707
0.14302564	0.10973221	-0.11931322
0.13992411	0.93414956	0.1959837
0.0943501	0.63098973	-0.17269173
0.48591268	0.3275903	0.07043309
0.05914104	0.88832456	-0.1137607
0.5797253	0.508274	-0.40687993
0.79887235	0.8459443	-0.46612924
0.88988185	0.35489285	0.018779527
0.8933509	0.17333764	-0.33147007
0.6221091	0.15699255	-0.33182627
0.48654205	0.83011407	-0.62034434
0.4982888	0.10896456	-0.28977114
0.54984933	0.88761336	0.08418466
0.9046498	0.62244385	-0.17510489
0.5990474	0.85376084	0.14967805
0.1770705	0.9797211	0.77673423
0.77898043	0.99021924	-1.4704995
0.6686481	0.031122983	-0.529257
0.07837796	0.7871455	0.2853122
0.36327332	0.2401169	-0.23870471
0.90337855	0.5816666	-0.18186304
0.9936348	0.5836854	-0.5573779
0.8115499	0.7414465	-0.15718797
0.02500391	0.3408597	-1.2201699
0.16059136	0.92084694	0.17959194
0.8096459	0.082108974	0.35719013
0.82760155	0.20426959	0.004090319
0.16126555	0.16286916	-0.050262906
0.22180063	0.06751019	-0.4593872
0.8708193	0.6480126	-0.06957086
0.9381543	0.9239234	0.35568258
0.755456	0.9401296	-1.1488647
0.71714145	0.038597703	-0.118048534
0.6799977	0.5403124	-0.37832075
0.58647096	0.29978818	0.16871125
0.6775304	0.86492115	0.27516153
0.70859224	0.48403144	-1.0447221
0.259916	0.69198674	-0.34650183
0.50223714	0.8225764	-0.64503807
0.16173506	0.6284861	-0.1885472
0.08621174	0.7637194	0.26191077
0.32641214	0.43552	0.11327124
0.3917424	0.42900056	0.044575036
0.13706887	0.1966337	0.47633818
0.09661949	0.79536605	0.07236945
0.5967221	0.75637484	0.22017068
0.56128764	0.81279933	0.01532552
0.21253389	0.37074906	0.61649567
0.7643584	0.3527227	0.2343638
0.64459926	0.51323926	-0.26317906
0.5196907	0.30884767	0.13069129
0.043595076	0.26945025	-0.6333114
0.9494605	0.7171901	-0.087186694
0.3835171	0.024249375	0.838848
0.044623613	0.56810355	-0.80432886
0.023946106	0.09105384	-0.26455256
0.103906214	0.15629882	0.26400572
0.110691845	0.8982957	-0.14630206
0.61243343	0.27375954	-0.21622026
0.15869021	0.76597005	-0.7193557
0.3853063	0.29333574	-0.16828568
0.68569344	0.9094989	-0.0858736
0.4019841	0.50577503	0.021452107
0.25894004	0.6692222	-0.31388953
0.4879732	0.7173177	-1.0043781
0.7067563	0.33990955	-0.75785005
0.8177761	0.9105128	-0.58948857
0.04278207	0.62671804	-0.19599853
0.29969662	0.81821674	0.44639787
0.5607787	0.381899	-0.017301375
0.10466164	0.7814205	-0.12041175
0.27828914	0.94872403	0.7111504
0.1587221	0.5386837	0.14051534
0.8327433	0.34805608	0.4174719
0.37710792	0.1537528	0.1926617
0.03246373	0.11158401	-0.2743361
0.1465571	0.4684716	0.4607539
0.23815519	0.83690834	0.20386994
0.22405547	0.9687393	0.9316338
0.18675971	0.5918242	-0.16495532
0.39231557	0.8157506	0.10534987
0.77688813	0.08069587	0.53622556
0.250239	0.05862552	-0.24724902
0.7218004	0.37763888	-0.6142523
0.23745781	0.42151654	0.30495232
0.70473784	0.57884926	-0.47189867
0.68402237	0.6462085	0.4660756
0.2707433	0.19976199	-0.19664101
0.7047256	0.9591707	-0.5789527
0.20426673	0.77406263	-0.7731762
0.48047113	0.46955848	0.31064484
0.17481142	0.9220682	0.32124564
0.20822626	0.7824508	-0.63849306
0.15254396	0.64997894	-0.27098897
0.25447643	0.29733157	-0.09807464
0.6020669	0.72355264	0.33269274
0.11638445	0.2673561	0.62302727
0.52456075	0.85382557	-0.22116834
0.8134007	0.293293	0.40466535
0.059060276	0.9436623	-0.38683638
0.110696435	0.112997234	-0.011565654
0.9085799	0.98225874	-0.16531181
0.92917335	0.5875279	-0.26461378
0.81459016	0.56469953	-0.35026485
0.70968413	0.01697421	-0.1312701
0.28910154	0.6979219	-0.06458985
0.13128239	0.51846236	0.040365156
0.85661894	0.22649795	-0.27154893
0.43522257	0.6340923	-0.1460329
0.9012689	0.20327765	-0.25912398
0.59806865	0.37692374	-0.36484534
0.7390467	0.8243832	-0.27108914
0.57807136	0.1495431	0.11566131
0.019460559	0.07911736	-0.3269828
0.22718167	0.013076961	-0.4069314
0.0065354705	0.98236674	-0.6646365
0.5044203	0.35442144	0.2244894
0.3895017	0.76509106	0.12086938
0.08502257	0.37048596	-0.30011663
0.07549697	0.8186198	0.23076767
0.75325245	0.68091404	-0.6343703
0.80894333	0.3141387	0.5470754
0.20560485	0.40067643	0.7553523
0.9371194	0.26615906	-0.3309047
0.39585388	0.21638799	-0.2270695
0.8243129	0.818088	0.08679446
0.2287637	0.6126661	-0.20039263
0.24662757	0.15161806	-0.24640426
0.5128307	0.8310053	-0.5132647
0.35952324	0.2217986	-0.22774401
0.6623417	0.076114416	-0.73427755
0.32026494	0.12518167	-0.13223442
0.7381753	0.7240606	-0.33069608
0.06252414	0.25321454	-0.30521077
0.9583197	0.042545736	0.49537107
0.29857576	0.8863901	0.59039336
0.9099762	0.7135092	0.08637884
0.13595909	0.9605862	0.33783525
0.38949043	0.38159412	0.0015143603
0.13209695	0.2512039	0.6551041
0.30950856	0.35794884	-0.31977105
0.21571726	0.06062627	-0.47714552
0.028470635	0.7362185	0.19313404
0.24708956	0.7940385	-0.057629332
0.31937194	0.8155949	0.39518383
0.17154789	0.6894427	-0.55337745
0.5207082	0.0059646964	-0.12609988
0.19889277	0.546164	0.19100535
0.87119234	0.27300352	-0.116309956
0.726948	0.98184437	-0.86162025
0.38092172	0.2533046	-0.19053808
0.59107745	0.7085938	0.20036028
0.9078473	0.06671262	-0.20431346
0.39963907	0.8310398	0.08023249
0.24497902	0.6485897	-0.29731384
0.18869501	0.5768292	-0.034566414
0.5000498	0.4448107	0.3633431
0.8570347	0.13166451	-0.30711946
0.92066514	0.81530553	0.43504137
0.91825056	0.4899702	-0.31790677
0.677816	0.27405238	-0.8320688
0.5746747	0.27158952	0.43052697
0.53830683	0.6846135	-0.6201764
0.6875398	0.70822024	0.58353025
0.5392028	0.03707236	-0.13177821
0.250632	0.8505891	0.4290188
0.3425281	0.74349123	0.27130497
0.41412812	0.15251005	0.051076323
0.06323004	0.7397608	0.35202122
0.17525816	0.69344825	-0.6148247
0.36375296	0.85332286	0.12352504
0.22738945	0.3125896	0.23545212
0.48183304	0.14671314	-0.41669047
0.9239236	0.53382885	-0.27833268
0.9487001	0.0043383837	0.25536424
0.03759432	0.22902155	-0.47704905
0.39867073	0.35522622	-0.00191015
0.3945856	0.5085852	0.07751271
0.04051745	0.7164064	0.25791094
0.8361728	0.9025325	-0.37327966
0.32115692	0.32712883	-0.4979174
0.2548316	0.6085851	-0.06420915
0.50838333	0.50700635	-0.019117787
0.9759782	0.31461322	-0.96407306
0.9208047	0.6890976	-0.057174638
0.16741216	0.73202056	-0.6564743
0.9001848	0.018930614	-0.30556965
0.47360438	0.4073937	0.3131783
0.6738016	0.59145105	0.18028761
0.18303865	0.7509911	-0.8256678
0.7256644	0.43436933	-0.88447356
0.062176287	0.10484326	-0.054058854
0.034653604	0.5723427	-0.75466704
0.45186138	0.5387597	-0.04790967
0.18206167	0.30985445	0.72127295
0.33138955	0.50949824	0.35936773
0.061886013	0.40918243	-1.1983836
0.47586137	0.5908906	-0.40754133
0.12547892	0.41771573	0.43271303
0.61676127	0.29435432	-0.28765664
0.8963671	0.18911058	-0.28899008
0.027164638	0.014071465	-0.05227952
0.5180309	0.009575009	-0.14623907
0.32410985	0.2275343	-0.46946174
0.58805037	0.7490836	0.045899786
0.5393535	0.108462095	-0.19273406
0.3160926	0.9678102	0.19766882
0.6263526	0.18343419	-0.41879827
0.42155778	0.89756626	-0.27847177
0.5323182	0.0361799	-0.17345248
0.18074316	0.92992526	0.3674513
0.81946087	0.043623984	0.32184517
0.80722564	0.88968474	-0.5299403
0.17436898	0.5457063	0.0981405
0.917323	0.91581035	0.31650192
0.30981892	0.92095023	0.40487385
0.34040505	0.7033055	0.21445698
0.00094771385	0.9516809	-0.58820236
0.8588495	0.53670913	0.06999707
0.9463971	0.7791757	0.11970016
0.8835637	0.4585492	0.29243624
0.48193848	0.72206265	-0.94229054
0.5837351	0.8410511	0.097978815
0.9581981	0.7382467	-0.10794995
0.74793553	0.3955055	-0.3780973
0.23918796	0.01431638	-0.30169156
0.24771184	0.76815504	-0.26548383
0.29604548	0.074772954	-0.12712981
0.51650864	0.6016343	-0.5540645
0.5833601	0.06962484	-0.10526827
0.99761754	0.3184926	-0.9587686
0.31688976	0.40988117	-0.06299895
0.803189	0.34460282	0.54921854
0.38367778	0.32792985	-0.15548685
0.51566666	0.6370961	-0.7201506
0.8834278	0.64537364	-0.14791839
0.26470774	0.40417117	-0.029144958
0.892757	0.83553004	0.5348128
0.53113824	0.86845946	-0.087121814
0.6872332	0.3257473	-0.8289791
0.46582603	0.91898525	-0.32906914
0.119274974	0.9199465	-0.07824445
0.18764514	0.94481826	0.565603
0.2397759	0.8910557	0.5900076
0.70485806	0.4687829	-0.970609
0.75365627	0.86253494	-0.5083366
0.6811343	0.7223207	0.6308368
0.95917207	0.95929414	0.17144594
0.70281684	0.91514874	-0.32327062
0.27660137	0.88411367	0.7009723
0.036050856	0.24625647	-0.58246535
0.92723626	0.4754203	-0.49982086
0.723153	0.76763755	-0.07527453
0.7275218	0.0007264614	0.14809176
0.9182665	0.378955	-0.54011947
0.42937177	0.7104121	0.08233747
0.5918148	0.74456805	0.18166336
0.40716106	0.11097807	0.45090425
0.745743	0.37497717	-0.30828154
0.07227266	0.18523902	0.056978986
0.5934667	0.010409057	-0.37984148
0.19240266	0.68253976	-0.6377734
0.54682565	0.28055203	0.400754
0.40162545	0.9887031	-0.36919248
0.72722816	0.29357934	-0.30987448
0.169491	0.4124292	0.8742315
0.40193528	0.84969646	0.0037062736
0.8263171	0.9256521	-0.6696574
0.8764541	0.52616704	0.25376028
0.7737816	0.50259125	-0.69782007
0.86593556	0.8798777	0.25170812
0.24564648	0.64908135	-0.31500453
0.6388852	0.5938162	0.17965001
0.49211657	0.9315083	-0.25530723
0.13123906	0.7734437	-0.5193473
0.768464	0.5061263	-0.80032057
0.94228876	0.8205924	0.29204863
0.010516167	0.44850963	-1.3101044
0.088219106	0.99849737	-0.16575477
0.4551733	0.1958124	-0.45274806
0.9499383	0.50713307	-0.7552899
0.533158	0.14469367	-0.19764386
0.12201142	0.91966397	-0.09345259
0.40339494	0.44724655	0.0034576114
0.37860608	0.061693788	0.7467978
0.25458646	0.94814456	0.8627652
0.7977212	0.76988244	-0.3785231
0.7349407	0.90135753	-0.6687502
0.8410005	0.71041596	0.14669663
0.67007136	0.14664179	-0.82165647
0.41622406	0.9026122	-0.26811334
0.68264395	0.329197	-0.84461033
0.45127308	0.39547777	0.20276777
0.89953643	0.22386724	-0.17443043
0.99273396	0.5759565	-0.5455319
0.49751014	0.38921613	0.3750915
0.6312059	0.833169	0.46823063
0.37431234	0.43901128	0.026200537
0.6121557	0.8293595	0.27921623
0.35792726	0.7342081	0.14457804
0.034306288	0.36495787	-1.4081002
0.23844767	0.35102355	0.12662993
0.123327434	0.17106682	0.3413068
0.69490856	0.55612695	-0.45492548
0.6117382	0.2752911	-0.17685202
0.5710526	0.27666616	0.4792518
0.19744176	0.1842621	-0.17395079
0.2711078	0.4385178	0.11070233
0.6974419	0.741891	0.3905092
0.5926124	0.69501853	0.19066231
0.40426475	0.16953743	0.0006858688
0.56982344	0.7158742	-0.15822536
0.50969976	0.66515255	-0.8483031
0.89870304	0.5906318	-0.15650591
0.6049322	0.16118318	-0.13588098
0.18933749	0.07940519	-0.49732754
0.78386223	0.038221896	0.5726214
0.17309344	0.31301367	0.77445763
0.9072066	0.4198795	-0.22196028
0.20154071	0.5949063	-0.16859995
0.9076986	0.49569345	-0.022352684
0.5023203	0.53723353	-0.123762175
0.39381504	0.73185194	0.15223283
0.14140093	0.21322101	0.4866511
0.7262676	0.10097355	-0.12070358
0.889437	0.27999455	-0.22506112
0.17940521	0.10497165	-0.37625676
0.23495024	0.2918638	0.051771365
0.6396103	0.10826731	-0.7098682
0.9955215	0.9251274	-0.011593547
0.7872656	0.6137989	-0.6203265
0.6052903	0.58465564	-0.09061556
0.08690816	0.5696024	-0.5386901
0.07474643	0.4250812	-0.89970475
0.46425748	0.9771446	-0.32808995
0.7006642	0.28422892	-0.7116572
0.8002135	0.27512538	0.5070441
0.52621204	0.7191047	-0.7252495
0.202963	0.032365084	-0.5802733
0.54120195	0.7553161	-0.34210193
0.26174355	0.23582345	-0.13019599
0.72131914	0.8791064	-0.30665785
0.434569	0.47668004	0.07946205
0.4625041	0.0020560026	0.65467346
0.87268806	0.81731695	0.5627973
0.71071494	0.38582665	-0.79948944
0.302871	0.66854537	0.096236214
0.35952103	0.38014573	-0.14559314
0.26259774	0.6116619	0.0056188125
0.5809542	0.02724719	-0.22881086
0.89222467	0.22645175	-0.25045705
0.38618743	0.73271537	0.16317832
0.16029537	0.85124236	-0.3848632
0.56359714	0.69108635	-0.26189747
0.8666937	0.7947506	0.5625063
0.6998834	0.6501466	0.2687271
0.34631777	0.0317353	0.32769012
0.55092174	0.684777	-0.45436302
0.99076205	0.7419038	-0.26051402
0.09825802	0.012122393	-0.21036093
0.465177	0.56270945	-0.29798666
0.42716455	0.10541177	0.43489102
0.7152131	0.14813703	-0.40322152
0.4460994	0.25596434	-0.45163822
0.81699824	0.95104825	-0.9715942
0.8830786	0.3062039	-0.10853417
0.5544292	0.5239083	-0.38191646
0.45292312	0.24560261	-0.42926276
0.49509048	0.5377533	-0.11826357
0.954575	0.050056458	0.48045683
0.34233832	0.003417313	0.20507741
0.30862123	0.94803303	0.3190514
0.0034837723	0.82455623	0.0018274244
0.31581193	0.36079878	-0.34209338
0.9215424	0.19845188	-0.09453345
0.008594573	0.8302376	-0.075177915
0.8323384	0.7561998	0.18034914
0.40666646	0.71442187	0.14475957
0.70554215	0.42705256	-0.9790003
0.14683896	0.33017415	0.8589532
0.9096771	0.47059482	-0.10418947
0.093967974	0.7892175	0.09965806
0.664174	0.28704387	-0.6890457
0.8686309	0.40009445	0.5280459
0.87947106	0.700485	0.0521241
0.44771135	0.23199141	-0.40078947
0.5533768	0.32955533	0.2757766
0.7266865	0.0005118847	0.061850995
0.792044	0.0042256117	0.64237076
0.77165633	0.8463594	-0.5589742
0.71726376	0.94543403	-0.60300565
0.34278774	0.33256668	-0.42856175
0.7390538	0.08270872	0.23446476
0.16291142	0.11403549	-0.23487702
0.473912	0.66619545	-0.77488214
0.59139425	0.75895214	0.18015051
0.90840846	0.2795378	-0.21021077
0.30652463	0.6954192	0.092635244
0.4452666	0.027011514	0.8608889
0.110369325	0.4301963	0.08116089
0.82074624	0.36139756	0.53832763
0.11571908	0.2197727	0.5625593
0.3920306	0.39914006	-0.03938508
0.65443945	0.44034052	-0.7136794
0.5176721	0.4702415	0.096894026
0.5141646	0.63474756	-0.66911834
0.54532653	0.74585426	-0.29801276
0.32938236	0.8486154	0.3564147
0.38769996	0.07527101	0.76323265
0.42819184	0.584036	-0.07426402
0.74501437	0.78739804	-0.32775941
0.319129	0.5850744	0.24837264
0.38842916	0.37467736	-0.0067784805
0.9377152	0.30788887	-0.57417846
0.8881684	0.22485584	-0.28620446
0.29654568	0.4011371	-0.081095465
0.16629404	0.7017847	-0.53055483
0.06921095	0.6969101	0.25061277
0.35238767	0.61358833	0.41907614
0.17835319	0.17325199	-0.10326356
0.7230312	0.26785278	-0.34389108
0.31654322	0.8908467	0.428505
0.41561002	0.7810753	0.16899477
0.671208	0.1273036	-0.7654346
0.1899566	0.41200894	0.8496298
0.69439924	0.85733914	0.100872174
0.80655104	0.11700618	0.43926072
0.97722775	0.36904234	-1.2145454
0.35810453	0.44620943	0.052505102
0.58758104	0.13009161	-0.014149064
0.10088462	0.53221095	-0.45048952
0.1800698	0.47173828	0.6514177
0.6711428	0.6266921	0.45121074
0.55573237	0.95916396	0.24363177
0.15616816	0.7822223	-0.6692244
0.02304697	0.12906039	-0.37526006
0.5358657	0.8920831	-0.054770622
0.17354774	0.21758515	0.21549341
0.44612217	0.5939008	-0.36382216
0.8783901	0.5671129	-0.008568801
0.09327054	0.095564485	-0.12686256
0.32164925	0.77595854	0.24016684
0.23628026	0.70571893	-0.5940781
0.91065204	0.07150376	-0.25343716
0.19111949	0.5985517	-0.21951246
0.7983186	0.7715253	-0.32268372
0.062799275	0.108296156	-0.09373204
0.2555462	0.52036124	0.25433046
0.959053	0.49730057	-0.9541918
0.35691625	0.75146806	0.19112916
0.67311776	0.37306422	-0.86999184
0.27755135	0.385144	-0.122941606
0.49656004	0.33298254	0.16809615
0.013996959	0.5265577	-0.9861824
0.247697	0.7114006	-0.47067806
0.6374714	0.9919325	0.111257836
0.7097281	0.5931872	-0.40046257
0.8733267	0.39768142	0.41182393
0.24758804	0.99202055	0.9751807
0.54778385	0.6955249	-0.37591088
0.8006151	0.28535855	0.5157325
0.09645134	0.1350367	0.12583128
0.37971634	0.6656338	0.196667
0.2424435	0.5593761	0.09796104
0.20797282	0.5110057	0.5198082
0.09246719	0.11278367	-0.028256819
0.7366841	0.7072563	-0.3359142
0.44808626	0.005679071	0.97598016
0.453825	0.64944124	-0.4883558
0.508446	0.13126904	-0.3545282
0.8027879	0.035067856	0.46502912
0.27015162	0.3089428	-0.24317175
0.19482261	0.56936175	0.007119268
0.08068913	0.062288582	-0.20021927
0.5287519	0.6201404	-0.5951453
0.4391364	0.38952833	0.098654345
0.0035080314	0.23612952	-0.81438065
0.7708531	0.41023582	-0.16334605
0.8390203	0.18781942	-0.15330288
0.025705576	0.58239096	-0.6193696
0.7677788	0.7253655	-0.6617186
0.21410394	0.8858347	0.20693713
0.3001474	0.92299646	0.5747894
0.82523507	0.69841903	-0.018402562
0.8401429	0.63558596	-0.20471677
0.64392936	0.63050926	0.43606618
0.17899942	0.10818976	-0.4054726
0.7109117	0.83848876	0.11194615
0.09817475	0.52734643	-0.48850223
0.7006744	0.46138984	-0.9616035
0.5130785	0.6903529	-0.92453694
0.20451409	0.99813044	1.0235487
0.16154242	0.6336578	-0.3203681
0.7928357	0.2013213	0.49943808
0.90954435	0.71307796	0.061434783
0.5848867	0.7509029	0.15506572
0.9447077	0.47713798	-0.8819579
0.07422334	0.31997848	-0.3477078
0.4818763	0.9561424	-0.22857699
0.86129975	0.42255968	0.6094103
0.8506302	0.59505475	-0.20428081
0.255844	0.9523472	0.89902246
0.9055624	0.001164496	-0.18563181
0.44162005	0.065411925	0.60631675
0.23051935	0.88585865	0.4266978
0.95330733	0.2882192	-0.57434785
0.6314667	0.9979152	0.0631071
0.72815573	0.48758775	-1.0969009
0.20470029	0.8530873	-0.15984188
0.8311049	0.5964029	-0.22879307
0.9239936	0.8203785	0.45824248
0.15320373	0.1426996	0.065777384
0.112090826	0.44833905	-0.008836303
0.3913123	0.5674512	0.22151896
0.16558981	0.700163	-0.5779323
0.31126863	0.053453624	-0.0013325214
0.4198178	0.7855617	0.13032472
0.02048111	0.4699657	-1.3842262
0.07425344	0.80229896	0.32441512
0.020690441	0.24786365	-0.73938966
0.7310238	0.46032852	-0.94398254
0.40298748	0.29128832	-0.16225766
0.65314937	0.14006823	-0.74021983
0.88243574	0.43452334	0.38013187
0.1807059	0.44456887	0.77857655
0.007948875	0.6619587	0.038308084
0.82144225	0.32887208	0.46989566
0.44360584	0.9590193	-0.3130604
0.812096	0.7771553	-0.10233755
0.5586456	0.05485946	-0.039794195
0.55655795	0.4585845	-0.2190405
0.20587236	0.28534228	0.3725085
0.27602035	0.5887937	0.16684845
0.22192818	0.646278	-0.49100375
0.5644378	0.16647756	0.18650013
0.983962	0.9827119	0.09230871
0.7700451	0.9795002	-1.3873576
0.7259813	0.2109468	-0.17079628
0.94364136	0.14695275	0.19805504
0.508379	0.06855744	-0.21105433
0.026259482	0.8492299	-0.09905457
0.62996745	0.81948894	0.38819662
0.5685696	0.6266022	-0.30985224
0.40823585	0.96449834	-0.3154542
0.31401187	0.5778941	0.20901085
0.13810253	0.093277335	-0.19961599
0.65538865	0.0027011037	-0.5641539
0.6659601	0.80300575	0.47184026
0.62421227	0.4458139	-0.51672596
0.9460351	0.36028892	-1.0525081
0.94277376	0.21512175	0.0009561125
0.6574756	0.4948433	-0.48408663
0.9195846	0.9471286	0.12896498
0.08573735	0.2543363	0.22398481
0.3548876	0.69018924	0.23342367
0.8701629	0.87555826	0.30477673
0.7804141	0.44537634	-0.29659078
0.48522717	0.6497996	-0.812542
0.41301417	0.7461825	0.18790096
0.7450619	0.17265952	0.20370203
0.10569763	0.77243173	-0.12007935
0.6372139	0.06758827	-0.72831655
0.36093545	0.6643119	0.32266358
0.697349	0.8956848	-0.10799755
0.65914273	0.013892829	-0.50675994
0.33445066	0.013531029	0.12687197
0.18580359	0.008779764	-0.6112134
0.41192204	0.9318296	-0.27782145
0.25052553	0.9137878	0.7705012
0.82024413	0.3579113	0.5709521
0.32337648	0.22858185	-0.461137
0.4842921	0.5671583	-0.38211364
0.6304476	0.5896791	0.05482047
0.1706242	0.39660525	0.8991434
0.12913084	0.70094585	-0.44790024
0.7411217	0.8547186	-0.46658853
0.40414304	0.10818541	0.5099517
0.66688496	0.9857038	-0.18918672
0.17299742	0.8137936	-0.57488877
0.15106887	0.9542363	0.4609219
0.24321002	0.013126552	-0.25719753
0.1447658	0.7702849	-0.5965784
0.6347885	0.33504528	-0.63604397
0.08944279	0.81341624	0.15298347
0.30990154	0.40861136	-0.036949188
0.9743153	0.95015717	0.08822019
0.36311615	0.068951905	0.52819765
0.022462904	0.101849675	-0.2970359
0.45527703	0.75217646	-0.48651332
0.668693	0.4624778	-0.7747417
0.34377575	0.979238	-0.08224877
0.050685883	0.15661597	-0.13711019
0.26251543	0.40283972	-0.053162362
0.70552903	0.21393794	-0.630352
0.069669485	0.65559334	0.005041969
0.8488689	0.4601611	0.48071375
0.36100662	0.42641824	-0.07930677
0.7074516	0.33498102	-0.7218097
0.83212686	0.9147669	-0.540087
0.55017084	0.7497268	-0.26283818
0.57850546	0.6507178	-0.09763672
0.35255218	0.96679974	-0.15828419
0.44307572	0.23301458	-0.38736013
0.9739959	0.8652871	-0.062020306
0.17301506	0.49876475	0.42605704
0.14565688	0.12736726	0.0024740137
0.7391593	0.75665504	-0.27908418
0.32017535	0.9351449	0.23583859
0.97886556	0.06847519	0.79544437
0.5735184	0.2890452	0.4069286
0.95356923	0.5576924	-0.570655
0.47391373	0.07797116	-0.015537049
0.020952642	0.56935906	-0.7216487
0.30019826	0.31612194	-0.40403333
0.86575997	0.75619	0.36349294
0.14978606	0.8771068	-0.15464303
0.9180087	0.5177005	-0.26298797
0.1312598	0.7999042	-0.5107855
0.6636063	0.012754798	-0.5310321
0.49320674	0.26052314	-0.2855444
0.6304702	0.106025696	-0.6421786
0.0636729	0.21659529	-0.13442603
0.92446715	0.45026636	-0.54474336
0.43563235	0.83200365	-0.24145132
0.8083296	0.056643486	0.4540682
0.36344957	0.92879057	-0.10771426
0.09076899	0.26409692	0.2974407
0.81683123	0.94480747	-0.98114765
0.43680573	0.4284237	0.122958176
0.46605366	0.30898106	-0.11553511
0.6296129	0.73821247	0.5893275
0.5472794	0.9150611	0.07300761
0.54657376	0.30796975	0.3098699
0.756712	0.7363975	-0.61059195
0.039496183	0.13862658	-0.23872277
0.11848962	0.14164567	0.22282355
0.52014506	0.5420009	-0.28426993
0.4318595	0.82275987	-0.109807506
0.050621867	0.51876867	-1.1488642
0.03393382	0.6703663	0.09455372
0.042601943	0.55669355	-0.94698805
0.1129359	0.32064092	0.61023664
0.97677684	0.9357454	0.062922254
0.033285677	0.53556776	-1.0057744
0.98343855	0.59798706	-0.45344064
0.8196962	0.9060541	-0.590167
0.8746157	0.6101214	-0.14964134
0.5807883	0.93619853	0.190136
0.25232667	0.22712016	-0.12661675
0.1949172	0.64803135	-0.47348186
0.7426408	0.9624973	-1.0032035
0.27493685	0.368443	-0.18667775
0.3899547	0.49035156	0.054163992
0.13450074	0.010410368	-0.4787057
0.11127502	0.3008182	0.5691859
0.10709971	0.06992215	-0.17425252
0.6818093	0.267668	-0.7515884
0.8510779	0.24120694	-0.1556927
0.48469287	0.50615424	0.14087358
0.83223766	0.89249754	-0.31501594
0.6261067	0.7051862	0.5120638
0.39661723	0.120667875	0.41197276
0.3548211	0.20456988	-0.23712489
0.46983218	0.9573248	-0.31457716
0.13330537	0.5218707	0.017084016
0.2171753	0.61385125	-0.3131039
0.68464476	0.117791235	-0.72937137
0.3031187	0.04780537	-0.09379559
0.24096078	0.4488424	0.2687462
0.27687716	0.8562952	0.6185604
0.99114317	0.029758215	0.61259496
0.66788274	0.63420266	0.550873
0.031998813	0.39043087	-1.4946371
0.26945257	0.8164763	0.38487378
0.18163198	0.7997612	-0.6699495
0.74917626	0.5839121	-0.9185375
0.5939665	0.82876986	0.11416573
0.14969349	0.44689333	0.6026267
0.59809166	0.44576323	-0.4949267
0.43255186	0.34183133	-0.015315052
0.4721595	0.4161995	0.3668161
0.54205287	0.953167	0.17631301
0.48789597	0.6436957	-0.7854193
0.9281772	0.45093942	-0.6328168
0.24607146	0.91593456	0.8145431
0.1057114	0.0019112825	-0.3543406
0.25628817	0.18953711	-0.17131487
0.023232698	0.7681529	0.1443071
0.7005714	0.0008378625	-0.23697716
0.862706	0.14892346	-0.36011514
0.30099833	0.6973083	0.09760104
0.69221365	0.6886535	0.46170455
0.35306507	0.44483954	0.06285315
0.92580783	0.758664	0.20993702
0.43218678	0.14410406	-0.02043711
0.19090217	0.36365515	0.872151
0.05439663	0.3128388	-0.841966
0.8313417	0.74909526	0.12704872
0.31577843	0.7598835	0.20557448
0.9370904	0.93309265	0.30077586
0.915447	0.9463161	0.15257923
0.49491072	0.6465348	-0.8156346
0.9133518	0.5251965	-0.13021247
0.088507354	0.9605596	-0.22651285
0.55468476	0.27530855	0.39943016
0.55738074	0.52520984	-0.37448442
0.97840255	0.31641626	-0.99494666
0.34474474	0.50535333	0.32504696
0.97035867	0.36158818	-1.2021166
0.45729053	0.19292718	-0.4005579
0.6156954	0.6789506	0.436409
0.7287261	0.06184715	0.004405901
0.13340312	0.87323207	-0.28612408
0.5795402	0.28484452	0.35393643
0.82756454	0.13367766	0.075486146
0.87849325	0.7373366	0.29794526
0.5710208	0.47087628	-0.31977528
0.54183173	0.7071788	-0.5052156
0.12244302	0.41932195	0.39067185
0.7049496	0.9855991	-0.63193595
0.6803536	0.96485484	-0.32181042
0.8699612	0.21386206	-0.32529488
0.8317453	0.51952004	0.043221418
0.014553964	0.37364906	-1.4071782
0.7408226	0.42894495	-0.63288915
0.5160108	0.37110734	0.24590927
0.051347196	0.3850816	-1.2986566
0.94239646	0.88385665	0.33409733
0.63842875	0.28678834	-0.52822864
0.26859212	0.6401446	-0.07014573
0.21430415	0.14002734	-0.40305173
0.93663144	0.8455787	0.39458746
0.5338481	0.6856603	-0.63912654
0.19249392	0.21739644	0.0382056
0.81154126	0.9602255	-1.1424516
0.17408544	0.14544505	-0.21541998
0.42277133	0.27856952	-0.2557376
0.91960233	0.8830525	0.4752147
0.5385487	0.4734298	-0.1598543
0.25447404	0.94034666	0.8806223
0.7804041	0.9828348	-1.5041195
0.06339145	0.8189838	0.2592272
0.04016787	0.95023584	-0.5672681
0.8247605	0.24816704	0.14569636
0.47684288	0.41780835	0.37978393
0.59913987	0.9073209	0.15320763
0.4891278	0.30749124	0.04308547
0.9595908	0.49391115	-1.0171037
0.5552802	0.8967736	0.03385575
0.17415738	0.51953673	0.25367096
0.27950877	0.6321946	0.08309735
0.6228302	0.6303356	0.34001654
0.13928181	0.878374	-0.24556969
0.89593494	0.8632948	0.5194837
0.59031284	0.26832217	0.23107995
0.7355951	0.4611675	-0.86683214
0.22425187	0.58455235	-0.031066697
0.09876788	0.9383472	-0.13070697
0.4874488	0.09776276	-0.28828347
0.6411721	0.82389605	0.4842724
0.617926	0.79377896	0.40146714
0.7864355	0.63536924	-0.71354955
0.22858751	0.3843065	0.3808492
0.57969743	0.5705642	-0.309262
0.84456617	0.0807848	-0.046591118
0.69565374	0.2861246	-0.8303631
0.42379522	0.008363247	1.2313881
0.41974074	0.12302238	0.29442394
0.8782555	0.474167	0.40720147
0.26882374	0.08082539	-0.21512455
0.047514796	0.4002648	-1.4813508
0.021914482	0.90169793	-0.3199847
0.5493365	0.66429704	-0.5199028
0.4832201	0.45267224	0.3782048
0.3210705	0.9484246	0.20021755
0.8420104	0.46157986	0.4107161
0.4228509	0.038332283	1.0407069
0.6693055	0.14821005	-0.7956063
0.8202836	0.7356174	-0.048920646
0.26226342	0.585876	0.14365467
0.40951473	0.6331129	0.13393196
0.66707754	0.43513244	-0.8908277
0.6704957	0.9293949	-0.025114322
0.20734793	0.4582134	0.7177853
0.85182387	0.45217204	0.5375274
0.93229264	0.32691294	-0.7353598
0.8623882	0.2309379	-0.2423954
0.4326079	0.9168303	-0.3804478
0.112663925	0.26304358	0.7104965
0.54277146	0.35092872	0.19651471
0.6419362	0.6735401	0.6226037
0.8522626	0.0069683194	-0.066975236
0.6071535	0.9289262	0.25129205
0.1512171	0.30337602	0.82476056
0.62678266	0.6645816	0.4868093
0.83908635	0.2880985	0.13203754
0.56091505	0.90112805	0.04502938
0.86363536	0.4392991	0.5306925
0.8460573	0.19505477	-0.18435897
0.0006161332	0.32036018	-1.1864419
0.28150135	0.17183226	-0.238079
0.4753585	0.85205334	-0.60201144
0.81021595	0.79081935	-0.102699764
0.45755613	0.5953893	-0.42198026
0.066257656	0.16580874	-0.109051116
0.45767415	0.2144149	-0.4774125
0.7928406	0.77597755	-0.4254957
0.041202247	0.21161157	-0.421776
0.14960647	0.16964275	0.14671636
0.46037	0.17823225	-0.37860394
0.05935079	0.7676469	0.33778864
0.6904843	0.716881	0.50387657
0.18831044	0.701624	-0.8089352
0.9020652	0.014471173	-0.23857273
0.38158053	0.73681724	0.13084735
0.28845572	0.5667952	0.22222842
0.7003464	0.53148854	-0.7227724
0.095332146	0.756971	0.15570675
0.5477059	0.896224	0.06050427
0.3270694	0.9850358	0.1082371
0.13365889	0.9267809	0.10704769
0.057388365	0.29878718	-0.6431729
0.7935822	0.36827606	0.3953205
0.4298175	0.37313235	0.06056467
0.071168005	0.85613936	0.121303126
0.18619114	0.34929287	0.8101601
0.8770715	0.3630582	0.33637527
0.43087453	0.39331216	0.036632597
0.3874489	0.4701162	0.05356972
0.8926902	0.48452902	0.21695873
0.6662067	0.6634045	0.6062391
0.0121664405	0.14184266	-0.50258344
0.51638937	0.54027975	-0.21845354
0.35198534	0.831618	0.20339377
0.51940936	0.44306892	0.15188177
0.9513555	0.3181811	-0.78521127
0.5400149	0.10707426	-0.22716126
0.9874088	0.6951056	-0.20145279
0.009408295	0.83389145	-0.050997004
0.80084145	0.85266596	-0.38091362
0.79353696	0.71914077	-0.4790966
0.72499955	0.14387524	-0.1165382
0.22457361	0.7990488	-0.29047164
0.2616408	0.7300211	-0.25317627
0.5332943	0.59745276	-0.5559086
0.81672823	0.23681861	0.13828713
0.13205588	0.40872705	0.55320174
0.7610398	0.06322396	0.38793075
0.7451969	0.55718416	-0.97564715
0.10218835	0.758213	-0.016446196
0.51757723	0.09384841	-0.31978562
0.5857788	0.08068913	-0.16526291
0.41738492	0.15306973	0.06156676
0.95329803	0.35430235	-1.1060892
0.20280206	0.88801855	0.1589529
0.5646961	0.56391853	-0.4583662
0.3570875	0.33958793	-0.29547104
0.3374421	0.21536493	-0.34700683
0.8198996	0.59784126	-0.36002702
0.9883841	0.79706746	-0.26997596
0.40812105	0.33466178	-0.105208494
0.1937707	0.5982459	-0.22220477
0.2765264	0.97460675	0.7750107
0.48327655	0.9652958	-0.2484022
0.7540672	0.26896906	0.48314932
0.9015638	0.6413049	-0.133107
0.2541765	0.68836874	-0.45487845
0.2567345	0.95067084	0.8685741
0.60765725	0.9499477	0.15999943
0.07959539	0.49643332	-0.8543404
0.6043823	0.23994946	0.010657061
0.30495793	0.22045517	-0.43151847
0.5412128	0.5174708	-0.3027416
0.537832	0.38170582	0.0816952
0.37556136	0.36076152	-0.16047373
0.2894786	0.64211696	0.029243626
0.5321507	0.49681014	-0.12141704
0.019768775	0.26595873	-0.8685245
0.11194992	0.8807555	-0.18518604
0.18810868	0.40000784	0.8743057
0.8747738	0.5328412	0.10837931
0.015159607	0.7893289	0.06741632
0.4605887	0.16472805	-0.4237552
0.8783948	0.9996779	-0.6552495
0.29319972	0.21428603	-0.32339352
0.4563824	0.5542469	-0.2332809
0.33009994	0.6353175	0.32158574
0.7147115	0.05412501	-0.22203691
0.26443046	0.2766716	-0.19964345
0.00040912628	0.7684567	0.14442469
0.22057682	0.86042184	0.08002718
0.41458642	0.9702128	-0.38895634
0.46753687	0.6512222	-0.6500462
0.30378228	0.24344236	-0.49747112
0.7681904	0.53608364	-0.7843833
0.5809705	0.2614419	0.40066594
0.09260368	0.2789606	0.29857183
0.015069604	0.9674472	-0.649603
0.49720234	0.75656563	-0.94258064
0.9858814	0.4313749	-1.3557608
0.5036364	0.14196348	-0.39747617
0.56542856	0.36019713	0.030616108
0.73562	0.45070672	-0.8347529
0.22900128	0.956883	0.7870938
0.59992224	0.53097606	-0.34071523
0.79850197	0.08398473	0.5077189
0.29491198	0.5122454	0.24199148
0.5422318	0.71927917	-0.4858603
0.5927787	0.0862177	-0.2675016
0.4668669	0.9742663	-0.38849476
0.19695663	0.6496318	-0.50238484
0.90258783	0.8092651	0.4859376
0.7758797	0.46586186	-0.4561103
0.66703176	0.27997208	-0.69674134
0.87996924	0.41155845	0.43109968
0.37010258	0.79734886	0.13834755
0.07978368	0.96362305	-0.31702903
0.026395261	0.98981535	-0.73194873
0.3832245	0.09134817	0.6320903
0.24672401	0.14212608	-0.2271566
0.6477136	0.6373047	0.5495316
0.2048856	0.8362436	-0.28961208
0.32329965	0.13978243	-0.24050064
0.40881813	0.93172586	-0.28390506
0.23487544	0.1053077	-0.34472257
0.25876343	0.9046732	0.83952785
0.19858962	0.28955513	0.43155286
0.01642412	0.5898807	-0.4806524
0.78941965	0.608709	-0.60362315
0.45988983	0.8814418	-0.4466788
0.34686118	0.96301717	-0.09431663
0.8656525	0.6623701	-0.07218512
0.57620704	0.71072614	-0.13582242
0.5890364	0.00070363283	-0.33338577
0.42301655	0.5366955	-0.007542463
0.15290123	0.766477	-0.6856003
0.0026597977	0.72673357	0.123234406
0.48138154	0.46547425	0.32868102
0.6450157	0.21274614	-0.7338832
0.9684584	0.7003781	-0.2269929
0.096386015	0.72095615	0.16838709
0.33992094	0.5951434	0.3833455
0.501213	0.916783	-0.19750212
0.05727631	0.3409353	-1.0214694
0.026890635	0.97051287	-0.717521
0.15542156	0.2829492	0.761915
0.1181227	0.45566726	0.17356612
0.91464967	0.05323249	-0.16219212
0.655677	0.73713845	0.6653875
0.17261922	0.15272748	-0.15753163
0.6871461	0.84020996	0.2780999
0.74281067	0.11580092	0.13898675
0.86757886	0.4396968	0.5452108
0.6039658	0.25824773	0.039287884
0.9542061	0.35281885	-1.1428694
0.08708018	0.7352819	0.21663414
0.19558984	0.66428244	-0.61155367
0.38497525	0.7340133	0.12149981
0.84316057	0.36579365	0.47374445
0.6251376	0.94408864	0.2008728
0.529372	0.9026414	-0.047801245
0.12830895	0.5096618	0.014603175
0.44972295	0.2833395	-0.29907417
0.12532663	0.4918295	0.060630906
0.12695915	0.000564754	-0.43749768
0.6970164	0.1610263	-0.6310362
0.43351322	0.7531247	-0.015733734
0.7245846	0.3429907	-0.5363773
0.41258228	0.38269216	0.048184067
0.41649532	0.53408515	0.016280023
0.46023774	0.4347747	0.3049717
0.30149782	0.8716705	0.46991548
0.94875425	0.76282203	0.16675065
0.27140373	0.90208966	0.77341926
0.48875952	0.38201284	0.36823022
0.3053642	0.34952182	-0.38907212
0.6892294	0.33575636	-0.8885779
0.5270883	0.9867176	0.2556628
0.661521	0.5403314	-0.1894908
0.9312191	0.4802276	-0.5609385
0.9497448	0.49089497	-0.87500024
0.54731286	0.4257775	-0.055701606
0.31138557	0.5058619	0.25399944
0.95972174	0.1531316	0.47803497
0.8281021	0.92102796	-0.6065635
0.22921854	0.24587935	-0.03798191
0.47074956	0.6077883	-0.57306373
0.282032	0.35599607	-0.25618774
0.4256096	0.4276886	0.05290585
0.9139117	0.5087697	-0.10767489
0.08191556	0.3742656	-0.4695255
0.7384054	0.52350384	-0.9785809
0.2370131	0.75572896	-0.5264452
0.66178936	0.6687082	0.67648786
0.059818387	0.06065303	-0.049633276
0.84329975	0.8281502	0.38743025
0.24793613	0.34663844	0.0077477815
0.65467566	0.2013011	-0.7792642
0.0014925599	0.817329	-0.0046887714
0.61122894	0.28448325	-0.20365311
0.22240597	0.6520946	-0.53292215
0.23851478	0.85533214	0.32810494
0.5545493	0.6705089	-0.38975552
0.13249344	0.3282197	0.7252344
0.28872013	0.13333029	-0.18010628
0.8675389	0.43250567	0.46413168
0.018830061	0.70145506	0.12159948
0.42849934	0.22555059	-0.33091825
0.16810793	0.68519056	-0.55510914
0.30678344	0.8694623	0.46166635
0.9212027	0.5939897	-0.27816376
0.7693554	0.46411794	-0.53829587
0.8632328	0.5016015	0.33184743
0.40700608	0.17526007	-0.07016377
0.101189435	0.4024781	-0.0050520254
0.6303801	0.75535715	0.5362594
0.54462796	0.18580055	0.04468739
0.9316585	0.29417467	-0.47562054
0.60306674	0.63039255	0.14547268
0.11693323	0.95087796	0.014583275
0.008312821	0.8521281	-0.08619587
0.13569593	0.7782786	-0.54436445
0.74066305	0.24229038	0.19033451
0.29509652	0.60756856	0.11707571
0.43337995	0.8939225	-0.32757315
0.99527895	0.012340784	0.6423021
0.5408761	0.021979809	-0.14041518
0.040338874	0.48219937	-1.3704001
0.14151126	0.96351326	0.3975656
0.78972846	0.97515833	-1.3895078
0.41270185	0.48896003	0.030970942
0.34384918	0.07718772	0.24204078
0.56121427	0.46122003	-0.26429477
0.8203034	0.5104826	0.011004843
0.84333235	0.41192025	0.5393489
0.32755286	0.2967106	-0.55424416
0.07658833	0.13497782	-0.08745244
0.6837558	0.71763635	0.59172666
0.5289637	0.06685275	-0.24395482
0.39994097	0.9405365	-0.35881332
0.37570715	0.027655423	0.7781737
0.8132802	0.07096535	0.34176868
0.17749554	0.8174501	-0.5623101
0.4245929	0.78238267	0.03474762
0.58449125	0.288199	0.31422848
0.48700196	0.42834973	0.41246635
0.23858362	0.3976612	0.27315262
0.27886677	0.47382778	0.1962781
0.54677784	0.8734806	0.003576897
0.7926577	0.19256443	0.4519077
0.59504324	0.24723011	0.18715815
0.86211634	0.9507377	-0.5340901
0.059102535	0.8456718	0.08887991
0.7799574	0.82621443	-0.5213399
0.9764446	0.101110816	0.73918015
0.35688776	0.40573597	-0.05513254
0.24538493	0.8025431	0.026645845
0.23280245	0.6825771	-0.5834496
0.85927385	0.5106442	0.28936827
0.49754745	0.5599758	-0.24050364
0.7153727	0.19173253	-0.39882624
0.34555137	0.96713394	-0.113203235
0.35841745	0.202348	-0.18064505
0.30854404	0.2270633	-0.47511676
0.3602038	0.5227009	0.30418637
0.380966	0.26479793	-0.1442871
0.23741925	0.39608926	0.2844643
0.15474421	0.85253465	-0.32465822
0.1034413	0.12549835	0.008966312
0.5924235	0.690055	0.106064945
0.013749957	0.30746168	-1.1124716
0.6320513	0.22142434	-0.46518004
0.4907562	0.4703107	0.3445446
0.77498794	0.24468791	0.68796444
0.37513512	0.43381435	0.010607295
0.5342686	0.82380766	-0.19401543
0.96083957	0.40347868	-1.3503877
0.8520575	0.8385864	0.36622018
0.13559043	0.8372978	-0.43021622
0.26800627	0.4743712	0.19016197
0.26903045	0.8475232	0.5992909
0.76024663	0.27731723	0.5394029
0.38824415	0.44389004	-0.009554084
0.41898853	0.4696154	0.04711893
0.7217905	0.7345736	0.010729596
0.94935095	0.9591781	0.27924892
0.6167939	0.4240718	-0.49374637
0.97267276	0.65554905	-0.30371442
0.63150704	0.61568004	0.352204
0.42935216	0.54518974	-0.054166622
0.4313683	0.87132484	-0.21220036
0.51910967	0.8277579	-0.42964336
0.37252903	0.82275003	0.19004491
0.83679575	0.7162014	0.13967773
0.14439774	0.53986335	0.0019042678
0.41757363	0.7725123	0.17667228
0.13259715	0.5588038	-0.15572564
0.09515226	0.9869487	-0.112812966
0.3750233	0.9262763	-0.17871663
0.11983037	0.37638295	0.5157483
0.7820483	0.04403925	0.5272812
0.75872517	0.40785664	-0.30802107
0.9241741	0.5145501	-0.35739154
0.20360619	0.65709513	-0.6155866
0.83428806	0.28786314	0.18543611
0.31157708	0.92281955	0.3668255
0.85470843	0.37418598	0.53266174
0.58506924	0.6592432	0.019870445
0.3443851	0.4012047	-0.1579473
0.40098143	0.8696756	-0.09281903
0.9121304	0.56167084	-0.15450945
0.72739273	0.38179523	-0.5837437
0.9163138	0.29613245	-0.37356594
0.64627033	0.010401666	-0.61585253
0.49120438	0.98599684	-0.11904579
0.00486511	0.33111596	-1.2164811
0.3948611	0.9124786	-0.19097994
0.91601986	0.5435923	-0.19661123
0.05397117	0.7926345	0.32984075
0.82219166	0.6670063	-0.16206467
0.87959504	0.1055311	-0.4121135
0.8088059	0.30582428	0.46574745
0.08958578	0.59663516	-0.35637534
0.8370533	0.42917585	0.46288955
0.8643252	0.7678619	0.4814964
0.7221072	0.13460737	-0.21505637
0.36884224	0.21856767	-0.11698899
0.8658944	0.22050095	-0.3180612
0.7443724	0.258363	0.27009994
0.27505177	0.07207203	-0.12805608
0.43496442	0.64138395	-0.17324029
0.7375872	0.12757742	0.055896766
0.35997403	0.4024048	-0.14649788
0.603671	0.6430912	0.22118416
0.8640642	0.40927154	0.52613026
0.9621281	0.10011262	0.5484318
0.4402303	0.008298457	0.9918251
0.5302673	0.97168	0.17862503
0.93601435	0.3746773	-0.9407219
0.808464	0.42316306	0.34923518
0.777178	0.43677366	-0.21949556
0.0067576766	0.9669703	-0.640298
0.83442366	0.6822428	-0.038339756
0.7527708	0.072208345	0.37957233
0.6289707	0.885591	0.35536775
0.10687393	0.24182701	0.619631
0.13038713	0.5343114	-0.059332468
0.2132451	0.08205199	-0.50135005
0.087548375	0.69286764	0.17223892
0.10807282	0.1963005	0.49550158
0.79243404	0.3498441	0.58635694
0.7041892	0.5794735	-0.3792203
0.23113728	0.62419176	-0.28399253
0.11452812	0.67904043	-0.20233482
0.8140694	0.38191015	0.56240964
0.38926113	0.4961415	0.15270007
0.54620457	0.8549297	-0.0012054686
0.6391695	0.48880118	-0.39885145
0.8386426	0.1413678	-0.061510023
0.23938477	0.67674243	-0.53729445
0.15790772	0.092037916	-0.24193907
0.25568283	0.8670139	0.5697228
0.41853637	0.20716643	-0.23529553
0.78025556	0.7969193	-0.48266014
0.6503024	0.2940398	-0.61818653
0.8832152	0.9661542	-0.39633065
0.97441435	0.22773504	-0.19849965
0.8665409	0.80502576	0.55684364
0.5291631	0.16827798	-0.27859786
0.4798286	0.31635833	0.036154762
0.25241035	0.7526401	-0.28495336
0.22463304	0.78690624	-0.51564276
0.5252407	0.49284458	-0.05390306
0.04826325	0.38698387	-1.3771724
0.21993232	0.41673923	0.67947
0.7146797	0.20455134	-0.38832438
0.20920998	0.8361604	-0.25158024
0.5583976	0.21838903	0.33290958
0.5297219	0.6370435	-0.6539747
0.34137547	0.69197106	0.27494523
0.37814373	0.5450777	0.20998527
0.5959497	0.59586126	-0.1012353
0.84009457	0.40277964	0.5005734
0.78116655	0.61655986	-0.6772078
0.8505154	0.6547934	-0.072226055
0.6238606	0.67304844	0.49477792
0.97652465	0.74354225	-0.27533457
0.15757018	0.09746158	-0.29176587
0.858611	0.6638525	-0.09857847
0.701663	0.002901733	-0.21417585
0.679233	0.92880446	-0.13729621
0.63087255	0.03686005	-0.6129843
0.7590765	0.87854475	-0.7202297
0.41787398	0.46062607	0.050728753
0.78415906	0.45880908	-0.31929618
0.783911	0.27770424	0.6174606
0.008765042	0.03937137	-0.27840734
0.9015303	0.9323451	0.07646939
0.68945783	0.57951635	-0.18519905
0.97269636	0.88645846	-0.03590993
0.62584037	0.35394454	-0.5183483
0.45586145	0.36347765	0.10128988
0.9087714	0.7735235	0.37097713
0.3983863	0.55293167	0.2095255
0.24361855	0.97919023	0.9763912
0.16728723	0.50429624	0.38433492
0.74704874	0.7183019	-0.50464886
0.9206467	0.7343099	0.12438031
0.9582916	0.22176045	-0.043982513
0.9299148	0.61707264	-0.2557241
0.88238734	0.6046798	-0.15571037
0.39494926	0.025362372	0.9601172
0.8699731	0.9424077	-0.39721352
0.61206716	0.8484849	0.26994544
0.7227841	0.73060244	-0.046804212
0.1214931	0.8804281	-0.1933908
0.31819797	0.69512415	0.1871423
0.917266	0.88378036	0.41468936
0.18318772	0.9154939	0.28079775
0.007972479	0.54688877	-0.7210225
0.81467676	0.79826605	-0.023083627
0.18860155	0.27273124	0.51132774
0.72360146	0.79681927	0.046757787
0.0006006956	0.17800224	-0.73418516
0.0037336946	0.23635817	-0.79814684
0.92102754	0.7982947	0.3662263
0.69701713	0.2211414	-0.7094435
0.76465803	0.47598332	-0.7019838
0.5330644	0.38483316	0.17632419
0.6141212	0.9080573	0.21851805
0.2923391	0.44917536	0.14522424
0.5256998	0.03847438	-0.18676482
0.8342734	0.5890908	-0.25072935
0.31602103	0.46252686	0.1908314
0.61476505	0.39925808	-0.55683273
0.001947701	0.8538767	-0.13009785
0.24022955	0.23842591	-0.08825691
0.81391704	0.28778094	0.43013626
0.6255057	0.9669299	0.19660929
0.28862756	0.8226865	0.4556018
0.91008264	0.21591938	-0.2053513
0.5567515	0.8871645	0.049880255
0.29493165	0.556716	0.16044043
0.3199519	0.9115892	0.27503502
0.535463	0.5141593	-0.30119717
0.521674	0.05352938	-0.2548909
0.48295438	0.08024055	-0.18456352
0.5929622	0.37005717	-0.23200506
0.11841756	0.40321612	0.43995887
0.86166024	0.64654773	-0.14262734
0.6250641	0.46706963	-0.51095855
0.32850677	0.5513068	0.3079933
0.9077818	0.638001	-0.09689815
0.90321845	0.25598603	-0.18273114
0.66151464	0.83184046	0.40346518
0.4239673	0.5714753	-0.0030459277
0.5948529	0.43108958	-0.39194822
0.7600997	0.70717967	-0.6900296
0.27828544	0.9611862	0.7059282
0.45981646	0.6616275	-0.5370368
0.8993956	0.70213103	0.01233343
0.40544456	0.92765373	-0.28774858
0.3521089	0.36403352	-0.3222677
0.33464873	0.11873442	-0.03481005
0.3729167	0.53982174	0.2716768
0.40453327	0.6152651	0.19744706
0.1585887	0.40853596	0.80748063
0.43106467	0.30769753	-0.1983605
0.52693963	0.79848945	-0.37318704
0.87841743	0.15634233	-0.38172022
0.4902432	0.40863568	0.36460772
0.83988637	0.07941997	-0.057678506
0.5147797	0.44219828	0.28050962
0.59297466	0.26768994	0.178521
0.85138595	0.88684976	-0.021419093
0.3265304	0.83543986	0.27870014
0.94763786	0.9772158	0.22309743
0.6942443	0.88780737	0.0044992007
0.11432409	0.7511655	-0.24120468
0.8311213	0.78635305	0.2787947
0.047447085	0.19134414	-0.3237282
0.5673567	0.1394754	0.13046323
0.8370083	0.8159159	0.33449304
0.3885315	0.4776178	0.053323105
0.35146272	0.44643474	0.059414253
0.18643665	0.8277642	-0.5256271
0.8080423	0.7772868	-0.20937504
0.895506	0.038221598	-0.30540514
0.91787523	0.54001945	-0.21909995
0.7663456	0.65348244	-0.80594397
0.7687199	0.10303521	0.43078747
0.69486135	0.65928996	0.37252462
0.58334386	0.20865166	0.3714527
0.9734685	0.9222845	0.025739571
0.09772056	0.23146951	0.42044297
0.2690519	0.14914316	-0.16245963
0.8295321	0.039979756	0.15845342
0.16598725	0.41612858	0.8142581
0.09308803	0.87596196	-0.07282366
0.11669201	0.10101986	-0.08129348
0.9638113	0.40624642	-1.3616781
0.6563257	0.55898505	-0.027959067
0.055197716	0.867461	-0.027285177
0.32082427	0.9529355	0.17740384
0.14198405	0.92029095	0.059721354
0.9926159	0.28099197	-0.7495581
0.5407456	0.9873602	0.27091643
0.850118	0.80034196	0.46826154
0.06465709	0.41682577	-1.1576349
0.95128196	0.60004675	-0.42911708
0.32938993	0.9206868	0.16479523
0.11607814	0.83771825	-0.33030793
0.9445837	0.31079936	-0.79063314
0.33639765	0.23940778	-0.35999018
0.89397734	0.17423856	-0.36222753
0.7788015	0.57017946	-0.74174005
0.21269488	0.25903285	0.20278186
0.27033043	0.5105272	0.28775138
0.34800428	0.029631138	0.3303943
0.5312836	0.10259032	-0.32366532
0.96304303	0.2090655	0.06201317
0.09865451	0.8096654	-0.00898909
0.24791205	0.97566485	0.9679591
0.801832	0.60688245	-0.44735116
0.9467595	0.21127665	0.08468397
0.8192131	0.008542836	0.33369744
0.1892252	0.69272965	-0.7324627
0.46511453	0.07877612	0.14181378
0.26286322	0.18391865	-0.15467992
0.20795327	0.40764397	0.76747715
0.94236135	0.7898723	0.1810302
0.20446312	0.9776133	0.9260959
0.26384157	0.5645643	0.1546939
0.8633194	0.89425415	0.010996353
0.8459281	0.5226772	0.14848322
0.9610752	0.8091047	0.0061040632
0.44516027	0.76368076	-0.18348633
0.010523677	0.76410276	0.09971507
0.0003630519	0.30385286	-1.1044471
0.2759487	0.51014495	0.23677728
0.13456434	0.28884554	0.79162693
0.15001285	0.3420654	0.86253124
0.06928116	0.81972486	0.2374187
0.23711866	0.81106156	-0.07624472
0.4774465	0.18803257	-0.50032103
0.4682982	0.18228793	-0.43858892
0.55337185	0.2560619	0.40445796
0.8049084	0.9774824	-1.2434253
0.93976563	0.409077	-1.0734886
0.1996615	0.13082337	-0.40689284
0.25506103	0.43499333	0.17949107
0.606699	0.7408091	0.33925077
0.32245338	0.78637487	0.28069353
0.9342187	0.24951887	-0.2250054
0.27773124	0.054953516	-0.14965074
0.23962241	0.21224529	-0.20129809
0.32752907	0.5826033	0.25764182
0.50489026	0.87874883	-0.36602214
0.5021824	0.68036884	-1.0113502
0.56022966	0.5241714	-0.38931593
0.082983494	0.16352695	0.10450864
0.5689639	0.71329576	-0.07818778
0.7199369	0.31197828	-0.5219515
0.42792344	0.33602583	-0.075336516
0.5342844	0.8923834	-0.0374123
0.67332166	0.13509828	-0.8290727
0.6471629	0.8958043	0.2691138
0.28033644	0.92996156	0.77102596
0.62965775	0.7355778	0.6000488
0.2801525	0.33446974	-0.29035938
0.59279907	0.5673902	-0.24263504
0.4510075	0.85226023	-0.44467118
0.65431494	0.85197675	0.3554821
0.51054883	0.8497496	-0.47234687
0.5449385	0.41316235	-0.025665108
0.41009623	0.24654323	-0.23156321
0.44403905	0.9520316	-0.36156917
0.19754624	0.34541315	0.73413175
0.49688667	0.31270593	0.015379202
0.43535745	0.94988686	-0.3112163
0.26968205	0.114411235	-0.16799155
0.89868975	0.84493613	0.48295292
0.79739	0.1761359	0.38078785
0.78772503	0.35210484	0.42934033
0.61840856	0.55956525	-0.15254629
0.12720406	0.42020613	0.5454899
0.66449356	0.5052895	-0.44778892
0.89877367	0.54993093	-0.010625457
0.85549814	0.7829029	0.47514698
0.15508324	0.645496	-0.29203105
0.9484264	0.8798378	0.2833821
0.68036073	0.49097383	-0.7092805
0.30706733	0.41011298	-0.05196096
0.038808763	0.1968503	-0.37736046
0.7744807	0.42820084	-0.19072115
0.74073374	0.1061635	0.17181323
0.9815089	0.8354861	-0.19544575
0.47602355	0.3707251	0.24867192
0.70427585	0.64395416	0.09061673
0.649696	0.835287	0.4659556
0.7965301	0.99471533	-1.4204568
0.47086185	0.34025615	0.07140589
0.74306834	0.40217805	-0.48611218
0.75181305	0.13352859	0.2871731
0.6439137	0.13487709	-0.7089835
0.10860181	0.6453885	-0.12868878
0.70775586	0.26543784	-0.6803851
0.93679243	0.38882613	-0.9909126
0.531538	0.8865766	-0.11725628
0.17240071	0.6754884	-0.50515395
0.4247036	0.41128618	0.030657768
0.54917353	0.5473175	-0.4154437
0.15699416	0.91831416	0.21017887
0.6090598	0.99151796	0.22733253
0.9577059	0.6131525	-0.2996974
0.45042598	0.64599574	-0.46615028
0.33415347	0.16641611	-0.2634322
0.590409	0.09704363	-0.20794003
0.43678856	0.7017878	-0.035818506
0.21243489	0.17050427	-0.36193824
0.021651983	0.95842403	-0.6101238
0.21752286	0.7186596	-0.8104439
0.90320957	0.8211797	0.5355714
0.24908328	0.11332393	-0.25258654
0.98956907	0.8565133	-0.2138832
0.04538709	0.7975838	0.27128476
0.6303942	0.68130803	0.5236896
0.11281186	0.07405496	-0.14344147
0.37541872	0.15846092	0.14520983
0.08931726	0.23559958	0.2927123
0.43395257	0.407776	0.08211462
0.16112572	0.58198655	-0.02736726
0.13255501	0.8093494	-0.5267557
0.92506415	0.9089596	0.38334736
0.24173796	0.3856421	0.11931648
0.17077368	0.37997782	0.89794534
0.5454924	0.8071576	-0.106232196
0.19724035	0.25689518	0.24531853
0.5842639	0.96713495	0.16808566
0.31021744	0.008349597	-0.055956304
0.20615679	0.17829591	-0.3476322
0.5840234	0.07205933	-0.2319253
0.7903762	0.112962425	0.4827637
0.13309431	0.2591132	0.74475867
0.939405	0.7948347	0.2577409
0.20923442	0.41388792	0.74237454
0.93077374	0.46938252	-0.5953906
0.2912795	0.11327493	-0.22210795
0.6594836	0.14012426	-0.8043877
0.47075683	0.6033468	-0.5118732
0.30185795	0.9433153	0.4639
0.89235145	0.11513358	-0.39644915
0.4395898	0.2235052	-0.3994442
0.6513241	0.6034407	0.27864367
0.68001497	0.6896973	0.6052013
0.55112237	0.3717109	0.10974446
0.79757524	0.6349912	-0.59493643
0.15456766	0.91282517	0.21969607
0.88976824	0.70227516	0.064991534
0.032120287	0.43070394	-1.4824604
0.33051103	0.6449431	0.3611037
0.40492064	0.30833763	-0.116777435
0.84912795	0.033819795	-0.17466363
0.95919	0.6009707	-0.3376304
0.9762618	0.14977825	0.51788825
0.13517553	0.32757527	0.7781044
0.3461911	0.5710621	0.36064655
0.32231456	0.38787818	-0.22284204
0.15243196	0.45466447	0.56305075
0.61732197	0.5223499	-0.3238359
0.2570697	0.020011604	-0.24047054
0.55693763	0.27293402	0.42084453
0.17828578	0.93953836	0.5446197
0.30984056	0.59177715	0.23144074
0.04284942	0.79453814	0.1651995
0.7903109	0.37239027	0.42155018
0.55340236	0.7355513	-0.32632226
0.85504186	0.19807011	-0.27965328
0.7256589	0.58455336	-0.8233958
0.97559303	0.27565235	-0.57447267
0.6175288	0.24568307	-0.2696143
0.8273003	0.96998435	-1.0693215
0.19971538	0.6617704	-0.59704113
0.7681219	0.3125639	0.55492985
0.9973297	0.41103745	-1.3310313
0.42867535	0.28275132	-0.30271158
0.08421749	0.3326682	-0.13057749
0.74585074	0.68821305	-0.60124224
0.060242057	0.47297853	-1.2500662
0.5141859	0.8378734	-0.45594102
0.0631876	0.8285583	0.27468467
0.034763277	0.5640585	-0.82526404
0.6459561	0.38388932	-0.79845166
0.78664744	0.054614186	0.5888561
0.69315386	0.73559636	0.4374347
0.6456064	0.97769636	0.10523992
0.21403176	0.9701927	0.8146984
0.61402106	0.707017	0.4350219
0.1131528	0.8454896	-0.19915274
0.8589316	0.94453585	-0.46670622
0.1534431	0.23932034	0.60927516
0.34918112	0.6766791	0.34483606
0.97980225	0.8340496	-0.19921638
0.38946903	0.7851418	0.1905077
0.8270733	0.1214959	0.12296677
0.05872625	0.7180502	0.3081386
0.7470312	0.12236929	0.19453503
0.022212803	0.7562809	0.16013199
0.3425237	0.38044167	-0.2386746
0.25834215	0.34919083	-0.11359067
0.7793261	0.4994207	-0.6068464
0.60184735	0.03152454	-0.4628717
0.9614748	0.42340165	-1.2942758
0.7626304	0.7311221	-0.5813578
0.8582579	0.8551879	0.35242003
0.565608	0.89810216	0.111694716
0.19342166	0.875932	-0.083082505
0.1412707	0.29274803	0.7896594
0.57180244	0.20930165	0.34462056
0.59785277	0.43263203	-0.4001914
0.8794746	0.9281148	-0.061062504
0.88344496	0.6512855	-0.11449965
0.92837864	0.71206504	0.011112377
0.4241817	0.5934907	-0.02813621
0.77598244	0.31447315	0.5848344
0.95077574	0.22847074	-0.12724362
0.21964312	0.95389116	0.76912284
0.64213246	0.44492018	-0.62409765
0.9895216	0.6314377	-0.35548186
0.16037667	0.73532397	-0.6434582
0.3536945	0.07492566	0.33286545
0.89750904	0.059728563	-0.3128986
0.46100485	0.5569398	-0.20719676
0.94624984	0.2887025	-0.6096249
0.4724856	0.8324896	-0.56553805
0.5303986	0.33009738	0.21025391
0.15169299	0.39288837	0.8284737
0.4412862	0.8142929	-0.3148972
0.040450692	0.3049891	-0.95705616
0.7515576	0.0033302307	0.37613636
0.6339329	0.11697394	-0.65024227
0.53520286	0.24328715	0.19059736
0.0057370663	0.57117116	-0.6127937
0.34345055	0.15115285	-0.03135653
0.58455384	0.1723882	0.12450973
0.54144186	0.41205966	-0.05469036
0.7314694	0.25020128	-0.05463983
0.55138457	0.15130168	0.018827343
0.9419412	0.6401274	-0.232743
0.9452127	0.8774867	0.3637237
0.7116297	0.55326277	-0.79345167
0.6364294	0.09904021	-0.77376974
0.13304734	0.3614325	0.7515587
0.59056807	0.9611374	0.20225023
0.1608684	0.98865414	0.7729819
0.13612926	0.04192853	-0.33512118
0.54416794	0.4830556	-0.23930846
0.97918296	0.81864625	-0.11026835
0.35597402	0.14761466	0.075462
0.64802164	0.12817234	-0.7768363
0.8700909	0.2703948	-0.14744633
0.11456019	0.0045588613	-0.34875083
0.62125385	0.98149705	0.21217248
0.06547707	0.029127955	-0.0010096598
0.74794143	0.33439612	0.055182528
0.5032699	0.028274417	-0.115496665
0.058260083	0.20286047	-0.21227974
0.9803895	0.11199021	0.73665524
0.01724583	0.386994	-1.4343978
0.3092091	0.675126	0.16063242
0.9998096	0.6570276	-0.33074057
0.55182743	0.26855528	0.41419834
0.45419735	0.44792366	0.16198155
0.6413784	0.97003466	0.064296864
0.99926406	0.5931489	-0.4546074
0.06546706	0.2498129	-0.17725345
0.30421704	0.51993877	0.19892499
0.89051545	0.08948845	-0.43336293
0.42788696	0.79680693	-0.028832968
0.56858647	0.22173029	0.44223928
0.39320624	0.47537374	0.06695139
0.015114665	0.48612893	-1.2682807
0.040807366	0.61448896	-0.41045386
0.787167	0.9134643	-1.0366198
0.6136807	0.9680964	0.25445992
0.8391518	0.49611825	0.2389728
0.8975151	0.7229056	0.10122797
0.5117051	0.45899945	0.21509157
0.94738257	0.76305884	0.028033786
0.026496768	0.7974925	0.11149886
0.59191686	0.34666365	-0.08790733
0.8256387	0.5285425	-0.08547554
0.352459	0.9381944	-0.031342685
0.7914923	0.41845983	0.18557498
0.9190959	0.948553	0.15998784
0.61716735	0.09328014	-0.58477336
0.60792947	0.22208548	-0.030746404
0.46494716	0.97301614	-0.4127829
0.12857634	0.9428597	0.1374469
0.53034616	0.9512718	0.14510745
0.15831196	0.24459207	0.59713733
0.9549393	0.9927621	0.19997083
0.11838001	0.54386634	-0.16798618
0.5483399	0.5653649	-0.48868477
0.611004	0.3963989	-0.3966722
0.8011514	0.13382441	0.40644866
0.3888892	0.22066718	-0.16386917
0.9131937	0.1125285	-0.17004399
0.45119274	0.48701084	0.14033435
0.43670636	0.48751634	0.07372214
0.32951915	0.13920516	-0.19087304
0.46556818	0.09296048	0.023384226
0.80835015	0.67639416	-0.3716554
0.8849118	0.421462	0.37056273
0.18080616	0.6668809	-0.5152994
0.987102	0.30721396	-0.9384603
0.97058344	0.0929845	0.73742306
0.5941196	0.71087813	0.20157512
0.29613358	0.20463902	-0.36872274
0.84128284	0.45509183	0.47332212
0.93654704	0.63902235	-0.2316082
0.5154094	0.5141381	-0.123275764
0.8782585	0.2446754	-0.2926003
0.15436196	0.5903815	-0.14503029
0.5426761	0.7251961	-0.40486455
0.9977402	0.9612686	0.014436531
0.9015589	0.6686201	-0.11225587
0.9725718	0.37292588	-1.3811922
0.608507	0.6491931	0.30684614
0.14374268	0.081418574	-0.23611416
0.4217912	0.14499438	0.05970448
0.7033416	0.7628775	0.31955117
0.64692736	0.8845121	0.30007765
0.5759431	0.9907805	0.26018846
0.2538417	0.8425489	0.4607832
0.8301422	0.112418234	0.07546126
0.9766777	0.8772376	-0.02014209
0.14869553	0.33702338	0.8980326
0.4890108	0.12285286	-0.29908624
0.63458043	0.617003	0.32541847
0.7986842	0.24460202	0.45751324
0.34514672	0.1295799	0.05673863
0.32559407	0.3056023	-0.5063921
0.61139685	0.68869424	0.3867413
0.9592143	0.33754635	-1.0580277
0.6639867	0.008460224	-0.5378092
0.4346164	0.9804301	-0.3193477
0.41684806	0.24232942	-0.33293
0.7490064	0.8668111	-0.5721604
0.24227518	0.32561558	-0.040697493
0.15864563	0.014947832	-0.6505519
0.5773148	0.49821168	-0.36187014
0.15045089	0.20301974	0.3645659
0.032072306	0.06855911	-0.1421927
0.94875854	0.16674894	0.2573935
0.8993765	0.060990214	-0.34088427
0.4155224	0.9374749	-0.31624654
0.37165928	0.9371695	-0.20379683
0.7660023	0.9068619	-0.914791
0.28594857	0.2275309	-0.3183072
0.03662181	0.004909754	0.039503306
0.23003465	0.23812884	-0.037795484
0.4132985	0.791175	0.18904606
0.5525113	0.44324118	-0.17951152
0.56177133	0.54685485	-0.4877503
0.88159883	0.55762416	0.011408495
0.40822673	0.29787743	-0.1568946
0.39440602	0.36083668	-0.09153652
0.57910436	0.84130746	0.11537718
0.54086244	0.5936953	-0.53740114
0.6240496	0.11540449	-0.5276832
0.512532	0.92632	-0.06755975
0.12605882	0.08023876	-0.15068911
0.45408887	0.4297076	0.21085614
0.4470893	0.8388555	-0.37441564
0.771341	0.7350431	-0.6024362
0.74054897	0.84241056	-0.37456107
0.62207663	0.8267958	0.37000024
0.46765077	0.72872275	-0.70065343
0.95582277	0.29677474	-0.7301151
0.54864794	0.19947034	0.2349454
0.46828806	0.14742017	-0.31861854
0.09540659	0.21975821	0.37393808
0.79148006	0.81606716	-0.39632347
0.44243288	0.4874305	0.120690376
0.8868103	0.1608507	-0.40349805
0.43831134	0.89770293	-0.35109064
0.048635006	0.0850485	-0.041110355
0.4965374	0.6319911	-0.77549356
0.13198936	0.39743972	0.5788167
0.87699413	0.78387207	0.5013013
0.44636083	0.13001502	-0.055842206
0.35464686	0.88765997	0.055983678
0.57440513	0.3392772	0.15603122
0.37417805	0.04161167	0.6883413
0.3888694	0.81015366	0.1477734
0.45724016	0.10306972	0.008034259
0.12587947	0.22693932	0.6141694
0.7739585	0.11874223	0.46036887
0.6015997	0.7562542	0.27278715
0.2535181	0.6739288	-0.35347012
0.4422639	0.7703548	-0.1488807
0.6996038	0.8621913	0.06196298
0.8412954	0.5239049	0.12643342
0.82418305	0.3403173	0.51660275
0.65902233	0.7592287	0.68430716
0.76847523	0.097982585	0.48795608
0.6561906	0.077845216	-0.68468183
0.83235127	0.09057164	0.054528363
0.010062218	0.36744857	-1.3943592
0.7336289	0.3832404	-0.5006343
0.8285294	0.33552355	0.45744526
0.1823209	0.10173547	-0.37388748
0.6940439	0.35453534	-0.93832946
0.028550088	0.35848165	-1.3711052
0.07917982	0.23892164	0.09884845
0.78685	0.8515694	-0.534576
0.01817596	0.34121805	-1.2881358
0.8140862	0.3006124	0.46199393
0.6768814	0.25162876	-0.83589655
0.58761245	0.5726004	-0.26703188
0.43086505	0.1729601	-0.15916891
0.066250265	0.6498493	0.029830214
0.8774801	0.026905298	-0.277097
0.7586979	0.87594277	-0.71453404
0.45522517	0.85090065	-0.37219116
0.7117914	0.19958693	-0.4753778
0.46538168	0.69987476	-0.7378822
0.5335011	0.88967407	-0.073149905
0.468486	0.2431534	-0.39105666
0.09484953	0.25008535	0.39504918
0.15735501	0.29823053	0.81612796
0.064823925	0.2836148	-0.39243597
0.8767564	0.4665094	0.42444912
0.4894117	0.3896255	0.32709277
0.89519036	0.07057935	-0.3455056
0.6615834	0.86396056	0.30771846
0.12662601	0.44317782	0.39831507
0.57808024	0.13507867	0.11381564
0.3233654	0.85736096	0.32618433
0.421852	0.20984226	-0.25374213
0.022568345	0.9417443	-0.5998419
0.51728064	0.9149246	-0.110905424
0.5153622	0.39266562	0.27135372
0.9286033	0.52464503	-0.37350532
0.4838906	0.06325573	-0.08329918
0.8485599	0.54204226	0.037831713
0.14607698	0.8370134	-0.47009242
0.7941998	0.46639776	-0.15070601
0.4705363	0.37632138	0.20456941
0.6094713	0.3977797	-0.45218742
0.18176103	0.7803522	-0.72486025
0.4100718	0.15367699	0.073253036
0.8059165	0.90171856	-0.68670195
0.5945217	0.38663423	-0.32974172
0.35703367	0.74998677	0.18284045
0.90527934	0.7523618	0.3109702
0.6313826	0.26155055	-0.42310503
0.5297656	0.6776607	-0.68185437
0.21813768	0.5490544	0.19326414
0.6963058	0.51991564	-0.74957764
0.03857243	0.46389532	-1.4106467
0.69068474	0.8799995	0.07574335
0.09534079	0.5587399	-0.48483098
0.24262655	0.41222543	0.26222792
0.7068848	0.432723	-0.9968509
0.4175583	0.8711531	-0.2162719
0.65426683	0.9520414	0.037181657
0.9530416	0.6668531	-0.20156299
0.7081972	0.95320237	-0.5764086
0.45389628	0.08045089	0.27660105
0.14093488	0.24375159	0.69232446
0.25900757	0.93304014	0.88297844
0.5783471	0.44231945	-0.378565
0.19039279	0.6754533	-0.6403975
0.8376933	0.009426951	0.08194966
0.01176846	0.06709933	-0.26641974
0.92235905	0.20710266	-0.038963545
0.9760866	0.8716259	-0.08724703
0.22601718	0.27731216	0.13979813
0.4372205	0.4567616	0.07871488
0.0022249222	0.8254236	0.010300482
0.13919145	0.9914937	0.45814624
0.67568237	0.238083	-0.79268074
0.74084824	0.008344114	0.26949862
0.03419864	0.0066635013	0.002603367
0.9182708	0.8876266	0.44186032
0.18526834	0.58485943	-0.06335401
0.61133873	0.19359726	-0.11818661
0.7089896	0.7481234	0.19424897
0.7875882	0.83645564	-0.5079205
0.17831421	0.08063805	-0.4621244
0.6949919	0.5826734	-0.18179074
0.8291386	0.5857901	-0.29206452
0.50961167	0.2885549	-0.0659394
0.05664134	0.71538234	0.28064135
0.42713177	0.3203305	-0.13097191
0.069342375	0.55523866	-0.8076188
0.5553316	0.15210378	0.038112864
0.73285514	0.77565783	-0.18981224
0.8630559	0.4124475	0.5922323
0.17420423	0.28228498	0.6762584
0.6878728	0.14596128	-0.71981454
0.2549743	0.023267984	-0.26429236
0.17115271	0.13774186	-0.22784564
0.10957837	0.20556659	0.47906584
0.046257854	0.57494646	-0.73772335
0.18570858	0.40710473	0.9204806
0.57232374	0.7547316	-0.021666905
0.20947373	0.57357836	-0.00412149
0.4119416	0.6916664	0.186125
0.5466564	0.3694039	0.08199529
0.83555967	0.08376157	0.08335866
0.07116759	0.6069141	-0.4297045
0.22711402	0.100740194	-0.39417973
0.58640975	0.5487848	-0.34061983
0.39253724	0.819608	0.13425176
0.6922932	0.8215965	0.27359706
0.0078789	0.55978245	-0.6512907
0.6693751	0.657973	0.6726483
0.21716619	0.49877918	0.490094
0.19396263	0.44095212	0.81132615
0.2593481	0.9017038	0.7780205
0.37303364	0.16608775	0.06946239
0.51259756	0.9257035	-0.10055914
0.87303555	0.8685393	0.36108577
0.24368143	0.9957927	0.9579198
0.8148289	0.55511713	-0.31646445
0.23895752	0.22046316	-0.1634931
0.30486733	0.54046535	0.21625772
0.5242639	0.12902093	-0.31153208
0.1581592	0.9222575	0.25286782
0.060067475	0.06837046	-0.0546089
0.8529605	0.62156576	-0.2162881
0.96172744	0.18963677	0.21722884
0.018522501	0.8355528	-0.05059313
0.22218764	0.85896045	0.12542285
0.63898736	0.18971545	-0.60921305
0.4283203	0.799978	-0.04693307
0.117681146	0.2715044	0.62693524
0.5524082	0.47782272	-0.26662484
0.029656708	0.78651863	0.08693178
0.9309333	0.9359333	0.3717567
0.72367734	0.4213887	-0.77554184
0.16860187	0.17644328	0.0148768
0.1917513	0.8040045	-0.7033352
0.2710175	0.21402186	-0.15163498
0.50148576	0.19722056	-0.44556886
0.83383924	0.054654956	0.060815323
0.34098375	0.0092448	0.16995953
0.5831468	0.98701835	0.22038817
0.94985926	0.788544	0.17339694
0.9801822	0.18992162	0.23710117
0.16804415	0.4617657	0.6583026
0.5271437	0.08856565	-0.28666267
0.43538195	0.014224708	1.0325433
0.8601852	0.40676796	0.5334087
0.4727617	0.79525274	-0.7516379
0.569025	0.5351467	-0.40381584
0.64930654	0.32148808	-0.6487212
0.7716744	0.22807729	0.6069983
0.6711324	0.17999548	-0.8013461
0.38871932	0.34857416	-0.100777015
0.2671911	0.068514585	-0.16161424
0.7737792	0.25136095	0.6314041
0.34206188	0.10367304	0.076489754
0.6849582	0.022124946	-0.38890535
0.7375809	0.8537517	-0.3583417
0.71979207	0.31893188	-0.47089624
0.99567264	0.10253674	0.69961315
0.6098949	0.555966	-0.21862791
0.19443232	0.37975025	0.8551084
0.17954874	0.44342494	0.8308426
0.69100666	0.35032362	-0.93016624
0.61309016	0.44970095	-0.41836637
0.015797794	0.33021516	-1.2209443
0.7876258	0.7763944	-0.41022027
0.8821802	0.6290503	-0.15433572
0.081258655	0.30327803	-0.04680438
0.059847772	0.3259259	-0.8221129
0.028441548	0.34996152	-1.3388703
0.73076373	0.20965654	0.002122268
0.48391485	0.12521148	-0.31615293
0.0007249117	0.022076845	-0.20532013
0.090316355	0.33657402	0.042394914
0.67568845	0.892024	0.15502232
0.99822485	0.45017505	-1.3141235
0.15963304	0.530238	0.18590865
0.38736886	0.28293478	-0.15131086
0.8102362	0.32969207	0.5239985
0.9262756	0.9680116	0.11042047
0.9854061	0.66537404	-0.30858678
0.69728804	0.83148706	0.23105273
0.86902946	0.4950623	0.3633168
0.59365684	0.7694675	0.14556861
0.88574225	0.88654613	0.32935014
0.26847482	0.22493607	-0.1757307
0.7269841	0.89801586	-0.5364187
0.98035365	0.00029993057	0.5541458
0.59952193	0.80964935	0.22975254
0.34046614	0.47409755	0.22069739
0.016560614	0.8305829	-0.07110718
0.22297752	0.5937947	-0.08483206
0.43571478	0.14066839	0.01602095
0.88045734	0.04518783	-0.34159312
0.55570304	0.97107816	0.25387865
0.070212126	0.6215564	-0.25669798
0.71807945	0.616146	-0.42979357
0.5285042	0.7859545	-0.46173042
0.39845878	0.7918066	0.19665544
0.72816676	0.33804357	-0.38214353
0.9202117	0.11545652	-0.06093186
0.6580467	0.09294528	-0.7441918
0.37034118	0.8370571	0.08604355
0.69649357	0.5345496	-0.61563325
0.23103678	0.9098035	0.6627405
0.8774885	0.23309094	-0.25226632
0.5737942	0.3704632	-0.06445507
0.7789193	0.15833354	0.4258616
0.6726872	0.8038859	0.50949204
0.6987457	0.38778454	-0.98742545
0.837321	0.47115612	0.40835673
0.6517727	0.4709012	-0.5729026
0.47851282	0.84263	-0.6664479
0.4766611	0.3198288	0.014539085
0.85909194	0.713614	0.17561671
0.16748708	0.38098878	0.931431
0.22590208	0.63843775	-0.4729166
0.68146664	0.13641119	-0.75596106
0.4401158	0.68942183	-0.15939862
0.29459578	0.35814148	-0.30623934
0.7339387	0.21627456	0.033605807
0.28466022	0.053180516	-0.16211012
0.114127636	0.8853261	-0.19198056
0.12768984	0.019114196	-0.39399642
0.4398914	0.5049693	0.035814647
0.7949257	0.59843194	-0.6360491
0.6592844	0.34398234	-0.75649375
0.30870897	0.6209926	0.22487295
0.76042855	0.58484834	-0.86668736
0.6437476	0.12053478	-0.7184227
0.012726128	0.6369486	-0.0138142
0.8807535	0.79446834	0.4569852
0.797379	0.83138543	-0.36791876
0.038782716	0.12228823	-0.24233694
0.18593568	0.5919504	-0.119907975
0.9482282	0.82489955	0.29074037
0.7645403	0.9711851	-1.2853475
0.8109603	0.5091226	-0.1576542
0.65005493	0.39560282	-0.803048
0.5970904	0.85344696	0.17312782
0.0287835	0.4199823	-1.5309372
0.2185399	0.27062625	0.18411677
0.50631326	0.9315325	-0.07102457
0.21187729	0.55865365	0.14099845
0.6514482	0.8968878	0.23752809
0.4985507	0.19614512	-0.40271342
0.026823223	0.7639014	0.22237912
0.21381468	0.2140674	-0.1533437
0.62866443	0.7356733	0.6139901
0.06329888	0.5265779	-1.0153855
0.9732909	0.6616387	-0.24723086
0.79995775	0.27633208	0.54058003
0.35913855	0.31255436	-0.29880717
0.66539395	0.048444152	-0.6582527
0.21555442	0.31949085	0.39997205
0.19181818	0.57022375	0.020630898
0.79285324	0.7691507	-0.4179247
0.35705936	0.06938249	0.41329867
0.80971515	0.8997661	-0.61556596
0.7253093	0.19804788	-0.1677652
0.83324224	0.79784864	0.29141212
0.63755465	0.268183	-0.5228159
0.7785077	0.3810147	0.21646987
0.85358375	0.07297248	-0.25378197
0.5553684	0.067515254	-0.082068615
0.67795676	0.8422165	0.3492936
0.100809395	0.19767153	0.41774154
0.45293832	0.7049984	-0.45156235
0.07027799	0.058633864	-0.111493945
0.2590202	0.8705678	0.7019649
0.33572507	0.39222127	-0.2420482
0.2918507	0.5696375	0.11134906
0.7968921	0.083601356	0.5338363
0.39074427	0.3871569	0.04822058
0.20234537	0.32078987	0.5856131
0.065238	0.7275776	0.3567799
0.38057107	0.35816348	-0.09024026
0.10906446	0.8634707	-0.16007636
0.1620357	0.21888071	0.3487312
0.6443395	0.24213403	-0.6089856
0.68128616	0.55817515	-0.22045185
0.3744595	0.28188157	-0.27833417
0.38864005	0.9926514	-0.36656705
0.89638877	0.66260105	-0.10433814
0.11841339	0.3988641	0.43637714
0.19484526	0.9157112	0.38553095
0.14447314	0.5257766	0.12876454
0.6650421	0.7931932	0.59114474
0.32342517	0.4239064	0.037578996
0.93103427	0.95070475	0.20929788
0.24370772	0.6917388	-0.5324196
0.0027982593	0.26544535	-0.9263084
0.0056055784	0.8959216	-0.26672503
0.30790043	0.49279898	0.22171117
0.4007842	0.092134595	0.6212135
0.12652272	0.7492634	-0.3630631
0.012147665	0.007142961	-0.12119716
0.837635	0.627167	-0.2533353
0.78408456	0.559068	-0.69992626
0.3257758	0.19685602	-0.40592417
0.049286187	0.3101588	-0.89698255
0.72713846	0.014237821	0.08610052
0.6964147	0.090635	-0.5067426
0.7337359	0.67658	-0.41019118
0.8840914	0.95761794	-0.3188475
0.02637142	0.2892635	-0.9881791
0.7601237	0.3716939	0.03660977
0.079999626	0.52395034	-0.8368148
0.228347	0.2579745	0.07679521
0.1771478	0.02809447	-0.5953861
0.9973132	0.31062156	-0.93095976
0.6948403	0.08869994	-0.5180337
0.57154685	0.40611565	-0.17806795
0.2595464	0.18953663	-0.21363007
0.8718981	0.9342937	-0.30211982
0.33536786	0.96748674	-0.017810222
0.1474461	0.69813526	-0.4851927
0.116588235	0.3736208	0.5158212
0.8834382	0.16015458	-0.42881355
0.5203095	0.5951532	-0.5455232
0.14700913	0.7027915	-0.47554955
0.39295322	0.9225207	-0.25499612
0.10551453	0.27134448	0.5596849
0.9505564	0.12511337	0.39595428
0.34645808	0.57261497	0.40289265
0.08183813	0.58235294	-0.5000217
0.49279565	0.91615427	-0.23013857
0.37982124	0.40355217	-0.03892848
0.7139745	0.9059819	-0.39352012
0.44872266	0.2619372	-0.41679645
0.27508068	0.65780425	-0.07780501
0.533769	0.33178085	0.24846093
0.14557385	0.42552024	0.685067
0.85327077	0.34632313	0.3446181
0.05539465	0.29768342	-0.7030877
0.8024901	0.06304687	0.4862793
0.35276794	0.61729944	0.40877974
0.69389856	0.37980032	-0.95793205
0.30188096	0.7222566	0.061779924
0.55829024	0.4572754	-0.26475796
0.02099979	0.43061435	-1.511709
0.52560294	0.56389827	-0.4819799
0.41540968	0.8181725	0.0069485493
0.123830974	0.109246254	0.043488126
0.52975667	0.6558936	-0.68279713
0.3837421	0.5049475	0.11260261
0.57539105	0.73532295	-0.09273784
0.7184104	0.14217538	-0.30704126
0.74230623	0.15463299	0.10831421
0.9134418	0.018428564	-0.14128724
0.44781232	0.83981925	-0.36195278
0.5858597	0.43833935	-0.3847883
0.1771763	0.09443593	-0.38720787
0.8378333	0.49354511	0.26527947
0.33488882	0.89350826	0.19284151
0.6040331	0.15688854	-0.13952589
0.70710295	0.0782277	-0.2737857
0.8624065	0.2247324	-0.29607838
0.6369875	0.5920998	0.14123449
0.0841462	0.95564836	-0.2093426
0.86390483	0.9883965	-0.82598007
0.3739493	0.078878045	0.5743009
0.1093843	0.64850396	-0.13892049
0.52733475	0.5699048	-0.48895493
0.14222276	0.2875412	0.7662121
0.4699247	0.2645551	-0.32083815
0.8032973	0.6459752	-0.44223088
0.71834666	0.8311116	-0.019146577
0.17918116	0.28915703	0.6445061
0.89261186	0.6835401	-0.035295732
0.8671664	0.77778155	0.51312405
0.9862982	0.20222348	0.113186195
0.5710244	0.8402202	0.14148623
0.039569974	0.41710556	-1.5238401
0.9391677	0.52073365	-0.60631734
0.09014207	0.6661267	0.03212451
0.17336386	0.63025904	-0.31215605
0.15819412	0.031755447	-0.5549587
0.42101866	0.63354343	-0.0043679588
0.39624447	0.15008998	0.20879619
0.77681494	0.8305415	-0.50202435
0.7326131	0.560609	-1.0268096
0.23692584	0.35441983	0.14545476
0.49705666	0.25254095	-0.29004693
0.99552846	0.012994885	0.5829602
0.35290068	0.95866865	-0.122637674
0.29828262	0.83954275	0.48042446
0.7648618	0.14405048	0.35064244
0.21044815	0.30557275	0.3679074
0.830102	0.669397	-0.033211797
0.99270093	0.54443043	-0.8211197
0.07724476	0.99937415	-0.38680115
0.41777748	0.31223607	-0.18482825
0.75563765	0.8119674	-0.39706346
0.6875748	0.70100987	0.6348127
0.009468555	0.011558294	-0.07109279
0.66551274	0.92882454	0.035296082
0.4112013	0.15191919	0.0928768
0.61877567	0.48561388	-0.4396494
0.7416681	0.1442278	0.1286186
0.6722387	0.91663814	0.079113446
0.6936217	0.96726424	-0.4306813
0.05658263	0.44379878	-1.2899951
0.25061214	0.28961003	-0.04096012
0.56593996	0.67668295	-0.21899168
0.34942043	0.41960794	-0.1322741
0.54532117	0.9061063	0.10746814
0.7387047	0.7286165	-0.4221075
0.4242279	0.7068511	0.14225176
0.5560363	0.33044088	0.24189065
0.2952687	0.731987	0.054465547
0.27190232	0.4000001	-0.029687628
0.40920913	0.51558465	0.117194355
0.43423313	0.88727665	-0.25873038
0.8833673	0.48937005	0.2869949
0.45096242	0.5562358	-0.21383148
0.5054299	0.400101	0.35662887
0.3832752	0.73473597	0.13557464
0.42882472	0.4755147	0.067407906
0.004144013	0.5026379	-1.0248469
0.5368748	0.6421319	-0.5675725
0.6802854	0.242971	-0.81378555
0.85332155	0.94544035	-0.6192001
0.72327846	0.97767216	-0.9076629
0.80072576	0.27392477	0.53202456
0.5176911	0.76157635	-0.70844996
0.6588984	0.69363046	0.6438711
0.6179317	0.5641049	-0.10020125
0.36583894	0.25747162	-0.27361873
0.86083513	0.46445262	0.48027036
0.5167591	0.33935618	0.22679366
0.9531756	0.76333237	0.027220726
0.536561	0.7895746	-0.30122864
0.3533945	0.78488225	0.22469328
0.8057059	0.5481144	-0.35346726
0.48855728	0.06400967	-0.09118701
0.441256	0.8373032	-0.29932195
0.14791095	0.5313308	0.088584736
0.2412138	0.042244434	-0.28793302
0.740593	0.9304629	-0.95775723
0.93757915	0.87351567	0.41189903
0.311477	0.022499502	-0.07171182
0.95841354	0.85455084	0.17748451
0.69277096	0.24354774	-0.8410355
0.4761346	0.1646769	-0.41277188
0.9692216	0.5161894	-0.9703212
0.79376096	0.22747028	0.5320205
0.6146229	0.003992319	-0.5491079
0.38514286	0.071783304	0.7665865
0.046081483	0.22547776	-0.41471344
0.9384538	0.9585702	0.23411724
0.44913793	0.80332667	-0.3643452
0.64293253	0.23031151	-0.58536166
0.33025724	0.4112826	-0.10316986
0.6066884	0.862049	0.1962416
0.21670663	0.029794931	-0.4817732
0.20013505	0.08341783	-0.5440506
0.6470248	0.32891542	-0.5869863
0.4162894	0.9008131	-0.23845059
0.57265383	0.39471096	-0.1376552
0.96783376	0.36742818	-1.2759999
0.1072855	0.06665355	-0.21898837
0.69481564	0.33016717	-0.834628
0.934383	0.60641086	-0.20015424
0.7980723	0.8678831	-0.48629525
0.30462575	0.49423575	0.19526063
0.8125332	0.79230464	-0.060599886
0.52136534	0.08820033	-0.29376283
0.94006294	0.8439389	0.36515817
0.7368672	0.32724088	-0.075134575
0.9138528	0.021772385	-0.23429921
0.9873937	0.1117475	0.66064125
0.22166228	0.30717975	0.30357456
0.27272522	0.12323147	-0.1980053
0.8739649	0.549528	0.005211182
0.45012337	0.3769251	0.15194145
0.9350203	0.18749994	0.10755996
0.41901606	0.45047557	0.047514647
0.65881824	0.18037438	-0.7550506
0.222853	0.3794647	0.5150894
0.6496707	0.8663556	0.32622132
0.15665656	0.037718534	-0.5334624
0.89467335	0.5638108	-0.11610162
0.68026346	0.22716802	-0.8045977
0.2523018	0.94917816	0.8757767
0.40845942	0.8586876	-0.054287728
0.2815647	0.9788964	0.7449398
0.9789464	0.38716227	-1.3859212
0.945322	0.494655	-0.7899973
0.6669953	0.10719085	-0.73840386
0.8843562	0.47485846	0.33503255
0.27353537	0.6060525	0.055099078
0.06253266	0.51839423	-1.0749524
0.61901397	0.20178443	-0.25024757
0.84535456	0.44596636	0.5169521
0.59547895	0.9857355	0.27361733
0.7119801	0.852489	0.010482602
0.22921002	0.42597187	0.4641132
0.0653165	0.45771772	-1.1378945
0.9087365	0.44132602	-0.17363344
0.054778934	0.20887649	-0.19807523
0.8439534	0.15021008	-0.1991444
0.16250443	0.750993	-0.7067807
0.97936267	0.532978	-0.86270833
0.02812767	0.5381918	-1.0174176
0.41090292	0.15095627	0.13671483
0.84979844	0.7950028	0.4782357
0.14454031	0.007104516	-0.5229159
0.32014024	0.38493955	-0.25224948
0.08722353	0.6946064	0.14735922
0.21280473	0.051181912	-0.5183584
0.7644785	0.25336456	0.6727747
0.35412574	0.6183492	0.3631705
0.8923882	0.11401594	-0.36359692
0.16903299	0.13481808	-0.2323009
0.5266258	0.12001878	-0.24470297
0.23326409	0.38016135	0.276451
0.05880457	0.483262	-1.2573488
0.30657178	0.58974963	0.20120175
0.7254688	0.2651282	-0.18652993
0.6171684	0.43485844	-0.4651592
0.58980167	0.80083066	0.16867128
0.3905859	0.5759334	0.24289535
0.9929518	0.05369073	0.7427812
0.6314269	0.9491804	0.1725812
0.8473746	0.14072031	-0.18594243
0.38989264	0.41896367	0.04299615
0.048470676	0.6420974	-0.1463382
0.6604542	0.75802153	0.62872213
0.7142729	0.3403048	-0.6336988
0.9247132	0.72624564	0.08786653
0.4240877	0.28677362	-0.24064705
0.75117296	0.22578073	0.39489514
0.31695044	0.30233234	-0.4792504
0.090945184	0.22601146	0.27976292
0.7670375	0.41183603	-0.25265926
0.44018388	0.03449738	0.9139004
0.033975422	0.34563887	-1.2220279
0.48803508	0.92246735	-0.3183155
0.5450347	0.24301887	0.28038278
0.51151633	0.80968976	-0.6401531
0.51225126	0.47128087	0.09154777
0.5380086	0.06723589	-0.19049181
0.6425524	0.51659095	-0.23161036
0.12216538	0.8336699	-0.31077915
0.15635228	0.033569813	-0.512237
0.5672315	0.20666254	0.38511392
0.7994703	0.3283441	0.5431212
0.320602	0.9971053	0.14017677
0.46271843	0.10927254	-0.11049571
0.08968735	0.8406895	0.08397574
0.115991294	0.30432558	0.6655713
0.64906436	0.41033453	-0.79040986
0.05915886	0.78072655	0.34896874
0.61941725	0.5971535	0.09491332
0.14352614	0.34151912	0.7691306
0.21809089	0.32359725	0.37405843
0.12342703	0.1895479	0.47382104
0.6341449	0.54420215	-0.09631877
0.46415907	0.96933174	-0.3313225
0.46696997	0.25944644	-0.39824
0.58144563	0.83228534	0.1372366
0.9984508	0.58000255	-0.5627733
0.8406664	0.5903297	-0.1877872
0.97589415	0.59484977	-0.47623038
0.9198243	0.28128898	-0.31571686
0.81938314	0.6019797	-0.37786105
0.33753502	0.75512636	0.22136585
0.7879698	0.5345333	-0.55392605
0.12150037	0.28227973	0.71577555
0.03795266	0.8777606	-0.1619114
0.4260487	0.5618623	-0.04215149
0.10263395	0.26235515	0.5436419
0.9767319	0.55323976	-0.7480805
0.67988443	0.85745865	0.24086824
0.33357137	0.5122788	0.30575442
0.1403994	0.15486473	0.16756892
0.4999712	0.13486081	-0.35903913
0.24876857	0.42913586	0.2016202
0.9330948	0.387666	-0.9351647
0.065024614	0.28561562	-0.33646452
0.6993496	0.4465174	-1.0315561
0.9426294	0.20298976	0.056149773
0.42848742	0.06760615	0.71852815
0.9172384	0.9948607	-0.11994021
0.35810775	0.6345639	0.37962735
0.9483082	0.40829295	-1.2034509
0.78397703	0.15322047	0.46282473
0.123696625	0.8072542	-0.44116402
0.55495393	0.2472887	0.3918564
0.29301453	0.8662245	0.5451535
0.9922073	0.68168676	-0.37169117
0.083110034	0.34921962	-0.22628522
0.72030187	0.8988677	-0.44577393
0.544728	0.98441476	0.25028956
0.71326846	0.88867474	-0.3073162
0.7099589	0.6554648	-0.021435726
0.22050595	0.25460333	0.08122431
0.72093314	0.70254076	-0.09533667
0.7384381	0.056912243	0.24380969
0.6362495	0.6627609	0.54419345
0.39828295	0.6625418	0.20410089
0.31048638	0.8470474	0.49116045
0.43503743	0.5224169	0.0142399
0.43933117	0.08016527	0.5312633
0.0831818	0.91678774	-0.14972834
0.4125784	0.7974895	0.098902375
0.83869547	0.25428635	0.06566473
0.0017414093	0.0750947	-0.34359765
0.09601301	0.2089147	0.3790607
0.3475229	0.97556806	-0.12864427
0.3961686	0.77233905	0.23579627
0.15408903	0.21125239	0.35002404
0.5779593	0.8384157	0.12703988
0.25688148	0.22519612	-0.15082163
0.66056013	0.84108007	0.41818562
0.7959319	0.68539023	-0.5208061
0.4684633	0.3903134	0.31665275
0.42275095	0.7424024	0.11368703
0.90407306	0.39209914	-0.25840518
0.70431703	0.5510021	-0.65219736
0.9122629	0.54419196	-0.1623589
0.023030102	0.1689834	-0.4766158
0.25622565	0.8232717	0.39565235
0.33948714	0.55723137	0.36020818
0.9773348	0.56516117	-0.63629586
0.3860845	0.17266333	0.06730919
0.51188546	0.9658092	0.088658944
0.09182286	0.50356704	-0.644339
0.41130763	0.74595344	0.22640923
0.016364038	0.9986704	-0.728069
0.56990415	0.8671655	0.0820156
0.47196978	0.20829767	-0.41402557
0.81263596	0.84847176	-0.1652408
0.83864677	0.04015076	0.04344357
0.5785384	0.2627892	0.44702584
0.31184965	0.35576153	-0.33693764
0.33938277	0.6168287	0.3646358
0.6755197	0.19285429	-0.8605087
0.8432745	0.6627751	-0.071649514
0.46060514	0.73025745	-0.5504261
0.5846054	0.6477526	-0.02060435
0.39311457	0.4282357	0.04392273
0.6585083	0.39408898	-0.839407
0.2612055	0.95366555	0.8528022
0.4690042	0.21340406	-0.4037884
0.5845105	0.16965836	0.15340912
0.02664119	0.7915989	0.13567488
0.40973943	0.29185748	-0.16991906
0.35870516	0.836829	0.17523552
0.8876963	0.6585108	-0.012303978
0.31345266	0.7239733	0.16402116
0.34188122	0.15406811	-0.12168832
0.5732935	0.55634487	-0.47842082
0.16667885	0.092475	-0.3628858
0.7268356	0.21920031	-0.14356422
0.9303979	0.6256034	-0.18196723
0.42230147	0.3718773	-0.03685048
0.8453045	0.5006522	0.28809062
0.35648704	0.72977287	0.14167434
0.32746512	0.540683	0.28102073
0.77550405	0.7549549	-0.5553284
0.24904597	0.29906607	-0.04268337
0.9246957	0.46377194	-0.5152312
0.19095445	0.2459253	0.2960753
0.024785995	0.8408323	-0.05187577
0.67875963	0.38780332	-0.9325678
0.5541578	0.0039735436	-0.10848237
0.9287881	0.18239105	0.11542862
0.65197176	0.94312507	0.10330295
0.78742915	0.470371	-0.29578754
0.07285017	0.95033425	-0.23798107
0.35886914	0.17722404	-0.045504153
0.14575338	0.19639093	0.29547998
0.25305015	0.8664442	0.5864815
0.12027758	0.09600824	-0.08199763
0.4145711	0.0883199	0.72529036
0.34683722	0.8041189	0.25551507
0.2774797	0.09513569	-0.19670731
0.34807664	0.58071214	0.36570254
0.12706757	0.2834069	0.7118007
0.76179487	0.15931708	0.3952393
0.80803996	0.39126027	0.49769452
0.15413839	0.4515264	0.56232625
0.6447691	0.27985215	-0.60677516
0.06265646	0.6980648	0.27163702
0.5649695	0.47535694	-0.33609375
0.17740148	0.69491637	-0.6796605
0.07596177	0.012158096	-0.020246953
0.8552948	0.43661976	0.5405068
0.009274483	0.74119633	0.10854292
0.58366555	0.808079	0.13200292
0.46746314	0.9919178	-0.3575124
0.10391152	0.3557185	0.27196845
0.47399312	0.10232651	-0.17589666
0.058756053	0.39913422	-1.2813333
0.99954844	0.32866377	-1.0464008
0.7097103	0.5822942	-0.4868915
0.2952941	0.70111746	0.03072007
0.7599412	0.5090175	-0.86693454
0.02749598	0.23378313	-0.6706098
0.4494124	0.41114885	0.2566026
0.58134633	0.6524715	-0.09977893
0.15875363	0.42685503	0.71755165
0.6056751	0.66815305	0.31444746
0.6058768	0.14604723	-0.20359693
0.29736507	0.05750203	-0.17490469
0.8122453	0.48313224	0.038624965
0.09749067	0.92417616	-0.12599501
0.98355126	0.08043569	0.7163503
0.29221767	0.3648343	-0.21709186
0.95191574	0.47584516	-1.0154703
0.524571	0.35418886	0.24806708
0.8214791	0.5466545	-0.15885033
0.2471484	0.70632243	-0.5299492
0.72258824	0.031056881	0.073265046
0.38287437	0.4610628	0.05311504
0.8786081	0.6250245	-0.2039194
0.7872962	0.02035886	0.59397125
0.77463156	0.32060325	0.52775186
0.3693335	0.43509835	0.013097125
0.09074527	0.00033551455	-0.21050206
0.18799198	0.23852134	0.22803883
0.7197449	0.3059438	-0.44214723
0.33595288	0.9364482	0.08635618
0.5474189	0.28376776	0.34549123
0.6075064	0.82786274	0.26429403
0.4704517	0.95871806	-0.3384758
0.08431345	0.36548287	-0.31151658
0.85295904	0.5559134	-0.07719934
0.76652396	0.35208458	0.23883204
0.5163386	0.29215813	0.06983791
0.7022902	0.1929189	-0.6484053
0.7422829	0.055199504	0.29181778
0.82489204	0.5343526	-0.049111973
0.21505773	0.63484114	-0.4805507
0.458507	0.41763926	0.31215852
0.938162	0.30856287	-0.7024468
0.4937381	0.5031735	0.13924727
0.19792044	0.984257	0.90987647
0.072619975	0.67181474	0.14989273
0.51417845	0.14942408	-0.32707933
0.15797865	0.6343127	-0.24339439
0.33202964	0.5355127	0.2656519
0.3863551	0.40456027	-0.017892938
0.08457953	0.5885352	-0.42260593
0.37748426	0.39338875	-0.12653394
0.7971123	0.5427935	-0.45774594
0.42125088	0.35743237	-0.011596192
0.3593673	0.54786956	0.31995595
0.20177686	0.7754965	-0.7594286
0.15855241	0.8979192	0.025933696
0.56237876	0.60552347	-0.39856327
0.9918803	0.94779617	-0.011484681
0.64434	0.41591656	-0.71745616
0.4971022	0.50924706	0.09908427
0.6185823	0.60780567	0.16222
0.2118811	0.15167433	-0.39933816
0.42763442	0.28577667	-0.2789737
0.16642535	0.15197033	-0.1470792
0.031477153	0.14105815	-0.33844814
0.5108062	0.47030813	0.15949258
0.9639736	0.81494784	-0.0481258
0.3235491	0.3099262	-0.5212537
0.11376476	0.9685227	0.07410018
0.3028741	0.123149395	-0.23755759
0.29379445	0.30977482	-0.3508046
0.097911835	0.23825043	0.45216277
0.28565282	0.033623397	-0.13665813
0.20279336	0.0667575	-0.5646064
0.347663	0.71002233	0.20691833
0.09757447	0.6409236	-0.10349434
0.19992793	0.514412	0.43684295
0.17346144	0.07017267	-0.45317486
0.46746278	0.93227655	-0.36261705
0.0020220876	0.43982762	-1.2989979
0.20309395	0.6370656	-0.42931664
0.22591972	0.3871625	0.45330298
0.7744296	0.09590423	0.47494525
0.45204812	0.7188716	-0.40021235
0.87570566	0.124209404	-0.47234443
0.8876603	0.6534825	-0.11058256
0.17316234	0.5205657	0.2897316
0.18195188	0.17221332	-0.16027124
0.5550672	0.31444538	0.37998283
0.7119949	0.0055027604	-0.108367294
0.39872944	0.50642174	0.06366831
0.788891	0.06920779	0.5183562
0.9661003	0.6139106	-0.39331657
0.28612387	0.27935088	-0.41635358
0.35474527	0.58687526	0.36783856
0.37270308	0.90804285	-0.08990605
0.31272203	0.6410335	0.18978085
0.42469102	0.37411892	0.020403756
0.6403603	0.2449742	-0.5094274
0.65577614	0.5667714	0.043096498
0.90851	0.41388774	-0.22841136
0.71601385	0.32383317	-0.5940178
0.27034807	0.8291503	0.47551876
0.10680854	0.086953044	-0.0864628
0.3004536	0.24704003	-0.44482028
0.40709025	0.0071067214	1.1126105
0.23729908	0.7204355	-0.6259976
0.7140654	0.008892059	-0.09478709
0.83329904	0.48935574	0.17788345
0.4718182	0.88692147	-0.4698309
0.02936256	0.75500065	0.17535217
0.9456844	0.1724484	0.18080905
0.054911613	0.73078203	0.3115915
0.45278728	0.9518873	-0.4027577
0.26305884	0.689483	-0.24125198
0.8963004	0.8577308	0.52658737
0.9922621	0.47271466	-1.2788718
0.44932294	0.9475908	-0.33249462
0.7847209	0.6507408	-0.6688914
0.16570014	0.74739116	-0.67956
0.09209025	0.0042135715	-0.18600556
0.61548275	0.21263963	-0.15797804
0.35832727	0.54062814	0.33179468
0.79786515	0.22421998	0.44277924
0.3470229	0.37678784	-0.25089967
0.26501286	0.43890548	0.072214246
0.8968508	0.13849282	-0.32297707
0.041326523	0.5215226	-1.2029191
0.5674625	0.29940915	0.4023895
0.3713286	0.15106934	0.16787265
0.36652386	0.47105968	0.10385143
0.47333318	0.12584007	-0.29381627
0.031329095	0.90178275	-0.35539716
0.20421576	0.11796987	-0.43646005
0.23124677	0.120235324	-0.37282068
0.63154286	0.8923038	0.2808687
0.1367417	0.9642835	0.29324886
0.27173686	0.43370795	0.061210945
0.85395116	0.91426075	-0.2794538
0.7509205	0.26218075	0.39883512
0.89079916	0.89323926	0.3667332
0.0505175	0.3925063	-1.3837402
0.73128414	0.22537667	0.018698493
0.2805162	0.328721	-0.3268752
0.31609637	0.42736423	0.076290265
0.504746	0.13352442	-0.38269937
0.45723403	0.8425579	-0.47500458
0.2117542	0.89597446	0.35095307
0.13822395	0.49386096	0.16913444
0.28529322	0.40772873	-0.0270278
0.7366614	0.7341075	-0.2733768
0.05547148	0.3469538	-0.9528843
0.7210036	0.9934899	-0.84082294
0.6003124	0.31800258	-0.1909205
0.2456289	0.45514876	0.25861257
0.07104665	0.5931245	-0.53372425
0.61000717	0.5001891	-0.40400967
0.52161753	0.8471434	-0.34612074
0.9585261	0.9296162	0.22499101
0.520513	0.50227726	-0.092647165
0.3174026	0.7177526	0.25601867
0.39637005	0.107464075	0.53636086
0.5240955	0.39479673	0.19614086
0.6438421	0.2701221	-0.5770642
0.5173894	0.68991935	-0.8437923
0.4750818	0.8910971	-0.4078219
0.6390578	0.92885715	0.20973323
0.95674306	0.42877287	-1.2810593
0.78365326	0.9339495	-1.213047
0.8984819	0.10825586	-0.3538531
0.73914015	0.85227835	-0.37178174
0.9024284	0.75373495	0.2941678
0.83366424	0.86800957	-0.059366025
0.4929546	0.236646	-0.29664356
0.16894054	0.6860355	-0.52005535
0.08417714	0.28254038	0.1292463
0.9555424	0.58089495	-0.45542523
0.5934512	0.08163303	-0.23196945
0.33608502	0.70479107	0.2628632
0.6369169	0.06680524	-0.7650347
0.23538995	0.18422234	-0.24723463
0.33682793	0.91032135	0.14405744
0.6924321	0.031267345	-0.32604167
0.5450434	0.94918394	0.17958884
0.9600834	0.5980049	-0.3078604
0.7962542	0.013150394	0.5230517
0.5986642	0.6239152	0.0899807
0.04764557	0.68184626	0.118301526
0.6678978	0.9318053	-0.060804375
0.49029315	0.06907809	-0.18070874
0.20575583	0.38594186	0.79538435
0.33216363	0.0055354834	0.09357502
0.63457114	0.77065593	0.5254563
0.2947477	0.3916685	-0.15411085
0.93664986	0.19421345	0.06657343
0.96228594	0.8832581	0.18306524
0.22494572	0.2781543	0.117601216
0.8310718	0.032863975	0.2207807
0.29254502	0.8419852	0.5401615
0.26327527	0.37785769	-0.043008305
0.5666757	0.6170817	-0.44395727
0.972538	0.3472258	-1.1653793
0.7734326	0.039791465	0.5735112
0.6886803	0.16583925	-0.7694861
0.4702233	0.56860536	-0.30157942
0.45111543	0.23116744	-0.4739869
0.624967	0.9999594	0.171553
0.046970785	0.71567285	0.2648317
0.43366545	0.39538163	0.0723657
0.36921299	0.7200495	0.11447553
0.3005011	0.89444876	0.5019665
0.24249637	0.15907222	-0.20819777
0.15420282	0.44718188	0.6031466
0.893214	0.11860603	-0.37457296
0.92124605	0.503274	-0.3102709
0.5255533	0.83179176	-0.3622771
0.24417329	0.3092814	0.015050413
0.35191405	0.05905497	0.30580407
0.031370044	0.21395332	-0.50311106
0.85948884	0.4857304	0.4475918
0.92072403	0.29664576	-0.4051219
0.47971386	0.6359763	-0.7374348
0.6325101	0.44504088	-0.58637613
0.47005236	0.009162307	0.48470905
0.7564916	0.46161616	-0.68588585
0.4500634	0.23876321	-0.45320863
0.6790538	0.016729832	-0.49313998
0.84651333	0.83302945	0.3832929
0.26961458	0.5358793	0.26013798
0.67837787	0.28957307	-0.78831613
0.6812871	0.9923987	-0.40296647
0.25381923	0.91638136	0.8488944
0.7119119	0.44478893	-0.9120097
0.24159819	0.9914413	0.98787373
0.15723151	0.48939568	0.4146018
0.24609452	0.33432078	-0.011986371
0.18422449	0.90843534	0.14063796
0.86973226	0.49492598	0.3287163
0.43525857	0.9399156	-0.3109045
0.48870575	0.36786038	0.31355488
0.98163176	0.031322002	0.70403135
0.5229778	0.34757	0.24772194
0.252747	0.59413683	-0.023460142
0.65195936	0.85261506	0.3779837
0.52351534	0.7137409	-0.7408049
0.90281385	0.97342324	-0.13250284
0.43188894	0.77854186	0.029967915
0.48815167	0.09424943	-0.1978557
0.466964	0.95102453	-0.33734432
0.51540357	0.024771988	-0.13039492
0.36718053	0.5507837	0.33077696
0.7250949	0.14314103	-0.19450322
0.16870046	0.20504767	0.19675536
0.3197888	0.4478796	0.19840032
0.08690244	0.027654886	-0.17953175
0.471932	0.027923822	0.33654493
0.8805438	0.3209328	0.027366202
0.23261726	0.39447618	0.3636484
0.7653592	0.5282076	-0.8804813
0.527461	0.40884984	0.110187486
0.24248475	0.76009613	-0.40132695
0.21256566	0.7131929	-0.87380165
0.89749634	0.8147668	0.5794311
0.034808874	0.12471038	-0.23451617
0.8913341	0.715395	0.12759446
0.62690806	0.7551438	0.50254256
0.17873609	0.428981	0.81640404
0.8471052	0.44973677	0.5271128
0.54170907	0.8234744	-0.09501639
0.9291631	0.6702893	-0.19438589
0.65192735	0.9176696	0.17896475
0.4376908	0.020104468	1.0493604
0.4462077	0.6924199	-0.19477141
0.016696513	0.8135323	0.06862484
0.6849214	0.240067	-0.83955306
0.14402854	0.14470601	0.08674742
0.07925522	0.6287856	-0.17480502
0.64658195	0.70632863	0.7400643
0.83121216	0.18867093	-0.05784384
0.21716708	0.6418738	-0.45724156
0.7545611	0.28004462	0.40310436
0.09950328	0.8829121	-0.12364818
0.8141756	0.41783327	0.41014925
0.5046364	0.8571949	-0.40453467
0.921871	0.93350005	0.26860172
0.7351621	0.9354363	-0.84696686
0.09288466	0.5974304	-0.32800105
0.048105836	0.866305	-0.11084832
0.69628924	0.08014315	-0.4598025
0.35734397	0.922874	-0.08419524
0.2164802	0.20467234	-0.19405198
0.5806367	0.084966004	-0.0898121
0.8193962	0.07932776	0.34316605
0.08969307	0.21095961	0.3072776
0.38952464	0.503966	0.05647024
0.1440885	0.7308195	-0.5618363
0.68041694	0.48099023	-0.7967285
0.5986985	0.32622033	-0.12426493
0.99756414	0.88525534	-0.22487284
0.1365878	0.5356825	-0.020214112
0.15134555	0.5105748	0.30168936
0.3700962	0.18347752	-0.028396297
0.4688567	0.28280288	-0.23066069
0.59338194	0.40476465	-0.3102967
0.58921665	0.69171154	0.12806416
0.44187105	0.16790974	-0.21617335
0.08292544	0.25576985	0.1777055
0.35941637	0.52722555	0.37396723
0.77488434	0.8684167	-0.7202805
0.9986262	0.81537205	-0.3320954
0.8090014	0.37895024	0.472464
0.0592193	0.49924207	-1.2019223
0.1806413	0.82522106	-0.55925083
0.6090347	0.85981417	0.30083072
0.23457098	0.8836645	0.4998894
0.62434906	0.062940955	-0.5905544
0.048070073	0.051010728	0.01396431
0.3818345	0.7352182	0.17954968
0.57354623	0.50795925	-0.40328473
0.7228318	0.9911856	-0.8534123
0.3643093	0.99893516	-0.2803418
0.890597	0.99974203	-0.5144636
0.69764876	0.20450175	-0.75500757
0.017545938	0.8957991	-0.33493423
0.030246377	0.5616655	-0.8259738
0.34033906	0.6527307	0.33351502
0.60151994	0.6554534	0.23352577
0.9266922	0.64537656	-0.19894129
0.08517742	0.85222	0.11064826
0.25183463	0.18409395	-0.1758692
0.09689313	0.64501613	-0.095626526
0.5509395	0.34964418	0.17113885
0.9777094	0.2615127	-0.5354903
0.9060918	0.045568764	-0.27005276
0.76672214	0.7091186	-0.6928256
0.46696663	0.47930527	0.23620084
0.3995756	0.34509772	-0.08393579
0.15312964	0.58566874	-0.11281302
0.24606234	0.45040262	0.27771598
0.90203726	0.7741451	0.37149423
0.97530764	0.46954316	-1.2375083
0.052623034	0.52421147	-1.080568
0.85915977	0.5713085	-0.06199292
0.70524126	0.20193624	-0.5894939
0.7485223	0.07893419	0.30632767
0.5102916	0.6159946	-0.6264901
0.8869503	0.8695304	0.4553012
0.18245053	0.11343217	-0.4323451
0.16037571	0.55821985	6.077066e-05
0.78830606	0.8990826	-0.8883209
0.944073	0.22186393	-0.029478459
0.92119884	0.21074438	-0.122485
0.15001166	0.31294954	0.86353415
0.88789	0.4237154	0.26144066
0.6081004	0.40645605	-0.47288084
0.27601492	0.7686496	0.041420046
0.036812067	0.018963277	-0.03331396
0.26356202	0.59330887	0.075794786
0.3588904	0.45005333	0.045641787
0.76139766	0.23377478	0.5244005
0.0288077	0.9273913	-0.49278238
0.72137016	0.11410785	-0.21189639
0.3225692	0.13641989	-0.20724738
0.18741065	0.5016859	0.47365984
0.8360389	0.056603134	0.06849722
0.35912687	0.3088141	-0.36968225
0.8333221	0.08875704	0.08084007
0.1190871	0.25246227	0.637856
0.41170394	0.007103801	1.1631875
0.87495273	0.38165402	0.36287048
0.4731484	0.545968	-0.1288817
0.7051965	0.83502334	0.10005514
0.8958671	0.46804184	0.16041136
0.47461808	0.70777726	-0.87343466
0.15492654	0.55933297	0.0021047732
0.95024586	0.35989028	-1.0778035
0.17720485	0.57078516	0.015332673
0.85037357	0.54521614	-0.007507354
0.37065881	0.557408	0.28343493
0.95692575	0.3263747	-0.977053
0.84177864	0.5923922	-0.20463826
0.7251185	0.7971957	-0.034582157
0.415385	0.7094344	0.13154979
0.5348915	0.67335844	-0.58455616
0.48217082	0.42176837	0.43176803
0.09198886	0.1250251	0.05712491
0.14994186	0.2591663	0.7038817
0.7886556	0.43110085	0.022463584
0.38005865	0.48652846	0.100764155
0.9214524	0.23548585	-0.1185167
0.14546746	0.7232786	-0.5643956
0.2640401	0.13693726	-0.19015843
0.24976867	0.40629786	0.12624896
0.13814694	0.7073486	-0.4575984
0.29691684	0.18338162	-0.35255286
0.48206198	0.39451164	0.3704965
0.17927718	0.85881674	-0.24685416
0.59744763	0.93514246	0.24300972
0.48616296	0.55423963	-0.19171742
0.13420111	0.76090807	-0.5329392
0.8472265	0.93543446	-0.66519666
0.8410258	0.7840696	0.3854461
0.054436743	0.5777101	-0.77477664
0.006308317	0.3436311	-1.26513
0.34915292	0.16996771	-0.096063316
0.3746683	0.32462275	-0.26488402
0.91165566	0.9290886	0.21225923
0.8928058	0.4693489	0.23257828
0.32173204	0.4071892	-0.118823506
0.086396515	0.5820145	-0.47153658
0.6358436	0.64450145	0.46689096
0.95579386	0.36687368	-1.173973
0.73714715	0.058351994	0.16836214
0.93283045	0.5951551	-0.24210282
0.23558313	0.8929407	0.54924357
0.947002	0.41086102	-1.1327701
0.56325334	0.75706774	-0.08330116
0.5313442	0.1500485	-0.19723956
0.83868587	0.5456739	-0.0035332162
0.68130934	0.63368505	0.46190834
0.45797324	0.15747726	-0.28489116
0.26932335	0.066530764	-0.22672527
0.1368559	0.8395946	-0.46008968
0.14047492	0.19527388	0.42574993
0.40626872	0.7695148	0.21595497
0.36155665	0.8111512	0.14375255
0.5273786	0.98111814	0.23907755
0.0071026683	0.011336505	-0.17122488
0.0055390596	0.22635192	-0.81080604
0.7890762	0.24172318	0.60773
0.1870712	0.7535312	-0.7976487
0.3601917	0.45239085	0.037190575
0.54591453	0.8968452	0.011471521
0.81792575	0.2783441	0.40853578
0.5758739	0.9354884	0.14733613
0.33606577	0.6929932	0.24555755
0.36668873	0.9854132	-0.25616023
0.35431582	0.866842	0.12552464
0.028900802	0.61632705	-0.26836896
0.46703482	0.7637753	-0.69268656
0.3725776	0.12057054	0.34108785
0.96014035	0.046536684	0.4929352
0.46192527	0.12103331	-0.14485207
0.7981655	0.06163299	0.55777806
0.91618913	0.55066	-0.19745138
0.8485585	0.69453245	0.101880506
0.9613213	0.385822	-1.2476755
0.16044015	0.9593896	0.5699131
0.8909213	0.90726715	0.17761797
0.23255408	0.5684984	0.066850804
0.07820904	0.09146857	-0.068014
0.45596462	0.13617891	-0.22344317
0.09206486	0.43689263	-0.41371733
0.052775502	0.38000548	-1.270181
0.04066354	0.56521887	-0.8161274
0.30304807	0.9085881	0.48995927
0.646524	0.28888053	-0.58261234
0.74788296	0.30337846	0.1827054
0.3725124	0.8922108	-0.06548369
0.91331387	0.2950335	-0.30782878
0.6483753	0.69703907	0.7200534
0.37159806	0.32427216	-0.24164905
0.18045783	0.12893385	-0.37010196
0.99831915	0.9581243	0.042074017
0.28709722	0.16449702	-0.29883614
0.82404596	0.7815105	0.09714995
0.34753054	0.382111	-0.25830418
0.88823724	0.9605488	-0.26683027
0.58165485	0.7519134	0.043533023
0.7632747	0.20321697	0.49234116
0.16143769	0.482297	0.4805377
0.0028474927	0.3956011	-1.335893
0.7752982	0.23610538	0.59368426
0.7966517	0.15190405	0.38558495
0.19030261	0.6347298	-0.35816568
0.2096206	0.32272172	0.50680846
0.55986935	0.7243931	-0.2741877
0.34303504	0.27950191	-0.42120853
0.19421118	0.73448735	-0.84703654
0.4556306	0.87269604	-0.4423506
0.17479289	0.46300536	0.6977499
0.19376922	0.088939846	-0.53269124
0.8896384	0.67516565	-0.02907591
0.49430323	0.7490163	-0.99582684
0.04496789	0.18765104	-0.32157522
0.115931034	0.6067166	-0.20116664
0.16148317	0.18714887	0.16067939
0.46386123	0.7879824	-0.5954281
0.4936862	0.89925736	-0.32853565
0.70309865	0.44944978	-1.021725
0.80875224	0.7477802	-0.1820282
0.4421543	0.6451462	-0.29588053
0.07326269	0.7002588	0.24874926
0.54216385	0.33395267	0.22881082
0.5063029	0.42423105	0.34137145
0.025042772	0.2549373	-0.7866453
0.5071586	0.63575864	-0.788507
0.26750195	0.6029001	0.054628387
0.8956608	0.47576612	0.13074438
0.48093766	0.3543659	0.16093254
0.07506496	0.45455122	-0.9039964
0.51476216	0.58515555	-0.4655363
0.55074847	0.3228143	0.34018433
0.9700941	0.29736072	-0.8140539
0.28339523	0.49012083	0.26395735
0.27788103	0.10056579	-0.20231734
0.31164265	0.17963994	-0.40459797
0.8095162	0.4617173	0.10348815
0.8058914	0.80003136	-0.17932583
0.94476795	0.1591211	0.24820574
0.005793214	0.43491554	-1.3283111
0.87068856	0.5324001	0.14100584
0.10147959	0.2373209	0.47006625
0.38957936	0.42736173	-0.011127988
0.4634828	0.37571037	0.24790229
0.6084442	0.6858378	0.3354779
0.0904209	0.704577	0.21659578
0.4416846	0.67586863	-0.20185493
0.28837037	0.7697915	0.19137152
0.36957383	0.450571	-0.0065774247
0.5034124	0.4309532	0.3468227
0.60424346	0.5680887	-0.1683226
0.0003132224	0.14521986	-0.60955614
0.4670143	0.9940489	-0.35167047
0.81491077	0.18127614	0.23997281
0.8245676	0.020873666	0.26364166
0.95889705	0.09521735	0.64140564
0.54642904	0.3180849	0.27678886
0.6999621	0.4149676	-0.9729172
0.43993437	0.050023973	0.75765437
0.30224127	0.46254843	0.21863993
0.91531956	0.18185598	-0.09350433
0.038844347	0.6672677	0.08381635
0.32356274	0.38003272	-0.24461733
0.2651388	0.31868404	-0.13283148
0.41726333	0.5176026	0.028893262
0.5567995	0.92501944	0.06749345
0.14325857	0.91658133	0.09576748
0.88772154	0.78826	0.49508703
0.28290874	0.7762705	0.12435881
0.0930779	0.014790595	-0.18423814
0.6749445	0.5132883	-0.52821076
0.34929025	0.47967798	0.25722373
0.020758867	0.8023233	0.07771994
0.42414618	0.6495136	0.040170904
0.9212932	0.60052335	-0.21366666
0.56981045	0.5754898	-0.38007683
0.46190107	0.0550285	0.40449327
0.44164163	0.5517601	-0.13055328
0.81573313	0.25973076	0.24055268
0.9687797	0.8541678	-0.020545458
0.19388813	0.57660943	-0.029054796
0.97802645	0.5426415	-0.79809016
0.7067526	0.14830035	-0.4758089
0.42850614	0.25814754	-0.371083
0.8658032	0.84879744	0.51274765
0.95863456	0.4401211	-1.2230631
0.060361087	0.40971476	-1.266095
0.89751095	0.8424991	0.49473673
0.56465477	0.31212598	0.287694
0.2282905	0.78044593	-0.4877955
0.38989735	0.37611848	-0.03136107
0.7552385	0.8420433	-0.49809304
0.6909467	0.88733536	-0.0064411024
0.6801331	0.5234023	-0.39622745
0.21127719	0.5195542	0.41181105
0.46643674	0.9332333	-0.34806043
0.944968	0.10415053	0.29794076
0.3435406	0.46966183	0.1716322
0.46707547	0.8727029	-0.51974976
0.6588228	0.56229264	0.0347481
0.7901174	0.4649263	-0.1890808
0.013226986	0.41057044	-1.4207486
0.9412583	0.63663775	-0.27490526
0.61057574	0.0069606304	-0.54230785
0.72392	0.8672066	-0.28187078
0.8278764	0.59777415	-0.22823137
0.8349342	0.9567173	-0.8972669
0.50393754	0.16387707	-0.47366047
0.5740139	0.22604865	0.47665554
0.11075348	0.58775306	-0.21538308
0.38637662	0.027593076	0.8531796
0.30453128	0.43059897	0.130137
0.61363864	0.8466714	0.26878557
0.32879746	0.012217045	0.045474287
0.93318933	0.13200545	0.090421945
0.48583394	0.03476411	0.112253144
0.06696105	0.45975435	-1.0737708
0.98592997	0.306275	-0.92382
0.11231011	0.21156907	0.46158773
0.50272244	0.6449698	-0.73619884
0.25218284	0.097322285	-0.25625867
0.19368684	0.10332745	-0.5231003
0.93226385	0.29067564	-0.50498015
0.2697755	0.6280563	-0.058058914
0.6934056	0.3146609	-0.78548753
0.18497956	0.76262015	-0.83782977
0.045840323	0.9190232	-0.37365592
0.4108845	0.21164125	-0.24175762
0.26961845	0.73075897	-0.19199371
0.268471	0.19094831	-0.18562181
0.8843034	0.08709252	-0.4372821
0.2704621	0.08195591	-0.24486718
0.3139103	0.91072273	0.39969367
0.7798897	0.84898365	-0.56791854
0.36208564	0.76028013	0.111329734
0.03772366	0.74989265	0.21121208
0.26184136	0.9684657	0.874479
0.6677156	0.45852977	-0.7821079
0.83048505	0.5463161	-0.1187976
0.33764744	0.74680406	0.2208527
0.006259918	0.9556582	-0.631778
0.5958273	0.20696986	0.12124073
0.446885	0.62240636	-0.34405512
0.08253163	0.89446676	-0.07068647
0.6025654	0.022698939	-0.4501387
0.39313924	0.011371434	1.0241514
0.98749566	0.6847382	-0.27106866
0.6176972	0.79447395	0.43182
0.9656875	0.4255529	-1.3639498
0.33086777	0.572287	0.30158278
0.654183	0.71592253	0.7084793
0.7283818	0.8619602	-0.25954986
0.8147904	0.51667494	-0.103990555
0.6872989	0.07811558	-0.55099434
0.65156186	0.9168228	0.1477635
0.52560097	0.24836534	-0.02253556
0.042786896	0.7684085	0.2311653
0.27719516	0.5957652	0.12997605
0.47208703	0.91213804	-0.3518711
0.0930323	0.49595892	-0.5524687
0.89168483	0.66440624	-0.095228605
0.09600812	0.8004017	-0.006570123
0.289334	0.28033125	-0.3915554
0.23153287	0.13261884	-0.3337829
0.17768395	0.31143814	0.7767467
0.80648065	0.71234137	-0.29937652
0.68363345	0.57078016	-0.072900735
0.74924135	0.7276217	-0.56317896
0.71401316	0.38614416	-0.8047612
0.37278813	0.14499581	0.19209535
0.081750095	0.34887028	-0.28387082
0.89157176	0.73102033	0.20370437
0.27757847	0.0035743117	-0.19196369
0.74341714	0.28053308	0.2479177
0.9150142	0.7060137	0.03486178
0.96936667	0.32911664	-1.0176955
0.20081377	0.014920473	-0.54318714
0.88038635	0.92382866	-0.052999
0.052356362	0.7945756	0.28283766
0.6582726	0.50696707	-0.4314233
0.58586144	0.52124345	-0.3944738
0.47345728	0.1492517	-0.36046132
0.7016923	0.14127642	-0.5616909
0.15971434	0.2749533	0.6507324
0.6340536	0.90746784	0.2620597
0.29752058	0.780407	0.27581197
0.058294594	0.68563527	0.17831564
0.82896256	0.64112914	-0.2517525
0.27095413	0.21640992	-0.13738663
0.27684397	0.9983985	0.73297673
0.0010645986	0.20914459	-0.78590804
0.100342035	0.8405079	-0.098723024
0.968503	0.7066608	-0.20776145
0.6766736	0.5450724	-0.24591224
0.84881717	0.81040347	0.44260493
0.8861976	0.26753742	-0.14372969
0.25024742	0.007920027	-0.31018665
0.5429766	0.7933471	-0.16525266
0.86276925	0.301342	0.080788635
0.6783494	0.4901665	-0.76030344
0.9620993	0.83414805	0.073709585
0.26502168	0.9491903	0.85381365
0.07552332	0.6525974	-0.025341932
0.08149785	0.71602166	0.27503166
0.6984347	0.72617435	0.40365988
0.332442	0.7780043	0.2740769
0.6057634	0.7901164	0.30007672
0.24076039	0.6676093	-0.44102105
0.95462763	0.8629087	0.2068768
0.22229922	0.572006	0.05474033
0.732236	0.51582694	-1.0632759
0.5126917	0.44331914	0.18862921
0.2795545	0.7916941	0.23758274
0.8064172	0.47686774	-0.03654352
0.7169817	0.1009841	-0.1975456
0.72079426	0.53011966	-1.0421424
0.37222183	0.8291841	0.17459571
0.13415158	0.68760157	-0.48985618
0.4541353	0.35629714	0.080383375
0.8916808	0.81238437	0.60993
0.60308415	0.11325592	-0.34939343
0.4686255	0.31398743	-0.086478755
0.6760504	0.31886423	-0.83602166
0.65326977	0.18846387	-0.74964654
0.6462225	0.14936733	-0.761492
0.38457072	0.5025713	0.07744686
0.30587476	0.5618707	0.17955588
0.66547143	0.3482781	-0.84016895
0.95710546	0.5242446	-0.7795599
0.42087996	0.77527964	0.116847925
0.6802201	0.020064712	-0.44497406
0.35961652	0.3245421	-0.30955073
0.88908744	0.21450824	-0.29439816
0.09649682	0.9269512	-0.19022435
0.8450964	0.6056482	-0.21151742
0.3940804	0.31912446	-0.08355416
0.5894328	0.16117829	0.074303664
0.83565843	0.53774637	-0.034898903
0.16393536	0.4577883	0.6993502
0.19929719	0.7463713	-0.8542092
0.495039	0.21665365	-0.41321692
0.88394636	0.22770351	-0.23356438
0.5177325	0.21176249	-0.21453257
0.5579804	0.92351013	0.07823369
0.7098967	0.89891624	-0.30948347
0.36153495	0.9350739	-0.17493454
0.014002621	0.26385576	-0.8963499
0.26376754	0.0774591	-0.20475523
0.5457347	0.13441938	-0.027862433
0.2621504	0.798277	0.2344704
0.31281084	0.88569814	0.43391657
0.7123522	0.07736683	-0.21709517
0.52567345	0.37671065	0.20825681
0.8203146	0.8397992	-0.038780496
0.7245201	0.92393774	-0.71494913
0.57296073	0.5927751	-0.36768383
0.9132775	0.22267133	-0.12692086
0.086324334	0.59086597	-0.4397931
0.13983524	0.8838212	-0.16649725
0.7389435	0.57717985	-0.9113451
0.5899875	0.23684305	0.29829803
0.82638884	0.33856326	0.40585017
0.9652	0.8207032	0.023308631
0.86695623	0.8068563	0.4771217
0.6590165	0.5476364	-0.1273718
0.5776873	0.37579012	-0.028285861
0.43041277	0.8373885	-0.10560754
0.44702542	0.7825644	-0.2751677
0.06259203	0.47502506	-1.2019273
0.016068399	0.4100117	-1.45543
0.9579721	0.75108075	-0.048890453
0.492041	0.89547086	-0.4097149
0.10384053	0.99460137	0.07813164
0.33916128	0.06760126	0.16967604
0.26358956	0.2954949	-0.19994952
0.68954074	0.45468295	-0.9325893
0.57865953	0.41143245	-0.25269154
0.7776702	0.3932091	0.07347761
0.5297644	0.50013894	-0.17335077
0.6932404	0.09199083	-0.5529294
0.7059624	0.008532703	-0.17111582
0.5580133	0.5583158	-0.47201726
0.24125558	0.2961821	0.026095763
0.700738	0.9101236	-0.2686002
0.8761292	0.12656873	-0.3585417
0.8363978	0.3169902	0.316218
0.48173565	0.6925235	-1.0006843
0.119779766	0.35495538	0.59509164
0.6034967	0.46105194	-0.41463813
0.4227978	0.60162884	-0.0075459573
0.97939676	0.09287208	0.6820636
0.9114697	0.50741684	-0.13013713
0.73858976	0.5788676	-0.9178776
0.1176669	0.6459818	-0.15499806
0.2674259	0.13570923	-0.17431076
0.6502815	0.5859216	0.24160162
0.35261047	0.8687524	0.17555735
0.7925198	0.8874355	-0.6930729
0.4992184	0.6899075	-1.0403602
0.21516597	0.68598753	-0.7672545
0.866188	0.12304807	-0.38116965
0.16648513	0.012242615	-0.63844264
0.6000598	0.056655288	-0.4285749
0.5777832	0.6308283	-0.19750042
0.5920285	0.48358762	-0.4434421
0.3064056	0.69779474	0.15669805
0.48896897	0.58719057	-0.38250676
0.922013	0.6657771	-0.13159388
0.44405794	0.6127509	-0.35916716
0.9817534	0.7036709	-0.2977081
0.3030426	0.14035356	-0.26659915
0.09383333	0.88928145	-0.0820634
0.26355982	0.9805213	0.8908803
0.48189878	0.1586402	-0.4044968
0.55359834	0.25659025	0.38527614
0.488963	0.88766605	-0.34102342
0.60304207	0.5603018	-0.20640673
0.63451594	0.034748137	-0.7186519
0.21725714	0.5340664	0.35055923
0.8651841	0.6927615	0.07635016
0.24022079	0.031906426	-0.27664065
0.7172066	0.28361684	-0.49011678
0.19925159	0.4189738	0.8703326
0.6797477	0.7629542	0.57028437
0.5734602	0.47798675	-0.35007495
0.16164386	0.6155287	-0.25554466
0.5661864	0.40647137	-0.18352377
0.66793525	0.73741144	0.6992334
0.3197232	0.30735534	-0.46466172
0.7130509	0.49588317	-1.0643264
0.8889289	0.92208385	0.03874862
0.75867707	0.17744851	0.3840079
0.2294445	0.30393767	0.15105966
0.5332712	0.5833499	-0.5021744
0.00078845024	0.15203393	-0.6410671
0.12574184	0.5584068	-0.18521982
0.7144951	0.49597	-1.0143902
0.28845036	0.4248526	-0.009528436
0.029643416	0.27981448	-0.8685099
0.665968	0.81559336	0.47271922
0.41267276	0.71060616	0.18017508
0.46862513	0.6496912	-0.718997
0.8208415	0.045412898	0.2938785
0.76142895	0.36534554	0.04183892
0.3528558	0.8625106	0.17161462
0.3602535	0.2444449	-0.26161638
0.5609999	0.8411306	0.06650133
0.42057943	0.4808597	0.05799747
0.99535847	0.6296047	-0.3839574
0.748799	0.33388084	0.058872744
0.27815157	0.5207247	0.18021637
0.7506685	0.4777615	-0.89178765
0.64044756	0.9977887	0.014155276
0.80484974	0.38615596	0.493908
0.7839206	0.065161884	0.5687843
0.27145118	0.09267044	-0.23985884
0.7482823	0.40498674	-0.40826395
0.73003143	0.8545633	-0.32598644
0.004380703	0.028953731	-0.3021507
0.41730684	0.4167241	-0.0058196113
0.2279464	0.9126977	0.666276
0.5193108	0.39109975	0.24976939
0.70439625	0.7179335	0.33396053
0.8695823	0.4256419	0.53808266
0.78008014	0.6093092	-0.6521926
0.49335915	0.4660607	0.27614015
0.51326084	0.99491626	0.15303767
0.79617715	0.49918586	-0.33261532
0.23097521	0.5836431	-0.04849757
0.75315547	0.6684606	-0.6692016
0.14688474	0.5847094	-0.14300835
0.31569105	0.783587	0.2323302
0.05459988	0.4194069	-1.3777735
0.30348837	0.28694248	-0.4479599
0.7972225	0.117589116	0.45492002
0.53999966	0.114468336	-0.12606548
0.48571473	0.47863507	0.25417644
0.54192203	0.21411139	0.12687916
0.28550357	0.87481755	0.65435976
0.43398756	0.6442623	-0.12944286
0.286296	0.89794344	0.7091148
0.86607224	0.3921712	0.502236
0.66677266	0.50353324	-0.47472376
0.08655596	0.26100338	0.25566545
0.14198649	0.1805836	0.2906755
0.8086725	0.8050659	-0.101217106
0.7103067	0.6445187	-0.05344057
0.8238767	0.5864517	-0.28363645
0.5342342	0.1809693	-0.150089
0.17203373	0.74467087	-0.7038308
0.036926746	0.5394106	-1.0609463
0.016179025	0.39607483	-1.4287728
0.3995065	0.21571648	-0.23043695
0.46203142	0.30868977	-0.08613245
0.30989528	0.44923675	0.18085511
0.5980181	0.9091173	0.2333372
0.719024	0.73962665	-0.0032203137
0.19178092	0.32919198	0.7644571
0.48630315	0.48533195	0.25842005
0.15123177	0.99778455	0.7160053
0.34350145	0.09442061	0.13606432
0.43127877	0.5700648	-0.093724824
0.29415733	0.7879684	0.28171355
0.021560133	0.8269969	-0.018416557
0.281981	0.30692834	-0.4747435
0.41687256	0.36343998	-0.04815381
0.44208974	0.9140269	-0.35492548
0.04619211	0.6458835	-0.07442533
0.76532567	0.25698143	0.63026905
0.23134953	0.61238	-0.17585456
0.42079943	0.89856607	-0.29913813
0.48119467	0.13838679	-0.36959568
0.17019188	0.020934522	-0.5938514
0.8824389	0.30520123	-0.07340353
0.48834282	0.17362821	-0.45290834
0.5839376	0.3040318	0.19258285
0.6299028	0.78023565	0.51568294
0.90821713	0.5412105	-0.122068316
0.52274424	0.6165826	-0.5891393
0.43635905	0.9112804	-0.33331034
0.67844385	0.2982356	-0.7615358
0.9785566	0.930809	0.02940785
0.2810179	0.31964988	-0.30336845
0.45982057	0.38773137	0.21711102
0.749959	0.9955638	-1.2144892
0.81291264	0.6271569	-0.3215915
0.9739314	0.5907117	-0.46600556
0.28066784	0.11315715	-0.20588928
0.011963069	0.9859393	-0.6974537
0.86544603	0.10711819	-0.41155
0.70358527	0.054144144	-0.27215296
0.5209623	0.26097822	-0.044843078
0.46674204	0.055751145	0.2705091
0.55083704	0.5016099	-0.30951658
0.9656972	0.36135674	-1.2797549
0.109214485	0.9411529	-0.07562865
0.6066403	0.063153744	-0.4736374
0.78387856	0.7771463	-0.49745876
0.7406229	0.18832403	0.1736261
0.7613938	0.8381912	-0.46869797
0.8656498	0.24182898	-0.21289906
0.19048715	0.55662495	0.095941775
0.54177076	0.070892334	-0.12690227
0.8056314	0.4604054	0.13249367
0.7931536	0.8500477	-0.45495197
0.9122458	0.7526917	0.23039487
0.07522619	0.6420954	-0.12371279
0.88823813	0.21018296	-0.29629835
0.12753361	0.121972084	0.058914743
0.6503201	0.6797642	0.6545437
0.23323452	0.88950026	0.6017277
0.90073	0.083706975	-0.35650313
0.23387808	0.98008907	0.92545044
0.5392302	0.10657787	-0.18344334
0.79067075	0.23460603	0.55650556
0.012037039	0.09366208	-0.30725494
0.23921102	0.0947963	-0.32876527
0.3602122	0.28232354	-0.3333707
0.32494026	0.5260074	0.28646958
0.11727631	0.95922273	0.06599675
0.64557666	0.98647255	0.042815983
0.9055166	0.16013122	-0.19762753
0.6545358	0.39715523	-0.78917235
0.7783946	0.47553253	-0.47441125
0.014662266	0.5468348	-0.81989837
0.62180656	0.10484338	-0.5343464
0.591446	0.64497256	0.066552505
0.84800863	0.6670793	-0.03147764
0.6826678	0.16416937	-0.793469
0.17487842	0.14588302	-0.21043679
0.28346592	0.2702685	-0.40983102
0.8334003	0.9920316	-1.0831453
0.2552588	0.06581473	-0.20825487
0.31051677	0.012709618	-0.13189477
0.57967925	0.79241645	0.13477793
0.17870975	0.22284162	0.19534843
0.7972487	0.35568053	0.5199237
0.03642416	0.60785407	-0.35619998
0.6048098	0.97229546	0.19375487
0.2323122	0.44073266	0.46259418
0.27934808	0.90139055	0.6902843
0.11167008	0.29844898	0.59851265
0.2709329	0.53209955	0.19213183
0.3867399	0.8119597	0.14091468
0.48002243	0.7331471	-0.9913603
0.8057558	0.45476764	0.116263464
0.7350032	0.09815192	0.110485695
0.29411912	0.26764905	-0.4389193
0.55173427	0.4414177	-0.15135382
0.21559328	0.30776387	0.33838817
0.5015385	0.8036864	-0.7712852
0.374133	0.05531186	0.67215145
0.40764695	0.33775473	-0.025004841
0.12818402	0.9784725	0.30818027
0.45249593	0.47549248	0.19018355
0.6098294	0.7321004	0.41548312
0.65040505	0.019914746	-0.57007235
0.7211333	0.40682566	-0.80497825
0.4627126	0.043580055	0.39132357
0.32753295	0.20619059	-0.39923072
0.15946883	0.5101999	0.27335104
0.98737067	0.014365375	0.6742458
0.5610933	0.4787094	-0.27485737
0.07602227	0.95407724	-0.3431055
0.97250265	0.42471296	-1.436012
0.7584928	0.39643425	-0.17253749
0.30091387	0.5834575	0.17916256
0.81993145	0.670535	-0.17105536
0.9492307	0.18657738	0.14688389
0.8740169	0.41683066	0.5069323
0.78043145	0.7858626	-0.48740184
0.66024125	0.22344017	-0.80983573
0.83534205	0.45484775	0.41307437
0.34927613	0.5227026	0.34655
0.35037273	0.19867992	-0.13523054
0.5206822	0.32929772	0.18842739
0.32126743	0.3206423	-0.4806975
0.76387227	0.64736027	-0.788385
0.51435804	0.09811866	-0.31821468
0.86125815	0.87397444	0.21000057
0.15463877	0.7163059	-0.54174936
0.9703982	0.043532252	0.57886934
0.23054409	0.20857632	-0.13818611
0.725749	0.5250855	-1.0896833
9.858608e-05	0.9484891	-0.55258995
0.3397032	0.40014035	-0.08532469
0.98777235	0.92746764	-0.09174777
0.21289748	0.26217955	0.18118407
0.7990604	0.48290396	-0.12517644
0.5803043	0.27543128	0.3839268
0.7912656	0.6146638	-0.66402584
0.18597281	0.24130154	0.20617115
0.22848624	0.5077408	0.44664896
0.53212756	0.030889213	-0.1841678
0.056831002	0.16704547	-0.110920586
0.5413191	0.31244075	0.30926615
0.401291	0.119715095	0.46458465
0.76887774	0.5613681	-0.84278953
0.7378566	0.5950894	-0.80314827
0.7688103	0.0059737563	0.5419885
0.9352683	0.43103188	-0.91430277
0.52157193	0.5772733	-0.4802986
0.16235608	0.06960946	-0.40271208
0.21252877	0.9510031	0.71039265
0.86671585	0.80689543	0.53570735
0.38837022	0.8259871	0.12386835
0.8457557	0.51480794	0.22262055
0.55704266	0.18351614	0.16554958
0.77491176	0.21483374	0.56793237
0.67485934	0.008285046	-0.41469485
0.059714675	0.8870083	-0.098817825
0.25727892	0.31386727	-0.15324318
0.022123575	0.38712013	-1.4963284
0.9305239	0.9579395	0.28207064
0.7122576	0.78526527	0.14336137
0.53899527	0.6385081	-0.6227017
0.27914578	0.7884898	0.29805166
0.9306351	0.7639528	0.21878883
0.84756833	0.48991764	0.30075273
0.32345235	0.008132458	-0.019312331
0.9934125	0.6385941	-0.31755304
0.9699878	0.2704333	-0.573214
0.2611215	0.5266407	0.21318562
0.6047592	0.84591186	0.23360741
0.78341687	0.35517657	0.3851166
0.4208386	0.3161826	-0.15486476
0.24299121	0.668194	-0.46852958
0.31786293	0.006163478	-0.06109306
0.818324	0.94009626	-0.92063934
0.210908	0.2668745	0.21253556
0.13036996	0.00979501	-0.4284542
0.46270037	0.591369	-0.4388899
0.6306813	0.8318542	0.3837184
0.45653147	0.7829611	-0.43833178
0.31704152	0.3123114	-0.46381992
0.2560681	0.8091684	0.19122742
0.51168895	0.13267308	-0.3483839
0.3766064	0.8095929	0.16692679
0.85750556	0.441683	0.6101195
0.13249594	0.6188243	-0.28658718
0.1496442	0.626545	-0.23119274
0.23392463	0.8078333	-0.13192722
0.8487424	0.63941973	-0.13391489
0.80825204	0.9633856	-1.1578825
0.14267385	0.15738577	0.09420179
0.78168005	0.6041731	-0.65088207
0.70942986	0.86266536	-0.04095479
0.34203428	0.816146	0.23783371
0.33428168	0.4020174	-0.11843785
0.9821257	0.55700755	-0.6499166
0.27009934	0.31281155	-0.25482145
0.75599796	0.4192891	-0.43860176
0.22756737	0.32429123	0.25715154
0.4607591	0.12975234	-0.17235556
0.3042646	0.39663887	-0.13052441
0.79324466	0.012147009	0.5636449
0.9565158	0.9892699	0.15899101
0.949317	0.94275177	0.2681996
0.4928224	0.82211816	-0.72125095
0.75807834	0.9593774	-1.2537239
0.6366418	0.2598762	-0.50205654
0.44268972	0.33418906	-0.06179187
0.074465275	0.56470495	-0.70026726
0.7511639	0.18086988	0.32042754
0.856904	0.79724246	0.5120856
0.35447514	0.7071963	0.23819591
0.18932426	0.86611056	-0.14783439
0.16832691	0.8320786	-0.47568825
0.19752586	0.64820266	-0.56565297
0.77740246	0.6143522	-0.7888794
0.15425295	0.35545594	0.8244878
0.3983953	0.69906807	0.2045566
0.9788497	0.6253434	-0.36309308
0.6659606	0.6719038	0.6407634
0.72952855	0.28212553	-0.19103669
0.73277634	0.17061293	0.023067627
0.9423397	0.28713083	-0.59494597
0.22096169	0.79278636	-0.48285198
0.8606666	0.7276621	0.25481296
0.7214977	0.95732856	-0.72893053
0.87723166	0.92747015	-0.117725044
0.6190909	0.883735	0.3247812
0.37044924	0.7583163	0.19393834
0.96412665	0.9393641	0.18234824
0.05430007	0.82032907	0.2013655
0.9219991	0.51630306	-0.3213664
0.2341966	0.89936584	0.6326943
0.39574385	0.07278997	0.8150845
0.7320592	0.11857301	0.023668736
0.5849306	0.6525928	0.05439595
0.02946812	0.84710765	-0.04792174
0.83413196	0.30775517	0.30614606
0.35891652	0.8712859	0.14293626
0.041234493	0.92295164	-0.44224724
0.67175424	0.61924314	0.40697402
0.24375588	0.54417676	0.15744108
0.61601096	0.04085958	-0.60665804
0.9303591	0.80949754	0.3770483
0.9794026	0.5035675	-1.1079916
0.71243125	0.39280623	-0.8441901
0.37913918	0.9636815	-0.2941147
0.2785151	0.69111437	-0.12068671
0.4052788	0.8047676	0.13150947
0.5760894	0.06812346	-0.06064212
0.3553341	0.98791623	-0.22313125
0.5376846	0.111830056	-0.19870475
0.80693644	0.97991544	-1.2407572
0.8523986	0.5081132	0.24478036
0.39254528	0.06384069	0.83555335
0.03544575	0.15698874	-0.27741808
0.50166696	0.85824096	-0.4841061
0.0042838454	0.4803037	-1.160177
0.95270056	0.797024	0.14678396
0.21581233	0.98634696	0.97156113
0.29238725	0.15873808	-0.30484065
0.45994854	0.024162471	0.6701168
0.34408104	0.7379055	0.18628089
0.03679949	0.4440019	-1.5284834
0.47233617	0.73680574	-0.8004411
0.31721765	0.41094208	-0.011707233
0.030836761	0.8731226	-0.21109101
0.29636067	0.7506126	0.12597734
0.23638487	0.3570643	0.1595569
0.8720442	0.54587054	0.08118603
0.8801788	0.6978071	0.063411444
0.5704026	0.15054268	0.09879263
0.038380027	0.5888013	-0.6050962
0.49865758	0.8574657	-0.5077305
0.19389415	0.97854376	0.8868879
0.098844826	0.33676863	0.26530695
0.20904821	0.44603342	0.7910059
0.42129475	0.27142602	-0.3353375
0.18303204	0.055983424	-0.526793
0.08107889	0.16883677	0.059603587
0.3487258	0.7029098	0.25959235
0.31155914	0.18790543	-0.39523938
0.6399864	0.97999305	0.069759265
0.27518314	0.0036545396	-0.17839302
0.87632227	0.26232177	-0.20823616
0.050306022	0.8068475	0.18904035
0.21580398	0.523752	0.44005835
0.5678368	0.33132482	0.23701069
0.6865277	0.5425494	-0.41100195
0.9131019	0.71793795	0.11299491
0.87952375	0.9742564	-0.47312656
0.27489907	0.40751624	0.0022725146
0.30001318	0.21242917	-0.36879498
0.16979545	0.042978108	-0.5929639
0.01984179	0.13295156	-0.37988704
0.42691082	0.72701514	0.040917154
0.86921436	0.27131158	-0.15897766
0.667365	0.26070422	-0.72278714
0.79117954	0.24163437	0.61356765
0.16736645	0.13973272	-0.22214249
0.066777825	0.2124815	-0.053996664
0.65113586	0.24677557	-0.64604336
0.66739994	0.83238506	0.45865518
0.3878557	0.27919555	-0.17362203
0.42390186	0.650626	0.057778955
0.7306269	0.39746463	-0.6065192
0.5248142	0.9040277	-0.03265146
0.3573197	0.08054352	0.38977724
0.7516196	0.21906471	0.40561283
0.24973589	0.60738796	-0.03428753
0.5359561	0.91326386	0.015417186
0.8715801	0.30195808	-0.05249559
0.6195284	0.0038902164	-0.58595896
0.0585742	0.853436	0.072203435
0.83871484	0.055624723	0.0070517175
0.16653526	0.24739659	0.3734623
0.7861377	0.9607265	-1.3247875
0.24681926	0.74204236	-0.47302264
0.2540002	0.098239124	-0.30129707
0.7155286	0.9385487	-0.5618801
0.28613293	0.19183916	-0.2663009
0.76006633	0.87086004	-0.65684927
0.22843015	0.0040615797	-0.47054803
0.574629	0.5491553	-0.46382236
0.11308342	0.34229982	0.53156734
0.034080803	0.11663127	-0.19699667
0.8875722	0.82732177	0.56306833
0.8810361	0.035418272	-0.32625344
0.3888058	0.26757562	-0.24331534
0.5418773	0.69164747	-0.5593907
0.6364654	0.24963933	-0.5128948
0.20337605	0.54442513	0.23914465
0.55865836	0.54227114	-0.4400005
0.56106764	0.5571397	-0.45010492
0.44324476	0.9831163	-0.36389586
0.7267678	0.15738356	-0.074851744
0.58548975	0.16670889	0.13708106
0.32547385	0.5013686	0.2578163
0.64727986	0.4446817	-0.6419815
0.85892314	0.68480486	0.05781053
0.044599295	0.6899813	0.15117228
0.8090604	0.4829557	0.018209334
0.42536515	0.26410788	-0.30455443
0.47545576	0.7197155	-0.8805675
0.79210013	0.40718162	0.23550747
0.014563799	0.8755946	-0.23057352
0.77458584	0.5777903	-0.78305405
0.38334548	0.61589956	0.30454248
0.756064	0.27890605	0.42243958
0.07670796	0.088124156	-0.111699656
0.09117204	0.7855519	0.19252384
0.7942344	0.8608091	-0.5463957
0.17080063	0.7408315	-0.7110333
0.7204164	0.3363815	-0.58808327
0.07737094	0.6271074	-0.25140378
0.17671376	0.82257384	-0.52255183
0.20037544	0.20475292	-0.105200104
0.32323396	0.6462774	0.30977944
0.9029705	0.54574436	-0.038573578
0.8141533	0.95526737	-1.0804492
0.8175902	0.7624599	-0.022257805
0.2077179	0.38080096	0.74184304
0.6801829	0.64745617	0.5621309
0.24397528	0.6192734	-0.17348629
0.5783556	0.59330225	-0.29461995
0.63991183	0.12044084	-0.7336554
0.55380833	0.16884726	0.13348465
0.43150854	0.966468	-0.36546186
0.7097214	0.14307737	-0.4035809
0.8741853	0.6343545	-0.19197482
0.0055676103	0.7858221	0.10063987
0.053567886	0.0065456033	-0.006488912
0.50055325	0.68084496	-1.0524956
0.9743996	0.39869112	-1.3953493
0.22488791	0.97520965	0.8650269
0.6653621	0.9740465	-0.1297784
0.26943922	0.74444383	-0.13198008
0.27585846	0.9783527	0.77835286
0.2776469	0.191001	-0.26941437
0.03265685	0.7570221	0.22460829
0.2036683	0.9876323	0.97172827
0.57797223	0.052461624	-0.18879426
0.24314111	0.6519048	-0.29572117
0.3006494	0.17994201	-0.35965854
0.8307141	0.7407601	0.12370849
0.82448465	0.020472586	0.25959778
0.42122012	0.5805885	-0.014975762
0.73419005	0.9290551	-0.80587363
0.95914567	0.8101215	0.06414075
0.7721104	0.67938006	-0.73367023
0.3588066	0.4552725	0.050351262
0.31576443	0.84591013	0.41360533
0.4829371	0.26222134	-0.3012712
0.21740246	0.5373995	0.29917833
0.79356974	0.14597702	0.495561
0.26052213	0.73376817	-0.2541432
0.1558336	0.12967825	-0.05827869
0.26642	0.7346546	-0.19762611
0.5376476	0.7656874	-0.3418874
0.96728677	0.6129266	-0.4017184
0.06768978	0.8259757	0.21751004
0.61667615	0.9280562	0.16397744
0.4724124	0.21535933	-0.43994638
0.8586701	0.64020556	-0.096639544
0.11781043	0.106131315	-0.0112342555
0.051513553	0.27892703	-0.60666704
0.7029789	0.4113068	-0.99257475
0.9403656	0.4155652	-1.0592977
0.545799	0.4319989	-0.06711973
0.7390289	0.18574917	0.15006062
0.97969705	0.34699452	-1.2258483
0.8825437	0.63575745	-0.16231221
0.8606171	0.24838954	-0.2209989
0.98482233	0.70430934	-0.27182877
0.9320139	0.5953864	-0.26741153
0.0050382614	0.67294437	0.09226274
0.65226394	0.67061436	0.6348617
0.8497009	0.79426247	0.40814117
0.09078616	0.76670766	0.20141202
0.5310453	0.3785776	0.15704319
0.31803745	0.7098111	0.1816549
0.78766614	0.023410082	0.6245075
0.42709768	0.031717658	1.1271355
0.2843783	0.7900583	0.25396988
0.5165155	0.85779905	-0.34533566
0.51717335	0.85186964	-0.3096128
0.83332103	0.96854764	-0.95782834
0.2556318	0.85430115	0.53694695
0.96400917	0.750401	-0.14944331
0.3854524	0.92750674	-0.23780088
0.06966448	0.9737765	-0.43301952
0.5537626	0.8198149	0.03252005
0.20791662	0.21466476	-0.006719567
0.18298167	0.4282304	0.8386435
0.0016283393	0.81542116	0.03432215
0.2914183	0.8974493	0.66016394
0.094068825	0.75948864	0.16148388
0.39158183	0.2078144	-0.1247253
0.88860154	0.0510931	-0.352984
0.0982911	0.61093175	-0.21470986
0.59260195	0.40589058	-0.36119795
0.35246706	0.6995278	0.22991702
0.2689222	0.8006043	0.2610991
0.718121	0.29177397	-0.47351435
0.7248255	0.8742423	-0.33997867
0.28457373	0.72278905	-0.016857445
0.28727448	0.73990244	0.0578584
0.32020754	0.6559072	0.29139283
0.6575132	0.09230703	-0.7466245
0.29711944	0.6581211	0.1017335
0.36300927	0.21502352	-0.20264858
0.46703535	0.08088982	0.057694998
0.7666792	0.08837032	0.39335316
0.13087809	0.79857063	-0.44904315
0.06324077	0.196625	-0.122331455
0.6887392	0.4665082	-0.945101
0.6337825	0.21743125	-0.5419071
0.407223	0.5236684	0.031308644
0.88508254	0.2652933	-0.24875265
0.4440208	0.98915035	-0.22388291
0.5889252	0.8750484	0.19430344
0.4174105	0.7288827	0.1822596
0.5082103	0.88300794	-0.29982007
0.3791558	0.91486645	-0.16070633
0.5610612	0.46083504	-0.29564708
0.41113096	0.5376229	0.07033207
0.68052703	0.027050912	-0.4395029
0.8079783	0.10670167	0.4343332
0.05829233	0.507383	-1.1984388
0.6095742	0.22181308	-0.09070246
0.896294	0.85225725	0.53832525
0.1410296	0.51648325	0.10724835
0.53284335	0.8229832	-0.25989503
0.63148576	0.988988	0.14842227
0.25168025	0.28108245	-0.108684555
0.7056764	0.1641609	-0.51530176
0.6613676	0.45697165	-0.789416
0.5772273	0.18117571	0.25036836
0.16794258	0.9382161	0.47230873
0.25977415	0.62456703	-0.039580055
0.91947204	0.9070879	0.35027564
0.7077435	0.30300587	-0.64771307
0.11454922	0.037005305	-0.24188974
0.51270103	0.42020625	0.31587315
0.6062857	0.37299377	-0.39316037
0.3764547	0.5127014	0.1750783
0.6784591	0.44264436	-0.99572873
0.6565431	0.55356354	-0.044896737
0.4232586	0.14900237	0.07078685
0.6506654	0.731298	0.78389084
0.5912412	0.70587754	0.18518355
0.62511903	0.028339148	-0.6683175
0.477098	0.7800674	-0.7888413
0.3523078	0.31850225	-0.34734878
0.42530054	0.98071104	-0.3422788
0.4269765	0.51533824	0.0040177996
0.2632252	0.42022848	0.13801703
0.14409375	0.30965704	0.8220291
0.9357388	0.1138314	0.10939516
0.32787138	0.04309088	0.047093503
0.02135861	0.78533363	0.127048
0.00056803226	0.19977266	-0.78322494
0.9670836	0.07501155	0.63574946
0.9415071	0.31894898	-0.7363492
0.71893007	0.15402985	-0.27212843
0.8373122	0.307523	0.30888498
0.92472744	0.46944565	-0.49148813
0.15783054	0.069288254	-0.40651774
0.38305938	0.23712444	-0.13519305
0.96746683	0.20971632	-0.002419874
0.6577068	0.0030690432	-0.5595519
0.43370932	0.76937205	0.029535007
0.3711455	0.9256901	-0.1710421
0.22421473	0.928702	0.67231584
0.614405	0.8334833	0.33882785
0.7632802	0.09245294	0.40282485
0.046922028	0.7097451	0.25585222
0.51557714	0.8519523	-0.3693338
0.94240576	0.7090559	-0.04185777
0.550919	0.731752	-0.3534549
0.15782005	0.9784754	0.7051878
0.56057453	0.49905324	-0.32999864
0.2640211	0.66733986	-0.26220423
0.4699579	0.18532658	-0.41501188
0.9379733	0.022682846	0.13019493
0.6380934	0.59089017	0.23799747
0.37325084	0.50049514	0.17570403
0.12511402	0.10271841	-0.09343475
0.9991446	0.23978066	-0.33533847
0.79773587	0.58407235	-0.5131645
0.48543227	0.40691578	0.39048147
0.68510365	0.4019804	-1.0557265
0.16298288	0.47089446	0.6148797
0.47975308	0.21029222	-0.40776512
0.91681176	0.76107794	0.24892116
0.6890325	0.9024399	-0.04878015
0.18636662	0.06903148	-0.56751657
0.6053576	0.33511907	-0.3067885
0.61655486	0.77116424	0.36632416
0.0014792085	0.81571037	0.06962963
0.06996715	0.5971274	-0.52305555
0.49041325	0.6904293	-1.0405883
0.3166731	0.5344441	0.22394903
0.120102406	0.14943725	0.21214549
0.95088565	0.16770858	0.22650596
0.45022637	0.2822472	-0.31907582
0.30520576	0.6350914	0.19686292
0.35342896	0.6871414	0.24084896
0.42606413	0.5376864	0.02144856
0.98823303	0.49073297	-1.1709749
0.275546	0.21670032	-0.25315422
0.8288279	0.672781	-0.06486787
0.52754766	0.9398486	0.12356077
0.30563158	0.22324997	-0.38909557
0.75624806	0.2902214	0.48242757
0.9738978	0.49600166	-1.1094382
0.58544964	0.91056424	0.13395071
0.5289571	0.6321551	-0.6415578
0.2376492	0.32929027	0.076396264
0.5727147	0.60162014	-0.35124117
0.6639067	0.59600985	0.2530139
0.9939666	0.45544112	-1.3334706
0.037906468	0.048967183	-0.0050490685
0.9127183	0.72684985	0.151158
0.24876797	0.7406414	-0.40790308
0.8960827	0.76484865	0.382631
0.71486264	0.40160745	-0.8641417
0.31395096	0.09149563	-0.059094165
0.76491857	0.47721207	-0.73817444
0.48259395	0.71840656	-1.0330818
0.56809664	0.5129764	-0.37118337
0.08471763	0.19053328	0.16701645
0.33882928	0.25082797	-0.37124777
0.60023713	0.6725688	0.1972223
0.4786589	0.7420282	-0.9501747
0.070617914	0.72801685	0.2762405
0.3990478	0.28260636	-0.19011572
0.06626719	0.30603313	-0.4305606
0.7487594	0.95880526	-1.0754902
0.19953561	0.7787249	-0.7658021
0.31441838	0.57688963	0.23530148
0.5544881	0.05686909	-0.10878152
0.95654005	0.36093283	-1.165744
0.37972438	0.96657234	-0.37618503
0.47390586	0.6557069	-0.79521
0.49257827	0.51108825	0.09375678
0.4952144	0.9030979	-0.29459727
0.82328254	0.5343111	-0.12393367
0.50442576	0.48806947	0.15815684
0.689335	0.31290054	-0.8053077
0.4260388	0.4152692	0.032846235
0.5247192	0.93474764	0.043156866
0.42096978	0.29640424	-0.20107251
0.26005125	0.86825216	0.67124945
0.73469025	0.48094785	-0.98055154
0.3357666	0.40097272	-0.18366905
0.6250405	0.67387664	0.49377683
0.640603	0.3551032	-0.6654933
0.6426933	0.17003953	-0.6442082
0.11211538	0.66429037	-0.1665188
0.31515443	0.21125412	-0.3941723
0.8778071	0.58794135	-0.16961876
0.4345292	0.025195062	1.0029454
0.4310798	0.18500179	-0.26150098
0.9425141	0.5022313	-0.6780506
0.8344578	0.68294716	-0.021929994
0.75587964	0.8298261	-0.39975807
0.6328627	0.48591632	-0.48597884
0.45530295	0.607144	-0.4499135
0.26307136	0.51980287	0.27874222
0.7262193	0.65893084	-0.28531665
0.5854014	0.5627997	-0.33222508
0.5052294	0.29086024	0.0115239695
0.58177507	0.24392158	0.37296426
0.61378276	0.9081633	0.20331782
0.6395921	0.7155659	0.63503057
0.30786568	0.33376914	-0.40666145
0.14786166	0.93476796	0.28747252
0.90526974	0.37438715	-0.24946503
0.7716305	0.16315335	0.40816826
0.04201442	0.76079464	0.20331107
0.97610873	0.6067999	-0.3977881
0.64192575	0.916539	0.1805848
0.7910895	0.32891655	0.6294093
0.8304986	0.10803759	0.13285872
0.41843295	0.0009886622	1.1836469
0.011166275	0.5656148	-0.69594884
0.33966988	0.7658564	0.1869024
0.013705492	0.057295263	-0.20342161
0.52802	0.5653962	-0.4625619
0.07900292	0.0131088495	-0.121989995
0.92509717	0.36851376	-0.71193075
0.9808966	0.97893244	0.10859653
0.8452824	0.6905459	0.029707849
0.6496842	0.18422478	-0.77896756
0.78254277	0.7061992	-0.66829395
0.97413707	0.24020737	-0.31512022
0.79559016	0.86188537	-0.49313027
0.97578293	0.88635737	-0.09188852
0.35394764	0.1303376	0.07749617
0.9638159	0.63028646	-0.31960213
0.020570636	0.71705467	0.16760446
0.39396447	0.33504438	-0.12071332
0.96225095	0.44157118	-1.3046936
0.86360896	0.61464214	-0.16636588
0.9954203	0.05060476	0.6898872
0.50801337	0.96243274	-0.034520242
0.11821681	0.722866	-0.32143474
0.7945323	0.0055389404	0.5802939
0.52560353	0.20841944	-0.14518856
0.74385625	0.3213796	0.075477436
0.17725903	0.34612638	0.902949
0.21479654	0.1435706	-0.4092639
0.028280318	0.08510679	-0.22765313
0.28596318	0.63476354	0.05738073
0.3388188	0.15035725	-0.100005805
0.14900565	0.00024920702	-0.5366126
0.36031693	0.4529389	0.02379075
0.42109203	0.21544284	-0.37183696
0.42287666	0.56012547	-0.0012957491
0.8712518	0.114488184	-0.33770186
0.39358276	0.84856856	0.057256762
0.81268936	0.51195955	-0.15000667
0.8059719	0.94462806	-1.0841417
0.98921686	0.20299798	0.027722178
0.01745677	0.15871036	-0.4976461
0.24987233	0.15483558	-0.20880423
0.738207	0.19640183	0.17029446
0.9264357	0.6561385	-0.15190858
0.054057002	0.64093006	-0.112644255
0.2194215	0.07632297	-0.46971688
0.1263532	0.6488001	-0.28672516
0.77268475	0.57520914	-0.8065225
0.061719418	0.86033916	0.052021384
0.8262051	0.38407785	0.497503
0.99981123	0.28110802	-0.7336175
0.42197245	0.8122881	0.004489796
0.55837303	0.32532078	0.26558307
0.017079294	0.60187835	-0.3622511
0.7941681	0.2723742	0.5702266
0.9718914	0.842066	-0.102767944
0.6223213	0.75506234	0.46316487
0.041733146	0.20897704	-0.38405773
0.7307969	0.1680941	-0.033156343
0.9369358	0.17272562	0.123379394
0.979942	0.51185167	-1.0227256
0.1378864	0.6157917	-0.20762217
0.06458509	0.9710665	-0.49508396
0.30741185	0.5425276	0.19938138
0.32649165	0.18270361	-0.24436226
0.8863941	0.20749825	-0.36064652
0.87977713	0.9574357	-0.382173
0.99875325	0.43215364	-1.355121
0.11805594	0.26206046	0.6384598
0.9472323	0.7914215	0.18397985
0.2211231	0.7710976	-0.7005632
0.27707595	0.15215701	-0.19408104
0.3369856	0.6783804	0.23021895
0.61418366	0.28453195	-0.21887542
0.7689483	0.37804258	0.06996663
0.6638837	0.8720129	0.2380368
0.75941414	0.30498105	0.45203975
0.9741425	0.5188763	-0.94599557
0.9164612	0.51864564	-0.22469452
0.8991384	0.06509042	-0.3456331
0.67150676	0.7414947	0.68393856
0.45649934	0.9796498	-0.3583313
0.7244165	0.4036966	-0.76351035
0.47682232	0.5318445	-0.04218355
0.7097404	0.3453771	-0.8268368
0.55343944	0.20085478	0.23352769
0.5541599	0.79007876	-0.050808996
0.80621	0.18085057	0.3188228
0.9996822	0.6147576	-0.4003184
0.8884048	0.61311895	-0.17327097
0.6457354	0.97118235	0.06226483
0.92372185	0.384093	-0.62487096
0.2784689	0.12229401	-0.18496272
0.043926656	0.1710949	-0.26933208
0.7033786	0.37894553	-0.8415006
0.48178333	0.7606312	-0.9561232
0.9610584	0.47065538	-1.1045525
0.5314076	0.8452553	-0.24008088
0.97577757	0.48332942	-1.2034426
0.9570056	0.6281531	-0.26065224
0.07013059	0.3635162	-0.78925323
0.65758926	0.7270263	0.703648
0.5605005	0.3146659	0.38040546
0.19660753	0.2409321	0.14300536
0.64435273	0.04807818	-0.76967514
0.016568363	0.0051718354	-0.179542
0.5862749	0.12035823	-0.027707793
0.2701922	0.4673208	0.21852654
0.7126001	0.2238478	-0.5189163
0.90775687	0.13478267	-0.18147719
0.44718164	0.83852315	-0.3546309
0.76560646	0.035236478	0.49698776
0.9233478	0.81201506	0.52009165
0.35305274	0.13614637	0.08740541
0.9839283	0.08509582	0.759269
0.8872401	0.7017507	0.11340138
0.41368806	0.501876	0.02365049
0.81554335	0.9221497	-0.7615619
0.45439905	0.8618945	-0.39363077
0.12535226	0.29686677	0.6972157
0.36251682	0.10859108	0.32929456
0.242562	0.15771353	-0.2829303
0.95528626	0.29001033	-0.69357985
0.32811314	0.29447836	-0.4972166
0.41904074	0.5083497	0.006087307
0.25925756	0.383492	-0.023382418
0.24704957	0.27668548	-0.013029009
0.14313102	0.17714566	0.2059407
0.29766715	0.53060883	0.16483338
0.92782426	0.15149325	0.10176975
0.09722316	0.5186753	-0.5478632
0.80810547	0.9370362	-0.96415806
0.9135783	0.32771832	-0.43458745
0.34239066	0.24287081	-0.3754381
0.97874326	0.0785197	0.7752414
0.15533823	0.8460163	-0.41127962
0.6590437	0.1065169	-0.7976668
0.23272395	0.57046217	0.12156154
0.3668071	0.7395028	0.14461872
0.4530728	0.4613151	0.20909704
0.40382493	0.6384926	0.22809228
0.17809945	0.08954626	-0.44851756
0.6077195	0.40029263	-0.44783342
0.9018995	0.68801945	0.02593774
0.21513683	0.31291574	0.3328418
0.27272874	0.7827142	0.14262895
0.809088	0.21605837	0.18500876
0.9059212	0.9486286	0.034282696
0.9453171	0.3519652	-0.9345071
0.6926504	0.6715591	0.4671087
0.7871667	0.93545365	-1.1181203
0.73699456	0.18203402	0.10091023
0.90270835	0.29982013	-0.23005205
0.7572931	0.27766705	0.54872936
0.48009527	0.094775915	-0.17875013
0.7065295	0.48937315	-0.9828781
0.6024202	0.37757444	-0.38273057
0.595572	0.09878945	-0.28416437
0.7141397	0.041992188	-0.16763923
0.07518333	0.47622555	-0.95352185
0.70410687	0.05052936	-0.26372594
0.031116903	0.26438946	-0.7734075
0.9258747	0.06607723	-0.058543332
0.7933448	0.78514683	-0.4077607
0.5288416	0.5262118	-0.2478096
0.92293674	0.4573756	-0.44793856
0.27214617	0.058196187	-0.25250983
0.82158333	0.39118153	0.47405216
0.88546926	0.7138265	0.14586681
0.34181	0.45606476	0.08292189
0.9343163	0.41310507	-0.905078
0.9630163	0.8133657	-0.0043841745
0.14940059	0.7022487	-0.5044512
0.089874506	0.9233718	-0.100692235
0.90966547	0.79024166	0.445249
0.15674996	0.045033753	-0.5614626
0.2500766	0.049408555	-0.23561373
0.38601166	0.66618115	0.19507223
0.21762437	0.15117711	-0.4175346
0.12563992	0.65935034	-0.23322314
0.9701469	0.9483334	0.10850068
0.27399218	0.8600228	0.65769047
0.540889	0.18144763	0.011652634
0.6525213	0.5233483	-0.19881402
0.8211358	0.43665546	0.3337682
0.22696304	0.3546129	0.36112264
0.33439642	0.43714672	0.08259231
0.34419793	0.69742274	0.24423708
0.34865808	0.5831659	0.43201247
0.9343033	0.14561218	0.17076084
0.33364928	0.38485295	-0.2535758
0.68485606	0.69906735	0.59477335
0.45718002	0.81071717	-0.50673133
0.026935875	0.79202324	0.1660235
0.0061767697	0.7225349	0.15490851
0.7046004	0.80411214	0.13319126
0.3713715	0.991547	-0.34595793
0.93894917	0.03245777	0.079898655
0.61584914	0.42183852	-0.47892466
0.7823138	0.62656313	-0.6957666
0.5347768	0.49701136	-0.2606872
0.8062328	0.010189533	0.4981641
0.93532044	0.030758142	0.07092122
0.21427566	0.42235655	0.7097805
0.41254145	0.017454386	1.1127069
0.07149601	0.1148119	-0.08321189
0.09564555	0.25589436	0.4480812
0.01200974	0.5940573	-0.4225765
0.7459956	0.23212475	0.37005025
0.37616408	0.5596872	0.24803667
0.6625923	0.26407927	-0.7717705
0.6676253	0.78400546	0.5462558
0.56977373	0.76773757	-0.07749504
0.5990969	0.2199449	0.17128186
0.07599962	0.67393893	0.11742686
0.25433677	0.28453648	-0.11954792
0.20993721	0.7001603	-0.88986427
0.07220101	0.57745206	-0.6465371
0.14575028	0.68562716	-0.45656636
0.21008486	0.97036964	0.8367192
0.38439262	0.84745145	0.04416018
0.08266252	0.2264784	0.16374348
0.27172196	0.23574853	-0.15139185
0.12372565	0.51947993	-0.13856575
0.3054899	0.6106992	0.16168383
0.45640224	0.8035753	-0.47626483
0.6416113	0.15118933	-0.7107918
0.90301114	0.6488112	-0.103171445
0.44802308	0.48487765	0.1008258
0.54197466	0.58414924	-0.5471021
0.009270906	0.44987643	-1.3515806
0.92652684	0.43534815	-0.6656051
0.96676785	0.24239367	-0.20902544
0.3879745	0.41643763	0.024346488
0.68088293	0.23103589	-0.8087832
0.12726313	0.177638	0.40421885
0.20745379	0.54022175	0.3101767
0.8545281	0.6247315	-0.14502761
0.13174349	0.63736504	-0.31134516
0.33249557	0.7069364	0.290338
0.50583255	0.27419662	-0.13268629
0.50096035	0.06615144	-0.18805605
0.1446389	0.8959498	-0.11454025
0.54314107	0.9521486	0.24395688
0.21218902	0.56793517	0.040418215
0.5640607	0.9345003	0.09369414
0.09933007	0.7310868	0.044322174
0.34010386	0.38734382	-0.23630705
0.8257239	0.95177627	-0.9122403
0.7326289	0.18659341	0.058383856
0.63388646	0.09115225	-0.75937396
0.72443277	0.6477193	-0.34296927
0.24178654	0.6183571	-0.19424145
0.21140075	0.56024605	0.08694734
0.3904888	0.77141696	0.20630765
0.5289694	0.53025264	-0.28739113
0.805786	0.7159768	-0.31857973
0.8232816	0.37558436	0.5243717
0.17439139	0.30928504	0.78207654
0.07768077	0.46200955	-0.8538328
0.5195655	0.20648938	-0.23292527
0.57880175	0.8626184	0.13104829
0.27974826	0.7551006	0.08127686
0.8859275	0.5522962	-0.004252784
0.69532025	0.8295265	0.26462597
0.6920233	0.84803814	0.15498862
0.24844813	0.7779355	-0.17182414
0.90618604	0.51993555	-0.040093824
0.8318879	0.14557326	-0.011571823
0.15661794	0.9849246	0.70523983
0.13991326	0.8104082	-0.52021235
0.37809145	0.31951356	-0.21237117
0.23029584	0.6724086	-0.53992826
0.5210494	0.26307178	0.00995667
0.08589405	0.41241282	-0.5347414
0.9066298	0.7642091	0.37943694
0.52185625	0.5074049	-0.095536426
0.57615244	0.21478271	0.3637635
0.27330554	0.07552862	-0.23811898
0.93559915	0.45619816	-0.71770716
0.96988857	0.34597594	-1.204199
0.29042476	0.76630354	0.13051645
0.89550155	0.36183697	-0.07156705
0.5170039	0.97683364	0.07977062
0.77423173	0.14693415	0.36940122
0.3232919	0.9267351	0.19593991
0.35223597	0.2847907	-0.32967377
0.8677379	0.8824646	0.24733377
0.76561683	0.510731	-0.88343984
0.9207417	0.86838436	0.43794706
0.2197457	0.37964594	0.56593347
0.65126556	0.7310963	0.75849545
0.7042543	0.49314475	-0.96892464
0.97095674	0.27607697	-0.6183551
0.88109493	0.3191551	-0.014373479
0.0820747	0.6519168	-0.062207885
0.7897394	0.93990135	-1.1899352
0.6864567	0.34860057	-0.9273062
0.6560586	0.56062734	0.04205873
0.5942469	0.4235372	-0.4257798
0.07305831	0.6138019	-0.35166624
0.515675	0.8599064	-0.30327684
0.31544214	0.6714242	0.20250446
0.13976943	0.1645599	0.234033
0.89989465	0.15830457	-0.28673798
0.56032723	0.1516422	0.08401547
0.39277995	0.42426705	0.055528123
0.67113596	0.3045774	-0.6945166
0.53669244	0.1821416	-0.07604661
0.49947906	0.6194629	-0.62947917
0.84092516	0.8611631	0.09628913
0.52771014	0.7526006	-0.6576122
0.13088483	0.7130973	-0.43382117
0.7131442	0.800968	0.17603076
0.45078546	0.4967094	0.0621797
0.1931991	0.94756263	0.59648025
0.501062	0.15643579	-0.38036016
0.6729943	0.63211507	0.45220578
0.5247227	0.27794015	0.09115602
0.5192857	0.59261304	-0.53091705
0.2586438	0.26075393	-0.1362276
0.67298174	0.6280224	0.52194995
0.39948618	0.34086937	-0.07577482
0.067647755	0.0983842	7.4498355e-05
0.33660543	0.2311297	-0.34481546
0.100762665	0.9692841	-0.0057877935
0.095995784	0.39232022	-0.062561125
0.9914808	0.3394723	-1.1667273
0.87143105	0.15168226	-0.45329034
0.44231188	0.9110637	-0.38517165
0.34352142	0.9387981	-0.051826112
0.57038385	0.53101087	-0.405316
0.59721327	0.63058984	0.16282496
0.97430634	0.62076	-0.40485278
0.15807343	0.050975144	-0.44002178
0.05833584	0.08704215	-0.09087199
0.41356146	0.61182624	0.048155017
0.2745213	0.5995485	0.098060265
0.25006926	0.84799904	0.43689862
0.65519375	0.6555931	0.6244188
0.45155913	0.27246934	-0.27266732
0.7586821	0.9855088	-1.2980492
0.27691424	0.6062401	0.039259005
0.69082147	0.114643395	-0.63700175
0.13	0.56475776	-0.16605064
0.07099217	0.672307	0.10002486
0.92983234	0.90096045	0.32696003
0.6197941	0.403899	-0.5245794
0.8015347	0.4456178	0.10609528
0.83888084	0.5962751	-0.25216722
0.9430162	0.28390127	-0.51219076
0.17287606	0.23966748	0.3960842
0.53025633	0.8593499	-0.17634974
0.7564963	0.3816839	-0.072203055
0.45876074	0.568834	-0.33416578
0.99611247	0.5036822	-1.0832748
0.3522579	0.5869833	0.3961622
0.00044715405	0.8408135	-0.13422883
0.1884793	0.66980946	-0.61388856
0.7181011	0.8717808	-0.2679937
0.5473642	0.62236184	-0.5032936
0.9713441	0.9537646	0.13609716
0.1877287	0.72463495	-0.8974421
0.65070784	0.5822998	0.169014
0.2170791	0.8455821	-0.12072021
0.967393	0.93759334	0.10830451
0.12056011	0.05885297	-0.18090332
0.64117056	0.5429689	-0.12689433
0.534271	0.06654245	-0.22473505
0.66737396	0.83300626	0.4154206
0.62651175	0.6157351	0.2558909
0.90154254	0.7924338	0.4435018
0.36826372	0.8251164	0.16765632
0.6772488	0.42723012	-0.99306846
0.016554773	0.11400533	-0.40273124
0.13848895	0.29519933	0.8146247
0.4843822	0.5060938	0.19994846
0.9587129	0.62837714	-0.33558914
0.43086058	0.8584089	-0.19471963
0.34581447	0.10052222	0.22217998
0.89986724	0.21880955	-0.25763634
0.6347086	0.823347	0.41835216
0.13608932	0.2942326	0.7785761
0.7219043	0.57972795	-0.7775573
0.7376525	0.986181	-1.0185603
0.95649236	0.87618506	0.23384127
0.46324873	0.52395856	0.039863452
0.9012947	0.6263733	-0.20906457
0.06260127	0.21655595	-0.17225266
0.58140147	0.055691898	-0.20149684
0.7245754	0.61497796	-0.4435119
0.19236803	0.19127202	-0.16451678
0.22154671	0.83727014	-0.048100494
0.28787595	0.89592797	0.72754085
0.87722385	0.2693482	-0.17884797
0.05115509	0.063327014	-0.028979173
0.8344498	0.61678046	-0.2541282
0.2682371	0.92003065	0.8405251
0.8772258	0.63556695	-0.20573622
0.65006113	0.43105972	-0.70070744
0.8724173	0.9330042	-0.22230744
0.88242805	0.8069532	0.5737391
0.74371773	0.39177376	-0.35567212
0.24525213	0.19862682	-0.21013151
0.06355238	0.5409297	-0.98315954
0.3695553	0.5951434	0.35622764
0.5438507	0.83038336	-0.08446661
0.8837203	0.057588756	-0.35661876
0.3968894	0.57898533	0.2307227
0.9558082	0.6042223	-0.4168434
0.42976695	0.236417	-0.3531953
0.68945307	0.13022971	-0.64574045
0.10421097	0.15955752	0.21879075
0.76864296	0.77952224	-0.4821514
0.8359641	0.27688164	0.14958164
0.876151	0.23384434	-0.250365
0.04701954	0.3965963	-1.4159297
0.69326484	0.73793006	0.49200726
0.41468203	0.1557799	0.034793455
0.26052397	0.7641486	-0.061462574
0.9923179	0.55558467	-0.66948354
0.54591674	0.7903621	-0.21955514
0.37623495	0.5015163	0.16591394
0.6252508	0.8903029	0.25134033
0.7740081	0.60426444	-0.73413694
0.3492447	0.47974718	0.22252184
0.8660136	0.705675	0.11826877
0.78679013	0.77628076	-0.49618486
0.49425656	0.72068965	-1.031587
0.8400961	0.81145966	0.3150031
0.29782295	0.89438146	0.61406875
0.5663221	0.54585886	-0.46077162
0.64899945	0.073246896	-0.7100727
0.7031543	0.04815507	-0.2592991
0.9238801	0.044721484	-0.05442455
0.22740239	0.59354657	-0.13991389
0.5361105	0.7138261	-0.5654557
0.5076896	0.6323384	-0.70849454
0.08968669	0.16073477	0.17198789
0.49418545	0.6350343	-0.7439931
0.3278404	0.35080713	-0.448413
0.2090562	0.9353959	0.5886066
0.9118304	0.44575328	-0.25317627
0.6196187	0.25658548	-0.26559654
0.44027072	0.41957504	0.11973417
0.26411092	0.8858745	0.7146118
0.27800572	0.21902692	-0.23601164
0.8313243	0.4735037	0.29117587
0.9073981	0.95002407	-0.017745143
0.55101717	0.28809792	0.3975957
0.9460629	0.38327044	-1.1859366
0.9063405	0.5799572	-0.21179143
0.7466709	0.41527027	-0.44268927
0.68691367	0.46606177	-0.91598517
0.46844715	0.9100353	-0.3738087
0.49675542	0.46354693	0.2725965
0.81674635	0.64459455	-0.27162325
0.7189397	0.024757683	-0.058044173
0.9935307	0.9804091	0.101154506
0.023529828	0.119675815	-0.4176964
0.022622645	0.27000564	-0.8330336
0.76522774	0.5610395	-0.82760984
0.43372935	0.48839992	0.04390863
0.99162126	0.09473795	0.7136008
0.8144807	0.1335231	0.32867685
0.07613057	0.13788491	0.028471842
0.6722938	0.90771127	-0.005642671
0.4805531	0.5253322	0.04026883
0.6176701	0.8830315	0.2649332
0.8995233	0.68504465	0.055476457
0.31782496	0.42788196	0.06893362
0.32515883	0.9163119	0.20805767
0.039902925	0.9963136	-0.6731969
0.14071053	0.6511426	-0.3722222
0.6642864	0.9050793	0.103217706
0.14969009	0.6950736	-0.48025495
0.3700664	0.11763728	0.36121786
0.67479813	0.85004294	0.34439874
0.44194794	0.23469472	-0.38357884
0.7501699	0.26365346	0.37392747
0.4694059	0.21727377	-0.47431028
0.7354901	0.9348138	-0.895476
0.43152177	0.8057607	-0.06969634
0.52004945	0.44472915	0.1465034
0.19299918	0.3150097	0.67490256
0.85649186	0.56799966	-0.11072956
0.11144948	0.9284012	-0.10966815
0.009312451	0.6755985	0.06932175
0.025407732	0.54809475	-0.97079146
0.4894153	0.09077746	-0.26831827
0.83293915	0.41036308	0.51880896
0.28999913	0.92041874	0.5940243
0.8901289	0.07026452	-0.39003807
0.00043660402	0.29702103	-1.0989099
0.5573241	0.014502406	-0.060753092
0.80840987	0.9534795	-1.1179608
0.86819875	0.89298105	0.14160624
0.89844596	0.7241249	0.08384412
0.67240334	0.89857316	0.037752643
0.050179005	0.52129716	-1.1274614
0.47221023	0.9653812	-0.32760698
0.25007045	0.31298953	-0.047603067
0.6709771	0.8855194	0.15142584
0.76927686	0.58792704	-0.8596422
0.005377829	0.5879351	-0.37478173
0.61900204	0.6441956	0.31895867
0.97849727	0.10732734	0.7054232
0.60204333	0.18999398	0.0070305397
0.54521793	0.358549	0.09743214
0.72133267	0.15712976	-0.23875332
0.35586363	0.43511713	-0.026120631
0.157058	0.113140106	-0.20006266
0.6258122	0.9615959	0.24239296
0.8769531	0.7692691	0.40168613
0.32777363	0.7608186	0.16983601
0.30316865	0.43491846	0.08603287
0.89484376	0.24620217	-0.21828619
0.40042698	0.19970596	-0.10589865
0.9424517	0.16093975	0.28175092
0.037254155	0.05713427	-0.080956206
0.92388546	0.1404866	-0.0058508497
0.5681191	0.09420884	-0.066190496
0.41465217	0.68224365	0.11911531
0.20929003	0.61050093	-0.28171927
0.57545567	0.39805675	-0.19369008
0.13499004	0.37761092	0.7374873
0.76202035	0.5739807	-0.819121
0.43614143	0.1493485	-0.057916485
0.15229666	0.9423854	0.3637442
0.5934044	0.11553258	-0.16389468
0.74206907	0.34358394	-0.09138921
0.13707918	0.71270597	-0.52323234
0.6424795	0.17113382	-0.67044044
0.08798188	0.1203168	-0.017258257
0.4597968	0.2506864	-0.42435914
0.75907797	0.94447136	-1.1746047
0.09661907	0.47540867	-0.46180156
0.38128817	0.2664051	-0.2804346
0.7484027	0.70389235	-0.5765144
0.2681762	0.7927613	0.22607623
0.7562287	0.07125652	0.4817257
0.3902437	0.88519216	-0.15102506
0.8725479	0.3026365	-0.003973685
0.47000974	0.08942819	-0.028750593
0.44817805	0.74237424	-0.29542917
0.99798805	0.16664356	0.35384542
0.18139184	0.10166234	-0.46437544
0.17296737	0.3304339	0.9084742
0.5844267	0.2669946	0.3733899
0.82176554	0.19565684	0.1170822
0.67500263	0.80146575	0.45985842
0.44113207	0.6196795	-0.27811643
0.22561353	0.034786522	-0.4239152
0.15387058	0.15628457	0.041433875
0.9387332	0.49844134	-0.6564648
0.35956198	0.3134662	-0.3423676
0.3115334	0.959312	0.28047836
0.46900278	0.3075586	-0.067902304
0.43769628	0.82667965	-0.24161881
0.64744586	0.19016021	-0.7522639
0.29766667	0.46158004	0.23436631
0.45240247	0.986402	-0.36209804
0.8818551	0.109021306	-0.42321795
0.91562474	0.13874632	-0.119349115
0.060325146	0.94015557	-0.44459918
0.51493853	0.98054206	0.15671417
0.6320595	0.6809143	0.52216136
0.94957125	0.21278906	-0.004425708
0.55346614	0.10093862	-0.033431895
0.8296323	0.4088114	0.4833325
0.6785532	0.32287824	-0.73465025
0.9294887	0.26527065	-0.34299645
0.93211615	0.7057242	-0.035700172
0.30796212	0.5195767	0.21382798
0.28345007	0.14809418	-0.15988539
0.09944111	0.8462858	-0.023940675
0.047400296	0.029853642	-0.01816045
0.80898446	0.2086882	0.38042742
0.83541983	0.14714605	-0.041805737
0.08828062	0.23829466	0.32668218
0.009887636	0.6236875	-0.20157495
0.04836577	0.95407265	-0.5929244
0.30583125	0.19446683	-0.38197622
0.5144084	0.25242454	-0.0772132
0.46970612	0.79430556	-0.75504565
0.4512707	0.47117382	0.119739205
0.27148974	0.7209259	-0.13727446
0.4935186	0.21819043	-0.44401225
0.44104564	0.22933573	-0.40083525
0.038588524	0.11044079	-0.1760248
0.1463787	0.108192265	-0.08182436
0.6963484	0.22157162	-0.7539228
0.3952461	0.4594772	0.058031272
0.5886814	0.45250946	-0.3647991
0.7531659	0.013586283	0.4288062
0.48490787	0.03955561	0.028094856
0.16743785	0.4119171	0.8453829
0.5047267	0.58160776	-0.39029378
0.99694943	0.67696583	-0.26590237
0.0067965984	0.07952434	-0.37879962
0.5941022	0.4775406	-0.4366938
0.22091293	0.26707846	0.13576603
0.84845716	0.3704059	0.41342452
0.048377573	0.42242962	-1.4578443
0.055784583	0.6624605	0.036961637
0.21668595	0.17428416	-0.3379735
0.39553636	0.031012654	1.004874
0.110640526	0.058886826	-0.1861486
0.7550579	0.41903108	-0.45618847
0.31304395	0.1904499	-0.38272673
0.6642824	0.45812708	-0.76173496
0.5222566	0.8526367	-0.3473708
0.19282174	0.030196726	-0.6195359
0.37666035	0.26425415	-0.22078714
0.96723497	0.55890983	-0.63386464
0.23772514	0.58621293	0.021158751
0.37419122	0.041085362	0.7243172
0.98215425	0.7634649	-0.2644405
0.4772982	0.688781	-0.88694906
0.38161588	0.35212195	-0.061301425
0.32509345	0.9678741	0.14545871
0.95485246	0.11704433	0.475997
0.06853104	0.1996718	-0.06289581
0.12814593	0.14127386	0.17795908
0.75351375	0.021297812	0.4246899
0.67515767	0.22766	-0.79221314
0.010776043	0.7114742	0.18464401
0.38470787	0.7283796	0.11151809
0.0527879	0.07192516	-0.0104950145
0.7812767	0.45994538	-0.2849182
0.31363738	0.13000476	-0.21574467
0.2861684	0.53300565	0.2347694
0.62151515	0.5320247	-0.21110103
0.6913152	0.039482296	-0.42491525
0.90787584	0.6783124	-0.05853206
0.37228316	0.08338851	0.57209563
0.94421315	0.940517	0.26628882
0.7389353	0.097109735	0.171558
0.8837569	0.23871928	-0.27895314
0.43269545	1.9729137e-05	1.213501
0.30262655	0.23367167	-0.4444144
0.24667704	0.0053107142	-0.26731846
0.40609455	0.7681185	0.2111668
0.7619556	0.6693038	-0.71762955
0.28094172	0.61017156	0.10932787
0.6861254	0.46032244	-0.9483191
0.78018975	0.97046494	-1.3940732
0.5638265	0.9976256	0.26435933
0.45175695	0.54773086	-0.21200535
0.71282786	0.8480713	0.0041722897
0.66707605	0.3258248	-0.705174
0.46279573	0.112376034	-0.1275122
0.0774315	0.02639985	-0.09911259
0.54267883	0.5100499	-0.2686902
0.5946846	0.2430914	0.19351186
0.16240966	0.51210976	0.3213142
0.33011723	0.52236736	0.35657793
0.67396873	0.15169686	-0.80366576
0.409463	0.22988552	-0.25658742
0.023764968	0.0755499	-0.22692865
0.79590374	0.838717	-0.40344712
0.3076092	0.22738129	-0.43442535
0.6103285	0.7720355	0.32921454
0.92361474	0.3225221	-0.5462349
0.20259982	0.2858048	0.42567417
0.20954096	0.5409146	0.27159107
0.715669	0.9309965	-0.5205444
0.8824162	0.2660368	-0.21042961
0.30299193	0.61333025	0.16643903
0.83417785	0.561129	-0.14499357
0.17846501	0.1744088	-0.13258094
0.00337857	0.06445658	-0.37746045
0.50440866	0.9639135	-0.020580344
0.56349355	0.43907672	-0.2261633
0.84648645	0.9888361	-0.9632778
0.7762365	0.14174324	0.49613506
0.29299146	0.11347771	-0.19377175
0.06963706	0.18790573	-0.057372957
0.15442526	0.765912	-0.62118775
0.011841357	0.74623716	0.15986541
0.23822534	0.41774	0.33477834
0.0032613277	0.109087765	-0.47066888
0.7271985	0.77352613	-0.08379806
0.8978633	0.32141417	-0.23901576
0.17481232	0.9672635	0.68374336
0.6309243	0.008486688	-0.5704963
0.9229922	0.033962607	-0.09137118
0.53272146	0.52946943	-0.305133
0.49080664	0.44422382	0.35311446
0.28647804	0.44068563	0.085195795
0.2443195	0.1359446	-0.2526524
0.057456195	0.38041794	-1.1792384
0.06976533	0.55338836	-0.9095949
0.5072757	0.24406224	-0.20682468
0.410658	0.041298866	1.0371274
0.07996124	0.026057959	-0.06986995
0.62665224	0.60231227	0.184038
0.33184296	0.78267616	0.22857854
0.8251949	0.07517761	0.25897408
0.22225362	0.19320661	-0.23427102
0.340019	0.3561474	-0.40288723
0.012935162	0.6632665	0.0632076
0.25511426	0.13357878	-0.26840842
0.2206657	0.87358135	0.18488696
0.69107664	0.9771619	-0.49560922
0.43061674	0.2984171	-0.20234518
0.27395827	0.92860633	0.7251897
0.51329464	0.667554	-0.8212488
0.2929504	0.75778353	0.16040547
0.54534125	0.7436701	-0.35142794
0.06715858	0.34455222	-0.7516637
0.23205227	0.29288077	0.10882534
0.63018334	0.5246862	-0.25584233
0.64833206	0.11735195	-0.73600304
0.83696324	0.98021096	-1.0887494
0.4810897	0.8509127	-0.57979804
0.12980294	0.34762907	0.74979967
0.93498814	0.019689202	0.036085047
0.47336793	0.63545346	-0.7218572
0.51552725	0.545903	-0.31688768
0.1441856	0.8460728	-0.35013208
0.19755602	0.5598429	0.09722197
0.31390375	0.30649233	-0.4938364
0.6053072	0.09372169	-0.41647407
0.39346457	0.8501772	0.08689211
0.6436216	0.54070944	-0.12039676
0.3982669	0.44913232	0.017897282
0.67419624	0.5306906	-0.3321474
0.9188938	0.52537066	-0.25210875
0.5064969	0.8552035	-0.41184926
0.7215354	0.24842829	-0.2668447
0.95298165	0.49540174	-0.94121385
0.5865847	0.09306383	-0.18607302
0.8762519	0.23311394	-0.24376547
0.441153	0.5308866	-0.025119103
0.4569189	0.82078093	-0.45161802
0.95038384	0.22211868	-0.038079754
0.59850675	0.38483745	-0.42694515
0.16109586	0.107307196	-0.2723171
0.07084966	0.838704	0.15301616
0.42023528	0.43277425	0.064165756
0.8965731	0.8029906	0.56564456
0.5915333	0.13170809	-0.026122317
0.9993337	0.2026847	-0.033637024
0.8978998	0.68183166	0.025476165
0.7704801	0.033952415	0.5686789
0.0966081	0.067097366	-0.12420915
0.09133971	0.6922401	0.09858106
0.64414126	0.4202742	-0.7003094
0.73705447	0.9105398	-0.7582608
0.94477654	0.4323191	-1.087633
0.7630259	0.27009594	0.6077492
0.6181164	0.8845862	0.29176745
0.3429898	0.7667392	0.23107338
0.89772606	0.037579	-0.32934892
0.9261776	0.28198183	-0.39494988
0.1313985	0.1656493	0.2891068
0.94087857	0.18841982	0.14736667
0.116886675	0.72964287	-0.27364382
0.85858303	0.15952855	-0.345036
0.4053725	0.78753775	0.1903993
0.63464683	0.2686422	-0.4193005
0.48773283	0.27063495	-0.27370602
0.8271448	0.46928722	0.2855293
0.76851004	0.65576744	-0.7290676
0.9129809	0.9229459	0.26059663
0.40824002	0.80154896	0.1844908
0.7945016	0.09392679	0.43456975
0.5221703	0.446765	0.124284804
0.049158573	0.101907134	-0.12257019
0.4648456	0.5364676	-0.039354764
0.09770721	0.7648848	0.14068419
0.8807231	0.026717484	-0.29847062
0.057265222	0.33424634	-0.86748946
0.28739035	0.25769025	-0.31585142
0.03947407	0.22781044	-0.47817484
0.06480634	0.11275667	-0.07653445
0.47704452	0.8991168	-0.34466228
0.8126941	0.7324445	-0.13034852
0.3742978	0.6427552	0.29281327
0.3647244	0.050059557	0.53944105
0.11264545	0.547665	-0.27201965
0.47402364	0.84986305	-0.57667404
0.80696094	0.46925288	0.057422854
0.10854536	0.86939937	-0.17695063
0.4451133	0.5831916	-0.25793183
0.38416785	0.86770827	0.03963917
0.227319	0.69423205	-0.63464415
0.37247533	0.53619057	0.25742513
0.9472634	0.8261697	0.20904464
0.864518	0.21775794	-0.24532022
0.8358652	0.46215284	0.3868788
0.81801826	0.12891936	0.30141866
0.16250062	0.59146136	-0.14564192
0.3933841	0.033817053	0.9930211
0.02851522	0.56005466	-0.86293334
0.520926	0.29842997	0.17180163
0.16721398	0.90163296	0.127524
0.050176978	0.548796	-0.9615057
0.7703767	0.6248418	-0.7260729
0.1847009	0.66535425	-0.5870625
0.112825036	0.5934129	-0.25445464
0.47024435	0.4674586	0.2683299
0.7838261	0.25733262	0.6637272
0.9176874	0.51633966	-0.22330213
0.37233526	0.4952609	0.14215766
0.44022733	0.8624881	-0.34839144
0.3604625	0.6237763	0.36822507
0.49550468	0.19545203	-0.43761656
0.12106156	0.6182977	-0.22503027
0.41352987	0.09113437	0.60727984
0.94204503	0.7243165	0.023112945
0.42163724	0.38263774	-0.026540983
0.2322616	0.364406	0.26336494
0.8023138	0.44589746	0.1875177
0.14085364	0.31075382	0.79468125
0.6260719	0.8299189	0.4326053
0.562489	0.10928279	0.005005836
0.93709236	0.6879198	-0.060898345
0.61936295	0.14457047	-0.4128711
0.7500254	0.9931973	-1.2314508
0.9947828	0.18714756	0.18618679
0.91637033	0.40968484	-0.47924948
0.8255321	0.5649022	-0.1901593
0.8161176	0.34107208	0.5077656
0.4785462	0.6630386	-0.8814979
0.13687742	0.5319356	0.07920279
0.7572873	0.83033514	-0.46176562
0.81135684	0.5562469	-0.34117323
0.19600493	0.8535108	-0.19523455
0.7096998	0.6828354	0.08535913
0.55519223	0.03533578	-0.05774126
0.34319228	0.25116313	-0.4009278
0.6229388	0.31792557	-0.44168764
0.36180186	0.6065941	0.39644542
0.7589145	0.56778693	-0.8876763
0.2971713	0.05838114	-0.14444453
0.51940745	0.093028486	-0.36275956
0.90959513	0.18813992	-0.1730971
0.66328335	0.081541	-0.63147557
0.48962963	0.15578961	-0.51330554
0.57089734	0.32826704	0.1606179
0.9159187	0.80980206	0.45161596
0.9221	0.78460354	0.3557522
0.95014566	0.00037294626	0.22267562
0.06419355	0.98050743	-0.57671446
0.5580554	0.85155314	0.10004674
0.8269619	0.48823762	0.18446247
0.578996	0.57843363	-0.30638316
0.89083326	0.10844225	-0.39819986
0.1187948	0.9428247	0.004004948
0.86863506	0.801432	0.51626945
0.3681774	0.9917337	-0.28815156
0.55053127	0.31220955	0.3362517
0.7557298	0.43624276	-0.5823893
0.44188577	0.22714955	-0.4411658
0.58227646	0.9751253	0.29427323
0.1555494	0.2758631	0.69920117
0.6455693	0.8821259	0.30538297
0.2331689	0.26667714	0.011657458
0.30264217	0.7210626	0.07753389
0.13575965	0.6070632	-0.16374147
0.3299207	0.038469136	0.06703882
0.2621833	0.35363978	-0.117624775
0.20261782	0.37068182	0.761296
0.21708775	0.12739092	-0.44667488
0.42426294	0.06651288	0.86790156
0.22918415	0.35394263	0.30834058
0.8444205	0.115837574	-0.14955506
0.005784571	0.7030745	0.16427435
0.16478813	0.46893668	0.61476177
0.8675498	0.65547556	-0.14362411
0.24412012	0.5381294	0.28206632
0.80707836	0.6512982	-0.43115136
0.974294	0.7556097	-0.20982957
0.9795693	0.05997169	0.73587036
0.6855924	0.34234774	-0.83914995
0.14172095	0.8010458	-0.5456092
0.4531166	0.35675627	0.08108727
0.4705944	0.9429554	-0.37652165
0.15618175	0.19473243	0.3151782
0.97965646	0.32573134	-1.0900497
0.23828667	0.6158354	-0.1613926
0.8702018	0.5552049	0.024681238
0.5520409	0.10036242	-0.06115012
0.30261326	0.97016966	0.34247923
0.6012401	0.38495076	-0.42515448
0.37845832	0.2370224	-0.21421906
0.4029833	0.33422244	-0.0616086
0.41111332	0.70051557	0.19660102
0.21309412	0.13693452	-0.37109938
0.694159	0.0068107843	-0.30389667
0.71971804	0.91526073	-0.5135046
0.686833	0.074929476	-0.59192884
0.02984351	0.43003625	-1.5205652
0.5666043	0.7494277	-0.0777553
0.4343773	0.64851326	-0.1892733
0.7086604	0.9010116	-0.2525606
0.18560332	0.05839324	-0.59742653
0.028769135	0.709916	0.20122577
0.9898272	0.8724497	-0.2027395
0.99712205	0.67082757	-0.31701344
0.44893706	0.6520292	-0.3520381
0.48539954	0.8966276	-0.40939072
0.51286465	0.4303741	0.26200235
0.31512958	0.7678096	0.24558988
0.19340193	0.8925347	0.07737921
0.4935732	0.69321924	-1.0652863
0.067890406	0.40203738	-1.0128387
0.7237433	0.16653574	-0.20024303
0.051499665	0.5446848	-1.023216
0.4711373	0.6433137	-0.6802614
0.5625191	0.5397661	-0.42826998
0.51566154	0.6084694	-0.58912224
0.808575	0.45700055	0.19162863
0.29873216	0.804698	0.37546325
0.51832193	0.23562157	-0.1135445
0.4154793	0.67411107	0.13446324
0.8590369	0.5458199	0.10829566
0.7034532	0.7485792	0.3013998
0.8758416	0.61572486	-0.16437794
0.8097284	0.9754165	-1.2549418
0.57718724	0.9186043	0.10914701
0.97103465	0.41112113	-1.4338609
0.5417565	0.48697394	-0.26732332
0.0130704045	0.9912244	-0.79292154
0.21426547	0.073194265	-0.53912747
0.5136907	0.3466931	0.19575575
0.45663202	0.4756803	0.1804287
0.20456398	0.59585834	-0.092997245
0.5943402	0.14963979	-0.011707623
0.54673475	0.7220758	-0.42865136
0.26108056	0.17574853	-0.17686968
0.16488194	0.88217926	-0.06362722
0.7610683	0.87477946	-0.72243077
0.86137366	0.33406895	0.26180467
0.16157007	0.6840139	-0.4782405
0.820824	0.28906286	0.32185692
0.08681393	0.0899508	-0.094656706
0.31036246	0.18780583	-0.29779568
0.7329779	0.8502337	-0.29834178
0.7465659	0.1459871	0.19359487
0.26379168	0.2587847	-0.1621718
0.18444276	0.92296654	0.3921613
0.51373225	0.9033296	-0.13697284
0.6938593	0.861796	0.13405277
0.5893714	0.54839826	-0.36763486
0.057704806	0.7044631	0.2788409
0.3742901	0.8025233	0.14164919
0.6351784	0.18650937	-0.51155454
0.92990994	0.27214134	-0.30274305
0.8837379	0.49474192	0.34850648
0.45036852	0.10640371	0.0930865
0.92203164	0.8632213	0.42544144
0.64197636	0.63038313	0.40534294
0.1819703	0.76191396	-0.73817164
0.2604267	0.20233011	-0.17068148
0.9334441	0.18827796	0.07604005
0.1657461	0.7097125	-0.5990892
0.4472965	0.5076113	0.020631677
0.059410393	0.49290293	-1.1689582
0.19987041	0.9304734	0.45361087
0.6457036	0.353491	-0.6932567
0.3426872	0.57195425	0.3100774
0.34949577	0.34842193	-0.34486276
0.54818094	0.85619843	-0.054997835
0.19937903	0.6756428	-0.6751722
0.16233677	0.8216822	-0.47417608
0.8519121	0.039619267	-0.21182543
0.3638578	0.86296725	0.1456505
0.37897843	0.75650144	0.14491746
0.45097768	0.05899036	0.551746
0.1642201	0.5132793	0.28050262
0.59276164	0.7788445	0.18048476
0.66823363	0.1397053	-0.77941304
0.91330373	0.3898934	-0.4361265
0.92416596	0.20098472	-0.012079174
0.75004655	0.92212534	-0.88705605
0.34504986	0.24924684	-0.365303
0.70182437	0.5141671	-0.8600963
0.25773054	0.014423013	-0.19796221
0.5376875	0.77627957	-0.32025456
0.54143614	0.4196924	-0.011514152
0.8707879	0.4435767	0.54994994
0.6084742	0.74956626	0.39430103
0.719497	0.34247082	-0.5744387
0.70738834	0.8962877	-0.22680077
0.6920504	0.09507674	-0.48311058
0.15148598	0.327632	0.8694134
0.93207085	0.45427674	-0.7248524
0.75247765	0.13431734	0.24995197
0.73015684	0.795209	-0.12129966
0.31402296	0.46612912	0.29677895
0.19181883	0.2832296	0.5105877
0.69576323	0.48151344	-0.90932363
0.65121305	0.28693408	-0.6049819
0.9209311	0.5556743	-0.2058477
0.9839083	0.50489515	-1.0540471
0.07429236	0.71950024	0.28342676
0.9584574	0.8341509	0.09607307
0.73353195	0.24087918	0.041047934
0.43459034	0.22946447	-0.34165385
0.3208115	0.8425564	0.3632376
0.49307263	0.23597741	-0.3427217
0.029151618	0.52102774	-1.1115494
0.76001376	0.5910215	-0.87689745
0.6439831	0.42299807	-0.69002455
0.19857472	0.40757853	0.84558386
0.039476395	0.54826176	-1.0190947
0.95876926	0.6239166	-0.29760692
0.26434177	0.989004	0.86833465
0.47051698	0.6812157	-0.68483853
0.07172471	0.5737354	-0.71911937
0.20445925	0.14050454	-0.41889185
0.43753326	0.5363307	-0.0683151
0.2725764	0.27867573	-0.27463531
0.08154607	0.26496297	0.08406844
0.14084786	0.50655794	0.13873732
0.9990723	0.9919379	0.08272646
0.67879736	0.8515071	0.25196186
0.9958832	0.94307643	0.029037457
0.47131395	0.9936344	-0.31998622
0.9853745	0.0054605603	0.6200638
0.4117217	0.078929365	0.7680414
0.12763304	0.94085693	0.07255478
0.7436234	0.82089937	-0.2761352
0.2955832	0.5024234	0.20894378
0.36587816	0.89547974	-0.025973937
0.71156806	0.053698182	-0.20064983
0.6035161	0.4932859	-0.39142305
0.36563855	0.62319916	0.32516465
0.18863839	0.8754515	-0.09137279
0.3869428	0.13892055	0.29172292
0.64563334	0.6961599	0.7011681
0.26929843	0.15204865	-0.23171574
0.43900055	0.71161526	-0.1402997
0.5627909	0.40893334	-0.17615116
0.11395115	0.7715159	-0.1696744
0.053726792	0.6852433	0.22177464
0.76288927	0.24621898	0.5510538
0.41437548	0.76943874	0.19100489
0.101771116	0.23600763	0.54832435
0.92933434	0.14353138	0.086050935
0.17322469	0.032366574	-0.62131035
0.058531225	0.5219243	-1.0899717
0.71006143	0.11933941	-0.3833709
0.69352067	0.2525916	-0.78640604
0.49407655	0.83431053	-0.6834544
0.556226	0.8059762	-0.0020079166
0.47667116	0.8723423	-0.5245498
0.3167745	0.4398784	0.14436454
0.2833625	0.74874985	0.06457579
0.69459414	0.21974432	-0.77492225
0.89609593	0.021222174	-0.34190154
0.51714265	0.61463577	-0.6823597
0.72277755	0.45828497	-0.9608996
0.4535492	0.64608	-0.42532182
0.9761835	0.0714643	0.66869885
0.70576376	0.762218	0.28745115
0.9927277	0.39614975	-1.4217261
0.11398882	0.28137755	0.59279907
0.48131967	0.16451699	-0.45508638
0.46381533	0.0036278367	0.70462406
0.7685269	0.33429623	0.3772876
0.335177	0.17869234	-0.29125735
0.6934834	0.68829435	0.48867565
0.7238849	0.17769414	-0.18701202
0.48399597	0.08661431	-0.16878462
0.23707187	0.005870521	-0.35697487
0.96043473	0.20818192	0.043869607
0.008190751	0.38298827	-1.3665549
0.89264554	0.79155904	0.49115518
0.45700556	0.42511642	0.2571201
0.04278207	0.20753115	-0.39984486
0.96028155	0.6155303	-0.3350183
0.14748281	0.6764797	-0.4216813
0.06969768	0.5002459	-1.0612645
0.78703713	0.8488153	-0.53417975
0.7511511	0.57328904	-0.93413085
0.8257613	0.9118092	-0.5868154
0.58154804	0.835162	0.14775884
0.37952995	0.24297285	-0.0761946
0.114329815	0.37580913	0.4488791
0.35838717	0.33712828	-0.3324268
0.3828687	0.7521699	0.18953328
0.92771626	0.5274588	-0.36479655
0.22149646	0.84871083	0.03985512
0.6682626	0.3927874	-0.91472936
0.070144296	0.38844734	-0.92137516
0.12449163	0.6578461	-0.3148615
0.17741936	0.9010974	0.13762546
0.8121462	0.74576426	-0.1602484
0.29477757	0.7885773	0.30471388
0.7943571	0.16001242	0.43645754
0.08451253	0.2893579	0.051520195
0.096860886	0.9227813	-0.15313126
0.89863896	0.03471744	-0.3069235
0.88397485	0.31456566	-0.04404679
0.18817627	0.9874172	0.92835283
0.009043694	0.1650948	-0.6206174
0.9612658	0.6122745	-0.33296773
0.4214055	0.6424153	-0.000277929
0.921502	0.7854347	0.36705872
0.012731254	0.6425162	-0.0812989
0.5225179	0.27758068	0.05722901
0.41818106	0.5716244	0.058485627
0.11873579	0.89078075	-0.088560574
0.72669303	0.48043418	-1.0318054
0.7446929	0.2665819	0.31085032
0.8502602	0.27589208	-0.0011392748
0.71459055	0.05104226	-0.11844614
0.470533	0.5003259	0.18141145
0.6592621	0.45217997	-0.7426875
0.20814061	0.14076364	-0.42687634
0.8202849	0.9064008	-0.58314437
0.715994	0.28405654	-0.47146684
0.43992168	0.1724354	-0.23820369
0.6327009	0.1275031	-0.60734314
0.7287204	0.6839423	-0.31813398
0.3022082	0.8747801	0.5127662
0.9041736	0.46926314	0.033870466
0.14208317	0.9646338	0.41086364
0.23507208	0.50183696	0.39064395
0.9120663	0.853252	0.5171627
0.4481787	0.96159357	-0.3500119
0.65401626	0.1602332	-0.78285813
0.45355833	0.5135578	-0.010656413
0.38148135	0.9803475	-0.351897
0.28932917	0.005494237	-0.21233357
0.5430894	0.19743806	0.07120628
0.2847066	0.48284715	0.18553716
0.4164499	0.8896216	-0.244996
0.60685325	0.41669172	-0.50530726
0.2700776	0.19820052	-0.19189124
0.3728255	0.3435493	-0.16449378
0.97468364	0.63106436	-0.3135633
0.18741965	0.6062533	-0.29504645
0.4862615	0.42961705	0.32742733
0.60216266	0.41494298	-0.4747432
0.6832231	0.27744144	-0.72747207
0.7560526	0.75924355	-0.49732372
0.21143442	0.13285589	-0.44952655
0.06962192	0.1770491	-0.016502876
0.6111592	0.5196147	-0.3187201
0.39705563	0.43310988	0.07760606
0.055170417	0.11934018	-0.12948395
0.051022768	0.86834717	-0.037771326
0.9498575	0.9730513	0.16045997
0.47683322	0.3433813	0.17494473
0.8995618	0.3373986	-0.22632639
0.77958953	0.6264179	-0.736464
0.7324888	0.69979316	-0.3677867
0.023658156	0.024089754	-0.12525949
0.85701376	0.03229457	-0.19997603
0.26786375	0.25343424	-0.13737386
0.9580435	0.46138358	-1.1097589
0.6990855	0.63462514	0.115293875
0.6053134	0.22825897	0.044400904
0.9209488	0.031742096	-0.10922402
0.9952775	0.8127019	-0.2836873
0.33478272	0.963183	-0.018983807
0.42123854	0.20811188	-0.24165446
0.76313746	0.6989279	-0.76319635
0.5883147	0.20113951	0.17905435
0.74569863	0.6310762	-0.6735835
0.1375851	0.23916185	0.63874865
0.007883847	0.757095	0.14541578
0.4097705	0.21269655	-0.22459753
0.1227662	0.77155703	-0.401805
0.7383029	0.644486	-0.5860948
0.7955212	0.5708188	-0.5728724
0.5127989	0.7556382	-0.7932969
0.19033605	0.49382502	0.57754505
0.026489615	0.95526034	-0.6541604
0.517119	0.13615817	-0.33804375
0.19597179	0.017196715	-0.5651403
0.30115223	0.95913917	0.49804553
0.36112255	0.9481784	-0.09116812
0.081254184	0.7563735	0.317719
0.8472238	0.74310917	0.29528677
0.46575004	0.82259405	-0.5359465
0.80906737	0.20786995	0.2954147
0.49817592	0.7222668	-1.0178174
0.023638189	0.9236547	-0.4572806
0.47870624	0.8281774	-0.6156967
0.4597451	0.36674923	0.16113847
0.7819661	0.86008453	-0.58751947
0.6407838	0.33276367	-0.60856915
0.8552891	0.2978354	0.08146408
0.3226382	0.9498211	0.19965911
0.98973006	0.054653347	0.71185553
0.8443872	0.74719435	0.2600488
0.24301726	0.80344266	-0.016710177
0.38460952	0.15971142	0.20966041
0.77626234	0.99933547	-1.4434116
0.089574695	0.5099168	-0.648902
0.4830045	0.5730701	-0.35168523
0.02920556	0.034027636	-0.0861202
0.03918761	0.43779045	-1.4989163
0.49929774	0.9404733	-0.11745531
0.5098808	0.8529495	-0.4496429
0.15158498	0.8084812	-0.5952
0.75746864	0.058602214	0.44821855
0.30023086	0.11070204	-0.13742127
0.08870983	0.7283419	0.17895052
0.23210913	0.012069285	-0.3621937
0.9871822	0.44956523	-1.3856392
0.79944485	0.115645766	0.5049849
0.8287213	0.8106942	0.22993067
0.97880435	0.9359976	-0.008818336
0.7780234	0.67002356	-0.742542
0.2893061	0.68559086	-0.05681684
0.28532362	0.17234606	-0.3239239
0.8998454	0.6882132	0.007867925
0.093779266	0.17327297	0.17921191
0.17737687	0.7248735	-0.7666091
0.35532373	0.5254299	0.29039043
0.94966376	0.3052376	-0.77827984
0.77150923	0.5033015	-0.7363478
0.80321234	0.20580399	0.36260575
0.40443838	0.78415453	0.17259982
0.87260354	0.82300633	0.5259235
0.73767674	0.24193257	0.14351572
0.67196465	0.9686247	-0.16485713
0.5648695	0.1996485	0.34903646
0.7825665	0.621366	-0.6588002
0.48277873	0.60321695	-0.47883603
0.07490504	0.31758255	-0.32804334
0.4728198	0.56382626	-0.2658875
0.017969906	0.98344857	-0.8621694
0.8031806	0.6276917	-0.485701
0.33614826	0.769283	0.26126397
0.14881814	0.2660861	0.7271302
0.8963425	0.8843567	0.3792739
0.21599132	0.43303162	0.7023233
0.6130885	0.91459346	0.23673098
0.72871983	0.7518256	-0.23411083
0.70223695	0.12927634	-0.50638926
0.4881301	0.8908469	-0.33844578
0.8527744	0.007731855	-0.08926244
0.076741815	0.5150982	-0.8337288
0.86957943	0.5563192	0.02212023
0.37489587	0.75826293	0.092299774
0.8776048	0.26949626	-0.18747094
0.4208328	0.5838508	-0.013852241
0.00986594	0.026855767	-0.22788304
0.45667815	0.9561013	-0.37924525
0.49752575	0.07630515	-0.1951322
0.83492666	0.94226146	-0.7602244
0.1419056	0.0070446134	-0.5349364
0.646468	0.75950766	0.67693365
0.7321909	0.17749393	0.061737772
0.13096285	0.05607134	-0.25045183
0.4156564	0.007835329	1.1975816
0.2271254	0.97903377	0.92954594
0.008293688	0.3632912	-1.3622864
0.9386918	0.24936396	-0.17688821
0.7954147	0.39658397	0.33974662
0.25190848	0.6103914	-0.03578905
0.22572434	0.67376536	-0.62452304
0.6516696	0.74443936	0.69763005
0.711978	0.952139	-0.606824
0.6861485	0.8127335	0.37383735
0.6099515	0.6227376	0.16343516
0.54001707	0.56570566	-0.48600724
0.7744967	0.4078055	-0.08332056
0.73708344	0.49174935	-1.124007
0.60274154	0.6167516	0.08430289
0.85224944	0.43812865	0.5972376
0.81379014	0.69901335	-0.21886963
0.90788615	0.30467093	-0.3335222
0.825537	0.04295534	0.32666296
0.093317986	0.39321238	-0.22255227
0.9876349	0.030564368	0.671909
0.7948049	0.26823318	0.5439614
0.30832833	0.44383585	0.13859265
0.5544325	0.46895808	-0.2768531
0.3350817	0.6076258	0.2702348
0.057268023	0.018279552	-0.016257297
0.87341493	0.11561656	-0.41127816
0.736211	0.6831197	-0.4642614
0.10826534	0.9142417	-0.13765359
0.5769833	0.37735277	-0.0718335
0.70393866	0.055506706	-0.2804495
0.19048244	0.6337855	-0.41865748
0.3471309	0.6262857	0.40442076
0.5761978	0.81470513	0.11513448
0.11651474	0.10363817	-0.019555409
0.034627438	0.77734697	0.18223155
0.5795276	0.22673976	0.39679408
0.585455	0.8489375	0.21302722
0.5871392	0.56321776	-0.28446257
0.015147567	0.5376618	-0.930751
0.16066712	0.5812818	-0.071990296
0.30655807	0.9593303	0.4002444
0.47821975	0.73386794	-0.9709615
0.99114966	0.56836927	-0.59589547
0.73843193	0.3205729	-0.054018114
0.5851849	0.28685528	0.2730204
0.29363352	0.7684176	0.15189101
0.36133873	0.81736475	0.19735834
0.57793874	0.23049372	0.4623358
0.5721291	0.040144205	-0.13348904
0.2862022	0.66943043	0.02520438
0.22604889	0.18020183	-0.27870113
0.8423236	0.0064308643	0.08209714
0.43944454	0.7895131	-0.13859308
0.5840525	0.84993935	0.12017299
0.32861274	0.36113012	-0.34479976
0.18323117	0.00985831	-0.5812778
0.8350779	0.655356	-0.14674395
0.59084517	0.6512708	0.09096848
0.9470409	0.5006428	-0.7811655
0.7891585	0.7349869	-0.49952373
0.84216666	0.63830185	-0.23253942
0.6596296	0.64122313	0.54116267
0.57012653	0.3897245	-0.117465794
0.7096037	0.79711634	0.14211169
0.5689925	0.9022634	0.12324855
0.346924	0.19474572	-0.20929281
0.59611356	0.8529131	0.19206637
0.05692911	0.68530226	0.24619588
0.02684611	0.6904616	0.11572872
0.20484275	0.99272734	0.94874185
0.5226704	0.801846	-0.44102797
0.31391644	0.56586254	0.22958294
0.5573689	0.41978735	-0.14746886
0.96711934	0.6637434	-0.23310003
0.69143426	0.93351185	-0.2677541
0.7687805	0.80271333	-0.46446547
0.6493658	0.5308947	-0.1617823
0.59021795	0.9584828	0.1805384
0.2890954	0.08928764	-0.1832317
0.4661711	0.41066283	0.31400138
0.81037074	0.69507456	-0.31831422
0.68328553	0.8748203	0.1334596
0.28410387	0.98490226	0.6481808
0.8628388	0.016739666	-0.25634778
0.6227927	0.5643222	-0.023339123
0.4928723	0.9385733	-0.20526005
0.08186686	0.5210233	-0.76787937
0.10979587	0.07038486	-0.14890184
0.43392295	0.3576346	0.04472797
0.40893328	0.6294192	0.15594588
0.56410843	0.29252803	0.39662164
0.23820633	0.7924208	-0.20497608
0.28471196	0.69792825	-0.08762882
0.9294869	0.33587444	-0.74408865
0.46656263	0.031002104	0.48039737
0.21677983	0.5137215	0.41673282
0.14146686	0.7317836	-0.52010983
0.8638693	0.83455646	0.54664403
0.73331195	0.010137916	0.195849
0.64234823	0.7600569	0.63842386
0.12603968	0.1259467	0.08520793
0.331078	0.7752123	0.291977
0.5931841	0.9831013	0.23222773
0.85114396	0.92256814	-0.42616013
0.62226635	0.29754066	-0.4358205
0.41927266	0.80733544	0.046349607
0.4339124	0.81128097	-0.11976463
0.4353171	0.68656427	-0.15937838
0.19202787	0.16504848	-0.26861948
0.9871543	0.8138614	-0.2648875
0.80876976	0.14651889	0.34180507
0.14996701	0.51176083	0.26010457
0.715445	0.13275582	-0.36934882
0.82084805	0.10866052	0.2098862
0.5642697	0.6087687	-0.38679245
0.7814406	0.89826715	-0.8669479
0.92991453	0.11496711	0.0027557276
0.17659092	0.37188822	0.89218754
0.9822103	0.9700708	0.09496422
0.34852594	0.762806	0.15482002
0.03690052	0.5749163	-0.6775076
0.7804978	0.5856299	-0.69008493
0.20611507	0.38454008	0.7444175
0.6137949	0.11259645	-0.45751083
0.80807894	0.17537373	0.3140314
0.18065542	0.6998359	-0.6819382
0.12093955	0.8938066	-0.21611327
0.22631818	0.66097045	-0.56651855
0.98303545	0.35151	-1.2327875
0.50514364	0.456504	0.25992107
0.7933879	0.033895075	0.5571236
0.8172215	0.56175613	-0.2528005
0.29006165	0.676819	0.03308152
0.42884946	0.37351656	0.04153908
0.32919478	0.8540046	0.27654362
0.15954429	0.81309247	-0.56439596
0.79866153	0.0038166046	0.60090566
0.16351026	0.44046742	0.68583316
0.9686776	0.8566152	-0.043162446
0.97779316	0.4906404	-1.1209736
0.7644498	0.7230037	-0.6661024
0.74288964	0.9142552	-0.8746815
0.19471592	0.6213954	-0.3469077
0.592251	0.22878736	0.27339348
0.12964964	0.13611895	0.13031359
0.26294023	0.3292063	-0.2168478
0.87197965	0.06444347	-0.31834134
0.7792653	0.50858605	-0.67305136
0.42109686	0.73553264	0.20870042
0.13280785	0.5773147	-0.16809794
0.7761724	0.69789976	-0.6608042
0.71833265	0.7213114	0.007836135
0.83444047	0.7871433	0.27426022
0.68812066	0.69495815	0.5828581
0.7694777	0.60907406	-0.8253893
0.57536864	0.7389475	-0.012260884
0.64467126	0.7419768	0.6906868
0.92079544	0.4790808	-0.38612333
0.57270753	0.83827055	0.052728247
0.10045892	0.014521956	-0.26721883
0.2880162	0.28799778	-0.37815273
0.98895824	0.8844675	-0.14171483
0.48196757	0.9486176	-0.26818317
0.06570643	0.47617102	-1.1093836
0.42771357	0.14517975	0.09037673
0.30730188	0.24849153	-0.4441072
0.58891517	0.8460887	0.14939204
0.79789793	0.61792606	-0.55800724
0.92460287	0.2021079	-0.028297924
0.8110579	0.5645464	-0.3956902
0.74665505	0.015090466	0.32367644
0.889041	0.07855153	-0.4144384
0.33438396	0.3234297	-0.43540263
0.5508828	0.8983786	0.011012305
0.5192294	0.49408942	-0.02422242
0.82661474	0.14317107	0.069674194
0.27195007	0.3909459	-0.07117635
0.64031947	0.9040018	0.26713476
0.24132091	0.49602544	0.38090196
0.06501305	0.20695859	-0.07523459
0.8454915	0.7473249	0.3133473
0.674415	0.78097856	0.53920966
0.64888346	0.27918792	-0.6168064
0.9263122	0.8508158	0.46113667
0.36677927	0.6130549	0.31956428
0.8060241	0.13235694	0.4087437
0.522209	0.8355907	-0.3241979
0.54235256	0.30006295	0.31901196
0.41851252	0.35505462	-0.05469141
0.8434521	0.24855787	-0.094924435
0.57128626	0.95790243	0.18602735
0.42304438	0.969297	-0.29393113
0.23449337	0.1087507	-0.32093835
0.87179875	0.6330793	-0.21918702
0.25365227	0.53179854	0.24220446
0.416071	0.3808877	-0.018428395
0.6883265	0.043793857	-0.37533233
0.9083412	0.51733744	0.011811495
0.87742627	0.87600756	0.34514344
0.26046717	0.9903424	0.94322264
0.025440574	0.49855804	-1.2074803
0.37902683	0.842959	0.05860327
0.8320591	0.8077336	0.2183718
0.38303608	0.984323	-0.394527
0.4570772	0.32316142	-0.1061369
0.79010355	0.8028957	-0.40490136
0.4729346	0.7875018	-0.7851203
0.27368122	0.38187099	-0.11690408
0.32528108	0.3194006	-0.4196069
0.44676548	0.97028923	-0.33486915
0.40985763	0.28059524	-0.1406189
0.14404446	0.0777747	-0.24492612
0.5415137	0.599262	-0.46604648
0.91285974	0.90071195	0.3641661
0.6120107	0.512888	-0.31997085
0.8710908	0.5597872	-0.000892045
0.6647584	0.0455966	-0.66342586
0.7836348	0.91990745	-1.0401677
0.0544464	0.48953342	-1.317783
0.23757285	0.43258518	0.33302957
0.6397634	0.49658787	-0.4259757
0.12794596	0.48762876	0.15113953
0.71882224	0.017448187	0.00029366463
0.76955086	0.43553108	-0.35762674
0.5509021	0.87591916	0.0076899454
0.661656	0.17907804	-0.8097804
0.67637175	0.56411374	-0.091605924
0.76559705	0.94908863	-1.2212975
0.15938455	0.7984964	-0.62929
0.70028085	0.9047147	-0.18917426
0.29304397	0.88626915	0.6060257
0.5768898	0.7068784	-0.019175502
0.6920562	0.86903393	0.15378666
0.3491673	0.9985721	-0.19084042
0.95931447	0.4674139	-1.1441479
0.15729368	0.7642309	-0.7661246
0.40965623	0.61070853	0.12029342
0.337862	0.4492197	0.14032722
0.54692954	0.36621946	0.07203016
0.4292922	0.42472488	0.07396783
0.66491425	0.32858253	-0.7040675
0.91119385	0.33835107	-0.3716904
0.32189995	0.96525663	0.2140039
0.94375527	0.12548137	0.33854604
0.732705	0.71432483	-0.3203129
0.008232653	0.5065063	-1.0092676
0.36177486	0.11841571	0.2765997
0.8960269	0.0145177245	-0.26337063
0.29635245	0.76392776	0.17360958
0.8692312	0.60260147	-0.1998991
0.9362067	0.69593704	-0.06747999
0.22240078	0.11512911	-0.4600069
0.14816636	0.5901976	-0.09513702
0.005114436	0.97066194	-0.62821245
0.90828073	0.0506922	-0.23897557
0.14910454	0.5523105	0.07449895
0.65577173	0.0806613	-0.6922794
0.9399708	0.8627124	0.39059648
0.26604515	0.08067262	-0.21916687
0.4409306	0.9245777	-0.35078338
0.5667506	0.8502959	0.102474764
0.89315397	0.9697088	-0.30003494
0.18495387	0.84710515	-0.46360517
0.71277905	0.9857745	-0.73914135
0.6298179	0.77230966	0.5237273
0.69545215	0.6863314	0.4420963
0.3207866	0.018268585	-0.025435295
0.28249937	0.8795439	0.759395
0.39937162	0.002901256	1.0688097
0.96678287	0.8922749	0.14226432
0.5040205	0.7103086	-0.947878
0.9509263	0.022075951	0.34875923
0.35163534	0.69982404	0.24482931
0.44126433	0.8872772	-0.34016365
0.2861467	0.76419413	0.132056
0.22037977	0.63441926	-0.41291586
0.991259	0.7882335	-0.30479017
0.23209274	0.06966704	-0.3657536
0.81647354	0.1563881	0.26053852
0.60144913	0.8890704	0.15881252
0.84692085	0.83498	0.33135197
0.68484265	0.4989236	-0.70427257
0.96439093	0.004409671	0.4902494
0.6872275	0.63439137	0.3619028
0.5680857	0.50360674	-0.38123262
0.87998205	0.06333077	-0.41297024
0.31900674	0.20265722	-0.45676738
0.82343453	0.35603195	0.5302108
0.90393853	0.8056971	0.5142421
0.10639566	0.08357078	-0.07898361
0.7950362	0.41499603	0.24336524
0.8913696	0.08457816	-0.4056969
0.05318278	0.34075105	-1.0382041
0.57438695	0.08703941	-0.06515281
0.40456927	0.29237497	-0.13662226
0.4976747	0.472865	0.24424702
0.9331993	0.9447889	0.26564464
0.10052788	0.17497665	0.2961515
0.6612078	0.6503539	0.6061175
0.80295897	0.95303273	-1.13774
0.5549318	0.47573113	-0.3042305
0.25030643	0.8316283	0.2740347
0.42106175	0.23866463	-0.29334772
0.16447371	0.11663216	-0.2439559
0.99435675	0.11415607	0.61684316
0.33537185	0.92334014	0.12478059
0.2919342	0.8285372	0.5063345
0.07865608	0.6440664	-0.063457556
0.755647	0.37059188	-0.062339593
0.2902724	0.5026287	0.24793166
0.8136556	0.5354869	-0.2095244
0.32199764	0.1258496	-0.15746474
0.34095764	0.29875112	-0.44923818
0.8324932	0.05449432	0.12728617
0.683912	0.3191483	-0.819142
0.18877405	0.23895311	0.21632262
0.3789233	0.47468084	0.041212738
0.6254541	0.83464044	0.39418545
0.39876437	0.67095786	0.26017833
0.41143543	0.115362465	0.37089014
0.7403045	0.85688835	-0.47412336
0.18231344	0.06617069	-0.47249106
0.896792	0.94737417	-0.10565245
0.7422068	0.46697986	-0.91761583
0.13168025	0.046942413	-0.21384445
0.8949996	0.68078595	-0.09095255
0.37485236	0.16433	0.16598815
0.4868046	0.8639911	-0.54155135
0.64906293	0.65100384	0.6682299
0.7218321	0.057093143	-0.028934678
0.5547726	0.90888304	0.06736885
0.48123235	0.70616573	-0.9918168
0.52212286	0.70428634	-0.80627143
0.2084676	0.9900347	0.9927983
0.2652222	0.90326303	0.7962745
0.40922618	0.22831452	-0.3023693
0.688546	0.19773674	-0.81606334
0.20455247	0.98627555	0.9341571
0.055803537	0.72338337	0.3266105
0.8812102	0.8699843	0.42168698
0.7180971	0.3615734	-0.6841512
0.6000458	0.14288056	-0.1050901
0.5383137	0.22527611	0.16430534
0.75015205	0.3751701	-0.16707137
0.6444473	0.47536904	-0.5402395
0.3475876	0.86291164	0.25649872
0.44284838	0.16914743	-0.2041561
0.7855129	0.23455918	0.61466897
0.40466273	0.8659744	-0.106024556
0.3407569	0.0075141788	0.20960496
0.572243	0.83134604	0.13748685
0.9911781	0.6784258	-0.30038297
0.6619812	0.59155357	0.23505032
0.3242244	0.6928575	0.28723016
0.30849427	0.8394189	0.39111426
0.93303305	0.7082594	0.024603646
0.7361346	0.51651466	-1.0436252
0.49777228	0.58949417	-0.3934433
0.85362995	0.6275419	-0.2107443
0.12726122	0.62452906	-0.1698191
0.25899088	0.5883459	0.07686186
0.8610406	0.39257902	0.4845449
0.1000545	0.60554653	-0.22879693
0.66504717	0.81795776	0.45358002
0.018916547	0.69430923	0.12676507
0.5130653	0.31415546	0.1459789
0.104855716	0.3007688	0.48250738
0.2384904	0.97940373	0.9030987
0.40281582	0.41192907	0.0039900765
0.09641206	0.15334105	0.1438401
0.2555468	0.14951402	-0.261896
0.22750199	0.71966714	-0.66109484
0.7841165	0.8190455	-0.48237053
0.7834914	0.89281404	-0.851229
0.8252629	0.37525374	0.4491524
0.95118403	0.117842376	0.35484242
0.011186004	0.6359762	-0.12504917
0.22598279	0.81575644	-0.16332246
0.5078404	0.3540383	0.27533832
0.24387974	0.6605051	-0.41912976
0.0029351711	0.740226	0.14046288
0.79898304	0.9721633	-1.2996578
0.6646054	0.2709995	-0.70569897
0.8042297	0.93845445	-1.0315313
0.16625768	0.78113234	-0.7128998
0.76486796	0.98766625	-1.4165096
0.35206395	0.5397259	0.30332658
0.17394805	0.4658962	0.57623416
0.45831466	0.025292873	0.65535617
0.8532822	0.012476742	-0.14719939
0.60411245	0.20788312	0.019327143
0.6040695	0.9705549	0.22789764
0.9520412	0.053051233	0.3533983
0.9164401	0.7089339	0.093892395
0.21865082	0.6714846	-0.6814416
0.8704564	0.8197124	0.53504217
0.5408494	0.8421729	-0.132039
0.15651023	0.8053565	-0.61361074
0.83489364	0.2455858	-0.04175564
0.25368416	0.29627454	-0.08783811
0.864213	0.4194696	0.5323974
0.48742646	0.08735263	-0.24151812
0.9997011	0.54453224	-0.8047868
0.2689234	0.96105385	0.8971339
0.5817046	0.58249336	-0.28854886
0.83987993	0.8654501	0.071392514
0.47292066	0.9229607	-0.3446027
0.84213203	0.7868258	0.39559117
0.87843823	0.24600708	-0.2142147
0.265971	0.7712088	0.042451955
0.016289234	0.6035319	-0.32666638
0.16088283	0.93213695	0.33295882
0.36740535	0.7440798	0.19108556
0.24775875	0.5352504	0.23596352
0.6880709	0.14788616	-0.71966916
0.8435814	0.97289175	-0.93788904
0.35410744	0.81792945	0.22553107
0.5044942	0.40297604	0.32109487
0.046137273	0.008364558	0.07447243
0.47144145	0.4937843	0.190466
0.93125343	0.2440992	-0.16824202
0.38330787	0.9090291	-0.16112137
0.01540035	0.26743615	-0.90602326
0.5357221	0.3914774	0.15140015
0.68088025	0.66578436	0.59777606
0.28029263	0.77166	0.17423469
0.7951529	0.68661255	-0.53999186
0.61830735	0.01531148	-0.5764936
0.66885895	0.3961991	-0.8739156
0.8199949	0.08664727	0.27055505
0.5384776	0.0811497	-0.1873723
0.04066372	0.54970735	-0.93958247
0.20376652	0.67025226	-0.73367167
0.019076526	0.1621418	-0.50499356
0.87379557	0.40171653	0.49009755
0.24647892	0.73742145	-0.43990415
0.9505017	0.5616905	-0.4735965
0.26777387	0.7935933	0.18793002
0.071837485	0.7202943	0.25803894
0.064035416	0.00056266785	0.07837395
0.24772501	0.65648574	-0.31511724
0.6635593	0.080007374	-0.7051824
0.83191305	0.117818415	-0.042073723
0.5679282	0.019293487	-0.10739283
0.5072923	0.69245857	-1.0207283
0.9002054	0.6861738	0.022838516
0.519553	0.75904894	-0.659926
0.22181904	0.31792283	0.296688
0.89531606	0.8712217	0.51012695
0.56712973	0.32425892	0.26109535
0.2509321	0.3153277	-0.11140177
0.5033121	0.53916603	-0.10581575
0.7491085	0.42529726	-0.49969834
0.96731067	0.91762525	0.16258137
0.3554842	0.731865	0.2374213
0.19392914	0.033464193	-0.54572475
0.13003355	0.26245403	0.76677316
0.41563034	0.84581435	-0.016580097
0.5932922	0.9936832	0.2724344
0.38874632	0.20808542	-0.107322186
0.9504786	0.12413263	0.3869997
0.8731352	0.7409903	0.3445018
0.79910594	0.2865116	0.550042
0.5173322	0.2676006	0.009977259
0.44610333	0.1329369	-0.0648466
0.17618781	0.56383055	0.055842027
0.8411698	0.57599986	-0.16286066
0.91089827	0.0036394	-0.19146843
0.77859324	0.8239857	-0.5318814
0.58373064	0.5188255	-0.4244045
0.20656407	0.5375448	0.23210596
0.7501331	0.49484444	-0.99446446
0.27471697	0.881515	0.7546643
0.15721893	0.39410788	0.8112966
0.50553566	0.63628465	-0.74127734
0.067347586	0.54361653	-0.9310337
0.7045478	0.73576444	0.31742916
0.07538426	0.8033145	0.32111627
0.5775824	0.77552193	0.06469649
0.69096845	0.31979364	-0.77641636
0.42832208	0.7969593	-0.034773614
0.5679833	0.3923155	-0.01846204
0.86318576	0.817379	0.5473634
0.19987303	0.87875926	0.028588027
0.7578332	0.6827365	-0.710821
0.78162575	0.54457337	-0.63597876
0.5099429	0.2782992	-0.037140593
0.4003709	0.94319564	-0.3372444
0.8055669	0.42312253	0.29425833
0.25743604	0.32033342	-0.16153008
0.72468543	0.75423324	-0.09331187
0.8490959	0.89325225	-0.07821254
0.11349392	0.4713927	-0.004938785
0.139076	0.09512484	-0.18025957
0.6239241	0.25278032	-0.3390138
0.40237272	0.51922673	0.10331062
0.24070024	0.49707693	0.3962163
0.47528225	0.38527727	0.3095378
0.3314265	0.7027474	0.2748401
0.54050404	0.25610203	0.27502763
0.78459966	0.03819245	0.610071
0.04897678	0.55031115	-0.9387003
0.75949013	0.251212	0.6167229
0.5381387	0.14699864	-0.12613317
0.06762481	0.7218673	0.29856393
0.14063764	0.70150447	-0.43662682
0.9693427	0.56933504	-0.55387616
0.9591217	0.53622276	-0.7175152
0.007874012	0.3971814	-1.3679045
0.2506492	0.037394464	-0.2972306
0.11906469	0.34956402	0.62315947
0.47953415	0.5936892	-0.46188688
0.2746777	0.54267824	0.2475881
0.19040293	0.80674213	-0.57306886
0.47741228	0.6663714	-0.8787288
0.5662086	0.5404927	-0.39446473
0.7420828	0.5784523	-0.90361166
0.19869047	0.74997586	-0.8330161
0.2358846	0.9626505	0.9067386
0.37510717	0.24645668	-0.18838213
0.44272786	0.4773125	0.13930054
0.8128626	0.7986953	-0.010309793
0.8297755	0.34477437	0.5150418
0.1866386	0.07037628	-0.516282
0.5934824	0.6583913	0.15902708
0.75303596	0.75638413	-0.44446033
0.32032144	0.4518466	0.22088324
0.98629296	0.9806824	0.12704143
0.46176857	0.19720834	-0.48895139
0.70378774	0.3516894	-0.8000263
0.73157734	0.5953903	-0.75341207
0.88670003	0.8976348	0.24986966
0.20747876	0.82598186	-0.37970784
0.68640196	0.81879514	0.3486328
0.08192563	0.737005	0.26530716
0.92112523	0.1729266	-0.050546147
0.010529041	0.91499066	-0.44309002
0.83739054	0.8080787	0.38403437
0.731204	0.39740074	-0.6345227
0.6955521	0.23786986	-0.81500643
0.8972586	0.5837815	-0.15689552
0.5170779	0.20258802	-0.3229547
0.14808363	0.66528094	-0.35437515
0.8037693	0.983742	-1.3722873
0.29981744	0.02139008	-0.1478827
0.20894384	0.07916862	-0.53594416
0.6066244	0.5064585	-0.4273819
0.7035073	0.9749837	-0.62817067
0.79270643	0.6686898	-0.62157094
0.63178915	0.51313496	-0.21860746
0.010495484	0.2418462	-0.71877563
0.5616146	0.47442192	-0.2843594
0.04064256	0.18361825	-0.3744197
0.7163821	0.10625929	-0.23198946
0.6156048	0.69702	0.50822824
0.5959199	0.07517052	-0.3515358
0.63780016	0.09371483	-0.712939
0.17723477	0.007221222	-0.5764737
0.008829534	0.5144822	-1.0581487
0.98018247	0.26786733	-0.6058887
0.22458488	0.20027602	-0.23982094
0.10208595	0.13908935	0.14713722
0.30578077	0.6076798	0.20088264
0.37734795	0.5048479	0.1623678
0.6936308	0.34914118	-0.9811567
0.22663474	0.4884374	0.55594224
0.9355119	0.66383004	-0.14071096
0.8970009	0.66697305	-0.08247157
0.10777652	0.9594258	-0.04636682
0.74027	0.716578	-0.3983619
0.06559682	0.49215746	-1.0772718
0.85520977	0.97696674	-0.8487118
0.5109671	0.08300537	-0.23170346
0.9253023	0.80847037	0.44535795
0.38687825	0.08744997	0.62364393
0.12217569	0.47394866	0.06485815
0.45829237	0.07339734	0.28631812
0.20646739	0.21751112	-0.057268836
0.20947522	0.34592676	0.60483325
0.6130033	0.3575552	-0.49202093
0.9561936	0.65312475	-0.23732524
0.83902895	0.13538098	-0.10933217
0.6746558	0.42999852	-0.95784813
0.69864994	0.540303	-0.6196198
0.54317343	0.099280834	-0.15152231
0.19137442	0.11184603	-0.47282958
0.8833826	0.048365176	-0.38994864
0.6368014	0.80578226	0.47239426
0.17496347	0.08173561	-0.41469476
0.79356134	0.85949147	-0.5109027
0.48241597	0.88624024	-0.3702534
0.9275092	0.7879121	0.3440368
0.15055561	0.0041366816	-0.5628111
0.01658243	0.7591887	0.16218406
0.5062586	0.5094004	-0.0066761533
0.50396127	0.0054351687	-0.08240895
0.81928766	0.40737545	0.45759264
0.6881461	0.39312255	-0.95737636
0.17826372	0.2817282	0.6102381
0.32907915	0.8055412	0.29316235
0.7249949	0.9074423	-0.5506157
0.88918215	0.6835988	0.02518649
0.7646271	0.5045218	-0.9075817
0.048817992	0.1454894	-0.21484998
0.22862822	0.31594718	0.20969562
0.57893574	0.29445726	0.28849044
0.93205774	0.28772247	-0.44761303
0.66622245	0.7718356	0.631114
0.25777566	0.27555776	-0.1478099
0.8904832	0.4739223	0.2149473
0.55420125	0.40402383	-0.07627077
0.10550034	0.6090124	-0.19999737
0.26331806	0.23223442	-0.17337336
0.72221655	0.1088531	-0.14624849
0.38889498	0.6025933	0.21632196
0.7153006	0.00039339066	-0.03455484
0.12202793	0.98912936	0.27496138
0.09943849	0.06856567	-0.13923705
0.80850655	0.48467487	-0.050799597
0.96148896	0.016223669	0.40857768
0.3387683	0.40192842	-0.08147486
0.15667522	0.28916347	0.77438563
0.080617845	0.36576366	-0.40930748
0.81448233	0.09015316	0.32601926
0.100807965	0.46182597	-0.29824853
0.11794543	0.6967799	-0.21737589
0.15475488	0.75408095	-0.61209416
0.543464	0.2338506	0.23981152
0.16547066	0.059297025	-0.48704317
0.22157776	0.60742474	-0.19238292
0.7157338	0.37866944	-0.74222183
0.99425334	0.70988023	-0.29799047
0.2620902	0.23220402	-0.120826825
0.008400679	0.50844383	-1.1082962
0.5046926	0.43506008	0.32095373
0.10289961	0.75917274	-0.015968915
0.79497117	0.05243689	0.5284512
0.56334907	0.120809495	0.0077846423
0.28092855	0.99137366	0.740114
0.45604092	0.01747948	0.7263429
0.088211834	0.88190013	-0.06605088
0.6621785	0.86067235	0.3451202
0.33041888	0.11296934	-0.034300778
0.34282768	0.31216848	-0.4347759
0.49390417	0.08119422	-0.24248856
0.2250281	0.9818885	0.94368124
0.26678866	0.7937117	0.20000443
0.38896638	0.35640705	-0.013655279
0.018963099	0.48529726	-1.2837874
0.33751947	0.911736	0.120296866
0.72305185	0.96691614	-0.8253918
0.057112753	0.57609755	-0.7420778
0.7789143	0.38222492	0.20279038
0.27125263	0.2592861	-0.19728675
0.08967459	0.12813157	-0.049519747
0.76823884	0.43649727	-0.41233522
0.76615924	0.72358966	-0.64556026
0.54844713	0.11994004	-0.113097966
0.6889732	0.09247166	-0.5941831
0.11461502	0.49781203	-0.14313783
0.6030975	0.57531977	-0.1402697
0.010712028	0.108843505	-0.3964425
0.81056064	0.16218895	0.3193673
0.24252003	0.46965522	0.37776217
0.10858101	0.920346	-0.076324664
0.6022166	0.64487565	0.27546662
0.35721827	0.2121284	-0.25119436
0.28296816	0.14279497	-0.19354357
0.5194733	0.3980701	0.24693024
0.58700323	0.42327547	-0.3275212
0.16711628	0.6751551	-0.47416437
0.8472193	0.8940221	-0.17313376
0.71422666	0.26574445	-0.4853208
0.67174745	0.75065655	0.6808397
0.5554859	0.011536598	-0.100013256
0.5835817	0.012236476	-0.23275866
0.345501	0.4313438	0.00046060607
0.3625334	0.23470938	-0.24601176
0.9456447	0.32329148	-0.81219035
0.84481525	0.9960311	-1.0428518
0.021930456	0.8040986	0.13660558
0.17039275	0.19394821	0.028717257
0.41424382	0.54087234	0.03794598
0.8048847	0.092796445	0.41340408
0.29229432	0.89031804	0.6863322
0.8925814	0.5737131	-0.04264372
0.04359126	0.58162606	-0.69088054
0.43527776	0.12178421	0.13711838
0.7267501	0.22918934	-0.08894293
0.9305816	0.19283181	0.019600958
0.97178996	0.65017635	-0.30477506
0.5243983	0.11452329	-0.2898081
0.7059243	0.93685335	-0.46594578
0.035595298	0.33940768	-1.2439373
0.22029239	0.5896304	-0.04620091
0.80707306	0.30734903	0.5363752
0.38267875	0.09664267	0.5652905
0.752822	0.26654792	0.45580763
0.88293326	0.96186405	-0.30353326
0.7347514	0.38652974	-0.624523
0.73159075	0.65017766	-0.43347502
0.43181235	0.22015339	-0.3317988
0.053129375	0.8596691	0.062404778
0.29244548	0.60941213	0.10897211
0.7211833	0.18629187	-0.244122
0.6628058	0.1942879	-0.8376839
0.94192785	0.41555035	-1.0784426
0.7312933	0.2601589	-0.08025661
0.9078604	0.18101227	-0.14480563
0.099896014	0.8883483	-0.124523506
0.495	0.8456566	-0.59777224
0.31856441	0.53065497	0.2674621
0.70018214	0.99427944	-0.64930177
0.6919909	0.6430951	0.34871903
0.21515793	0.6876231	-0.76372313
0.95115924	0.53693	-0.63993007
0.44095975	0.6246304	-0.31671798
0.8384493	0.3502801	0.48229292
0.5457908	0.6856106	-0.44532818
0.14185447	0.7200067	-0.55364645
0.92315674	0.7406209	0.1628958
0.6584906	0.31909692	-0.6955003
0.32510585	0.44686097	0.17719166
0.106752336	0.54470456	-0.3784978
0.9784723	0.621915	-0.3516008
0.7254197	0.87667435	-0.3825243
0.3572567	0.65800333	0.26978922
0.4809835	0.53822386	-0.07238321
0.110539734	0.88402325	-0.112204194
0.13872647	0.013832808	-0.44775912
0.57241154	0.24943656	0.40736258
0.59576386	0.78114545	0.19553639
0.03147465	0.64244694	-0.043917894
0.337641	0.0564394	0.1918958
0.71355134	0.6096745	-0.36679205
0.98133755	0.77453625	-0.24604893
0.43309242	0.22243595	-0.36829647
0.6112626	0.07488084	-0.5541097
0.7314395	0.6301137	-0.4984787
0.6061412	0.39520705	-0.4329692
0.09897846	0.8162251	-0.07273527
0.7159829	0.49443197	-1.0503772
0.3133754	0.41246217	-0.047280177
0.8718122	0.8921968	0.16501768
0.20382738	0.18363613	-0.22856872
0.7858274	0.31197214	0.5639839
0.55127585	0.64248013	-0.51129067
0.29602617	0.966477	0.45344293
0.19975942	0.53522915	0.29751894
0.7397211	0.9987285	-1.188849
0.011198401	0.58106035	-0.4745957
0.5885647	0.558392	-0.3276352
0.59544694	0.5977299	-0.05737408
0.15690506	0.42229843	0.81637627
0.60136247	0.7394409	0.25991538
0.006199658	0.51551133	-0.97385865
0.50966865	0.008760452	-0.12777135
0.7298782	0.15667123	-0.08233492
0.3509642	0.5807216	0.34536955
0.8033675	0.97506565	-1.2771106
0.017025054	0.80460024	0.057410464
0.6016042	0.4454605	-0.4660822
0.44013554	0.74940526	-0.12374493
0.26723993	0.3589179	-0.16346441
0.12373555	0.9503368	0.12531993
0.62710613	0.49852806	-0.33935726
0.46533656	0.01591134	0.6008537
0.66977346	0.51730883	-0.35681278
0.7245644	0.6156286	-0.5164991
0.08874756	0.25657743	0.26928893
0.8738079	0.23256832	-0.2245434
0.34346497	0.44908392	0.10409254
0.78588635	0.3759995	0.267403
0.6040587	0.62285775	0.053962164
0.6649808	0.72132736	0.7225379
0.07800847	0.48738378	-0.8846082
0.35008407	0.8811576	0.090950325
0.81456345	0.61035913	-0.3985105
0.8866315	0.114127815	-0.43952444
0.8096815	0.7865455	-0.20988983
0.5456627	0.9737588	0.2561089
0.05624163	0.81113154	0.25513744
0.37971067	0.951617	-0.32698712
0.702622	0.9303722	-0.34134772
0.38950235	0.06725901	0.7894245
0.8784532	0.9855829	-0.5973262
0.5175394	0.07678372	-0.30886853
0.8330631	0.18662232	-0.110509455
0.3884688	0.4152065	0.002135585
0.1448682	0.24506104	0.6613213
0.44784683	0.43301773	0.192999
0.88063246	0.6940819	0.14242406
0.023767292	0.7597046	0.13425326
0.53373057	0.44493705	0.014828308
0.5541102	0.057474732	-0.09428864
0.6134037	0.95558316	0.23290354
0.2857828	0.79682237	0.34512272
0.66514826	0.9819769	-0.15112367
0.66890854	0.9640315	-0.11810046
0.8605834	0.25945985	-0.119382605
0.15200531	0.88071567	-0.16548714
0.7884174	0.042117	0.5509625
0.114723265	0.29669422	0.54587144
0.099846184	0.027244031	-0.2693763
0.3492239	0.6137932	0.37859488
0.600441	0.5899268	-0.073222674
0.08870804	0.8347634	0.084712036
0.2626813	0.33489305	-0.13763766
0.7464003	0.19218129	0.21057795
0.79696536	0.01745087	0.5904685
0.4158302	0.47539437	0.036591753
0.7437315	0.11977422	0.18978074
0.98171896	0.66706234	-0.2896108
0.31495428	0.61644226	0.2569015
0.9634977	0.27087975	-0.5295287
0.18670475	0.71388483	-0.7498966
0.43799567	0.31192553	-0.17514762
0.79063815	0.5293162	-0.5075173
0.30301714	0.4515956	0.18185166
0.10008776	0.290726	0.46023592
0.21979356	0.5070173	0.500556
0.37745577	0.34093696	-0.10220589
0.6066779	0.85764444	0.23853697
0.011522472	0.19055998	-0.6388321
0.6028963	0.66573894	0.31504887
0.9605364	0.42706317	-1.2893381
0.43630219	0.44992572	0.1787568
0.8341456	0.30271375	0.27951628
0.16637927	0.9016584	0.13431048
0.9368422	0.34953964	-0.9014256
0.20157737	0.66351396	-0.61146253
0.5602247	0.61190975	-0.40060747
0.57562584	0.098535955	-0.1147973
0.52669555	0.76825595	-0.5431309
0.20644838	0.2560696	0.20851277
0.066218555	0.38862318	-0.9513519
0.8177421	0.031220555	0.43553704
0.30045658	0.59792423	0.2188537
0.21814597	0.87996495	0.2605916
0.87801766	0.59532404	-0.17000161
0.4976313	0.8073917	-0.8128942
0.99186444	0.89176977	-0.15899135
0.9664239	0.04001856	0.54975367
0.9132777	0.118335664	-0.1662658
0.36554515	0.7779825	0.14627226
0.80772114	0.19400537	0.3112978
0.17079091	0.29129314	0.732598
0.53207976	0.17902273	-0.1073293
0.24944824	0.49598688	0.23848842
0.072226584	0.6056113	-0.37830997
0.7705271	0.3319646	0.41091132
0.10963279	0.96501005	-0.023414865
0.75884026	0.26030928	0.5971701
0.6438195	0.28324604	-0.54400295
0.1403678	0.7657421	-0.6000346
0.40915352	0.44112182	0.042057574
0.122648895	0.37271625	0.5932825
0.9927132	0.021727145	0.62595284
0.32425326	0.83027667	0.31330523
0.93125504	0.3468175	-0.75543714
0.06959605	0.31168103	-0.44005653
0.16767538	0.051645875	-0.51678956
0.23774123	0.5272006	0.37277776
0.47283512	0.3487624	0.211018
0.23893338	0.7727021	-0.36311147
0.71319795	0.4632929	-1.0429028
0.039182007	0.7403266	0.18681437
0.26262188	0.059093118	-0.21851254
0.4212178	0.6990135	0.17478228
0.6994954	0.28146768	-0.7866937
0.65679157	0.7272799	0.76670176
0.20088857	0.70821977	-0.84234345
0.95130724	0.9475091	0.2303041
0.49671435	0.57960504	-0.3510414
0.03268963	0.7115485	0.11232402
0.34545296	0.95033324	0.009373385
0.40769482	0.5829503	0.16064139
0.07285887	0.036327362	-0.11200802
0.97280276	0.717878	-0.28678954
0.6965347	0.9420676	-0.33761513
0.0098826885	0.33656764	-1.2123287
0.83130527	0.13643038	0.023030141
0.88154095	0.87405795	0.39651117
0.7132312	0.11895317	-0.32749075
0.2792501	0.48939335	0.17079633
0.51547205	0.4001072	0.29388177
0.05259651	0.97475725	-0.6339113
0.24624515	0.40170103	0.1421208
0.37790346	0.6015529	0.29371864
0.5286894	0.52321154	-0.2691376
0.13670754	0.4777593	0.24453044
0.8988798	0.81836075	0.57862896
0.102511406	0.77130103	0.026282545
0.9884309	0.91769975	-0.023577165
0.9071022	0.42787176	-0.22638413
0.3060407	0.19276816	-0.42407694
0.09429985	0.77888954	0.11676563
0.21552575	0.54595405	0.18702108
0.87828463	0.41899562	0.43343762
0.5003214	0.42805028	0.32300463
0.6845806	0.5059189	-0.6897481
0.40211314	0.58930284	0.15955429
0.6408465	0.3537221	-0.64198375
0.9991798	0.8737688	-0.24392264
0.74878216	0.50605863	-0.99325013
0.80129313	0.23049152	0.3977547
0.13608986	0.17253524	0.25474483
0.56522447	0.103892684	-0.016231976
0.04326904	0.2823587	-0.78338224
0.70142096	0.14916223	-0.5907678
0.26861072	0.5024722	0.2369621
0.54685414	0.009449065	-0.1547873
0.05777496	0.5329672	-1.0697925
0.9170477	0.69120854	-0.015629767
0.9185565	0.94786245	0.13158332
0.96806294	0.8616132	0.00840687
0.2315548	0.15368843	-0.3447044
0.78715336	0.042470336	0.57690495
0.17457384	0.37311	0.8657286
0.40836644	0.3848632	-0.02281484
0.8206017	0.7358478	-0.028469665
0.030254543	0.4125749	-1.5063361
0.81454384	0.8883765	-0.47820604
0.00010943413	0.26670808	-0.8882349
0.27314997	0.4456541	0.11029582
0.9183825	0.14982522	-0.07011219
0.34409857	0.055717528	0.2805239
0.0841226	0.7039627	0.22829607
0.7648041	0.95689344	-1.2881007
0.569798	0.45574242	-0.34503955
0.30353582	0.5910716	0.1408102
0.70852274	0.25365275	-0.58647364
0.37029684	0.50203264	0.20449181
0.7640157	0.923578	-1.1091052
0.39247757	0.3353092	-0.065745436
0.68352854	0.46052742	-0.9266569
0.69492716	0.34329623	-0.87395376
0.63488275	0.65383774	0.44948307
0.5723296	0.903255	0.15321887
0.48294735	0.010831475	0.22298513
0.4753378	0.42425448	0.40312552
0.8743635	0.8099451	0.5543945
0.019267976	0.7173803	0.15590806
0.9589944	0.6655093	-0.22307044
0.83058167	0.7383581	0.11139738
0.7513447	0.43127948	-0.5909073
0.91115874	0.90255016	0.409859
0.65854055	0.2768724	-0.6635984
0.17592794	0.42694122	0.8553965
0.31262678	0.021713614	-0.0067464113
0.3994217	0.8670692	-0.013361197
0.6745405	0.50554526	-0.56829804
0.689559	0.28780687	-0.7768885
0.8342253	0.26973212	0.122902155
0.42701507	0.19660819	-0.29132736
0.90129924	0.121364236	-0.2906578
0.6236584	0.18923521	-0.37565628
0.43300396	0.66268027	-0.051428337
0.97886574	0.7587829	-0.27958995
0.586827	0.19017887	0.20382662
0.24883807	0.15946937	-0.2841324
0.07304859	0.11931366	-0.12147713
0.7338305	0.89280486	-0.6081827
0.3890097	0.6410596	0.25032958
0.0115574	0.16897017	-0.5796872
0.6944007	0.24835551	-0.80148745
0.23665088	0.82719374	0.08281676
0.6378481	0.65691894	0.5451698
0.91648716	0.3944301	-0.44938618
0.06322837	0.3713786	-1.0231651
0.44411278	0.16247308	-0.2794873
0.436382	0.9644487	-0.30123228
0.5479576	0.5247117	-0.31096253
0.3890739	0.9632219	-0.39577907
0.47471893	0.13024038	-0.30724877
0.70898694	0.12112117	-0.41059023
0.6498917	0.123639405	-0.7689517
0.28293693	0.95940495	0.7034646
0.28527093	0.15299302	-0.24751222
0.66391116	0.9787775	-0.11103065
0.66566396	0.57387275	0.1132145
0.30878466	0.9563578	0.31333113
0.9926238	0.16739243	0.36895612
0.8674209	0.6750893	0.017419118
0.23093641	0.22068995	-0.084209725
0.6864977	0.1762119	-0.7710822
0.81187165	0.07848376	0.4002241
0.33035994	0.27558184	-0.4600531
0.9208392	0.5697263	-0.21276654
0.3507821	0.7153432	0.20731734
0.2842666	0.64695543	0.032849006
0.69719714	0.9957927	-0.59478766
0.23871928	0.26075447	0.038146723
0.039388776	0.5868852	-0.61019284
0.8584495	0.33071345	0.2841527
0.9292719	0.23524249	-0.09770715
0.8034689	0.116155565	0.40018252
0.76287055	0.17267007	0.39466232
0.41589046	0.97867286	-0.3398233
0.19726914	0.36991644	0.79870665
0.44240844	0.7192056	-0.14202201
0.30644387	0.5323711	0.18845262
0.29039264	0.99093693	0.57629377
0.11181533	0.4567755	0.014402039
0.0986774	0.8200275	-0.10563206
0.33800948	0.8659175	0.23322076
0.21128178	0.22426295	-0.029351406
0.13661301	0.42147875	0.579168
0.8701367	0.67267364	0.026942842
0.21911556	0.6535577	-0.5696965
0.16768062	0.35275906	0.94868207
0.66233534	0.7639285	0.6499467
0.4591686	0.99521893	-0.3549696
0.51814395	0.5784565	-0.46742448
0.78877336	0.7154148	-0.5076824
0.4664359	0.003014505	0.580569
0.27636206	0.9689174	0.7631094
0.7175069	0.558233	-0.8053299
0.5512243	0.13902122	-0.03381025
0.48944688	0.94838744	-0.23880132
0.6587239	0.44914407	-0.74280435
0.50250626	0.06631893	-0.23923667
0.090474844	0.64833146	-0.052783914
0.9453499	0.48621398	-0.8302729
0.61162096	0.38997167	-0.50967443
0.34200817	0.34789556	-0.38553813
0.4571082	0.5202913	-0.022007938
0.3317445	0.28651983	-0.4948618
0.55190384	0.66925734	-0.5224553
0.15574509	0.85372144	-0.37116462
0.6708603	0.5308111	-0.34978154
0.72255915	0.044626355	-0.011304474
0.34070373	0.51450443	0.33845827
0.6562742	0.08146465	-0.7333505
0.88950586	0.04831201	-0.31675935
0.73539394	0.82326275	-0.23318543
0.70166266	0.9930954	-0.6087143
0.8587048	0.64251024	-0.11091019
0.81989115	0.70032215	-0.17255537
0.9085153	0.17833358	-0.14966737
0.99804384	0.7368852	-0.3433947
0.6517184	0.0014528632	-0.5436544
0.3686731	0.465711	0.11927834
0.28230935	0.5928734	0.14021097
0.20278543	0.24030566	0.17481172
0.18119955	0.091846704	-0.4636752
0.60263216	0.31007457	-0.17763767
0.9420377	0.014593482	0.13621248
0.57573915	0.6063284	-0.24727811
0.3281145	0.46031183	0.2510435
0.29199457	0.27271122	-0.3999492
0.7877862	0.2012558	0.5120494
0.66450316	0.74577963	0.7143566
0.38803148	0.0075381994	0.92226315
0.32440162	0.103182316	-0.11619242
0.86953926	0.66489595	-0.03673344
0.607112	0.85210824	0.25096798
0.9544631	0.15488917	0.35546556
0.28071785	0.9186366	0.6891888
0.6455853	0.52120686	-0.2496117
0.12245953	0.06257117	-0.15721075
0.9979741	0.9793426	0.069660045
0.91179615	0.111863196	-0.20813546
0.98403996	0.71165633	-0.28879967
0.47892225	0.22510189	-0.46557832
0.88764757	0.743024	0.30456316
0.32953107	0.8602513	0.2619413
0.15599084	0.5346497	0.1542952
0.6507944	0.76392484	0.6442173
0.61476815	0.13887954	-0.33830118
0.83405375	0.6200682	-0.24205826
0.955112	0.45723677	-1.2280834
0.44836664	0.041447163	0.7109889
0.27143592	0.7131392	-0.16400425
0.2522275	0.8373229	0.38877308
0.6406817	0.57390594	0.119881004
0.36973417	0.94808525	-0.2150522
0.8559097	0.22091305	-0.26545963
0.1955722	0.81015337	-0.6035925
0.68092597	0.6347609	0.43122572
0.74599373	0.61314505	-0.7219915
0.8219556	0.42882562	0.39813766
0.55554473	0.4890793	-0.2870144
0.59833914	0.30249178	0.0029864218
0.03284806	0.08167821	-0.094712034
0.5876957	0.34253585	-0.035689883
0.025887012	0.92009723	-0.44990587
0.99526477	0.06560278	0.65239453
0.5925557	0.22398412	0.2762523
0.88643014	0.9561181	-0.24254154
0.68110126	0.26387125	-0.86142224
0.41366392	0.4982642	0.056119416
0.99606925	0.05958897	0.71040374
0.8015741	0.16653657	0.4074973
0.81635296	0.6565934	-0.23682134
0.0020076036	0.4478646	-1.2583712
0.76180375	0.4245273	-0.40442094
0.66500497	0.06979644	-0.6394805
0.20549858	0.3669843	0.67442304
0.2052483	0.31939363	0.49441287
0.8252756	0.9727896	-1.0192221
0.83044827	0.5658782	-0.21903932
0.37164128	0.59113336	0.3950695
0.22154635	0.77593035	-0.62514627
0.81038785	0.72659445	-0.27490643
0.80416274	0.44373143	0.2106081
0.31415313	0.94270736	0.2767459
0.90926313	0.20878619	-0.17368598
0.7576971	0.48865217	-0.7948096
0.95235234	0.5281076	-0.68407375
0.3467685	0.087053955	0.25701004
0.8374342	0.1448642	-0.11400066
0.089625	0.5469695	-0.66098577
0.34631246	0.6127695	0.42526844
0.5422045	0.0410468	-0.1722753
0.85135454	0.18309593	-0.20296595
0.2859432	0.22432256	-0.31442964
0.11663842	0.9720453	0.118727505
0.85481477	0.40026307	0.52018887
0.99505854	0.28986895	-0.81753576
0.90322214	0.01750356	-0.22602314
0.8368565	0.67102593	0.013103835
0.23369431	0.030910254	-0.40822196
0.5720693	0.41120565	-0.25778106
0.4113177	0.6347911	0.15347241
0.82709855	0.07706547	0.17265746
0.8034471	0.14269066	0.3762991
0.4222988	0.32921714	-0.09289228
0.1763233	0.61874545	-0.28300822
0.34243208	0.68057233	0.24855451
0.3521855	0.5877141	0.31496927
0.3315106	0.28545266	-0.47929093
0.20022202	0.37856662	0.7669511
0.98893344	0.2948087	-0.87861365
0.20778239	0.92164487	0.49715123
0.9225112	0.5507386	-0.31576067
0.928181	0.9802773	0.059003863
0.48060805	0.87296367	-0.41752282
0.29062086	0.69483155	-0.011714722
0.25210875	0.6902845	-0.38780198
0.5416725	0.828004	-0.12804316
0.90029544	0.9614264	-0.1320321
0.035755217	0.7591734	0.24324197
0.56489104	0.51449263	-0.47122833
0.067976534	0.4719277	-1.0938566
0.4527089	0.3773322	0.20594344
0.39156926	0.80961347	0.09663182
0.32160974	0.6837029	0.24808715
0.77374643	0.7796729	-0.46942452
0.3806504	0.8692748	0.02034116
0.8463843	0.5813213	-0.19373308
0.044311583	0.6657934	0.030402614
0.5686314	0.49332076	-0.37462285
0.5732129	0.87824935	0.10792264
0.36752737	0.19546247	-0.12223555
0.027155101	0.83251303	-0.031474728
0.7171259	0.3238079	-0.5988247
0.4632159	0.44212246	0.34453884
0.9479188	0.21950889	-0.0679391
0.039450705	0.1182822	-0.1669538
0.29099065	0.8858312	0.602129
0.043521583	0.30714852	-0.8969825
0.25696105	0.501951	0.3193832
0.35193592	0.3513103	-0.39845204
0.3467307	0.8347381	0.13451645
0.9077319	0.59614724	-0.19427277
0.9857958	0.1384421	0.58959067
0.6946589	0.46754283	-0.9649172
0.3342358	0.4451741	0.107006446
0.0019894242	0.7514575	0.15077399
0.34126067	0.09896523	0.11389463
0.3806976	0.9165157	-0.22391292
0.6782889	0.20062011	-0.8978259
0.0468778	0.7848429	0.20115727
0.5564128	0.6586378	-0.4240816
0.9204089	0.68034124	-0.07640882
0.16099375	0.55908364	0.06913608
0.18406832	0.70799774	-0.7706578
0.9860728	0.979384	0.083313435
0.5002408	0.3700446	0.34575275
0.60379636	0.42600155	-0.47146314
0.79854375	0.7721484	-0.35588515
0.3389418	0.32447582	-0.42080942
0.44970584	0.8599567	-0.41215476
0.43888068	0.64514285	-0.23898546
0.4195491	0.14475971	0.1112966
0.24645036	0.32063007	-0.013944443
0.7490059	0.11318928	0.23168696
0.9928841	0.08758408	0.71443784
0.8060602	0.73788863	-0.29005012
0.45365793	0.52024525	0.005021453
0.29486346	0.060815156	-0.090979725
0.97022957	0.9920346	0.17190811
0.35502905	0.58522177	0.35172185
0.8499785	0.8201118	0.42610264
0.2994454	0.9337387	0.5515565
0.3077392	0.5880136	0.20328513
0.98768073	0.20434421	0.10044775
0.09829861	0.9538704	-0.10393664
0.8542395	0.71538574	0.19429947
0.6119112	0.6823192	0.37887892
0.83004385	0.66544884	-0.1245638
0.085654974	0.62796044	-0.1684651
0.26436788	0.25749862	-0.19168144
0.5304155	0.24560386	0.045342743
0.13904542	0.03455782	-0.33406648
0.75838935	0.9589199	-1.2920233
0.5132451	0.65764153	-0.7753549
0.7057815	0.798622	0.23024674
0.8997788	0.7916262	0.45819822
0.6080807	0.98390776	0.2428383
0.39166856	0.19603229	-0.13496782
0.3286904	0.86721474	0.2645012
0.21672893	0.15794057	-0.32951686
0.036515117	0.018796861	-0.037941333
0.5550223	0.8143715	-0.025459629
0.69290847	0.620445	0.23909876
0.39492124	0.8589816	-0.023553822
0.42746222	0.6645465	-0.010833319
0.9664985	0.2556045	-0.3510382
0.050722957	0.9860288	-0.65797955
0.31810004	0.85716635	0.380062
0.5555993	0.025354385	-0.10754221
0.10125166	0.917413	-0.09868642
0.42799807	0.65825725	0.009642215
0.61867994	0.068431675	-0.60668796
0.34645826	0.6346733	0.32557768
0.45108843	0.83218074	-0.44371745
0.5261472	0.52650124	-0.21575028
0.11916196	0.40548104	0.43163085
0.5872867	0.26170754	0.30694386
0.8561254	0.225353	-0.2766066
0.77987766	0.2294665	0.6109924
0.801052	0.2652713	0.4587272
0.4651302	0.3948002	0.2720562
0.4535532	0.15918094	-0.3168625
0.35105062	0.89404756	0.05895657
0.20376658	0.576558	-0.016311016
0.81194025	0.64395964	-0.31748646
0.023961604	0.645707	-0.04845084
0.38425028	0.031295776	0.8599916
0.83191586	0.5194782	0.06786917
0.35497314	0.3876403	-0.16273049
0.3040765	0.38791382	-0.17382182
0.6834985	0.66080105	0.5438125
0.9616118	0.69049174	-0.22143845
0.044876516	0.016937733	0.09264713
0.9323884	0.6189089	-0.26064697
0.52088517	0.109068155	-0.3304055
0.80863404	0.6085502	-0.50878775
0.5669106	0.508442	-0.4211996
0.13408077	0.5746774	-0.18327962
0.97009975	0.49807036	-1.0881424
0.62183416	0.40780467	-0.54818386
0.24377257	0.57798505	0.12017209
0.3729456	0.8922348	-0.021550255
0.8658507	0.36158228	0.39057052
0.40432858	0.7581835	0.14208427
0.26595217	0.8864348	0.67609864
0.96487534	0.16536444	0.40493575
0.11151594	0.61093867	-0.19601929
0.83850825	0.94167507	-0.7347735
0.07514119	0.75469273	0.34443045
0.30532324	0.17884201	-0.36823222
0.025776267	0.23230523	-0.6455543
0.78708816	0.45203435	-0.19719602
0.14037561	0.78545094	-0.5538417
0.3424974	0.78153723	0.17812563
0.7157144	0.3678835	-0.69498307
0.60928154	0.88200015	0.23012695
0.21114868	0.38077414	0.6695692
0.8200664	0.8762207	-0.32817873
0.29898757	0.14949703	-0.3378911
0.15851319	0.42618	0.75320894
0.7350784	0.6170044	-0.6512659
0.38606137	0.29705137	-0.16088551
0.289487	0.2935732	-0.37544045
0.3389421	0.40222567	-0.063429244
0.1039291	0.28745478	0.48335013
0.91348225	0.7351114	0.21324895
0.8838922	0.07110351	-0.42809877
0.8403829	0.42878932	0.57029814
0.93648803	0.5833676	-0.30675784
0.07481581	0.63640594	-0.10695874
0.021893859	0.8239962	-0.031637516
0.35747045	0.55131954	0.3318085
0.87779903	0.562729	-0.017738815
0.15402848	0.49371505	0.33327082
0.79411197	0.49760872	-0.3278355
0.258991	0.9395102	0.8944003
0.15482253	0.19974011	0.30661064
0.43455	0.35887402	0.030175576
0.94987637	0.16382849	0.31590566
0.17462265	0.6302825	-0.33243364
0.36883187	0.301754	-0.29362085
0.09746677	0.7942099	0.07840777
0.46177328	0.4087481	0.32463098
0.66068566	0.022528708	-0.53783196
0.89978063	0.92852473	0.099198096
0.0011918545	0.35913777	-1.2402927
0.1605491	0.15504569	0.007259406
0.5086568	0.32046485	0.113614514
0.556011	0.78711563	-0.06948009
0.7420516	0.15154481	0.12811226
0.32496744	0.3824901	-0.2517358
0.87885964	0.8257677	0.63916945
0.69095916	0.2105084	-0.8432127
0.5814315	0.049835503	-0.19786358
0.83031636	0.74288833	0.09876839
0.8549144	0.6437062	-0.16382271
0.27196902	0.5728305	0.20574988
0.7731412	0.7715277	-0.5120287
0.9441001	0.9367156	0.27248245
0.15878713	0.2852624	0.72643894
0.8853889	0.31213152	-0.04694759
0.52149445	0.8315573	-0.38859713
0.18273717	0.0011774898	-0.6098211
0.44926995	0.7255086	-0.3522676
0.7817703	0.35704237	0.4481592
0.7626602	0.106235504	0.40191707
0.6805104	0.28602833	-0.8492826
0.59592897	0.58143204	-0.23363201
0.3376335	0.6806096	0.3114336
0.23773003	0.46905816	0.46775484
0.73321694	0.013201177	0.20403671
0.5022663	0.8345576	-0.5663826
0.13424677	0.66435814	-0.33345035
0.893268	0.92290366	0.11610475
0.024781525	0.86142105	-0.16326755
0.9285296	0.563126	-0.29559895
0.6626786	0.09181869	-0.7549006
0.62990874	0.89405084	0.35586405
0.9465607	0.69058573	-0.1736592
0.56824833	0.7452969	-0.09916292
0.12350702	0.29462814	0.7069484
0.5806917	0.14583588	0.11266326
0.40868378	0.713116	0.2195083
0.8120866	0.05413735	0.40507564
0.91265947	0.70401126	0.12913585
0.77475446	0.053456843	0.5051136
0.79673606	0.88582397	-0.7163405
0.8345089	0.0054150224	0.16353677
0.38384998	0.82675475	0.112524115
0.75101674	0.62348044	-0.7511586
0.08227402	0.67908305	0.11462427
0.36714602	0.59433264	0.3555123
0.43823224	0.67422074	-0.11364721
0.17352617	0.87679344	-0.10192735
0.9087518	0.29848516	-0.31737515
0.7658532	0.8606051	-0.6759748
0.07165992	0.19294226	0.02469775
0.47536242	0.8295487	-0.6345581
0.7874035	0.4928885	-0.44525197
0.8028015	0.2164408	0.40105146
0.7984541	0.60306865	-0.6243474
0.8457725	0.14568156	-0.18953972
0.74197596	0.65137136	-0.63256127
0.48894477	0.26863706	-0.21479556
0.94353455	0.78801066	0.2018564
0.9984126	0.77759343	-0.31525266
0.93763566	0.45346487	-0.7916242
0.8939895	0.47539425	0.18691094
0.82797074	0.055201113	0.1383384
0.55038786	0.1948458	0.12530969
0.76598084	0.16521627	0.40532357
0.38618565	0.91257316	-0.17467226
0.069681525	0.24722892	-0.13130862
0.74819404	0.57440805	-0.96088934
0.14463669	0.44402266	0.61494744
0.8271294	0.27933425	0.2791656
0.91393775	0.5013172	-0.20749861
0.13054043	0.75240815	-0.48705855
0.6393873	0.055374563	-0.74503475
0.8264009	0.030849516	0.19792423
0.3156249	0.02446866	-0.00028903782
0.5249669	0.19726181	-0.19247594
0.9046768	0.45070833	-0.0049182996
0.4695657	0.4891801	0.22772048
0.36156505	0.47565782	0.09612737
0.7051526	0.029368281	-0.26361096
0.5861337	0.61766917	-0.1271353
0.8084712	0.3578534	0.57122153
0.09566653	0.38628745	-0.074925534
0.4290635	0.123669505	0.23608962
0.56844485	0.07468307	-0.087312266
0.2500512	0.19996548	-0.14676984
0.6256207	0.06307948	-0.6727194
0.11500239	0.6985614	-0.2537246
0.53665596	0.5039517	-0.22106549
0.83842885	0.43309534	0.5008519
0.009441614	0.1179229	-0.45474955
0.6729481	0.3852163	-0.9436464
0.5031764	0.888153	-0.2880621
0.44638002	0.06896311	0.5269026
0.96497047	0.8333444	-0.017035682
0.3933189	0.79071534	0.117019564
0.66908973	0.09142393	-0.69827795
0.30907476	0.23768973	-0.42893425
0.170515	0.43517506	0.8213896
0.62407327	0.4531914	-0.53104186
0.683579	0.0904094	-0.6081711
0.106038034	0.7161458	-0.08185997
0.7854813	0.059722602	0.55432975
0.26964968	0.1992656	-0.22323245
0.4895122	0.09600568	-0.26197016
0.6959142	0.26376194	-0.8198746
0.15495658	0.36428726	0.8515031
0.09076601	0.90759	-0.16740084
0.3390929	0.5188754	0.3318119
0.03741944	0.17198282	-0.36251295
0.25952727	0.85577744	0.61873055
0.56243443	0.3407817	0.17251652
0.33194602	0.12207222	-0.078756265
0.19402015	0.60930496	-0.3075296
0.43004137	0.19000375	-0.21495269
0.85180146	0.5283683	0.17971319
0.96106267	0.65564156	-0.23614073
0.29312515	0.70005655	0.04011502
0.19839656	0.98091483	0.838049
0.51978636	0.9991289	0.2738451
0.59650296	0.46643412	-0.42910004
0.5774095	0.4753945	-0.41132194
0.47627074	0.36849147	0.29443407
0.82095134	0.17885101	0.09440224
0.064709425	0.25085074	-0.19212118
0.17892677	0.0670737	-0.4548229
0.9166754	0.76541144	0.30608225
0.20420831	0.47623765	0.66771585
0.5278638	0.98818773	0.24482831
0.23920292	0.06186652	-0.34734997
0.09993708	0.8384104	-0.037405446
0.0879994	0.6726473	0.09010123
0.29822028	0.893409	0.5825733
0.3236395	0.29555714	-0.44715708
0.3748033	0.0022263527	0.7355766
0.16721267	0.26556593	0.61626774
0.01963073	0.67189044	0.04692027
0.28601056	0.97592735	0.68783504
0.63757485	0.6401539	0.45736787
0.12075806	0.5003028	-0.0115374215
0.30295074	0.9077272	0.44104034
0.31892437	0.30853933	-0.5520545
0.40560699	0.34000415	-0.07947214
0.91247785	0.55672693	-0.15152557
0.28661746	0.28106558	-0.33441997
0.11688328	0.24877197	0.67795044
0.95516264	0.30138266	-0.71865124
0.5932163	0.6633255	0.09967844
0.29877877	0.7747858	0.30204663
0.7372281	0.7325085	-0.32870397
0.03657347	0.09199041	-0.12907398
0.7655111	0.4278142	-0.337404
0.7310302	0.99485713	-0.9952803
0.16998929	0.69877166	-0.61398923
0.74227536	0.31503928	0.05624658
0.029268026	0.9846939	-0.74228096
0.041306138	0.635243	-0.10004212
0.71765137	0.86178106	-0.14100644
0.12011844	0.31466502	0.6638616
0.27681148	0.30302787	-0.29646066
0.780161	0.3678193	0.35342848
0.15686065	0.38610065	0.871521
0.18188626	0.1188876	-0.40710142
0.4038027	0.81677717	0.11469416
0.38347167	0.73726195	0.18050134
0.31871814	0.4038456	-0.081745885
0.7677094	0.2138868	0.4824955
0.54409593	0.5287547	-0.35096785
0.78064585	0.44734955	-0.24305665
0.67402405	0.06548983	-0.6341903
0.300587	0.73303777	0.115557656
0.9670614	0.11558384	0.59066325
0.5160063	0.4763286	0.06503767
0.23481452	0.51100785	0.40047455
0.20618826	0.6679036	-0.663381
0.6311717	0.24489737	-0.43721908
0.34063327	0.3501472	-0.3447124
0.759768	0.8768507	-0.6796294
0.070875525	0.47274524	-1.0500244
0.059732616	0.9693381	-0.5257367
0.26383227	0.74958545	-0.12113225
0.35063225	0.23681134	-0.27406144
0.63902104	0.13188618	-0.6553082
0.15438777	0.5715782	-0.024549123
0.28982383	0.0067890882	-0.16914167
0.1331597	0.80180985	-0.4819347
0.17675233	0.10173941	-0.40944636
0.5574547	0.8924743	0.112579405
0.99993074	0.071769655	0.745562
0.5120177	0.33582443	0.28526574
0.48090494	0.5399874	-0.08678406
0.96705955	0.19516158	0.19049658
0.17632425	0.20274109	0.066089585
0.27151185	0.019045413	-0.21964489
0.6129851	0.79425246	0.35210633
0.5949462	0.19714928	0.13420276
0.7396272	0.8977215	-0.667172
0.50574404	0.091941476	-0.31237012
0.6752211	0.23890632	-0.8411767
0.9361716	0.81685054	0.34758627
0.647099	0.36137336	-0.7081026
0.50514954	0.23907065	-0.3207182
0.046478987	0.19364601	-0.30599278
0.6707385	0.26573092	-0.7904814
0.82751864	0.09089887	0.14789498
0.738781	0.58325845	-0.88117385
0.24681419	0.090020895	-0.27662542
0.5009446	0.26778013	-0.13379148
0.9619247	0.9416607	0.17054623
0.50067455	0.7612058	-0.9283869
0.10837686	0.27730453	0.61588854
0.98027706	0.98570126	0.12011258
0.39872986	0.8853856	-0.15724589
0.6836407	0.5925456	0.055974945
0.81919456	0.67287904	-0.19021322
0.8226654	0.32887578	0.4328473
0.3207546	0.21554464	-0.4034229
0.85353875	0.8559643	0.3690742
0.5062107	0.26611227	-0.058954507
0.6938166	0.3852343	-0.9611499
0.69560355	0.69972175	0.3811522
0.2727933	0.41055495	-0.017182488
0.57974327	0.05060464	-0.12322178
0.15968376	0.6638736	-0.39266026
0.7545682	0.11846256	0.27583444
0.3318587	0.43210286	0.10969934
0.8515872	0.0024573207	-0.07795915
0.7172076	0.8685643	-0.21459706
0.24294955	0.65540296	-0.39548385
0.6405837	0.99579513	0.07457817
0.098109186	0.42291492	-0.18269248
0.16909271	0.17794508	0.03310549
0.00071406364	0.05870205	-0.35930502
0.26032376	0.67939323	-0.2936577
0.46170104	0.91362715	-0.36576524
0.41474426	0.68305135	0.12250713
0.9948506	0.51986116	-1.0223025
0.7376918	0.26779056	0.1453012
0.34001595	0.5132754	0.2986556
0.4054889	0.5176408	0.010355227
0.0902887	0.580758	-0.46357566
0.22007412	0.2746964	0.119421706
0.9648627	0.55327344	-0.65294224
0.38530105	0.78985393	0.18342899
0.6617494	0.41118956	-0.9156249
0.96837676	0.24365342	-0.2869635
0.87387556	0.47475088	0.4109893
0.69129103	0.03684187	-0.42295557
0.31306356	0.16678923	-0.35750425
0.46802235	0.5659724	-0.3062257
0.110284686	0.30580807	0.6338331
0.46093136	0.47755027	0.23846446
0.93617547	0.44535542	-0.8085726
0.057596266	0.74565667	0.3333857
0.9950192	0.24308294	-0.4186425
0.041077733	0.10386032	-0.12193013
0.69472015	0.74327445	0.37732846
0.891476	0.3533523	0.015576707
0.85216904	0.37068152	0.4941669
0.74957454	0.4995334	-0.94330186
0.17720091	0.12298101	-0.37750298
0.9184442	0.38798445	-0.49411333
0.5338816	0.29111558	0.21904169
0.5296439	0.027794302	-0.19385174
0.15284783	0.014770508	-0.5063843
0.97811383	0.82269907	-0.18232474
0.22429633	0.83657366	-0.02875696
0.41852283	0.54390806	0.0628643
0.19377404	0.5955174	-0.12460232
0.042419553	0.63618755	-0.13646701
0.7932389	0.6836043	-0.5612134
0.3203779	0.6769421	0.24031386
0.54869765	0.8622722	0.10768919
0.41661912	0.37367374	0.003252178
0.27021563	0.12943238	-0.23320034
0.75526	0.9240805	-0.9848717
0.24437958	0.8848426	0.63593405
0.13039917	0.4435963	0.37876284
0.7418162	0.36330593	-0.24238062
0.70596504	0.4270268	-0.9335517
0.7740684	0.21864432	0.5540198
0.7047329	0.59598076	-0.29241633
0.0062224865	0.19400096	-0.68447846
0.79947245	0.363935	0.50440454
0.19995749	0.32171786	0.64840716
0.71644884	0.17613101	-0.2453937
0.8605646	0.35740745	0.3635152
0.71274966	0.7041726	0.11108284
0.2655782	0.7402783	-0.1723399
0.8995806	0.17606825	-0.22251947
0.43208712	0.92266476	-0.25525844
0.16629452	0.07334626	-0.44864962
0.507178	0.25454384	-0.17450133
0.4273755	0.035361946	1.0240898
0.28665257	0.92551225	0.7150899
0.8349231	0.47534502	0.39668706
0.522744	0.54715747	-0.3217902
0.4057138	0.095158875	0.62117505
0.53506464	0.2353248	0.08869228
0.11656505	0.22046703	0.5500657
0.40343696	0.025591731	1.0630685
0.9214569	0.22708476	-0.15964052
0.91701615	0.1529274	-0.06759161
0.8642604	0.1626234	-0.38011625
0.20107901	0.89807886	0.17803873
0.028512716	0.912455	-0.43192375
0.950652	0.7281829	-0.021957591
0.9906585	0.75677186	-0.3014962
0.9537997	0.40314668	-1.2860225
0.63732845	0.5120204	-0.30748796
0.9312809	0.579311	-0.340001
0.36577702	0.65287125	0.25351527
0.87201566	0.58609176	-0.12274744
0.33427632	0.6659172	0.32670587
0.298643	0.1456604	-0.27658033
0.0660615	0.15114284	-0.135842
0.7801913	0.6327497	-0.6822491
0.45880026	0.44226724	0.3089616
0.5272	0.21819496	-0.058122493
0.31278986	0.8017959	0.31304955
0.4908895	0.16077131	-0.48684704
0.95958054	0.11393213	0.57217264
0.17967814	0.49238688	0.52359843
0.36915964	0.6723976	0.2582107
0.9629742	0.35319084	-1.229014
0.20282048	0.6138672	-0.3425564
0.8963721	0.46747625	0.15109845
0.8313503	0.2342022	-0.029253537
0.7562243	0.18626821	0.36896214
0.6273008	0.8289364	0.456413
0.8741845	0.26939076	-0.17277947
0.17865205	0.81269413	-0.56175643
0.8530938	0.24151617	-0.13950725
0.4360234	0.36367327	-0.0040787607
0.80094016	0.6897985	-0.4153429
0.7638943	0.9190446	-1.0132
0.30472267	0.53788483	0.17896698
0.99181277	0.6460171	-0.31680673
0.12050605	0.8747475	-0.23913054
0.18294066	0.9618034	0.65471363
0.81781995	0.42943227	0.3801267
0.26584125	0.2644174	-0.20366561
0.9758085	0.5585945	-0.7010796
0.7049987	0.39153528	-0.89301586
0.78515846	0.294721	0.6405282
0.7615814	0.98746324	-1.312294
0.9120579	0.81763744	0.5024275
0.7079385	0.6185625	-0.18811683
0.7074176	0.7746392	0.19076163
0.23455858	0.7710277	-0.47087103
0.35557675	0.18474466	-0.08395479
0.50588566	0.75885665	-0.9365531
0.44937956	0.00955081	0.8213065
0.6636437	0.37812126	-0.81692207
0.6705176	0.6084203	0.36436126
0.08379328	0.48704207	-0.7592397
0.38725156	0.025742054	0.9229393
0.20236856	0.004544437	-0.5221686
0.7052659	0.9510839	-0.55093914
0.37372178	0.3237788	-0.23973216
0.35363793	0.2982201	-0.3922594
0.40356392	0.11155796	0.4704879
0.2684871	0.31120807	-0.24147885
0.018534243	0.31436718	-1.1041545
0.5010712	0.5383647	-0.12491475
0.24724144	0.9095013	0.770217
0.26251918	0.59872913	0.023852766
0.8066207	0.018259346	0.5036167
0.5562241	0.47480142	-0.3056937
0.36599332	0.64737517	0.33177418
0.63594687	0.9961267	0.07914629
0.15246844	0.2264803	0.46316335
0.010273337	0.21329874	-0.7378649
0.21016502	0.25230938	0.16086537
0.91428417	0.97454643	-0.07633197
0.12291658	0.08380365	-0.15410148
0.021383047	0.56778276	-0.66385734
0.55680335	0.39821672	-0.07120289
0.38998246	0.9669121	-0.37365356
0.5718192	0.63928664	-0.25163883
0.9998403	0.022576392	0.6088243
0.4273137	0.89481044	-0.33305773
0.19493186	0.6110162	-0.26065528
0.20797998	0.77837914	-0.7276618
0.16076386	0.93171674	0.33392382
0.22284651	0.43326455	0.5612984
0.31542146	0.2809283	-0.42564052
0.8741924	0.83607435	0.52778196
0.7711245	0.6457455	-0.71800494
0.1283347	0.5667345	-0.15457362
0.8920344	0.8206051	0.55489904
0.5362538	0.8093492	-0.28937536
0.37220985	0.11092031	0.44862393
0.6955042	0.7614288	0.36911666
0.030119717	0.22074717	-0.5930269
0.19038135	0.6730323	-0.6275123
0.8975814	0.66036505	-0.08306854
0.4305517	0.21736151	-0.36889616
0.12256944	0.39940506	0.47286665
0.5903798	0.90864265	0.16433027
0.77177644	0.16035253	0.42880705
0.521691	0.7748645	-0.5806097
0.14658529	0.8459274	-0.4252906
0.5710778	0.49520504	-0.4037226
0.9014055	0.7573323	0.29067826
0.5418467	0.53905636	-0.41091847
0.3757127	0.46679866	0.08424674
0.9210297	0.024519205	-0.15301494
0.051633954	0.78441626	0.3444017
0.20180112	0.72970396	-0.8787718
0.52276593	0.8746592	-0.22745356
0.94971347	0.5314545	-0.6856186
0.31014448	0.14797342	-0.2726436
0.2730143	0.47391438	0.21280304
0.11357045	0.128205	0.09528034
0.4511174	0.09533447	0.15079513
0.80999297	0.3689524	0.5681473
0.37745762	0.5395693	0.23291063
0.9587559	0.20117253	0.18401402
0.93691367	0.19775152	0.11428916
0.4021548	0.44848716	0.050421298
0.20462346	0.994332	0.91572165
0.6324296	0.1936661	-0.5210579
0.58674616	0.026090682	-0.3262278
0.30251253	0.19127673	-0.3134932
0.6816062	0.16471118	-0.7928743
0.77224994	0.87416166	-0.7852226
0.9397808	0.18445027	0.106818415
0.932197	0.36270684	-0.8941172
0.798177	0.16656756	0.42653716
0.5461979	0.57756007	-0.44321722
0.9760153	0.336358	-1.1705698
0.34701735	0.593114	0.37136483
0.077619374	0.64184606	-0.04659212
0.48348445	0.26304454	-0.3479689
0.7079063	0.56395537	-0.6184673
0.3423859	0.6752184	0.30686885
0.309901	0.36370814	-0.28786004
0.6783763	0.49127394	-0.75094134
0.63228583	0.7125227	0.56256485
0.038561404	0.39686877	-1.4415126
0.35663092	0.7810972	0.22635284
0.2808789	0.042941153	-0.151699
0.80972576	0.9915825	-1.3153577
0.24127883	0.8606261	0.43006966
0.8591539	0.6963013	0.14711682
0.5845451	0.8617007	0.10742436
0.77117765	0.4872687	-0.62526715
0.3304662	0.17078876	-0.27595487
0.35423094	0.3609978	-0.28533065
0.78102565	0.1010291	0.527627
0.85635394	0.6350291	-0.20636767
0.23060596	0.9461506	0.77111965
0.32929474	0.79573643	0.25718153
0.5057863	0.6888021	-0.9220284
0.81796765	0.3875804	0.472554
0.4482469	0.36615145	0.07874404
0.5554961	0.8825243	0.0636805
0.47645795	0.41914338	0.3573057
0.5551369	0.62435144	-0.46275172
0.0581069	0.30567557	-0.6547146
0.69509834	0.898569	-0.124652
0.21925366	0.89098805	0.4472984
0.92058235	0.45574272	-0.39837125
0.18618399	0.20300364	0.021906536
0.9536865	0.097598016	0.47996807
0.9175739	0.14641017	-0.04919848
0.6218045	0.7069497	0.5261947
0.7608896	0.99217737	-1.3748115
0.16115534	0.022120595	-0.567868
0.804955	0.39091814	0.45026478
0.29465097	0.51936734	0.21166886
0.6996338	0.020809352	-0.2756224
0.16683424	0.55620676	0.06106046
0.49093366	0.49155158	0.16836719
0.53037655	0.039670765	-0.16985029
0.20521194	0.99587756	0.9701613
0.8806973	0.5616233	-0.00618565
0.17157835	0.9915424	0.8539828
0.04244858	0.54943335	-0.92814976
0.1587426	0.20735657	0.34332705
0.71199	0.94074875	-0.5154617
0.8115031	0.8907875	-0.5422456
0.14315367	0.9388004	0.21372113
0.65805125	0.63861924	0.60332215
0.91008073	0.60851896	-0.21641958
0.9672169	0.43175834	-1.3081539
0.12746298	0.24315345	0.6328345
0.4283362	0.7720702	0.03732059
0.58132505	0.7671297	0.039091498
0.77935064	0.6694233	-0.72121394
0.019417405	0.17021883	-0.5471279
0.43081796	0.7748497	0.025044313
0.58089954	0.45463264	-0.35903853
0.9162599	0.85889035	0.46205148
0.8483472	0.7571798	0.37166002
0.9607793	0.24340314	-0.2867259
0.27249086	0.47270536	0.15935025
0.68200314	0.9456667	-0.26410955
0.45008504	0.5600684	-0.26044476
0.5033669	0.2405299	-0.23147604
0.026919186	0.2847641	-1.0056722
0.63561267	0.043466806	-0.65588504
0.5297898	0.9288722	0.0453116
0.14800626	0.56783193	-0.023963392
0.45897055	0.01163882	0.681906
0.06173581	0.6634234	0.09336132
0.26146942	0.166237	-0.15154707
0.299038	0.7974416	0.36535245
0.4977528	0.04770124	-0.15584487
0.6804959	0.95190626	-0.20998353
0.583452	0.8139684	0.15812732
0.9147202	0.74267095	0.2143124
0.74112576	0.67563534	-0.5666949
0.50999767	0.59950227	-0.4986428
0.32860857	0.7066485	0.26610637
0.51759315	0.12479186	-0.32703105
0.5461284	0.9084714	0.044354074
0.45250708	0.8723592	-0.47258794
0.65393335	0.35177016	-0.7574765
0.12986392	0.16128784	0.26089075
0.24536574	0.69176745	-0.49264935
0.73647326	0.157121	0.029111858
0.98456496	0.22158492	-0.09625369
0.12867123	0.39975733	0.6280774
0.23681742	0.66513187	-0.47793394
0.63533235	0.33465785	-0.6060839
0.8383373	0.5901699	-0.24771357
0.9500359	0.8434405	0.2947942
0.38712156	0.980881	-0.3826004
0.5813359	0.35794222	-0.08610037
0.92882824	0.4499355	-0.66200453
0.23516876	0.4877864	0.38384286
0.49070352	0.83197445	-0.67129964
0.5639272	0.9698776	0.2778866
0.66678125	0.5592505	-0.022867406
0.8687021	0.6588561	-0.093897134
0.18882066	0.5945105	-0.13859648
0.42606688	0.20112342	-0.2903276
0.39092577	0.62498313	0.20160574
0.51344407	0.36935866	0.2979997
0.32674956	0.42908925	0.07731915
0.9605188	0.6637342	-0.26650614
0.6139452	0.12202704	-0.40344474
0.3139233	0.7889067	0.29388654
0.060815275	0.56777865	-0.8343395
0.06676018	0.10846168	-0.10491148
0.68092793	0.59591335	0.1378823
0.29921335	0.8716771	0.5054308
0.028478265	0.3301428	-1.2523208
0.45357853	0.062166154	0.39812684
0.21007293	0.18513703	-0.22495522
0.4156127	0.054536045	0.9281453
0.6928221	0.6335527	0.21786511
0.28864145	0.5266449	0.15253355
0.1630202	0.9635531	0.6450213
0.29666668	0.38941956	-0.1056669
0.39723885	0.38095957	-0.01233144
0.30748498	0.7930909	0.33128884
0.80214345	0.88268846	-0.53956646
0.30432242	0.46931112	0.21134983
0.02472359	0.91807204	-0.4360294
0.9631742	0.37999612	-1.2754477
0.6825236	0.2268824	-0.8028757
0.048044264	0.6629185	0.060158033
0.75309026	0.57736444	-0.9152437
0.42654192	0.49001378	0.03089788
0.39564753	0.07629317	0.7306276
0.10610896	0.014672697	-0.27200434
0.0637117	0.8848734	-0.09534603
0.12786579	0.46849966	0.22610816
0.7268077	0.9409302	-0.7380775
0.8082546	0.22793919	0.24142653
0.93149126	0.35188758	-0.791094
0.14146352	0.052331388	-0.2853355
0.14398462	0.09972632	-0.14991485
0.4783023	0.6310225	-0.6645825
0.034727037	0.90377676	-0.35586107
0.88146555	0.5463232	0.07862185
0.8065498	0.47689748	0.032662213
0.12810433	0.74875003	-0.4353893
0.81917363	0.33721632	0.533574
0.3298102	0.65339226	0.33595157
0.610171	0.03812933	-0.5392857
0.56237704	0.120203495	-0.041173182
0.7852316	0.4312272	-0.048783634
0.26426572	0.34439838	-0.14834355
0.4923032	0.586591	-0.41210315
0.7607482	0.88370824	-0.7647813
0.77602404	0.41175938	-0.07227349
0.7819803	0.5856983	-0.7331873
0.9024818	0.47218412	0.028825989
0.02604872	0.7746499	0.103459075
0.93937814	0.1523146	0.19028951
0.63415134	0.27984303	-0.48871064
0.55965143	0.67754936	-0.39912653
0.546138	0.4679057	-0.24476933
0.56094104	0.30617458	0.41984326
0.16618937	0.49774873	0.41521388
0.371763	0.112505615	0.4541053
0.8492182	0.12443042	-0.19163413
0.024223983	0.48820072	-1.3344747
0.6858942	0.113984406	-0.6571658
0.008972585	0.9710582	-0.6210258
0.6481397	0.5296909	-0.17713794
0.5886066	0.63671136	-0.0072816876
0.6426743	0.46858954	-0.6044485
0.41718847	0.5983701	0.02865073
0.18735409	0.8917148	0.008965701
0.117723346	0.043368936	-0.16069558
0.6174657	0.5203399	-0.28974575
0.8335337	0.6787961	-0.018795647
0.6476591	0.90186226	0.17065206
0.6912914	0.40739632	-1.0324957
0.6311562	0.84674245	0.41640705
0.040634155	0.8040792	0.17637345
0.1896177	0.11971372	-0.44453472
0.14202583	0.17891496	0.26695222
0.34902304	0.46802336	0.16236724
0.9722029	0.83863443	-0.098055325
0.7993744	0.17158246	0.43462452
0.84270704	0.33913493	0.3855058
0.9495412	0.23893356	-0.1599232
0.70221066	0.4568922	-1.0519897
0.5054383	0.4721887	0.20415056
0.8263229	0.417188	0.45567185
0.23204821	0.74460393	-0.6419317
0.5503651	0.66543245	-0.5079457
0.14177656	0.14600354	0.15388232
0.06289065	0.85484415	0.111429796
0.69800615	0.89981586	-0.11597081
0.0024528503	0.4958927	-1.0748025
0.270239	0.5881685	0.08376325
0.07085323	0.061103582	-0.028663091
0.8339053	0.10954088	0.019856807
0.15950334	0.56692326	-0.042355448
0.064560056	0.5753995	-0.74465233
0.7979273	0.9269755	-0.99520266
0.5778436	0.93025243	0.18075185
0.33425874	0.013941288	0.15561062
0.9421489	0.60596156	-0.2831031
0.9329316	0.19005024	0.059661966
0.5860235	0.2069571	0.26130617
0.18796635	0.3417359	0.78404546
0.05608797	0.37309104	-1.204011
0.19178504	0.35711437	0.7891424
0.8831174	0.74629384	0.30119157
0.5197744	0.2494719	-0.10112363
0.5657656	0.11373943	0.024809733
0.2585156	0.55127776	0.17846294
0.00269562	0.10628861	-0.48863205
0.056836724	0.7751781	0.3397422
0.2400679	0.9554828	0.871724
0.68419546	0.30452472	-0.81413907
0.27290833	0.38659877	-0.117073394
0.7957474	0.4626925	-0.08033523
0.042295396	0.29099166	-0.80240625
0.16675776	0.33241093	0.91532147
0.08402574	0.7684326	0.31598166
0.009708881	0.6816522	0.116101965
0.3624599	0.3000713	-0.3536003
0.6967752	0.24507779	-0.74410164
0.5171942	0.8673349	-0.27796468
0.30245763	0.6219731	0.21030673
0.67827994	0.34387386	-0.8358802
0.853202	0.06432527	-0.302005
0.8440858	0.85685766	0.12311511
0.13068247	0.5465398	-0.05194325
0.05378467	0.56070715	-0.8464823
0.12622201	0.9614037	0.1904843
0.5321804	0.4865901	-0.11846497
0.62311465	0.5954744	0.1617019
0.93621415	0.12317687	0.11660988
0.5661092	0.719355	-0.14945616
0.20529687	0.19362217	-0.22042657
0.5177356	0.66995305	-0.8379677
0.4871536	0.2224015	-0.3792271
0.5592144	0.16200751	0.13416478
0.7200732	0.58436126	-0.77253574
0.09042847	0.76007193	0.19504562
0.91997206	0.13242602	-0.105899215
0.8083368	0.5329237	-0.2732209
0.6822909	0.550937	-0.1748113
0.6331182	0.9336801	0.20672752
0.6990042	0.72604203	0.36729825
0.877158	0.036884308	-0.34332165
0.74238193	0.33572578	-0.04165127
0.27532136	0.16277844	-0.23387936
0.21211201	0.3190205	0.45689833
0.60537404	0.8069242	0.28630668
0.913108	0.00066906214	-0.21842468
0.4415068	0.30819148	-0.20258301
0.1284712	0.4904667	0.08876462
0.61640686	0.33552974	-0.45451105
0.4121983	0.3397773	-0.12293577
0.83518374	0.9640668	-0.97883576
0.11254233	0.96692336	0.057326306
0.45271474	0.49834228	0.08008513
0.79450417	0.6861283	-0.5550922
0.03808391	0.76088613	0.214417
0.7496868	0.01703322	0.37899765
0.023201168	0.86807585	-0.16933435
0.6761214	0.16081226	-0.83852094
0.12775767	0.19454926	0.44337735
0.51693904	0.15065068	-0.32943115
0.7600483	0.7248736	-0.65315735
0.8800932	0.29569417	-0.0784123
0.7139002	0.90544134	-0.35440725
0.2284292	0.5163526	0.42324135
0.67857397	0.21941799	-0.82837427
0.44130623	0.88658553	-0.35098988
0.034888685	0.32357204	-1.0769494
0.056667387	0.78101057	0.31160876
0.40962672	0.40064	0.01611317
0.42684716	0.35916632	0.02284455
0.36304468	0.24747962	-0.24583697
0.4755335	0.4382487	0.42265087
0.78077686	0.13711941	0.49676216
0.3203019	0.3869477	-0.13613006
0.16700101	0.53906566	0.17035736
0.7718683	0.7696141	-0.5071164
0.652668	0.3455736	-0.64583033
0.6821947	0.3822599	-0.92931354
0.3611458	0.9462652	-0.1927876
0.97138494	0.40960038	-1.4026604
0.42448956	0.85361016	-0.16653518
0.5805349	0.79126114	0.13093114
0.46864927	0.9828097	-0.30867022
0.97892255	0.55386615	-0.70115024
0.008982778	0.20181257	-0.67840374
0.77442133	0.38268155	0.13493435
0.71280634	0.11919069	-0.36871564
0.04165405	0.9414366	-0.5388209
0.5745695	0.08657044	-0.11122374
0.44415474	0.8024714	-0.35432258
0.321563	0.9492336	0.23893683
0.8578562	0.8191818	0.5009164
0.9309373	0.8704482	0.44370311
0.55735517	0.70828176	-0.30835062
0.90369236	0.4583944	-0.07616429
0.048459888	0.60059047	-0.5357914
0.4746784	0.017329693	0.3363303
0.54758936	0.7395852	-0.2798838
0.6342017	0.931464	0.2916143
0.8402659	0.19810349	-0.17047921
0.8656547	0.43600976	0.58986276
0.93221426	0.3030184	-0.5816297
0.8003663	0.21071136	0.43805796
0.09619784	0.4703043	-0.4462827
0.7323298	0.43804967	-0.7972527
0.877287	0.024492621	-0.29592878
0.44803125	0.27822202	-0.2709424
0.46394086	0.40296608	0.30727747
0.33084214	0.7494507	0.29644775
0.8426675	0.3614902	0.49523526
0.9482599	0.062390983	0.29955223
0.45861012	0.8417946	-0.5080707
0.51602584	0.07352078	-0.30961445
0.5895477	0.5127428	-0.3975376
0.5668539	0.0075830817	-0.13305284
0.35565376	0.25208735	-0.26777166
0.24729031	0.42329437	0.2030353
0.50366247	0.11435795	-0.3328274
0.90911746	0.745912	0.2610801
0.8511015	0.6098886	-0.16661194
0.56397855	0.0741629	-0.07757703
0.9259085	0.44570738	-0.58079123
0.3505159	0.7467792	0.1638516
0.87749934	0.6310433	-0.1363028
0.08413017	0.08586007	-0.13936734
0.9990303	0.08223808	0.6733343
0.005684972	0.95633715	-0.67701757
0.65670747	0.6618618	0.5501187
0.6369073	0.95234877	0.20075515
0.7604715	0.2337727	0.52241004
0.76033765	0.39917964	-0.19963188
0.46694964	0.63778293	-0.6545639
0.17568684	0.6506337	-0.39015338
0.60367745	0.39217645	-0.43102136
0.8795853	0.58311445	-0.15990795
0.09422749	0.07801223	-0.15310311
0.88661397	0.16975069	-0.3684733
0.44183922	0.55050915	-0.11366118
0.33780617	0.05672574	0.18243729
0.037261844	0.6393781	-0.1314223
0.08838749	0.63000566	-0.16829023
0.6575879	0.58823305	0.25231272
0.8028162	0.737998	-0.3345109
0.20572168	0.3735581	0.77001965
0.43127716	0.8424735	-0.18828994
0.23996043	0.908083	0.7074862
0.9477372	0.20933497	0.027956074
0.8844567	0.011785269	-0.27320665
0.5918453	0.05346811	-0.3181653
0.57438695	0.77011645	-0.021227032
0.39277267	0.6393441	0.23252714
0.39694387	0.70027673	0.19159718
0.15951109	0.7291244	-0.5983609
0.6467717	0.065784454	-0.7500215
0.24403077	0.31554508	0.0026588435
0.053881943	0.6698019	0.10082644
0.4975235	0.52895206	-0.06814704
0.64690375	0.44752622	-0.6643956
0.851084	0.43791932	0.55841035
0.8049271	0.010171533	0.4671225
0.122012556	0.9527944	0.16118714
0.3746947	0.047068357	0.67468953
0.7134768	0.42132485	-0.8885393
0.9971459	0.086021006	0.6735472
0.730943	0.47592723	-0.9974548
0.3493622	0.06910521	0.3077263
0.35601366	0.8521828	0.17185318
0.15901345	0.006083131	-0.57451516
0.2263583	0.035803318	-0.51302147
0.47954404	0.60395014	-0.5000506
0.6840034	0.5413337	-0.39451095
0.51753193	0.20531964	-0.22896636
0.35434914	0.110384285	0.24258149
0.95799667	0.9914506	0.16398285
0.5989888	0.1306259	-0.20695905
0.72599083	0.69670254	-0.22792825
0.83392656	0.45639634	0.3765545
0.9794978	0.808562	-0.24480045
0.93904215	0.562311	-0.40017295
0.5606345	0.9968724	0.2728136
0.26965898	0.9708322	0.7772448
0.06896001	0.93131196	-0.30429015
0.84506017	0.7173735	0.1568711
0.69570565	0.22089332	-0.749533
0.22702819	0.9395955	0.7739765
0.110339105	0.06485939	-0.19838116
0.26709354	0.107192576	-0.2158888
0.20928985	0.22282761	-0.017478805
0.9084118	0.2289486	-0.19545384
0.6312838	0.3519016	-0.64227575
0.79278636	0.7468408	-0.4153775
0.2017678	0.15285659	-0.33283758
0.9910529	0.5821454	-0.51365757
0.1906389	0.7882543	-0.7927372
0.720469	0.74457484	-0.010515917
0.8790853	0.5058272	0.27561492
0.43591654	0.8224795	-0.18273403
0.22393459	0.5366838	0.2532198
0.1303584	0.06387961	-0.16333863
0.96388865	0.09664732	0.58100957
0.14583719	0.32708496	0.84476817
0.058245122	0.74019367	0.3053585
0.390926	0.038843393	0.9011384
0.24465185	0.7519102	-0.423998
0.6616072	0.6588604	0.64295906
0.5726366	0.09664601	-0.094990045
0.487382	0.075529695	-0.12053302
0.2296915	0.42431092	0.5329453
0.37634385	0.72919905	0.13840522
0.68757516	0.13968915	-0.7222438
0.06520909	0.8117028	0.3095551
0.4460556	0.15309578	-0.17555153
0.16289651	0.12871438	-0.16924503
0.86331576	0.12844104	-0.34783447
0.24349755	0.3902405	0.18338977
0.5579988	0.682582	-0.38896593
0.2094189	0.6324568	-0.4285806
0.44112688	0.9470845	-0.36344668
0.6209246	0.529882	-0.24847701
0.55763507	0.48099303	-0.36346787
0.9228277	0.72636145	0.1479031
0.9670151	0.09984523	0.6486546
0.11738455	0.65646106	-0.23497057
0.47357905	0.04043591	0.24646626
0.07406145	0.7691134	0.40340722
0.7864807	0.93593436	-1.1611032
0.19151646	0.5095689	0.48809922
0.043658435	0.64789903	-0.06248403
0.1612798	0.4682383	0.53626794
0.9098752	0.2610516	-0.19981694
0.83344024	0.33864605	0.5060428
0.9790935	0.49903023	-1.1254929
0.9844075	0.30153555	-0.92000824
0.74068326	0.08172983	0.21118203
0.47539133	0.16984117	-0.44818023
0.0819332	0.95759565	-0.26808563
0.83724225	0.3314579	0.32856518
0.08201647	0.8450514	0.08789179
0.8989582	0.71048325	0.083575465
0.82289964	0.38487655	0.5253122
0.3984267	0.04173112	0.96669275
0.6986891	0.7281541	0.41265818
0.89087594	0.23321438	-0.26105672
0.2528646	0.35865146	-0.08294649
0.7981382	0.8727155	-0.49570727
0.8275752	0.05739063	0.1245988
0.3198799	0.9184467	0.32681072
0.4384153	0.69500166	-0.052035656
0.31197447	0.5747792	0.22555542
0.1537894	0.008031189	-0.5451807
0.80502063	0.43982178	0.15493199
0.3223731	0.37183744	-0.2674038
0.3520308	0.4840063	0.2232594
0.5541453	0.39057398	-0.015230632
0.77451015	0.8683887	-0.67591846
0.8701518	0.44895047	0.53204066
0.40789986	0.7045471	0.15156186
0.352863	0.18423349	-0.16216958
0.8110899	0.08620393	0.36031252
0.66482466	0.31571132	-0.697737
0.7753277	0.8999507	-0.9839501
0.41053212	0.74348825	0.19850156
0.6373782	0.3405851	-0.6688833
0.23405445	0.30587488	0.16583389
0.7898816	0.37257278	0.39086366
0.048882306	0.4710884	-1.3258392
0.054168522	0.1829688	-0.21540353
0.4899701	0.37760293	0.2945768
0.186136	0.9777906	0.80997086
0.30500185	0.5289353	0.20898312
0.07353151	0.99992996	-0.37758878
0.25347376	0.6275176	-0.11027346
0.021514475	0.43432325	-1.4597462
0.16830826	0.86941606	-0.22592187
0.81983966	0.03865999	0.32666925
0.9008134	0.18714523	-0.22358753
0.7723148	0.62747025	-0.7816354
0.7127299	0.046260357	-0.16379836
0.32212132	0.7450026	0.21988454
0.19123721	0.14142627	-0.3700319
0.54051864	0.36382914	0.15366414
0.5221976	0.33962083	0.24634747
0.3915416	0.8898202	-0.1304396
0.20955783	0.92181027	0.42866093
0.7059872	0.5549097	-0.694504
0.03986007	0.068645954	-0.030825444
0.0032452345	0.91342664	-0.5118002
0.5835209	0.70617616	0.07086741
0.14863002	0.15954274	0.1882568
0.31324857	0.5097675	0.24928506
0.11803675	0.06291771	-0.17256823
0.6981786	0.46865994	-1.0434495
0.806349	0.6375477	-0.4529965
0.46227378	0.67764336	-0.5707988
0.8121096	0.7482747	-0.13842383
0.91381913	0.19730574	-0.1525873
0.5388788	0.39813673	0.0859242
0.31596726	0.70898527	0.19001253
0.4102857	0.96619636	-0.31757808
0.5093024	0.33404595	0.25632995
0.81960607	0.42047173	0.44764948
0.68255585	0.36129516	-0.86439407
0.5054062	0.8651564	-0.40473518
0.8402033	0.21701723	-0.16513512
0.7139859	0.24917322	-0.45202824
0.34656262	0.07639885	0.3022854
0.6056159	0.9127236	0.20370314
0.38935465	0.77764934	0.17448086
0.49085152	0.34874445	0.25977212
0.5891664	0.36340052	-0.15277667
0.7876473	0.9862148	-1.4505842
0.97976834	0.28667396	-0.70201457
0.9866365	0.3437329	-1.2380337
0.62079144	0.15189272	-0.35480547
0.109490454	0.7996964	-0.15316485
0.73418546	0.80652344	-0.17789021
0.43419892	0.24482471	-0.3911852
0.2789482	0.09467834	-0.20864686
0.19383073	0.5214987	0.38244903
0.3881626	0.6338999	0.25717974
0.37976432	0.8437235	0.10176952
0.14231312	0.5316747	0.09041652
0.5541026	0.24102074	0.4436398
0.016496003	0.5536723	-0.81179047
0.679383	0.52595085	-0.44757923
0.44249368	0.010804653	1.031993
0.803362	0.09062266	0.4638177
0.777049	0.33186245	0.50455904
0.78153586	0.10084891	0.48488963
0.026254117	0.43602192	-1.4926169
0.18404484	0.3267272	0.8179091
0.45155025	0.35504872	-0.003824897
0.86043423	0.79083335	0.47629464
0.5038105	0.2630025	-0.16233595
0.6013264	0.54745436	-0.2995381
0.6009472	0.8800503	0.1772856
0.66003066	0.044853806	-0.6732035
0.20614612	0.1472758	-0.4262821
0.19465357	0.035752535	-0.5860009
0.5854408	0.44695276	-0.34274247
0.7651692	0.8651702	-0.6982954
0.50956184	0.114064574	-0.35068578
0.63356125	0.5715237	0.020558715
0.44929135	0.41217798	0.33358467
0.46265638	0.89940226	-0.38198316
0.49938297	0.7399494	-1.0309969
0.951797	0.9301323	0.22640699
0.52902466	0.3544556	0.22169669
0.111573875	0.3557865	0.49589452
0.84879804	0.22864151	-0.14786792
0.25985575	0.8403701	0.5128558
0.41121352	0.51794785	0.10045347
0.27700704	0.63264424	0.04614313
0.42593932	0.7103965	0.13564622
0.27979988	0.16189569	-0.18537626
0.54173106	0.124776065	-0.07870524
0.9377399	0.7042964	-0.018767934
0.30396628	0.19273722	-0.4121404
0.38087213	0.47429472	0.06170962
0.6833241	0.049222946	-0.5288298
0.5223332	0.032408476	-0.18571329
0.72367775	0.35039067	-0.508025
0.45979685	0.6106297	-0.4899866
0.06732005	0.758501	0.4079101
0.7157932	0.8560314	-0.12126951
0.14378136	0.2877404	0.8193075
0.46796954	0.08383143	0.028571913
0.04775995	0.5751677	-0.7464959
0.45993024	0.7274997	-0.66507626
0.79897255	0.61112046	-0.5980681
0.392299	0.29231316	-0.12734817
0.36023808	0.4831295	0.17753215
0.15782446	0.098067224	-0.27218696
0.6703399	0.81926626	0.37205058
0.04793763	0.9081868	-0.32655317
0.2400279	0.45591706	0.33080667
0.31758422	0.87195164	0.31403145
0.5299523	0.38005245	0.18511066
0.7434818	0.8896956	-0.64746463
0.42221224	0.8569056	-0.14871033
0.62412685	0.8200496	0.4337193
0.44402272	0.15000552	-0.13416505
0.39621902	0.017080665	1.0909059
0.5388433	0.02336675	-0.12949356
0.5076195	0.5145452	-0.030423012
0.7475522	0.9390241	-1.0143318
0.9897671	0.40483278	-1.4219685
0.87943155	0.16586739	-0.41611624
0.6593569	0.35289085	-0.75111574
0.5366002	0.15773886	-0.123284005
0.80962086	0.76754206	-0.13625363
0.6653994	0.7047264	0.72041184
0.34013265	0.52825433	0.31413805
0.34199548	0.83467317	0.25688913
0.6558912	0.9151062	0.10047789
0.8303915	0.64288056	-0.1842951
0.9938715	0.7237736	-0.30491668
0.019903183	0.20734346	-0.5862237
0.25188088	0.68879706	-0.39526522
0.44199276	0.8724626	-0.31943822
0.0858624	0.09123367	-0.06955348
0.090195	0.033655882	-0.13213667
0.8346023	0.063628554	0.09471925
0.5163912	0.7217141	-0.88282096
0.01660955	0.04278183	-0.15155098
0.01863861	0.42232603	-1.4134456
0.31988013	0.9169361	0.28758383
0.67175657	0.9028461	0.046400756
0.23378295	0.389171	0.29687303
0.54083645	0.73984736	-0.4077958
0.41562146	0.9543093	-0.363177
0.14672238	0.8998763	-0.03470017
0.83760846	0.71574545	0.13263085
0.021495044	0.10447073	-0.28930122
0.70550764	0.93964916	-0.44589624
0.030922472	0.9082429	-0.38074228
0.019257903	0.63078505	-0.05536504
0.96814835	0.23277587	-0.19190766
0.30686635	0.86880445	0.42858845
0.03783077	0.94704413	-0.5279709
0.863815	0.9840458	-0.78125364
0.2632829	0.73554426	-0.22128388
0.8149318	0.63591826	-0.27602386
0.46819758	0.09179002	-0.059558883
0.5476997	0.6683365	-0.56869644
0.07059038	0.25782394	-0.08163581
0.64803594	0.85922545	0.33000305
0.107914925	0.60374844	-0.29898673
0.14653313	0.542916	0.009378143
0.029545486	0.30637038	-1.0480708
0.47770792	0.004240036	0.34843603
0.644659	0.52416044	-0.26904908
0.8462094	0.6432194	-0.15923244
0.6315529	0.09011024	-0.75569385
0.90660936	0.75420004	0.31154922
0.0459522	0.877157	-0.10372767
0.2396124	0.25380337	-0.064005315
0.94775075	0.7629867	0.061320715
0.72569126	0.20067954	-0.13682038
0.81003934	0.34291196	0.55006754
0.7963975	0.41269284	0.24383514
0.81789523	0.5952939	-0.35861978
0.9424163	0.90629786	0.37403536
0.80005884	0.8958234	-0.75846386
0.89880764	0.110897064	-0.3157036
0.84545577	0.6897533	0.09340718
0.73149246	0.1482175	0.019547451
0.34946257	0.7235915	0.2191952
0.8595431	0.6104404	-0.14573702
0.18968982	0.35051394	0.796656
0.40221518	0.18422735	-0.056376908
0.89897335	0.06253588	-0.24605212
0.40833843	0.31572914	-0.13629626
0.20228267	0.3062566	0.59102815
0.8675635	0.72055787	0.22838281
0.44628614	0.6656176	-0.31445932
0.44914144	0.6954304	-0.33244142
0.26656818	0.7099317	-0.21420328
0.6733242	0.721834	0.6842594
0.08785999	0.009693146	-0.102087215
0.29055482	0.0757401	-0.19052503
0.4902696	0.73978937	-0.9721117
0.88873184	0.47995174	0.27018076
0.6678953	0.56573325	0.031615518
0.55344415	0.54351074	-0.41361806
0.24129623	0.73371416	-0.5840321
0.72908765	0.58966213	-0.7583178
0.41513056	0.8476871	-0.021756828
0.110906124	0.97948813	0.0429127
0.24453348	0.77145123	-0.29919925
0.44861305	0.95203876	-0.33373562
0.35981822	0.4985733	0.1769802
0.027641475	0.5580922	-0.88736725
0.92104995	0.22028756	-0.1073488
0.6256234	0.70531774	0.51103526
0.9376798	0.79716563	0.27470392
0.73849076	0.79535437	-0.2377051
0.3674547	0.7464124	0.1480114
0.7173153	0.57498115	-0.68292266
0.7069011	0.3727584	-0.81196815
0.96261585	0.5601408	-0.5587184
0.75451916	0.43121922	-0.5257936
0.10621601	0.5281391	-0.35340327
0.04096681	0.23351574	-0.47812685
0.03594786	0.6038855	-0.44164884
0.30089045	0.6217109	0.12837458
0.32133156	0.57949406	0.25931308
0.2417382	0.7010805	-0.54164577
0.2986657	0.43702823	0.14943235
0.092577875	0.56144494	-0.56409544
0.25926447	0.7709242	-0.08104122
0.7653149	0.43921363	-0.4371382
0.5722164	0.3103308	0.34928876
0.51007193	0.6103875	-0.6596641
0.83842075	0.104770124	-0.07577568
0.24285084	0.094190955	-0.29636204
0.26729977	0.103387535	-0.23072201
0.14386791	0.31526715	0.8101132
0.9820402	0.094569266	0.7840186
0.7890352	0.9129376	-0.9778333
0.13184506	0.57044053	-0.10193827
0.3913067	0.15277147	0.2151643
0.32886368	0.7925005	0.27918857
0.6201699	0.3739372	-0.56386226
0.39119607	0.27516335	-0.16681449
0.16151047	0.3118822	0.8172805
0.73536956	0.045104504	0.16011389
0.21230495	0.02976495	-0.47479293
0.6212961	0.7590739	0.5006593
0.6037051	0.64400256	0.2506349
0.40788037	0.27679938	-0.24030535
0.8734392	0.6859865	0.0041130073
0.38195157	0.3535939	-0.10349366
0.94647086	0.9146721	0.32298192
0.80140275	0.3081072	0.51573116
0.44730294	0.6629843	-0.34928635
0.43689132	0.95997	-0.31850672
0.24109113	0.9333068	0.8345419
0.8517725	0.83978623	0.3937423
0.6972989	0.7336381	0.42130002
0.1926955	0.8816499	0.052334964
0.23232096	0.9037901	0.66656536
0.78294593	0.91553	-0.99580085
0.19978768	0.35830933	0.7763951
0.77908534	0.39029473	0.15114337
0.7013885	0.8294072	0.17719233
0.09963757	0.37793505	0.109850645
0.86003184	0.96317506	-0.7208139
0.50745964	0.62081677	-0.6621902
0.53561425	0.81000775	-0.18615031
0.8574072	0.45400023	0.52150553
0.9211206	0.7792323	0.3266365
0.040629983	0.86063063	-0.09187417
0.1150431	0.3626101	0.50455815
0.97245514	0.8072998	-0.12171776
0.20526373	0.76761436	-0.8179535
0.16214174	0.3365056	0.8887378
0.5721499	0.69514996	-0.13872899
0.49673373	0.20189321	-0.46431592
0.84404564	0.5747217	-0.12230794
0.7104428	0.7064407	0.12284589
0.3700118	0.11409074	0.35979277
0.7852531	0.8410629	-0.5620148
0.30089885	0.973009	0.4601817
0.059714556	0.8773258	0.00765875
0.29011816	0.45183736	0.15524028
0.17367142	0.29359883	0.72039396
0.40618962	0.9539748	-0.40697354
0.9795815	0.13626158	0.6346754
0.55618	0.85252047	0.0444184
0.2836591	0.58553207	0.06732528
0.4087975	0.8096172	0.11156546
0.42610502	0.93539655	-0.31382352
0.082660496	0.88141406	-0.054655317
0.54985154	0.31189615	0.34049273
0.33419967	0.95048994	0.06897959
0.2612375	0.11737788	-0.22796987
0.4243425	0.7216232	0.12363841
0.79510504	0.8043302	-0.33162278
0.2621416	0.101431906	-0.20459796
0.6123255	0.59389323	0.0053998716
0.034693003	0.93907714	-0.47199392
0.2140643	0.44282657	0.74679685
0.60784173	0.103725374	-0.3830417
0.1051721	0.61694205	-0.18147098
0.6245175	0.23816425	-0.2944031
0.76275504	0.7466735	-0.69838065
0.20938069	0.70363826	-0.9012908
0.065614164	0.3374853	-0.6945452
0.8080845	0.1939261	0.36826262
0.90418947	0.6601361	-0.07863463
0.6568114	0.92529744	0.075677276
0.6160467	0.17411304	-0.2996726
0.86172616	0.6475409	-0.11624484
0.8786283	0.4826736	0.36640942
0.8656639	0.5380875	0.103308454
0.8478323	0.49899495	0.36115977
0.83689797	0.35102123	0.46028936
0.11743355	0.10519308	-0.02796961
0.45782924	0.46052814	0.24099717
0.5866881	0.44921422	-0.4583674
0.29790097	0.880823	0.5983377
0.28248566	0.52857995	0.22614612
0.29015326	0.9299844	0.60586506
0.29426694	0.18153739	-0.30822143
0.7997542	0.69108707	-0.49228117
0.22200078	0.7340677	-0.79079825
0.9988146	0.30402267	-0.8886142
0.3830861	0.38662583	-0.07224741
0.60285646	0.96370214	0.29113615
0.05115366	0.49241608	-1.2338321
0.42669982	0.39042145	0.035073947
0.35485232	0.035480022	0.45592877
0.4674818	0.6490621	-0.75405055
0.6839923	0.96691763	-0.3520263
0.54044044	0.9174814	0.0714866
0.014971793	0.28844398	-0.99262804
0.24037158	0.8736578	0.5304286
0.19869095	0.6685463	-0.6397832
0.5990733	0.045324147	-0.38073534
0.1331532	0.3288908	0.7107004
0.09760088	0.21766442	0.43004322
0.2547801	0.9713464	0.88444895
0.62737435	0.69977546	0.52264506
0.8945688	0.6013849	-0.1753561
0.29951954	0.9924083	0.46229956
0.13596034	0.12985992	0.06276518
0.6708341	0.68471205	0.66640687
0.3512215	0.9658735	-0.12586571
0.020536005	0.14886475	-0.41176042
0.31411433	0.9110622	0.35521322
0.4346137	0.054848254	0.8152418
0.4925866	0.22883809	-0.38298717
0.97749007	0.8027819	-0.1960286
0.1458841	0.6430368	-0.3176633
0.6404318	0.19419545	-0.5790963
0.6034209	0.34695458	-0.33121496
0.3151074	0.8597018	0.38778892
0.85701036	0.8580045	0.31552267
0.8877594	0.7339149	0.18231285
0.2561016	0.9872604	0.96019924
0.38298553	0.53000236	0.20240156
0.61392844	0.20621222	-0.15144674
0.50570875	0.20128834	-0.40326384
0.4068643	0.30323178	-0.16119932
0.61376053	0.24734694	-0.116293766
0.52419215	0.9856985	0.22708297
0.13559866	0.20538116	0.48005795
0.20927131	0.68061244	-0.7707626
0.03770393	0.9409374	-0.5099653
0.23098582	0.061820924	-0.3569272
0.58056223	0.41253835	-0.2012763
0.87328404	0.49756247	0.38403898
0.6051105	0.8107856	0.28980538
0.045440614	0.056265116	0.025222711
0.3749681	0.50467	0.20071381
0.26681596	0.5312768	0.25190935
0.36141992	0.61713773	0.33403438
0.25181907	0.0851109	-0.2869302
0.4262879	0.6382709	-0.057020586
0.66600543	0.18727219	-0.8135509
0.2782452	0.36613768	-0.16230464
0.11923456	0.012140691	-0.3988471
0.67493135	0.021600366	-0.47446385
0.60786915	0.258318	-0.0718009
0.09013754	0.9416788	-0.19008665
0.7665425	0.14867145	0.4388831
0.92166907	0.46033704	-0.37910986
0.3080176	0.8333379	0.36909324
0.10600448	0.54570866	-0.32956555
0.719349	0.22068226	-0.30108792
0.9024117	0.0022548437	-0.21562152
0.25887132	0.6020137	0.059775274
0.08666551	0.027428389	-0.13141932
0.4647807	0.10228765	-0.008892044
0.051541448	0.5695588	-0.81819296
0.9853409	0.13135964	0.6132386
0.1535815	0.28213966	0.7825101
0.019641042	0.04710692	-0.14647903
0.85260916	0.6278896	-0.26148492
0.31324995	0.99462634	0.24775152
0.72751075	0.9607547	-0.83026785
0.22364098	0.5880736	-0.032021943
0.91391563	0.23171282	-0.11985285
0.88850564	0.57372093	-0.15339267
0.24878114	0.21901459	-0.14656
0.3563571	0.99948585	-0.20517078
0.41151154	0.43925703	0.07964182
0.021637619	0.60213614	-0.3477814
0.049050033	0.71315604	0.2970317
0.9766763	0.33043903	-1.0981426
0.49446368	0.57484955	-0.3286449
0.13525355	0.54252684	-0.06413849
0.94028205	0.4609846	-0.9471208
0.38727874	0.82519156	0.0956097
0.28160697	0.35217822	-0.25272733
0.45362794	0.78093684	-0.40906298
0.13249183	0.97704434	0.33501375
0.34564233	0.6513186	0.36421195
0.27220964	0.30627728	-0.2966534
0.063441575	0.84020483	0.11536577
0.21984488	0.69458824	-0.7984066
0.54164714	0.5455581	-0.42444387
0.46313494	0.42816633	0.3130347
0.06868726	0.6059595	-0.43844005
0.29029363	0.34743112	-0.33231413
0.37572455	0.13581246	0.2764523
0.88076717	0.23067927	-0.30734646
0.39472765	0.55714136	0.11782244
0.499358	0.6067469	-0.5403961
0.97871	0.9391095	0.041501775
0.21446389	0.41271478	0.6828262
0.76562357	0.41021824	-0.20875143
0.63818866	0.1889469	-0.5890862
0.037110865	0.54203296	-1.0636277
0.89375216	0.857413	0.5361208
0.26690787	0.3298902	-0.20584111
0.431678	0.42676324	0.11839331
0.9197716	0.23761642	-0.13567092
0.36536878	0.54617095	0.26858917
0.08251679	0.9244802	-0.19676843
0.25874758	0.88409555	0.72875017
0.39350706	0.655324	0.21679068
0.79683775	0.35444832	0.55771285
0.13003749	0.40284252	0.56193024
0.02762556	0.5379589	-0.9988853
0.80028236	0.7792068	-0.28755254
0.17910725	0.039612234	-0.5683413
0.01621604	0.10358012	-0.3497684
0.7013866	0.058251858	-0.32623464
0.10478526	0.20426238	0.44302514
0.30434453	0.5452045	0.20286793
0.32550454	0.7079065	0.23764406
0.2544356	0.63630205	-0.1815825
0.6552999	0.040584147	-0.6613419
0.50238234	0.5855557	-0.43251696
0.13403451	0.003647983	-0.43700552
0.18772829	0.5022192	0.49054766
0.40093368	0.8508925	-0.0030952413
0.6672501	0.16425228	-0.8184051
0.82858294	0.88719	-0.3278641
0.48839098	0.4896087	0.25692105
0.14478254	0.15031338	0.07180099
0.011940956	0.2984228	-1.0918787
0.009122252	0.50690234	-1.0652944
0.32942867	0.8374962	0.2998724
0.95172894	0.9523151	0.24589206
0.5795623	0.78233296	0.042794496
0.7675106	0.5895312	-0.8401357
0.05761832	0.106152	-0.034123868
0.3005718	0.43394923	0.10459122
0.24717253	0.66947335	-0.4142203
0.9278871	0.08110851	-0.010823011
0.5751646	0.9622908	0.2098653
0.7816818	0.9079621	-1.0080355
0.11079967	0.11560559	0.04036376
0.47210413	0.35135883	0.15468785
0.7005808	0.8373932	0.17828622
0.15045214	0.9603648	0.48762992
0.30793035	0.7711497	0.23798726
0.70671	0.98050374	-0.7224415
0.18786573	0.39846158	0.8587595
0.68257797	0.08774632	-0.5809558
0.037274837	0.8695926	-0.17407294
0.07572973	0.50163376	-0.9198038
0.50654167	0.8876604	-0.2988766
0.6189046	0.70209163	0.48597527
0.00488168	0.7854036	0.1259781
0.88383234	0.27469426	-0.16916421
0.37697804	0.0021739006	0.7959325
0.053935707	0.32209587	-0.8784557
0.1734286	0.9634071	0.65659404
0.7722813	0.054469824	0.47237605
0.4970919	0.73319376	-1.0637637
0.31226385	0.3014695	-0.49604565
0.75940317	0.58600795	-0.8568611
0.38099605	0.2900545	-0.19589365
0.90790415	0.94531953	0.07088333
0.93803084	0.26941574	-0.35626256
0.24560523	0.41995394	0.2000408
0.93502027	0.23011506	-0.06765354
0.5161565	0.24139827	-0.07724904
0.35061306	0.6742713	0.23587006
0.9874364	0.502335	-1.1203434
0.22976023	0.4563055	0.49462527
0.32540083	0.29304212	-0.5227806
0.9505826	0.33016622	-0.907078
0.34210116	0.016070485	0.223863
0.70333326	0.7469977	0.32749122
0.9789994	0.6939067	-0.3268254
0.663972	0.84465194	0.39509547
0.3180356	0.26033813	-0.45816702
0.51618767	0.97145796	0.13586338
0.9688218	0.41148818	-1.334032
0.9233947	0.058356047	-0.06938073
0.21896547	0.24542016	0.09910619
0.031746507	0.8395926	-0.06779572
0.50675446	0.25163424	-0.14685355
0.8692711	0.014282346	-0.23954342
0.3232587	0.74091953	0.23017891
0.37863016	0.87606287	-0.055412978
0.055151105	0.8723677	-0.09436779
0.7850319	0.38721395	0.28319174
0.4539925	0.04580736	0.5832803
0.38899678	0.025168896	0.9485902
0.39554876	0.22348285	-0.14115234
0.4508353	0.5316371	-0.09081486
0.8024029	0.14485174	0.34511256
0.900888	0.95943695	-0.14459819
0.6191872	0.30122912	-0.3782082
0.3453095	0.40233272	-0.12522082
0.6128527	0.41907936	-0.52030176
0.29390395	0.42557752	0.04962313
0.9895916	0.42708373	-1.433249
0.026944995	0.26639706	-0.87443775
0.38743412	0.983519	-0.4078985
0.5412387	0.60086703	-0.52583236
0.5729286	0.74097776	-0.05347849
0.9939002	0.88752055	-0.2172379
0.87405205	0.86131424	0.42138767
0.25773698	0.1770817	-0.23630656
0.9971986	0.9598626	0.06894721
0.5704333	0.004438162	-0.15595414
0.49020696	0.4206071	0.45699894
0.995216	0.6096421	-0.42408794
0.6541391	0.34610432	-0.74194
0.43790329	0.9737716	-0.30209795
0.16320872	0.9363161	0.41966754
0.6143826	0.061945677	-0.58868104
0.97068816	0.3374328	-1.0970311
0.70853686	0.11938882	-0.31820995
0.64420265	0.47705853	-0.5270388
0.960716	0.30996656	-0.8836371
0.6236124	0.54004544	-0.17660595
0.9837022	0.88707787	-0.15194006
0.2314061	0.81845605	-0.079355344
0.9729659	0.5280338	-0.8783851
0.2944839	0.8546612	0.5596936
0.6305745	0.35229146	-0.64600724
0.63734156	0.6469335	0.41232604
0.9145431	0.8823383	0.37848744
0.10006827	0.8965328	-0.11835015
0.4434262	0.3374583	-0.014891861
0.5822298	0.049344957	-0.11927746
0.8685939	0.85020113	0.5025136
0.2544132	0.06335789	-0.22746736
0.35666466	0.62916553	0.35507935
0.43300945	0.76188314	-0.06026556
0.96164113	0.6726264	-0.21757469
0.47262222	0.9590292	-0.32735533
0.052411914	0.037068903	-0.0039808666
0.19945246	0.71816367	-0.83577466
0.360812	0.023658395	0.5503421
0.115450144	0.98983395	0.1131897
0.9568694	0.3831728	-1.2522538
0.6793492	0.0518409	-0.5528453
0.38458306	0.21711648	-0.20326325
0.5666271	0.44341117	-0.29199785
0.29659516	0.75728995	0.10776919
0.16887403	0.17555404	-0.05721655
0.78717405	0.71126175	-0.5622934
0.6738036	0.5491714	-0.16313173
0.55794346	0.44513506	-0.18711564
0.36538386	0.97776973	-0.25448188
0.016733646	0.540286	-0.9567035
0.45552325	0.16714317	-0.36579332
0.99298596	0.36629987	-1.3024402
0.6572503	0.7972287	0.5801054
0.501165	0.17006665	-0.46866533
0.8438224	0.5692437	-0.19324562
0.6256101	0.5952245	0.12128141
0.41221434	0.3218351	-0.113511905
0.6642908	0.05185461	-0.6685043
0.014694512	0.6867776	0.14257611
0.75575477	0.8352233	-0.4564057
0.21670109	0.430178	0.70913094
0.98068583	0.20392227	0.022358734
0.8956595	0.050089836	-0.3549004
0.69367325	0.8498326	0.18800378
0.15659916	0.41450924	0.8104309
0.87774956	0.031363845	-0.3112694
0.8476742	0.32192433	0.2886952
0.9511316	0.053009868	0.29245526
0.7773834	0.84821314	-0.57949466
0.07258403	0.06629193	-0.10148907
0.26530147	0.7204182	-0.22625984
0.83206874	0.7904936	0.25523666
0.6086339	0.6162453	0.12655173
0.75362676	0.84761083	-0.45251706
0.06405532	0.96982634	-0.4545211
0.13343251	0.6908272	-0.44092628
0.10022491	0.3429312	0.26255614
0.52380306	0.7960464	-0.44047335
0.10954845	0.5965401	-0.28677344
0.68896604	0.5550584	-0.3759103
0.7051273	0.49549735	-0.9615994
0.36301184	0.89773643	-0.0017340071
0.9965303	0.5509921	-0.8009738
0.11503041	0.26210302	0.6914298
0.81419456	0.15320957	0.2886236
0.9181739	0.4805447	-0.29195055
0.70552695	0.6290253	0.0057908986
0.3209595	0.7369054	0.21003325
0.7637288	0.19325787	0.47203583
0.65957224	0.52823335	-0.23932016
0.8145849	0.9994001	-1.2540486
0.27748722	0.051350176	-0.1411185
0.04756391	0.6581305	0.03453723
0.17152321	0.67773724	-0.56739676
0.016069233	0.39875996	-1.4410306
0.26416558	0.6843649	-0.2890635
0.7633769	0.56500936	-0.8666002
0.19755137	0.50033945	0.58885133
0.142192	0.46292645	0.5045828
0.1588254	0.39793813	0.8652428
0.96298367	0.5683712	-0.56429386
0.005757749	0.96914816	-0.64710325
0.49128395	0.25416422	-0.2163389
0.7272801	0.42108887	-0.76542026
0.6982851	0.566343	-0.40299353
0.15351182	0.8739013	-0.24265522
0.7193555	0.08473736	-0.14707415
0.48315763	0.5215868	0.024198068
0.9656833	0.27473956	-0.5730459
0.14982665	0.9783275	0.5830168
0.92390263	0.17118692	-0.0055483673
0.2733773	0.1291371	-0.23502599
0.38386405	0.05801469	0.72861874
0.39977324	0.36851478	-0.05399165
0.13017362	0.62245756	-0.28045216
0.93715286	0.87435085	0.45281455
0.48972553	0.80276614	-0.8195283
0.9148767	0.32093656	-0.41773605
0.5521298	0.8061621	-0.09016029
0.63941735	0.46332324	-0.53617835
0.74206144	0.19365716	0.15839645
0.7250013	0.71309936	-0.14236096
0.915558	0.33959115	-0.4440278
0.049552977	0.65290934	-0.011686376
0.5962316	0.9411768	0.15369266
0.67660356	0.1674009	-0.838639
0.8614884	0.099579036	-0.38315028
0.49806088	0.71033615	-1.0737431
0.06795567	0.7602026	0.34217477
0.5523662	0.92566293	0.15248787
0.31303728	0.2699833	-0.46872485
0.77518326	0.13068008	0.4006311
0.8049154	0.6569025	-0.4928221
0.19167829	0.65015143	-0.4690194
0.7225286	0.2654034	-0.26574838
0.4731657	0.86460143	-0.5019284
0.40759677	0.58516884	0.11203703
0.9087248	0.89439666	0.35218588
0.4187175	0.054527283	0.91307086
0.5265633	0.48802012	-0.07564404
0.6836744	0.89184004	0.018217744
0.12879866	0.12814194	0.07499154
0.758125	0.7482538	-0.53383124
0.49118042	0.45478606	0.2829526
0.20443869	0.18089992	-0.24676749
0.4564433	0.4023674	0.33357066
0.9971039	0.34013236	-1.0693518
0.54387665	0.7726596	-0.31668702
0.5391834	0.8133372	-0.18548644
0.8278618	0.98564065	-1.0440063
0.13654828	0.8306723	-0.44595596
0.43785024	0.3473894	-0.01915728
0.3556283	0.98258066	-0.1280193
0.0070893764	0.2725758	-0.962399
0.06346613	0.5119363	-1.1015233
0.20685118	0.30050617	0.4527985
0.57931256	0.8512107	0.12887798
0.34366614	0.01672864	0.25741166
0.23660487	0.60210365	-0.10332816
0.7636456	0.14369184	0.37206468
0.87410444	0.68086916	0.044524487
0.463385	0.3412025	0.049300764
0.5736649	0.96007663	0.20132016
0.73286843	0.42740387	-0.743033
0.4856251	0.8433648	-0.5877092
0.8347924	0.4536112	0.4267404
0.25911313	0.8333622	0.45237753
0.70074105	0.6836441	0.3380773
0.2608453	0.72508675	-0.2526427
0.31399214	0.20603651	-0.38988963
0.39558858	0.29345602	-0.20715383
0.65476006	0.10741681	-0.766601
0.584466	0.923931	0.18429244
0.41602254	0.2984565	-0.17743208
0.9976091	0.69534063	-0.28359488
0.71270895	0.27640003	-0.57225335
0.54743016	0.42798018	-0.07717897
0.9941862	0.0035383701	0.5741548
0.6816641	0.7164366	0.5906042
0.55923426	0.91289973	0.047488388
0.22416222	0.4397419	0.62705255
0.99102116	0.32585317	-1.0463731
0.35696524	0.32778263	-0.31559905
0.83804524	0.29164523	0.15537049
0.42244124	0.053148627	0.9791872
0.9694324	0.12590867	0.60563487
0.9502253	0.47058946	-0.99131984
0.004606247	0.45559925	-1.2857996
0.7511132	0.42589045	-0.5462927
0.31368685	0.019612193	-0.048020378
0.526152	0.4461701	0.087070666
0.7461656	0.4259296	-0.6074077
0.06668419	0.8516347	0.1050946
0.5636618	0.048940897	-0.06871383
0.48410594	0.11171347	-0.32841292
0.604863	0.38163894	-0.48330277
0.4146114	0.08829218	0.7345013
0.7801247	0.5722971	-0.711289
0.93349063	0.007480681	-0.019527655
0.23915732	0.35474956	0.14555277
0.5111875	0.894235	-0.22663018
0.59490937	0.2971372	0.050994106
0.6044568	0.63266814	0.20322482
0.84324414	0.6301246	-0.20035082
0.054597557	0.16835344	-0.17037919
0.609956	0.30389303	-0.21769148
0.65681875	0.6505556	0.65690666
0.6116695	0.9986077	0.21802929
0.65619904	0.65036476	0.6112581
0.7664602	0.08530998	0.43942443
0.35243797	0.4368139	-0.007157432
0.7043546	0.47510767	-1.0043972
0.5872163	0.80218464	0.13208401
0.5480027	0.9933456	0.27421185
0.05917555	0.39243752	-1.1783724
0.31868428	0.40874153	-0.037199035
0.9235967	0.9057042	0.33613223
0.42455631	0.03266114	1.0591606
0.11473882	0.50434065	-0.15328029
0.21869373	0.94053286	0.70393705
0.84309685	0.52586526	0.13997085
0.57882345	0.7696073	0.047719546
0.8371772	0.44069338	0.47453764
0.69353545	0.10783285	-0.5572973
0.24084944	0.9652894	0.90817887
0.18255931	0.94316053	0.5481417
0.36651158	0.6663099	0.25374463
0.73951954	0.0963065	0.17486152
0.39906526	0.31404155	-0.096658915
0.5573683	0.3128751	0.32515496
0.1533438	0.5132945	0.26612392
0.2134654	0.34684926	0.53633374
0.96282077	0.4053138	-1.3190916
0.21539557	0.98556095	0.9689051
0.7501083	0.9863157	-1.2075622
0.40598696	0.03806621	0.99637973
0.07078689	0.024367392	0.020215958
0.59718055	0.9708979	0.23614222
0.45275778	0.16369802	-0.26044884
0.13450992	0.29898477	0.8001
0.99740094	0.21267861	-0.049966045
0.6504902	0.084599555	-0.7383456
0.8038145	0.07638782	0.43054113
0.06664896	0.83310676	0.24414276
0.85645306	0.46246648	0.57194835
0.9465506	0.48861814	-0.84099025
0.63324213	0.58512294	0.038707532
0.49533927	0.5323572	-0.089809656
0.16415167	0.20196801	0.1610162
0.6975664	0.52301145	-0.72592
0.85288215	0.36803693	0.45394114
0.265131	0.91867435	0.7827325
0.35416538	0.95478487	-0.09111408
0.27437145	0.06168878	-0.1645901
0.88759476	0.6807857	-0.031517155
0.98124486	0.78283805	-0.21779217
0.98995686	0.7527065	-0.35354516
0.1120317	0.026695669	-0.2509124
0.047979057	0.05133897	-0.030161068
0.5737628	0.093658626	-0.002138622
0.2092008	0.90859944	0.38550335
0.4210028	0.5310347	-0.010725977
0.9167208	0.2594086	-0.1824114
0.37471288	0.14432204	0.22576518
0.23083735	0.87674564	0.39853716
0.2775218	0.7152855	-0.071743146
0.42845637	0.23138893	-0.3334495
0.28757274	0.8121263	0.4202278
0.95666337	0.11009574	0.5095462
0.17599094	0.5814141	-0.05179395
0.7092054	0.93387824	-0.496058
0.23991722	0.580407	-0.00019962713
0.12823373	0.97183985	0.2786484
0.5220354	0.9069444	-0.014255308
0.61438704	0.43065178	-0.4618425
0.021855235	0.81922895	0.043160457
0.38444424	0.5898483	0.2877413
0.8018237	0.6121086	-0.49574584
0.33815837	0.44749045	0.155423
0.507844	0.7142834	-1.0225286
0.9837958	0.33050317	-1.1276814
0.662965	0.4375434	-0.79126394
0.23196071	0.81700397	-0.09933089
0.4663028	0.4388612	0.35565656
0.7211115	0.68726516	-0.14583915
0.82333857	0.1898458	0.07748971
0.4389267	0.14688599	-0.07344465
0.3133692	0.8634033	0.3828259
0.18091518	0.35951054	0.90767676
0.8201485	0.02937007	0.34440038
0.4895277	0.2844258	-0.12731992
0.8692496	0.012563705	-0.24869403
0.033482075	0.11926764	-0.2704569
0.33588004	0.763865	0.21478501
0.17579782	0.91133124	0.20371367
0.114513755	0.9068031	-0.12101666
0.5101705	0.31570596	0.15782359
0.22443378	0.79416686	-0.43691516
0.008150101	0.038737774	-0.25877923
0.10408908	0.554598	-0.41823077
0.15566629	0.29976237	0.7819245
0.36910772	0.5935513	0.33111802
0.045461655	0.45765293	-1.414438
0.4215356	0.34590352	-0.073786706
0.8086828	0.45166773	0.18014693
0.6225971	0.6012941	0.16098383
0.8692645	0.82898164	0.5609335
0.9796289	0.22422415	-0.10604602
0.44007075	0.19185323	-0.29016912
0.78407687	0.7986826	-0.4645756
0.85582167	0.17036563	-0.25929007
0.15365887	0.049901128	-0.4891569
0.91473144	0.37765753	-0.40447176
0.45209646	0.73813885	-0.31643802
0.30192703	0.4342388	0.1360704
0.68542695	0.63426465	0.37439498
0.7512385	0.85326123	-0.5247912
0.04651326	0.21672237	-0.41898534
0.12331593	0.5762821	-0.1446438
0.3660648	0.9415271	-0.18846588
0.35415262	0.7919507	0.23751903
0.8961943	0.97476524	-0.29302263
0.24613035	0.5331434	0.28874454
0.11691809	0.021586657	-0.30866194
0.9216409	0.8413906	0.46938795
0.5837443	0.07993424	-0.14659062
0.63187206	0.9334898	0.23334832
0.5895245	0.12513763	-0.09772464
0.42201835	0.012550294	1.2656122
0.029247701	0.3310337	-1.2703636
0.029023051	0.7877933	0.14104785
0.9375756	0.6526709	-0.16454162
0.6416994	0.9237516	0.23724338
0.16623402	0.19120866	0.09357108
0.017109096	0.42354292	-1.412663
0.89846015	0.5701934	-0.08655448
0.76304096	0.44648272	-0.5378229
0.42972708	0.63239545	-0.09429097
0.5105268	0.09940755	-0.29281744
0.13553202	0.8371032	-0.44625938
0.038042963	0.3848681	-1.4944931
0.16069365	0.39259243	0.8585773
0.77914214	0.2753101	0.6988766
0.7723004	0.46483612	-0.49027666
0.6249481	0.31160003	-0.46144488
0.047957122	0.50755244	-1.2339708
0.6936683	0.16875327	-0.71855
0.5989783	0.8080647	0.26097235
0.87851	0.007891536	-0.25682494
0.94952196	0.7853504	0.16327861
0.35321337	0.93203557	-0.06569782
0.91746724	0.96944153	0.0761799
0.10593659	0.17685062	0.32135868
0.6565553	0.5598631	0.008006752
0.11424661	0.7843404	-0.30750805
0.96348715	0.15263152	0.46870005
0.8025447	0.06779897	0.50556874
0.15356767	0.287148	0.8061967
0.6845596	0.6766769	0.6266231
0.6894426	0.44057566	-1.0111703
0.94855446	0.9186853	0.2819318
0.3576476	0.6189888	0.40587303
0.84565026	0.1871512	-0.16341935
0.92566717	0.12188333	0.012722114
0.6903891	0.6656217	0.4884453
0.17982274	0.1818664	-0.0940312
0.12279624	0.058157206	-0.1866181
0.30893975	0.5696759	0.17950313
0.1787852	0.09800023	-0.4177312
0.1847657	0.343513	0.8365186
0.40905583	0.869914	-0.07283495
0.6672653	0.5904435	0.245834
0.8098699	0.36766332	0.5098422
0.22362179	0.9028072	0.48194265
0.0831579	0.79542404	0.2510685
0.5142483	0.46384454	0.15331241
0.99901116	0.8138962	-0.33599785
0.093143225	0.6421706	-0.12762454
0.087825835	0.22443849	0.2981388
0.17590487	0.2422896	0.31299022
0.8117823	0.174214	0.2930312
0.13801497	0.80434877	-0.53197324
0.03741342	0.38387132	-1.4165016
0.751521	0.43584102	-0.5695766
0.41787094	0.6881253	0.13767064
0.8084526	0.4266187	0.32950738
0.025021732	0.9005804	-0.30392843
0.12524796	0.6865747	-0.3536142
0.06282455	0.86800355	0.05052936
0.6621119	0.86664927	0.29980618
0.993979	0.035730124	0.7039146
0.8091896	0.6089414	-0.47218972
0.9573716	0.96611273	0.21647932
0.6611306	0.40037137	-0.79079336
0.79568934	0.14190686	0.44358355
0.1698165	0.74804085	-0.6899611
0.5008265	0.19777358	-0.4823336
0.4871962	0.54843163	-0.13635193
0.9230193	0.032470167	-0.07440978
0.22112292	0.38210875	0.55654705
0.5317871	0.5935406	-0.5584918
0.09359002	0.111825645	-0.1428259
0.085244656	0.5274438	-0.6820892
0.93217623	0.37643272	-0.86760366
0.7022775	0.31638825	-0.79348
0.017395318	0.06204647	-0.22186323
0.3682608	0.67084974	0.2758359
0.57723457	0.23019779	0.4067905
0.56544673	0.41135597	-0.1368795
0.99623805	0.8928841	-0.1693154
0.9026182	0.996457	-0.26010326
0.11212915	0.8116708	-0.19122192
0.70622915	0.8329113	0.12250663
0.1528598	0.82959795	-0.49772358
0.49910563	0.6371986	-0.7294455
0.18792552	0.28131908	0.5184191
0.85274565	0.8256787	0.50365824
0.5828889	0.69949776	0.07494289
0.8594643	0.42998505	0.5517565
0.17360586	0.549776	0.13780935
0.47571588	0.24320501	-0.40038997
0.7095872	0.5038763	-0.9590092
0.9810391	0.5598543	-0.70848817
0.87898636	0.556464	0.06031793
0.2509461	0.41599333	0.15708995
0.3497554	0.17221713	-0.12462869
0.9625995	0.35328	-1.1230233
0.7372667	0.87387556	-0.52000445
0.9664227	0.06724501	0.6279466
0.845856	0.89263934	-0.1665614
0.9284684	0.54530305	-0.3571153
0.98880094	0.5594091	-0.6367452
0.5981826	0.6834884	0.2616013
0.49827045	0.19478756	-0.4343356
0.18454236	0.5880628	-0.1639175
0.68084896	0.9605159	-0.26422846
0.22011179	0.6658164	-0.5927619
0.9486985	0.91645736	0.30968696
0.46484393	0.06372392	0.2787348
0.69780385	0.3439259	-0.861304
0.45173824	0.4164827	0.26959664
0.9724765	0.5235089	-0.8900487
0.03011167	0.40602458	-1.5568907
0.9523413	0.12305641	0.35266638
0.20955235	0.89434606	0.31248856
0.102098644	0.33070147	0.30372345
0.06273073	0.5120528	-1.0972073
0.5006919	0.7049925	-1.0463192
0.5631787	0.7894546	-0.032406032
0.20667171	0.8566501	-0.14001417
0.5131152	0.9427873	0.01223338
0.058967054	0.1534344	-0.13176519
0.32318407	0.48150587	0.27502307
0.9746737	0.010962009	0.6202955
0.92962086	0.49779195	-0.5205888
0.9241153	0.85276896	0.49253118
0.5158113	0.33940583	0.29163438
0.37312752	0.6565848	0.20841563
0.04397267	0.07962352	-0.078757174
0.43152928	0.65705246	-0.070689626
0.20085675	0.31160992	0.5134422
0.14131552	0.7997902	-0.57903904
0.8700553	0.28574592	-0.098499164
0.4464262	0.7270022	-0.17802271
0.95503515	0.9712334	0.17616893
0.040991545	0.24292433	-0.54458326
0.119946	0.9891858	0.21789816
0.9872122	0.8495167	-0.16452312
0.042817295	0.34485203	-1.1758995
0.5228781	0.4776922	-0.030539444
0.4695065	0.6176115	-0.59182507
0.36207527	0.84811234	0.18010403
0.037755847	0.30242616	-0.92780674
0.4407742	0.6017406	-0.26652497
0.09974277	0.48316568	-0.44098017
0.68060005	0.17937875	-0.82112765
0.9004558	0.7430259	0.26751867
0.0032530427	0.064932406	-0.37529135
0.20253265	0.2505452	0.17972861
0.6233212	0.47761172	-0.44544464
0.026515722	0.64836794	0.0062090186
0.3896554	0.28663528	-0.19479933
0.6079801	0.24784815	-0.028999466
0.31768507	0.5829682	0.25568858
0.10091376	0.9566177	-0.11298616
0.93031377	0.6998222	-0.04759615
0.18870819	0.4717791	0.6338696
0.50436765	0.28545576	-0.102868065
0.21122295	0.04398614	-0.5265131
0.46076524	0.70851856	-0.61673784
0.57863975	0.38256097	-0.17727906
0.52199125	0.53919894	-0.25036004
0.628904	0.71654713	0.5678861
0.09205812	0.848752	0.0052033914
0.101441145	0.55939597	-0.42422944
0.9498808	0.9317469	0.24265341
0.9289544	0.84078836	0.44856054
0.89362377	0.48717105	0.18937075
0.28129458	0.8058348	0.3431637
0.6933007	0.87759787	0.024776258
0.7120779	0.6759022	0.06261379
0.34983915	0.6034014	0.34272024
0.97187704	0.18615621	0.28323695
0.20639563	0.52841985	0.32761744
0.9890732	0.12302548	0.61921203
0.7554336	0.8327169	-0.4857368
0.7171812	0.1621384	-0.34760213
0.6869149	0.5809332	-0.055110563
0.12434286	0.4325419	0.32643372
0.8258549	0.7644301	0.11678086
0.5635282	0.3704142	0.07359975
0.7373069	0.82620615	-0.24502201
0.6305872	0.829359	0.4213693
0.4483258	0.9261025	-0.37872955
0.0209018	0.8222834	0.04545039
0.79063356	0.65415335	-0.6342973
0.18824893	0.3491463	0.8441053
0.76550406	0.98085356	-1.4035699
0.15746647	0.48272032	0.42418304
0.19049442	0.6564447	-0.4785093
0.0067647696	0.98988444	-0.6772806
0.6612439	0.40257174	-0.82567495
0.6280839	0.08810961	-0.68846315
0.24726868	0.91352856	0.73255527
0.7964004	0.06561428	0.56813085
0.52571046	0.9331456	0.04295918
0.839236	0.97990286	-1.0217073
0.60940474	0.32321733	-0.30761552
0.019991994	0.97475487	-0.7092239
0.37382263	0.8389593	0.10177426
0.6789797	0.5249456	-0.44978875
0.578659	0.9429948	0.17493454
0.9501873	0.2349602	-0.16711539
0.9964698	0.48034102	-1.2307222
0.6438738	0.06972414	-0.7743873
0.6672552	0.8042381	0.4955923
0.41848427	0.20520037	-0.2218824
0.42783874	0.025463164	1.12439
0.8860235	0.5424449	0.025642335
0.5573699	0.96787995	0.2223975
0.6002616	0.06281328	-0.4210318
0.33525163	0.5364941	0.2753281
0.9139054	0.7462162	0.2072024
0.05878383	0.62825394	-0.23243284
0.6588614	0.029527783	-0.5805619
0.59386307	0.3563649	-0.2341225
0.10065955	0.72711533	0.018813372
0.9693918	0.9280965	0.12098853
0.100598454	0.8024442	-0.004316109
0.8357607	0.42966765	0.4841264
0.79833657	0.09788704	0.50181234
0.08784759	0.123748004	-0.039919347
0.3912201	0.11405295	0.5302254
0.80414057	0.9628989	-1.232567
0.09826952	0.9738091	-0.051801797
0.9732511	0.32380867	-1.0825382
0.9508687	0.58093363	-0.3826372
0.3936206	0.47307032	0.022359526
0.43729275	0.004071057	1.107894
0.34849793	0.25478756	-0.317344
0.5737543	0.20852613	0.35898837
0.29797447	0.5823173	0.1279078
0.30296922	0.71352965	0.07590915
0.5929087	0.836093	0.20343317
0.0564484	0.1139527	-0.09839875
0.7407869	0.051592708	0.23855703
0.37462717	0.32889825	-0.1875438
0.86237234	0.77972734	0.47601172
0.69149303	0.5361852	-0.5218343
0.10167515	0.51468194	-0.44804505
0.74547535	0.8470605	-0.44299197
0.27793312	0.29530776	-0.30205008
0.13329083	0.4484933	0.4416646
0.90294546	0.88564694	0.43637913
0.6608046	0.7415349	0.6821685
0.57515824	0.53925824	-0.42109537
0.9127452	0.17900985	-0.13338073
0.72458214	0.60391337	-0.58174974
0.3720708	0.05354756	0.62489617
0.96068	0.7844458	-0.034768596
0.19110006	0.48856986	0.6412689
0.39364803	0.8294933	0.10674519
0.85370386	0.5278136	0.16441596
0.43882167	0.8389704	-0.20885806
0.4388724	0.68170714	-0.13028339
0.21292937	0.5317221	0.31685287
0.80440235	0.18207246	0.3917943
0.4409877	0.6980648	-0.17147896
0.56427675	0.127033	0.059013132
0.85121304	0.86880577	0.14741303
0.69089365	0.8027817	0.31615168
0.18000567	0.38738632	0.9315214
0.68330276	0.3553294	-0.89255565
0.754569	0.5493786	-0.997695
0.8926623	0.12314808	-0.37573174
0.8944068	0.8257575	0.55200255
0.15819055	0.5494787	0.12406989
0.62948143	0.067159235	-0.686902
0.52257526	0.61841047	-0.66550213
0.53406674	0.33399588	0.19437599
0.97545993	0.9958129	0.13794218
0.47564572	0.86097056	-0.58738524
0.7944014	0.40155953	0.2691307
0.62933	0.8421345	0.3653484
0.2951243	0.060126185	-0.121299356
0.77292717	0.1601919	0.4288217
0.029521167	0.7052592	0.19263576
0.5772539	0.8857063	0.13912782
0.9545256	0.25679916	-0.23408028
0.38123548	0.94261044	-0.28626147
0.6555467	0.62464046	0.51032597
0.21733886	0.6831864	-0.76691663
0.8135206	0.2922759	0.40508896
0.9627654	0.8057954	0.016122289
0.406399	0.8760994	-0.15428582
0.54939187	0.73459506	-0.3308865
0.9840318	0.36950082	-1.367519
0.028709888	0.7186303	0.23084085
0.41105723	0.0236938	1.1527501
0.6450003	0.33892983	-0.6792863
0.4680935	0.34466004	0.14422774
0.89922506	0.50307333	0.086972676
0.600598	0.3074265	-0.038279183
0.46182996	0.3811112	0.22670405
0.7302775	0.07921296	0.028602626
0.20538545	0.20006973	-0.11806373
0.3885072	0.3612532	-0.07519922
0.31987435	0.70580256	0.20686522
0.79008603	0.8978992	-0.9282581
0.8644794	0.2448256	-0.23000115
0.6157546	0.668895	0.3874424
0.5216531	0.57362616	-0.45332575
0.7614877	0.8480648	-0.5568691
0.9246725	0.21128172	-0.01635135
0.6735706	0.9029024	0.05353493
0.8231796	0.56825244	-0.3114063
0.39751273	0.3451538	-0.04977916
0.54360914	0.98364973	0.26053157
0.061332405	0.4213193	-1.1678144
0.8982757	0.22836882	-0.2630958
0.54677963	0.7763809	-0.19388679
0.4981507	0.7724002	-0.9104228
0.5654036	0.21996325	0.3715499
0.11243045	0.8658467	-0.2609885
0.08866644	0.8409101	0.084726885
0.8926386	0.5749094	-0.09498629
0.6133723	0.083820164	-0.53900665
0.45834213	0.08584428	0.16376188
0.16230828	0.46830052	0.55420315
0.8026207	0.97021174	-1.2757874
0.5608294	0.24766654	0.47304872
0.8601564	0.2832721	-0.04185147
0.871397	0.337826	0.22369096
0.82186407	0.86237055	-0.16816185
0.66177666	0.7535212	0.6614191
0.042795777	0.80824155	0.14070523
0.33535713	0.050180912	0.10346673
0.8088866	0.5551703	-0.37321153
0.5297639	0.21468943	-0.03017091
0.7851184	0.34331656	0.48381963
0.8656118	0.9207881	-0.22415073
0.46450144	0.37690103	0.16961437
0.107929945	0.044044018	-0.23132263
0.2087704	0.6582665	-0.6006409
0.9094307	0.8967752	0.3840216
0.64089704	0.14604712	-0.7435893
0.6037735	0.12670755	-0.23665644
0.40610766	0.88458	-0.14148489
0.6312366	0.6889415	0.6017832
0.053059757	0.8041724	0.2453655
0.27398354	0.46420902	0.21140231
0.31133276	0.848992	0.47229868
0.99981046	0.35954756	-1.2417012
0.264593	0.037796557	-0.18556955
0.7568637	0.64562666	-0.7528634
0.5120687	0.99277854	0.18386255
0.8100693	0.80298996	-0.13538072
0.72822815	0.004873693	0.12431973
0.86962384	0.43384343	0.5508552
0.9565853	0.9300036	0.23710218
0.86891174	0.94569623	-0.41367698
0.46558642	0.5177331	0.06423314
0.44638997	0.9627914	-0.33722404
0.5293283	0.9031796	-0.034269113
0.39181036	0.32827622	-0.08101091
0.78539425	0.7556992	-0.57065547
0.49600327	0.94606495	-0.15372744
0.43932742	0.44592518	0.13274938
0.4403373	0.5194766	-0.012068745
0.22802597	0.256468	-4.693866e-06
0.78521246	0.14095789	0.49391526
0.4787706	0.04591936	0.08237982
0.16211903	0.0944885	-0.35952988
0.7693083	0.8538882	-0.6063168
0.825798	0.3815546	0.55195355
0.38682592	0.7771334	0.11513513
0.6961735	0.28548485	-0.8100727
0.30568302	0.22967166	-0.38398784
0.7908006	0.5811485	-0.66044873
0.62256277	0.29013586	-0.38833582
0.37162387	0.21233004	-0.148837
0.77876633	0.5222944	-0.74175566
0.3805105	0.87067497	-0.02065263
0.77941424	0.08601904	0.5109914
0.8619516	0.87050617	0.19484697
0.9248252	0.013810337	-0.057866454
0.09097105	0.18410802	0.20416489
0.9844888	0.79383296	-0.21418463
0.8341362	0.5801807	-0.20875259
0.4447924	0.972644	-0.25723755
0.52988976	0.57621866	-0.4701163
0.74953353	0.2900741	0.37457478
0.092555344	0.5570498	-0.5040441
0.81813663	0.48381954	0.1746123
0.27519423	0.74510634	-0.07093252
0.48818672	0.7065615	-1.0280381
0.060857892	0.15622991	-0.09428068
0.9111851	0.8005679	0.475752
0.41214973	0.6803429	0.2064602
0.6153151	0.2027418	-0.17283958
0.9445569	0.2333383	-0.0886417
0.521498	0.51937985	-0.24311681
0.6341452	0.7642604	0.6344134
0.7525717	0.7481507	-0.5354607
0.7855478	0.44542462	-0.1641859
0.85967857	0.80149955	0.4452309
0.46569216	0.60424125	-0.49719617
0.49686605	0.07216096	-0.20987412
0.3974324	0.92838734	-0.28030372
0.7690983	0.6696821	-0.73695
0.10242164	0.7277177	0.0064993612
0.4499253	0.6405384	-0.3821269
0.005195439	0.067341685	-0.3334451
0.7555028	0.39602953	-0.26412803
0.3408652	0.59656894	0.42514837
0.22415984	0.62415713	-0.3303919
0.25828952	0.9441451	0.8393212
0.6749707	0.88376236	0.15290695
0.70753723	0.26384634	-0.6541139
0.94832665	0.8199345	0.21742114
0.9622923	0.28868997	-0.58346045
0.15867805	0.08821219	-0.35571688
0.11834973	0.68771625	-0.2699037
0.29065317	0.7774488	0.18604435
0.53308517	0.18057972	-0.17125867
0.7215311	0.78340954	-0.028315946
0.23138857	0.05686879	-0.35725912
0.13679612	0.24269885	0.7043225
0.2016018	0.23118013	0.04902754
0.757729	0.56706375	-0.93926305
0.17070651	0.22744948	0.29444265
0.79512	0.9001808	-0.88030446
0.12684709	0.801678	-0.39533076
0.5537473	0.8618154	0.046421863
0.6852806	0.50823957	-0.714508
0.11951882	0.61425513	-0.20868236
0.76348394	0.6760164	-0.7472275
0.576061	0.98046577	0.21623525
0.14763618	0.029121041	-0.5016003
0.16566718	0.67825234	-0.47612783
0.9782108	0.94659555	0.049218263
0.037704885	0.3494057	-1.2835736
0.3140009	0.7809041	0.2186507
0.039190292	0.22006333	-0.47063243
0.9204381	0.01971513	-0.100505054
0.9238196	0.022254586	-0.11582684
0.41909647	0.7017275	0.15221368
0.84103066	0.16375446	-0.14901268
0.8659677	0.25817817	-0.18703361
0.7990154	0.35216427	0.45388597
0.6039422	0.04407257	-0.50103587
0.8467182	0.5505711	0.026962455
0.7289422	0.7781226	-0.15552682
0.79303604	0.6731803	-0.59653974
0.65765464	0.90751547	0.11782604
0.8041293	0.59472156	-0.47744364
0.1883741	0.3257668	0.7384732
0.5126041	0.23175484	-0.16654676
0.41396892	0.099551916	0.514969
0.24922866	0.7248882	-0.3779078
0.46531165	0.7730783	-0.61451864
0.15698141	0.42960638	0.7234369
0.86908656	0.15024185	-0.40926886
0.7526701	0.4057874	-0.35305232
0.57332563	0.3046077	0.33328694
0.82829547	0.44013035	0.4317051
0.8891859	0.07047945	-0.38664854
0.77508146	0.7267758	-0.6287375
0.2616799	0.22116566	-0.1463935
0.26969552	0.70032805	-0.18964472
0.10307175	0.76055104	-0.03351389
0.1440664	0.4036094	0.77362704
0.5795406	0.4756161	-0.4153867
0.40561742	0.3969416	0.05053403
0.8860049	0.23524058	-0.25252038
0.52489144	0.64592147	-0.78248405
0.8751883	0.7677216	0.40305007
0.01797384	0.54506373	-0.9712469
0.11909807	0.64336467	-0.19295377
0.694298	0.98444027	-0.5133282
0.057879925	0.16657639	-0.143028
0.07163596	0.04447609	-0.0940381
0.54339826	0.80728865	-0.13390866
0.37854588	0.79168314	0.15643993
0.73663616	0.1523788	0.10339381
0.16398317	0.9352449	0.3940461
0.3582505	0.35302997	-0.34106928
0.1305176	0.92392105	0.060160942
0.7226468	0.93129885	-0.6547278
0.40235555	0.31776488	-0.11207503
0.8300466	0.060602903	0.11743885
0.3875618	0.7464617	0.12630665
0.14356804	0.56063545	-0.05565698
0.39578068	0.52796173	0.1481668
0.15355277	0.75054264	-0.671352
0.24713773	0.10135752	-0.3189269
0.047126114	0.22980613	-0.4226847
0.6984098	0.009378731	-0.19549567
0.9419367	0.9644331	0.22472619
0.65266633	0.7400526	0.71138394
0.86535096	0.8082789	0.5707792
0.23918861	0.4635024	0.38997698
0.17986	0.42817926	0.88578886
0.27671725	0.6049721	0.07614821
0.7114413	0.3670562	-0.7558098
0.5243633	0.45654947	0.11339608
0.5337066	0.6973927	-0.6468427
0.68020177	0.83410263	0.27961317
0.14093137	0.77775484	-0.5262645
0.09182674	0.9053784	-0.05807122
0.11098915	0.135827	0.14445373
0.6219337	0.74227685	0.52853185
0.64223146	0.638057	0.46880057
0.6880297	0.45978755	-0.943206
0.4910174	0.31667084	0.06664201
0.8816371	0.4725539	0.34090066
0.3927434	0.9116994	-0.21490142
0.5670777	0.23541403	0.50826216
0.5406807	0.14505106	-0.118245825
0.11009228	0.7123562	-0.08923287
0.52637833	0.3331412	0.22706884
0.32674235	0.9542769	0.15024383
0.8822376	0.4719392	0.40315452
0.7396692	0.5726289	-0.87989664
0.08144742	0.89463896	-0.061168373
0.28837526	0.72393525	0.0069095055
0.6381121	0.2857558	-0.50942266
0.3315946	0.13735652	-0.105993226
0.31951016	0.64339703	0.27913192
0.058464468	0.08030671	-0.10852299
0.51312155	0.36751556	0.29606122
0.9161225	0.49130958	-0.20039228
0.4710564	0.7878362	-0.72407055
0.29629624	0.44412303	0.18890251
0.67052954	0.3448891	-0.795521
0.2997771	0.6686078	0.10977774
0.43098658	0.7530815	0.035156664
0.4297518	0.07014328	0.764092
0.29507655	0.21046585	-0.38449433
0.006507635	0.64528346	-0.10367152
0.7375864	0.7245227	-0.40165862
0.19748044	0.1720351	-0.2790562
0.4647388	0.6151664	-0.53491557
0.14857727	0.63397664	-0.22401656
0.013716042	0.25522918	-0.87371546
0.9780309	0.39881408	-1.4273255
0.50058216	0.18188298	-0.41846904
0.9412745	0.5795291	-0.4088827
0.47255802	0.84841275	-0.5843781
0.20550197	0.8404023	-0.2409915
0.6688599	0.41627866	-0.9022687
0.5793607	0.42075092	-0.2971042
0.5594012	0.20040333	0.24778444
0.13803458	0.5242812	0.062271003
0.03126228	0.26619768	-0.7609351
0.72436696	0.35898805	-0.5731152
0.61714417	0.8023846	0.47722334
0.59192365	0.065548	-0.22598569
0.60587823	0.66251594	0.3176161
0.14484507	0.16918749	0.23961185
0.8273695	0.3244301	0.42687944
0.5375037	0.9996841	0.2423502
0.8814425	0.28542322	-0.08951531
0.46151912	0.69722164	-0.65833
0.029944003	0.9220047	-0.47371915
0.7042465	0.34919018	-0.847528
0.64370495	0.99159807	0.005598996
0.17306232	0.2777779	0.6146339
0.8686679	0.12201232	-0.4783528
0.24999565	0.27826035	-0.08475561
0.3213306	0.48214334	0.28183344
0.5659377	0.52419454	-0.42891613
0.58389544	0.4423567	-0.36354646
0.42844576	0.54004127	-0.052141048
0.48598367	0.4393344	0.36532712
0.6663803	0.3339272	-0.75528353
0.7346094	0.6582682	-0.48276925
0.81089854	0.7334925	-0.2281349
0.7030807	0.51029724	-0.8741861
0.19766164	0.7244132	-0.88990605
0.083552	0.8684009	0.01131563
0.3178423	0.7115079	0.24489005
0.3611887	0.3891704	-0.13566814
0.5988748	0.78766	0.23569487
0.4374689	0.71376485	-0.08011521
0.52049553	0.77596885	-0.5364682
0.88521045	0.7416828	0.35768294
0.22144121	0.030272603	-0.48540795
0.81243986	0.12731248	0.38056734
0.11342746	0.9684332	0.03136511
0.68042684	0.13726532	-0.7871555
0.056055486	0.9336969	-0.4361135
0.034808397	0.6253773	-0.18336314
0.9017255	0.10777086	-0.33268782
0.9624042	0.9622723	0.17710628
0.7818886	0.36050898	0.3998019
0.79076284	0.33332348	0.541296
0.82555145	0.30720878	0.35987908
0.11919129	0.97363466	0.20378692
0.26229966	0.3704903	-0.082197934
0.67294854	0.34831536	-0.7858034
0.7994326	0.30714923	0.58501023
0.3255381	0.401106	-0.07491928
0.5105384	0.97449964	0.15406668
0.8475702	0.45760143	0.47828057
0.2907517	0.8977336	0.6216266
0.9354041	0.61411023	-0.25414148
0.6434326	0.37417006	-0.7067423
0.920461	0.24533933	-0.118664846
0.35569972	0.7732456	0.23215145
0.16610438	0.426405	0.7893125
0.3521626	0.5167067	0.34632468
0.08131546	0.9725976	-0.2869212
0.09711188	0.6018793	-0.22224087
0.6566052	0.7424187	0.7121606
0.25048214	0.44858527	0.2591137
0.91578126	0.90121347	0.41687655
0.06661141	0.63083446	-0.20081492
0.91213083	0.08644384	-0.19305803
0.2987538	0.066602886	-0.14565627
0.36539304	0.8181282	0.19109756
0.122771144	0.6874891	-0.31996235
0.79042745	0.7349839	-0.5000786
0.9697709	0.3055808	-0.8581837
0.750987	0.46859795	-0.8114163
0.34072304	0.3639114	-0.29846853
0.4126675	0.74774534	0.23839515
0.30686814	0.3741578	-0.21488446
0.5939454	0.4918496	-0.42756718
0.81893796	0.87829787	-0.3241279
0.20964539	0.4505099	0.7099171
0.8140423	0.55316335	-0.248589
0.51883286	0.21950781	-0.21310946
0.82917887	0.6867336	-0.07137249
0.46932143	0.32894272	0.01678415
0.37680584	0.40592742	-0.063252896
0.8374673	0.14220184	-0.05668536
0.08438039	0.6363634	-0.090915054
0.42976713	0.7649445	0.00017781183
0.5167353	0.9680484	0.157346
0.55397326	0.37154	0.070607565
0.15168172	0.97088593	0.5846412
0.7341029	0.94085073	-0.9151803
0.41545904	0.6943612	0.13941765
0.92475015	0.81191856	0.41448292
0.31006056	0.22013825	-0.40785712
0.08890623	0.38742858	-0.21199895
0.5598978	0.90052176	0.01325766
0.55537647	0.8566411	0.021328319
0.21653396	0.35970277	0.50580734
0.21507359	0.44854748	0.6813957
0.05747038	0.4348821	-1.3099587
0.15962064	0.67969084	-0.4890131
0.88260573	0.9953505	-0.57451665
0.4587434	0.8647759	-0.4932369
0.4732502	0.71535504	-0.8735103
0.11369693	0.29923463	0.6188864
0.66880083	0.4505701	-0.8166618
0.36164743	0.44149667	-0.005161546
0.35132402	0.7557615	0.16973191
0.7664601	0.95921886	-1.2468272
0.91242385	0.7826267	0.3871231
0.20267832	0.9582938	0.7164396
0.012279093	0.058534324	-0.3092015
0.26119012	0.8380191	0.513944
0.22980386	0.116910815	-0.40847442
0.21110123	0.046774924	-0.49164507
0.7377022	0.65063703	-0.5119745
0.47388595	0.003781855	0.44103074
0.50126654	0.43565148	0.33074164
0.64109254	0.7333103	0.6506596
0.2629181	0.5121409	0.2641267
0.72452384	0.009870529	0.040409915
0.27552658	0.91718787	0.7606796
0.43631727	0.05011028	0.86125463
0.94199467	0.06747967	0.21748187
0.47556138	0.8723893	-0.5049894
0.87072927	0.13930166	-0.42685872
0.14102578	0.36181426	0.80131614
0.10752505	0.34444952	0.4753807
0.9908253	0.9054599	-0.094088696
0.1631254	0.6962963	-0.5466726
0.58037496	0.6050421	-0.21779053
0.34230947	0.48111045	0.21039921
0.34648788	0.78999126	0.24029206
0.76401776	0.66200346	-0.74924594
0.41999865	0.5271837	-0.039553702
0.12546992	0.16779047	0.26293707
0.6143002	0.06687492	-0.5086491
0.30010462	0.07300103	-0.102416016
0.698559	0.21970373	-0.74473155
0.34947383	0.63972855	0.36927778
0.40413094	0.6925631	0.18726334
0.66933554	0.35859513	-0.81135714
0.0024952292	0.21666032	-0.7888285
0.66435117	0.89660734	0.117094964
0.19222003	0.5605378	0.08930417
0.016012907	0.32351696	-1.1758294
0.7670274	0.19180071	0.48813957
0.13650495	0.7995933	-0.5483615
0.9091562	0.770847	0.3462657
0.8335386	0.37663037	0.53370106
0.97468996	0.27919257	-0.6501231
0.56310284	0.11070877	0.0068102404
0.00090426207	0.56460625	-0.59924495
0.14848107	0.24078375	0.57740456
0.7980873	0.9553084	-1.2101209
0.65780586	0.97517467	-0.010442354
0.69996935	0.9435691	-0.42986706
0.41723907	0.5871514	0.039772563
0.90249175	0.1519239	-0.24478494
0.52423817	0.74005085	-0.70774245
0.3709215	0.7384876	0.10306429
0.07859546	0.6552152	-0.04642029
0.32295996	0.4263783	0.0614258
0.018787265	0.850204	-0.11348252
0.85670507	0.06539202	-0.27264404
0.19575715	0.22761768	0.07307237
0.5527857	0.5643259	-0.42135713
0.45633572	0.42971516	0.26206887
0.88315356	0.88509136	0.35033098
0.83593214	0.33022106	0.39883772
0.6784996	0.6740107	0.62175393
0.47692478	0.011158705	0.30461967
0.53936696	0.86965346	-0.024201531
0.14403868	0.51513153	0.16922818
0.63641274	0.03322959	-0.610267
0.7630719	0.25207883	0.6064836
0.19179416	0.36074418	0.9108136
0.6330126	0.51474357	-0.22857
0.03131348	0.84718245	-0.04937802
0.6854164	0.96996105	-0.32779998
0.03859198	0.21897751	-0.48884335
0.8151694	0.26505798	0.3082594
0.08031285	0.23137385	0.1593448
0.63357943	0.49641478	-0.37182403
0.28458053	0.12223858	-0.16138275
0.042589724	0.68243355	0.13084413
0.12599838	0.0102210045	-0.33867118
0.33938605	0.8747711	0.14238018
0.62900513	0.89335734	0.30247566
0.9327346	0.9430684	0.33907548
0.14988059	0.37203497	0.8506546
0.124952435	0.58018637	-0.12518865
0.95883256	0.025705397	0.4295068
0.96861166	0.64732987	-0.23037526
0.3994171	0.15553111	0.1464901
0.33644307	0.78531986	0.24611667
0.39508933	0.15735328	0.104908094
0.04369676	0.9925782	-0.6683049
0.41306072	0.5195909	0.077728406
0.43901145	0.55146194	-0.12746488
0.8787209	0.538071	0.14425604
0.8715605	0.5088958	0.29461265
0.6265542	0.919939	0.21798766
0.36911517	0.63502234	0.3001154
0.45005214	0.35789144	0.040767953
0.9661906	0.6285409	-0.25505018
0.80169904	0.5070255	-0.22575602
0.8153961	0.7644109	-0.08304001
0.16144204	0.48370695	0.4324236
0.68365	0.24006474	-0.8098325
0.8892222	0.93974143	-0.12895943
0.23517507	0.23331398	-0.047807835
0.29194403	0.16633296	-0.3211808
0.6298206	0.4693418	-0.470156
0.3717736	0.012447774	0.6984076
0.2836839	0.7982612	0.39572418
0.4022776	0.44450927	0.0387337
0.85758746	0.15862757	-0.3344489
0.50658816	0.14926124	-0.42964137
0.12603909	0.15614516	0.19784746
0.36436725	0.33934295	-0.22533992
0.9792024	0.2936626	-0.75189567
0.44277108	0.6768304	-0.21112612
0.56673414	0.40767735	-0.1501145
0.1429711	0.27765107	0.7898391
0.8499022	0.7454725	0.2843365
0.43504846	0.29164642	-0.31835306
0.93939054	0.5862065	-0.3908677
0.3646909	0.17408812	0.020631496
0.09233737	0.74751383	0.18904766
0.96166474	0.21762305	0.0028478876
0.5066755	0.11733788	-0.3848436
0.5236323	0.058019638	-0.2282205
0.35351622	0.9453444	-0.08261047
0.5865301	0.58526474	-0.25888553
0.020344853	0.37957954	-1.4437622
0.14852613	0.62677306	-0.24856646
0.60250694	0.79235554	0.27997094
0.13949275	0.148889	0.13765712
0.48627114	0.4665249	0.33102518
0.55497956	0.12894583	0.008062282
0.17901611	0.54455215	0.13243304
0.92736566	0.7506995	0.1870994
0.8289608	0.5619009	-0.18943214
0.15640283	0.5301212	0.14547502
0.16508609	0.41047943	0.8177488
0.043574512	0.6585627	0.024853222
0.774582	0.33089256	0.47358218
0.7963276	0.77647173	-0.36002716
0.83324057	0.7064634	-0.05499275
0.34269053	0.43188506	0.05666719
0.6830624	0.6463601	0.48635155
0.46388268	0.11676705	-0.16890359
0.43558943	0.3599661	-0.01069314
0.8790372	0.53920937	0.1525039
0.62305206	0.8686334	0.31165412
0.7158415	0.8095509	0.08103128
0.8353682	0.6131459	-0.25543368
0.70121735	0.31756532	-0.80260277
0.6480547	0.3396018	-0.73691744
0.9169418	0.68873245	-0.003868688
0.80811334	0.29430896	0.4719742
0.6033952	0.88922864	0.17982872
0.4187175	0.6215141	0.05140937
0.72022086	0.28212655	-0.40127814
0.63412654	0.9819252	0.14058685
0.37325323	0.6107632	0.30390784
0.9674034	0.36257648	-1.265186
0.6991376	0.6262896	0.06086944
0.077231586	0.9751194	-0.3535727
0.6953056	0.84667957	0.16375299
0.76579285	0.7463506	-0.52185106
0.9682378	0.08473736	0.6538681
0.457815	0.5431254	-0.17072506
0.4984011	0.8257416	-0.70701134
0.067064345	0.9762562	-0.45255017
0.65685016	0.29274118	-0.65468115
0.6846966	0.8635473	0.20312461
0.13239866	0.61349756	-0.23093854
0.53794533	0.69829935	-0.5187488
0.90344304	0.061840475	-0.29579172
0.98295003	0.364327	-1.3327974
0.775371	0.51968944	-0.7282285
0.97685105	0.70440036	-0.28399268
0.099264205	0.93883747	-0.17890486
0.44284332	0.36690122	0.0700149
0.48244572	0.38978684	0.35151172
0.60706216	0.480384	-0.4142185
0.69726866	0.4894411	-0.93070656
0.6970591	0.50665516	-0.8787405
0.68096614	0.5179634	-0.48079684
0.65907544	0.19547242	-0.8057386
0.12639076	0.17592204	0.40155235
0.9819221	0.9158658	-0.09518255
0.56256837	0.6116554	-0.46126774
0.9611911	0.6265217	-0.33082542
0.65048015	0.514375	-0.29989746
0.83021104	0.76813644	0.18602017
0.42203134	0.19859219	-0.2802109
0.36474377	0.34476256	-0.26377144
0.8701186	0.85019195	0.46536422
0.8709942	0.9601196	-0.46936226
0.31064838	0.7796178	0.2341198
0.4989751	0.5817612	-0.40978307
0.56421304	0.6761192	-0.30146593
0.4031347	0.95298994	-0.36337906
0.21231556	0.8216628	-0.3651688
0.84428877	0.025757134	-0.065996334
0.6513917	0.54541355	-0.08468667
0.32728243	0.17117727	-0.30572477
0.42281604	0.8239272	-0.07115453
0.19773954	0.7340946	-0.86310625
0.80339503	0.7769771	-0.21666387
0.056503832	0.4390002	-1.3773576
0.21786535	0.7719579	-0.73892707
0.298393	0.6883574	0.112187564
0.9616057	0.45903456	-1.21597
0.5384404	0.22970319	0.14053866
0.8054049	0.8059148	-0.19227856
0.15436435	0.63683033	-0.36585277
0.9648227	0.42854828	-1.3060309
0.46796525	0.20777017	-0.46697035
0.4548996	0.9623074	-0.35098153
0.17791688	0.366625	0.86892813
0.27914977	0.3405134	-0.20456105
0.5264564	0.6755596	-0.7879249
0.48366934	0.3709101	0.330914
0.43972164	0.43153733	0.1330913
0.0071752667	0.34884226	-1.320754
0.59468865	0.8246455	0.19898576
0.4211809	0.42597252	0.07007156
0.36222756	0.480722	0.17271006
0.9209635	0.6018255	-0.18760611
0.16376501	0.20848936	0.22659853
0.45900655	0.20545715	-0.4331467
0.8484458	0.84919363	0.2776427
0.023263335	0.04673791	-0.13469759
0.5192977	0.2794081	0.014441201
0.42387938	0.79315567	0.049202282
0.071163595	0.004965961	-0.00046265498
0.859707	0.31537497	0.19560349
0.61722016	0.026027203	-0.57915586
0.69536155	0.52868396	-0.6571337
0.792467	0.80981207	-0.4753724
0.13385165	0.0032441616	-0.4861495
0.35206604	0.59279287	0.407199
0.02941382	0.33987856	-1.2803527
0.061577857	0.3790872	-1.1281241
0.13798612	0.9075952	0.0071124807
0.62744236	0.6814538	0.5188728
0.9066699	0.6709548	-0.028699514
0.15122211	0.9886194	0.6551022
0.0011152625	0.87860745	-0.19579986
0.3479311	0.034736454	0.29757622
0.057262003	0.33626956	-0.9339614
0.26744395	0.16662788	-0.20737135
0.79753685	0.49057943	-0.2098233
0.2673331	0.053046107	-0.1959205
0.48152596	0.25605667	-0.3091915
0.079092026	0.8615565	0.04720138
0.20793939	0.9731728	0.8842737
0.74737644	0.16441208	0.21084215
0.7016083	0.5019893	-0.9064842
0.3901146	0.25618178	-0.2253172
0.71207345	0.27124292	-0.5190532
0.67393744	0.89092153	0.13074955
0.71553427	0.6017901	-0.45477653
0.5238289	0.25933665	0.024532411
0.51147336	0.50368136	0.010045804
0.54826456	0.75776446	-0.21724987
0.5625759	0.65265304	-0.37052363
0.2813987	0.7715406	0.10403466
0.81131095	0.10636747	0.32231253
0.68383026	0.6881863	0.5781956
0.9036858	0.8172406	0.5414352
0.75145	0.6786627	-0.6507823
0.063877225	0.18340635	-0.0058843046
0.6273265	0.667397	0.40781975
0.087935984	0.31149608	0.097170964
0.15905881	0.8854575	-0.074240685
0.531828	0.435764	0.040673748
0.25399435	0.098706186	-0.27468324
0.5904833	0.17620075	0.049204938
0.34614235	0.69929755	0.28584602
0.75688905	0.75208634	-0.53451
0.9151728	0.061239183	-0.22442305
0.1938982	0.23444092	0.11569606
0.7290728	0.6488607	-0.44617993
0.94191444	0.6386439	-0.22628981
0.2187705	0.34397596	0.45404196
0.1071226	0.36344975	0.34458783
0.34861034	0.14799005	-0.03519544
0.15519857	0.7603765	-0.62374246
0.27356648	0.42814386	0.03507931
0.33407307	0.26433486	-0.45600072
0.8121614	0.8760093	-0.38421208
0.7896787	0.27691448	0.6423783
0.13359064	0.31898755	0.78652424
0.8565454	0.62391555	-0.15562588
0.5537183	0.9506547	0.1426212
0.77422994	0.058654904	0.529136
0.66444284	0.29786766	-0.7206769
0.17004663	0.06326395	-0.49579495
0.9068832	0.051150262	-0.26644996
0.1801644	0.76812935	-0.84860444
0.23788708	0.41162217	0.30030566
0.7328349	0.5798573	-0.8776828
0.5260112	0.8912165	-0.13787013
0.6438258	0.7812056	0.5681
0.021358788	0.16442794	-0.4857127
0.30372858	0.07847774	-0.10846905
0.76486045	0.90208256	-0.8992199
0.73389596	0.80442	-0.24720317
0.7202929	0.9928477	-0.87220037
0.27091265	0.51632816	0.29179212
0.85400313	0.89593416	-0.10840806
0.036192477	0.88438624	-0.2809601
0.6014138	0.91549915	0.17500946
0.73415154	0.8195457	-0.18932912
0.4050117	0.6412898	0.19917169
0.8012753	0.49040347	-0.17105132
0.7156852	0.89752346	-0.38034362
0.22281575	0.35066026	0.42292577
0.21525598	0.62216884	-0.31321642
0.42487174	0.8456066	-0.119590394
0.70686567	0.6635388	0.11919573
0.22098291	0.571062	0.05662773
0.9158659	0.044415295	-0.16831788
0.49349993	0.66310287	-0.92846924
0.5934329	0.21540242	0.1676115
0.29240078	0.36567128	-0.2533501
0.6067539	0.8156265	0.30078608
0.83385426	0.5211802	0.022865158
0.7985515	0.248218	0.48404968
0.85466146	0.13938475	-0.3177694
0.08395207	0.19999361	0.19922198
0.33102036	0.19126916	-0.35825497
0.5427718	0.3065486	0.2934966
0.50517005	0.039838314	-0.18759981
0.2957844	0.0769186	-0.09675538
0.6660482	0.7688553	0.53807527
0.12495828	0.32160425	0.7858634
0.22254926	0.04103315	-0.4560523
0.35392487	0.30661577	-0.4138592
0.6918111	0.9014354	-0.106116794
0.04487598	0.18757218	-0.30812207
0.2378872	0.5419566	0.24994177
0.9539043	0.24437708	-0.20313004
0.46831077	0.6607742	-0.7072881
0.10517901	0.06371957	-0.18674478
0.8182409	0.22732121	0.17031436
0.03793931	0.9553651	-0.61831707
0.1509803	0.7887104	-0.5803397
0.31039906	0.72958666	0.16186526
0.35732317	0.7994514	0.19716588
0.23755288	0.20531237	-0.19594249
0.5904539	0.98495173	0.2183558
0.56826997	0.46095103	-0.26947796
0.47929382	0.9758908	-0.27606678
0.41866648	0.38502246	0.014391741
0.44594842	0.78285205	-0.21968909
0.99511826	0.6462457	-0.3098412
0.52933973	0.5557347	-0.4002862
0.86979675	0.72801495	0.32081622
0.9161484	0.83711255	0.49218574
0.54174346	0.30546403	0.28756136
0.4411198	0.123826325	0.07390393
0.6258992	0.28317678	-0.45309404
0.47364235	0.3585263	0.17258646
0.670461	0.32162732	-0.74499136
0.4516909	0.51319003	0.0073307212
0.63232654	0.35904455	-0.6245315
0.052622378	0.070911944	-0.07423613
0.8609059	0.52616566	0.09490156
0.078296006	0.32121396	-0.24381472
0.14796525	0.47812176	0.44037518
0.7351913	0.83239156	-0.2907785
0.44162273	0.22818226	-0.4314666
0.2890396	0.9131012	0.5810691
0.044623435	0.17170703	-0.2257075
0.95628786	0.0029744506	0.36840504
0.16416717	0.75354886	-0.7105702
0.90031606	0.50416386	0.020209543
0.39121604	0.21786225	-0.19897029
0.03938645	0.38253045	-1.4190104
0.07892412	0.3469674	-0.35604337
0.93658906	0.101530194	0.12647164
0.62987375	0.2716682	-0.37075424
0.4761979	0.52363086	0.027307976
0.8479636	0.88154423	0.0048787445
0.7668138	0.8883574	-0.7875435
0.4951504	0.7168968	-1.0526448
0.72935647	0.79633224	-0.098423444
0.13428944	0.33872104	0.78418976
0.6215997	0.9293509	0.25282967
0.70148367	0.29643625	-0.80251807
0.5830913	0.55367905	-0.34766778
0.40098715	0.18546641	-0.011200003
0.39709842	0.31877953	-0.074156545
0.065235734	0.06473684	0.006676078
0.29516518	0.8435666	0.50934625
0.03336513	0.56877625	-0.7595544
0.72102076	0.58108145	-0.7421985
0.6455201	0.34430707	-0.6933759
0.8897875	0.9329607	-0.08360423
0.8720066	0.27722865	-0.06768791
0.16160238	0.54023147	0.1458833
0.8871584	0.12168163	-0.38809168
0.88070965	0.40865833	0.37696862
0.14862859	0.058350682	-0.4279173
0.6399809	0.26682562	-0.5964003
0.90549564	0.30073655	-0.2576712
0.07085025	0.81185085	0.301976
0.9902052	0.41427404	-1.4445908
0.39228076	0.34067458	-0.0064900145
0.9632447	0.38393962	-1.3196298
0.23490876	0.0397197	-0.29529515
0.6951233	0.33451587	-0.84425366
0.73900366	0.7839972	-0.24967685
0.87589586	0.8197482	0.5608383
0.4083125	0.2080391	-0.2212884
0.9224029	0.29167193	-0.41448462
0.5153719	0.16030109	-0.36643556
0.73364896	0.72175884	-0.33443388
0.35158622	0.57182425	0.38139358
0.62615496	0.5002323	-0.37814176
0.54212207	0.11677492	-0.16877699
0.25875843	0.24130285	-0.16280589
0.16204971	0.6107056	-0.22402516
0.027858973	0.20186746	-0.52581865
0.4836744	0.71070874	-0.9823446
0.7573944	0.4640119	-0.7425822
0.64343446	0.060993016	-0.7450802
0.26700145	0.73082554	-0.19639635
0.13007295	0.8821008	-0.15050901
0.93665045	0.19230378	0.07519224
0.44833028	0.13632596	-0.08007658
0.013418257	0.9921845	-0.69482154
0.9934715	0.5723764	-0.52642477
0.39019954	0.23826623	-0.13948898
0.06981981	0.95412886	-0.3988102
0.23302066	0.68773997	-0.66613966
0.061668873	0.2510988	-0.28875527
0.10464007	0.23980147	0.51999104
0.5105002	0.7136758	-0.9443732
0.94348687	0.33511025	-0.89533675
0.49548966	0.5522775	-0.20628884
0.112534165	0.58339125	-0.2592757
0.6579112	0.1884371	-0.774078
0.11738694	0.29590487	0.6266383
0.98081684	0.260096	-0.42941666
0.7984262	0.18553895	0.44203928
0.61996585	0.6358214	0.35272828
0.11374092	0.86479235	-0.16079435
0.69998854	0.5234958	-0.73503196
0.48930198	0.34341246	0.17980038
0.0013212562	0.19858402	-0.81400657
0.9609229	0.16770113	0.31546602
0.46344954	0.6737031	-0.62444127
0.15255761	0.69772995	-0.5123919
0.20130825	0.5075715	0.53428423
0.7519147	0.4962439	-0.91326785
0.33946836	0.23692948	-0.4075691
0.19165355	0.8268505	-0.49928346
0.16271251	0.14774787	-0.07624246
0.6661461	0.3235821	-0.6969405
0.8493214	0.7244222	0.24857873
0.46655375	0.4612339	0.30572936
0.50397766	0.440418	0.26674113
0.11892283	0.17226511	0.3376686
0.23655969	0.55484647	0.16289724
0.8480387	0.52264756	0.1304684
0.17175072	0.3556984	0.8752389
0.66281396	0.31811666	-0.70586824
0.5032605	0.285999	-0.07991598
0.6221055	0.21281904	-0.2915031
0.5609622	0.27882504	0.42763087
0.35562176	0.9433037	-0.18029675
0.17757714	0.79708457	-0.62866473
0.58012724	0.29659015	0.33908883
0.7625311	0.8563806	-0.5927911
0.33335882	0.5690981	0.34473252
0.6970209	0.93645644	-0.31889305
0.8997203	0.9625633	-0.1900701
0.19270176	0.16933852	-0.3340444
0.3712889	0.63575876	0.28215617
0.3036996	0.407076	0.016099393
0.6946415	0.64641607	0.28278902
0.46185678	0.79941416	-0.56730044
0.9143981	0.55669826	-0.26811188
0.9852292	0.3111502	-0.9763808
0.052547634	0.9444293	-0.4817072
0.4411915	0.074484766	0.51137656
0.8757116	0.8000663	0.52459043
0.19760448	0.092269	-0.5319222
0.60711616	0.13174814	-0.30211726
0.7387562	0.091519356	0.17509848
0.91948795	0.83098286	0.46144605
0.21717244	0.16370898	-0.3559821
0.2937832	0.85941356	0.51079947
0.04045725	0.21286201	-0.44551566
0.49349982	0.8436548	-0.63995814
0.29808128	0.05161196	-0.11555399
0.19649148	0.2918561	0.49233508
0.31883907	0.6743727	0.22623323
0.9058639	0.04026133	-0.2178815
0.5594404	0.105899096	-0.043272957
0.9575541	0.651582	-0.24310759
0.08081794	0.076544166	-0.12682773
0.3962487	0.6023202	0.19691363
0.07647228	0.57483876	-0.627641
0.2995633	0.9205824	0.5298484
0.16022271	0.26252276	0.658839
0.66278183	0.94240224	0.04022517
0.615772	0.97981155	0.20307827
0.4934361	0.9570901	-0.16396938
0.49608922	0.85299677	-0.5436904
0.93919826	0.8443978	0.37191802
0.7831367	0.11495584	0.5189037
0.9414932	0.05661714	0.22962704
0.64148444	0.78044647	0.5989997
0.73405886	0.53971773	-1.0367204
0.040430784	0.88522905	-0.21292703
0.74989414	0.14746267	0.19985941
0.6148413	0.59113693	-0.017007284
0.81085134	0.46116894	0.22114539
0.5194484	0.209871	-0.3028017
0.54106724	0.7723766	-0.3233244
0.74758404	0.53828895	-0.9622289
0.5442701	0.6631267	-0.5303592
0.83561146	0.598034	-0.23995085
0.085513115	0.6623767	0.035516992
0.25381893	0.18442792	-0.14363652
0.9241802	0.99543417	-0.044064116
0.74985474	0.9981405	-1.2611167
0.35624868	0.07435465	0.412067
0.383314	0.9195448	-0.1786646
0.6583269	0.54157	-0.07889852
0.12865674	0.056897223	-0.27485844
0.6759187	0.5417435	-0.25059453
0.56257457	0.98534966	0.26048297
0.97256804	0.14529902	0.4795008
0.83857244	0.55371267	-0.053610906
0.7928468	0.9739614	-1.3997539
0.20629019	0.06519896	-0.5298433
0.63236624	0.23264724	-0.45162794
0.42295653	0.06460786	0.836606
0.658655	0.46363306	-0.6462132
0.18461108	0.36906427	0.89523005
0.83087575	0.07221341	0.118279144
0.0057689548	0.49957025	-1.1222838
0.112312675	0.21585166	0.57250667
0.4359914	0.8173157	-0.21565863
0.1105476	0.011741042	-0.3341792
0.55101246	0.46937853	-0.22445914
0.50831664	0.2917738	-0.011348988
0.49012768	0.4725839	0.25540674
0.65211046	0.78707904	0.63845766
0.6867573	0.6789329	0.54987305
0.89847416	0.6421869	-0.19016635
0.5281832	0.8549275	-0.27626097
0.33453822	0.23187667	-0.42117625
0.9212961	0.75081813	0.22012629
0.4360394	0.13135362	0.1157308
0.33920735	0.4604481	0.15930942
0.32004082	0.4081552	-0.06824778
0.82481855	0.6173698	-0.29849994
0.74157405	0.1821549	0.14146727
0.27745306	0.38611573	-0.14342
0.27305186	0.92676437	0.8173592
0.31012386	0.924591	0.3806132
0.3619811	0.2970912	-0.34306842
0.9132717	0.6335079	-0.1652372
0.37544262	0.57390845	0.32415462
0.019318283	0.98047197	-0.7415984
0.91996825	0.39473796	-0.5773197
0.037036538	0.33379245	-1.1509485
0.4816733	0.786099	-0.82864183
0.8278821	0.15828979	0.030414298
0.6335589	0.36650538	-0.70056146
0.57589763	0.7614925	0.030811926
0.9739562	0.47541755	-1.1969877
0.063391805	0.24440461	-0.20174757
0.16263765	0.83957565	-0.32553455
0.5465046	0.48185754	-0.20140035
0.0976004	0.8007725	0.05361275
0.85319763	0.06712061	-0.22403203
0.6678996	0.42067474	-0.86314595
0.68856215	0.91968507	-0.17539048
0.7378972	0.10865992	0.12596348
0.69393885	0.6345724	0.23916739
0.24970531	0.1834408	-0.21421745
0.38956875	0.2857325	-0.18597122
0.7714225	0.30495167	0.5715529
0.40952992	0.5168835	0.10567057
0.6822309	0.22870356	-0.8341752
0.31439584	0.26646072	-0.4815797
0.3315512	0.56825495	0.27312753
0.05275029	0.8444022	0.09872647
0.9330091	0.9500458	0.20294455
0.8291076	0.95742923	-0.9546584
0.50365126	0.4395702	0.31568778
0.8963802	0.81036127	0.5303824
0.18979567	0.84967196	-0.3331257
0.059327066	0.21669573	-0.22878228
0.462009	0.76832455	-0.6385495
0.76050055	0.14611083	0.33468917
0.08681226	0.79799336	0.22773722
0.78293276	0.48040563	-0.3705005
0.8061673	0.48082185	0.030454107
0.9979271	0.2600587	-0.56774354
0.26408124	0.7050397	-0.32143128
0.60911274	0.9659412	0.26482886
0.91771585	0.9428394	0.16269986
0.5755293	0.23782504	0.41519886
0.8139241	0.20639777	0.17731474
0.9880531	0.5022308	-1.1803312
0.92219687	0.8613494	0.5523474
0.16939598	0.50832963	0.412044
0.261266	0.4227382	0.0917574
0.6952637	0.7545396	0.45791423
0.18861604	0.8920286	0.09966633
0.78046405	0.05638069	0.5032778
0.0661782	0.4881816	-1.1257033
0.033178806	0.21307993	-0.48707038
0.43543237	0.6264913	-0.15764135
0.5478511	0.9911502	0.26725653
0.069778085	0.7769731	0.34822828
0.90780914	0.4215337	-0.20366801
0.52101	0.047572255	-0.25252125
0.3231616	0.41320097	-0.009450233
0.7347174	0.8788379	-0.5159965
0.43055815	0.6354601	-0.13638338
0.9865757	0.8072121	-0.26561898
0.26233208	0.08486259	-0.1791715
0.6714544	0.42567652	-0.92278534
0.4711964	0.071734846	0.044028386
0.25098073	0.19048995	-0.19201927
0.08550382	0.3227247	-0.036844544
0.17658347	0.6197926	-0.27942824
0.07900286	0.86089474	0.04616208
0.85287225	0.05174905	-0.22601202
0.15730071	0.18084371	0.17867796
0.5644208	0.6722771	-0.3641147
0.9590035	0.37773293	-1.3018553
0.5708117	0.33911067	0.19841367
0.10410869	0.041516304	-0.20430532
0.3607757	0.06017995	0.45962298
0.79066104	0.27220237	0.6107068
0.82682824	0.47265673	0.2378999
0.09516305	0.5402984	-0.5427393
0.0063154697	0.27972955	-0.9726727
0.58973825	0.40305662	-0.31271413
0.57554847	0.3140837	0.22421554
0.80343574	0.8172355	-0.20443556
0.5506089	0.2085746	0.24315742
0.26247638	0.8217255	0.3803854
0.04832548	0.27868718	-0.69406044
0.40600348	0.72173786	0.18037088
0.19824785	0.009336829	-0.59372824
0.48680854	0.5580629	-0.24597901
0.8790846	0.4061581	0.4061679
0.64895403	0.54387105	-0.13411917
0.5779612	0.6994844	-0.052212857
0.9938007	0.9330245	-0.03879944
0.13666612	0.0022887588	-0.3943834
0.2841034	0.49097902	0.25074482
0.9513116	0.25992537	-0.28930238
0.7793263	0.35365462	0.3891988
0.09814179	0.033551753	-0.18978325
0.122256815	0.5191826	-0.06887397
0.33191556	0.19014996	-0.36703554
0.4902205	0.17801154	-0.51502264
0.79581434	0.09253067	0.47470614
0.34449857	0.9919165	-0.06399953
0.081860065	0.82140446	0.1799578
0.451622	0.112826526	0.016865268
0.9133137	0.031664252	-0.17376123
0.6939695	0.47873086	-0.95954216
0.87932515	0.7217337	0.18720698
0.9251397	0.6907421	-0.06871905
0.8712119	0.8857469	0.2225603
0.032034338	0.92107195	-0.4601379
0.23302436	0.06903869	-0.34866488
0.8880703	0.9488898	-0.2386458
0.832561	0.28141904	0.17811683
0.6824127	0.44396234	-0.9558661
0.8249419	0.94144577	-0.8475501
0.63272023	0.49986935	-0.41304737
0.9356281	0.82801276	0.4011432
0.93901926	0.22195387	0.016618576
0.38166195	0.019305825	0.82058674
0.8911955	0.7507701	0.28198233
0.1292901	0.48122686	0.1878351
0.34364897	0.46066344	0.20225441
0.09702355	0.7230799	0.073730856
0.51192164	0.83496743	-0.5118327
0.7740119	0.62001115	-0.71829885
0.45685893	0.44659692	0.22621582
0.38020182	0.49039662	0.06551496
0.48141366	0.69639534	-0.938621
0.4588049	0.76582605	-0.56401426
0.665879	0.852617	0.34839585
0.7823147	0.7749474	-0.4838173
0.92704594	0.8384883	0.46600896
0.118808925	0.41640157	0.32081488
0.8446319	0.78549343	0.33260643
0.34119087	0.51966864	0.32831997
0.74766874	0.5408849	-1.0995376
0.21461123	0.5237818	0.3708015
0.88985837	0.06209916	-0.4295267
0.13095874	0.21930444	0.57891774
0.43491918	0.49072105	0.055909272
0.33920324	0.46674073	0.20077017
0.07775253	0.5674208	-0.63584924
0.80636597	0.071932435	0.46658394
0.66326296	0.7559674	0.6458379
0.82852376	0.6901306	-0.080162734
0.6848968	0.21779996	-0.8692065
0.8694136	0.74196005	0.32520023
0.9071875	0.36824232	-0.27405226
0.87189335	0.8274593	0.5554395
0.24176139	0.08508068	-0.2836759
0.48964912	0.22764271	-0.39747542
0.974927	0.72896904	-0.23872219
0.8454496	0.96737325	-0.92408
0.091925085	0.63222665	-0.14778087
0.057424128	0.15597898	-0.12501284
0.74085534	0.87522376	-0.5502978
0.07672858	0.90846795	-0.20205906
0.25993723	0.37202185	-0.059842445
0.06311309	0.049975455	-0.028178921
0.11410582	0.88727784	-0.1729534
0.8537921	0.6159464	-0.19664185
0.84732425	0.30858952	0.14507197
0.9664072	0.9745743	0.12467211
0.22803503	0.7761015	-0.4831345
0.05159384	0.40403765	-1.4079323
0.6407788	0.020632863	-0.6780932
0.08016521	0.14728522	-0.004922661
0.37693608	0.1832751	-0.005749291
0.11294389	0.40563256	0.22072984
0.49150616	0.91428083	-0.28475592
0.62211835	0.2594918	-0.31455252
0.7237988	0.09647006	-0.09722035
0.73537946	0.67052275	-0.49482837
0.32474023	0.58838826	0.30252445
0.55845463	0.21143544	0.35088807
0.4562809	0.07107055	0.3594082
0.63880736	0.04646516	-0.70358706
0.65597534	0.09036404	-0.73638153
0.848286	0.7765074	0.36963743
0.3421352	0.003914416	0.18205729
0.117558956	0.92192614	-0.03275659
0.68851155	0.14821786	-0.7349066
0.26162964	0.9047091	0.80097425
0.8495917	0.6715602	-0.0020390209
0.6947395	0.12564695	-0.629135
0.7158904	0.1666807	-0.32745945
0.020578563	0.41342878	-1.5053779
0.3811069	0.42077267	-0.014354288
0.8357008	0.80692035	0.25228578
0.242962	0.49289197	0.33530387
0.863574	0.005441904	-0.15042423
0.32306552	0.25733268	-0.4963582
0.36726773	0.054519057	0.57339525
0.94609284	0.9528122	0.23068291
0.31797367	0.17653352	-0.35809597
0.06403136	0.5368298	-1.0095798
0.5036754	0.8946276	-0.32688385
0.1590175	0.55043274	0.051530723
0.8887888	0.8555494	0.53927577
0.8408318	0.073966146	-0.116521224
0.022783458	0.0377841	-0.10357482
0.3685336	0.7827539	0.15634824
0.6664318	0.07827717	-0.6524264
0.47870046	0.061270714	0.013401624
0.9938614	0.7583287	-0.37749526
0.95130664	0.62460023	-0.20201588
0.062418222	0.36218518	-0.99300146
0.28282887	0.48366284	0.24108925
0.66685385	0.08647549	-0.6603924
0.11700493	0.21357024	0.53986084
0.56993455	0.5122089	-0.44975895
0.4570936	0.43268293	0.25088227
0.14395529	0.81837	-0.52547073
0.6687469	0.7038835	0.755562
0.75564444	0.38201404	-0.108649604
0.8403943	0.6223966	-0.16774757
0.33637303	0.4638512	0.19619514
0.069404066	0.5049257	-1.0495988
0.81696093	0.862555	-0.1649755
0.5947738	0.8625327	0.18050662
0.5177581	0.8581422	-0.37412295
0.06888455	0.44370896	-1.0840452
0.50139654	0.95818543	-0.101385504
0.6287214	0.5368041	-0.22444184
0.030536592	0.9749182	-0.7441955
0.8646669	0.8111827	0.5312955
0.99372333	0.84318864	-0.2820823
0.8497717	0.7207311	0.20888135
0.0105314255	0.9819551	-0.7045102
0.7644459	0.47363985	-0.68982697
0.81780934	0.7952241	0.01387094
0.99512607	0.8130179	-0.33863476
0.69632465	0.29423642	-0.7307274
0.8311638	0.99656475	-1.0748248
0.035568297	0.9917148	-0.7468345
0.9419251	0.21568245	-0.005643299
0.6077019	0.025812447	-0.5788691
0.079987645	0.12442267	-0.06116999
0.919859	0.5552992	-0.2729795
0.27272028	0.111338675	-0.1914693
0.87916553	0.46742684	0.42517635
0.44035518	0.773845	-0.18513441
0.563749	0.23447144	0.48308703
0.8351781	0.85888517	0.052892726
0.7160683	0.31193	-0.55244255
0.22181511	0.84006906	-0.07000852
0.012791038	0.7644443	0.14173043
0.56014156	0.5596159	-0.5265792
0.11162621	0.23448437	0.56125534
0.04113841	0.039886177	-0.018455751
0.36598766	0.95584524	-0.18989533
0.016583025	0.8869638	-0.24572471
0.69233704	0.37443328	-0.91264623
0.54976946	0.056541204	-0.10309131
0.4870512	0.9643094	-0.21182826
0.45506477	0.12592906	-0.06901838
0.52536094	0.9572438	0.12836465
0.9103929	0.3516931	-0.43508032
0.12214458	0.6428137	-0.16358715
0.6143172	0.43555176	-0.5206219
0.68311816	0.077685416	-0.56186765
0.39202476	0.9775996	-0.4619046
0.3809309	0.15338278	0.17604804
0.78337795	0.35013098	0.4870211
0.9539587	0.47726637	-1.0327731
0.91748816	0.029071093	-0.13923667
0.55156684	0.81749463	-0.0028896816
0.45234013	0.0055932403	0.87698793
0.5927102	0.6969601	0.17835027
0.68849784	0.10013276	-0.62109005
0.90891486	0.12678748	-0.20139824
0.4797846	0.7976902	-0.78805256
0.3739887	0.91418386	-0.11078623
0.0068827868	0.23032439	-0.8012785
0.6978358	0.13487452	-0.5528207
0.7224172	0.32861167	-0.46007583
0.2948324	0.48791397	0.2271023
0.59274733	0.42987275	-0.4159751
0.9891385	0.16689092	0.3687937
0.5380015	0.20324081	0.028507033
0.6818158	0.9716854	-0.25108603
0.58252805	0.8212074	0.085281156
0.79505444	0.54033065	-0.5182547
0.9949084	0.9689733	0.0016183667
0.008544087	0.49540925	-1.1283097
0.089877665	0.64485604	-0.11470458
0.12343347	0.21072811	0.55736333
0.17111242	0.51965237	0.2592491
0.16930085	0.61566406	-0.24880114
0.66501313	0.5312104	-0.23721205
0.32096595	0.19399738	-0.361255
0.5257422	0.0401572	-0.21435209
0.09251535	0.6648589	0.012138693
0.8918461	0.59062475	-0.18122354
0.21313214	0.72517055	-0.83221287
0.5369467	0.41936332	0.07055629
0.059475303	0.48438883	-1.2214419
0.725771	0.6648609	-0.26637003
0.30893368	0.93578315	0.30788824
0.7969645	0.056387186	0.5031137
0.17110467	0.82825094	-0.4842285
0.4491703	0.3867163	0.14684755
0.2714749	0.88291323	0.756281
0.9027021	0.10554284	-0.29220122
0.8289691	0.9479799	-0.91587317
0.547016	0.41615283	0.025544718
0.9689215	0.2177434	-0.057593033
0.5520119	0.10897434	-0.10702706
0.9238314	0.10482907	-0.065406665
0.48407322	0.50642306	0.14748783
0.9974028	0.61975765	-0.39453003
0.58742875	0.0004132986	-0.2983475
0.96422267	0.18965077	0.18620154
0.8730319	0.36900026	0.25913167
0.20216876	0.3242997	0.61444336
0.36280382	0.97514224	-0.29096797
0.6931937	0.6830569	0.37835324
0.19822961	0.32265568	0.65719974
0.65264565	0.89677095	0.14221385
0.7568886	0.85202736	-0.5229719
0.8835993	0.74707216	0.343211
0.5681175	0.23156554	0.45365742
0.06764305	0.2641732	-0.2992976
0.9484157	0.68010265	-0.118907064
0.52954626	0.9338531	0.077444434
0.4737339	0.0625751	0.057297096
0.7835557	0.9040787	-0.9368442
0.32984585	0.34858423	-0.38717145
0.32250565	0.34724027	-0.40890285
0.60700583	0.61313856	0.1472774
0.35167396	0.864268	0.17985542
0.34703332	0.4307192	0.047125492
0.6387552	0.9263565	0.25425613
0.26975173	0.9039893	0.83013433
0.6414306	0.26506293	-0.5659313
0.36241198	0.3775859	-0.19265476
0.5889317	0.556319	-0.28167358
0.47854704	0.9904334	-0.24134354
0.17954856	0.10711229	-0.5064081
0.63576204	0.82749844	0.42283016
0.7561061	0.65029466	-0.7709163
0.7648115	0.39694726	-0.11299223
0.6301918	0.9971363	0.17219174
0.13866425	0.7945099	-0.545867
0.3216827	0.39149612	-0.15228379
0.38139313	0.5036082	0.15804373
0.68216467	0.7865288	0.43121704
0.71831346	0.77441156	0.06714615
0.0774008	0.050931633	-0.14481407
0.58308107	0.13790262	0.062946856
0.5379074	0.67499965	-0.6285301
0.8205672	0.9325334	-0.8210879
0.95813036	0.90956676	0.19292837
0.04060501	0.5758754	-0.64655554
0.4434271	0.30154234	-0.22663048
0.9385939	0.639739	-0.16103172
0.077935755	0.5920164	-0.5249583
0.13222468	0.6445851	-0.31656763
0.91363	0.75823295	0.20078611
0.4751104	0.6756811	-0.839095
0.7166715	0.74949616	0.093103245
0.1539486	0.44220722	0.6812301
0.41895372	0.8387517	-0.13400237
0.5218088	0.29408318	0.111904174
0.6719162	0.14893222	-0.78946936
0.95225275	0.9637364	0.23598655
0.4767818	0.28230304	-0.21183285
0.24924922	0.6807186	-0.46560252
0.36218506	0.76738894	0.15518509
0.06530231	0.22923702	-0.18335755
0.157412	0.41917276	0.7225694
0.33830738	0.91538244	0.09229388
0.5839704	0.81832784	0.10413563
0.010362923	0.572811	-0.55036396
0.5764683	0.696862	-0.06552544
0.57376397	0.19261396	0.34322
0.77256906	0.47465277	-0.5362543
0.55865395	0.2869268	0.43368936
0.040974796	0.82889754	0.030694492
0.53157616	0.9369181	0.06998907
0.5121211	0.65399593	-0.80442744
0.03491032	0.66023815	0.05691511
0.25085247	0.89688194	0.63577396
0.26570427	0.38344425	-0.06320617
0.013027012	0.8262508	-0.0044952873
0.18959916	0.24054027	0.22773093
0.16624445	0.45815647	0.68680626
0.26094353	0.82370514	0.36260882
0.81809163	0.0061276555	0.31885484
0.015347898	0.41734082	-1.4146023
0.05924934	0.65374124	-0.0038224775
0.8030679	0.049962163	0.5698584
0.9459351	0.89036405	0.32665956
0.8439953	0.10281873	-0.12796178
0.75134623	0.2735029	0.4180004
0.8757227	0.48216742	0.43848747
0.2726766	0.34135216	-0.20849484
0.9637827	0.8553622	0.084447436
0.65098387	0.29972404	-0.6299829
0.3864419	0.42754447	0.036864534
0.7887478	0.68177974	-0.5741418
0.36340994	0.9899388	-0.2839076
0.44133526	0.13134414	0.00035641482
0.31495434	0.85266036	0.40972686
0.8072195	0.34842664	0.5348728
0.85373324	0.40049034	0.5433035
0.5580409	0.48014158	-0.3014394
0.7723498	0.6353618	-0.72395843
0.8925183	0.27503693	-0.26639727
0.49960005	0.32146728	0.1382714
0.7209818	0.53336716	-1.0216912
0.63065195	0.2753436	-0.46863395
0.0006569624	0.9859599	-0.64438045
0.67621636	0.59037423	0.1593251
0.70280856	0.83787465	0.11378499
0.4929487	0.93250275	-0.23955297
0.90259606	0.024439156	-0.27884713
0.54149747	0.65450144	-0.6230042
0.04030925	0.6516949	-0.06198611
0.19637555	0.0721308	-0.53617245
0.016581893	0.53103244	-0.96271455
0.4898103	0.0028016567	0.14049692
0.5312153	0.46930766	-0.075770184
0.8505154	0.6376678	-0.15400107
0.36898482	0.5097798	0.22217755
0.6445171	0.2147215	-0.6029151
0.063860476	0.7292968	0.32623413
0.5337762	0.86111987	-0.12111969
0.51366967	0.6893436	-0.8723051
0.52055556	0.04535544	-0.18000454
0.3955416	0.66114324	0.2168513
0.22155273	0.13446718	-0.4435985
0.89032125	0.8649202	0.48007122
0.094105065	0.16741824	0.20385984
0.068533	0.38946033	-0.98792326
0.2826686	0.32330495	-0.335054
0.36950928	0.43398124	0.032153875
0.05821109	0.0745185	-0.09149806
0.8691967	0.051445782	-0.3332397
0.6276934	0.8105909	0.45190534
0.1783753	0.4990782	0.4773471
0.45176357	0.5075429	0.040033165
0.6851546	0.88112724	0.06944361
0.13530767	0.8195519	-0.45902354
0.78840345	0.9029993	-0.9453103
0.32335705	0.1907323	-0.41817534
0.19653875	0.93702424	0.5527863
0.07487887	0.30657297	-0.23444752
0.6426055	0.8572819	0.33337507
0.9552903	0.88117284	0.2204944
0.22489762	0.11895496	-0.39151397
0.6230458	0.4161814	-0.56794006
0.82765406	0.91772264	-0.6512254
0.68484896	0.46634996	-0.9013714
0.99283355	0.16989815	0.33813035
0.11091387	0.015318513	-0.24877119
0.8775153	0.80407506	0.61215544
0.36929303	0.9328062	-0.11453681
0.36526883	0.31265992	-0.29504463
0.29258066	0.8552611	0.52472246
0.47959405	0.23434448	-0.3911992
0.44481975	0.48221666	0.13417979
0.6293155	0.066043556	-0.6661381
0.36557078	0.82281405	0.17324503
0.16913384	0.046267867	-0.55862045
0.4668076	0.695236	-0.7495455
0.82650775	0.88877505	-0.29114753
0.22100401	0.28784245	0.19660829
0.580531	0.10174346	-0.07816037
0.65980947	0.305503	-0.67135626
0.9694066	0.23609132	-0.22370785
0.45433927	0.1511926	-0.26895204
0.63365895	0.00013953447	-0.6056517
0.42285132	0.5994748	-0.05686777
0.5500733	0.8942444	0.112582155
0.76221853	0.21925074	0.54909766
0.081863046	0.7842835	0.2974117
0.6028889	0.5407201	-0.32655022
0.6736372	0.69595826	0.71623015
0.85612714	0.04540795	-0.2275882
0.802878	0.40624714	0.31858099
0.88089293	0.6373457	-0.17840767
0.032835364	0.23991078	-0.6011192
0.52282584	0.6478033	-0.7553772
0.8166052	0.964505	-1.0521206
0.13634527	0.39760798	0.6882437
0.2453829	0.8913108	0.5763451
0.9122289	0.28948587	-0.2741603
0.9561528	0.49428105	-0.9542464
0.022701561	0.3780641	-1.3968967
0.50256574	0.6669659	-0.86973506
0.91311294	0.8107817	0.49373165
0.6971364	0.105870664	-0.4506892
0.23107153	0.02419871	-0.38345376
0.82726884	0.7648569	0.12508757
0.912225	0.7720556	0.34895164
0.05690211	0.71659833	0.3048424
0.81169766	0.42004335	0.43032715
0.6985271	0.093393445	-0.4239224
0.7338624	0.44640428	-0.8844395
0.9240571	0.30795234	-0.47929135
0.8472318	0.3310274	0.30237323
0.1331796	0.24454522	0.6584623
0.07259184	0.20791548	0.040915262
0.6067282	0.5021154	-0.3814259
0.34232444	0.48555666	0.29278573
0.5236032	0.39058828	0.15898424
0.82179886	0.25288272	0.13010934
0.6438239	0.29386884	-0.58613455
0.41728562	0.96047103	-0.26881102
0.8669208	0.040270925	-0.27270526
0.7011516	0.25602722	-0.687603
0.14080715	0.598169	-0.1931058
0.10018754	0.7413127	0.032106377
0.66322905	0.5643557	0.09037867
0.06784499	0.5354657	-0.9174289
0.36905485	0.63863856	0.31675395
0.93896514	0.022113323	0.09109881
0.27303392	0.5990228	0.0849708
0.238002	0.4584074	0.41687524
0.051578045	0.53215617	-1.0877026
0.939894	0.42309856	-1.0235225
0.496266	0.6985696	-0.941429
0.87649393	0.12776381	-0.42462564
0.088728726	0.3195113	0.10271617
0.79032356	0.019205213	0.5844708
0.8296456	0.34950256	0.563657
0.35838443	0.42791337	-0.008028697
0.83382225	0.09756869	0.01998379
0.5840463	0.4951396	-0.41745928
0.05232668	0.20300323	-0.23353091
0.5038949	0.7099136	-1.0486805
0.5354128	0.89943886	-0.0014147349
0.53942484	0.002682507	-0.09608844
0.2934323	0.98897266	0.5495811
0.96374166	0.39328313	-1.3740362
0.30834198	0.6061943	0.1975562
0.8011234	0.21585059	0.36934948
0.6519956	0.2777825	-0.5282004
0.11304152	0.23923647	0.6324617
0.67961246	0.6439824	0.5050933
0.43521565	0.42276436	0.11325895
0.2529192	0.58413273	0.047062088
0.8322557	0.654317	-0.16283625
0.39841646	0.6926429	0.2223344
0.8835654	0.12818336	-0.39022356
0.3351549	0.7796638	0.2353514
0.8548777	0.4741004	0.44632605
0.32989848	0.21593356	-0.3507981
0.26724136	0.33214033	-0.22470558
0.6225397	0.47205633	-0.44063127
0.93786085	0.34160304	-0.86328954
0.17107093	0.36522216	0.89873874
0.15551919	0.13648587	-0.08036011
0.887422	0.30383146	-0.1887992
0.3768466	0.87458044	0.056856602
0.54449743	0.3520664	0.16911434
0.18056297	0.16815305	-0.19804634
0.4673999	0.77562535	-0.7650382
0.56381714	0.83325213	0.04856411
0.4260736	0.30263442	-0.2250619
0.9489123	0.19562781	0.14226481
0.25251806	0.9957665	0.9169438
0.49611992	0.28008676	-0.1673477
0.2665853	0.70764047	-0.21661365
0.7161634	0.9272496	-0.59268504
0.8457918	0.21723855	-0.16846398
0.05874425	0.2669629	-0.3813487
0.021996498	0.8627447	-0.17187878
0.6837027	0.32426214	-0.88267386
0.1325289	0.9591102	0.24940166
0.9869391	0.8030525	-0.25043494
0.31732416	0.8363674	0.40167978
0.880146	0.9912692	-0.58633465
0.6809071	0.8941166	0.035267815
0.3497978	0.20176983	-0.26491603
0.84024787	0.3179986	0.30168128
0.33672392	0.11434269	0.060889255
0.47365344	0.8098695	-0.71252245
0.78208375	0.8774181	-0.76388437
0.8348277	0.38669264	0.47926688
0.74732894	0.22845477	0.32974982
0.7308465	0.13496006	-0.023644777
0.78493434	0.6606828	-0.66389847
0.54011065	0.6540661	-0.5833834
0.1765827	0.72126096	-0.72751576
0.34808385	0.4436559	0.04577875
0.5740927	0.17618436	0.24697757
0.800499	0.2888348	0.54786736
0.9605	0.9199641	0.14894438
0.6349849	0.30485123	-0.5199718
0.93112504	0.26051372	-0.32348347
0.724327	0.4927532	-1.0962875
0.5446717	0.46908605	-0.14623839
0.30386192	0.32097632	-0.4750192
0.30404532	0.38665462	-0.15139888
0.32989383	0.013074219	0.088497624
0.80227435	0.27748382	0.5057467
0.037671924	0.056601226	0.0156404
0.6933383	0.90684485	-0.111481555
0.33635426	0.25145942	-0.4526503
0.100569665	0.7456321	0.09544499
0.47296685	0.73651874	-0.7965841
0.8955665	0.98941517	-0.3220502
0.52351046	0.96436864	0.14069065
0.921526	0.18995172	-0.04495911
0.35177767	0.26114494	-0.36488274
0.2684276	0.9899853	0.7995813
0.5735172	0.3690089	-0.016201757
0.5259206	0.07835287	-0.27935708
0.14223975	0.19050229	0.34788066
0.11675978	0.3914622	0.37919763
0.7528351	0.42106217	-0.5000289
0.21780312	0.27257687	0.12000473
0.95924807	0.5329433	-0.81717443
0.8591777	0.7130327	0.22239959
0.76349854	0.94449943	-1.1698115
0.24475539	0.7464868	-0.3881728
0.62633187	0.15447831	-0.49799865
0.49855882	0.9874638	-0.062228393
0.23833174	0.57575434	0.079937845
0.59996766	0.39124578	-0.37190545
0.36301196	0.30819875	-0.36742628
0.090691805	0.17683285	0.17750858
0.17187017	0.6214251	-0.23830628
0.6229622	0.07779223	-0.5864915
0.9941568	0.0081269145	0.6446987
0.19757318	0.7762961	-0.7407743
0.080500126	0.53233695	-0.80850357
0.2231468	0.24947602	0.097791046
0.87392366	0.56953806	-0.041780524
0.44109946	0.018007815	0.9949448
0.85528415	0.5467199	0.05534592
0.7435167	0.7813838	-0.35314438
0.8198042	0.38172436	0.5086971
0.9940278	0.12142795	0.70211357
0.7745844	0.6936628	-0.6571972
0.07399517	0.29141128	-0.17896608
0.13843942	0.74300104	-0.56306386
0.39321423	0.5472759	0.17955042
0.7288382	0.46962643	-0.9831735
0.037561536	0.9939941	-0.7410898
0.9875029	0.78141284	-0.3207721
0.027483702	0.67187726	0.097506486
0.2776811	0.4603085	0.16931178
0.98445725	0.33509612	-1.137178
0.54501	0.4494046	-0.11849591
0.5731998	0.2832436	0.37575462
0.4249226	0.27190983	-0.34646934
0.6273283	0.5751667	0.006542038
0.1913566	0.59712994	-0.15060167
0.34224927	0.085400045	0.16476634
0.85571533	0.8228197	0.48628777
0.9646978	0.79263407	-0.0723789
0.25044674	0.4504586	0.25236857
0.8432044	0.8127585	0.38407356
0.9737823	0.18622357	0.24148579
0.8821096	0.9645387	-0.43297622
0.026231885	0.2048893	-0.53985876
0.60528547	0.19021803	-0.056806933
0.84669197	0.19631827	-0.14318952
0.6255372	0.29763997	-0.39894176
0.49820524	0.6627959	-0.9540225
0.19492972	0.80987	-0.57033783
0.56266296	0.2504921	0.44247586
0.3360232	0.6883391	0.30266562
0.24193299	0.8943642	0.6140683
0.562606	0.31298232	0.35301563
0.44754046	0.16888088	-0.2411462
0.4213134	0.1805309	-0.14652288
0.4863119	0.5914747	-0.46319136
0.074397504	0.70728344	0.2689729
0.67252266	0.7081871	0.7395403
0.08499348	0.18694794	0.14086671
0.27963382	0.88376415	0.7074624
0.3820011	0.12885392	0.35276604
0.84896445	0.48660862	0.38268578
0.9344052	0.98651934	0.13585441
0.6149244	0.47204864	-0.5272829
0.14982349	0.047030628	-0.43245804
0.03169638	0.4885416	-1.3279655
0.96318525	0.10415274	0.6040957
0.71589404	0.5599812	-0.8098926
0.9684985	0.6760435	-0.25346258
0.8873076	0.9569088	-0.26650706
0.35534197	0.06512046	0.41610605
0.6900051	0.7839856	0.39914832
0.07311189	0.62359154	-0.22945292
0.6824004	0.08575314	-0.5741537
0.38047653	0.92997324	-0.28498003
0.7350241	0.35245752	-0.34748295
0.2427541	0.28108656	0.008402174
0.46712142	0.88275856	-0.44844306
0.17433888	0.21376383	0.16435863
0.440933	0.38506484	0.10772683
0.97592	0.62674445	-0.300344
0.926117	0.74136966	0.143626
0.8839755	0.061172664	-0.3900753
0.8340557	0.49355143	0.2729696
0.6731101	0.5158553	-0.4403478
0.85823095	0.80476576	0.52854705
0.8422411	0.7752395	0.3694008
0.94825816	0.3438058	-0.99066246
0.44423544	0.81218505	-0.32550108
0.7537989	0.025937498	0.37493405
0.5244707	0.08890295	-0.30240062
0.48797166	0.46860307	0.29727814
0.9180439	0.61915976	-0.17575566
0.5514827	0.43227237	-0.0944078
0.79673	0.0025150776	0.5821817
0.663069	0.6102266	0.37840134
0.8797114	0.6616668	-0.08891847
0.8989951	0.21273863	-0.268322
0.82981616	0.8240601	0.12519385
0.85126144	0.6852711	-0.0066660717
0.91000986	0.7875518	0.39761782
0.40533757	0.02776879	1.134244
0.9064215	0.14830744	-0.22979258
0.2514506	0.41593754	0.19013834
0.05357164	0.026446462	-0.010897739
0.07668972	0.79507136	0.24581346
0.6243878	0.4921252	-0.35496384
0.4357077	0.9543648	-0.33021012
0.3248617	0.97102606	0.10117959
0.4868756	0.13457298	-0.4066257
0.6569741	0.2819419	-0.6620378
0.68507403	0.70969653	0.644922
0.91161764	0.03238195	-0.20674162
0.030324996	0.45169657	-1.428192
0.941298	0.081365764	0.20860541
0.46458048	0.83840007	-0.5309183
0.9481897	0.32375568	-0.81078935
0.04446411	0.057623684	-0.03780154
0.29721487	0.1671204	-0.3757495
0.88019884	0.03128171	-0.3397561
0.7642676	0.96411693	-1.3114313
0.8620814	0.08835411	-0.3053253
0.041015267	0.66015583	-0.006003443
0.43433028	0.99158216	-0.33727926
0.3069849	0.7934703	0.3324372
0.23863095	0.40650165	0.31453702
0.799582	0.95814365	-1.2651621
0.8433214	0.6349502	-0.10827313
0.5735892	0.14930487	0.12942399
0.24031746	0.035372913	-0.2802024
0.35534936	0.41084057	-0.03391459
0.034374535	0.8350121	0.040957198
0.9015581	0.016852558	-0.21260992
0.74479777	0.602773	-0.80385214
0.0977363	0.90844566	-0.13993847
0.42027444	0.7667877	0.070516706
0.1928401	0.8653239	-0.13821518
0.73290944	0.23661435	0.078942984
0.85084015	0.9898055	-0.9296956
0.43742263	0.86832386	-0.33093655
0.9029236	0.23951834	-0.24450615
0.8466634	0.89678884	-0.22841412
0.5613124	0.30295175	0.4232636
0.21727622	0.1997202	-0.23329473
0.5283394	0.6947704	-0.6860885
0.3884784	0.3339883	-0.07294273
0.9214534	0.054675937	-0.04984828
0.6917514	0.7927113	0.4224006
0.79217696	0.13127095	0.4656436
0.80069	0.74911886	-0.38062003
0.4518472	0.6809521	-0.4419133
0.9567554	0.4142713	-1.2687503
0.11254835	0.52944654	-0.2955932
0.93170077	0.52765024	-0.4193641
0.067881405	0.38601494	-0.9315191
0.47428238	0.1749857	-0.50598
0.2590055	0.8741692	0.6654691
0.49791312	0.040262997	-0.1511777
0.98133624	0.2983545	-0.8793532
0.90385246	0.83260417	0.584948
0.17987013	0.8684254	-0.19410038
0.13706243	0.22694945	0.60717416
0.1410827	0.5979613	-0.18148673
0.9676409	0.034167945	0.5673265
0.70712054	0.09424156	-0.33731708
0.7189368	0.32413465	-0.5088219
0.36507887	0.45266867	-0.009265985
0.10290438	0.9625449	-0.028962625
0.45170754	0.18289596	-0.3779239
0.21184117	0.95354253	0.6739762
0.9540707	0.33752728	-1.012434
0.07312614	0.31062728	-0.30655038
0.92524606	0.09634	-0.05053927
0.19156194	0.25489372	0.40150234
0.8119455	0.7801128	-0.08299833
0.3537438	0.21373081	-0.27010754
0.9886515	0.2806142	-0.72813994
0.419917	0.6834613	0.12879415
0.56470174	0.65246534	-0.3280552
0.4034899	0.26378715	-0.19164391
0.48332763	0.051031888	0.0083714
0.9380632	0.040047884	0.12926178
0.98621464	0.895447	-0.12167784
0.29479176	0.76064926	0.14842449
0.22282273	0.0041256547	-0.42396924
0.6576736	0.5257983	-0.25021037
0.4709282	0.15714455	-0.5071874
0.7889544	0.34008706	0.50907516
0.9555239	0.2751869	-0.543881
0.930485	0.39486277	-0.8312193
0.09871513	0.20985341	0.4455814
0.6178248	0.08143288	-0.5133959
0.92378306	0.47044224	-0.46469378
0.59004647	0.7419291	0.115961134
0.21331787	0.6014455	-0.15057841
0.47967792	0.357126	0.23439945
0.5021043	0.09205443	-0.33813968
0.4141953	0.44392014	-0.031102762
0.9751205	0.56878227	-0.6011129
0.018184602	0.8748825	-0.19875416
0.016965806	0.038342297	-0.2061636
0.27251476	0.6439927	-0.060030736
0.24791133	0.036164403	-0.22272319
0.096273005	0.8042261	0.038740896
0.51757115	0.12447214	-0.34148884
0.19267803	0.4937606	0.56837547
0.22673231	0.3528459	0.31719556
0.4152674	0.09299666	0.594789
0.60829467	0.12418109	-0.33524588
0.40802222	0.053538203	0.9823303
0.35688448	0.99711615	-0.19302104
0.9278894	0.16529489	0.10064708
0.33775222	0.55469716	0.36656773
0.29247522	0.11248642	-0.27101302
0.87742996	0.9054119	0.034563057
0.8595495	0.37008327	0.44574136
0.08764839	0.55212724	-0.5772096
0.13129383	0.28821003	0.69807607
0.47226667	0.17441344	-0.402718
0.629039	0.79599166	0.44472024
0.47028106	0.9953095	-0.284767
0.0056229234	0.9322461	-0.56853515
0.06526381	0.97965866	-0.49879158
0.88926667	0.40719867	0.28637475
0.9504842	0.33396327	-0.94679284
0.07359356	0.83674556	0.1265406
0.29570037	0.79365295	0.29703268
0.7826238	0.8326946	-0.5732504
0.7040261	0.49268746	-0.96837384
0.6624422	0.10432404	-0.8023183
0.3590204	0.3321709	-0.31836537
0.52573305	0.473657	-0.06456639
0.07676691	0.06433123	-0.13713197
0.124132395	0.25955415	0.6885881
0.99599344	0.29992634	-0.82131124
0.11167544	0.15239471	0.24749176
0.16036147	0.96389174	0.6287534
0.022393823	0.4040233	-1.4233025
0.081055164	0.09620541	-0.06948055
0.5609308	0.4206701	-0.14677787
0.31566542	0.14129579	-0.23603356
0.34418243	0.85835624	0.14122543
0.20423937	0.38637716	0.7450165
0.47065306	0.9312296	-0.4154462
0.06990969	0.3510021	-0.6788436
0.3886937	0.038423955	0.88999623
0.36410648	0.37538266	-0.2320938
0.71965057	0.15365583	-0.2777825
0.48861575	0.8095331	-0.7872889
0.7963773	0.26293397	0.5427899
0.96187633	0.02658683	0.47270367
0.66633725	0.442528	-0.8948108
0.8980651	0.55716664	-0.064295
0.8783068	0.5644498	-0.08175601
0.42949533	0.99720824	-0.29181755
0.44882917	0.20761055	-0.42216873
0.93848675	0.31016427	-0.65157485
0.20928454	0.026159406	-0.53166085
0.7742003	0.045515656	0.5862176
0.16182399	0.7636838	-0.6809907
0.13077158	0.9840905	0.36873654
0.052821696	0.6895849	0.23403041
0.26992607	0.42324585	-0.0017271452
0.4119994	0.1916216	-0.14184394
0.36156142	0.9780907	-0.23303865
0.22648442	0.6659175	-0.57749933
0.7222547	0.16405058	-0.21056479
0.5924999	0.8762271	0.2210927
0.98253596	0.47453147	-1.2741275
0.2569071	0.512282	0.30818385
0.82194096	0.3388803	0.5165882
0.5391555	0.50425017	-0.31278262
0.9398808	0.58194304	-0.34276912
0.07455176	0.38362145	-0.77948576
0.67816865	0.713419	0.67136526
0.61218846	0.55891407	-0.16414815
0.886837	0.20030934	-0.37920767
0.852498	0.31341386	0.16764544
0.52386224	0.3940696	0.18983473
0.5370937	0.8135709	-0.19170046
0.22967094	0.09869528	-0.41396275
0.2281059	0.29866135	0.2150951
0.43537784	0.6508973	-0.19451164
0.54293793	0.23733789	0.23992363
0.94751793	0.04141581	0.2932993
0.022067845	0.06866354	-0.1611498
0.14717889	0.64525473	-0.24584982
0.44523084	0.14134955	-0.13653524
0.632466	0.11585069	-0.6610253
0.7225984	0.21300375	-0.23173524
0.3756023	0.03371507	0.72754645
0.23960239	0.60314876	-0.098405816
0.026772678	0.36251867	-1.4152063
0.7708095	0.08205336	0.48727748
0.45250016	0.49351007	0.10889411
0.6534392	0.9715009	-0.03303185
0.9075682	0.26221043	-0.2516319
0.28145742	0.74049544	-0.014798336
0.38399988	0.5225089	0.14878276
0.4019971	0.0952096	0.6183438
0.5086205	0.24766219	-0.20737638
0.01459682	0.37163258	-1.3494829
0.47523212	0.43718785	0.36890393
0.77662665	0.73491204	-0.6110025
0.0036788583	0.22968036	-0.8074625
0.20130944	0.5947799	-0.22023067
0.001553297	0.29924172	-1.093142
0.7556534	0.7604415	-0.5040093
0.3335464	0.6867718	0.25092292
0.8562091	0.3817371	0.4454999
0.6036882	0.22009581	0.09171818
0.95306283	0.0030437708	0.30062512
0.37585616	0.9364265	-0.2480949
0.81041026	0.7420765	-0.15403959
0.8860078	0.6466436	-0.14046592
0.21129078	0.45115358	0.7335349
0.18175286	0.10882664	-0.43219614
0.32381523	0.49832886	0.30899978
0.8023652	0.5697154	-0.43920526
0.52202654	0.22692299	-0.12250285
0.3632	0.78695893	0.1858973
0.4522701	0.43238908	0.18266726
0.62027776	0.7228475	0.49836344
0.27835417	0.41978395	-0.0085037425
0.31564236	0.25449926	-0.42534074
0.15191084	0.9402382	0.38013852
0.3227123	0.19727892	-0.36716336
0.6164749	0.8564736	0.31079704
0.9157856	0.6142564	-0.1840948
0.7338589	0.07401186	0.07154049
0.73532873	0.75131434	-0.27851477
0.77712035	0.23154372	0.6215073
0.6375703	0.10919148	-0.7271806
0.78105646	0.3676691	0.3640846
0.987797	0.23243386	-0.2602886
0.45581383	0.23830932	-0.41095802
0.1551292	0.39418596	0.8253193
0.6454053	0.37388158	-0.7195336
0.68011165	0.69200176	0.68142754
0.8241626	0.4864859	0.17914568
0.024395108	0.25233728	-0.73119986
0.016584933	0.5143017	-1.0797923
0.91196895	0.996839	-0.2024031
0.26155835	0.71927047	-0.28373733
0.29813737	0.06614137	-0.082575046
0.22802484	0.004799664	-0.3697216
0.31601244	0.35859942	-0.3169725
0.7474809	0.16063696	0.19169076
0.6708894	0.19516456	-0.8628159
0.37295312	0.5458619	0.26360336
0.9527118	0.871354	0.19635096
0.88134557	0.14627272	-0.42026025
0.48568684	0.5424266	-0.06743593
0.5542288	0.31629092	0.2766105
0.61569107	0.075339556	-0.533131
0.29192245	0.6226968	0.093886286
0.8602665	0.52291405	0.13874659
0.50730425	0.4418586	0.23212358
0.26731396	0.20004493	-0.14226504
0.4296797	0.70693946	0.08059238
0.4276517	0.72008514	0.11897926
0.5049608	0.10881764	-0.42867798
0.30803394	0.9053334	0.39534742
0.6082993	0.33138353	-0.33640355
0.6745097	0.40047693	-0.9345459
0.91499597	0.91521734	0.3094608
0.2220031	0.0921343	-0.4102325
0.121198714	0.7273104	-0.30191255
0.34299594	0.033379197	0.1887522
0.39329654	0.67167175	0.23324153
0.49511987	0.5736455	-0.3292365
0.55856246	0.69179434	-0.3828668
0.43738544	0.6237643	-0.2332454
0.2849381	0.26470262	-0.33473375
0.39528167	0.95669615	-0.41391075
0.5831925	0.8710709	0.15725085
0.42983335	0.021029532	1.1145127
0.29437143	0.89956975	0.5659262
0.6394822	0.81859285	0.48334938
0.8628774	0.80957496	0.50056213
0.5264868	0.020715714	-0.19275336
0.75461197	0.022141814	0.4509655
0.2850473	0.015629888	-0.19952011
0.23109585	0.052283704	-0.37675124
0.70237386	0.45884842	-1.0110705
0.25375634	0.26566613	-0.12326467
0.45185477	0.26541114	-0.34577757
0.6163376	0.524584	-0.26119298
0.47431177	0.58109313	-0.38809037
0.14315146	0.5506827	-0.05627203
0.47208363	0.3834334	0.26173332
0.29084396	0.6196249	0.12006974
0.9033572	0.22651911	-0.2028483
0.6384238	0.8512849	0.38116008
0.55004483	0.38678867	0.009609837
0.3916973	0.5964501	0.22657517
0.47893894	0.9808788	-0.20560509
0.11647105	0.18177432	0.4258357
0.43033588	0.34058332	-0.047703214
0.4040606	0.9358256	-0.26454782
0.24307358	0.3713898	0.09497509
0.78906894	0.72037214	-0.5641334
0.1422165	0.6121659	-0.18272068
0.30217296	0.90311587	0.50208837
0.0053284764	0.09221184	-0.42256454
0.6893063	0.39708543	-0.98512864
0.3685153	0.7916661	0.15033242
0.4875176	0.6404046	-0.7843555
0.21894068	0.71060747	-0.8272959
0.10400313	0.5215248	-0.3864738
0.2994902	0.7532789	0.13298386
0.68191826	0.40677226	-0.9769669
0.41428518	0.8580146	-0.038009044
0.25958788	0.15291965	-0.22760087
0.47623265	0.13897455	-0.30969888
0.85777116	0.8107468	0.5140643
0.69088966	0.3037672	-0.7909784
0.5666742	0.24327976	0.46997634
0.112820566	0.1878345	0.3833204
0.7835767	0.98748255	-1.4500157
0.6884331	0.74875313	0.49056208
0.4761935	0.29750282	-0.06704669
0.2885968	0.18315005	-0.2767098
0.15068805	0.79403526	-0.57806337
0.050997257	0.9061404	-0.26361564
0.3187995	0.5342601	0.25889623
0.61140114	0.05567056	-0.585089
0.5451658	0.2828704	0.34057444
0.30957252	0.92022043	0.37254116
0.13644642	0.08468622	-0.22770877
0.093651116	0.33949476	0.105118036
0.13792884	0.8160012	-0.48652148
0.69049114	0.35899228	-0.90410304
0.6469438	0.4156621	-0.75797117
0.48063284	0.61971307	-0.55500466
0.78920275	0.32958007	0.5661867
0.9988946	0.9653234	0.001144398
0.36084038	0.9714865	-0.1996088
0.9296643	0.44565165	-0.6712402
0.678087	0.28210473	-0.8718755
0.21806848	0.16232818	-0.3599966
0.28761715	0.7129048	0.056611113
0.42234778	0.2548824	-0.2857272
0.5492501	0.58889574	-0.4853292
0.54565245	0.4880436	-0.1605228
0.50789094	0.6176675	-0.5851334
0.5591618	0.39799976	-0.1186741
0.98344713	0.39278513	-1.3451059
0.47211862	0.9660183	-0.29340592
0.0937686	0.70147604	0.09772398
0.7980876	0.71733224	-0.48649567
0.49243653	0.36074096	0.2785838
0.7287223	0.5417733	-1.0627395
0.24652678	0.41315442	0.18405166
0.30095625	0.26208127	-0.43121147
0.54756236	0.7077886	-0.49394163
0.6149795	0.7366837	0.46294317
0.7828256	0.59634376	-0.64459366
0.012786746	0.6291981	-0.08810696
0.1869663	0.2755434	0.50823176
0.77832144	0.0076305866	0.5307979
0.57206255	0.30939853	0.34637228
0.5444324	0.18183553	0.056361113
0.06919712	0.65867263	0.084985375
0.32083434	0.48769945	0.2552536
0.08718485	0.49440652	-0.6782709
0.053400338	0.095252216	-0.09649275
0.68148685	0.9450346	-0.14143732
0.12272471	0.02892375	-0.31461185
0.38739628	0.59637725	0.29709828
0.21614677	0.8508111	-0.052632898
0.029413462	0.06515628	-0.13368936
0.17452812	0.059623837	-0.48940337
0.93767244	0.72766465	0.08647701
0.26095498	0.3373102	-0.15365256
0.5236556	0.8381083	-0.28487456
0.96015847	0.4757052	-1.100867
0.83400875	0.2329852	-0.06716657
0.94360197	0.10172522	0.24049783
0.6653202	0.46903616	-0.76998955
0.83629435	0.73073304	0.17052148
0.39705336	0.9876554	-0.37045076
0.0961988	0.8748786	-0.06524266
0.3493114	0.30378783	-0.40408897
0.32367915	0.07213831	0.020495906
0.38561487	0.46281177	0.09149262
0.4435836	0.12592065	0.005311135
0.90538275	0.9920667	-0.24183424
0.97464955	0.24924725	-0.3660164
0.18599707	0.4476179	0.8154155
0.93447554	0.9210858	0.34646016
0.1279875	0.305214	0.72778875
0.015499532	0.118711114	-0.38767356
0.5114917	0.61767095	-0.67646366
0.3863663	0.54335296	0.20724262
0.41702276	0.20806026	-0.19993708
0.012760758	0.5699201	-0.646762
0.28951705	0.45742136	0.18064438
0.057593644	0.029494822	-0.021306252
0.16837043	0.9214555	0.2543584
0.62404346	0.062591076	-0.65103173
0.29302263	0.74904436	0.112810396
0.6476419	0.013882339	-0.60356635
0.24942595	0.422181	0.18136041
0.9068231	0.58362436	-0.17452492
0.12733483	0.32408768	0.7845921
0.63068146	0.31103832	-0.6366686
0.038297117	0.79391295	0.1688979
0.45265597	0.0611192	0.47259778
0.105021656	0.54824084	-0.4033456
0.34387535	0.25366998	-0.39477125
0.7461182	0.6425959	-0.69422334
0.122232676	0.68525624	-0.33213046
0.11359018	0.15570045	0.2131653
0.852673	0.19318563	-0.2929996
0.30969638	0.63917065	0.20543392
0.96980894	0.2788422	-0.5750977
0.66916525	0.8782684	0.2394113
0.9883063	0.21284425	-0.048627317
0.84151995	0.088271916	-0.08543458
0.19307649	0.7171131	-0.8266813
0.17193764	0.34124768	0.9490998
0.6533797	0.6468141	0.5945635
0.7569456	0.54774475	-0.95185804
0.7282975	0.99172753	-0.99269724
0.041320562	0.07628363	-0.034525122
0.9921692	0.2785678	-0.6854851
0.14848268	0.7957132	-0.61218005
0.9686222	0.8235201	-0.095155045
0.8645748	0.3836581	0.50798804
0.6746561	0.17855531	-0.83309305
0.12877113	0.5288775	-0.13035361
0.9313207	0.37339115	-0.8182364
0.66809833	0.19219142	-0.85441786
0.5005133	0.84190667	-0.59814465
0.52126575	0.3047058	0.16108927
0.8195247	0.41459113	0.46108317
0.59541994	0.47747368	-0.42996228
0.23765159	0.9229261	0.79132605
0.7760063	0.2316432	0.6596412
0.42616987	0.50580615	0.051926043
0.33436215	0.32218176	-0.44325173
0.20715898	0.2722391	0.206227
0.5361402	0.7797912	-0.34340182
0.6553954	0.3559575	-0.7831053
0.9328614	0.17318916	0.101964235
0.62599427	0.041743577	-0.66561973
0.5758541	0.26425856	0.39172316
0.9996898	0.017809808	0.58964866
0.5011638	0.26233184	-0.20484665
0.97695315	0.25627774	-0.39338943
0.013402939	0.19192827	-0.5974166
0.051759362	0.17139798	-0.1524403
0.8525398	0.23085392	-0.12897928
0.67351323	0.08036822	-0.65570813
0.6486658	0.10106552	-0.6972387
0.41382378	0.85327756	-0.09749013
0.1920054	0.7528016	-0.92225164
0.31082767	0.21238303	-0.4366215
0.16772664	0.47016853	0.553936
0.81069195	0.74195486	-0.18624182
0.87613547	0.8032677	0.60769016
0.26962495	0.125485	-0.26089737
0.65402067	0.6192281	0.40399104
0.5041236	0.3328151	0.14717574
0.5964896	0.352759	-0.2562387
0.92836964	0.060333192	-0.043292094
0.2155928	0.47029102	0.6807852
0.5380334	0.14293039	-0.16368869
0.81900424	0.61435	-0.3607495
0.050247133	0.09553313	-0.06731959
0.29225332	0.78643596	0.2469586
0.3520587	0.96604234	-0.0939504
0.93834114	0.2955804	-0.5901974
0.2242673	0.16716903	-0.25925294
0.3608033	0.06424737	0.48586035
0.25794744	0.16365755	-0.15958162
0.4548611	0.046639204	0.5351188
0.006819725	0.09141046	-0.42397705
0.39469784	0.35688698	-0.034145717
0.37712955	0.9270406	-0.19647142
0.43916792	0.38670653	0.12634955
0.13981485	0.9141097	0.04647822
0.55343	0.70082814	-0.42440102
0.07482475	0.26797998	-0.057198565
0.11319685	0.38651586	0.3627653
0.77929246	0.21546924	0.5368227
0.30092627	0.20746154	-0.4367337
0.25213486	0.46523732	0.2548885
0.37153763	0.38092685	-0.15177964
0.6899271	0.92617	-0.24427214
0.14679152	0.9273484	0.23744331
0.2646858	0.15400851	-0.25569308
0.9236758	0.12106192	-0.024677759
0.9657468	0.5267619	-0.83078057
0.7081121	0.28553742	-0.6535995
0.3884707	0.496024	0.07322765
0.1665811	0.40101248	0.8912577
0.55874485	0.14133286	0.07650182
0.93250275	0.33833522	-0.7396856
0.75408304	0.94574803	-1.1841657
0.1562128	0.7975763	-0.55857205
0.43536097	0.37133884	0.03953406
0.33755106	0.095580935	0.029275477
0.2751873	0.43375224	0.054085843
0.14856774	0.5861002	-0.14239424
0.4974019	0.5803853	-0.32699984
0.16741467	0.8603505	-0.27679637
0.15291166	0.067427814	-0.34340563
0.0012062192	0.22717285	-0.81698143
0.8139245	0.40288597	0.48442873
0.602537	0.97215855	0.24102685
0.23764968	0.781012	-0.30198434
0.50371087	0.866578	-0.45934513
0.21133327	0.11876899	-0.44216487
0.96445864	0.22541565	-0.09222655
0.37251234	0.20464748	-0.10986663
0.6811439	0.94143194	-0.22536281
0.068003476	0.92337507	-0.30334204
0.99151987	0.15719318	0.42093438
0.7370237	0.6470916	-0.58303005
0.03666061	0.7442744	0.17140065
0.15158975	0.82398987	-0.57550186
0.4687559	0.99574023	-0.29579458
0.59358346	0.11642343	-0.0639817
0.3321035	0.8136901	0.26584703
0.70104176	0.32763195	-0.8404923
0.12520152	0.48812383	0.1245083
0.2888589	0.7182823	0.015346373
0.24714118	0.5250691	0.2925609
0.89853907	0.9857522	-0.29753125
0.16061014	0.6907045	-0.56408113
0.16511267	0.40679443	0.9024964
0.27715695	0.8282375	0.52183706
0.62461144	0.030828774	-0.6358136
0.7957012	0.13105762	0.39974153
0.7026075	0.49782383	-0.9510478
0.5525841	0.8550117	0.023898857
0.6587414	0.5763267	0.115397096
0.41754448	0.9672625	-0.32367077
0.85408545	0.14058053	-0.26798782
0.2903623	0.4090948	0.044006534
0.29910618	0.09105694	-0.15386365
0.7606352	0.20174778	0.39308596
0.32408738	0.2945928	-0.46940345
0.2617296	0.8275157	0.40642148
0.5132067	0.75504977	-0.8254464
0.601453	0.12699974	-0.1997664
0.013445675	0.27331233	-0.915377
0.67093056	0.94590265	-0.07341592
0.35506797	0.5088446	0.34716752
0.95193434	0.2597167	-0.34729746
0.7620653	0.3168717	0.39441624
0.23382825	0.38039643	0.34304702
0.9553305	0.25136518	-0.3009093
0.93874836	0.650843	-0.19971469
0.40812707	0.0016776323	1.1389726
0.25679463	0.53553474	0.17986596
0.11463243	0.779852	-0.25772944
0.81587946	0.22697109	0.15810618
0.8448067	0.50171316	0.26164395
0.64669794	0.09270996	-0.7763194
0.80118567	0.32941884	0.6227755
0.86065793	0.1909877	-0.28263545
0.9722619	0.10134214	0.684799
0.040573716	0.94515043	-0.5849753
0.6401223	0.81395817	0.479379
0.8928774	0.13906634	-0.3878478
0.59234446	0.9483401	0.1617404
0.16006607	0.29660815	0.7764019
0.79837406	0.41187716	0.25497782
0.7370784	0.053750575	0.15325221
0.11214876	0.80223304	-0.23204063
0.24005604	0.69899535	-0.53682435
0.74604243	0.8383496	-0.40849763
0.88896483	0.112645805	-0.40514442
0.19883132	0.65914005	-0.5671448
0.7854067	0.10208362	0.5283378
0.8323151	0.92258865	-0.6004329
0.8781047	0.3280356	0.096080564
0.7142999	0.70217854	0.090096876
0.035807192	0.8650137	-0.092250764
0.6871806	0.6354498	0.37307867
0.0091784	0.7411809	0.14857656
0.71912456	0.0007432103	-0.0132725565
0.80282885	0.6032471	-0.559368
0.32220262	0.25105822	-0.4933362
0.95429546	0.7321052	-0.14710425
0.5766015	0.5265361	-0.47375563
0.9150312	0.39790964	-0.51966757
0.95805913	0.43991756	-1.2404033
0.41132796	0.6341444	0.08735944
0.14811617	0.08784711	-0.25038955
0.7314	0.74824333	-0.20768227
0.04446745	0.7293619	0.24859701
0.9243147	0.14657718	-0.041591655
0.09086484	0.18370676	0.24247725
0.7862047	0.008687258	0.5924771
0.29570258	0.66544724	0.09651635
0.86812896	0.3993134	0.4665525
0.80123043	0.61270434	-0.5011412
0.7946391	0.15542239	0.4011444
0.8923337	0.61838233	-0.17779483
0.3714394	0.0829401	0.56555504
0.0027076006	0.52683514	-0.8794257
0.09266794	0.7913207	0.14078106
0.2416569	0.23766458	-0.13573442
0.09775418	0.32150018	0.30075064
0.8886084	0.79752946	0.4552803
0.42027462	0.8848444	-0.23424366
0.3510375	0.14862645	-0.042654224
0.337865	0.7397159	0.24134982
0.09481585	0.2994923	0.24150763
0.082377076	0.42817056	-0.75488377
0.9585369	0.32165706	-0.9187437
0.9057854	0.8235018	0.55052257
0.56858397	0.5517091	-0.47223973
0.17838746	0.5211232	0.3306754
0.96152186	0.37320393	-1.3393785
0.018342793	0.49021167	-1.2310901
0.15567005	0.5961212	-0.1904131
0.43834394	0.32808632	-0.119366415
0.6524977	0.4881987	-0.5062667
0.21206015	0.50273937	0.5075972
0.88255876	0.85685015	0.48890555
0.6638243	0.596943	0.29124758
0.6831872	0.6432931	0.46918914
0.5078724	0.92036116	-0.13737671
0.30101448	0.26404107	-0.46378437
0.8633009	0.8077155	0.5117441
0.67359453	0.20544398	-0.8520769
0.27278137	0.6063906	0.050404817
0.9582893	0.70958537	-0.14710541
0.9805774	0.6236765	-0.34254646
0.46154225	0.44089478	0.34100544
0.58688	0.4771893	-0.44496733
0.6055454	0.4312845	-0.41380638
0.420191	0.7217852	0.10074319
0.83743674	0.82178277	0.34352687
0.82907	0.9447948	-0.84428716
0.4435675	0.82102	-0.32463232
0.071407855	0.8663237	0.05026779
0.5690485	0.3033749	0.41284394
0.82963717	0.35987014	0.5190595
0.80669117	0.2679366	0.44760394
0.88758427	0.2601856	-0.21004009
0.7837256	0.89966595	-0.91487336
0.26741785	0.4829331	0.20295691
0.15457612	0.0038307905	-0.58137673
0.34349197	0.8468974	0.23528081
0.56625575	0.51337564	-0.36335504
0.6727211	0.78435487	0.52558815
0.1470325	0.36321616	0.8082893
0.4733953	0.21020031	-0.45496023
0.73708415	0.81907684	-0.29574585
0.2579888	0.4817956	0.2586917
0.7916568	0.14550298	0.47350377
0.54229313	0.62000954	-0.57828724
0.3899575	0.37320077	-0.0023852382
0.47593474	0.75408894	-0.8637645
0.9297724	0.8014784	0.3584639
0.64265674	0.5099202	-0.2663698
0.81073916	0.24883413	0.3099622
0.64714193	0.557573	-0.0017635534
0.68510497	0.5898851	0.051330894
0.17935008	0.2406671	0.31137553
0.04932207	0.03536755	0.028165877
0.8105247	0.2585441	0.32108626
0.58664495	0.22013819	0.32788157
0.12944621	0.07470584	-0.17743972
0.46587002	0.9086808	-0.36141455
0.3502022	0.012799382	0.29043373
0.9374738	0.72392863	0.07583138
0.21379387	0.46294475	0.6662333
0.19502479	0.84174454	-0.3308436
0.72238797	0.20820498	-0.25657934
0.38434446	0.08897126	0.568324
0.9550354	0.5418786	-0.62007034
0.6587749	0.11724925	-0.7947258
0.96117944	0.058766782	0.584676
0.3470528	0.532785	0.33947837
0.87550205	0.57955116	-0.08923049
0.2068544	0.56250256	0.122312866
0.28079653	0.71028876	-0.037055824
0.33877796	0.41699988	-0.04377882
0.37482685	0.87644476	0.027961489
0.5061959	0.63870114	-0.7576375
0.46982569	0.68960845	-0.81399965
0.22266626	0.09428376	-0.3897539
0.15562713	0.69524145	-0.44128945
0.7226713	0.89541066	-0.4085643
0.98108387	0.47280276	-1.2577553
0.6061925	0.64905167	0.24003536
0.34424484	0.37026566	-0.36258504
0.4629478	0.4249882	0.32116598
0.7592454	0.26743084	0.54565525
0.6837432	0.18513435	-0.8369676
0.23131394	0.42091078	0.41054574
0.33377546	0.4073153	-0.058745638
0.19160944	0.006264031	-0.62626255
0.2547837	0.6411846	-0.18303633
0.90815055	0.874581	0.52624303
0.4232992	0.0085911155	1.2581496
0.5502717	0.1786313	0.022349745
0.2610389	0.8232204	0.43773276
0.25987047	0.76374763	-0.12072858
0.32327753	0.3830902	-0.22674958
0.09514755	0.40947944	-0.1731405
0.9637066	0.3113274	-0.8914753
0.18092066	0.31054533	0.72459507
0.50365824	0.37250268	0.35208791
0.89932775	0.2676484	-0.2800954
0.583293	0.6260438	-0.17033774
0.66537887	0.17591065	-0.754196
0.9039103	0.093547344	-0.2607076
0.050296962	0.7160905	0.3010777
0.37337446	0.82892054	0.10021542
0.56700224	0.09122515	-0.031764723
0.42967862	0.5237231	-0.0042083357
0.9321036	0.80755997	0.4060932
0.08150607	0.6824754	0.15451513
0.63917845	0.89500844	0.29685262
0.30734676	0.7445388	0.10671876
0.44031042	0.5788151	-0.28032
0.21379334	0.90231335	0.3966045
0.11024845	0.44282293	0.009155413
0.37533593	0.6919633	0.18564813
0.5942406	0.54146904	-0.3908282
0.37156332	0.16555202	0.07193446
0.3963607	0.5816019	0.23515926
0.8131564	0.15982354	0.27987128
0.023298323	0.6134759	-0.2808586
0.60608196	0.14283162	-0.22730093
0.6627348	0.27090263	-0.7126013
0.82304424	0.16731411	0.08328603
0.37507266	0.23293424	-0.20011301
0.11995816	0.29648173	0.6271651
0.3193732	0.45685637	0.2552087
0.89482653	0.29017317	-0.27401528
0.54657316	0.9378873	0.25099778
0.14754069	0.45736128	0.5195199
0.6610323	0.5356853	-0.23056044
0.1622411	0.78726864	-0.65113676
0.57623273	0.064967036	-0.12208922
0.8039235	0.5037643	-0.1860562
0.68626946	0.13173753	-0.7142693
0.68531454	0.5349887	-0.48134643
0.0035583973	0.31781715	-1.1360507
0.21610236	0.5830296	-0.0103209615
0.3947701	0.7994749	0.19391361
0.70318335	0.06611878	-0.32273427
0.75842184	0.7217395	-0.6494367
0.80178285	0.5151911	-0.2904643
0.47744483	0.18427813	-0.46001494
0.007735789	0.69435775	0.08388768
0.66800994	0.72103894	0.72394
0.034739316	0.28486305	-0.82862616
0.2266044	0.0042711496	-0.40069807
0.0671764	0.05989355	-0.015137114
0.10644156	0.2760542	0.54767334
0.02085191	0.6598167	0.08952092
0.15360123	0.41998553	0.7458342
0.28815508	0.3578518	-0.22129636
0.13960165	0.09468347	-0.10238005
0.9760658	0.5427464	-0.7683691
0.8484158	0.5040583	0.2659142
0.74878544	0.35493857	-0.082620524
0.15211731	0.53047246	0.17392583
0.635541	0.3094902	-0.5676512
0.41871095	0.896591	-0.27206394
0.039541006	0.72850657	0.21121967
0.05165738	0.18848687	-0.15983555
0.42917275	0.8748281	-0.31926167
0.87059194	0.31967956	0.172646
0.3241576	0.23580015	-0.43567523
0.03759849	0.81403077	0.14421892
0.42701966	0.4582283	0.055185154
0.7375341	0.7904123	-0.17683469
0.6331489	0.8661	0.31191814
0.10777885	0.94942224	-0.057902798
0.94507414	0.32361507	-0.8256282
0.11683577	0.19104785	0.4429816
0.3218544	0.47257203	0.29661158
0.79395133	0.13239425	0.43439713
0.052485406	0.58023113	-0.6992402
0.7521133	0.10410601	0.22686197
0.14334315	0.14091259	0.08922875
0.40196657	0.7396552	0.22637562
0.81829095	0.830694	-0.057055276
0.9310944	0.95536584	0.17995462
0.6359521	0.08266419	-0.74508023
0.23618418	0.0029901862	-0.36551756
0.044421732	0.7199765	0.34183633
0.76378393	0.97317004	-1.327912
0.5971454	0.19525391	0.07193427
0.841717	0.81647164	0.3772714
0.2633531	0.73131186	-0.19652843
0.062803864	0.9849671	-0.5180188
0.1840902	0.24622285	0.272399
0.7484078	0.08561653	0.26386824
0.37178415	0.90454245	-0.099726126
0.65385157	0.29726285	-0.6478621
0.4638939	0.6841426	-0.68990487
0.1637907	0.3945858	0.86593765
0.011483312	0.9778337	-0.6452914
0.8637813	0.7003768	0.19158734
0.09237254	0.99567187	-0.108495004
0.46681094	0.31006557	-0.10417797
0.77248126	0.47643167	-0.55674696
0.30047596	0.27515757	-0.4134979
0.5066702	0.09334153	-0.295583
0.5326465	0.7993866	-0.3226223
0.9206163	0.7451018	0.21987885
0.7993119	0.22426909	0.39057997
0.82327384	0.74570125	0.04632619
0.81210625	0.46763653	0.11918384
0.07915062	0.5083247	-0.8556658
0.5296996	0.93057317	0.08068043
0.26664335	0.5169388	0.19414139
0.64238614	0.9720961	0.07119768
0.14715344	0.10574061	-0.16553025
0.23813385	0.87381405	0.5467877
0.8358784	0.708058	0.09527886
0.5700296	0.39483678	-0.12374335
0.44419992	0.9599111	-0.31944567
0.056500733	0.74520946	0.3992006
0.46648097	0.11043686	-0.1607423
0.60309523	0.5785146	-0.1426049
0.28146952	0.44667393	0.14234532
0.2046712	0.43424416	0.76269376
0.6597089	0.7505523	0.74123335
0.32241994	0.21758848	-0.40457633
0.97793174	0.9262331	0.013658286
0.26654804	0.82360333	0.44569674
0.39604115	0.042015493	0.98007876
0.81125927	0.9187731	-0.7921747
0.25124276	0.87423855	0.6191869
0.024377525	0.35190535	-1.3216488
0.4548447	0.1602276	-0.34088296
0.39383197	0.58222467	0.18479915
0.43889815	0.790595	-0.09724529
0.14467728	0.6234488	-0.2395021
0.84805274	0.901432	-0.20870136
0.03288865	0.762719	0.18784845
0.5553136	0.26018864	0.47405055
0.073934376	0.64741945	-0.058263615
0.046622097	0.9548203	-0.58714515
0.1908344	0.2712974	0.4415945
0.022138894	0.6332278	-0.14492917
0.07415599	0.4238028	-0.9859593
0.7722922	0.92559874	-1.1456145
0.6514899	0.9942304	-0.02487398
0.65232456	0.100177884	-0.73665434
0.67972183	0.9539157	-0.251354
0.5300654	0.26195467	0.15751083
0.27699316	0.24498743	-0.27855358
0.8802855	0.473737	0.3861288
0.6890119	0.58353484	-0.09406208
0.8520396	0.8191237	0.4741941
0.496459	0.17841625	-0.44147494
0.7392181	0.43351352	-0.7073776
0.6632829	0.8214083	0.4376402
0.31467748	0.56404597	0.26024473
0.57736164	0.14272618	0.11381107
0.67702746	0.2758119	-0.75722706
0.24223626	0.4391508	0.32821518
0.0869565	0.56704324	-0.5858453
0.6287436	0.30096507	-0.46642175
0.34367073	0.91488117	0.023784582
0.31001908	0.89200133	0.43984446
0.13624108	0.66205764	-0.38233638
0.024352014	0.13414848	-0.41323015
0.08657992	0.22349232	0.28844467
0.606394	0.22047341	-0.013580771
0.9356957	0.23203653	-0.13125372
0.5264468	0.47077268	0.0012052767
0.37785423	0.09835696	0.51432544
0.968595	0.38773382	-1.3174512
0.76517	0.032798827	0.54865646
0.8790445	0.6536733	-0.10320519
0.9568673	0.11627823	0.5172277
0.7044057	0.41550326	-0.97604406
0.68830675	0.4085319	-1.0121939
0.5113373	0.8858113	-0.19401765
0.014365017	0.2851789	-0.9996525
0.47908485	0.6941369	-0.95311487
0.13725245	0.39484346	0.7072897
0.77053493	0.3037997	0.55842805
0.45650452	0.38818693	0.21908143
0.9885431	0.9239577	-0.063596085
0.29813778	0.46302003	0.25405693
0.2509101	0.92707866	0.8802406
0.66846347	0.91695434	-0.024878476
0.05165088	0.87625265	-0.121835865
0.3070016	0.55289584	0.15786238
0.15333682	0.9535993	0.4719615
0.47739458	0.9920755	-0.22756958
0.93257165	0.9756144	0.16370413
0.93230796	0.23899537	-0.07954532
0.9328373	0.9215278	0.3546687
0.61327404	0.4979384	-0.38213173
0.24392855	0.14237213	-0.25862747
0.311652	0.4941764	0.2357875
0.82061255	0.742271	-0.032824237
0.82940066	0.12870246	0.037809633
0.5866769	0.80878425	0.15520187
0.98197156	0.10854924	0.7295741
0.8565065	0.8745333	0.13785297
0.30555195	0.60467654	0.21999814
0.93530345	0.86392295	0.43160224
0.67048603	0.88125974	0.24931599
0.500245	0.21164364	-0.402899
0.016101062	0.11552447	-0.37131488
0.85142183	0.8474916	0.3032734
0.55186456	0.6298714	-0.46106568
0.994118	0.52904963	-0.8864056
0.6098948	0.9299321	0.20413446
0.5992514	0.035423875	-0.41364595
0.8975819	0.34106588	-0.17270356
0.28247035	0.23036665	-0.312233
0.91500646	0.98639137	-0.14532663
0.3127839	0.071609914	-0.026316572
0.6908022	0.03601867	-0.3119056
0.83267987	0.7474887	0.18911973
0.08840853	0.76587534	0.25274572
0.83908385	0.5724485	-0.19250046
0.81255203	0.72810477	-0.22751686
0.3988855	0.21538568	-0.15687487
0.39431083	0.6893624	0.22213556
0.68594754	0.8317541	0.37785107
0.18959159	0.10439563	-0.49633843
0.31133348	0.121587336	-0.18639956
0.8123589	0.9057614	-0.65194935
0.12061185	0.61326605	-0.21333659
0.09155023	0.36396462	-0.048609808
0.36983228	0.76566833	0.15829735
0.60197586	0.70339346	0.28385633
0.5637613	0.60358167	-0.43389422
0.9763378	0.86042446	-0.07509466
0.87168574	0.62361497	-0.20231599
0.25898504	0.9140025	0.8853367
0.036270976	0.2578838	-0.6824381
0.22198445	0.08226371	-0.4290476
0.59965104	0.68198586	0.2193086
0.95161587	0.5971006	-0.3508175
0.49467897	0.64972425	-0.8974861
0.608606	0.07314026	-0.45868966
0.008208454	0.1288045	-0.51449835
0.32029963	0.8052795	0.32359308
0.05645442	0.16222161	-0.10790493
0.41560614	0.21879154	-0.2930899
0.81934243	0.9167089	-0.6933346
0.17895985	0.90221655	0.19900033
0.68939805	0.4923103	-0.8469225
0.25483608	0.6090452	-0.024271
0.0019780397	0.8051591	0.05495602
0.061738133	0.98564816	-0.52136356
0.06492013	0.43347925	-1.1651033
0.99200505	0.9626404	0.08895241
0.76115936	0.0120075345	0.4688787
0.0663746	0.41108233	-1.084521
0.9976506	0.18321872	0.20679988
0.5175787	0.75262994	-0.7497476
0.6572858	0.8683246	0.3169579
0.097408414	0.63277596	-0.17412488
0.7635681	0.041223764	0.5291389
0.96628195	0.47768366	-1.1747493
0.6802821	0.6777944	0.6088728
0.020192921	0.75902194	0.14228164
0.8574031	0.8077795	0.484901
0.9819086	0.41943425	-1.4452009
0.84225833	0.40935254	0.5456509
0.33370346	0.81927997	0.33104876
0.94225204	0.34659642	-0.93129927
0.7045023	0.2707011	-0.760964
0.012874126	0.019833624	-0.16132137
0.5528869	0.027393818	-0.07190844
0.81985337	0.6326966	-0.38551503
0.07983619	0.23213798	0.06584874
0.026459992	0.9191596	-0.4031101
0.59482235	0.9146452	0.22225152
0.8000884	0.13080001	0.47381938
0.67534477	0.8328953	0.35751557
0.015123546	0.6439211	-0.06373544
0.3179863	0.9145934	0.32334164
0.18953389	0.19267929	-0.118105985
0.70483124	0.97604656	-0.6970124
0.6277354	0.5077861	-0.33091116
0.8948118	0.61691624	-0.11699235
0.15193069	0.8950395	-0.032281328
0.9209249	0.78014416	0.33554852
0.9131211	0.68666863	-0.035964098
0.008661151	0.31939346	-1.1876824
0.6738796	0.9695793	-0.25481102
0.10569799	0.64901054	-0.14541961
0.044909775	0.32331985	-1.038474
0.19425148	0.10572803	-0.44648212
0.78991127	0.5214969	-0.46411675
0.27045196	0.9116413	0.8206174
0.18033755	0.34786785	0.8532625
0.4928559	0.56192625	-0.2687983
0.62505245	0.39065683	-0.56706315
0.41408336	0.7952911	0.08587065
0.8070658	0.66310686	-0.3021646
0.5541106	0.38443094	0.048319787
0.29402113	0.7823604	0.22072732
0.3188632	0.4460476	0.18371217
0.8045939	0.59893304	-0.39064652
0.65876263	0.9351041	0.055875175
0.39257973	0.026885629	0.9856573
0.007504642	0.48729366	-1.1105225
0.7897501	0.9921165	-1.422618
0.39952618	0.2496664	-0.19499719
0.107091725	0.016091228	-0.27691543
0.5423538	0.99269235	0.2840032
0.90332556	0.15132749	-0.26887965
0.80732197	0.6785905	-0.34069124
0.70073414	0.2563622	-0.7262307
0.3299048	0.53865165	0.26553822
0.6733243	0.8700427	0.23722692
0.60608435	0.6330805	0.19566096
0.98868895	0.325324	-1.0665876
0.7389009	0.13915098	0.047682762
0.68523926	0.38267183	-0.9232576
0.52444345	0.22490299	-0.10461211
0.6198953	0.649429	0.37578082
0.19287813	0.8660341	-0.097397
0.18973023	0.2742092	0.5022509
0.04829794	0.9742046	-0.6014233
0.60312676	0.6823333	0.33171633
0.6508617	0.46617168	-0.6452832
0.20989162	0.95356035	0.65670407
0.39611787	0.435686	0.039156027
0.1838525	0.8039507	-0.6494361
0.90080404	0.0375517	-0.30051032
0.57381636	0.6455376	-0.23380649
0.22581655	0.99713635	1.00039
0.68225175	0.16384792	-0.73989344
0.93600017	0.68363595	-0.007613547
0.95878065	0.39000207	-1.2707018
0.5313905	0.9443154	0.06664284
0.9506555	0.7474924	0.056132015
0.24831724	0.033558965	-0.2727277
0.6519633	0.14690518	-0.7956748
0.54031056	0.4225453	-0.027786858
0.6175122	0.909339	0.25452223
0.73183703	0.93532866	-0.7920599
0.7610904	0.85996515	-0.5940189
0.84093225	0.89552164	-0.23218372
0.62916213	0.22113311	-0.43028316
0.07252431	0.05472815	-0.07951552
0.6887336	0.52080536	-0.61018217
0.35842276	0.7256959	0.19137786
0.12527388	0.7694786	-0.43880653
0.9798563	0.9946155	0.0945924
0.5945348	0.8614449	0.17298433
0.13068342	0.34568328	0.73829925
0.24802625	0.03451109	-0.23410517
0.21787345	0.26485234	0.14978662
0.91123	0.23489445	-0.14951228
0.061231196	0.8032569	0.2792514
0.85438746	0.8076601	0.47317734
0.9276973	0.15577126	0.038623065
0.9242997	0.28748184	-0.35768574
0.4154775	0.9913578	-0.35610446
0.7690814	0.1194883	0.38868886
0.4534654	0.7575085	-0.394187
0.5445599	0.006303668	-0.07865951
0.45444465	0.54537725	-0.19529472
0.20608538	0.5530208	0.20271501
0.386097	0.30469984	-0.12633725
0.95082897	0.93153816	0.31860253
0.7150421	0.4810148	-1.0627965
0.96105015	0.43818617	-1.2384835
0.72184134	0.5844918	-0.7634933
0.3721664	0.41957802	0.026801135
0.5751705	0.9970268	0.30923778
0.4300391	0.9031578	-0.32085764
0.98445785	0.9591965	0.030732589
0.088790834	0.13459063	0.04139832
0.5060528	0.7863192	-0.8449384
0.32740754	0.31630218	-0.5075302
0.41228694	0.9363668	-0.34276107
0.36310524	0.12704682	0.23723964
0.7632721	0.84014714	-0.4820552
0.7954672	0.16256261	0.4070733
0.804541	0.4320516	0.2608006
0.35078	0.98121834	-0.17858757
0.62005675	0.7246444	0.51974976
0.48065257	0.47810704	0.33293518
0.2598247	0.15003806	-0.20157593
0.102561176	0.28783584	0.45535976
0.026082098	0.028914392	-0.069136985
0.5626842	0.60460675	-0.43973565
0.38493973	0.39195782	-0.0766873
0.8701103	0.11301935	-0.39753756
0.38548785	0.0729599	0.6679032
0.47339666	0.74604285	-0.8370352
0.30535376	0.53257203	0.25143093
0.7688809	0.47232968	-0.6688546
0.22654462	0.17445946	-0.21139216
0.5653564	0.85011005	0.09329477
0.28062016	0.8981505	0.73447317
0.6791505	0.12595099	-0.7228344
0.31616813	0.5529047	0.2103701
0.69870585	0.1424526	-0.64093745
0.41457897	0.9727619	-0.38784185
0.24894273	0.056484938	-0.2707804
0.1288886	0.42800057	0.42269233
0.7226556	0.8994333	-0.46297738
0.52801204	0.15816432	-0.28612468
0.75500834	0.37860358	-0.10890584
0.16632766	0.8048052	-0.58483934
0.4735285	0.3529058	0.1455903
0.16371244	0.8325973	-0.43055868
0.68274313	0.14486527	-0.7511212
0.69824153	0.3612728	-0.91631407
0.9463394	0.9738743	0.22519426
0.13270915	0.9183541	0.091781124
0.7367522	0.00074213743	0.28298652
0.21530032	0.3406796	0.49099427
0.40532959	0.65628684	0.22785321
0.016662061	0.8507847	-0.15051863
0.31575745	0.44608992	0.18023998
0.22806114	0.2836529	0.09568105
0.45139962	0.9516529	-0.35384795
0.4961213	0.901476	-0.33358356
0.42139006	0.9818515	-0.3477846
0.105891645	0.59446216	-0.27199236
0.25952804	0.30303103	-0.1697937
0.077717364	0.6922484	0.21835278
0.1899234	0.8007948	-0.7041759
0.45591247	0.024030507	0.70657253
0.042659402	0.83045584	0.04363771
0.150006	0.3282348	0.83579576
0.058432996	0.33499545	-0.8820082
0.9879012	0.822497	-0.2198111
0.95028424	0.17288625	0.27309856
0.04747498	0.28518313	-0.7184735
0.3011927	0.73072505	0.099278964
0.96985215	0.548947	-0.714723
0.64803636	0.480852	-0.5074242
0.30838943	0.14331472	-0.20074981
0.7342891	0.20124406	0.04012031
0.895763	0.3252517	-0.15005578
0.34198034	0.8930977	0.14702573
0.98247105	0.64542764	-0.3822844
0.0744251	0.6117396	-0.34064183
0.5032292	0.4358074	0.30727118
0.97367406	0.045517266	0.672122
0.122977614	0.514776	-0.040666815
0.7994883	0.8227446	-0.36857447
0.77880573	0.6720097	-0.7023128
0.19534498	0.18242413	-0.20167166
0.7960402	0.68125993	-0.5250041
0.27500725	0.09721017	-0.18124211
0.21197128	0.505872	0.5328003
0.8019866	0.97329956	-1.3177149
0.34064406	0.8201937	0.2483923
0.01836133	0.7472223	0.12224203
0.5854404	0.12816769	-0.022167025
0.9242314	0.59278333	-0.22097413
0.246405	0.67806804	-0.48671943
0.75199115	0.6507312	-0.7417294
0.71242803	0.12698174	-0.36188197
0.23374277	0.9029012	0.67639256
0.35665882	0.45157462	0.09894501
0.46694714	0.68409956	-0.7866447
0.05428785	0.7743399	0.2664581
0.9796076	0.64828926	-0.328473
0.43431127	0.2987063	-0.21903668
0.4906817	0.48073155	0.2672395
0.8341547	0.814447	0.26613954
0.45406026	0.52302235	-0.010288572
0.5112699	0.10795331	-0.35119697
0.76654655	0.4715817	-0.63803273
0.5710355	0.3944142	-0.21243489
0.3856042	0.99944055	-0.3349343
0.88859046	0.82871383	0.5939769
0.79222834	0.18163282	0.4752628
0.63180363	0.33263993	-0.5385271
0.7036361	0.74540293	0.32688057
0.7205247	0.31657624	-0.47182044
0.34484255	0.74547535	0.23034392
0.9312713	0.18846679	0.07259609
0.9343485	0.11261505	0.16772595
0.9571702	0.6064275	-0.28629607
0.42964733	0.93723714	-0.2969483
0.9641345	0.16592276	0.3679042
0.24940187	0.6345087	-0.19526559
0.089173555	0.26542443	0.2721896
0.26803136	0.7227784	-0.2336798
0.72006243	0.036337852	-0.035009474
0.9055583	0.60256165	-0.24051769
0.15810227	0.021052778	-0.5115297
0.5407129	0.41104442	0.02457016
0.15607357	0.40813226	0.8012102
0.8592567	0.044337213	-0.2944175
0.5750111	0.8497569	0.11241287
0.37837112	0.5976625	0.296515
0.30081314	0.90645975	0.5036155
0.077246726	0.23819602	0.07012932
0.48514408	0.38264424	0.28925475
0.23533815	0.47545213	0.466364
0.2013582	0.22569686	-0.036509126
0.71198237	0.33456373	-0.68079233
0.6443708	0.0896948	-0.7590102
0.31506371	0.5526571	0.20938012
0.3972026	0.40233213	-0.03410417
0.491342	0.29327136	-0.035678767
0.4206518	0.2624399	-0.33087534
0.8031729	0.008146822	0.5122609
0.75628537	0.9011652	-0.7884854
0.95808357	0.41159242	-1.2717407
0.49616802	0.16932642	-0.46234298
0.3378554	0.42405915	-0.029199973
0.97420937	0.9175123	0.0329526
0.67446655	0.26019722	-0.7720568
0.01193589	0.32119757	-1.1395682
0.9318863	0.757876	0.23405321
0.49030662	0.5961712	-0.47815463
0.4104023	0.012582362	1.1872246
0.64115345	0.086193085	-0.7629423
0.6282424	0.3306985	-0.5145079
0.062007785	0.27914315	-0.37185162
0.51832885	0.89447254	-0.1724927
0.21454793	0.34196025	0.51979744
0.5735367	0.065965295	-0.074182145
0.31861544	0.33076668	-0.4485313
0.02442938	0.9653863	-0.62976575
0.7679634	0.8889668	-0.8853924
0.88091636	0.6657144	-0.045143887
0.28599954	0.9991739	0.60657376
0.8381232	0.7247794	0.24353722
0.684272	0.99992526	-0.46202892
0.2551934	0.21748781	-0.21356669
0.19623327	0.40290427	0.85785383
0.5112883	0.37848508	0.23041636
0.55917716	0.7972227	-0.054040026
0.94625676	0.74106956	0.033020414
0.86280805	0.07761544	-0.2895465
0.92416775	0.95496196	0.124530956
0.27818763	0.5414097	0.22177215
0.20887947	0.6880927	-0.7824918
0.6902456	0.6058869	0.058317583
0.44595712	0.044662	0.7276805
0.25117552	0.3357265	-0.099478446
0.32083666	0.7783763	0.18869913
0.6685404	0.4668836	-0.7719625
0.37995136	0.54721785	0.20307818
0.5508754	0.43473285	-0.11921818
0.32481945	0.6660265	0.31242344
0.25129682	0.27016604	-0.13114768
0.113681495	0.6929332	-0.1960106
0.5536575	0.36833417	0.047300767
0.44465733	0.5563201	-0.19888058
0.9504453	0.837252	0.22408263
0.9465196	0.68677264	-0.14686735
0.5512227	0.082487464	-0.12575082
0.4121418	0.94487834	-0.36430597
0.19062495	0.39621902	0.959436
0.21210986	0.21174604	-0.1125257
0.2231133	0.6574424	-0.5181586
0.83660036	0.47842282	0.35287124
0.6520002	0.16962147	-0.7219704
0.19511157	0.34363008	0.7734457
0.4718706	0.9077095	-0.39711916
0.6165595	0.81265855	0.3589445
0.66956586	0.19295418	-0.83161056
0.004218638	0.34488153	-1.2200744
0.14912456	0.2701978	0.7423548
0.9209096	0.3092423	-0.43269068
0.20817536	0.74348265	-0.89582646
0.8710568	0.71935815	0.18974707
0.041754127	0.6047606	-0.40985388
0.23235303	0.0082938075	-0.32190216
0.5575203	0.8068078	0.010150246
0.42722857	0.3549868	-0.03582778
0.5263478	0.68445134	-0.761518
0.020868003	0.8309223	0.009893164
0.47276062	0.47613776	0.28361157
0.42009676	0.17837137	-0.1215965
0.344988	0.4559993	0.15781575
0.41765577	0.6467145	0.056009285
0.65111816	0.33934945	-0.6738012
0.84536356	0.79449004	0.38595986
0.51275593	0.9851663	0.1862641
0.58843696	0.41152012	-0.34008485
0.6887146	0.70126855	0.60420305
0.5223466	0.7283702	-0.75143296
0.11290681	0.33139145	0.55641186
0.5251646	0.09048122	-0.30872598
0.29894048	0.79991806	0.29175723
0.09980357	0.2371217	0.44804317
0.63492125	0.92845297	0.25468987
0.5359351	0.11145079	-0.19227538
0.009718418	0.58166903	-0.4353577
0.26658762	0.4497559	0.14776239
0.063785195	0.17321497	-0.09400997
0.8460024	0.43113095	0.5400754
0.605188	0.5005035	-0.34136018
0.8756293	0.9692939	-0.4202283
0.11262298	0.3047015	0.5765547
0.6426103	0.98997927	0.027148731
0.37748826	0.99019945	-0.39383972
0.23282784	0.15771568	-0.34559324
0.18178767	0.09158778	-0.501427
0.35707915	0.9876144	-0.18041337
0.21380466	0.05835581	-0.50061375
0.8350603	0.35931998	0.5204622
0.6829413	0.87888104	0.13220988
0.18911624	0.039358318	-0.5645
0.5283164	0.12964982	-0.27965364
0.40570974	0.8308674	0.07817627
0.56091344	0.5083968	-0.40794587
0.77917945	0.8807869	-0.7950657
0.801773	0.86753815	-0.49632862
0.30210328	0.03479916	-0.10885546
0.18314314	0.36802286	0.8937812
0.8796263	0.92606777	-0.0614055
0.95030046	0.61334604	-0.35227913
0.95974886	0.22273517	-0.022404086
0.38726002	0.3780461	-0.04038306
0.45524842	0.260473	-0.3531536
0.75871444	0.108433485	0.38874644
0.8804697	0.56467956	-0.050791472
0.6805618	0.629419	0.40470576
0.15060341	0.7462256	-0.6228983
0.3891592	0.5277759	0.13834275
0.28414857	0.39611566	-0.06329099
0.085231304	0.90048105	-0.06253922
0.6858047	0.6947427	0.5926975
0.059923768	0.40146935	-1.2035387
0.61539286	0.4884742	-0.41258073
0.8765929	0.0698719	-0.38229427
0.023287773	0.494094	-1.235206
0.6121994	0.08635062	-0.50196993
0.41318405	0.83834815	-0.046298385
0.32602203	0.532788	0.22469184
0.52251995	0.27881676	0.056534205
0.49896175	0.12639385	-0.37787053
0.6832973	0.4456855	-0.96581835
0.67460597	0.14505172	-0.80794585
0.7494077	0.54547566	-0.9554694
0.47156292	0.0046650767	0.43936896
0.9671721	0.21939325	-0.050281
0.5695849	0.7365917	-0.15931466
0.2652471	0.9453814	0.85811615
0.7816583	0.46499854	-0.3726892
0.97146696	0.004800439	0.56594443
0.81963575	0.5563128	-0.2151396
0.45475155	0.20227534	-0.44248372
0.28372985	0.02597934	-0.18483569
0.112357974	0.20482421	0.48146188
0.15007156	0.14247924	0.035556886
0.26614428	0.032841265	-0.15611137
0.6316549	0.23637557	-0.4337482
0.04647219	0.10448372	-0.1087271
0.46293402	0.85607743	-0.52734387
0.7444735	0.8897106	-0.64799464
0.21332484	0.74412715	-0.86441565
0.48103642	0.07630968	-0.15868452
0.81545365	0.013846695	0.39654154
0.99580693	0.48525608	-1.2325267
0.8658813	0.18503165	-0.29327455
0.81358904	0.43470997	0.3736381
0.5627784	0.87051237	0.10072304
0.42391038	0.15101838	0.01630158
0.48080808	0.8361004	-0.6346369
0.8892947	0.17688352	-0.39033747
0.9734994	0.53110427	-0.84788984
0.64519095	0.33193904	-0.5995298
0.38596326	0.58642936	0.26532817
0.81732535	0.95346886	-1.0260243
0.9016061	0.10753429	-0.34022567
0.9012654	0.9716681	-0.22248515
0.23420227	0.012637973	-0.351477
0.15039033	0.77834153	-0.6126364
0.76118994	0.49724317	-0.90992236
0.6966926	0.76095945	0.41480935
0.95180494	0.4182498	-1.2361983
0.8035364	0.017264128	0.5277396
0.63686705	0.16169208	-0.6059593
0.3705955	0.4327566	-0.014482141
0.09334469	0.38385195	-0.04156696
0.9862403	0.15006852	0.5331236
0.9372601	0.73938376	0.07872778
0.019100308	0.39821756	-1.4411949
0.83840185	0.17842442	-0.13319224
0.43057495	0.9248518	-0.29526258
0.82224077	0.12409508	0.17517407
0.3808787	0.95779616	-0.30010357
0.44121748	0.38285422	0.12867562
0.64575547	0.3919776	-0.79045683
0.99651	0.9686776	0.03196437
0.6994328	0.2070145	-0.7315913
0.89832264	0.84998316	0.65752697
0.3992287	0.47156107	0.10495889
0.98787755	0.74160296	-0.33410284
0.29523253	0.8155776	0.3609075
0.28507042	0.4274631	0.032600045
0.6142967	0.37601143	-0.49302757
0.08746147	0.6255717	-0.1973386
0.8526658	0.7012742	0.12416725
0.23553652	0.6933273	-0.5785897
0.3876748	0.9531218	-0.30887303
0.83842516	0.011108458	0.0651892
0.58098793	0.59653443	-0.2355746
0.30325234	0.18054813	-0.3488544
0.85422474	0.5888095	-0.10990234
0.07970673	0.16562492	0.058839153
0.23419261	0.4403085	0.47211894
0.7510299	0.46010762	-0.82657087
0.9137446	0.69227433	0.010765772
0.9791396	0.24142236	-0.2930709
0.67008907	0.6355807	0.56841266
0.18379772	0.1445176	-0.35806298
0.7258772	0.16542673	-0.11644442
0.8343366	0.15767115	-0.068654716
0.47582173	0.676653	-0.8192206
0.016198456	0.41096753	-1.3961935
0.88873804	0.9827582	-0.4504198
0.8667757	0.33331716	0.19847572
0.15592021	0.63402605	-0.27370018
0.06775749	0.586038	-0.64248216
0.80346227	0.59059626	-0.5162698
0.4036191	0.36359656	-0.09004794
0.9336778	0.2780524	-0.36930424
0.8801179	0.1965949	-0.37715888
0.23170143	0.73495215	-0.67686045
0.30465138	0.15455848	-0.3347983
0.27739632	0.65363944	-0.075121656
0.7333669	0.09508872	0.119783595
0.12083542	0.08708227	-0.08433744
0.2820565	0.60592455	0.07541322
0.9183225	0.87463206	0.4476084
0.95038176	0.79359424	0.1077042
0.25196123	0.95353603	0.8791044
0.71295035	0.7311435	0.10666581
0.26049197	0.60252094	0.01906846
0.6462268	0.41779697	-0.7062549
0.39878333	0.9317453	-0.3340099
0.78373045	0.20919454	0.4732796
0.56358397	0.45454502	-0.20990597
0.40874672	0.0118021965	1.1568125
0.4872704	0.9939875	-0.109242186
0.0013895631	0.19690865	-0.77409756
0.07345325	0.7714499	0.3634986
0.008630872	0.3292265	-1.2250348
0.31724733	0.5506586	0.2636676
0.6126552	0.3503223	-0.4351458
0.9255873	0.17981642	0.083067715
0.27471042	0.17932427	-0.26481548
0.87115514	0.19349295	-0.3648765
0.3616147	0.40330267	-0.17617884
0.6513803	0.2981435	-0.6784365
0.9292677	0.990467	0.03486762
0.26290762	0.27506953	-0.2040528
0.5887559	0.60002923	-0.13888128
0.35302877	0.48287266	0.19665496
0.1613335	0.4273368	0.7773661
0.01936686	0.2565856	-0.8175095
0.08699477	0.2656604	0.21246462
0.95375913	0.6957692	-0.14054188
0.060081184	0.42141348	-1.2892019
0.28326452	0.12900943	-0.2696048
0.69858044	0.17976397	-0.67378294
0.7506199	0.5161148	-0.9940955
0.95277655	0.7441116	-0.019924523
0.1320653	0.43285048	0.4838071
0.7344416	0.7450178	-0.2746364
0.42562544	0.22602117	-0.3903906
0.87128335	0.78048927	0.48244667
0.4285407	0.18236244	-0.17703582
0.8737066	0.84228426	0.48265094
0.1375227	0.27435488	0.79550064
0.1499539	0.67175907	-0.39749303
0.024199545	0.344886	-1.2607064
0.21656889	0.4785208	0.56030965
0.17018223	0.6156174	-0.2783399
0.15916163	0.3160913	0.80250144
0.4627838	0.7663949	-0.64930105
0.5290061	0.17028886	-0.22477643
0.7575124	0.8628733	-0.6209323
0.28558916	0.7717918	0.1482209
0.36013424	0.7631325	0.20617032
0.34416288	0.63138026	0.36293688
0.56433994	0.94970745	0.19880158
0.00221622	0.4808147	-1.1477314
0.7296497	0.20143771	-0.062531196
0.16799766	0.39344442	0.86781037
0.09749609	0.47731704	-0.4761993
0.951621	0.14256465	0.36331826
0.033970177	0.04056132	-0.0574871
0.4993204	0.40246516	0.33970425
0.7014467	0.24441606	-0.66032255
0.738381	0.6644746	-0.53555393
0.9319617	0.18088418	0.0863123
0.9451486	0.3188604	-0.8332841
0.82592094	0.24750173	0.10822378
0.67848563	0.34832883	-0.87493706
0.36985737	0.40028834	-0.10104908
0.86759377	0.8094284	0.52643967
0.31776512	0.7466632	0.19041461
0.95713526	0.7965363	0.08635736
0.06610292	0.56234795	-0.8366537
0.07214081	0.52216715	-0.97068673
0.7030701	0.427692	-0.94146323
0.8687364	0.49454784	0.3549502
0.2273761	0.016924202	-0.38355425
0.6561703	0.057328343	-0.7116356
0.44813478	0.96397984	-0.3340839
0.46629	0.44026	0.31343123
0.92788404	0.26118267	-0.1976016
0.9064656	0.5601921	-0.091545135
0.89840853	0.26611137	-0.23074138
0.47398198	0.38095677	0.28281778
0.71057385	0.4008795	-0.8825812
0.6076351	0.37278265	-0.42539713
0.9014177	0.53800124	0.0029237233
0.6460468	0.022041857	-0.6031149
0.39188236	0.3558455	-0.04668715
0.8587219	0.34030133	0.29541096
0.095039725	0.53386325	-0.4869799
0.7477949	0.16190988	0.23599161
0.80160916	0.83440363	-0.34643522
0.27343804	0.9204498	0.77498734
0.75042576	0.4254638	-0.5428312
0.36097884	0.41708916	-0.048510324
0.21756566	0.76139784	-0.699623
0.5648649	0.9949373	0.2824098
0.39513534	0.23715538	-0.20397009
0.6733002	0.088697135	-0.67675334
0.22963017	0.7437762	-0.62108713
0.37040406	0.4109205	-0.032722414
0.4238596	0.27814072	-0.33416557
0.38234454	0.15030307	0.16275647
0.613564	0.01576823	-0.60537714
0.12315202	0.0042358637	-0.42287672
0.8842775	0.85508275	0.54690105
0.37359005	0.3586048	-0.15071762
0.48945135	0.06624061	-0.161391
0.8780523	0.37815648	0.35673657
0.42425883	0.6094988	-0.04120129
0.21991652	0.36085612	0.48080528
0.23273325	0.4608131	0.5253569
0.4102475	0.298155	-0.17230205
0.74509895	0.7576748	-0.36051852
0.04572159	0.8214524	0.12029423
0.551817	0.8184261	-0.027312104
0.8871122	0.96394026	-0.3657317
0.98134726	0.667027	-0.25323477
0.36560905	0.6851895	0.23116559
0.74803483	0.3274582	0.09944926
0.06842756	0.4981495	-1.054862
0.15016347	0.24103904	0.54946876
0.41460901	0.973486	-0.3964658
0.5927327	0.19171631	0.1544635
0.5642248	0.51323605	-0.35856244
0.9451309	0.7918213	0.17862816
0.8653522	0.4243021	0.54737794
0.9034402	0.6877785	-0.042268027
0.3071103	0.6539792	0.17358005
0.2766043	0.5712188	0.20926023
0.56728256	0.78473973	-0.020368932
0.17180139	0.6778922	-0.5454685
0.23741615	0.9324081	0.80716795
0.86732465	0.25012207	-0.16387698
0.36663568	0.88358045	0.041956026
0.3304059	0.68750834	0.31030563
0.7208818	0.17017633	-0.24143879
0.034637332	0.5977668	-0.5070914
0.59548223	0.75304383	0.2423807
0.9730412	0.97602165	0.13327903
0.9357698	0.39300728	-0.95669925
0.36891055	0.46753985	0.084004626
0.7173273	0.43990147	-0.89629245
0.12644166	0.1185866	0.012751374
0.15243465	0.9559993	0.48950568
0.9883497	0.42651153	-1.4427058
0.9217213	0.4730565	-0.3159481
0.27048242	0.07803851	-0.14019817
0.4850921	0.30567855	-0.0066912677
0.52849156	0.25656468	0.08709324
0.6464551	0.9620526	0.065613255
0.7850132	0.95114064	-1.3082458
0.69160324	0.016832054	-0.29152876
0.8532581	0.017141402	-0.09337236
0.4544956	0.5325157	-0.119516745
0.82959014	0.111750305	0.039601237
0.71462095	0.49657887	-1.0217549
0.3166467	0.60923576	0.2642201
0.4734581	0.62725335	-0.6022439
0.14992607	0.6080479	-0.17846064
0.6528936	0.021776557	-0.6029149
0.53880644	0.082230866	-0.1672885
0.3595332	0.18804383	-0.13306113
0.69238275	0.6605321	0.39039445
0.29767203	0.3727545	-0.24672966
0.30474	0.7534024	0.12602904
0.20305747	0.55958426	0.09011738
0.7858697	0.2070905	0.505208
0.679681	0.46855402	-0.90419006
0.47042078	0.9304058	-0.2928469
0.6863972	0.54395837	-0.36101115
0.29285145	0.48074967	0.21024439
0.1366967	0.47542405	0.27513048
0.24778277	0.9493909	0.87378913
0.9522997	0.83349895	0.19097358
0.24674183	0.4590901	0.28629577
0.9916126	0.93458503	-0.021196138
0.39439338	0.68013775	0.23880592
0.9551039	0.32084733	-0.869845
0.64454347	0.8442977	0.43314323
0.37309074	0.18071115	-0.072707914
0.33498353	0.5172989	0.3142197
0.04511106	0.78878224	0.1966289
0.68628675	0.37332952	-0.9454955
0.8737625	0.06277758	-0.3754132
0.18696547	0.3791749	0.89984256
0.8223724	0.2324385	0.13738835
0.6201513	0.14936769	-0.42851412
0.68305707	0.08523941	-0.55555815
0.63013434	0.7314939	0.5780512
0.9778608	0.85589385	-0.13902879
0.969655	0.087700546	0.70167994
0.9939898	0.39302796	-1.4277772
0.117236435	0.68595636	-0.22118232
0.96469027	0.23630661	-0.20185716
0.2342965	0.69679886	-0.62358594
0.2988642	0.4087649	-0.004638953
0.51137567	0.9532727	0.08541083
0.61552733	0.47191536	-0.45345625
0.3644175	0.099558175	0.34922314
0.6718463	0.89355206	0.08088812
0.31694347	0.14131469	-0.290342
0.020969689	0.18012267	-0.5596092
0.56709033	0.080441296	-0.040503025
0.53285724	0.20906305	-0.022660226
0.34417892	0.47674912	0.16831389
0.76708287	0.90963304	-0.9737797
0.14571804	0.29625744	0.80613804
0.59925675	0.45673925	-0.44332883
0.54890823	0.1837315	0.096845165
0.50783473	0.59000015	-0.46760824
0.7972597	0.7620822	-0.35863042
0.08396965	0.0860877	-0.118971325
0.58590955	0.15568238	0.122606866
0.58335316	0.9341799	0.16998073
0.006706655	0.17227525	-0.59272385
0.4592253	0.6769229	-0.5658591
0.586939	0.25828397	0.32354227
0.64582795	0.5256013	-0.28643212
0.7396099	0.16526824	0.02012188
0.36855775	0.072858095	0.5514077
0.25257945	0.6476285	-0.28608188
0.5480439	0.40828174	-0.042731974
0.33173686	0.4384948	0.13453986
0.12470031	0.058009744	-0.24221063
0.67651904	0.6743962	0.661621
0.44343662	0.8484405	-0.31123754
0.1671145	0.73018676	-0.65152246
0.39081252	0.5145765	0.101723254
0.90271926	0.18740034	-0.21442294
0.34649533	0.30725163	-0.38982862
0.63768834	0.1076231	-0.7518151
0.1410265	0.68350357	-0.43994555
0.686439	0.70042735	0.6031843
0.6879583	0.62355417	0.27750093
0.5330659	0.37682444	0.09632729
0.27899635	0.18823493	-0.285721
0.2078523	0.22881639	-0.0068960655
0.8533877	0.7349624	0.3450252
0.9682701	0.8067349	-0.059244603
0.8121287	0.4291013	0.38909832
0.58595425	0.0058876276	-0.26424974
0.49947757	0.93342906	-0.15237136
0.033773243	0.57258666	-0.7323088
0.6736076	0.77923775	0.5725318
0.21802759	0.81764436	-0.330584
0.58653015	0.68927544	0.04513956
0.5455213	0.5385449	-0.36157984
0.94565487	0.21402359	0.020620357
0.070483446	0.15999413	-0.034713633
0.26762164	0.9153577	0.8609106
0.44370782	0.82303363	-0.2801401
0.38001627	0.6504489	0.25009775
0.1967538	0.37334114	0.8224275
0.029711604	0.71303594	0.2060738
0.55002666	0.92425925	0.08843249
0.12874377	0.64163524	-0.2536897
0.7649637	0.43342823	-0.35502988
0.25217646	0.35030198	-0.07026792
0.8690437	0.5483911	0.09711771
0.48212457	0.21419358	-0.39357874
0.52807647	0.38519108	0.20775066
0.10030246	0.847823	-0.045908052
0.88980335	0.29062992	-0.25245902
0.29587436	0.20755333	-0.34752825
0.65989524	0.378497	-0.7716611
0.84794974	0.7441801	0.3566633
0.807534	0.7846279	-0.16334406
0.07380003	0.8911866	-0.072750315
0.8245653	0.047643602	0.2439699
0.9649083	0.25902784	-0.46160167
0.51904637	0.48579395	-0.0053402404
0.9233608	0.688703	-0.033502772
0.44476175	0.4058872	0.16351113
0.49472743	0.7708666	-0.965421
0.18804252	0.6148541	-0.26738498
0.025143564	0.9678331	-0.6644254
0.6160167	0.08617896	-0.5304234
0.0074320436	0.2917121	-0.9797483
0.9866197	0.038853586	0.6372813
0.35640472	0.72774136	0.1466608
0.8553441	0.53180283	0.17311999
0.84604543	0.9590609	-0.7996962
0.4573769	0.79542714	-0.46466354
0.74123186	0.60937774	-0.74421775
0.61606926	0.07809609	-0.5574334
0.40508968	0.5502979	0.11138809
0.104497254	0.31031573	0.46982932
0.54331875	0.3786859	0.16565216
0.61730695	0.25415528	-0.1775021
0.36639374	0.607678	0.34216517
0.31783772	0.90755194	0.3321246
0.3678177	0.21029699	-0.196238
0.40067685	0.47237074	0.045305282
0.9780432	0.68437535	-0.29578367
0.48120862	0.9239048	-0.3266766
0.46875876	0.910482	-0.36981034
0.026119053	0.996537	-0.7679964
0.6450775	0.528765	-0.24468175
0.57799894	0.58975774	-0.325329
0.9482921	0.7780227	0.15340129
0.94759715	0.81848377	0.25227576
0.22928917	0.5496743	0.21757276
0.37608016	0.8785776	-0.070681944
0.7780559	0.57781845	-0.75255954
0.7491694	0.5959005	-0.8346614
0.01876831	0.86375135	-0.17999949
0.8571069	0.48556775	0.46730834
0.10650641	0.9772278	0.05149195
0.5998708	0.018934608	-0.47565228
0.12292814	0.63659513	-0.2283427
0.073223054	0.23616731	0.025350135
0.050187707	0.062107623	-0.0296881
0.7877576	0.9324572	-1.11973
0.6883816	0.895221	-0.04817748
0.4890253	0.19054234	-0.42553186
0.638489	0.852358	0.39993668
0.5817274	0.12649423	-0.014238372
0.6812318	0.021273732	-0.33889657
0.3054145	0.18471617	-0.3847067
0.68627423	0.6622807	0.5241883
0.9709595	0.9428465	0.07487526
0.83882713	0.47772378	0.3374791
0.374431	0.74234307	0.10538787
0.4810934	0.26761752	-0.34941798
0.9574576	0.95256853	0.23097993
0.73908615	0.34004962	-0.10753062
0.9120882	0.73338217	0.21094888
0.22993708	0.3821854	0.3606309
0.6355446	0.38266474	-0.6820222
0.19560432	0.8429991	-0.27429175
0.38135195	0.29704368	-0.1959391
0.64595836	0.9010385	0.2092063
0.19724053	0.35780233	0.8770444
0.80561465	0.63506126	-0.45206365
0.15517288	0.9188105	0.16674896
0.8506214	0.63622373	-0.16492832
0.29192102	0.6547001	0.06661169
0.68848425	0.7556436	0.4783209
0.6108734	0.61779624	0.13865454
0.71371394	0.043456793	-0.16777745
0.17033768	0.9999819	0.8866806
0.32199955	0.2653383	-0.51222634
0.34176654	0.99690104	-0.09240034
0.3499781	0.3863293	-0.22300635
0.9060051	0.5965111	-0.21772216
0.043701887	0.57410914	-0.7606254
0.07047206	0.023179293	-0.010651447
0.69252515	0.57071567	-0.26570916
0.3877561	0.7859636	0.16599244
0.4741475	0.45145792	0.3013152
0.6926593	0.27156806	-0.8167575
0.4567594	0.3450085	0.04156749
0.03641039	0.91853136	-0.39899507
0.7062404	0.21426964	-0.6366662
0.08941537	0.16298091	0.18813229
0.9628085	0.47404742	-1.0850643
0.81678414	0.857591	-0.20217833
0.33264923	0.6503779	0.34101596
0.007847905	0.5772838	-0.54018945
0.33913237	0.43835288	0.103357
0.5449398	0.87542313	-0.0008783224
0.07505047	0.7379377	0.27570373
0.17175496	0.9568993	0.60540324
0.40263063	0.09565717	0.57153213
0.80124944	0.63955075	-0.49415162
0.83232063	0.9356435	-0.7255697
0.85983425	0.8629612	0.26938555
0.4231962	0.3894093	0.06891598
0.94855595	0.64576066	-0.24999943
0.87051445	0.70527786	0.15651077
0.49836534	0.92693686	-0.22878875
0.9879657	0.3570209	-1.234255
0.28645205	0.5494506	0.17810033
0.99341077	0.7646869	-0.35876328
0.14335823	0.117970586	-0.03931456
0.73551553	0.9837449	-1.0185487
0.89652956	0.81379515	0.54067284
0.98605424	0.9741182	0.092915185
0.8937133	0.79973954	0.5551207
0.4105627	0.1249845	0.35990173
0.7283498	0.34823483	-0.4627913
0.09815061	0.5277966	-0.53645784
0.20275718	0.6697678	-0.6444367
0.37345397	0.746482	0.14502111
0.52092505	0.2033813	-0.24787816
0.85133475	0.85867953	0.22177261
0.45542043	0.25654626	-0.42142972
0.41401345	0.34872442	-0.05641871
0.6426809	0.59000254	0.16137922
0.47879148	0.49268192	0.24150066
0.8196056	0.7035327	-0.15231489
0.8554321	0.28777176	0.071503
0.5537714	0.4713307	-0.25010872
0.8702644	0.3691634	0.45693856
0.8542051	0.49827194	0.3479759
0.3890736	0.47343057	0.08356425
0.1738742	0.23209208	0.20459265
0.050608516	0.43997687	-1.4271505
0.9344134	0.7457299	0.15848969
0.04284185	0.07564914	-0.08178173
0.67479485	0.11355716	-0.6815849
0.71581894	0.8696401	-0.1913853
0.9582339	0.9399812	0.18838418
0.5876462	0.76387155	0.13751513
0.79794776	0.008466661	0.56193817
0.52844447	0.16388983	-0.23229092
0.6000799	0.545953	-0.29813102
0.40660548	0.5117018	0.034256313
0.33803678	0.5208498	0.31437978
0.12836343	0.090621114	-0.15386663
0.57871526	0.45504498	-0.42617235
0.22134662	0.3660037	0.49766266
0.9656935	0.29962188	-0.8247232
0.10019326	0.25196123	0.50841314
0.7045158	0.3222742	-0.73158246
0.4457649	0.4475876	0.23799492
0.49821186	0.17356825	-0.47500497
0.084600985	0.14544767	0.0535829
0.15396649	0.26959807	0.7804931
0.46286243	0.75284404	-0.6038712
0.9212128	0.19611675	0.013466209
0.56011224	0.927264	0.1462843
0.7162976	0.18074304	-0.37797683
0.23984432	0.8454335	0.31337115
0.651727	0.7860812	0.5502302
0.91164166	0.9398306	0.18317471
0.818479	0.25045645	0.2157162
0.28585267	0.047973633	-0.10729414
0.6868775	0.72526634	0.56667167
0.4708951	0.76965606	-0.7572874
0.22028816	0.014949799	-0.51222485
0.14149672	0.9050777	-0.03347669
0.77973247	0.47137803	-0.372382
0.53201467	0.04192543	-0.14635015
0.12045807	0.031418324	-0.2573613
0.1557467	0.6318141	-0.26750672
0.17972428	0.9944757	0.88678825
0.5105477	0.4322189	0.25099847
0.52072203	0.82869095	-0.42066348
0.32049876	0.701394	0.25502464
0.3777309	0.00091570616	0.818613
0.9630032	0.3608876	-1.2445625
0.40210342	0.73498553	0.20385912
0.86592597	0.46408892	0.5045565
0.46859556	0.070040345	0.15180072
0.18176568	0.9326259	0.47163764
0.22472996	0.6387556	-0.43794972
0.39050162	0.121091425	0.3419487
0.64246154	0.7497765	0.68956167
0.59637284	0.62749714	0.14855497
0.47144765	0.018016756	0.3819464
0.37811095	0.81532025	0.1817793
0.026372254	0.24333	-0.712528
0.39989614	0.8530586	0.06241603
0.09264666	0.79968697	0.14705396
0.8584977	0.3360564	0.34405354
0.71670437	0.7541451	0.034379367
0.77868086	0.079060316	0.5344856
0.6662727	0.24674898	-0.78537464
0.53233993	0.2732818	0.1746047
0.11364019	0.31669968	0.6162221
0.82580996	0.33831125	0.5270236
0.020207822	0.082888305	-0.33797455
0.18867558	0.8610563	-0.18412124
0.39667153	0.50124717	-0.004030943
0.21063805	0.32281244	0.47228944
0.42123222	0.16464657	-0.053191453
0.23536539	0.925376	0.803272
0.0032957792	0.6923513	0.15826726
0.53089666	0.20045847	-0.06550838
0.72639585	0.10686934	-0.03347503
0.8968835	0.082907856	-0.37975094
0.2285912	0.27757883	0.09430743
0.3209415	0.6363396	0.2918263
0.20701087	0.8378527	-0.3060083
0.68275934	0.879086	0.103540525
0.276313	0.24247915	-0.20731145
0.3663888	0.15567094	0.08128243
0.77179134	0.66500264	-0.77397853
0.7936958	0.8532357	-0.5167606
0.7041283	0.7178941	0.2996026
0.5623585	0.64751077	-0.3565763
0.96771413	0.019000769	0.5729725
0.32838356	0.07405579	0.056881115
0.6323579	0.40520418	-0.6607806
0.6898976	0.2348749	-0.8051286
0.47029012	0.007728696	0.43563154
0.68509054	0.43812817	-0.99943477
0.37891346	0.38547558	-0.06899932
0.4118874	0.5158174	0.0025553182
0.49130118	0.23168838	-0.41480285
0.30779296	0.20732152	-0.38808313
0.8235963	0.46852815	0.26130527
0.8162354	0.0037216544	0.3257455
0.9394575	0.9266869	0.3025369
0.09549254	0.3429458	0.05994898
0.42267787	0.4566899	0.05662649
0.004474163	0.1421507	-0.51466143
0.75926673	0.35768962	0.16562793
0.36589658	0.7233709	0.18122339
0.22569007	0.6074033	-0.21581241
0.9186774	0.99493515	-0.08164446
0.91680104	0.74862605	0.18289778
0.079903364	0.62746483	-0.168144
0.3305968	0.15983218	-0.22363508
0.26536793	0.09636402	-0.23462236
0.6675524	0.23525524	-0.7143302
0.62819314	0.24680215	-0.35418418
0.7970302	0.5001987	-0.33276987
0.34963846	0.09422636	0.21868569
0.82116324	0.7954776	0.03222252
0.0060916543	0.9284615	-0.45231384
0.45740592	0.638596	-0.53760946
0.9979173	0.25006056	-0.45259908
0.59625393	0.13197315	-0.14483318
0.497702	0.027219832	-0.062448733
0.7556197	0.71870846	-0.6716441
0.018245757	0.060756266	-0.21262477
0.541717	0.7347205	-0.4084441
0.20476347	0.21968114	-0.11295386
0.08294976	0.5175341	-0.7893221
0.28019798	0.6088832	0.03218969
0.65142745	0.11172563	-0.7949233
0.14339215	0.15489411	0.10694495
0.973171	0.19224817	0.17041409
0.10152596	0.56760806	-0.43508625
0.97291905	0.8363073	-0.06864853
0.2481767	0.6087784	-0.03914722
0.73712254	0.8790151	-0.5076489
0.3462338	0.70483947	0.29870442
0.44610643	0.39372206	0.14507473
0.15487182	0.60283804	-0.22796065
0.89015585	0.17364389	-0.29098883
0.95250994	0.8604535	0.2884071
0.3871225	0.98126584	-0.3631305
0.8894154	0.8139534	0.5449311
0.40011162	0.65227413	0.22534053
0.11368203	0.8404507	-0.24651432
0.31877542	0.07297939	-0.08499911
0.6925083	0.73131937	0.5113131
0.64176196	0.9998969	0.029613603
0.096759796	0.014757574	-0.22187139
0.96385664	0.37923563	-1.3002951
0.08253884	0.37214565	-0.35289103
0.9526802	0.47982103	-1.0347254
0.71269727	0.23593014	-0.48843762
0.48035806	0.8616566	-0.56075805
0.485928	0.7668438	-1.0118228
0.011992812	0.8022272	0.060531847
0.7569219	0.8501327	-0.5493492
0.64439476	0.87990886	0.3190606
0.21341503	0.3941539	0.6946142
0.6229058	0.87847084	0.35341728
0.55337757	0.024111152	-0.0832735
0.56241024	0.92153865	0.074210554
0.5800239	0.44389522	-0.3540164
0.8712002	0.3777774	0.37099007
0.95431674	0.4364373	-1.1999084
0.15637583	0.86323786	-0.3151947
0.83814394	0.6306906	-0.20340762
0.2803126	0.5876271	0.09850458
0.37590235	0.8180054	0.18798196
0.48189843	0.98778194	-0.22462691
0.5229408	0.4454	0.032969266
0.96221423	0.24952936	-0.32984343
0.42233318	0.71110004	0.11433588
0.180368	0.50863886	0.4549982
0.5349464	0.49032867	-0.22503798
0.8175903	0.74156576	-0.082980834
0.6817157	0.7874783	0.49104655
0.25119162	0.67451227	-0.3911243
0.72230494	0.8106286	0.0007284442
0.28069085	0.4248277	0.04986187
0.5835793	0.18056178	0.15197736
0.10836345	0.21241993	0.44659635
0.6956075	0.61638826	0.101478934
0.85310954	0.012362182	-0.14042465
0.57416856	0.88309973	0.13480861
0.6028339	0.83960515	0.2640015
0.875649	0.9367624	-0.22254324
0.16167313	0.636843	-0.33856177
0.73857445	0.9196206	-0.8339236
0.6047399	0.65814346	0.24661571
0.622685	0.046919048	-0.64908165
0.6038586	0.0115225315	-0.42437294
0.07684201	0.885935	-0.07007622
0.90809363	0.18685961	-0.13147235
0.8987119	0.71020806	0.18375954
0.16432667	0.08439624	-0.3568187
0.723738	0.36487275	-0.67548907
0.21204472	0.7802128	-0.59714866
0.79868555	0.9337604	-1.0330839
0.46974593	0.60565364	-0.49563614
0.61279136	0.9032994	0.20445792
0.7135385	0.34111142	-0.712008
0.86762565	0.6848795	0.06927415
0.77157843	0.46463275	-0.5179079
0.40917516	0.34011889	-0.057879888
0.90574044	0.17496908	-0.2477707
0.95590895	0.45668578	-1.1914499
0.88692445	0.50343925	0.28651276
0.9869384	0.98894817	0.088909864
0.61981463	0.7275608	0.4896904
0.45593292	0.11345041	0.04986179
0.67820215	0.61954755	0.34889024
0.18343216	0.21611005	0.099310696
0.057090163	0.90748876	-0.22673741
0.7259322	0.33789432	-0.3811006
0.75461966	0.890716	-0.7367401
0.5203892	0.69470817	-0.8428342
0.54670155	0.39990216	-0.0096445475
0.7139739	0.8041119	0.09661198
0.3232106	0.75857866	0.18128362
0.6545307	0.34196287	-0.74787414
0.094160974	0.6873406	0.10412087
0.5788506	0.9061725	0.15021409
0.8291379	0.077516794	0.16936944
0.43555158	0.46471083	0.09023463
0.57984155	0.021127045	-0.16900532
0.25450307	0.27757537	-0.12184344
0.8333755	0.37609738	0.5426839
0.690979	0.18214607	-0.75734746
0.053788185	0.94417465	-0.4707662
0.9363041	0.23756015	-0.1009496
0.3994246	0.7259103	0.23392014
0.055648386	0.3166809	-0.8114268
0.25923777	0.71830595	-0.31242993
0.023260713	0.058540642	-0.1868828
0.22943175	0.8091586	-0.23311517
0.84199554	0.7364353	0.22785032
0.088623285	0.9821547	-0.19260645
0.31583112	0.6897278	0.18256637
0.7330367	0.41462684	-0.6476977
0.5999873	0.10429007	-0.31941634
0.9616994	0.6192192	-0.36632586
0.20812064	0.7926392	-0.588893
0.4077059	0.056675732	0.95628566
0.8292225	0.88811874	-0.35675204
0.839782	0.9599106	-0.91449547
0.34863323	0.5751963	0.3954527
0.45612812	0.7277887	-0.4910456
0.6844209	0.09416491	-0.5768448
0.3755672	0.48802853	0.13974309
0.07029694	0.19353831	0.008225068
0.30962265	0.35681534	-0.3072647
0.268633	0.41460913	0.07890712
0.25781578	0.51603115	0.2562855
0.9003574	0.7923407	0.46660754
0.07922822	0.62260973	-0.26739776
0.6403605	0.10401982	-0.798514
0.23623455	0.27324623	0.038693376
0.6886544	0.046195865	-0.4516904
0.74274606	0.5437711	-1.0665603
0.8276075	0.9650777	-0.9726498
0.33326715	0.5577613	0.31753954
0.9802575	0.8850616	-0.13478816
0.25530952	0.29728866	-0.015234254
0.043556154	0.33797503	-1.1209469
0.92769635	0.8328071	0.45302856
0.7776862	0.96810573	-1.3375388
0.39107347	0.8284906	0.11867063
0.5537302	0.08399069	-0.07995274
0.97348505	0.21856534	-0.038805306
0.83200413	0.36023384	0.47910804
0.63392437	0.3072586	-0.56274796
0.4815939	0.22500926	-0.43557858
0.8491737	0.51909757	0.17919746
0.33828992	0.45568186	0.17279218
0.49218756	0.5168355	0.04760842
0.93460566	0.20954132	0.058037456
0.9094078	0.4917094	-0.13701871
0.26454425	0.14341134	-0.19185776
0.35672385	0.69441277	0.1830203
0.59842056	0.9991647	0.2099483
0.0518502	0.7546811	0.28375703
0.23767102	0.15863657	-0.24548952
0.60729444	0.09057367	-0.42563742
0.7544564	0.82547677	-0.4410664
0.90724254	0.2773	-0.3156668
0.12041348	0.33647448	0.60958654
0.54307353	0.06446493	-0.1939928
0.36753953	0.41990268	-0.018301466
0.6890679	0.36884207	-0.91759706
0.5904473	0.6495871	0.018274177
0.42648858	0.4967065	0.07060674
0.12102294	0.47756058	0.09878433
0.45676887	0.44122386	0.26584402
0.50694096	0.023113012	-0.12049825
0.8574003	0.5305238	0.11056039
0.42712754	0.5917529	-0.11305352
0.278324	0.58409894	0.12562102
0.64237154	0.837603	0.36899576
0.86469084	0.8939777	0.08243197
0.31625605	0.23889261	-0.4409264
0.8518498	0.2309286	-0.19385687
0.100014865	0.29564267	0.4349047
0.5620627	0.35523283	0.07180531
0.67774427	0.48673403	-0.74495137
0.5973626	0.424762	-0.43383992
0.17438614	0.24646068	0.41970536
0.8146968	0.69311213	-0.22330803
0.5488491	0.82423276	-0.1207992
0.99639934	0.55895036	-0.69922686
0.71756995	0.89667404	-0.42499986
0.13000345	0.73904586	-0.4087201
0.29029757	0.5569094	0.12623131
0.9617674	0.13221008	0.5152859
0.89130163	0.7563846	0.35302365
0.8596788	0.75560987	0.44160768
0.43106008	0.013036549	1.1833944
0.33989608	0.9105212	0.12367917
0.22076309	0.1159361	-0.48955584
0.45275408	0.73328084	-0.37543812
0.42012012	0.5102895	0.009233372
0.3238278	0.91790324	0.17275704
0.8837037	0.8204293	0.5727897
0.9747521	0.47949684	-1.1847097
0.09708434	0.81636655	0.008535755
0.35422772	0.44719672	0.026266068
0.353669	0.6160747	0.351556
0.3548931	0.09066206	0.31981733
0.5083952	0.37018836	0.2647367
0.2961951	0.79420424	0.31075215
0.68789834	0.8792056	0.087545015
0.68371415	0.95924604	-0.30416995
0.29577696	0.94104975	0.5438373
0.75157285	0.8148224	-0.3608942
0.13430727	0.9431016	0.19196743
0.3443491	0.06272602	0.23373306
0.66307956	0.91383964	0.0785838
0.21659213	0.18977195	-0.28865117
0.8018687	0.82645214	-0.2585437
0.18934464	0.9996243	0.89421797
0.32444435	0.6342506	0.32812566
0.03855008	0.37899274	-1.4932917
0.24622703	0.42108864	0.19504315
0.17217916	0.41193485	0.90674156
0.85675514	0.9646685	-0.76988435
0.3419745	0.9282452	-0.0047257207
0.5334929	0.9040436	0.03785783
0.7939058	0.86017704	-0.56766826
0.64372116	0.6368602	0.49996045
0.3883118	0.9153666	-0.19822367
0.8358745	0.33470935	0.40840727
0.35035402	0.26402402	-0.3529864
0.97828734	0.11365718	0.6221938
0.50596297	0.62953836	-0.679032
0.11033803	0.6056579	-0.20822147
0.46211725	0.38114983	0.18578567
0.9348007	0.45807368	-0.7641072
0.53640294	0.4726066	-0.14020477
0.94754726	0.37007558	-1.0627617
0.7273488	0.71495163	-0.16374442
0.8136574	0.4939379	-0.03618309
0.37219352	0.88557553	-0.03203596
0.23447526	0.33897394	0.14657906
0.066109955	0.041793883	-0.026752163
0.2540967	0.7752486	-0.10916723
0.24043006	0.72321916	-0.57305294
0.6648147	0.04186189	-0.5359616
0.35631907	0.969703	-0.18627705
0.41271734	0.5334669	0.032603875
0.89653313	0.6648939	-0.07322006
0.8474452	0.007966697	-0.09695735
0.06914836	0.62096274	-0.3014638
0.72128004	0.16757035	-0.2185423
0.72423005	0.45698243	-0.9654719
0.105701506	0.2342745	0.57504237
0.6821952	0.24014384	-0.8185819
0.9030596	0.4677359	0.061004825
0.513557	0.2960453	0.08445402
0.80066735	0.3684525	0.4996225
0.044344902	0.6736734	0.10105421
0.8443722	0.6010866	-0.2151311
0.53912157	0.47372746	-0.12525424
0.18368995	0.7999259	-0.64755523
0.8008594	0.39619464	0.45166233
0.22144651	0.4136439	0.5730154
0.33289963	0.0071330667	0.11941527
0.65789014	0.67348963	0.7424043
0.0566172	0.5810784	-0.7426774
0.16833109	0.42476797	0.80531794
0.6356369	0.10806298	-0.6670617
0.43699288	0.24386704	-0.42421073
0.79096186	0.9829266	-1.3677384
0.013219595	0.16407478	-0.5476835
0.9415517	0.001843214	0.1405797
0.73063916	0.9215688	-0.7436075
0.65773743	0.84652597	0.35906494
0.12435424	0.08205193	-0.18722944
0.15271574	0.7125788	-0.58947223
0.35567278	0.56666017	0.34220558
0.5486671	0.7702227	-0.18870358
0.500282	0.3095144	0.030725265
0.12654859	0.6461715	-0.25595036
0.12255335	0.49027038	0.0517476
0.70046675	0.3819654	-0.9217821
0.12083185	0.3646459	0.58085454
0.57047814	0.028574169	-0.14431152
0.7220809	0.28776693	-0.3699543
0.737731	0.8993652	-0.65253323
0.8474191	0.8336376	0.37213364
0.2188639	0.059654713	-0.45326754
0.93788785	0.07703984	0.18729411
0.38259333	0.58402145	0.28080696
0.15971202	0.56369066	-0.013716975
0.592571	0.32638848	0.007404208
0.6978053	0.9583147	-0.405332
0.51600564	0.19915271	-0.2482394
0.76874566	0.51412266	-0.80617297
0.13852268	0.66718614	-0.3483975
0.046628118	0.24548048	-0.55566484
0.39743853	0.5368289	0.14694694
0.8702857	0.4776436	0.48683366
0.59135634	0.24455881	0.2408859
0.61920553	0.22148192	-0.21146373
0.6435218	0.9006946	0.24231704
0.55025285	0.7772974	-0.2050214
0.3058719	0.74444884	0.11162318
0.49500614	0.49754226	0.13763012
0.12875497	0.032155335	-0.33909154
0.113777936	0.5293586	-0.23996435
0.36814922	0.9969066	-0.2755261
0.9576058	0.54666805	-0.5866244
0.25697076	0.37446404	-0.037869025
0.1346845	0.78419304	-0.46545696
0.4752317	0.31368518	0.018408392
0.6940809	0.4621938	-1.0053052
0.83020055	0.47682273	0.29007885
0.015266478	0.17268258	-0.5655485
0.33906174	0.7354557	0.22550373
0.38776058	0.10458046	0.6378371
0.72151715	0.5688377	-0.83935934
0.50039697	0.90773284	-0.2675446
0.9734306	0.055497825	0.652136
0.9926617	0.8098174	-0.3697734
0.8595545	0.60896486	-0.16927843
0.88604623	0.64558864	-0.16915426
0.7061473	0.83316296	0.13897932
0.67768407	0.355542	-0.8643003
0.93143755	0.11556578	0.058904793
0.69137347	0.2573589	-0.7898868
0.1885972	0.33111668	0.8124948
0.9761256	0.8466922	-0.09853867
0.30305535	0.22717798	-0.37591147
0.19392836	0.26113027	0.27914172
0.37508053	0.78491867	0.15157248
0.75364614	0.95402396	-1.1773609
0.18113637	0.2979989	0.70128584
0.30488056	0.6353457	0.15559891
0.10207063	0.71421236	-0.005038389
0.15935242	0.33477694	0.89502895
0.58582574	0.40759158	-0.26123917
0.022228956	0.47650272	-1.2951609
0.0015740991	0.10886282	-0.47944763
0.77285093	0.110801876	0.4829474
0.08161402	0.6535448	-0.028388176
0.8223219	0.80036116	0.07905467
0.19485569	0.81126416	-0.6013519
0.36263573	0.27140808	-0.29077488
0.9926745	0.5421687	-0.8236029
0.04818654	0.40974307	-1.4552598
0.13400453	0.50931233	0.06585184
0.8429774	0.18787766	-0.16005711
0.88240993	0.23000026	-0.24439901
0.7062749	0.85374725	0.05325187
0.048686147	0.25300765	-0.5131319
0.087939024	0.7045387	0.17123336
0.8353781	0.70750827	0.056902327
0.42447805	0.6317331	0.021926075
0.5389527	0.98823035	0.2737899
0.67652786	0.04571289	-0.576896
0.15347362	0.98463464	0.7462427
0.8298548	0.35299903	0.48769242
0.14655632	0.9260931	0.13946487
0.1108945	0.12786168	0.05673971
0.4414969	0.3063131	-0.17458938
0.5671078	0.39514017	-0.10286223
0.4296161	0.954971	-0.34023932
0.030572772	0.30215108	-1.0520729
0.41035825	0.21604592	-0.21016493
0.84318674	0.0053099394	0.04925704
0.4526227	0.23473871	-0.47614914
0.53231055	0.30891454	0.18704842
0.7660755	0.5844859	-0.85540664
0.5708651	0.29208523	0.38353673
0.2832809	0.5113013	0.21585554
0.3494165	0.7731313	0.20631206
0.16765338	0.029823542	-0.56712896
0.3971432	0.15846187	0.07617329
0.13216299	0.95520705	0.24539173
0.40744734	0.19338232	-0.13257605
0.3386175	0.8332676	0.27391207
0.001486659	0.71541715	0.11472428
0.37624574	0.5303022	0.23121658
0.7695891	0.42678344	-0.33276257
0.21173978	0.19810754	-0.2553888
0.018609524	0.59992903	-0.4035706
0.6628499	0.95591223	-0.068673216
0.17809296	0.56242675	-0.018846788
0.48782623	0.68880683	-1.0642699
0.7051847	0.66229606	0.20297988
0.89891964	0.06197971	-0.3346625
0.063621044	0.2923354	-0.48407018
0.772212	0.42674178	-0.17283586
0.4429813	0.55716074	-0.11963715
0.9335782	0.34139717	-0.7905803
0.0023394227	0.63861233	-0.055630818
0.72764206	0.28193533	-0.19324504
0.8936365	0.08233422	-0.35717118
0.980697	0.031161726	0.6897271
0.2784391	0.14883792	-0.23243088
0.2952115	0.79362285	0.31695843
0.27754772	0.50768054	0.24465907
0.33881617	0.7997854	0.239351
0.2730719	0.080589116	-0.19723326
0.4872033	0.175803	-0.5027604
0.23375851	0.9925017	0.9801279
0.92452586	0.027111888	-0.0793504
0.39376885	0.49485344	0.09612356
0.46522075	0.5060533	0.1245186
0.061033666	0.42231184	-1.2655514
0.20838296	0.8687116	0.052217297
0.82089454	0.89065486	-0.41888642
0.6150275	0.7034645	0.3753217
0.18652678	0.2576669	0.38921368
0.8116072	0.3556894	0.51706105
0.54473716	0.12481505	-0.12822132
0.12702501	0.055127084	-0.2388343
0.7555536	0.11332047	0.31692886
0.8699189	0.060266078	-0.33184716
0.17789042	0.66545063	-0.4913782
0.4709298	0.14712864	-0.30645815
0.5609044	0.8354251	0.0682624
0.6193195	0.5879079	0.11191476
0.59499323	0.9172072	0.21977606
0.15843046	0.59964037	-0.11996621
0.67261046	0.29892784	-0.6989563
0.39882153	0.37264514	-0.015084447
0.09923923	0.771971	0.06001012
0.8950073	0.27524066	-0.18217969
0.74203074	0.46997476	-0.89030164
0.15566403	0.8105888	-0.54060024
0.43482083	0.64813083	-0.12125054
0.42805845	0.8663593	-0.18225965
0.3391319	0.7498141	0.2276351
0.44310045	0.64532185	-0.2762053
0.56087613	0.77678496	-0.0313328
0.310942	0.09197301	-0.08092323
0.62869966	0.62286496	0.30960655
0.71888447	0.47048777	-1.0588096
0.7987521	0.031285405	0.5606555
0.4003905	0.6642334	0.15463714
0.032413602	0.26872683	-0.7767745
0.7910286	0.43992782	-0.0014987392
0.05492103	0.60513663	-0.51438016
0.73253495	0.6650387	-0.395089
0.7797213	0.10308874	0.47249702
0.0037754774	0.5519176	-0.7475057
0.20553017	0.4780181	0.67522097
0.00030338764	0.41173738	-1.2992176
0.37378973	0.6011462	0.29895973
0.031900585	0.62735885	-0.17600085
0.062369823	0.3670091	-1.0563079
0.17201817	0.081112206	-0.4230268
0.08637172	0.47146094	-0.6649236
0.61295414	0.5722205	-0.024041206
0.44723803	0.8823472	-0.34694716
0.76234955	0.29122132	0.5421217
0.5927433	0.93060553	0.17521898
0.4113766	0.61195815	0.09410569
0.9504343	0.12023002	0.3384107
0.87575155	0.5532188	0.08919447
0.105808794	0.8279013	-0.19586474
0.98093176	0.9795574	0.11231854
0.2015279	0.23284024	0.09491744
0.4946797	0.095523596	-0.3252862
0.8233722	0.24257916	0.13767838
0.4287035	0.39554864	0.019174535
0.3674469	0.91367227	-0.06798826
0.18830222	0.7319938	-0.8018462
0.0007212162	0.7338929	0.16730973
0.07579762	0.27177078	-0.047966074
0.9381289	0.4563858	-0.8747603
0.059358835	0.46761894	-1.2699031
0.46454614	0.6674734	-0.67407155
0.028698862	0.32469332	-1.1427715
0.15017003	0.7588738	-0.65358895
0.62220836	0.70143896	0.5037053
0.562163	0.4913292	-0.4020196
0.73153573	0.69753724	-0.36403573
0.3017702	0.09049332	-0.1638039
0.0073651075	0.69501024	0.17197628
0.92112714	0.19536	-0.0011540279
0.13098866	0.2751984	0.7627881
0.55879796	0.9581826	0.19310749
0.89281815	0.9880557	-0.36415768
0.21548098	0.5711285	0.049373556
0.20314735	0.052325726	-0.54973525
0.8336029	0.51965296	0.060373846
0.8182366	0.8516868	-0.11157998
0.751218	0.86535776	-0.5479196
0.13977379	0.9413304	0.25311363
0.7414413	0.06392336	0.17433405
0.2367726	0.4962675	0.40198213
0.38392794	0.7641062	0.17606033
0.4537897	0.60985243	-0.4229982
0.9927764	0.57401097	-0.5342741
0.5002387	0.059066176	-0.1331692
0.8442021	0.098456144	-0.14599834
0.49120957	0.19224453	-0.45468
0.43014997	0.30187404	-0.17593229
0.024940848	0.01745236	-0.06296546
0.58150595	0.716629	0.04837113
0.33222646	0.53832203	0.28347194
0.17973459	0.7539678	-0.737546
0.62865996	0.32306767	-0.4989096
0.77904385	0.94477	-1.2344801
0.86959034	0.6294077	-0.19885479
0.9814361	0.81234527	-0.2429863
0.8087717	0.9639794	-1.1917121
0.53918767	0.84516406	-0.1318956
0.12731695	0.31541634	0.74437404
0.8456476	0.3198591	0.25510094
0.80702007	0.9621619	-1.2526767
0.34529465	0.8530052	0.22102724
0.9722192	0.17935401	0.28198704
0.7509964	0.6061445	-0.8410076
0.8761915	0.64053833	-0.14700203
0.6763832	0.94187254	-0.13282256
0.7049634	0.91789436	-0.34139112
0.6019514	0.3137524	-0.11971645
0.21114635	0.66350853	-0.6725582
0.7772183	0.6539512	-0.74804306
0.14011109	0.0030135512	-0.50173616
0.42903817	0.14115882	0.0827256
0.38548088	0.29802173	-0.18610372
0.92481333	0.4840557	-0.43290296
0.091190994	0.46169424	-0.45168543
0.8418852	0.9190554	-0.52202064
0.26521605	0.73943126	-0.144501
0.7043917	0.034961283	-0.23312177
0.58752805	0.49654263	-0.43681026
0.19242698	0.9255062	0.4424376
0.7418152	0.5501149	-0.95556855
0.55532235	0.9232317	0.13971879
0.98216194	0.35814542	-1.2734601
0.40072012	0.110391736	0.49534965
0.9392241	0.29701388	-0.58157665
0.20963645	0.55211395	0.17912681
0.26024765	0.84578186	0.51419306
0.3755768	0.37424707	-0.0984848
0.4071418	0.25504732	-0.29272082
0.23840213	0.24249	-0.10861741
0.5842795	0.6445394	-0.045102827
0.7416705	0.9174012	-0.81352556
0.8013666	0.16663224	0.38395113
0.16490114	0.9662217	0.676763
0.19338089	0.65048265	-0.48006102
0.1252417	0.99421906	0.3024801
0.16396493	0.094228745	-0.31651646
0.9491522	0.8375344	0.25776887
0.69476044	0.858279	0.13383916
0.5698656	0.5451397	-0.43629372
0.3258552	0.38498402	-0.22989069
0.12167567	0.8781679	-0.17703158
0.87415224	0.65074813	-0.1528256
0.5856138	0.7947385	0.08189352
0.2106998	0.8488011	-0.09475595
0.96133316	0.084947884	0.5846361
0.018586397	0.9848197	-0.7042124
0.19667184	0.038184345	-0.55915076
0.05707103	0.41457498	-1.305991
0.9203184	0.011576116	-0.0992502
0.3176247	0.6197005	0.27208078
0.41030312	0.71430135	0.22173804
0.76777697	0.9130488	-0.9548409
0.17287332	0.57269144	-0.09099524
0.5511857	0.2838574	0.40995672
0.28862172	0.5610512	0.16686048
0.84975564	0.93589395	-0.5842419
0.1530757	0.5988257	-0.15034837
0.5499264	0.20901221	0.17619604
0.47204006	0.17739075	-0.44946072
0.24823338	0.012093425	-0.28382495
0.22924411	0.22700173	-0.13439046
0.29996985	0.17937124	-0.38684
0.6171057	0.6207289	0.24174964
0.11872208	0.7922678	-0.2940305
0.4491437	0.80830854	-0.40239942
0.5671794	0.25665534	0.48697153
0.5565659	0.38381118	0.009550877
0.88494205	0.9807373	-0.4166357
0.1960308	0.020502508	-0.5700913
0.8697325	0.458538	0.52436864
0.21226382	0.86911285	0.10038569
0.4067647	0.7940539	0.14476497
0.85449564	0.47118586	0.5084991
0.28528023	0.1472683	-0.26820216
0.8357156	0.8646689	0.02138823
0.3943035	0.7248874	0.22403127
0.6656314	0.05001235	-0.58187765
0.9767649	0.22682017	-0.150602
0.65941215	0.902332	0.17141142
0.820494	0.8566699	-0.1753531
0.60774726	0.72324294	0.3767558
0.17021114	0.73018974	-0.7266804
0.88047796	0.7370379	0.2788419
0.96806866	0.5066681	-0.97159404
0.31433344	0.93367094	0.2895233
0.5344618	0.8340111	-0.21510336
0.7550012	0.21511602	0.39585102
0.8492083	0.9958726	-0.978263
0.06852758	0.2772696	-0.25311425
0.67871267	0.7916996	0.497717
0.5725669	0.88520545	0.13196048
0.86670685	0.01420033	-0.24116546
0.9007937	0.86233497	0.5321259
0.57214177	0.43945968	-0.2291495
0.24594599	0.49048722	0.28561708
0.57389545	0.088671744	-0.07739478
0.70519966	0.59272146	-0.34797394
0.44840133	0.80661803	-0.2881326
0.7109589	0.9813633	-0.6753264
0.3770901	0.64044255	0.27472463
0.80009395	0.7551935	-0.35251296
0.9592459	0.5022128	-0.8964623
0.092249095	0.08864653	-0.19827466
0.407879	0.44828546	-0.00019393489
0.9727404	0.183559	0.25134808
0.23832011	0.23719686	-0.12078398
0.37421465	0.61040205	0.32410207
0.9046906	0.07095832	-0.26219374
0.5650723	0.85963094	0.044967093
0.98975015	0.6384598	-0.2871702
0.984711	0.90214175	-0.076886185
0.103498995	0.21877235	0.49001944
0.44385004	0.6043516	-0.29233557
0.8353464	0.5068187	0.13979872
0.862833	0.75541127	0.33014435
0.22359663	0.88921577	0.40518877
0.32018667	0.9299068	0.2747631
0.8546134	0.31861705	0.171544
0.14535314	0.689837	-0.46075982
0.15306932	0.7760897	-0.67963487
0.6999248	0.9094071	-0.24540296
0.051422	0.82681984	0.18026024
0.65867203	0.6010993	0.34435657
0.96308464	0.546259	-0.6744152
0.35259962	0.84200203	0.21968853
0.9762023	0.27898526	-0.686034
0.64818764	0.6165164	0.42302045
0.24040347	0.9040997	0.70641315
0.23663002	0.371108	0.17674868
0.21269023	0.44766074	0.68037564
0.28924096	0.76308894	0.08364843
0.361144	0.947328	-0.108178005
0.7079521	0.46610725	-1.0248679
0.93843156	0.7846299	0.22515924
0.79315233	0.5190333	-0.5220643
0.046785474	0.9867804	-0.5987093
0.79598475	0.5032624	-0.3034991
0.81720567	0.6561825	-0.30309293
0.59769493	0.008445919	-0.43432137
0.7016835	0.39029568	-0.95895964
0.043498516	0.34490073	-1.252644
0.95007664	0.5603422	-0.50649834
0.05770421	0.62950355	-0.25140855
0.045458615	0.9995372	-0.73606116
0.97389257	0.90973055	0.054575253
0.26271886	0.72178704	-0.2633747
0.8897554	0.7888983	0.5094895
0.55409974	0.4876529	-0.3300181
0.71033555	0.8136181	0.14538296
0.63061494	0.42416906	-0.637478
0.9574169	0.08593184	0.5093611
0.13730776	0.70170397	-0.47803408
0.78398097	0.880614	-0.7807023
0.3907088	0.681627	0.18714124
0.9412744	0.4884343	-0.80238533
0.6274939	0.41307586	-0.56819296
0.48496497	0.3347537	0.09828727
0.72043735	0.68019027	-0.17094062
0.19849104	0.64939487	-0.53874224
0.7967279	0.42856002	0.16081652
0.8545207	0.29317063	0.08660385
0.3485998	0.586609	0.37877175
0.3784331	0.89575243	-0.09841544
0.8666351	0.97332203	-0.64538455
0.021936953	0.31095546	-1.1321148
0.9793123	0.36426872	-1.2648395
0.69218504	0.27814734	-0.8008467
0.42954272	0.2907207	-0.21972127
0.46011764	0.33529806	-0.038608436
0.40444666	0.2069552	-0.16339765
0.7120235	0.61094356	-0.348332
0.6829949	0.78282654	0.50229234
0.4906065	0.38916272	0.35984623
0.4009683	0.8886931	-0.08244128
0.65437895	0.13714874	-0.77160305
0.53496957	0.0842908	-0.25994128
0.812042	0.43888205	0.2706625
0.7750452	0.5052157	-0.646856
0.76099604	0.44910628	-0.5726283
0.8241862	0.97086483	-1.1154939
0.50110614	0.84531265	-0.60959625
0.9481712	0.22429305	-0.050071716
0.09822959	0.32764655	0.2399701
0.9238172	0.15700382	0.04115347
0.5089756	0.33109885	0.22654903
0.46220553	0.56906915	-0.25707364
0.69294125	0.91081905	-0.06506029
0.30360782	0.14204264	-0.3222641
0.44264746	0.18574053	-0.35199666
0.07239586	0.7472101	0.36191076
0.23928732	0.560462	0.11469268
0.60622346	0.06734276	-0.43819985
0.6196727	0.22083032	-0.21479557
0.05748558	0.62469065	-0.24501996
0.4503317	0.08573419	0.31413513
0.71664625	0.12520045	-0.29982862
0.9006398	0.78080326	0.4100627
0.80146265	0.37489933	0.45179772
0.24493843	0.08322418	-0.30247715
0.00521487	0.5064824	-1.0584817
0.693846	0.45868313	-1.0237502
0.27387822	0.4400059	0.1461048
0.9085476	0.22132456	-0.172519
0.6542279	0.82197595	0.40784657
0.2191863	0.07619971	-0.521247
0.76613027	0.9974869	-1.3680847
0.9527361	0.5483966	-0.5276534
0.97895515	0.023374796	0.63064444
0.06367856	0.35789716	-0.9043494
0.4109543	0.4840591	0.052227657
0.25523007	0.41052264	0.06678203
0.10492033	0.31130219	0.517046
0.33258343	0.85753405	0.30271792
0.6706953	0.92934936	-0.06475605
0.16545844	0.53439546	0.17616257
0.52608883	0.7260839	-0.75652343
0.23939955	0.8767163	0.46296376
0.026410043	0.2668301	-0.82416624
0.7406304	0.50959593	-1.0646932
0.039233804	0.74535745	0.23176683
0.50676197	0.27337128	-0.068892814
0.5215814	0.7569798	-0.6146546
0.22685486	0.33493525	0.30950165
0.6058413	0.5063018	-0.37573165
0.58039963	0.363617	-0.082578205
0.85900605	0.48697078	0.4485931
0.91721094	0.8407787	0.48499548
0.001560688	0.010243654	-0.2077807
0.6384062	0.5438411	-0.1212178
0.5028373	0.8977583	-0.26480415
0.30331707	0.027861953	-0.16256364
0.26655394	0.07413477	-0.25366622
0.15791613	0.03426051	-0.5613744
0.71970284	0.672723	-0.15951997
0.52932286	0.31420296	0.2796592
0.6757759	0.13403696	-0.8086776
0.021880269	0.78312576	0.10391281
0.53392977	0.887122	-0.12538627
0.9388157	0.7254013	0.0674071
0.51614237	0.5147825	-0.15500006
0.5552943	0.33269036	0.26254356
0.45855427	0.60400426	-0.4440059
0.9521122	0.16636813	0.3418864
0.1712758	0.22491825	0.29090518
0.9434133	0.14593542	0.26026297
0.8757362	0.0792622	-0.40506712
0.5555847	0.17930996	0.18233983
0.37816048	0.79136205	0.19123442
0.15843123	0.6560398	-0.3675433
0.27350783	0.21801013	-0.19494377
0.13303244	0.44820696	0.3856477
0.084216595	0.117474556	-0.032513775
0.5669344	0.0731141	-0.07040904
0.27400184	0.61211216	0.06568453
0.8395798	0.89257085	-0.24284965
0.6262861	0.635878	0.3729729
0.8974069	0.64634836	-0.09641958
0.14494163	0.874079	-0.25363627
0.09216809	0.53390956	-0.52902913
0.45633298	0.6048843	-0.38996696
0.75011337	0.5357576	-1.0461972
0.6338415	0.57149935	-0.019643787
0.38829708	0.25632185	-0.18655922
0.5742256	0.22022897	0.3776753
0.08782542	0.681545	0.071757406
0.64213943	0.6845761	0.67025197
0.2607007	0.24503028	-0.085578665
0.9330676	0.2958479	-0.49043897
0.7969388	0.6103039	-0.56490445
0.36843014	0.930823	-0.15763699
0.11218917	0.29480094	0.654826
0.12732589	0.8608577	-0.33882388
0.6687553	0.5990686	0.24018687
0.7080601	0.71256334	0.23203883
0.49014717	0.9818269	-0.13878955
0.77617455	0.13532656	0.44029874
0.06779975	0.89835227	-0.12875812
0.061313987	0.7998535	0.3275866
0.6304659	0.54374295	-0.15590031
0.6366867	0.72028553	0.6770429
0.44563764	0.47367084	0.18080346
0.015737772	0.5716913	-0.6303542
0.65249443	0.2723136	-0.5656926
0.01727879	0.7936571	0.12205367
0.63473964	0.3719564	-0.6604576
0.6542166	0.7103654	0.7647389
0.91610605	0.20243073	-0.1319809
0.87881166	0.12658262	-0.40704876
0.35245186	0.38973284	-0.15270962
0.5386743	0.7955827	-0.30603486
0.8570213	0.5127122	0.21090995
0.19519824	0.024303079	-0.49004248
0.3839172	0.86796105	0.022351006
0.64740324	0.23338568	-0.65987533
0.8112186	0.73504835	-0.19822356
0.02354008	0.5707909	-0.6640695
0.121723354	0.5615221	-0.20409507
0.15768337	0.1868068	0.17848699
0.86229753	0.17011303	-0.38161293
0.49230713	0.20371646	-0.43471286
0.6173278	0.57069814	-0.13580301
0.02601701	0.47312093	-1.3679669
0.30675673	0.91512704	0.46762455
0.028095543	0.08293158	-0.16624887
0.1693148	0.19091523	0.02932569
0.9415118	0.0654788	0.18829797
0.6389607	0.9087293	0.25682804
0.21960121	0.98187023	0.91119206
0.5014579	0.17425764	-0.39742875
0.18473017	0.346259	0.8856046
0.3437382	0.60582227	0.3666805
0.83858514	0.5239253	0.11824325
0.110985816	0.12711066	0.079163454
0.32885116	0.36183554	-0.36088976
0.4936942	0.94021326	-0.19434665
0.9791877	0.5845762	-0.497909
0.5068209	0.15757102	-0.40097353
0.3867324	0.56803316	0.25961688
0.5771381	0.3669479	-0.07721644
0.09238213	0.3655712	-0.049991846
0.3913967	0.12234652	0.34806496
0.49795794	0.07575035	-0.25908637
0.9244128	0.76730883	0.22115502
0.34156728	0.96548617	-0.018604232
0.35181808	0.9465915	-0.027038231
0.7899481	0.29500818	0.5841938
0.728627	0.34456044	-0.38158038
0.73874253	0.90549195	-0.7069192
0.9164868	0.7657675	0.27835232
0.200935	0.61699235	-0.30400506
0.8683217	0.801743	0.53565174
0.99765867	0.41981053	-1.3341886
0.873794	0.4677716	0.44332463
0.64917225	0.67640907	0.68678725
0.75376475	0.5850025	-0.8458941
0.8828437	0.22276068	-0.29103607
0.05515653	0.36955172	-1.1364784
0.635036	0.64208394	0.47213477
0.6788465	0.92906064	-0.16097383
0.42904085	0.5062649	0.013699431
0.9160985	0.58203053	-0.18709801
0.7720945	0.7743301	-0.5457604
0.93249166	0.17772758	0.08111758
0.12132043	0.40547013	0.42205027
0.6223068	0.9776147	0.1871723
0.3594964	0.25354654	-0.28952843
0.11749345	0.6903758	-0.2616567
0.48635274	0.5762156	-0.34620482
0.21284747	0.036057472	-0.527351
0.07678783	0.17566824	0.06939881
0.58819073	0.80724823	0.10347421
0.75923353	0.7694476	-0.5265245
0.8093262	0.24759746	0.33414978
0.56953895	0.8751068	0.06828065
0.6776467	0.4998914	-0.64572793
0.9778179	0.25527644	-0.36685735
0.69709086	0.52642024	-0.7345891
0.64862996	0.6617181	0.5982817
0.65655255	0.18795109	-0.80434
0.71735	0.09022337	-0.1830438
0.37670583	0.6308531	0.29530215
0.35370415	0.8761747	0.15318444
0.4585538	0.6641709	-0.5792246
0.15058106	0.42630064	0.74677116
0.52774066	0.9820549	0.17765662
0.3827228	0.9329341	-0.24673392
0.02456528	0.68412966	0.15706524
0.40569252	0.8798962	-0.137983
0.26051414	0.40589696	0.065650254
0.33226138	0.8189883	0.32746062
0.65503585	0.78943896	0.5224351
0.1760692	0.23198783	0.30711696
0.9866458	0.87889624	-0.16442086
0.19764268	0.7940829	-0.667775
0.47819597	0.062714934	0.036575586
0.24761117	0.43678272	0.26949918
0.6713912	0.5829065	0.11856171
0.9640028	0.79159117	-0.05716272
0.3407473	0.3472482	-0.33734778
0.9205781	0.1371435	0.009214275
0.37714213	0.106612146	0.44922587
0.59875804	0.48019183	-0.3723553
0.80212927	0.25052875	0.43279168
0.24740791	0.26086992	-0.15069836
0.39819616	0.96988493	-0.36827925
0.27599132	0.830053	0.49745467
0.6750546	0.8553139	0.3191358
0.7097286	0.16334397	-0.48585436
0.15796047	0.9080257	0.13938399
0.17504632	0.18929768	0.046119213
0.44174808	0.90379316	-0.35452795
0.9052653	0.9135284	0.24029438
0.33344156	0.9778852	-0.015053857
0.79432786	0.7066194	-0.51450354
0.4339894	0.34810305	-0.004049031
0.7526641	0.16453916	0.2783805
0.5603361	0.113774	0.049097236
0.20096684	0.65169835	-0.5412467
0.48602116	0.44502115	0.31752247
0.9357401	0.67842984	-0.07383521
0.7402759	0.92573524	-0.90013164
0.48922342	0.42683274	0.41140613
0.4979927	0.22031546	-0.35441753
0.5529369	0.4516576	-0.22452162
0.051296055	0.66315114	0.035011217
0.9681276	0.08476812	0.62681687
0.42103535	0.9935091	-0.30022556
0.6159721	0.33605218	-0.41178024
0.25253677	0.25585085	-0.05472928
0.6332653	0.14047432	-0.63691115
0.20887059	0.43746144	0.7292556
0.14871794	0.8296547	-0.5357215
0.99978334	0.0912385	0.68630075
0.85397166	0.38032097	0.47886837
0.3034572	0.6427141	0.21661802
0.53236276	0.9533281	0.176316
0.5814635	0.39231426	-0.21073641
0.1683234	0.98588014	0.81201667
0.2853709	0.84422797	0.5333631
0.87987936	0.8753328	0.36582804
0.072518945	0.5915693	-0.5133258
0.34930426	0.040650547	0.33531168
0.108024	0.30780196	0.4758835
0.3092383	0.44717652	0.17922843
0.59022516	0.3387388	-0.05236786
0.22605562	0.04125154	-0.4136532
0.6173757	0.6324137	0.29578686
0.5533763	0.36065608	0.13202907
0.049222708	0.54346436	-1.0104119
0.33422536	0.118555605	-0.017617587
0.2998448	0.79655534	0.29061362
0.30435854	0.5925778	0.1804188
0.24584925	0.60850614	-0.031409442
0.3901856	0.1638127	0.13470255
0.61793816	0.25633138	-0.2503444
0.52606606	0.12870532	-0.302453
0.92398185	0.9079017	0.34668553
0.2822169	0.05231428	-0.10342532
0.91956973	0.011700928	-0.17420931
0.6743916	0.8830958	0.16274296
0.76491207	0.82109696	-0.48820093
0.4649679	0.99968076	-0.320433
0.6151041	0.5436902	-0.2183932
0.5271991	0.7028496	-0.73133254
0.08259112	0.6614839	-0.040133268
0.76867384	0.32657814	0.43288362
0.3236441	0.07683718	0.0095267715
0.5037123	0.30690747	0.016151424
0.54408073	0.018844247	-0.09163264
0.96787196	0.712056	-0.23433217
0.13406217	0.3523152	0.7188579
0.94392115	0.444418	-1.0369673
0.9245618	0.5519622	-0.30337387
0.90084636	0.17582971	-0.2634807
0.92713046	0.0041862726	-0.0792189
0.44532692	0.047397733	0.7151727
0.96454436	0.94787866	0.12555893
0.34624434	0.67743444	0.29657617
0.30360788	0.6995074	0.09179738
0.87466884	0.30755287	0.009834004
0.20033121	0.38401717	0.87436765
0.835204	0.635957	-0.22684927
0.0038490295	0.3263787	-1.205512
0.69276464	0.34577727	-0.897621
0.2819935	0.027166963	-0.20196156
0.6576013	0.5659226	0.07312975
0.25437456	0.34470898	-0.065245956
0.7898143	0.5556652	-0.58868843
0.18728065	0.31132883	0.7670421
0.15736163	0.25541788	0.6530479
0.7215136	0.14486903	-0.25105682
0.48061973	0.49613315	0.1896849
0.24965519	0.59919614	0.052626096
0.52929056	0.54909575	-0.34721857
0.2893331	0.96680474	0.6038152
0.6624279	0.3970313	-0.8982804
0.5211975	0.33772528	0.16744712
0.46186382	0.5440022	-0.18422684
0.66884154	0.80739504	0.42285618
0.6830431	0.01018548	-0.39727435
0.6428506	0.29844242	-0.5868614
0.8181215	0.5547917	-0.3094192
0.2972991	0.43634647	0.11458811
0.61717385	0.7437452	0.46256772
0.06204629	0.034469426	-0.026774723
0.96905094	0.12784052	0.612559
0.67826563	0.029362202	-0.54344565
0.43918484	0.48696965	0.11683721
0.9879667	0.3228315	-1.082854
0.13042575	0.08096582	-0.1992627
0.5354026	0.34242237	0.21784984
0.90738356	0.96965903	-0.15616748
0.76549023	0.5691842	-0.82492685
0.96026075	0.8615541	0.15695252
0.54441035	0.14416754	-0.04962216
0.81192595	0.9991503	-1.2831838
0.8605552	0.46514612	0.5549616
0.13360733	0.5851822	-0.19472322
0.3570693	0.38799673	-0.1689685
0.46120656	0.23863643	-0.45332465
0.70577365	0.12586284	-0.44519216
0.15295464	0.5367551	0.11729013
0.85799944	0.26105	-0.13372426
0.015200496	0.5300531	-0.95383394
0.34076864	0.028756559	0.19138205
0.65110654	0.968074	0.0074652545
0.90425235	0.7330842	0.21612434
0.26878422	0.62139726	0.012013547
0.5821203	0.86618775	0.13974068
0.0074834228	0.7938863	0.09866376
0.366269	0.9757902	-0.2942581
0.8875751	0.16907084	-0.3693754
0.5776018	0.019657135	-0.19331974
0.96302515	0.42210102	-1.3920759
0.43719327	0.98037666	-0.3460834
0.12662137	0.60974693	-0.19978751
0.91046417	0.42456102	-0.23656671
0.3120867	0.13871819	-0.16476315
0.55533475	0.17411375	0.17913252
0.7356551	0.9694295	-0.9988474
0.37639302	0.82799196	0.14893256
0.0010901093	0.71183705	0.16873705
0.41250557	0.16752827	0.010446204
0.37393564	0.10593003	0.4764654
0.5262315	0.14724803	-0.3045823
0.016537368	0.13353586	-0.42288232
0.6655638	0.46108723	-0.80991834
0.6695448	0.8031628	0.5369313
0.080566645	0.2830044	0.006401358
0.22653198	0.16285706	-0.35879952
0.6148173	0.5544454	-0.120858535
0.621423	0.9342147	0.21988873
0.8180983	0.0054212213	0.4054591
0.41511983	0.90229726	-0.17196941
0.69250226	0.15525198	-0.73188204
0.6261386	0.20069969	-0.3582015
0.5037144	0.60061985	-0.5458185
0.95415735	0.7680638	0.03569136
0.38027203	0.13090003	0.31634223
0.5355771	0.69896895	-0.66260564
0.542234	0.20439696	0.11709389
0.53296536	0.27999818	0.13733779
0.7591302	0.89079416	-0.7508904
0.83940977	0.7245412	0.1919123
0.24487251	0.035814703	-0.28749543
0.96866095	0.39718908	-1.3452302
0.40338123	0.14412135	0.2241816
0.81301767	0.38576627	0.48991436
0.72931856	0.9594692	-0.8464829
0.9922147	0.96014535	0.081030995
0.6506467	0.6657773	0.61011064
0.36282682	0.88578534	0.0676045
0.7634367	0.6771703	-0.73780143
0.23944795	0.53363144	0.22055858
0.41853803	0.99597317	-0.33087048
0.8096466	0.38543242	0.46963432
0.30918068	0.5313289	0.22998318
0.8264416	0.20588726	0.037363634
0.031784475	0.37179542	-1.4428864
0.75177276	0.39479536	-0.3379112
0.41226608	0.15416408	0.12991217
0.117863536	0.4072824	0.27520382
0.24532712	0.93902075	0.86932826
0.8608644	0.8794901	0.2032327
0.14254594	0.8908412	-0.14812186
0.16858649	0.03212005	-0.5968383
0.61710495	0.66140485	0.37803695
0.6223625	0.70642257	0.5188066
0.5044086	0.45367694	0.24680768
0.24146885	0.42411458	0.29131988
0.8425037	0.34585428	0.4201346
0.9578383	0.88601846	0.24144104
0.14700383	0.10403544	-0.14434966
0.044813573	0.24652994	-0.50284225
0.74808186	0.8696641	-0.59874564
0.3561412	0.81665814	0.18185593
0.8920327	0.9873891	-0.36353844
0.39595926	0.30940574	-0.13968855
0.04793173	0.071281314	-0.06741568
0.92588997	0.5848467	-0.26989743
0.4972946	0.087387145	-0.2588177
0.90320593	0.024875104	-0.23819768
0.34548342	0.31659645	-0.43962348
0.8489014	0.5878242	-0.16349705
0.32019675	0.67293125	0.28284848
0.20488304	0.42318106	0.7974064
0.25737017	0.46790951	0.25231728
0.44678074	0.21827364	-0.4098309
0.35693204	0.19885713	-0.23328298
0.7247514	0.1283372	-0.14588036
0.3883801	0.33612406	-0.041746434
0.8584748	0.9855527	-0.8432821
0.4066701	0.053456306	0.92314446
0.25827605	0.34172457	-0.08904523
0.42475253	0.24422324	-0.37055892
0.502573	0.10046989	-0.22585762
0.6583891	0.9865303	-0.09458885
0.561734	0.5719357	-0.429171
0.52968127	0.1446774	-0.19371802
0.67436904	0.7828282	0.5756556
0.65523535	0.22044408	-0.71242625
0.1421892	0.5990161	-0.094221495
0.8329531	0.27856648	0.12807085
0.32962662	0.47867674	0.2003325
0.05546397	0.13793904	-0.100555755
0.30076098	0.1369291	-0.29839987
0.07583046	0.43366176	-0.8783382
0.8467875	0.054332316	-0.12983747
0.9647381	0.7103425	-0.24671
0.3574388	0.31032962	-0.37368464
0.76611054	0.6226976	-0.88338655
0.80672365	0.692838	-0.37585315
0.49825275	0.75738716	-0.96765035
0.2651356	0.34762436	-0.16071227
0.5919184	0.14809102	-0.054415047
0.12237775	0.86296916	-0.29199773
0.08577478	0.64891124	-0.041359853
0.003891945	0.36612105	-1.3826482
0.6645164	0.3581671	-0.8007251
0.92448133	0.599624	-0.26633
0.5430581	0.9343124	0.10811898
0.6132865	0.2903232	-0.25403512
0.61950135	0.4432584	-0.48925766
0.6186444	0.70593446	0.44154674
0.53928727	0.692948	-0.5761654
0.80383116	0.1929459	0.41628316
0.8504567	0.37391484	0.4204959
0.74114144	0.7350025	-0.36812276
0.80967134	0.5665851	-0.40410164
0.7393968	0.42859578	-0.6655106
0.15012306	0.20584595	0.3667013
0.1811223	0.26726127	0.42910716
0.08752203	0.8767873	-0.042207565
0.4898864	0.48629338	0.2619557
0.7653728	0.06897575	0.50011057
0.20089239	0.118793964	-0.4968583
0.034118474	0.23729867	-0.59252685
0.8464178	0.20479059	-0.15822844
0.4928125	0.9706492	-0.14690931
0.014373124	0.59939414	-0.38705888
0.9715505	0.7514669	-0.18519743
0.69075644	0.6634308	0.44817165
0.02494967	0.96836865	-0.6905472
0.32393265	0.46592093	0.25799757
0.6695855	0.051463544	-0.59455204
0.44125664	0.7629035	-0.18065555
0.4957366	0.82371646	-0.7117108
0.5196118	0.28664333	0.109421745
0.42003393	0.8325869	-0.04712085
0.9535983	0.45366788	-1.156986
0.26911062	0.44350308	0.10424503
0.5742623	0.0054483414	-0.16688497
0.31306785	0.8223594	0.42639136
0.5596504	0.4025224	-0.09735648
0.6320092	0.010385931	-0.6014967
0.9942636	0.88004357	-0.21321225
0.96393955	0.7304595	-0.16853538
0.5552594	0.42307943	-0.18618782
0.35846615	0.51574886	0.27675474
0.43575817	0.493073	0.09279296
0.4219699	0.740627	0.16961674
0.059679925	0.5974035	-0.52238095
0.13575	0.13069862	0.02653345
0.103654325	0.6973818	-0.061481636
0.81287694	0.8676689	-0.31806803
0.036750495	0.41560745	-1.5813947
0.6655539	0.26531005	-0.7265305
0.050823033	0.16519445	-0.20256552
0.7744171	0.06697351	0.5278277
0.17777544	0.9450253	0.5106002
0.23000759	0.6125451	-0.16717851
0.7123044	0.77487165	0.16408327
0.43453252	0.83004266	-0.16645254
0.6088769	0.36873066	-0.508355
0.36727393	0.2766328	-0.32385993
0.7913919	0.07369715	0.5849271
0.5497276	0.21829253	0.23740621
0.3073157	0.5969366	0.22112104
0.068064034	0.38898808	-0.9768163
0.8563626	0.9851957	-0.81946194
0.1309216	0.59531105	-0.20779288
0.31602347	0.05637008	-0.038594376
0.97484833	0.0066019893	0.53740484
0.41046375	0.63557005	0.112652496
0.65960336	0.084227085	-0.71450245
0.2717476	0.2851839	-0.2830337
0.47345597	0.55643183	-0.17574959
0.055223525	0.282452	-0.61076427
0.09363228	0.4714887	-0.6074818
0.26413405	0.2175467	-0.1588695
0.97658217	0.24599051	-0.27803004
0.5766172	0.4368294	-0.28501183
0.19583958	0.83453983	-0.42662084
0.16286933	0.7661343	-0.6556741
0.8876347	0.03838235	-0.35178912
0.8270576	0.6958381	-0.11973953
0.46031904	0.67546326	-0.5735537
0.7388665	0.415236	-0.60411465
0.834764	0.2316308	-0.053076085
0.028501153	0.13280976	-0.38520896
0.6222483	0.92493016	0.23390412
0.002749145	0.5942403	-0.2959728
0.9602122	0.60699844	-0.31033197
0.49019623	0.46877968	0.28761885
0.19780934	0.51524436	0.4417868
0.7706865	0.8954425	-0.89460224
0.328219	0.03280872	0.023109198
0.65313935	0.44003785	-0.7640658
0.19284528	0.6009694	-0.14987752
0.25958943	0.7039089	-0.3622129
0.2551301	0.7665362	-0.1865093
0.5372081	0.078023314	-0.20163102
0.08574784	0.59512603	-0.36524254
0.56002706	0.6204214	-0.45151347
0.37049466	0.92172444	-0.08126299
0.05131471	0.17504758	-0.18089269
0.064819396	0.81142485	0.3139607
0.3603388	0.38138825	-0.17458913
0.10888189	0.2530437	0.57740915
0.61031616	0.18428081	-0.14379698
0.9076832	0.15960974	-0.19991021
0.08743352	0.07408714	-0.17599516
0.39696014	0.4355228	-0.010266703
0.6568203	0.30388695	-0.64636236
0.18870401	0.120749414	-0.37756255
0.9031905	0.78174335	0.40683785
0.7025392	0.38856	-0.89065695
0.4736777	0.6195184	-0.5483348
0.71326596	0.15671492	-0.42332166
0.86272055	0.8563502	0.372702
0.87932867	0.74611473	0.30949345
0.792555	0.9850505	-1.4707856
0.8674421	0.6349791	-0.12835713
0.52855605	0.63481575	-0.66404027
0.076135695	0.6003408	-0.47337967
0.31991637	0.050113916	0.039943546
0.13399643	0.75770277	-0.500587
0.7320394	0.15039825	-0.034541357
0.91166776	0.027479827	-0.2040228
0.3459037	0.20893604	-0.24671775
0.63990545	0.896597	0.32242468
0.91555417	0.19051647	-0.08246231
0.6395918	0.35854268	-0.66556716
0.93061167	0.22518939	-0.12525465
0.35628873	0.17551792	-0.07202928
0.2299074	0.9550768	0.7871837
0.062439322	0.21511376	-0.11380692
0.7629256	0.09322691	0.38486087
0.9256015	0.538905	-0.33247718
0.47362548	0.063586235	0.0075471997
0.15889096	0.5703363	-0.060674913
0.90266466	0.47996783	0.016278017
0.54781175	0.4162708	-0.051528655
0.526071	0.5095481	-0.20909415
0.81418383	0.7597697	-0.06631629
0.35144252	0.20191652	-0.24693505
0.6129096	0.9074645	0.258037
0.3365366	0.38338697	-0.26839218
0.30494505	0.3320374	-0.34028545
0.059469283	0.3480158	-0.95101506
0.06812388	0.4951685	-1.0649743
0.092050254	0.047725618	-0.21027547
0.0009688139	0.60223395	-0.32329142
0.38205236	0.3894797	-0.07348542
0.9303445	0.06789446	0.025605777
0.29489088	0.8893976	0.5632334
0.6180474	0.8091473	0.4478305
0.7853488	0.4693781	-0.32560462
0.3750571	0.17206603	0.08937357
0.42284167	0.9330792	-0.3029929
0.68927217	0.5532936	-0.33309445
0.59016013	0.30806053	0.1274682
0.32256645	0.9107583	0.26551718
0.741723	0.755962	-0.3361508
0.43588895	0.07101178	0.592501
0.47358537	0.1694448	-0.451099
0.94615495	0.31292713	-0.825043
0.51054215	0.4895252	0.07528869
0.24609154	0.14371502	-0.25735843
0.088635325	0.42888033	-0.45929548
0.9884551	0.6663011	-0.27050304
0.0102828145	0.21234459	-0.6688455
0.42265022	0.26630342	-0.31044412
0.06972849	0.5341104	-0.9754222
0.27673864	0.19871038	-0.14081153
0.08463025	0.682343	0.15318955
0.23462498	0.08233243	-0.36445647
0.28628433	0.33341646	-0.3353853
0.1597526	0.32921523	0.88607574
0.2946307	0.98839206	0.47952253
0.18431348	0.18075651	-0.1852467
0.04114437	0.19787961	-0.31627283
0.18838221	0.21344954	0.034032263
0.4446025	0.70296454	-0.20931785
0.11338377	0.2449001	0.6484158
0.47245866	0.0350551	0.27351874
0.96658516	0.49324614	-1.0776063
0.7072184	0.06249386	-0.23076122
0.67307866	0.68982923	0.7148595
0.9150783	0.6480213	-0.19476579
0.3152932	0.13899827	-0.24388592
0.84443796	0.6560773	-0.058377348
0.7441836	0.23445153	0.31082943
0.30909377	0.30385077	-0.5089093
0.22554022	0.065926254	-0.37337676
0.18679243	0.29785448	0.66550624
0.54066133	0.09321791	-0.16183744
0.3540755	0.7982709	0.20756333
0.62028545	0.085433125	-0.5967705
0.77374005	0.5800472	-0.7806748
0.13844526	0.9101973	-0.0032536127
0.8567148	0.56916934	-0.088544585
0.054276347	0.61214805	-0.37398323
0.7396145	0.35104257	-0.20088485
0.4036739	0.78912437	0.1485016
0.6148413	0.95150346	0.22260548
0.4988891	0.91255075	-0.2358691
0.7598664	0.821141	-0.46837455
0.66765106	0.21445549	-0.7989582
0.3948145	0.98007745	-0.39954346
0.8444593	0.4195581	0.5346328
0.13070571	0.7333279	-0.42748204
0.4052425	0.84719473	0.0153269805
0.030289888	0.8075122	0.12121229
0.25500482	0.461473	0.23008284
0.3518834	0.5274739	0.33288726
0.7712248	0.40875208	-0.16711754
0.045480132	0.54121464	-1.0525019
0.6080622	0.12964678	-0.35648382
0.20791703	0.34286618	0.5598044
0.6554647	0.85205543	0.33737054
0.40968227	0.9772715	-0.38207698
0.045705557	0.029643595	0.08333517
0.91522753	0.9385712	0.1490994
0.5942992	0.6309234	0.047957852
0.7269871	0.24389547	-0.11640837
0.91065633	0.27328438	-0.2891994
0.4012577	0.024252057	1.0874472
0.558543	0.06553954	-0.08462986
0.289977	0.6949327	-0.05938311
0.40354335	0.23067945	-0.2456972
0.31428266	0.80787134	0.36006436
0.49485666	0.49747753	0.15177234
0.1295752	0.12346029	0.05938129
0.062427998	0.82916665	0.2362602
0.53863853	0.5600995	-0.42705548
0.5736	0.6645033	-0.18222047
0.3872981	0.34186167	-0.057521008
0.5839964	0.6512659	-0.059749775
0.75789714	0.29980093	0.49060947
0.6743343	0.07318103	-0.6358083
0.48199987	0.39750624	0.40847695
0.63031447	0.089757085	-0.6678004
0.83447826	0.09082657	-0.0431569
0.45520693	0.81572104	-0.42959994
0.104537964	0.5525696	-0.36022833
0.39039618	0.4268505	0.055268012
0.39115995	0.23460948	-0.15232643
0.98645014	0.9115929	-0.06149993
0.42083943	0.2621615	-0.33094272
0.22591472	0.2766673	0.15506937
0.05240506	0.5539274	-0.9130478
0.464557	0.67098135	-0.6293856
0.40662718	0.029754937	1.1549877
0.5254113	0.312932	0.2107753
0.62843144	0.6195513	0.3197397
0.48119587	0.010570884	0.22950333
0.9424528	0.4873392	-0.75187784
0.96044624	0.015889645	0.44253564
0.45233297	0.014764786	0.7873113
0.59203446	0.3071081	0.10863514
0.71913826	0.24063218	-0.37688988
0.49866384	0.07185185	-0.17058626
0.62927383	0.22254872	-0.41542998
0.8196772	0.54516274	-0.17025828
0.10449642	0.05062306	-0.2134386
0.702418	0.043997645	-0.27100936
0.10594207	0.5058082	-0.4160565
0.52103585	0.7057614	-0.8016792
0.6785447	0.2905541	-0.8260414
0.41034448	0.9779405	-0.42058453
0.2543608	0.3535902	-0.036813363
0.7524266	0.011229336	0.43635708
0.3840959	0.4709887	0.04721373
0.27258104	0.6706944	-0.11177817
0.30988896	0.22514093	-0.39381552
0.115285695	0.10633683	0.0063960627
0.32816148	0.7253839	0.2582336
0.18182999	0.22216338	0.14285472
0.57213837	0.5450001	-0.44638544
0.18516517	0.030139983	-0.5169612
0.4425277	0.07156217	0.5421425
0.24503171	0.88680166	0.56455886
0.53870726	0.3744279	0.14454457
0.82072985	0.8538711	-0.10001725
0.16620207	0.20244443	0.19058494
0.32712668	0.897308	0.25455636
0.26767564	0.009117126	-0.22499096
0.38878304	0.008640885	0.9397483
0.1422925	0.10315478	-0.14139794
0.23414034	0.58508354	-0.017475944
0.81400436	0.5033867	0.027057797
0.53898585	0.97656035	0.19224465
0.7293045	0.28456223	-0.21839313
0.42456377	0.7485221	0.11547011
0.8814208	0.261553	-0.19543302
0.65979314	0.13869357	-0.8071578
0.34649646	0.14634675	-0.027976621
0.6267027	0.98571175	0.15758763
0.896182	0.21663195	-0.25251153
0.983981	0.40940988	-1.395915
0.30744785	0.25904298	-0.48486575
0.23647124	0.03017646	-0.36163867
0.99001235	0.8651067	-0.19194834
0.31838846	0.43999928	0.17990851
0.5820052	0.013764262	-0.20463884
0.63928765	0.069372416	-0.7519679
0.48437726	0.6290124	-0.75150806
0.4760198	0.21500951	-0.4532509
0.51859653	0.18836886	-0.32756048
0.18062162	0.7300857	-0.76795876
0.99156564	0.089785814	0.68682504
0.20214361	0.8704754	-0.013967138
0.76113605	0.7230316	-0.6611726
0.13373196	0.42857707	0.54434913
0.31541407	0.06331253	-0.06700887
0.2981344	0.09138411	-0.14902179
0.8586035	0.5453776	0.118987545
0.17943645	0.105712175	-0.43761963
0.12294227	0.20991194	0.5574311
0.38102376	0.024838984	0.8230292
0.98869365	0.8941426	-0.13502003
0.51317894	0.32547444	0.15280479
0.39332545	0.8416003	0.08962814
0.74496096	0.48101747	-0.9772145
0.56277627	0.027108014	-0.06813304
0.41911495	0.5899425	0.0069448217
0.07931113	0.7616596	0.33993325
0.29314637	0.2017324	-0.29189622
0.09285939	0.08695543	-0.09915637
0.09738165	0.63072234	-0.1511899
0.88480467	0.36645466	0.20006981
0.9926901	0.78097683	-0.37984586
0.41092515	0.048021555	1.0081124
0.45443392	0.4712264	0.17140365
0.54200846	0.93876684	0.16329487
0.060040176	0.5869501	-0.64828235
0.023566127	0.49539858	-1.2747506
0.62721205	0.826364	0.45634046
0.53469616	0.8824039	-0.0653293
0.6172588	0.9998611	0.25195187
0.18537712	0.65714014	-0.52124476
0.58137864	0.8174292	0.10781797
0.91797745	0.13340199	-0.09596378
0.71965176	0.85934	-0.1592726
0.3579048	0.92288816	-0.048779797
0.8801348	0.8844042	0.30789655
0.950213	0.84984195	0.25129426
0.65315866	0.6782248	0.68504894
0.84711504	0.76957935	0.37282
0.18642122	0.17639107	-0.22893749
0.811714	0.448035	0.26920265
0.46386117	0.931829	-0.36697972
0.91509247	0.75546736	0.2899987
0.7793123	0.76764333	-0.5506722
0.36402512	0.64840996	0.33956906
0.36965102	0.24527335	-0.24739215
0.9206685	0.44559813	-0.45541063
0.9051714	0.4610747	-0.008831702
0.08753252	0.7384456	0.27407423
0.9688116	0.5875127	-0.47923058
0.9224492	0.15929002	0.005128189
0.7388125	0.3102854	0.042226307
0.94693965	0.34035653	-0.95522135
0.5665551	0.21179658	0.34741092
0.917615	0.11238378	-0.091257475
0.68990445	0.9966874	-0.55304396
0.9736823	0.82425004	-0.1867715
0.8414763	0.26759034	0.027846245
0.0022258162	0.97002065	-0.63106364
0.5634626	0.046399415	-0.14481309
0.7500804	0.3947701	-0.32762548
0.5357232	0.73746437	-0.5325216
0.9530369	0.7081711	-0.120414965
0.22993767	0.90931654	0.62759465
0.04026866	0.80347997	0.120688565
0.083156526	0.62317824	-0.19252583
0.011834681	0.038103282	-0.2057461
0.60299927	0.5678803	-0.20714879
0.35547864	0.22450215	-0.21800655
0.14612174	0.16168314	0.109225534
0.68941224	0.1911521	-0.8617923
0.41005158	0.8649455	-0.11562315
0.1100325	0.4577858	-0.046790026
0.113447785	0.31034458	0.5872275
0.6863111	0.75969446	0.4726608
0.08129829	0.32462794	-0.22833198
0.69341165	0.5863104	-0.1608868
0.14481843	0.532097	0.12805822
0.51027596	0.11388558	-0.36816964
0.9961364	0.10753596	0.6208313
0.63374615	0.33014184	-0.6290586
0.788381	0.023622513	0.6084356
0.7943589	0.9709417	-1.3513422
0.544295	0.7691736	-0.25033885
0.84984905	0.60228443	-0.19985363
0.5991239	0.9138711	0.17403713
0.29681826	0.429757	0.11459475
0.910624	0.4738134	-0.1075093
0.96653026	0.18565673	0.28135395
0.7058022	0.11270273	-0.46839076
0.2543919	0.11465359	-0.27101806
0.70356023	0.3681566	-0.81715053
0.9397685	0.5805602	-0.3657226
0.035631	0.24292243	-0.55034494
0.24891722	0.9447376	0.86046094
0.25416785	0.24552298	-0.10657736
0.522532	0.82826704	-0.35939378
0.6774155	0.55767244	-0.13626923
0.13951659	0.97668463	0.44025058
0.7427621	0.77097714	-0.3249372
0.36853045	0.53721327	0.22836259
0.44890893	0.81351316	-0.40196323
0.42599148	0.045868874	1.00387
0.70604354	0.6338421	-0.028734135
0.41472083	0.38205355	0.0147271855
0.7671676	0.79323846	-0.4209311
0.36257905	0.496449	0.18932144
0.5670423	0.15616757	0.11718596
0.7086312	0.56949294	-0.61462146
0.71251965	0.57043797	-0.6579374
0.7494328	0.3324722	0.1349289
0.11636233	0.3381279	0.62432027
0.6558847	0.45471358	-0.66168875
0.93618023	0.8263331	0.41964573
0.27451593	0.19897252	-0.20549877
0.48543257	0.31231266	0.019115657
0.74244946	0.9595861	-1.0551455
0.24940479	0.14508152	-0.23917912
0.8372347	0.19609332	-0.08348646
0.45830643	0.9716112	-0.32940483
0.20938689	0.18651474	-0.22453138
0.6473501	0.42139202	-0.6846612
0.095109284	0.22993064	0.36807242
0.19633669	0.916249	0.35241374
0.20916438	0.20142436	-0.16729419
0.009659886	0.15135646	-0.5628849
0.6558652	0.2779023	-0.6600589
0.9192374	0.49158478	-0.33639032
0.117136896	0.7395129	-0.28306413
0.28637803	0.42160147	0.06772543
0.7970018	0.112520754	0.45820317
0.52906203	0.91179323	-0.024751415
0.15128404	0.026115298	-0.50531983
0.80062956	0.96909076	-1.241072
0.2508769	0.11728215	-0.2623232
0.49417192	0.78306675	-0.93359697
0.08111763	0.34615523	-0.29527515
0.60853225	0.26224464	-0.030354038
0.8315268	0.54915446	-0.04993653
0.42171884	0.9816602	-0.36126262
0.42102706	0.26734966	-0.36134416
0.4023937	0.98003125	-0.34145358
0.74801624	0.5891249	-0.8641614
0.11359632	0.004132271	-0.35667714
0.68021345	0.08592677	-0.613543
0.18990523	0.34722924	0.86776483
0.6801839	0.20340508	-0.89220494
0.35311586	0.7174791	0.21658266
0.12693465	0.18686146	0.40859705
0.6056422	0.074379504	-0.44456616
0.67127275	0.62826747	0.5050592
0.35447645	0.5695207	0.3404341
0.3280843	0.38649184	-0.2733056
0.61175734	0.2097674	-0.06409107
0.43296945	0.20539767	-0.32263258
0.49758685	0.65578496	-0.8902799
0.7400406	0.13474923	0.10383967
0.015184641	0.1525212	-0.5310753
0.043148637	0.092669606	-0.11595707
0.4844705	0.9678884	-0.28295457
0.727195	0.50002885	-1.0424182
0.22580999	0.86874956	0.24952129
0.5972869	0.1614101	-0.09943522
0.53782433	0.5105463	-0.29587746
0.5231416	0.6438264	-0.76856375
0.8749957	0.61335635	-0.16881675
0.18858433	0.094873786	-0.50160885
0.39916873	0.009819567	1.1165236
0.15005761	0.5279728	0.14997375
0.5733356	0.11585683	0.017374167
0.3129599	0.44613189	0.1458404
0.93199015	0.08396727	0.09164644
0.6354792	0.7318872	0.5923912
0.76097417	0.07075733	0.42729282
0.56994206	0.53958774	-0.4143946
0.4073254	0.8780021	-0.16749674
0.59515846	0.053021014	-0.33043623
0.98409325	0.14159107	0.5773185
0.27301168	0.37456554	-0.16547334
0.36143488	0.2155667	-0.21763876
0.37424666	0.24852085	-0.12792277
0.22155923	0.08563644	-0.47904488
0.045698404	0.022544086	-0.012666471
0.5264705	0.5067432	-0.1877176
0.43545574	0.5436117	-0.07698502
0.43805492	0.99392736	-0.28954813
0.33602268	0.46214622	0.20573553
0.0022065043	0.9487932	-0.6010302
0.6934456	0.9354689	-0.3099028
0.4959482	0.9421215	-0.17608026
0.47073954	0.46429265	0.3364709
0.72090673	0.9736493	-0.78774446
0.05357337	0.31526476	-0.7941971
0.8976307	0.8729065	0.46220204
0.94519144	0.68100023	-0.1062115
0.8406822	0.0134366155	0.0060645677
0.59885424	0.08625752	-0.35638428
0.9207878	0.634101	-0.11892128
0.9304758	0.7878362	0.31813744
0.74402016	0.2264713	0.32552463
0.7228158	0.20435911	-0.24424334
0.44531965	0.37427342	0.12464308
0.7677169	0.6685441	-0.7205768
0.5895172	0.83008516	0.14600384
0.3354587	0.645238	0.3714492
0.66219383	0.8453891	0.3029996
0.6494059	0.5605837	-0.010138733
0.16488153	0.7005361	-0.531991
0.5133282	0.51022327	-0.08647141
0.32074803	0.002804041	-0.045331426
0.08547425	0.22324336	0.19590071
0.80108964	0.4999171	-0.23922876
0.2856428	0.68711066	-0.060264364
0.8512091	0.43401027	0.55243313
0.38433516	0.23729318	-0.12545016
0.44714046	0.527938	-0.10169731
0.35269833	0.88543886	0.07175673
0.70383924	0.87141293	-0.066345274
0.0881449	0.06300622	-0.14829843
0.98616844	0.41286272	-1.4203211
0.275782	0.97914153	0.73002386
0.41865534	0.28710848	-0.279775
0.80857235	0.2939573	0.47927088
0.12669182	0.46547693	0.23299786
0.21504939	0.4455825	0.7320884
0.49919719	0.13860667	-0.36260867
0.28646487	0.5376556	0.20607714
0.5089334	0.64491177	-0.7995353
0.42158663	0.34273595	-0.109065644
0.23916763	0.6079839	-0.122425556
0.59825015	0.49658662	-0.47912344
0.6678516	0.39071935	-0.90805787
0.22301501	0.67260534	-0.6402195
0.10838348	0.7510616	-0.11261066
0.39468497	0.282488	-0.1303634
0.5223309	0.32904655	0.24217305
0.31891876	0.7024916	0.20346904
0.6788615	0.5552875	-0.17342904
0.44677597	0.23296231	-0.4063537
0.964873	0.9000444	0.1424657
0.23968768	0.3277855	0.06952195
0.24741197	0.4821542	0.33722678
0.65552986	0.39952475	-0.8469992
0.030063808	0.89348507	-0.26380885
0.66280144	0.086096644	-0.70559734
0.084169865	0.32371062	-0.09176909
0.60468453	0.29972136	-0.052993953
0.44925654	0.060121536	0.530798
0.086294055	0.020562768	-0.16611674
0.046315074	0.060182214	-0.00031196326
0.7675712	0.998041	-1.3808229
0.14123648	0.84271884	-0.42081738
0.515255	0.49674392	-0.059397824
0.522141	0.61602604	-0.62763727
0.9502602	0.8356856	0.18680915
0.88901424	0.67707247	-0.0666198
0.4650814	0.12989783	-0.25660118
0.95531696	0.04970771	0.4375544
0.20050442	0.080010474	-0.59290683
0.41831666	0.22285879	-0.27657074
0.7496782	0.3623461	0.00031600893
0.7449081	0.7944945	-0.25995553
0.6320841	0.5419351	-0.07845412
0.7636155	0.01562047	0.51093733
0.284302	0.5608969	0.13780844
0.67974126	0.9116355	-0.073109776
0.77570677	0.18005836	0.43333584
0.23680377	0.14370036	-0.2837341
0.9178398	0.98515594	-0.07577656
0.08442682	0.3529914	-0.17970932
0.39292312	0.02524203	0.9461935
0.39216858	0.25967193	-0.20645407
0.7409421	0.116152704	0.12439334
0.86641055	0.2488631	-0.12535758
0.515811	0.87655056	-0.27260175
0.94383913	0.004834473	0.18395157
0.06845939	0.7999886	0.38160473
0.95727766	0.7337367	-0.10304684
0.26894045	0.07391703	-0.1904428
0.20205402	0.4453529	0.842186
0.1026448	0.5979081	-0.25411567
0.12940603	0.8927314	-0.09940266
0.33690637	0.05467677	0.15667363
0.19229954	0.27877456	0.4417742
0.93951946	0.9198393	0.3444668
0.5872266	0.954155	0.18163422
0.40840095	0.6252641	0.14801867
0.13498747	0.16056657	0.26829714
0.60591936	0.343643	-0.31708944
0.13279593	0.5011773	0.08042139
0.7268583	0.9773274	-0.88903356
0.42810178	0.43832666	0.042725995
0.9234206	0.08783728	-0.02859151
0.22625464	0.12529331	-0.3565924
0.2350002	0.7494781	-0.5558256
0.5951635	0.10466671	-0.2542441
0.94736236	0.1862793	0.24241649
0.08886063	0.27552128	0.28825897
0.3447823	0.44769144	0.11196615
0.20527166	0.25700158	0.20764968
0.93952227	0.42423254	-0.98856515
0.7812323	0.11869997	0.4886628
0.99492186	0.0076197386	0.59451574
0.80545735	0.5344572	-0.33265427
0.0021836758	0.66782445	0.060572658
0.055486858	0.24485439	-0.3958943
0.6790371	0.93809485	-0.22316635
0.44569963	0.27406937	-0.30992696
0.41273063	0.90727884	-0.22856688
0.1999507	0.13241452	-0.3891075
0.6367346	0.051502764	-0.712506
0.6855349	0.71619546	0.583887
0.9732055	0.36620247	-1.3076509
0.38359827	0.99865514	-0.40652803
0.06356585	0.06742698	-0.056475963
0.79890245	0.5610884	-0.4848482
0.2172504	0.4494269	0.67096055
0.64691305	0.2636543	-0.5457208
0.27157348	0.828584	0.46405354
0.7426265	0.9451534	-1.010619
0.4519958	0.99088806	-0.31371078
0.046821475	0.28822255	-0.7517495
0.78640157	0.9921518	-1.5200943
0.44511402	0.9288642	-0.3803797
0.059427917	0.50455016	-1.1884849
0.44545782	0.4444329	0.19455826
0.15537024	0.8015585	-0.5437362
0.55569	0.757255	-0.20630582
0.26651955	0.5200617	0.25859013
0.5343748	0.58253056	-0.49544477
0.1863969	0.8571753	-0.22706956
0.5976642	0.6601542	0.14284532
0.38394064	0.9600356	-0.3822424
0.689411	0.57299644	-0.18747023
0.55284184	0.40034997	-0.058042757
0.9361951	0.8978907	0.3713359
0.9716254	0.13350755	0.58707184
0.030709624	0.98039	-0.66525894
0.048648477	0.6944938	0.22354034
0.1534521	0.38768697	0.83997
0.7998307	0.09037149	0.5176656
0.41842306	0.54857767	-0.042611077
0.6070222	0.6482691	0.2992541
0.58638054	0.9320453	0.20194073
0.038399458	0.10935235	-0.15828563
0.41236955	0.6985126	0.17799681
0.34073907	0.30626762	-0.47405985
0.2134201	0.60028684	-0.21261996
0.66184753	0.79710627	0.500097
0.4230464	0.8413981	-0.103663795
0.045376837	0.4866085	-1.3292996
0.53224206	0.8622573	-0.09079683
0.69313955	0.1847018	-0.7264666
0.91150457	0.014090955	-0.18982446
0.7981067	0.15278542	0.38320538
0.9233367	0.9003518	0.37918657
0.95810896	0.2262286	-0.13511544
0.69658595	0.9021899	-0.088595524
0.6189059	0.86802566	0.24552594
0.14170587	0.5741653	-0.084859096
0.99024355	0.9073166	-0.05430219
0.24429953	0.038951695	-0.28371707
0.021076322	0.06273216	-0.26673356
0.28825068	0.9296608	0.68369937
0.5083091	0.31389743	0.067744285
0.26807642	0.5885248	0.14631432
0.2856372	0.47598332	0.16598576
0.5971108	0.6557667	0.17656606
0.5717785	0.33514124	0.188024
0.6269332	0.0017185807	-0.59860575
0.29477465	0.89476126	0.53051114
0.45120764	0.30635303	-0.20829567
0.98570615	0.25075406	-0.4348498
0.3258505	0.57227945	0.26868126
0.0007312298	0.19312811	-0.74978197
0.884815	0.31127924	-0.026141874
0.5276483	0.19637144	-0.24658406
0.6872317	0.47208863	-0.9035986
0.02703923	0.24085689	-0.6811429
0.38077962	0.8723644	0.036319803
0.45945185	0.7363567	-0.5806364
0.31916362	0.3349417	-0.41831282
0.388447	0.3939321	-0.012040287
0.977838	0.8627106	-0.14252427
0.498469	0.7957165	-0.84854573
0.79306036	0.83391225	-0.46986517
0.00018417835	0.24222738	-0.83885664
0.5727061	0.43246526	-0.30307502
0.73444	0.2388162	0.055260345
0.38626027	0.16105843	0.15037088
0.8549106	0.97358066	-0.78659576
0.07463831	0.17097467	-0.008489784
0.64396924	0.3911547	-0.73770016
0.8885089	0.4150533	0.24499767
0.3037941	0.7863878	0.24298406
0.68210304	0.3399405	-0.86363286
0.022404969	0.9151068	-0.3593089
0.4089685	0.017580032	1.1643585
0.90229934	0.58874065	-0.21029568
0.32250094	0.46513444	0.25547805
0.7360094	0.3791942	-0.49325982
0.11226702	0.17743766	0.34040537
0.015334725	0.16398221	-0.54760367
0.5623574	0.55085975	-0.46269315
0.23850524	0.601016	-0.09188935
0.85853934	0.43379593	0.57110417
0.625188	0.14009702	-0.46019542
0.99920535	0.98210555	0.07901391
0.13268983	0.43489927	0.4938581
0.40821183	0.27504444	-0.25643095
0.103379905	0.62821937	-0.16282663
0.31209576	0.40787512	0.008946035
0.71637815	0.79952276	0.113636054
0.91490275	0.28592157	-0.31589183
0.7463224	0.6563998	-0.6364307
0.5759595	0.619859	-0.2566228
0.97993493	0.17143345	0.38526124
0.22015113	0.50032824	0.53661174
0.7517029	0.5039489	-0.9404347
0.5982803	0.24835145	0.18063389
0.8281886	0.20240068	-0.0046292813
0.5947733	0.96817803	0.22843418
0.12093407	0.7584872	-0.3840825
0.6441692	0.57818395	0.066240415
0.5525976	0.8944412	0.12988012
0.436679	0.3017547	-0.20786786
0.7714513	0.37340456	0.16508019
0.1654051	0.3066129	0.76637435
0.054379165	0.82322174	0.24214917
0.69218814	0.6177998	0.13637897
0.91426957	0.29612237	-0.34191144
0.14804786	0.961829	0.4756281
0.2916031	0.3583883	-0.29831684
0.6936862	0.61814904	0.1838727
0.651176	0.9318932	0.12646969
0.08372605	0.48605496	-0.71677256
0.2661938	0.6429254	-0.09036339
0.30307394	0.81721145	0.37237883
0.3103397	0.88638955	0.42610887
0.24909866	0.51902276	0.27023667
0.8302153	0.6464205	-0.16714968
0.28890944	0.22154093	-0.33812502
0.9784133	0.35131133	-1.235201
0.6338179	0.69566303	0.55353004
0.6524252	0.7502106	0.65022886
0.24469268	0.4054901	0.19049238
0.044645905	0.91036236	-0.32602274
0.12039894	0.08959383	-0.051280033
0.5654941	0.75090224	-0.078548014
0.19835693	0.055120885	-0.54797393
0.850927	0.80108327	0.46846205
0.48843592	0.2369945	-0.33636737
0.88847625	0.360151	0.05308627
0.2966386	0.22929811	-0.45578933
0.85014987	0.383766	0.54380256
0.50275403	0.6265454	-0.71790665
0.55125195	0.7398694	-0.26489863
0.630813	0.6369685	0.41005388
0.96383977	0.53465796	-0.7766486
0.14621836	0.68954825	-0.43420076
0.85473615	0.8012114	0.45129696
0.67491364	0.5193966	-0.43275076
0.29757196	0.7484769	0.1023533
0.016342103	0.54029185	-0.934183
0.82767624	0.7287046	0.07210852
0.31745195	0.11482555	-0.16863301
0.06293386	0.43810177	-1.2423308
0.6117314	0.47158074	-0.46988133
0.6271672	0.7552697	0.500217
0.90798444	0.8400767	0.5037064
0.8161825	0.5982676	-0.39630955
0.5941819	0.104423225	-0.23298195
0.2221067	0.05903083	-0.44726565
0.36695814	0.5287644	0.22101967
0.22025734	0.9613955	0.8345108
0.1597948	0.37708312	0.88559586
0.23125541	0.8549465	0.26181212
0.3390466	0.74021226	0.27507094
0.96164775	0.31572288	-0.89479136
0.68801236	0.83979565	0.16356294
0.9226324	0.09563953	-0.034985818
0.22769862	0.024063945	-0.42118502
0.57147014	0.6696697	-0.22508666
0.6310784	0.0057314634	-0.603107
0.012915552	0.10803795	-0.39622712
0.15375209	0.1628784	0.08340515
0.26613122	0.77843887	0.08558686
0.6415872	0.36006254	-0.6651901
0.34282136	0.9765702	-0.069696985
0.9235107	0.52299035	-0.33044937
0.21253431	0.09968674	-0.4579376
0.9982597	0.29575026	-0.8762711
0.93513054	0.84364176	0.42633617
0.8749603	0.6698479	-0.0018417388
0.97016853	0.069159925	0.68997836
0.056263745	0.26397163	-0.47299844
0.08122879	0.085529566	-0.15315773
0.22777307	0.44227028	0.50179446
0.55122524	0.20730704	0.27331668
0.046272755	0.21650237	-0.34700185
0.21333027	0.054436505	-0.5324525
0.6375612	0.5733661	0.08477922
0.46328992	0.3271982	-0.011358752
0.08560526	0.7452108	0.26271868
0.49160665	0.34428453	0.22371796
0.5301552	0.9885203	0.18117559
0.39401144	0.76527554	0.11356589
0.8379637	0.689392	0.01035005
0.98999244	0.029286921	0.6729868
0.03232646	0.7054243	0.18738142
0.57370985	0.09732908	-0.04041809
0.030999005	0.79568624	0.12387354
0.03284341	0.27878296	-0.8153876
0.8765828	0.828973	0.5332109
0.49410808	0.996983	-0.09762122
0.06490761	0.27560848	-0.38365972
0.30235052	0.7381418	0.13273272
0.065199256	0.568297	-0.80580914
0.392421	0.031798482	1.0042484
0.09131497	0.7419677	0.16863573
0.15784466	0.694005	-0.53314316
0.4910707	0.03688693	0.0036784932
0.26764673	0.590928	0.099496886
0.7207284	0.051464975	-0.050795346
0.6331782	0.08939439	-0.6627509
0.1451559	0.84477407	-0.37129563
0.49499238	0.3157004	0.08307267
0.94926107	0.28565514	-0.52158993
0.52978134	0.112778544	-0.33251446
0.4218167	0.6761636	0.054406833
0.5465934	0.098869324	-0.11679034
0.52225304	0.14135313	-0.27797258
0.19558316	0.15649897	-0.3288481
0.3069526	0.28556973	-0.46519002
0.87589365	0.24924874	-0.16753107
0.73534817	0.3516428	-0.3561247
0.14711756	0.14137411	0.011434846
0.2662292	0.53937966	0.14703676
0.4492938	0.2882681	-0.23613411
0.2019195	0.3712479	0.8050831
0.5259381	0.18979591	-0.27286306
0.35240328	0.6520851	0.31818277
0.5188501	0.8436023	-0.3707656
0.3175798	0.9376103	0.23022264
0.4962684	0.40782958	0.3977766
0.83756185	0.5002455	0.17008151
0.8059827	0.21543163	0.33197075
0.15471047	0.5045156	0.25787058
0.5183137	0.29467523	0.05967074
0.19010895	0.29068172	0.5775042
0.6476093	0.94260436	0.113754794
0.95808166	0.5550921	-0.5702619
0.9856472	0.8448049	-0.22673286
0.33893996	0.7653123	0.22935067
0.5843387	0.09461862	-0.11666765
0.40269768	0.06524521	0.9494738
0.53386754	0.6323501	-0.5855538
0.4060663	0.9161007	-0.26240197
0.9080512	0.29725462	-0.33532822
0.064035356	0.42259586	-1.1864773
0.5402869	0.021924853	-0.14213978
0.51165193	0.46812046	0.098216094
0.93843776	0.8396197	0.39103043
0.99324596	0.65641916	-0.33962077
0.06455976	0.16579121	-0.06591
0.40220553	0.18863374	-0.06761241
0.2931682	0.09556687	-0.18604758
0.3382511	0.13003284	-0.044199053
0.43747735	0.6513248	-0.24676172
0.809742	0.30458152	0.5137927
0.023238659	0.78893894	0.09596657
0.05348879	0.38332283	-1.3037536
0.11216813	0.0015760064	-0.31776676
0.4126132	0.82126296	0.038522385
0.70902383	0.24061334	-0.5517849
0.64675844	0.22180283	-0.6506983
0.5555979	0.86691606	0.07272911
0.9242389	0.15272182	0.027071945
0.71428126	0.15932357	-0.37643388
0.11853737	0.5847776	-0.2563344
0.5716381	0.94584703	0.14972398
0.7127499	0.100334406	-0.28234848
0.10287547	0.9929651	0.015498888
0.9399587	0.52812415	-0.56938535
0.63427174	0.098891616	-0.6916631
0.0055068135	0.49417335	-1.115187
0.19390965	0.61036384	-0.25438833
0.16699564	0.31606042	0.79621583
0.103685856	0.6318201	-0.14340115
0.08699381	0.15958112	0.097311966
0.18275666	0.8144234	-0.5343391
0.7901295	0.96450335	-1.2367513
0.37715155	0.61336243	0.3008473
0.5167464	0.16632164	-0.3376987
0.8750041	0.4229666	0.517151
0.08346802	0.8082973	0.16269106
0.3973291	0.8709798	-0.048417754
0.764854	0.024880886	0.49135515
0.06458002	0.3908308	-1.1067004
0.9855845	0.7843643	-0.3276888
0.8698935	0.31782973	0.077624775
0.60141677	0.6392326	0.15402436
0.27966356	0.24272585	-0.2995808
0.024482906	0.4747908	-1.3508799
0.6421255	0.88927764	0.25434795
0.91523284	0.07728541	-0.17065531
0.968534	0.21546692	-0.03198519
0.41091037	0.4421978	0.0084763
0.98580605	0.8660981	-0.16156712
0.4167413	0.13021594	0.24860503
0.5449577	0.36635536	0.14273636
0.046525657	0.27952147	-0.7444858
0.44110334	0.70569974	-0.20240681
0.51527375	0.81467336	-0.48046494
0.8979159	0.18408144	-0.23675445
0.096539736	0.82694125	0.051104672
0.6202984	0.1585105	-0.3929581
0.111225486	0.28657955	0.6715551
0.06437647	0.7860028	0.3460435
0.8129957	0.27699804	0.40604523
0.7837248	0.42838997	-0.0155619085
0.7605755	0.37106872	0.03237031
0.39851457	0.34063125	-0.09214464
0.60665166	0.8197784	0.2630481
0.10477567	0.44668448	-0.16210984
0.421875	0.25334126	-0.3442378
0.38388455	0.5423354	0.20951866
0.31747365	0.9029624	0.32705867
0.9031346	0.82671976	0.57143486
0.47851783	0.050226867	0.08003064
0.25521052	0.10346365	-0.24846578
0.1977151	0.008420289	-0.563942
0.7867889	0.68613786	-0.63340324
0.46862125	0.55434966	-0.21109271
0.5095877	0.24704635	-0.18116494
0.25689542	0.47450662	0.26614022
0.73283845	0.351928	-0.39038253
0.36252165	0.5408647	0.27930614
0.072169125	0.29711163	-0.251749
0.9209243	0.332789	-0.5425975
0.37507266	0.9350159	-0.20343997
0.6068917	0.3783502	-0.4735528
0.2621885	0.27836156	-0.16177692
0.850216	0.3034023	0.15526956
0.78190714	0.80492896	-0.5086657
0.97212255	0.3627044	-1.293898
0.9596467	0.20524627	0.08411452
0.8739484	0.425937	0.48523772
0.5312028	0.99680454	0.20084414
0.62719536	0.5079958	-0.262383
0.43021923	0.2098875	-0.37882805
0.19140345	0.91230816	0.27527043
0.15007794	0.15167028	0.10522416
0.19390786	0.75547624	-0.8532504
0.010974705	0.023072362	-0.1540533
0.067716	0.4733317	-1.1287137
0.564253	0.16712928	0.09605143
0.55658424	0.3779531	0.08368659
0.7905447	0.24107695	0.63121164
0.79359126	0.7269082	-0.46974
0.71673644	0.82483673	-0.0084971115
0.09671378	0.3148117	0.22839376
0.15467614	0.17829794	0.19592388
0.29076332	0.90788174	0.5918181
0.30477577	0.36343426	-0.27879518
0.84126854	0.90766335	-0.39296693
0.22827995	0.5980801	-0.13217908
0.13961577	0.7891445	-0.53009486
0.5113546	0.6884448	-0.9511268
0.2265665	0.48339337	0.5017593
0.35535622	0.22952354	-0.27139372
0.49920815	0.03194666	-0.11313387
0.15840524	0.13176584	-0.16797379
0.6023343	0.7925996	0.27693486
0.45361626	0.96467614	-0.3790985
0.42658645	0.54067403	-0.0009342022
0.34769028	0.85327214	0.21441053
0.9002456	0.98695016	-0.27522585
0.50604695	0.8298096	-0.62281793
0.96320355	0.3473742	-1.1488457
0.7332492	0.27775574	-0.004165001
0.59839314	0.3042851	-0.010980438
0.6936035	0.47759092	-0.95265645
0.37536752	0.025330544	0.7154091
0.6573474	0.021242201	-0.61269265
0.7198278	0.22836083	-0.3493549
0.16589737	0.07914072	-0.3899657
0.8927317	0.7365602	0.23224877
0.30691332	0.42866975	0.047907326
0.457573	0.7792643	-0.53008676
0.7241448	0.58951116	-0.7049707
0.84871536	0.76773506	0.41405675
0.40979803	0.5577375	0.08633439
0.0029718876	0.93604195	-0.53787595
0.2762717	0.9242523	0.7578663
0.36987323	0.5508019	0.29267675
0.4708941	0.8309552	-0.5394807
0.5235055	0.43003416	0.13809142
0.8422683	0.14126498	-0.14457715
0.78182083	0.2855273	0.67526984
0.64498764	0.529168	-0.20018215
0.7114769	0.10979539	-0.30542895
0.24761033	0.359823	0.049019676
0.029323041	0.74496657	0.2258043
0.12904394	0.8584249	-0.3396724
0.8795437	0.882669	0.27780184
0.80201226	0.31094116	0.6383259
0.29433578	0.7809013	0.2842586
0.79479253	0.25289607	0.5656052
0.31752276	0.42862946	0.060771313
0.086675346	0.3476988	-0.1405748
0.11038011	0.6283457	-0.22522648
0.13340986	0.5041597	0.10919715
0.7843734	0.668302	-0.6897509
0.06517416	0.055745304	-0.037167434
0.51420766	0.9744925	0.17785054
0.9179359	0.13947195	-0.08247527
0.5712463	0.040517807	-0.11045955
0.58858204	0.8680972	0.1492657
0.13346738	0.1563673	0.19625294
0.09348613	0.3162126	0.24934448
0.8206544	0.851376	-0.10345917
0.122383595	0.8805068	-0.16730832
0.29903662	0.50097525	0.3011419
0.5756239	0.20087487	0.33834636
0.721162	0.4419889	-0.8938424
0.71367645	0.7669803	0.087433666
0.48566747	0.3313465	0.18024594
0.9871034	0.11808503	0.726055
0.32996494	0.692697	0.27612212
0.82487947	0.49747986	0.054249026
0.7791205	0.20891929	0.5436704
0.27535933	0.9016802	0.74003136
0.2454235	0.24609053	-0.09436044
0.5266462	0.78787076	-0.43215355
0.065074146	0.43974477	-1.1805303
0.64578724	0.5677696	0.040410884
0.063560486	0.7690749	0.4162803
0.5665517	0.711438	-0.18357962
0.39612812	0.4812513	0.042877875
0.47288352	0.46736455	0.31186742
0.35695118	0.16537398	-0.023311708
0.5568872	0.5825501	-0.47688296
0.7950736	0.14836329	0.39671305
0.7265735	0.7445333	-0.13613376
0.67612356	0.22492993	-0.848406
0.9292651	0.6968123	-0.019839471
0.40851247	0.75209075	0.16585317
0.54291147	0.5804512	-0.49495372
0.16574866	0.8492056	-0.35002062
0.6089787	0.27658504	-0.10295622
0.42429984	0.28104717	-0.33991867
0.56484085	0.5604876	-0.47714177
0.031099737	0.5943379	-0.4984177
0.88068867	0.98688835	-0.520462
0.20027113	0.25049585	0.2101335
0.72689563	0.8803266	-0.4220858
0.6003198	0.8345109	0.28261906
0.026197255	0.44422317	-1.545343
0.2122333	0.10464078	-0.4318732
0.4483812	0.4257391	0.19023873
0.994351	0.27329868	-0.68880016
0.12434679	0.2140857	0.6066767
0.3603328	0.9485391	-0.15521905
0.06525606	0.7452671	0.36297417
0.08445901	0.58886546	-0.4760198
0.5572513	0.27571112	0.4672315
0.23130858	0.0012168884	-0.36670247
0.52841276	0.6518357	-0.72178805
0.7590976	0.95687807	-1.1768064
0.12709445	0.61406225	-0.28687263
0.6511431	0.48878735	-0.47724116
0.06737816	0.820246	0.19081023
0.4317447	0.9755849	-0.316633
0.1430586	0.78908527	-0.5769471
0.41263145	0.5783409	0.078209974
0.26684725	0.4918549	0.1691135
0.5349799	0.73431826	-0.43237418
0.4832545	0.7444224	-0.96759254
0.03314525	0.842242	-0.02473639
0.618219	0.9531884	0.19911103
0.10253173	0.56596124	-0.4150851
0.016381502	0.35010946	-1.354461
0.3295645	0.22919089	-0.4298902
0.2751981	0.092199266	-0.22992711
0.62429905	0.9150985	0.27994788
0.91190237	0.93603206	0.14170617
0.3529613	0.8056291	0.19052161
0.6476979	0.16953462	-0.7305698
0.066934764	0.21249914	-0.111213624
0.57142305	0.61718106	-0.29338032
0.6919999	0.3362233	-0.9160717
0.14158356	0.6787687	-0.39990455
0.6847586	0.08136642	-0.6040901
0.33100206	0.2173	-0.361247
0.13418514	0.28649193	0.85131925
0.5894536	0.29159725	0.22037253
0.007570684	0.16788268	-0.62126565
0.33708227	0.66899043	0.34377843
0.12633234	0.5928988	-0.20681041
0.5765308	0.73867285	-0.023668656
0.05329287	0.17906868	-0.21612869
0.99337786	0.63237107	-0.32920122
0.38856035	0.477521	0.020909108
0.27149242	0.15862638	-0.20081724
0.5311369	0.61176294	-0.6069458
0.87469715	0.8394369	0.49097982
0.28584296	0.87587214	0.66080844
0.3887142	0.97063726	-0.38911682
0.58339566	0.47728115	-0.40412924
0.62057966	0.36014074	-0.5680046
0.12759137	0.2888782	0.7855474
0.30628997	0.94969755	0.35211262
0.43100196	0.42432266	0.06295243
0.42245042	0.91349137	-0.3665936
0.86601746	0.24881911	-0.22883497
0.7164274	0.8189942	0.05911733
0.9891011	0.36798298	-1.3482137
0.5310701	0.88650423	-0.11951153
0.89654446	0.2890706	-0.25693
0.84460247	0.6409194	-0.09978688
0.5515606	0.2822594	0.44469634
0.3629617	0.8890499	0.0075775646
0.27309412	0.91951674	0.7998995
0.65366346	0.7263335	0.7928585
0.68153363	0.5346797	-0.39084464
0.8946295	0.8987154	0.26515445
0.40320295	0.2671309	-0.14858046
0.13901186	0.29794443	0.8003824
0.32384837	0.8510706	0.4060389
0.74282414	0.7834655	-0.30175653
0.6102385	0.7080415	0.38921815
0.56969756	0.08249515	-0.08335411
0.9076537	0.92415786	0.17411976
0.37035084	0.86427164	0.018071517
0.4758873	0.59795415	-0.5293162
0.35286802	0.9464279	-0.067344114
0.5451672	0.19844723	0.08419445
0.8791089	0.6040792	-0.235762
0.9703343	0.4083699	-1.4220989
0.87526506	0.9955872	-0.65418917
0.1748355	0.4453923	0.7149254
0.89108884	0.5441291	0.012825232
0.60357547	0.95132947	0.26012003
0.7083154	0.46871972	-1.0631199
0.86000884	0.609664	-0.18475133
0.5580972	0.77842045	-0.08711376
0.52549064	0.9415845	0.047537357
0.8840454	0.64634055	-0.2002348
0.93665403	0.7889452	0.30012253
0.4081363	0.30358207	-0.17356698
0.9051723	0.47819626	-0.052320678
0.91492313	0.838938	0.51156074
0.24558657	0.11129391	-0.25577345
0.4575066	0.8169662	-0.5103682
0.04396391	0.5713687	-0.72642887
0.89178956	0.059250474	-0.3523328
0.73041147	0.495606	-1.0118444
0.8721619	0.8234802	0.5196868
0.5641317	0.59131885	-0.38729888
0.0666185	0.57199156	-0.7500987
0.46335876	0.8363857	-0.56329
0.37636864	0.14604747	0.20082118
0.46555245	0.07261145	0.198742
0.12610227	0.39092308	0.5608937
0.7732108	0.9169817	-1.0555636
0.31802726	0.86848474	0.336604
0.714204	0.6217324	-0.2507718
0.34530944	0.8820798	0.14268237
0.09716344	0.37331754	0.057162803
0.19932908	0.9689018	0.80977964
0.980272	0.29428154	-0.7760291
0.016028285	0.63339365	-0.06581697
0.78689337	0.15975845	0.4060659
0.55678505	0.23380345	0.39093417
0.036331356	0.024755597	-0.03335894
0.6323752	0.36494166	-0.7130987
0.48891443	0.59758115	-0.4537551
0.08530539	0.6411288	-0.07621624
0.65130854	0.48288524	-0.52848667
0.7252039	0.71611744	-0.13939211
0.5452659	0.56995714	-0.47118136
0.9034585	0.028529704	-0.25775242
0.24029833	0.41109067	0.30374545
0.5109313	0.40275282	0.25096124
0.8560522	0.15637636	-0.36864212
0.9425163	0.8381592	0.34302798
0.9973112	0.92188466	-0.0697685
0.56795126	0.9656898	0.25871164
0.27542812	0.28892273	-0.335751
0.46602517	0.6078442	-0.5647531
0.7791783	0.04733509	0.6039307
0.83242404	0.62099147	-0.20251656
0.11212289	0.8705944	-0.22595409
0.10608238	0.09606379	-0.03413498
0.82031465	0.02043444	0.34359226
0.45039296	0.79087895	-0.3587552
0.35133195	0.25749093	-0.32751516
0.35862303	0.6696937	0.29634234
0.17940116	0.21611494	0.08927655
0.9077169	0.11817944	-0.22204456
0.39350438	0.7983253	0.20711952
0.9582875	0.013582706	0.39515063
0.4199562	0.14184624	0.14365323
0.81853986	0.7344248	-0.049852338
0.8449608	0.98125046	-0.95578194
0.59358305	0.57585377	-0.2921349
0.9861744	0.44041914	-1.417652
0.5618367	0.9616516	0.18022136
0.32024825	0.07693511	0.034654632
0.48262978	0.037225246	0.111069754
0.5356469	0.62930745	-0.57054925
0.25527054	0.44459814	0.20741676
0.67536896	0.74340254	0.6821004
0.83858645	0.9741029	-0.96743685
0.30121368	0.81682533	0.42566794
0.70980614	0.14172387	-0.38509074
0.7365436	0.14632493	0.032045405
0.81575817	0.8048057	-0.00011490099
0.019308925	0.38865626	-1.4357203
0.575429	0.33167297	0.18757677
0.772046	0.49806148	-0.6059201
0.44282842	0.7135629	-0.19737014
0.95440716	0.8156548	0.04521586
0.052922845	0.70813155	0.26226765
0.2500826	0.12954348	-0.24141037
0.95213693	0.73456717	-0.041029476
0.56811106	0.8665323	0.015864626
0.027105212	0.38972455	-1.4976513
0.045056462	0.7724382	0.23561119
0.042369843	0.6898177	0.21209544
0.4353739	0.53736806	-0.030684877
0.8010185	0.27666909	0.47269103
0.06506264	0.86905986	-0.0056263674
0.1786297	0.88655424	-0.0037447314
0.25325394	0.62498796	-0.13176015
0.5218699	0.033199787	-0.22281623
0.81782967	0.44550544	0.31432933
0.7573346	0.6832207	-0.76965016
0.028701723	0.62536037	-0.18346687
0.73915523	0.5065309	-1.0350797
0.7829155	0.41908544	-0.04811711
0.007003963	0.9063454	-0.36705157
0.2804345	0.3818364	-0.108312905
0.6829783	0.5575288	-0.22672132
0.11262131	0.59274536	-0.2582463
0.74789166	0.5228671	-1.0478251
0.5238673	0.44231093	0.09990246
0.61670685	0.24484289	-0.19276209
0.1518268	0.9197001	0.14754385
0.47658652	0.38960284	0.31682175
0.5105788	0.05124271	-0.24381867
0.6187406	0.26795244	-0.32140943
0.071038365	0.47805	-1.0280652
0.98415875	0.55908144	-0.69934887
0.30647606	0.7720579	0.23228288
0.4002266	0.30168605	-0.1534048
0.35624152	0.94841117	-0.14317006
0.88373446	0.82023954	0.5562683
0.85846657	0.43443543	0.6211819
0.48021185	0.9194579	-0.3339038
0.80461836	0.17643541	0.34146714
0.19865847	0.91630363	0.34141985
0.69670963	0.22296035	-0.7722841
0.7984913	0.24113649	0.43965948
0.74831253	0.92094326	-0.92930514
0.18629229	0.4995739	0.47703463
0.7553111	0.9445026	-1.0689056
0.5898295	0.32289988	0.030052306
0.6074769	0.52030385	-0.36380014
0.25500745	0.5529139	0.20640187
0.34762782	0.95912504	-0.07289536
0.20353281	0.8208753	-0.38700375
0.24982864	0.9005812	0.71688366
0.59294087	0.32389766	-0.055983715
0.8435886	0.035181344	-0.031880513
0.05320525	0.6389416	-0.17482549
0.6455957	0.6767024	0.5609373
0.6850091	0.2634915	-0.8523923
0.36033994	0.9049335	-0.039055347
0.93391675	0.09086919	0.07550265
0.53965455	0.12497234	-0.14211904
0.4948442	0.6499687	-0.83473164
0.20416039	0.06370026	-0.53351194
0.78352064	0.80645025	-0.45122832
0.17513508	0.4042378	0.87278897
0.90833	0.12227696	-0.21655798
0.21597284	0.11247325	-0.4386164
0.32702154	0.6298758	0.39132065
0.17061216	0.57467926	-0.020821031
0.30847293	0.4505884	0.19627868
0.2612769	0.011540651	-0.1404387
0.73498935	0.92477256	-0.79424685
0.7456092	0.33556473	0.025490487
0.23354429	0.42733353	0.4956993
0.20071787	0.17443591	-0.25360212
0.11550802	0.26120615	0.6882605
0.33145243	0.4068653	-0.054681957
0.75802684	0.143938	0.30508345
0.7518519	0.32232136	0.23697594
0.52745277	0.92715704	0.023176188
0.23051882	0.83509827	0.051919915
0.7096922	0.9788587	-0.7578209
0.13413763	0.41257554	0.6129681
0.3694303	0.84997886	0.07536419
0.92308915	0.5275896	-0.2912735
0.6159243	0.53680515	-0.20399807
0.6310737	0.3627435	-0.6737071
0.5480485	0.609947	-0.53238803
0.4151284	0.2131527	-0.26971924
0.48380387	0.32661504	0.12052864
0.12781888	0.005425334	-0.4510994
0.74311584	0.16250455	0.13059483
0.42464	0.061652064	0.86154187
0.35321367	0.67952657	0.25292304
0.33450723	0.5121445	0.30542
0.112850785	0.8587433	-0.21061827
0.43164128	0.87559265	-0.30212644
0.51057106	0.3079489	0.06979316
0.821006	0.34005576	0.5646833
0.20280695	0.9707365	0.7569245
0.5312177	0.3288684	0.23563564
0.4774366	0.97602725	-0.23068905
0.8331229	0.21238595	-0.067255616
0.8503606	0.8416175	0.37988344
0.7986092	0.8354668	-0.33279556
0.27000445	0.3220688	-0.20570007
0.76091826	0.475811	-0.76412576
0.056250095	0.82587403	0.23540764
0.51711196	0.93048084	-0.043618616
0.45563966	0.34495914	0.004073005
0.98938024	0.94878566	0.011608969
0.54043597	0.7695938	-0.3561108
0.048213005	0.9392819	-0.4876246
0.13079774	0.37415057	0.66949475
0.88376606	0.9180013	0.05439654
0.19517165	0.0111759305	-0.5751692
0.23568743	0.4378525	0.3886866
0.14457184	0.6704757	-0.4101151
0.038951516	0.67185694	0.12365523
0.6414273	0.70546496	0.72041124
0.26239073	0.9018547	0.76529324
0.30544198	0.9779633	0.30342725
0.3003416	0.4311009	0.06304847
0.21046215	0.49676132	0.57536596
0.10348672	0.6402918	-0.115906306
0.16755778	0.86635554	-0.22500983
0.7954994	0.29365206	0.56567013
0.59163064	0.46246946	-0.4246137
0.86645424	0.35017276	0.30226356
0.775633	0.16062742	0.38042903
0.059445858	0.5742497	-0.74920887
0.5421005	0.11279684	-0.17153125
0.18194818	0.6252082	-0.3114828
0.89702797	0.10333413	-0.38735515
0.50735664	0.6938498	-0.9577857
0.9508084	0.13462383	0.32156324
0.75762075	0.24909127	0.52058315
0.16154897	0.10311544	-0.28833488
0.94015753	0.9488106	0.29353777
0.06453991	0.38734192	-1.0548325
0.5109639	0.40474743	0.32075208
0.49664617	0.6435608	-0.8535836
0.3282072	0.70032734	0.2653041
0.04950422	0.46965253	-1.4117352
0.82591206	0.308127	0.3426301
0.2472226	0.6210448	-0.17504516
0.19302517	0.8954758	0.09428335
0.19230312	0.14579868	-0.3607944
0.353253	0.25099224	-0.31192374
0.8736615	0.75841063	0.40888095
0.5485244	0.9569645	0.20139101
0.0049909353	0.54724985	-0.804244
0.69742996	0.7283173	0.3456456
0.62192595	0.5087115	-0.30981594
0.8589582	0.9629147	-0.66345876
0.72966635	0.47717118	-0.99659264
0.16089875	0.4676395	0.5974749
0.14468527	0.63759303	-0.28579292
0.9300647	0.56035835	-0.33134755
0.6415483	0.15609771	-0.7161991
0.3900345	0.4878224	0.08845334
0.07839227	0.96337295	-0.2868015
0.575269	0.5493452	-0.4112578
0.27661842	0.8977876	0.7521519
0.70858	0.69258124	0.1320039
0.63113886	0.6867827	0.571994
0.8882153	0.99174726	-0.5042618
0.60016793	0.37519652	-0.37513244
0.008245289	0.9010663	-0.3690394
0.80108756	0.39907503	0.34738743
0.3643765	0.7836044	0.12881821
0.14107877	0.192841	0.4060903
0.30532664	0.7827821	0.21583466
0.032855153	0.2509421	-0.6524067
0.86874473	0.016238332	-0.23908187
0.48413867	0.15097642	-0.46842664
0.10163331	0.22331578	0.47173405
0.8484641	0.42811644	0.56809676
0.9418263	0.24897367	-0.1399265
0.094341815	0.26265478	0.41707957
0.53432864	0.6187441	-0.66824317
0.6501004	0.28252453	-0.6386548
0.755246	0.6896538	-0.6540804
0.25121826	0.6160609	-0.1035382
0.80195016	0.22031105	0.39158228
0.8117808	0.5603602	-0.33820462
0.6600862	0.7078991	0.7275521
0.46453393	0.8022171	-0.6182012
0.38753724	0.7848751	0.15654832
0.34387022	0.4275757	0.014264996
0.8434556	0.99251336	-1.0368559
0.9112176	0.8408812	0.5418577
0.272407	0.9488515	0.74301815
0.8996446	0.17652607	-0.27118257
0.69486797	0.4296736	-1.0686586
0.100543916	0.1306082	0.02888092
0.14211816	0.55984116	-0.0491773
0.8539146	0.61270565	-0.20560208
0.9418378	0.33933657	-0.909693
0.92402124	0.033140242	-0.032273117
0.010558486	0.7553968	0.07381385
0.107685626	0.9397141	-0.01077491
0.47138834	0.17380172	-0.44285554
0.55247223	0.9353366	0.20561746
0.88828176	0.06668532	-0.45045444
0.33281595	0.23193467	-0.43872237
0.35990256	0.24656415	-0.2697311
0.5235887	0.101956666	-0.31871712
0.044275224	0.64736974	-0.09403466
0.010723591	0.64154416	-0.090250686
0.6745796	0.33984232	-0.85996187
0.981112	0.06511277	0.6965441
0.34971362	0.016098022	0.26348096
0.86001813	0.9445248	-0.51994103
0.7047203	0.70561314	0.27973044
0.71315753	0.9726087	-0.6739707
0.59948856	0.53516454	-0.3986958
0.82236767	0.041541874	0.27710325
0.3430056	0.35696298	-0.34898388
0.877857	0.7162481	0.2066354
0.1231848	0.18005437	0.36361167
0.6531509	0.30593067	-0.6020616
0.07416803	0.45671743	-1.0054636
0.6275187	0.15776736	-0.48858914
0.851817	0.3503378	0.379483
0.450616	0.3213101	-0.11583564
0.5746139	0.655326	-0.1653277
0.5327355	0.29176039	0.20336065
0.3228585	0.9088098	0.2734843
0.4078194	0.10346216	0.5315202
0.96402025	0.67042065	-0.26458925
0.791394	0.48228502	-0.26629013
0.86805093	0.044486046	-0.30687177
0.9319239	0.42976403	-0.7506962
0.028697908	0.18922842	-0.44764864
0.9694907	0.59534943	-0.43996516
0.79209006	0.2419939	0.6043911
0.536278	0.7179612	-0.5294223
0.20728147	0.47396028	0.69286805
0.48665273	0.58872396	-0.47888073
0.2502681	0.71732664	-0.46937335
0.89696383	0.34616524	-0.15308619
0.99942416	0.65065694	-0.37284717
0.3289541	0.025435746	0.06580087
0.7250484	0.8513904	-0.18499689
0.020439386	0.27041715	-0.8508464
0.38264382	0.970226	-0.36066347
0.24095857	0.25211096	-0.07651667
0.7651798	0.4752249	-0.6796645
0.9992979	0.83634794	-0.24766287
0.9928211	0.00286448	0.6145919
0.12448269	0.053581953	-0.2292569
0.21345681	0.97962946	0.8520604
0.09870595	0.4078334	-0.092478245
0.5720141	0.35180515	0.053228997
0.551934	0.57973194	-0.49734637
0.5143866	0.7432913	-0.84426147
0.48699135	0.35501367	0.22522648
0.14010268	0.061211348	-0.32053396
0.055060267	0.33054256	-0.9690177
0.05944258	0.46736795	-1.304996
0.36674887	0.703253	0.17735532
0.13202965	0.5751613	-0.1389951
0.9220585	0.7302227	0.09003254
0.3510185	0.46458292	0.0715896
0.082223654	0.024979115	-0.16039437
0.8309804	0.66012526	-0.16954795
0.81375057	0.75383663	-0.15802032
0.9113981	0.8848437	0.49826646
0.080963135	0.28136164	0.054582488
0.81168544	0.9374069	-0.93602425
0.8749748	0.7616427	0.45612133
0.17980653	0.55915225	0.07173023
0.5937288	0.022054791	-0.34829763
0.13767874	0.92055035	0.09646827
0.624655	0.20046711	-0.35235596
0.49771446	0.10690105	-0.36017597
0.3844065	0.6972	0.1087489
0.30745286	0.8443869	0.43289727
0.74748975	0.7684845	-0.41994998
0.87438804	0.13215852	-0.39605612
0.97030133	0.18023074	0.30305913
0.41358334	0.7724736	0.16948587
0.26309705	0.4401043	0.09196357
0.19503081	0.2187348	-0.05115841
0.57725453	0.55792916	-0.396136
0.32550234	0.57007027	0.29716107
0.2378037	0.54912776	0.22108321
0.7021027	0.6454603	0.15449506
0.59385824	0.9215223	0.14563847
0.40292776	0.5055949	0.05354946
0.48456985	0.36607283	0.31151223
0.11241782	0.88485926	-0.1905081
0.9587827	0.4569049	-1.1586869
0.20237166	0.26334733	0.28427434
0.7669707	0.04718256	0.47563624
0.95174766	0.93115616	0.27982932
0.14226174	0.37181413	0.79157364
0.98454607	0.81329226	-0.26850083
0.47822577	0.8476097	-0.65187836
0.20661163	0.19528133	-0.2216278
0.21965235	0.36658752	0.46845043
0.3984337	0.45590723	0.051191624
0.6724163	0.57134086	0.047201373
0.46932584	0.93211466	-0.36352125
0.22805715	0.3758142	0.3126212
0.2891388	0.46165907	0.17549609
0.056619525	0.83681047	0.19231263
0.9833179	0.19698745	0.14813893
0.88558704	0.38591123	0.24720018
0.424542	0.20305341	-0.3139764
0.15387583	0.8791481	-0.13915803
0.7229851	0.7749132	0.008265678
0.61160254	0.23101878	-0.10183853
0.67146146	0.017761886	-0.5048019
0.14191192	0.013136029	-0.4531937
0.48125243	0.637868	-0.7312857
0.899828	0.8168643	0.56504667
0.04363954	0.1205917	-0.16946828
0.5998044	0.9912235	0.24053822
0.70304954	0.83077747	0.19438203
0.96961075	0.54207844	-0.76668906
0.7428538	0.64373726	-0.66406786
0.54340327	0.25596046	0.22775842
0.96155024	0.66846883	-0.24207763
0.8819203	0.37531054	0.26656455
0.84286094	0.6878418	-0.018044204
0.03993529	0.4218428	-1.4790629
0.5173994	0.23655856	-0.13096794
0.3944944	0.49076194	0.060028452
0.5800528	0.7438564	-0.0056495853
0.1648848	0.17391795	0.006233236
0.26731068	0.0078680515	-0.17310515
0.5113001	0.9636892	0.02740565
0.6593896	0.31132442	-0.6474299
0.2652278	0.80309826	0.2330207
0.19413286	0.011986017	-0.6016125
0.13354903	0.30061573	0.77295196
0.07871276	0.8397832	0.19784182
0.81499743	0.37853575	0.5673398
0.9869239	0.67344975	-0.3003978
0.10387224	0.45466888	-0.1628438
0.9430748	0.42105317	-1.0869291
0.5469202	0.61518955	-0.5117319
0.9948609	0.81557786	-0.3401476
0.568624	0.3042875	0.41543114
0.5514533	0.85094166	0.061637923
0.5325143	0.80052686	-0.34718117
0.24204034	0.13122928	-0.21027452
0.33762252	0.7081445	0.25168753
0.88934463	0.6928129	0.022979422
0.13454783	0.7329788	-0.4997637
0.3009143	0.7553617	0.1978492
0.06370497	0.13892919	-0.09553832
0.74493235	0.48169976	-0.88341105
0.80371743	0.9018087	-0.753261
0.07603431	0.7811905	0.33875173
0.14829934	0.4638126	0.51375353
0.5111798	0.7862652	-0.7000237
0.94760567	0.70530987	-0.031197712
0.98966324	0.38787436	-1.3762712
0.49011064	0.7600561	-1.0115174
0.032661974	0.0032764077	0.010310978
0.84336877	0.6000649	-0.24631026
0.49691474	0.8255007	-0.68227917
0.06714165	0.973408	-0.49371138
0.17727238	0.4577421	0.6974988
0.011569798	0.16709512	-0.5300617
0.6087273	0.31609052	-0.27534214
0.8158225	0.83437866	-0.10976461
0.44571	0.7464151	-0.24406365
0.2915492	0.5617996	0.21176112
0.25246507	0.28570354	-0.09446662
0.16350502	0.8359254	-0.42843696
0.4564206	0.16828603	-0.39931312
0.4750349	0.60697573	-0.50082415
0.74434197	0.31071204	0.094307795
0.22629064	0.5453337	0.25947872
0.10375154	0.33394384	0.38028094
0.22446817	0.5692807	0.09434007
0.52611536	0.6388113	-0.6851102
0.23479652	0.013950169	-0.3404072
0.76180583	0.7653677	-0.5017202
0.38708043	0.04340446	0.8600674
0.14125389	0.9592148	0.39857858
0.8606884	0.26381963	-0.141189
0.88126796	0.7231123	0.24502383
0.15993816	0.08575511	-0.35851204
0.45966834	0.9234609	-0.3197519
0.48342705	0.421767	0.4170705
0.8269861	0.1287921	0.06524274
0.8645025	0.74026185	0.35628685
0.6884358	0.7450119	0.47906485
0.41252017	0.45776832	0.08265516
0.31099492	0.22927898	-0.40449998
0.25280005	0.14654338	-0.17116897
0.14324349	0.6092268	-0.1953869
0.35210407	0.44698763	0.066286616
0.70626706	0.6243831	-0.07079317
0.13767606	0.8988658	-0.07843049
0.05111301	0.115603626	-0.116740845
0.81282204	0.0044630766	0.42383978
0.98649514	0.33824146	-1.1280084
0.7953713	0.61633146	-0.5855888
0.67785203	0.42468023	-1.0104513
0.2650329	0.12473935	-0.2542265
0.7901026	0.9156557	-0.98307645
0.21820778	0.59721774	-0.168336
0.38389993	0.05207771	0.80223155
0.46695566	0.26448745	-0.35561138
0.42237002	0.74532604	0.07454628
0.7511171	0.83545285	-0.41117465
0.46349108	0.6268022	-0.5574091
0.8757336	0.03594303	-0.29760617
0.5033441	0.25907624	-0.20390196
0.8684775	0.15109026	-0.4039107
0.9591516	0.7521653	-0.085362144
0.9070108	0.4029202	-0.22625124
0.09144783	0.8019216	0.18482308
0.28323084	0.25706112	-0.33046347
0.13398534	0.1253851	0.024901051
0.28040785	0.1832977	-0.23276454
0.5448185	0.17938936	0.019135552
0.6479678	0.14387906	-0.776182
0.209243	0.801821	-0.52348924
0.63077366	0.6926658	0.5635575
0.030621171	0.61122274	-0.27706662
0.5673647	0.691678	-0.1361654
0.81443334	0.16989022	0.25223282
0.63361835	0.9443513	0.20365329
0.24698842	0.1698978	-0.29266828
0.27373856	0.89439774	0.75432515
0.59179866	0.7308803	0.20917532
0.17450899	0.87615407	-0.12114797
0.6024486	0.42829168	-0.42262295
0.3213576	0.23603469	-0.44744018
0.7467966	0.87383145	-0.59319025
0.7049348	0.79776156	0.23828779
0.9347374	0.815481	0.39080983
0.5425217	0.054128706	-0.15468663
0.3646608	0.15345293	0.10410522
0.14477932	0.2502706	0.6497063
0.19783026	0.46061224	0.7982778
0.19010371	0.83941454	-0.45911625
0.808678	0.7946945	-0.1340709
0.7315541	0.60569805	-0.70149684
0.979782	0.5411769	-0.8028207
0.7792137	0.14458358	0.37265208
0.2714792	0.8061388	0.32556066
0.3862201	0.7306872	0.14077015
0.4656033	0.5739399	-0.34498483
0.014543176	0.42637914	-1.4336115
0.14843476	0.24682248	0.64217067
0.94503564	0.5696971	-0.3946197
0.7174925	0.60308933	-0.5558151
0.80567527	0.17051375	0.40429047
0.65429324	0.6301507	0.49586257
0.4631036	0.91189164	-0.34966367
0.26126027	0.9869699	0.8644415
0.4633962	0.56595105	-0.2629703
0.5584382	0.1284684	0.015713925
0.3535133	0.03070879	0.40425882
0.99562305	0.17324936	0.27340597
0.7468785	0.19745392	0.30028298
0.11409068	0.9183802	-0.09703722
0.02913493	0.050007105	-0.054374017
0.64705884	0.98596007	0.005842897
0.38634968	0.47009486	0.060094547
0.2675014	0.90217245	0.7600105
0.5997016	0.076720476	-0.4428697
0.41891396	0.21917015	-0.29029244
0.75685775	0.54686445	-0.9871748
0.48820788	0.31569678	0.05817207
0.91418445	0.12822515	-0.19762877
0.71556526	0.5104981	-0.98185915
0.15006208	0.4624887	0.49835047
0.95557564	0.19276243	0.14693868
0.48654747	0.11544609	-0.3530147
0.08000088	0.46490645	-0.85478556
0.28476125	0.11140549	-0.16094513
0.11656934	0.43071306	0.2511418
0.16584957	0.050644457	-0.5664976
0.27416778	0.7808934	0.17409767
0.12837827	0.98817056	0.30318806
0.56604767	0.30926943	0.36976892
0.92510736	0.1393953	0.017405063
0.0025746822	0.6194456	-0.21339536
0.851605	0.17329723	-0.22152741
0.27799428	0.49224097	0.22498985
0.10094136	0.03052187	-0.25405684
0.52486753	0.9816695	0.21365656
0.07115549	0.45528585	-1.0307759
0.5882656	0.047599494	-0.23984241
0.19083995	0.29928553	0.6482166
0.18045115	0.4800412	0.5820324
0.36859775	0.5529777	0.27693784
0.85159564	0.14757079	-0.27044982
0.6025877	0.53100914	-0.32741833
0.13201523	0.16232014	0.24476725
0.6458341	0.970899	-0.01724106
0.9091996	0.99298775	-0.18473461
0.7458181	0.1952216	0.21965209
0.7498703	0.7170868	-0.5729036
0.97824365	0.5623751	-0.617155
0.21053368	0.5823274	-0.08320983
0.4084108	0.5355917	0.06669657
0.53662974	0.37974465	0.18373471
0.15628344	0.610066	-0.22156925
0.21566135	0.6730744	-0.67588496
0.3584395	0.4111358	-0.077974975
0.4080193	0.9678014	-0.41221416
0.05495298	0.30205578	-0.69582427
0.08552873	0.86618644	0.047516614
0.279244	0.29606992	-0.3699563
0.8786132	0.24678522	-0.20665827
0.55034804	0.250728	0.3744016
0.09030968	0.25284404	0.3691247
0.65362203	0.18438894	-0.75864166
0.09161061	0.0023025274	-0.16164006
0.31687307	0.8332392	0.40176848
0.44485807	0.012219846	0.9804286
0.85210705	0.2737956	-0.037479356
0.043051243	0.7700128	0.21596052
0.73715514	0.22094375	0.10032896
0.6817925	0.18636394	-0.8878788
0.22826815	0.2057625	-0.18727867
0.49766284	0.8145366	-0.74494237
0.75940585	0.7203673	-0.5989524
0.200679	0.5795247	-0.045316048
0.45075184	0.19444269	-0.36537364
0.57565886	0.7365972	-0.05102224
0.093435824	0.13886327	0.078255944
0.9906116	0.75172544	-0.31258675
0.23690844	0.6117677	-0.17445871
0.2958979	0.60906625	0.12949333
0.27666843	0.85336316	0.6567856
0.47301042	0.85431534	-0.53960896
0.7299251	0.10754871	-0.0973385
0.9710486	0.31744778	-0.97866815
0.026445746	0.4690625	-1.3949976
0.412179	0.13631946	0.26562074
0.031255543	0.55613095	-0.8844216
0.57397926	0.57139987	-0.34288105
0.07564455	0.7512329	0.32470334
0.4477064	0.82518834	-0.40504298
0.026118696	0.450809	-1.4454706
0.45040977	0.80365163	-0.3295446
0.6203793	0.9820827	0.23579389
0.1492154	0.40628493	0.7647901
0.63309443	0.77238435	0.6130458
0.94193006	0.21200508	0.05210767
0.06804186	0.06515908	-0.08908645
0.024797559	0.8025827	0.13360474
0.28684175	0.0017552972	-0.13213372
0.9428011	0.4261809	-1.0338291
0.43025476	0.8817792	-0.231415
0.75839454	0.52589065	-0.9351151
0.20113426	0.16446686	-0.36445376
0.24309576	0.63189477	-0.2725953
0.16800588	0.36180967	0.95861995
0.13169605	0.39622003	0.6597613
0.12647092	0.70215803	-0.41146946
0.022399604	0.248604	-0.7342627
0.77583367	0.5056792	-0.69450396
0.35168463	0.06881815	0.29309657
0.64879715	0.7766186	0.57893074
0.02529645	0.4859094	-1.3249686
0.40230632	0.035862148	1.0787092
0.31824672	0.7803175	0.24887064
0.96486336	0.19607788	0.10689283
0.9061389	0.84750605	0.5512878
0.9784172	0.5958706	-0.45615375
0.3790369	0.6982375	0.16689968
0.17334616	0.9989227	0.85933125
0.7866633	0.745418	-0.52048814
0.17012048	0.53688604	0.22630844
9.173155e-05	0.71205956	0.14052877
0.23305422	0.5091553	0.32973647
0.44241095	0.9336906	-0.3309582
0.42465186	0.9803307	-0.33083308
0.9305433	0.82739437	0.4759282
0.17129892	0.50988567	0.3993823
0.10866153	0.09719783	0.0037159622
0.7718751	0.07326543	0.5432241
0.9539537	0.046034396	0.41891357
0.45004463	0.62158537	-0.44239423
0.4571522	0.875417	-0.43404678
0.19361866	0.07362676	-0.49670738
0.16163296	0.3372566	0.93766475
0.3534668	0.26470387	-0.40227464
0.5975651	0.27037662	0.100497454
0.6767148	0.09494132	-0.70278084
0.33939755	0.6415351	0.3462206
0.65621877	0.78575	0.5667336
0.6477331	0.55237556	-0.041099615
0.53410435	0.18585998	-0.13520736
0.84151095	0.4038238	0.53324026
0.6863653	0.7619315	0.4547251
0.6683575	0.6125502	0.481455
0.41509354	0.80325603	0.07001754
0.5479219	0.85619485	0.009509753
0.81140333	0.5252392	-0.21656905
0.4870684	0.35872972	0.26786727
0.6236051	0.5678298	-0.070158236
0.8899719	0.79098856	0.55893683
0.8663791	0.014980853	-0.189035
0.8429923	0.44789428	0.44302344
0.06518507	0.4909091	-1.1192155
0.7559533	0.40981567	-0.36240414
0.53311175	0.6085978	-0.5659509
0.94361174	0.38378912	-1.0558043
0.94092226	0.052309275	0.1973579
0.5917036	0.6657824	0.041235752
0.28128088	0.8899351	0.7040466
0.025333941	0.9180028	-0.424858
0.90404075	0.80629945	0.48951486
0.5510036	0.23224068	0.38255918
0.23821634	0.3383479	0.15068994
0.25442833	0.353855	-0.100667045
0.53308743	0.74877924	-0.48751262
0.33534348	0.9073176	0.12938826
0.69393235	0.47951162	-0.988471
0.8969846	0.3742414	-0.06476979
0.304743	0.9328635	0.44042563
0.7508937	0.04765004	0.37322712
0.5196932	0.33797127	0.19676024
0.7485881	0.08444375	0.26843223
0.24217367	0.042529643	-0.2607664
0.3772446	0.4536633	0.04098938
0.10567576	0.67888814	-0.059533074
0.08245373	0.1772629	0.104763195
0.3021828	0.1687448	-0.31331745
0.4030975	0.37387997	-0.053299114
0.65055066	0.033018887	-0.7115298
0.51465327	0.6326772	-0.7394738
0.75275236	0.79244584	-0.35933915
0.6397743	0.2062344	-0.5991273
0.8729565	0.941306	-0.29595423
0.13325137	0.660743	-0.3476048
0.92134446	0.5412229	-0.28257567
0.36784124	0.09845716	0.4628941
0.50846285	0.12169653	-0.3286653
0.44121665	0.5821566	-0.24956322
0.6256393	0.244533	-0.3433673
0.20547211	0.802451	-0.5142464
0.55916953	0.74290395	-0.15719286
0.5680615	0.11405301	0.030362315
0.6654772	0.39089024	-0.9127418
0.025810719	0.91806185	-0.42582947
0.7635745	0.78675044	-0.4490897
0.004114628	0.41121185	-1.3192308
0.7118932	0.735535	0.07323164
0.946297	0.2403853	-0.16276745
0.16304201	0.34302932	0.89512324
0.87572443	0.9196119	-0.05337214
0.571059	0.22777987	0.40332985
0.22847795	0.3489449	0.30877978
0.09577119	0.6322218	-0.09803417
0.96343523	0.96306366	0.21329337
0.4121802	0.8863697	-0.15412343
0.039342344	0.29528272	-0.905924
0.21018559	0.7000027	-0.8654538
0.14804977	0.44886386	0.5523534
0.8695852	0.57093716	-0.038492866
0.19914812	0.24257302	0.11412978
0.60033256	0.39677936	-0.40597248
0.075191975	0.49717695	-0.9197992
0.17099196	0.4432811	0.7419105
0.36181688	0.65923315	0.31703907
0.93279	0.25052273	-0.20794117
0.113865614	0.8863133	-0.22213553
0.8241306	0.75694364	0.07505146
0.14260107	0.35102546	0.7948752
0.23270285	0.8343895	0.06595257
0.2936741	0.4463789	0.17775325
0.2793452	0.08002418	-0.13022535
0.28265226	0.12065393	-0.20152287
0.5380906	0.2162615	0.14076465
0.4502647	0.53258365	-0.074835956
0.98731315	0.07657838	0.75517786
0.1783008	0.95620424	0.67811424
0.7023313	0.32704347	-0.7414253
0.052896976	0.22042173	-0.35856873
0.5386292	0.9482643	0.121175475
0.81466895	0.900194	-0.6013589
0.9775945	0.5706367	-0.5716806
0.52811027	0.21933317	-0.115516536
0.1750341	0.5750158	-0.0003863424
0.004237652	0.68482715	0.097926624
0.18006814	0.2054252	-0.017283626
0.03280312	0.62979406	-0.13291493
0.8688104	0.34058177	0.19364324
0.84855795	0.109115005	-0.21949351
0.9626356	0.08896124	0.6192827
0.4439634	0.71447986	-0.21643153
0.2353167	0.3481841	0.16776222
0.1304574	0.18961453	0.4396009
0.27391696	0.26386243	-0.27578533
0.92165744	0.53220564	-0.29161647
0.24998021	0.088067174	-0.2735912
0.61154985	0.33121973	-0.33297682
0.34551603	0.8471002	0.24945003
0.97199005	0.49356377	-1.1261456
0.7777759	0.34881222	0.4038053
0.7213847	0.81672496	-0.02461434
0.9197473	0.029933453	-0.1781068
0.011845112	0.15033466	-0.5695706
0.58858615	0.85793686	0.10873996
0.26381642	0.61635214	0.019082906
0.7332045	0.45336008	-0.8689571
0.029836476	0.7371285	0.20476356
0.9599018	0.50236404	-0.92736536
0.09760505	0.98806626	-0.05457566
0.7269527	0.3930784	-0.6768779
0.6557382	0.7863905	0.5734225
0.7701004	0.00304389	0.60935897
0.116138816	0.8190135	-0.2807138
0.115285754	0.06616992	-0.11857623
0.90179926	0.085249126	-0.30838376
0.4423188	0.44363207	0.11448893
0.45572096	0.1720913	-0.3865301
0.51373476	0.7419549	-0.9087047
0.3461731	0.20002449	-0.2299509
0.37068826	0.7025009	0.15722586
0.53412485	0.54647446	-0.39372778
0.31414527	0.87858695	0.41252562
0.96345186	0.1468283	0.50959903
0.2374968	0.049918056	-0.3360008
0.090233326	0.31365258	0.14928593
0.6838547	0.095204115	-0.67323107
0.23119056	0.35452694	0.2692031
0.69606066	0.26094556	-0.7549925
0.40544766	0.9820338	-0.3968076
0.98211944	0.14019072	0.567867
0.42096764	0.3459314	-0.02496022
0.042816103	0.12673032	-0.19935009
0.95363283	0.27663827	-0.4823453
0.6812346	0.16305238	-0.79703134
0.13589036	0.9337857	0.1875907
0.92969453	0.99978113	-0.01167026
0.39361173	0.35387212	-0.012119282
0.096779525	0.9445763	-0.19032143
0.6768939	0.28259182	-0.7900233
0.32914865	0.24010742	-0.41507357
0.65589637	0.9932077	-0.07240698
0.21492517	0.0020167828	-0.47150776
0.82833225	0.4771589	0.30316094
0.27515572	0.62025833	0.042511493
0.95530415	0.852773	0.19979261
0.737754	0.8054866	-0.2555999
0.9553663	0.28499717	-0.5552422
0.5779294	0.82774544	0.12924486
0.08029598	0.6681603	0.056931764
0.73564	0.35752618	-0.34741727
0.2831741	0.3072883	-0.26813418
0.05587864	0.27227473	-0.530162
0.67679816	0.54982436	-0.2165596
0.8080207	0.931197	-0.89431757
0.22517598	0.3297575	0.3259169
0.3844791	0.7204097	0.16370969
0.025421858	0.9115468	-0.4666221
0.25495702	0.8619	0.58878016
0.26078165	0.61191773	-0.019359505
0.89603055	0.2805798	-0.22654459
0.8734763	0.00070887804	-0.25666636
0.53959876	0.9147505	0.084824234
0.5921567	0.65691096	0.098834224
0.3440746	0.3198759	-0.4386572
0.30130935	0.14452529	-0.19715324
0.27695984	0.6034061	0.081812896
0.69942033	0.7625154	0.35158962
0.12242383	0.5593157	-0.16530988
0.6891105	0.06375623	-0.4359656
0.29457557	0.39295632	-0.16112189
0.48482978	0.8983042	-0.41472164
0.98264825	0.44221538	-1.3796834
0.014904797	0.59609663	-0.38965204
0.9168036	0.10636246	-0.15297352
0.09053618	0.7401162	0.21279636
0.36162978	0.06686759	0.43641093
0.91152805	0.89995027	0.36648932
0.44952285	0.76951903	-0.2982037
0.44589978	0.33826607	-0.06114138
0.50458413	0.38435006	0.27346158
0.86677045	0.64269483	-0.09877199
0.3869555	0.81984943	0.084165126
0.16779912	0.036412656	-0.52316165
0.9237871	0.82154745	0.46493644
0.7747145	0.5990664	-0.7526067
0.2742725	0.8152763	0.45733553
0.7387622	0.886829	-0.53165483
0.63264155	0.20193297	-0.4591585
0.7427461	0.30676126	0.10985773
0.47008622	0.59190506	-0.4572626
0.6306257	0.279087	-0.4607434
0.7200191	0.85652196	-0.1705799
0.9230536	0.4241708	-0.6284634
0.31820554	0.35244465	-0.43553156
0.8470148	0.2898398	0.048169557
0.99532044	0.7601788	-0.30892783
0.40431076	0.19220972	-0.16627993
0.65393996	0.7981152	0.56012595
0.23608965	0.89352727	0.60008067
0.08915275	0.64926106	-0.05979762
0.16934305	0.64493495	-0.32835978
0.9011087	0.22930968	-0.22574024
0.072010934	0.6537132	-0.009324703
0.430269	0.9087141	-0.34602967
0.8836507	0.64241946	-0.14611472
0.9772998	0.7335478	-0.24501067
0.33475548	0.924988	0.10806335
0.03303826	0.62801874	-0.15888464
0.8608352	0.9161511	-0.24407902
0.9724447	0.5304575	-0.8119172
0.025019825	0.30822325	-1.1463106
0.84811914	0.7765419	0.37998924
0.030346513	0.2491554	-0.6532393
0.18579167	0.6965246	-0.7421272
0.74405885	0.20647311	0.22544965
0.5031365	0.18279928	-0.41989496
0.7647589	0.8756253	-0.79753023
0.3092814	0.174249	-0.36410803
0.98361427	0.08588141	0.740896
0.966879	0.99491423	0.10951362
0.13086623	0.9779481	0.31866467
0.96241784	0.24527484	-0.28133363
0.73418987	0.16196495	0.03191068
0.5707005	0.22161466	0.3915121
0.72989553	0.9461669	-0.835562
0.40681154	0.35383946	-0.041205253
0.6230292	0.1401633	-0.4922167
0.052574813	0.97104913	-0.5523773
0.36959952	0.3402846	-0.25734594
0.8952927	0.69325095	0.050505113
0.038112342	0.29186648	-0.87229943
0.77512836	0.29155385	0.6818728
0.3734125	0.7400035	0.13538899
0.3703485	0.92759633	-0.16306701
0.9339384	0.23321426	-0.12932613
0.028473556	0.1576519	-0.34556442
0.58247566	0.21132702	0.3623752
0.9781424	0.9456707	-0.02393198
0.23854566	0.68613887	-0.5938308
0.983928	0.58069265	-0.5681123
0.55536515	0.8963412	0.025570843
0.089446366	0.932912	-0.173893
0.8561459	0.19318455	-0.3155279
0.38928413	0.86476994	0.019781774
0.97976214	0.9439083	0.07672253
0.44761235	0.8597078	-0.45093295
0.22313976	0.35832423	0.42396945
0.54982316	0.41233492	-0.036163136
0.38721234	0.6048649	0.2507423
0.4427337	0.9371897	-0.33584493
0.84697425	0.64108074	-0.17354682
0.15094626	0.8799767	-0.19607322
0.82465935	0.50153303	0.057856284
0.5083157	0.33535856	0.21565077
0.9523015	0.3112834	-0.76403403
0.3003317	0.012628138	-0.17335114
0.7501135	0.8083225	-0.3404458
0.14143628	0.10744989	-0.13664787
0.22975117	0.2314592	-0.009801045
0.8291889	0.57112706	-0.22347556
0.19292182	0.51418597	0.4211326
0.76639986	0.18195409	0.46797788
0.42811644	0.9933708	-0.2560321
0.1363197	0.023485184	-0.44439742
0.1922735	0.19939542	-0.09473994
0.24708736	0.029596448	-0.26282594
0.18568528	0.7816296	-0.79195225
0.95298475	0.61748534	-0.25728998
0.97633624	0.13770092	0.59249836
0.97202605	0.28087664	-0.5883583
0.34351033	0.74362934	0.18655705
0.60290354	0.5835114	-0.10154457
0.16967219	0.311445	0.82495004
0.88687426	0.8576993	0.50367683
0.1258958	0.60988295	-0.24140514
0.3257494	0.8400421	0.39467192
0.07060236	0.72372323	0.3391997
0.27359754	0.64332044	0.043646645
0.2181868	0.8441162	-0.094747156
0.4819777	0.03805518	0.11820679
0.5415632	0.08927059	-0.1449056
0.7686089	0.22560817	0.57423145
0.3305092	0.5221478	0.32176208
0.283643	0.5782636	0.15369546
0.6964842	0.668104	0.4083974
0.5295908	0.061882317	-0.22316925
0.6210953	0.64779305	0.45634812
0.6108831	0.86927676	0.22941068
0.7321985	0.95300084	-0.92044586
0.059927225	0.769939	0.30852026
0.21198326	0.43091327	0.69612384
0.6264707	0.9542468	0.23623107
0.012166679	0.7489908	0.20295337
0.8333139	0.487136	0.2459726
0.8972206	0.59290886	-0.1877656
0.94221103	0.10444075	0.27118576
0.892753	0.7471052	0.28085876
0.053196013	0.07196736	-0.05097493
0.8249537	0.08609426	0.17229918
0.88206035	0.9807491	-0.52829415
0.008508921	0.832941	-0.014616756
0.5448533	0.67362297	-0.4920231
0.85488003	0.3130799	0.12743267
0.88011056	0.2269175	-0.31868106
0.50121427	0.45995492	0.23894063
0.59583795	0.062018275	-0.39140403
0.67395765	0.8198837	0.4185353
0.9631897	0.76619	-0.055941254
0.124825716	0.8011431	-0.33849964
0.057899296	0.64653707	-0.07497581
0.20025927	0.21292692	-0.08516324
0.4909513	0.1466291	-0.40243894
0.5558035	0.20385587	0.2766572
0.63361484	0.9860608	0.069373146
0.7919874	0.26548338	0.56108123
0.9582373	0.3311206	-0.9553997
0.7246697	0.6020556	-0.65450495
0.42885864	0.9075603	-0.29723594
0.21444482	0.55975276	0.12805687
0.3506074	0.323763	-0.38317502
0.09831005	0.5179683	-0.51457053
0.877479	0.81016076	0.5620486
0.12781489	0.41448212	0.56574225
0.12378293	0.8384971	-0.32415336
0.54058635	0.331774	0.19385391
0.78664106	0.961716	-1.2768781
0.5112513	0.8587066	-0.3737976
0.95182276	0.90659493	0.2615989
0.2875989	0.91549325	0.6314878
0.09216577	0.020612001	-0.16360196
0.22184956	0.48273164	0.54268736
0.5188093	0.35155082	0.22297433
0.13104212	0.1782152	0.31978887
0.75264275	0.5054426	-0.94822085
0.6155067	0.6569167	0.34278634
0.93697333	0.9123313	0.40221494
0.90272087	0.97895616	-0.2193709
0.7364625	0.22961974	0.18635589
0.41608715	0.27626622	-0.29256952
0.040548682	0.79677373	0.15670997
0.48005903	0.4812982	0.25875932
0.5215495	0.6924448	-0.84293884
0.845082	0.643329	-0.14548242
0.91379917	0.8524968	0.46815848
0.5592097	0.8586372	0.027318947
0.76922107	0.081106246	0.49203238
0.6432909	0.61965084	0.36882925
0.7610958	0.74463534	-0.63047427
0.8255659	0.54970735	-0.20598388
0.98047626	0.79817873	-0.21985488
0.12239343	0.76912373	-0.38798743
0.980839	0.30347526	-0.88095105
0.49357545	0.30057895	0.0054503325
0.72679764	0.5774155	-0.87039346
0.6574047	0.3169462	-0.6845345
0.72985804	0.41422325	-0.72289956
0.85576296	0.7997659	0.5436258
0.5474897	0.8665965	-0.0070250314
0.2799763	0.75375473	0.04377597
0.0010955334	0.8898727	-0.29554862
0.16696757	0.697435	-0.5541497
0.82800144	0.79885256	0.15888128
0.41594476	0.12442833	0.28288186
0.63919795	0.08143222	-0.69305384
0.48953724	0.5577979	-0.19425367
0.35947704	0.64428246	0.34563535
0.6376174	0.351474	-0.6264118
0.6274184	0.3812946	-0.6144866
0.7701872	0.30055195	0.5968688
0.9122012	0.6161485	-0.15813741
0.74889874	0.47539896	-0.90236247
0.8744438	0.31406802	0.07071236
0.29764086	0.76985866	0.22949226
0.087054014	0.11770958	-0.04922213
0.48307556	0.078624725	-0.17978321
0.42281306	0.5195102	0.0062504103
0.25003183	0.8353243	0.40173435
0.853258	0.7897799	0.45653686
0.0273906	0.96616614	-0.7214808
0.6234065	0.5858588	0.049492795
0.30945808	0.4890536	0.2599907
0.48956156	0.33778495	0.18129794
0.8415315	0.2072733	-0.16213487
0.5690062	0.29475588	0.42658198
0.33194685	0.8665583	0.23732255
0.8449731	0.5491258	-0.061685435
0.15308458	0.6740696	-0.40506414
0.86647356	0.07701033	-0.35378093
0.27148515	0.2452547	-0.19854815
0.73731226	0.86186177	-0.42469472
0.0032163858	0.5679415	-0.5952745
0.23675007	0.38973677	0.24819611
0.59275484	0.06823063	-0.2375525
0.044124126	0.9747653	-0.6646328
0.87516207	0.63526666	-0.14631946
0.32803214	0.8835154	0.23100735
0.7088075	0.45288503	-0.9993824
0.8143671	0.8585985	-0.18014057
0.10402787	0.5729038	-0.2659783
0.91211605	0.689957	-0.048086643
0.5374793	0.8738511	-0.039610274
0.21442801	0.4129265	0.6733519
0.49610245	0.22952056	-0.31715015
0.06545514	0.5665088	-0.74886096
0.2811581	0.14237958	-0.24108021
0.2948678	0.3038317	-0.4339155
0.20339525	0.089349866	-0.5438219
0.50288045	0.8457732	-0.53954667
0.026100516	0.0031718016	-0.07527763
0.8552235	0.64593476	-0.13633439
0.15137959	0.51577866	0.1672964
0.236305	0.55530924	0.13014771
0.069796324	0.7145607	0.3695737
0.3242569	0.58656	0.26088664
0.27730155	0.9441307	0.83453596
0.20068711	0.36941284	0.7960018
0.78175527	0.032185316	0.5588591
0.03447503	0.08030504	-0.16128004
0.25125992	0.47083145	0.258716
0.08105558	0.9263585	-0.12277721
0.41774386	0.15224743	0.08676601
0.38431776	0.26263887	-0.19305474
0.64819366	0.3181126	-0.56925106
0.63595265	0.20919132	-0.51668096
0.631969	0.8851279	0.28010952
0.8079398	0.35485524	0.5390609
0.78045326	0.2866525	0.58108914
0.6069132	0.34216934	-0.26307684
0.7000216	0.92195284	-0.32429543
0.2058652	0.8062809	-0.525919
0.47568178	0.05852765	0.0446831
0.6919037	0.7387517	0.5284875
0.033972085	0.041658342	-0.012917418
0.7928038	0.26152396	0.5564387
0.39148778	0.25995177	-0.16341774
0.88370603	0.7188431	0.23555845
0.2788127	0.7950054	0.2877536
0.54172975	0.14688998	-0.09869267
0.94638133	0.06764859	0.2374411
0.975066	0.35414857	-1.2048616
0.43479586	0.13327909	0.08224131
0.1499939	0.71697676	-0.64358926
0.9760719	0.10211712	0.70237994
0.49351484	0.8432695	-0.5730197
0.8763833	0.21547425	-0.26628354
0.17104208	0.7724054	-0.7863196
0.7242804	0.6817846	-0.1681525
0.7040672	0.6998125	0.3100719
0.9577581	0.25343996	-0.35560557
0.2346096	0.663872	-0.49253497
0.24453348	0.94163066	0.8791984
0.15035695	0.4649607	0.5004882
0.3373927	0.9599869	-0.024588495
0.916794	0.6285877	-0.08485834
0.35036236	0.41062653	-0.12159589
0.08381331	0.056858122	-0.16719905
0.64857566	0.5973289	0.22497499
0.63969195	0.7417691	0.6217791
0.34261543	0.7773748	0.18950702
0.7589816	0.82607096	-0.43904188
0.8433719	0.5493294	-0.064812355
0.5435963	0.051194847	-0.1775116
0.6315806	0.5000501	-0.41786414
0.8817532	0.051411092	-0.3706199
0.10373163	0.5249116	-0.46496028
0.87356573	0.7647962	0.44314602
0.8242476	0.08792466	0.21114567
0.21686536	0.59547466	-0.13119468
0.2020716	0.07553995	-0.593135
0.7399365	0.036384523	0.26732692
0.37271267	0.15268844	0.111346595
0.87183994	0.98592186	-0.6500257
0.2904665	0.51520956	0.26077858
0.7406055	0.4651649	-0.883007
0.22255546	0.36720878	0.42384282
0.03635311	0.15615171	-0.30153918
0.21628761	0.93069476	0.5577611
0.9952735	0.8539803	-0.24608696
0.11821741	0.47214216	0.045271672
0.10476762	0.26794082	0.58248144
0.9156188	0.5612613	-0.17423178
0.9063991	0.28350824	-0.28631255
0.10715592	0.71130025	-0.105607525
0.29380322	0.50201344	0.22961658
0.111512184	0.9675927	0.06633882
0.9162964	0.27558714	-0.23885748
0.8728016	0.83754474	0.49577242
0.12889314	0.039339364	-0.277079
0.38339537	0.054883122	0.7997128
0.18356061	0.3081615	0.7451352
0.22782165	0.18029094	-0.22070932
0.892109	0.33808947	-0.10127111
0.4438632	0.55809885	-0.16875301
0.09948456	0.77284014	0.016114771
0.348943	0.47305846	0.14679489
0.28690487	0.53858197	0.17620493
0.4890976	0.7217537	-1.0048785
0.9072945	0.9284941	0.1923726
0.36068565	0.22628415	-0.23232953
0.5065383	0.70185995	-0.9447417
0.34416544	0.28332072	-0.39042678
0.6621197	0.7306651	0.7824999
0.48494935	0.64463526	-0.79096514
0.22960192	0.31351024	0.21890803
0.88901705	0.49477583	0.25837472
0.021588326	0.7568281	0.18508124
0.39153457	0.4026292	-0.017070368
0.20278692	0.81233287	-0.51648325
0.18193328	0.10508603	-0.42886308
0.55680233	0.5515565	-0.4652068
0.010701895	0.0037246346	-0.16372871
0.067385614	0.285361	-0.3245809
0.8026339	0.4081937	0.30862442
0.55066174	0.261519	0.35884333
0.024260938	0.34719044	-1.3051082
0.87071437	0.35561466	0.34428883
0.61241984	0.94942546	0.2513401
0.8755549	0.4393955	0.48153377
0.2638827	0.8555513	0.64678246
0.7783774	0.37980086	0.15415409
0.21969682	0.8192346	-0.25587046
0.1283316	0.4616896	0.2505326
0.85191846	0.57671964	-0.08916683
0.23509192	0.4581719	0.4534772
0.5139107	0.67323977	-0.8704004
0.89748394	0.54991615	-0.058364123
0.6298055	0.46705192	-0.4895071
0.6234773	0.16229105	-0.42755887
0.76702166	0.76322454	-0.547234
0.09210646	0.4932301	-0.593748
0.8045572	0.55546695	-0.46487185
0.83325577	0.11146116	0.024634495
0.5062627	0.9936104	0.07808875
0.6317769	0.7227449	0.6002908
0.29057562	0.269417	-0.3236816
0.027022123	0.87714887	-0.17345528
0.34471267	0.44522405	0.05401162
0.82762134	0.47663438	0.27243716
0.20317936	0.9999926	1.0408576
0.45765114	0.47604585	0.16929364
0.79945505	0.23175263	0.46238425
0.021421015	0.6398128	-0.049060047
0.49018228	0.969387	-0.18374193
0.421719	0.7559661	0.1411982
0.96176606	0.30853385	-0.8692938
0.72230834	0.98276365	-0.82253814
0.019615889	0.21389592	-0.647102
0.5567795	0.12583834	-0.011509068
0.71260273	0.5848084	-0.5930787
0.64667076	0.06088984	-0.7729818
0.8638105	0.12191278	-0.3283181
0.19658709	0.3229661	0.6061326
0.09728205	0.37932742	0.06101919
0.56363034	0.25833327	0.47283304
0.36728865	0.72562	0.13488224
0.7168951	0.37379402	-0.7076903
0.91391224	0.39031798	-0.45368105
0.13346165	0.17371446	0.27502266
0.0011489391	0.9711678	-0.6356816
0.6211454	0.5965381	0.13141678
0.20251352	0.41924953	0.8427884
0.7775033	0.22876197	0.5834265
0.9156061	0.43372947	-0.3977172
0.038889527	0.30304718	-0.97973186
0.09107208	0.6370129	-0.11098975
0.048745155	0.7468466	0.31439245
0.605069	0.48981684	-0.44468063
0.1666283	0.14878172	-0.07190547
0.4123553	0.9099186	-0.25662044
0.50341624	0.95286804	-0.04833615
0.32745957	0.8539239	0.3065896
0.0605523	0.0014399886	-0.01966688
0.50994396	0.23555356	-0.24900274
0.8908967	0.98032874	-0.39978227
0.59423536	0.13135207	-0.09286015
0.53760165	0.8088714	-0.27101249
0.18722808	0.96965754	0.69346815
0.41045797	0.5054971	0.024942327
0.1716013	0.42901593	0.79341793
0.9183348	0.96118623	0.041731976
0.4601937	0.4176967	0.31932744
0.62475073	0.33378416	-0.5844789
0.42939997	0.28695518	-0.25339583
0.85492283	0.44860685	0.56810904
0.83623344	0.21343762	-0.06431044
0.5533533	0.80133224	-0.027712919
0.42570752	0.12851703	0.20323762
0.079025686	0.75110716	0.34484988
0.40347117	0.16063201	0.123933196
0.05775845	0.34755075	-0.9641117
0.99761367	0.11459321	0.6780542
0.5808211	0.8254154	0.089325294
0.86145186	0.6549662	-0.07833284
0.6389775	0.95793647	0.15100095
0.58171177	0.15321285	0.12806575
0.5579027	0.12903684	0.033637352
0.7372684	0.9086366	-0.6922094
0.3496194	0.42072833	-0.0013282225
0.024929166	0.16615003	-0.47484785
0.9062445	0.42496824	-0.16210425
0.12604815	0.44470656	0.3302374
0.3464349	0.9918632	-0.108854875
0.9999943	0.23161489	-0.22508699
0.5214278	0.8432018	-0.25670367
0.12602991	0.80100626	-0.39432034
0.31971353	0.02048707	-0.019747026
0.8997579	0.51646787	0.027215002
0.5386349	0.7812212	-0.32558084
0.9673774	0.19577497	0.12872595
0.0042524934	0.4540217	-1.319929
0.77498513	0.14064837	0.4194194
0.19532472	0.9523614	0.6769416
0.018172324	0.9828411	-0.7449967
0.48222643	0.52319396	0.08218422
0.37668395	0.48277247	0.12634905
0.39987254	0.6065621	0.2086899
0.4102502	0.9891463	-0.3269412
0.8569608	0.27130628	-0.10932422
0.8758401	0.103310406	-0.3727433
0.33928126	0.24848765	-0.4129132
0.5428455	0.43100315	-0.059506234
0.5943522	0.59200615	-0.14288929
0.059830725	0.83463806	0.18286857
0.15957999	0.40471488	0.8815008
0.36406434	0.37179577	-0.1814581
0.69398487	0.43939996	-1.0221609
0.45188236	0.113149464	0.081771314
0.6805148	0.5180222	-0.5486196
0.7915863	0.49624163	-0.33880907
0.73388785	0.98042476	-1.046523
0.3812334	0.20278865	-0.08393923
0.733192	0.21717894	0.018961255
0.94773597	0.35885185	-1.08353
0.73742044	0.35079223	-0.27064392
0.635104	0.29477596	-0.51467186
0.885853	0.22046769	-0.2713361
0.00076788664	0.78128755	0.13041678
0.22716415	0.43929744	0.5580179
0.9785389	0.0052557588	0.6351016
0.87817794	0.88084537	0.27456075
0.4372052	0.60800797	-0.20363455
0.72499746	0.8254258	-0.062357917
0.14500558	0.92999965	0.18538615
0.65872693	0.17425907	-0.7963365
0.54150486	0.4721281	-0.18751998
0.8656507	0.054122567	-0.31292713
0.9849747	0.5648844	-0.5876559
0.8919893	0.8651944	0.5149034
0.07911956	0.9968936	-0.32161444
0.11122769	0.627168	-0.18059358
0.005185604	0.40645665	-1.370342
0.34869766	0.21678424	-0.16733077
0.22813535	0.119549274	-0.32285273
0.52358466	0.59307086	-0.5539861
0.5860996	0.3726256	-0.16812609
0.8975478	0.59270966	-0.1915732
0.7427015	0.6933435	-0.5481071
0.33235747	0.8803753	0.19227669
0.41863203	0.38059437	0.031348564
0.8394344	0.3275723	0.33360147
0.8666023	0.87065357	0.28472936
0.64904886	0.8813859	0.3024967
0.5799611	0.046394825	-0.10524974
0.23377323	0.46764517	0.44582003
0.05346048	0.077932954	-0.09489766
0.12499809	0.62676036	-0.21592407
0.23130977	0.7909627	-0.33357614
0.59794414	0.30666316	-0.03262339
0.16165477	0.546456	0.050238363
0.32244706	0.6765726	0.30727452
0.47473466	0.53603977	-0.0037343204
0.65758896	0.6981848	0.70488197
0.79955685	0.15979236	0.39795506
0.308002	0.2369374	-0.41394365
0.5014746	0.33315378	0.19462702
0.92508966	0.001930058	-0.09320624
0.88127625	0.38725722	0.31780007
0.79647136	0.25011027	0.52882725
0.53580415	0.5441357	-0.40711933
0.45784968	0.949935	-0.3745265
0.62969977	0.13712656	-0.59069914
0.076940835	0.9457324	-0.23838095
0.33621514	0.0673424	0.14886321
0.04459697	0.6642343	0.085574575
0.1520971	0.5572652	0.02192473
0.6197744	0.7078815	0.550611
0.5111614	0.39791244	0.30707812
0.27285784	0.9021183	0.76628524
0.7730527	0.91976583	-1.0985428
0.7612478	0.83518505	-0.52018696
0.8800124	0.67092395	-0.03339936
0.36954373	0.33926183	-0.22060458
0.9745326	0.06557608	0.67506087
0.73455405	0.61891836	-0.66226506
0.7741975	0.41667545	-0.13444158
0.94521797	0.4814521	-0.88717234
0.33779442	0.9541409	0.056559093
0.55749375	0.31816	0.31767854
0.79961747	0.83887	-0.3785603
0.03758371	0.3084414	-0.97775525
0.10713953	0.76680344	-0.1267215
0.9172637	0.09017718	-0.15638825
0.3355778	0.14498454	-0.15652202
0.14577866	0.53009534	0.1202011
0.53331304	0.3018433	0.25277054
0.76935065	0.85300297	-0.54265773
0.10920411	0.8224126	-0.13795039
0.07888788	0.4407121	-0.84791493
0.32401496	0.7556224	0.2637715
0.04971987	0.69954866	0.22819752
0.97391313	0.27911437	-0.5917764
0.32785803	0.8357978	0.28788376
0.22946185	0.8028703	-0.25603342
0.6450444	0.16124701	-0.762049
0.6363043	0.5068085	-0.32072842
0.16436982	0.66250664	-0.44300923
0.70318055	0.35909742	-0.8662441
0.9339276	0.8681715	0.4281383
0.19089091	0.39477396	0.8885582
0.18844974	0.11747289	-0.4263363
0.92447096	0.7304532	0.060508966
0.4005788	0.4275083	0.014361463
0.07950395	0.99469364	-0.33111984
0.17114377	0.2991025	0.7706244
0.68790066	0.7000359	0.5820786
0.6356614	0.106981814	-0.6522049
0.6665399	0.12336463	-0.77998364
0.69900554	0.90281737	-0.18902704
0.74453044	0.29694235	0.15177692
0.27917653	0.55771786	0.19095616
0.05570352	0.55669695	-0.8439826
0.34150016	0.47343475	0.21430247
0.61329174	0.54272527	-0.20524792
0.6744156	0.27545166	-0.80162513
0.45019478	0.049107194	0.5902707
0.031505466	0.35123515	-1.3292543
0.7802572	0.0113886	0.5824259
0.36613303	0.68367356	0.22680874
0.8487456	0.7929563	0.46796358
0.9114068	0.7569511	0.2759798
0.752504	0.5214972	-0.95856684
0.058152616	0.6114531	-0.3837674
0.97713494	0.0077237487	0.62378526
0.95982033	0.6757795	-0.18839978
0.5073561	0.24528652	-0.17313889
0.22039163	0.5574191	0.20060392
0.22095668	0.6360842	-0.42037863
0.534455	0.6414703	-0.62387776
0.47381687	0.9822728	-0.25907898
0.57044977	0.9479693	0.1591628
0.119129	0.5022741	-0.056063578
0.89107317	0.1830551	-0.38254276
0.7287555	0.8921781	-0.533203
0.9512445	0.8654475	0.24992017
0.45258307	0.93259305	-0.36785764
0.9908168	0.83819836	-0.2917386
0.5197988	0.24617773	-0.022087384
0.9168463	0.13696605	-0.06700382
0.16063476	0.26506466	0.68240994
0.9576248	0.8299847	0.12097464
0.5208144	0.07519549	-0.37937373
0.44073468	0.0031200647	1.1235032
0.008134425	0.8413615	-0.026257794
0.4545247	0.9999644	-0.29704565
0.19869381	0.74829936	-0.9232405
0.34139156	0.44544268	0.14496766
0.65761	0.8763763	0.1871127
0.440287	0.08602637	0.4118246
0.3170272	0.40528113	-0.07480751
0.113728344	0.14860487	0.26222166
0.93288213	0.40406954	-0.9353766
0.46714455	0.18129957	-0.396906
0.74580574	0.98154104	-1.1499275
0.3885197	0.014414668	0.9268603
0.09930295	0.3220169	0.28367043
0.36050695	0.46960026	0.0864418
0.58118355	0.15039855	0.08767095
0.7556416	0.49873608	-0.96103233
0.8765316	0.53096527	0.194121
0.98350435	0.43266046	-1.4200394
0.64796793	0.94911087	0.07898156
0.8010409	0.8659105	-0.49777216
0.90242374	0.7010529	0.05240039
0.17191994	0.88556814	-0.043458574
0.5466454	0.9840113	0.29859108
0.19756293	0.65313745	-0.5368628
0.9826418	0.19348854	0.18899013
0.83714813	0.020415902	0.07444556
0.055324256	0.0061620474	-0.01782642
0.5741969	0.93360734	0.1303471
0.36301827	0.119838476	0.27519423
0.46618825	0.43486673	0.321007
0.9026613	0.360021	-0.24031477
0.35972285	0.545229	0.32609996
0.064287364	0.30651873	-0.4885822
0.6769366	0.19849068	-0.8443683
0.970009	0.8937574	0.01864417
0.19774944	0.14637917	-0.41581637
0.9676114	0.063311875	0.6432706
0.29997998	0.76685643	0.20729749
0.8566204	0.6264646	-0.18937424
0.14367038	0.06042993	-0.35630924
0.19798052	0.7313142	-0.85584104
0.3673547	0.75851554	0.14506209
0.16602832	0.48884255	0.48242214
0.45218706	0.625708	-0.4729914
0.4836775	0.7702683	-0.981978
0.27019882	0.68788075	-0.21004017
0.64216983	0.7633178	0.6191161
0.08763075	0.53847057	-0.67315024
0.8901209	0.16979307	-0.33124614
0.1468625	0.35130167	0.8384535
0.1731078	0.7327795	-0.6826501
0.17652154	0.39390302	0.9139793
0.60499287	0.6669524	0.31549534
0.5648633	0.93531895	0.19806536
0.95794094	0.2120822	0.025724448
0.9753802	0.67015827	-0.22316876
0.40773845	0.46059066	0.01960501
0.96532404	0.55349696	-0.6375565
0.45552427	0.05245614	0.48490915
0.13627297	0.849205	-0.29337442
0.9353599	0.27399004	-0.375357
0.5450848	0.025032341	-0.044398144
0.8960837	0.7193407	0.18735369
0.4649108	0.37992328	0.2481512
0.728943	0.7791111	-0.041635215
0.8526064	0.6056312	-0.20971434
0.26684362	0.5983102	0.0423562
0.6360336	0.5927417	0.1421833
0.9198959	0.3456632	-0.577687
0.86455965	0.46380103	0.5106656
0.08401489	0.77772975	0.3071731
0.47024	0.36876422	0.24439663
0.6306684	0.7305728	0.59355885
0.94797933	0.23175228	-0.11266702
0.80734056	0.20746696	0.35403708
0.63121545	0.68050474	0.58655524
0.99781805	0.58020735	-0.5691172
0.7827247	0.4942487	-0.532336
0.5047299	0.8982618	-0.23987521
0.6650636	0.3394602	-0.72143376
0.4124213	0.12755191	0.3295239
0.8044523	0.57116884	-0.48036078
0.6294372	0.40543026	-0.6065707
0.13345015	0.14997876	0.20082703
0.4425004	0.24527848	-0.44432902
0.6855495	0.3774773	-0.9266924
0.024396658	0.57784253	-0.6146368
0.9334176	0.37231547	-0.85025257
0.09867704	0.7511556	0.044550776
0.39670873	0.10874647	0.4431086
0.7396931	0.7722293	-0.24833564
0.3250789	0.7979563	0.24563412
0.3055141	0.6733561	0.14506239
0.1364088	0.6041058	-0.23144582
0.683491	0.10561687	-0.7084027
0.41637176	0.1330505	0.2286847
0.30696595	0.7552521	0.19642554
0.6539513	0.73854166	0.69003886
0.78572285	0.66677314	-0.62401295
0.15583384	0.21230924	0.35488164
0.057305515	0.06249541	-0.06002874
0.30795377	0.11511248	-0.19367348
0.7813927	0.008386493	0.57405347
0.025221348	0.37749606	-1.4371676
0.18887705	0.6907914	-0.75030434
0.34539276	0.56285346	0.33634225
0.75477576	0.050721526	0.4268062
0.5160764	0.5064053	-0.029447183
0.075613916	0.14142042	-0.048987206
0.5644258	0.6053772	-0.47802973
0.08649868	0.22708309	0.22853385
0.19937211	0.1321078	-0.3725964
0.3191421	0.31867647	-0.4802993
0.85349494	0.19042915	-0.2077943
0.36538965	0.023833156	0.5503034
0.5874012	0.15570503	0.07290256
0.5147431	0.9735115	0.19595367
0.5301265	0.56253076	-0.46103436
0.26360422	0.9901684	0.852604
0.84140015	0.9106682	-0.40390167
0.17806298	0.017883718	-0.6143418
0.4551798	0.08595288	0.26669157
0.69028467	0.416282	-1.0634427
0.40578908	0.3226213	-0.095456004
0.6952165	0.6156869	0.07128163
0.98542124	0.59263384	-0.4179634
0.54204834	0.9060182	0.0114041045
0.4574834	0.9092966	-0.43481624
0.9956098	0.47016323	-1.2220011
0.7216855	0.84317416	-0.14990832
0.41566265	0.69023013	0.19629832
0.8073433	0.38604134	0.48544374
0.62964636	0.28571522	-0.519626
0.028445065	0.5392559	-1.0476834
0.06464571	0.6822154	0.18484136
0.3337518	0.7247181	0.21948963
0.67501473	0.4259798	-0.9553197
0.009381413	0.618842	-0.18161842
0.1417141	0.90082085	-0.07252872
0.057702124	0.69411117	0.21422677
0.030044556	0.32043278	-1.0817335
0.7475217	0.94131243	-0.96288955
0.40697068	0.057543933	0.9469394
0.83937955	0.5402003	-0.034709457
0.79139024	0.7032392	-0.50830585
0.9771384	0.49885613	-1.1050804
0.45426393	0.40202266	0.2642998
0.121269345	0.5127542	-0.038220968
0.9262371	0.868412	0.38885343
0.98215276	0.953336	0.086913675
0.8969881	0.24617344	-0.27837524
0.22905988	0.7572603	-0.6159477
0.9530373	0.0700953	0.43748352
0.17874414	0.43807745	0.80962485
0.4254262	0.51289546	-0.0295485
0.8057124	0.3113892	0.57408553
0.695699	0.17548144	-0.7358605
0.89502954	0.07637793	-0.36778486
0.55487615	0.8823367	0.07832692
0.61729926	0.46747667	-0.4728492
0.9414673	0.728521	-0.013308607
0.77196187	0.3034861	0.6198726
0.084968746	0.31655705	-0.055987813
0.3938195	0.15923697	0.14614016
0.121821105	0.6619634	-0.23421852
0.04955715	0.85300976	0.014863182
0.51036453	0.55409735	-0.30862108
0.38678503	0.3031522	-0.16138321
0.79472345	0.040867448	0.5061772
0.034317553	0.9836792	-0.75288844
0.6359349	0.12286425	-0.69536924
0.21778035	0.69810367	-0.7868607
0.5630738	0.764485	-0.046608098
0.46869022	0.99797726	-0.27064666
0.85716164	0.052719414	-0.19699508
0.12590408	0.88471127	-0.19550748
0.37359875	0.8506764	0.06689871
0.78482205	0.7926495	-0.4722503
0.5387835	0.2086128	0.06576476
0.25644553	0.0031052232	-0.22308083
0.61306036	0.22756696	-0.059560906
0.80148846	0.3168233	0.57329357
0.4360065	0.14543211	-0.09883788
0.1712969	0.8828672	-0.082059674
0.14554095	0.47174942	0.4441182
0.44108158	0.8468267	-0.34275475
0.48386818	0.97846967	-0.24751252
0.19848424	0.19629413	-0.20105089
0.0062939525	0.9554823	-0.6474456
0.8433842	0.8969038	-0.27176687
0.21682155	0.65169704	-0.53888565
0.868075	0.4643808	0.5518789
0.99363446	0.10643667	0.6822249
0.2722208	0.28508377	-0.2597983
0.015408039	0.7673251	0.15659611
0.08362645	0.0985257	-0.1235049
0.6571434	0.98554546	-0.044013567
0.62336963	0.044402957	-0.69271195
0.80643487	0.5105944	-0.18393414
0.53118306	0.7073224	-0.6855599
0.20253736	0.0025737286	-0.5925968
0.32487935	0.9158835	0.21340613
0.23557878	0.585034	-0.020174313
0.047890127	0.39502257	-1.3863834
0.006716907	0.23473603	-0.8337344
0.9411512	0.71401185	-0.010464334
0.027616441	0.6277601	-0.15812653
0.033424318	0.46383536	-1.4050782
0.90701085	0.53953993	-0.0734589
0.4462307	0.6701952	-0.3110502
0.06342363	0.39690202	-1.1112021
0.7429412	0.5898712	-0.85432297
0.97197706	0.8103418	-0.13206305
0.66210425	0.56613106	0.07710726
0.4660946	0.74813324	-0.7330407
0.66463405	0.92019236	0.04539565
0.69283193	0.95615435	-0.42224994
0.4146639	0.89041066	-0.20110555
0.9178008	0.4271543	-0.45152625
0.54544204	0.87319845	-0.04760845
0.9870301	0.7278585	-0.3199749
0.75582254	0.93303496	-1.133682
0.23819876	0.34026062	0.12104968
0.066762626	0.3227728	-0.56492823
0.64065087	0.032150745	-0.6343979
0.7317581	0.8700382	-0.37722874
0.037895083	0.40242362	-1.5214837
0.90852666	0.038821876	-0.20394146
0.8982159	0.38985342	-0.09647359
0.31050235	0.93230546	0.3271351
0.22392732	0.5242929	0.46313024
0.32275397	0.544837	0.28763935
0.6907092	0.5845019	-0.1110672
0.23485255	0.8502404	0.2869878
0.8151791	0.3236363	0.47853214
0.43144983	0.39658964	0.042076692
0.06804156	0.15161866	-0.087116085
0.8597224	0.465158	0.58624184
0.49758804	0.29467326	-0.027946513
0.3986323	0.7061526	0.20670348
0.26364356	0.91006196	0.8247541
0.8912434	0.81784636	0.5784464
0.34742266	0.7219836	0.2705273
0.15250695	0.85794663	-0.35024032
0.68164974	0.8345582	0.3526464
0.8195138	0.36945748	0.52442855
0.15143609	0.6263791	-0.34271723
0.48110038	0.4010967	0.37857854
0.18054861	0.9878198	0.8171189
0.8605954	0.61346936	-0.21238485
0.3332715	0.8794948	0.24898185
0.9410397	0.09024769	0.16703492
0.36978978	0.014814317	0.6288116
0.30236053	0.505644	0.22473662
0.8260965	0.013169706	0.24102375
0.016497016	0.24206418	-0.74113727
0.65237397	0.5970303	0.2871808
0.41739172	0.90764356	-0.25775293
0.41115797	0.21777707	-0.24003904
0.43885726	0.69781524	-0.09663851
0.683386	0.60816437	0.26969022
0.7843318	0.26262742	0.6284541
0.4636559	0.055235684	0.31096745
0.0619002	0.9537268	-0.3985373
0.40825498	0.90154713	-0.23721835
0.9792236	0.57981807	-0.55999804
0.5228369	0.6797924	-0.7435485
0.9165565	0.18031842	-0.06658265
0.18816012	0.060707748	-0.5735709
0.674413	0.59538	0.23712188
0.42413712	0.8103888	-0.053065144
0.18702298	0.8038526	-0.65244395
0.11270416	0.49533296	-0.12901337
0.28770387	0.31136423	-0.2928456
0.7145081	0.5173738	-0.9822005
0.14359665	0.12451708	-0.042064417
0.40026546	0.9284961	-0.28325543
0.15882212	0.22657889	0.42758745
0.23684686	0.023779094	-0.33238643
0.48777795	0.17604876	-0.4638499
0.58105826	0.24487507	0.384725
0.011452973	0.9091985	-0.39090273
0.8961585	0.043528855	-0.29566622
0.42461842	0.97268116	-0.3244399
0.13778132	0.5505469	-0.06706184
0.31155914	0.26423353	-0.5114456
0.43925673	0.6677295	-0.1421355
0.1194191	0.80660194	-0.35012847
0.386396	0.53154016	0.2088321
0.07090539	0.4785136	-1.0770103
0.29708958	0.4342472	0.13789114
0.38262683	0.68380606	0.17337294
0.8393083	0.234137	-0.08662079
0.28576076	0.23147702	-0.23247895
0.27233177	0.31546754	-0.24984257
0.4976986	0.87369317	-0.4366194
0.13990611	0.34530616	0.8245523
0.3884688	0.94045246	-0.29528734
0.14006895	0.977663	0.44865316
0.76370746	0.12882054	0.37538865
0.00043815374	0.22598529	-0.80151975
0.017678082	0.015286446	-0.10871855
0.635869	0.43284982	-0.5376242
0.44668382	0.23532557	-0.45192298
0.31358922	0.24055433	-0.4918517
0.43462235	0.07581246	0.65021473
0.49891382	0.95890254	-0.11079495
0.9132213	0.35267574	-0.42328754
0.03375548	0.6810761	0.104372896
0.36862564	0.9728191	-0.2390174
0.21291375	0.60312265	-0.23349836
0.34711444	0.9182301	0.0015742835
0.9921513	0.4328053	-1.3947016
0.32222074	0.522699	0.29355174
0.009848833	0.2963428	-1.0266474
0.43066	0.021862388	1.0796808
0.63442105	0.32165986	-0.5785102
0.56780845	0.8828616	0.12827861
0.6722894	0.670911	0.7592606
0.11042786	0.19245917	0.38039792
0.45550144	0.6809232	-0.4623541
0.9961657	0.2567497	-0.51892734
0.3822143	0.07532042	0.659596
0.26185268	0.6782599	-0.31020623
0.21685362	0.13178009	-0.43590248
0.28288323	0.36602968	-0.21441856
0.95708317	0.16385168	0.36283606
0.5320174	0.7135114	-0.5605662
0.11159247	0.13717037	0.1341687
0.4908939	0.2177872	-0.46178412
0.98373425	0.7672855	-0.26951614
0.6369338	0.9783569	0.14877255
0.23873407	0.72584003	-0.5467085
0.5678466	0.7979244	0.035581965
0.42744023	0.48522955	0.044215363
0.65029556	0.78887403	0.59585166
0.5152508	0.24196482	-0.15782338
0.6092755	0.23025322	-0.042314097
0.87402666	0.40351373	0.42789954
0.8062148	0.33719116	0.5041828
0.08652288	0.4502765	-0.61596507
0.77626574	0.5763756	-0.7935382
0.44719136	0.073292136	0.42250776
0.9638269	0.4053707	-1.3241132
0.5212235	0.43935013	0.13491535
0.089509726	0.9826029	-0.18995215
0.31912625	0.57479066	0.28153476
0.19058806	0.6404142	-0.41903442
0.8004882	0.18292528	0.4754163
0.20679379	0.71039784	-0.82604116
0.7661495	0.98175067	-1.3910086
0.9153135	0.7227776	0.12760007
0.46888465	0.1207906	-0.2175335
0.74878454	0.6070478	-0.80886966
0.01784581	0.34754765	-1.2884638
0.945897	0.35263032	-0.99235725
0.57378715	0.048705637	-0.15613227
0.60258394	0.0070281625	-0.42933333
0.1697594	0.33467048	0.94603544
0.9901623	0.04784447	0.7074247
0.5188185	0.32688612	0.23721983
0.6278687	0.6033937	0.19019686
0.4626817	0.10069543	-0.002896796
0.6314862	0.97156054	0.14864126
0.36466753	0.29858774	-0.35498163
0.028303206	0.85789025	-0.0631836
0.61443835	0.78991634	0.3738536
0.26449925	0.21882808	-0.16246298
0.7406571	0.6819257	-0.5863836
0.9978766	0.7462452	-0.31820297
0.9481455	0.85092753	0.29527748
0.45373732	0.5538767	-0.2453798
0.34566092	0.35591072	-0.32449642
0.12887782	0.6983079	-0.42450738
0.92263514	0.35396248	-0.59675044
0.06803411	0.69008636	0.1978022
0.094059944	0.3219033	0.19004928
0.29698128	0.7969723	0.25589788
0.029124081	0.7483453	0.1880193
0.93910223	0.08237809	0.21031737
0.034022927	0.7553143	0.17318739
0.8534164	0.64855844	-0.14607145
0.3941635	0.6301939	0.25241366
0.9394894	0.07573253	0.1481623
0.677847	0.011019409	-0.38961816
0.92010504	0.2700352	-0.30545995
0.5160901	0.38236487	0.29791468
0.17131007	0.046102047	-0.49855754
0.42565924	0.053432524	0.962652
0.4269377	0.84066796	-0.14182907
0.7123008	0.6049293	-0.40341508
0.09870714	0.25797397	0.49162668
0.90223366	0.732037	0.21115021
0.50085056	0.41747618	0.38073272
0.3352908	0.82806015	0.26077196
0.6416723	0.93574065	0.17799291
0.5816148	0.44600576	-0.38328514
0.6377614	0.55261457	-0.100315765
0.38788527	0.9234076	-0.26910713
0.6673412	0.9426036	-0.083286904
0.9936662	0.15399313	0.44990358
0.30500948	0.22573388	-0.4831202
0.12712473	0.4937427	0.0844131
0.27863157	0.6393946	0.006556092
0.29156768	0.34948432	-0.33546436
0.6645745	0.84609586	0.32451633
0.3106295	0.769571	0.24005271
0.57745546	0.87890244	0.08960944
0.049595296	0.99705297	-0.6054287
0.29782486	0.98092633	0.4427906
0.38935828	0.043117225	0.89086443
0.70411795	0.65390486	0.18913405
0.7884471	0.32806772	0.5844038
0.05212277	0.25770533	-0.5461929
0.32218075	0.6342655	0.31316903
0.04173398	0.8084804	0.122320265
0.5663631	0.55752885	-0.42394623
0.6582741	0.18159783	-0.79862815
0.20039892	0.6572858	-0.58150476
0.70817	0.6622882	0.034570083
0.8328704	0.99131507	-1.121594
0.48331302	0.29552662	-0.044129554
0.52116984	0.8659878	-0.19304717
0.32202357	0.67912334	0.23819456
0.22722912	0.8369253	0.003631398
0.16709739	0.7390201	-0.6093984
0.1367603	0.6831625	-0.39842618
0.2025832	0.29699785	0.47391433
0.26903796	0.4491942	0.14037994
0.34485483	0.5141184	0.30609462
0.434847	0.38388693	0.054248556
0.867348	0.3229097	0.19163516
0.44819295	0.95524836	-0.39390358
0.41197133	0.8240527	0.05886274
0.41414607	0.6842081	0.12607563
0.19989973	0.09126836	-0.56329834
0.6507564	0.28878373	-0.663165
0.24515933	0.29564673	-0.02237533
0.5424337	0.08424765	-0.16832487
0.4151603	0.9884032	-0.3888958
0.741881	0.760404	-0.34111696
0.66543883	0.0038007498	-0.48952743
0.9557269	0.95969033	0.20459309
0.40211213	0.72357976	0.21939422
0.98094064	0.6726916	-0.31593162
0.8372491	0.39441484	0.47570646
0.95540357	0.9958661	0.124799125
0.4453057	0.81286246	-0.29329836
0.26800936	0.9497238	0.78760445
0.7138441	0.554724	-0.8261031
0.018863857	0.35456097	-1.360286
0.46763504	0.48414552	0.15329242
0.58099383	0.46747082	-0.3837381
0.8326279	0.11539304	0.064301714
0.46795285	0.022502542	0.47852752
0.06632441	0.30285996	-0.45611742
0.3706854	0.0071011186	0.70415086
0.5204403	0.5815977	-0.5031443
0.84366167	0.6481225	-0.1477039
0.19914198	0.86281615	-0.104799785
0.72343314	0.13564855	-0.09721967
0.78845984	0.8136607	-0.4153409
0.48512828	0.12801784	-0.32996285
0.43482995	0.052509606	0.8767502
0.2959203	0.59507906	0.16916998
0.14818144	0.88154864	-0.17093964
0.5935663	0.9879668	0.25467098
0.38447905	0.2974155	-0.195683
0.27858567	0.6829882	-0.09650986
0.35384136	0.7479979	0.16076188
0.44937867	0.77314883	-0.36461598
0.1809727	0.45105332	0.7481463
0.71913713	0.36733025	-0.6391887
0.9281384	0.30153054	-0.54652536
0.5242787	0.27857685	0.091523446
0.97619	0.42772043	-1.3250636
0.88276625	0.7368689	0.25189826
0.9502495	0.6634902	-0.111372575
0.04992813	0.10616773	-0.13740966
0.48166287	0.868117	-0.49454507
0.2927413	0.14718467	-0.23086144
0.78795326	0.7770165	-0.48323217
0.27275056	0.92595136	0.78189623
0.8578432	0.7578325	0.47652352
0.9762134	0.8763414	-0.11492179
0.036046684	0.6829855	0.13815467
0.71450704	0.12152296	-0.27725232
0.8905963	0.9432526	-0.16774948
0.6163729	0.034852326	-0.6244194
0.6119418	0.8994167	0.19929856
0.14552116	0.1463657	0.1515171
0.4842074	0.34822714	0.23535027
0.8169699	0.86280817	-0.25447354
0.71918446	0.5376616	-1.0325425
0.07989085	0.5604806	-0.7243906
0.70209444	0.2787702	-0.79009205
0.18003309	0.8054288	-0.6441025
0.9059722	0.779216	0.4546978
0.55435807	0.28674936	0.38079092
0.49106097	0.7519583	-1.0266097
0.01471436	0.7122843	0.18509808
0.31085598	0.20048517	-0.44029644
0.015018046	0.5419476	-0.9302412
0.9107619	0.0053596497	-0.2089653
0.5508341	0.44617492	-0.18870476
0.5544628	0.29138082	0.4461158
0.55926746	0.3585958	0.11315298
0.8933742	0.8543824	0.5508746
0.7726364	0.29646826	0.62767494
0.38565868	0.5186697	0.14058574
0.2480185	0.7507874	-0.38311625
0.3276165	0.7866254	0.24511437
0.30094808	0.3368501	-0.343855
0.13530082	0.55307627	-0.116469316
0.60732704	0.99494153	0.2199868
0.44986278	0.9238046	-0.34837455
0.63000345	0.029482186	-0.6696308
0.022851884	0.5470114	-0.9604552
0.43346876	0.16987896	-0.16085939
0.012548029	0.8015928	0.07014568
0.08541024	0.7137517	0.21738024
0.22881311	0.7497795	-0.6944128
0.20055795	0.4108894	0.8283495
0.62248	0.99961245	0.20809877
0.9521119	0.47232437	-1.0235544
0.6127091	0.1994232	-0.14581165
0.8963404	0.7072741	0.055583738
0.7257336	0.9789979	-0.91186357
0.27789652	0.6420735	0.004323741
0.5690981	0.36924344	-0.013143871
0.7942364	0.9590742	-1.2802037
0.7828187	0.094326794	0.51944554
0.9977526	0.738204	-0.3481557
0.70721215	0.69451547	0.21106878
0.20728314	0.08707923	-0.5324639
0.95735836	0.5812456	-0.43324184
0.10116124	0.9732966	-0.043680742
0.82710326	0.7359947	0.022010904
0.32449192	0.6256376	0.33460453
0.5396893	0.5155916	-0.32068795
0.9780647	0.30957425	-0.95311064
0.72285295	0.6032959	-0.58298606
0.39592737	0.4214844	0.04491582
0.74216723	0.13449186	0.116991445
0.32823426	0.061963618	0.050938793
0.52800876	0.22225595	-0.0580114
0.936221	0.34747714	-0.8657652
0.7295352	0.8337445	-0.21487811
0.43635386	0.004109621	1.091825
0.24145824	0.7298402	-0.51706034
0.5108635	0.55097055	-0.26581374
0.4894222	0.078412175	-0.22667068
0.80622923	0.76140296	-0.26314443
0.13565463	0.7914603	-0.48325455
0.7404277	0.40443212	-0.5508427
0.51324266	0.78086376	-0.731074
0.27525514	0.012905419	-0.21951506
0.8846031	0.7617572	0.36600393
0.92149115	0.594308	-0.23077784
0.13584143	0.49794275	0.13907552
0.62394637	0.55019706	-0.17549086
0.9027231	0.49419463	0.001640344
0.788067	0.65817165	-0.6116659
0.15376431	0.050200403	-0.49830258
0.23467374	0.6535103	-0.43142462
0.9257695	0.7228654	0.1031857
0.51181585	0.5159281	-0.07960656
0.6874533	0.95908177	-0.31260493
0.8082241	0.7300655	-0.24813014
0.41705352	0.98829526	-0.31642082
0.6811534	0.32681417	-0.81756514
0.4158299	0.0100464225	1.2005932
0.5566463	0.5431057	-0.44169953
0.99054396	0.7652569	-0.31913033
0.87030536	0.19555128	-0.33877242
0.57504505	0.25225866	0.4211682
0.6234332	0.23468947	-0.3050256
0.9559723	0.71783227	-0.08865629
0.033675313	0.36396474	-1.3780736
0.7298576	0.28692907	-0.17425811
0.35569054	0.76761097	0.20166226
0.15859067	0.7150319	-0.6281888
0.74318683	0.09340811	0.21774192
0.18674773	0.7917981	-0.69637036
0.19277358	0.20378345	-0.062152505
0.017578542	0.45922202	-1.3962278
0.55679655	0.25191855	0.4614456
0.7580337	0.6466261	-0.74771744
0.8170485	0.13245851	0.26695028
0.40312922	0.41267407	-0.030730747
0.34541035	0.23720515	-0.30555353
0.7610557	0.7782955	-0.4646446
0.21626198	0.33329982	0.3924052
0.7687839	0.034163415	0.54235303
0.49687243	0.3886783	0.38582045
0.20863128	0.6186042	-0.40018088
0.9780636	0.85380876	-0.15517619
0.043352365	0.84773445	0.018097661
0.18349928	0.9091974	0.20721954
0.35421348	0.0017248988	0.43053707
0.7091494	0.15763342	-0.41663036
0.8374715	0.81872267	0.27828297
0.02808106	0.16711009	-0.40160885
0.5171259	0.29425365	0.12022638
0.073194504	0.9834773	-0.3778578
0.16606683	0.44581777	0.72798026
0.5001291	0.9210446	-0.19059004
0.46558714	0.43639666	0.362432
0.26264274	0.68899167	-0.31883022
0.8467819	0.48157078	0.4003776
0.11193991	0.13479811	0.10396062
0.18425536	0.8772951	-0.07535619
0.59224975	0.79368293	0.22183222
0.37766635	0.4328702	-0.044178702
0.0013996959	0.0670889	-0.3746359
0.46627134	0.27715415	-0.28228843
0.34775513	0.08330715	0.28823718
0.93575287	0.99274474	0.089439735
0.9394514	0.3845777	-1.0151141
0.08445221	0.55988306	-0.5880483
0.36214226	0.70655745	0.18235402
0.7808023	0.29340446	0.65130985
0.72888803	0.32582605	-0.35464656
0.6774395	0.5671888	-0.13080049
0.19423151	0.5665584	0.033569444
0.7579497	0.77581203	-0.45022076
0.377352	0.29883546	-0.20158826
0.95448047	0.5000123	-0.90919805
0.91361547	0.045487106	-0.16013443
0.59063023	0.6456628	0.08721091
0.41278142	0.44731146	0.031784974
0.679222	0.19281197	-0.85816145
0.53605574	0.76877856	-0.40167645
0.2818029	0.6268323	0.0039281137
0.37305677	0.4854911	0.13665983
0.16627192	0.7194455	-0.57951176
0.10550439	0.84650683	-0.16151065
0.2554484	0.82384247	0.32715362
0.87823087	0.8715942	0.35599047
0.0011336207	0.984844	-0.6637508
0.18439752	0.8924661	0.072467424
0.24434984	0.24984515	-0.098232
0.18102056	0.31937283	0.86201966
0.3475389	0.65601146	0.38666603
0.11987805	0.51146674	-0.12776907
0.9806394	0.5251666	-0.94616044
0.38382345	0.38627154	-0.049882546
0.41552496	0.11418033	0.44845045
0.92086405	0.5096594	-0.31961495
0.97136015	0.8908965	0.0059572766
0.83448064	0.8261045	0.23778084
0.7284027	0.983521	-0.89907026
0.4410187	0.13732213	-0.035019122
0.0024551153	0.65023965	-0.021295277
0.6711189	0.9044081	0.06440348
0.5529291	0.8482548	0.06326935
0.9636239	0.7467714	-0.12485389
0.22825152	0.66240865	-0.57620686
0.13861638	0.056009352	-0.25940955
0.14669853	0.74898565	-0.5998779
0.11013067	0.061094344	-0.19892295
0.9743679	0.6403136	-0.34583208
0.89236224	0.5773123	-0.16842023
0.13297105	0.65586257	-0.30178362
0.026877463	0.7515294	0.13835347
0.63425416	0.04558128	-0.6710498
0.85111153	0.65624017	-0.12177589
0.45113117	0.029264748	0.69351137
0.70999455	0.081553936	-0.2550792
0.37967998	0.78119034	0.12680924
0.26424623	0.17618364	-0.17306425
0.63492876	0.836476	0.44316712
0.3441757	0.9480668	-0.053315334
0.51901865	0.7526882	-0.722106
0.34429497	0.7392271	0.28389326
0.42993355	0.75666136	0.06033647
0.698422	0.62059444	0.015121203
0.34293282	0.11218864	0.09629801
0.629962	0.48891515	-0.39060214
0.16138035	0.54766047	0.1011209
0.3669052	0.46985912	0.08742329
0.3033297	0.8145815	0.38486183
0.40052456	0.92779696	-0.29143697
0.35603642	0.27194524	-0.38214403
0.86041707	0.66417414	-0.06603518
0.54765487	0.5822986	-0.4389521
0.9559862	0.051681697	0.47033533
0.6851084	0.64743996	0.50197166
0.6942447	0.048455358	-0.36233434
0.90245146	0.16662997	-0.23463616
0.39236945	0.23364013	-0.19243014
0.9284169	0.060028434	-0.010257505
0.7927545	0.928301	-1.0431179
0.075755775	0.0692299	-0.13909057
0.8370174	0.39832085	0.5634227
0.6895282	0.77921945	0.44709492
0.82435733	0.64873576	-0.22282815
0.5346333	0.020499945	-0.12614502
0.40301532	0.1452536	0.23536685
0.21212089	0.77638096	-0.72778183
0.2007165	0.44012612	0.7630435
0.9909294	0.066024065	0.70779395
0.45003223	0.47010756	0.1902988
0.92178154	0.19768494	-0.087013625
0.3001954	0.85206103	0.5239339
0.00078964233	0.40791756	-1.2729958
0.17307746	0.27613467	0.60420847
0.7840034	0.68260175	-0.62317425
0.23645604	0.29760677	0.03445488
0.82659966	0.6172679	-0.28294045
0.31647062	0.79467285	0.2607901
0.5832324	0.5357611	-0.45795688
0.90951395	0.8749481	0.5075263
0.6324175	0.45808715	-0.5291208
0.95568925	0.122152805	0.45074078
0.09575164	0.74779713	0.058740515
0.24840128	0.91574025	0.7582369
0.79198223	0.15142584	0.43408132
0.35705888	0.06485754	0.4189144
0.108101964	0.1846103	0.4154829
0.36834383	0.051506937	0.57614154
0.39774102	0.39040112	0.02127945
0.5684465	0.757889	-0.013655473
0.8372121	0.82885396	0.2428253
0.4646783	0.19516271	-0.42365488
0.6159121	0.50911045	-0.32977083
0.5797339	0.5837346	-0.33636224
0.60818815	0.9699002	0.22235213
0.9876388	0.09417832	0.7330973
0.8735147	0.8339988	0.57789767
0.26781505	0.6935878	-0.21603757
0.88067067	0.8159226	0.5486392
0.6870123	0.67980164	0.5938187
0.5679689	0.77535605	-0.0018377639
0.23001015	0.21198124	-0.12524183
0.7234524	0.96539193	-0.8317841
0.09496498	0.82559425	0.043017484
0.084147036	0.13951856	-0.02468258
0.18274617	0.61711407	-0.16914043
0.15449196	0.781591	-0.6158407
0.92317235	0.060317278	-0.039333202
0.005998552	0.4591545	-1.2594506
0.92446584	0.74313307	0.12705433
0.9530242	0.5673705	-0.4653634
0.5611775	0.7586833	-0.14009961
0.56375676	0.13899994	0.085572116
0.5583803	0.9412577	0.19407536
0.6341429	0.7071474	0.720638
0.441352	0.6368771	-0.26841533
0.48513818	0.87747043	-0.4323825
0.7854239	0.32842255	0.5530635
0.2035321	0.19869816	-0.18242644
0.8322962	0.9864779	-1.0541863
0.536143	0.9804785	0.23104101
0.13621926	0.2595256	0.78679925
0.9947962	0.7108928	-0.29145092
0.98139757	0.63128	-0.3432755
0.28687376	0.7554873	0.08783171
0.6577288	0.71070415	0.7675105
0.2549473	0.5798829	0.063658066
0.50842065	0.6534769	-0.8977485
0.5366236	0.06985092	-0.19214456
0.06347108	0.5969109	-0.56264603
0.8194324	0.31814176	0.46252725
0.7094948	0.0074272156	-0.19077332
0.8089517	0.60987556	-0.4139074
0.8757505	0.81968504	0.58565867
0.5958481	0.9949581	0.27633983
0.38571274	0.19267398	-0.030028298
0.40827215	0.30863005	-0.109509826
0.56939095	0.1173383	0.0448379
0.6420659	0.46417487	-0.5498622
0.24128425	0.6218852	-0.2026075
0.7622663	0.08489686	0.41929093
0.77602506	0.1406362	0.3271386
0.8810998	0.7939552	0.49191332
0.9409062	0.12008208	0.22555357
0.93800753	0.06746274	0.1114647
0.87577236	0.08095831	-0.40306318
0.47071576	0.3858232	0.2705818
0.5670606	0.72877365	-0.1566552
0.30524135	0.9489383	0.42983973
0.41777587	0.34235626	-0.099117644
0.09626162	0.50777507	-0.5080656
0.1823492	0.8679093	-0.15497328
0.86427903	0.16209185	-0.34932038
0.99540204	0.28939337	-0.83522034
0.8854643	0.60359997	-0.2125948
0.056089282	0.6625028	-0.030449212
0.5706549	0.5063028	-0.3827207
0.6124331	0.8769584	0.25727114
0.3618428	0.7981309	0.20919892
0.27667922	0.81565624	0.46415487
0.21933794	0.52057093	0.43473667
0.5547682	0.38296854	0.023419162
0.14903343	0.50101936	0.2716991
0.100512445	0.28731322	0.50393575
0.24702686	0.3160572	-0.0062212087
0.2636462	0.70611006	-0.2402915
0.9894128	0.32690418	-1.0900875
0.45199192	0.61724514	-0.3801111
0.30482823	0.57534367	0.16480468
0.67682904	0.044392586	-0.46758303
0.6512236	0.1254049	-0.8043876
0.9776274	0.8317088	-0.15232958
0.6022627	0.15758294	-0.12685725
0.49115622	0.18320423	-0.4889309
0.23142725	0.8531143	0.26672575
0.32894975	0.65853274	0.34161434
0.30033576	0.46988028	0.11773013
0.95031434	0.37323183	-1.1385365
0.1812709	0.15936047	-0.17031488
0.4533667	0.22018695	-0.48557454
0.59783417	0.23048013	0.1531897
0.8156533	0.7682485	0.0049174502
0.68559563	0.6459125	0.46959773
0.25242156	0.13152939	-0.26063254
0.7151192	0.18776166	-0.41282284
0.3280326	0.8238978	0.3455564
0.13843578	0.99665326	0.55506533
0.21467894	0.6680515	-0.6353819
0.52713215	0.8255241	-0.3936819
0.39882147	0.36729372	-0.01947655
0.19289172	0.2602502	0.3225108
0.038053155	0.75045013	0.1573869
0.10344577	0.2576158	0.49761483
0.7616214	0.0011616349	0.48816603
0.8125513	0.63108546	-0.38118964
0.15724552	0.9480945	0.51859546
0.6991673	0.21685708	-0.745609
0.048072398	0.9026927	-0.31685382
0.7186768	0.7139486	-0.040958248
0.118189454	0.22146618	0.5378813
0.23011655	0.34228218	0.20715964
0.817165	0.34722722	0.5077385
0.6281757	0.21464378	-0.46177882
0.5048635	0.48662138	0.067564666
0.094866335	0.11738813	-0.009017082
0.64663124	0.5987917	0.318826
0.38269538	0.90534353	-0.13650432
0.60140467	0.7268118	0.23999076
0.12778348	0.78975075	-0.4709466
0.5643934	0.7245392	-0.13799286
0.22470164	0.73672605	-0.80944896
0.68518025	0.88784313	0.11028196
0.14799201	0.9307993	0.28424683
0.25950116	0.43521458	0.1448149
0.40829545	0.37394875	0.042022478
0.40907788	0.13297635	0.277951
0.59774315	0.7585491	0.2558079
0.59918636	0.6166315	0.08499524
0.9446616	0.8093836	0.30276304
0.7123672	0.6124045	-0.25920296
0.054433763	0.16511232	-0.16648318
0.04063809	0.7391444	0.20849486
0.18678397	0.36013317	0.8845904
0.46837467	0.55926514	-0.25210932
0.8546819	0.7707355	0.44014087
0.44263005	0.43787163	0.24361503
0.7675156	0.6913524	-0.7310664
0.9579534	0.36474007	-1.2151774
0.25931263	0.25853908	-0.12686379
0.59472865	0.35624743	-0.21966134
0.5704761	0.13304782	0.05533461
0.9380621	0.79145604	0.2828972
0.646395	0.0650872	-0.7946714
0.869085	0.10266262	-0.3348498
0.090899825	0.37842482	-0.1779404
0.8642679	0.24182075	-0.20282298
0.8316284	0.8070299	0.25195906
0.31043583	0.7505098	0.21984708
0.12791818	0.94127214	0.06985471
0.3561638	0.5700872	0.4193879
0.117925465	0.44856638	0.17747678
0.082445264	0.075880826	-0.13606748
0.5817713	0.4680038	-0.39511758
0.17772526	0.6549997	-0.49423614
0.30645168	0.38824838	-0.126304
0.98740965	0.8380126	-0.25193816
0.07766926	0.7488982	0.3143981
0.24401742	0.47990364	0.3215086
0.12744945	0.68087125	-0.36923903
0.5070495	0.057736874	-0.2635954
0.52758217	0.92989653	0.012151271
0.3433149	0.90448403	0.09500382
0.6307635	0.70851827	0.56664324
0.7745283	0.38546818	0.128316
0.3776757	0.42326766	0.013848195
0.26433212	0.8855677	0.7848675
0.7901051	0.77025455	-0.4362412
0.06518501	0.09229261	-0.1514573
0.6224256	0.6676428	0.45186657
0.5480048	0.9676953	0.25979933
0.6037619	0.9053401	0.21122532
0.5464879	0.42798185	-0.05702261
0.26404274	0.39875168	-0.004138026
0.094658256	0.93097574	-0.21453571
0.84471303	0.09235877	-0.13125935
0.3960203	0.29255766	-0.12940821
0.61076444	0.8827832	0.20159805
0.89085287	0.18210799	-0.30562925
0.0015724301	0.36967468	-1.2971584
0.6850335	0.4624685	-0.9548149
0.850822	0.78131294	0.46098158
0.6991538	0.45347995	-0.93962544
0.33191812	0.015504837	0.09686421
0.27379644	0.58848447	0.13647261
0.63585067	0.04551202	-0.6533531
0.6223605	0.8476163	0.3383958
0.06882101	0.6652837	0.046846658
0.8191311	0.7902917	0.06667239
0.6284748	0.026504397	-0.65753585
0.5905161	0.57528764	-0.17911449
0.3236872	0.5060502	0.21770959
0.06457263	0.21478939	-0.09226372
0.49882227	0.6348583	-0.7172015
0.3270824	0.0949741	0.013004482
0.70008355	0.3865708	-0.9638036
0.992108	0.1774934	0.2664375
0.87635547	0.60734725	-0.20739731
0.6152955	0.35013783	-0.46896505
0.7008583	0.010398746	-0.25716808
0.7249018	0.56876725	-0.86107177
0.63274026	0.37259734	-0.631685
0.7398887	0.855013	-0.4629326
0.89282876	0.5330289	0.07231004
0.18272716	0.32503098	0.80871797
0.38444185	0.9724615	-0.46674156
0.696968	0.11834353	-0.48614633
0.23286945	0.35159606	0.21082771
0.7823468	0.65165895	-0.75457346
0.84616005	0.7622791	0.3394048
0.8760336	0.3175105	0.0107764155
0.4768017	0.122079074	-0.25787777
0.8468581	0.23179519	-0.19013879
0.65381706	0.92888606	0.13822731
0.23295599	0.07439548	-0.3342955
0.41630167	0.5133199	0.05914591
0.29788917	0.97691727	0.49246466
0.4491791	0.41733903	0.21324342
0.7186017	0.4085524	-0.7596656
0.869307	0.12705159	-0.4082032
0.8871737	0.44291085	0.3614689
0.017042637	0.42447335	-1.4393879
0.1265679	0.4658333	0.22330731
0.35872382	0.7174697	0.18131179
0.31568557	0.9551694	0.21400633
0.47735125	0.8458204	-0.5772383
0.35393804	0.72813565	0.14680344
0.6647049	0.8137995	0.3702216
0.85414916	0.87558854	0.08350394
0.21738076	0.7853894	-0.58505887
0.35375756	0.8635259	0.11814394
0.84054744	0.9544917	-0.8112589
0.46797913	0.1593669	-0.38651133
0.76782244	0.37891787	0.054744497
0.81537783	0.38448632	0.5366302
0.9208351	0.21004641	-0.12833859
0.40616488	0.9725661	-0.41050848
0.11442357	0.5585877	-0.25569504
0.26708257	0.0726096	-0.1420387
0.9928171	0.35140848	-1.1763766
0.670308	0.72432715	0.6853391
0.9350185	0.82114923	0.3900308
0.33621043	0.7161152	0.3062965
0.4372155	0.91539	-0.35561657
0.12903386	0.91846406	0.059391398
0.80361664	0.74663866	-0.3354196
0.01712352	0.28089845	-0.9545451
0.96832854	0.9119936	0.07778695
0.9158387	0.3526296	-0.48381317
0.027540267	0.37255853	-1.4033161
0.50931543	0.35721207	0.24989136
0.8336501	0.80879307	0.2707957
0.08331752	0.85211945	0.10531781
0.74570054	0.69897985	-0.52501625
0.86144096	0.55109733	0.0680273
0.56514513	0.2267999	0.45321986
0.42692643	0.5054551	0.017689247
0.71980035	0.021006107	-0.049564578
0.6667539	0.018663645	-0.5217251
0.8744453	0.9544363	-0.39528912
0.078374326	0.23250854	0.07949035
0.8163926	0.92659813	-0.85257083
0.67099595	0.40408915	-0.96788657
0.17954534	0.753173	-0.83442163
0.17528456	0.3226143	0.8612564
0.93395084	0.43533218	-0.7770837
0.9444206	0.9434445	0.28246745
0.60001296	0.42976487	-0.42639515
0.6938196	0.68256944	0.45864275
0.53522927	0.13556027	-0.17568347
0.045150638	0.25030118	-0.5944004
0.0905537	0.27227908	0.3075809
0.7355417	0.35447317	-0.30085218
0.103277326	0.4724216	-0.30692595
0.6347489	0.515161	-0.31630412
0.14390093	0.39526403	0.7728798
0.3558089	0.15734166	-0.018639904
0.7501986	0.044652164	0.4670413
0.49762994	0.8991795	-0.29614273
0.42449808	0.14031553	0.15243214
0.88852483	0.6210709	-0.17130212
0.48247206	0.15188938	-0.40591636
0.40389138	0.42155713	-0.001969602
0.55308956	0.13803631	0.042519413
0.52039504	0.81598794	-0.40697643
0.7379407	0.40595818	-0.61436605
0.039138436	0.14976418	-0.27529013
0.45284534	0.8739201	-0.4608877
0.046670616	0.151631	-0.20735012
0.14109784	0.28908193	0.7631901
0.7262125	0.16850579	-0.17643121
0.47840136	0.9431079	-0.34152427
0.98314327	0.6937568	-0.28399855
0.64624286	0.036858916	-0.7073856
0.7844942	0.46107447	-0.26183406
0.03981167	0.032958686	0.0065731425
0.5446065	0.6274745	-0.59309727
0.04572922	0.31761867	-0.94368166
0.75671846	0.92070156	-0.98864627
0.5675022	0.07585865	-0.08867307
0.06254375	0.9303942	-0.33685896
0.6161884	0.48622656	-0.40335715
0.76256675	0.3717153	0.041715346
0.36435694	0.3382979	-0.28331006
0.25781482	0.38708276	-0.007544515
0.93457407	0.6248668	-0.23829465
0.24802184	0.38492984	0.114607155
0.009357095	0.7636748	0.13921943
0.06726414	0.13228625	-0.080790564
0.9605298	0.040938437	0.43335128
0.55180466	0.52854943	-0.3935187
0.5469011	0.7230264	-0.34552383
0.44267225	0.36447656	0.037308935
0.16160035	0.032965958	-0.50483376
0.8169247	0.4833315	0.14061663
0.039194524	0.80302846	0.12211416
0.6823399	0.8198112	0.38937077
0.69185185	0.61261487	0.14986917
0.4072494	0.8144786	0.08992874
0.4187752	0.84666866	-0.08669399
0.4208176	0.6528987	0.0882106
0.34968036	0.10262942	0.29012284
0.99094015	0.706633	-0.33395988
0.23807007	0.4052245	0.36779302
0.15661746	0.85622865	-0.32153025
0.38624978	0.023223221	0.8827961
0.4731521	0.050168157	0.2588528
0.29317337	0.47576606	0.27242336
0.50371706	0.8174544	-0.6744779
0.16796833	0.020545661	-0.57889694
0.5019763	0.71549183	-1.029018
0.6185033	0.33576822	-0.48739502
0.9575158	0.088261604	0.51134217
0.8471914	0.45403135	0.48868126
0.9067104	0.89700156	0.36140358
0.25232404	0.89487267	0.6729054
0.6914744	0.012290955	-0.29125285
0.8067393	0.7038652	-0.35353106
0.020345867	0.053158283	-0.17664643
0.7830802	0.50886756	-0.57914954
0.05158794	0.3454947	-1.1055826
0.6780936	0.6553692	0.6090857
0.7778537	0.3398009	0.452017
0.4346469	0.40338486	0.10302343
0.42480314	0.0086144805	1.242017
0.2875672	0.6250266	0.103217065
0.98537517	0.43968827	-1.315303
0.878011	0.23152214	-0.2999983
0.098248065	0.049972296	-0.146116
0.2969306	0.29116404	-0.40982366
0.9817131	0.92969394	0.0068062367
0.020854592	0.4207337	-1.4570785
0.77628887	0.96976614	-1.3602418
0.370641	0.7781902	0.172776
0.03800851	0.44465035	-1.5038567
0.2035138	0.7862081	-0.6725059
0.933781	0.9266034	0.39373928
0.71228987	0.36652458	-0.7877484
0.875886	0.42572522	0.43285602
0.8935161	0.71106046	0.12657423
0.45462805	0.43334222	0.24241167
0.7155651	0.89428014	-0.3139886
0.14085037	0.20773011	0.4252504
0.8755148	0.7716554	0.46732077
0.29611915	0.47623718	0.2326472
0.6571356	0.7119946	0.7338882
0.29034412	0.107735455	-0.17344238
0.6626002	0.9054103	0.14509013
0.43422663	0.9869368	-0.33569732
0.83002657	0.47272885	0.31182355
0.729605	0.8974976	-0.5535637
0.73255914	0.89285576	-0.54313517
0.5852694	0.96312916	0.1365023
0.054687023	0.4086988	-1.3892012
0.44908333	0.28160787	-0.2949377
0.25824755	0.26670814	-0.18347661
0.44075686	0.5349807	-0.10950452
0.66573626	0.2236796	-0.7850752
0.32797635	0.12007284	-0.10272242
0.7558076	0.15067285	0.3181572
0.5162058	0.6126692	-0.6369589
0.6213522	0.81042945	0.38606778
0.4356876	0.89870936	-0.35111853
0.67800134	0.4745044	-0.8551927
0.73109925	0.87264955	-0.45816514
0.433455	0.08998877	0.5450549
0.50250775	0.63428026	-0.7594867
0.33580863	0.5145597	0.31220117
0.27894837	0.59054124	0.15877536
0.1821633	0.61499417	-0.26279497
0.28505576	0.042885423	-0.16636178
0.3125192	0.11765838	-0.20940284
0.5218878	0.32306814	0.118751094
0.662315	0.23079783	-0.801957
0.112971544	0.00945276	-0.3533742
0.057454765	0.8699356	0.00949743
0.22995985	0.35484242	0.19999197
0.3238114	0.6296745	0.3249087
0.2388227	0.24983221	-0.09134674
0.35535294	0.8845797	0.13846819
0.7110402	0.56135106	-0.7588254
0.6785707	0.25683475	-0.80493045
0.845917	0.57859224	-0.10072313
0.25742698	0.9496444	0.908943
0.0067671537	0.73561615	0.18499047
0.85351706	0.04870808	-0.17589512
0.10681093	0.46464205	-0.14612539
0.31808978	0.030436754	-0.018428734
0.96567506	0.2705691	-0.538035
0.89513606	0.8726463	0.46294138
0.6308747	0.7468593	0.6006397
0.53546846	0.20078665	-0.010079659
0.4014212	0.93340534	-0.27454773
0.9002865	0.7212367	0.1997349
0.0012637973	0.47975218	-1.2122186
0.36667	0.2938522	-0.2866492
0.36358142	0.041606367	0.5342049
0.62485445	0.3704006	-0.5564443
0.87070715	0.6849256	0.06512293
0.450203	0.37289768	0.1477175
0.2504592	0.46745366	0.25909278
0.7993917	0.15238965	0.5056776
0.0042173862	0.36896855	-1.2714751
0.946099	0.58059806	-0.42298812
0.18052602	0.682534	-0.64110094
0.5608932	0.66090065	-0.33897245
0.57047784	0.2559967	0.4115537
0.5351207	0.17293596	-0.10209786
0.1496799	0.2788806	0.7714419
0.58704567	0.7061498	0.08679514
0.058849573	0.3555469	-1.0100281
0.7734851	0.80618566	-0.45319688
0.7356808	0.688143	-0.46730372
0.42638385	0.40665036	-0.007392522
0.49449044	0.15724325	-0.43462804
0.24270189	0.02072972	-0.26875383
0.31644142	0.492118	0.2712141
0.34779942	0.9652656	-0.08019856
0.28386843	0.1690309	-0.30594885
0.5473216	0.59475315	-0.47943974
0.18997854	0.22906154	0.16412628
0.7481297	0.7307292	-0.5665028
0.078563094	0.05030769	-0.11646368
0.9880647	0.22733891	-0.21623607
0.5883702	0.57182294	-0.25196123
0.21499693	0.011325896	-0.50503117
0.67433584	0.67184216	0.6981114
0.70420367	0.9409255	-0.5257254
0.74519825	0.31061405	0.10978388
0.15707546	0.6656371	-0.4112173
0.51830715	0.77958614	-0.5970641
0.8920775	0.2898475	-0.1759572
0.36469573	0.01386112	0.53353703
0.21063727	0.7473549	-0.82571316
0.76591533	0.86089045	-0.70479506
0.90791655	0.11294967	-0.21349989
0.15119183	0.5652258	-0.07207724
0.5205358	0.43431336	0.23798135
0.5280854	0.63651735	-0.64875746
0.77664506	0.1800654	0.47874194
0.51862097	0.6562607	-0.71657896
0.19319236	0.82343996	-0.5465054
0.46928674	0.23844075	-0.37257454
0.1323176	0.7150862	-0.51010126
0.9384817	0.6503936	-0.204383
0.49585307	0.25405747	-0.23047008
0.76106864	0.26118785	0.5896513
0.5626291	0.6141194	-0.40889686
0.77094996	0.8487011	-0.5998429
0.56408703	0.20989084	0.3064233
0.4292314	0.4030677	0.036811505
0.38424057	0.8757834	-0.0667354
0.13430613	0.059265316	-0.27515993
0.393659	0.9990744	-0.35892105
0.24210209	0.55894744	0.16603921
0.6780641	0.9303027	-0.13840832
0.8432439	0.1564225	-0.19158328
0.088440776	0.7601484	0.294473
0.011261225	0.19420946	-0.6620221
0.55482167	0.13098454	-0.005913591
0.23442984	0.55240566	0.23231235
0.52039987	0.22270173	-0.12770107
0.21061426	0.7625119	-0.7516705
0.9202855	0.98994946	-0.027427789
0.16943198	0.9588148	0.6290093
0.1505397	0.04693365	-0.39774007
0.3397389	0.51441467	0.27761254
0.024527311	0.611543	-0.31450632
0.4466412	0.61045074	-0.39154828
0.20930803	0.38389534	0.6831242
0.3041665	0.20647961	-0.36048234
0.8002671	0.56288207	-0.57171
0.25866908	0.2944731	-0.08913705
0.713462	0.13053799	-0.38218963
0.8266654	0.3337118	0.5085236
0.81748295	0.04691142	0.37020898
0.38960254	0.32923043	-0.10294233
0.24140888	0.22393858	-0.14401583
0.068560004	0.9039235	-0.1621307
0.12625867	0.049253464	-0.2603146
0.28926593	0.17004162	-0.33460593
0.36672443	0.23484254	-0.17256317
0.36320972	0.39491683	-0.10312879
0.12543803	0.30057162	0.66147083
0.099402964	0.06806159	-0.1473462
0.67400384	0.1472767	-0.80146533
0.21120018	0.4668219	0.64418435
0.2790149	0.4099995	0.011512382
0.98322666	0.38332552	-1.4368365
0.48910785	0.37748784	0.393609
0.30062497	0.26604486	-0.47350824
0.49642664	0.90292364	-0.27441826
0.6557675	0.70098144	0.80056036
0.9033293	0.103105664	-0.26970437
0.28299558	0.79129386	0.2874829
0.4259618	0.5837746	-0.051012255
0.7947668	0.254278	0.55374205
0.36510366	0.6929027	0.20585996
0.13383973	0.724057	-0.46077332
0.039948523	0.50520474	-1.2200559
0.3459506	0.119138956	0.17121375
0.2985078	0.70388275	0.10298216
0.717449	0.7118958	0.03450487
0.8455313	0.1755982	-0.20316488
0.50273436	0.06923312	-0.25416544
0.8972695	0.22664988	-0.21606465
0.33943415	0.2730025	-0.48819655
0.032694995	0.20778537	-0.48500398
0.7521226	0.11432946	0.2596058
0.9232883	0.00932312	-0.061112683
0.35033965	0.2929765	-0.37209734
0.4622544	0.5525309	-0.19241562
0.7947842	0.33137637	0.5992547
0.06044793	0.3212924	-0.8140816
0.06568098	0.94560826	-0.4962505
0.8917847	0.05239576	-0.36165744
0.488351	0.64088684	-0.81960607
0.6314905	0.135378	-0.6210922
0.73819274	0.29342186	0.0797563
0.08750588	0.12011367	-0.04907145
0.3284183	0.62983906	0.32168886
0.63035387	0.15592211	-0.53908783
0.7858055	0.17898339	0.49619588
0.9462863	0.99184483	0.073851936
0.14219517	0.9377257	0.25891775
0.74646705	0.13619119	0.12415518
0.8069748	0.9895822	-1.2754567
0.6557601	0.7810602	0.6414346
0.5350443	0.42393965	0.05096387
0.29588395	0.06993842	-0.17882895
0.7109074	0.10735202	-0.30214903
0.6437577	0.023458183	-0.6933283
0.23777092	0.30930603	0.08414443
0.23224872	0.75503546	-0.63043946
0.73464733	0.7283239	-0.31501657
0.21842605	0.07689077	-0.4482083
0.93732834	0.7181399	0.05617438
0.9827517	0.111062944	0.74725413
0.8475301	0.28713387	0.07170643
0.31056708	0.12591392	-0.20189548
0.010376871	0.16456693	-0.62892604
