x1	x2	y
0.5318112	0.44299638	0.38902494
0.2623785	0.24523985	0.49770617
0.91440487	0.23014045	-0.8747013
0.13212794	0.36611474	-1.3917189
0.58906645	0.8930619	-0.98389065
0.0812884	0.45009452	-0.23269314
0.45039785	0.5597412	0.10149079
0.15444297	0.062464714	-0.45561224
0.15577674	0.99470925	-0.54924583
0.28153932	0.87712336	0.36344028
0.4808616	0.85903573	-0.35119194
0.15516412	0.6699901	0.18072188
0.3641801	0.3743356	0.8733688
0.19043702	0.65015674	0.043768436
0.16836834	0.1472379	-0.021366179
0.67070407	0.31581748	-1.0029651
0.6060546	0.8127667	-0.87954015
0.9766405	0.97509444	-0.318643
0.81999797	0.57569396	0.121766165
0.93188244	0.91351354	-0.304389
0.49886858	0.4713409	0.10639389
0.5947157	0.29315144	0.6706541
0.38854563	0.82988906	-0.5611433
0.080210805	0.6090324	0.44278067
0.2298559	0.7766587	1.7446216
0.9248629	0.95238215	-0.2459096
0.036465228	0.21846122	0.89068216
0.23404211	0.0020883083	1.393434
0.28726006	0.48106205	-0.51543045
0.023972988	0.31490707	0.71123457
0.4136477	0.07781154	-0.13887446
0.57360804	0.2184856	1.2248075
0.7406265	0.34445012	0.16290131
0.98581165	0.61581874	0.6187097
0.098058045	0.9719487	-0.2886352
0.60646445	0.07123983	0.64092773
0.34733438	0.3660007	0.12783742
0.84269595	0.39161444	0.5513724
0.53450966	0.14576846	0.33341524
0.70188355	0.62377596	-1.3389363
0.32071787	0.4273733	-0.37593374
0.55750275	0.7016529	-0.13713269
0.5485526	0.9087918	-0.32158467
0.8183139	0.94319767	-1.9035889
0.21929437	0.30601507	0.25361526
0.34769922	0.21241844	0.08899783
0.5940926	0.10080916	0.69554216
0.23279297	0.55861396	-0.6741398
0.39215314	0.0035027862	-0.0054126717
0.73484915	0.43384635	-0.32022387
0.6953113	0.3942439	-1.6347548
0.32526368	0.7310516	-1.0034914
0.84484047	0.40980268	0.4166196
0.90805686	0.22302496	-1.2831469
0.48994923	0.5336888	-0.17205486
0.30318207	0.5236273	-0.8515715
0.14753759	0.662852	0.09128088
0.45980316	0.5682387	-0.06220716
0.3911519	0.8835936	-0.72601
0.45524478	0.48373067	0.19842555
0.26682222	0.63769305	-0.33345923
0.9133222	0.92062104	-0.3916546
0.06174928	0.40926367	0.5847799
0.93610984	0.99909276	-0.34440947
0.16681367	0.73787713	0.20439874
0.22234845	0.04510653	1.7263598
0.74676883	0.28767282	0.36796507
0.7006238	0.3298021	-0.6109132
0.5178858	0.5876096	0.35688955
0.16444468	0.40604937	-0.26896298
0.7297179	0.35108858	-0.13574366
0.013975501	0.09064984	1.0290335
0.90739864	0.38148415	-0.93634605
0.4990912	0.02355361	-0.09079529
0.45129198	0.3204757	0.3170097
0.8909178	0.46164495	-0.8294724
0.15496176	0.24395174	-0.6992626
0.9217835	0.91974664	-0.23041423
0.42975026	0.76877946	0.12910883
0.48897564	0.19232738	-0.91240543
0.84928566	0.9721506	-1.7326443
0.058244884	0.4782284	0.70410705
0.041721106	0.68304646	1.5185004
0.87331986	0.1648367	-1.7557689
0.08036232	0.45160437	-0.19093347
0.15566123	0.9776337	-0.46172795
0.60450333	0.63130784	-0.4609266
0.73784846	0.3769961	-0.013560192
0.7564779	0.6426444	0.7331258
0.016582549	0.25925022	0.7986034
0.36592704	0.85960424	-0.284662
0.8353659	0.7986495	-0.9266996
0.1941325	0.26947677	-0.08528339
0.7156068	0.49490893	-1.2143359
0.11533332	0.52556807	-1.3366723
0.65570676	0.6950742	-0.52852774
0.71986747	0.28035456	0.0801256
0.72664714	0.34650344	-0.17460182
0.40496445	0.17574441	0.82172495
0.047581792	0.9066509	0.57516235
0.9470427	0.060103953	-0.63129365
0.27502185	0.24673104	0.1565627
0.70662004	0.23838753	-0.048518933
0.338511	0.21507281	-0.16836266
0.47363245	0.8969593	-0.3743375
0.4403363	0.8467317	-0.04470879
0.03877753	0.6629985	1.4707993
0.06629008	0.48446667	0.4591165
0.5679205	0.86490375	-0.68575615
0.39808053	0.56847626	0.15780887
0.7958932	0.290909	-0.34936032
0.22408706	0.92061937	1.5310309
0.6028161	0.7923475	-0.8620251
0.2561934	0.18852228	0.949576
0.10015571	0.2980656	-1.0335051
0.5817414	0.93621427	-1.0326903
0.34905916	0.91346145	-0.8772539
0.98943025	0.04185444	-0.76640785
0.42234588	0.9442259	-0.8580851
0.5587544	0.20518106	1.3017833
0.23272973	0.2311508	1.0775268
0.18116874	0.44800425	-0.15633811
0.59546584	0.9245477	-1.1727262
0.794917	0.16554844	0.29056713
0.7709106	0.105430365	0.5271204
0.0042918324	0.5602194	0.9937712
0.5277437	0.5816178	0.54972684
0.6497417	0.21296442	-0.18531783
0.66848505	0.58765846	-1.466889
0.66805047	0.05419463	0.23189913
0.028002262	0.9841574	0.23237395
0.5264998	0.20927441	0.078274295
0.3186661	0.022809863	-0.9451965
0.86987317	0.8314206	-1.7265946
0.25566548	0.78271145	1.0876857
0.36237252	0.06479269	0.34557068
0.067109585	0.9507188	-0.15877588
0.7355322	0.8215964	-0.42154998
0.42536682	0.67903954	0.430333
0.99149936	0.182742	-0.54344326
0.7435323	0.30808836	0.26985553
0.76030767	0.4948064	0.077036954
0.5590355	0.2889765	1.1133398
0.20285875	0.9298519	1.2063195
0.4461817	0.22793049	0.19019516
0.8089221	0.8595712	-1.6598703
0.14444947	0.39275098	-0.9238427
0.60058695	0.77483064	-0.79543406
0.6027768	0.35603732	0.45367202
0.9220249	0.308636	-0.38422713
0.46389765	0.9167158	-0.28518522
0.18690777	0.013931215	0.81331193
0.37252885	0.1502775	0.9276555
0.90738034	0.64235884	-1.2505451
0.06090671	0.22370726	1.3020397
0.51321495	0.30821812	-0.42772457
0.08032501	0.53369284	0.0167147
0.8056461	0.38148886	-0.3322112
0.309686	0.5195021	-0.8299782
0.37746668	0.5034896	0.27960572
0.92642504	0.26732814	-0.27167338
0.73480743	0.6189943	0.06568831
0.6526055	0.36454982	-0.82416856
0.3865049	0.2866428	1.9161538
0.03355205	0.74250257	1.2455523
0.7068044	0.17040616	0.16205907
0.16877645	0.24072576	-0.5282388
0.56255025	0.82849187	-0.5269599
0.9846588	0.8442748	-0.84645677
0.99522924	0.97058517	-0.23329194
0.7646058	0.94093454	0.038862273
0.789921	0.25287598	-0.31790403
0.85574925	0.8062666	-1.2432451
0.031225145	0.7379427	1.2432566
0.39011806	0.023372829	0.07221178
0.70918334	0.7202033	-0.9748642
0.12507117	0.8091399	-0.3536865
0.1713835	0.8775481	-0.060125228
0.17816073	0.85185134	0.19938491
0.8933255	0.62386936	-1.4252242
0.28536284	0.6233838	-0.91056216
0.22187072	0.9594524	1.1988362
0.024705172	0.12554717	1.0319296
0.20132071	0.64319766	0.10267062
0.8081293	0.7875748	-1.0377151
0.89681154	0.5472743	-1.2340853
0.27756983	0.98655	0.41151774
0.004398823	0.3739646	0.41615582
0.5336744	0.60782456	0.531331
0.39530098	0.6971133	-0.14959733
0.5921099	0.9962559	-1.0186466
0.29683638	0.2501663	-0.34877828
0.74982274	0.75001127	0.10758404
0.16071784	0.9737465	-0.55434304
0.5992772	0.9221758	-1.1216944
0.6723861	0.05255282	0.1810132
0.85253835	0.79221	-1.078619
0.30054563	0.881473	-0.23405324
0.95232654	0.12589985	-0.803789
0.027284563	0.9054257	0.794094
0.21463591	0.7453671	1.2509719
0.52129674	0.1201027	0.010500904
0.43687636	0.34985614	0.6791508
0.11648995	0.0664103	-0.6653433
0.2760617	0.8655099	0.6823698
0.46158636	0.9822602	-0.32335487
0.9433815	0.11480558	-0.6784304
0.5576878	0.6667482	0.062268794
0.25747365	0.65938956	-0.078068584
0.6071333	0.12413341	0.5985758
0.71150595	0.68885237	-0.88086176
0.73638123	0.17874962	0.51486427
0.12761903	0.88265455	-0.490209
0.66309804	0.003265977	0.21335697
0.5808744	0.706697	-0.25205842
0.25235474	0.79041845	1.283108
0.06679398	0.27719688	0.88295466
0.6604962	0.3485083	-1.1501402
7.748604e-07	0.4192747	0.28632548
0.43450022	0.8641617	-0.02152988
0.34884048	0.7390394	0.025835257
0.19823754	0.950774	0.9128816
0.6385138	0.38428867	-0.3956109
0.98577774	0.5278183	1.5370774
0.10331541	0.15930998	-0.64344877
0.98743165	0.1588003	-0.6180558
0.76403874	0.9629893	0.04374389
0.6023494	0.30430615	0.63767695
0.7157625	0.49631506	-1.2666453
0.5167658	0.20415348	-0.23214631
0.8778531	0.5125283	-0.60498184
0.77805674	0.003949225	0.7811836
0.050480127	0.92276895	0.3890909
0.19586307	0.07777089	0.9989364
0.3582999	0.3608169	0.66879964
0.0004427433	0.16159284	0.73518384
0.7593953	0.8490823	0.106036134
0.3325985	0.3364662	-0.3208553
0.32599682	0.5566921	-0.7599503
0.61008304	0.7074393	-0.8365877
0.3672608	0.2876855	1.233457
0.4967277	0.9855732	-0.29073614
0.66721606	0.14832109	0.2107284
0.8905768	0.6006729	-1.3661249
0.2835074	0.42472374	-0.16760005
0.0907442	0.6396582	0.19577518
0.9320746	0.75425124	-1.1665777
0.75230986	0.60258824	0.66320026
0.6537822	0.61278313	-0.86853284
0.8018696	0.59301406	0.2125377
0.11067277	0.3527435	-1.5662842
0.15262818	0.07619673	-0.5969271
0.8912189	0.63178253	-1.4727261
0.99160534	0.46070474	1.558866
0.5880736	0.51630366	0.11994082
0.83015954	0.77462095	-0.71006346
0.9581508	0.31992197	0.6887934
0.43276322	0.57949466	0.36923096
0.49948657	0.041362166	-0.21571414
0.7916291	0.10092676	0.5100132
0.7993699	0.26595128	-0.16540109
0.23573655	0.18999481	1.4639684
0.25028038	0.26357466	0.7185604
0.89697176	0.5377418	-1.2408351
0.75782144	0.38018793	-0.04408323
0.85282755	0.69600254	-1.1428133
0.30823696	0.6409462	-1.4439632
0.5973945	0.77373457	-0.74017507
0.5751393	0.70764387	-0.23407733
0.68838274	0.3003484	-0.6885413
0.9749608	0.5083288	1.7047266
0.28512055	0.14547503	-0.3387145
0.16456431	0.5880516	0.0427395
0.96964824	0.6858819	-0.3542052
0.5171058	0.2885396	-0.31788364
0.6083034	0.8810212	-1.0429776
0.46225363	0.07376969	-0.42002884
0.06601006	0.22781497	1.0498871
0.50383943	0.5359844	0.12880707
0.15663016	0.74066746	0.14575772
0.80963016	0.40592986	-0.077173114
0.15525645	0.15444851	-0.3736578
0.0065035224	0.78543013	0.36924878
0.3563013	0.6980106	0.25630963
0.45492977	0.91556144	-0.27394563
0.4535429	0.3052737	0.20950423
0.38426667	0.90126765	-0.81023437
0.4385624	0.12597227	-0.050555576
0.39937955	0.8063556	-0.48201665
0.77278835	0.5325154	0.4395894
0.031306267	0.19956714	0.9419406
0.11078328	0.016008973	-0.33860624
0.16133678	0.63673306	0.14760473
0.7876355	0.1964044	0.009314783
0.11381173	0.7076864	-0.25327712
0.390171	0.40716445	1.4776758
0.1580689	0.5020684	-0.2628226
0.29869938	0.12989527	-0.82853645
0.30150586	0.5208685	-0.81381685
0.6984043	0.18057734	0.17732207
0.8411927	0.50886387	0.011195883
0.9249847	0.918271	-0.21767579
0.028366268	0.5553138	1.0718147
0.433322	0.6197218	0.21992257
0.43849015	0.2649088	0.5971432
0.8918473	0.9717184	-1.0247548
0.07685393	0.77067935	0.75259364
0.7187936	0.3708101	-0.50746715
0.8357092	0.8222954	-1.1234906
0.4947787	0.1662556	-0.89060736
0.856804	0.39878958	0.13312793
0.8565413	0.62021667	-1.1494068
0.970966	0.5999798	0.76086557
0.35865152	0.68044347	0.20767245
0.46977234	0.34424013	-0.17178215
0.5801766	0.786113	-0.6460077
0.10380137	0.715683	-0.15969045
0.23751563	0.23757559	0.9907232
0.5550377	0.1808865	1.1283731
0.60377175	0.3019241	0.6358051
0.5140775	0.13237143	-0.23063457
0.77715397	0.867748	-0.3583419
0.65050423	0.8448506	-0.3239731
0.23513341	0.8045864	1.8063078
0.34247452	0.3674689	-0.009375585
0.99078745	0.47442335	1.5502859
0.5371023	0.2748263	0.4441985
0.84186745	0.14288014	0.052923005
0.5927157	0.25857222	0.8047224
0.60058516	0.111572325	0.7660762
0.34023672	0.70320994	-0.34476122
0.028922498	0.027325511	1.3267558
0.5438141	0.717722	0.04380127
0.6281124	0.03505665	0.50819814
0.37160087	0.9064001	-0.7574967
0.27585346	0.5091038	-0.52684826
0.33201116	0.7902616	-0.5074259
0.93880415	0.4818452	-0.06419922
0.9548484	0.3694269	1.0462205
0.053459406	0.6123817	1.2694423
0.31966454	0.6582162	-1.3685373
0.83996624	0.2658943	0.30052122
0.8861064	0.53985685	-1.0405664
0.06288856	0.20617348	1.1657683
0.6033546	0.73018265	-0.7763552
0.12615615	0.9755874	-0.4287671
0.27907676	0.2364505	-0.044362918
0.90862775	0.65415967	-1.12312
0.51601547	0.4700927	0.14547725
0.16174352	0.9926141	-0.5012731
0.8709713	0.7244069	-1.8420286
0.9979907	0.96323425	-0.27158472
0.6426719	0.5273319	-0.26491797
0.66959983	0.961047	-0.7400285
0.472991	0.5550824	-0.17780948
0.93383443	0.42539096	-0.1403217
0.9819646	0.2254569	-0.35671207
0.448586	0.28387976	0.29823807
0.691646	0.5841835	-1.6420134
0.49190152	0.5476245	-0.14173771
0.71803564	0.024044454	0.15531813
0.6760401	0.40788072	-1.9222345
0.9659758	0.68892586	-0.660929
0.33203477	0.9384531	-0.6807904
0.68427825	0.99712527	-0.67253315
0.5248598	0.52372324	0.43972558
0.6136454	0.42935693	0.021961829
0.65836143	0.44917732	-1.3357155
0.3016854	0.9325549	-0.06459722
0.28347903	0.2772628	-0.059644956
0.121409774	0.45824844	-1.5744132
0.5926141	0.0056514144	0.6172432
0.720719	0.815887	-0.7950659
0.8581044	0.0009396672	-0.17277773
0.14911598	0.1435653	-0.5535869
0.7596992	0.10973668	0.61053073
0.80192894	0.1643852	0.4477901
0.57092047	0.19477284	1.2674402
0.2219404	0.7482117	1.4601587
0.23833871	0.9634183	1.0942835
0.8307915	0.34807986	0.6615916
0.18746775	0.87232715	0.63642025
0.92666876	0.81633097	-0.6400882
0.99440473	0.72868955	-0.012694402
0.8010803	0.712061	-0.26551476
0.5897189	0.96199584	-1.083145
0.38004363	0.06112945	0.39941394
0.1756776	0.9824828	-0.14604771
0.47247118	0.6233036	-0.18025073
0.86957943	0.71972185	-1.853861
0.18997759	0.73112565	0.34685072
0.9497532	0.55706847	0.4398377
0.58378506	0.59130985	0.09056881
0.7996754	0.22938007	0.06982565
0.73888195	0.16316223	0.48169693
0.42881924	0.64453155	0.33415005
0.3828122	0.5514105	0.16879271
0.22796804	0.5145014	-0.92468536
0.07775521	0.026818275	0.21846548
0.85889643	0.1682154	-0.87495947
0.6911673	0.75143886	-0.8096453
0.18295133	0.5367197	-0.10292574
0.73477685	0.28964096	0.19461137
0.2584343	0.9923453	0.5979602
0.9856754	0.7309663	-0.2996181
0.17873067	0.46175557	-0.13505922
0.8663162	0.924093	-1.6590122
0.076337814	0.6990995	0.86260074
0.67544496	0.9629027	-0.6785387
0.7784628	0.58432716	0.8169194
0.1424923	0.89884484	-0.55660945
0.45959586	0.021553636	-0.40550482
0.4249289	0.51116836	0.29835498
0.26602024	0.20739174	0.46279368
0.59729177	0.403997	0.27007818
0.5449629	0.041731954	0.6376256
0.75299567	0.79792297	-0.041931484
0.679046	0.77792215	-0.49764326
0.9436761	0.02787304	-0.4623907
0.82708436	0.43533516	0.53283536
0.9220989	0.9398885	-0.28857172
0.17649001	0.33750767	-0.47197327
0.4312092	0.03048724	-0.29553977
0.45348805	0.2778455	0.15107784
0.9797535	0.78658086	-0.84994787
0.3649333	0.25622898	1.0763594
0.20768636	0.07322061	1.4241769
0.65359133	0.6162745	-0.82757694
0.25850886	0.7041972	0.25010285
0.1869064	0.85260963	0.57140476
0.62732303	0.94657815	-0.5826572
0.840903	0.7735706	-0.6278017
0.04388106	0.67026764	1.4973172
0.98740155	0.3640595	1.0996245
0.67071646	0.55588794	-1.7422491
0.27555507	0.036458135	0.14698263
0.12911808	0.15586948	-1.1327842
0.2272535	0.9419524	1.3700438
0.4438163	0.08302331	-0.24000598
0.07846981	0.9201631	0.013330083
0.109936	0.5785012	-0.7112183
0.117666066	0.60857636	-0.6842784
0.9378594	0.9324001	-0.34795928
0.40980828	0.61261487	0.45102882
0.765721	0.3649575	-0.26995388
0.092650235	0.47719568	-0.89550257
0.8940782	0.1860547	-1.815718
0.15029866	0.8086452	-0.23076594
0.3664323	0.637281	0.101823956
0.4899115	0.88930917	-0.17481437
0.2940663	0.510201	-0.6807367
0.3542999	0.07152635	0.15515082
0.7100792	0.045116305	0.08549166
0.64414954	0.6581325	-0.5199921
0.9272297	0.33931202	-0.17247182
0.5388223	0.0868873	0.5812319
0.11522281	0.7221836	-0.19921723
0.54272383	0.018971086	0.66823727
0.087696314	0.08621943	-0.044941455
0.5542275	0.49331117	0.20465098
0.5692356	0.11244947	1.147629
0.46024495	0.76968896	-0.24570036
0.6930333	0.8849016	-0.8240794
0.5033868	0.0337283	-0.075048134
0.37138444	0.3031597	1.5464587
0.23647803	0.7753004	1.6483023
0.81791085	0.10975587	0.8562947
0.7774425	0.200252	0.06332651
0.7328582	0.50804216	-0.2829939
0.90700155	0.7404591	-1.3149711
0.7365504	0.9245009	0.029235722
0.45623958	0.5545118	0.07262175
0.9950342	0.15600443	-0.6601175
0.5308334	0.62145627	0.41156924
0.021592915	0.0034794211	1.1857134
0.055615425	0.2639882	1.4000133
0.7782561	0.36770618	-0.63596153
0.073937714	0.5251606	0.35145184
0.5096007	0.69849616	0.15877813
0.5194633	0.56244487	0.35953218
0.43585962	0.13684607	0.044149034
0.47096574	0.7276129	-0.23787904
0.9727832	0.08780974	-0.8472354
0.54472715	0.87630904	-0.28945917
0.4004125	0.27708417	1.8865842
0.03997624	0.8371295	1.2037522
0.02311927	0.75021636	1.0056574
0.43748373	0.7670058	0.0995478
0.8859457	0.44582003	-0.7305026
0.52837473	0.06321263	0.35067773
0.25524807	0.62492484	-0.21551098
0.8371312	0.06152332	0.5010585
0.039040565	0.37017727	0.77863705
0.64732933	0.81524915	-0.3823241
0.99346733	0.5201635	1.397469
0.90077084	0.41583025	-0.95641416
0.9055469	0.17979807	-1.3749307
0.35735434	0.2949019	0.669759
0.9573962	0.5146194	1.3089997
0.0951857	0.041852534	-0.11375613
0.0528301	0.9846356	-0.12068106
0.7286087	0.68283194	-0.28382084
0.70848024	0.036289334	-0.0040860213
0.9271907	0.49295866	-0.73388743
0.969629	0.832011	-1.2742162
0.7551879	0.8932401	0.1578409
0.27310073	0.5925748	-0.67913115
0.6953531	0.74196947	-0.87398034
0.82828784	0.3259955	0.59858197
0.012815595	0.0062505007	1.0353885
0.19274199	0.3903702	-0.39690968
0.71983826	0.014840484	0.17826702
0.6036043	0.6423181	-0.5142482
0.2972349	0.894235	-0.13652466
0.6221456	0.49509025	-0.18074478
0.0074055195	0.3227263	0.5877155
0.12267357	0.6904197	-0.24339043
0.43192053	0.77987385	0.051656112
0.6644898	0.07282859	0.2039877
0.51806426	0.2136836	-0.24656701
0.7773863	0.9999186	-0.4280601
0.28592348	0.88795245	0.22379628
0.6792199	0.20445448	-0.093694426
0.83141416	0.033299685	0.69499415
0.27356887	0.6209688	-0.49760112
0.90784436	0.91183907	-0.6736992
0.7726348	0.1313318	0.4373879
0.1378814	0.7231466	-0.032303184
0.8526238	0.35012788	0.4243894
0.7440242	0.454032	-0.06137401
0.2695486	0.4848132	-0.42576954
0.66674334	0.10357213	0.3185771
0.057121098	0.0016641021	0.92400014
0.5592666	0.043784738	0.9215059
0.05979234	0.42628163	0.64614356
0.9443905	0.6033051	-0.34693003
0.21187437	0.04941237	1.5930915
0.91093045	0.93478537	-0.3721019
0.8444078	0.6841566	-0.60877556
0.39283472	0.64640707	-0.03461375
0.8447253	0.65983343	-0.55192196
0.43940622	0.9286175	-0.31759152
0.5255431	0.6805036	0.28979054
0.8179075	0.96736956	-1.8289286
0.15254503	0.9991133	-0.49128142
0.17518067	0.23587418	-0.35271832
0.18809807	0.87684566	0.6879781
0.41722262	0.5106199	0.32755166
0.09726763	0.8839427	-0.2700987
0.76750135	0.84929633	-0.0113899335
0.65933335	0.7743753	-0.2310077
0.32077235	0.76154244	-0.9886358
0.21886909	0.4996935	-0.86437386
0.56846315	0.04009068	1.0361814
0.45248187	0.05716026	-0.32537293
0.8971074	0.7258303	-1.5428835
0.85397524	0.6643029	-1.206697
0.77378297	0.8167197	-0.23056637
0.56784767	0.9452417	-0.46279952
0.8425056	0.037813842	0.309489
0.48135436	0.9086548	-0.3463173
0.2366001	0.17281258	1.5857664
0.5947961	0.27965444	0.75346047
0.30030942	0.14158052	-0.6847039
0.44581604	0.37213254	0.38875508
0.9897946	0.65398216	0.3709711
0.6248411	0.637358	-0.60804373
0.57961935	0.34463453	0.4958898
0.40207648	0.04308027	-0.21337897
0.16667807	0.5862364	-0.040505968
0.24794126	0.5673637	-0.51783985
0.7047337	0.67364997	-1.0648624
0.99182796	0.026680112	-0.7081088
0.9084214	0.2172029	-1.202885
0.5430832	0.14490014	0.66681266
0.59215796	0.12980402	0.83298653
0.07597005	0.23022771	0.43400216
0.77542603	0.7997669	-0.2212791
0.54382384	0.6785989	0.16066577
0.07327545	0.23071194	0.6789848
0.0054453015	0.40737587	0.27148005
0.6923513	0.5624184	-1.8668082
0.13277	0.6564033	-0.27533638
0.76221156	0.5376096	0.5328582
0.74090904	0.042193472	0.50609857
0.7470054	0.7171109	0.12799549
0.6377142	0.99991345	-0.3541726
0.62389106	0.66297674	-0.63530856
0.9562674	0.62229645	0.021719038
0.59591293	0.32036692	0.5821755
0.73580533	0.6065873	0.114969485
0.35083938	0.7079178	0.12085978
0.67066026	0.80224675	-0.33852115
0.02177167	0.13282341	0.9261562
0.78965443	0.5874642	0.39186656
0.60965353	0.23038137	0.5015851
0.123134315	0.96162206	-0.51550955
0.45033753	0.908934	-0.19904463
0.4998809	0.6911027	-0.063034505
0.42932326	0.24186474	0.9183302
0.034893334	0.56995744	1.1991394
0.21390802	0.13604158	1.3104038
0.9596833	0.71796143	-1.228055
0.25175792	0.43378782	-0.63143516
0.9690441	0.68990743	-0.48030052
0.933186	0.86361146	-0.51515496
0.6611063	0.9082971	-0.56893307
0.79698175	0.55101603	0.2316741
0.19422698	0.1531803	0.46835938
0.77718717	0.092310786	0.52335626
0.12955594	0.18176275	-1.1565737
0.053825617	0.20327544	1.315977
0.6495167	0.012884736	0.3896982
0.96870357	0.4219665	1.7582293
0.3530718	0.3835802	0.357138
0.29093713	0.0748598	-0.7165622
0.07338929	0.30134237	0.33265623
0.865171	0.57485694	-0.9419634
0.38506788	0.12361497	0.6507679
0.6611714	0.28952324	-0.7629887
0.2541241	0.48417026	-0.65929663
0.24591911	0.58046377	-0.44962835
0.595425	0.47466862	0.13725874
0.06703174	0.4528876	0.3900873
0.18407714	0.654754	0.045963895
0.28598195	0.44385177	-0.21527001
0.7497271	0.18790251	0.52600384
0.869815	0.56640214	-0.83957946
0.24312747	0.097366095	1.5335566
0.6258909	0.82891196	-0.9085112
0.90946394	0.31619644	-0.8757719
0.3361119	0.3314879	-0.32275635
0.71166825	0.85186875	-0.7622443
0.006207466	0.9998226	0.30628708
0.8392474	0.7010848	-0.4017474
0.41384035	0.07521498	-0.14074719
0.9991422	0.5002533	1.2238152
0.21973324	0.434569	-0.7662701
0.04240793	0.018627882	1.3740304
0.238168	0.8041977	1.8360217
0.9863498	0.8850179	-0.6471601
0.9235719	0.81651586	-0.673862
0.52669823	0.7788994	0.09002388
0.6488706	0.52443075	-0.48072138
0.10565078	0.2867875	-1.2640922
0.87147814	0.8944432	-1.7043844
0.9650481	0.12844807	-0.87728316
0.77944374	0.45550388	-0.3015165
0.6611886	0.059338033	0.24601606
0.33548462	0.5212143	-0.39492458
0.050239563	0.73198336	1.4308324
0.79322076	0.7823104	-0.77741444
0.31556207	0.78562754	-0.9713214
0.45953804	0.906749	-0.2545671
0.31698376	0.14853293	-0.5592052
0.7770734	0.87028325	-0.4010107
0.18862796	0.25820547	-0.046941333
0.30278373	0.33905482	-0.18494815
0.007255435	0.14933729	0.76670617
0.040787756	0.021375895	1.3335732
0.9512582	0.36355692	0.92277974
0.5939115	0.94205457	-1.0572172
0.11896789	0.082570255	-0.7954169
0.10088307	0.3265463	-1.1209676
0.088091314	0.46305734	-0.66862
0.59462196	0.35232592	0.4533796
0.79142225	0.86236817	-1.097603
0.29929167	0.81777436	-0.5821321
0.025743902	0.85052013	1.03763
0.81332123	0.98475426	-1.6557927
0.90338415	0.3654449	-0.9482658
0.57105285	0.0038577318	0.9558954
0.20142072	0.7429851	0.7913567
0.5264784	0.05540228	0.2724738
0.78988767	0.98027015	-0.9427267
0.045745313	0.16656256	1.1996819
0.6923218	0.479869	-2.2246263
0.64421624	0.7929031	-0.3591975
0.33281475	0.36143363	-0.25329116
0.036848128	0.99684376	-0.010055455
0.9463535	0.7548633	-1.421566
0.12967438	0.2703483	-1.4898224
0.18724692	0.6997734	0.15485789
0.3505084	0.96885437	-1.0707138
0.7894792	0.2783125	-0.37329224
0.5365572	0.74281824	0.14462835
0.4039067	0.89394605	-0.85326195
0.9770164	0.3183058	0.8180432
0.043671608	0.85803455	1.1221288
0.28455132	0.70046246	-0.6403726
0.16640902	0.124145985	-0.069691
0.18733084	0.4305597	-0.32102406
0.6101693	0.208152	0.4244749
0.23755455	0.85153216	1.8617524
0.16111058	0.87582225	-0.33559906
0.86427486	0.09729797	-1.096751
0.9144436	0.56012756	-1.2354859
0.3639624	0.8247016	0.0012872443
0.016987085	0.4310677	0.23379552
0.28036314	0.66701066	-0.6383055
0.18374789	0.30311757	-0.5458891
0.21559101	0.62743455	-0.099152945
0.065099716	0.10424924	0.6809476
0.68513834	0.4753269	-2.3266234
0.7682057	0.59708154	0.88333607
0.0722298	0.81788266	0.96531016
0.6081788	0.43236768	0.08817606
0.29600495	0.52825546	-0.81867564
0.15472108	0.90857863	-0.5157406
0.31854504	0.7028938	-1.3146248
0.9568956	0.2022233	-0.45388314
0.41001123	0.951638	-1.0536765
0.81086314	0.46159506	0.08595418
0.9749114	0.28465134	0.3135851
0.9094615	0.5166626	-1.2645638
0.46905828	0.9178778	-0.35756093
0.23257452	0.33033848	0.05923564
0.9751618	0.15326786	-0.76184696
0.13332129	0.35804278	-1.3350517
0.75745267	0.96764106	0.15530662
0.98798317	0.32576764	0.6834781
0.06944734	0.60847676	0.79225594
0.5479429	0.6456548	0.24437517
0.8327367	0.25129813	0.34952044
0.12065947	0.45716524	-1.5481601
0.029735923	0.24350935	0.7212479
0.6667843	0.9234215	-0.63420767
0.270953	0.9599071	0.51145864
0.005840659	0.32762063	0.55907845
0.3394221	0.051427603	-0.2526142
0.46588284	0.0830878	-0.46961787
0.35454535	0.9517174	-1.0100752
0.7536806	0.6492167	0.63602114
0.2167275	0.96285594	1.1815016
0.19540632	0.7949977	0.9508566
0.76788914	0.7098014	0.37024876
0.36054015	0.8271412	0.08684784
0.9941606	0.99099797	-0.29389042
0.26024657	0.37115312	-0.15960999
0.14931619	0.29166752	-0.8692205
0.9374911	0.1286915	-0.6986077
0.6665362	0.120471	0.25022668
0.5021208	0.23223513	-0.7568412
0.60358125	0.896212	-0.9624985
0.9170002	0.91120255	-0.28605768
0.57329696	0.40514064	0.060288645
0.26488268	0.9153886	0.87225044
0.43442988	0.23477197	0.69985324
0.6064875	0.5004197	-0.08285156
0.6690725	0.1934359	-0.01344844
0.08373964	0.5957393	0.22202648
0.18572044	0.2940926	-0.40498182
0.90463746	0.9997564	-0.48811203
0.7684657	0.34036767	-0.34515324
0.24004602	0.8139638	1.8117276
0.94294536	0.59729815	-0.27901027
0.447927	0.022296786	-0.40635678
0.63747793	0.1948427	0.003086947
0.7236345	0.4149611	-0.72254544
0.15517545	0.8808366	-0.49735332
0.9475801	0.4630986	0.7385872
0.063482285	0.02428937	0.7409745
0.4527095	0.33904326	0.19319133
0.024244845	0.30919874	0.6865428
0.2353223	0.5690585	-0.617083
0.55788404	0.79454803	-0.38750783
0.110180795	0.68341863	-0.19298425
0.72928166	0.3510098	-0.19182417
0.34317207	0.62347925	-0.19102922
0.7446727	0.6208924	0.44514382
0.5467208	0.041614056	0.7506998
0.09195143	0.2851987	-0.5067567
0.9311995	0.5411883	-0.764757
0.09836155	0.157413	-0.36982712
0.0626837	0.4653229	0.5843005
0.31011236	0.77201205	-1.0079938
0.31151175	0.7466311	-1.1433663
0.86870307	0.6663488	-1.8181944
0.44984418	0.42345935	0.21698308
0.16426468	0.9366606	-0.44180992
0.73690075	0.94210017	0.02451599
0.1904332	0.062183022	0.8288855
0.6686718	0.123694	0.34439763
0.40610802	0.98753685	-1.0986547
0.4223528	0.008510649	-0.49548206
0.8989273	0.07942629	-1.1700855
0.7849646	0.75974244	-0.26466078
0.9378564	0.47795367	-0.09574606
0.3841862	0.5135033	0.3358485
0.84135294	0.8199592	-1.024582
0.70167184	0.91584724	-0.6609547
0.12855911	0.82994664	-0.447537
0.9510675	0.6452445	-0.5448659
0.61847514	0.13394845	0.50509953
0.62259036	0.71193814	-0.7203947
0.2996577	0.7569605	-0.9610258
0.56700176	0.9498725	-0.5241511
0.2755587	0.2652263	0.13076425
0.27950448	0.7022364	-0.45318258
0.11361271	0.26044613	-1.3018094
0.53508294	0.092588186	0.46169966
0.40247202	0.67284393	0.009195998
0.23664743	0.37136555	-0.33553344
0.5139513	0.95938104	-0.19629851
0.26566148	0.40922105	-0.20250164
0.33186728	0.0069417357	-0.6106558
0.2447027	0.5244721	-0.79185206
0.99596465	0.80295706	-0.300033
0.83417493	0.795692	-0.83416206
0.9085236	0.79020214	-1.194031
0.34094274	0.7602922	-0.2513311
0.029767275	0.19437665	0.90556794
0.43557405	0.09504157	-0.20442563
0.32905936	0.5382117	-0.6378175
0.99543524	0.35361958	0.79327947
0.5429447	0.49149948	0.48558134
0.33190984	0.6601594	-0.83812433
0.34454405	0.14437765	-0.0249603
0.24363041	0.31368	0.22928505
0.16359806	0.43758607	-0.19616754
0.4122789	0.21018767	1.0421162
0.2826144	0.45306695	-0.25786927
0.9843952	0.24611133	-0.31315315
0.95778483	0.78604704	-1.4872499
0.69986236	0.28980422	-0.32054663
0.37783998	0.24996251	1.5831817
0.01315999	0.31924832	0.6157169
0.997322	0.54729116	1.055145
0.4430794	0.63612425	0.11382412
0.17529118	0.5759825	-0.011008819
0.47659123	0.13797313	-0.588899
0.012008846	0.19575739	0.7986281
0.5804501	0.13820446	0.8936099
0.32897627	0.22598976	-0.3508301
0.31425595	0.6331437	-1.4113266
0.94861716	0.56934667	0.24626753
0.51994616	0.35263985	-0.1407708
0.42609072	0.9746013	-0.9130132
0.18370867	0.96885514	0.18745464
0.94467854	0.46108067	0.45637456
0.42199737	0.70458466	0.25879133
0.9183865	0.9388186	-0.27887335
0.5574106	0.3210618	0.9393561
0.44464225	0.61383986	0.16037692
0.7654918	0.46368617	-0.14733063
0.44613814	0.17293608	0.028357806
0.11916298	0.53575546	-1.2354162
0.33241814	0.45085353	-0.23824985
0.41515332	0.8799348	-0.6295814
0.72052723	0.33574116	-0.2278808
0.016675353	0.44977194	0.15393907
0.2973311	0.007045448	-0.8394908
0.4172092	0.21054476	1.0574046
0.9359429	0.3048709	0.059548452
0.23912859	0.12880123	1.7380098
0.31322247	0.59172463	-1.1676584
0.65940535	0.9769923	-0.7305455
0.1233896	0.05407715	-0.8402943
0.0543406	7.402897e-05	1.046117
0.087569654	0.54986656	-0.20699133
0.831947	0.7468145	-0.4283137
0.5107373	0.4334209	0.009543804
0.6166599	0.7926729	-1.049367
0.520052	0.699995	0.21553564
0.67783934	0.7526001	-0.6203638
0.8907697	0.7223882	-1.7507904
0.26528358	0.11450261	0.71957296
0.898867	0.8214993	-1.3483009
0.4717803	0.060488403	-0.4721555
0.121178985	0.32690525	-1.6701498
0.309263	0.64150107	-1.4287076
0.23977858	0.5878651	-0.4390669
0.20338267	0.005681634	1.3810405
0.82611	0.10642213	0.75765723
0.11637956	0.7611598	-0.2243512
0.91811395	0.9671656	-0.30007628
0.11969471	0.8569278	-0.452816
0.0881989	0.9050595	-0.023562515
0.91110283	0.7007369	-1.090243
0.6732167	0.57728523	-1.675154
0.18794674	0.5300929	-0.30437866
0.44143087	0.60872215	0.17308629
0.6835059	0.004003048	0.2555919
0.90059924	0.7031005	-1.4192283
0.8515213	0.84862334	-1.3923371
0.3703559	0.38897544	1.1154555
0.5188928	0.7041013	0.21399762
0.95919037	0.75613207	-1.5103583
0.67326045	0.28778452	-0.704591
0.67447025	0.6885466	-1.0407925
0.5240031	0.15338469	-0.0034140437
0.43624026	0.77581966	0.04609928
0.10982323	0.10517007	-0.5937217
0.06801987	0.83876675	0.954721
0.44411087	0.47652233	0.3315558
0.05004728	0.29857916	1.2936974
0.41193986	0.13165486	0.28785565
0.017707586	0.03357905	1.1803064
0.69589144	0.13775223	0.15898076
0.6739082	0.53767055	-1.9971865
0.59082586	0.7519768	-0.54325384
0.37446105	0.8112018	-0.11784851
0.8703417	0.5372578	-0.56106555
0.25638098	0.058861494	0.93118274
0.20872241	0.6988835	0.67843497
0.10342872	0.62453884	-0.22868688
0.5867581	0.019367158	0.729591
0.5593603	0.52968866	0.20311897
0.82300496	0.57930845	0.13659616
0.20741558	0.24071085	0.44122234
0.46269238	0.7353062	-0.1616938
0.10276997	0.028114378	-0.1262578
0.64961326	0.51595014	-0.5291691
0.66061026	0.55639327	-1.2745069
0.7449398	0.41364765	-0.024873605
0.7642275	0.9868546	0.063667096
0.86369544	0.36859417	-0.036092687
0.9101081	0.64531523	-1.1426934
0.9586459	0.22633338	-0.1916683
0.48898792	0.14834315	-0.9025242
0.38894427	0.7309201	-0.23874721
0.23544222	0.9372952	1.337789
0.6617344	0.5513932	-1.4312804
0.95392364	0.3433994	0.812956
0.106350005	0.9130498	-0.51710826
0.74576724	0.93592584	0.099216245
0.66955835	0.3925913	-1.6708683
0.80719215	0.81099916	-1.2917111
0.9875046	0.09714073	-0.82434374
0.76928455	0.13487798	0.5158169
0.6723921	0.7105374	-0.88204956
0.118113995	0.3688017	-1.6963196
0.064148486	0.6514198	1.1088223
0.28139275	0.12576813	-0.123015486
0.73436785	0.06766373	0.42719528
0.963372	0.896222	-1.0120759
0.8996366	0.73001426	-1.4692911
0.38339508	0.13575858	0.7744137
0.4003911	0.06808901	-0.093166046
0.7154302	0.1434592	0.15153219
0.5770826	0.8783829	-0.90906197
0.14631075	0.9115131	-0.55976796
0.10231823	0.35914814	-1.2285603
0.72971797	0.5362774	-0.3786657
0.4967432	0.11662555	-0.6714126
0.60534173	0.6977028	-0.74108994
0.22559804	0.5026461	-0.9135059
0.9874959	0.7697279	-0.48097116
0.00619179	0.007159233	0.9245703
0.6169971	0.7297197	-0.8109794
0.9503321	0.728828	-1.4697082
0.70759827	0.1764546	0.12195627
0.50293225	0.4807105	0.09884026
0.9725292	0.9323543	-0.6090916
0.21733332	0.84561396	1.9149541
0.20738643	0.14270025	1.0102993
0.20720422	0.94732434	1.2181903
0.1841479	0.013876915	0.6594738
0.36337996	0.040382564	0.24626991
0.7899159	0.24101776	-0.20134592
0.65799177	0.012836695	0.25903755
0.1591875	0.5554107	-0.18394351
0.21737927	0.10394728	1.5604028
0.22132295	0.6954693	0.88785285
0.64220554	0.7969422	-0.51230335
0.5667353	0.8082809	-0.57431173
0.03662306	0.5284249	0.88837504
0.24331778	0.10499716	1.6027975
0.08468789	0.6263425	0.34268865
0.09461278	0.25321233	-0.53215045
0.38524032	0.901619	-0.8896018
0.13873768	0.27580768	-1.2608936
0.75829506	0.29642588	0.22679295
0.97568285	0.9210777	-0.699484
0.3728813	0.9104735	-0.7731502
0.24039447	0.7694747	1.4977354
0.92892534	0.66104764	-1.0950173
0.8882849	0.75058323	-1.722321
0.8200634	0.046283185	0.98399836
0.40408266	0.13184804	0.40065566
0.62825435	0.27014333	-0.09830823
0.68525183	0.25673795	-0.40590975
0.40562987	0.49248874	0.66087073
0.531258	0.64297146	0.3501888
0.9116581	0.10961509	-1.2036384
0.45886618	0.06109947	-0.44306734
0.6625323	0.27447152	-0.62925345
0.772702	0.49353045	0.07235669
0.8879896	0.31598437	-1.2754328
0.5340856	0.1661464	0.31141767
0.40540737	0.91557467	-0.9158285
0.7264314	0.7445311	-0.6621157
0.2954123	0.9199381	-0.06368783
0.046449065	0.13379633	1.1261793
0.8619698	0.40867454	-0.011478136
0.9151758	0.79438114	-0.97654724
0.16265893	0.31967455	-0.48058748
0.44770676	0.6842467	0.11870046
0.806235	0.038121223	1.0377601
0.762548	0.8466376	0.041603975
0.46875274	0.8374675	-0.25429487
0.9818672	0.9184854	-0.6037209
0.54126555	0.7133852	0.0738543
0.86232924	0.31134403	-0.22425605
0.27746522	0.558845	-0.7851285
0.7382828	0.10465437	0.49048677
0.6376824	0.46768266	-0.17259587
0.69023436	0.026021779	0.122777
0.25323546	0.9619542	0.8026588
0.11738551	0.3121475	-1.6699106
0.47065032	0.21412283	-0.39592516
0.3554626	0.538999	0.026648965
0.44987112	0.18714976	-0.05464799
0.80146676	0.24375755	0.06038146
0.6621741	0.024273872	0.23460338
0.7533766	0.2079742	0.4577838
0.26504993	0.62247276	-0.3466467
0.041655898	0.2802958	1.1810968
0.1772322	0.6467946	0.14549983
0.4853601	0.6207966	-0.2750291
0.523743	0.98904175	-0.23883826
0.9421526	0.18451035	-0.52642804
0.1291576	0.061380684	-1.0391563
0.46728855	0.1323883	-0.46133757
0.5458527	0.4861207	0.4586043
0.4583454	0.6253346	-0.06975256
0.8497868	0.34051198	0.49424827
0.8467568	0.915105	-1.7331946
0.83226323	0.9488379	-1.8671381
0.26217854	0.78167963	0.7002964
0.67741334	0.33742106	-1.315747
0.070737004	0.620396	0.73414904
0.45851922	0.873348	-0.09596876
0.26851285	0.84716004	0.93990207
0.1393866	0.115444064	-0.8503609
0.062176526	0.24618995	1.209726
0.59633946	0.6685511	-0.4091126
0.016461134	0.03729874	1.1258147
0.64651114	0.1428935	0.094315775
0.60053253	0.8331027	-0.6308492
0.2426734	0.16531467	1.5531394
0.1943968	0.789026	0.88893044
0.45206982	0.23439354	-0.011524852
0.91380644	0.06591451	-0.9783146
0.76996696	0.61866075	0.90870154
0.76540035	0.44986176	-0.23460177
0.025685728	0.83632594	0.9899646
0.107555985	0.36707234	-1.4414483
0.66846794	0.5848434	-1.5276093
0.5578698	0.8666436	-0.50104845
0.48081577	0.70137	-0.32568356
0.27325815	0.5832193	-0.6680918
0.063590646	0.45739013	0.44772398
0.9185447	0.8382311	-0.6157649
0.35028583	0.20985645	0.16136725
0.79299176	0.34382492	-0.59470975
0.10517973	0.15481484	-0.64663523
0.6016138	0.64315814	-0.45760292
0.5494595	0.92916596	-0.39561278
0.8484927	0.72631377	-0.89978385
0.958104	0.16299307	-0.7560089
0.45981854	0.9965238	-0.44992894
0.35981286	0.39695954	0.6981543
0.07128674	0.34046566	0.3084817
0.6870183	0.22429508	-0.055627055
0.3708532	0.86460394	-0.45504555
0.8147596	0.32225937	0.12716176
0.3057701	0.6477574	-1.3791137
0.67882025	0.79886705	-0.5409001
0.9060996	0.030700862	-0.7627211
0.6983923	0.22576869	0.09933651
0.72094023	0.077407	0.23696211
0.514047	0.9114468	-0.123534545
0.10830045	0.12620169	-0.6617361
0.997905	0.51720744	1.2170341
0.70562845	0.25842774	-0.106333315
0.42685205	0.14477527	0.27706766
0.57957256	0.56410575	0.056954704
0.12459445	0.60323703	-0.7667153
0.88096935	0.10182512	-1.6971774
0.8175582	0.34759873	0.21814631
0.41490895	0.6123993	0.5735188
0.43232703	0.19836348	0.56575525
0.16505343	0.66021067	0.26587263
0.9053397	0.4292634	-0.9700044
0.7381679	0.043357193	0.5216672
0.015748918	0.30727506	0.65275246
0.56360316	0.18079591	1.3469653
0.034374177	0.39875144	0.58368486
0.5749231	0.31929368	0.7822586
0.9932571	0.06943631	-0.7615869
0.91927487	0.61663306	-1.1239833
0.039628267	0.55421245	1.1100073
0.1864031	0.2692153	-0.2024925
0.5173637	0.35587186	-0.18670413
0.63392836	0.1105355	0.31646118
0.92699397	0.97333777	-0.26952407
0.67853373	0.9403097	-0.65897226
0.6280994	0.2885449	-0.13658339
0.36992037	0.2831291	1.4399539
0.605104	0.56672806	-0.11933954
0.021753967	0.62767106	1.3404003
0.17549151	0.55870587	0.012517421
0.6654177	0.60672295	-1.3271337
0.36652923	0.4768077	0.33451486
0.9523445	0.8033746	-1.5522591
0.09919888	0.6519734	-0.015520556
0.025462985	0.9531911	0.5118195
0.21032768	0.4533288	-0.76497674
0.08703476	0.87677306	0.13967922
0.18902189	0.013548493	0.8840155
0.21206146	0.6006488	-0.34054816
0.6080466	0.338341	0.39337957
0.4010718	0.555092	0.24509835
0.23828441	0.67444485	0.43170747
0.48296696	0.5295119	-0.21877977
0.11862749	0.78732604	-0.355165
0.086538255	0.7878313	0.40170893
0.20876205	0.75209177	1.1073365
0.21213526	0.8183841	1.7155606
0.80420583	0.51158726	0.038167886
0.586793	0.08331239	0.5787576
0.33946186	0.21552771	-0.14201991
0.70348614	0.6814956	-1.0207942
0.7614792	0.40879446	-0.17540213
0.84241337	0.44131058	0.37059978
0.986148	0.46444017	1.7101791
0.84458053	0.9554275	-1.7588178
0.24839503	0.8504945	1.6090404
0.9452519	0.63175815	-0.61291164
0.6661246	0.96682435	-0.6477845
0.33601034	0.8647633	-0.6929066
0.6374395	0.95161206	-0.5342442
0.82878315	0.33188713	0.6126612
0.8856566	0.99462545	-1.051237
0.1468311	0.5100107	-0.64912117
0.8592467	0.74464273	-1.4222795
0.029160976	0.67757905	1.3465236
0.0381068	0.74720544	1.3619599
0.90870136	0.12279779	-1.2145767
0.46095192	0.3931573	0.10188413
0.9705204	0.83314764	-1.2516485
0.9756679	0.097115815	-0.95151585
0.30372155	0.41348147	-0.10905647
0.0723896	0.4714402	0.20669463
0.54520166	0.98946416	-0.4202933
0.5478086	0.285448	0.8903773
0.69384	0.7600316	-0.85874045
0.6940891	0.7599658	-0.8476694
0.59155357	0.25322974	0.8295039
0.06808144	0.30809748	0.58654124
0.9374265	0.7558478	-1.2408663
0.2824914	0.14699048	-0.20495807
0.3354298	0.82764626	-0.40112764
0.3757766	0.77972496	-0.0024158084
0.46332783	0.09649563	-0.38380712
0.9064005	0.81006575	-1.1293252
0.0994938	0.28864646	-0.9193803
0.50611454	0.06394124	-0.20909983
0.7410855	0.4474426	-0.1767074
0.17732489	0.5350631	0.012738824
0.10204303	0.89869016	-0.3460619
0.043915093	0.960303	0.065007634
0.7005823	0.0078082085	0.07770386
0.77309316	0.26267582	-0.08627304
0.8100377	0.8354325	-1.5422094
0.59562045	0.37664574	0.30551738
0.1223079	0.06231594	-0.8684847
0.36669677	0.7842194	0.2637093
0.60574824	0.46576637	-0.0035058558
0.9941158	0.9661197	-0.29024488
0.75660014	0.6970806	0.55628866
0.44368106	0.3941927	0.34274355
0.88991344	0.3514309	-1.1466833
0.7177521	0.09755856	0.21418038
0.8955131	0.8008381	-1.5405878
0.8859223	0.26294225	-1.5650922
0.55744344	0.50888234	0.1649331
0.23144197	0.26115537	0.7878611
0.37307543	0.0087533	0.32818428
0.81305754	0.8743114	-1.7448685
0.6981983	0.9114301	-0.71417385
0.7680348	0.2420891	0.12128794
0.37270188	0.3822587	1.2353493
0.4398601	0.5091633	0.36277297
0.18346083	0.8785955	0.41080084
0.44924957	0.7382552	0.0075294543
0.5058219	0.02788359	-0.06088447
0.3057438	0.6102644	-1.3718115
0.27453202	0.31339753	0.11926224
0.60393095	0.9327323	-1.0466557
0.6658679	0.2507586	-0.45231178
0.1724357	0.7859382	0.11793228
0.42326605	0.7371697	0.098710924
0.28823054	0.04561436	-0.5896369
0.4342944	0.9840992	-0.7081158
0.08902311	0.90079033	-0.018671468
0.09199524	0.1862191	-0.18091217
0.10876846	0.8314437	-0.4005742
0.70776963	0.51821166	-1.5750487
0.85671276	0.63725084	-1.1997379
0.17872715	0.78017163	0.23149143
0.25759327	0.98803943	0.6537596
0.33676744	0.5186556	-0.39362076
0.2989744	0.9490736	-0.016460855
0.048565388	0.22735399	1.3622139
0.22332686	0.5419258	-0.8281155
0.46046215	0.3661095	0.08440156
0.100188136	0.091706395	-0.31631687
0.71805555	0.56675977	-0.97554666
0.5808568	0.94162506	-0.9608335
0.027485609	0.34748006	0.66308916
0.23183054	0.7532201	1.4849352
0.90907866	0.3528862	-0.96787065
0.39110845	0.27307206	1.8314526
0.82776827	0.5644169	0.17062095
0.52419174	0.74731547	0.09062745
0.26259404	0.26354045	0.45653117
0.5522928	0.9244437	-0.33973828
0.72872394	0.95945996	-0.030725392
0.6054692	0.61995786	-0.44195092
0.8659137	0.26464814	-0.80772614
0.21770418	0.592147	-0.40968865
0.297988	0.6562619	-1.2654482
0.032575548	0.5111514	0.83044696
0.93299997	0.7177122	-1.2169244
0.66408145	0.41156256	-1.530055
0.08999795	0.032296658	0.015291521
0.3409261	0.27967495	-0.25324428
0.7837604	0.9685356	-0.6786547
0.20515418	0.42271513	-0.59079146
0.9800201	0.3621934	1.2980126
0.8485592	0.87850547	-1.524736
0.9893705	0.46026105	1.5886579
0.9355476	0.23315084	-0.23998536
0.99022937	0.11658484	-0.8091992
0.8966529	0.29689878	-1.2784613
0.98997235	0.48395592	1.5874631
0.36813778	0.257864	1.1883872
0.41489923	0.6696809	0.4268533
0.7546416	0.6518389	0.7029811
0.90915936	0.8264302	-1.0070033
0.45079023	0.077272415	-0.30560553
0.726428	0.6085385	-0.40657583
0.91732067	0.27311033	-0.60289985
0.061133564	0.6252464	1.0809687
0.842267	0.66065246	-0.42742726
0.31804967	0.4961508	-0.6860849
0.74831355	0.45489115	-0.09117164
0.376477	0.83124137	-0.3699577
0.5351397	0.53647536	0.68896306
0.47656417	0.50172	-0.052015238
0.8054314	0.22977549	0.26731348
0.5271492	0.7764582	0.092005685
0.8185565	0.363737	0.3273762
0.021580815	0.1909563	0.8489476
0.88179344	0.7705686	-1.784093
0.42607313	0.12297064	0.14374867
0.8023309	0.1677211	0.4444123
0.39035273	0.21360046	1.50088
0.7803843	0.44891983	-0.36805362
0.9878408	0.6561047	0.30211246
0.45743853	0.96383023	-0.30660447
0.5457156	0.004864216	0.68546504
0.5094553	0.9378133	-0.14961544
0.4645732	0.30964285	-0.06853355
0.5132067	0.072466314	-0.11278837
0.859053	0.012523234	-0.22598407
0.102472425	0.62203884	-0.20734113
0.060290158	0.12311882	0.90086854
0.94585174	0.83164746	-1.1531495
0.362396	0.8182336	0.12915164
0.6836405	0.7258995	-0.81285053
0.32523698	0.46888953	-0.4434735
0.6743876	0.12380779	0.27922067
0.42757177	0.46171594	0.29309374
0.11266869	0.86944366	-0.5824324
0.7512631	0.6915762	0.45849496
0.48207873	0.41612905	-0.013731898
0.67866665	0.3455717	-1.3467453
0.29870564	0.032723486	-0.9824958
0.34642684	0.4592666	0.098412536
0.6346944	0.53581905	-0.14513093
0.302036	0.049842656	-1.0574057
0.6975202	0.20345515	0.17266387
0.08726293	0.9919171	-0.35715178
0.06837249	0.8692627	0.6675409
0.302835	0.5698605	-1.1032016
0.33771765	0.045847654	-0.41084638
0.605404	0.60961705	-0.37221813
0.7753218	0.85767305	-0.3355528
0.7915906	0.11548036	0.37351644
0.91801214	0.14817858	-1.0688066
0.18119478	0.87169087	0.33483523
0.9267355	0.31255358	-0.2488159
0.4902405	0.82356125	-0.30180648
0.84358275	0.83312804	-1.1756481
0.26337856	0.8656048	1.0947772
0.69421244	0.32458752	-0.8091866
0.2532313	0.075903654	1.143448
0.43598127	0.7270354	0.12101565
0.10065669	0.67740273	-0.0316476
0.93323606	0.47503036	-0.39195383
0.599365	0.34416693	0.46240708
0.79321235	0.7072996	-0.05429328
0.74702364	0.7983281	-0.09896242
0.18706799	0.6483397	0.043202072
0.67417115	0.20414937	-0.013359603
0.04072094	0.34934592	0.9757992
0.6415392	0.8652824	-0.541024
0.015551269	0.78803885	0.59244823
0.38131863	0.57636034	0.034381203
0.6313473	0.42513072	-0.16139077
0.11550099	0.29621	-1.5752311
0.58963346	0.74316645	-0.54438144
0.96315426	0.15048605	-0.7530067
0.13902014	0.71893764	-0.031160314
0.8863444	0.3575266	-1.0223556
0.75287914	0.24463093	0.46924105
0.7029606	0.7841117	-0.91406405
0.830244	0.438281	0.60969424
0.8717499	0.7298343	-1.8302785
0.059334874	0.4303611	0.602185
0.90276176	0.12380487	-1.4083405
0.2491898	0.15172452	1.4216621
0.5395677	0.42641884	0.4103893
0.90508705	0.88857216	-0.76500785
0.95787823	0.41582137	1.5018415
0.95054644	0.9304487	-0.62985384
0.28440315	0.6334305	-0.756346
0.833719	0.79949945	-0.9114277
0.7049378	0.82240844	-0.9203948
0.24956614	0.74659425	0.9718684
0.32694858	0.5000858	-0.5217352
0.39696568	0.7696791	-0.35059527
0.60438305	0.6855874	-0.7016824
0.94145924	0.98436177	-0.31426242
0.6209535	0.21152794	0.12450969
0.4519946	0.026982307	-0.41086265
0.49693406	0.77113414	-0.11258672
0.44753253	0.4711452	0.27101016
0.21757811	0.1603617	1.4074537
0.09350419	0.74429417	0.23209572
0.05939603	0.64655477	1.2015995
0.25617796	0.6200395	-0.34754294
0.67139137	0.5546641	-1.816522
0.7728157	0.08624405	0.5865526
0.37352037	0.9073284	-0.73210543
0.2571345	0.9446621	0.8592602
0.31640857	0.011265695	-0.9667306
0.21179199	0.3460778	-0.28099528
0.66506356	0.14221299	0.17901942
0.5132082	0.9334859	-0.16715209
0.05798596	0.4829939	0.6871176
0.07441056	0.39955765	0.07561116
0.5157463	0.8494225	-0.00041795662
0.71306777	0.02819413	0.11978785
0.04510492	0.13851494	1.0967962
0.62047344	0.21326935	0.16537312
0.4501902	0.6534079	-0.02816984
0.31856817	0.7398353	-1.1950668
0.5662012	0.15568763	1.3153963
0.6810918	0.17217451	0.15077585
0.52186567	0.751582	0.08049877
0.061908603	0.04415196	0.7091083
0.82200235	0.20799011	0.43544015
0.33405626	0.42767155	-0.18506372
0.1339984	0.99445367	-0.42003077
0.090560436	0.7233415	0.3282573
0.689916	0.32218093	-0.93040395
0.6313639	0.99613184	-0.3913396
0.79469985	0.9000562	-1.2392008
0.22557592	0.24397874	0.89242035
0.40939063	0.42711192	1.0234953
0.82359064	0.34604484	0.47277752
0.4954499	0.07872403	-0.4881126
0.40745395	0.76781285	-0.29487598
0.42240083	0.1856857	0.6775918
0.66892236	0.944608	-0.6500893
0.7990705	0.46821362	-0.14485358
0.10898173	0.721458	-0.28699476
0.84012055	0.7478975	-0.6015391
0.098104596	0.7501018	-1.6206875e-05
0.29898173	0.7947318	-0.6908078
0.4499058	0.5601159	0.16758293
0.37046504	0.7470603	0.24647446
0.48115146	0.118056655	-0.7865429
0.1296264	0.8148579	-0.4439833
0.81118536	0.30768228	-0.008534982
0.56250864	0.37068504	0.5709397
0.071148515	0.6484404	0.8130938
0.21944577	0.4862641	-0.8408747
0.36567235	0.93432146	-0.87602174
0.017857969	0.7197413	0.8891043
0.46131235	0.22598523	-0.12161699
0.38547218	0.336505	1.8998995
0.84914553	0.524219	-0.23900951
0.92345035	0.9902908	-0.30739325
0.81267697	0.30501932	0.07677799
0.13219684	0.5030979	-1.1826009
0.0850901	0.7218939	0.5195127
0.906212	0.4367484	-1.0892706
0.6663249	0.033800006	0.2628198
0.44380188	0.23597765	0.33693588
0.6971904	0.6785577	-1.0600361
0.9301533	0.40970373	-0.2310962
0.2288661	0.45878184	-0.84605235
0.32562476	0.63181263	-1.1003381
0.10011071	0.17467868	-0.48753113
0.4381947	0.3779695	0.52714443
0.22092396	0.44891763	-0.8296126
0.286254	0.6081713	-0.8818008
0.8029359	0.13392693	0.65203375
0.4706328	0.75594276	-0.26512364
0.2246458	0.5965613	-0.41581216
0.35180056	0.07150966	0.061019905
0.78121555	0.9517548	-0.5558349
0.78260976	0.18401003	0.06272876
0.07203996	0.83853513	0.80060667
0.7345554	0.13999319	0.3842408
0.9009764	0.7447534	-1.4547949
0.6403777	0.14905757	0.16255121
0.7288428	0.6804482	-0.42487806
0.019869566	0.6204308	1.2801936
0.94293815	0.8355242	-1.0445669
0.3802356	0.7553138	-0.07855967
0.7391092	0.9191069	0.031275187
0.5483631	0.6640903	0.13499749
0.88553613	0.5139174	-0.8833211
0.65791625	0.94948137	-0.61266166
0.6115112	0.17798215	0.39928862
0.9727287	0.63683355	0.3385313
0.15699476	0.31178468	-0.5123964
0.57009965	0.2990083	0.9766096
0.68349403	0.9927413	-0.6625254
0.26116133	0.29389364	0.419169
0.0077472925	0.8158131	0.3753621
0.45632768	0.3649912	0.13382347
0.7438152	0.99172235	0.106628776
0.3174464	0.03327489	-0.9413826
0.10414809	0.32740533	-1.2928711
0.8294337	0.37831932	0.71597546
0.50597954	0.13341326	-0.41318122
0.5243556	0.6799813	0.300247
0.21100157	0.14302301	1.1951942
0.004355192	0.8589214	0.26754168
0.38178915	0.44042766	1.090381
0.84117043	0.24054742	0.21449879
0.8807561	0.122740984	-1.8117698
0.46648037	0.33304924	-0.053665936
0.013288856	0.25788492	0.7935366
0.35915542	0.100866675	0.37774193
0.18908703	0.69760823	0.18451992
0.30161524	0.0064312816	-0.88407147
0.5587313	0.6441773	0.16989666
0.8462229	0.56392276	-0.3203278
0.12095928	0.834455	-0.4041535
0.42728156	0.07544482	-0.14062275
0.74582374	0.32223165	0.32163155
0.08710998	0.4155953	-0.5393544
0.15003085	0.33611673	-0.7769787
0.66995674	0.96967274	-0.7978462
0.38784176	0.21127301	1.4814025
0.04432738	0.061287105	1.2556316
0.66509646	0.35927296	-1.2827266
0.94883996	0.7332804	-1.5065387
0.758207	0.27364618	0.3298993
0.2396239	0.5156386	-0.8502944
0.9000972	0.8417699	-1.2156333
0.16169566	0.4766962	-0.19351138
0.057177067	0.1492123	1.095729
0.1372922	0.17856479	-0.97271794
0.048119903	0.83436716	1.2976278
0.5258698	0.07229167	0.15715416
0.5107077	0.9085769	-0.1151561
0.7059376	0.079589844	0.01747115
0.19674271	0.07782698	1.004105
0.7096155	0.5223296	-1.4913616
0.36166894	0.87841564	-0.37541282
0.40043032	0.9495639	-1.0291009
0.20034987	0.59129757	-0.2623699
0.7390519	0.72212344	-0.124548405
0.6672952	0.9649444	-0.78291994
0.5707763	0.705669	-0.22689521
0.34131724	0.9305153	-0.8877951
0.15756726	0.68495405	0.17582668
0.7525919	0.0855611	0.62403774
0.7035874	0.86238563	-0.74381655
0.20338827	0.98164135	0.929655
0.9072477	0.70634	-1.2599005
0.9253584	0.32657224	-0.20442455
0.69969195	0.17156655	0.15102096
0.046130598	0.16080022	1.20348
0.41448194	0.24437499	1.36873
0.39123052	0.23696369	1.6097971
0.1116662	0.059143007	-0.42614195
0.39651102	0.9220648	-0.8869609
0.3023724	0.97278976	0.014755654
0.46062493	0.95180863	-0.26917464
0.2065283	0.42997068	-0.690456
0.4248231	0.41567737	0.6133599
0.1108073	0.78146166	-0.31882545
0.5711671	0.3487758	0.59165156
0.22806668	0.580955	-0.5126496
0.8815292	0.64749044	-1.7236366
0.6235959	0.26345867	0.02904145
0.9713805	0.6045132	0.68940914
0.556337	0.82184064	-0.41564333
0.58345294	0.95954514	-0.98982203
0.2535261	0.14749944	1.2621279
0.14222872	0.14313555	-0.80999404
0.5890767	0.118077934	0.72986096
0.9795862	0.31785905	0.7349837
0.8111752	0.26241273	0.14868382
0.39479017	0.3145613	2.0143912
0.051617682	0.52996516	0.92131615
0.4924494	0.10255563	-0.6713435
0.56569874	0.22550476	1.3267542
0.43137252	0.28263122	0.9142776
0.3862546	0.22462684	1.6187171
0.545205	0.16182482	0.700179
0.22775602	0.98928815	0.93746185
0.13958555	0.9099583	-0.6263645
0.5667205	0.049875557	1.0122546
0.17557234	0.75491893	0.20427082
0.45408082	0.17639726	-0.122683
0.6658237	0.8674384	-0.38612786
0.59701747	0.6321393	-0.3065669
0.6025925	0.4972875	0.029020987
0.77207905	0.95852154	-0.19175306
0.9903492	0.6988305	0.08953056
0.6525407	0.22455037	-0.29351112
0.045244098	0.10584891	1.1206098
0.83475834	0.5434247	0.104570806
0.008295834	0.7897039	0.34057623
0.61578685	0.7259349	-0.8389775
0.9320294	0.9870022	-0.30353096
0.3563437	0.5757918	0.059425622
0.38497293	0.11564535	0.6279387
0.5194937	0.832938	-0.026389241
0.53150445	0.27861106	0.25465605
0.06501931	0.37969482	0.4502585
0.50242406	0.52346486	0.12581044
0.02050364	0.6941805	1.1028508
0.9806139	0.051889062	-0.8725235
0.2861203	0.065295815	-0.50445634
0.33561635	0.5192361	-0.4052802
0.18335706	0.001116097	0.610514
0.34067243	0.82707405	-0.33549267
0.10881245	0.10413289	-0.4956787
0.9155787	0.7603559	-1.1265094
0.37667996	0.8798915	-0.6575164
0.3885104	0.050576985	0.2014152
0.5600505	0.24576205	1.2693579
0.38843393	0.097230375	0.42871645
0.08290768	0.2673744	0.05968134
0.91478604	0.09251732	-1.0343804
0.7150192	0.6488268	-0.82750165
0.13753116	0.609933	-0.45207202
0.5065961	0.23142165	-0.6566702
0.6672569	0.75825673	-0.43494073
0.7719134	0.08255017	0.5212224
0.36563563	0.18558288	0.8219646
0.026153922	0.064216316	1.2974751
0.008556366	0.19762933	0.8631495
0.50747126	0.6232246	0.12964189
0.047605455	0.69512737	1.5076635
0.7845334	0.0746029	0.5072832
0.9899329	0.5606337	1.1498506
0.9568255	0.8638915	-1.1939058
0.16998672	0.46550012	-0.05688095
0.5721816	0.42938095	0.057869144
0.91239136	0.41693777	-0.9246221
0.9286268	0.5929178	-0.94357246
0.6843999	0.6280375	-1.4055535
0.92606264	0.28205812	-0.2687055
0.43352652	0.57708603	0.2654582
0.3887477	0.2530734	1.725991
0.6585615	0.525693	-1.1752119
0.6734465	0.41228926	-1.9499843
0.47291946	0.35036564	-0.15468186
0.19673872	0.3229363	-0.34202904
0.63090473	0.8642966	-0.78829426
0.9676625	0.55993015	1.1854694
0.051486313	0.891008	0.60107887
0.49873573	0.4067468	-0.16982917
0.36804342	0.9391534	-0.91625094
0.24039948	0.545312	-0.7298668
0.4684742	0.63884985	-0.22097945
0.18789905	0.12252754	0.48198518
0.6316365	0.059708238	0.5903293
0.61922985	0.659912	-0.6818898
0.021406174	0.894503	0.7313366
0.5998452	0.94027364	-1.1275642
0.14760792	0.65009654	0.05461029
0.3924992	0.5785157	0.13589966
0.5467639	0.24793065	0.88273984
0.4858374	0.36075342	-0.19143036
0.9843978	0.8000417	-0.6963291
0.8871459	0.23119861	-1.7478644
0.33929604	0.47794813	-0.27606452
0.7943744	0.8502992	-1.2697104
0.55697274	0.71732634	-0.13659337
0.6940283	0.35660303	-1.1864707
0.2676707	0.75692695	0.32804826
0.49447817	0.7762006	-0.21213435
0.4522438	0.833342	-0.08880968
0.9339704	0.38492304	0.021475993
0.93290234	0.39769864	-0.12716566
0.87673503	0.73359126	-1.8206105
0.06616688	0.32037985	0.57918316
0.3540933	0.08441758	0.18109782
0.7466245	0.62900716	0.43178418
0.9303065	0.544033	-0.8028368
0.9505881	0.16804641	-0.6361077
0.30864692	0.83140284	-0.6526983
0.90567476	0.10387534	-1.2598
0.45848924	0.66539437	-0.10742867
0.12422317	0.39656907	-1.630411
0.60298955	0.05480057	0.61374855
0.8679412	0.52517277	-0.48779562
0.65418017	0.299447	-0.6816943
0.24773777	0.7816899	1.3445373
0.6505842	0.5652312	-0.68771225
0.5786256	0.8771162	-0.86584705
0.12313503	0.22278583	-1.289347
0.41681206	0.85489595	-0.48814943
0.2908972	0.09179306	-0.6621797
0.9642171	0.083592415	-0.91343313
0.46038795	0.7359959	-0.16230147
0.5165772	0.63259387	0.24945083
0.80603063	0.2884938	-0.09957091
0.61911064	0.3839711	0.06183423
0.5046999	0.24125302	-0.5965983
0.3178746	0.80725735	-0.7559053
0.6596201	0.0480994	0.20013466
0.0151183605	0.09867698	0.97515726
0.9850359	0.8692533	-0.80582005
0.47655243	0.85895824	-0.32540894
0.4480313	0.722782	0.04512617
0.22890931	0.8506799	1.9279097
0.33986866	0.4266072	-0.11082134
0.61625546	0.8666047	-1.034705
0.570157	0.5911476	0.16821957
0.5413203	0.8325579	-0.20656835
0.14909708	0.29289138	-0.9153654
0.48369896	0.43621302	-0.041830126
0.6113514	0.4211858	0.054957513
0.08379513	0.9973192	-0.43125117
0.8768329	0.21840471	-1.6354358
0.850394	0.4598118	0.064833716
0.3080386	0.14225	-0.7197049
0.34644777	0.83527803	-0.25775582
0.7934912	0.5246329	0.16722612
0.28387994	0.8653647	0.33290064
0.089319766	0.7342912	0.32017347
0.15679973	0.8271254	-0.25945312
0.9380938	0.65817297	-1.0439565
0.34248042	0.7033419	-0.14860252
0.5773459	0.47883737	-0.012237
0.37097508	0.45933312	0.52248454
0.96722925	0.3723361	1.388826
0.7658348	0.8645383	0.015966533
0.48719215	0.22454625	-0.91707295
0.042190015	0.97244656	-0.016548479
0.1428119	0.58460027	-0.43225235
0.024016261	0.1835432	0.8873629
0.09043038	0.5562026	-0.30058828
0.34086567	0.6862087	-0.25473735
0.73873794	0.3449626	0.03707839
0.25708276	0.45241416	-0.50456053
0.7782645	0.7729298	-0.20708342
0.59252423	0.85653573	-0.6611003
0.2433117	0.06427473	1.3965878
0.23257059	0.5629218	-0.61318207
0.24814498	0.9886166	0.7398184
0.060647547	0.03308922	0.79984653
0.82533544	0.3855253	0.555111
0.08542311	0.09924245	-0.019244514
0.03700584	0.66761446	1.3883214
0.7113683	0.45542693	-1.4626813
0.43269014	0.13145	0.08965507
0.78269005	0.6383906	0.5872672
0.5590341	0.3765903	0.5413587
0.748263	0.6635893	0.49670786
0.6548503	0.2537403	-0.5092001
0.22993481	0.348279	-0.17236301
0.3258236	0.014374316	-0.684942
0.09933275	0.96937954	-0.33198884
0.6110899	0.22562683	0.4418229
0.30019587	0.587271	-1.1298501
0.75192505	0.74858755	0.08666959
0.21957946	0.45422614	-0.87165993
0.64697814	0.85707206	-0.47971717
0.050285995	0.31963396	1.1349773
0.6821021	0.8902615	-0.681945
0.47148627	0.12986815	-0.5419695
0.6020261	0.72967577	-0.6946759
0.3229431	0.6691502	-1.2496728
0.38263303	0.40022147	1.4313111
0.18591964	0.41771108	-0.35026354
0.5134741	0.56263125	0.29432404
0.45604056	0.36289394	0.13804998
0.14475352	0.9172518	-0.573848
0.7287923	0.9762065	0.044955537
0.47969472	0.6591933	-0.35002843
0.30732864	0.90816176	-0.33493266
0.46578383	0.4596563	0.11937557
0.6026553	0.60621315	-0.28966615
0.9840282	0.25352836	-0.13811107
0.07540697	0.74202824	0.8686414
0.3410191	0.58993083	-0.34429878
0.6076936	0.38025534	0.30518493
0.6471348	0.37212604	-0.5679529
0.3244254	0.40072405	-0.3203647
0.21464044	0.17635119	1.2192236
0.13871288	0.78893226	-0.17463933
0.6538987	0.05771017	0.23683196
0.08459997	0.80804837	0.45775107
0.5295527	0.9472226	-0.28120956
0.27423435	0.044051826	0.22748639
0.9538726	0.59390634	0.28078148
0.41781777	0.13752729	0.2679162
0.22814357	0.2301817	1.0885521
0.86253166	0.14643615	-1.2007341
0.04826361	0.63668776	1.4556395
0.9319102	0.36621583	-0.050378572
0.21152353	0.8375774	1.7174876
0.34093124	0.8440274	-0.43121976
0.74581736	0.7292921	0.027292103
0.85899967	0.57824963	-0.7975038
0.7408736	0.8190428	-0.20285468
0.30592805	0.23557228	-0.49300155
0.3634572	0.8579141	-0.2421519
0.8240374	0.6385634	0.14484838
0.13228416	0.47465152	-1.2703558
0.7795787	0.9402093	-0.4527438
0.19233614	0.7954396	0.8005225
0.14872879	0.40889788	-0.75967324
0.8531529	0.301385	0.14991373
0.8688972	0.52267903	-0.4219615
0.044510543	0.5042147	0.83801687
0.43218356	0.9541742	-0.6229001
0.12009078	0.6203562	-0.56771743
0.15921599	0.6740385	0.18727311
0.7530455	0.27428156	0.45894384
0.10246146	0.072053134	-0.30474523
0.7856631	0.14703721	0.2473855
0.69444263	0.1382109	0.14402738
0.35156107	0.043072104	-0.03744124
0.5465009	0.24403703	0.8931439
0.63311094	0.86775094	-0.8325292
0.22722489	0.50580424	-0.9937536
0.22134584	0.9916814	0.93963623
0.677925	0.48390037	-2.2349575
0.9359072	0.7952767	-0.99417794
0.7801566	0.595226	0.6875874
0.9950934	0.40909111	1.1906818
0.20848829	0.5194312	-0.712443
0.68107903	0.42437166	-2.1308796
0.5072443	0.8844427	-0.07399991
0.70649683	0.844924	-0.8453742
0.12884289	0.7183904	-0.08905095
0.5897187	0.021363556	0.63791436
0.72992164	0.23573488	0.38101214
0.8234424	0.8904167	-1.8776902
0.4243005	0.820057	-0.0014059246
0.1580401	0.5284554	-0.22932804
0.6309477	0.5312811	-0.18386841
0.75267375	0.28490293	0.4528792
0.14338547	0.65262544	-0.14518897
0.85810304	0.4078822	0.04576854
0.7851517	0.523928	0.28382543
0.37484717	0.4035048	1.1746671
0.84711504	0.30412036	0.38767722
0.26084208	0.12946397	0.9123764
0.61763144	0.23522097	0.25684762
0.06685132	0.5385114	0.6290444
0.43238407	0.6623192	0.26667726
0.8181271	0.80310124	-1.1297365
0.51541835	0.64938563	0.23190714
0.03727609	0.0536682	1.2374201
0.959735	0.038040936	-0.8272875
0.7094507	0.47888047	-1.5432178
0.98794276	0.39600486	1.3082533
0.7848664	0.35917413	-0.62826943
0.72548664	0.82068694	-0.6934507
0.56739885	0.79078966	-0.54871
0.17406392	0.28705662	-0.525148
0.6208191	0.51699936	-0.1516902
0.91532713	0.021926045	-0.66900575
0.8395593	0.12708044	0.23806474
0.010828197	0.7243045	0.5684793
0.06576699	0.014225185	0.5609294
0.7428968	0.56115055	0.25187367
0.8936223	0.2910577	-1.3349795
0.18609083	0.82700425	0.5156086
0.23672533	0.40063155	-0.5267799
0.5916916	0.58542585	0.028734809
0.67624176	0.055355072	0.21626964
0.4296769	0.097691715	-0.08216242
0.01299566	0.94176084	0.5937729
0.9859828	0.5436435	1.4082348
0.9545324	0.4309016	1.3157237
0.96036357	0.19479841	-0.5267782
0.8692893	0.847278	-1.7715943
0.87360173	0.3159765	-0.7662622
0.31928724	0.9341736	-0.5080886
0.81356835	0.5909363	0.12710276
0.8455484	0.35984933	0.5979562
0.55655354	0.76885027	-0.29905802
0.042593837	0.64662814	1.4633118
0.2605453	0.8061096	0.9630879
0.52706414	0.08437461	0.25984454
0.41405964	0.29008037	1.6171147
0.44091827	0.91910523	-0.30842504
0.8024898	0.49032646	-0.03571458
0.555488	0.60522884	0.39951274
0.7587518	0.60983336	0.8392211
0.5395305	0.735486	0.035166547
0.50184673	0.58706707	0.06888238
0.13951409	0.7751808	-0.14468062
0.11176497	0.4678179	-1.6236244
0.2913313	0.04360497	-0.6806929
0.378025	0.094166934	0.6045102
0.2545221	0.14340359	1.238646
0.04468447	0.28479737	1.2299649
0.22702414	0.8939145	1.7583426
0.38314593	0.6022537	0.072012894
0.10051006	0.56987226	-0.579808
0.5292057	0.5660845	0.5858328
0.8117783	0.36924106	-0.011226675
0.8269465	0.9919835	-1.7291967
0.7636477	0.343329	-0.1739743
0.9595348	0.1414392	-0.797682
0.97875386	0.9982641	-0.30646166
0.24698853	0.6801495	0.30723467
0.574502	0.84744847	-0.8322371
0.081801474	0.29993403	-0.03876608
0.21885079	0.85527927	1.849376
0.74864686	0.2689066	0.46549827
0.39900345	0.1959253	1.124626
0.7635818	0.38554937	-0.2090199
0.6671386	0.7551927	-0.4547812
0.021348	0.7746923	0.8551293
0.6109634	0.7569552	-0.87546164
0.6667198	0.99888283	-0.7159594
0.70574236	0.53025866	-1.6295893
0.7001863	0.110087335	0.10492437
0.7658647	0.08546513	0.6009298
0.42274833	0.06761432	-0.18612
0.18405312	0.044744194	0.65201354
0.077794075	0.59107435	0.44047138
0.5838998	0.10627574	0.72398204
0.70660126	0.89739305	-0.6221305
0.45594144	0.57660466	-0.057503093
0.27693576	0.6599197	-0.46941203
0.9513539	0.16561228	-0.6298546
0.30075967	0.71491194	-1.2651392
0.49710923	0.8830576	-0.0663517
0.93264234	0.3531174	0.024512261
0.964744	0.7893922	-1.3933253
0.5957986	0.82629263	-0.5453656
0.056159675	0.7981713	1.3985324
0.9174655	0.06850135	-0.96619314
0.39744258	0.58505595	0.10809828
0.09832269	0.22135615	-0.5607897
0.07276279	0.81679535	0.94458914
0.11087829	0.5021835	-1.4727569
0.99799824	0.6067803	0.76102376
0.90043396	0.08628267	-1.2276536
0.49870682	0.16247618	-0.77660584
0.8571735	0.6022721	-1.0075082
0.1035943	0.8563037	-0.48623538
0.14575797	0.46314675	-0.782035
0.22146595	0.5763982	-0.58636534
0.76058954	0.6312129	0.886564
0.7925018	0.58778626	0.36523098
0.7470636	0.7336013	0.031315718
0.3966983	0.5607264	0.11754495
0.9463024	0.9199517	-0.6212894
0.9230698	0.95207894	-0.24529767
0.6874532	0.8665991	-0.7900697
0.6171743	0.28076124	0.2585822
0.08292198	0.4839462	-0.2612976
0.41578436	0.90707606	-0.8197873
0.34191155	0.2692865	-0.22267087
0.33561707	0.74083996	-0.50285363
0.2165268	0.96356916	1.1321172
0.29103488	0.059318006	-0.68538326
0.4114492	0.626271	0.47748944
0.05685246	0.15343118	1.1572937
0.9311725	0.9484899	-0.31877202
0.32484752	0.8403592	-0.6442239
0.4294042	0.098686814	-0.0815478
0.72109103	0.06932986	0.17652178
0.5687767	0.7962052	-0.55693454
0.91235584	0.6452299	-1.146867
0.28767025	0.35698956	-0.07183622
0.376154	0.6638724	0.0123862885
0.7968982	0.9116596	-1.3050327
0.7975541	0.08270413	0.6050311
0.46404076	0.23663086	-0.2146291
0.47163856	0.30147845	-0.27822387
0.059068084	0.9203617	0.27773547
0.09932339	0.33574736	-1.0578711
0.11727744	0.5170489	-1.34414
0.56834704	0.5707008	0.15478171
0.5745316	0.43394667	0.06821165
0.8695244	0.984657	-1.4347835
0.8515407	0.63254386	-0.86534756
0.14522308	0.37879235	-0.9026158
0.61975396	0.45296186	-0.017340701
0.57251775	0.8194171	-0.7571526
0.65537566	0.1786285	-0.108264945
0.80667794	0.4544351	-0.059290297
0.17578858	0.7768093	0.14391477
0.23388857	0.4817952	-0.9361977
0.13548726	0.7012924	-0.13422084
0.32026958	0.2525558	-0.51069826
0.9737793	0.57414776	1.1729282
0.047799528	0.7911568	1.3873357
0.47411525	0.58984435	-0.14787216
0.7633672	0.020415485	0.39177412
0.6436913	0.13450575	0.19190529
0.83275783	0.4867953	0.35118043
0.8002222	0.470465	-0.16963983
0.84840935	0.14471966	-0.2814363
0.46918982	0.75775003	-0.27114472
0.7739659	0.9643573	-0.23166579
0.3754313	0.38025457	1.385509
0.97798365	0.46299183	1.8724524
0.26288515	0.53967834	-0.59692705
0.20882815	0.17080623	0.97081923
0.6206035	0.45574254	-0.084126756
0.3441645	0.6921724	-0.11029404
0.5923685	0.87235194	-0.7670829
0.2034595	0.91480446	1.2939348
0.45804262	0.5427561	0.0036135782
0.19491142	0.7046198	0.38727304
0.8021784	0.23854214	0.121446334
0.24063545	0.91140336	1.4977909
0.28780138	0.25719327	-0.16184354
0.18437558	0.5992998	-0.055759877
0.38772225	0.752099	-0.27858543
0.7995547	0.1154657	0.63242036
0.23778516	0.93812734	1.293072
0.42471653	0.96597034	-0.9040063
0.8851354	0.83520323	-1.6210692
0.64818	0.712733	-0.34224445
0.011149347	0.96272564	0.44809467
0.6865939	0.82939583	-0.7581284
0.39517587	0.41079122	1.4774916
0.063447595	0.33496135	0.67374986
0.70317745	0.3181461	-0.46975
0.19252461	0.38400435	-0.4552407
0.6491673	0.9461955	-0.66568327
0.87943035	0.726481	-1.8076278
0.7490403	0.49160337	0.13163358
0.65333265	0.12780398	0.13312955
0.40228182	0.5531972	0.2498983
0.46009755	0.54554045	-0.07474215
0.8744228	0.46983123	-0.3544705
0.8102693	0.024719894	1.0573239
0.925145	0.66233045	-0.9778716
0.033739626	0.6024379	1.287058
0.96328545	0.5342701	1.3139945
0.49850154	0.5384118	0.00077792676
0.70352346	0.44468677	-1.737313
0.4255879	0.79996324	-0.037420023
0.019137919	0.03403586	1.1814235
0.104001045	0.59612966	-0.3669855
0.78710824	0.8558154	-0.9173895
0.4098289	0.21619612	1.1982152
0.2248891	0.20920521	1.2847393
0.6357064	0.0025080442	0.51223993
0.24790418	0.91521925	1.2409517
0.5958498	0.082926035	0.6876688
0.8086441	0.69326794	-0.004351735
0.9413828	0.20472866	-0.44437575
0.23015785	0.89209604	1.763093
0.007496476	0.2125392	0.8473457
0.8823044	0.51925814	-0.76608235
0.7428904	0.31942868	0.2393922
0.053536654	0.04184985	1.0367895
0.81949145	0.8398463	-1.4558449
0.33534974	0.5972987	-0.6352626
0.6072561	0.825382	-0.9198204
0.72131914	0.23044169	0.24279642
0.72364414	0.16986477	0.32053602
0.26189482	0.4021243	-0.22893056
0.15152532	0.83452725	-0.35735577
0.67191356	0.51767087	-2.0221019
0.24131769	0.4780013	-0.9027749
0.23484594	0.4882444	-0.98384374
0.7952297	0.33854258	-0.53429615
0.45265538	0.36468345	0.18402196
0.84977955	0.6923074	-0.9446556
0.20270908	0.8761758	1.471671
0.35807484	0.78347814	0.18136995
0.55407107	0.54196864	0.29153028
0.09881455	0.03444594	-0.15550262
0.66590154	0.15191388	0.1258773
0.29266202	0.17518121	-0.5661105
0.3724637	0.34870607	1.3776208
0.44531077	0.9678493	-0.46422628
0.94039696	0.081148565	-0.6624603
0.58719796	0.30978632	0.68685985
0.4313354	0.48749536	0.30748126
0.12545085	0.29453635	-1.6422857
0.9038364	0.29088193	-1.1293643
0.37609488	0.42640072	1.0321449
0.027448595	0.79569423	1.0872309
0.5122828	0.6542373	0.2169499
0.4343416	0.48868036	0.27104777
0.54105425	0.22261554	0.5677762
0.2914911	0.930251	0.09785029
0.876375	0.64259857	-1.6528676
0.5799425	0.18406713	1.087154
0.43585056	0.8240873	0.123323165
0.058913052	0.8094036	1.2641853
0.53558177	0.28569335	0.38936734
0.4736873	0.049040973	-0.5400237
0.6811055	0.14866024	0.29354125
0.45727974	0.96738094	-0.34014398
0.84813684	0.80400276	-0.937898
0.09052265	0.69408023	0.3356297
0.2681898	0.15693355	0.5341935
0.7803731	0.542668	0.4477162
0.6523612	0.5659386	-0.74346644
0.74906534	0.7943278	-0.13143152
0.9831761	0.17211658	-0.6393199
0.18904078	0.4541312	-0.33641154
0.104715645	0.44524866	-1.5451338
0.57932293	0.020225346	0.8927869
0.13519502	0.4462809	-1.254236
0.4969877	0.0023870468	-0.078193165
0.37609303	0.7807276	0.053943247
0.14781731	0.7835218	-0.088503346
0.7135626	0.2948544	-0.045615207
0.24054056	0.74707055	1.2513703
0.26240957	0.7260062	0.2923454
0.9271553	0.8159562	-0.6971636
0.893277	0.5630354	-1.2978566
0.49572462	0.038477898	-0.243501
0.10929167	0.7200257	-0.24370785
0.89484644	0.0008479953	-0.44652975
0.2485537	0.8864735	1.4073578
0.29292852	0.7891956	-0.50803673
0.8291707	0.43151367	0.52707833
0.66626024	0.25859588	-0.4993532
0.16066122	0.4448374	-0.27591544
0.7204767	0.64038837	-0.6205901
0.6403652	0.7447778	-0.4424194
0.13382536	0.8090628	-0.38752773
0.052402735	0.06271839	1.044771
0.59227073	0.6486919	-0.21180096
0.7194251	0.78335863	-0.7867551
0.55742973	0.844427	-0.46242738
0.96355075	0.09422475	-0.85806686
0.22615516	0.74744904	1.5453656
0.98293424	0.32057184	0.73432994
0.91913193	0.0005065799	-0.56680804
0.14470494	0.31745917	-1.0992947
0.32585818	0.6659545	-1.1122069
0.34580225	0.16940588	0.07389002
0.22117352	0.16989219	1.4694315
0.7971549	0.8670577	-1.4067556
0.0720458	0.14455467	0.5979277
0.30616397	0.12793237	-0.8224378
0.1014331	0.12393206	-0.49782932
0.1740712	0.5332078	-0.045204993
0.8746018	0.710259	-1.8656665
0.09185678	0.9653542	-0.33583587
0.23386669	0.25544006	0.83504504
0.57982296	0.40934396	0.07718139
0.40542185	0.27505445	1.803394
0.3733948	0.14098746	0.87740064
0.29505098	0.87787044	-0.22952676
0.59323126	0.4125976	0.20106973
0.26790106	0.81108886	0.7556619
0.5282828	0.66270083	0.28524432
0.958869	0.93415815	-0.5971132
0.2150861	0.07708353	1.5501865
0.9394941	0.44751298	0.12092408
0.39778358	0.35202348	1.9469213
0.23691571	0.41891164	-0.6068706
0.526576	0.23511136	0.03538172
0.40141022	0.7947486	-0.4161632
0.45428675	0.46844363	0.26329422
0.9416974	0.5238401	0.04709699
0.78205526	0.607484	0.6993898
0.06424612	0.12731534	0.81298196
0.5123885	0.49449718	0.1555962
0.23589039	0.9747488	0.9537773
0.99233156	0.89310485	-0.4625336
0.26478428	0.6709807	-0.086148724
0.7736674	0.48997688	-0.016077196
0.62108743	0.16103715	0.35774294
0.94618624	0.5259638	0.3992222
0.09286064	0.051400483	-0.112923004
0.39645624	0.64918494	0.03494719
0.38101172	0.90538526	-0.8180652
0.09032279	0.65730864	0.278529
0.2592622	0.32998127	0.14812773
0.7013343	0.72205174	-0.97535187
0.70779616	0.13551825	0.07069398
0.94232565	0.7157326	-1.3044722
0.23811072	0.0804019	1.623667
0.74269867	0.8472045	-0.13480489
0.011155844	0.20228708	0.8596587
0.89193887	0.5607215	-1.2170707
0.9516774	0.56686294	0.43629187
0.70919704	0.8992248	-0.60773605
0.1931585	0.91892177	0.7881675
0.43882567	0.53160906	0.3217766
0.25648147	0.7267718	0.4433421
0.33361208	0.9575347	-0.6717938
0.5122982	0.6906008	0.1547687
0.75665474	0.10622692	0.6565493
0.0535807	0.56150824	0.99198574
0.44321674	0.012896538	-0.44531205
0.92881083	0.50652283	-0.71616626
0.16628683	0.46118087	-0.15132473
0.715088	0.10325962	0.11116217
0.69122726	0.9827865	-0.57454044
0.6970688	0.12210822	0.15829352
0.3091113	0.27352935	-0.43413776
0.22316903	0.27780104	0.5844757
0.7896795	0.84920853	-0.971975
0.19974416	0.8376917	1.3109986
0.46525347	0.5108129	0.028555777
0.57642466	0.06151837	0.83996946
0.5612514	0.4906127	0.09365083
0.6014765	0.4549721	0.10450102
0.47874492	0.60176235	-0.22033878
0.09190935	0.52339566	-0.61281085
0.6651317	0.04917991	0.24933754
0.39954937	0.67585593	-0.022504032
0.7455584	0.9751175	0.16911508
0.73748636	0.3344037	0.07440707
0.5959664	0.48916942	-0.037050493
0.23398405	0.20476407	1.3778437
0.7503437	0.2581706	0.4662566
0.37166893	0.38938212	1.1168044
0.009967804	0.10813755	0.92021924
0.87097883	0.17957836	-1.5907117
0.99391097	0.3186096	0.44824308
0.48704696	0.32858294	-0.38051796
0.07530624	0.9454183	-0.15940629
0.60669965	0.81772065	-0.92124003
0.9407153	0.41711038	0.3178154
0.7929212	0.824621	-0.9716939
0.36151183	0.85938627	-0.21237196
0.7155421	0.9680726	-0.24191946
0.14955062	0.8279425	-0.36124945
0.033808768	0.77289736	1.2584634
0.46519226	0.22102308	-0.22569403
0.567931	0.36514854	0.48634145
0.9000674	0.6954893	-1.4391983
0.13238752	0.42527968	-1.3767802
0.06679475	0.18915516	0.8760609
0.9094184	0.37573266	-0.92501044
0.84365344	0.1182794	-0.012214335
0.2962258	0.9675202	0.08309665
0.3639872	0.66625565	0.1825736
0.88925344	0.05652803	-1.0995921
0.331477	0.31629354	-0.39121738
0.73506993	0.12822759	0.407908
0.87007564	0.7159222	-1.8641062
0.8853602	0.9613674	-1.1718184
0.5075812	0.9813755	-0.13469489
0.97401893	0.7584516	-0.9954834
0.44007647	0.86310416	-0.04555572
0.118140936	0.85533524	-0.48616895
0.82246333	0.9010724	-1.8688436
0.41002345	0.051436126	-0.38894036
0.32536167	0.71831113	-1.114319
0.29540527	0.43570864	-0.19983
0.8479309	0.9498662	-1.794883
0.2840101	0.8336201	0.15842012
0.96120435	0.0928902	-0.9057253
0.30364364	0.59886456	-1.1991639
0.0071952343	0.103714645	0.8751293
0.7324253	0.7537538	-0.43683589
0.0067483187	0.9516174	0.43110943
0.23613596	0.0017467141	1.323647
0.535083	0.06847745	0.53321093
0.46222115	0.95419055	-0.377855
0.5334202	0.21994954	0.32085046
0.090173185	0.84197474	0.14298667
0.66684824	0.008808315	0.17717607
0.9616983	0.5674335	1.0222411
0.40082276	0.09429926	0.11440095
0.4363293	0.2604308	0.7124741
0.13433582	0.26282346	-1.3403225
0.9414148	0.38355577	0.43178427
0.39978832	0.83358085	-0.6526292
0.046556175	0.7733506	1.4534115
0.78717405	0.7475244	-0.2098431
0.5267369	0.040371716	0.31769148
0.24585104	0.005185604	0.93823576
0.71967	0.48055172	-1.0281429
0.9355304	0.5559672	-0.5211523
0.77040976	0.9755665	-0.15715471
0.29138857	0.070088685	-0.7354574
0.74013114	0.21615273	0.4708303
0.025495887	0.016403675	1.3021867
0.23514593	0.6338082	0.071337685
0.56958395	0.7548036	-0.43428066
0.1743995	0.4062183	-0.18920814
0.19466609	0.74982864	0.56148404
0.3412754	0.8208934	-0.3039928
0.7010624	0.23308003	0.026194256
0.16646343	0.41714346	-0.20934786
0.39560437	0.9726801	-0.9720554
0.21762449	0.042072296	1.6967088
0.75071126	0.21500862	0.49100184
0.7198565	0.8058386	-0.7137086
0.5810338	0.94695157	-0.94773537
0.32559502	0.6887279	-1.1085639
0.75815576	0.26903093	0.3376062
0.40327847	0.4547665	0.93087775
0.26933157	0.9342234	0.66875565
0.43053865	0.7698957	0.11446706
0.70185703	0.4839577	-1.9350457
0.7666032	0.41786045	-0.28283674
0.983705	0.17182398	-0.6745445
0.22804862	0.26486617	0.7303667
0.67180014	0.0651865	0.24188411
0.117524266	0.30692756	-1.6183562
0.5873042	0.83812314	-0.7723949
0.9730617	0.7914758	-1.1262218
0.6777733	0.09895623	0.2854769
0.091547966	0.66131425	0.27915937
0.8445848	0.66769713	-0.54539233
0.56723106	0.022955954	1.0542668
0.9689741	0.24914348	-0.01172718
0.27209437	0.49627876	-0.5068472
0.761397	0.62247413	0.7884947
0.98334175	0.6333175	0.46764174
0.9890667	0.20376527	-0.52383643
0.848243	0.22770321	-0.07779528
0.14542931	0.62872285	-0.14529397
0.42379606	0.057752788	-0.24558488
0.35296506	0.8100998	0.09689327
0.9885953	0.14432096	-0.789659
0.9104921	0.172113	-1.1736625
0.4299299	0.90339047	-0.30097798
0.7368901	0.62687635	0.16953197
0.606973	0.43179882	0.11138721
0.1905849	0.8332087	0.84222156
0.31712866	0.36184263	-0.31757987
0.06486499	0.11545831	0.77421504
0.5190045	0.37445843	-0.0021903291
0.68930477	0.002846241	0.2698146
0.60572046	0.091781914	0.7137001
0.09322703	0.52826864	-0.64878106
0.5145228	0.79353964	0.04188442
0.33483177	0.01896739	-0.5240195
0.7582841	0.02569443	0.39848626
0.48563617	0.62082213	-0.1986346
0.680885	0.99396974	-0.67339456
0.10429585	0.8462815	-0.42572775
0.075704455	0.52939093	0.22231093
0.2128163	0.029546678	1.6067705
0.6479116	0.20874709	-0.14104953
0.89009815	0.4328254	-0.81432354
0.91928697	0.45596832	-0.89483404
0.39171243	0.8440265	-0.58535916
0.6260767	0.32102418	0.048704647
0.8547252	0.665935	-1.259641
0.41863626	0.32558447	1.4531423
0.789285	0.66513497	0.27933344
0.7209905	0.98601305	-0.13074213
0.76829004	0.98537743	-0.068104625
0.83693	0.6621231	-0.16531008
0.96550804	0.094990194	-0.9349343
0.34756917	0.5132019	-0.11195326
0.90483457	0.52935195	-1.2656611
0.49509346	0.19345969	-0.91506726
0.38265955	0.7188848	-0.1723513
0.15992808	0.018598199	-0.3318287
0.6220292	0.29367173	0.10021436
0.49727064	0.34097862	-0.37709072
0.42225975	0.20452648	0.9665726
0.90748185	0.7026812	-1.2700765
0.6180107	0.086321056	0.6145451
0.097046494	0.27774072	-0.79275805
0.85065985	0.44666797	0.04869761
0.74462795	0.9418951	0.066068895
0.09071481	0.22786975	-0.22083627
0.7434282	0.10870677	0.5893553
0.4024344	0.30302513	1.9811352
0.33867383	0.29513	-0.22968978
0.5962723	0.66391253	-0.4173965
0.7780123	0.7513484	-0.035268694
0.21114248	0.7721133	1.3955518
0.7984268	0.40825003	-0.43997255
0.08498615	0.9763894	-0.34839645
0.7101578	0.9048925	-0.5981194
0.006932497	0.21222997	0.84208614
0.20269859	0.18303639	0.6922697
0.7696416	0.33490705	-0.31057248
0.66709024	0.5313664	-1.6609553
0.65589386	0.22587293	-0.32878485
0.5732345	0.44443995	0.0026458893
0.3733282	0.49683672	0.25614715
0.15576655	0.4344048	-0.51727784
0.78877956	0.03699881	0.6922058
0.8714887	0.8493833	-1.7495964
0.5145173	0.31769663	-0.40358508
0.96867806	0.13101155	-0.84745836
0.03417766	0.4406252	0.44000965
0.10074508	0.64358544	-0.10247935
0.4835508	0.85521483	-0.23655033
0.6640211	0.6985476	-0.781845
0.32584584	0.492751	-0.50768065
0.72530717	0.8623511	-0.5094366
0.9460554	0.0674575	-0.6372039
0.11314547	0.6885872	-0.30461434
0.4479047	0.18573517	0.095329896
0.32765597	0.5396844	-0.6825049
0.061261952	0.96704876	-0.21637872
0.1290595	0.18486685	-1.3334198
0.8442061	0.48118	0.1234029
0.11802596	0.014171779	-0.623584
0.82857496	0.8995799	-1.776169
0.08366525	0.07914889	0.02819886
0.27350044	0.8814118	0.7617917
0.57755715	0.80087525	-0.72154206
0.111456275	0.41956222	-1.6315038
0.21175331	0.84230775	1.7170415
0.3255173	0.45622998	-0.43201864
0.6025893	0.61766684	-0.3619735
0.88226074	0.8540711	-1.6356298
0.27398944	0.62423235	-0.5183605
0.2586698	0.70225155	0.2380614
0.26469672	0.8238714	0.9001701
0.58163637	0.5864197	0.06540815
0.5925777	0.16036445	0.9168061
0.01290822	0.4207626	0.14008188
0.8289786	0.7597128	-0.513312
0.7965608	0.38015306	-0.55632055
0.97754455	0.9252066	-0.610095
0.90976316	0.34320658	-0.87483233
0.3027205	0.6954358	-1.3491313
0.9700355	0.14497668	-0.77119476
0.59745747	0.21185207	0.72712827
0.4451803	0.27151787	0.38139284
0.46076232	0.80376285	-0.22851487
0.75527775	0.048036993	0.44640887
0.2703315	0.14203215	0.40835354
0.87871134	0.49065745	-0.5596547
0.28349215	0.5705926	-0.8018906
0.21690786	0.3042307	0.20073856
0.9404798	0.5997611	-0.48619938
0.9300706	0.12182015	-0.78257394
0.3162573	0.7750507	-1.0045106
0.66046715	0.1754331	-0.024126329
0.71140575	0.20381606	0.090523034
0.72533506	0.95562345	0.01990477
0.09035146	0.47574455	-0.7697479
0.17666543	0.17022628	0.021254845
0.7897012	0.27864796	-0.4122196
0.7237763	0.969067	-0.077500954
0.37410676	0.40302658	1.1112479
0.5648806	0.70850766	-0.277974
0.03954482	0.8522199	1.1480244
0.03567326	0.9250317	0.6363992
0.76347184	0.11792457	0.62615556
0.8644985	0.6842641	-1.7919704
0.20372403	0.8741812	1.4670316
0.4919247	0.13371617	-0.8674311
0.41700238	0.05847633	-0.2714082
0.6992637	0.057016432	0.07843554
0.14007145	0.62895113	-0.28072795
0.77461797	0.3174612	-0.45235917
0.22304958	0.19693118	1.3119998
0.3618319	0.69513905	0.24816121
0.1954934	0.3775168	-0.50453
0.97846764	0.063477635	-0.81617063
0.28109837	0.25480646	-0.07298069
0.06003928	0.39251518	0.6351828
0.6721573	0.76331085	-0.48218122
0.289046	0.04548025	-0.57897365
0.41876483	0.41591144	0.8012659
0.91137254	0.88727105	-0.5778479
0.37266958	0.16753906	0.99838114
0.90030384	0.84668505	-1.2156627
0.08298224	0.6652377	0.5140795
0.6956266	0.23765272	-0.07636681
0.54509413	0.9224287	-0.21840559
0.77728754	0.097299814	0.5040785
0.5195368	0.16068643	-0.12533075
0.28064656	0.012075782	-0.14649071
0.29098254	0.20873946	-0.4475391
0.8684258	0.96024394	-1.4818505
0.31707	0.79677486	-0.93402046
0.04426098	0.69922113	1.4494972
0.12916595	0.78664356	-0.1879122
0.7018615	0.37357175	-1.1152093
0.2980618	0.0029861927	-0.79925287
0.029256523	0.87978715	1.0185978
0.94377476	0.80453885	-1.2350308
0.10448915	0.94788134	-0.3066501
0.8119206	0.37967628	0.0020895284
0.6351134	0.74169517	-0.55736184
0.86412275	0.47508842	-0.25282317
0.82113534	0.5375987	0.14504229
0.44110548	0.7412812	0.05665179
0.6458693	0.20272952	-0.10946861
0.16823626	0.019162297	0.06325489
0.5301054	0.18086737	0.15309979
0.028480947	0.5095217	0.711432
0.7107158	0.4955399	-1.5055449
0.9087973	0.69935864	-1.2426585
0.59111637	0.92504615	-1.1016456
0.2538466	0.84212697	1.4169407
0.47397286	0.17341179	-0.4996843
0.8177556	0.9540694	-1.8720429
0.9653069	0.23524189	-0.09055737
0.12149042	0.48555374	-1.4186802
0.2920738	0.73578244	-0.71282613
0.82004595	0.28858167	0.30771533
0.062128007	0.18339318	1.094895
0.020926893	0.12589282	0.92499447
0.8258078	0.24259263	0.37860104
0.33492208	0.59405345	-0.6156468
0.8972413	0.1949603	-1.8134158
0.24559844	0.7284637	0.7701858
0.66933686	0.52957004	-1.8142039
0.25468808	0.60557353	-0.33100387
0.099540114	0.62828296	-0.10767634
0.7053745	0.27710587	-0.15078476
0.46879172	0.9561169	-0.44297764
0.8345644	0.3755433	0.62025607
0.46228498	0.09053022	-0.42501542
0.90065575	0.83668625	-1.3069986
0.79235184	0.5845067	0.3492183
0.1242252	0.25518757	-1.5092336
0.1418286	0.33888382	-1.0869684
0.010928571	0.588756	1.0702565
0.84672326	0.8954648	-1.6412396
0.77111375	0.15661311	0.40687475
0.2834823	0.6831939	-0.60788244
0.82836306	0.3210863	0.5505846
0.28644395	0.95905095	0.21961758
0.63727933	0.6048425	-0.40394306
0.8347188	0.70452803	-0.2677718
0.0852049	0.1388185	0.08291679
0.20077866	0.8496078	1.3820033
0.629991	0.06886178	0.58116955
0.88657105	0.41209245	-0.81051546
0.49974692	0.64147794	-0.05913819
0.9029221	0.3018558	-1.1398408
0.40059525	0.8020173	-0.5489522
0.76324886	0.3271556	-0.096091695
0.5781064	0.24598587	1.0464877
0.13773006	0.6429885	-0.20665191
0.9413437	0.43140525	0.28272846
0.15495783	0.4221574	-0.5272871
0.3646857	0.6838137	0.15711744
0.9941315	0.5361554	1.2601221
0.6310311	0.31097448	-0.12105766
0.6024079	0.13694513	0.6637272
0.67403084	0.58559	-1.6348734
0.30044365	0.6526581	-1.3508804
0.66724396	0.27467912	-0.62554806
0.6609933	0.5015059	-1.4671065
0.43705732	0.10383195	-0.10901907
0.2192983	0.19231331	1.3118365
0.5252068	0.4289441	0.23789392
0.7013637	0.23045856	-0.0053028725
0.14368683	0.31878376	-0.989571
0.29766452	0.25732422	-0.39238814
0.97554785	0.39690453	1.5372099
0.447995	0.22086251	0.10290848
0.33389395	0.04256618	-0.5109732
0.92958343	0.11466771	-0.86018765
0.6631506	0.8183906	-0.24689062
0.8491602	0.123084486	-0.35778964
0.53346634	0.58099926	0.60011834
0.27054036	0.6636127	-0.28894025
0.04435742	0.6638575	1.4386603
0.096925855	0.37112457	-1.0189319
0.4150834	0.19274122	0.7914233
0.6937255	0.2346189	-0.033759326
0.6963189	0.94188035	-0.6562485
0.32567012	0.70551175	-1.1226401
0.15165806	0.46957588	-0.4885289
0.7862094	0.23772949	-0.19841127
0.3342594	0.6779494	-0.653916
0.9287022	0.16447008	-0.7731329
0.94143665	0.92219836	-0.48725805
0.50773007	0.291112	-0.4245938
0.44104403	0.28269035	0.5884958
0.893948	0.39448214	-0.91044843
0.8475878	0.14054829	-0.30415812
0.55869704	0.43501395	0.2934279
0.007942319	0.7308911	0.4802902
0.64371127	0.63667583	-0.42601424
0.2734548	0.7699798	0.28521544
0.6087081	0.2973073	0.57068443
0.5943734	0.9743081	-1.0633548
0.18350929	0.63045204	0.01549789
0.3645383	0.38588846	0.871922
0.85959136	0.20438963	-0.8222522
0.95671403	0.21155441	-0.40110117
0.009125829	0.8272552	0.38509375
0.614562	0.42188674	0.1123921
0.6303987	0.9312383	-0.722399
0.022421122	0.4811749	0.42383912
0.5012875	0.43135285	-0.007260276
0.5532493	0.18217605	1.0993646
0.09255469	0.79434955	0.0953048
0.47166067	0.4593658	0.024012133
0.9064479	0.9562583	-0.45788884
0.90960884	0.4162103	-0.9198983
0.96672	0.8908558	-1.0562608
0.22702342	0.4323427	-0.7768949
0.6861447	0.85545266	-0.7694858
0.97911966	0.056488276	-0.7933394
0.20249748	0.6873469	0.46306798
0.12441826	0.57993764	-0.9487074
0.07402432	0.7505433	0.87760717
0.6267191	0.6314656	-0.58584046
0.047785103	0.6776025	1.4557011
0.84709895	0.31714046	0.44708353
0.051329195	0.2936328	1.2651126
0.6486196	0.078508615	0.18975689
0.3463071	0.11692965	-0.015830483
0.5825072	0.25442123	0.9506764
0.90368974	0.56728137	-1.2463455
0.3263054	0.120545626	-0.48157588
0.5134149	0.80480015	0.041677017
0.42615914	0.98816633	-0.89853734
0.5396674	0.4127857	0.33874658
0.9941067	0.99137676	-0.22106251
0.83838063	0.7803666	-0.6875164
0.012514591	0.9342763	0.49136496
0.20679355	0.8445313	1.5981054
0.5920834	0.03896296	0.6502478
0.89493865	0.83019155	-1.4404331
0.6208317	0.23190826	0.11638944
0.17354149	0.915045	-0.08948762
0.6444353	0.80164546	-0.32606304
0.8062816	0.7343938	-0.49733567
0.374359	0.8542534	-0.44176388
0.9648721	0.7383945	-1.1926023
0.14517379	0.48809296	-0.7635662
0.8867989	0.48347598	-0.7358746
0.72283846	0.691071	-0.60442346
0.7666089	0.17543775	0.45448905
0.26994312	0.9787349	0.4628587
0.82379526	0.69345886	-0.08175552
0.60851884	0.47087175	-0.0387513
0.21607512	0.42201996	-0.80698615
0.6490988	0.21011198	-0.14674935
0.45530432	0.39502013	0.14130026
0.20134532	0.32529253	-0.365777
0.11811483	0.5589775	-1.0832413
0.08042073	0.2796167	0.17111099
0.52480465	0.243352	-0.0004936978
0.87984765	0.4410705	-0.5702731
0.24830878	0.22138721	1.0176591
0.074997365	0.97242934	-0.3257699
0.8308605	0.087516546	0.69374865
0.2172395	0.5464098	-0.7456781
0.17288035	0.7362278	0.28424448
0.651895	0.9552462	-0.6161766
0.9339652	0.48671907	-0.36228085
0.15560889	0.12022382	-0.3850887
0.26205057	0.7338446	0.39740363
0.82333255	0.54604197	0.22860466
0.7850273	0.033291996	0.6879095
0.6199915	0.7752704	-0.9880649
0.4370945	0.29371327	0.7338386
0.11651635	0.39205652	-1.6169329
0.31789714	0.5241897	-0.7728221
0.81250614	0.2572525	0.19566248
0.9556648	0.2871006	0.33163312
0.91100955	0.061338544	-1.0334978
0.3516317	0.79370534	0.11431706
0.671695	0.71249574	-0.83393073
0.68025804	0.22655386	-0.17723034
0.105009496	0.2592532	-1.0327476
0.96842957	0.71548814	-0.7354797
0.19475216	0.19128197	0.44490343
0.35166258	0.76014525	0.14548802
0.3127125	0.022317588	-0.9977152
0.9207831	0.9865669	-0.27162224
0.9405769	0.22938746	-0.2261891
0.41779453	0.3170324	1.5683603
0.52975774	0.5177929	0.5954768
0.539899	0.990853	-0.3613756
0.6869871	0.87324685	-0.8527032
0.5055513	0.9978427	-0.18462777
0.6832844	0.9096062	-0.7320404
0.5823653	0.9722864	-0.95844805
0.74080014	0.7324926	-0.17125006
0.7162777	0.5305575	-1.0374826
0.8568865	0.2063092	-0.6715724
0.4450919	0.45417768	0.31257743
0.16226655	0.8730162	-0.33489683
0.50317377	0.35663867	-0.30751094
0.47978395	0.3059879	-0.41148764
0.101792336	0.7225263	-0.033562995
0.3718573	0.77754116	0.113736995
0.06378955	0.5992842	0.9982203
0.32011116	0.117763996	-0.6527955
0.97904855	0.9459292	-0.4183368
0.42070735	0.03491485	-0.3284699
0.2513907	0.35145503	-0.15957972
0.49807066	0.14031875	-0.76251584
0.7242012	0.8419616	-0.55930644
0.9865076	0.25857145	-0.1008092
0.44825327	0.6842286	0.077216916
0.48981565	0.34282798	-0.28384975
0.2822615	0.98036045	0.31679928
0.3520645	0.3498962	0.35621533
0.93469614	0.5551511	-0.56806904
0.83979	0.42174983	0.5241593
0.94611293	0.46263158	0.58377683
0.9272282	0.22836536	-0.53482044
0.4394747	0.14412981	0.06536652
0.6884615	0.31072062	-0.80991197
0.47342992	0.61261576	-0.24690627
0.9068925	0.9563236	-0.5106599
0.8517591	0.12967473	-0.4376425
0.5885311	0.2109127	0.9590206
0.99365485	0.8995707	-0.39901406
0.6701834	0.557783	-1.6281421
0.83869374	0.8872338	-1.6608642
0.068680525	0.30236012	0.5807245
0.9300766	0.6886447	-1.0966754
0.5028127	0.63924485	0.015179345
0.9704744	0.6158215	0.57308245
0.8660178	0.753173	-1.6489068
0.9052491	0.8930656	-0.7489642
0.3937934	0.1994716	1.2678365
0.46318507	0.6872611	-0.17683704
0.3917765	0.19175851	1.2428534
0.8270202	0.86930877	-1.6066372
0.03681642	0.5227096	0.9251915
0.19540834	0.4554075	-0.40474954
0.5835621	0.464207	0.0031884126
0.47824526	0.46986562	-0.0507906
0.22564119	0.3152606	0.16997075
0.83197325	0.6534158	0.017473232
0.116966486	0.6309373	-0.37195048
0.28079075	0.21082598	-0.19186011
0.65501344	0.9691169	-0.5912792
0.5079486	0.31344783	-0.36973318
0.49895734	0.07394415	-0.452319
0.7327191	0.14544219	0.3418858
0.79901296	0.3432172	-0.5136263
0.6549073	0.6371208	-0.7968276
0.77467275	0.77328897	-0.090724304
0.8565157	0.626937	-1.1530563
0.285568	0.018681407	-0.41374084
0.9506235	0.8246146	-1.3825859
0.011923194	0.28858912	0.6741764
0.24847549	0.42873377	-0.61721385
0.8536639	0.98801696	-1.633551
0.48470724	0.7926362	-0.42535898
0.53545755	0.6465057	0.29448017
0.3040703	0.55406564	-1.0086561
0.1296522	0.53275204	-1.1757742
0.20066708	0.5552499	-0.44943416
0.57992715	0.5159561	0.07275736
0.83913356	0.96706414	-1.6999863
0.8794666	0.12545526	-1.917772
0.5274974	0.9995521	-0.31651697
0.51545656	0.08945799	-0.06286755
0.1445036	0.7303109	0.027993966
0.9207611	0.9963995	-0.1786656
0.85019857	0.83159536	-1.2289946
0.37142134	0.8746129	-0.5442901
0.026813745	0.8072599	1.0725203
0.4673702	0.99899036	-0.4594223
0.08627802	0.36248368	-0.41041136
0.04349792	0.879263	0.93743044
0.9980215	0.8341739	-0.37749344
0.5260449	0.8663974	-0.02198961
0.28803122	0.06711006	-0.5786824
0.11431229	0.93832904	-0.4235761
0.4494242	0.83990985	-0.11237039
0.802213	0.7214779	-0.3818677
0.43983072	0.06426835	-0.2926755
0.84802175	0.15660644	-0.3132546
0.91608834	0.27477932	-0.71362066
0.9449621	0.12175679	-0.65087926
0.8790072	0.48470527	-0.54928577
0.12362313	0.023518562	-0.80738175
0.84759116	0.39464915	0.4278276
0.19820541	0.35529262	-0.45155212
0.7157801	0.29929346	-0.053358126
0.8991041	0.2878682	-1.2712613
0.53981435	0.6745269	0.18161798
0.25870734	0.24529302	0.68665457
0.45997167	0.3503322	0.004036516
0.5041929	0.8781331	-0.118371464
0.83892083	0.70939827	-0.38807592
0.44660324	0.15355462	-0.09650998
0.1524663	0.052494466	-0.6187115
0.6445212	0.9062657	-0.6422255
0.5698706	0.8891934	-0.70886827
0.4745819	0.95068955	-0.47637472
0.7140641	0.085873485	0.17397763
0.47674674	0.41612124	-0.015262205
0.50046223	0.12132549	-0.60438454
0.8906132	0.5240768	-1.0949944
0.7690466	0.66984665	0.6905311
0.025489211	0.8550823	0.9958306
0.18361789	0.028764129	0.65774924
0.42111444	0.16030031	0.44252518
0.82874143	0.29330724	0.4357056
0.66825855	0.71113646	-0.8032568
0.3887202	0.031288803	0.12279123
0.60551023	0.40427035	0.15866676
0.96752346	0.05373931	-0.84421545
0.044686317	0.94252384	0.254672
0.73222333	0.24276662	0.34066978
0.7827561	0.6489785	0.52001524
0.83937114	0.7237671	-0.4376528
0.49735117	0.57086486	0.0016153622
0.106811106	0.8600165	-0.49355394
0.60731524	0.52119297	-0.14048734
0.5768648	0.071593404	0.7636
0.9319628	0.5446519	-0.7223151
0.087593734	0.26536065	-0.22713205
0.5465379	0.4175387	0.2881266
0.5386708	0.9612479	-0.27690607
0.16653818	0.5545241	-0.05666087
0.6715972	0.6834766	-1.036508
0.110018134	0.903007	-0.52392197
0.9349637	0.6147057	-0.9225793
0.46879876	0.027620256	-0.46787733
0.4310481	0.21566933	0.7468486
0.56474435	0.3271665	0.84416634
0.8335382	0.93078566	-1.8825715
0.45101088	0.31417322	0.25658855
0.14142168	0.22985536	-1.069066
0.32748485	0.36222613	-0.34329593
0.8638695	0.89144504	-1.7309959
0.16383809	0.23841858	-0.4825539
0.6749601	0.7016977	-0.9848656
0.22172236	0.11989188	1.6601074
0.022820711	0.35332716	0.50000805
0.5167483	0.50311685	0.29063588
0.7278364	0.5820802	-0.41794792
0.85181046	0.7594297	-1.0023125
0.53064793	0.010864675	0.4068836
0.73412037	0.037466347	0.41914028
0.53270495	0.37509704	0.24582498
0.892416	0.13506186	-1.7959775
0.96577007	0.116244674	-0.9069655
0.7866444	0.48359495	-0.010074362
0.2264421	0.45446444	-0.8828331
0.25071955	0.43756723	-0.63428926
0.91731066	0.028876066	-0.74515265
0.3374138	0.7196476	-0.41812915
0.94558847	0.68783665	-1.2191806
0.23767477	0.38732255	-0.470206
0.33755243	0.07290697	-0.36430112
0.870835	0.56774193	-0.9171338
0.10946053	0.80202234	-0.2880017
0.56416845	0.59081525	0.3762683
0.094234645	0.6092753	-0.084028676
0.814831	0.32241356	0.101172864
0.81273097	0.3215425	0.06465164
0.32252723	0.8691759	-0.6966001
0.5403742	0.9258052	-0.17312498
0.98231226	0.65772307	0.2552996
0.5690163	0.45398176	0.074722424
0.9102874	0.8788605	-0.62896395
0.22351676	0.92426705	1.507576
0.9195235	0.17026538	-0.97749144
0.27764982	0.22566503	-0.019793315
0.28296775	0.12825054	-0.17854276
0.29588926	0.42937678	-0.19743308
0.6956444	0.57244074	-1.6665897
0.45365644	0.7729137	-0.06765619
0.89385617	0.81273717	-1.553702
0.09935731	0.838456	-0.2893261
0.5486158	0.67868274	0.12295791
0.3066411	0.6244053	-1.3971024
0.6877094	0.02362591	0.18504104
0.17225993	0.029933035	0.2985244
0.4571823	0.6476193	-0.036251225
0.077014565	0.9423571	-0.12783396
0.71376497	0.64411104	-0.87607235
0.7612784	0.30561095	0.08311641
0.92300445	0.87290496	-0.40151435
0.17441702	0.5441994	-0.019695835
0.77387786	0.2582366	-0.06090194
0.7359142	0.3983822	-0.1318598
0.94170064	0.9786781	-0.35729316
0.96293503	0.8974367	-0.97749877
0.4441148	0.18365741	0.063705616
0.94340646	0.46931386	0.31948662
0.9219916	0.84774673	-0.5127804
0.084638596	0.15675402	0.11385825
0.08239192	0.43241543	-0.2976857
0.26500547	0.42495382	-0.20973016
0.71298325	0.6569362	-0.89514405
0.5258495	0.4275378	0.21032041
0.4804476	0.43658912	-0.0012932569
0.2557389	0.5736278	-0.5513184
0.76098263	0.5452195	0.5619891
0.7770834	0.6853754	0.41745976
0.038641095	0.070872605	1.2950109
0.39864135	0.5292862	0.46526676
0.30795437	0.12940544	-0.82714313
0.10709411	0.2805223	-1.1656438
0.34784532	0.7761668	0.012294006
0.66378385	0.3193763	-1.0285255
0.89517474	0.9344648	-0.9507274
0.10847646	0.54952	-1.039868
0.057917	0.91918683	0.2137194
0.8439582	0.15578079	-0.09119138
0.008199155	0.17592794	0.8860463
0.28592086	0.42223436	-0.11317169
0.3699305	0.92939144	-0.8493236
0.47241205	0.65475535	-0.31888425
0.107477546	0.024636865	-0.27020407
0.4780565	0.90795773	-0.3240911
0.17850739	0.5979114	-0.00699445
0.48325837	0.77479213	-0.42167255
0.032409012	0.3345129	0.83374727
0.54290926	0.49026102	0.50455767
0.6973237	0.6284971	-1.356734
0.47513556	0.7988182	-0.4450772
0.74538606	0.47237217	-0.051408485
0.40357256	0.43580782	1.093646
0.84538287	0.87096107	-1.4170959
0.20409983	0.40432113	-0.65144694
0.11505282	0.015825808	-0.51224524
0.6600753	0.20967036	-0.26287884
0.29234123	0.86717397	-0.124019586
0.5891334	0.5354769	0.13709775
0.11516863	0.8124084	-0.41318545
0.037868142	0.62910104	1.4304682
0.21957028	0.044532895	1.695532
0.95390505	0.5210629	1.0204002
0.014757276	0.37375712	0.3376121
0.09740269	0.9817469	-0.33271554
0.6036976	0.6568299	-0.59037495
0.5955311	0.82336044	-0.5957887
0.086585164	0.50722206	-0.43832567
0.24419254	0.44360757	-0.70471865
0.9491483	0.92201394	-0.6442019
0.6686571	0.7004556	-0.8835477
0.96325606	0.47034293	1.6948161
0.80278707	0.9080379	-1.563077
0.9753293	0.1850611	-0.5590007
0.020391703	0.75498474	0.87264264
0.7349249	0.49139267	-0.27149177
0.7153759	0.6096965	-0.94228756
0.40231568	0.8240476	-0.5991601
0.5652765	0.6275812	0.20569338
0.89664036	0.49214548	-1.0731176
0.07190275	0.07081014	0.45078683
0.6989458	0.22052532	0.07775921
0.8194765	0.6308885	0.17934918
0.7401802	0.7365627	-0.28050947
0.81065995	0.7040912	-0.1906284
0.8296443	0.8568816	-1.5690677
0.5936797	0.33534396	0.53958976
0.9076813	0.23276758	-1.2693748
0.33104348	0.10582656	-0.34536895
0.65630627	0.5436092	-0.97620094
0.60492617	0.38249117	0.28406563
0.5208635	0.15773165	-0.10700412
0.7705681	0.8930746	-0.14208041
0.90730226	0.79382724	-1.2391726
0.49090236	0.48002386	-0.1239551
0.4779374	0.9462379	-0.38139078
0.17780846	0.59996533	0.021530367
0.8875778	0.029720306	-0.7647311
0.39265943	0.069104075	0.1725747
0.34865403	0.1346429	0.086227074
0.030398369	0.8906681	0.9445814
0.23480016	0.73868406	1.2341417
0.88153416	0.7497741	-1.8301923
0.81733453	0.08839452	0.88042235
0.76044226	0.1990695	0.53891414
0.24871165	0.31688726	0.20783558
0.9144137	0.5635747	-1.2470275
0.48007023	0.24230367	-0.6995286
0.57547975	0.44010746	-0.016774358
0.68136096	0.42206776	-2.1101232
0.99929667	0.7882991	-0.182969
0.03399968	0.5388618	1.0577282
0.7401913	0.060005724	0.5377897
0.2271328	0.8975905	1.7942106
0.3617546	0.94434875	-0.88193965
0.7074899	0.78098404	-0.9199835
0.40564746	0.88797385	-0.7860752
0.45788878	0.8046591	-0.16141725
0.47185266	0.068365335	-0.5075525
0.30953115	0.076361656	-1.0423908
0.9996397	0.93241906	-0.21390158
0.67205024	0.87639093	-0.5048075
0.29897022	0.3972069	-0.12831481
0.19092429	0.17312706	0.35219452
0.6243178	0.6948217	-0.7302727
0.70438707	0.11367625	0.06477746
0.43228614	0.5524467	0.46775645
0.31599432	0.83953315	-0.6659848
0.63003767	0.31916606	-0.12562585
0.7327495	0.3832764	-0.15470204
0.8317444	0.58879066	0.09974946
0.37256056	0.22626722	1.3613137
0.96802413	0.6944094	-0.5910875
0.7936634	0.033447742	0.7846873
0.82705563	0.084089875	0.78783566
0.52483374	0.19351298	-0.0015261592
0.8477141	0.24319065	0.00027606916
0.85920936	0.46737742	-0.16013092
0.9873019	0.6409287	0.5208764
0.6502334	0.47677398	-0.63156223
0.21324182	0.33266586	-0.07607159
0.049828887	0.26503628	1.416675
0.3501615	0.63310623	0.067333624
0.25308526	0.88981116	1.331435
0.80127585	0.092181265	0.71425456
0.13857275	0.96371865	-0.52394146
0.0075044036	0.92202806	0.5183328
0.61841077	0.023471057	0.6410707
0.15301687	0.98558724	-0.539323
0.50852257	0.99675214	-0.13780057
0.79739577	0.5493069	0.16974795
0.20499998	0.19301957	0.7071302
0.31594372	0.5711983	-1.0454366
0.61538005	0.54676616	-0.24258739
0.75841296	0.4779274	-0.009175178
0.47489434	0.66332	-0.27376217
0.41623288	0.77195936	-0.12619106
0.2988767	0.553678	-1.008666
0.47779727	0.29642475	-0.40134326
0.12712866	0.68111444	-0.17509934
0.039768815	0.107421815	1.2402318
0.7408356	0.5352683	0.15123428
0.6647676	0.56056476	-1.4680417
0.256469	0.7790131	0.9573539
0.5866105	0.9824898	-0.97368366
0.12550008	0.14188802	-1.0841863
0.6736281	0.3216228	-1.0722723
0.29962033	0.82856905	-0.53180313
0.34186542	0.5640797	-0.26232985
0.31585044	0.6971448	-1.4586364
0.048524976	0.24355525	1.3851552
0.65197223	0.45451903	-0.82275903
0.0016211867	0.8542561	0.24778834
0.11038381	0.0702399	-0.5073693
0.76805407	0.5852653	0.80826986
0.7354509	0.19480395	0.47979617
0.97331613	0.5895084	0.965647
0.14638543	0.70260113	0.039541796
0.34729153	0.7662923	0.047374293
0.23779088	0.88778055	1.6687129
0.98858005	0.1854645	-0.59377646
0.58000153	0.18758059	1.0620621
0.10832757	0.9677458	-0.35014674
0.7745697	0.8282872	-0.25823942
0.9704729	0.900353	-0.8964334
0.9860371	0.2115382	-0.4129277
0.18573982	0.7351315	0.19961575
0.3102246	0.56029475	-1.0550337
0.62271243	0.35752702	0.025990894
0.004790783	0.7503568	0.30624622
0.7933719	0.6109526	0.3204103
0.3505262	0.21348536	0.14665864
0.14576876	0.8887233	-0.5246419
0.72678846	0.22046077	0.30579716
0.58661646	0.80841666	-0.7472798
0.54879534	0.5842896	0.4745508
0.99080044	0.9997457	-0.20192672
0.6748703	0.034607053	0.26959792
0.22535938	0.8380377	1.9488345
0.4787588	0.8792506	-0.3238313
0.030328453	0.083877265	1.2273607
0.7545309	0.75397825	0.03476876
0.059004903	0.6817585	1.3392015
0.19813728	0.5353775	-0.47609526
0.7726533	0.58849275	0.8782448
0.37151456	0.819689	-0.14182775
0.42759413	0.19212902	0.6107786
0.5795378	0.7825032	-0.65710616
0.14358121	0.2467959	-1.0967041
0.9059633	0.7124518	-1.3198093
0.24558324	0.4363323	-0.78088623
0.3867486	0.5566589	0.22573899
0.45767182	0.15621674	-0.1859758
0.72013265	0.56549263	-0.8375977
0.37341398	0.24038452	1.3690996
0.7528975	0.5316042	0.3277298
0.9433799	0.26279116	-0.032917187
0.79208976	0.54109734	0.24546307
0.16614997	0.5665166	0.052522946
3.3974648e-06	0.34231168	0.54300165
0.65147555	0.50261396	-0.6729957
0.47837806	0.24018985	-0.6060472
0.22920495	0.9534961	1.2794976
0.9730825	0.4549259	1.8977331
0.168109	0.94651306	-0.33869588
0.8881604	0.9179592	-1.194665
0.14750838	0.887231	-0.5428109
0.4245301	0.2468195	1.1476295
0.6267487	0.0049319267	0.6114701
0.44747895	0.87855905	-0.13738346
0.27228045	0.6867991	-0.1994524
0.5356699	0.09449571	0.46441367
0.7596544	0.047368646	0.4610118
0.8287759	0.9933855	-1.7292995
0.9742338	0.67459357	-0.1322979
0.7314129	0.95798546	0.08835472
0.40156698	0.6675045	0.08675274
0.83751994	0.75007194	-0.52399015
0.8169963	0.21699482	0.35669667
0.9097297	0.9560202	-0.42841917
0.25130314	0.32488823	0.19219068
0.85691905	0.97000825	-1.711771
0.55325484	0.32167155	0.8515963
0.76179135	0.5560423	0.6148047
0.35273004	0.5802504	-0.03372699
0.93319553	0.8606932	-0.52999264
0.035619736	0.52479494	0.91096973
0.6533523	0.22533995	-0.25517362
0.14202183	0.5268048	-0.8071367
0.36016506	0.90878236	-0.67789316
0.9378306	0.21952176	-0.36309657
0.25335556	0.98016644	0.7731052
0.9711764	0.24538982	-0.013206396
0.7126656	0.7435621	-0.91143346
0.29604155	0.9929057	0.13604994
0.8358882	0.107149124	0.47883257
0.86959314	0.07755643	-1.1920418
0.4386223	0.022361636	-0.4246854
0.8684283	0.5960973	-1.2317008
0.6881868	0.41294777	-1.9445331
0.80956405	0.7440271	-0.5299961
0.9552843	0.11962366	-0.87801576
0.014417052	0.24125034	0.78488743
0.7340509	0.6099403	0.02901502
0.40480655	0.52970624	0.34919447
0.110113025	0.31684357	-1.4937828
0.45399874	0.5970742	-0.044081114
0.34699702	0.96345174	-1.0016197
0.08804721	0.834217	0.2660819
0.89173084	0.99643725	-0.90866727
0.8332527	0.7351401	-0.38011196
0.5350766	0.065719604	0.5131465
0.630677	0.5212767	-0.15070729
0.19333106	0.74694747	0.5355529
0.5080105	0.67526495	0.0957846
0.26836085	0.8468972	0.84175664
0.6162422	0.14823222	0.46091482
0.24390817	0.20295095	1.2821746
0.33363235	0.64631796	-0.7181798
0.47955382	0.64531606	-0.2944604
0.536036	0.7857108	0.021176506
0.61007774	0.4759317	-0.008050062
0.9361354	0.9378092	-0.40285745
0.9674906	0.9843317	-0.37047482
0.6662701	0.9174361	-0.6202278
0.71506673	0.7647521	-0.86826867
0.44559222	0.28069025	0.3868923
0.75443965	0.67338765	0.5805345
0.6661238	0.12584448	0.26379794
0.7372373	0.6907972	-0.025568467
0.045154452	0.14309162	1.1618909
0.3401168	0.3501041	-0.12560861
0.2445308	0.30636305	0.29608652
0.24681932	0.6424562	0.019802265
0.10531378	0.8202093	-0.2677884
0.78790283	0.596742	0.5095684
0.71717805	0.1304028	0.11887048
0.42571306	0.44735909	0.39499742
0.6659772	0.18592691	-0.07197363
0.4534834	0.6591596	-0.009824433
0.62823665	0.7794219	-0.87081385
0.66852	0.8647813	-0.42023692
0.104607165	0.24178505	-0.9412236
0.047014296	0.5450578	0.96127987
0.28305697	0.4786018	-0.4119534
0.8408293	0.9214628	-1.7002894
0.90840733	0.052545786	-0.9732799
0.6879626	0.40350562	-1.8968031
0.37323904	0.030177176	0.4183995
0.8314909	0.9975855	-1.6629512
0.8160577	0.41086406	0.19809727
0.64363515	0.5775762	-0.4324084
0.16817409	0.9257169	-0.37566075
0.8611184	0.5487732	-0.5760449
0.34403348	0.0003772974	-0.2956696
0.09847647	0.9003337	-0.33982027
0.7990338	0.90747577	-1.3358306
0.52449125	0.9679269	-0.19038966
0.22272903	0.015319705	1.6908268
0.5356646	0.18027169	0.3279478
0.84704506	0.25301713	0.014753927
0.95729834	0.2530526	0.023549134
0.39511448	0.30769175	2.0296977
0.3957005	0.79400194	-0.425314
0.16082823	0.638652	0.18894883
0.43099684	0.020715654	-0.40778774
0.64278454	0.18562526	-0.022192154
0.423061	0.64095604	0.52554977
0.41084158	0.17619228	0.75922906
0.267774	0.91990346	0.79548633
0.07284927	0.30593884	0.40634042
0.85339946	0.16117454	-0.58970124
0.46622294	0.945022	-0.41848105
0.3518539	0.34321904	0.3168017
0.7358174	0.29617918	0.14253765
0.6679659	0.11532384	0.29557264
0.97493094	0.014941752	-0.7447841
0.9327704	0.7651013	-1.1005868
0.9728392	0.3275532	0.88299376
0.44789875	0.3314743	0.3605264
0.011729658	0.8036127	0.4549071
0.6023808	0.17879403	0.6054841
0.35914946	0.50124997	0.24495968
0.22897524	0.5084207	-1.0182852
0.98094624	0.49372715	1.773967
0.14771545	0.42340654	-0.77648306
0.19775468	0.6097999	-0.06837083
0.05247116	0.708915	1.4926622
0.53625816	0.042174757	0.5368372
0.7752988	0.36988252	-0.59604126
0.6303075	0.5000865	-0.13118103
0.63162065	0.16970223	0.1481995
0.91090846	0.73290735	-1.158656
0.43768197	0.98346996	-0.63444924
0.60988474	0.9632334	-0.8497368
0.6600212	0.8204647	-0.24582155
0.7494437	0.071802974	0.5818775
0.15466398	0.9949729	-0.5048291
0.60374177	0.17778087	0.6327222
0.24260414	0.9288509	1.3551508
0.10358626	0.672341	-0.15277267
0.7511841	0.28371626	0.41174543
0.69910944	0.13567787	0.16523595
0.920033	0.8115432	-0.784083
0.6641403	0.07690281	0.19125447
0.11738753	0.04708904	-0.6279872
0.9302967	0.24940187	-0.22944002
0.1078397	0.06973618	-0.38938272
0.93421173	0.056789994	-0.56748384
0.65647984	0.9041712	-0.56973207
0.1172207	0.21213806	-1.2028583
0.79951113	0.96480983	-1.3257197
0.40041476	0.18980479	1.0123394
0.7740379	0.26974893	-0.14016865
0.87097496	0.13586128	-1.6257594
0.8156089	0.13672286	0.73019546
0.015242457	0.06746513	1.1033964
0.56207967	0.09836763	1.1571243
0.92117435	0.8345984	-0.5680977
0.8540437	0.29311132	0.07679379
0.23517978	0.8927314	1.611331
0.122038186	0.037412047	-0.8096517
0.41231394	0.35881186	1.5346774
0.15946591	0.9718078	-0.48446316
0.09163505	0.8212675	0.13095991
0.5658851	0.09162295	1.0949162
0.19858015	0.4538406	-0.5690934
0.34767103	0.47157872	-0.045217052
0.35167718	0.42989486	0.23189756
0.7315434	0.045808792	0.40736043
0.78046536	0.9017688	-0.5472049
0.09711331	0.4822213	-1.1084847
0.50107557	0.6332672	-0.106161885
0.35028374	0.056598723	-0.02794578
0.6391088	0.3735838	-0.3449287
0.4493087	0.7881202	-0.0502018
0.8551345	0.9812516	-1.6404197
0.49729323	0.3481894	-0.2863264
0.075660765	0.5243937	0.24709706
0.74689716	0.29656374	0.35524052
0.4341355	0.80050385	0.08518295
0.21777588	0.034356356	1.7160972
0.6758045	0.034725547	0.24595559
0.5117084	0.50451833	0.2048996
0.791857	0.7192931	-0.102056295
0.571936	0.15034819	1.2353907
0.0013255477	0.512022	0.65296817
0.55846095	0.65760016	0.0915255
0.42511952	0.66626614	0.39630577
0.05760914	0.20543844	1.2443284
0.9518493	0.1423437	-0.7478621
0.2633416	0.52983904	-0.6033658
0.6467456	0.5791557	-0.5293774
0.8367512	0.4063537	0.6482698
0.24674237	0.18020588	1.3679993
0.17236626	0.46182913	-0.07827104
0.59967154	0.8479644	-0.6050583
0.2917571	0.43732375	-0.25196135
0.3855098	0.94739777	-1.0561817
0.091379344	0.22403848	-0.27641642
0.95939136	0.5147032	1.3608432
0.30118865	0.99788827	0.0086840205
0.54965967	0.1251331	0.9066149
0.33538747	0.47529662	-0.35920408
0.63753873	0.92633307	-0.703702
0.22729301	0.20174646	1.3374678
0.8281228	0.45546496	0.49268
0.15817964	0.72800875	0.18763453
0.32098168	0.45785737	-0.513017
0.4378568	0.47102463	0.36081535
0.90411466	0.004367411	-0.55853015
0.45563483	0.92342705	-0.17358448
0.5073624	0.58512235	0.17524299
0.43640852	0.55831563	0.39840817
0.647246	0.5059513	-0.39621928
0.8344541	0.66366553	-0.06495657
0.8449189	0.7623542	-0.6271442
0.88773197	0.5667161	-1.1547153
0.7856523	0.88782537	-0.86570346
0.41531634	0.7220372	0.18152356
0.37274325	0.48754817	0.3254226
0.8665863	0.4285012	-0.13663861
0.34499556	0.056621492	-0.18531655
0.8111471	0.2165451	0.36228147
0.6714042	0.54113847	-1.8258251
0.3865434	0.46261626	0.9032737
0.7270786	0.18306524	0.397792
0.37391764	0.9984155	-1.2176533
0.45821714	0.09936458	-0.3968522
0.15641356	0.76348513	0.09063837
0.09619665	0.9523983	-0.2782863
0.056678534	0.49827105	0.74724317
0.6129873	0.41245568	0.051249165
0.2144382	0.5248262	-0.82975507
0.5818378	0.25137937	0.9751127
0.5940031	0.026690125	0.63094383
0.0051264763	0.026998341	0.9245705
0.8014843	0.6673846	0.018686563
0.4313389	0.8992873	-0.2354836
0.13830882	0.7253692	-0.06383702
0.4182073	0.4229381	0.7707363
0.3703233	0.6066586	-0.0058356
0.011970341	0.49779147	0.5289695
0.6993808	0.65590566	-1.1879956
0.3066619	0.08234	-0.99610156
0.27460808	0.34289545	0.113454856
0.6259179	0.041819215	0.62594587
0.69598556	0.34452116	-0.92445815
0.65457547	0.577083	-0.8597609
0.015572965	0.94948435	0.55631363
0.66974443	0.56329626	-1.6235394
0.77031106	0.5924619	0.860706
0.50640786	0.25270778	-0.5358117
0.9262515	0.26170117	-0.31072
0.63526046	0.9434264	-0.6739487
0.95340186	0.57515	0.4971565
0.23996419	0.15350848	1.6401865
0.62059397	0.16618103	0.3184425
0.44786417	0.5865346	0.116803825
0.02019608	0.7402675	0.90674126
0.5614443	0.37736887	0.5007537
0.38074028	0.99549085	-1.1693459
0.53411466	0.678049	0.28171515
0.9035361	0.3868664	-0.9295504
0.44799316	0.6443112	0.09848959
0.6887862	0.700007	-0.9945766
0.6136348	0.0051363707	0.5660791
0.43918896	0.116677165	-0.080317765
0.7254787	0.33099085	-0.10855685
0.10012293	0.37898397	-1.1640209
0.22312796	0.2584862	0.7777867
0.6492585	0.44007772	-0.6672982
0.81981266	0.88427854	-1.8440646
0.85194385	0.0254668	-0.021301717
0.14882624	0.7334578	0.02224075
0.42500335	0.4662655	0.35835612
0.048907578	0.1530419	1.189363
0.21042246	0.8272669	1.6593096
0.9909616	0.91083705	-0.43023163
0.79362726	0.20693153	0.0014339462
0.021646678	0.4363485	0.1900173
0.26283526	0.9404374	0.75876755
0.41470283	0.74116796	-0.03558878
0.86623275	0.07491732	-0.98208505
0.43048114	0.8736979	-0.09671208
0.8309279	0.7085226	-0.20333572
0.72694016	0.07011962	0.27087024
0.4390815	0.6395354	0.15855494
0.7273291	0.48407727	-0.57973075
0.8753984	0.3589576	-0.6409187
0.7255344	0.7056341	-0.52222884
0.51483077	0.37089914	-0.15660389
0.8904731	0.25167376	-1.6321495
0.6620525	0.9944094	-0.68198925
0.17787755	0.06199366	0.41048133
0.6713965	0.6264606	-1.3199801
0.12559772	0.30948448	-1.6455745
0.21461648	0.31736803	0.08036179
0.294636	0.5689138	-0.9849771
0.1318298	0.0036952496	-0.8604773
0.7766087	0.70148927	0.36768037
0.7385416	0.7912069	-0.33334377
0.4970464	0.57872635	-0.0063090455
0.47004026	0.62385774	-0.25099945
0.420101	0.30024958	1.4638051
0.9639524	0.015061557	-0.8616868
0.005837202	0.018337429	0.9376346
0.526355	0.44184554	0.25910407
0.017041564	0.172813	0.8349524
0.21499461	0.04039359	1.6325252
0.85661817	0.7557134	-1.2463577
0.25634223	0.39790326	-0.3023085
0.25679505	0.93819684	0.9256652
0.42991108	0.55963385	0.43252268
0.028046131	0.17894	0.91735995
0.53654927	0.2775507	0.46257737
0.10367912	0.8372033	-0.30285692
0.25297982	0.54393506	-0.63448375
0.8388873	0.9681868	-1.8471849
0.33082145	0.9277771	-0.6178797
0.37551135	0.7795729	-0.058846228
0.067936	0.41418278	0.3293477
0.47353286	0.6062558	-0.17168006
0.9652417	0.43444717	1.8006126
0.04897684	0.045416653	1.20624
0.5175182	0.25846857	-0.32788253
0.76427466	0.43221033	-0.2280164
0.48123938	0.050308228	-0.4782507
0.7530962	0.08916432	0.59133554
0.01969701	0.93807167	0.6414414
0.35263538	0.31146038	0.42318058
0.755365	0.015503049	0.38459924
0.9142298	0.3888752	-0.7485742
0.47405547	0.40043706	-0.004890474
0.90133387	0.97802794	-0.66230136
0.028547645	0.74562407	1.1306252
0.24772668	0.5310255	-0.7015773
0.22982424	0.8330657	1.966645
0.13078147	0.22211868	-1.3455268
0.21176594	0.37484944	-0.48364264
0.5255079	0.9148386	-0.22332233
0.02896452	0.4992957	0.63019013
0.95080006	0.19411343	-0.52588105
0.84737843	0.09078878	-0.10280493
0.8415952	0.8164799	-0.9461264
0.035857737	0.9479994	0.38493478
0.43592858	0.88317114	-0.12478321
0.27774864	0.16167611	-0.008646131
0.7512695	0.19521695	0.5146188
0.9824072	0.6270186	0.5149984
0.10653365	0.3057902	-1.3620381
0.6080499	0.22257406	0.5008436
0.55774605	0.60096437	0.3905779
0.8045219	0.029723287	0.990394
0.107381165	0.657044	-0.20319952
0.62709093	0.7898498	-0.8792958
0.14234388	0.7453018	0.0024376716
0.07086539	0.5065208	0.37118834
0.31969416	0.0384655	-0.8761579
0.9161709	0.4289332	-0.89171493
0.64749223	0.99047506	-0.52051455
0.058681965	0.9120453	0.35718173
0.5393388	0.6339037	0.3384808
0.9380442	0.4665901	-0.036082655
0.29788893	0.3735395	-0.13185573
0.847395	0.7453108	-0.7942527
0.57477236	0.28190553	1.0247798
0.39175808	0.6635065	-0.082452014
0.8345226	0.2372567	0.3606805
0.5218758	0.32710916	-0.15425931
0.45307302	0.61236316	0.041505866
0.67410445	0.38965714	-1.7827219
0.64628136	0.88722795	-0.53144014
0.9756555	0.4055571	1.6854416
0.044215202	0.8946819	0.7505129
0.5555312	0.18180603	1.1919988
0.551835	0.22174138	1.1040739
0.83181363	0.45393002	0.48288074
0.55875957	0.36086816	0.5974554
0.2850548	0.8011173	0.0043036677
0.65399164	0.9281084	-0.67423797
0.19353247	0.16815585	0.42788032
0.68701315	0.63138336	-1.3702124
0.015683472	0.24451327	0.7904623
0.4778847	0.7961304	-0.5076968
0.3229705	0.7047959	-1.2530065
0.06593013	0.81521827	1.1653724
0.12077528	0.21591353	-1.350024
0.7119394	0.16876912	0.049638838
0.8568473	0.9376952	-1.7342738
0.76088387	0.023323238	0.39559886
0.12993932	0.3861459	-1.4705912
0.2846064	0.97370386	0.33006006
0.8190343	0.796936	-1.0130082
0.74033564	0.5659981	0.2702109
0.43474978	0.7144121	0.16865097
0.6519292	0.9226162	-0.5979024
0.1561588	0.73451585	0.12421497
0.6256546	0.055052757	0.62745416
0.048742533	0.8398092	1.242057
0.13867575	0.36583078	-1.160519
0.8398162	0.7611048	-0.6194691
0.9560496	0.26939458	0.12651347
0.19201332	0.7865236	0.7806846
0.5804711	0.6140617	0.051972065
0.70310247	0.63290334	-1.2394539
0.04720682	0.96419823	-0.061419062
0.70712614	0.41213363	-1.4220558
0.6524165	0.1945203	-0.12475118
0.18918878	0.7854458	0.57651836
0.61024487	0.04680276	0.62721896
0.23610795	0.6099464	-0.2686586
0.798786	0.32833254	-0.51557285
0.3434404	0.7674334	-0.114757605
0.21621305	0.17150551	1.2867876
0.055678964	0.38991404	0.73803544
0.5452921	0.31410688	0.6320838
0.90546584	0.34590757	-0.97844124
0.4504177	0.78503853	-0.12882856
0.70964164	0.2029376	0.048920654
0.79846454	0.25060934	-0.061881334
0.19741833	0.5860758	-0.2952926
0.6040643	0.29265016	0.62438476
0.9221205	0.71755314	-1.0711644
0.79603624	0.030102909	0.83099705
0.4309358	0.12673897	0.04505276
0.7698911	0.80912316	-0.043090355
0.97013015	0.42638284	1.7980813
0.09272528	0.49168438	-0.83643985
0.35117292	0.56854993	-0.05489658
0.5774048	0.63191605	0.03638123
0.24232215	0.15591997	1.549282
0.95571035	0.97228426	-0.40628996
0.2850619	0.74454707	-0.44966727
0.91444874	0.68598646	-0.9109946
0.7333031	0.06905669	0.37384197
0.6547727	0.07481712	0.2095749
0.3418643	0.03316444	-0.37229773
0.68550026	0.97881204	-0.66663694
0.54442453	0.18638569	0.75423825
0.9636961	0.92871714	-0.7277077
0.233069	0.6222574	-0.101238996
0.13716269	0.27632397	-1.2905812
0.3505147	0.82768875	-0.15334834
0.47232658	0.9722064	-0.45625922
0.716166	0.8154101	-0.8452545
0.7529048	0.23317027	0.5254582
0.043014467	0.031859875	1.2704225
0.16803998	0.2812093	-0.51112926
0.4022572	0.97186506	-1.0236444
0.9991492	0.56394005	1.0043919
0.77616525	0.47215134	-0.1864309
0.80828905	0.10052085	0.83488196
0.56186193	0.047108054	1.025907
0.33038682	0.6124329	-0.80212486
0.48983806	0.3426053	-0.30336097
0.438254	0.70193076	0.20243816
0.054237485	0.33272952	1.0158432
0.24582374	0.12473571	1.594994
0.03478235	0.46282953	0.54929405
0.92708623	0.2603147	-0.2622792
0.46916914	0.7386146	-0.2827496
0.98869646	0.7307569	-0.23163033
0.6243148	0.11991525	0.48434103
0.85082483	0.8336491	-1.2825022
0.07396817	0.45472175	0.13440675
0.33693624	0.81280214	-0.46364942
0.06618643	0.42178142	0.4343115
0.5655131	0.6166366	0.24267848
0.9165934	0.0899117	-1.0030185
0.19441926	0.034590125	1.0386883
0.45207077	0.920367	-0.25084767
0.41201085	0.67596704	0.29812166
0.39035898	0.8009366	-0.41146606
0.7137886	0.7454954	-0.90481776
0.29429102	0.10042238	-0.78043556
0.11228299	0.54229945	-1.180938
0.5784901	0.54214466	0.07890063
0.5450993	0.5510065	0.5332755
0.0922358	0.7594102	0.21050018
0.805749	0.05497271	1.0065669
0.29783964	0.17738211	-0.6236092
0.11713064	0.05138743	-0.5854277
0.94846046	0.12974995	-0.73782235
0.89385754	0.6682481	-1.5391042
0.6617646	0.20049256	-0.19728965
0.10206002	0.25778127	-0.96657026
0.02183342	0.15407252	0.88892794
0.12060696	0.8908859	-0.5002844
0.48820645	0.24099165	-0.9104051
0.10859907	0.12077916	-0.5986011
0.46191496	0.9194681	-0.28157952
0.24194872	0.9995048	0.79812586
0.73539454	0.30096972	0.17478609
0.802227	0.09796727	0.82932884
0.9868932	0.12435526	-0.80019784
0.1456244	0.50331855	-0.7267447
0.016493976	0.7397323	0.7205654
0.17875695	0.34801185	-0.4996132
0.07294142	0.5910411	0.59532756
0.59545696	0.9909003	-1.0406733
0.5813325	0.2876202	0.8152317
0.35628492	0.03433281	0.06331379
0.1488077	0.8092089	-0.21933432
0.84507614	0.35174906	0.5568469
0.64037406	0.26645005	-0.29455376
0.59432846	0.92076737	-1.0533127
0.19332844	0.41247207	-0.43723553
0.8019765	0.56190246	0.087738685
0.536578	0.5207974	0.6574255
0.5706848	0.7779911	-0.5833796
0.07426196	0.83046645	0.84586835
0.028707504	0.52879137	0.921989
0.6954245	0.9028563	-0.71282196
0.4122545	0.7875278	-0.28123367
0.31755888	0.0008409023	-0.8966071
0.5059888	0.8720477	-0.09591854
0.36885846	0.0064350367	0.3482008
0.4452967	0.18543756	0.074460275
0.5074581	0.3280338	-0.3750085
0.84422904	0.3980862	0.49111348
0.84768605	0.11797863	-0.22664753
0.69807243	0.6158294	-1.4287771
0.19339436	0.29980505	-0.4193434
0.4336818	0.4519205	0.2987805
0.8968328	0.97430754	-0.74535596
0.32181364	0.7104717	-1.2594382
0.8420512	0.31127715	0.51063365
0.9405458	0.2303462	-0.29436365
0.2998733	0.45670205	-0.33748356
0.8166328	0.053527653	1.0751615
0.02611643	0.9059553	0.84773886
0.5982476	0.93586314	-1.1255109
0.29989833	0.17768377	-0.6399
0.82145816	0.3687026	0.41334337
0.105848074	0.5871783	-0.46679583
0.7770106	0.1693942	0.25270787
0.70784885	0.23415053	-0.028515995
0.8437164	0.5648834	-0.19490759
0.6776041	0.9951368	-0.6593442
0.0643304	0.029760122	0.7107605
0.978839	0.9957455	-0.29513142
0.2010895	0.16301697	0.6721045
0.46523398	0.2330252	-0.20536418
0.66738504	0.604479	-1.3734984
0.6609347	0.4628752	-1.4390366
0.5710272	0.19776672	1.3394748
0.89809036	0.8492742	-1.2508371
0.5701951	0.97081995	-0.61029154
0.54279494	0.21568978	0.65833247
0.9677755	0.95019317	-0.4681105
0.20662743	0.18296516	0.8887874
0.6499524	0.035614133	0.2976654
0.3863724	0.81222457	-0.401011
0.49764073	0.20366782	-0.8811791
0.710076	0.91841227	-0.53973466
0.9912081	0.5252738	1.4423456
0.5919306	0.5598536	0.060589597
0.33562052	0.8040833	-0.42007342
0.2574728	0.27654475	0.51939374
0.19416893	0.43940943	-0.38927662
0.84854597	0.4434685	0.19133474
0.44704366	0.35797352	0.38833717
0.14616829	0.3793192	-0.8535151
0.6123309	0.4469068	-0.015647158
0.922165	0.84853214	-0.47949132
0.3239085	0.28760064	-0.59794426
0.7677175	0.91043985	0.07323607
0.65809083	0.23592347	-0.4260963
0.3517093	0.16417783	0.21641389
0.6710411	0.88691425	-0.51800394
0.26417965	0.073188126	0.78544855
0.42400557	0.8447226	-0.12925287
0.7552597	0.8909957	0.114291966
0.5439637	0.6617114	0.21594718
0.5687547	0.022506237	0.99474996
0.32790464	0.7141629	-0.9813701
0.7881409	0.8865248	-0.90419674
0.583499	0.08615363	0.6160888
0.34758627	0.95913833	-0.9938925
0.81669897	0.87733805	-1.6552652
0.30077732	0.7150543	-1.2433469
0.48531622	0.8026227	-0.42523327
0.27701473	0.7454124	-0.050574154
0.8475039	0.5039458	-0.118360646
0.59220004	0.69361764	-0.35188898
0.68420035	0.7150403	-0.8971918
0.9889175	0.9774625	-0.2834441
0.091206014	0.67799234	0.21760832
0.50270057	0.05081719	-0.29736036
0.9897258	0.5229418	1.4614094
0.7629657	0.77554	0.015651774
0.4322654	0.73799664	0.16254091
0.17655468	0.99837315	-0.16266346
0.7597829	0.12971723	0.5980384
0.040444136	0.14352632	1.0902002
0.2900951	0.179721	-0.4577053
0.86599135	0.7919238	-1.6491811
0.21932685	0.5037779	-0.8864972
0.7761401	0.51852584	0.29538232
0.5074632	0.9183197	-0.07193075
0.286179	0.98438793	0.2562035
0.11238861	0.8071206	-0.40330887
0.10506606	0.4800442	-1.4707844
0.2142024	0.18119466	1.1628249
0.42025918	0.1371103	0.27691314
0.2123465	0.55271643	-0.64685446
0.2363953	0.82995343	1.8208141
0.91715854	0.23830569	-0.7727701
0.508407	0.4292181	0.11098099
0.04653442	0.21655452	1.329715
0.10027975	0.28137434	-0.9877657
0.6150497	0.7069047	-0.8310998
0.05493182	0.10861242	0.9816878
0.13735557	0.588661	-0.61982197
0.77404547	0.62315935	0.89958555
0.9410025	0.05906272	-0.58064467
0.7074861	0.7559572	-0.9059569
0.21945208	0.3749463	-0.47225127
0.7333168	0.44818407	-0.39804083
0.54543734	0.8514397	-0.2654307
0.14178467	0.43509132	-1.0288057
0.022385776	0.03666866	1.2692672
0.51902056	0.4171043	0.113713026
0.8454762	0.13764805	-0.19502495
0.1373831	0.5433339	-0.84238267
0.7345655	0.30776954	0.12996309
0.7865041	0.95857364	-0.79747075
0.5114516	0.9348665	-0.117752664
0.6838439	0.89048296	-0.81820244
0.42504478	0.72528285	0.22581828
0.062847435	0.6871708	1.2235936
0.227902	0.14786553	1.6931953
0.35508108	0.82130766	0.09857314
0.49360687	0.19754183	-0.9422254
0.23742741	0.21255243	1.2531667
0.29884082	0.6953847	-1.2268448
0.1296522	0.6980883	-0.09841356
0.95942444	0.74671835	-1.441835
0.0032242537	0.49278682	0.506259
0.08709371	0.27198648	-0.27125138
0.36703092	0.057559967	0.46574637
0.72593445	0.26586008	0.1748911
0.24752986	0.6039412	-0.31328303
0.35049844	0.7001158	0.089159735
0.18383229	0.43572432	-0.25898468
0.7177366	0.7117146	-0.7619829
0.58382094	0.5610451	0.075838305
0.30410922	0.69076496	-1.4175229
0.13950175	0.2834658	-1.2878935
0.97965544	0.33240592	0.91203505
0.22324276	0.16729707	1.545766
0.6610188	0.02878052	0.16465311
0.12589437	0.09814364	-0.9564392
0.8688007	0.23250383	-1.1231571
0.5738913	0.36644167	0.362982
0.47314638	0.1467396	-0.5398644
0.18459433	0.78068745	0.3561385
0.49898946	0.6376154	-0.09144835
0.42415923	0.19722927	0.7394929
0.24258113	0.6277658	-0.13065661
0.48793173	0.63638574	-0.25245714
0.6589655	0.66322863	-0.8399143
0.91718704	0.1192618	-1.1099683
0.33519554	0.815139	-0.47239706
0.4120258	0.8970385	-0.83813226
0.104839206	0.73906916	-0.17651355
0.4472738	0.50681704	0.28157833
0.51508784	0.5114705	0.22782938
0.1865499	0.6498862	0.08657674
0.9031997	0.6476194	-1.2496134
0.42188865	0.21176815	0.94628626
0.027676165	0.5797489	1.2195135
0.9173695	0.08738047	-1.0868459
0.7683097	0.39934224	-0.3534596
0.6372397	0.48494762	-0.09901281
0.5266775	0.08663452	0.19888842
0.96450156	0.7871295	-1.4125882
0.4794715	0.24055582	-0.597651
0.33644962	0.35122257	-0.25009185
0.864486	0.7846877	-1.5991937
0.27605826	0.566319	-0.6999042
0.024410963	0.8618572	0.95913464
0.8584093	0.097273886	-0.7336717
0.89252347	0.16018707	-1.9124416
0.9072654	0.6044643	-1.2600384
0.35900956	0.70395625	0.30255157
0.9437166	0.9815802	-0.32422408
0.72496057	0.48289812	-0.7940454
0.88530433	0.5133479	-0.8828692
0.11868119	0.78952926	-0.32323372
0.09937751	0.054925263	-0.1978598
0.9864032	0.26133245	-0.087366104
0.8341094	0.8552029	-1.415532
0.3776195	0.4439599	0.86737007
0.87691164	0.46615702	-0.42186388
0.9548594	0.16828066	-0.7223771
0.82112867	0.3783139	0.4148355
0.83278304	0.35761714	0.6991747
0.14138794	0.87300485	-0.5311956
0.47782177	0.9231153	-0.31406912
0.7913726	0.3529477	-0.6805796
0.3401026	0.065434396	-0.22448125
0.22949463	0.87326044	1.8239585
0.7335306	0.37814277	-0.07694953
0.71165997	0.5990396	-1.102518
0.30277961	0.6680653	-1.4441184
0.42642033	0.11949414	0.080101624
0.43393523	0.9491456	-0.48756164
0.31374514	0.48781484	-0.63486683
0.30107802	0.5213671	-0.79489064
0.61008626	0.10897839	0.6032716
0.58756363	0.31723887	0.5844803
0.37775224	0.08173096	0.5054403
0.7159859	0.47200257	-1.2143345
0.26536566	0.9140705	0.9089689
0.24210739	0.08121127	1.4997069
0.7306305	0.2107414	0.4081689
0.025255859	0.0061742067	1.2391236
0.20092404	0.8939069	1.2894974
0.50739074	0.6994112	0.10217272
0.18408245	0.021735072	0.69995046
0.45306838	0.23721111	0.012273942
0.0049307942	0.06653631	0.9622818
0.7673877	0.8533715	-0.039139
0.5034718	0.6053218	0.12107451
0.26225144	0.7088404	0.19190009
0.57826024	0.9492541	-0.9012305
0.28378338	0.53677464	-0.7575385
0.11599964	0.500907	-1.3992457
0.15873533	0.09088808	-0.30409977
0.39547122	0.074428916	0.089412555
0.02081269	0.26536363	0.7737123
0.6113291	0.22247392	0.38191003
0.9374637	0.99531037	-0.2801836
0.54662716	0.69356215	0.030375378
0.7863835	0.5897068	0.5467127
0.102555454	0.54641956	-0.9323646
0.75429857	0.7640169	0.05115124
0.4482085	0.6851024	0.058006503
0.3812076	0.72277206	-0.19651043
0.1933999	0.32526004	-0.49038628
0.74196297	0.1272431	0.5232094
0.2165479	0.7604426	1.531048
0.25871682	0.43111008	-0.44653156
0.4935907	0.5515109	-0.102716394
0.2761101	0.9844059	0.41657138
0.12375927	0.99535596	-0.47728676
0.87285566	0.37360603	-0.42565182
0.6283684	0.08271116	0.54626465
0.18334746	0.13018125	0.29804182
0.44966334	0.859641	-0.099681094
0.18942142	0.89999795	0.68525994
0.10369563	0.6421744	-0.14535968
0.15275407	0.65185803	0.06837485
0.47017783	0.9548998	-0.45346653
0.7888507	0.83422697	-0.9013986
0.14499682	0.3099956	-0.9573318
0.4103558	0.1030097	0.081627965
0.22663307	0.123833	1.7915089
0.58059907	0.7079737	-0.26725963
0.81312686	0.6017484	0.13961184
0.30546838	0.7803097	-0.9548418
0.6397375	0.7966157	-0.46945396
0.02988094	0.7809034	1.1871563
0.09465766	0.95931137	-0.31068859
0.294191	0.034139335	-0.8289204
0.29846728	0.106309116	-0.9292131
0.8052317	0.5477722	0.09000885
0.6476404	0.76736164	-0.2976414
0.5018429	0.0997358	-0.5131505
0.6121085	0.0470469	0.6558419
0.075482905	0.078107774	0.22542346
0.2348947	0.8013266	1.8519506
0.35917968	0.89911467	-0.65807265
0.2909183	0.5356207	-0.9212821
0.0037212372	0.7894752	0.30488884
0.1840787	0.26800084	-0.2960928
0.543128	0.43135506	0.3038537
0.9180269	0.60708606	-1.1229147
0.19369894	0.46482247	-0.4297749
0.70262897	0.863562	-0.86154246
0.0533911	0.5677934	1.0120796
0.10713172	0.79019463	-0.23859183
0.22775501	0.81120735	1.9424113
0.3847314	0.5991605	0.058369976
0.5010945	0.019278824	-0.016180634
0.7577383	0.7057709	0.4830571
0.6510402	0.41164124	-0.80326974
0.06851548	0.62056494	0.8579957
0.88622683	0.9882861	-1.1393362
0.16290903	0.31220776	-0.5175194
0.2679056	0.7103722	0.017993148
0.314829	0.39074248	-0.30550295
0.88442785	0.43148774	-0.6621773
0.45968777	0.3054837	0.07318931
0.060806453	0.92600024	0.15057595
0.85766333	0.4929468	-0.26461893
0.15387899	0.30127883	-0.6931728
0.14814043	0.63187766	-0.052115716
0.9930148	0.1604436	-0.64365226
0.56653136	0.54772526	0.12395421
0.37328988	0.74050426	0.12562741
0.7532125	0.22747314	0.41341785
0.8497225	0.15684491	-0.43169954
0.67709064	0.7968703	-0.4488483
0.2789247	0.4737441	-0.35609177
0.32509863	0.4727552	-0.47662094
0.5180993	0.6498623	0.26453346
0.45573866	0.53770745	0.02222237
0.037305176	0.6861961	1.5314492
0.72653383	0.71550184	-0.5550873
0.3490563	0.85231537	-0.3033491
0.49336112	0.158019	-0.8604221
0.62358433	0.10060811	0.5721754
0.31345665	0.8506156	-0.6637395
0.59909165	0.570714	-0.060154945
0.14725304	0.722712	0.05682132
0.85732937	0.7347951	-1.3141254
0.8010479	0.43819875	-0.23496722
0.85111725	0.41715455	0.18034902
0.24040455	0.39907658	-0.5319785
0.5450256	0.353149	0.5678542
0.4080181	0.41831607	1.1362644
0.6313976	0.66208726	-0.461789
0.66935307	0.5885905	-1.5196489
0.95823467	0.59015733	0.55701226
0.6010913	0.079850554	0.70010537
0.8489127	0.9543199	-1.7543894
0.6305294	0.3714741	-0.129247
0.5486457	0.67687255	0.06308443
0.34527707	0.17067528	0.024879582
0.3258099	0.5013851	-0.5392161
0.20105588	0.7646719	0.9345269
0.92025226	0.96394265	-0.2566886
0.1290667	0.17569321	-1.1738108
0.7342348	0.1760397	0.45694613
0.16844761	0.9916835	-0.44187823
0.6255924	0.10047954	0.58794534
0.29720765	0.23211902	-0.47941965
0.865201	0.53579974	-0.5378888
0.80268323	0.14305514	0.5714615
0.38632137	0.58337235	0.11430913
0.27377206	0.56465846	-0.63679296
0.8463136	0.8240646	-1.0652132
0.65165097	0.47469693	-0.7770539
0.93104094	0.28337294	-0.10535156
0.8628472	0.36364883	-0.030603357
0.9118612	0.9029048	-0.42682904
0.6979771	0.025678694	0.0741381
0.7049358	0.8364567	-0.8509451
0.6179056	0.95722216	-0.5993732
0.81524646	0.31711656	0.12934831
0.67995393	0.69030786	-1.1054349
0.05565709	0.9326926	0.15363699
0.4472273	0.4607306	0.29242676
0.2935648	0.16662592	-0.5344422
0.7674545	0.83231497	-0.029223641
0.03618139	0.7393982	1.3148007
0.17503011	0.49249816	-0.06629884
0.78426224	0.6551209	0.49670058
0.19558203	0.88115454	1.0694522
0.045460284	0.045940876	1.324899
0.20682788	0.80296063	1.4284794
0.17855144	0.753556	0.22111374
0.7330469	0.04167533	0.43581367
0.12019324	0.06677419	-0.8425044
0.14994568	0.12856019	-0.58122766
0.9627234	0.1496504	-0.82485783
0.36588496	0.7202389	0.23917617
0.01633215	0.6429952	1.2165052
0.07032305	0.60138756	0.70458007
0.8331692	0.9721267	-1.7612375
0.95703	0.022948503	-0.78367275
0.6740147	0.95774204	-0.7615989
0.5588574	0.25300646	1.2211539
0.33904958	0.6087497	-0.41853768
0.5369755	0.8365024	-0.12641194
0.9330288	0.662858	-1.0294744
0.093651354	0.48445606	-0.96308166
0.6414072	0.39335042	-0.48118532
0.22876072	0.4913978	-0.901249
0.31370395	0.89406115	-0.417341
0.48186153	0.46865356	-0.12942347
0.38421214	0.60918117	0.053097334
0.1245203	0.72617674	-0.20860632
0.31495702	0.7512149	-1.1467285
0.95366514	0.01388365	-0.6668725
0.101338446	0.53565896	-0.90123975
0.6314665	0.2609951	-0.22685835
0.10349554	0.5245702	-1.1469495
0.28833455	0.7181922	-0.72426933
0.8057976	0.33716637	-0.32794583
0.85529315	0.6107289	-0.9296997
0.6535836	0.59154594	-0.8154952
0.9969819	0.6481262	0.5519784
0.2830397	0.8008654	0.1031983
0.058710694	0.5922199	1.1078646
0.4895059	0.50841457	-0.12873709
0.91004384	0.38090718	-0.8122463
0.071930945	0.14265561	0.5731501
0.21241444	0.18134457	1.0471873
0.08338106	0.7718145	0.56150615
0.109900236	0.75831926	-0.21852998
0.44413376	0.41204292	0.35292947
0.06591278	0.36874676	0.4400262
0.94410104	0.13865566	-0.6694551
0.99677104	0.09395957	-0.7558992
0.93410915	0.7690416	-1.0947385
0.29664212	0.6088089	-1.1516231
0.29026842	0.8610008	-0.0339507
0.6193149	0.98920035	-0.43803373
0.79941374	0.069509864	0.83345985
0.61164474	0.6061269	-0.44535258
0.7207257	0.9597424	-0.15971267
0.8331655	0.8906169	-1.745483
0.66331404	0.96550965	-0.749713
0.72507274	0.62036836	-0.4552323
0.9473011	0.7373434	-1.5118395
0.1627174	0.0901531	-0.17373528
0.47108084	0.26044154	-0.29955813
0.5267744	0.5919182	0.45422092
0.756505	0.46889096	0.03322404
0.55174255	0.41745782	0.3303964
0.95211166	0.5505477	0.614099
0.67637527	0.9153575	-0.71891963
0.5736561	0.7476224	-0.45238763
0.44375068	0.09580439	-0.11492947
0.25431234	0.29277068	0.49829245
0.097326696	0.6945223	0.09089059
0.6602078	0.38469058	-1.1958265
0.7228175	0.9642781	-0.1255858
0.59638023	0.97973025	-1.0804449
0.5657985	0.56625175	0.1434811
0.45081973	0.36636227	0.23258363
0.112179995	0.74711055	-0.2502538
0.051671147	0.7261594	1.476523
0.61623526	0.6311216	-0.5380644
0.44887763	0.058559597	-0.3771704
0.29741454	0.36284935	-0.14071661
0.018672943	0.5727951	1.1302544
0.8037245	0.20438099	0.3134423
0.52356315	0.11287534	0.11546847
0.3909002	0.4590568	1.0361362
0.08050996	0.7033944	0.7386717
0.7980112	0.11566639	0.5129778
0.9135722	0.6814634	-0.9605949
0.5891849	0.7317348	-0.48311535
0.76000714	0.42005366	-0.11352269
0.53652716	0.5189745	0.6444884
0.93524605	0.96079224	-0.3407061
0.41873693	0.4118309	0.8169418
0.158903	0.05231291	-0.35734335
0.8827835	0.15473855	-2.0188525
0.6672049	0.9502816	-0.6976621
0.7022366	0.60309994	-1.421579
0.16429621	0.7955719	0.012354996
0.4327277	0.378057	0.6859521
0.45471233	0.11369896	-0.30206656
0.5419413	0.87865376	-0.20156345
0.5227752	0.020706952	0.24671662
0.40566456	0.55883044	0.27902055
0.10134643	0.76838934	-0.14665703
0.06164521	0.9309543	0.13470271
0.88423675	0.6680159	-1.6976995
0.2307092	0.4433055	-0.77533895
0.94751817	0.045690596	-0.5862122
0.6726727	0.1666528	0.16023386
0.50781935	0.4221992	-0.04008826
0.47723168	0.33390343	-0.26737663
0.52623034	0.27201623	-0.055461895
0.5217178	0.8897913	-0.111271225
0.06506944	0.8598585	0.7870545
0.6700517	0.2115851	-0.14845328
0.48887533	0.16568679	-0.90324104
0.69387954	0.54824746	-1.8673652
0.20787889	0.6216111	-0.06528466
0.18381453	0.23138213	-0.12611558
0.010420978	0.523431	0.7376199
0.62442976	0.25586057	-0.09388833
0.5688606	0.9429636	-0.5089715
0.25125784	0.50045097	-0.7253273
0.59784687	0.61922145	-0.2670524
0.10756558	0.10165703	-0.496146
0.8179477	0.7522609	-0.5854517
0.71044016	0.8536586	-0.8039626
0.095252275	0.19347697	-0.3891777
0.6269126	0.08345449	0.5614862
0.72534716	0.20731723	0.34721082
0.13154656	0.17925018	-1.1428268
0.37650418	0.18226576	1.1291773
0.1624611	0.33406425	-0.45897037
0.32755196	0.15908897	-0.25783297
0.021098614	0.23592395	0.7713707
0.76801825	0.97171074	-0.055626407
0.5886973	0.48461562	0.020857815
0.5182652	0.9995682	-0.2378763
0.87830436	0.24234253	-1.5310298
0.1192497	0.4600683	-1.5973864
0.35011083	0.83660996	-0.17230183
0.93851936	0.38416624	0.29501545
0.7859517	0.44971007	-0.34480903
0.77814597	0.5740897	0.7126726
0.18429244	0.7495369	0.2337549
0.8975936	0.9603909	-0.7532041
0.10427904	0.26949984	-1.0128024
0.59191096	0.027119696	0.65781754
0.6059144	0.52266186	-0.14439623
0.43170244	0.5558651	0.42349994
0.9654617	0.5129934	1.6412295
0.6614643	0.62758327	-1.0960784
0.3836174	0.7668247	-0.23556493
0.09569609	0.9274102	-0.27168074
0.5550899	0.32841063	0.86519367
0.85720485	0.9049457	-1.6972647
0.9934864	0.2434572	-0.2865733
0.2305547	0.97032064	1.0361217
0.8846407	0.305229	-1.2133621
0.8368013	0.11704248	0.3429501
0.25921255	0.11552358	0.990916
0.8653432	0.6712699	-1.7155792
0.021624207	0.89139724	0.8362658
0.5840328	0.8281754	-0.7661079
0.22984153	0.41233552	-0.6179427
0.29028904	0.43875867	-0.19897835
0.74950683	0.30401343	0.4213859
0.78363293	0.018265188	0.7980526
0.3082981	0.31448644	-0.33863854
0.62937456	0.05376017	0.6000975
0.074355185	0.44728565	0.048555847
0.62306875	0.3700052	0.027128141
0.2909181	0.62888813	-1.0595225
0.9003953	0.6359303	-1.3311679
0.28577513	0.10005921	-0.4210565
0.30167472	0.5646905	-1.0356382
0.8718281	0.737634	-1.8476549
0.088591754	0.61007065	0.094800636
0.23368144	0.2751354	0.61557746
0.2933882	0.3491487	-0.14274107
0.72240615	0.587185	-0.6059898
0.6971682	0.34094977	-0.8798892
0.77719283	0.03413886	0.6358896
0.7566521	0.36633098	0.016437244
0.4284711	0.8131015	0.04988417
0.63495266	0.61682	-0.38394403
0.6835947	0.28824896	-0.67392206
0.40258592	0.7611924	-0.33029345
0.2377997	0.1530112	1.7202286
0.48700058	0.67493737	-0.33348244
0.76620805	0.61274844	0.91978365
0.80785507	0.7981671	-1.0888296
0.26778823	0.061908126	0.6038875
0.8185254	0.35188115	0.25375625
0.0036235452	0.24415708	0.7929235
0.5098373	0.5248379	0.1382798
0.21184963	0.6576918	0.30174825
0.22613329	0.82503605	1.959823
0.34694505	0.88499707	-0.6309299
0.36895645	0.55671865	-0.08808112
0.9101796	0.7775279	-1.1809988
0.2517686	0.30020428	0.43520164
0.47569537	0.6140843	-0.24058092
0.62379575	0.47068512	-0.1190392
0.8934397	0.9793561	-0.91012335
0.17354357	0.73584795	0.21765564
0.30013567	0.70940626	-1.2196411
0.579327	0.44992363	-0.009748122
0.4498744	0.47958148	0.309421
0.42848623	0.455814	0.29387957
0.535708	0.33528572	0.29015416
0.107536376	0.11464667	-0.58613116
0.15937054	0.5472465	-0.16055141
0.4780867	0.40375948	-0.052341092
0.7480473	0.37452227	0.1588611
0.9399009	0.7624924	-1.298366
0.48109525	0.90039265	-0.21427593
0.2142641	0.87566304	1.7382866
0.35529143	0.8659284	-0.34514612
0.7143186	0.0020828843	0.16737023
0.46266901	0.18005174	-0.31130907
0.050492704	0.525455	0.881415
0.2833506	0.11244476	-0.28458896
0.63182896	0.32826334	-0.15938222
0.5011866	0.2275663	-0.7464072
0.16524202	0.16357845	-0.13236873
0.35824567	0.5378681	0.12748972
0.20658582	0.10166556	1.1752971
0.13806844	0.46592504	-1.1359051
0.22769213	0.45445293	-0.8634718
0.19122732	0.7379993	0.38798133
0.7980836	0.06524098	0.79216355
0.91669106	0.1608066	-1.0565537
0.8136184	0.11659628	0.7710946
0.7314855	0.010142326	0.42396706
0.18369341	0.048077106	0.58786124
0.46660537	0.13197976	-0.412446
0.5914318	0.3574199	0.4145897
0.21571404	0.97222775	1.0046433
0.883346	0.51199985	-0.7494536
0.45824957	0.24003601	-0.039855927
0.17737329	0.34240115	-0.5142442
0.528879	0.11958015	0.21161245
0.18461835	0.40423447	-0.3266088
0.7583242	0.5356901	0.46792263
0.99060684	0.25548393	-0.18727118
0.009640992	0.068995476	1.0135373
0.66535515	0.7307565	-0.51241726
0.20399088	0.91889495	1.3256855
0.117486954	0.9377683	-0.44808996
0.49353093	0.00935626	-0.1397962
0.50023913	0.38458717	-0.17608133
0.80542505	0.18986595	0.3756043
0.2109636	0.359024	-0.4345435
0.36077672	0.64108175	0.08006816
0.47512347	0.5963249	-0.19737351
0.3998989	0.24503917	1.6035058
0.49338543	0.52320844	-0.14474426
0.6962435	0.4899341	-2.0485008
0.9610369	0.8590096	-1.3267641
0.6549254	0.8343762	-0.26090267
0.7909536	0.39926535	-0.62563735
0.87157375	0.15337682	-1.6746215
0.05219978	0.24810344	1.3984587
0.9618432	0.83373475	-1.4245374
0.86705035	0.7728077	-1.6841317
0.27564973	0.5339108	-0.6508532
0.6165831	0.261104	0.30589437
0.54663163	0.6761499	0.19813251
0.7115804	0.9243288	-0.44683892
0.2604664	0.7185956	0.31068495
0.45717615	0.65048057	-0.111625016
0.16856855	0.6804176	0.25546476
0.9383842	0.8562428	-0.70811194
0.8641672	0.76198494	-1.6169147
0.8217883	0.3345949	0.42128736
0.27235174	0.67216235	-0.32381013
0.33645177	0.075062156	-0.36551508
0.90057063	0.7928974	-1.4004674
0.202066	0.47904265	-0.6559134
0.23410457	0.34588534	-0.15583645
0.5590947	0.6327013	0.24635388
0.12077761	0.84589875	-0.3950083
0.009489894	0.4272794	0.18536596
0.23935449	0.8340662	1.8356625
0.90671146	0.08753914	-1.1981003
0.7156091	0.03880036	0.11264847
0.011521995	0.8865244	0.5597031
0.109944046	0.4388613	-1.5927216
0.3142454	0.26168746	-0.51839876
0.09920877	0.7475155	-0.028299345
0.06464124	0.77845126	1.2044705
0.2979446	0.39330322	-0.18590847
0.7858756	0.37903595	-0.645262
0.26381844	0.13441938	0.805821
0.6471176	0.91731316	-0.6323007
0.8495182	0.6229868	-0.7323231
0.7914096	0.6458289	0.33365905
0.23055321	0.49215227	-1.0177135
0.77298194	0.29289985	-0.23738688
0.47087157	0.8636777	-0.27434006
0.17121387	0.3692369	-0.36088946
0.17026162	0.043783545	0.1760175
0.23264778	0.86046284	1.809071
0.074680865	0.9942359	-0.39328176
0.7914602	0.018682182	0.8275866
0.8039657	0.36920202	-0.43788615
0.872023	0.11751217	-1.5626271
0.52061725	0.7603404	0.15334569
0.17242569	0.05073613	0.25049374
0.9855742	0.21239531	-0.4136977
0.0973289	0.7894277	0.030033045
0.7169189	0.79551595	-0.8703876
0.3237738	0.013147414	-0.76797444
0.6548649	0.13332534	0.13209021
0.1920954	0.9517516	0.6370475
0.5117162	0.43608296	0.028505078
0.08313888	0.22909576	0.11568295
0.6288183	0.91653436	-0.70685774
0.095764935	0.645768	0.017287897
0.49221325	0.74806774	-0.22794075
0.35382146	0.7833698	0.18992044
0.48018306	0.33601457	-0.2609926
0.1949361	0.041663766	1.1050413
0.25058907	0.7619328	1.0927774
0.6225665	0.12417817	0.5178291
0.5242162	0.060586452	0.13724795
0.14709544	0.2636572	-0.9992004
0.4301963	0.3294282	0.9725643
0.29424942	0.047458112	-0.8518818
0.6734219	0.8063309	-0.37224266
0.81528693	0.8114154	-1.2487214
0.65252185	0.69195604	-0.47630465
0.06993526	0.20379287	0.7950336
0.13530421	0.9577041	-0.49240255
0.87902904	0.83909273	-1.7981204
0.47284782	0.93968093	-0.42926776
0.27393585	0.7783751	0.38290665
0.10818541	0.423158	-1.5873195
0.033311367	0.4079011	0.44670877
0.6863752	0.4275924	-2.16435
0.4587075	0.20506912	-0.11771453
0.14044571	0.5276558	-0.8763147
0.68901396	0.0087531805	0.11205261
0.5317919	0.33353674	0.15183643
0.6745226	0.12609833	0.25890115
0.4766658	0.056394935	-0.54515034
0.1801219	0.5742476	0.029982843
0.44518453	0.19884169	0.1531705
0.59414667	0.76962864	-0.75804454
0.9894612	0.1427756	-0.7690969
0.6355916	0.98953766	-0.38747364
0.6107053	0.42269695	0.12766363
0.5796074	0.09629303	0.74051565
0.46274155	0.32623196	0.082371525
0.9112947	0.91043013	-0.5006377
0.16105705	0.6895799	0.18228608
0.14451444	0.3257653	-0.9793183
0.8639695	0.9855648	-1.4782995
0.7684932	0.40383404	-0.3445167
0.38989168	0.32347435	1.9775313
0.833224	0.26009494	0.34603468
0.1435566	0.7922278	-0.15063693
0.45994377	0.89275175	-0.17409056
0.54373586	0.18559116	0.6790965
0.52779096	0.4814973	0.4541597
0.41279715	0.90333986	-0.7810988
0.94759876	0.31680334	0.4862461
0.9373129	0.043640196	-0.5462749
0.965568	0.6196041	0.40373972
0.4281692	0.31847328	1.0586361
0.021027029	0.96600467	0.47270486
0.6203963	0.66652423	-0.6882228
0.47830778	0.44048	-0.015356176
0.3314712	0.5825291	-0.71118915
0.6235146	0.33766264	0.077000454
0.25999707	0.09918487	0.98298246
0.39841336	0.5794072	0.20242488
0.5357037	0.5405329	0.7102563
0.09466249	0.84226286	-0.091652654
0.063367605	0.67253387	1.1489195
0.14498407	0.68924105	0.012462187
0.05661422	0.722172	1.4164251
0.43201005	0.3315028	0.9308281
0.103910446	0.30304688	-1.1833098
0.81029725	0.85607284	-1.6317507
0.76149803	0.396594	-0.1553836
0.39571202	0.18990391	1.1803355
0.021789849	0.9707962	0.42933947
0.44740665	0.33772677	0.3557191
0.15742862	0.3928936	-0.45238715
0.14121693	0.7113317	0.0119165275
0.30386353	0.024034321	-0.9585464
0.2694081	0.67839813	-0.23303631
0.46760678	0.85626113	-0.26815605
0.02341932	0.1362428	1.0129926
0.5008634	0.74211764	-0.012042498
0.5862724	0.37593287	0.2182788
0.6737771	0.18717366	0.075966164
0.99427795	0.66112447	0.43254185
0.706314	0.40367848	-1.3374513
0.38741678	0.5178518	0.4260349
0.9698088	0.39113414	1.5584205
0.26227283	0.36273474	-0.09582509
0.9768481	0.60854316	0.6924674
0.51609594	0.6822215	0.2812278
0.6116933	0.97659516	-0.75409204
0.103357136	0.92951465	-0.3735595
0.89000154	0.93267626	-1.1345698
0.6463307	0.37755316	-0.53071046
0.0028361082	0.2311045	0.74383414
0.34006578	0.9439367	-0.8477181
0.66899365	0.6300411	-1.345548
0.96373916	0.034000516	-0.84462786
0.52851796	0.58104527	0.5946541
0.75341064	0.63416827	0.6623142
0.71426004	0.19468087	0.112524584
0.012253463	0.74179864	0.4812814
0.33314168	0.56248534	-0.63421196
0.33141655	0.028255403	-0.5885802
0.49285334	0.9462683	-0.18169063
0.098252535	0.130732	-0.39172944
0.6620389	0.25375468	-0.50744116
0.4611349	0.6652277	-0.24180332
0.4809934	0.14571536	-0.6593099
0.809264	0.9386612	-1.7112037
0.43592405	0.49807817	0.35823545
0.5634151	0.7008687	-0.18789625
0.8832724	0.6705196	-1.725985
0.97886765	0.39434028	1.5685643
0.6711857	0.8440569	-0.4342839
0.21199602	0.72497463	1.0090014
0.87996286	0.9036968	-1.493338
0.857333	0.07476926	-0.52424246
0.13788456	0.2090314	-1.1904947
0.37651598	0.7667712	-0.054489672
0.7649476	0.47992647	0.032810118
0.30397636	0.04678601	-1.0827078
0.17251253	0.35428643	-0.42083243
0.6193896	0.78913325	-1.0142889
0.27798337	0.48270082	-0.3737114
0.24145198	0.3483808	-0.17815346
0.31274688	0.85313296	-0.5781101
0.29260767	0.97546715	0.21219988
0.83128965	0.5391903	0.10840014
0.78422785	0.24222368	-0.27259094
0.016426265	0.76379246	0.6707019
0.6907762	0.18900275	0.18001077
0.52076197	0.7900365	0.06404043
0.48222578	0.8189081	-0.5014575
0.5820277	0.7544646	-0.52435243
0.92653644	0.81042445	-0.70414895
0.36862433	0.65125525	0.002553776
0.42438394	0.042085648	-0.3265006
0.5231113	0.4506265	0.2009722
0.6408478	0.11065763	0.21828224
0.4353125	0.096488416	-0.14786786
0.53611016	0.8367722	-0.05686093
0.9662181	0.1342439	-0.9187394
0.5916556	0.45408285	0.13695824
0.6293679	0.29762334	-0.18619193
0.74802446	0.86702335	0.0021842755
0.9431218	0.68955207	-1.2137235
0.6324978	0.42862636	-0.21381739
0.3726586	0.56264883	-0.031899024
0.9057338	0.94349307	-0.46704328
0.97130036	0.8114076	-1.2624192
0.38928032	0.76636267	-0.3331589
0.2926222	0.87673193	-0.10866715
0.51788956	0.9700399	-0.21289468
0.9508267	0.29099083	0.29771003
0.45393032	0.9378295	-0.25821722
0.066557944	0.6453806	0.9819551
0.9863808	0.6306107	0.49957895
0.086503804	0.5082218	-0.4231767
0.9874024	0.9538846	-0.30076906
0.32991898	0.35672152	-0.3280121
0.93294257	0.7991747	-0.83506674
0.20085907	0.89525	1.2595371
0.55466646	0.21555829	1.1725984
0.1521442	0.13219285	-0.50009626
0.29511046	0.29352844	-0.21905611
0.049372613	0.09628153	1.069141
0.7935011	0.73555595	-0.28678426
0.62673175	0.19270808	0.056982327
0.7062789	0.1988396	0.10571959
0.71310073	0.43043536	-1.2775298
0.9973251	0.930327	-0.32151878
0.5512196	0.26492947	1.0165209
0.50698346	0.19743341	-0.65601677
0.8023062	0.06696898	0.8686256
0.70549655	0.057148933	0.038508587
0.7202531	0.85447764	-0.63579357
0.4126277	0.35315275	1.58122
0.64107156	0.78613263	-0.40456074
0.74528867	0.46427453	0.003877923
0.09527266	0.8419865	-0.11343687
0.6438225	0.2053718	-0.08140663
0.9614474	0.5629974	1.004218
0.5877111	0.6089535	0.051513996
0.55767673	0.3829978	0.4721184
0.43419987	0.019260764	-0.46603662
0.4268369	0.6506019	0.4057637
0.2070592	0.6775258	0.4186843
0.76685137	0.94488454	-0.004194456
0.64998674	0.38924354	-0.7314379
0.40300226	0.2885325	1.9281509
0.022565424	0.6739926	1.2502096
0.4365483	0.16647369	0.19019876
0.83552223	0.99077	-1.7309182
0.22252679	0.7086701	1.0921814
0.28918588	0.04400736	-0.65164965
0.5071343	0.25377578	-0.55390775
0.94863665	0.99241185	-0.2943306
0.40937763	0.77895963	-0.30550674
0.7426558	0.91170543	0.081363305
0.9112077	0.45543456	-1.051034
0.32829422	0.57921135	-0.8536155
0.1507358	0.5159366	-0.55228555
0.39993978	0.5071041	0.5191192
0.9548667	0.74309653	-1.5749702
0.11302775	0.9898666	-0.42627075
0.9010941	0.9126185	-0.78781533
0.53074825	0.58822817	0.5487538
0.19206363	0.056114554	0.92942256
0.88128585	0.4008453	-0.69002986
0.3204254	0.5394378	-0.78750134
0.8845669	0.18188608	-2.0058205
0.5251256	0.5652002	0.48227933
0.8164501	0.9190651	-1.8345069
0.68476826	0.86816597	-0.79910666
0.06238985	0.08237487	0.7464143
0.19712675	0.8668861	1.1766785
0.44648063	0.9139301	-0.24078485
0.29587692	0.57858557	-1.0515641
0.08417517	0.75961745	0.5247466
0.1751638	0.15755296	0.045360368
0.00013113022	0.50408554	0.6185526
0.09182137	0.62295675	0.061563008
0.7330152	0.9642225	0.0754662
0.86771804	0.4002232	-0.15791817
0.97247434	0.50819165	1.735275
0.3742202	0.81106734	-0.11814788
0.5937515	0.72613955	-0.51643676
0.30503052	0.83432496	-0.612182
0.8267765	0.008291721	0.8032873
0.78970903	0.04409319	0.6922101
0.84069633	0.8908963	-1.6142459
0.2045502	0.31799722	-0.26899973
0.77357787	0.7994358	-0.15734278
0.60117364	0.43883538	0.19025195
0.37063318	0.6778933	0.114261225
0.058831573	0.07420856	0.82545125
0.13583934	0.100341916	-0.9592689
0.48746186	0.23650855	-0.809673
0.85672456	0.6911985	-1.3935996
0.3603732	0.88075584	-0.44122845
0.3989569	0.90907115	-0.88894063
0.5857695	0.70844936	-0.32408428
0.08401179	0.31197554	-0.20273225
0.50672877	0.2931434	-0.4209091
0.27302718	0.5426698	-0.62325156
0.40708035	0.5003966	0.508025
0.13326311	0.8458026	-0.4940421
0.19327575	0.56226265	-0.33780563
0.9713804	0.13382816	-0.7796537
0.7416925	0.7374348	-0.22071677
0.6857277	0.7889063	-0.6974056
0.7699142	0.22613299	0.12466011
0.26737392	0.07009351	0.5874866
0.082318425	0.36012918	-0.12200365
0.5528201	0.5028555	0.29472083
0.12965268	0.30191267	-1.4815142
0.28521758	0.59934086	-0.8460564
0.8022592	0.72426	-0.37023816
0.07943827	0.3628444	-0.075719334
0.8922177	0.87452006	-1.3224525
0.7532512	0.013956368	0.38817692
0.17976278	0.4238609	-0.17930204
0.67151487	0.94493437	-0.7180785
0.8872358	0.9623019	-1.1251311
0.84300613	0.47270876	0.17808253
0.8020842	0.9546702	-1.4778137
0.040501773	0.4076507	0.6838843
0.7688648	0.32296753	-0.22957042
0.7239383	0.7314797	-0.6870879
0.66037756	0.7058754	-0.5985233
0.44242108	0.16935533	0.017551072
0.24589217	0.31240243	0.3044839
0.53021365	0.10195702	0.293302
0.67192215	0.33491695	-1.2222922
0.79319316	0.13741547	0.43252197
0.009093344	0.10499048	0.9023754
0.73985577	0.925889	0.0051694587
0.861733	0.07629186	-0.8962034
0.30235076	0.20151359	-0.5138904
0.8125161	0.7041434	-0.17810746
0.8478797	0.3105229	0.43562588
0.0371508	0.45362318	0.53387606
0.0006083846	0.5863191	0.92066234
0.17213857	0.20936888	-0.34592924
0.6148932	0.15625417	0.4194121
0.3191399	0.5392747	-0.87818664
0.8437155	0.22352839	0.12418605
0.7432654	0.13494557	0.57552654
0.64683145	0.32628232	-0.58068687
0.72977203	0.65089166	-0.18658525
0.26301235	0.86935437	1.1151627
0.2888645	0.8678796	0.024625268
0.3812074	0.92477345	-0.9401918
0.6574424	0.9428264	-0.6586629
0.91624063	0.84001786	-0.68603915
0.8524897	0.8636277	-1.4584572
0.20705116	0.25131148	0.49310726
0.8310696	0.40999174	0.6170222
0.82214	0.7729055	-0.6962722
0.27513933	0.2639585	0.12593688
0.88052624	0.67674136	-1.7658455
0.96562123	0.47798526	1.813808
0.9429413	0.15085208	-0.6820919
0.9502305	0.1742571	-0.62594336
0.12791443	0.014033198	-0.9066147
0.9336871	0.10747713	-0.7146226
0.05359316	0.23972774	1.334123
0.4376307	0.14451438	0.0958777
0.6148575	0.08706105	0.6294249
0.2868911	0.06787211	-0.49222755
0.46985036	0.7066643	-0.25377566
0.41832685	0.8087891	-0.22256425
0.0776189	0.6712052	0.7684966
0.09091467	0.5641634	-0.29829332
0.43820286	0.43378943	0.23983246
0.3432293	0.42140102	-0.023199098
0.010581732	0.26170808	0.783793
0.55837786	0.053114057	0.9888747
0.8988416	0.6435327	-1.421478
0.9038528	0.2485013	-1.358266
0.8627179	0.90639824	-1.7006649
0.9680398	0.75032383	-1.1648393
0.097740054	0.12774384	-0.33161205
0.220936	0.315516	0.16734457
0.53920245	0.0326159	0.57388544
0.56752753	0.019576848	1.0714515
0.06463671	0.40617043	0.48679692
0.5716939	0.9714182	-0.61850137
0.60467213	0.008993626	0.53556615
0.6940555	0.5227247	-2.0777056
0.18603301	0.2624033	-0.24874693
0.5083315	0.5906117	0.16232957
0.44916087	0.50153184	0.232384
0.8150418	0.40634626	0.16667555
0.38203275	0.15639144	1.0148244
0.07811445	0.8203141	0.6568706
0.85171276	0.8138644	-1.0865033
0.41373903	0.07156259	-0.16653216
0.34250772	0.9579137	-0.81618494
0.60196435	0.9001056	-0.92873913
0.86663675	0.15243793	-1.3602242
0.4932043	0.57391983	-0.13968104
0.8681425	0.87741977	-1.7555774
0.46337152	0.7470945	-0.17363803
0.48944175	0.5418871	-0.2684781
0.9785554	0.8154942	-0.99797803
0.12535453	0.460447	-1.435022
0.8711384	0.3171116	-0.5549427
0.82400334	0.8643027	-1.6674681
0.59485275	0.097311616	0.7778081
0.4577635	0.53214365	0.043712854
0.61933005	0.13440156	0.54084665
0.7731981	0.11863351	0.5260119
0.58738375	0.13113534	0.8556945
0.5519869	0.21227843	1.0714593
0.274	0.60349655	-0.6192744
0.75831085	0.014284968	0.4164928
0.3265016	0.3741539	-0.36374062
0.47360903	0.6744218	-0.3078196
0.636849	0.23929125	-0.16831687
0.22697866	0.02948451	1.6915423
0.7909276	0.015120089	0.814058
0.4636619	0.69257253	-0.24989307
0.8182753	0.08631998	0.90298486
0.810772	0.46519935	0.07925521
0.8565056	0.12376851	-0.8121665
0.8746743	0.8876472	-1.5723212
0.88923764	0.90677935	-1.2490329
0.5583005	0.15419805	1.2417703
0.057154894	0.6515006	1.2234073
0.8687417	0.054540157	-0.9263636
0.6243138	0.885505	-0.892717
0.03229457	0.4034677	0.510543
0.9456435	0.6202564	-0.43508562
0.50304717	0.16424954	-0.6801301
0.1640237	0.6878196	0.1864746
0.776862	0.10444397	0.46921384
0.78075	0.7984558	-0.36092952
0.65122473	0.52596736	-0.6360654
0.260948	0.10488105	0.9333722
0.6856716	0.7327719	-0.7767209
0.0729543	0.28121036	0.5115098
0.4989239	0.6462961	-0.06722108
0.41994506	0.05454284	-0.33275566
0.37242562	0.5937834	-0.068970904
0.8543894	0.36680043	0.35747218
0.010744631	0.44938087	0.23006006
0.8061847	0.13923603	0.66286916
0.7092243	0.70207745	-0.9802711
0.42522907	0.7763334	0.018883785
0.22203344	0.17369306	1.5030942
0.73020357	0.3702923	-0.18595089
0.37310618	0.92088175	-0.8435247
0.33847123	0.95531034	-0.7371489
0.42557198	0.68718857	0.39741755
0.47741485	0.8224292	-0.47721455
0.38461632	0.6621401	-0.014279307
0.83922625	0.74609256	-0.54245687
0.1474638	0.28225583	-0.963918
0.0064148307	0.13553798	0.79257154
0.6237748	0.3036645	0.09163748
0.13888013	0.9013139	-0.56227773
0.9358988	0.3826717	0.09780327
0.8024363	0.40900695	-0.286433
0.22384399	0.11957526	1.6863213
0.9274642	0.9936316	-0.19751117
0.2671706	0.31283486	0.20257781
0.11744714	0.6316202	-0.43470052
0.9504967	0.17538565	-0.6161181
0.4221627	0.39736038	0.87335324
0.49680167	0.93099904	-0.11939022
0.7213601	0.18034881	0.21150696
0.9744945	0.73944604	-0.7871593
0.53755224	0.723685	0.118744984
0.76605034	0.77802694	0.01210347
0.09719676	0.6730984	0.06839934
0.40967673	0.5951591	0.44194967
0.6932289	0.5912734	-1.6922091
0.048585832	0.9783008	-0.15648359
0.48965162	0.0099285245	-0.26439112
0.19403774	0.24967879	0.08832567
0.7774823	0.47012675	-0.22746396
0.61942714	0.2164995	0.22004709
0.5405176	0.6807593	0.14693108
0.115731	0.51976526	-1.398604
0.90076417	0.43299502	-0.97837484
0.24120092	0.613078	-0.21013379
0.75564694	0.7980897	0.04936212
0.9971212	0.020578563	-0.6516123
0.9798899	0.48907727	1.7509227
0.9136057	0.5588483	-1.2831054
0.09044415	0.02152437	0.042056125
0.67434025	0.24542952	-0.38231784
0.37913316	0.46445107	0.7584435
0.06790167	0.7418453	1.0449786
0.060291767	0.3419273	0.7264707
0.30567145	0.47332233	-0.4935592
0.38884598	0.14958411	0.801817
0.46346086	0.5915806	-0.14322472
0.50146466	0.18979341	-0.81666636
0.8568482	0.8449876	-1.5444838
0.47653192	0.6693327	-0.43039623
0.6087417	0.47402626	-0.045146424
0.19427246	0.5687374	-0.340223
0.75720954	0.38345593	-0.058831904
0.45941305	0.6849327	-0.16671252
0.33510143	0.78398395	-0.42476016
0.43199193	0.17587894	0.4852688
0.47939354	0.17347139	-0.701644
0.66143245	0.86907583	-0.38256365
0.8812643	0.23816764	-1.6320428
0.6565835	0.49042737	-1.0806191
0.1322599	0.2396012	-1.4074689
0.108442724	0.3037362	-1.3509928
0.36150682	0.6067452	0.012899205
0.6533051	0.3400582	-0.8127247
0.50712013	0.27331972	-0.55041444
0.36969084	0.6159507	-0.0341867
0.7616473	0.29937857	0.1853114
0.6190635	0.84766966	-0.9989888
0.28965634	0.49739313	-0.6082825
0.8860585	0.7705113	-1.7714788
0.03419453	0.17563897	1.0043856
0.36968845	0.7224142	0.19212687
0.7244648	0.84522563	-0.55802584
0.9648362	0.6180345	0.38889137
0.34063745	0.07908791	-0.19302633
0.105710566	0.19236237	-0.83376807
0.7571517	0.931718	0.115673155
0.55269027	0.009373963	0.77784604
0.29477972	0.54272515	-0.89218813
0.37990022	0.7349808	-0.1375426
0.77377087	0.21109027	0.119482815
0.13424385	0.48271608	-1.2014331
0.62374395	0.94639057	-0.53548586
0.554519	0.22026205	1.2304674
0.66249603	0.76728714	-0.22499613
0.8302898	0.6712566	-0.05562793
0.9252589	0.296058	-0.24610463
0.08456504	0.34588087	-0.26673692
0.2485019	0.52027035	-0.7112159
0.7690887	0.30375808	-0.21440813
0.54551584	0.26454556	0.8754271
0.7989702	0.9868978	-1.2295724
0.8020396	0.6427346	0.162417
0.76218885	0.31187326	0.035146486
0.6731292	0.21546495	-0.18082435
0.22781354	0.9229484	1.5239882
0.8281771	0.8551654	-1.5358607
0.053208947	0.46994978	0.6529553
0.43528104	0.32338095	0.795734
0.07922995	0.844735	0.5468679
0.7928051	0.9183095	-1.1296482
0.31344372	0.8161143	-0.7990524
0.7400619	0.37031478	0.023282535
0.99344623	0.1893363	-0.54696697
0.3892547	0.3433643	1.9257722
0.4792099	0.9301338	-0.3708559
0.107468545	0.42141336	-1.5778183
0.09152722	0.9128687	-0.12800792
0.18063408	0.9860765	0.05310929
0.87492204	0.64445066	-1.7751029
0.2998762	0.58989257	-1.1625507
0.05879718	0.39490545	0.6420239
0.9613578	0.83902746	-1.4232082
0.93023795	0.39139783	-0.20804231
0.5615645	0.43422055	0.24173419
0.20516735	0.2857014	0.07462663
0.68475884	0.1492306	0.23078254
0.3279587	0.2589655	-0.49977773
0.4149559	0.80576175	-0.27883106
0.5268098	0.41537923	0.25570005
0.80115706	0.27154714	-0.109099984
0.48282897	0.6483906	-0.362319
0.4629981	0.95953745	-0.35526678
0.05728376	0.9664696	-0.12694469
0.6614642	0.82676554	-0.29504538
0.6671203	0.616972	-1.2741272
0.17324662	0.49225104	-0.03189279
0.7824828	0.26803863	-0.34833553
0.4224772	0.33897626	1.2258433
0.65875065	0.9988887	-0.6198202
0.06788033	0.8961253	0.3742892
0.3985811	0.052352548	-0.061630905
0.15032381	0.58106834	-0.16959873
0.74346495	0.70113796	0.14303415
0.665382	0.28410357	-0.63010406
0.7898539	0.050379872	0.72014725
0.7049641	0.069220185	0.037940707
0.0077329874	0.29331356	0.7335251
0.5346399	0.89605945	-0.17096844
0.31166804	0.72837627	-1.2708588
0.19896781	0.076625526	1.1007483
0.50801957	0.347126	-0.32178667
0.45188105	0.25595313	0.1090167
0.70289123	0.051193178	0.05431575
0.90766954	0.4851675	-1.252726
0.6217983	0.7063156	-0.721748
0.15971267	0.44507468	-0.35821164
0.85438657	0.40204316	0.24248461
0.15496373	0.10358411	-0.4706846
0.5609733	0.14855021	1.3111194
0.8478248	0.042960644	0.06149709
0.7648895	0.28336674	0.09575814
0.8708402	0.048078954	-0.9267239
0.54774046	0.47136343	0.35367846
0.7800397	0.83680063	-0.45772812
0.81924087	0.27924913	0.26504883
0.13448846	0.7775642	-0.16712473
0.33934224	0.9049975	-0.7443611
0.438141	0.30868846	0.68221676
0.17921257	0.6706868	0.081696205
0.89539933	0.887064	-1.1213822
0.9724288	0.46219832	1.9551071
0.18112314	0.43360275	-0.23819606
0.7133324	0.13359016	0.116676226
0.9625215	0.60002357	0.52883846
0.7310492	0.84701693	-0.42715397
0.8656895	0.28459132	-0.5408268
0.30734348	0.18206435	-0.58202016
0.31274694	0.19572073	-0.4485385
0.8710407	0.074341476	-1.2430465
0.8706662	0.2872457	-0.7597483
0.96768385	0.22078484	-0.2374681
0.29710788	0.45963138	-0.33412573
0.18679899	0.27231067	-0.21177381
0.52881706	0.46442246	0.38818175
0.8986926	0.72196656	-1.4638867
0.36698282	0.5031547	0.17221119
0.6919768	0.19286436	0.14133775
0.35088605	0.58254385	-0.08147395
0.5455839	0.7708001	-0.09768276
0.96198934	0.03163749	-0.8271333
0.87560946	0.683429	-1.8108863
0.60621035	0.323209	0.5054146
0.85628456	0.98566806	-1.6531092
0.25575262	0.4097581	-0.4606422
0.3802967	0.501461	0.38008505
0.20034814	0.8310847	1.4110272
0.21859807	0.8990433	1.689394
0.7210621	0.7274044	-0.80102503
0.9679169	0.20178652	-0.3877123
0.41333675	0.11948317	0.11285045
0.12454927	0.6883298	-0.122983605
0.24642771	0.18672943	1.3338009
0.3314311	0.86511356	-0.6445961
0.07219046	0.6457457	0.70058954
0.2416333	0.076622605	1.520958
0.33084077	0.74498975	-0.72036564
0.20899719	0.98457557	0.97519743
0.40475	0.9353011	-0.92827666
0.022716224	0.82840365	0.91518515
0.7765847	0.15002966	0.31559023
0.59933865	0.8224815	-0.5813154
0.22900993	0.48252237	-0.9166404
0.6866489	0.7382832	-0.7588362
0.92513174	0.56436336	-0.95485026
0.7640016	0.651276	0.8120962
0.9418835	0.42342955	0.35324475
0.04332471	0.025262475	1.3677137
0.112606525	0.40071672	-1.6277235
0.97810763	0.22248042	-0.34058908
0.6841555	0.013839364	0.26829308
0.3778321	0.7469331	-0.0070235226
0.25053513	0.14424562	1.3950484
0.8285286	0.20534104	0.4228238
0.65814793	0.36287177	-1.0300283
0.7886877	0.8763111	-0.8832053
0.018365145	0.82419175	0.77857757
0.2671559	0.0052811503	0.38159898
0.33881527	0.9459805	-0.799389
0.32850522	0.65236336	-0.9722996
0.3610049	0.32528925	0.88263345
0.35712564	0.053315282	0.17514779
0.022442698	0.9388231	0.71562076
0.75944155	0.7764772	0.08089088
0.8838072	0.8047656	-1.7521062
0.44277608	0.122903645	-0.08905488
0.50822	0.35472018	-0.25054803
0.8235085	0.5176725	0.25606793
0.6523774	0.7203909	-0.37073287
0.8573397	0.95702964	-1.7042669
0.37628597	0.673589	-0.008566411
0.847447	0.3439846	0.50529414
0.07031447	0.36474806	0.23679295
0.9104667	0.4624048	-1.0898417
0.8431542	0.37721032	0.5916778
0.49923748	0.45834708	0.07515457
0.36830628	0.8666791	-0.3969692
0.3681277	0.925213	-0.81002903
0.8550907	0.5379073	-0.48221797
0.36929482	0.14756572	0.8082872
0.5747904	0.73311347	-0.43955633
0.057471752	0.44228584	0.65607375
0.5197443	0.74125296	0.12035537
0.35433555	0.6845047	0.22886719
0.1243484	0.65253043	-0.33784264
0.19135731	0.15882415	0.37949222
0.21394038	0.45157933	-0.8514283
0.06473678	0.7986825	1.1700916
0.49229735	0.2620458	-0.6394686
0.26646924	0.40118933	-0.16128172
0.2060554	0.6287491	-0.004207451
0.72349095	0.016032636	0.328161
0.6321066	0.6643082	-0.513978
0.20607555	0.3225174	-0.21815968
0.36304182	0.48530394	0.261485
0.8087861	0.28094673	-0.024135964
0.44184393	0.8846827	-0.10035564
0.20440131	0.23334485	0.5248659
0.5178505	0.83689344	0.01514758
0.62550545	0.049272597	0.6355863
0.97316134	0.28481185	0.32398736
0.09813291	0.8471963	-0.24273254
0.3271137	0.0037286878	-0.6494866
0.96727055	0.9624351	-0.48150784
0.041424215	0.1264047	1.1603715
0.35905802	0.79517347	0.22169936
0.9671608	0.17862302	-0.5848853
0.73822266	0.4622994	-0.1415442
0.35089403	0.8981357	-0.74454165
0.8663906	0.6599715	-1.7105945
0.83310974	0.55148095	0.1423632
0.94537646	0.034666777	-0.5734872
0.22022873	0.84226847	1.9493098
0.8906744	0.0070331693	-0.57864314
0.3085339	0.386518	-0.18277207
0.41531307	0.8080718	-0.2678751
0.061995983	0.24002182	1.2477233
0.2880783	0.6081373	-0.9029612
0.65786177	0.7923149	-0.2749097
0.23796779	0.33206528	-0.0041370224
0.7894399	0.7117006	0.013393015
0.16635472	0.29241037	-0.53274596
0.02757287	0.6000725	1.3324409
0.19845581	0.87215626	1.2775472
0.20167261	0.07523692	1.2455513
0.6410843	0.9553319	-0.66848
0.7021341	0.45721716	-1.8113132
0.88273495	0.74843574	-1.7658186
0.5373681	0.22489911	0.4722145
0.049185455	0.056136906	1.134018
0.280913	0.98741573	0.2901587
0.97426766	0.12729347	-0.79340017
0.51070625	0.81889075	-0.051010855
0.8082905	0.30284125	-0.09399461
0.5831169	0.5774394	0.059052493
0.080055	0.50238764	-0.06331844
0.9538533	0.7602856	-1.5720836
0.47685874	0.32063127	-0.37175363
0.5213096	0.955629	-0.21067947
0.9736635	0.16532946	-0.691507
0.3368029	0.2592857	-0.2836525
0.6532911	0.54787207	-0.69484407
0.9404411	0.13599706	-0.7067473
0.49369955	0.13724405	-0.76645774
0.68830264	0.5817593	-1.71026
0.6503155	0.005908072	0.27084848
0.16906351	0.57273173	-0.0040274635
0.9352555	0.75877213	-1.1461322
0.2951063	0.4922973	-0.60546106
0.39449757	0.99740267	-1.0723305
0.5159735	0.986862	-0.14716977
0.33506107	0.7523198	-0.52676624
0.4115336	0.6146312	0.47935787
0.69038683	0.105985045	0.19012444
0.99488735	0.45216274	1.4405808
0.5519484	0.9413681	-0.37508526
0.7298619	0.91369	-0.08904722
0.72848326	0.7721987	-0.6268272
0.62475634	0.50859064	-0.13158588
0.81015575	0.9095788	-1.7672501
0.16328448	0.9827041	-0.50724053
0.2308259	0.057854652	1.6935753
0.058101833	0.6030855	1.1637626
0.21239913	0.5298571	-0.7048109
0.8323533	0.6554696	0.024428934
0.63932425	0.056307554	0.441317
0.40681463	0.73163277	-0.11932095
0.8075708	0.91160995	-1.6925676
0.3884201	0.279607	1.8629596
0.48660767	0.30899972	-0.48266637
0.39440447	0.50939304	0.57364583
0.73752517	0.88831276	-0.08224651
0.59646803	0.08596802	0.7529059
0.6398378	0.55424905	-0.25242257
0.84263146	0.32673734	0.5640026
0.09084308	0.2435444	-0.3192119
0.28607982	0.93685	0.2091322
0.42804706	0.33956683	1.0412127
0.37155646	0.8904482	-0.54341596
0.69069725	0.58835673	-1.6276215
0.7896716	0.102158785	0.40197375
0.6707071	0.7504232	-0.5465016
0.7844115	0.88671947	-0.73423594
0.22459728	0.2318266	1.0812657
0.17266119	0.48375702	0.027708806
0.9942939	0.2572955	-0.16227955
0.58941066	0.20816731	0.91936755
0.68860507	0.56073564	-1.9189616
0.6164663	0.9216569	-0.83810997
0.886891	0.30215323	-1.2923495
0.10651928	0.8009146	-0.3108942
0.69287646	0.83226097	-0.86502224
0.9223118	0.6351632	-0.99549663
0.15397996	0.24755234	-0.7058124
0.9151512	0.39421165	-0.7444232
0.4805776	0.7676139	-0.38959688
0.7290109	0.44110912	-0.5905051
0.010565221	0.48799258	0.48761803
0.88569194	0.84422433	-1.6191641
0.690183	0.79136956	-0.75371504
0.6427836	0.6395837	-0.5100015
0.73463845	0.53210133	-0.14101419
0.65281606	0.051323056	0.26451746
0.8059408	0.36392117	-0.29748595
0.31302637	0.5335003	-0.8681957
0.015858352	0.6916223	0.9519868
0.6063209	0.71355724	-0.7342348
0.88629645	0.1822772	-1.9240371
0.91772884	0.016741037	-0.76548964
0.3831231	0.9471759	-1.0195856
0.2644453	0.8198727	0.89031094
0.6753052	0.13945925	0.26522064
0.67158115	0.7092317	-0.8637501
0.45492375	0.44731718	0.18801597
0.05931276	0.7927416	1.3622645
0.15390259	0.5666223	-0.19904108
0.6633655	0.7689616	-0.27306277
0.5616771	0.44446236	0.17783873
0.22632027	0.13104141	1.73246
0.4356073	0.8077245	0.056695547
0.44118452	0.22067451	0.29554754
0.8554863	0.20248544	-0.59345996
0.22142774	0.3303392	0.022915017
0.2593928	0.069269836	0.8791254
0.6616871	0.64025414	-1.0238003
0.3315168	0.060589552	-0.49248782
0.7474377	0.16850328	0.57438284
0.53933316	0.9304789	-0.20258826
0.17795175	0.29810393	-0.5153474
0.8337163	0.65418315	-0.026453286
0.061138272	0.8297859	1.0879819
0.7359513	0.36138922	0.006407612
0.55141026	0.85654104	-0.37479034
0.12669396	0.1876058	-1.255673
0.6754685	0.1374712	0.31718603
0.67193717	0.39291966	-1.6729689
0.16818714	0.69811565	0.28352317
0.89325935	0.059654713	-1.114758
0.75887036	0.7866009	0.02049743
0.99603605	0.106159866	-0.7894777
0.6628771	0.896292	-0.55293506
0.5231872	0.13491541	0.020704787
0.993357	0.5278998	1.3425467
0.75137484	0.9105456	0.10472349
0.10650271	0.845198	-0.50033164
0.8431342	0.98831743	-1.7284931
0.64867324	0.5851812	-0.64708716
0.95356125	0.053392768	-0.7480957
0.87095195	0.7238437	-1.8079711
0.7655328	0.5106736	0.24364458
0.81549394	0.11155969	0.8326185
0.71046495	0.42770457	-1.4155664
0.4144255	0.8665965	-0.59271365
0.17956287	0.02957803	0.5036
0.2638697	0.9980989	0.56997395
0.18300742	0.6684129	0.13873419
0.6961826	0.014198363	0.1266277
0.19718099	0.061255515	1.1031204
0.1158402	0.54736704	-1.1550237
0.4022177	0.45312935	1.0017292
0.88227165	0.94309324	-1.3175853
0.17029375	0.063216686	0.18897542
0.84125865	0.6800319	-0.41707265
0.59734905	0.6875096	-0.5379145
0.5290289	0.07311565	0.3420933
0.69619954	0.9579622	-0.61024183
0.98406255	0.21068347	-0.41281205
0.15756458	0.027480483	-0.40182534
0.16904199	0.4388532	-0.11827127
0.79631317	0.3771099	-0.55064666
0.6404923	0.52695787	-0.21929936
0.9119984	0.5972925	-1.1849722
0.72632545	0.8311901	-0.60921144
0.6202887	0.3122626	0.20137148
0.9950994	0.15856117	-0.65571904
0.29919535	0.6326051	-1.2730559
0.8308342	0.22746742	0.34203768
0.008366883	0.1550613	0.8606961
0.13432366	0.89102584	-0.50062084
0.34873807	0.2841848	0.19131008
0.95428294	0.53350085	0.953834
0.14255267	0.674669	-0.050828107
0.5726175	0.45206505	0.018563647
0.90770763	0.06453365	-1.0835459
0.9393411	0.12040806	-0.68748283
0.2612177	0.29729587	0.35547596
0.077344894	0.14838403	0.36523533
0.17813611	0.8356537	0.21718669
0.6970272	0.40518612	-1.7423797
0.92359096	0.75366455	-1.1203206
0.3975641	0.80390614	-0.49964246
0.2206335	0.04801786	1.7002203
0.082874775	0.061710298	0.066487394
0.8450907	0.16607475	-0.05863394
0.2101062	0.009027302	1.5561223
0.9440774	0.27111828	0.0076469034
0.24404788	0.6743482	0.26460168
0.9301673	0.19998473	-0.581771
0.7355181	0.7963743	-0.46262205
0.30455917	0.15578872	-0.6071306
0.41396087	0.9838289	-1.0980369
0.9011774	0.7153956	-1.5214989
0.7083906	0.7100068	-0.97141397
0.049087882	0.49487513	0.7994746
0.7811301	0.23658353	-0.17383586
0.3781246	0.27905917	1.6980171
0.896332	0.9828656	-0.7591309
0.99118423	0.18143886	-0.5918047
0.3160426	0.659281	-1.4112977
0.88774633	0.46792847	-0.79205227
0.03801745	0.4938057	0.6808073
0.27655548	0.5957439	-0.7490996
0.15488273	0.5530363	-0.26977658
0.9818521	0.16178817	-0.60565984
0.54208034	0.3004263	0.66162103
0.35857254	0.50968385	0.13741548
0.53847134	0.5278803	0.649225
0.14815623	0.3806979	-0.82875645
0.22308224	0.30671412	0.20084774
0.80957705	0.40424126	-0.06339307
0.5747503	0.73494846	-0.48365507
0.9848296	0.54939413	1.365072
0.68669224	0.669114	-1.103443
0.38763338	0.26567745	1.7780466
0.5655046	0.54036176	0.13739064
0.25604916	0.04955536	0.8469989
0.09572804	0.51088274	-0.8987719
0.41886896	0.006566763	-0.5515475
0.42964333	0.31352574	0.9795961
0.29613483	0.7416706	-0.9065228
0.0991956	0.28993624	-1.0123034
0.59117293	0.1129055	0.6963453
0.38827348	0.21008706	1.5184323
0.9181828	0.14779627	-1.0281185
0.85341614	0.6996587	-1.2267512
0.99806243	0.5379267	1.1772267
0.174339	0.29472196	-0.5485387
0.2888382	0.07327992	-0.5885408
0.45843744	0.60155964	-0.092323825
0.92939675	0.31767434	-0.012755413
0.72474694	0.12523001	0.2810149
0.87072486	0.38703305	-0.31374317
0.9843209	0.27701485	0.076596096
0.5477925	0.018787324	0.6865329
0.1634466	0.38035238	-0.39514685
0.8527575	0.79377764	-1.081528
0.9495388	0.5043443	0.78928936
0.31474018	0.25928903	-0.46757713
0.35852832	0.4097547	0.577338
0.45039767	0.45822686	0.24524942
0.71012604	0.24075359	0.039819654
0.06264424	0.146272	0.91490686
0.28736567	0.5993778	-0.9598948
0.7338297	0.825328	-0.40364778
0.25272042	0.70181775	0.45114833
0.5731842	0.019620001	0.96831936
0.23715657	0.72136986	0.9703769
0.75401646	0.5642331	0.57223326
0.68764126	0.17747402	0.27534357
0.18925673	0.42487234	-0.27548498
0.8833785	0.048715055	-1.0617467
0.01366365	0.38510215	0.30844256
0.78633845	0.6185881	0.5693031
0.32766783	0.19825643	-0.3099107
0.119194806	0.15160269	-1.0077116
0.6252291	0.50647527	-0.13373038
0.441917	0.6504764	0.14831415
0.94834673	0.41946208	0.88875335
0.46824336	0.74925166	-0.19978985
0.4375142	0.7282735	0.22735707
0.6517156	0.4274156	-0.8182447
0.90032166	0.8105265	-1.3852514
0.6837864	0.96332455	-0.70709926
0.41923422	0.094497144	0.037445735
0.9872074	0.16070837	-0.6845925
0.6570142	0.60852647	-1.0837295
0.9678361	0.7669432	-1.2107654
0.9205681	0.49427682	-0.9664365
0.47459918	0.27607858	-0.49193013
0.26400185	0.5105037	-0.523543
0.3952592	0.05338067	0.011443751
0.4256311	0.7652708	0.035073824
0.9569659	0.4398479	1.4382693
0.72648495	0.7249371	-0.5743027
0.3156405	0.3419001	-0.37075782
0.12994695	0.78140897	-0.20596823
0.5801745	0.22178185	1.111186
0.37868136	0.8865902	-0.6836347
0.31250983	0.4302075	-0.2402871
0.42974746	0.91672355	-0.4105049
0.7988381	0.20355213	0.21204306
0.85280114	0.029469073	-0.12970132
0.23653871	0.15740055	1.6691796
0.8682069	0.912404	-1.7000283
0.6140395	0.30061072	0.38464376
0.46594083	0.27034563	-0.1378589
0.21655953	0.13025987	1.4771799
0.15404505	0.83189446	-0.34647876
0.6359254	0.57614315	-0.2641978
0.83929974	0.5002133	0.12746286
0.31673414	0.011838198	-0.8757894
0.92524964	0.5079143	-0.8689767
0.49324256	0.98641944	-0.32996574
0.103066266	0.5718548	-0.6090611
0.5050474	0.31850684	-0.5014756
0.219307	0.020311356	1.6848966
0.3881179	0.103158	0.46872428
0.5901808	0.9946427	-1.0229114
0.93167657	0.45154345	-0.37487093
0.2313717	0.71888447	1.1052848
0.10814577	0.7118702	-0.20772171
0.40248436	0.9233516	-0.9102201
0.77038026	0.14602757	0.4790985
0.8459079	0.9743827	-1.7445387
0.48182207	0.7506696	-0.3858537
0.0011107326	0.013372004	0.8318641
0.9820895	0.71013397	-0.27337107
0.88472956	0.46582383	-0.69848526
0.87825155	0.32175636	-0.87999
0.8167481	0.5586417	0.08122504
0.7006	0.5520308	-1.7820023
0.11962539	0.46211523	-1.5311185
0.80322504	0.5133041	0.10678497
0.18964094	0.8391022	0.78579456
0.5722861	0.13307029	1.137799
0.080649376	0.8824896	0.28705794
0.6609674	0.15985125	0.024505757
0.3431335	0.2989179	-0.091094114
0.7838685	0.597991	0.61765546
0.48789936	0.14656901	-0.85704225
0.97929704	0.46066236	1.8236334
0.08316851	0.69005436	0.5491123
0.9020183	0.22605872	-1.503725
0.55554366	0.19499946	1.2147201
0.28278917	0.3289284	0.012307071
0.32847047	0.18251747	-0.3229126
0.30451822	0.44765502	-0.3152092
0.44195855	0.11167443	-0.10954595
0.49601185	0.47938907	0.012657244
0.042496204	0.63816494	1.4354126
0.35170895	0.2695427	0.27106756
0.41339642	0.06277996	-0.31254965
0.16448373	0.048419774	-0.13141802
0.34910887	0.9192445	-0.91646487
0.95459116	0.7014287	-1.1853011
0.7567114	0.7666896	0.083998844
0.5045768	0.40410948	-0.14417744
0.7328081	0.31832087	0.038928278
0.9418215	0.3828917	0.40670836
0.004652202	0.84173506	0.3021764
0.36629254	0.1778242	0.8576276
0.84191567	0.64978105	-0.3574654
0.69607717	0.2765149	-0.29479322
0.79992723	0.52488536	0.09322658
0.07028246	0.028008401	0.47946468
0.41302544	0.93213904	-1.0222758
0.10568285	0.27186036	-1.111187
0.6960856	0.6518318	-1.2397767
0.18733263	0.3269173	-0.5337041
0.54259396	0.8533246	-0.27164763
0.72926927	0.03674352	0.36726302
0.93991965	0.4009394	0.2659307
0.98709553	0.8952587	-0.45153478
0.65165675	0.7654386	-0.19388148
0.60843325	0.3009861	0.5399721
0.08891398	0.81199324	0.270598
0.6319091	0.905698	-0.7601025
0.53886145	0.23044568	0.49712887
0.3057459	0.09774202	-0.9800098
0.2586456	0.5528694	-0.55659384
0.53545904	0.6555933	0.21592668
0.02944851	0.60658485	1.3365549
0.8538349	0.76264614	-1.1211641
0.053495288	0.40418774	0.74698466
0.1804049	0.9116697	0.31218866
0.992674	0.8554445	-0.56388444
0.19476843	0.1885761	0.44793147
0.4190964	0.41825414	0.80922514
0.62365884	0.26664156	0.031446688
0.17947769	0.42417634	-0.14258048
0.2849033	0.90715903	0.19511813
0.41158408	0.77186704	-0.27206805
0.39110088	0.20546293	1.4067048
0.5108134	0.1013847	-0.23766845
0.2790177	0.18625122	-0.037598982
0.41606617	0.62622696	0.63851774
0.7132399	0.6995056	-0.9142305
0.8953739	0.9167675	-0.9922676
0.4544887	0.19624376	-0.13048948
0.29845232	0.80781925	-0.5540806
0.9438381	0.06562173	-0.6445849
0.57223004	0.68606406	-0.25039202
0.5297193	0.23077297	0.19789931
0.4861402	0.3557927	-0.23407863
0.48206687	0.24307823	-0.7331526
0.21866459	0.8685091	1.832232
0.6165124	0.034311175	0.6156875
0.77182835	0.2806688	-0.10636165
0.33803278	0.87910485	-0.65648466
0.065790355	0.055791497	0.593952
0.046420097	0.26143235	1.263471
0.36566216	0.12705171	0.64217657
0.9765371	0.92079663	-0.589625
0.48383838	0.2868768	-0.5727037
0.63869673	0.085155904	0.24615245
0.67175716	0.20120043	-0.13023256
0.8014787	0.838443	-1.4099823
0.6808855	0.5474887	-2.0290554
0.56639916	0.66629857	-0.008117124
0.19968837	0.9652102	0.8969101
0.99022967	0.44997537	1.565364
0.025151491	0.19634628	0.91039985
0.55150443	0.409342	0.4008994
0.47499418	0.5002221	-0.08900595
0.6777515	0.5324889	-2.0867171
0.96030056	0.60746956	0.36284506
0.18249154	0.84554625	0.36627737
0.35110497	0.5561292	0.03727124
0.6253043	0.5761088	-0.32666227
0.33764344	0.69942045	-0.43885142
0.23676503	0.4624375	-0.8379828
0.3757472	0.26042992	1.5691471
0.020882308	0.7020486	1.0812275
0.9158213	0.4812166	-1.1654679
0.9798202	0.5631879	1.2851347
0.8115879	0.37552512	-0.07507733
0.20671904	0.8256167	1.4782064
0.55140823	0.66363674	0.2025938
0.48337603	0.32802433	-0.26865083
0.5126358	0.5894387	0.22718015
0.7664294	0.9726807	-0.030690398
0.9861567	0.88876975	-0.58161306
0.64640296	0.6844364	-0.36105734
0.3465364	0.4632153	-0.03746315
0.17642832	0.13373965	0.18704526
0.63305306	0.22247505	-0.11875464
0.5358906	0.6243044	0.47944224
0.09477919	0.12103742	-0.3677365
0.9143676	0.5567985	-1.2255112
0.40457565	0.2081545	1.2095912
0.7220122	0.44293958	-0.85526776
0.7022728	0.40933573	-1.6214639
0.8118855	0.060546637	1.0001347
0.7621226	0.8967679	0.2234163
0.70470333	0.0074597597	0.044986576
0.25317824	0.8651713	1.389375
0.69423074	0.7885165	-0.80186504
0.8838079	0.60117376	-1.3146845
0.08129799	0.50494	-0.07204732
0.31706697	0.21734834	-0.44536602
0.30824924	0.8640801	-0.5002588
0.62355596	0.8060047	-0.8838511
0.566107	0.38180393	0.38148454
0.711831	0.9811132	-0.2599197
0.17767304	0.27432907	-0.3932219
0.0468812	0.119294405	1.142533
0.014419436	0.5671902	1.1075948
0.220357	0.99540234	0.95647365
0.53690326	0.8914548	-0.18011498
0.47564077	0.6809974	-0.33934605
0.6822064	0.7553947	-0.6470037
0.21745646	0.96453655	1.2114376
0.7438652	0.34122926	0.20920704
0.64407945	0.83083457	-0.42571792
0.6041602	0.55470943	-0.15380567
0.2131328	0.80197096	1.6378988
0.36843318	0.83399403	-0.116169
0.61969554	0.5027309	-0.106062345
0.025500238	0.94266474	0.6478501
0.24774402	0.49344832	-0.8099841
0.025607705	0.0009548664	1.2101635
0.6082586	0.65707505	-0.72141194
0.48000145	0.10279453	-0.6970444
0.7923646	0.748202	-0.32666856
0.36645162	0.6848803	0.13790564
0.18860322	0.54434764	-0.29240575
0.876199	0.6698641	-1.822923
0.42170268	0.34498048	1.2826176
0.04292053	0.14881337	1.1248319
0.05731821	0.57436806	1.0144929
0.20346397	0.30836898	-0.19258949
0.9696261	0.33149004	1.0322024
0.07264513	0.6923168	0.92197204
0.7153583	0.25702512	0.098608494
0.35377902	0.43198812	0.28052244
0.7757818	0.5855547	0.84053665
0.85278314	0.36073887	0.31021577
0.20952874	0.31252712	0.008198287
0.91327703	0.78061	-1.139652
0.26033676	0.5969192	-0.44664058
0.9170689	0.35065955	-0.6107329
0.38128644	0.11459905	0.61999524
0.22706318	0.24619693	0.9402781
0.9158383	0.93011814	-0.2743326
0.89363444	0.24943072	-1.6503474
0.02229911	0.24490768	0.75104916
0.28687888	0.4050569	-0.07494357
0.85573405	0.38314474	0.19953278
0.86633915	0.61967915	-1.3808511
0.20643264	0.31799042	-0.20831546
0.28285915	0.93568736	0.29236072
0.005290568	0.6775635	0.8121775
0.27056503	0.7465284	0.16943347
0.8923406	0.87534726	-1.282166
0.5940615	0.67111164	-0.3527064
0.40990645	0.64481944	0.4105364
0.55934256	0.88580996	-0.5240082
0.60345143	0.68082	-0.68872607
0.0959453	0.49677038	-1.0299383
0.09660262	0.434892	-1.203849
0.5422338	0.31258845	0.6214864
0.87213	0.9248285	-1.5714338
0.53670233	0.82642406	-0.06460037
0.15096205	0.54174066	-0.4482585
0.6609072	0.8779032	-0.42183086
0.22142112	0.021394908	1.6704358
0.63940614	0.7381465	-0.37206328
0.7508616	0.430804	-0.022501018
0.59334344	0.530172	0.041703276
0.6268189	0.7274241	-0.78637236
0.256095	0.4989094	-0.65219355
0.6988037	0.038545966	0.077160425
0.7652774	0.41911805	-0.2725495
0.45651865	0.45923454	0.21515854
0.93664	0.16848546	-0.70330316
0.072779894	0.8165951	0.8656992
0.21043605	0.14380795	1.2093605
0.77264905	0.81792736	-0.17872481
0.016887546	0.98667747	0.3959683
0.9475771	0.5758968	0.13071291
0.65401685	0.83774984	-0.31807095
0.904448	0.623671	-1.2667092
0.5818812	0.68410736	-0.1499362
0.088867486	0.05117911	0.014950506
0.11358732	0.4308666	-1.6591551
0.47240776	0.3986314	0.025742268
0.93696976	0.99001455	-0.3040165
0.6988552	0.2588507	-0.15337986
0.5463763	0.91953474	-0.25307876
0.34412593	0.68805	-0.090599366
0.8355694	0.23528123	0.30419376
0.23281783	0.35998076	-0.24872294
0.2707941	0.2763552	0.2381983
0.25695527	0.31542414	0.3058849
0.39949512	0.53592384	0.31263915
0.72220874	0.4811017	-0.90745103
0.82386744	0.36298043	0.50100213
0.2643162	0.6770601	-0.13891785
0.13498074	0.9923528	-0.4439681
0.69238406	0.51766163	-2.178305
0.70286864	0.32456088	-0.46934286
0.8471708	0.79417485	-0.8203173
0.9482314	0.5072831	0.72481227
0.6518703	0.0967893	0.13580237
0.11592281	0.5310236	-1.3032596
0.5934788	0.29413503	0.6717254
0.8541683	0.33230406	0.26664406
0.7341015	0.056670964	0.3953337
0.4435938	0.97547376	-0.46891204
0.3177809	0.044433534	-0.9268468
0.4977535	0.7242019	-0.1013203
0.9689215	0.20585132	-0.37891746
0.053046703	0.90269804	0.48106065
0.123455584	0.051537693	-0.8738175
0.22453022	0.91166055	1.5718853
0.9119158	0.05028963	-0.90358716
0.07916486	0.19714189	0.36823297
0.9920438	0.12695086	-0.8239449
0.21490455	0.30852103	0.15112269
0.88606375	0.6592371	-1.6118753
0.4841351	0.09904188	-0.72468877
0.46749926	0.945405	-0.3745566
0.7704563	0.04199922	0.5382422
0.93853974	0.91439635	-0.41519403
0.096334755	0.45629382	-1.1619134
0.6640921	0.30063838	-0.84228724
0.20704687	0.3121705	-0.15230568
0.6386099	0.651198	-0.39626986
0.040703416	0.630003	1.4092692
0.3898459	0.9834844	-1.1029091
0.29750305	0.45724988	-0.31268746
0.29991984	0.35439527	-0.17134494
0.23648322	0.51490784	-0.9533633
0.18720013	0.6747701	0.13525651
0.46891093	0.5993049	-0.18525393
0.00084877014	0.79505366	0.2039557
0.6961488	0.32956845	-0.8072707
0.09209496	0.7534005	0.22074594
0.75185966	0.8356669	0.012348393
0.99050826	0.73066413	-0.15708137
0.9253795	0.7962787	-0.9106598
0.98325884	0.03601843	-0.80417347
0.7444577	0.45568365	-0.03199076
0.13717562	0.752533	-0.039445993
0.62911355	0.06153226	0.546819
0.7218485	0.6626465	-0.5455136
0.65152556	0.08298528	0.17098397
0.08764207	0.6576545	0.39835706
0.3527372	0.73892933	0.15939707
0.63858	0.95224404	-0.6059871
0.03174305	0.009068668	1.2830237
0.968287	0.060107946	-0.8203369
0.045381844	0.8899428	0.7967125
0.50544643	0.036759794	-0.13083045
0.80856514	0.06478864	0.947803
0.9335324	0.17296547	-0.6304602
0.5988146	0.03311616	0.58361757
0.5621685	0.5095823	0.1054679
0.750289	0.8708649	0.00896072
0.81853867	0.45936143	0.31902224
0.9358612	0.51325434	-0.3963886
0.88170254	0.39594823	-0.7147497
0.15760493	0.57457995	-0.101465076
0.16811621	0.55811214	-0.016123958
0.32671517	0.4859888	-0.4686899
0.2594098	0.6020781	-0.41970032
0.79257953	0.06732494	0.66088504
0.8409647	0.78854054	-0.72807753
0.28904402	0.9491343	0.1262479
0.8583694	0.9073769	-1.7427359
0.67817736	0.404795	-1.9957446
0.06540495	0.8028598	1.1934158
0.59603965	0.9920838	-1.0311952
0.82776713	0.7777681	-0.7480458
0.99524754	0.9041754	-0.32240352
0.2575187	0.32139367	0.17152892
0.96068805	0.8379065	-1.4290797
0.66756684	0.10167605	0.28569692
0.38133335	0.16484916	1.115635
0.25912333	0.8268444	1.1684309
0.7213259	0.98771006	-0.10669498
0.7536547	0.014354825	0.40094882
0.21989	0.8545457	1.8486778
0.8414586	0.45622778	0.31579074
0.36451793	0.34573305	1.0475404
0.6833786	0.1859129	0.1946762
0.4868226	0.482503	-0.11826263
0.8914579	0.30798745	-1.3015629
0.0028492212	0.21907568	0.7947224
0.39295936	0.41293907	1.4254321
0.50980484	0.69780695	0.17643149
0.896417	0.8068333	-1.4886718
0.7533789	0.9324876	0.14467397
0.013234615	0.7936186	0.52308375
0.13698643	0.31319022	-1.2752177
0.6508479	0.5874045	-0.69197005
0.39317387	0.1273241	0.4884418
0.01989454	0.78971946	0.812539
0.34908146	0.08890641	-0.06821169
0.7910393	0.78080297	-0.627383
0.27264494	0.40797752	-0.034735393
0.8860143	0.4992625	-0.85571694
0.9772208	0.019322693	-0.80268145
0.5831249	0.42387807	0.099377744
0.33319288	0.01547277	-0.5793482
0.40243763	0.8156735	-0.57430017
0.23634505	0.999474	0.89030194
0.040995	0.96508145	0.055744044
0.5338057	6.0856342e-05	0.51867896
0.53390217	0.43730694	0.46297947
0.32212967	0.74458677	-1.0725838
0.00034624338	0.99777085	0.2258923
0.8337556	0.35177565	0.6237292
0.8083282	0.4117539	-0.110856004
0.11471176	0.8779165	-0.54231167
0.84556663	0.29405993	0.3528057
0.26198918	0.75712204	0.56439084
0.45427257	0.7693447	-0.14241976
0.022656977	0.5716315	1.2010206
0.44337875	0.083274126	-0.27226013
0.18752801	0.14541554	0.33513045
0.3016969	0.31734043	-0.23018713
0.33639425	0.9984838	-0.6773967
0.45518672	0.6502367	0.012262005
0.81655437	0.3148436	0.19031721
0.94232756	0.6756753	-1.0855536
0.026029527	0.5781002	1.2845634
0.45664698	0.5153684	0.046114016
0.31018656	0.5449476	-0.9245386
0.382971	0.49155915	0.57712924
0.5596322	0.31670874	0.9411191
0.5906679	0.66526693	-0.23365016
0.9464719	0.89494765	-0.74046654
0.69816285	0.3157692	-0.57605714
0.68871254	0.45468366	-2.1766539
0.30641878	0.6999413	-1.3443795
0.9509908	0.6018324	0.047272444
0.91549575	0.15890372	-1.034632
0.55808204	0.70885855	-0.20872447
0.68645316	0.3984058	-1.8662035
0.09958762	0.92800176	-0.3901799
0.66003877	0.91992074	-0.6226428
0.3857773	0.8960717	-0.8275632
0.60292673	0.8294179	-0.80589616
0.30416352	0.3343343	-0.26587743
0.013048112	0.69523156	0.8301996
0.45471072	0.4719587	0.18838897
0.7687572	0.5497205	0.5491189
0.822873	0.9708823	-1.858942
0.59990937	0.85194325	-0.66596377
0.79861814	0.56504333	0.23281467
0.6301925	0.17826968	0.09283747
0.0553962	0.41424513	0.7185874
0.2491498	0.8821736	1.4915931
0.074537575	0.35902464	0.11547433
0.070691586	0.3485241	0.28411302
0.51058036	0.43471706	0.023841662
0.9603992	0.41938585	1.6029443
0.24446237	0.024387479	1.1716528
0.55575407	0.035865843	0.9007957
0.9648767	0.32296926	0.86355555
0.10556483	0.015628517	-0.2566787
0.3270377	0.3024181	-0.56230456
0.70576346	0.41164523	-1.4219693
0.6833276	0.7175038	-0.9083436
0.24215078	0.28092927	0.5575448
0.7132276	0.31362695	-0.103736416
0.8617255	0.26871538	-0.46973902
0.7470434	0.7356063	-0.03780546
0.73460376	0.2509333	0.36036393
0.43535066	0.7973606	0.06636664
0.29057282	0.29080373	-0.20460892
0.72263074	0.47714096	-0.87516725
0.85243714	0.87636524	-1.5992184
0.6611741	0.516026	-1.440411
0.36813378	0.45340586	0.55130893
0.5194021	0.558275	0.43377686
0.24966371	0.1335817	1.5083268
0.3382973	0.21496695	-0.16225281
0.53085965	0.6685354	0.26054057
0.06705481	0.99856335	-0.45266646
0.15236247	0.2940362	-0.7517552
0.5539456	0.80600387	-0.38526464
0.8234988	0.91611415	-1.9010986
0.0013799667	0.11482358	0.83361137
0.97233117	0.3844257	1.5132934
0.016591728	0.079871714	1.1014613
0.6439366	0.06152463	0.34666282
0.86325747	0.53950447	-0.5850601
0.4097793	0.58372235	0.47067013
0.058371305	0.19750947	1.2901597
0.41754985	0.055796027	-0.33938485
0.3341753	0.87412614	-0.6899021
0.42175657	0.20925874	0.9132416
0.7520999	0.6621047	0.5723921
0.37069845	0.8072754	-0.042763785
0.712333	0.07318848	0.07302179
0.13933337	0.9933536	-0.44130868
0.16246444	0.6238489	0.17334329
0.2472012	0.097289264	1.4746354
0.34627175	0.92662734	-0.94641876
0.8348219	0.4679616	0.41306987
0.083801866	0.4163658	-0.38316768
0.7821017	0.99667984	-0.60243255
0.94648296	0.43707412	0.7422278
0.04101652	0.19643652	1.1454415
0.72595304	0.4485016	-0.6891807
0.72006357	0.019296229	0.20856151
0.45556545	0.4950149	0.120115615
0.46616775	0.5799869	-0.14673528
0.15337169	0.7264621	0.08855392
0.297948	0.6066308	-1.2087957
0.41038483	0.2770077	1.7201973
0.6148278	0.3317933	0.3005948
0.678907	0.8198571	-0.59025556
0.947167	0.8728254	-0.9020006
0.8337626	0.40151095	0.6538829
0.22812384	0.7247413	1.2147968
0.39761853	0.10884464	0.30568564
0.9558575	0.792313	-1.5616268
0.42007726	0.80369115	-0.17202002
0.25734574	0.6288268	-0.23796442
0.41452122	0.7953464	-0.24130562
0.9874122	0.56341225	1.2086221
0.54464316	0.2936824	0.7013957
0.85094225	0.056140423	-0.14416564
0.94272584	0.14215297	-0.69308174
0.32090318	0.6905761	-1.3497337
0.26956373	0.6290748	-0.45393497
0.2397567	0.5759102	-0.5046119
0.34493858	0.45133972	-0.03325261
0.6740629	0.4266104	-1.9864333
0.72099066	0.6337171	-0.58220977
0.26972556	0.977781	0.5386718
0.16383946	0.79587024	0.07845576
0.22771311	0.7870813	1.8610626
0.41391867	0.7865119	-0.28855187
0.31820297	0.6863454	-1.4088804
0.009466946	0.14792651	0.87959707
0.4731967	0.5433807	-0.17257817
0.87839943	0.006505549	-0.6686632
0.9950685	0.019008934	-0.5746077
0.274849	0.12107462	0.21768543
0.9025871	0.89802074	-0.86302006
0.23417336	0.42980754	-0.7189145
0.376193	0.9994066	-1.1876587
0.9476762	0.5947537	-0.12834889
0.26288432	0.83205664	1.0104327
0.4409554	0.95610666	-0.46673873
0.8235589	0.51015663	0.24274574
0.5571257	0.61748767	0.33801845
0.79827213	0.8699015	-1.4516667
0.09145367	0.18154663	-0.1116062
0.63654286	0.45001638	-0.16983262
0.78597313	0.56933296	0.4838403
0.9443762	0.34174585	0.47496936
0.60156614	0.014623404	0.51003665
0.21309751	0.17346251	1.1035843
0.004260123	0.9840819	0.31827283
0.7807903	0.14318562	0.31983477
0.17489684	0.25416243	-0.4884169
0.46606833	0.6649252	-0.26396856
0.4445182	0.1450268	-0.011518324
0.40515947	0.80167747	-0.4865727
0.1377055	0.06972897	-0.8993126
0.16352326	0.44329518	-0.20284551
0.2974406	0.43606573	-0.17429647
0.90231967	0.8018896	-1.3557312
0.09158635	0.28775698	-0.54271835
0.9365528	0.22166103	-0.40670615
0.2030989	0.27631086	0.079553366
0.10311967	0.3797027	-1.3364825
0.7094428	0.21375126	0.062422544
0.042110264	0.030842602	1.3687046
0.376957	0.33678448	1.6480908
0.20982248	0.24943554	0.53245574
0.07189077	0.61438423	0.69612134
0.2336855	0.68597966	0.60176045
0.34669572	0.55065864	-0.16435052
0.15774453	0.61639655	0.12005248
0.25853223	0.67112875	0.033315018
0.2100234	0.116096735	1.2181396
0.59267926	0.77774334	-0.69394994
0.8520865	0.23640561	-0.16866988
0.29816806	0.40375578	-0.120460704
0.39426672	0.59505004	0.05646519
0.676546	0.4652806	-2.209491
0.74139047	0.39574194	-0.044183545
0.021669924	0.1873461	0.860444
0.1253599	0.82968014	-0.43132487
0.11915904	0.66261625	-0.34805703
0.83949625	0.35830557	0.6766198
0.06322116	0.5258911	0.62953484
0.8494123	0.7498343	-0.8648674
0.82149047	0.23418736	0.45883214
0.9308222	0.11936617	-0.8012855
0.858313	0.8246944	-1.4996195
0.35448164	0.13131553	0.29769987
0.06485009	0.014061689	0.6770077
0.6980043	0.5008036	-2.031157
0.14691305	0.5000723	-0.68209636
0.09880322	0.13073373	-0.358425
0.8053104	0.7581382	-0.7243339
0.124388516	0.2513479	-1.4904236
0.94916296	0.6793836	-1.0252212
0.80767846	0.83020824	-1.4795057
0.20962131	0.37650436	-0.45444
0.1382587	0.27851015	-1.2337989
0.87427765	0.18482119	-1.7245153
0.92235845	0.16892397	-0.9230302
0.0851087	0.3536139	-0.3417144
0.16562015	0.22140926	-0.4258488
0.67914826	0.5299711	-2.1332755
0.92466706	0.43346894	-0.7000819
0.33026183	0.15253246	-0.24625517
0.49251425	0.64817107	-0.18473507
0.87026894	0.3695714	-0.3231761
0.37435144	0.22318643	1.3660889
0.84203017	0.46960336	0.21827543
0.88281447	0.5431616	-0.8809803
0.602548	0.8026411	-0.8220137
0.5763957	0.98841465	-0.76639235
0.8358325	0.7763081	-0.60531527
0.2345447	0.34299463	-0.09690277
0.8221029	0.6354302	0.12555493
0.7114068	0.6269802	-1.0307821
0.6065213	0.5798572	-0.18704228
0.17705119	0.43766344	-0.08938825
0.3162725	0.9942722	-0.30516374
0.025698304	0.30089188	0.72623163
0.127648	0.24450386	-1.4251978
0.85287666	0.30520737	0.23580945
0.22864503	0.36586553	-0.2874956
0.69080627	0.22876132	-0.09531741
0.4918157	0.084376335	-0.6579888
0.53883433	0.5076152	0.6201896
0.40449148	0.4155529	1.2296876
0.7284066	0.9760116	0.052334312
0.23001504	0.232737	0.985957
0.7286318	0.42367315	-0.47408438
0.94182175	0.86881685	-0.7488871
0.33435857	0.5419239	-0.495052
0.5148983	0.35122377	-0.25677416
0.59389305	0.85497844	-0.67722225
0.12314618	0.3091308	-1.696729
0.35153913	0.84101695	-0.2081461
0.24601144	0.81541824	1.6391811
0.04784435	0.66704863	1.4794382
0.9803875	0.16662276	-0.70690286
0.45053208	0.092996836	-0.23795891
0.06243044	0.16953379	1.0039294
0.33418953	0.66905856	-0.6743778
0.24801314	0.08549702	1.4041181
0.75120574	0.31737512	0.35242355
0.86696	0.8941343	-1.7015446
0.80268323	0.8592239	-1.5443693
0.46190727	0.27443147	-0.069489285
0.20733881	0.8848817	1.5152928
0.16921848	0.59164876	0.13600236
0.78486264	0.7183902	0.031937025
0.515391	0.33154577	-0.36401314
0.23856765	0.09160882	1.6582499
0.20146847	0.06970316	1.2224609
0.47066885	0.92825747	-0.4438401
0.67278385	0.24800187	-0.4471841
0.9031082	0.64964145	-1.2540241
0.054531693	0.78282607	1.4440981
0.92793787	0.19998693	-0.6149591
0.7636273	0.19820452	0.4284094
0.12009603	0.4987591	-1.4129449
0.076696575	0.2936617	0.29862872
0.40162736	0.5366656	0.36853942
0.9701487	0.76945424	-1.1684424
0.55250883	0.41294813	0.34710246
0.22981548	0.31605482	0.17004128
0.120283544	0.16060656	-0.9999256
0.6003791	0.74362993	-0.6837279
0.7310328	0.48881876	-0.45427153
0.10514742	0.21933627	-0.91044486
0.117664635	0.4740005	-1.5547647
0.99604034	0.9052497	-0.34257123
0.13719988	0.20175052	-1.1075791
0.33292055	0.8317767	-0.51103365
0.6098754	0.2894922	0.58801836
0.8830454	0.30341935	-1.208999
0.31436968	0.35221118	-0.35258666
0.53528315	0.76212263	-0.009014659
0.25064003	0.7962293	1.3481336
0.78270686	0.011261046	0.7816083
0.3430292	0.18507463	-0.018018693
0.004786253	0.04953772	0.9166562
0.7462946	0.27522063	0.4227274
0.037870467	0.8155078	1.2501875
0.35924643	0.97066456	-1.0727642
0.42346346	0.46283102	0.2886456
0.23712051	0.77812654	1.6782926
0.9493454	0.07952511	-0.765338
0.80555075	0.12868446	0.71656775
0.5694475	0.8757985	-0.71153796
0.45984328	0.785318	-0.1901367
0.5066985	0.018035412	-0.011443645
0.022350132	0.20717555	0.81591034
0.5563011	0.6626932	0.11884815
0.9487058	0.9729102	-0.32808864
0.8162285	0.44258493	0.25665656
0.23013932	0.8054979	1.8758123
0.6741993	0.16363019	0.22333145
0.34857488	0.6326036	-0.035378784
0.6032787	0.6470971	-0.53953266
0.35738456	0.9813399	-1.1429282
0.24730086	0.7604784	1.2127315
0.8870558	0.88622653	-1.3340632
0.018895805	0.9658207	0.47448272
0.50275135	0.58831364	0.034124393
0.56631815	0.92071074	-0.5679277
0.21737707	0.9842646	0.9699765
0.18521553	0.3168984	-0.5086501
0.9119031	0.57376915	-1.2851751
0.7643258	0.32322603	-0.09148995
0.24686676	0.4329914	-0.6695964
0.88666534	0.5134905	-0.8927146
0.62119	0.16982245	0.25678045
0.20160615	0.9468298	1.0683259
0.6174081	0.72802347	-0.818926
0.7367591	0.16616112	0.5042717
0.761393	0.32153827	0.03549491
0.5461768	0.17394584	0.80870795
0.40889847	0.47159362	0.6542261
0.8686076	0.39084578	-0.22974737
0.095912814	0.46030027	-1.1550825
0.66762424	0.3080901	-0.95579505
0.57220674	0.17295933	1.1826038
0.45982456	0.3018424	0.056756847
0.18404514	0.34637368	-0.47631848
0.030477464	0.81946146	1.1684762
0.39207035	0.00984776	-0.030725017
0.6427226	0.49268007	-0.2200884
0.7166612	0.023716688	0.16094811
0.31226718	0.5524012	-0.96291965
0.092651665	0.7477762	0.117631115
0.07144952	0.8655788	0.69395506
0.946796	0.23387104	-0.13899302
0.060022354	0.5161949	0.7538473
0.23635048	0.26431382	0.7569441
0.054097295	0.54417634	0.92482734
0.9195815	0.044203937	-0.8147184
0.6009646	0.58977824	-0.12463781
0.6813967	0.82560766	-0.6481187
0.116429865	0.76683784	-0.2543306
0.6267893	0.5316501	-0.15633523
0.13182503	0.017697513	-0.89938784
0.82944226	0.044094205	0.7448274
0.46971375	0.0638054	-0.46101245
0.83202916	0.87162364	-1.6819648
0.688627	0.32952738	-1.0052058
0.7340401	0.41095203	-0.23263465
0.083761394	0.44198585	-0.37292638
0.84712553	0.6318887	-0.5933279
0.51561564	0.39373088	-0.06692545
0.45123935	0.5873664	0.05656791
0.106071174	0.7027139	-0.19909096
0.63402325	0.7805312	-0.7055221
0.22171849	0.03478992	1.7248623
0.42278606	0.12014276	0.15613152
0.43045527	0.23753369	0.8270385
0.88345116	0.14376235	-1.9781122
0.0725348	0.99393106	-0.34172657
0.5021601	0.11681014	-0.55941415
0.821191	0.099301815	0.83541983
0.83282995	0.76074255	-0.51360005
0.14613706	0.8384759	-0.39006376
0.6634732	0.92926955	-0.72204524
0.16285759	0.0661273	-0.12837121
0.76540637	0.4467165	-0.22375648
0.34724325	0.50654984	-0.07260986
0.9978462	0.251388	-0.18941736
0.98462045	0.6816133	0.052850686
0.57731885	0.70000327	-0.23733775
0.47491562	0.6809743	-0.3251822
0.029701829	0.14031607	1.0391883
0.5669948	0.17883193	1.3044496
0.93435776	0.54609257	-0.58582854
0.9739	0.03822398	-0.84999
0.7346489	0.70163095	-0.19500689
0.16855484	0.68516755	0.27810216
0.9745955	0.7659723	-0.9378621
0.6121496	0.38900203	0.16036984
0.45583373	0.7834697	-0.14985354
0.896208	0.0345816	-0.7893303
0.02275759	0.43291986	0.19863772
0.30995667	0.5032041	-0.73217976
0.6541806	0.036326826	0.2654399
0.012311459	0.3267011	0.55477756
0.6560953	0.93727946	-0.65152913
0.28994435	0.88732207	0.08419815
0.16530252	0.7867426	0.09437858
0.1502955	0.41029072	-0.6930639
0.7545144	0.5465639	0.46750134
0.8773356	0.86179286	-1.6810393
0.502056	0.14931065	-0.57356006
0.7455485	0.7234158	0.055773582
0.739987	0.19458544	0.5492635
0.3695839	8.893013e-05	0.29828805
0.54917705	0.84930944	-0.32040334
0.31309032	0.4929638	-0.69170105
0.117753506	0.72212183	-0.23428153
0.5643541	0.6158355	0.29266456
0.6133206	0.71418244	-0.84501815
0.15606272	0.86195123	-0.37813425
0.3276162	0.23228937	-0.43970507
0.14438564	0.678759	0.028664976
0.046394765	0.8819793	0.9131282
0.23153389	0.29035842	0.42453504
0.28381145	0.936608	0.26263982
0.6096651	0.013844311	0.5164321
0.24852347	0.9962115	0.7313872
0.6458305	0.419707	-0.56688803
0.22304189	0.07975167	1.7577991
0.9160651	0.90261906	-0.35782525
0.7583019	0.6545853	0.7652537
0.88546276	0.307823	-1.217847
0.28754073	0.32482964	0.012891777
0.231511	0.45784217	-0.9382347
0.4060282	0.7032971	0.038573004
0.109552205	0.04254073	-0.39783812
0.7897741	0.11045289	0.39522877
0.55860126	0.30779606	0.9980659
0.17545861	0.062362015	0.4217034
0.32062232	0.679654	-1.3722512
0.9027637	0.026403725	-0.65000165
0.48933595	0.21325022	-0.88002604
0.8323638	0.92474	-1.8950094
0.46501893	0.6098778	-0.15434057
0.25513202	0.15447927	1.2222674
0.46364307	0.020306587	-0.47710395
0.84338737	0.669218	-0.54999804
0.69069165	0.48356783	-2.3114564
0.28526103	0.55161	-0.8178129
0.82413113	0.07767117	0.8284113
0.7166685	0.23010272	0.14985517
0.85375696	0.97300386	-1.6619606
0.8375249	0.24328136	0.2978223
0.9480564	0.8621642	-1.06754
0.28149915	0.6321004	-0.71764827
0.13360763	0.13109958	-0.97915554
0.84448427	0.30055636	0.37036481
0.18735081	0.8479592	0.60761845
0.43754512	0.23638892	0.5656327
0.44736373	0.38155854	0.34026876
0.68899447	0.70061505	-1.0212611
0.005267799	0.6927804	0.6763485
0.4334197	0.6320246	0.18870834
0.20180947	0.27595955	0.08901928
0.0477131	0.03453082	1.2006867
0.43252385	0.9237033	-0.35204592
0.98762923	0.36863887	1.151349
0.05464077	0.8285312	1.1770502
0.8597357	0.35753328	0.096919045
0.46578282	0.7055091	-0.26352593
0.7364951	0.108557045	0.43113545
0.4518093	0.6233059	0.06695404
0.7285154	0.45768344	-0.62386996
0.7997924	0.20494598	0.2795647
0.021212518	0.48700452	0.48398638
0.057496965	0.5986642	1.1265991
0.80797756	0.33296716	-0.24107632
0.6905699	0.83158463	-0.8040642
0.39140528	0.24421853	1.7108631
0.47253686	0.75215447	-0.27446002
0.9094056	0.51522815	-1.2486913
0.10905814	0.51067823	-1.35873
0.5952109	0.09528041	0.74838585
0.007956982	0.29142028	0.6844355
0.4730004	0.77065575	-0.2944957
0.9662079	0.68752456	-0.56025267
0.9293404	0.8492452	-0.42645854
0.79468995	0.5730054	0.21946818
0.348844	0.5930161	-0.0706411
0.84045726	0.1310029	0.18780291
0.82892275	0.59009343	0.10776448
0.747071	0.585586	0.48575786
0.14994466	0.03342092	-0.62597877
0.8649601	0.6262188	-1.4257938
0.67869	0.044277906	0.2261574
0.040362358	0.36795676	0.8888466
0.2616458	0.18765318	0.7442037
0.9815197	0.94250584	-0.45389995
0.87966585	0.07728815	-1.3611542
0.6941234	0.22053802	0.025106348
0.43447196	0.6315864	0.2726339
0.8649597	0.20408577	-1.1316775
0.8943897	0.21469855	-1.6723744
0.7100626	0.61603063	-1.0684724
0.3719005	0.39440292	1.1675318
0.943408	0.71073514	-1.3222306
0.35115623	0.97590613	-1.0422068
0.9937129	0.8839529	-0.49762905
0.42613423	0.9648903	-0.8473811
0.55594987	0.8440668	-0.501564
0.38747042	0.6405623	0.07072456
0.26382554	0.6638811	-0.1437827
0.96063757	0.7039689	-0.9416192
0.68905354	0.6032443	-1.5199621
0.76369345	0.0075499415	0.47061068
0.9663485	0.8892498	-1.0606652
0.6302901	0.5977629	-0.33491498
0.031727076	0.013691366	1.3480986
0.70428014	0.5771192	-1.4905561
0.7133247	0.15218937	0.07166666
0.8010965	0.7355119	-0.4728066
0.3999269	0.66939944	0.010456075
0.04663992	0.49310482	0.7376127
0.6935444	0.73890156	-0.88842416
0.19674224	0.3064595	-0.31899714
0.991862	0.8717145	-0.54313797
0.4397493	0.0806244	-0.23989053
0.016184032	0.52544254	0.7787339
0.8331605	0.73777306	-0.3960341
0.73839515	0.08852816	0.49687168
0.18232763	0.23039854	-0.20326792
0.7640346	0.39130783	-0.23726211
0.6976152	0.9796	-0.5489511
0.1979121	0.61057264	-0.10046902
0.61404777	0.62487525	-0.5033898
0.8834017	0.3745948	-0.87932026
0.4631865	0.8373543	-0.20584796
0.6614125	0.77064025	-0.23269375
0.8712858	0.8207675	-1.786187
0.24059987	0.21711367	1.1735862
0.9074905	0.7341536	-1.3163381
0.5120969	0.43098062	0.04451344
0.4764881	0.037340045	-0.49460256
0.5394564	0.8402381	-0.13739929
0.28565574	0.7801059	-0.19633105
0.54656625	0.38150448	0.40697727
0.5414549	0.7278423	0.04390294
0.49755216	0.4368688	0.019996759
0.097447515	0.29312414	-0.8722131
0.9975981	0.30907935	0.2662362
0.93001443	0.1536808	-0.76892555
0.6079614	0.97676957	-0.8049595
0.82403004	0.63367575	0.11736337
0.03330654	0.783513	1.2846125
0.046150565	0.8407602	1.219494
0.47727054	0.3777722	-0.094854355
0.83080906	0.37000555	0.653241
0.20460969	0.77701205	1.1517231
0.7059021	0.46337825	-1.7391682
0.45800728	0.13420975	-0.32768655
0.61066186	0.25006646	0.50559455
0.8991609	0.30309767	-1.2724217
0.40193188	0.7557338	-0.2362354
0.64141804	0.77524817	-0.41604614
0.8386141	0.16835481	0.25752193
0.61783344	0.87917936	-1.0262941
0.45558733	0.35916626	0.18096939
0.80015695	0.5392815	0.11967696
0.61501414	0.65572155	-0.67003626
0.25532085	0.8951541	1.1941262
0.563325	0.24518704	1.2569627
0.8676735	0.6052289	-1.2595401
0.15375578	0.6522109	0.103617266
0.61625725	0.2666887	0.34262916
0.21710968	0.032502294	1.6563483
0.996386	0.014020503	-0.66195124
0.41801035	0.3641206	1.2901553
0.6159628	0.40607053	0.12714961
0.06846017	0.23245037	0.8522855
0.79069334	0.95795566	-1.0033886
0.89599425	0.5258911	-1.1880268
0.3806522	0.16322184	1.094697
0.2489813	0.32544792	0.18253052
0.9572045	0.88356036	-1.0791665
0.50119156	0.98940057	-0.2555738
0.5934159	0.79479307	-0.70416695
0.8444732	0.46412092	0.18123984
0.48278266	0.4550783	-0.07084182
0.8871878	0.63354397	-1.5244198
0.7680786	0.03646809	0.47242934
0.95175296	0.47036076	1.0448036
0.37088174	0.52736413	0.09255177
0.36412394	0.6244134	0.0085066985
0.30025887	0.8944611	-0.21550679
0.30093056	0.42666638	-0.18258594
0.45289522	0.21660334	-0.04487999
0.9882605	0.8144199	-0.64347506
0.8509516	0.45497686	0.05435366
0.9451291	0.1754319	-0.62650245
0.11728501	0.67977697	-0.29348233
0.3480659	0.6608361	0.044222895
0.7760219	0.118088186	0.45833182
0.8138421	0.8010719	-1.2042675
0.13381463	0.96835136	-0.49677494
0.11167616	0.6537178	-0.25879648
0.88860613	0.91068476	-1.1905994
0.39236122	0.4697429	0.9049304
0.32955068	0.20861816	-0.32977027
0.65189004	0.5209524	-0.68973213
0.061519265	0.1044597	0.8223662
0.9716257	0.66682774	-0.089688435
0.40663087	0.6269108	0.28928256
0.2520517	0.14728785	1.3578404
0.3679384	0.21190375	1.0334882
0.64111775	0.60025215	-0.40039527
0.07763684	0.992038	-0.4451138
0.11744285	0.72485214	-0.19982752
0.031942427	0.7861582	1.2391801
0.6965349	0.6109306	-1.4527273
0.32477462	0.57485837	-0.8673446
0.02658248	0.04665941	1.2278225
0.6925487	0.16739035	0.21213391
0.5695839	0.7122223	-0.33458447
0.97639644	0.49462664	1.7951591
0.6037101	0.45629585	0.030142315
0.3770839	0.28875113	1.6882644
0.23148972	0.6694012	0.48835415
0.4652688	0.56090033	-0.0366804
0.1643619	0.09571934	-0.10906376
0.9342033	0.78069264	-1.0079318
0.13566208	0.1882518	-1.1410456
0.91975576	0.1572069	-0.9040515
0.8904507	0.94853413	-1.0811797
0.22296804	0.928018	1.511247
0.07021731	0.053611875	0.46230942
0.6610846	0.782888	-0.21537684
0.55428725	0.09806514	0.96087724
0.4717685	0.91225815	-0.36314076
0.8844546	0.5318026	-0.90505123
0.41729409	0.14045644	0.3908399
0.8875169	0.0324533	-0.81561196
0.6932154	0.51440644	-2.1524029
0.15072787	0.43622148	-0.6592804
0.81286854	0.8260849	-1.4187378
0.8657616	0.24288201	-0.93082273
0.6312827	0.6735467	-0.58517545
0.6637104	0.7846837	-0.23253787
0.9007823	0.66901934	-1.3578924
0.5504355	0.52904147	0.36041126
0.42472267	0.95720726	-0.86174726
0.50117767	0.08251047	-0.4195059
0.8643546	0.34632695	-0.090874836
0.35409164	0.048428655	0.08914398
0.694257	0.19255793	0.17230007
0.819079	0.6145954	0.16158307
0.47311968	0.1694619	-0.513757
0.5255918	0.27700883	-0.036334857
0.84935695	0.9877362	-1.7296154
0.004408598	0.40604728	0.3021285
0.08608961	0.26022393	-0.12558626
0.6335811	0.9440556	-0.60503095
0.21396786	0.0047752857	1.5647714
0.6342665	0.95216924	-0.5782701
0.747802	0.22598189	0.51257426
0.33511204	0.8370513	-0.4697567
0.73437876	0.37767136	-0.083607346
0.45426643	0.07223374	-0.30287182
0.95255345	0.517107	0.90585786
0.90078133	0.7663914	-1.4813819
0.5083422	0.75321704	0.04038746
0.4871897	0.3521471	-0.18857457
0.21931571	0.0058298707	1.6848241
0.97457993	0.39804953	1.6244829
0.7970753	0.8904543	-1.3338691
0.33588588	0.028612733	-0.48821294
0.45919067	0.09847641	-0.39127243
0.66421986	0.81072915	-0.2183012
0.41058534	0.9568554	-1.0283399
0.67708176	0.4984206	-2.2611957
0.38212717	0.8498623	-0.5152577
0.015606105	0.8332949	0.6587853
0.082620084	0.08997929	0.08150607
0.9876466	0.8821966	-0.5382576
0.83881277	0.9092635	-1.7417043
0.8127063	0.9866062	-1.7081437
0.6705624	0.28074145	-0.5765253
0.8899755	0.30998522	-1.34624
0.37098497	0.6442998	0.008855631
0.6585193	0.3369425	-0.9561972
0.14563966	0.07256061	-0.75150305
0.2110796	0.04032719	1.5527399
0.6399256	0.30464286	-0.3730549
0.68760765	0.4685433	-2.264343
0.30965495	0.32737786	-0.35921156
0.5504716	0.530288	0.42224675
0.7010513	0.27720857	-0.16485143
0.6972971	0.2782275	-0.28817898
0.7218459	0.22298259	0.30341998
0.078704	0.36745763	-0.046463963
0.1303708	0.7839397	-0.18194675
0.8608155	0.7651026	-1.4872483
0.41912377	0.23874128	1.2197217
0.101531625	0.28561527	-1.0172492
0.5751364	0.07839155	0.9448366
0.85924846	0.5034215	-0.35028788
0.3639592	0.735337	0.28801665
0.748418	0.5445292	0.39261702
0.7906882	0.14220321	0.28224355
0.94993186	0.045003355	-0.65069467
0.9801292	0.30971986	0.62609196
0.3925435	0.30922884	2.0070915
0.4263106	0.37816513	0.903753
0.7303481	0.61875993	-0.17324795
0.9564674	0.1288454	-0.89283264
0.13663995	0.47354293	-1.1612964
0.92341703	0.13751757	-0.95067066
0.4392329	0.057811916	-0.33146438
0.28318536	0.91780597	0.28494015
0.26091325	0.40125078	-0.2451737
0.22043198	0.25557113	0.68516016
0.98975784	0.732842	-0.18149003
0.0886879	0.015110135	0.06654328
0.10238433	0.114032865	-0.43584472
0.8990586	0.14484137	-1.5814322
0.85496753	0.62985283	-1.0490223
0.17579383	0.67205393	0.1952046
0.102791786	0.8226441	-0.30559373
0.95218205	0.326684	0.6214104
0.43965626	0.66756624	0.18655215
0.4551047	0.5749063	-0.049173478
0.3048553	0.37508267	-0.17210905
0.62237257	0.14309543	0.47153094
0.8258747	0.8048491	-1.0370995
0.75553226	0.5623334	0.5671753
0.36879563	0.058255196	0.4705037
0.7151437	0.72426254	-0.91276723
0.34470707	0.16889864	-0.009387344
0.29737186	0.98239696	0.10793668
0.3527168	0.76223546	0.14420322
0.25782406	0.19611585	0.95808065
0.30501503	0.07450676	-1.0681864
0.084510565	0.73648846	0.49991885
0.09456009	0.16256231	-0.29171816
0.16348201	0.28642184	-0.53413916
0.51816404	0.25461566	-0.31380263
0.08054954	0.6373188	0.556415
0.9101344	0.28627002	-0.89876753
0.95672655	0.48997265	1.40088
0.75593567	0.9755066	0.14601293
0.61412007	0.61716706	-0.52571774
0.99333805	0.03915274	-0.743247
0.57842904	0.8178179	-0.7627348
0.15433925	0.98508525	-0.54796654
0.0006520152	0.48685783	0.5525126
0.27323687	0.9301908	0.5895406
0.077004015	0.7400321	0.7492785
0.86982423	0.7810791	-1.7453284
0.46069598	0.6182628	-0.18606703
0.92565596	0.028886616	-0.60883313
0.13649648	0.55524457	-0.9072361
0.9995511	0.89638287	-0.29692492
0.30580002	0.51894385	-0.8049341
0.088024616	0.87179315	0.08280699
0.32485306	0.95186454	-0.48079032
0.4966095	0.36492246	-0.24495137
0.51563084	0.062110305	0.027529635
0.39963716	0.71883136	-0.21570534
0.96321774	0.14662361	-0.812044
0.24715805	0.073970556	1.3797269
0.8927535	0.036593497	-0.8339061
0.19978333	0.16348797	0.6382229
0.5793757	0.2957073	0.795132
0.47890747	0.31598973	-0.34391087
0.92896235	0.8239562	-0.5379503
0.20421278	0.5373915	-0.5705834
0.51722294	0.7926072	0.077465594
0.9365784	0.7032534	-1.2009106
0.87666655	0.83445895	-1.7342364
0.29314977	0.7869445	-0.48731747
0.83307093	0.2741019	0.43351963
0.9443624	0.059287965	-0.54852325
0.11618078	0.90548253	-0.47901207
0.517522	0.3670109	-0.10314546
0.18798107	0.8216989	0.6467943
0.01066345	0.8610121	0.47935066
0.30992407	0.56512254	-1.0721775
0.068415344	0.39975762	0.34339538
0.5901924	0.7347619	-0.4684074
0.8750493	0.13533962	-1.7124044
0.6159505	0.92366576	-0.80780363
0.90819883	0.6207534	-1.2536634
0.8007119	0.7560112	-0.61684257
0.39401424	0.66467625	-0.06290755
0.96246564	0.4128049	1.6067353
0.18336123	0.022779822	0.6112011
0.45851237	0.38115776	0.04823593
0.42511797	0.33081502	1.1396369
0.23681945	0.8862717	1.6241001
0.23887843	0.54342157	-0.7378643
0.47620273	0.8094828	-0.4428721
0.98730826	0.13528877	-0.779006
0.23307866	0.39835477	-0.5181283
0.60054505	0.011506796	0.5919198
0.67211837	0.9826458	-0.72517
0.033731997	0.25574744	0.7896276
0.7173372	0.7062918	-0.75339913
0.1685698	0.69507235	0.27864268
0.41294628	0.54062134	0.37448406
0.76327986	0.6405269	0.8585617
0.72230554	0.92052215	-0.25789008
0.49894828	0.635999	-0.05052352
0.027438879	0.24590409	0.71786326
0.6573032	0.5909388	-1.0503341
0.6439953	0.7340522	-0.28787377
0.80030626	0.8101588	-1.2058196
0.98475426	0.6092467	0.7483413
0.58495593	0.43368268	0.075749956
0.43413204	0.61698854	0.17145535
0.10781413	0.46336448	-1.5547732
0.31851363	0.6845442	-1.4094719
0.80068475	0.51820165	0.115387246
0.36401045	0.044899344	0.364656
0.798884	0.64409447	0.17801376
0.8559147	0.52180964	-0.35295907
0.30925643	0.1028949	-0.9726667
0.8950296	0.57406557	-1.2636335
0.27651203	0.95746976	0.41884115
0.38655794	0.32715124	1.8984865
0.4201463	0.07455367	-0.15067843
0.7979495	0.17284071	0.34514007
0.7935816	0.96125543	-1.1392083
0.16222095	0.8142852	-0.025610402
0.53827393	0.6231151	0.35787472
0.5895937	0.55033803	0.11681542
0.53653026	0.7537304	0.15324691
0.83316153	0.29717195	0.4964101
0.89208823	0.5854207	-1.2768413
0.76332563	0.8419932	0.10233046
0.64373046	0.78500664	-0.4113883
0.55519015	0.12575793	1.1002996
0.7118635	0.16108787	0.063591704
0.8513577	0.28627497	0.19769591
0.1578542	0.83495736	-0.23849191
0.65861535	0.6942374	-0.59402287
0.32730442	0.9686654	-0.4886858
0.74470973	0.7953041	-0.17680338
0.66154844	0.6064675	-1.2075258
0.6123911	0.3168065	0.47929347
0.58816534	0.5178849	0.1150296
0.14428025	0.65572107	-0.07197334
0.7314781	0.5442441	-0.21420997
0.10995728	0.89450043	-0.5747948
0.5960466	0.6934134	-0.4808249
0.19471341	0.16421652	0.48446268
0.58334005	0.60552305	0.034993917
0.3262962	0.8036588	-0.66418314
0.8729291	0.6151301	-1.418196
0.1693601	0.8817355	-0.09716815
0.6020384	0.76838285	-0.74278057
0.542826	0.7985551	-0.14223333
0.39158452	0.5184942	0.4537137
0.96523964	0.47530395	1.8371712
0.9073141	0.62965405	-1.2094971
0.7986394	0.45910496	-0.14258972
0.052693725	0.13796246	1.1225826
0.5004834	0.025963068	-0.11315228
0.38998735	0.70587176	-0.18159693
0.24321872	0.9838102	0.87017727
0.9349098	0.6387809	-1.0212604
0.102606654	0.094530284	-0.43373644
0.26364046	0.5656839	-0.5602325
0.9558739	0.54444516	0.96218264
0.8848882	0.790128	-1.7928916
0.20928013	0.73995596	1.007859
0.6990999	0.24975896	-0.13729124
0.5687395	0.72929835	-0.3919769
0.6014445	0.9676158	-1.0149122
0.7969821	0.19908655	0.16856337
0.39256537	0.7627011	-0.35932404
0.825021	0.27930903	0.40581423
0.74433607	0.37159586	0.10253984
0.1046173	0.4607373	-1.5124798
0.4932844	0.52773815	-0.16715015
0.104843795	0.46640164	-1.5405496
0.67679405	0.24288577	-0.3190862
0.6050948	0.2810582	0.6604103
0.9354607	0.23254263	-0.30374387
0.9723036	0.14070266	-0.7657787
0.0009415746	0.61315453	0.96084946
0.75956714	0.6346706	0.811574
0.74920464	0.43165368	-0.012623141
0.12282348	0.6155417	-0.68021387
0.21384919	0.86484826	1.8428903
0.5963772	0.14769322	0.7775606
0.4718179	0.17243534	-0.44040242
0.7609482	0.19185662	0.56058955
0.17883933	0.1306966	0.22711064
0.72908354	0.19748223	0.40071416
0.9149738	0.057460904	-1.0136796
0.7719806	0.37093276	-0.4881648
0.5053759	0.95951974	-0.16778564
0.88845587	0.16243917	-1.9920896
0.38313484	0.7029382	-0.09739208
0.3729993	0.3431607	1.5225428
0.48171037	0.24169552	-0.67011327
0.84938353	0.54851013	-0.37742513
0.230403	0.40095448	-0.5227913
0.8336232	0.02606988	0.58496
0.043445528	0.014731169	1.2908179
0.9305918	0.35528272	-0.117117316
0.38690418	0.27475864	1.8494006
0.42768127	0.40384263	0.6805868
0.39374757	0.86751336	-0.7922985
0.7511925	0.20067441	0.5627669
0.019214034	0.23445612	0.80569917
0.1511175	0.59499925	-0.13654844
0.751274	0.3663718	0.15941952
0.66118175	0.6745267	-0.84443736
0.7572978	0.3676781	-0.002612779
0.62185323	0.4113561	-0.012922209
0.5184082	0.34395844	-0.1859662
0.22423035	0.15323174	1.601224
0.19886011	0.060584962	1.1970485
0.33579355	0.5271338	-0.3549716
0.5078247	0.14758569	-0.49667537
0.30919504	0.08535868	-1.0640571
0.11446643	0.42990214	-1.6399698
0.091740966	0.08420873	-0.21284205
0.80976266	0.6333769	0.14932093
0.30820698	0.30123395	-0.3066059
0.662228	0.6532994	-1.0260457
0.5286402	0.13365531	0.19376247
0.48259604	0.2790203	-0.62826586
0.32680255	0.15924352	-0.28231403
0.7226141	0.66285366	-0.5359932
0.7472387	0.5640332	0.43744126
0.44864058	0.58124954	0.02058702
0.37984926	0.14028776	0.8385485
0.71864486	0.72784543	-0.82932276
0.28357202	0.34834635	-0.003305342
0.007476926	0.6449606	1.0258055
0.09360236	0.32352823	-0.6778256
0.049792826	0.9711545	-0.09567648
0.6282424	0.23361969	-0.11138666
0.37365115	0.0030748248	0.30049893
0.009694338	0.91572815	0.44054595
0.21343005	0.9041824	1.673221
0.20893705	0.5181272	-0.7359181
0.54846644	0.7810416	-0.22516957
0.39420706	0.45443833	1.0515937
0.87925506	0.20901024	-1.7325665
0.40160972	0.18697673	0.9837792
0.7111804	0.38949895	-0.96890444
0.86379576	0.3564645	-0.043965843
0.18711811	0.2895689	-0.43390927
0.588205	0.70837504	-0.28583112
0.71638966	0.68402183	-0.78888506
0.33799362	0.33689278	-0.2726937
0.3979175	0.1717701	0.9169955
0.17894965	0.85165185	0.18930918
0.0838632	0.7932517	0.5160664
0.1919756	0.6577015	0.19521226
0.65294486	0.6435711	-0.73263776
0.7233926	0.9256602	-0.21773097
0.6438808	0.7782427	-0.40850434
0.6616642	0.99654126	-0.6877184
0.66343534	0.23030412	-0.36492655
0.17250776	0.21535355	-0.37727398
0.7083689	0.4963119	-1.58713
0.9729277	0.33962226	1.1023512
0.43574142	0.56539285	0.3199242
0.824587	0.68150175	0.020167224
0.7002896	0.19330835	0.17187317
0.7577802	0.93991655	0.09147929
0.9793958	0.40195817	1.6247277
0.341806	0.66059095	-0.22211407
0.12384993	0.22632778	-1.4444536
0.19599688	0.43194664	-0.40875855
0.7375828	0.6515329	0.1070748
0.88080907	0.36328322	-0.84153014
0.7057804	0.6259609	-1.1502026
0.08247733	0.9328554	-0.046466023
0.9141634	0.6382741	-1.0763994
0.044494987	0.5446718	1.0448261
0.31302238	0.80778694	-0.8349154
0.784798	0.56229395	0.49387234
0.11734563	0.5575033	-1.0402094
0.8714954	0.5484322	-0.67166144
0.9902466	0.73600197	-0.1709798
0.054787338	0.35608077	0.915391
0.47005796	0.15738595	-0.41607875
0.93410987	0.62661093	-0.9175153
0.2289055	0.6965015	0.86796135
0.622891	0.09275329	0.60448045
0.33786857	0.040234745	-0.43841514
0.6972972	0.123074174	0.13015291
0.5616141	0.26760465	1.2396839
0.47603822	0.013830185	-0.36417174
0.36736697	0.7404434	0.22566593
0.6600501	0.34579796	-1.0607421
0.14478302	0.35569727	-1.005624
0.23713589	0.017421365	1.3562481
0.038359106	0.389646	0.70714927
0.018090189	0.72717816	0.81811494
0.7791408	0.37679702	-0.6842956
0.21329361	0.022862732	1.6683996
0.5862009	0.88191795	-0.8691185
0.74318194	0.24572945	0.44561672
0.9515068	0.87962365	-0.9678873
0.7448264	0.89559805	-0.057992578
0.42233986	0.44364893	0.46495074
0.89180684	0.8301382	-1.5931568
0.8842775	0.8135102	-1.7001573
0.8517364	0.59037036	-0.6766175
0.5010114	0.019791126	-0.023950025
0.20618653	0.25112724	0.4360106
0.0016046762	0.4376638	0.31301513
0.3588745	0.5769555	-0.001958169
0.6619084	0.62449974	-1.1347959
0.36433113	0.33143824	1.0634624
0.7568568	0.19619256	0.51255286
0.2665078	0.29902017	0.30182505
0.614518	0.12725079	0.57473177
0.687079	0.94283056	-0.66524047
0.49422878	0.036907434	-0.20344505
0.6145153	0.61515975	-0.4912924
0.104786575	0.6603188	-0.15528618
0.43267012	0.62650776	0.18352275
0.6427573	0.14008713	0.08697126
0.6392545	0.03061229	0.4634563
0.023347735	0.72738904	1.0129906
0.59075546	0.91190255	-1.0616188
0.3416099	0.035124302	-0.3288213
0.7153681	0.8443654	-0.7852422
0.38357806	0.8075902	-0.39466769
0.8677201	0.28793007	-0.6570528
0.8161059	0.30898255	0.2036663
0.98740244	0.8115785	-0.6887236
0.52077585	0.09921932	-0.021552293
0.6454162	0.077135086	0.25654164
0.006833613	0.4790948	0.40417913
0.078047335	0.34868288	0.02782434
0.98536414	0.5670302	1.1290197
0.64021194	0.014959097	0.48676232
0.7932782	0.2812304	-0.43085554
0.06579274	0.06559616	0.59403574
0.17982405	0.10596305	0.3729539
0.64060885	0.27289516	-0.33418882
0.8130648	0.7539877	-0.58526236
0.8845767	0.92991316	-1.2476237
0.7654943	0.5551509	0.60068804
0.25314397	0.2047562	0.99550414
0.18428671	0.30486012	-0.49561635
0.1622749	0.02414143	-0.1768581
0.72130907	0.47574413	-0.9781959
0.54870373	0.21090436	0.9269848
0.027047396	0.622252	1.3763
0.20352733	0.79663527	1.2759343
0.05228746	0.75331825	1.4302698
0.7405414	0.34345168	0.14593498
0.7506584	0.050365865	0.4984698
0.1520096	0.89503634	-0.55080914
0.4708025	0.68225425	-0.31786913
0.22160107	0.66338784	0.3882001
0.59288615	0.5420477	0.032081585
0.18017626	0.32510746	-0.5167899
0.34403706	0.7818519	-0.09060063
0.19526005	0.20095503	0.43022794
0.11981553	0.6552643	-0.35943878
0.7290299	0.92692935	-0.043797538
0.014059722	0.64381117	1.1680669
0.0131338835	0.4598229	0.30331245
0.261788	0.2543875	0.5127511
0.7409131	0.6217124	0.25154167
0.52719927	0.27534145	0.03370477
0.79002935	0.33978558	-0.60356665
0.2326346	0.20560509	1.3285043
0.7667504	0.4641862	-0.16201487
0.30159122	0.81680745	-0.70796347
0.4286654	0.7786633	0.118499175
0.5617909	0.113595426	1.1764535
0.99107945	0.62393224	0.5916504
0.6338822	0.8648249	-0.7423001
0.643976	0.48818946	-0.27666387
0.19118965	0.053361237	0.9352688
0.55290747	0.77301365	-0.3000972
0.19026226	0.09343308	0.7251366
0.21643025	0.22196805	0.9706365
0.9370705	0.5295418	-0.3345463
0.534834	0.31716472	0.35106543
0.4888696	0.2407161	-0.80570614
0.01371336	0.3892138	0.25583482
0.11810374	0.9372439	-0.44911146
0.02977854	0.51110375	0.7945855
0.8723136	0.42771763	-0.37289172
0.65460366	0.078472674	0.18255852
0.43604147	0.57881296	0.32533684
0.072514415	0.048779786	0.35609257
0.8954876	0.16345459	-1.7614888
0.33046836	0.51648486	-0.49520668
0.40353113	0.72580993	-0.10281463
0.005393803	0.9539971	0.37137643
0.8290796	0.6295149	0.0743407
0.8920571	0.6692228	-1.5478281
0.13749462	0.8128386	-0.38452548
0.42948574	0.08575833	-0.07261515
0.9853385	0.5994095	0.807148
0.9049654	0.017270267	-0.58104706
0.8543549	0.7027633	-1.274425
0.44627178	0.56284904	0.12671061
0.85260946	0.6997804	-1.1468576
0.67511517	0.28236812	-0.6817258
0.17568153	0.6323739	0.14471373
0.44176453	0.8493812	-0.059172593
0.9479479	0.7541796	-1.5028703
0.55277354	0.77327925	-0.23876652
0.6145871	0.9209594	-0.9474021
0.69245195	0.73576957	-0.8258714
0.85768485	0.40497524	0.15340558
0.011179984	0.11429161	0.8934302
0.3512417	0.24127293	0.22269721
0.9768929	0.4484365	1.8556188
0.2220977	0.6331067	-0.08158747
0.9479127	0.66066265	-0.8738029
0.14742792	0.08007121	-0.72829556
0.38204283	0.74756825	-0.18775272
0.47036588	0.19744343	-0.34980422
0.9111679	0.26016784	-0.8992856
0.8202034	0.04762864	0.9846097
0.15932953	0.90019053	-0.4982341
0.16644537	0.38761097	-0.2958054
0.79608464	0.6889933	-0.104579866
0.79178786	0.7554482	-0.43811485
0.40449739	0.75745124	-0.23740906
0.8747212	0.5203326	-0.5164622
0.5543913	0.7266838	-0.15569586
0.6457691	0.35615897	-0.524696
0.79743373	0.0574615	0.853757
0.83628047	0.29289693	0.44271666
0.46487153	0.8360929	-0.23398243
0.46861142	0.58882964	-0.19144382
0.5875395	0.4886744	0.016520202
0.53433794	0.82593334	-0.07373176
0.00073575974	0.322271	0.56650287
0.020752072	0.907221	0.7314716
0.33538812	0.8963478	-0.7226966
0.058943093	0.16053963	1.1457472
0.36342084	0.15974385	0.6437946
0.44797313	0.25265026	0.17899916
0.9595295	0.5371142	1.1837529
0.24569404	0.34478766	-0.08730531
0.4429345	0.45001423	0.32323462
0.24448746	0.07844609	1.4384018
0.7711117	0.05308616	0.5720696
0.17339468	0.5051624	0.010962551
0.36355513	0.27688855	1.0013459
0.91664875	0.62978876	-1.0578765
0.60599357	0.8858343	-0.95064414
0.8922342	0.3755145	-1.0585219
0.9101925	0.3191027	-0.87102747
0.059215367	0.22869426	1.3667992
0.29401642	0.68698496	-1.0885423
0.76485705	0.6463866	0.8813278
0.32834464	0.70542336	-0.96287334
0.13351715	0.3513906	-1.3199829
0.89563525	0.0012851357	-0.45333573
0.13901895	0.7576191	-0.09484792
0.67192185	0.12527746	0.34076998
0.14946455	0.6050557	-0.17460343
0.5887277	0.07517356	0.64629877
0.36911762	0.061029077	0.4855301
0.16462225	0.34890544	-0.41956934
0.71641296	0.14551342	0.19402611
0.5902356	0.9094471	-1.0856082
0.50742674	0.8876139	-0.06721303
0.14113033	0.7630486	-0.06293565
0.44918323	0.085963964	-0.25609654
0.21213561	0.36446035	-0.39241746
0.225986	0.9265283	1.4767941
0.98222136	0.8903658	-0.66808945
0.020438075	0.620202	1.290301
0.6951209	0.16662687	0.20543183
0.9630845	0.50445735	1.6173701
0.542026	0.8302692	-0.22372583
0.20758349	0.3020622	-0.02517755
0.3661251	0.952778	-0.998167
0.010290563	0.7746698	0.42116505
0.52343684	0.5007472	0.3754741
0.27814513	0.4194001	-0.040002234
0.6802641	0.91422397	-0.6918718
0.3164878	0.68566006	-1.3190321
0.311081	0.6866791	-1.4927227
0.5485407	0.8206954	-0.28993326
0.84059006	0.6152399	-0.20383297
0.27875447	0.91218954	0.42047685
0.7149991	0.16885501	0.07327433
0.942965	0.4767636	0.3620117
0.50152564	0.809063	-0.069803596
0.64348435	0.7098004	-0.3802397
0.62768453	0.61553323	-0.46580908
0.8880771	0.6660204	-1.6330386
0.17593175	0.35685825	-0.4263202
0.5738492	0.2866668	1.0075169
0.843448	0.049651444	0.19402808
0.7811188	0.65806377	0.46573433
0.8864015	0.73576427	-1.7490828
0.15689218	0.4652536	-0.28901002
0.12557971	0.49410456	-1.4435611
0.7840843	0.5928228	0.66913545
0.31169564	0.4271108	-0.28573456
0.2063784	0.441397	-0.7249242
0.749056	0.24276221	0.5405992
0.09842968	0.020505369	-0.11262662
0.4781441	0.7734039	-0.45185506
0.018823564	0.047596753	1.2131782
0.8223336	0.30523294	0.33954662
0.732062	0.7018249	-0.33125442
0.57295686	0.38738573	0.22011566
0.28115147	0.73855036	-0.33727306
0.007904768	0.9019678	0.45219317
0.70406455	0.80426055	-0.86891025
0.71645087	0.24233478	0.05399241
0.5464268	0.66288036	0.20692937
0.33744293	0.8857939	-0.7426926
0.29241455	0.73393005	-0.78563076
0.1811353	0.7570757	0.26442608
0.9340643	0.54065037	-0.5600735
0.6612537	0.78832424	-0.22261684
0.81487846	0.22492564	0.4466702
0.8263677	0.917369	-1.9298334
0.79153913	0.47447413	-0.16366057
0.723363	0.3150347	-0.09523008
0.2245915	0.40342683	-0.55243397
0.99742097	0.23238099	-0.24968117
0.511004	0.4623689	0.106448814
0.4425274	0.30149883	0.5882038
0.03846073	0.50420624	0.7319742
0.120833814	0.3069067	-1.6704781
0.8077558	0.72502095	-0.40713337
0.08679348	0.74893206	0.4032119
0.82509017	0.26258832	0.32091677
0.967726	0.72466844	-0.8573359
0.2901492	0.047333717	-0.6417077
0.4047613	0.7197716	-0.046451926
0.9944824	0.49060154	1.4176177
0.028896451	0.7924016	1.1504505
0.6995247	0.4877696	-1.9551307
0.37925512	0.33191448	1.6840515
0.8459822	0.53087366	-0.20567358
0.3223418	0.4167487	-0.39518416
0.3759851	0.72900325	-0.0032238998
0.55705565	0.08095044	1.0396305
0.49977362	0.680014	-0.14111981
0.12136507	0.19645774	-1.245583
0.55979824	0.03597361	1.0117452
0.14036107	0.22611403	-1.1329758
0.6927952	0.15016145	0.16435573
0.7969492	0.9882659	-1.2479835
0.2533213	0.595706	-0.45334145
0.053250313	0.7191333	1.4908171
0.30245996	0.7996163	-0.8508701
0.8586141	0.6119517	-1.0733607
0.54193234	0.92372197	-0.1971457
0.2693379	0.6432311	-0.32499483
0.9710235	0.98742557	-0.29144683
0.7577269	0.9028847	0.18409751
0.4509489	0.473181	0.22554332
0.39843577	0.8711769	-0.75412625
0.38452625	0.94247353	-1.0488731
0.2003665	0.27926344	0.015869003
0.7990756	0.986613	-1.2394929
0.192011	0.06733745	0.8798176
0.069951534	0.27701217	0.73855394
0.9457714	0.94553834	-0.44752175
0.15082449	0.5442947	-0.40325564
0.24306911	0.79443717	1.6016662
0.027552843	0.55810255	1.1408526
0.2066896	0.40754622	-0.6284175
0.940251	0.090797365	-0.6459957
0.07308859	0.6161705	0.6001728
0.66534805	0.874202	-0.39235348
0.56664604	0.25807488	1.1772584
0.168275	0.040839195	0.05789462
0.82301974	0.34319097	0.46294984
0.55489016	0.12971765	1.1121194
0.8879376	0.4624166	-0.7516652
0.29514867	0.040720344	-0.8836084
0.9957734	0.40425217	1.1261057
0.33632314	0.2586143	-0.37539798
0.86152095	0.69498765	-1.6491673
0.49949008	0.9772678	-0.25125322
0.6304385	0.21229213	-0.025668912
0.24560738	0.405209	-0.4873988
0.43667525	0.07608175	-0.20282342
0.14106762	0.14606225	-0.8401136
0.032630444	0.25578338	0.7351816
0.21973377	0.81897324	1.857469
0.7014117	0.92003644	-0.6765195
0.8125039	0.22389859	0.37975103
0.9424741	0.5613282	-0.13011652
0.91119856	0.5915334	-1.2693261
0.44608164	0.6563652	0.15993524
0.38759136	0.35780734	1.8806953
0.4855507	0.10045254	-0.72054124
0.7550331	0.41907686	-0.0013030479
0.7641365	0.30030048	0.030548662
0.88714004	0.9629702	-1.1574969
0.057959914	0.4873039	0.646385
0.41009277	0.32064837	1.7183123
0.7211266	0.9948353	-0.10623826
0.17968917	0.8894251	0.24000695
0.35632443	0.014011383	0.028670587
0.55709136	0.4003358	0.4329097
0.2656777	0.267784	0.34627712
0.9140858	0.8574475	-0.65790397
0.9639726	0.899064	-1.0126038
0.9135542	0.87350684	-0.5753424
0.004728079	0.914678	0.31176597
0.44974977	0.84487456	-0.045651615
0.8652884	0.05949694	-0.78355277
0.6841162	0.1267615	0.22632286
0.86407346	0.8221107	-1.6742662
0.7969833	0.6620502	0.07212716
0.06869066	0.61049134	0.8200361
0.621942	0.7552469	-0.8407645
0.026265562	0.45046413	0.272384
0.1559388	0.9691345	-0.5549903
0.4527126	0.40046036	0.21803151
0.099871695	0.2638194	-0.8353988
0.7914067	0.65262574	0.30179605
0.7518115	0.6792416	0.464565
0.67105997	0.93024385	-0.6657891
0.04847902	0.38305193	0.858896
0.8917879	0.21546453	-1.8734977
0.06120777	0.6670278	1.1999816
0.9468259	0.70763075	-1.3234001
0.9540855	0.48489243	1.2133042
0.46777087	0.44335645	0.06629602
0.9535562	0.9433272	-0.5218342
0.13458216	0.37446553	-1.2446508
0.10017109	0.6422294	-0.09110805
0.845841	0.7085718	-0.7154351
0.4683234	0.64354247	-0.20422688
0.0690251	0.65203524	0.9367251
0.24637264	0.7550887	1.1462313
0.33825952	0.10359281	-0.18241546
0.022963405	0.49783635	0.6137817
0.38946778	0.26438582	1.7742122
0.986022	0.30374473	0.4027237
0.3674181	0.4710539	0.29173556
0.8852507	0.5057046	-0.8250873
0.929875	0.75863606	-1.0577977
0.45636362	0.5747971	-0.06190186
0.9622115	0.048072636	-0.8373818
0.54563993	0.79152685	-0.23949537
0.24667835	0.3819303	-0.35975757
0.98128647	0.21446246	-0.44380227
0.5570129	0.43879032	0.2791119
0.022055984	0.42705518	0.23946002
0.27583772	0.9348222	0.4719507
0.81595093	0.37084627	0.13504092
0.2185989	0.7872224	1.7134829
0.3127129	0.6926652	-1.4234774
0.62872195	0.34258378	-0.060736734
0.8137936	0.3371513	0.024639877
0.914088	0.10191476	-1.1420343
0.15883678	0.16609675	-0.27188793
0.07590121	0.5182906	0.19084854
0.16595024	0.28164184	-0.5861498
0.38472116	0.64626604	0.024170268
0.6145071	0.06821412	0.67682004
0.01448983	0.43720114	0.16021867
0.116093814	0.39550078	-1.6948643
0.06027472	0.8503326	1.0071167
0.09786159	0.042360127	-0.11524142
0.5532495	0.039628446	0.9050846
0.6920736	0.50602937	-2.1975517
0.8776401	0.17903954	-1.895614
0.74008876	0.39204997	-0.029937614
0.22760063	0.99462456	0.9301372
0.7968587	0.2548207	-0.12872481
0.15821719	0.71147877	0.14882857
0.7809356	0.33534038	-0.63558495
0.8843705	0.56673443	-1.1923829
0.1569168	0.470842	-0.3232524
0.9280728	0.26152754	-0.22095485
0.72865397	0.82712775	-0.5652478
0.8736132	0.49342573	-0.4566827
0.1883074	0.89730453	0.6154181
0.3636152	0.84713554	-0.057285488
0.6832476	0.91636544	-0.7574122
0.29637516	0.23568219	-0.48334157
0.18639714	0.38783056	-0.40168366
0.90653557	0.15939045	-1.3736998
0.13203883	0.44500136	-1.349278
0.14909518	0.8705029	-0.5770448
0.48605436	0.46730715	-0.13478982
0.05877012	0.33768243	0.91641116
0.8744362	0.969846	-1.3572433
0.8752841	0.5796677	-1.0722857
0.9092412	0.22175884	-1.2161084
0.39815152	0.2550031	1.723112
0.88877547	0.26193762	-1.548412
0.18372911	0.5961519	-0.061445534
0.21449733	0.12976325	1.4281955
0.6743966	0.84482545	-0.5161128
0.85756487	0.96746665	-1.6584814
0.63376915	0.53187513	-0.11695182
0.6746466	0.77684444	-0.4045174
0.10180235	0.4684353	-1.4041181
0.5828549	0.832154	-0.7806793
0.843763	0.8377941	-1.168954
0.7500551	0.7999695	-0.09950286
0.23420644	0.15796357	1.7092011
0.00081187487	0.28009397	0.66528624
0.46388578	0.9430898	-0.38474056
0.5211639	0.37574846	-0.012024183
0.37311321	0.37066615	1.3178273
0.6781682	0.186189	0.107534245
0.65885246	0.33016223	-1.0102154
0.5116741	0.28115302	-0.4429452
0.07171458	0.8033778	0.9484031
0.79780555	0.060434103	0.7807441
0.34201664	0.2157042	-0.09318618
0.8703164	0.6147861	-1.4316729
0.14308912	0.062483728	-0.8566435
0.25239635	0.8616206	1.4265207
0.0629217	0.9720932	-0.21951824
0.20809883	0.74769074	1.0355186
0.40679413	0.78794026	-0.4732817
0.3545968	0.20183569	0.28560692
0.3945639	0.2929895	2.002405
0.6323644	0.16077912	0.15480247
0.51585406	0.81731933	0.041207027
0.79478806	0.6923977	-0.020646699
0.9722804	0.023957074	-0.7917162
0.60563034	0.38882113	0.24758969
0.43521464	0.12875825	0.05044904
0.55342215	0.216753	1.1200371
0.76196027	0.5559639	0.6513627
0.19007844	0.38254648	-0.4095987
0.2638334	0.17450023	0.7222405
0.99930364	0.8987203	-0.2753953
0.44179666	0.82694066	0.042964872
0.12683266	0.17699295	-1.1960865
0.78527683	0.27105725	-0.34813458
0.5375133	0.719556	0.0850149
0.908884	0.3961419	-0.9452544
0.8163428	0.59690917	0.07151224
0.93191445	0.2753253	-0.10972881
0.37857503	0.61414766	0.048133727
0.9308761	0.6763252	-1.1400937
0.4326933	0.35417563	0.8337152
0.23975062	0.9491532	1.1897529
0.5923269	0.36227918	0.37080348
0.801608	0.21485674	0.25201362
0.8484159	0.9323865	-1.7144444
0.33870548	0.2645194	-0.30456576
0.6956767	0.86834663	-0.8341399
0.45895028	0.3693958	0.017779764
0.37817442	0.8116231	-0.18034147
0.44204706	0.33080786	0.53915155
0.5431292	0.29608166	0.7051481
0.6091072	0.34576404	0.28619263
0.42852294	0.5234071	0.39482927
0.8132411	0.7231147	-0.29121906
0.5329352	0.41382283	0.33168432
0.8495191	0.97841215	-1.7211597
0.7915129	0.12836969	0.39886716
0.1290654	0.28150153	-1.554854
0.5178241	0.1318956	-0.10799207
0.6589827	0.37842518	-1.2245846
0.55570745	0.15239191	1.1369916
0.0946939	0.60745215	-0.13853446
0.18866032	0.10855353	0.5629628
0.6598619	0.6863509	-0.7826304
0.7516576	0.742099	0.120562255
0.8186311	0.13697106	0.6737339
0.47283357	0.7493522	-0.3003418
0.46424812	0.9978709	-0.44021052
0.43858588	0.4834087	0.34861994
0.28072184	0.52142954	-0.72644967
0.94511867	0.9440809	-0.47582254
0.63142514	0.12884927	0.30573568
0.9950225	0.5305227	1.2512593
0.12042856	0.30694783	-1.6279122
0.32280242	0.42833805	-0.3880478
0.27770674	0.013982892	0.008352255
0.18767583	0.7054429	0.18099324
0.55885834	0.9659938	-0.37406376
0.054935455	0.40886664	0.7532585
0.62371546	0.2619431	0.016251927
0.05827546	0.3836913	0.72509074
0.30082226	0.20744687	-0.49879935
0.49439228	0.76016784	-0.15863395
0.2419135	0.4671954	-0.882848
0.45558256	0.515327	0.11063988
0.6788684	0.90697384	-0.7253362
0.46717834	0.15742236	-0.4118464
0.5583157	0.11830819	1.1822851
0.92577416	0.7384412	-1.1184491
0.9609028	0.02393198	-0.78460056
0.10262483	0.2306248	-0.8330083
0.95914346	0.77073133	-1.557928
0.6138753	0.033825457	0.5798186
0.51258373	0.71542245	0.10688642
0.99403846	0.88095593	-0.49316525
0.7729996	0.033483624	0.61796963
0.39599657	0.8631174	-0.6386835
0.77029943	0.0022372603	0.61931425
0.3354146	0.1730864	-0.14757006
0.035915196	0.1369884	1.0524755
0.9331954	0.7016774	-1.1583323
0.99773085	0.56572723	1.058661
0.53331584	0.13208544	0.300455
0.1643259	0.9171587	-0.43452698
0.14824402	0.7695715	-0.106784955
0.16970617	0.58520186	0.041900862
0.72210956	0.8916016	-0.41441336
0.3969633	0.88916254	-0.8290157
0.029838324	0.35961968	0.6352677
0.19773352	0.9713199	0.74840426
0.32404315	0.9812421	-0.50444764
0.39908594	0.25579238	1.716066
0.739484	0.3254683	0.16930589
0.068481565	0.5965526	0.7946019
0.22576469	0.8401531	1.9602079
0.069547415	0.88696706	0.49379143
0.6008083	0.66533005	-0.6140384
0.5872508	0.7702777	-0.67161155
0.5627402	0.3749885	0.5577008
0.04468274	0.03494978	1.2755127
0.069365025	0.23299766	0.84904116
0.36843657	0.7157211	0.1615673
0.62539923	0.20211768	0.034672022
0.04498601	0.86884344	1.0070674
0.77547944	0.8400513	-0.29079387
0.01894635	0.55275565	1.0055125
0.5482961	0.12898439	0.807895
0.8040848	0.62678283	0.18569498
0.29252034	0.8989224	-0.09966554
0.5948877	0.92621607	-1.0967078
0.13028485	0.8901875	-0.54140514
0.46222055	0.7413944	-0.17990048
0.9591012	0.50714105	1.3355652
0.83686423	0.81574786	-1.0660642
0.46236873	0.2503438	-0.070475735
0.395454	0.57883525	0.1324359
0.4199586	0.9451525	-0.91451114
0.9950015	0.980283	-0.22559781
0.282229	0.3792891	-0.075401895
0.4450153	0.4833538	0.31147993
0.6029866	0.06681663	0.69463205
0.8927882	0.81133753	-1.5969508
0.045906186	0.3657596	0.9289922
0.17538649	0.12989324	0.20956615
0.6632212	0.5099227	-1.590966
0.46887314	0.9628081	-0.42752483
0.86678594	0.8782014	-1.7643331
0.48370373	0.94027096	-0.33510676
0.004511714	0.2124474	0.78423053
0.26426733	0.14764792	0.7248803
0.07998544	0.09379852	0.19269477
0.7224975	0.90587384	-0.3701589
0.41938895	0.033340156	-0.4187077
0.26509792	0.25266397	0.46980134
0.58518517	0.21110684	0.98600197
0.5606963	0.050833642	1.0427357
0.16387272	0.85312444	-0.18722908
0.27727216	0.57351965	-0.72624516
0.31184965	0.61041427	-1.3281143
0.5787	0.26683623	0.96375835
0.64534587	0.11697316	0.13115901
0.53660923	0.97997993	-0.3584175
0.69624555	0.44597417	-2.019966
0.93338656	0.9580304	-0.3697126
0.85002035	0.41995883	0.2162978
0.7269001	0.13782322	0.30776843
0.3471871	0.68210506	0.039316565
0.7512546	0.06765288	0.5569823
0.42882943	0.28280652	1.0252618
0.23676908	0.25512654	0.7887034
0.4450307	0.39453512	0.35774308
0.1282143	0.620119	-0.6019826
0.030504823	0.11488366	1.1173873
0.023437023	0.9135243	0.7043371
0.86086446	0.6037932	-1.1593543
0.51118016	0.64414525	0.12600818
0.75912493	0.70051295	0.5029407
0.024870276	0.43957877	0.20324655
0.36713976	0.5517218	-0.005008895
0.30981475	0.38155967	-0.2068289
0.09259117	0.9076114	-0.13437083
0.5793697	0.8265008	-0.7487281
0.74698716	0.18435073	0.5281095
0.73103774	0.441741	-0.49187666
0.33460587	0.39959008	-0.22232667
0.8126397	0.5951589	0.025933072
0.1622228	0.22280067	-0.5049305
0.028046906	0.71943784	1.1614817
0.36849755	0.023583412	0.36742854
0.5336306	0.9605361	-0.25928962
0.6678512	0.15542197	0.11034489
0.13208234	0.33585405	-1.3670385
0.73483884	0.12516081	0.3727713
0.39790457	0.35702688	1.9229319
0.55370975	0.613874	0.36108947
0.16744518	0.6783801	0.27218533
0.3071509	0.2543639	-0.45994887
0.54647183	0.23375165	0.8848732
0.006986797	0.957865	0.38369483
0.8011815	0.10937166	0.65875834
0.42822504	0.6772268	0.30214247
0.16892886	0.47232538	-0.047111742
0.50822926	0.6554398	0.08933177
0.54746443	0.90395147	-0.26706752
0.20936364	0.922053	1.4484494
0.8978835	0.40597934	-0.9529953
0.5686823	0.5681027	0.24042849
0.21837533	0.4632494	-0.81782997
0.1959573	0.9665126	0.70554286
0.7662184	0.010430515	0.54023325
0.07862872	0.21497416	0.39203906
0.5747735	0.10530257	0.96445084
0.10603243	0.6161482	-0.26225364
0.4380235	0.20618898	0.33403185
0.84336454	0.20055503	0.014997559
0.5122503	0.2031923	-0.39349672
0.7107753	0.58496296	-1.2162703
0.69945544	0.08497614	0.07529369
0.56133044	0.2919709	1.0781716
0.33738917	0.21816903	-0.15581933
0.3670441	0.2112289	1.0102917
0.67356133	0.017116547	0.21227096
0.06247753	0.392321	0.5484445
0.28231132	0.098569155	-0.20543525
0.65402454	0.18599409	-0.14918196
0.52023727	0.77800447	0.10516168
0.5703065	0.0049374104	0.92041045
0.954086	0.84285915	-1.3232507
0.18978703	0.083135426	0.71399
0.48728228	0.29699963	-0.56773907
0.46851653	0.99586046	-0.41358253
0.09790766	0.5439943	-0.80940366
0.29980558	0.71921724	-1.1228962
0.8791973	0.40811533	-0.57324266
0.5059727	0.9190402	-0.123660505
0.0678699	0.24584788	0.9162736
0.89593476	0.20952356	-1.7895762
0.63571453	0.4135002	-0.22634399
0.7251957	0.85989076	-0.47560406
0.9956364	0.9704817	-0.30299535
0.34486812	0.9022725	-0.75338244
0.23739988	0.57760674	-0.502484
0.7732608	0.5487395	0.5440348
0.68091196	0.13772511	0.27842712
0.3142776	0.40041775	-0.21145992
0.6446617	0.73363715	-0.23677754
0.7986656	0.91375035	-1.3634294
0.5914768	0.36211824	0.4234721
0.3358783	0.7269332	-0.46380955
0.8831692	0.3078723	-1.127792
0.88569	0.0005534291	-0.4885259
0.7251396	0.6874509	-0.49072418
0.93534064	0.42641312	-0.06432285
0.57286775	0.94168955	-0.7367744
0.22753274	0.01495713	1.6650642
0.20977002	0.45247275	-0.77241445
0.05314821	0.9175674	0.31406793
0.54093	0.86083573	-0.2066928
0.25347906	0.41364962	-0.5459482
0.24855763	0.16793036	1.4395541
0.59740627	0.40246862	0.28354582
0.4371277	0.7144581	0.1863063
0.13303846	0.019632101	-0.94179887
0.8468678	0.17914504	-0.20633048
0.05244106	0.09053898	1.0554495
0.3304022	0.351367	-0.3341806
0.84991276	0.18213677	-0.42574692
0.69928235	0.70956826	-0.97544456
0.61424714	0.8746371	-0.9750649
0.94494605	0.8249086	-1.1947399
0.00095540285	0.5435057	0.77441275
0.6517078	0.86759657	-0.41900948
0.43496513	0.71244013	0.20755357
0.70603687	0.30447388	-0.1850561
0.81374174	0.45958078	0.15067372
0.31049687	0.9806569	-0.1788138
0.108852684	0.94431233	-0.3881263
0.63103765	0.988001	-0.32679677
0.60343385	0.7651284	-0.7846904
0.9614689	0.56401235	0.98733723
0.93320405	0.65837055	-1.0652685
0.49001515	0.17443794	-0.9116668
0.14630634	0.13417774	-0.67015976
0.40398848	0.7575736	-0.24219087
0.28256655	0.848098	0.3382435
0.062799454	0.5920649	0.933371
0.28464848	0.6168767	-0.8190748
0.90903515	0.6673447	-1.1669471
0.98265815	0.04884553	-0.79710567
0.13329643	0.30847096	-1.4241385
0.6119418	0.21641856	0.35701123
0.81290907	0.110293746	0.8764496
0.6026579	0.02152586	0.53279155
0.5792844	0.63939714	-0.0032613873
0.31462044	0.2992137	-0.49282214
0.2215774	0.14521426	1.5676839
0.16466343	0.102391064	-0.09273444
0.23221427	0.31865585	0.1208913
0.36614007	0.38717216	0.877311
0.15361053	0.7112365	0.14242947
0.8452635	0.99404997	-1.6602534
0.3082304	0.4298653	-0.2174943
0.008880377	0.2419573	0.8379215
0.84023976	0.7354412	-0.50532484
0.91771835	0.6234529	-1.0977821
0.010131538	0.82719666	0.43074977
0.35211092	0.97175175	-1.0308148
0.82550347	0.65892994	0.09416224
0.70073754	0.8463642	-0.7548632
0.20021868	0.7866916	1.0625695
0.8710846	0.37030357	-0.3645868
0.4564491	0.7696808	-0.15857495
0.83731574	0.64371085	-0.16232887
0.7677152	0.33203632	-0.2723426
0.17835677	0.2237221	-0.27123743
0.19679588	0.6959511	0.37983072
0.5904546	0.36366814	0.31128353
0.41042757	0.8135853	-0.4785346
0.6210037	0.7465837	-0.8977892
0.59587616	0.54977155	0.04539195
0.0629347	0.9594527	-0.16546501
0.640197	0.24643934	-0.21556994
0.13298869	0.07922745	-1.0462232
0.11935669	0.2597925	-1.5327859
0.75861573	0.54576576	0.54803175
0.6948076	0.10942829	0.11512892
0.48090154	0.017614841	-0.3740287
0.28750992	0.16873354	-0.4231316
0.6260393	0.4951473	-0.16987227
0.6108385	0.08648634	0.6452304
0.56494784	0.5812657	0.27285734
0.43188184	0.58294064	0.3219956
0.27998525	0.9529506	0.39249143
0.072791815	0.124447286	0.49416927
0.53854734	0.4141677	0.43030715
0.10868502	0.4520803	-1.6975615
0.9841333	0.4985916	1.7338696
0.6341014	0.49991852	-0.10850027
0.06571382	0.25073522	1.0663283
0.12032032	0.81755215	-0.39283514
0.63980246	0.63756394	-0.4298118
0.083444834	0.6045008	0.30468535
0.40625346	0.05480677	-0.3048183
0.42649084	0.6309385	0.37231874
0.039384484	0.8780564	1.0861218
0.9689642	0.2674122	0.21251376
0.30844623	0.22511661	-0.4899015
0.14658588	0.038022876	-0.7701101
0.1946345	0.36771363	-0.4640789
0.22774118	0.69230694	0.7539118
0.65655744	0.72157246	-0.31648725
0.61911374	0.8108503	-0.96616846
0.54759324	0.7498607	-0.037965912
0.7309423	0.009297609	0.36648446
0.62190264	0.44754845	-0.061736666
0.29178983	0.35784876	-0.1481632
0.27785772	0.34825867	0.073525004
0.34835708	0.91759115	-0.945325
0.16264844	0.7050445	0.21562928
0.8838299	0.14695567	-1.9599876
0.3138957	0.9990795	-0.20852658
0.6868357	0.9943246	-0.61356187
0.63248664	0.53384304	-0.12558547
0.36425596	0.8258363	0.092665285
0.57324696	0.15934128	1.2184458
0.73052764	0.3714996	-0.14603268
0.3516906	0.54878044	0.018393256
0.9398286	0.8285751	-0.9227338
0.78585714	0.8915764	-0.8194209
0.18258864	0.6348273	0.030298678
0.31311488	0.30703384	-0.4671356
0.9932863	0.45166874	1.4798443
0.3110562	0.4986689	-0.7839265
0.58855957	0.94524807	-1.0618061
0.98531663	0.60708046	0.7418066
0.5509544	0.6803439	0.08966872
0.8312572	0.4936657	0.32871932
0.23336405	0.5234935	-0.7964481
0.74611676	0.00014615059	0.39579797
0.7851466	0.6371926	0.53316206
0.37247282	0.28638107	1.4905636
0.31034458	0.3280586	-0.32047904
0.2094832	0.51713175	-0.72733
0.9471412	0.8130161	-1.3587931
0.19630128	0.7613962	0.6846146
0.49667734	0.60272217	-0.05434202
0.47103763	0.7935299	-0.3456729
0.6190837	0.69569755	-0.79830605
0.11143768	0.59426683	-0.6063149
0.7773572	0.9552364	-0.3590552
0.6996802	0.19321346	0.1291194
0.26496446	0.46122432	-0.38191906
0.9709374	0.083361804	-0.95375496
0.66088307	0.3816207	-1.2569818
0.31505114	0.9573676	-0.28356346
0.43368948	0.7617267	0.16883078
0.39775681	0.04100442	-0.10017623
0.77304435	0.2760337	-0.13824546
0.18879735	0.43079644	-0.2988014
0.593373	0.8338517	-0.5373938
0.6981073	0.78632426	-0.86227655
0.20175219	0.2918718	-0.08156475
0.50733495	0.46341002	0.13605803
0.9111208	0.3521927	-0.8339477
0.9821512	0.22687268	-0.3537617
0.9602649	0.37983394	1.3284994
0.29684758	0.86056095	-0.31573108
0.126401	0.48371673	-1.4018971
0.1168887	0.96913767	-0.38916925
0.82133204	0.48283964	0.23696238
0.8101415	0.8779056	-1.6607707
0.45039868	0.43743277	0.26341867
0.2022708	0.9771176	0.841459
0.37710893	0.23357588	1.4930434
0.1585533	0.4522435	-0.31229013
0.54272264	0.2679596	0.6878281
0.098894715	0.6655012	-0.039396614
0.1872608	0.9870655	0.25088748
0.2871335	0.44428176	-0.30315292
0.14033055	0.25553894	-1.1660645
0.6710683	0.24463576	-0.35666397
0.69839936	0.9592612	-0.5884521
0.013399899	0.7943118	0.5187889
0.2536103	0.03409028	0.8318991
0.41155446	0.18444896	0.7897214
0.45657998	0.9252663	-0.2943835
0.23754561	0.75833994	1.394451
0.92152053	0.9133897	-0.24676926
0.93928075	0.5473177	-0.24675311
0.6754942	0.13043642	0.30330604
0.94752336	0.672775	-1.0254213
0.6269265	0.22907346	-0.08322233
0.87966317	0.77207977	-1.7734882
0.105554104	0.031989694	-0.24625053
0.33591127	0.892993	-0.7244813
0.95205903	0.72338647	-1.4855239
0.61152965	0.87101245	-1.0432984
0.4713139	0.10922021	-0.60082394
0.7985127	0.2309066	0.08742075
0.14376295	0.16793102	-0.77361596
0.042613268	0.62645954	1.3946263
0.42565036	0.04963672	-0.33342794
0.7045973	0.40339768	-1.4414567
0.7709437	0.89582795	-0.09903675
0.0055197477	0.68738145	0.74246424
0.57778585	0.9408698	-0.8853691
0.9358154	0.09567344	-0.7479612
0.875418	0.3521719	-0.632598
0.6202071	0.39189458	0.09288249
0.37918764	0.6313993	0.026536487
0.6720638	0.44175005	-2.0039375
0.43277943	0.007385373	-0.44058228
0.45756882	0.26746088	0.047682755
0.25484306	0.58661586	-0.49731138
0.47471708	0.8312955	-0.41802928
0.4321627	0.4547605	0.34435734
0.05891061	0.8109764	1.2851131
0.15375435	0.8549806	-0.42718428
0.35194504	0.43510485	0.2333583
0.5655602	0.55914795	0.21094528
0.67471164	0.41979784	-2.093496
0.06833243	0.13905913	0.6907513
0.31230175	0.5049654	-0.73280996
0.89493054	0.6966389	-1.564825
0.6449916	0.08827096	0.23974751
0.56812847	0.57759655	0.2245565
0.55533314	0.28557444	1.0872592
0.052747786	0.30459368	1.2103978
0.42866296	0.22275585	0.7927218
0.37283272	0.6443013	0.007658651
0.3006407	0.35615796	-0.12543303
0.37034535	0.61287814	0.0067077726
0.25484854	0.3540219	-0.1130286
0.7613219	0.90125996	0.2350471
0.4731143	0.7098614	-0.2918928
0.9261842	0.83794767	-0.45848355
0.45947057	0.28524035	0.03349117
0.6584173	0.48440987	-1.2971287
0.23361766	0.8075321	1.9040246
0.24714202	0.15005851	1.481131
0.6398016	0.48076653	-0.21631175
0.8562756	0.8256422	-1.3996813
0.846767	0.47667372	0.01539395
0.9760037	0.5875016	0.91204524
0.009065092	0.98918283	0.33703655
0.6836781	0.2574343	-0.4664797
0.9986753	0.7712822	-0.18884102
0.63765645	0.8880086	-0.7365092
0.8448872	0.8159325	-0.95675844
0.02416414	0.43720275	0.265266
0.46104097	0.3929354	0.036124643
0.72646505	0.30851334	-0.012342144
0.6090275	0.28961825	0.62093234
0.51287186	0.78485614	-0.048654463
0.53721607	0.10819584	0.48632786
0.8221979	0.4855225	0.29744422
0.52584445	0.23005182	0.0031508422
0.9067404	0.72702146	-1.2970408
0.86673063	0.42307234	-0.17453358
0.1783939	0.8481185	0.17490917
0.4226097	0.19987279	0.85524124
0.2047512	0.7217591	0.681919
0.14313376	0.6519726	-0.08719644
0.3622924	0.4659888	0.3352575
0.9869849	0.22394067	-0.421284
0.57695675	0.38544953	0.18847051
0.19285846	0.3351236	-0.5493295
0.8805785	0.031541765	-0.84884393
0.72376287	0.3967895	-0.57952344
0.48091638	0.55900663	-0.23889935
0.26237792	0.12972075	0.90975314
0.7275656	0.9479608	-0.033980455
0.80310714	0.3382817	-0.36706764
0.19539928	0.27176547	-0.09597125
0.99397177	0.15790021	-0.7652701
0.13448453	0.42056537	-1.3762227
0.5044855	0.23528373	-0.6814882
0.1796549	0.908947	0.21460178
0.5649697	0.5049275	0.07718947
0.05982542	0.0565688	0.8420824
0.7795094	0.8962008	-0.46951494
0.71368253	0.3708377	-0.6758796
0.36866236	0.99528915	-1.142741
0.17758083	0.695675	0.13947053
0.23982388	0.2214626	1.135799
0.9677199	0.38428813	1.4785427
0.6923745	0.4233235	-2.0029843
0.65923065	0.6076078	-1.1283793
0.2798288	0.6549994	-0.58605945
0.65530086	0.27849245	-0.64624196
0.09708834	0.8586648	-0.271151
0.9401422	0.30605423	0.2032059
0.7831572	0.019343019	0.7679316
0.8308799	0.03347975	0.7335052
0.4521255	0.23293692	0.02116839
0.10505289	0.18084574	-0.7309724
0.31190526	0.04473847	-1.0428815
0.97517866	0.98645735	-0.34051803
0.083826125	0.9144192	0.08060248
0.78457	0.41506964	-0.6290873
0.25585294	0.5289533	-0.6620387
0.4304788	0.5417841	0.42761567
0.80844295	0.042712092	1.0746105
0.89220965	0.26575172	-1.5187732
0.39883715	0.11464608	0.28692955
0.061665535	0.6273983	1.0760489
0.88449746	0.14225447	-1.9656974
0.07844418	0.778632	0.7600361
0.1958127	0.66146415	0.18108213
0.7288402	0.03313929	0.36513767
0.46306008	0.17255825	-0.3365762
0.53150696	0.29659772	0.22696795
0.9492563	0.77684635	-1.4892957
0.9057929	0.6936606	-1.2786394
0.5844351	0.11297381	0.70623654
0.11615449	0.89887404	-0.47611925
0.11183798	0.54447514	-1.1124605
0.48906237	0.70730245	-0.29043293
0.31639606	0.070491254	-0.9127618
0.048461974	0.55191064	0.95744205
0.3361978	0.6464267	-0.5875974
0.6525208	0.34797156	-0.77386695
0.9177587	0.43196136	-0.80145985
0.006009221	0.07343936	0.95439214
0.20137602	0.39125443	-0.53606904
0.7810848	0.8684824	-0.5603372
0.06856495	0.81395626	1.0713241
0.64473903	0.82061833	-0.41440508
0.5247279	0.07687235	0.17349583
0.73084986	0.012703836	0.37910107
0.20681977	0.8342393	1.5213288
0.033985913	0.022711754	1.3462707
0.5776012	0.5282275	0.088764556
0.651487	0.28639722	-0.5816539
0.3875767	0.07279801	0.29590425
0.0354895	0.96811336	0.13925181
0.15447289	0.29289418	-0.6327307
0.2578246	0.78553694	0.93845797
0.36337954	0.07767469	0.4253671
0.93173766	0.22952509	-0.3550581
0.28099895	0.40917498	-0.06507258
0.9835529	0.4487201	1.7792393
0.71561456	0.34370428	-0.3592876
0.41420794	0.13583976	0.33911183
0.77783054	0.7079579	0.33517432
0.97480655	0.5865325	1.0338842
0.7497727	0.21523035	0.4801008
0.3379026	0.14324301	-0.10388085
0.7535044	0.32503587	0.27284136
0.5531562	0.40880936	0.37789655
0.7351869	0.63646483	0.064337015
0.6555735	0.4286583	-1.0192186
0.42546922	0.24483377	1.0770189
0.533514	0.51459914	0.66393226
0.94456047	0.6199184	-0.5203799
0.11069131	0.16603899	-0.8698122
0.20962876	0.39507467	-0.52621734
0.94130147	0.98443013	-0.3463099
0.09758836	0.32901043	-0.9736433
0.5736291	0.81200475	-0.6654082
0.123274565	0.371217	-1.5921032
0.72080827	0.911896	-0.31045225
0.8409696	0.22782022	0.17475754
0.8833918	0.71767277	-1.8186519
0.91437465	0.28088653	-0.71085936
0.247518	0.39183027	-0.4442851
0.6926208	0.41771698	-1.9517586
0.5703453	0.08050805	0.9560699
0.88743657	0.24942958	-1.5982151
0.5831295	0.08898097	0.63739765
0.2810886	0.46592212	-0.30455142
0.9211895	0.8149194	-0.79597473
0.0209862	0.81548065	0.88067687
0.380531	0.2580101	1.6592917
0.6060531	0.852789	-0.8021301
0.17944849	0.92606586	0.19926238
0.14638615	0.14026928	-0.66750497
0.15001059	0.53331023	-0.42800856
0.6952899	0.52582544	-2.016282
0.6933314	0.3893019	-1.6330559
0.5337417	0.30633688	0.4061184
0.896886	0.83520484	-1.3987072
0.37294245	0.40443575	1.0694466
0.3853327	0.90195465	-0.86069626
0.9312434	0.41178983	-0.21334727
0.96052974	0.82610375	-1.4835179
0.37236458	0.29166758	1.5342517
0.88962543	0.6821411	-1.6604851
0.16446167	0.76998216	0.13959162
0.113120735	0.03534001	-0.4769176
0.07031375	0.34240693	0.37132812
0.99376816	0.6060035	0.7558173
0.8020526	0.18970835	0.4028586
0.19372463	0.78945386	0.8123761
0.29676688	0.34711897	-0.21425588
0.586907	0.64786845	-0.10822574
0.6265452	0.9418247	-0.5870861
0.21780908	0.9653494	1.1315471
0.6836947	0.56014687	-1.928603
0.90963155	0.9519857	-0.3714862
0.531186	0.21682304	0.19556554
0.70981944	0.0009422302	0.17965618
0.36868316	0.0638715	0.5295256
0.22993904	0.021873474	1.5861354
0.3169403	0.3341291	-0.43431845
0.76511866	0.8200602	0.008479099
0.7937631	0.5709053	0.31784818
0.5168004	0.49477756	0.24893145
0.6836997	0.42848837	-2.1116338
0.95021325	0.077871084	-0.7609707
0.35142666	0.5692538	-0.05882441
0.61364686	0.9266919	-0.903308
0.6988478	0.2815249	-0.33204606
0.9080769	0.77021056	-1.3152819
0.2668441	0.1199463	0.67517066
0.02670598	0.3214395	0.7326596
0.55418897	0.14642811	1.1233143
0.80424863	0.6954598	-0.15893967
0.688931	0.48464364	-2.2694561
0.20071071	0.3351735	-0.41461235
0.18572944	0.60479695	-0.12350681
0.27234983	0.9038331	0.7313521
0.5397465	0.70354855	0.123055786
0.3999011	0.2323528	1.5370274
0.28072768	0.16066772	-0.114350215
0.97060746	0.21009952	-0.35990334
0.7911042	0.18136257	0.14701948
0.71501786	0.838681	-0.7262507
0.6617108	0.7477146	-0.3564346
0.2706266	0.29143482	0.2182491
0.80729204	0.5357517	0.08927591
0.8218767	0.8200094	-1.2516675
0.16369724	0.94927555	-0.5077415
0.36022425	0.68902165	0.21982361
0.065139115	0.35700744	0.49326813
0.97765255	0.1427682	-0.75675195
0.40539223	0.09384996	0.018315315
0.9208448	0.47081625	-0.8744383
0.78095245	0.41089422	-0.58906305
0.4925413	0.81102616	-0.27769318
0.40464622	0.95930994	-1.0228105
0.42576003	0.24064791	1.0466816
0.8274109	0.82425106	-1.2521384
0.04882449	0.8233231	1.3483597
0.17202604	0.11714274	0.13626662
0.5493263	0.9906723	-0.4282397
0.5238133	0.54545623	0.4693282
0.3727783	0.4398297	0.81555015
0.37828678	0.7462775	-0.07644963
0.5319037	0.46424496	0.44174346
0.78043866	0.15359712	0.270336
0.46193922	0.6481621	-0.22785006
0.40621388	0.47735113	0.703704
0.8412825	0.84349436	-1.2642001
0.91514343	0.06909317	-1.0051885
0.39106065	0.7249516	-0.1931605
0.14794225	0.2579133	-0.95404726
0.16964704	0.6977564	0.26470456
0.41434282	0.8622048	-0.6495723
0.97388536	0.014564514	-0.85347265
0.39508808	0.45671278	1.0617187
0.07604635	0.28488398	0.33090597
0.39261997	0.43956566	1.1802537
0.49194658	0.96479774	-0.22773248
0.9899759	0.98091465	-0.28070924
0.406829	0.3529393	1.7853503
0.5894292	0.21798754	0.8972022
0.9962063	0.8611909	-0.42581952
0.94053084	0.3969934	0.23598582
0.15159899	0.7808858	-0.083645165
0.55229163	0.39785534	0.40975985
0.8086818	0.7838132	-1.0858165
0.9363302	0.21767956	-0.44198605
0.7324744	0.8440394	-0.361187
0.5675533	0.32323176	0.8155691
0.59398776	0.15493459	0.8705805
0.8177868	0.10558176	0.89497167
0.7277001	0.66164774	-0.33279762
0.33205056	0.075800896	-0.41981655
0.60072535	0.20533645	0.716468
0.31983787	0.36568153	-0.34907928
0.85991096	0.13218051	-1.0834804
0.8238782	0.13734972	0.71402115
0.98199934	0.9536822	-0.2871176
0.7615742	0.69006455	0.6603697
0.0798555	0.61436653	0.48828232
0.1957624	0.19325548	0.41976556
0.78752613	0.20515162	-0.031969476
0.9173139	0.023823738	-0.6994979
0.040817738	0.79139376	1.3580644
0.27195686	0.50990576	-0.4926077
0.017472148	0.89882207	0.6675978
0.057573497	0.34372014	0.8828042
0.14627212	0.18771291	-0.78969026
0.43223447	0.22020203	0.6946088
0.5099751	0.31222057	-0.38468942
0.09770429	0.98074704	-0.4035646
0.25554067	0.38000637	-0.29707545
0.717434	0.2920226	-0.061724007
0.3504125	0.70817703	0.13969113
0.21379405	0.8822662	1.7212131
0.1805256	0.40923095	-0.2716233
0.09069353	0.32579356	-0.5814591
0.7012527	0.6844121	-1.0634322
0.62611747	0.21355689	0.074953325
0.160671	0.9262369	-0.5125665
0.44779098	0.45231467	0.36296755
0.53761744	0.8272155	-0.17841238
0.38091522	0.72651505	-0.094787166
0.02897185	0.15940261	0.9985548
0.4122517	0.48814124	0.37964252
0.4509089	0.4258836	0.3064277
0.20117426	0.078312874	1.1512063
0.9722811	0.82922524	-1.2560114
0.8892697	0.81631243	-1.6283325
0.02785927	0.08605391	1.1650782
0.9519893	0.69254076	-1.1611075
0.9112587	0.4958912	-1.2727708
0.9297618	0.11229181	-0.8329492
0.1653263	0.360089	-0.41005555
0.6073426	0.6192471	-0.4723805
0.80499023	0.067849636	0.9597906
0.4594583	0.49061173	0.15803154
0.96306497	0.15703714	-0.7301188
0.7344682	0.6280672	0.08343665
0.16471046	0.6874517	0.23899296
0.62863594	0.41383964	-0.114422716
0.5747419	0.59724337	0.20091635
0.89035136	0.3569373	-1.1209564
0.58593166	0.6394003	0.0182449
0.26176888	0.7800127	0.76884246
0.42075974	0.32365602	1.3480777
0.4791999	0.03192115	-0.4295032
0.31969178	0.014667332	-0.9245592
0.008493066	0.47296512	0.4051373
0.13230723	0.020076692	-0.9602923
0.5111724	0.78372365	0.0063301343
0.16054207	0.76330113	0.14396122
0.9447621	0.5133093	0.3121158
0.03703296	0.89092094	0.94209397
0.02870369	0.04118669	1.3057989
0.93721586	0.0981217	-0.629903
0.62515885	0.14753586	0.3304231
0.43962753	0.9055134	-0.21451387
0.009242535	0.7820474	0.41464493
0.11498791	0.44987935	-1.641189
0.9239362	0.2686581	-0.37802282
0.33819467	0.65444094	-0.42762792
0.26604754	0.8293978	0.9094753
0.93644786	0.9124324	-0.4387184
0.6468222	0.8080274	-0.34884766
0.33833855	0.9836287	-0.7418516
0.12849247	0.3801778	-1.454298
0.39301044	0.8146047	-0.5078089
0.8532218	0.489963	-0.20300956
0.905094	0.11686772	-1.3415873
0.10167223	0.37760055	-1.233571
0.7065877	0.8216891	-0.856101
0.43323302	0.4670276	0.29762506
0.5606955	0.86107534	-0.5521217
0.79753286	0.66851544	0.058626734
0.14699155	0.9102901	-0.5422907
0.394471	0.083898544	0.25630134
0.7668926	0.021040559	0.48074064
0.84709245	0.32023752	0.40426362
0.60358095	0.05620706	0.6355876
0.5026635	0.010086298	0.036638748
0.63259834	0.7646119	-0.6758621
0.33056968	0.79195595	-0.55025774
0.55865425	0.878066	-0.48735985
0.20399803	0.9617058	1.0463177
0.36950147	0.4823802	0.27986947
0.30700785	0.048395097	-1.0994612
0.600434	0.7477012	-0.7358955
0.72328144	0.71209127	-0.6535148
0.5866902	0.2416488	0.9233617
0.11021674	0.5987037	-0.5142102
0.53923506	0.9914017	-0.37935725
0.40107918	0.6773163	0.044420578
0.8618067	0.46010876	-0.17635861
0.95288485	0.36507827	0.9742625
0.5601049	0.69950867	-0.10457462
0.44726586	0.6022986	0.043426875
0.8727677	0.7945353	-1.7703432
0.986161	0.9876193	-0.24361953
0.47221184	0.16116178	-0.4255679
0.61449313	0.7499827	-0.87508
0.6453167	0.1819005	-0.04479071
0.8707782	0.7886797	-1.7428526
0.072232366	0.98359525	-0.32711452
0.7210087	0.48381633	-1.004547
0.21232963	0.44508374	-0.73747456
0.5400461	0.19130588	0.49768442
0.40424562	0.14879501	0.5271275
0.36224478	0.06826633	0.3831772
0.6728463	0.7147839	-0.82139856
0.72226053	0.8399837	-0.6912746
0.88955104	0.047698498	-1.0241781
0.014662027	0.2838884	0.7381881
0.9165397	0.55893874	-1.1613739
0.52037644	0.22372997	-0.15527602
0.13051367	0.6883591	-0.18995033
0.19383788	0.8788176	0.96812344
0.79066855	0.53486264	0.23989916
0.8158368	0.9066892	-1.8428737
0.594051	0.778532	-0.71350515
0.5121437	0.70417684	0.18344721
0.79264176	0.29679304	-0.44473773
0.20236534	0.75803864	0.8621322
0.75218296	0.14614594	0.68883806
0.4463874	0.36813408	0.42143476
0.5954081	0.71147937	-0.57314456
0.5241148	0.2481761	-0.05582483
0.15944135	0.39455402	-0.41445217
0.7832016	0.1494273	0.25456578
0.092852354	0.14852577	-0.17959994
0.823163	0.90721625	-1.9211184
0.38902056	0.9836202	-1.0819256
0.4822188	0.4141137	-0.07526463
0.51563454	0.41675818	0.046103336
0.56125814	0.53535366	0.18023033
0.017474174	0.04536915	1.0983955
0.5354828	0.45256406	0.41608042
0.49367583	0.37676352	-0.21150765
0.35388285	0.2690382	0.40345696
0.96151084	0.008536518	-0.6958573
0.10433698	0.1186651	-0.49676204
0.6717891	0.92436	-0.687426
0.9559035	0.7535524	-1.5766606
0.51337385	0.98248196	-0.18530746
0.756925	0.13586771	0.6877213
0.9332621	0.5431544	-0.6751093
0.7828439	0.19644576	-0.002115944
0.46727937	0.53484344	-0.089529976
0.88052195	0.5197719	-0.71752065
0.60156715	0.7606428	-0.7693424
0.3274591	0.09327614	-0.50159925
0.22996414	0.19360548	1.4557132
0.45401937	0.7268258	-0.06912656
0.23442101	0.27333307	0.6328775
0.7554622	0.83693284	0.035333455
0.7801728	0.45383316	-0.3127826
0.13233376	0.34706366	-1.3186266
0.15869415	0.0826121	-0.36734962
0.46259898	0.87056714	-0.13265426
0.5905331	0.6995999	-0.3473128
0.5573695	0.84180546	-0.4028827
0.6086015	0.5148541	-0.06454944
0.5281795	0.36213213	0.16640596
0.94487774	0.75267744	-1.4593316
0.40349257	0.19819576	1.0648638
0.22866344	0.41693014	-0.7111763
0.32329303	0.93217987	-0.5904019
0.20286357	0.4882666	-0.6685846
0.69519013	0.037032604	0.06802529
0.5501668	0.04894501	0.829273
0.2277816	0.9682149	1.0657835
0.9491416	0.37716448	0.79126
0.095526814	0.099439025	-0.26503605
0.21566528	0.9342337	1.4693
0.9257207	0.44335788	-0.6526937
0.71117854	0.92217195	-0.48510695
0.2192294	0.39234823	-0.5626042
0.00840342	0.9416248	0.49175182
0.6941707	0.9482338	-0.6789424
0.08097023	0.5402668	0.081655785
0.3707235	0.15870899	0.9296289
0.040968955	0.6876043	1.5192733
0.29994923	0.27847767	-0.3534245
0.07720333	0.32668012	0.11379753
0.0669986	0.60361063	0.8353003
0.69431853	0.57566965	-1.716813
0.11569291	0.23295724	-1.2948974
0.84409475	0.14454937	-0.0035564378
0.30468917	0.5639628	-1.0602956
0.35484785	0.4032728	0.42330968
0.48519778	0.8532439	-0.2850388
0.6934469	0.65909016	-1.2246283
0.60452133	0.20448369	0.5797139
0.22471082	0.22182941	1.2112286
0.20086098	0.5143505	-0.59882766
0.8257016	0.45997667	0.40809625
0.37774628	0.40887606	1.271086
0.4865144	0.9274772	-0.14889923
0.49379212	0.5386912	-0.15064922
0.17788172	0.83928555	0.22982158
0.6425761	0.7106404	-0.33606875
0.9867863	0.53955555	1.4416571
0.52404046	0.6746575	0.23248063
0.72146416	0.9806756	-0.13996992
0.21666151	0.06946242	1.6478406
0.55427146	0.7951257	-0.32707727
0.25908494	0.2642368	0.5639095
0.56462693	0.6689135	-0.022866659
0.1199944	0.31425327	-1.7328387
0.3925348	0.27174807	1.8306109
0.6389462	0.32619917	-0.34230646
0.7279034	0.24556845	0.25752458
0.7573264	0.41448444	-0.032512978
0.04140973	0.95954406	0.120815426
0.49106175	0.51383805	-0.15787476
0.092081726	0.8610813	0.046671428
0.6996862	0.27129668	-0.19944297
0.2975291	0.92300236	-0.095235154
0.1619075	0.6410131	0.21346822
0.10797417	0.048225522	-0.29241788
0.5175308	0.38640565	-0.047684483
0.9827418	0.15598649	-0.7016474
0.83548534	0.29696774	0.49433795
0.009513259	0.8744561	0.35051376
0.75339484	0.8487917	0.04537725
0.7192007	0.06760353	0.21882209
0.5523189	0.85519356	-0.36340222
0.2088424	0.35934752	-0.39407945
0.99047214	0.4718802	1.5666431
0.61375326	0.51495665	-0.22386256
0.93605703	0.045383513	-0.5331526
0.6552544	0.24186146	-0.48154598
0.8691117	0.34500492	-0.30203754
0.9458521	0.8409372	-1.0449197
0.74558	0.74754184	-0.081218205
0.818535	0.42108244	0.27825868
0.48107767	0.05278027	-0.53874123
0.27646637	0.11887783	0.15300047
0.527612	0.88998586	-0.16118893
0.3584863	0.53545153	0.083285354
0.385718	0.24444729	1.6512824
0.9221263	0.381494	-0.5105609
0.5035817	0.03942752	-0.17340377
0.7214776	0.60757726	-0.6261327
0.25200188	0.12362915	1.3454098
0.6598821	0.25602537	-0.5786567
0.36598873	0.043130755	0.3475338
0.42512053	0.061977744	-0.19821548
0.22675008	0.4879359	-0.9401342
0.91840476	0.6860564	-0.8673973
0.10797554	0.6442103	-0.20694138
0.27572	0.6360865	-0.539121
0.7614588	0.19279343	0.52619183
0.75206506	0.67051816	0.5272455
0.6817923	0.7207583	-0.8527279
0.67314094	0.83632797	-0.42081094
0.71502686	0.1845746	0.14737512
0.42138803	0.16019446	0.43451896
0.43938136	0.03310269	-0.3786487
0.9518293	0.46204388	1.1356279
0.6478958	0.4624167	-0.51724166
0.13359243	0.8385452	-0.4467397
0.27558857	0.5178381	-0.5811198
0.9935284	0.23255676	-0.3080626
0.33562326	0.94931614	-0.713812
0.178074	0.4577967	-0.17602645
0.6220906	0.8479098	-0.97550434
0.8675406	0.95219934	-1.5678043
0.40706873	0.26724058	1.7755352
0.22365415	0.043017685	1.7804846
0.21408576	0.9368437	1.3725842
0.33288085	0.529169	-0.47756284
0.280901	0.13011271	-0.13983014
0.9261163	0.48606956	-0.81127924
0.11287457	0.7836705	-0.35246652
0.44665527	0.38365006	0.3099926
0.26747137	0.23745608	0.3644328
0.6043611	0.22218132	0.6235086
0.5243822	0.07826829	0.17601417
0.9333135	0.035972357	-0.5341074
0.054678857	0.705808	1.4614677
0.0011933446	0.325781	0.57466865
0.34365672	0.94420755	-0.897004
0.025806904	0.22509468	0.8309516
0.35876495	0.47011048	0.3406949
0.33181942	0.9315637	-0.6368302
0.7328325	0.3310517	-0.059289046
0.15835309	0.65503365	0.21171197
0.25591636	0.07278162	1.0696856
0.16611564	0.7418898	0.20251408
0.3328119	0.13152975	-0.2772177
0.75208664	0.9120299	0.05988206
0.25840932	0.7118025	0.3373184
0.41068166	0.014181435	-0.49186122
0.71420544	0.51097333	-1.3749232
0.6341449	0.31473875	-0.23845796
0.77987957	0.003990531	0.7776212
0.65796447	0.8980537	-0.5214387
0.117194235	0.60658413	-0.599284
0.78393227	0.99671274	-0.66757476
0.017047048	0.9390113	0.6483265
0.4426468	0.95946056	-0.4011391
0.7869371	0.21989906	-0.18129116
0.025542319	0.7915769	1.0540619
0.77672267	0.86738044	-0.36869845
0.47993892	0.17250991	-0.6571224
0.23240358	0.6225212	-0.15790175
0.6283675	0.10068023	0.48599386
0.97550243	0.06447828	-0.8884962
0.16377658	0.9432362	-0.5242261
0.36679506	0.7822022	0.25353304
0.3549525	0.3482585	0.4694939
0.118712425	0.098008394	-0.763154
0.88153124	0.64757156	-1.6475155
0.23981309	0.024873078	1.3565205
0.613123	0.8114684	-1.0331059
0.14353931	0.42252892	-0.9200322
0.01792705	0.2168994	0.7947737
0.8155534	0.42910397	0.20034866
0.75926656	0.30700815	0.20463394
0.61302197	0.24078	0.36697212
0.37020528	0.20939678	1.1023519
0.87582606	0.4671237	-0.47034302
0.27760744	0.34776604	0.1026902
0.99924225	0.11831826	-0.7004378
0.09249002	0.2991463	-0.6191058
0.25233316	0.25514197	0.78015524
0.6982248	0.7863282	-0.8630854
0.55442035	0.85969406	-0.4585296
0.54735625	0.26631856	0.8866113
0.09073377	0.22769839	-0.25687003
0.79762554	0.9214271	-1.3448704
0.7252381	0.14013493	0.25779313
0.3596186	0.0038909316	0.086346194
0.48468167	0.17225426	-0.7821714
0.911492	0.18805122	-1.1933529
0.75421435	0.7193392	0.28940535
0.09421712	0.37307167	-0.93049914
0.46103352	0.8319941	-0.16885075
0.6574811	0.23623341	-0.44264382
0.2565006	0.050540447	0.83671135
0.8498383	0.9349655	-1.7331204
0.7789202	0.55350626	0.5756049
0.1967032	0.6323613	-0.0032178257
0.34776562	0.6065852	-0.002263546
0.11254144	0.514482	-1.4106233
0.5721761	0.7262566	-0.38742143
0.2928486	0.34407073	-0.16777843
0.096603155	0.21366614	-0.51702094
0.9487843	0.33186835	0.5348468
0.59430283	0.8183433	-0.6605349
0.48112732	0.45814085	-0.06831511
0.6863036	0.6504117	-1.307049
0.71695846	0.6826384	-0.711157
0.112892866	0.40321052	-1.6427114
0.7076287	0.15820432	0.052046787
0.68660975	0.94228035	-0.66695046
0.35507357	0.543862	0.071167484
0.3940549	0.4322101	1.281193
0.7526468	0.06556404	0.5354289
0.062020242	0.015109301	0.767492
0.2825246	0.027983487	-0.17038704
0.9858074	0.6238622	0.55995
0.40268064	0.22855383	1.3989952
0.49862897	0.92611516	-0.09481571
0.75971687	0.92518455	0.14673944
0.05022365	0.93230397	0.2670792
0.85899556	0.29394728	-0.17185436
0.5719626	0.9460388	-0.5959389
0.8831111	0.09529823	-1.5763258
0.3860594	0.64741915	0.024491582
0.31443006	0.2917707	-0.47773206
0.25268143	0.49488884	-0.72430825
0.03835398	0.16540873	1.1404995
0.8867623	0.027721763	-0.83264
0.6178167	0.033577263	0.55141807
0.35316443	0.51685286	0.04676832
0.98334277	0.029800951	-0.81971234
0.29279006	0.16046214	-0.6071938
0.98789096	0.2797212	0.069056235
0.8117685	0.44981223	0.0872996
0.31861788	0.11593479	-0.6899277
0.6300165	0.1992343	0.033087336
0.39280134	0.8235708	-0.5771806
0.17136216	0.59219456	0.046643466
0.9167214	0.3459273	-0.66930467
0.17363954	0.9899713	-0.24097154
0.15670848	0.56966114	-0.16402918
0.28670233	0.9280471	0.18693915
0.16727465	0.8508407	-0.08744371
0.9299961	0.71348125	-1.1060691
0.010200739	0.654075	1.074607
0.73474574	0.41821742	-0.2857476
0.71583456	0.84402096	-0.7780436
0.053652883	0.37292486	0.8362379
0.3577863	0.10966903	0.3674864
0.38167197	0.50049734	0.41641757
0.7818355	0.6202882	0.71824586
0.96402436	0.24440736	-0.014588172
0.7629745	0.64712024	0.87801
0.05543953	0.96029824	-0.053252384
0.586168	0.36297113	0.3190572
0.006442845	0.8804304	0.3064642
0.110125184	0.45926976	-1.6100258
0.9246109	0.2993425	-0.29646963
0.44758385	0.4432053	0.28790298
0.82566696	0.7693415	-0.7018092
0.2770335	0.025083661	0.009395156
0.8678429	0.6330391	-1.553247
0.6384015	0.9081046	-0.71804476
0.39490598	0.99434084	-1.0239501
0.8206731	0.15851742	0.6615763
0.81622046	0.29874617	0.16456133
0.12680286	0.25785357	-1.5083252
0.21568865	0.04153353	1.6462517
0.5172141	0.61381096	0.38240182
0.659467	0.20400882	-0.25426114
0.16684288	0.012687564	0.0022227913
0.38876647	0.42044187	1.3459203
0.94350344	0.21261287	-0.40609467
0.9471749	0.7239093	-1.4303057
0.8398171	0.26067865	0.3076977
0.83252114	0.6510674	0.009631712
0.52647233	0.8405585	0.012972569
0.52212715	0.39704448	0.12383966
0.9308607	0.31108892	0.029311076
0.6710501	0.8408039	-0.35268623
0.9470413	0.10980874	-0.64171726
0.39123207	0.70932686	-0.19804189
0.6106324	0.22956395	0.49721983
0.79781973	0.3042413	-0.4468044
0.84541196	0.23883599	0.0043638274
0.47772688	0.1984719	-0.59490633
0.15963548	0.9955033	-0.5052714
0.22285813	0.004984379	1.6462426
0.807535	0.5082958	0.08062564
0.008234978	0.06241542	0.8972596
0.3396749	0.38029814	-0.029721767
0.96319354	0.23034954	-0.13972019
0.6143225	0.57954776	-0.35824567
0.61369133	0.7063751	-0.8343513
0.8755419	0.065927744	-1.2247136
0.5085684	0.7590514	0.055093274
0.83100575	0.38958347	0.64271
0.5899159	0.18049479	0.9342238
0.47229916	0.60589236	-0.2732336
0.54932266	0.27239227	0.9868146
0.95564663	0.10085881	-0.8876207
0.57056886	0.41082954	0.17821509
0.43677682	0.6843801	0.2561313
0.22806245	0.7103276	1.0437976
0.22899437	0.67747235	0.6003928
0.9058965	0.40931535	-0.93642485
0.9590912	0.9204498	-0.7467893
0.64888215	0.13914073	0.015324749
0.7638384	0.93288666	0.06532771
0.32413435	0.06060964	-0.7157478
0.8893768	0.95423526	-1.1340451
0.22715992	0.27011794	0.6282387
0.023117542	0.611428	1.3271914
0.4368893	0.60195595	0.23373352
0.15615779	0.044463873	-0.46647546
0.78005964	0.39840806	-0.6525549
0.9649437	0.6016881	0.60450417
0.2598424	0.020835102	0.58939
0.982573	0.45895636	1.7606074
0.6437419	0.82070935	-0.37986347
0.1311205	0.52416027	-1.1910598
0.85801256	0.19608277	-0.79227835
0.7293388	0.39247584	-0.3209324
0.33716232	0.550316	-0.45525897
0.66597176	0.91729116	-0.6594508
0.63138735	0.19905227	0.03098942
0.17621684	0.17670178	-0.045767516
0.3564582	0.4066652	0.45211908
0.9168126	0.015578628	-0.6873935
0.6463368	0.17584187	-0.015812282
0.19797665	0.31763482	-0.29740095
0.08954257	0.18570876	-0.1391293
0.77267677	0.080641806	0.5264055
0.016252398	0.6636497	1.1226548
0.1898691	0.46573496	-0.28624114
0.38326246	0.9906003	-1.1355937
0.96953666	0.3989005	1.6324881
0.07253736	0.5717779	0.5913427
0.8847939	0.958897	-1.1847425
0.67831475	0.8649786	-0.68976915
0.2706265	0.79522	0.54113245
0.915377	0.85739994	-0.58965945
0.66177714	0.06526458	0.20532662
0.17120534	0.22658312	-0.4154225
0.7028391	0.21697426	0.048028957
0.7049654	0.24865943	-0.048334308
0.48491794	0.73474973	-0.39001083
0.4667366	0.8162569	-0.24275509
0.36534613	0.29374474	1.1682408
0.8257744	0.0949291	0.8050667
0.45796925	0.34734845	0.102216154
0.07816672	0.41502374	-0.059771236
0.85988116	0.95935416	-1.6030982
0.8791957	0.16081238	-1.897286
0.26520061	0.7142122	0.09592426
0.32815903	0.3371098	-0.38721743
0.14804703	0.8660981	-0.516286
0.35304284	0.63913256	0.117611125
0.8822499	0.13078046	-1.882823
0.6123522	0.083112895	0.67711985
0.4607088	0.7717448	-0.18256915
0.9510046	0.70951724	-1.3226005
0.07201958	0.538908	0.4089411
0.28581852	0.013621628	-0.34088397
0.18979937	0.8191413	0.78216624
0.23327291	0.057451844	1.7109572
0.5122579	0.94403154	-0.13837859
0.65765554	0.5500538	-1.1460052
0.6853948	0.6205085	-1.4753758
0.020640612	0.71024984	1.0466862
0.86327744	0.9575801	-1.5933868
0.17840838	0.62742895	0.0096310135
0.6203077	0.09530842	0.56799114
0.0735243	0.4966061	0.20500696
0.59757286	0.99239516	-0.96010685
0.9238895	0.528046	-1.007653
0.92884904	0.20785475	-0.5493209
0.3930382	0.115273654	0.43305448
0.17992121	0.7148834	0.16314138
0.64305073	0.8417647	-0.49228644
0.09698081	0.5610002	-0.55769235
0.28208828	0.5055734	-0.6000735
0.9790599	0.76979303	-0.7927635
0.65290135	0.5091557	-0.7840235
0.52816004	0.3856821	0.20474496
0.58254546	0.6083263	0.08766133
0.38900185	0.34015816	1.9182942
0.91333586	0.12196928	-1.1924711
0.14088207	0.23573154	-1.179968
0.33225107	0.07850039	-0.3965429
0.6392782	0.21014345	-0.10076368
0.072508335	0.14877361	0.5225415
0.473682	0.21488011	-0.50936353
0.5836086	0.6610045	-0.11668151
0.6486799	0.2365163	-0.2234316
0.84342587	0.3657596	0.63231283
0.2384054	0.6879198	0.5143079
0.75605136	0.6742334	0.5953449
0.9311452	0.9190382	-0.26675949
0.3098157	0.1843608	-0.521302
0.7571832	0.83783066	0.10347246
0.53068024	0.8998045	-0.13365005
0.23002309	0.3927204	-0.43506262
0.92649645	0.462138	-0.6746432
0.7355801	0.6638882	-0.028661247
0.33286148	0.11274654	-0.25304413
0.25044662	0.6828046	0.2772356
0.3958155	0.6985826	-0.14942741
0.97934645	0.33568424	0.95319915
0.17445546	0.30094463	-0.5199563
0.88495153	0.9789859	-1.2275099
0.08123064	0.30841446	-0.06319088
0.21802199	0.04157126	1.7259032
0.82673866	0.71424574	-0.1651758
0.65873337	0.44238633	-1.2488283
0.3052181	0.57180107	-1.1270596
0.9685942	0.6961181	-0.5728637
0.70303833	0.08662325	0.04707519
0.6969798	0.40220404	-1.6352644
0.247715	0.71419513	0.60995144
0.3722198	0.40174878	1.0723077
0.42119217	0.4980089	0.2674358
0.12565988	0.77634937	-0.18538226
0.65003264	0.34351933	-0.6949218
0.14727885	0.97133845	-0.5043985
0.2606743	0.08723539	0.9457935
0.69355094	0.48151028	-2.1802762
0.6657076	0.5308753	-1.6552882
0.5734285	0.75078595	-0.52990896
0.7768514	0.4134587	-0.5206395
0.3110116	0.76244074	-1.099038
0.7978265	0.36463058	-0.5931469
0.30043703	0.83979416	-0.4764773
0.28877383	0.51016283	-0.67597854
0.9500666	0.24035835	-0.13577421
0.098264396	0.2675467	-0.83258086
0.25316584	0.33636212	0.025172547
0.5311263	0.21944296	0.20942143
0.91756916	0.35392255	-0.61942184
0.59641004	0.67517537	-0.47746018
0.20523673	0.7534141	0.9882054
0.50709844	0.93169767	-0.09345071
0.9321877	0.75756645	-1.1176081
0.15952498	0.9844751	-0.52019805
0.24623162	0.026391506	1.0337031
0.8899643	0.34159958	-1.1463317
0.31272095	0.49692833	-0.70577836
0.61139315	0.038029253	0.5948285
0.42286533	0.6717304	0.4309531
0.6695764	0.22792596	-0.30391386
0.8420483	0.7047885	-0.4972756
0.99369806	0.2359168	-0.3513473
0.5751976	0.14848882	1.1262032
0.29927218	0.44224787	-0.24363841
0.7766195	0.99064237	-0.41902667
0.6225297	0.75331026	-0.9007311
0.8753439	0.077418625	-1.3550646
0.9618477	0.07098681	-0.8411218
0.6352366	0.58651674	-0.31971914
0.6034187	0.8703485	-0.82652384
0.13532203	0.088950455	-0.9800343
0.63759094	0.481606	-0.17926544
0.19482356	0.74471056	0.5473564
0.23850018	0.7610607	1.4531162
0.89234805	0.8128655	-1.6224779
0.9402663	0.87823933	-0.6549931
0.14465976	0.04447609	-0.78317684
0.042087615	0.762333	1.4066626
0.22811764	0.061269403	1.7359972
0.30109376	0.5262936	-0.87870514
0.11279297	0.63402855	-0.3532837
0.6091787	0.14808631	0.5765075
0.6969517	0.36079127	-1.1028671
0.77857816	0.4422325	-0.43356168
0.67401946	0.7214655	-0.83554596
0.800653	0.071042895	0.7952324
0.28717315	0.18219066	-0.3875665
0.97482884	0.25668502	0.041194823
0.66159946	0.94768953	-0.72536176
0.24630958	0.55474216	-0.6042934
0.8391861	0.8865259	-1.6717712
0.5900705	0.99118966	-0.98508036
0.11683595	0.42739832	-1.7102998
0.68375045	0.837047	-0.73989576
0.41937047	0.9788844	-0.97195446
0.6353016	0.08440721	0.42956695
0.88516575	0.6380742	-1.5631975
0.04866755	0.6844754	1.5269282
0.96211463	0.705344	-0.93409795
0.6982086	0.35884458	-1.0834059
0.6369682	0.8148054	-0.5925091
0.18047196	0.8078265	0.27384913
0.7684781	0.30104524	-0.12274972
0.26603788	0.49589068	-0.48754624
0.5269817	0.33466715	0.044282813
0.35672826	0.91894954	-0.87953436
0.7817219	0.14714849	0.22980572
0.9928458	0.049497843	-0.7311951
0.13313806	0.9603196	-0.5131989
0.50591135	0.53626454	0.13058999
0.8266204	0.51788443	0.33460447
0.034646273	0.3201542	0.920277
0.93165636	0.10564709	-0.79147637
0.4961177	0.43338662	-0.06998252
0.22913879	0.78350234	1.8685079
0.35923266	0.908934	-0.74854815
0.96835685	0.30068433	0.48055583
0.41760045	0.15388626	0.47238824
0.6975877	0.25606823	-0.12785159
0.23754853	0.38732845	-0.4426665
0.47682214	0.85081005	-0.32396382
0.100197196	0.073486745	-0.18514726
0.57428366	0.5351305	0.057176795
0.8867317	0.95078814	-1.1575042
0.12809402	0.8317329	-0.44797286
0.36595505	0.82116187	0.05629098
0.94084054	0.8870704	-0.66763765
0.9264134	0.1719271	-0.8014954
0.6559572	0.14318997	0.08230826
0.90529686	0.2026574	-1.3562186
0.37407082	0.4980147	0.17680997
0.47202003	0.33854854	-0.18462688
0.7483921	0.6850183	0.38925615
0.39784348	0.41245735	1.4777282
0.17692631	0.6332609	0.05332429
0.4045921	0.96814483	-1.014657
0.5313909	0.77748716	0.059323553
0.8167087	0.1232301	0.7765773
0.22189945	0.8140881	1.9050162
0.8410393	0.8296616	-1.0897977
0.0057629943	0.36398476	0.44718778
0.61971825	0.8784749	-1.014276
0.7073968	0.35948515	-0.68142647
0.9254166	0.26481384	-0.31178102
0.79318	0.5891355	0.28165835
0.84464395	0.68656737	-0.6796039
0.6975879	0.7675404	-0.8642516
0.06117052	0.35433853	0.7022093
0.4234118	0.3001932	1.284033
0.9880346	0.6586707	0.3320264
0.015748858	0.44744074	0.22594406
0.86726195	0.46109372	-0.24737984
0.31970036	0.9773687	-0.31810343
0.5556214	0.40509164	0.3916699
0.6024609	0.58083653	-0.16359872
0.84007794	0.36436123	0.61637175
0.9695279	0.4555019	1.8743584
0.5352925	0.40422106	0.29596788
0.9235746	0.90780216	-0.20238692
0.010434747	0.89964336	0.42054555
0.5442095	0.2783286	0.7600334
0.2952466	0.09458387	-0.82836163
0.5839349	0.20444101	1.0397923
0.42394733	0.69377136	0.29366165
0.6225382	0.07610273	0.66857857
0.17031097	0.4551009	-0.07533205
0.75350606	0.04320818	0.45784888
0.66033506	0.07570517	0.25480732
0.79036474	0.37943524	-0.63749504
0.08407456	0.37719995	-0.29963264
0.6931877	0.054165006	0.043224916
0.2725948	0.5181562	-0.56630254
0.06555754	0.48381	0.562926
0.15605062	0.20592242	-0.51764536
0.33487886	0.14394027	-0.20312361
0.24189138	0.18549097	1.4637984
0.8515276	0.8626123	-1.4244215
0.8440002	0.857553	-1.3491337
0.8144881	0.05512452	1.0705781
0.43887746	0.7410006	0.11818446
0.9025319	0.70710087	-1.4615988
0.37495965	0.8033862	-0.105214335
0.340774	0.19057107	-0.11951786
0.83727807	0.31705827	0.53268206
0.4806804	0.26363105	-0.66038245
0.07823771	0.040153086	0.26772344
0.7557624	0.7042985	0.44423446
0.11419338	0.06485456	-0.5382227
0.37981844	0.73000675	-0.10501358
0.7038411	0.88884103	-0.7052945
0.8598097	0.14062428	-1.011239
0.79369277	0.6328785	0.23468842
0.29315305	0.71296024	-0.88826805
0.9684219	0.7832047	-1.2825068
0.15157473	0.5256136	-0.51224184
0.31502628	0.89909184	-0.4360056
0.08650589	0.33037502	-0.38952336
0.98317075	0.8492849	-0.8745247
0.3742953	0.02401793	0.37837562
0.1413219	0.7397398	0.005860759
0.7033291	0.84487766	-0.8317211
0.11874813	0.48472738	-1.5374038
0.0581609	0.17424965	1.1268395
0.56995374	0.82641983	-0.6720692
0.587209	0.895293	-0.99697644
0.49774092	0.4109447	-0.068971016
0.9637159	0.046435177	-0.8113001
0.06468099	0.34408158	0.58954775
0.7346198	0.6067803	0.06459337
0.02035749	0.43326646	0.21217902
0.3168134	0.18225688	-0.46603918
0.3340996	0.66884893	-0.6675445
0.015328944	0.1901874	0.8260926
0.14942098	0.17192829	-0.6554189
0.4501797	0.73348707	-0.07423694
0.053787112	0.5070336	0.7493792
0.95821494	0.41781378	1.565964
0.1476826	0.67224276	0.03737624
0.20814252	0.99114496	0.937447
0.5386452	0.6836962	0.1573627
0.33074385	0.46871817	-0.39107573
0.6024805	0.12184751	0.72315454
0.9777403	0.27919412	0.18384027
0.82900625	0.4761337	0.39672437
0.5758843	0.78907275	-0.6855114
0.15817904	0.207407	-0.4748099
0.0112271905	0.022832513	1.0909063
0.12347877	0.30882	-1.65231
0.77032745	0.5764632	0.7661448
0.6537292	0.3967569	-0.8527465
0.967331	0.44021302	1.7988287
0.30300343	0.08071667	-1.0064406
0.79435563	0.7013786	-0.041786183
0.5140588	0.32375395	-0.342573
0.9701884	0.23584169	-0.11561825
0.21378094	0.030622125	1.6467428
0.96697575	0.74226195	-1.0981703
0.1309821	0.93517196	-0.4788267
0.558541	0.9100777	-0.5125789
0.5980134	0.58830744	-0.067075
0.03550172	0.63263905	1.3986799
0.04097128	0.0011112094	1.3197821
0.22232825	0.15767252	1.5518574
0.9603167	0.60246927	0.4706907
0.94619066	0.30437154	0.27373645
0.7292188	0.1990627	0.4305507
0.20991147	0.4957831	-0.8374342
0.67568123	0.8784806	-0.59304786
0.9615469	0.24580961	-0.04378138
0.90402484	0.3154127	-1.0497518
0.6498954	0.24424309	-0.3310853
0.8010816	0.54453516	0.13076381
0.86285204	0.6454471	-1.5723263
0.5259139	0.7869128	0.10074566
0.9783044	0.9230214	-0.5346884
0.697262	0.44418967	-1.9966215
0.36518544	0.34796023	1.0879463
0.11837208	0.14415658	-1.010934
0.102386236	0.51805	-1.1519614
0.3423124	0.5242907	-0.28366202
0.33204025	0.6438244	-0.81731194
0.25729012	0.047903836	0.8043828
0.5600983	0.19164288	1.296031
0.014918625	0.31736243	0.6248694
0.6270749	0.043025374	0.6358397
0.4833849	0.80055016	-0.49617925
0.82251227	0.90534776	-1.8833184
0.2494638	0.4307781	-0.6418445
0.2606154	0.7535813	0.56268996
0.4580505	0.3524356	0.04092775
0.25398344	0.16309196	1.1830459
0.9334871	0.3668955	0.052212887
0.099707425	0.5136594	-1.1162878
0.39785743	0.14323801	0.6116076
0.13375062	0.19202363	-1.1450992
0.34815753	0.20667231	0.07828676
0.36216283	0.5231951	0.12416042
0.5731931	0.06085384	0.9579678
0.26187629	0.84663326	1.1156014
0.16157943	0.1488201	-0.24640195
0.66161335	0.20579213	-0.21710648
0.43474096	0.20992708	0.5289626
0.108312905	0.7323013	-0.26298523
0.22810143	0.026175857	1.6166341
0.22377288	0.48457634	-0.9819542
0.62382835	0.5232502	-0.20887253
0.9634832	0.029957414	-0.84528583
0.6499107	0.119220614	0.1857571
0.82167435	0.73121136	-0.26837882
0.9024732	0.3912053	-0.99480563
0.2662949	0.47671682	-0.39982554
0.7939909	0.48483765	-0.07974947
0.8436136	0.116921306	0.0389091
0.2242868	0.30628693	0.28958648
0.07135457	0.3411014	0.27297547
0.09392214	0.87492436	-0.11051134
0.14720058	0.5032764	-0.64807856
0.9827119	0.43453074	1.6861234
0.35599935	0.4325835	0.37176007
0.07758647	0.061303258	0.15534642
0.26996845	0.81771445	0.7677089
0.9655856	0.54885715	1.2575912
0.39667398	0.3209728	2.0221288
0.44995326	0.1486898	-0.09692662
0.28414983	0.91677916	0.24826926
0.10208404	0.34563768	-1.2241653
0.2206515	0.92809075	1.5080065
0.22227854	0.012629449	1.634685
0.78831863	0.4367501	-0.39100608
0.10413253	0.65523607	-0.15086958
0.8788955	0.4621988	-0.42415518
0.21139765	0.56667185	-0.520928
0.9343531	0.100480795	-0.7449136
0.7525906	0.75644195	0.049025048
0.63548553	0.8740495	-0.6934772
0.59518373	0.5328035	0.023016628
0.29373533	0.72151595	-0.9399325
0.5814746	0.11020523	0.78958154
0.39990205	0.61193424	0.09204671
0.5154579	0.27313823	-0.40826654
0.97095	0.29603118	0.44951499
0.73646384	0.13580638	0.43158013
0.1429959	0.34771323	-1.0266106
0.40177107	0.7832109	-0.42760068
0.31647396	0.12569249	-0.6878102
0.70395756	0.95734066	-0.49102122
0.21468973	0.0140916705	1.6061106
0.76391536	0.38227826	-0.22297318
0.52716166	0.8305068	-0.014967252
0.69902664	0.012035847	0.14949194
0.04749632	0.26276374	1.3756843
0.86124396	0.043349266	-0.6573321
0.01644206	0.6582857	1.2127717
0.94447327	0.08684075	-0.697086
0.37699097	0.4608475	0.70007306
0.6081409	0.9536327	-0.9246126
0.24540001	0.7888854	1.5594026
0.87837726	0.133493	-1.9370528
0.7070166	0.66979754	-1.0589445
0.20032853	0.49260587	-0.54075813
0.22322822	0.3934821	-0.543051
0.4775095	0.61244136	-0.21860497
0.99530303	0.39265925	1.0562154
0.26968348	0.59117	-0.60076183
0.5102503	0.25513035	-0.46315002
0.45973128	0.37670583	0.075727254
0.3633604	0.1794582	0.6736025
0.18021923	0.25195473	-0.3972179
0.22306782	0.749226	1.5475515
0.24840856	0.34101397	0.03189228
0.63393015	0.9209632	-0.7237322
0.33925402	0.92860276	-0.86898327
0.09780252	0.7025869	0.05730965
0.7352852	0.33252728	0.06951057
0.44649154	0.8117796	-0.036551382
0.77556413	0.8041498	-0.21570009
0.8125473	0.28755337	0.07058697
0.5628795	0.24131024	1.3505306
0.79978627	0.90501267	-1.3990511
0.032693088	0.73034024	1.3002748
0.7551687	0.59791464	0.7040686
0.5272895	0.8903222	-0.110530585
0.7483238	0.12773079	0.5903776
0.2678302	0.35667437	0.028130122
0.8760381	0.15171105	-1.8303806
0.9330864	0.039789736	-0.5383242
0.6171845	0.6908766	-0.77110296
0.51646084	0.6925705	0.22179493
0.7929095	0.90370774	-1.0794047
0.10376334	0.88149756	-0.4855534
0.030518353	0.17452937	0.89565283
0.5187559	0.7301704	0.106835544
0.80832547	0.03381145	1.0827209
0.23215336	0.96316516	1.0984738
0.08305371	0.373856	-0.3144586
0.6813978	0.32197863	-1.0487039
0.6877123	0.46353143	-2.2459955
0.09803915	0.6426031	-0.053408045
0.04403919	0.8082312	1.34501
0.8551314	0.48223603	-0.19751722
0.47942835	0.77100056	-0.3812995
0.29739177	0.72453076	-0.983941
0.49859446	0.049098134	-0.31333134
0.6457694	0.88454545	-0.5647958
0.43115658	0.60386825	0.33493623
0.51051724	0.9808382	-0.09143727
0.2767176	0.35506105	0.1434663
0.041794598	0.17153996	1.1220552
0.49458122	0.17169845	-0.89871794
0.862649	0.47165197	-0.17948893
0.632495	0.17115945	0.15916237
0.25812924	0.18134373	0.9426402
0.2503962	0.8529178	1.4758712
0.077265024	0.8671118	0.54120463
0.2885012	0.39946836	-0.14664307
0.94238305	0.91588974	-0.53698266
0.49490815	0.20324403	-0.95015645
0.3918234	0.11335468	0.42470437
0.59384584	0.79733354	-0.6741963
0.66309154	0.4276399	-1.5936643
0.29855222	0.42330945	-0.12878188
0.6128467	0.9480195	-0.8587626
0.3478871	0.53487366	-0.09016933
0.087649286	0.87013394	0.17018177
0.8172425	0.90616804	-1.873713
0.43964154	0.5181798	0.34415936
0.90513957	0.9045223	-0.7605601
0.22890985	0.80731326	1.8810796
0.14968914	0.6650348	0.10799257
0.3530137	0.90273124	-0.74896723
0.90303665	0.5420884	-1.3033898
0.6358994	0.682152	-0.4236083
0.9425385	0.91851157	-0.5600736
0.684255	0.49782252	-2.3341177
0.17721397	0.030859232	0.43961713
0.25233096	0.803653	1.3139424
0.028586328	0.98523945	0.29694524
0.8701101	0.8373648	-1.7104045
0.17473155	0.0440678	0.40999076
0.51051295	0.36900377	-0.24114291
0.5705048	0.30304617	0.93809795
0.29081464	0.53785235	-0.8617345
0.4828915	0.88913316	-0.25627515
0.17800498	0.92051643	0.09735555
0.21477139	0.052286685	1.7051339
0.816847	0.49325633	0.1669502
0.1433413	0.7069596	-0.05865851
0.23983324	0.8934206	1.5758799
0.28625888	0.9931667	0.18340945
0.4565925	0.5164999	0.053400062
0.53238064	0.16441494	0.3122868
0.6619126	0.082752824	0.20304921
0.1929465	0.5035422	-0.40255153
0.036349773	0.21807134	1.0152497
0.3986535	0.4796608	0.7773096
0.15506446	0.68871564	0.1850884
0.9367978	0.2993973	0.14102852
0.28607965	0.21488196	-0.24285385
0.44244224	0.2898109	0.4343579
0.3695271	0.39304024	1.0368353
0.072206855	0.108698964	0.42544872
0.09032315	0.52960765	-0.47056973
0.69746715	0.5099457	-2.0119648
0.8453023	0.55963457	-0.23922363
0.45332736	0.1620453	-0.14518835
0.16706192	0.6768903	0.25280523
0.63930786	0.311293	-0.3651068
0.039654315	0.7748616	1.3659265
0.3944242	0.008764863	-0.046153516
0.7530084	0.6539165	0.68090546
0.6502995	0.46922708	-0.67548287
0.97758573	0.99643034	-0.22874148
0.66052943	0.4631365	-1.4115187
0.4827081	0.33442372	-0.30384946
0.55660784	0.14162582	1.1553007
0.48390996	0.91833866	-0.2622481
0.32835847	0.7445658	-0.8106715
0.5410982	0.123119175	0.60480696
0.91336447	0.87211174	-0.5798848
0.7998422	0.34354097	-0.5255068
0.1362195	0.97067976	-0.48836583
0.3652932	0.42310923	0.7319153
0.34207624	0.62385505	-0.25100487
0.45208937	0.35195082	0.23279926
0.20077634	0.4870221	-0.5204485
0.0021207333	0.659564	0.8433054
0.95980674	0.28674728	0.24481732
0.8436457	0.0115100145	0.28382295
0.20218992	0.6427007	0.12343107
0.40533876	0.62425303	0.2687078
0.8215861	0.2774052	0.27796888
0.6699405	0.8322499	-0.3691353
0.62609226	0.9449501	-0.54395515
0.5991233	0.44771975	0.14280555
0.42635983	0.47945452	0.23844184
0.029682994	0.3623839	0.6296193
0.109303355	0.08974248	-0.44495943
0.56827736	0.46658647	0.08297302
0.8535389	0.49410325	-0.26911235
0.98968565	0.051043868	-0.7972751
0.48280573	0.03130883	-0.4331348
0.7348187	0.11914945	0.39636594
0.7951707	0.48004377	-0.046470378
0.2980013	0.08898896	-0.9448026
0.3424006	0.32906288	-0.11239216
0.5671613	0.5765276	0.22284389
0.06973636	0.39523423	0.27438608
0.95186377	0.4434945	1.0879015
0.9877701	0.8496138	-0.7610889
0.949717	0.67735016	-1.0252283
0.6361061	0.38529217	-0.28659895
0.2639789	0.35990983	-0.06886212
0.6744853	0.38274032	-1.7412944
0.9282733	0.70663416	-1.0753049
0.29112655	0.30474907	-0.1792431
0.8322027	0.31080282	0.54594654
0.939648	0.98382425	-0.30985546
0.6304988	0.17269444	0.18281315
0.7653451	0.74344903	0.11186097
0.23169726	0.37385082	-0.33409068
0.48888415	0.17631984	-0.9125902
0.54463124	0.3538444	0.5301486
0.5599666	0.16083217	1.252999
0.8139277	0.37836713	0.06836477
0.8526201	0.89193934	-1.6269438
0.7794025	0.6051274	0.78143966
0.66322476	0.5518956	-1.4618139
0.25382614	0.8898658	1.2790046
0.8607245	0.43330705	-0.031743012
0.4496523	0.56368	0.13355911
0.8948438	0.2912289	-1.3484975
0.91549635	0.8870344	-0.45954058
0.01540941	0.7130752	0.85947645
0.6784013	0.45671058	-2.251379
0.18624389	0.865777	0.5607671
0.077106655	0.079054475	0.19488044
0.8641703	0.5823183	-0.90961546
0.009956121	0.4904304	0.47596276
0.19976062	0.17646134	0.67200434
0.51374775	0.5098067	0.249441
0.4927755	0.9945639	-0.33103397
0.7051258	0.32403988	-0.3427052
0.6854008	0.26263762	-0.4880342
0.20482218	0.36379826	-0.42100793
0.42445934	0.018296778	-0.39252692
0.08500236	0.01395005	0.083781525
0.73075473	0.52578175	-0.39153406
0.5426976	0.51908827	0.5628169
0.44793272	0.13698745	-0.048554435
0.56342804	0.63213027	0.21114174
0.33964753	0.1754607	-0.093768075
0.16915238	0.23481381	-0.46691585
0.9061207	0.50409245	-1.2124068
0.44485587	0.7361101	0.0731328
0.41892886	0.50295	0.3645423
0.72453314	0.7897059	-0.693076
0.39905143	0.32345295	2.023452
0.80418783	0.08452308	0.8937177
0.9845763	0.3704245	1.2337191
0.5021944	0.62963164	0.0043816827
0.30429882	0.42955303	-0.1526789
0.44803572	0.18587327	0.026231082
0.28146034	0.9824417	0.28627938
0.63835436	0.7300128	-0.4925458
0.88165635	0.9999857	-1.1335504
0.76282024	0.5573565	0.6407622
0.19114876	0.5655611	-0.33849025
0.82046235	0.099048376	0.81930596
0.26361352	0.27060455	0.42378104
0.9708244	0.7477943	-0.96811306
0.69103444	0.41981518	-2.0142326
0.31705105	0.027212799	-0.89627564
0.8149995	0.24026304	0.29080322
0.666629	0.3415823	-1.2715653
0.20486116	0.9744939	0.96383053
0.16730976	0.89672613	-0.2503251
0.20930892	0.755394	1.1409774
0.7569395	0.6862632	0.5811058
0.97770524	0.80877006	-1.0107931
0.23830378	0.7571821	1.3915894
0.16371012	0.2767439	-0.49149847
0.13043535	0.5585644	-0.99763125
0.5434544	0.10600191	0.7046603
0.08380616	0.9061667	0.04173319
0.6393244	0.8003043	-0.56516916
0.58346045	0.6932807	-0.21012205
0.33817816	0.8050261	-0.31173053
0.5086463	0.13387811	-0.40938258
0.80679226	0.41460568	-0.21222606
0.1909864	0.0034396648	0.9943212
0.93657583	0.5551361	-0.4957185
0.6056948	0.65080225	-0.7042875
0.13189715	0.35696185	-1.3344119
0.15420622	0.3176484	-0.5723066
0.20338851	0.48197412	-0.64912194
0.17313033	0.33630842	-0.5022344
0.14520663	0.5687514	-0.47497874
0.07671332	0.23958921	0.3895687
0.35760164	0.79420704	0.21669827
0.41502142	0.37008852	1.3642337
0.62623006	0.8244707	-0.9013476
0.8938062	0.9544586	-0.95359474
0.45679486	0.61247885	-0.06498417
0.89282024	0.54316694	-1.164226
0.49904144	0.1795255	-0.840419
0.5631236	0.44771105	0.1976071
0.04258406	0.018448114	1.3848875
0.061212957	0.7009457	1.3037728
0.24637264	0.90550613	1.4199581
0.8361719	0.38395792	0.6121973
0.54156464	0.2771274	0.63828486
0.6565025	0.238096	-0.4440746
0.21578193	0.40516603	-0.6448938
0.17502761	0.068680406	0.3568627
0.15821314	0.68041	0.17227325
0.4963225	0.8544303	-0.17616414
0.8653179	0.085844874	-1.0957843
0.1556179	0.9328581	-0.5455846
0.14654434	0.40053904	-0.8512357
0.56635547	0.477323	0.028325014
0.1398831	0.5981178	-0.39934233
0.9279263	0.24311078	-0.3506001
0.075406075	0.8433977	0.72328156
0.18755263	0.32033867	-0.53368914
0.77358717	0.62052584	0.9091147
0.90185416	0.93185073	-0.6745238
0.9859904	0.058864832	-0.8138145
0.29627144	0.3292464	-0.26817426
0.52955616	0.12621248	0.21424255
0.08754784	0.85593075	0.18796118
0.2709087	0.73672295	0.12290664
0.58533585	0.17970133	1.0427722
0.9630086	0.16691148	-0.7299444
0.19100243	0.7787608	0.61050993
0.84345543	0.43697083	0.34682184
0.4515823	0.12304598	-0.12393696
0.36600113	0.3639816	1.0820456
0.7617737	0.9076741	0.1364662
0.7209933	0.8755696	-0.5713012
0.9050884	0.03595209	-0.80618614
0.58275455	0.93805224	-1.0421005
0.01848203	0.5757308	1.1651088
0.3948769	0.7853979	-0.40448985
0.38993734	0.408135	1.451437
0.5544786	0.916762	-0.3892074
0.9256017	0.5788584	-1.0073166
0.2447483	0.7808842	1.5112007
0.23351055	0.85613275	1.8838265
0.7574254	0.8047436	0.04559796
0.80818	0.108916104	0.78637993
0.51711816	0.95924747	-0.17731486
0.575237	0.85556895	-0.7576171
0.6588308	0.12674314	0.1397397
0.2062341	0.4618835	-0.7138092
0.022687852	0.72762454	1.0225711
0.050970137	0.5976674	1.2088062
0.106206596	0.4745478	-1.5763403
0.48440158	0.2870853	-0.5733613
0.91614974	0.34755033	-0.6557961
0.60311216	0.92121476	-1.009261
0.90622973	0.9258352	-0.54717267
0.01980567	0.63555056	1.3453552
0.6706433	0.017043233	0.21113238
0.8756258	0.9608942	-1.3814696
0.59133863	0.2630996	0.76274586
0.99152374	0.1170373	-0.8405924
0.82241267	0.092710435	0.91489434
0.12583995	0.636554	-0.487245
0.23132992	0.46056443	-0.87441134
0.38545424	0.44027728	1.1235915
0.0580858	0.025802672	0.9574346
0.21910036	0.11998463	1.6224184
0.15569168	0.91991067	-0.5031532
0.2065019	0.72293633	0.819028
0.78045833	0.031911075	0.7033967
0.627358	0.9511045	-0.5300839
0.48752886	0.8645468	-0.26682132
0.35633886	0.7264227	0.25525248
0.6982624	0.21839601	0.06818626
0.39400798	0.8631998	-0.7424253
0.8729912	0.70312065	-1.8509108
0.10916984	0.90317243	-0.5320848
0.069574356	0.68469286	1.0519602
0.53268427	0.64804494	0.28922582
0.5578224	0.10412198	1.1357588
0.8387659	0.7891643	-0.79604983
0.26576442	0.021095634	0.5502374
0.07145977	0.22259074	0.6856181
0.6238739	0.55705476	-0.2238863
0.88426775	0.4904086	-0.71437824
0.7312507	0.29604357	0.065881476
0.5745531	0.038333774	0.9698837
0.06971341	0.24915087	0.8191886
0.23440593	0.46100014	-0.86110663
0.6084571	0.11761016	0.71121764
0.7325417	0.8399331	-0.38693485
0.03935367	0.5764908	1.163868
0.19102728	0.9886307	0.43056157
0.9701181	0.69410664	-0.4772113
0.8899305	0.6150792	-1.3714077
0.6768235	0.7680607	-0.48201343
0.2463234	0.38192677	-0.42865723
0.06716108	0.90045744	0.35027918
0.33257854	0.21399242	-0.23746836
0.65283597	0.6372587	-0.689629
0.67819554	0.7794905	-0.5137574
0.77821136	0.49722522	0.050301336
0.47274876	0.51111996	-0.10762729
0.21778506	0.39677572	-0.5971871
0.4748788	0.1707145	-0.5239946
0.13420409	0.5344612	-1.1035349
0.108588636	0.6890714	-0.21147786
0.38339955	0.33380038	1.8585789
0.9965389	0.011089981	-0.63393056
0.9957233	0.11490846	-0.8013457
0.84051675	0.95097566	-1.8135619
0.21053487	0.96706456	1.0883535
0.48666787	0.6869493	-0.36081994
0.99806935	0.7880825	-0.27778658
0.49687684	0.83315915	-0.21356198
0.56056195	0.6590002	0.09976812
0.682203	0.92983186	-0.7813808
0.35995328	0.08863336	0.38026494
0.3415525	0.9831898	-0.89062566
0.22249407	0.5700599	-0.5801183
0.46596622	0.0821504	-0.39908066
0.22608626	0.8740342	1.8067122
0.08234781	0.92373806	-0.07910934
0.07788253	0.7322372	0.7708007
0.14344305	0.34747404	-1.026747
0.7054401	0.27391344	-0.10970411
0.4579376	0.72702384	-0.0791265
0.40121782	0.11190784	0.24966766
0.14087737	0.8752428	-0.52074623
0.8314947	0.16924435	0.47958353
0.063396335	0.6269307	1.0455347
0.62640524	0.044050157	0.66459256
0.38846755	0.77196395	-0.31696233
0.16411746	0.93936217	-0.41528788
0.31532627	0.6404614	-1.3481715
0.694081	0.93683416	-0.72081536
0.20726782	0.9370006	1.2775711
0.45173436	0.7440195	-0.04348036
0.17365539	0.032641888	0.30224082
0.8169717	0.40253162	0.24221401
0.43680102	0.5434734	0.42385203
0.59311306	0.42509025	0.2452864
0.49683726	0.05242461	-0.32182202
0.64801097	0.36125535	-0.62145936
0.54412144	0.6817896	0.153778
0.2747714	0.39900386	-0.0092961835
0.12394041	0.6064278	-0.7004067
0.3263458	0.71246517	-1.023018
0.6500818	0.20050496	-0.17831789
0.44477558	0.9406291	-0.3354687
0.46903497	0.53436387	-0.07903591
0.22019899	0.8906329	1.7312633
0.66066647	0.5434132	-1.3277178
0.80981797	0.77532446	-0.9325314
0.1456849	0.5452365	-0.6089801
0.8082645	0.86023283	-1.627429
0.95440984	0.4235552	1.2356977
0.5525677	0.07970309	0.86069345
0.9704753	0.57642937	1.0514336
0.01773262	0.26510537	0.7302143
0.5960181	0.071979284	0.7207874
0.39421725	0.9523769	-0.9619505
0.42670786	0.83410084	-0.03208431
0.785647	0.48097026	-0.17622477
0.67381626	0.1873194	0.010144124
0.6296319	0.59909666	-0.43571678
0.47931868	0.5076466	-0.1809541
0.28059548	0.9666506	0.346474
0.37269074	0.19875461	1.1377863
0.62278	0.78071994	-0.9072542
0.41458184	0.33874846	1.5847094
0.32661462	0.7541756	-0.87760174
0.032355726	0.11575848	1.1411767
0.81921583	0.051436424	1.0306007
0.4984609	0.36078614	-0.24384654
0.47283125	0.2962181	-0.27478918
0.56557345	0.2241711	1.3046349
0.57215977	0.10925716	1.0054116
0.15153927	0.565391	-0.35034055
0.68849593	0.56495583	-1.8822674
0.4115621	0.98216313	-1.0447928
0.14180136	0.13565916	-0.8804294
0.8751949	0.9924596	-1.2986948
0.6130241	0.17889494	0.33427
0.56476516	0.79598856	-0.5547407
0.56041604	0.8581855	-0.4933431
0.08614063	0.52493995	-0.2505383
0.74647933	0.3255366	0.33298272
0.82451624	0.5602442	0.17953195
0.9680142	0.18997687	-0.4469858
0.4863807	0.701701	-0.31876394
0.69719297	0.19003141	0.18248633
0.7485321	0.77988267	-0.09211674
0.950917	0.3035906	0.4118906
0.24801207	0.30954278	0.3173992
0.42702174	0.633436	0.41130432
0.6976153	0.66975915	-1.1188176
0.81297827	0.48531485	0.09144574
0.6272834	0.2639135	-0.090012215
0.06913769	0.6856331	1.0744717
0.77329075	0.5266748	0.34235933
0.39658207	0.34772778	1.9257364
0.06804377	0.037581503	0.50822234
0.07440162	0.41478038	0.08206308
0.12052894	0.36268717	-1.7120756
0.8326715	0.44244194	0.59801257
0.4251743	0.59610045	0.52927905
0.09990114	0.46132356	-1.3481817
0.97488093	0.37641013	1.4618766
0.3754499	0.84852535	-0.40629753
0.18921411	0.2121731	0.1607599
0.026592731	0.601183	1.3160359
0.78062594	0.857605	-0.5506661
0.9512397	0.77038866	-1.6039622
0.1621533	0.48410255	-0.17715842
0.1296944	0.3618996	-1.5002606
0.8117831	0.86440516	-1.6638685
0.6524856	0.20675212	-0.2314355
0.33731133	0.89732116	-0.7446812
0.03420949	0.9473715	0.45661768
0.5960686	0.11697793	0.7132509
0.077459574	0.09447241	0.17328286
0.022768557	0.18375349	0.86825365
0.7195634	0.47970456	-0.9891524
0.58487004	0.804108	-0.73992395
0.941035	0.30430645	0.19278957
0.9429787	0.30493897	0.22994931
0.13907373	0.33561438	-1.1503422
0.7258065	0.0373168	0.31097418
0.9095711	0.99029714	-0.37489098
0.50006413	0.38414347	-0.20612678
0.0023215413	0.110706866	0.8443208
0.7829677	0.123663306	0.3477829
0.58248746	0.308546	0.6723709
0.21857285	0.06676161	1.6766696
0.8285737	0.88980824	-1.7892629
0.022114873	0.9690726	0.38033912
0.07751185	0.6732524	0.6796992
0.24419183	0.2793581	0.59456784
0.0400939	0.7756522	1.4026847
0.061838627	0.4378472	0.5874804
0.6205294	0.3395627	0.109220065
0.04475826	0.95166487	0.12196494
0.46337438	0.16336483	-0.27803478
0.28077233	0.9172085	0.38581172
0.5866583	0.0357458	0.68097425
0.68545085	0.3518284	-1.3395498
0.8410512	0.117290795	0.16749744
0.3628741	0.06562668	0.38792992
0.42114264	0.87688154	-0.42329133
0.28817934	0.9555434	0.25060415
0.16500622	0.37847733	-0.34187385
0.30361295	0.5833034	-1.1467774
0.8673553	0.09776932	-1.2702801
0.9350952	0.7185092	-1.2637472
0.92829823	0.978405	-0.27250877
0.6881964	0.7151428	-0.9142375
0.895379	0.041590154	-0.8664464
0.7112433	0.37158936	-0.7197672
0.6387866	0.32694542	-0.39635816
0.39312553	0.026252806	0.017522773
0.817478	0.6726417	0.051683024
0.8134994	0.8277117	-1.4401177
0.96551085	0.35532928	1.1857378
0.9703166	0.24639797	-0.07667256
0.11369908	0.41633517	-1.6978116
0.10905385	0.7948814	-0.2851175
0.16697145	0.09671301	0.021025319
0.934907	0.099250615	-0.664155
0.28225404	0.5690766	-0.81689274
0.52097696	0.13459343	-0.06115822
0.7213106	0.04671371	0.23682533
0.28692406	0.14686573	-0.41303486
0.67777187	0.15281016	0.25224757
0.941135	0.75112695	-1.3210063
0.09321463	0.062220395	-0.110332124
0.5200763	0.3111843	-0.28816214
0.99787295	0.26396614	-0.09421892
0.43333334	0.0737623	-0.21848981
0.4328544	0.099820435	-0.12519604
0.5186021	0.26221567	-0.25425422
0.56086135	0.13945115	1.2461116
0.7897679	0.17965192	0.076876506
0.088846564	0.61320734	0.12003829
0.24772537	0.47204226	-0.7926836
0.11025089	0.5063333	-1.3584106
0.35512358	0.55965465	0.034207687
0.5235368	0.22708774	-0.049947158
0.4861226	0.9225244	-0.21135563
0.5175868	0.40331805	0.024726849
0.65114933	0.96601427	-0.5918232
0.40086544	0.03392613	-0.16509193
0.3641833	0.1642955	0.71789783
0.029420257	0.03605795	1.2735955
0.021375358	0.7007959	1.0605562
0.32100075	0.99308354	-0.34848717
0.98834056	0.951887	-0.3116401
0.39187562	0.52169824	0.44333693
0.40172446	0.3117671	2.0509737
0.7603629	0.98071676	0.06447044
0.72594106	0.17608482	0.30156717
0.5452835	0.18119091	0.729781
0.84444726	0.5426953	-0.21459153
0.77893853	0.49442714	0.020325623
0.8041878	0.26018798	-0.0013197772
0.4151131	0.3649748	1.4160626
0.44060212	0.5465527	0.37925965
0.29402012	0.36722195	-0.1666506
0.94326496	0.18710291	-0.5509924
0.77760136	0.5460409	0.512456
0.6948909	0.39190698	-1.574215
0.86403733	0.54312104	-0.6070981
0.7642727	0.17428643	0.4999069
0.11940628	0.38758618	-1.6641233
0.7533522	0.28137445	0.451553
0.55834156	0.25885493	1.2182045
0.6766885	0.4905511	-2.1792426
0.07436484	0.22604215	0.59015787
0.19326842	0.31619543	-0.41349527
0.18104988	0.084658384	0.5282729
0.9244991	0.9388731	-0.25434735
0.16652936	0.476394	-0.08450142
0.037110984	0.8967377	0.90090156
0.11799574	0.34305012	-1.6790323
0.39493883	0.9491624	-1.0075871
0.48916054	0.16474414	-0.85473794
0.46474165	0.83479345	-0.24095227
0.40359324	0.61104935	0.24008496
0.3838489	0.1016165	0.57531536
0.5842019	0.22902143	1.0341617
0.6938121	0.14258158	0.22773223
0.63575214	0.33058792	-0.2558461
0.4915818	0.919391	-0.09452487
0.53836846	0.5592442	0.62417257
0.27176517	0.58226645	-0.6522688
0.9341961	0.5082993	-0.4287349
0.86957145	0.9392261	-1.5196776
0.9291807	0.50835925	-0.6847867
0.6541579	0.77793384	-0.2494535
0.3208441	0.87354165	-0.60765046
0.8381754	0.6297105	-0.17936866
0.7907648	0.7889383	-0.68846405
0.91171044	0.19925845	-1.1276835
0.2788226	0.60094494	-0.69406545
0.3009342	0.60579866	-1.300364
0.9798936	0.2092095	-0.42137703
0.9563713	0.6787763	-0.9096557
0.68718344	0.5198497	-2.1887357
0.41447848	0.20489919	0.9897547
0.06986225	0.41909897	0.26234213
0.68730646	0.836017	-0.8342121
0.3475986	0.07699698	-0.06188527
0.55996525	0.21996081	1.3028282
0.40656787	0.8548946	-0.68094486
0.2746942	0.6968044	-0.2839771
0.3867892	0.36638945	1.7728809
0.20278376	0.8230362	1.3716279
0.21443796	0.8616973	1.7718036
0.4228496	0.28912628	1.2268562
0.54685307	0.83721614	-0.20800339
0.06760299	0.12785053	0.72215915
0.7643891	0.6027022	0.86729145
0.97321683	0.97433156	-0.36828107
0.78598166	0.4056971	-0.64055127
0.20804697	0.94263214	1.2485023
0.7783818	0.17629725	0.15648903
0.44746625	0.6134212	0.09081447
0.5249156	0.3322143	-0.0069653667
0.2708245	0.84425974	0.8170154
0.6700022	0.111209035	0.27266282
0.6272215	0.02371502	0.5729641
0.41431665	0.009619772	-0.48457834
0.6534249	0.24904114	-0.42814603
0.10858178	0.31078577	-1.4683836
0.3469882	0.6805661	0.002517711
0.15891969	0.9027184	-0.44564626
0.14322233	0.39532125	-0.96758753
0.9236312	0.8123695	-0.7091437
0.35517186	0.050284743	0.04870373
0.83520174	0.89251155	-1.7461032
0.2286033	0.6256533	-0.07453171
0.5107575	0.5968316	0.18890521
0.1529187	0.5509841	-0.3240902
0.1401028	0.11203104	-0.98038787
0.31636947	0.5259476	-0.8198501
0.15770566	0.8657971	-0.35858288
0.73759407	0.8937354	-0.110422656
0.13497144	0.8861761	-0.59533924
0.9876756	0.53896844	1.3686242
0.6572278	0.4539839	-1.1548223
0.46273798	0.047665477	-0.4794501
0.591187	0.19713622	0.9065632
0.6903601	0.64524734	-1.2677861
0.84548604	0.7479366	-0.70899355
0.22393906	0.8711721	1.834059
0.53915894	0.7828164	-0.029640183
0.5547691	0.28482342	1.0617846
0.6525849	0.87398815	-0.43808058
0.2852717	0.1992178	-0.32852146
0.6738648	0.3006878	-0.86982596
0.3458991	0.71432596	-0.079988495
0.21985376	0.54989326	-0.78370875
0.8482244	0.44267732	0.13532548
0.9806512	0.87553895	-0.94882023
0.12648618	0.8426071	-0.4389886
0.434228	0.59307563	0.3111509
0.09108126	0.45952708	-0.8365228
0.840321	0.40957457	0.5388729
0.62257814	0.8426573	-1.0139794
0.5189973	0.57152486	0.34212017
0.25429958	0.29050452	0.492222
0.73475736	0.36093408	-0.08828959
0.6098411	0.1483919	0.58357745
0.3771512	0.95444596	-1.0619136
0.7018715	0.9554864	-0.57818687
0.120419204	0.58760184	-0.8066652
0.612036	0.5644367	-0.2762104
0.5057655	0.36082625	-0.3281314
0.16060191	0.29348767	-0.508081
0.3392685	0.30688107	-0.24452233
0.48834705	0.31050903	-0.45314258
0.7398244	0.7665331	-0.37058425
0.9048565	0.4136334	-0.9439452
0.6896864	0.8995217	-0.80399466
0.39126468	0.48260158	0.7413915
0.3328399	0.8403074	-0.5613683
0.6692261	0.7345761	-0.6489889
0.7814841	0.109631956	0.3909984
0.0060513616	0.23728257	0.79914355
0.2756546	0.105572045	0.17168905
0.7728071	0.05843097	0.6134058
0.7435081	0.22488296	0.50241375
0.029456496	0.5143986	0.8103465
0.65432215	0.74875027	-0.23238507
0.7885253	0.09099245	0.41045558
0.60884094	0.25259173	0.58965176
0.47021055	0.30784696	-0.25643823
0.49455404	0.67361736	-0.20580712
0.8196362	0.05188054	0.9650915
0.12607682	0.5191127	-1.2692618
0.89055836	0.43954074	-0.75660396
0.28109384	0.20133662	-0.10243056
0.37535882	0.99396765	-1.0968578
0.59344923	0.2376768	0.85318613
0.61321557	0.7334791	-0.8772997
0.42973453	0.42483306	0.45254597
0.2673912	0.021650136	0.46907583
0.015559256	0.39250046	0.21935529
0.65504414	0.90103865	-0.5125143
0.57202697	0.26492554	1.1209753
0.21052516	0.41897708	-0.6417327
0.66236275	0.8158462	-0.22390108
0.6114503	0.9345113	-0.93076575
0.30945337	0.873584	-0.4219344
0.11066884	0.18128884	-0.98586065
0.8570084	0.20092487	-0.7242916
0.8184661	0.2274881	0.44697607
0.78818417	0.31508857	-0.5422442
0.48488528	0.5276304	-0.25774288
0.1588096	0.7733665	0.06772009
0.38662624	0.11855191	0.53069216
0.10853422	0.09192538	-0.50192803
0.2673837	0.17006755	0.5717579
0.72618777	0.06619799	0.35279816
0.3600042	0.042764664	0.21896599
0.55680805	0.982715	-0.39525142
0.42670584	0.9669831	-0.87496513
0.25803322	0.2357639	0.73087704
0.9708518	0.88593704	-1.041232
0.8350375	0.75465393	-0.4705814
0.22841406	0.16144311	1.633143
0.6272176	0.4467979	-0.024703346
0.97115654	0.18348521	-0.52845013
0.7363522	0.7497285	-0.3691288
0.5524721	0.3302288	0.7618802
0.1785543	0.8305448	0.20441842
0.9184545	0.771246	-1.0067959
0.1122753	0.4095888	-1.668388
0.57722944	0.14384013	1.0177296
0.13233334	0.67826694	-0.19427913
0.5228948	0.49616402	0.30163488
0.93524176	0.1731826	-0.6377793
0.43845105	0.1947481	0.29366216
0.60766554	0.67087835	-0.7606802
0.4286502	0.7481379	0.15293397
0.32287383	0.5919176	-0.990573
0.72084224	0.7957846	-0.76268226
0.37360507	0.57231987	-0.03146233
0.08997482	0.37976784	-0.6703362
0.3337962	0.41051894	-0.19149657
0.8247129	0.54764104	0.14881663
0.9162913	0.2901737	-0.6544426
0.41307425	0.42979282	0.8151926
0.20366025	0.55421144	-0.5413437
0.50301963	0.48047578	0.040092796
0.56488585	0.6643871	0.011986049
0.19334984	0.103968084	0.71194386
0.12278247	0.29893267	-1.6835389
0.52118504	0.59384286	0.4024263
0.50628054	0.5962955	0.103038706
0.12894326	0.03361529	-0.9815519
0.52239263	0.35967016	-0.010646515
0.31403923	0.9166033	-0.39887056
0.017347515	0.93135077	0.6714363
0.37829012	0.37127942	1.4880342
0.80446035	0.8114507	-1.2138324
0.12871736	0.5476237	-1.1143522
0.47279435	0.6067863	-0.2801499
0.09235275	0.3560133	-0.7294262
0.58230186	0.94116074	-0.99058187
0.6885899	0.8077292	-0.76103187
0.6289869	0.8216948	-0.8295652
0.39988947	0.7618143	-0.3293155
0.098657966	0.26064092	-0.77258664
0.8888333	0.5721155	-1.2485377
0.9953876	0.1876294	-0.50004
0.14191216	0.89913905	-0.59122926
0.37598068	0.39252317	1.3256974
0.5345397	0.8663302	-0.10596064
0.065185964	0.7168872	1.1883112
0.6635322	0.47480148	-1.6091019
0.28885466	0.32559526	-0.09177853
0.17317247	0.091926694	0.21121563
0.56125927	0.76087487	-0.34018362
0.93441164	0.6821983	-1.2230158
0.106236756	0.75236404	-0.21053657
0.45506537	0.21420002	-0.06969564
0.665828	0.19252592	-0.103239916
0.3717236	0.2950309	1.5448025
0.1888851	0.7073465	0.18393199
0.20296592	0.9692571	0.9854518
0.6084424	0.15197313	0.5905615
0.15463209	0.83352834	-0.2597984
0.7415076	0.27970564	0.33259305
0.73719025	0.86282176	-0.20126733
0.2573653	0.7660018	0.84409267
0.6652133	0.6244894	-1.2378607
0.4999162	0.16602176	-0.7094906
0.44292402	0.7034531	0.19326213
0.16026247	0.045517087	-0.31282637
0.25506717	0.63843226	-0.15255809
0.22855467	0.38715255	-0.46077648
0.29086733	0.9915362	0.14596789
0.7986292	0.5067664	0.06520387
0.0054439306	0.005314529	0.9451069
0.008965433	0.5697259	1.027136
0.42800456	0.26977485	0.99087954
0.431073	0.20724851	0.62521404
0.1218037	0.10400599	-0.91550833
0.81094253	0.75907874	-0.7166631
0.012675583	0.19595426	0.87208724
0.8531155	0.23604965	-0.27186194
0.15774417	0.6678853	0.23154286
0.5323539	0.3955937	0.374081
0.82360876	0.8883219	-1.8028322
0.7111041	0.0996272	0.11592844
0.43136245	0.3847844	0.71041983
0.6658281	0.045126975	0.2543087
0.8962885	0.3640458	-1.0922256
0.21158421	0.018735528	1.6381537
0.15137309	0.96009684	-0.55057454
0.38840216	0.63454425	0.004843792
0.86985916	0.26787812	-0.90424913
0.80037427	0.7724731	-0.75578916
0.32050794	0.29995	-0.4871969
0.5282086	0.93036366	-0.28010514
0.23585063	0.8321208	1.930581
0.81197596	0.99373	-1.6694591
0.34119028	0.86231977	-0.6054846
0.63589185	0.42175686	-0.25776547
0.5895226	0.018436193	0.68236965
0.07091558	0.47729945	0.3196338
0.1171903	0.47842306	-1.4623588
0.6200717	0.7613581	-0.95074725
0.6974401	0.26179993	-0.19478336
0.9028299	0.12744093	-1.4347574
0.34938902	0.54598844	-0.04943913
0.4768598	0.18845886	-0.55886006
0.033605337	0.44921595	0.45679066
0.44716698	0.28449845	0.35972598
0.15958351	0.050603986	-0.37728637
0.4605831	0.4347756	0.06700821
0.058275282	0.37069654	0.72138745
0.9592187	0.19164032	-0.52216774
0.2689966	0.16081572	0.540631
0.790517	0.63197154	0.34898984
0.23646271	0.952457	1.2188655
0.44973093	0.8890194	-0.10204998
0.30586505	0.8074798	-0.78021264
0.90142816	0.34780502	-0.9950342
0.21901459	0.38029563	-0.45685792
0.7415584	0.091965854	0.56420916
0.65274554	0.5493891	-0.7005378
0.99807686	0.29127645	0.118805975
0.29840362	0.69383705	-1.1941847
0.53696036	0.8420647	-0.1538474
0.1270433	0.1156469	-0.9947618
0.6336552	0.092819214	0.3841576
0.35639358	0.39148766	0.5713937
0.8713266	0.9237543	-1.5428452
0.11332965	0.26598185	-1.3306929
0.33896202	0.8767797	-0.69564086
0.77844155	0.042506576	0.6610085
0.31447327	0.8966624	-0.4723925
0.9700955	0.72529644	-0.7836097
0.041169047	0.021187425	1.3349717
0.016899824	0.9923077	0.35994226
0.5454778	0.83889335	-0.22218676
0.8105013	0.88999885	-1.7700286
0.413563	0.28730094	1.5741554
0.4800989	0.9242508	-0.33882174
0.94525737	0.48524672	0.4765135
0.87578714	0.83573234	-1.7573097
0.08929008	0.32801592	-0.49583572
0.6217625	0.41982883	-0.049875125
0.99666	0.3541085	0.65615743
0.012650013	0.018639207	1.0302883
0.6041284	0.82609665	-0.74633616
0.42661756	0.37160128	0.928305
0.3520409	0.92419547	-0.91751355
0.12577313	0.4567799	-1.4828241
0.7663	0.057780743	0.4903053
0.8908606	0.5617127	-1.2037473
0.13865572	0.41546786	-1.155417
0.51132613	0.4083274	-0.09826487
0.4834383	0.7342771	-0.3447312
0.058222055	0.56387955	0.90800685
0.49344987	0.47014982	-0.06624627
0.71242374	0.21025711	0.07884627
0.65182555	0.78956854	-0.27797562
0.7491813	0.6841292	0.39530513
0.9011947	0.58066547	-1.2595139
0.71900564	0.21815479	0.20402864
0.2679965	0.6063613	-0.46941483
0.98234975	0.6705383	0.12994069
0.6162051	0.40667576	0.101720184
0.54215026	0.7647298	-0.032782793
0.22355974	0.6660081	0.52368987
0.14744174	0.9630024	-0.58547807
0.10785997	0.49072045	-1.5171341
0.03386265	0.28843486	0.9003416
0.06840825	0.32436264	0.48847315
0.19580525	0.6237604	-0.11387718
0.6476971	0.20529288	-0.08885233
0.4186014	0.5059031	0.33666652
0.20520365	0.41499043	-0.62115335
0.7693976	0.3209902	-0.30731323
0.8660287	0.51654065	-0.3718349
0.4244498	0.33035874	1.1753515
0.5719984	0.40364975	0.13450328
0.7772729	0.7069445	0.31395787
0.13848352	0.9482726	-0.5226069
0.4526919	0.6189085	0.031192435
0.64907444	0.62608457	-0.63859147
0.999362	0.35529536	0.6981823
0.63313717	0.8918896	-0.7115885
0.6106828	0.729078	-0.8330876
0.5847623	0.8685598	-0.9153616
0.0012027621	0.5079109	0.550336
0.013982534	0.34784108	0.489782
0.65289366	0.62813395	-0.80667317
0.23957741	0.16099155	1.6236557
0.077762604	0.121456385	0.23960489
0.1608336	0.35688078	-0.39327857
0.5358264	0.05246669	0.5332169
0.79316765	0.6476784	0.24153443
0.048347294	0.3336566	1.1236624
0.97219014	0.06135267	-0.89543533
0.17619663	0.55627006	-0.00910656
0.356225	0.8244271	0.021330683
0.78419584	0.024901211	0.7727965
0.97280645	0.5722453	1.2192888
0.30674517	0.2673635	-0.4209726
0.16128272	0.68838733	0.238133
0.21276104	0.9992066	0.9159356
0.6290565	0.88775	-0.86986935
0.41325748	0.6378357	0.5363288
0.042810142	0.16696197	1.1992209
0.27316523	0.643136	-0.43365324
0.07477301	0.6843443	0.88699114
0.99251527	0.98127663	-0.29343414
0.34590417	0.34196907	0.11141238
0.36029315	0.79851174	0.17025372
0.87035507	0.51771164	-0.46844104
0.4680935	0.40474284	0.026417257
0.23444039	0.9815503	0.9679305
0.40541446	0.08525807	-0.018047124
0.9758149	0.08853519	-0.8707566
0.7244383	0.9646015	-0.05124301
0.32288438	0.8886289	-0.6155462
0.5971122	0.15630335	0.83516276
0.18021566	0.17085528	0.06379422
0.23815906	0.16931814	1.5852809
0.38552135	0.82161105	-0.4739469
0.34367996	0.60486525	-0.2205239
0.6396907	0.80808544	-0.54677695
0.1161437	0.8728074	-0.47986162
0.64646244	0.50501835	-0.3208179
0.83024204	0.33620542	0.58273387
0.49693066	0.9113134	-0.071119055
0.7188197	0.9911177	-0.16458392
0.668672	0.03374511	0.18147777
0.305995	0.50738865	-0.7070018
0.93825805	0.87159157	-0.635894
0.4886095	0.4600324	-0.05367481
0.75954926	0.15226144	0.6304754
0.26726127	0.7448196	0.25430292
0.26055282	0.8225191	1.1243076
0.83531606	0.0063732266	0.5459397
0.3314709	0.829963	-0.5321863
0.7249621	0.40247804	-0.58373487
0.93561023	0.5793443	-0.65482384
0.5396602	0.4401825	0.40111536
0.50509286	0.109630585	-0.40183628
0.3957926	0.9820171	-1.019431
0.37689728	0.7048088	0.004252609
0.89697564	0.5098425	-1.1524421
0.7988274	0.23730564	0.026118802
0.74187714	0.58243275	0.2572263
0.83273906	0.6989111	-0.2154636
0.6090956	0.1395905	0.58868456
0.11846948	0.53500324	-1.2608075
0.010097861	0.74942786	0.46685135
0.118647516	0.36290544	-1.7061108
0.23547184	0.72540665	1.1456858
0.9095055	0.8629495	-0.7473034
0.27877212	0.10380852	0.019259728
0.80320203	0.24446225	0.04520537
0.004136622	0.7262297	0.43987563
0.106398046	0.33331937	-1.4069092
0.19821584	0.56116295	-0.43175638
0.28192687	0.59170717	-0.78848827
0.11705732	0.5607191	-1.0015287
0.7847788	0.9865011	-0.71933633
0.6177769	0.324072	0.18804845
0.14585304	0.37100482	-0.8790132
0.20416862	0.7655618	1.0191004
0.82548845	0.4302802	0.5119614
0.5127424	0.2812813	-0.39102292
0.61733806	0.6922055	-0.6980358
0.45310742	0.75023997	-0.04613273
0.53319603	0.7758557	0.025963634
0.49202633	0.53745174	-0.19469161
0.49477142	0.94308186	-0.14878285
0.775832	0.07355726	0.53481096
0.7028373	0.9708584	-0.5027261
0.7477261	0.46990722	-0.015040416
0.8494879	0.7342708	-0.9510871
0.18045235	0.41337395	-0.2279639
0.4388492	0.6500832	0.19289753
0.33271527	0.778929	-0.54973125
0.1326971	0.6338626	-0.49326572
0.1754353	0.69884676	0.22439088
0.2663892	0.56333303	-0.5879571
0.14844549	0.17495757	-0.66244733
0.30634493	0.32542187	-0.29991162
0.7054512	0.8510057	-0.8684286
0.35100812	0.2709363	0.19984096
0.1104731	0.20510358	-1.006851
0.41275412	0.73173004	-0.016855078
0.71452487	0.11385977	0.13284016
0.07996482	0.049700975	0.19405419
0.0624578	0.47169107	0.52773434
0.19307315	0.03763354	1.0608699
0.87176746	0.032646716	-0.76843125
0.01750952	0.97459906	0.44296616
0.10436618	0.32208264	-1.3050183
0.54427296	0.94915	-0.25980347
0.08045596	0.6619423	0.60862756
0.29055327	0.48711318	-0.51377124
0.94282705	0.668282	-1.0311311
0.16032308	0.6754058	0.25738156
0.078474045	0.24409503	0.35738367
0.9092029	0.28582335	-0.977049
0.8291262	0.5574351	0.081769995
0.3608215	0.8424952	-0.023936674
0.27171767	0.17935568	0.34302062
0.09767288	0.9469469	-0.32014215
0.7769243	0.69929147	0.3596089
0.04592222	0.3216616	1.112051
0.20001996	0.64242524	0.087263145
0.80798995	0.42658436	-0.06547418
0.52937096	0.024325907	0.36451006
0.76931036	0.7139294	0.34785622
0.6064757	0.8176965	-0.8253852
0.54670334	0.80572337	-0.27558213
0.38039184	0.83356464	-0.46786734
0.5546808	0.75288826	-0.30713
0.011874557	0.03993374	1.0229325
0.17755699	0.97058386	-0.07155448
0.100643754	0.7362727	-0.07141293
0.44754958	0.797612	-0.12104714
0.24839956	0.1977104	1.2766951
0.16760659	0.39016253	-0.3067673
0.68472725	0.2578261	-0.39069232
0.0896045	0.5544657	-0.2487854
0.022718072	0.93599886	0.6388694
0.42968917	0.1262759	0.086373016
0.5463517	0.94400376	-0.3022155
0.9591559	0.07041609	-0.87749225
0.88172877	0.17073649	-2.0041485
0.27009612	0.62437487	-0.44180351
0.4361561	0.75836307	0.12032394
0.4547869	0.458745	0.22028406
0.05401236	0.7173728	1.4259768
0.5073848	0.46932054	0.110334404
0.61177766	0.6608505	-0.70318943
0.70403415	0.8679674	-0.83340096
0.12369168	0.95166093	-0.41884524
0.99762636	0.03447467	-0.71876645
0.5910456	0.03842199	0.6612307
0.4905423	0.7605152	-0.24471112
0.45933807	0.37961793	0.043277696
0.14149296	0.5286124	-0.7772625
0.97807616	0.89360213	-0.79443294
0.70438945	0.009964526	0.058765188
0.106666625	0.7585008	-0.2000406
0.7569618	0.6779893	0.63490474
0.9672159	0.5662126	1.1394818
0.17264211	0.031234324	0.22168082
0.303474	0.6943387	-1.334255
0.6259576	0.7409322	-0.73504627
0.936743	0.17320496	-0.6684474
0.3783779	0.5265909	0.16297525
0.8788579	0.9007776	-1.4970684
0.7435782	0.8468751	-0.11323175
0.19838303	0.16716409	0.571027
0.9108528	0.6385547	-1.1737015
0.2725314	0.9040103	0.6993455
0.9414515	0.93736917	-0.43895033
0.14564037	0.048265755	-0.7326733
0.13166028	0.77378446	-0.1572775
0.016406596	0.11663103	0.98313993
0.33042282	0.82071364	-0.5215505
0.77568287	0.0005456805	0.71718204
0.10929656	0.8948011	-0.54450023
0.054734647	0.99827564	-0.2919383
0.91388685	0.8929752	-0.49274284
0.6651899	0.82338303	-0.30256775
0.37849915	0.33092976	1.6874113
0.42855436	0.21863347	0.7731582
0.372815	0.8031066	-0.050540376
0.2407561	0.7500969	1.2284089
0.7374062	0.62112933	0.14666152
0.8457837	0.4625066	0.116016164
0.93473655	0.09125161	-0.71618205
0.94215137	0.97741884	-0.33128718
0.806894	0.8306672	-1.40738
0.6716024	0.5528834	-1.7665676
0.42714494	0.17852503	0.5186654
0.7149581	0.439991	-1.2395936
0.8369884	0.55143344	-0.013979197
0.6141302	0.5131679	-0.15547454
0.4916597	0.15255976	-0.84121317
0.46863556	0.3094517	-0.17402993
0.68843544	0.19484192	0.14550875
0.44264668	0.5269269	0.32356635
0.2880599	0.075362146	-0.5995222
0.86208624	0.77525103	-1.547666
0.2885599	0.22154778	-0.34774768
0.38095152	0.22572112	1.570742
0.82898474	0.62141794	0.13878019
0.09661275	0.21389842	-0.47873965
0.7868408	0.5955994	0.5724096
0.9999877	0.5869432	0.9038032
0.057430565	0.73416376	1.4031786
0.49445063	0.42238402	-0.026032511
0.032396376	0.3261755	0.9427427
0.258057	0.70461935	0.30190492
0.059329867	0.09240502	0.86639553
0.4854706	0.10029101	-0.71827805
0.57466394	0.34617007	0.5356341
0.9942776	0.5529244	1.1841533
0.21619612	0.86107403	1.7539954
0.7130521	0.12901956	0.09063573
0.9250714	0.9343376	-0.2554866
0.3610471	0.6318491	0.09449693
0.5358337	0.683596	0.20753133
0.0028380156	0.6251037	0.96493953
0.11043918	0.8167358	-0.33357897
0.45362747	0.08939767	-0.39363194
0.9731818	0.79521346	-1.1381028
0.18108857	0.67405903	0.15191026
0.20947123	0.79861295	1.579452
0.7106162	0.5767551	-1.2325926
0.39385802	0.01998359	0.049865253
0.43638742	0.21898669	0.49499822
0.9589204	0.45589215	1.5998695
0.28195202	0.16870117	-0.16788362
0.5471853	0.6929789	0.022400323
0.741028	0.12182593	0.58349705
0.661479	0.3108558	-0.9120463
0.18993169	0.36380333	-0.5296313
0.17450917	0.79771304	0.12646797
0.38373548	0.37161785	1.6537956
0.17157543	0.8477949	-0.029320808
0.3942485	0.68014365	-0.08055242
0.17130846	0.08519709	0.17475383
0.5384366	0.7450105	0.05122967
0.9708167	0.6922602	-0.45279583
0.637667	0.5540287	-0.18682659
0.51886904	0.18165159	-0.17903502
0.4285094	0.67218757	0.35668534
0.51186293	0.8773977	-0.08593559
0.53705406	0.73028773	0.09262227
0.61923724	0.5368714	-0.24239999
0.124163926	0.700219	-0.17496039
0.50728583	0.6355869	0.15533528
0.5406661	0.14249599	0.5560836
0.041557133	0.3035853	1.0912795
0.41295755	0.5744276	0.4629714
0.5855743	0.34162462	0.37063622
0.19574708	0.2241624	0.30458298
0.07722366	0.9290362	-0.038826946
0.60776645	0.1625607	0.51775646
0.588431	0.09469706	0.64174086
0.587991	0.9996094	-0.9675727
0.6031174	0.51878387	-0.05020521
0.12634832	0.38552946	-1.514691
0.8791124	0.9275638	-1.3977512
0.51429826	0.8132216	-0.026966676
0.36703986	0.12505972	0.696596
0.533203	0.99714607	-0.36674145
0.367576	0.6721361	0.11379062
0.6590344	0.6460633	-0.9388198
0.523405	0.29530054	-0.15300106
0.31931245	0.5862802	-1.039931
0.66043335	0.2889573	-0.6968596
0.16823786	0.09238577	0.034631956
0.687652	0.2470519	-0.27692768
0.4173143	0.28283197	1.491784
0.7964816	0.21022362	0.0835523
0.93200094	0.8853451	-0.38999063
0.33124256	0.158099	-0.21881957
0.8788462	0.56354874	-0.98512286
0.7087359	0.71759224	-0.9787622
0.8949454	0.1278758	-1.6624146
0.47918147	0.09951502	-0.62868655
0.6882709	0.7101553	-0.94474405
0.72316635	0.22654319	0.22380793
0.68206584	0.9143233	-0.7317176
0.47847223	0.45715767	-0.016522877
0.57186806	0.335086	0.6422429
0.35903627	0.5952039	0.045387097
0.86842734	0.43790036	-0.26673132
0.08527976	0.28156084	-0.120871365
0.9566267	0.51494926	1.258361
0.2543249	0.76869535	1.0035629
0.33255273	0.22435427	-0.32563496
0.07152212	0.8505607	0.78041625
0.43656427	0.47770315	0.2548474
0.2635067	0.2715156	0.45050782
0.8024193	0.26739138	-0.057288513
0.7004826	0.18721282	0.16015008
0.41931295	0.3890252	1.0596434
0.6977914	0.22288358	0.0037558526
0.3434925	0.9211984	-0.8780415
0.40665513	0.30502528	1.8382272
0.21873015	0.65469617	0.30347753
0.060204685	0.29747438	1.0768899
0.26508713	0.64872956	-0.24984366
0.5238557	0.1143657	0.018462121
0.9968919	0.7945985	-0.37762848
0.2006911	0.45604414	-0.6548665
0.025677383	0.3531031	0.6041282
0.8660105	0.22649461	-1.0471721
0.62063485	0.8456172	-1.0203391
0.799602	0.78925985	-0.98500973
0.64496577	0.008713007	0.33141705
0.98021644	0.13629335	-0.731635
0.24262619	0.79260135	1.6252718
0.25082535	0.8337686	1.5658948
0.45458525	0.46684313	0.18825352
0.6058164	0.3877225	0.30285868
0.4763472	0.5064579	-0.16728392
0.59240836	0.9853802	-1.0917654
0.97125703	0.34056407	1.07954
0.824216	0.69237846	-0.015863605
0.51975703	0.22980767	-0.17360991
0.5036741	0.046813726	-0.1768029
0.60076916	0.83157855	-0.5845657
0.028984427	0.044151902	1.2417629
0.73388785	0.22112274	0.46627378
0.03259003	0.91911006	0.74631375
0.7635257	0.73336476	0.3531411
0.910104	0.2321189	-1.112967
0.16668576	0.26476312	-0.4940369
0.9646857	0.14303458	-0.83033097
0.5489165	0.876293	-0.2827022
0.23232949	0.8772434	1.767535
0.84443986	0.9384247	-1.7461255
0.080227196	0.37971193	-0.13204211
0.36999637	0.7977633	0.030748047
0.43597555	0.7357388	0.067231804
0.6030057	0.17246366	0.66047
0.23433971	0.30797344	0.22266902
0.83338624	0.4967909	0.30999056
0.9873908	0.25332963	-0.12962654
0.72615266	0.37795007	-0.3500443
0.43771392	0.21839684	0.35549167
0.9312129	0.959458	-0.29795703
0.47719485	0.92568	-0.35958332
0.24115884	0.89074177	1.6515172
0.915983	0.02305156	-0.7070991
0.53867215	0.3411026	0.43880758
0.40632868	0.69392645	0.099283904
0.5507875	0.9750867	-0.44724038
0.36942482	0.023635983	0.3870671
0.20701784	0.88612705	1.5645572
0.2564841	0.3181396	0.24153736
0.762273	0.7917431	0.047315843
0.43569535	0.12109804	-0.045081746
0.63177496	0.11540979	0.38833326
0.77476746	0.4928438	0.026667226
0.76897264	0.5035678	0.12620823
0.110746324	0.39949077	-1.6260931
0.27879083	0.59362113	-0.6845612
0.5713081	0.09558022	1.0053138
0.32928997	0.41074383	-0.25051883
0.91518086	0.16882712	-1.042577
0.5034575	0.9047859	-0.091702536
0.4588098	0.98031783	-0.3630132
0.050887525	0.35172313	1.0212507
0.51768017	0.3965751	0.011701053
0.6908794	0.9923875	-0.61047465
0.62385833	0.9639656	-0.4263238
0.21749431	0.91714233	1.5913396
0.747476	0.6684282	0.38886094
0.6974358	0.58696556	-1.6220537
0.8073789	0.6756315	-0.059830695
0.16476488	0.16507584	-0.22639367
0.5559074	0.21521533	1.2716613
0.33634162	0.045472205	-0.43948498
0.377374	0.7975571	-0.15787348
0.8483938	0.47222793	0.03431312
0.20435399	0.11368638	1.0071385
0.39614004	0.5638898	0.16460983
0.33348805	0.59245265	-0.66418475
0.21674478	0.76417047	1.4873465
0.13654172	0.4096735	-1.2551632
0.008878052	0.5669116	1.0716864
0.16270953	0.90677965	-0.40150157
0.05341661	0.26015306	1.3798244
0.027825415	0.5446202	1.0414793
0.86594373	0.22593856	-1.0853655
0.28807235	0.9336867	0.1970623
0.52611494	0.9617431	-0.25965264
0.49502444	0.4658361	-0.0130060855
0.84120685	0.7373593	-0.507
0.84622157	0.8920244	-1.5729381
0.4928289	0.24354213	-0.7666048
0.309838	0.55885136	-0.9565987
0.68750095	0.16737878	0.27655324
0.6763814	0.8710687	-0.57813925
0.39502454	0.979832	-1.0433642
0.013390243	0.26494986	0.8065771
0.17515355	0.15638286	-0.04215412
0.5528591	0.23697776	1.099566
0.38970494	0.25709575	1.792536
0.37329453	0.6942802	0.10852827
0.83065736	0.78391093	-0.7723333
0.96159005	0.33543473	0.9658656
0.43806416	0.63686556	0.146379
0.7859865	0.69194007	0.19982821
0.84683377	0.38466114	0.51720566
0.6537153	0.064949214	0.24176079
0.16798967	0.028053224	0.08026025
0.10379481	0.86052287	-0.4560635
0.12319589	0.08190602	-0.9395005
0.114032984	0.88372016	-0.48652714
0.7462963	0.5591402	0.35440156
0.49765235	0.117476165	-0.61527455
0.5014584	0.9981831	-0.19348799
0.70807725	0.6683486	-0.97002804
0.7281677	0.8417709	-0.48654592
0.10350931	0.1917513	-0.7528413
0.59612983	0.5255066	0.04478418
0.6511004	0.585231	-0.7146404
0.673256	0.42257476	-1.973129
0.7086929	0.37604475	-0.860526
0.4913714	0.8587228	-0.17450587
0.87112594	0.9457754	-1.5872502
0.2998448	0.40922022	-0.09740453
0.06299764	0.61477244	1.0362815
0.49490398	0.388649	-0.17231762
0.11057961	0.047816813	-0.42584923
0.33140522	0.42516804	-0.28569338
0.02686745	0.5337217	0.88265634
0.93537927	0.09665209	-0.7077699
0.050843	0.34188074	1.0190804
0.05670494	0.32688314	1.0258648
0.3778661	0.47731954	0.5444354
0.6607309	0.87200505	-0.42954662
0.23817086	0.21253705	1.3209202
0.7738154	0.6864127	0.5057606
0.7672561	0.30341977	-0.08163088
0.14971316	0.15674794	-0.5793431
0.6030135	0.48872614	-0.004327286
0.599192	0.4045086	0.30740723
0.36460495	0.42998892	0.631816
0.06613141	0.21766901	1.0346146
0.33178318	0.54452777	-0.55433655
0.7204868	0.029330492	0.1408115
0.8284052	0.6006631	0.11027017
0.53652865	0.8401868	-0.119686894
0.44066983	0.7689807	0.031069022
0.88421094	0.61812437	-1.4887788
0.77935153	0.9188126	-0.48959047
0.9262218	0.9374889	-0.27629432
0.19474488	0.4387058	-0.3677437
0.9193935	0.9933646	-0.24448583
0.2302236	0.09940034	1.7222973
0.40941483	0.44570768	0.82305944
0.6618678	0.66839	-0.94208544
0.24920905	0.24620599	0.8902262
0.34074718	0.26296473	-0.23794067
0.3600183	0.22437358	0.6815414
0.27261114	0.79639167	0.45421922
0.4754008	0.5479992	-0.13180463
0.730777	0.046202302	0.36370632
0.6636513	0.90589523	-0.60772765
0.7922489	0.45880312	-0.20222203
0.87228703	0.42576665	-0.3956676
0.5143173	0.56322426	0.31276777
0.8241823	0.687086	0.0046352716
0.92811525	0.8352772	-0.55205536
0.8243689	0.8765159	-1.7692944
0.38478905	0.18810809	1.2364136
0.38567328	0.94136786	-1.0026863
0.8343775	0.88725966	-1.6440209
0.15785009	0.59095144	0.017217757
0.6158437	0.0969581	0.5839779
0.8997255	0.8652512	-1.1390753
0.5449562	0.0721643	0.7452528
0.10769665	0.8308612	-0.37823278
0.7332101	0.32879013	0.039623693
0.7499984	0.711112	0.27274683
0.21713412	0.7767696	1.6881335
0.10350448	0.33736718	-1.3071326
0.48149377	0.27529037	-0.590293
0.5183757	0.09265095	-0.04355166
0.17007583	0.18002295	-0.21630205
0.4019283	0.32459444	1.9462888
0.8167057	0.6935231	-0.058807503
0.46006733	0.3277824	0.11732052
0.066838026	0.40646505	0.41948903
0.9215417	0.21388078	-0.7465352
0.7967795	0.9863565	-1.141345
0.06635839	0.20351797	0.9537304
0.20926958	0.6855898	0.5995548
0.6657865	0.091175795	0.15626717
0.1371305	0.88538074	-0.5969537
0.4452629	0.6504594	0.1610198
0.35693705	0.36852574	0.5920995
0.5366276	0.49070382	0.64232326
0.49312228	0.5755181	-0.08300507
0.9618113	0.1970936	-0.4955237
0.22195762	0.07355422	1.7232487
0.90140885	0.5194127	-1.2906176
0.2578107	0.29298872	0.45207328
0.94343936	0.82564193	-1.1069119
0.71697545	0.35496706	-0.4189043
0.7114497	0.77449805	-0.93416864
0.24024093	0.19470358	1.3584903
0.97617114	0.57557	1.1389151
0.5258341	0.15117997	0.07014353
0.72968763	0.10385132	0.21776628
0.3719262	0.13517654	0.8095471
0.35354865	0.63277334	0.024400461
0.6874794	0.26261348	-0.3883325
0.043970585	0.3570171	0.9857861
0.5082492	0.7073045	0.14818537
0.7364173	0.04308611	0.45599896
0.28206128	0.6512055	-0.69908434
0.4441002	0.52237236	0.32594037
0.99826515	0.65198576	0.6000376
0.47285932	0.11463541	-0.5655197
0.68609	0.018139422	0.25237885
0.6348265	0.95633405	-0.6174081
0.53523546	0.26990026	0.3934081
0.019933581	0.54099214	0.9146467
0.18490219	0.30363423	-0.43350372
0.7901388	0.9118855	-1.0476229
0.3726266	0.87077266	-0.52727437
0.5490491	0.99206275	-0.45921043
0.6369259	0.8019139	-0.53658485
0.8827048	0.8706111	-1.4138917
0.72896934	0.85861605	-0.40952557
0.559712	0.3972842	0.37308818
0.40705132	0.9913607	-1.0100006
0.89662457	0.5039172	-1.1611831
0.39240223	0.4286881	1.3311833
0.81608546	0.55190885	0.120207615
0.7852733	0.47375298	-0.15006441
0.24968523	0.8478054	1.5731046
0.71348214	0.2449795	0.06929604
0.19388157	0.17986953	0.4082874
0.192433	0.2898357	-0.26087767
0.9759851	0.122945905	-0.7998526
0.69882184	0.2688821	-0.12941812
0.64315116	0.46975356	-0.33759892
0.89632374	0.020715773	-0.5487853
0.2854991	0.05341345	-0.46761677
0.4552827	0.12839627	-0.27813894
0.8866143	0.4181353	-0.7592378
0.4508047	0.73048013	0.031193886
0.61037487	0.5072007	-0.19716783
0.49678797	0.25715423	-0.7470834
0.013720632	0.49423414	0.5200949
0.10228735	0.30005145	-1.1709272
0.8188421	0.7211741	-0.26165152
0.45117986	0.35768604	0.25014904
0.65346575	0.974107	-0.6085468
0.15849304	0.65460116	0.29200578
0.24473196	0.37032485	-0.28959933
0.65916824	0.7234246	-0.40130064
0.44504255	0.8464955	-0.028012326
0.8909904	0.9029347	-1.1480792
0.5989104	0.019558787	0.5416225
0.35112292	0.45016283	0.13957255
0.7937312	0.53005373	0.22544229
0.010505438	0.97889876	0.40497908
0.66876584	0.7361186	-0.54251933
0.23598558	0.6769765	0.46602467
0.14435095	0.26251054	-1.0747721
0.50184005	0.35695815	-0.33257645
0.08766705	0.13705337	-0.0344865
0.7896161	0.340334	-0.62848765
0.79991597	0.56382585	0.07874768
0.1884979	0.47378218	-0.31404755
0.87759924	0.85585415	-1.665469
0.73891413	0.17495465	0.4627675
0.6382919	0.53629225	-0.1720223
0.8811913	0.29109162	-1.1672671
0.71992606	0.4596069	-1.0460459
0.40015793	0.19780242	1.1543276
0.056636035	0.6624689	1.2924563
0.34479982	0.7490482	-0.12191892
0.1542089	0.26950955	-0.7452282
0.26908225	0.86218834	0.9597621
0.48098516	0.96399885	-0.4964587
0.61236686	0.62044144	-0.45254624
0.60046726	0.8425412	-0.65370476
0.24982792	0.5548157	-0.65515596
0.63956434	0.64363116	-0.4556626
0.31070286	0.07002312	-1.0414708
0.4101386	0.59581184	0.4082835
0.93522334	0.4853261	-0.29242215
0.30989105	0.6808926	-1.4876255
0.14699745	0.65571535	-0.042365216
0.815672	0.76807874	-0.7612848
0.50736225	0.3354972	-0.3510375
0.6169357	0.56679225	-0.31715488
0.4827544	0.21649045	-0.70276594
0.2879002	0.38332033	-0.14125177
0.6116246	0.8697788	-0.98229694
0.95019954	0.26602912	0.051005043
0.21341491	0.6018092	-0.36765918
0.2787572	0.14938498	-0.0018976694
0.71842015	0.4095171	-0.87129605
0.33077562	0.5278705	-0.5349258
0.77648234	0.7719971	-0.1003723
0.38976204	0.21401823	1.4961599
0.6876312	0.8005	-0.7078781
0.31781697	0.83054715	-0.70838135
0.3675564	0.14133382	0.7461419
0.17487818	0.5241719	-0.0025401218
0.9712568	0.030164003	-0.81948406
0.83638996	0.6897994	-0.22651555
0.11672908	0.5508888	-1.1242738
0.61003834	0.6690385	-0.761834
0.37741864	0.9250655	-0.9067405
0.9644585	0.051809072	-0.8569413
0.2603001	0.15481341	0.94449794
0.10954863	0.25142574	-1.160229
0.02591139	0.8646668	0.88549995
0.8873153	0.5447172	-1.0508834
0.48886168	0.30777848	-0.4336571
0.42699653	0.47641832	0.2325863
0.42544788	0.6706473	0.43213943
0.059868693	0.18858057	1.1951053
0.40074277	0.6438018	0.10832257
0.18055022	0.79449207	0.28096345
0.056502163	0.4685827	0.69221026
0.8356676	0.61237425	-0.0798809
0.02814895	0.9610781	0.4085738
0.18641597	0.33167404	-0.52243096
0.15596056	0.29500163	-0.5962324
0.11725259	0.9377665	-0.3587133
0.530867	0.7398911	0.12555766
0.49896997	0.468269	0.056996882
0.806	0.97152805	-1.54445
0.5436407	0.39959526	0.33887056
0.30228615	0.3138101	-0.23929366
0.8022404	0.5526333	0.11562842
0.40238047	0.6307633	0.20757934
0.6565322	0.7229991	-0.32729656
0.080486	0.17139637	0.22916867
0.99602985	0.8272673	-0.45788065
0.122831225	0.6566161	-0.3931896
0.5000936	0.18570793	-0.80794644
0.8480981	0.48711753	-0.07751766
0.94143796	0.9387876	-0.445521
0.38329673	0.029172897	0.26535597
0.4443521	0.56960326	0.21490039
0.8021588	0.85859686	-1.5437673
0.993583	0.5250154	1.3342457
0.19430721	0.44151592	-0.33912873
0.064392686	0.21412331	1.1586753
0.25827593	0.5824731	-0.5164063
0.94024605	0.65300006	-0.9721777
0.5126169	0.82498616	-0.00789113
0.09613752	0.3694983	-1.0155637
0.45197362	0.24244714	0.07069975
0.769955	0.26907033	0.032270778
0.18443441	0.50109714	-0.2176193
0.21291804	0.70538145	0.86211115
0.066598594	0.79610336	1.2114953
0.37113887	0.12900728	0.7152155
0.9684737	0.40587574	1.6905915
0.3849535	0.97729343	-1.0423114
0.78005135	0.1552698	0.2088908
0.28536475	0.74198484	-0.44929132
0.6332998	0.61165696	-0.41842368
0.062122703	0.12930435	0.88225347
0.8512114	0.28011817	0.13529146
0.917717	0.61367846	-1.1330105
0.29573852	0.28814256	-0.26406717
0.30211908	0.53247523	-0.898567
0.7090308	0.36467808	-0.7214285
0.49855053	0.08356798	-0.46750474
0.6041889	0.56991583	-0.11314253
0.9448038	0.073379695	-0.6863744
0.327321	0.3325107	-0.46667874
0.6386119	0.80053943	-0.51966316
0.6239601	0.40034127	-0.039587025
0.8663372	0.32887423	-0.2303184
0.6771022	0.07551372	0.23055954
0.6461627	0.96277803	-0.6490357
0.8680658	0.12865591	-1.4975029
0.99443924	0.099332094	-0.80375177
0.9349843	0.5157595	-0.4349416
0.7773876	0.31703508	-0.46762502
0.07136452	0.9850751	-0.39706492
0.52787906	0.13234055	0.18376748
0.5234711	0.99827945	-0.2869088
0.69145995	0.5963838	-1.5872449
0.069862425	0.78172475	1.135958
0.18012112	0.25963724	-0.35613272
0.7353231	0.2744277	0.26193354
0.82400566	0.093458176	0.8058332
0.27034825	0.6604455	-0.34689692
0.33573747	0.11487067	-0.2554498
0.2125104	0.8411999	1.7260072
0.927335	0.23817217	-0.45618913
0.9342871	0.65352744	-1.0371884
0.52071506	0.37370008	0.009854279
0.28483963	0.9238912	0.21520768
0.2646066	0.050765038	0.5618874
0.20728552	0.71297777	0.72386295
0.029206455	0.56158227	1.140812
0.98997605	0.55122364	1.2531003
0.2063685	0.078804016	1.3732519
0.4778958	0.16451693	-0.571147
0.42574376	0.15813512	0.3703987
0.9898693	0.74328715	-0.16228291
0.032918394	0.14655781	1.0263377
0.11377716	0.74771565	-0.20311265
0.6290402	0.58129895	-0.33729184
0.75789565	0.92337984	0.14279318
0.5378287	0.0017456412	0.5634151
0.85288095	0.48028785	-0.17918977
0.31871057	0.9964908	-0.30881676
0.45444238	0.8211353	-0.13133672
0.23334795	0.7976667	1.8464484
0.5181319	0.4493451	0.1717081
0.42769086	0.18109047	0.5458423
0.5947522	0.8266753	-0.5380335
0.53096193	0.20048445	0.20135272
0.39306325	0.81643385	-0.57378674
0.8777689	0.6421699	-1.6536038
0.8750175	0.23468399	-1.5192616
0.7369843	0.38167942	-0.06798788
0.08935481	0.9334005	-0.1184263
0.114711165	0.09566188	-0.6697154
0.8138628	0.5436607	0.1276128
0.8023372	0.2743649	-0.13233991
0.16085154	0.48280674	-0.19839345
0.3097657	0.2851742	-0.4750773
0.9966185	0.26053882	-0.08562819
0.42336154	0.9291827	-0.6987399
0.2627797	0.021651387	0.53400964
0.636982	0.85651964	-0.581681
0.1351831	0.47136134	-1.2180271
0.90528035	0.8415449	-1.0701476
0.9409752	0.59638226	-0.48224014
0.83873737	0.7089401	-0.4020143
0.53028154	0.49453998	0.48830414
0.44045168	0.60785574	0.19587916
0.79266727	0.22918546	-0.12287646
0.6864177	0.946962	-0.673578
0.6483782	0.10797632	0.18399554
0.35786968	0.16168034	0.3959109
0.8450733	0.7933952	-0.7358794
0.8242543	0.15560639	0.65914345
0.78962284	0.8224666	-0.8987922
0.13080895	0.5080429	-1.1381294
0.88523364	0.7172011	-1.7544078
0.745431	0.38534158	0.13345058
0.76143974	0.3249936	0.0465286
0.09850341	0.2702639	-0.8144147
0.4899494	0.91650635	-0.13366789
0.9319171	0.8643319	-0.40841278
0.52730286	0.37920022	0.1631271
0.20573586	0.64321464	0.1166391
0.65789396	0.48310083	-1.2199684
0.81498986	0.36616957	0.10403634
0.60656416	0.92808765	-1.030628
0.3176267	0.716849	-1.3068199
0.90229774	0.17379725	-1.5987815
0.2860039	0.6924094	-0.6966474
0.54245055	0.8697135	-0.25086817
0.5219064	0.49009705	0.26783913
0.35853595	0.708423	0.25324374
0.3439904	0.90567046	-0.8303401
0.5213632	0.5869337	0.4087668
0.42053026	0.31086904	1.3924417
0.0061716437	0.08779609	0.93670714
0.03316647	0.5922538	1.2647477
0.30368257	0.7090724	-1.3363725
0.24221116	0.50305855	-0.84418124
0.35064834	0.37729508	0.30072698
0.26873553	0.19771415	0.35610157
0.5276699	0.76993513	0.14401205
0.33410722	0.18439853	-0.2160174
0.5863275	0.6579517	-0.106632054
0.91734874	0.29052955	-0.56079173
0.6222998	0.711248	-0.7569526
0.26807922	0.93320626	0.7757515
0.15939921	0.42674983	-0.30583385
0.792104	0.6846564	0.081861734
0.9599317	0.08743763	-0.8755345
0.41935366	0.8558724	-0.35690835
0.8849097	0.073319495	-1.3685648
0.3960889	0.56533587	0.15788469
0.7140963	0.86473083	-0.64029926
0.57857656	0.78485507	-0.6325259
0.5735143	0.24601078	1.1114838
0.15303576	0.4505182	-0.5484458
0.31943458	0.20724034	-0.45857504
0.5691157	0.4020725	0.23169099
0.32403517	0.41258067	-0.30182534
0.96586084	0.9569537	-0.45793372
0.48877317	0.20751417	-0.8571448
0.8087738	0.50207824	0.08636697
0.5164558	0.30667973	-0.32573968
0.27590746	0.52813303	-0.62121046
0.14663482	0.6692904	0.04323713
0.09642458	0.30198532	-0.7956778
0.39164543	0.17692459	1.1318022
0.6407411	0.5387373	-0.2641925
0.48477006	0.23361278	-0.79092157
0.86881614	0.027757585	-0.67984945
0.18492383	0.25318587	-0.22525713
0.5194598	0.328763	-0.26801625
0.9855471	0.31163287	0.5122958
0.8733763	0.55521137	-0.7751884
0.25549203	0.6879863	0.21211614
0.9712477	0.40394485	1.6280448
0.40125948	0.63955045	0.16513562
0.30485052	0.22638011	-0.48172244
0.25752342	0.26786298	0.5421415
0.32584375	0.9175654	-0.5625385
0.7016918	0.31821394	-0.42479232
0.4491918	0.7675212	-0.058496863
0.65833265	0.4815359	-1.2479976
0.1642353	0.07416785	-0.14652807
0.36407351	0.7045233	0.25185475
0.39013404	0.880704	-0.7344806
0.8815191	0.14811009	-1.935542
0.22644216	0.82677776	2.017944
0.93995863	0.487181	0.06830923
0.9288732	0.8987201	-0.33384967
0.09325236	0.15966934	-0.21441045
0.30585694	0.77320254	-0.9817321
0.9490261	0.28514308	0.1387188
0.89217585	0.16509151	-1.9139609
0.34842104	0.20600432	0.06505163
0.26342136	0.67761946	-0.0008411035
0.99470174	0.54334956	1.2364658
0.24958646	0.09141618	1.3096051
0.56915045	0.49126095	-0.0076161176
0.29958433	0.19142312	-0.6093742
0.7267614	0.32984442	-0.11225924
0.045395076	0.11645746	1.1221216
0.23670435	0.87100536	1.820382
0.64154965	0.6681141	-0.456712
0.03108412	0.9676442	0.29534402
0.39636654	0.98708504	-1.0768815
0.4442652	0.9896322	-0.51221544
0.7398992	0.9907323	0.11470622
0.3193882	0.24957025	-0.5691797
0.06439388	0.34063518	0.55931664
0.602138	0.31609994	0.58359146
0.7419045	0.3226778	0.2027033
0.93111557	0.7299852	-1.1397798
0.6947172	0.2645731	-0.2504283
0.34580523	0.9364169	-0.9334316
0.3254918	0.51269907	-0.6261238
0.43465096	0.27879626	0.76745665
0.119074345	0.44083196	-1.5975832
0.7826611	0.2664913	-0.29974043
0.4925872	0.06426668	-0.4372506
0.5703771	0.9317988	-0.6151673
0.18345332	0.09688425	0.5220163
0.54918844	0.15078628	0.9439891
0.12772703	0.44737846	-1.4480753
0.69815475	0.13623339	0.10556622
0.29226327	0.8135265	-0.30541065
0.36242485	0.8167075	0.17058428
0.46071732	0.57513773	-0.055020217
0.48643035	0.06738001	-0.6294288
0.07335442	0.6538469	0.72810924
0.5843369	0.47865182	0.052961353
0.3188603	0.0047231317	-0.7989606
0.53438306	0.71589124	0.12608078
0.60159963	0.03389573	0.6350136
0.7477608	0.8117526	-0.07121296
0.7867151	0.5093471	0.08997897
0.31396604	0.8243736	-0.7276794
0.2423318	0.29402375	0.39181995
0.14019561	0.34810364	-1.1226454
0.7196477	0.8728412	-0.6507746
0.65058327	0.39220834	-0.77602357
0.5212673	0.81648564	0.055299386
0.75210726	0.36295587	0.20574912
0.3826273	0.9332288	-0.9646961
0.7928817	0.8588623	-1.0808748
0.16765475	0.5788549	0.025660437
0.6841328	0.53770417	-2.0850976
0.14782184	0.482908	-0.6380843
0.65654385	0.31219965	-0.8453114
0.35419953	0.17119205	0.3022497
0.46394312	0.30599594	-0.009073056
0.43801916	0.7288147	0.14813922
0.81172884	0.21975625	0.42449465
0.076521635	0.6235277	0.54189515
0.5553605	0.41164893	0.34762502
0.14831358	0.79813695	-0.14746362
0.26399446	0.31969088	0.23222502
0.830792	0.7786768	-0.72351855
0.72181463	0.50076324	-0.92051333
0.5975404	0.80552727	-0.6526548
0.4023248	0.9251668	-0.9130631
0.47603887	0.6762996	-0.33213806
0.3840837	0.13402855	0.8054869
0.9251445	0.6532453	-1.0002223
0.14403456	0.5492596	-0.6093442
0.07067394	0.7126636	0.9986527
0.70640314	0.2935303	-0.14265789
0.515914	0.7280585	0.102178566
0.12339771	0.81363183	-0.3356743
0.31958717	0.9436832	-0.42424163
0.05647725	0.3882466	0.79522276
0.6101696	0.8530569	-0.97852826
0.21430671	0.17602086	1.2232505
0.76480377	0.0039600134	0.4695231
0.4423507	0.40290755	0.3645241
0.6798386	0.5568361	-1.951767
0.66732305	0.16067106	0.16928595
0.64805144	0.0831427	0.09688926
0.421736	0.44073123	0.5429889
0.740601	0.63435835	0.30321786
0.062532246	0.4356324	0.56134915
0.8716751	0.08201295	-1.3591632
0.18607092	0.26283467	-0.18455335
0.37876004	0.8577939	-0.46397996
0.80461067	0.48132384	0.05634153
0.19086838	0.8783572	0.86086154
0.9502893	0.9024864	-0.77558726
0.73128265	0.6106211	-0.09988818
0.72042674	0.4315521	-0.991374
0.57554066	0.51127464	0.014370939
0.57086754	0.72050357	-0.3423232
0.42953676	0.08491421	-0.13976403
0.60563594	0.70157605	-0.7243118
0.46642393	0.66721565	-0.22647099
0.006508827	0.68235314	0.8036196
0.6821578	0.69161516	-1.0010909
0.88273233	0.890941	-1.4719964
0.7890809	0.48325074	-0.04371022
0.77379423	0.75219464	-0.049117517
0.29810643	0.8187803	-0.59802496
0.71259946	0.5746287	-1.1707017
0.31462568	0.5816831	-1.0948079
0.8978405	0.07975471	-1.2034345
0.21683764	0.0021942258	1.6417472
0.04785645	0.6293455	1.3462412
0.61668855	0.3944919	0.12013749
0.30886972	0.5440021	-0.9606187
0.14760965	0.7651421	-0.06348592
0.5814288	0.37022412	0.2274313
0.49810022	0.7546975	-0.09381495
0.53854054	0.030097246	0.5274537
0.029845953	0.7855658	1.2146274
0.7798107	0.7568157	-0.16440901
0.20915955	0.033190966	1.5697172
0.14028907	0.44811195	-1.1065896
0.016830742	0.88170815	0.7281187
0.9317343	0.19583958	-0.5973744
0.21056932	0.05526632	1.5705764
0.18201375	0.2921927	-0.48201463
0.46855652	0.41718405	0.046718128
0.08133954	0.8758833	0.36014503
0.45825803	0.46195215	0.15558742
0.6008781	0.2690698	0.71893793
0.65697813	0.8503702	-0.32228968
0.7728306	0.6349634	0.855567
0.681449	0.10495776	0.27081913
0.6121593	0.27892005	0.5060473
0.3279394	0.5592314	-0.7550683
0.57541573	0.48779923	0.020568315
0.5647973	0.56877184	0.22799873
0.32923526	0.46607667	-0.34230477
0.23738652	0.5678319	-0.5655284
0.681756	0.52499384	-2.1771429
0.3894205	0.775168	-0.30326372
0.43843192	0.5606501	0.27944663
0.38987827	0.3250354	1.9313035
0.35826242	0.3009864	0.67267954
0.027449787	0.97230446	0.44311225
0.63774306	0.31996572	-0.30649227
0.043973684	0.8539167	1.166246
0.16686851	0.37145638	-0.3786558
0.5207804	0.20359826	-0.12950592
0.5662983	0.60104287	0.25193885
0.99016494	0.89410466	-0.50310713
0.23141074	0.85425824	1.9234883
0.15205902	0.49855107	-0.47247827
0.7384662	0.9612466	0.048127394
0.50086546	0.16912836	-0.75340563
0.42083997	0.33679062	1.3180593
0.4115367	0.27368844	1.6687131
0.010763168	0.850695	0.43999666
0.206523	0.7882787	1.3156177
0.47673887	0.10219246	-0.63248146
0.60760826	0.1389479	0.59562117
0.9902366	0.31158328	0.45566645
0.06298274	0.5938921	0.9950766
0.53532726	0.2678163	0.39463627
0.280486	0.516152	-0.648334
0.803435	0.8700413	-1.5929184
0.99591666	0.93207407	-0.26555592
0.7802706	0.40723777	-0.58789414
0.5178868	0.41298866	0.08019098
0.5125125	0.53787357	0.25978982
0.8537792	0.24622601	-0.17692819
0.007323444	0.53416896	0.7538489
0.027383864	0.44458115	0.35464594
0.5661968	0.049075782	1.0645542
0.9693537	0.9255359	-0.68637025
0.9801543	0.38197792	1.4561216
0.394305	0.68487847	-0.094050884
0.28004837	0.3110522	0.047937248
0.37276292	0.16566998	1.0438662
0.9814601	0.08299422	-0.8677586
0.81566316	0.3301412	0.17017442
0.34777135	0.50633633	-0.13683766
0.51184976	0.64723384	0.1365716
0.49090958	0.56660956	-0.11697698
0.49017298	0.29126847	-0.58379394
0.02463156	0.46808624	0.38374424
0.41477567	0.7934894	-0.2545123
0.24001831	0.017659545	1.3508528
0.2452107	0.43555433	-0.70587337
0.74783653	0.3899986	0.059777886
0.8656188	0.96094	-1.5428966
0.3807925	0.04212314	0.37516603
0.96324295	0.31640744	0.7923407
0.9613014	0.40554005	1.5270612
0.24115676	0.8343737	1.8121985
0.12462747	0.04685861	-0.8364329
0.46771604	0.5197755	-0.008463647
0.37428975	0.09868169	0.63453066
0.14317548	0.6389515	-0.147789
0.008601785	0.7928779	0.36748728
0.2578773	0.15483165	0.9945184
0.300704	0.29298657	-0.34356037
0.5953557	0.7570042	-0.65654624
0.28500968	0.2654031	-0.104137935
0.635224	0.21172959	-0.078392565
0.40767825	0.13870066	0.349545
0.40464485	0.9610657	-1.08659
0.5945454	0.5156755	0.050241333
0.32220477	0.10413134	-0.6528693
0.6892158	0.5236143	-2.1706018
0.7624622	0.48707008	0.054806646
0.017049253	0.9639104	0.47039032
0.8690834	0.46202147	-0.27668694
0.31501764	0.905804	-0.44125825
0.48785055	0.55379814	-0.16693923
0.028704584	0.7518146	1.170309
0.3371759	0.89199173	-0.7144155
0.55247855	0.5786571	0.3720264
0.11827272	0.8657458	-0.40656987
0.8986765	0.011967182	-0.45225272
0.061808348	0.9241282	0.1285582
0.8513331	0.7641076	-1.0592562
0.45557427	0.67019546	-0.06578538
0.42644745	0.036369085	-0.31194404
0.9665692	0.3209135	0.8656373
0.1103946	0.35781914	-1.5661827
0.7768797	0.65926105	0.6660515
0.596	0.44146234	0.14562872
0.8769769	0.6410431	-1.6054194
0.09817237	0.6102938	-0.12876193
0.075636566	0.057852685	0.24228457
0.25368935	0.44214225	-0.6017793
0.6188086	0.59971714	-0.4203764
0.39105868	0.6878574	-0.13195351
0.8356281	0.71188277	-0.26777843
0.8595916	0.8098983	-1.4654065
0.76521367	0.261746	0.21034017
0.682019	0.8287065	-0.6198918
0.48285317	0.5153221	-0.20373327
0.85525364	0.68443143	-1.3193173
0.2823332	0.21071863	-0.18455619
0.47050643	0.05832845	-0.45484287
0.9700734	0.3852734	1.4447137
0.6147553	0.707636	-0.82828987
0.818197	0.53963864	0.16780804
0.22951937	0.25808787	0.7808352
0.04686588	0.77381814	1.4440149
0.5291195	0.050589323	0.4119457
0.824722	0.735397	-0.32872164
0.35267144	0.275106	0.31113613
0.83342594	0.4079162	0.64533764
0.22102171	0.62387455	-0.13367383
0.90460706	0.49484003	-1.2311468
0.8097787	0.16365904	0.5764438
0.7532446	0.17046535	0.60682327
0.45846832	0.70650697	-0.090992846
0.9797906	0.43984538	1.752222
0.8301566	0.99630785	-1.7195324
0.82750964	0.9354302	-1.8513901
0.09895229	0.7404993	-0.020530548
0.37589628	0.632722	-0.00094202906
0.6022684	0.4255216	0.16386612
0.4841159	0.2880919	-0.51707184
0.45979995	0.108320236	-0.38838917
0.13133109	0.019970357	-0.8833249
0.35799325	0.145953	0.35756937
0.31668323	0.3744213	-0.2564239
0.781506	0.117509484	0.33700544
0.5681167	0.5515575	0.17129147
0.28994012	0.40318036	-0.16232912
0.9956652	0.7875446	-0.28521326
0.9357696	0.986295	-0.27705932
0.0061917305	0.6978252	0.6857033
0.8438791	0.83686715	-1.1767799
0.51060176	0.6283556	0.20862442
0.4250155	0.7818378	-0.0066321474
0.13844573	0.057415664	-0.9271446
0.34988868	0.6932922	0.09912338
0.18173993	0.6917098	0.12632357
0.045630336	0.8677207	1.0546767
0.3161534	0.89986944	-0.49342102
0.13596189	0.41975868	-1.2485752
0.91295457	0.036014795	-0.8636658
0.7869949	0.16477323	0.22201046
0.45980477	0.665076	-0.11598462
0.22903603	0.89796126	1.6896243
0.28571063	0.86342627	0.16702189
0.77631956	0.94000804	-0.33635646
0.2498244	0.98834354	0.76528674
0.74999547	0.5594391	0.4522801
0.6486064	0.91621375	-0.58671266
0.5650081	0.12853688	1.2207621
0.029455185	0.8393486	1.1114452
0.60641325	0.37519735	0.18573621
0.6651062	0.9775519	-0.7604984
0.8535692	0.21406627	-0.3902233
0.932379	0.6659981	-1.0768194
0.7832785	0.18314713	0.036794893
0.4294232	0.23964077	0.91054446
0.9212012	0.2768125	-0.50272894
0.67178464	0.61749196	-1.3849515
0.41587985	0.24047738	1.2840079
0.59303784	0.8830483	-0.8997042
0.5378788	0.10033125	0.55889934
0.13031971	0.15321183	-1.150787
0.8751534	0.5476532	-0.80025506
0.0830009	0.18260813	0.1999715
0.6328504	0.44872695	-0.23566438
0.1076265	0.92609936	-0.46812394
0.010168135	0.22732902	0.854168
0.70969933	0.67079395	-0.91067034
0.59876895	0.033456802	0.58781046
0.30258155	0.713092	-1.2892319
0.57078815	0.4160475	0.18931337
0.5645829	0.5621793	0.18975417
0.4934771	0.5395509	-0.13344984
0.87689084	0.6763116	-1.8434477
0.8705935	0.06962252	-1.1584877
0.4746924	0.48364282	-0.108030066
0.92887384	0.3141386	-0.090384886
0.63137275	0.37843353	-0.210691
0.51877254	0.6389607	0.2763807
0.25780982	0.6724231	0.015393196
0.7538374	0.08113879	0.6027506
0.735707	0.06676644	0.4837491
0.972502	0.8888376	-0.95858556
0.06106341	0.95285237	-0.064876616
0.763949	0.058647037	0.474472
0.76573753	0.39849275	-0.26202163
0.9205391	0.43198454	-0.7856394
0.04042256	0.9876823	-0.04550483
0.88680756	0.90859854	-1.246415
0.7960553	0.18312848	0.18470895
0.20377082	0.34242713	-0.3641
0.30332398	0.68932176	-1.3780929
0.8344699	0.64592445	-0.024243733
0.70174456	0.07429612	-0.0014487952
0.3199067	0.8173968	-0.69931257
0.37065023	0.81745416	-0.07516149
0.22833884	0.6851601	0.67369735
0.4459284	0.64865947	0.16380559
0.24478555	0.36264563	-0.18830459
0.10650945	0.2504092	-1.0774949
0.24459708	0.43354166	-0.70504695
0.122062385	0.72610354	-0.15825102
0.48451346	0.30436975	-0.5544432
0.113746524	0.47369367	-1.5895833
0.6556017	0.6488535	-0.7767365
0.65652704	0.3827001	-1.0347209
0.10808337	0.93171364	-0.45749408
0.9624811	0.7200257	-1.1343691
0.9671126	0.51263374	1.6923163
0.75426364	0.45456284	0.050716523
0.0643422	0.27911532	1.003241
0.12744641	0.37320685	-1.5301768
0.6296539	0.06669593	0.58770186
0.595049	0.51424545	0.04789469
0.52838737	0.9568177	-0.30629468
0.20254833	0.32677782	-0.36819825
0.30974394	0.17855382	-0.5149786
0.69297826	0.5649391	-1.8790348
0.7540557	0.47078818	0.02002708
0.64753926	0.2827562	-0.48723796
0.15588814	0.69253427	0.18301988
0.80482876	0.18921638	0.39352944
0.8946693	0.06899589	-1.1263025
0.7068546	0.60603005	-1.2745634
0.95366055	0.35665214	0.9627997
0.013445735	0.53347844	0.8278053
0.78922814	0.6697921	0.23881473
0.5027668	0.070979476	-0.3575859
0.4210831	0.47851098	0.30171382
0.20239627	0.8750316	1.3747122
0.73103285	0.29113406	0.12280027
0.10649049	0.005837798	-0.29297054
0.73794043	0.16906774	0.4967496
0.7239026	0.9810544	-0.111410886
0.28333127	0.18252265	-0.2612947
0.618057	0.21367097	0.20637977
0.30778682	0.8290114	-0.67546445
0.89588857	0.025152147	-0.6690118
0.9872564	0.59496903	0.91936946
0.95453775	0.51503384	1.1101376
0.68735296	0.7849634	-0.7056195
0.8244524	0.32628506	0.47158712
0.098009765	0.81230086	-0.09985227
0.9241949	0.27478433	-0.34646565
0.15611005	0.39799196	-0.5324778
0.37926817	0.39908588	1.3140632
0.3118512	0.49181044	-0.69387347
0.09154743	0.60431856	-0.07741935
0.925941	0.008810401	-0.5362461
0.8716786	0.03453034	-0.7553652
0.1966222	0.70653445	0.4385192
0.9413021	0.90121204	-0.60421324
0.6272206	0.7775594	-0.87211263
0.842239	0.6418735	-0.35179508
0.8155296	0.6192915	0.14194141
0.50942546	0.5448104	0.25274587
0.84314436	0.9704823	-1.7800248
0.25241154	0.15374279	1.3655927
0.6044705	0.76756954	-0.8196787
0.52206427	0.46793252	0.23787412
0.24040228	0.12741637	1.6580547
0.59367734	0.7644849	-0.65834
0.9949134	0.9928113	-0.23428741
0.7361636	0.9208177	-0.027762922
0.30095005	0.00339216	-0.8977263
0.05465132	0.5597189	0.9676979
0.15337753	0.7678836	0.039028034
0.6887521	0.35581565	-1.2730641
0.28578436	0.0007379055	-0.38322893
0.043124378	0.2784745	1.205228
0.58572525	0.15582371	0.9272661
0.2672313	0.899913	0.84457964
0.54374397	0.047528744	0.61362153
0.77721757	0.94263184	-0.35447127
0.77864474	0.95499635	-0.43380898
0.62386674	0.8143197	-0.9819465
0.006128192	0.2851671	0.69833475
0.035481274	0.30829686	0.9120707
0.5820818	0.5006351	-0.0033310317
0.7640818	0.67711514	0.6711672
0.25978196	0.22339898	0.65977454
0.5761181	0.65533835	-0.07168128
0.14401907	0.052080035	-0.76503164
0.5419121	0.3758335	0.38897476
0.77800554	0.09615672	0.51125735
0.7477496	0.6665557	0.4164411
0.7144217	0.45000982	-1.320005
0.38509578	0.6264843	0.05114963
0.94401497	0.6623911	-0.97568524
0.1354528	0.40113997	-1.2675134
0.04903841	0.18543702	1.2028934
0.1705848	0.1616484	-0.081108615
0.27375013	0.61455804	-0.59304726
0.13454014	0.7400334	-0.075427875
0.95679665	0.3623097	1.13258
0.24290013	0.08668524	1.5501636
0.4907831	0.3944943	-0.1483521
0.028664052	0.5526196	1.0717798
0.4317993	0.93046397	-0.49302068
0.36393815	0.8791077	-0.39498287
0.777552	0.20052916	0.1404501
0.8104625	0.36597985	-0.118809186
0.5247382	0.094251454	0.12398866
0.94928366	0.65926164	-0.839881
0.012653887	0.28993756	0.72587365
0.99300814	0.029056787	-0.6662391
0.034767926	0.2977957	0.94600385
0.641267	0.29255408	-0.36426967
0.8089773	0.34594554	-0.2096447
0.0449847	0.8794362	0.9550631
0.5772664	0.44529682	0.05209874
0.16321415	0.013487518	-0.10794651
0.34539276	0.8618734	-0.46706426
0.07237303	0.7921139	0.9617296
0.67794454	0.45936096	-2.2327147
0.5772739	0.21044916	1.0837625
0.5479157	0.8405644	-0.30685046
0.3386323	0.8034552	-0.3355258
0.37457603	0.27242023	1.6156625
0.2578255	0.3430496	0.023649145
0.05042261	0.21870226	1.4055651
0.058903992	0.67626184	1.3092294
0.51134115	0.6669094	0.1830126
0.48087758	0.63929075	-0.3039837
0.9189157	0.3582164	-0.5959436
0.51323813	0.0533188	-0.061036833
0.9437702	0.5198552	0.15688989
0.31735295	0.5384392	-0.8543727
0.020518482	0.9052411	0.75755095
0.5731144	0.39777982	0.15636513
0.44912082	0.7725392	-0.043760203
0.10016441	0.85442007	-0.3367359
0.99263364	0.30058753	0.20461854
0.80347127	0.75258	-0.62954336
0.9290301	0.9094457	-0.24697272
0.201011	0.24492323	0.3390679
0.88677317	0.105002046	-1.6699736
0.3287686	0.1827963	-0.25209284
0.8550771	0.86684847	-1.5414609
0.72476745	0.5124641	-0.7100287
0.13168162	0.14430255	-1.0989795
0.85051936	0.32682258	0.36341482
0.81289124	0.74464667	-0.5377989
0.3617801	0.64829034	0.12775786
0.7465051	0.13916844	0.5945662
0.34638476	0.067221224	-0.103708334
0.12655324	0.37775236	-1.5551621
0.20901209	0.9520303	1.1631026
0.500115	0.3123091	-0.4933597
0.41373682	0.81615055	-0.32842886
0.8808366	0.32746518	-0.97789985
0.06971365	0.7465845	1.0439798
0.24145639	0.2965533	0.42818984
0.019262493	0.07510346	1.1326796
0.39148283	0.59710073	0.07221526
0.5349752	0.10900539	0.43602327
0.1989674	0.17679256	0.5837941
0.05867648	0.79602873	1.3506914
0.23487937	0.74534875	1.3305376
0.33502102	0.17300987	-0.18096673
0.50969833	0.1631577	-0.39569795
0.6247286	0.6837307	-0.7006399
0.22517729	0.47286665	-0.9098008
0.39179182	0.5561349	0.15757665
0.8107653	0.8797851	-1.7197016
0.46126556	0.9350589	-0.28207502
0.14809245	0.13693005	-0.6588739
0.641745	0.18602645	0.04804014
0.01808703	0.90474236	0.72598684
0.6709342	0.6395628	-1.2150314
0.9316229	0.546163	-0.6937788
0.09764314	0.7742129	0.0026509687
0.7995167	0.55688393	0.15200907
0.929359	0.63138235	-1.098765
0.33942395	0.4640507	-0.23719002
0.8495852	0.91301936	-1.6424457
0.81048733	0.8033203	-1.2463857
0.83708745	0.9454069	-1.8649226
0.231332	0.8263661	1.947421
0.38911152	0.92940617	-0.9802864
0.21863252	0.03076458	1.6490133
0.622517	0.7458522	-0.8232985
0.7676975	0.5988404	0.9511304
0.6064138	0.8545319	-0.8605828
0.8013199	0.79044294	-1.0121562
0.7565464	0.5427132	0.4894298
0.5926291	0.28306943	0.76347136
0.38955015	0.4077626	1.417098
0.8754089	0.7858444	-1.7936323
0.07160336	0.8851289	0.41037872
0.8114896	0.07358444	1.0179036
0.7269261	0.93883854	-0.09231824
0.26730108	0.6887315	-0.14095351
0.9629411	0.44393086	1.7342496
0.9851948	0.62104243	0.5870984
0.5816146	0.17392755	1.0469371
0.73579615	0.24205911	0.41643476
0.861517	0.83163744	-1.5831236
0.3230648	0.37511706	-0.34246442
0.005299568	0.2294116	0.81868935
0.3599497	0.7435408	0.29494482
0.0063145757	0.47367322	0.41451797
0.9445916	0.28573352	0.13407815
0.2600037	0.98286194	0.60804677
0.32717252	0.7335187	-0.9331233
0.65169173	0.914244	-0.56825525
0.40290684	0.39243388	1.5392711
0.21821147	0.7406727	1.4303164
0.6655244	0.2768395	-0.6522613
0.5327681	0.55508435	0.5883933
0.5134322	0.93564165	-0.16425246
0.4320681	0.18469477	0.3955866
0.9045967	0.15518421	-1.4390982
0.0150159	0.5496768	0.9129794
0.03439188	0.41301554	0.4542496
0.9320234	0.37619865	-0.058452517
0.40893358	0.79518175	-0.44777316
0.47565275	0.27153468	-0.5089224
0.93294126	0.3953942	-0.0888888
0.5745023	0.936968	-0.8041664
0.53058106	0.48078126	0.4642613
0.8133006	0.2942642	0.082880236
0.93434405	0.2106452	-0.53139305
0.42144126	0.43966025	0.4968446
0.18156832	0.8407541	0.33953387
0.19306105	0.23400593	0.18008243
0.38934523	0.9176646	-0.87550557
0.18421859	0.38108867	-0.4195826
0.48858005	0.08372897	-0.66319805
0.24595314	0.3766783	-0.3671047
0.50016576	0.072434306	-0.38839993
0.22558129	0.20324099	1.3211927
0.16065389	0.0034329295	-0.18486932
0.7014433	0.5094708	-1.7995299
0.7344751	0.9838725	0.057621565
0.17226338	0.3291554	-0.4882486
0.68501407	0.6618905	-1.1786848
0.28018957	0.18248534	-0.117889926
0.47414565	0.38835913	-0.029145613
0.2735942	0.4442246	-0.20139523
0.19950885	0.42205864	-0.5061545
0.7602628	0.8177265	-0.0020762011
0.5426172	0.9340439	-0.18548763
0.9678156	0.5498418	1.2557023
0.611388	0.31750876	0.4241593
0.45985466	0.48812968	0.13138501
0.20522135	0.7788737	1.18864
0.5080586	0.36146688	-0.25364172
0.69267	0.34106547	-1.0678443
0.96843386	0.17438865	-0.6342438
0.7188668	0.7803195	-0.77815217
0.38779527	0.7461306	-0.2379883
0.7169073	0.1351909	0.1570508
0.5277001	0.11780447	0.18041502
0.5003769	0.046397984	-0.20339525
0.25163615	0.18371886	1.1526501
0.1207363	0.7912776	-0.32427603
0.16833192	0.6618874	0.19862859
0.97195375	0.43630004	1.8930414
0.07334536	0.6723321	0.883134
0.029093742	0.24273318	0.7623512
0.19947475	0.77271795	0.89940846
0.136442	0.64730054	-0.31207913
0.50866836	0.67465985	0.12662144
0.8024032	0.5248357	0.10487005
0.81994647	0.16218102	0.6728658
0.8547148	0.7209911	-1.3097833
0.77147746	0.9620669	-0.13188794
0.8173044	0.56200725	0.13691449
0.67721045	0.0007134676	0.25540945
0.8277498	0.2710542	0.32549894
0.69471085	0.6939646	-1.0380319
0.18600678	0.5821908	-0.19451696
0.04482782	0.059601724	1.2654253
0.5609386	0.23936051	1.2862331
0.96877277	0.8432451	-1.316694
0.86733717	0.23997211	-1.0905198
0.5020357	0.48707277	0.12390348
0.64753866	0.86081076	-0.45376778
0.10957849	0.14444631	-0.7961115
0.9098045	0.36747587	-0.81707555
0.17127228	0.771922	0.16774866
0.92106	0.27025938	-0.44358903
0.51253724	0.034443498	-0.014457982
0.45517302	0.119763136	-0.25003478
0.62258303	0.047900736	0.68900585
0.050980806	0.5619392	0.9763281
0.27259225	0.7929168	0.3916763
0.1318689	0.0031772852	-0.9387458
0.95568335	0.8275225	-1.46704
0.9888635	0.043552518	-0.8200463
0.8866614	0.8341412	-1.5770547
0.028759241	0.14348143	0.9968086
0.00046944618	0.030432463	0.827508
0.25296175	0.5816083	-0.5094204
0.67800385	0.21402037	-0.07800239
0.7022447	0.3720945	-1.1112653
0.5196919	0.15282786	-0.057404574
0.3301276	0.25409883	-0.45185062
0.8790275	0.6176241	-1.4204162
0.60303503	0.84284914	-0.7229088
0.8640866	0.065492034	-0.7855964
0.5117635	0.86070967	-0.029703073
0.21499008	0.43080062	-0.7616568
0.19229633	0.92691576	0.7794244
0.7059404	0.27531904	-0.07520761
0.084714115	0.2815202	-0.11022114
0.6847982	0.7586579	-0.69368124
0.38361514	0.65717816	0.048024327
0.47437346	0.99436754	-0.4596534
0.28419757	0.16604114	-0.19479212
0.8705341	0.46326417	-0.33214426
0.76733035	0.19453442	0.38456064
0.6175432	0.8808424	-1.0075182
0.4458363	0.13770491	-0.033442006
0.66596854	0.40787423	-1.6484119
0.37690032	0.44302356	0.854338
0.52850085	0.90042865	-0.13613847
0.51991826	0.4412266	0.12614155
0.67533916	0.05281228	0.2235316
0.83313954	0.4677106	0.4608209
0.9013137	0.7924443	-1.3841436
0.14607292	0.6051558	-0.19659902
0.79864395	0.5496389	0.17663029
0.49463123	0.6094429	-0.13872601
0.069806814	0.6598872	0.93322843
0.41796744	0.5551096	0.47540113
0.48859328	0.2938481	-0.48409414
0.687382	0.4517582	-2.292525
0.17677134	0.75585943	0.19004263
0.9554673	0.40179503	1.2362087
0.86374956	0.9173749	-1.6793791
0.56405795	0.32205755	0.93596834
0.8892379	0.4070382	-0.89031345
0.16406816	0.24185431	-0.5498343
0.2813239	0.17205703	-0.21944642
0.66323626	0.5040473	-1.5499862
0.55746984	0.85611784	-0.47306314
0.24838978	0.52882046	-0.7119821
0.9944644	0.8906441	-0.42612138
0.7988423	0.9713077	-1.2892246
0.4135332	0.28958476	1.6740516
0.60005003	0.0022425056	0.5487539
0.20940608	0.31002116	0.034943055
0.5457806	0.7790249	-0.17264175
0.32592225	0.16549534	-0.2971078
0.51323795	0.215846	-0.40336522
0.63739884	0.18568826	0.06527206
0.8066199	0.42824566	-0.121380724
0.17964166	0.95556056	0.03839457
0.23926997	0.8120626	1.8199439
0.22195631	0.38280493	-0.4320443
0.28841144	0.19190425	-0.36257708
0.6903163	0.51251507	-2.2448993
0.045563698	0.45716715	0.6541048
0.8850809	0.744037	-1.7917665
0.41788357	0.46658438	0.49809572
0.75472295	0.08094132	0.62401015
0.97108656	0.50779414	1.7233272
0.5610457	0.5302796	0.1988184
0.09061068	0.62596995	0.10969778
0.49525714	0.23318416	-0.8835514
0.091961265	0.6710753	0.29635978
0.8244302	0.02582699	0.8813942
0.9282083	0.79619217	-0.8907062
0.018401146	0.3066343	0.67184865
0.84960043	0.90179825	-1.6932316
0.8206518	0.1972205	0.50121033
0.45223993	0.7324791	-0.044989254
0.6977277	0.05343139	0.078275494
0.6586773	0.2883075	-0.7069789
0.119600356	0.073719144	-0.7825767
0.377559	0.89555275	-0.78098345
0.9925358	0.014048874	-0.64997554
0.95122856	0.062969446	-0.6705891
0.9496757	0.85949343	-1.0457808
0.9120388	0.27732605	-0.87176216
0.7422243	0.4500035	-0.11648678
0.7623468	0.39221895	-0.2159413
0.38280845	0.84358793	-0.4708721
0.60171986	0.47366822	0.048996195
0.20927721	0.2516694	0.49631283
0.084403396	0.71705526	0.51966035
0.026619852	0.6213367	1.3796268
0.0023742914	0.6589461	0.8471618
0.24049324	0.07183373	1.4880192
0.79962194	0.8574817	-1.4096993
0.84477425	0.999864	-1.6750548
0.7388878	0.6867759	-0.007166475
0.41166133	0.61908793	0.45280972
0.21788621	0.9995313	0.84672374
0.6955222	0.4004274	-1.685098
0.02902162	0.19844544	0.85298616
0.3554657	0.5142838	0.15547422
0.8977989	0.5264412	-1.197736
0.36036855	0.33891904	0.7759917
0.47470856	0.7456149	-0.35573924
0.23050928	0.48464668	-0.9390054
0.7265614	0.8123833	-0.674287
0.16714752	0.09459478	0.07384116
0.97520286	0.7855807	-1.0015944
0.93549883	0.94645983	-0.32159927
0.8814206	0.4976914	-0.6438371
0.2926833	0.36357063	-0.15009086
0.084114075	0.8203642	0.508817
0.76992404	0.49923307	0.14481288
0.41652685	0.25402313	1.3885939
0.7177545	0.45487803	-1.1153005
0.07095182	0.41669762	0.21502747
0.7979045	0.22497672	0.054970786
0.23401892	0.9698026	1.0838478
0.4493904	0.27175474	0.26359448
0.38267905	0.91113067	-0.84235775
0.056405425	0.58782464	1.1237729
0.56378	0.6176099	0.23497352
0.31934333	0.21634382	-0.45395675
0.057754517	0.22894514	1.3263029
0.40197295	0.89115185	-0.867994
0.3355083	0.7474702	-0.48003778
0.838873	0.38136762	0.6155772
0.7996773	0.74201614	-0.55139494
0.30111003	0.9192332	-0.15678431
0.17299354	0.41194254	-0.17992395
0.5593046	0.05612248	1.0423981
0.55786705	0.5992248	0.32908255
0.63087714	0.055241466	0.5542591
0.99649477	0.92701787	-0.2707336
0.03030032	0.25533026	0.6522883
0.51404274	0.3456965	-0.31174046
0.8740001	0.8121405	-1.8376936
0.2926799	0.26371622	-0.3039801
0.76619434	0.06874174	0.4963365
0.541672	0.35963535	0.40546727
0.39184827	0.24409723	1.7256936
0.03626108	0.9847366	0.1232118
0.31089365	0.88374394	-0.4558014
0.20191187	0.44479895	-0.6123876
0.41954976	0.5714543	0.5112213
0.12789446	0.29670215	-1.5417402
0.40828162	0.73590696	-0.10134552
0.8064975	0.53331214	0.050557032
0.73182553	0.5981486	-0.10666325
0.19854522	0.86427146	1.2584482
0.72242016	0.48363322	-0.88380116
0.43912935	0.53157717	0.4089272
0.20119196	0.996521	0.7361632
0.19157308	0.98520297	0.50883305
0.8898621	0.39100367	-0.87897897
0.53829867	0.56929743	0.61143017
0.32639903	0.08872628	-0.59420174
0.1767332	0.51702327	0.003954963
0.71329194	0.97940373	-0.31052524
0.92683935	0.22989714	-0.47090995
0.26391894	0.16674036	0.7096035
0.65076697	0.46995503	-0.68830657
0.29403937	0.009226441	-0.75130844
0.8879632	0.7723943	-1.7478966
0.9499986	0.8190489	-1.4019188
0.39407253	0.4253505	1.340883
0.66031367	0.49558938	-1.424713
0.31957442	0.85841876	-0.6128448
0.6034263	0.4582423	0.1183206
0.19931209	0.23512799	0.35170293
0.46752667	0.24911499	-0.19652109
0.9857143	0.8725643	-0.7289533
0.59572464	0.31851977	0.6057525
0.6857196	0.8478947	-0.79561365
0.64383656	0.87250954	-0.5334546
0.36450464	0.13890117	0.69201416
0.37388712	0.28681624	1.5598469
0.883655	0.7614739	-1.8351195
0.9799497	0.88849574	-0.84797287
0.9598374	0.8815753	-1.0916089
0.77435297	0.98057425	-0.31977
0.108409226	0.88713753	-0.49466243
0.37838358	0.7406647	-0.06857051
0.3383971	0.9894939	-0.7719599
0.11107826	0.074082136	-0.48424262
0.8504966	0.616437	-0.71915096
0.30150872	0.145185	-0.6885124
0.39595252	0.78850377	-0.36528778
0.06946981	0.67903507	1.0345515
0.34938443	0.35666525	0.2238749
0.9240097	0.15261364	-0.9053652
0.14606851	0.7098219	0.058421187
0.71299106	0.76531464	-0.90198165
0.03121078	0.16532171	1.0372102
0.42424077	0.4134701	0.64498496
0.33652246	0.5406909	-0.43271226
0.079547346	0.46181297	-0.0993209
0.475469	0.2190097	-0.53265756
0.8420745	0.9571579	-1.8228402
0.40033573	0.54545015	0.19850396
0.046498537	0.5618599	1.1050885
0.61443686	0.38434792	0.16754635
0.17263442	0.07624632	0.21674067
0.6532292	0.03649658	0.23845907
0.22058034	0.18910033	1.3571353
0.41416734	0.9745758	-1.0369254
0.2715351	0.580044	-0.5887702
0.2523893	0.83756334	1.4315042
0.4313755	0.58053726	0.32474095
0.39311284	0.75795674	-0.34245005
0.75295925	0.65609765	0.6450419
0.6322223	0.11499667	0.4099899
0.98470086	0.81103224	-0.8227141
0.81810385	0.8835049	-1.819913
0.78636396	0.71569234	0.035555128
0.60083723	0.47904718	0.09359284
0.12506199	0.38304836	-1.5577825
0.0063559413	0.5848815	1.0545127
0.7428878	0.19096673	0.5311516
0.27242607	0.58367604	-0.6986757
0.69813603	0.54599655	-1.8234172
0.6304894	0.1938172	0.07038006
0.06431699	0.25063515	1.1222488
0.20414406	0.6585887	0.25190103
0.45709527	0.8566482	-0.15489371
0.42649305	0.4165998	0.54235446
0.6936081	0.16202414	0.24608077
0.39349526	0.7060421	-0.12390345
0.57572615	0.6709135	-0.13546963
0.17193252	0.13124686	0.12048209
0.8686177	0.07307279	-1.1099337
0.090583384	0.40577215	-0.7372056
0.62914026	0.116209686	0.38941956
0.8052521	0.43721873	-0.17631628
0.36973363	0.7299596	0.23967488
0.08399296	0.18616802	0.1858752
0.07286692	0.19113803	0.67764854
0.47860837	0.04453373	-0.5040816
0.5396133	0.18063194	0.51273364
0.10937393	0.57165885	-0.73572797
0.91094345	0.7877333	-1.1467596
0.11600196	0.41725355	-1.6769004
0.16458946	0.16833943	-0.1806022
0.5942389	0.80157185	-0.6331521
0.86150837	0.17510587	-1.1023216
0.569379	0.58556473	0.19276637
0.892192	0.0862807	-1.3938694
0.5177871	0.32706577	-0.32428205
0.37397093	0.28521413	1.5821081
0.69264877	0.952595	-0.66251993
0.011175692	0.15156811	0.76930463
0.719885	0.88023585	-0.4698372
0.6100389	0.48239714	-0.07687776
0.9795445	0.042791724	-0.80927545
0.9289491	0.11889619	-0.90031934
0.79254526	0.8420866	-1.1286601
0.6790577	0.7850614	-0.5671556
0.3195508	0.4893695	-0.66598725
0.0023653507	0.4981599	0.5260003
0.0076898932	0.6227705	1.1046566
0.5427314	0.04746276	0.67976904
0.16980839	0.5535236	0.021931231
0.25650197	0.6523359	-0.063886106
0.39492273	0.644982	-0.052603226
0.018340766	0.043325484	1.1378915
0.78649247	0.9088196	-0.87743276
0.12617207	0.73731726	-0.18843898
0.34836966	0.7084664	0.03774569
0.56542194	0.73208374	-0.318157
0.8148418	0.8637396	-1.702327
0.81114537	0.48887575	0.06566078
0.77233225	0.17402643	0.32359812
0.28066152	0.33168733	0.07401604
0.41522795	0.5455469	0.36289877
0.54482335	0.08018565	0.7781014
0.63080996	0.16546011	0.17389162
0.51546127	0.22171527	-0.3885291
0.013491631	0.21328968	0.8124241
0.9399504	0.35678905	0.32088324
0.3648361	0.9968324	-1.1637946
0.1631695	0.9373152	-0.51401
0.17318165	0.14037281	0.032299336
0.13737291	0.096190155	-0.9593315
0.6596806	0.94549644	-0.7236386
0.07263553	0.1427198	0.49957508
0.5741178	0.465369	0.081111915
0.1129787	0.99719155	-0.4462667
0.26692033	0.92909634	0.8278686
0.72153234	0.13942695	0.23504354
0.3919292	0.28146046	1.8544344
0.37122947	0.07512218	0.5848035
0.517556	0.4149505	0.033558566
0.8110213	0.3303395	-0.052039504
0.49921983	0.22052765	-0.85076034
0.5315333	0.8635455	-0.09466067
0.23006505	0.105053246	1.7550516
0.43927616	0.5639148	0.28138068
0.8214591	0.017277598	0.931919
0.9447922	0.06420863	-0.57787335
0.035200417	0.23897153	0.877653
0.6838224	0.22539926	-0.12683022
0.4005406	0.8005692	-0.5117938
0.6710145	0.9591552	-0.69459075
0.18030083	0.64225066	0.105565965
0.3229652	0.82546234	-0.6803925
0.82276136	0.95218134	-1.880136
0.33056408	0.15850616	-0.23645575
0.8359873	0.42070395	0.5658804
0.6388043	0.9470137	-0.66819227
0.5309407	0.045447946	0.41453856
0.9488044	0.8708298	-1.0364909
0.8586908	0.4415388	-0.0783725
0.8660937	0.5553241	-0.73107445
0.9975527	0.5600827	1.0132486
0.31301975	0.00420779	-0.94408244
0.96852905	0.227615	-0.20266122
0.39086944	0.4588207	0.9937337
0.79115677	0.2209292	-0.074736655
0.50425434	0.44512194	0.04380212
0.9803245	0.7659328	-0.73142844
0.46003693	0.32098514	0.080336906
0.33811206	0.045197725	-0.3936904
0.69446623	0.7728199	-0.8342677
0.7051979	0.25637668	-0.076840505
0.95365465	0.32742763	0.67839617
0.28031158	0.533211	-0.71765095
0.8596559	0.09503472	-0.8473707
0.9019464	0.31542838	-1.1304916
0.883657	0.4715919	-0.6199939
0.16136694	0.35873348	-0.42851138
0.0011404753	0.6267292	0.961438
0.8586191	0.007443905	-0.21771248
0.5699614	0.41887766	0.073670074
0.62981576	0.38285005	-0.17907988
0.039881885	0.27900416	1.0584776
0.9554105	0.7769868	-1.6818844
0.34236997	0.287333	-0.17121208
0.49219	0.53003794	-0.16410443
0.3919052	0.26134336	1.8571079
0.725516	0.16345644	0.2922747
0.2418508	0.43059307	-0.61374086
0.8442814	0.87333095	-1.5459272
0.38350332	0.5586615	0.08823947
0.9666626	0.27072096	0.19813156
0.8612999	0.6106321	-1.2361113
0.03431797	0.58157617	1.1947911
0.8923919	0.83350325	-1.5295262
0.8444903	0.3044665	0.43354473
0.828394	0.47978717	0.38669342
0.92702705	0.16648173	-0.81863904
0.120461464	0.36560833	-1.6324204
0.6646669	0.7976275	-0.2860516
0.98283386	0.17184687	-0.5913867
0.19583601	0.560538	-0.42704543
0.9943864	0.8538178	-0.48922715
0.7528694	0.16142774	0.56898946
0.4842816	0.38583845	-0.027748208
0.373753	0.90837467	-0.74189395
0.8400949	0.89487505	-1.6132872
0.49238497	0.020582557	-0.17024003
0.6923029	0.15211391	0.21685207
0.6199072	0.5454962	-0.3019255
0.17166877	0.4595211	-0.03258008
0.23856312	0.12715816	1.7044271
0.09038305	0.96972865	-0.36505643
0.59687495	0.0072436333	0.5763779
0.17907256	0.46649832	-0.09838125
0.65593004	0.913205	-0.6090175
0.7333113	0.5149253	-0.28612408
0.06645191	0.37776554	0.43870562
0.7561139	0.7025303	0.4716667
0.71480316	0.5619712	-1.1483991
0.03173238	0.9606768	0.39534625
0.69006455	0.8213256	-0.8324757
0.10392022	0.19547737	-0.7676517
0.8416295	0.39995664	0.51243114
0.4137442	0.9231742	-0.9706755
0.43303573	0.08301675	-0.1470285
0.5464612	0.64196986	0.29226553
0.65162516	0.9511717	-0.6242108
0.87231195	0.60467625	-1.3785801
0.37669826	0.43246627	0.9349892
0.038743854	0.18190128	1.0607883
0.41210502	0.9834373	-1.055285
0.27666777	0.2437306	0.064156644
0.98384416	0.7135748	-0.18470211
0.12985426	0.037386417	-0.94830716
0.065377116	0.28641945	0.87279207
0.025470197	0.2939151	0.733413
0.8502855	0.46902472	-0.05403927
0.47959173	0.6478046	-0.2958211
0.06875813	0.4393527	0.3399327
0.8423346	0.28699774	0.41050076
0.34660196	0.7069141	0.009888547
0.574244	0.6071269	0.13589472
0.45254028	0.6273454	0.023468941
0.9800493	0.83251804	-0.94857216
0.03592533	0.6372433	1.4021487
0.75931704	0.57241017	0.73224854
0.88531584	0.54978746	-1.0248672
0.9807367	0.7215501	-0.40011936
0.79603404	0.29212397	-0.40769112
0.21149802	0.50020486	-0.723588
0.3842895	0.7589564	-0.24946041
0.3101936	0.47198302	-0.5313816
0.38086683	0.82514554	-0.3444685
0.08855319	0.9776407	-0.30249372
0.050701022	0.62208754	1.3203262
0.38450497	0.62041086	0.09368336
0.15779984	0.4262548	-0.41761857
0.5658651	0.012809932	1.0084405
0.96001744	0.22150755	-0.31236073
0.06167984	0.11920446	0.8262613
0.095564425	0.30771685	-0.83938074
0.49582362	0.7084283	-0.13281073
0.20989585	0.31582063	-0.014458004
0.37305927	0.87196964	-0.574646
0.7978924	0.26774108	-0.20114361
0.0058131814	0.37679076	0.3853608
0.87714314	0.21416807	-1.6702244
0.49773443	0.73041004	-0.06230058
0.5375865	0.019649625	0.5434343
0.3699268	0.54862946	-0.05253587
0.16484928	0.45060915	-0.13075992
0.20589006	0.5736135	-0.44428614
0.8437852	0.8233707	-1.0485706
0.9192523	0.5163356	-1.0624267
0.7175068	0.26597118	0.032186653
0.020696938	0.85638404	0.77676535
0.6485994	0.82391393	-0.3541421
0.97820234	0.29624587	0.4271426
0.15857023	0.5366969	-0.2023214
0.06613535	0.92215365	0.14136977
0.08912593	0.8335423	0.19082896
0.568516	0.53760844	0.053644463
0.5492497	0.97146875	-0.49310493
0.26140356	0.7649083	0.6063079
0.3430847	0.2827369	-0.121448725
0.22602582	0.7055372	1.0102456
0.20275629	0.5844605	-0.33758017
0.7998193	0.8285361	-1.3232071
0.11793113	0.6143124	-0.64571846
0.8666812	0.5686606	-0.8327795
0.82337826	0.22242266	0.43332353
0.55561244	0.9425644	-0.40766788
0.41052783	0.38351268	1.3910168
0.5878414	0.14957643	0.90306276
0.529166	0.11325747	0.27344242
0.9580949	0.3901928	1.3113801
0.44979155	0.62328225	0.08645945
0.5049934	0.8111303	-0.050267305
0.47167283	0.6956812	-0.20716853
0.17485511	0.34179336	-0.43115065
0.25547773	0.7181082	0.48257405
0.8385853	0.59437865	-0.110197954
0.7885637	0.044743896	0.72337264
0.9591731	0.4647411	1.5175244
0.21984011	0.033775628	1.6566364
0.97746456	0.98659104	-0.36436462
0.67067915	0.2301498	-0.3338179
0.79822385	0.37855405	-0.5681387
0.2775144	0.52187014	-0.6448725
0.30453008	0.37407935	-0.19690254
0.17714769	0.040254295	0.44912565
0.9661707	0.49002558	1.7729007
0.12857991	0.20288128	-1.3597107
0.10785675	0.24732661	-1.0608891
0.7464543	0.24811131	0.49161118
0.9625766	0.29582322	0.42906404
0.73231226	0.18462831	0.44366083
0.321824	0.9877524	-0.37952614
0.8000997	0.37980473	-0.561041
0.3769604	0.29115987	1.6753186
0.7579043	0.59019274	0.758041
0.88343793	0.7193536	-1.8083788
0.18552613	0.8450861	0.54242104
0.63909644	0.114708245	0.26448122
0.8275911	0.22760433	0.35489482
0.32888782	0.22986168	-0.37758347
0.13900042	0.050803363	-0.8546512
0.16574383	0.25186872	-0.51436424
0.03376752	0.009506226	1.3562407
0.84622175	0.31828415	0.4185875
0.28960794	0.26866198	-0.30899876
0.95294505	0.97070605	-0.42537868
0.5487911	0.8298818	-0.3539639
0.80163544	0.2816897	-0.24371648
0.64463365	0.3368714	-0.51711226
0.1985761	0.91650444	1.1071873
0.13206035	0.8629594	-0.45351985
0.7008112	0.8351996	-0.8904901
0.24378753	0.24300772	0.96906996
0.2617584	0.497662	-0.52409685
0.28414094	0.7044086	-0.5738517
0.6869541	0.32152092	-1.0416696
0.8926976	0.8168136	-1.6084899
0.71924764	0.8680054	-0.62225884
0.86655563	0.5825572	-0.9904214
0.6143098	0.26402754	0.41916853
0.2953382	0.421754	-0.087408066
0.34320235	0.099550605	-0.020470262
0.859966	0.49826473	-0.30662203
0.88071597	0.14138097	-1.9292428
0.44370484	0.66428417	0.13754207
0.3116699	0.87054914	-0.5668946
0.80506146	0.9067888	-1.6231521
0.13608825	0.01651138	-0.88413
0.14683497	0.4655938	-0.7286689
0.6283542	0.97255903	-0.42934543
0.95081025	0.991097	-0.35203177
0.13135922	0.47094804	-1.2917597
0.99329567	0.15345961	-0.6716378
0.19370931	0.4148445	-0.39917877
0.6391778	0.5462206	-0.18717666
0.50900066	0.26764667	-0.5052375
0.7556197	0.8197089	0.05745905
0.70585245	0.35761124	-0.7549143
0.93548465	0.7417319	-1.2374982
0.81967306	0.63590896	0.104818985
0.50770545	0.29049963	-0.43646327
0.8286893	0.9965402	-1.696444
0.3238464	0.6477882	-1.1992869
0.39851516	0.21373224	1.3637595
0.60851103	0.29098916	0.6117849
0.79631895	0.05322987	0.8367968
0.8652447	0.27354193	-0.6305749
0.28592694	0.16234648	-0.36501613
0.3188979	0.3145339	-0.50167763
0.614175	0.90961117	-0.9511602
0.3630525	0.36498618	0.87435156
0.6864403	0.2494756	-0.32726935
0.8406046	0.66810226	-0.36345175
0.6113284	0.6860806	-0.7364442
0.11460042	0.3001544	-1.6410761
0.6125902	0.509909	-0.17010406
0.023038626	0.10454041	1.0962862
0.59495604	0.5783639	0.041249294
0.18656778	0.8368701	0.5939815
0.6179717	0.031285882	0.58634543
0.6270323	0.48268205	-0.088578746
0.5506837	0.8780053	-0.36794564
0.28146625	0.2632457	-0.07409723
0.72732097	0.103894055	0.3056746
0.61797225	0.40579987	0.03246685
0.3376	0.70321417	-0.44079438
0.816435	0.25016826	0.3535632
0.11552143	0.668334	-0.2647574
0.6162821	0.22612906	0.23794198
0.6088677	0.8808879	-1.0301412
0.6606569	0.99259585	-0.6760731
0.6859286	0.49814326	-2.2759705
0.08283287	0.93053955	-0.09026379
0.59626573	0.23950487	0.8233529
0.91915125	0.58609265	-1.0855159
0.8579856	0.45600277	-0.10916227
0.51709044	0.7913687	0.035477646
0.90273386	0.28379053	-1.2050304
0.50344163	0.024343073	-0.027319014
0.72542197	0.28346932	0.081418715
0.36110145	0.50918996	0.114700034
0.04371512	0.10272044	1.1635435
0.87956536	0.76377517	-1.8350829
0.6134325	0.600748	-0.38369715
0.51948637	0.45284796	0.21680066
0.66681784	0.08003563	0.18793078
0.7349164	0.53617597	-0.064516485
0.9978915	0.55109835	1.0639077
0.99309385	0.6807795	0.21850906
0.09375465	0.9806726	-0.3118744
0.66059214	0.40060568	-1.3074603
0.056122005	0.7586325	1.4147493
0.92264354	0.012985706	-0.5808179
0.6815265	0.9149797	-0.75654656
0.16408634	0.25012648	-0.4632742
0.58124137	0.30644393	0.69002753
0.63565403	0.21282035	-0.08853006
0.15501857	0.8585434	-0.41104826
0.89351314	0.3624072	-1.1205409
0.086108506	0.49416018	-0.41719157
0.54925823	0.5631107	0.44506988
0.7622627	0.900384	0.13661575
0.85101074	0.32984018	0.36335036
0.9402848	0.43037015	0.21018347
0.6489137	0.106001556	0.19689967
0.24574983	0.20903528	1.2519317
0.5786531	0.7290183	-0.34645283
0.86519027	0.2703567	-0.6570648
0.2961812	0.19836777	-0.5363709
0.258888	0.18500072	0.8069264
0.59826595	0.069012284	0.71399814
0.6063884	0.9240015	-1.0482281
0.13639128	0.2754594	-1.4081075
0.65744376	0.74918145	-0.2793444
0.53347266	0.3381369	0.2302858
0.46590823	0.23445737	-0.2142289
0.5284076	0.74194485	0.14737694
0.41889167	0.40431392	0.9136215
0.29994172	0.7196099	-1.1755807
0.5252938	0.5489273	0.5263531
0.056934834	0.858752	0.9248288
0.41065848	0.5196389	0.44196555
0.8988087	0.48774344	-1.0751253
0.2785641	0.43444592	-0.14885494
0.49295026	0.7233049	-0.18904537
0.8017512	0.07936853	0.7843577
0.86264366	0.7687974	-1.6177431
0.49006826	0.9645173	-0.3101701
0.8077608	0.3261811	-0.16987823
0.7086089	0.61082524	-1.1797975
0.053766906	0.013650358	1.0624192
0.58935726	0.09299272	0.6707144
0.7803224	0.5009888	0.117175505
0.24755031	0.39965326	-0.5234912
0.17921203	0.19366956	-0.100803435
0.56013185	0.833855	-0.57895374
0.94722724	0.870258	-0.9384373
0.87745476	0.52781415	-0.62907124
0.7617816	0.85709494	0.06460793
0.72816586	0.7229313	-0.50314087
0.056139767	0.102306545	0.92358613
0.48923928	0.06096196	-0.5747674
0.42570794	0.3152635	1.1512961
0.46834964	0.4517423	0.04330334
0.38254833	0.5458919	0.15945438
0.8574853	0.77399385	-1.3661692
0.15605319	0.10536426	-0.3847913
0.68983024	0.8986667	-0.78725123
0.046619833	0.09613031	1.1252991
0.53279495	0.7895441	0.07281794
0.033913136	0.34368455	0.83271384
0.13219935	0.47589833	-1.2985979
0.37244958	0.052922547	0.51181346
0.16291499	0.77242315	0.12315731
0.52119434	0.3208046	-0.1530649
0.840202	0.123755455	0.1383977
0.29029197	0.9200282	-0.022524014
0.1305409	0.65035665	-0.38304818
0.33392048	0.96547353	-0.6749532
0.7009204	0.959692	-0.5479752
0.036875963	0.50024414	0.79636073
0.53935593	0.5676185	0.6657641
0.5030121	0.90592927	-0.06937578
0.3873225	0.19252163	1.2718606
0.27519983	0.058044493	0.19463903
0.31124794	0.31913787	-0.41390684
0.9645334	0.5311963	1.4887315
0.64224195	0.31170958	-0.41679925
0.94638395	0.9637284	-0.38373342
0.9456847	0.7277641	-1.4558215
0.35511637	0.7531477	0.23899704
0.84277785	0.9364578	-1.8196585
0.5835537	0.09177005	0.6198991
0.40833914	0.25062865	1.5634559
0.6413144	0.4350074	-0.34935078
0.8170996	0.32386857	0.2286153
0.8047836	0.49824935	0.06381414
0.8836036	0.3988796	-0.79050195
0.15456891	0.6071299	0.03780423
0.39650595	0.9804755	-0.98484075
0.046254992	0.3955105	0.77591
0.9938412	0.054807723	-0.7446807
0.80380094	0.36097825	-0.41916963
0.43635935	0.6195497	0.20934841
0.99149483	0.5738962	1.0190729
0.071044624	0.8917515	0.4023165
0.58741975	0.49483037	0.044917848
0.35042745	0.7425606	0.12061742
0.93756413	0.64343804	-0.94457984
0.2078082	0.09568286	1.2674867
0.5004557	0.7865783	-0.13060254
0.7329875	0.8571685	-0.30580065
0.31087446	0.18666613	-0.4503252
0.9903967	0.8022888	-0.5484219
0.1115247	0.92143875	-0.5122481
0.074513435	0.6837837	0.8489742
0.88336325	0.07916731	-1.5341854
0.49018294	0.67768246	-0.34401748
0.48920482	0.5855623	-0.24638365
0.86866504	0.38449794	-0.23167652
0.971614	0.6945658	-0.48194036
0.40432644	0.5350803	0.29696706
0.80918276	0.6889478	-0.09346755
0.7520394	0.16291648	0.5867889
0.30999082	0.4474331	-0.37623948
0.97828966	0.29885292	0.49106428
0.8991371	0.29304487	-1.2601297
0.7311292	0.46316868	-0.46742454
0.6734425	0.34019774	-1.2727745
0.43395013	0.09066433	-0.14367583
0.78439635	0.8119163	-0.5614069
0.34997588	0.6160942	-0.028306926
0.542927	0.44453406	0.375321
0.77570325	0.04701537	0.6596688
0.3368714	0.83293176	-0.46011668
0.6101322	0.44415486	0.055433862
0.92815584	0.23456252	-0.34982753
0.031005442	0.2745266	0.71566325
0.08677608	0.07729721	0.013800278
0.49568892	0.80543226	-0.22856149
0.9593719	0.112176776	-0.9037159
0.7106999	0.12977493	0.057508383
0.38240623	0.83118033	-0.4745872
0.012722015	0.291484	0.6736381
0.44315338	0.15403402	0.004779435
0.41671628	0.8821853	-0.6126743
0.7749989	0.37731218	-0.55149406
0.8944589	0.95773005	-0.914532
0.08652228	0.5838302	-0.014212981
0.71592546	0.5959328	-0.96811736
0.8366551	0.81417125	-1.0524695
0.047056377	0.97860414	-0.09036048
0.30718333	0.251204	-0.48826283
0.9228005	0.98896956	-0.23385134
0.32318246	0.2951004	-0.5180034
0.8907194	0.93677837	-1.0547687
0.86269057	0.0036495924	-0.32917473
0.71132946	0.46846086	-1.4627421
0.8325475	0.45351475	0.5006946
0.6725975	0.28050512	-0.67425567
0.852906	0.6545941	-1.0592413
0.022257507	0.7767548	0.87124133
0.1382531	0.47490746	-1.072789
0.78957117	0.39597255	-0.6352636
0.44569874	0.93328714	-0.32149523
0.14535987	0.15251082	-0.8351263
0.925706	0.79590654	-0.85046846
0.44149876	0.5057795	0.37583277
0.92324346	0.79798454	-0.9225102
0.13074833	0.8397648	-0.42909828
0.07896602	0.4530707	-0.13103189
0.17381644	0.59479034	0.04204997
0.4794011	0.11123037	-0.67979866
0.8047484	0.08661562	0.90706265
0.37113726	0.28777725	1.4811906
0.9054643	0.07155472	-1.1001251
0.7372331	0.07642788	0.4986131
0.7755197	0.04870212	0.65628564
0.44949967	0.6040594	0.08686769
0.81183267	0.1814068	0.5348728
0.10490745	0.56651384	-0.72605777
0.82868034	0.32187283	0.4884366
0.5606844	0.0060944557	0.97762376
0.69078475	0.5013409	-2.19632
0.8104723	0.49046105	0.051146705
0.23368579	0.4600048	-0.8425718
0.6205998	0.78520036	-1.0080657
0.8900669	0.63832796	-1.5507965
0.8116936	0.7657696	-0.81083274
0.90574235	0.5220733	-1.2472408
0.36627227	0.9308084	-0.83613855
0.14714348	0.09140992	-0.69110006
0.69518083	0.57902807	-1.6348568
0.65091455	0.3838436	-0.75413215
0.72985595	0.77328265	-0.6100069
0.7100977	0.048906982	0.077658474
0.18316972	0.037013352	0.592572
0.022269785	0.39640415	0.3118098
0.8513952	0.48731512	-0.16889292
0.2886117	0.51651686	-0.73015165
0.8556975	0.7999786	-1.2296544
0.27591145	0.24430466	0.083650865
0.91975653	0.95913184	-0.24130267
0.08896518	0.02851671	0.04058797
0.88524824	0.30106014	-1.2202795
0.9081608	0.73637736	-1.251148
0.81911665	0.42926133	0.2873752
0.7053116	0.5349057	-1.6890365
0.84414357	0.80566305	-0.899299
0.24888009	0.61484	-0.21916728
0.22988647	0.61355156	-0.23925011
0.11288524	0.0013957024	-0.4373494
0.30843413	0.629581	-1.3828586
0.0034140944	0.97854733	0.35265118
0.5851596	0.43592036	0.1484859
0.5490779	0.689365	0.0220979
0.79160035	0.35814083	-0.6602762
0.45035857	0.92714286	-0.3383046
0.41074598	0.3001451	1.7019479
0.51464915	0.19870055	-0.30776113
0.069259465	0.1995796	0.78596365
0.5466972	0.9171627	-0.26490253
0.3128894	0.96706	-0.25128374
0.89950603	0.6147447	-1.2943248
0.21729755	0.48576897	-0.8928594
0.50361687	0.70470744	0.017699452
0.10342085	0.65536445	-0.086585134
0.54432756	0.33575714	0.59641886
0.7553764	0.2372173	0.41764802
0.39122444	0.8615062	-0.69025755
0.6916238	0.10354066	0.15270925
0.58765286	0.49456257	0.099313766
0.14571935	0.18971026	-0.85471666
0.84376234	0.19463152	-0.023898743
0.5289509	0.90002036	-0.1499485
0.4817558	0.98172575	-0.50415695
0.17032629	0.24553615	-0.53238344
0.67423075	0.7285444	-0.76550084
0.40478826	0.69254196	0.036389858
0.5416918	0.99258	-0.3320728
0.93871707	0.9868721	-0.3011903
0.46682358	0.10808045	-0.4193651
0.25763226	0.5104461	-0.6440105
0.767192	0.5694759	0.72797346
0.74347	0.90756875	0.055579886
0.16319948	0.63408405	0.16266221
0.9157492	0.7609403	-1.1327562
0.38923562	0.03421378	0.12119689
0.49599534	0.117423594	-0.61516994
0.5703147	0.67383516	-0.17987993
0.9125052	0.5918266	-1.2038596
0.70855105	0.87558055	-0.73077714
0.0075193048	0.9897783	0.29273844
0.81047	0.24783486	0.18547983
0.55168664	0.5411888	0.3328001
0.48161274	0.34754723	-0.26292664
0.6594747	0.8379812	-0.31852087
0.13087773	0.18900537	-1.2751353
0.13764489	0.17723656	-0.9853312
0.15228647	0.59606516	-0.11396861
0.9128929	0.44874156	-0.9922644
0.2955535	0.8897184	-0.15936695
0.67415524	0.40764993	-1.9050386
0.8466389	0.44403887	0.2762177
0.8825912	0.86140096	-1.5278704
0.006910205	0.63600177	1.089027
0.41710836	0.39724845	1.0500883
0.14884168	0.46106923	-0.7150601
0.09361929	0.8210633	0.02553437
0.5650842	0.9828206	-0.50409937
0.108730555	0.7898836	-0.28719425
0.46940827	0.7383466	-0.23721214
0.9303734	0.24715	-0.21961458
0.59018165	0.90671	-1.0190207
0.70066947	0.8766782	-0.8115235
0.8318835	0.022873163	0.64489794
0.04667461	0.19052827	1.3135502
0.7403277	0.4026404	-0.035178483
0.44532025	0.60333824	0.14623035
0.5778693	0.62011385	-0.0005548224
0.012498617	0.61441755	1.2529128
0.34389377	0.28399307	-0.060699843
0.59636635	0.14796132	0.7904682
0.99978673	0.8532629	-0.3749023
0.78866595	0.009008765	0.76663697
0.29686654	0.11676794	-0.8268992
0.2425754	0.70280075	0.5737032
0.76561064	0.9038555	0.081648126
0.1868617	0.5025795	-0.23592304
0.29340702	0.45044786	-0.30748057
0.07306588	0.4827876	0.23949988
0.5478717	0.62869024	0.29458833
0.98712504	0.062496662	-0.8456486
0.84686655	0.76385486	-0.75893587
0.80263627	0.84106874	-1.4067911
0.67725134	0.4576025	-2.251341
0.015517056	0.5551788	0.9619497
0.41745234	0.4575587	0.48289242
0.7294808	0.42898571	-0.616678
0.39205796	0.83079696	-0.5183468
0.65943474	0.34670407	-1.0288581
0.6668362	0.39514637	-1.5831887
0.024424791	0.4730956	0.46779686
0.49546295	0.39201432	-0.15170762
0.56248194	0.25853336	1.2387011
0.86204773	0.49714363	-0.32438642
0.586617	0.2803138	0.83813465
0.4326703	0.6149541	0.2731877
0.4602583	0.42158103	0.14359091
0.10039663	0.34497952	-1.1925311
0.5249516	0.063442886	0.23192203
0.8486634	0.63172233	-0.68919927
0.26244128	0.35064387	0.018396446
0.1875751	0.3268314	-0.5592666
0.21740025	0.55805963	-0.7467205
0.40016997	0.77229494	-0.42114645
0.84706557	0.81224096	-0.95795697
0.49494082	0.22473699	-0.90689844
0.4327004	0.91959023	-0.32679474
0.12685823	0.0034213662	-0.8511842
0.45064932	0.5114882	0.2561457
0.020782828	0.8774352	0.7852821
0.41651434	0.6036712	0.5602435
0.9274195	0.40540612	-0.3969798
0.066871226	0.02805829	0.6198434
0.5700439	0.6240646	0.12368505
0.77773356	0.4239831	-0.47081193
0.5042994	0.403749	-0.14473215
0.7630317	0.5142893	0.24424697
0.5201095	0.93847334	-0.15629221
0.230865	0.4127791	-0.6181588
0.6837563	0.46402746	-2.3114953
0.79912364	0.5902997	0.21023545
0.41377115	0.284011	1.6131262
0.14984304	0.8571507	-0.38320848
0.22312373	0.13229167	1.676354
0.27562404	0.39635247	0.040639568
0.923606	0.4931063	-0.9453714
0.89238083	0.007792771	-0.51058763
0.5370154	0.86017793	-0.1455208
0.9624968	0.5897134	0.6902739
0.1768617	0.9858755	-0.103505105
0.86364704	0.98404497	-1.5526649
0.42990077	0.81284684	0.029616768
0.88302195	0.010861158	-0.68999463
0.07967991	0.28571713	0.13808861
0.5002293	0.02723831	-0.1082214
0.21037924	0.7597833	1.25758
0.8835611	0.06298405	-1.2480693
0.6190368	0.023208499	0.60273045
0.35216898	0.78937477	0.16176593
0.23824614	0.62812614	-0.09872463
0.066040695	0.54040766	0.6713682
0.94695306	0.56221217	0.108674005
0.5609105	0.6805422	-0.062014356
0.9825035	0.70634437	-0.17033808
0.8867187	0.35388398	-1.0720454
0.31132543	0.99874425	-0.13084188
0.5063888	0.27096432	-0.55333954
0.5950227	0.75537187	-0.6625819
0.62631625	0.73748636	-0.7420256
0.7595301	0.97771597	0.122918956
0.8470842	0.050863206	0.13401327
0.32553697	0.22292751	-0.4393301
0.8620352	0.3885228	0.0376882
0.79867536	0.5542496	0.17086764
0.89908785	0.42165995	-0.9062721
0.76463103	0.7558811	0.08920394
0.8488313	0.7224376	-0.82126516
0.21236575	0.14653063	1.2403888
0.18568355	0.73871464	0.1652773
0.3001501	0.8098582	-0.67790717
0.23089832	0.29138792	0.45001578
0.37567705	0.3446412	1.6062986
0.79168606	0.7081788	-0.123778574
0.5291033	0.6105485	0.46306375
0.61003035	0.37611705	0.21494094
0.92207175	0.110390246	-0.98437464
0.48286432	0.11535764	-0.75617516
0.44143677	0.79766977	0.0075021875
0.8433172	0.18721622	0.016268786
0.9639584	0.25731272	0.082520634
0.06989032	0.5381641	0.5484565
0.53722614	0.22964305	0.46521348
0.0768345	0.054219842	0.27080786
0.56549597	0.96179503	-0.47204736
0.09896052	0.2196312	-0.66377074
0.6663845	0.64125764	-1.211585
0.99896204	0.9132673	-0.26864475
0.6958727	0.15743566	0.22576772
0.62137794	0.7886332	-0.97298336
0.7074605	0.7440321	-0.9198811
0.3522396	0.28337502	0.29581788
0.6742939	0.15648204	0.28476602
0.6126209	0.7645768	-0.8919612
0.841496	0.31036925	0.535091
0.9091793	0.2802382	-0.951886
0.82431906	0.5956776	0.16234013
0.5312067	0.040678203	0.39583626
0.6968838	0.329118	-0.7838659
0.45947427	0.05759144	-0.3977186
0.31761605	0.3752259	-0.32857347
0.19273883	0.8036408	0.8689625
0.68336093	0.7099249	-0.9405855
0.63870203	0.61898696	-0.44295603
0.8459639	0.45903748	0.23945448
0.25381547	0.004685104	0.5598401
0.87946624	0.27046293	-1.3060725
0.1601631	0.9749787	-0.52306277
0.46098137	0.65380347	-0.17913584
0.054552913	0.5155393	0.7646589
0.4924925	0.124575555	-0.7681897
0.4371634	0.44524062	0.2502427
0.63223743	0.38838667	-0.2528445
0.77249694	0.17095733	0.3199456
0.67802423	0.3679405	-1.578108
0.1408081	0.07365304	-0.87982553
0.19033474	0.35710222	-0.5910802
0.6356617	0.1957888	-0.018738374
0.2971353	0.42273057	-0.13100666
0.8917311	0.027573705	-0.6660608
0.94996524	0.0662781	-0.75781614
0.033840954	0.8079926	1.2302908
0.97552234	0.89026964	-0.8965349
0.23437697	0.58212596	-0.5283707
0.1247496	0.4205901	-1.5794504
0.9466905	0.23756248	-0.1923698
0.68709964	0.49510437	-2.3782725
0.8615922	0.06140989	-0.69251966
0.9584776	0.8517078	-1.3562845
0.16382694	0.944586	-0.51407796
0.14956886	0.045912445	-0.6562152
0.07562524	0.599908	0.5544539
0.2801205	0.21335816	-0.0834627
0.6948022	0.16437185	0.18776298
0.57371676	0.8213052	-0.7986659
0.28472453	0.34852546	-0.09556313
0.65761286	0.77979785	-0.22241724
0.2885561	0.54163134	-0.90156466
0.061127007	0.12148392	0.9255039
0.1716749	0.7051664	0.23018195
0.7239861	0.52762395	-0.7114808
0.7928301	0.90515065	-1.1714778
0.2746325	0.57391024	-0.6515319
0.3480239	0.9338065	-0.9767888
0.9560905	0.49917424	1.3102697
0.3263728	0.37913132	-0.37357098
0.12242842	0.45223773	-1.5089613
0.9765201	0.10613048	-0.8174737
0.5757124	0.95210415	-0.7535156
0.36689895	0.1544624	0.8430916
0.118525565	0.3463621	-1.7606746
0.61803573	0.22655833	0.16051206
0.5535121	0.9266759	-0.36233756
0.45116812	0.70608574	0.08861884
0.7857463	0.7537756	-0.20689462
0.669564	0.9476516	-0.780465
0.09489334	0.6548128	0.120520726
0.73060054	0.179344	0.43193415
0.6962212	0.9854519	-0.5159356
0.36044508	0.83729494	0.00040919706
0.3555004	0.8544474	-0.18965217
0.7351863	0.748419	-0.35400647
0.5503219	0.7213926	-0.10105267
0.9852985	0.9147454	-0.48503605
0.055137277	0.3809389	0.7946787
0.09207338	0.523391	-0.6315318
0.120592654	0.26915318	-1.5262709
0.8400084	0.13304186	0.16508493
0.674957	0.09270829	0.28092843
0.18611062	0.062262416	0.728642
0.59802353	0.68412286	-0.4778384
0.3337373	0.28328568	-0.4854132
0.44774455	0.85459125	-0.07500076
0.7774084	0.58623636	0.8036029
0.85885465	0.27133816	-0.29757234
0.08699131	0.62810296	0.29165706
0.83076864	0.17772615	0.43433982
0.26072013	0.3140424	0.25465927
0.32939392	0.74021167	-0.76427877
0.012406886	0.4490643	0.22518404
0.8888392	0.06462407	-1.2287586
0.70953465	0.9785382	-0.36140308
0.7641843	0.85329306	0.076836355
0.2737955	0.6989933	-0.27970937
0.45042104	0.02295196	-0.41281486
0.10739666	0.81287426	-0.36101037
0.9604547	0.5261585	1.3153025
0.8069445	0.19787163	0.40378696
0.61522996	0.19095051	0.20182072
0.6189389	0.48077118	-0.07257055
0.7797778	0.8462114	-0.4596228
0.37753618	0.19897181	1.3272911
0.61668587	0.21894503	0.20180458
0.7383475	0.54934025	0.14162049
0.045544446	0.6229153	1.3661131
0.07844508	0.83535504	0.63591343
0.6761222	0.64734286	-1.2626255
0.07991356	0.42033988	-0.20907232
0.949066	0.755978	-1.5353153
0.17931801	0.74544334	0.2145956
0.37262136	0.58280426	-0.049376305
0.54074216	0.9419529	-0.22877632
0.10809755	0.23563719	-1.0565848
0.2954995	0.56656957	-0.9981753
0.87837934	0.6613369	-1.7402637
0.84341234	0.16441596	-0.015660377
0.20461881	0.14281517	0.90379846
0.53231853	0.4439848	0.43661538
0.7052317	0.8789351	-0.7732096
0.90671605	0.14335996	-1.3435528
0.72634673	0.3214528	-0.12117036
0.78690106	0.9403759	-0.7897829
0.21885347	0.6410317	0.05597905
0.004647732	0.75840145	0.35724378
0.5180106	0.77525926	0.14830779
0.7651238	0.47852582	0.014412498
0.25419408	0.89029366	1.2367984
0.2292921	0.019578516	1.59799
0.4631939	0.11828691	-0.42758772
0.4114856	0.32691318	1.7598697
0.13268411	0.07148653	-0.96782404
0.004194379	0.56184113	0.876622
0.004709184	0.13071251	0.81228393
0.26028174	0.13737041	0.9527475
0.65392286	0.08256143	0.19962893
0.76744217	0.34029925	-0.24811698
0.2563346	0.22088355	0.8262807
0.22620136	0.94815767	1.3396528
0.9859311	0.6246996	0.5565022
0.045761406	0.36702746	0.9223758
0.5047374	0.11098534	-0.39830807
0.42040372	0.83554196	-0.3058474
0.9862135	0.91448534	-0.47175094
0.6754146	0.2925675	-0.7988365
0.5726216	0.6422963	0.012216775
0.31922907	0.6319327	-1.279939
0.54052025	0.10338485	0.6173821
0.57875174	0.05025941	0.7679767
0.5428986	0.12828344	0.6653787
0.06512892	0.63259363	1.0221353
0.2935295	0.9661171	0.13969523
0.27134734	0.4024778	-0.034559432
0.76182914	0.23263687	0.36067197
0.5188764	0.7643114	0.14694324
0.40861434	0.96893334	-1.0413499
0.85126686	0.68346465	-1.0088288
0.025316656	0.26526064	0.67559797
0.33074838	0.44325346	-0.28736955
0.7362071	0.43872148	-0.20799078
0.920961	0.18309975	-0.8603679
0.28817683	0.48703206	-0.58640707
0.9355339	0.11238325	-0.6969543
0.9134135	0.6203589	-1.1176211
0.76618576	0.20606303	0.33386153
0.27305275	0.84474504	0.7599993
0.2931021	0.16156185	-0.5833263
0.31714147	0.115300655	-0.7467958
0.15894407	0.22959459	-0.542541
0.6620751	0.73868084	-0.39857367
0.51761144	0.9934311	-0.20608743
0.559971	0.77848166	-0.36838943
0.56192875	0.23752135	1.3472679
0.55048156	0.8849805	-0.36249796
0.6379095	0.42583883	-0.30718184
0.9081663	0.82223266	-1.0208809
0.14505059	0.47285402	-0.8384714
0.9909654	0.40533173	1.342636
0.36248118	0.4112599	0.7114092
0.43024063	0.9629463	-0.73521715
0.7024193	0.8508823	-0.83526915
0.85602427	0.16418451	-0.8602583
0.33515263	0.8159188	-0.4029774
0.96467435	0.30575228	0.5713033
0.41880673	0.40330774	0.944123
0.80083644	0.14707649	0.49827588
0.3435784	0.9731497	-0.92187285
0.5861888	0.7093142	-0.25984368
0.033887625	0.55378777	1.0599303
0.07157493	0.7953179	0.97484845
0.9012916	0.4341793	-0.96969646
0.9940162	0.5525429	1.179989
0.52125645	0.2635014	-0.18282849
0.60270375	0.3225847	0.5476124
0.80242187	0.2774017	-0.12293038
0.82942563	0.7949709	-0.88576776
0.21120435	0.21239334	0.88978845
0.33157098	0.3440531	-0.35509628
0.25116336	0.53575003	-0.7069747
0.98758227	0.37523472	1.1501101
0.057267368	0.30721682	1.1275575
0.24595332	0.48628515	-0.84877294
0.89001405	0.24298179	-1.6877412
0.89121616	0.8929215	-1.2513883
0.16439188	0.6249388	0.19025618
0.700292	0.49014056	-1.9572433
0.667526	0.36071408	-1.405837
0.6785424	0.6429037	-1.3344969
0.4073254	0.3843971	1.4428225
0.58710665	0.07604611	0.66564447
0.6383026	0.11671603	0.22626866
0.6999124	0.021286607	0.055139475
0.44435292	0.78425515	0.034170598
0.94982356	0.38769656	0.901494
0.1926105	0.08644462	0.811567
0.32118285	0.55628186	-0.89655817
0.89903796	0.666683	-1.4415725
0.13231611	0.039518654	-1.0060976
0.81249857	0.40317953	-0.010902055
0.18181485	0.5842173	-0.057176232
0.8100375	0.2320922	0.31076515
0.2725572	0.4803092	-0.37427324
0.15176684	0.6999599	0.078063555
0.8870417	0.13280392	-1.9152296
0.1464622	0.041074395	-0.72087497
0.009588599	0.5143632	0.6234782
0.66112053	0.6596419	-0.97047925
0.0709964	0.16279536	0.62162054
0.21855205	0.37379688	-0.43231833
0.8942557	0.7615015	-1.6027374
0.4414314	0.2515772	0.4993295
0.80892533	0.59614605	0.13602114
0.24800682	0.6838386	0.32764703
0.30147678	0.08665037	-0.9911909
0.92100394	0.0769943	-0.9321904
0.37184376	0.53876746	-0.028276544
0.122124076	0.35450077	-1.681013
0.5083475	0.49203205	0.16838862
0.5031616	0.7702669	-0.058553725
0.51201946	0.7279591	0.14994515
0.8843833	0.86145896	-1.5627999
0.91488636	0.20406997	-0.9859959
0.45711178	0.74653155	-0.17280254
0.29776818	0.41086036	-0.10128893
0.23414832	0.21129417	1.2952298
0.7577181	0.04432243	0.5082522
0.13039511	0.08656037	-1.0478345
0.8593571	0.07690525	-0.71303076
0.30763042	0.2864607	-0.39193887
0.6823512	0.08311963	0.21329859
0.3825662	0.6787484	-0.04615707
0.0303635	0.27728987	0.6845721
0.025764287	0.051847935	1.2742829
0.07685834	0.36145627	-0.070188485
0.7697834	0.39224535	-0.42341033
0.030862212	0.78917116	1.2636237
0.56799144	0.7871345	-0.560279
0.6262764	0.22881615	-0.06652747
0.52153677	0.5500635	0.38262308
0.6369818	0.3511567	-0.34619665
0.6626648	0.28789347	-0.7146136
0.3196488	0.8810311	-0.5802265
0.25699365	0.5513804	-0.61160946
0.9416832	0.20890641	-0.4393874
0.3577966	0.8921601	-0.5305377
0.48443544	0.49241126	-0.14784576
0.76036733	0.04899925	0.37453443
0.59898704	0.5929109	-0.1340135
0.6260635	0.51867974	-0.1645269
0.19088858	0.3210783	-0.49826416
0.587455	0.881893	-0.92023283
0.68009156	0.45430326	-2.2891688
0.24626338	0.6766896	0.22556269
0.5546207	0.6843284	0.066116825
0.20295346	0.65183365	0.15205224
0.67437357	0.9985271	-0.66983485
0.92341465	0.9396212	-0.25591102
0.41686833	0.78899246	-0.24530114
0.27310425	0.93960613	0.6337988
0.46933663	0.36551195	-0.089308456
0.9054327	0.85053843	-0.96402043
0.37396616	0.18414795	1.130951
0.6018784	0.75085324	-0.6901393
0.107132554	0.4677263	-1.5567846
0.85242164	0.01090008	-0.03057823
0.36000204	0.47519666	0.30338544
0.41714084	0.014567852	-0.4923677
0.83351415	0.026723504	0.54828686
0.5047863	0.24739051	-0.6569368
0.156008	0.26345652	-0.66608936
0.36342227	0.7047344	0.2695967
0.27872622	0.2335738	0.0019018948
0.24851066	0.81941974	1.5768273
0.05301708	0.077893555	1.0292977
0.27427816	0.22692221	0.13723254
0.3308252	0.9574499	-0.5797565
0.11822611	0.70025915	-0.22555025
0.39299464	0.030398548	0.08507599
0.76553506	0.98472196	0.023120461
0.9790591	0.31244648	0.6179459
0.64912224	0.6324765	-0.6327654
0.2611323	0.68136585	-0.0015399475
0.09779894	0.22776347	-0.49127182
0.67777365	0.9062241	-0.70089555
0.71453714	0.0072787404	0.16138636
0.18311709	0.7443434	0.22155578
0.81914115	0.75313246	-0.5658109
0.917572	0.75554377	-1.0727136
0.56149006	0.9051854	-0.54591674
0.45629638	0.84129035	-0.08859302
0.3623485	0.35898542	0.8376271
0.66839015	0.9819943	-0.7502331
0.44216794	0.45897985	0.26378933
0.10964936	0.92577076	-0.5006525
0.5231968	0.48472422	0.28538188
0.5963135	0.4967398	0.0670427
0.17677665	0.6907075	0.1910961
0.18921775	0.23411715	0.10257049
0.01407069	0.67218846	1.0246152
0.4400373	0.08963007	-0.21300831
0.486602	0.07622433	-0.6167364
0.10602474	0.6186455	-0.25360504
0.6613885	0.7332188	-0.3995952
0.79649484	0.65766966	0.15938531
0.28815532	0.97332084	0.21617742
0.09782618	0.34992164	-0.99407804
0.16463894	0.58271277	-0.00807986
0.6988021	0.077285945	0.06486837
0.99547786	0.47958785	1.3823161
0.99266094	0.87093973	-0.5175336
0.10870916	0.6577156	-0.14327915
0.1308831	0.91553444	-0.5118863
0.26337284	0.80541295	0.8573756
0.24928015	0.14623976	1.4172155
0.8574218	0.058552265	-0.48053503
0.6312446	0.47148854	-0.14342728
0.8583185	0.051325917	-0.49166426
0.49985313	0.14616442	-0.6854456
0.55577314	0.3114887	0.92504644
0.38411677	0.5065532	0.43277326
0.25029403	0.69982266	0.47037897
0.7106241	0.7932064	-0.8415181
0.14681584	0.10639036	-0.6516206
0.13323957	0.056260943	-0.9944131
0.20733953	0.79623884	1.4104304
0.56082606	0.9917954	-0.4117739
0.38255066	0.80072767	-0.30013826
0.5096834	0.7627802	-0.006015504
0.40663362	0.6761364	0.1359306
0.42123848	0.31446457	1.4092939
0.95336896	0.061754704	-0.7463036
0.54433227	0.45908415	0.3933531
0.3468951	0.18272978	0.039084204
0.58483267	0.77358854	-0.6455702
0.20844	0.087503254	1.3176922
0.034816504	0.40687513	0.54832625
0.5176096	0.39789325	-0.037071608
0.8901283	0.34947628	-1.0976521
0.17693704	0.38139945	-0.35287046
0.8925032	0.27296323	-1.5556381
0.49700284	0.6276779	-0.042990126
0.2239523	0.39266068	-0.4888491
0.584117	0.43885434	-0.047921777
0.9848438	0.08320451	-0.8538465
0.36476415	0.6683696	0.17988385
0.56752884	0.9564485	-0.49405348
0.17736506	0.85371953	0.16712354
0.9136369	0.5999249	-1.2125963
0.32348347	0.9083325	-0.59048796
0.0035027266	0.55053943	0.86676407
0.9048543	0.6350005	-1.1746761
0.40442646	0.5497782	0.29809773
0.03685373	0.42459464	0.56267166
0.54393804	0.9653454	-0.2877744
0.90672594	0.95522	-0.4094918
0.6752276	0.7786384	-0.42672345
0.398484	0.14850748	0.67185426
0.28439248	0.3711241	-0.020212397
0.20058191	0.9605089	0.9661624
0.16388148	0.21238828	-0.36718315
0.2520784	0.40719765	-0.4974924
0.93375605	0.2689376	-0.11880478
0.6971106	0.7422668	-0.90200025
0.38238752	0.33142138	1.8524503
0.690678	0.018775642	0.15825517
0.12546426	0.43400323	-1.5243285
0.13916391	0.58169585	-0.5854495
0.41051543	0.8608773	-0.6752698
0.44198495	0.8092609	0.04384038
0.7506606	0.40938145	0.052698363
0.2747078	0.03410065	0.18165724
0.7289068	0.4439364	-0.6017834
0.8610321	0.61794424	-1.2443666
0.47273034	0.55848587	-0.18048266
0.681193	0.23631006	-0.24030189
0.3743078	0.33346033	1.5874759
0.43500668	0.2523129	0.68451214
0.61927265	0.2959295	0.26361993
0.20515329	0.24585456	0.46240738
0.37504226	0.6922215	0.012438523
0.1399374	0.99120057	-0.4713324
0.4806034	0.675408	-0.3761353
0.66874164	0.035110533	0.21833651
0.252679	0.041182816	0.8571419
0.37478304	0.5396663	0.04447367
0.32967007	0.384583	-0.29381487
0.35259616	0.94303244	-1.0280784
0.9061121	0.74522454	-1.2955958
0.13204032	0.023457646	-0.9594421
0.32113838	0.885657	-0.60175806
0.2567696	0.5861907	-0.46991837
0.90230536	0.46082312	-1.084806
0.9267515	0.5693907	-0.9445269
0.67888033	0.9884396	-0.6765279
0.03928888	0.28515202	1.049648
0.8312441	0.4234935	0.6204005
0.7188556	0.3068412	-0.105915755
0.44291753	0.8186387	-0.027490187
0.33965737	0.7326368	-0.3379242
0.016150534	0.5714395	1.1169711
0.58485276	0.14975321	0.9446974
0.3080278	0.77597106	-0.99864185
0.7745226	0.5803911	0.79103583
0.18286645	0.8482406	0.3985745
0.75031716	0.279873	0.4127766
0.5531705	0.8391479	-0.42624235
0.19416696	0.97515744	0.62954295
0.40768743	0.61030823	0.3595132
0.806888	0.97988397	-1.5835303
0.41714066	0.9983532	-1.0508639
0.5925277	0.9094993	-1.0234764
0.29723984	0.4620294	-0.3862584
0.661088	0.3040403	-0.90313584
0.96298313	0.3034727	0.5915507
0.68366176	0.88248277	-0.74376583
0.21556854	0.03934759	1.6368071
0.34131598	0.63288265	-0.32916513
0.41391712	0.34747756	1.547276
0.44157732	0.5586496	0.2950554
0.7427057	0.24319577	0.4897927
0.662787	0.23717779	-0.46555498
0.7678711	0.8694649	-0.047692798
0.3001328	0.23479372	-0.5172497
0.91661066	0.41079617	-0.77119166
0.39900106	0.8899646	-0.8576962
0.49740118	0.07134926	-0.44917986
0.2523073	0.37008524	-0.22188932
0.76605725	0.9682206	-0.009942329
0.95404536	0.16377723	-0.74747926
0.35828203	0.205652	0.55067647
0.515024	0.5724731	0.33504587
0.63466996	0.29202008	-0.26918727
0.2646919	0.081730545	0.7413042
0.37008142	0.5133378	0.14767843
0.8359902	0.06967723	0.47544837
0.07364714	0.03038168	0.36883345
0.9978416	0.4098071	1.16383
0.76447606	0.46984833	-0.07507283
0.4131785	0.65245974	0.4402475
0.32272822	0.25403482	-0.5707115
0.0069776177	0.42347747	0.2533289
0.18860048	0.6121821	-0.0975888
0.81327343	0.116286516	0.86559194
0.4284001	0.7873683	0.0145004615
0.032953322	0.82727313	1.2642392
0.36742282	0.15611047	0.8047784
0.33199847	0.54780215	-0.5754249
0.30579716	0.036678195	-1.0720906
0.8883543	0.32414776	-1.1864874
0.7386076	0.61338824	0.24931027
0.049067438	0.18497986	1.2685935
0.4396999	0.34688675	0.5562364
0.581559	0.05528778	0.8178622
0.91164154	0.66574895	-1.0255265
0.74571365	0.1651113	0.63650686
0.03984469	0.76755834	1.3721536
0.8350736	0.85358214	-1.5041693
0.80044335	0.10821587	0.65094197
0.5660859	0.25812447	1.2430884
0.6357744	0.009346306	0.48048133
0.32830113	0.88523877	-0.6927261
0.7182657	0.42317873	-1.0433528
0.9884057	0.7705049	-0.49973196
0.6277993	0.8580336	-0.9197845
0.73376065	0.95656615	0.11668096
0.9641292	0.40943664	1.6409404
0.8239014	0.79646546	-0.9661917
0.29575104	0.948234	0.06476275
0.4389568	0.5280088	0.3416218
0.58040285	0.50481546	-0.03708317
0.8610157	0.5172618	-0.4590024
0.34498316	0.4847752	-0.13735579
0.28384602	0.14320028	-0.19810912
0.6321088	0.42498147	-0.18965885
0.4934389	0.92819256	-0.14331082
0.72822016	0.663117	-0.286973
0.69027394	0.11833471	0.1502255
0.6596697	0.51466995	-1.2849729
0.8114655	0.48602223	0.06798282
0.29503286	0.4713863	-0.4225746
0.7171355	0.35852545	-0.47320053
0.9083897	0.7464793	-1.3054299
0.54464126	0.2975747	0.7497196
0.35608852	0.17682523	0.3557798
0.19719493	0.4870627	-0.5072659
0.47056794	0.87343603	-0.25083148
0.15898293	0.11314672	-0.33625948
0.8528686	0.19320613	-0.48755935
0.63984185	0.19566631	-0.03122849
0.07599044	0.5793848	0.44822463
0.070046246	0.10755736	0.5310558
0.62581676	0.008760512	0.57000744
0.6640734	0.1536954	0.092360534
0.21425045	0.07551545	1.5965161
0.39512044	0.2725252	1.8342249
0.8405896	0.036052763	0.38747135
0.68189883	0.30160213	-0.79661095
0.027859926	0.8139482	1.1137846
0.20596874	0.85265774	1.5539795
0.9571372	0.38136917	1.2273635
0.93610364	0.7609674	-1.1748185
0.3608104	0.8313715	0.012893835
0.6544697	0.8214762	-0.24369627
0.5948744	0.76893324	-0.6894266
0.36645526	0.3969952	0.9527027
0.27031964	0.3733393	0.072328776
0.21343052	0.8907975	1.6689225
0.33375	0.52574426	-0.50852877
0.4963144	0.46978527	0.03764078
0.03263998	0.20174998	0.95863193
0.5297976	0.38262498	0.28211176
0.1618061	0.009066224	-0.17342062
0.8378005	0.8503118	-1.2864802
0.124982595	0.6151694	-0.64354444
0.583128	0.8934576	-0.94257796
0.30295736	0.3742233	-0.114469446
0.15663391	0.46397895	-0.31564438
0.85131615	0.096749485	-0.33477312
0.54557234	0.89991266	-0.22525382
0.10373896	0.3208208	-1.297059
0.84222704	0.15712738	0.023744565
0.54997426	0.17860949	0.9370192
0.32619482	0.1284697	-0.4415619
0.70300007	0.37010628	-1.0399854
0.4229126	0.52368647	0.33621684
0.49886096	0.77033865	-0.14453074
0.58781534	0.9397087	-1.0835764
0.7236401	0.13553369	0.20832615
0.16448951	0.9045947	-0.42679954
0.83448976	0.44171882	0.46557003
0.13972247	0.5973724	-0.45349577
0.2403664	0.85308033	1.8031555
0.34367013	0.3352856	0.01547366
0.79834706	0.33297127	-0.47538564
0.57959044	0.22421312	1.0577371
0.13603073	0.11302239	-0.97502184
0.5252405	0.09360081	0.13727857
0.7983614	0.010013282	0.9218139
0.5223528	0.8228448	0.1024176
0.5670195	0.3572864	0.59505916
0.20051217	0.3157161	-0.3014016
0.7856508	0.27266306	-0.38941073
0.09249538	0.66144276	0.2252059
0.13322282	0.62411904	-0.47356993
0.9751987	0.1953932	-0.5840504
0.3469987	0.4852379	-0.06014397
0.10701686	0.1874727	-0.8747269
0.77039313	0.43668133	-0.3473376
0.9909767	0.63148123	0.6084953
0.7491784	0.33012587	0.27559873
0.70149815	0.71532077	-0.99043417
0.24368262	0.23320067	1.0627365
0.13438857	0.87170935	-0.5669435
0.06357455	0.7800075	1.2554979
0.29588693	0.057039082	-0.9062247
0.51595336	0.4519055	0.12193476
0.06239134	0.26449764	1.1068496
0.42173064	0.68054813	0.39021644
0.7605926	0.23121762	0.39736542
0.24000442	0.47207808	-0.9294726
0.62660986	0.7227542	-0.72268057
0.21357596	0.31027508	0.112609036
0.19293994	0.829856	0.9932387
0.6501636	0.24625462	-0.38346612
0.24410886	0.58898556	-0.33634567
0.38261902	0.80556273	-0.35021567
0.03564328	0.21011561	0.9417409
0.13730133	0.37390333	-1.233096
0.91358334	0.51907665	-1.2076054
0.91937226	0.86311466	-0.4605529
0.29321933	0.32961285	-0.1489112
0.39193374	0.29318732	1.9733799
0.13251495	0.68475217	-0.16925026
0.6173424	0.97878265	-0.49791846
0.4416963	0.017787933	-0.3974436
0.7603359	0.22501826	0.37985975
0.4987967	0.84321105	-0.13183355
0.6220316	0.56123745	-0.2530352
0.49560273	0.8734933	-0.1453696
0.21699601	0.23195505	0.8417738
0.6260134	0.2866841	-0.057762586
0.54188305	0.8804054	-0.27952325
0.3347054	0.7710758	-0.47668335
0.23898554	0.06873703	1.5822052
0.12088621	0.31357145	-1.7454128
0.77470905	0.98324263	-0.2660372
0.6830889	0.95282024	-0.6851418
0.23986268	0.22634602	1.0658265
0.92138755	0.52924764	-1.087845
0.42224318	0.11956954	0.14260764
0.5216294	0.77275026	0.0843693
0.66715026	0.55788994	-1.5547663
0.39540017	0.9263767	-0.85682666
0.7082666	0.67136294	-0.96000654
0.69875646	0.56117	-1.7750496
0.287224	0.25513148	-0.20220834
0.94625086	0.32645708	0.4578639
0.4822986	0.4708066	-0.12530464
0.99792767	0.4509675	1.2867525
0.16611129	0.55056965	-0.043202557
0.051262498	0.06188965	1.1141237
0.6923905	0.59416854	-1.6257951
0.89428246	0.3676355	-1.0386885
0.97889763	0.98605615	-0.22264352
0.10649425	0.13806874	-0.72428715
0.5792361	0.16074866	1.059769
0.5457006	0.5770037	0.52758896
0.53618336	0.62999713	0.3880529
0.07959026	0.68650204	0.73175067
0.02481085	0.90356535	0.8524832
0.66088897	0.50844187	-1.3963343
0.19793731	0.20393759	0.48347268
0.96439874	0.7104717	-0.936487
0.80052704	0.59826016	0.081867196
0.19605947	0.64531845	0.09704605
0.020598292	0.4138127	0.21827662
0.57320476	0.15777248	1.1557127
0.27328622	0.35893273	0.063428335
0.41378158	0.98779505	-1.0877117
0.05953771	0.34844577	0.809927
0.5738711	0.67319906	-0.13988997
0.09793925	0.5043724	-1.0565295
0.8322831	0.47636074	0.40775374
0.49185503	0.34922582	-0.2549602
0.15399086	0.1730274	-0.42190877
0.08847183	0.18065518	-0.066512324
0.7052931	0.008934975	0.08961557
0.8034353	0.88312614	-1.5713669
0.38097495	0.5424038	0.18748167
0.85362154	0.76407194	-1.097757
0.6828285	0.0037896633	0.24953797
0.80521643	0.71290994	-0.33597982
0.50723696	0.1804735	-0.5423397
0.68729395	0.77660775	-0.71808577
0.62479955	0.54178274	-0.20391262
0.09272349	0.37302577	-0.7812941
0.46015584	0.572348	-0.09751936
0.5689971	0.52941495	0.12422694
0.23659998	0.04880625	1.515897
0.5494847	0.92771244	-0.3786225
0.527682	0.48935765	0.479133
0.03927034	0.3533249	0.89876664
0.5390803	0.49662077	0.65167844
0.71358716	0.2092492	0.0762869
0.27318788	0.9043354	0.68462485
0.8913	0.56273615	-1.2223557
0.872406	0.1588949	-1.7198551
0.09771687	0.49177366	-1.1371727
0.22246444	0.50493836	-0.9530405
0.6318936	0.7184982	-0.576073
0.7412398	0.79204303	-0.28404236
0.42191106	0.3839239	0.99355966
0.5960495	0.8474672	-0.5087079
0.48918045	0.9334808	-0.14632635
0.13415712	0.8271144	-0.40218163
0.41668588	0.11473614	0.12698153
0.22693884	0.7497058	1.6000092
0.6082723	0.014866531	0.48681602
0.15350878	0.39544606	-0.5868312
0.051204443	0.18283957	1.2125763
0.7970299	0.2043137	0.10569623
0.24658811	0.655943	0.08840658
0.97649103	0.40984386	1.7532687
0.38265795	0.6783458	-0.0053223893
0.7594765	0.9025298	0.17575549
0.25309294	0.1327461	1.3569351
0.018888414	0.40078866	0.27388832
0.21203005	0.39666927	-0.5390449
0.89519507	0.57166576	-1.2875935
0.0872283	0.8435909	0.2945162
0.10828847	0.3640415	-1.4898015
0.15046501	0.1099605	-0.57385737
0.621229	0.41883457	0.04275945
0.7843487	0.13588268	0.34187093
0.7636201	0.424008	-0.20880473
0.2516554	0.2129916	1.0517694
0.56266195	0.7211458	-0.29704052
0.63876784	0.814511	-0.5416766
0.9739399	0.27674067	0.24944368
0.8112271	0.12304819	0.81621045
0.5545903	0.5904864	0.3573952
0.64234203	0.77728426	-0.42388505
0.12044686	0.13612592	-1.0095588
0.44846445	0.19356233	0.05190652
0.29869813	0.8608589	-0.31337893
0.15329826	0.80830353	-0.17438488
0.39107645	0.6620365	-0.002794437
0.43554467	0.73088217	0.18986042
0.70967185	0.12460464	0.107045434
0.34289664	0.8847424	-0.704395
0.7797911	0.22750187	-0.110457845
0.7225346	0.8068606	-0.7156082
0.5234305	0.60567856	0.37976402
0.32322377	0.83039194	-0.6166075
0.6990599	0.47908044	-2.00868
0.025797546	0.5416403	0.9877707
0.10013574	0.40805566	-1.2558576
0.13816911	0.5767413	-0.581559
0.8066178	0.48092198	0.0068589174
0.7500552	0.1988746	0.58158237
0.004726112	0.73673576	0.39334553
0.5567906	0.17028308	1.2408775
0.4556473	0.5689824	0.011937173
0.57525736	0.8834542	-0.8683271
0.38760602	0.35345602	1.8780818
0.21506506	0.39493895	-0.5552169
0.62932205	0.22705233	-0.0999502
0.5851246	0.1516161	0.924156
0.4063967	0.13275117	0.3782336
0.9077083	0.9305643	-0.51603246
0.7487945	0.8094383	-0.083673306
0.008859813	0.6125306	1.1912743
0.18071681	0.9516419	0.08895688
0.13192105	0.4886074	-1.2385068
0.08896381	0.68298155	0.33848545
0.1531213	0.5658924	-0.27045017
0.58007324	0.4187826	0.10065514
0.43322808	0.17241484	0.36756185
0.91614157	0.33036417	-0.6197231
0.7325664	0.476591	-0.3926103
0.09124786	0.110311806	-0.15819551
0.9080917	0.8847076	-0.69787496
0.27516258	0.9310478	0.54864347
0.6878769	0.72595763	-0.8715885
0.053130984	0.92705995	0.21968213
0.12961322	0.29555124	-1.5415568
0.8340553	0.96260065	-1.799323
0.15932125	0.5478519	-0.1701996
0.4669925	0.99404764	-0.36804584
0.36449307	0.37532836	0.91408753
0.7283105	0.13775885	0.2952336
0.5106544	0.77835447	-0.004927921
0.37296402	0.73873234	0.10152917
0.47334176	0.9712317	-0.47363323
0.2710516	0.9789123	0.4535928
0.41463917	0.2364946	1.2598016
0.085267365	0.32934213	-0.2976304
0.6671211	0.29532355	-0.7712633
0.7668573	0.3746485	-0.3505361
0.17355889	0.77331525	0.16605441
0.22804385	0.9998103	0.9093145
0.85781294	0.5731673	-0.7309764
0.3069852	0.41500074	-0.16546184
0.6965302	0.002082765	0.14970735
0.7576625	0.53864557	0.42622557
0.6436627	0.7843491	-0.35968465
0.4083137	0.7897172	-0.44319963
0.8880215	0.726166	-1.7465415
0.16580802	0.9798342	-0.4973972
0.9150334	0.027148604	-0.76721734
0.12210631	0.7022515	-0.22323164
0.22694468	0.6729575	0.5493932
0.92635	0.48956227	-0.79609233
0.12813962	0.26461512	-1.4497586
0.5002215	0.87825537	-0.12548344
0.3303131	0.7983996	-0.5808302
0.57247907	0.99859864	-0.6084779
0.9601466	0.73718053	-1.3497576
0.10925919	0.5995268	-0.478744
0.7019298	0.026953816	0.038690116
0.5599165	0.8252089	-0.48614377
0.18636405	0.21937281	-0.04185794
0.5860485	0.24968863	0.96314853
0.7080357	0.35248947	-0.5139369
0.9800007	0.2113812	-0.43191594
0.14970309	0.859878	-0.53822315
0.7464461	0.31258613	0.3810867
0.7490396	0.64696056	0.5669166
0.830205	0.13767064	0.50438726
0.8498983	0.88764846	-1.5855532
0.90183634	0.8141325	-1.2448972
0.11100048	0.87355626	-0.49350998
0.43638432	0.5316202	0.38949573
0.33994013	0.86697245	-0.66695803
0.24336547	0.79074985	1.5790209
0.8340895	0.3983816	0.6192597
0.5429903	0.66861415	0.16378656
0.17666417	0.745218	0.20853335
0.48230278	0.2570243	-0.6682967
0.027691066	0.07102591	1.187718
0.36668837	0.98940265	-1.1116804
0.4075359	0.5292092	0.3661612
0.25514734	0.8319665	1.3612559
0.76041055	0.5478324	0.52863353
0.52494633	0.2349779	0.007986616
0.1753881	0.52029353	0.018560546
0.1975931	0.19200546	0.50407076
0.07821137	0.7794342	0.7633289
0.95143086	0.2552513	-0.034972645
0.43516612	0.20529884	0.4713547
0.41027516	0.026899338	-0.45854074
0.7917424	0.5711706	0.30719137
0.37325424	0.069545925	0.5722255
0.5307567	0.7297741	0.16183446
0.0041427016	0.6723256	0.72895694
0.9770377	0.35902423	1.2839128
0.354235	0.5975584	-0.0032523498
0.6919435	0.95219165	-0.7008057
0.88292474	0.19263816	-1.9396778
0.41482627	0.14396882	0.37197202
0.5273826	0.90255904	-0.19984505
0.88907224	0.6450776	-1.620179
0.7771718	0.8308108	-0.28226122
0.8398236	0.09406972	0.28550908
0.1060428	0.4681509	-1.568675
0.03303367	0.5246206	0.87341374
0.38623124	0.5476507	0.24466006
0.6474078	0.54404753	-0.45222437
0.03539604	0.5607382	1.2117811
0.36718434	0.31195468	1.2456701
0.035672545	0.15267575	1.0706384
0.6445677	0.9588073	-0.6728778
0.47480035	0.36475152	-0.1076036
0.19555092	0.4690944	-0.43836322
0.7655401	0.6892238	0.6336254
0.06812215	0.970969	-0.21574068
0.8565439	0.3454737	0.16406892
0.42717516	0.69212943	0.33253357
0.30927122	0.017356634	-0.98669815
0.060112238	0.5569019	0.8518627
0.95734274	0.99978906	-0.30942887
0.31849593	0.20914185	-0.45908922
0.9142188	0.043124557	-0.89974105
0.63631016	0.28319913	-0.26351488
0.92575157	0.81932414	-0.62054914
0.4307307	0.40449172	0.5405833
0.28195405	0.796278	0.092340626
0.6627208	0.91705483	-0.5581909
0.98102725	0.34644866	1.0999055
0.6100151	0.069916606	0.6676481
0.604302	0.8024727	-0.8143914
0.05549115	0.1337958	1.0099384
0.19876689	0.11482656	0.69883716
0.9083091	0.17334414	-1.3078028
0.104469	0.09893179	-0.4260004
0.24829495	0.23506719	0.98454183
0.63011056	0.049850345	0.54333776
0.059592962	0.30487424	1.0635921
0.5003495	0.49008566	0.08945731
0.06353086	0.21709663	1.1409425
0.13547254	0.5612861	-0.9281089
0.5190842	0.030497432	0.09552915
0.5928189	0.42065728	0.25141203
0.7972265	0.5614935	0.19027376
0.3127283	0.5989564	-1.2737424
0.0044976473	0.8369755	0.278695
0.9715806	0.87440664	-1.0933752
0.57158756	0.61885935	0.110116005
0.8512325	0.5331077	-0.3650168
0.94412655	0.042787433	-0.5690214
0.24678218	0.9894321	0.77590054
0.9829608	0.38418812	1.4126117
0.9862174	0.15114903	-0.74347806
0.037262917	0.8497169	1.2604154
0.96550643	0.8368853	-1.38415
0.5516671	0.1783135	1.007991
0.19637156	0.41165394	-0.42244714
0.7917845	0.12365031	0.3149028
0.19252187	0.9720695	0.5605785
0.13566446	0.6646597	-0.24591622
0.6597636	0.9277459	-0.66968554
0.5572788	0.15913212	1.1989557
0.8114715	0.6127212	0.12184416
0.19548947	0.9754742	0.6772112
0.05218655	0.593791	1.1647046
0.52251875	0.943809	-0.2664915
0.644738	0.7661381	-0.34346506
0.27213842	0.7733195	0.33622622
0.52168363	0.4404019	0.23788832
0.65787816	0.24401844	-0.51365495
0.20155323	0.35739613	-0.43317336
0.9793022	0.7562701	-0.6610114
0.42391062	0.38091916	0.93841225
0.9553369	0.25489122	0.048724864
0.5233952	0.023942351	0.15652771
0.08024168	0.55332917	0.14094935
0.17800611	0.3832367	-0.32474622
0.29643977	0.33742785	-0.23709086
0.9461743	0.38807642	0.6602987
0.5362539	0.069119275	0.49865752
0.68539333	0.25866032	-0.38157448
0.6738214	0.5171524	-2.1302483
0.9214679	0.9555403	-0.25186348
0.4418146	0.9847639	-0.5081036
0.6235646	0.8562845	-1.0583042
0.8452485	0.054319143	0.11733186
0.008592665	0.59503996	1.1396269
0.7373004	0.3519858	0.06750287
0.77267045	0.7247447	0.21537691
0.13293213	0.68434364	-0.2140553
0.7951821	0.14286035	0.41308662
0.33429688	0.8629448	-0.62687874
0.23806328	0.07788384	1.6569741
0.48636472	0.31316966	-0.48770377
0.16489828	0.67937493	0.3078995
0.003925979	0.94393367	0.3917241
0.7515521	0.7286649	0.20726122
0.7631702	0.44964594	-0.12605172
0.57781154	0.34259212	0.51764864
0.37104106	0.37361896	1.234316
0.72517896	0.2642293	0.12546745
0.13845235	0.24442405	-1.2154232
0.8414903	0.37739545	0.6180923
0.017125309	0.14174676	0.94992435
0.8714204	0.8371169	-1.7628065
0.13265967	0.002455473	-0.90020806
0.38009292	0.7213403	-0.086662725
0.56501716	0.07196009	1.0964731
0.026000023	0.5157782	0.7704677
0.11450291	0.33759314	-1.6460432
0.46071666	0.89584565	-0.23451772
0.5927589	0.8003819	-0.7558732
0.8623241	0.08767593	-0.86003774
0.98959345	0.083802044	-0.88820314
0.022902012	0.8503957	0.91904515
0.5964871	0.020974278	0.6154688
0.89284474	0.10953802	-1.5788136
0.20739329	0.11951703	1.0691382
0.014548838	0.7155949	0.72359455
0.015367687	0.042527556	1.057163
0.022181332	0.21372801	0.8644562
0.6162079	0.5752687	-0.37031117
0.67138934	0.299895	-0.8206386
0.9317959	0.71068794	-1.1793665
0.40272242	0.25941557	1.6883086
0.77941036	0.8934421	-0.49425703
0.34031957	0.82821125	-0.39992633
0.7388682	0.59636796	0.25231728
0.18490362	0.9581227	0.3218241
0.21332157	0.45700043	-0.776133
0.21291035	0.6856845	0.60751796
0.72028124	0.31224287	-0.11454423
0.76912993	0.39121163	-0.38706487
0.47962934	0.24636525	-0.65799004
0.7849143	0.4088173	-0.614126
0.9189129	0.5636456	-1.1566068
0.17319065	0.99998516	-0.2472791
0.87293863	0.9575803	-1.4836164
0.99547726	0.84010077	-0.4565196
0.889553	0.6149271	-1.3880503
0.50245273	0.74054074	0.0042633303
0.16122717	0.88315994	-0.33619294
0.89818937	0.3333519	-1.1577022
0.33999455	0.96692365	-0.8067768
0.78106815	0.8694261	-0.5543945
0.33666933	0.5359373	-0.40364438
0.762253	0.18092895	0.5304241
0.6186338	0.42155665	0.0037496206
0.6470298	0.0702948	0.3007652
0.45709658	0.99057746	-0.43128672
0.47402972	0.15148604	-0.5342958
0.8409237	0.6939698	-0.4346412
0.43272108	0.6466716	0.2686238
0.81430423	0.45970374	0.08656484
0.67652225	0.50970036	-2.1809614
0.89834523	0.5232246	-1.1923263
0.9725666	0.73839706	-0.8492682
0.6457752	0.9033342	-0.62895143
0.06057304	0.3226915	0.8518309
0.039444327	0.980993	0.009350984
0.52460915	0.609175	0.47456458
0.6410369	0.8961035	-0.68501186
0.10098654	0.71400005	-0.059232414
0.8550957	0.3506148	0.26430044
0.8882407	0.31725502	-1.2313408
0.4030432	0.06316078	-0.09993665
0.7866816	0.78842324	-0.56571335
0.6471608	0.2684551	-0.43294108
0.44970834	0.17402142	-0.058109555
0.2738673	0.2518208	0.2176807
0.47092944	0.6290036	-0.23074572
0.16105294	0.49835092	-0.15177442
0.6848491	0.18360132	0.14771661
0.9311847	0.16006243	-0.7479456
0.91101307	0.25993788	-0.944166
0.28169858	0.6713294	-0.61293674
0.79247785	0.40539098	-0.58930916
0.16487014	0.8342443	-0.12503782
0.31057614	0.81924367	-0.7553232
0.6969893	0.96177554	-0.6190084
0.74868375	0.3281573	0.2653923
0.48007685	0.58030534	-0.23118038
0.40399987	0.50391257	0.46215585
0.16313922	0.6779869	0.26403138
0.2904138	0.8425382	-0.10360359
0.38376927	0.800813	-0.32153052
0.49264032	0.9769541	-0.32489473
0.19457346	0.80490285	0.9870144
0.776012	0.62242764	0.859042
0.167157	0.73477197	0.22005458
0.5256944	0.44907272	0.31226525
0.28149664	0.46395463	-0.31451207
0.2990501	0.59352165	-1.1414773
0.20801306	0.15335631	0.9937678
0.6343917	0.63171786	-0.4632863
0.7307222	0.87375134	-0.29064536
0.43914944	0.67332256	0.19999115
0.6062031	0.41162664	0.11329036
0.43099374	0.7795898	0.055765398
0.5024155	0.21628308	-0.74659204
0.1390369	0.47645015	-1.0693235
0.47412056	0.05817473	-0.5430959
0.80662566	0.35981917	-0.29054776
0.98289233	0.42533082	1.692043
0.10217875	0.007738173	-0.19310328
0.5323275	0.19481331	0.22403409
0.98020583	0.092003405	-0.89314634
0.7631444	0.71541333	0.42156082
0.0904544	0.23529905	-0.26476204
0.23997366	0.29335803	0.38753414
0.31546867	0.85253227	-0.5745176
0.091144145	0.815671	0.1497137
0.5936433	0.40181118	0.29494494
0.019065022	0.7192357	0.86731136
0.5273991	0.39831865	0.2103233
0.6842044	0.52348584	-2.2249703
0.58815426	0.5438861	0.10378272
0.6607398	0.6253344	-1.1052322
0.912209	0.04799986	-0.87883234
0.12663656	0.6391868	-0.51149315
0.3262334	0.7687601	-0.7504096
0.912255	0.32344842	-0.77829826
0.57763827	0.8684073	-0.8957683
0.6548958	0.5633302	-0.87236077
0.7531426	0.69720525	0.4838799
0.5032092	0.3887177	-0.18661004
0.58936703	0.92009187	-1.0984032
0.18690592	0.56293494	-0.23870297
0.86499494	0.4624821	-0.22447532
0.45520508	0.25856042	0.061752215
0.929953	0.6468881	-1.0482608
0.52431893	0.021983206	0.19739442
0.8691516	0.41470838	-0.12731102
0.038710773	0.92067486	0.64998406
0.41900545	0.6285637	0.56940514
0.20166767	0.10272014	0.9144794
0.9403337	0.82579875	-0.8768361
0.73778105	0.89115435	-0.08137386
0.3171698	0.7614798	-1.0224471
0.70458126	0.6855844	-1.0299175
0.8999996	0.018265188	-0.4986268
0.62612885	0.4381675	-0.09776783
0.7053474	0.5342692	-1.6256957
0.712056	0.63368106	-0.98941356
0.20265889	0.88644725	1.3997535
0.2825815	0.53913456	-0.7916007
0.5265123	0.91327196	-0.21664855
0.9043507	0.35115814	-0.989327
0.8798258	0.63423145	-1.5588914
0.21740133	0.63413256	-0.06584556
0.9686582	0.8334886	-1.2899946
0.67409205	0.5402832	-1.9697603
0.77406704	0.2547891	-0.041853953
0.44156218	0.88782763	-0.20053688
0.7668371	0.12512183	0.5875721
0.58397907	0.95562154	-1.0623434
0.28376466	0.2484178	-0.14857966
0.20445073	0.2913859	-0.0067090387
0.81055045	0.6713088	0.069946945
0.7193489	0.5335607	-0.963649
0.94468164	0.05257988	-0.5946455
0.57092947	0.9748695	-0.58972627
0.9960243	0.5618762	1.027953
0.27222246	0.12767285	0.29183635
0.4676515	0.5663239	-0.1594164
0.7419993	0.5019216	-0.036176417
0.9456487	0.7040919	-1.2859029
0.5227292	0.49069792	0.33699214
0.5277668	0.9908724	-0.32726967
0.55351204	0.22505271	1.2088944
0.41432112	0.48093557	0.37547755
0.124527395	0.55618465	-1.0647587
0.69054127	0.68178064	-1.0552342
0.6478697	0.5428115	-0.4944413
0.8873186	0.47180295	-0.79501045
0.12707478	0.7726402	-0.16202661
0.2341553	0.4368074	-0.712417
0.62656707	0.622123	-0.49251753
0.39522868	0.0023306608	-0.08451055
0.47783583	0.6963822	-0.40274462
0.5949837	0.8782578	-0.8238304
0.94648737	0.33012515	0.4830699
0.3883012	0.38432896	1.745315
0.5586684	0.93173057	-0.41489625
0.4974712	0.7334062	-0.10529372
0.273484	0.17635316	0.20240375
0.51265377	0.22096074	-0.4649751
0.36268288	0.12070072	0.524752
0.92262375	0.6074882	-1.1087682
0.32934105	0.33604652	-0.44577923
0.9085041	0.8050937	-1.1717042
0.9907685	0.96124715	-0.30202612
0.613892	0.06704342	0.670928
0.18895745	0.46212077	-0.2903252
0.77688265	0.70679617	0.20888382
0.43861926	0.9003148	-0.1496347
0.5150607	0.88519996	-0.11363876
0.46862173	0.21593171	-0.28167564
0.9035147	0.32448852	-1.0834302
0.57257426	0.6691982	-0.16449678
0.16449809	0.7617363	0.13698587
0.14781302	0.28842133	-0.89254147
0.670782	0.18102717	-0.03656097
0.96429175	0.044220626	-0.8516493
0.24443763	0.24012709	1.0245272
0.6742081	0.6601969	-1.1837572
0.10786599	0.5066958	-1.3958715
0.19719088	0.28645873	-0.10268879
0.89026326	0.6548666	-1.5187848
0.024481356	0.49595845	0.57743996
0.7087274	0.12990975	0.15170561
0.7733446	0.63753265	0.84167016
0.62132776	0.9461815	-0.6046253
0.59939605	0.035072505	0.6462027
0.1872586	0.296884	-0.45256352
0.95690423	0.7812653	-1.5819668
0.8353337	0.23779625	0.37927327
0.6344102	0.07808888	0.3662673
0.31591123	0.4313199	-0.36365482
0.47667235	0.4114396	-0.048406903
0.8037721	0.30939353	-0.24356085
0.1518302	0.22367173	-0.68931955
0.40660036	0.8797065	-0.831808
0.22773516	0.6472277	0.19141951
0.9776426	0.028710067	-0.8161057
0.40555727	0.29809308	1.900757
0.5457864	0.21728033	0.7644524
0.14781296	0.44024634	-0.74611855
0.25661558	0.017273307	0.5844132
0.8880729	0.6729328	-1.7061095
0.076615214	0.7898624	0.7974751
0.9382248	0.85896355	-0.70450413
0.21841997	0.47511888	-0.89521956
0.35891193	0.50944656	0.19985789
0.2981919	0.22456157	-0.5377841
0.5539324	0.36487925	0.57418585
0.47841775	0.06978315	-0.59657544
0.56680006	0.67115337	-0.10397186
0.05494523	0.7593973	1.3666333
0.018145084	0.31166166	0.6510753
0.09331691	0.76256233	0.12288323
0.48964632	0.88831276	-0.19761075
0.71545357	0.360905	-0.55198747
0.40330607	0.6484968	0.19117193
0.5262978	0.80283517	0.06796612
0.7664247	0.8389838	0.046250388
0.20168	0.090678334	1.0909011
0.14115965	0.51048714	-0.89863014
0.20201439	0.7541159	0.8741441
0.85091114	0.6774013	-1.0285689
0.5832154	0.9642667	-0.9352863
0.89717895	0.37130016	-1.0454974
0.5802595	0.81713694	-0.7777619
0.48972827	0.80197215	-0.37657875
0.058518887	0.18696284	1.2009926
0.05306363	0.8391656	1.1991718
0.7206208	0.49488437	-1.0128547
0.6214272	0.32342446	0.13794066
0.9658702	0.579913	0.93971074
0.74937284	0.58327365	0.52798986
0.21633917	0.8483651	1.8523378
0.41339695	0.82242435	-0.44123974
0.6660169	0.4555694	-1.7796682
0.3678915	0.5071431	0.12239063
0.39404827	0.3185417	2.0379398
0.50235933	0.9131508	-0.10998807
0.15664208	0.6918654	0.15293573
0.17582947	0.84975886	0.20141032
0.10064578	0.6765462	-0.09842634
0.15061218	0.8362161	-0.39685017
0.03012991	0.020915866	1.2989867
0.71786493	0.8151939	-0.8441292
0.11273551	0.8566704	-0.5149523
0.05772555	0.27418995	1.2712076
0.16134429	0.60976446	0.06776136
0.87078696	0.11817396	-1.5039322
0.7060029	0.8711231	-0.7614552
0.24151802	0.19502497	1.4536
0.25584692	0.6324484	-0.20972146
0.32163858	0.8199552	-0.6332887
0.31418407	0.01939547	-0.9871338
0.79314595	0.44802082	-0.30536994
0.013634443	0.74435437	0.5467282
0.69044924	0.029613018	0.11987512
0.053649664	0.19683456	1.2696534
0.24349147	0.23397386	1.0988723
0.9340438	0.09755868	-0.671489
0.81244886	0.90174407	-1.7759619
0.86240524	0.1668514	-1.1267152
0.46552044	0.16220266	-0.28420728
0.6703256	0.18991649	-0.071391605
0.5085257	0.4553907	0.097670466
0.04693532	0.20876992	1.3266209
0.069754064	0.42953604	0.26616678
0.40569657	0.14668685	0.3932346
0.3229974	0.512928	-0.66265666
0.022082984	0.16880298	0.85280806
0.15967476	0.86801517	-0.27496806
0.36149293	0.3339731	0.90693575
0.6244608	0.52417624	-0.21857646
0.4363693	0.70730144	0.17538531
0.5840713	0.19983017	1.0385823
0.26244146	0.15586239	0.81743443
0.17425823	0.87121975	0.070734225
0.50341743	0.81283754	-0.14096808
0.67559904	0.6520523	-1.2817297
0.5881169	0.8145023	-0.6985064
0.8997487	0.058462024	-0.9563679
0.5822512	0.801953	-0.7319059
0.5300599	0.3682152	0.18877108
0.1923145	0.5572955	-0.34407026
0.70769787	0.7904264	-0.9459771
0.48229414	0.51630145	-0.16151386
0.5177974	0.76192766	0.060888253
0.84279203	0.8988916	-1.728434
0.76995987	0.74496436	0.1855059
0.030718803	0.4568901	0.41824704
0.09508473	0.58975565	-0.21795742
0.9373962	0.16008466	-0.658068
0.8100803	0.0043780804	1.0220269
0.048384547	0.32880598	1.1288512
0.7774957	0.0332368	0.7212053
0.49909824	0.41590017	-0.027512826
0.892166	0.4963686	-1.0142213
0.8759156	0.57518554	-1.0010021
0.5462585	0.1334002	0.79249144
0.26426506	0.11041874	0.7724004
0.8511843	0.27234387	0.05324011
0.4384849	0.67553765	0.24793935
0.9520998	0.8037775	-1.4956495
0.09209055	0.43110645	-0.8773785
0.547789	0.48048133	0.3480483
0.78859025	0.28581065	-0.42652094
0.81526566	0.8557799	-1.667787
0.42697322	0.5493122	0.4289073
0.485591	0.8502883	-0.30902967
0.019878626	0.91336524	0.7515956
0.55845153	0.64668864	0.19726971
0.16907936	0.027998805	0.1086559
0.7226292	0.4070583	-0.7313485
0.57424515	0.94730747	-0.6922582
0.0149204135	0.10985863	0.9722593
0.65258884	0.5230401	-0.72574955
0.6826845	0.17349488	0.17018044
0.710246	0.62156355	-1.1168504
0.3848102	0.050435662	0.24810368
0.6402568	0.31055486	-0.41119403
0.29597783	0.6321319	-1.1772951
0.37197602	0.11504072	0.65743136
0.16525161	0.88955367	-0.26633257
0.96449906	0.71247935	-0.94423336
0.6750393	0.59826934	-1.5370598
0.7709756	0.5759849	0.7385735
0.10017419	0.974635	-0.39348507
0.91424406	0.17249775	-1.0245912
0.9643008	0.9468916	-0.6524095
0.76772374	0.14893436	0.49072146
0.23177743	0.08088493	1.7259595
0.19706953	0.37501472	-0.46793082
0.9884616	0.06907505	-0.81064385
0.7637414	0.013681948	0.40694883
0.67099065	0.21888703	-0.23242317
0.22011006	0.9223788	1.5149008
0.91093457	0.18431276	-1.1927451
0.55162853	0.87422264	-0.33568418
0.4236716	0.68145657	0.43529755
0.6730509	0.18277591	0.023288023
0.17421734	0.021737397	0.32430342
0.82246244	0.649262	0.086774826
0.6117208	0.5587085	-0.18914835
0.30176574	0.55702716	-1.0329708
0.56851727	0.72645825	-0.40540123
0.14934218	0.028978944	-0.6847189
0.63922834	0.49786907	-0.1659868
0.5700208	0.27912122	1.120843
0.08505857	0.18695629	0.08965319
0.35710353	0.5368705	0.064543664
0.85950434	0.004545331	-0.23671944
0.6526524	0.49697483	-0.8047133
0.32646906	0.9535127	-0.57476735
0.10450959	0.40593237	-1.4480711
0.99723136	0.44700587	1.284643
0.94645643	0.3619054	0.64880985
0.030312479	0.18199039	0.8917358
0.5936184	0.77535963	-0.69857174
0.97106826	0.35459578	1.2357892
0.6801691	0.7202418	-0.8581492
0.69980323	0.06469202	0.05266228
0.10695791	0.42695343	-1.5951093
0.48580986	0.73931915	-0.28575686
0.19674289	0.8070369	1.0519156
0.47354287	0.97894335	-0.46232578
0.881595	0.16350698	-1.9701155
0.6627984	0.99167997	-0.68363553
0.10118586	0.49698657	-1.2735105
0.3016492	0.54923296	-1.0402714
0.2695949	0.09134853	0.54443574
0.63347065	0.8245923	-0.7032061
0.25144136	0.23360026	0.8563627
0.22010279	0.23410648	0.8999909
0.45398366	0.72479963	-0.047460757
0.9176734	0.62317675	-1.0190327
0.79088485	0.98000616	-0.94558674
0.38278174	0.7910634	-0.28292987
0.87357867	0.6481951	-1.6844368
0.31168848	0.5606054	-0.97398484
0.64759463	0.501413	-0.38732922
0.6908075	0.8933216	-0.8736851
0.9554736	0.29687458	0.39819288
0.84950805	0.52883446	-0.23366988
0.12191635	0.82625735	-0.33758917
0.42257446	0.83677465	-0.111417726
0.3884731	0.24488825	1.6949629
0.21335858	0.29023725	0.23431987
0.8695566	0.054050922	-0.9164351
0.7166082	0.33340895	-0.24438787
0.5650509	0.5847302	0.30382383
0.9244678	0.21146858	-0.6504522
0.86420554	0.5293905	-0.51133406
0.84784156	0.15412855	-0.2550426
0.825181	0.48435754	0.34277195
0.5200989	0.425519	0.21103188
0.73244494	0.7458091	-0.48942128
0.14542711	0.51723963	-0.7018566
0.7098926	0.34864533	-0.44866726
0.75185186	0.72091013	0.21094406
0.2583195	0.5306969	-0.63158363
0.9357294	0.35604113	0.13028786
0.6606373	0.11196965	0.2101384
0.23070079	0.8052747	1.9275535
0.057209194	0.5935702	1.131965
0.6248127	0.9105394	-0.73309106
0.7426262	0.1265186	0.5309806
0.54527944	0.6766844	0.165592
0.37538046	0.6831357	0.050683606
0.32913858	0.5128967	-0.58767754
0.4282601	0.007886827	-0.44599953
0.435341	0.9371257	-0.42154232
0.078626335	0.3762616	-0.11820026
0.33848011	0.69924164	-0.41896793
0.2577387	0.15930247	1.0069617
0.49354702	0.6253141	-0.15665972
0.30700815	0.5687958	-1.1324433
0.4956112	0.14932996	-0.7544545
0.21792638	0.1994586	1.2339234
0.3165341	0.6322085	-1.35469
0.22806054	0.14454293	1.7089115
0.3749199	0.465185	0.55632514
0.90117586	0.9961964	-0.5671326
0.07638025	0.88584626	0.43948072
0.38198274	0.95346016	-1.0477761
0.9163756	0.85995626	-0.56651396
0.2639516	0.6994853	0.04297685
0.615957	0.6834922	-0.74379194
0.0861845	0.44846147	-0.4923302
0.3903736	0.67660755	-0.09904587
0.75112027	0.6305606	0.6425637
0.5515182	0.70579326	0.024678998
0.69503045	0.9627737	-0.5604302
0.42639214	0.12762517	0.10311337
0.9763336	0.3827018	1.5302517
0.7292303	0.16839445	0.3450023
0.5342913	0.15923238	0.30020496
0.46466815	0.90015584	-0.2473578
0.18607593	0.042321324	0.72048557
0.80407435	0.1975286	0.40311497
0.52487564	0.12011224	0.04951456
0.5780356	0.11139661	0.745929
0.20398706	0.032423615	1.432167
0.6474768	0.9909751	-0.5526953
0.5970931	0.53894556	-0.020994246
0.76699036	0.35304826	-0.2660041
0.14291137	0.7562323	-0.0145013705
0.12104154	0.7104047	-0.20814124
0.3174631	0.8837966	-0.51703864
0.810789	0.3494985	-0.1107783
0.49451387	0.025972068	-0.1546362
0.1724658	0.3797592	-0.31444442
0.41286814	0.055497468	-0.3226516
0.7717717	0.014064193	0.6262113
0.23744947	0.40858173	-0.5807724
0.7232071	0.38408035	-0.5517109
0.30259854	0.24584943	-0.49482676
0.7780557	0.60286224	0.8695993
0.54105324	0.16094053	0.5412852
0.7832393	0.44557393	-0.40135252
0.2541312	0.63313156	-0.13396937
0.19444573	0.089292526	0.81582814
0.13907284	0.19399464	-1.0414861
0.23302811	0.91639286	1.5635747
0.4445181	0.8121186	-0.0010202527
0.22076786	0.42138278	-0.7266287
0.51786166	0.34598118	-0.19578016
0.4543367	0.16541088	-0.105865106
0.08226055	0.29858255	-0.047317687
0.80288047	0.45190358	-0.1946356
0.18909407	0.19508243	0.29631302
0.6636083	0.7155492	-0.6536501
0.94992465	0.10925442	-0.7491379
0.39975452	0.25150102	1.6449245
0.18984753	0.30335492	-0.44463605
0.7403199	0.49622732	-0.0821128
0.6997101	0.25916576	-0.060874682
0.15166384	0.32467836	-0.6957723
0.07274848	0.26340967	0.58520997
0.8034428	0.0039574504	0.9648485
0.28529662	0.7615023	-0.27489617
0.7221043	0.932218	-0.22303712
0.34616685	0.7579676	-0.11425149
0.62784064	0.64758813	-0.55193967
0.94118464	0.2032857	-0.39107832
0.08378595	0.11061108	0.0527326
0.7299075	0.4419917	-0.57364297
0.7463161	0.5122285	0.18701369
0.8421116	0.4973315	0.08011067
0.71791863	0.8694705	-0.6146794
0.7443416	0.044565737	0.52970463
0.6188044	0.97255063	-0.54343116
0.30695856	0.22635883	-0.41636434
0.8975183	0.00841254	-0.5302556
0.61944973	0.64001197	-0.59946185
0.8482991	0.5655342	-0.41643688
0.3968237	0.6641696	-0.012014933
0.6809243	0.48783737	-2.3462584
0.3287385	0.81598717	-0.594709
0.39729643	0.25927222	1.7880412
0.23513532	0.83297074	1.9137017
0.477633	0.2716065	-0.5169969
0.6545161	0.82484174	-0.26534432
0.008045495	0.78522295	0.33708543
0.090856075	0.44754964	-0.79168254
0.14476603	0.5084489	-0.757766
0.07727927	0.8676708	0.5350754
0.26410484	0.4443478	-0.27603608
0.75480556	0.24640179	0.45301774
0.3803537	0.01463449	0.24734771
0.7603957	0.816889	0.14514232
0.81826633	0.56271607	0.17792764
0.63668805	0.23685163	-0.13047777
0.13527912	0.64790606	-0.30904728
0.35730338	0.89638656	-0.61136687
0.09894842	0.4482224	-1.2608523
0.66936684	0.46263456	-1.9128275
0.41073054	0.27648073	1.7575599
0.917053	0.72610295	-1.1153183
0.9352592	0.0020070076	-0.4566378
0.70824826	0.53820926	-1.5267291
0.59154516	0.9893844	-1.0244696
0.96116304	0.82578945	-1.4268161
0.14183402	0.22646248	-1.0799123
0.2732001	0.3963139	-0.02691094
0.4168433	0.36791688	1.2885942
0.115397274	0.31062657	-1.6246133
0.045769274	0.92325854	0.5023436
0.4659478	0.7794792	-0.2102171
0.03592831	0.03344041	1.3587779
0.4030277	0.60511905	0.23365457
0.30823362	0.6097419	-1.3379071
0.40520608	0.7139864	-0.036441267
0.40848428	0.28181297	1.7565293
0.9004718	0.78250444	-1.5132914
0.88617104	0.972865	-1.1340026
0.904865	0.27519435	-1.2447575
0.9242983	0.42595422	-0.6116749
0.95128804	0.52469116	0.752706
0.8036043	0.21603847	0.3034547
0.7798141	0.33722717	-0.5852942
0.7018949	0.38615596	-1.3283163
0.781088	0.18350804	0.0688143
0.41761088	0.18855298	0.8087862
0.6059208	0.97104007	-0.90040946
0.3575139	0.6830375	0.24972127
0.2600361	0.935901	0.8250272
0.560906	0.88174015	-0.5883793
0.2165196	0.5287367	-0.80930966
0.4522047	0.15309256	-0.14015031
0.44312006	0.93020713	-0.36016244
0.79472744	0.5628637	0.2779652
0.24257672	0.23793727	1.0433975
0.14839059	0.83370256	-0.3084974
0.9907813	0.66339564	0.32731605
0.09729999	0.14968097	-0.29015908
0.80432343	0.22067666	0.24212065
0.6100944	0.2924853	0.5473276
0.005707681	0.37242228	0.40779853
0.38061243	0.89530444	-0.7557754
0.65491056	0.061269343	0.25360575
0.17590392	0.75664073	0.17008859
0.35086042	0.6969198	0.111036554
0.371899	0.575492	-0.08793245
0.63134754	0.5706163	-0.24464533
0.83004874	0.524638	0.26383057
0.2722227	0.89383715	0.7573115
0.9961253	0.22502822	-0.3347833
0.13822347	0.2728747	-1.2470317
0.39835608	0.20517683	1.270008
0.568338	0.21181345	1.2872107
0.7022109	0.8199316	-0.81044847
0.7192714	0.12441307	0.20404932
0.7546813	0.033437073	0.42609984
0.69386303	0.08028507	0.117718525
0.7782096	0.111742854	0.4046426
0.9991126	0.55351025	1.0545213
0.80938584	0.058749974	1.0450875
0.24063939	0.37673718	-0.35217768
0.33256084	0.96631193	-0.5773939
0.29896468	0.372966	-0.12921822
0.9836937	0.360426	1.1822488
0.55158436	0.8425165	-0.346074
0.050431192	0.3740334	0.9089983
0.49360013	0.301449	-0.48721427
0.18160582	0.89073855	0.29398468
0.8023186	0.48469853	-0.05378733
0.58070594	0.11623365	0.78505063
0.41456664	0.2506895	1.3578697
0.7491538	0.0059660077	0.42249215
0.834271	0.3282255	0.5975187
0.2676041	0.47724998	-0.3866393
0.740717	0.8297849	-0.20400222
0.60691184	0.8162242	-0.91498846
0.6958533	0.41149807	-1.736976
0.93469954	0.68609744	-1.1120498
0.5412763	0.97221154	-0.34179068
0.94274724	0.22720855	-0.24234557
0.25508398	0.11568707	1.257776
0.8743888	0.97023475	-1.3943205
0.818617	0.6204763	0.2172647
0.74969906	0.33556658	0.25369847
0.49205166	0.95509976	-0.15672338
0.33396685	0.9318231	-0.7540214
0.555905	0.23823833	1.2205431
0.97410786	0.47619516	1.9164665
0.5047356	0.21638227	-0.69550526
0.36998308	0.6900518	0.11483492
0.6092076	0.99866307	-0.7750145
0.5612846	0.73324525	-0.23252878
0.40489638	0.5643781	0.26604077
0.29404706	0.9131681	-0.116757
0.98777306	0.13048416	-0.7658378
0.7662144	0.56088215	0.7166691
0.36302423	0.6272874	0.109487735
0.27239794	0.93566275	0.6118827
0.47091895	0.29285216	-0.3402539
0.4293604	0.67421776	0.2822728
0.2582422	0.8040987	1.122199
0.025140047	0.5867281	1.2062885
0.4538104	0.11253548	-0.22434999
0.21670449	0.49728703	-0.9032282
0.95684576	0.56633085	0.7732157
0.7240103	0.6139391	-0.5292506
0.11124885	0.09253818	-0.5184602
0.3268643	0.5770144	-0.8805475
0.11626661	0.38594955	-1.6813164
0.6607454	0.5123176	-1.4301072
0.60390675	0.01732117	0.47259352
0.6059965	0.7337783	-0.75519925
0.097606	0.7695457	0.051272485
0.7558473	0.8602396	0.07890841
0.71289265	0.013954997	0.18047397
0.48126888	0.19425589	-0.76906323
0.011575341	0.12927425	0.80998677
0.31483638	0.19672889	-0.4323495
0.5920825	0.052974343	0.63746345
0.9587272	0.16908872	-0.6852056
0.99728143	0.70462656	0.12515502
0.05051142	0.2825107	1.311534
0.06090188	0.07038385	0.82229316
0.0030573606	0.33059162	0.5233596
0.44035828	0.2680139	0.5594903
0.5878115	0.64969194	-0.172577
0.3283019	0.6063846	-0.9666508
0.36223108	0.41116202	0.6549341
0.16687834	0.22145271	-0.41890255
0.7947635	0.9199986	-1.2391679
0.49438936	0.6645711	-0.1537973
0.4622563	0.21039695	-0.23612188
0.064214885	0.8585138	0.81278735
0.8280943	0.961802	-1.8387845
0.5721432	0.35894024	0.47758263
0.7468899	0.7841785	-0.11439569
0.597043	0.014597118	0.57218415
0.4747392	0.6708085	-0.32111856
0.6697894	0.1149053	0.29772598
0.40797418	0.49214274	0.51959544
0.22395611	0.5065841	-0.9448656
0.43856573	0.7545791	0.09914935
0.39528853	0.3649776	1.8506148
0.34897596	0.1781373	0.124625325
0.14816278	0.56788486	-0.3227414
0.905265	0.30693	-1.0928875
0.2876429	0.20300359	-0.38730425
0.7615586	0.29364288	0.21550201
0.9382761	0.3678977	0.21411905
0.21583575	0.21924794	1.0112617
0.89783084	0.9147394	-0.8397123
0.46996653	0.7210132	-0.24292931
0.8075402	0.35872972	-0.20932087
0.7701295	0.50092995	0.14493334
0.77652043	0.42684042	-0.5167667
0.79879284	0.46521014	-0.15721087
0.5440252	0.3514436	0.4426057
0.40883273	0.69987434	0.15233517
0.121919155	0.83351797	-0.38206473
0.7307245	0.6963194	-0.3752535
0.33392096	0.8096617	-0.4873642
0.5901452	0.0384475	0.7120323
0.82869154	0.88355297	-1.7290658
0.094109	0.004644513	-0.00564824
0.15438855	0.91049796	-0.49665326
0.06992906	0.34411192	0.36297676
0.54405904	0.9189446	-0.21774463
0.45138544	0.76501405	-0.10405078
0.007641554	0.8493978	0.3590087
0.9528856	0.4758891	1.1293707
0.30298126	0.7678841	-0.9500356
0.34340405	0.52667576	-0.24496724
0.49927843	0.70770067	-0.078684464
0.81316906	0.72252023	-0.33540604
0.9540978	0.36034012	1.0115725
0.69750595	0.9626922	-0.64001286
0.572944	0.3010236	0.90931934
0.38957256	0.39173162	1.6693944
0.40391648	0.11884713	0.23748128
0.13767272	0.90761423	-0.51551116
0.49335998	0.36025375	-0.25582442
0.18662053	0.02067995	0.78323483
0.71565115	0.08710873	0.17524914
0.3359285	0.24901116	-0.32534632
0.016852021	0.62910926	1.2497951
0.864483	0.12315178	-1.2770972
0.803958	0.9534369	-1.5381927
0.3354624	0.2925858	-0.4109474
0.9793472	0.27676857	0.15581158
0.60624766	0.36206603	0.26995474
0.38851792	0.065879345	0.27884242
0.29647756	0.39826125	-0.101425186
0.8776411	0.55335057	-0.82556826
0.51773727	0.16503906	-0.15392585
0.89962226	0.21367687	-1.6023887
0.7528597	0.2259602	0.52079326
0.17193091	0.912331	-0.12291423
0.31968254	0.35519123	-0.3497011
0.9740868	0.15745556	-0.6471618
0.8168054	0.7188616	-0.24395977
0.9069907	0.07090515	-1.0833505
0.2630719	0.33735967	0.11308806
0.43154967	0.81626946	0.06896371
0.5201316	0.9524538	-0.2152282
0.7046789	0.6630376	-1.0375925
0.6184424	0.060010314	0.66613567
0.41609532	0.53449875	0.39108098
0.11967659	0.5950159	-0.8343099
0.8191585	0.7106966	-0.14198893
0.6593656	0.29266447	-0.7599119
0.020500064	0.59202695	1.1830792
0.92330045	0.5053576	-0.9589779
0.29590696	0.9155833	-0.075008854
0.19465292	0.0024891496	1.1039215
0.992527	0.3878507	1.1322156
0.15607238	0.85058296	-0.33771762
0.94644696	0.62360084	-0.4662271
0.3277971	0.72126585	-0.97733086
0.1586554	0.9572196	-0.50107396
0.062767565	0.63783896	1.0742786
0.26215422	0.3168199	0.23032941
0.020256162	0.14967698	0.8860948
0.0063408613	0.937338	0.45784435
0.78538525	0.7141497	0.044232916
0.08930278	0.66100717	0.3128242
0.6238225	0.46907383	-0.14206989
0.46150464	0.69340706	-0.12667757
0.5700045	0.65892905	-0.09340094
0.45938736	0.59260356	-0.105925135
0.12211013	0.073530614	-0.8916256
0.7821576	0.6941733	0.2518819
0.28074008	0.78685546	0.10950637
0.60586154	0.35778993	0.31872448
0.014739811	0.21235013	0.8477272
0.41070235	0.9090157	-0.91226447
0.6653553	0.3501916	-1.3054961
0.10850823	0.092321575	-0.42752555
0.596127	0.3287304	0.5200547
0.12807494	0.14998198	-1.0945189
0.51257676	0.21443594	-0.40348032
0.42310435	0.6021879	0.49166003
0.03121835	0.45742357	0.4316756
0.15941852	0.19632709	-0.37541902
0.15377814	0.8370358	-0.29819372
0.27106303	0.04805237	0.33549106
0.87312883	0.058593035	-1.1593653
0.2425015	0.061190665	1.4533869
0.57413924	0.9284013	-0.7837222
0.63460636	0.45093614	-0.17460772
0.2226004	0.8370643	1.9545393
0.810421	0.10983604	0.86948764
0.29960096	0.96481544	0.032827042
0.5038165	0.57329166	0.114303045
0.515338	0.4095871	0.010864228
0.44061106	0.0852679	-0.22557795
0.30823332	0.10297108	-0.94380295
0.08959061	0.8294514	0.22142208
0.7072052	0.15003258	0.1469385
0.58356416	0.34356534	0.38821676
0.9775548	0.23199987	-0.21136443
0.48202747	0.33586872	-0.30320603
0.83901274	0.0019874573	0.43182528
0.16379559	0.39886367	-0.32347146
0.17017281	0.4581018	-0.0949784
0.79213166	0.9208062	-1.0571334
0.6487998	0.46691585	-0.5973317
0.5431679	0.99375147	-0.36828026
0.27556878	0.85823286	0.6490111
0.89752126	0.7499193	-1.5245177
0.10312259	0.55335724	-0.89656705
0.3152203	0.4601531	-0.4572179
0.9400178	0.618731	-0.6899967
0.48813468	0.03445244	-0.42024848
0.44318634	0.9537912	-0.3546286
0.20471495	0.74764955	0.90981984
0.75099367	0.14083886	0.62586284
0.9165459	0.60272634	-1.1335586
0.5747633	0.6442471	-0.030977206
0.45976692	0.85508114	-0.15698177
0.7534688	0.21327168	0.4666387
0.016283453	0.23217124	0.7587659
0.5088979	0.87238604	-0.08964814
0.7857503	0.00904417	0.79504186
0.70038325	0.77821565	-0.8622435
0.012163699	0.7441944	0.5145478
0.03430456	0.7749569	1.309902
0.11910868	0.3565492	-1.6450047
0.43702757	0.228405	0.5033931
0.8188876	0.12038666	0.6837227
0.24509013	0.044607222	1.2521919
0.94326556	0.09497845	-0.633432
0.6453312	0.4082322	-0.56633925
0.38009292	0.23463029	1.5793371
0.17658639	0.51630235	-0.01319143
0.4783156	0.3030051	-0.43549067
0.7336511	0.7357613	-0.43393663
0.852427	0.90707475	-1.6668439
0.84229606	0.6532596	-0.39876822
0.74197006	0.74204534	-0.1658591
0.983823	0.04932612	-0.7962006
0.37740612	0.9608443	-1.0696565
0.013728201	0.13322389	0.9148583
0.52400786	0.7209419	0.18912384
0.03941548	0.92034715	0.60720927
0.1775434	0.9031805	0.07531756
0.66948026	0.19318587	-0.07169431
0.111029565	0.7545796	-0.24746728
0.88218784	0.6009683	-1.3554106
0.7220608	0.8812503	-0.5642307
0.52058536	0.55599105	0.4081227
0.4855399	0.39339155	-0.088778995
0.29504037	0.4657784	-0.37751415
0.30372983	0.6393334	-1.4415243
0.054312706	0.79621434	1.3716167
0.6939051	0.63912606	-1.2576534
0.3936234	0.58581394	0.106734976
0.5954948	0.521609	0.075738356
0.46016055	0.17416191	-0.21719271
0.70952016	0.532414	-1.4180304
0.48379415	0.17028171	-0.7981065
0.8861074	0.91069937	-1.2240305
0.13834685	0.6916621	-0.047301427
0.52352494	0.44681096	0.25973776
0.10312587	0.82598156	-0.37802753
0.7063392	0.2882548	-0.086055815
0.5332203	0.23226857	0.31189787
0.086104035	0.8412064	0.38457045
0.42287683	0.82417244	-0.12864974
0.6486776	0.16985363	0.037111297
0.21301961	0.09083623	1.5048981
0.3850541	0.4373775	1.1510247
0.041322827	0.30708146	1.0567956
0.20120645	0.3018369	-0.20523258
0.1151855	0.2508149	-1.4201715
0.39095265	0.21082741	1.5139569
0.33692193	0.024063468	-0.4759605
0.40935844	0.044162333	-0.4051426
0.8037432	0.101713896	0.78864473
0.1455127	0.4346565	-0.85323834
0.92079014	0.74001765	-1.1086091
0.54213905	0.10065931	0.6263617
0.8120176	0.4913262	0.118554264
0.086521804	0.22837889	-0.03938195
0.8474112	0.9764605	-1.733673
0.95414096	0.5780669	0.4395369
0.7711662	0.6765607	0.6286307
0.5464395	0.71039456	-0.035081435
0.4616081	0.9500364	-0.34304515
0.9974093	0.54780406	1.0985825
0.24965155	0.24879986	0.8660823
0.485061	0.76866245	-0.37559634
0.59813684	0.8179034	-0.65078396
0.8783308	0.7013752	-1.8298273
0.4195611	0.2343471	1.1666967
0.47648484	0.619156	-0.27420205
0.04472363	0.9443119	0.20598075
0.1350869	0.5803111	-0.69907916
0.44104338	0.76064736	0.039110318
0.9763467	0.40092862	1.6336787
0.43243086	0.4030391	0.59286046
0.7257138	0.578552	-0.46581724
0.80654544	0.23767072	0.16906959
0.5411465	0.7570873	0.054054674
0.4317248	0.114751995	-0.03882388
0.18145996	0.62574047	0.032169223
0.32613295	0.6523107	-1.0987391
0.9225429	0.1660909	-0.8567692
0.73546433	0.95067525	0.11816612
0.20894176	0.45132256	-0.75765705
0.61065704	0.11606699	0.6542521
0.9198259	0.005253732	-0.6129576
0.8698716	0.0662263	-1.0772045
0.36558557	0.9570571	-0.9698444
0.39990258	0.9176022	-0.9857639
0.48822302	0.053389013	-0.4984651
0.2649066	0.8103387	0.83908427
0.020041525	0.6834672	1.1289192
0.33880764	0.030522466	-0.39747906
0.92472774	0.91607267	-0.23512535
0.5295975	0.10861492	0.27218708
0.063723624	0.013322175	0.6858364
0.57423836	0.47396004	-0.00010883156
0.19661784	0.8569482	1.1667937
0.53140527	0.0020792484	0.3741366
0.5624203	0.88869214	-0.54177433
0.51022613	0.9245042	-0.080795236
0.49158114	0.68030435	-0.27260476
0.94886506	0.43585598	0.8837775
0.39015698	0.49912363	0.6054963
0.6430661	0.9965147	-0.48233044
0.98964196	0.16038465	-0.72966933
0.65437585	0.24908715	-0.5425298
0.45839334	0.52470434	0.0939298
0.93240875	0.51465684	-0.53227335
0.05225998	0.46894842	0.67854166
0.9111714	0.74417406	-1.2508817
0.54153013	0.3471973	0.45128614
0.48753	0.8813789	-0.22773138
0.321284	0.887386	-0.54675734
0.543931	0.5287281	0.6096399
0.8567606	0.7921364	-1.3289216
0.9537751	0.60003406	0.20758864
0.7888085	0.6535168	0.3206766
0.40318102	0.099443436	0.13646604
0.7646201	0.63768727	0.8137695
0.59477377	0.10151219	0.71999323
0.65196306	0.80672055	-0.24988978
0.18656367	0.17504925	0.20033677
0.24210751	0.90442026	1.4540523
0.73275244	0.5705208	-0.052972954
0.54768103	0.7319856	-0.058053408
0.56667477	0.5026466	0.10447797
0.99706763	0.8833822	-0.3955397
0.3008957	0.15513766	-0.6752996
0.16718102	0.42737895	-0.12575346
0.9765699	0.3335957	1.0574201
0.5586981	0.051418483	1.005638
0.35736167	0.5761313	0.07119142
0.4799381	0.63438404	-0.34873813
0.6072261	0.67688525	-0.74058336
0.6373004	0.25840014	-0.22562325
0.5278992	0.4332779	0.24064904
0.35968667	0.38842183	0.701148
0.11818731	0.67291766	-0.30936068
0.47652054	0.2493087	-0.5462786
0.6713515	0.37470806	-1.5166852
0.92511785	0.3303008	-0.24697813
0.4906267	0.46478605	-0.09959091
0.46236956	0.536178	-0.032516494
0.76529676	0.3703674	-0.21876803
0.20802277	0.24466908	0.48470643
0.6263154	0.42861116	-0.10914313
0.38679415	0.0063261986	0.13443567
0.12991667	0.54511446	-1.0341628
0.7518066	0.42204374	0.017198505
0.40979207	0.40308022	1.1785591
0.519667	0.2977749	-0.36453238
0.4571057	0.15672761	-0.28034186
0.29686028	0.25239462	-0.39718515
0.09963632	0.050566018	-0.22164837
0.02218479	0.19744927	0.87080544
0.20974308	0.49654597	-0.7429259
0.5748304	0.32941985	0.70354843
0.8712196	0.6316573	-1.54567
0.20244187	0.44197416	-0.659205
0.60383385	0.08505261	0.69450855
0.37380987	0.09032476	0.6127013
0.2937091	0.71978915	-0.9682595
0.3051628	0.27232826	-0.41281396
0.37471628	0.94973636	-0.99465436
0.15581167	0.79145706	-0.016933665
0.39823842	0.3931902	1.6074002
0.8863684	0.28494722	-1.408724
0.8136507	0.017044008	1.0867715
0.9506688	0.066848814	-0.6904575
0.13788843	0.76532966	-0.13527642
0.7219607	0.41019392	-0.8108352
0.45921326	0.85845065	-0.14273146
0.27569473	0.08446711	0.22125056
0.7091282	0.96199703	-0.41031724
0.727168	0.23704946	0.30897745
0.7571319	0.7627765	0.056939293
0.115293324	0.7163593	-0.316659
0.30797166	0.34465784	-0.259146
0.9112765	0.37133056	-0.82035595
0.40240824	0.81088996	-0.60649556
0.58191365	0.9161522	-1.0157453
0.8545219	0.3245666	0.26680982
0.9906179	0.19219017	-0.5648198
0.85088366	0.28196687	0.119800866
0.15777057	0.21231455	-0.5436922
0.03211558	0.9603285	0.3134422
0.9070972	0.5452676	-1.2903461
0.8429836	0.3626777	0.57537735
0.18835509	0.9685881	0.37574413
0.986181	0.9941638	-0.29154012
0.9081247	0.68731403	-1.2144917
0.94639105	0.7144339	-1.4178873
0.17453784	0.027410388	0.3355558
0.7043353	0.4454583	-1.79983
0.9631097	0.9944669	-0.25236765
0.4914145	0.5364006	-0.18720832
0.01928538	0.17780739	0.8536418
0.88595784	0.77608925	-1.781031
0.6781729	0.032598615	0.20461236
0.33984476	0.56001705	-0.41727793
0.7041517	0.5861672	-1.4608144
0.8672504	0.7256082	-1.755937
0.716775	0.627086	-0.87933844
0.21891457	0.9185051	1.5623578
0.38886493	0.482992	0.7122913
0.17802721	0.4309554	-0.14649947
0.4110806	0.76070446	-0.17221211
0.57504404	0.1674726	1.2373765
0.39318693	0.2376554	1.6646103
0.4924643	0.40555602	-0.14288075
0.42740834	0.9204454	-0.5155033
0.3051226	0.6613473	-1.4835114
0.6279737	0.070427775	0.545979
0.79474956	0.97779965	-1.1238865
0.45916158	0.41626787	0.0902071
0.087368965	0.94507796	-0.1689294
0.9276887	0.90610987	-0.28866303
0.71681124	0.33006954	-0.19698362
0.36663085	0.14413893	0.7569194
0.47977978	0.09926516	-0.68402946
0.80931383	0.9093854	-1.7437339
0.659968	0.20090044	-0.21538943
0.5166879	0.70361567	0.22795251
0.9091744	0.0042651296	-0.6330412
0.7551579	0.5817943	0.6680603
0.8719571	0.084622085	-1.3531901
0.57790416	0.82116795	-0.77891695
0.19452941	0.28094363	-0.19872828
0.06150031	0.23860335	1.2192947
0.55112356	0.9463082	-0.39375368
0.5490315	0.5388718	0.44795164
0.5156634	0.7370154	0.10312959
0.051762998	0.3681141	0.90513897
0.9825976	0.71277213	-0.29524857
0.28200442	0.31445682	0.02544436
0.043316424	0.40735483	0.7478127
0.030767381	0.32711172	0.8508794
0.24180144	0.517971	-0.8108544
0.92840177	0.97580945	-0.24666247
0.23007852	0.9794066	1.0043744
0.6748656	0.36834186	-1.5663952
0.927047	0.3771801	-0.29332665
0.13532174	0.16836417	-1.0035632
0.9456735	0.9372626	-0.47336945
0.45107692	0.36590767	0.19691221
0.7396805	0.19884771	0.529144
0.033308983	0.97637856	0.15326281
0.81283545	0.26052862	0.19961621
0.048011124	0.25800747	1.3279688
0.1477496	0.9094189	-0.61030686
0.76946086	0.15741318	0.43689424
0.9008406	0.5955473	-1.3117098
0.7739779	0.99298275	-0.30303127
0.6576685	0.9432408	-0.6647736
0.8072001	0.55625194	0.081687726
0.6957484	0.040884078	0.11027755
0.11578071	0.911794	-0.4875133
0.9118173	0.8805148	-0.56757665
0.6680147	0.0752877	0.26725098
0.2928974	0.79833955	-0.46612102
0.733771	0.3219993	0.017182007
0.47779632	0.29275692	-0.49527785
0.62909925	0.08833772	0.47512123
0.3703918	0.7424458	0.16942106
0.4640792	0.9661811	-0.3631913
0.49583745	0.584356	-0.0785835
0.8997117	0.59810364	-1.2628679
0.9513134	0.5333663	0.79549986
0.30384535	0.10007471	-0.97721314
0.97888637	0.44616115	1.8019152
0.17934787	0.10444605	0.39350805
0.9518511	0.7850728	-1.5421708
0.5281823	0.63546383	0.36652085
0.72841346	0.7386215	-0.5917398
0.7479332	0.3939864	0.08412655
0.25051224	0.9289622	1.1191826
0.8532214	0.46440077	-0.03567771
0.6715583	0.6587349	-1.1776248
0.84403884	0.53987545	-0.098958574
0.34118915	0.63354945	-0.29842466
0.14153832	0.18173248	-0.88919204
0.93148315	0.7863169	-0.97262084
0.34104896	0.16992277	-0.113884434
0.25230438	0.10923594	1.2906791
0.03692341	0.2589168	0.95957845
0.5751336	0.49706054	-0.004708859
0.84060323	0.57919616	-0.18658012
0.44365263	0.58860207	0.18519074
0.98876786	0.4378541	1.6318555
0.44948465	0.15753663	-0.05563335
0.20268375	0.8959953	1.3668034
0.9376042	0.41514903	0.09696523
0.69662654	0.7681716	-0.85385716
0.7123076	0.87802273	-0.6115525
0.074661314	0.8914552	0.32617328
0.5996269	0.16311443	0.71359324
0.5212444	0.27691048	-0.23267458
0.8888969	0.37621737	-1.0921743
0.8973877	0.20944494	-1.732838
0.15287971	0.1848607	-0.4834038
0.27988994	0.99481744	0.32641858
0.75083697	0.6432263	0.658169
0.24725813	0.09078628	1.3816364
0.7309318	0.35325736	-0.14356337
0.5171702	0.15083128	-0.1372965
0.53354937	0.33516014	0.23477444
0.19587827	0.6905875	0.3344982
0.80666935	0.7076629	-0.23206982
0.85036606	0.13774288	-0.4349242
0.9676013	0.54176694	1.3772416
0.7835486	0.7731703	-0.30943683
0.8451208	0.88182026	-1.5969385
0.056301475	0.34862632	0.9165828
0.92507464	0.5983275	-1.0663265
0.28073144	0.81959623	0.32252625
0.29772532	0.08117926	-0.872728
0.10266209	0.79745287	-0.19409293
0.69254357	0.943537	-0.6730873
0.35386747	0.9077267	-0.811812
0.52077675	0.62428266	0.3096602
0.94761586	0.29401547	0.30684662
0.85973656	0.48656934	-0.22116527
0.22744459	0.38459653	-0.40986136
0.23957282	0.80097127	1.7200017
0.16627824	0.07339889	-0.014122823
0.65869844	0.5344236	-1.2108637
0.34958035	0.35655403	0.2623704
0.6490648	0.71436006	-0.3399067
0.6207209	0.1619901	0.3093217
0.073681	0.20676321	0.6740473
0.3159238	0.85562277	-0.60079455
0.8523452	0.47643232	-0.1286179
0.2727539	0.12340909	0.2596776
0.7724296	0.68058413	0.55203533
0.2771231	0.46488804	-0.25188583
0.49736995	0.36239558	-0.25510788
0.48817778	0.21872056	-0.85980856
0.20938528	0.20025855	0.9544313
0.65211135	0.13379443	0.10300496
0.19159132	0.76829237	0.65109813
0.16610098	0.60176474	0.10989097
0.8783787	0.06797296	-1.3121959
0.6793116	0.59388775	-1.6583229
0.6939133	0.7823389	-0.7843922
0.070821464	0.5313829	0.44258064
0.86733603	0.16884738	-1.3903551
0.8239732	0.19527447	0.4845685
0.28597248	0.3554259	-0.05625747
0.28780055	0.3667972	-0.1299406
0.91433287	0.37393647	-0.7355562
0.6216322	0.600414	-0.41025516
0.30180645	0.029597282	-0.97308004
0.17045635	0.435246	-0.16793104
0.36108428	0.4099391	0.6045019
0.83351386	0.44638342	0.49958146
0.03171712	0.6263239	1.3985631
0.900393	0.42666423	-0.97307307
0.15789902	0.39500326	-0.45982078
0.7648554	0.8916615	0.07773737
0.0054734945	0.67715263	0.8286221
0.32155383	0.8163679	-0.7458799
0.027433038	0.6695849	1.3282127
0.1096499	0.18848759	-0.97980785
0.7200244	0.052771866	0.23463097
0.23937851	0.2015695	1.3629911
0.13768172	0.4012934	-1.169124
0.27127248	0.86761534	0.82613575
0.9928642	0.050761998	-0.71452266
0.18920004	0.5214614	-0.33869117
0.18807513	0.7800071	0.48236567
0.56200254	0.38050437	0.49911326
0.47863686	0.95408577	-0.4832028
0.221991	0.5835682	-0.54593664
0.7715881	0.83693814	-0.20738164
0.20163518	0.8798714	1.4014609
0.5090565	0.43413162	0.026910217
0.9509533	0.51699096	0.8823684
0.136926	0.9265091	-0.5127732
0.850936	0.3937623	0.37231258
0.9375221	0.2179516	-0.36543974
0.8399727	0.25725573	0.30843282
0.99318737	0.62637126	0.6368516
0.48418564	0.92257226	-0.18018639
0.53415996	0.39734215	0.3495963
0.447201	0.44050288	0.28910816
0.21365517	0.5900268	-0.39531803
0.38864273	0.4241625	1.3343248
0.39518946	0.6464796	0.020761516
0.08705443	0.21981639	-0.04326456
0.75112617	0.69897044	0.33874303
0.8758585	0.8379952	-1.7584242
0.03623414	0.23066378	1.0276592
0.013969302	0.37080586	0.36441624
0.82835364	0.16705728	0.529777
0.17799294	0.9283956	0.07482663
0.24721807	0.17290765	1.3788571
0.85178685	0.30947304	0.21715349
0.6266992	0.82790846	-0.9001966
0.38255787	0.6220908	0.038793016
0.22040254	0.42706394	-0.77205676
0.14942384	0.6091703	-0.11843166
0.49435848	0.8594511	-0.2193825
0.3122251	0.90203327	-0.44833064
0.27170563	0.08028382	0.42379856
0.30770415	0.66963965	-1.4958781
0.5589942	0.52795845	0.1773992
0.34294713	0.83837533	-0.32322064
0.31016755	0.62691003	-1.400084
0.9824399	0.10578585	-0.8827217
0.03330922	0.9301819	0.6464584
0.18118042	0.9451616	0.16491261
0.2237761	0.8687603	1.8653011
0.17056912	0.04260379	0.15049389
0.2236619	0.9973234	0.91061926
0.115280926	0.9624022	-0.3563166
0.3939165	0.14751434	0.74263287
0.3757596	0.78831714	0.021128751
0.15649933	0.6526647	0.24523452
0.005690694	0.78638256	0.2732948
0.16738212	0.26350522	-0.48559964
0.42151648	0.16780925	0.5638678
0.20781004	0.26042914	0.33163604
0.8387999	0.18844873	0.20907861
0.4799434	0.6068901	-0.17524293
0.3372817	0.42182368	-0.15399542
0.44499546	0.9103408	-0.21051031
0.18090141	0.9062443	0.32098752
0.06843215	0.64342123	0.9139623
0.52942604	0.20679325	0.16058165
0.4022262	0.41130155	1.3457283
0.5141032	0.24125648	-0.41443595
0.18214434	0.6758314	0.06653279
0.36743814	0.7166739	0.28028062
0.121949315	0.37696832	-1.6351813
0.9521885	0.15964204	-0.7533193
0.2828108	0.78921765	0.0063741542
0.82489854	0.4964906	0.34033102
0.2865312	0.476507	-0.43646264
0.73847103	0.7800682	-0.38648856
0.8956765	0.6325528	-1.4215008
0.5192394	0.51891303	0.33275706
0.34312755	0.43025726	-0.053766757
0.5007541	0.5572891	0.039102506
0.68279797	0.56810236	-1.8896774
0.9396696	0.7313821	-1.2836037
0.07454455	0.76922804	0.89683604
0.81606716	0.9889526	-1.7464098
0.28876066	0.6825245	-0.8630482
0.8768869	0.8344097	-1.7646383
0.4282459	0.5207105	0.36457622
0.07294917	0.055128396	0.3679636
0.027090788	0.87642497	0.990343
0.1203419	0.13451529	-0.9196461
0.29297394	0.8458447	-0.16471826
0.2639044	0.030015647	0.5514771
0.15815705	0.34560746	-0.50634986
0.1309942	0.45079386	-1.3339798
0.7809472	0.5377546	0.43001375
0.51218134	0.8540366	-0.005701539
0.46272022	0.8968972	-0.22652732
0.68527067	0.8933563	-0.83172095
0.98617494	0.8137422	-0.7328898
0.79789287	0.89780074	-1.4066466
0.13502032	0.2932641	-1.3396649
0.31816858	0.10749078	-0.76916665
0.4403857	0.43719172	0.21363631
0.2701702	0.88899326	0.90069187
0.30378503	0.27006137	-0.34702238
0.31280535	0.34307373	-0.3154769
0.7220795	0.054468155	0.15462035
0.79418445	0.7801627	-0.72744375
0.6372807	0.22294456	-0.0778517
0.07143754	0.42242712	0.24341263
0.4227816	0.8120583	-0.073116794
0.2398954	0.30284256	0.30072656
0.44981557	0.8943804	-0.21974534
0.86694366	0.51570636	-0.4250464
0.036024034	0.5329798	0.9780876
0.7849196	0.11031699	0.38763338
0.14191318	0.04710555	-0.8337181
0.9157398	0.41486388	-0.8565404
0.40492845	0.854263	-0.719077
0.43067533	0.05321026	-0.23497948
0.787852	0.81928146	-0.8165351
0.0102190375	0.5329751	0.7900797
0.5768967	0.915012	-0.8591103
0.6746021	0.6954343	-1.0163141
0.28915662	0.8881514	0.03872597
0.4367655	0.22262692	0.529151
0.88060325	0.51457745	-0.65084964
0.37357676	0.44843197	0.67744577
0.32881278	0.9977859	-0.5385666
0.70336735	0.20183992	0.092867374
0.05444753	0.036735713	1.0355809
0.3842581	0.13472956	0.7932099
0.64975613	0.4732232	-0.5569241
0.71375966	0.115089715	0.120024644
0.8401288	0.5819346	-0.13606669
0.9474411	0.69279116	-1.2498435
0.13283539	0.03148353	-0.9596672
0.18239778	0.2760269	-0.38246214
0.70481163	0.6928182	-0.96889603
0.20256782	0.37836874	-0.49116832
0.8680904	0.4230311	-0.17481281
0.59316134	0.32666236	0.58863556
0.7972791	0.077795565	0.6311036
0.081992984	0.91720337	-0.074423775
0.19009376	0.2578345	-0.03869775
0.056919456	0.71889514	1.3890873
0.4103489	0.773572	-0.28518987
0.82484573	0.22886229	0.40022057
0.5974525	0.2462709	0.7895985
0.73511726	0.4036702	-0.20013963
0.59457064	0.2779643	0.76717377
0.30808717	0.19462913	-0.5212895
0.5042065	0.62073886	0.12162356
0.598537	0.66628546	-0.4717981
0.3496557	0.72431046	0.0808929
0.63575083	0.64602494	-0.48105806
0.47936082	0.63560486	-0.31989998
0.035186946	0.11785203	1.1423142
0.5437832	0.40170836	0.33853525
0.8269882	0.9345884	-1.8829618
0.14160621	0.60883844	-0.30140287
0.69124085	0.6547775	-1.2288746
0.89366156	0.036596477	-0.7962783
0.85075617	0.20872313	-0.27424034
0.6360826	0.83239	-0.6393475
0.16500592	0.62668854	0.1554145
0.6306435	0.09178096	0.4256189
0.118716836	0.82736415	-0.39412165
0.4255619	0.17535925	0.52358615
0.6843857	0.3085913	-0.85980946
0.7065003	0.17222577	0.10763711
0.96199703	0.30518496	0.57701373
0.31776774	0.43259305	-0.29571822
0.909065	0.4720999	-1.1362793
0.4267953	0.9073228	-0.39546472
0.7014622	0.24579728	-0.04345536
0.8669631	0.44289297	-0.20307648
0.22978729	0.42337394	-0.70078474
0.4967823	0.568182	-0.030065633
0.061379492	0.552933	0.8790367
0.17192912	0.66531205	0.26929855
0.69493157	0.62730145	-1.3160326
0.9281707	0.022871196	-0.59711814
0.48999727	0.36381805	-0.17946915
0.54139113	0.5521574	0.5866649
0.6654765	0.29785895	-0.8185534
0.97172934	0.48771697	1.914257
0.103458285	0.1007452	-0.40720955
0.31637728	0.26729226	-0.49362612
0.8182159	0.2782445	0.25422972
0.022702098	0.86911404	0.87382007
0.7146879	0.5781387	-1.1445452
0.31865484	0.31233132	-0.4706615
0.43396395	0.13911045	0.090422876
0.91565365	0.019950688	-0.65772027
0.91143036	0.7630373	-1.1913143
0.26681328	0.014101505	0.41157663
0.5362535	0.6686259	0.2348633
0.52181506	0.88244873	-0.14623241
0.35216248	0.24186039	0.251954
0.91525483	0.148278	-1.07433
0.38063514	0.99179244	-1.2405839
0.39044762	0.31346393	1.9498954
0.48479825	0.06499231	-0.6282609
0.593098	0.31497502	0.6585377
0.1964131	0.5294687	-0.45333967
0.4245662	0.82872766	-0.032969162
0.21522373	0.4710335	-0.79304886
0.853158	0.4906814	-0.16424403
0.8975948	0.049436748	-0.9184748
0.2563458	0.7131943	0.41194353
0.45949936	0.48663777	0.09591496
0.18394792	0.40107405	-0.28964192
0.50186825	0.81057924	-0.063431785
0.47417074	0.36088568	-0.19815844
0.28046417	0.86459017	0.4710916
0.062272787	0.25395048	1.1900402
0.88847613	0.2619958	-1.6192161
0.7428742	0.48599595	-0.064276055
0.38311124	0.25358194	1.743186
0.6791871	0.2487256	-0.40384132
0.3882758	0.7876162	-0.37048763
0.7407544	0.15465206	0.594859
0.03042537	0.70349485	1.3946521
0.18931907	0.6433297	0.05791062
0.42936784	0.57873577	0.39386123
0.6994491	0.2173149	0.1010799
0.9606277	0.0057263374	-0.75595033
0.49848527	0.6193963	-0.027571304
0.96762323	0.9754329	-0.35367873
0.6539372	0.3600366	-0.92327416
0.31747437	0.90358776	-0.49120426
0.3813027	0.1696155	1.140305
0.89713556	0.51430273	-1.17329
0.64010394	0.707472	-0.36241636
0.121471405	0.22662503	-1.4476998
0.24217057	0.10851574	1.6676939
0.12557477	0.86683214	-0.38817227
0.3485378	0.8140601	-0.106531955
0.6653665	0.23738462	-0.40421236
0.99915224	0.82390594	-0.32486168
0.5634982	0.9624448	-0.43078312
0.6980827	0.58091784	-1.6315664
0.8350902	0.85582083	-1.4590455
0.5273439	0.49355125	0.4405571
0.43317008	0.08008599	-0.20632397
0.37139946	0.6805987	0.06524474
0.47708726	0.4728465	-0.0622604
0.25495708	0.15792948	1.2072096
0.92737234	0.1868915	-0.7178089
0.13901544	0.074326515	-0.89132345
0.8465212	0.637081	-0.5602241
0.5035752	0.903041	-0.15416229
0.91307545	0.4451794	-1.0201343
0.5197674	0.6765503	0.24150884
0.21481359	0.64574325	0.20077369
0.33176357	0.78224903	-0.5072391
0.11075026	0.36589694	-1.564756
0.427799	0.664645	0.41723272
0.8590506	0.67597586	-1.5216305
0.57570344	0.42670214	0.039179742
0.20790058	0.0804615	1.3722208
0.99894905	0.08325076	-0.7688136
0.9935663	0.7016906	0.1648598
0.18035352	0.1741904	0.004158672
0.43278253	0.3098262	0.84548247
0.9459482	0.6960353	-1.2881156
0.8587082	0.63794464	-1.315669
0.68999326	0.8916996	-0.7987929
0.36392534	0.06289035	0.41869578
0.18481839	0.05536282	0.6591083
0.769057	0.96798575	-0.051456023
0.8873557	0.9211645	-1.1819845
0.35125035	0.47854412	0.09256163
0.55211765	0.979688	-0.45216787
0.44734997	0.7402308	0.0051555187
0.41433972	0.96206194	-1.0648788
0.2464118	0.77782035	1.383386
0.66746926	0.9886509	-0.7035791
0.70679253	0.6792858	-0.9911983
0.49732143	0.80720896	-0.22281131
0.21998239	0.9939082	0.93586755
0.35986286	0.95909816	-1.1039436
0.0045714974	0.6485032	1.0088407
0.39765495	0.16200185	0.7563115
0.61492586	0.14207715	0.5318964
0.3230663	0.59065413	-0.98134106
0.030126333	0.9506386	0.49439508
0.8724249	0.2917471	-0.87596
0.6594393	0.08264315	0.2397608
0.399877	0.16817331	0.81564206
0.6154838	0.1549114	0.42293674
0.5248195	0.89035064	-0.20305869
0.88688254	0.73715615	-1.7486436
0.9082467	0.3351153	-0.902722
0.45082897	0.29030842	0.25079834
0.25682074	0.7129943	0.41116905
0.17959684	0.5624006	-0.09424177
0.81651706	0.49436426	0.17177074
0.74909866	0.08708638	0.5899291
0.25409997	0.6066924	-0.3480811
0.803078	0.572468	0.093350604
0.5350657	0.4189902	0.33331507
0.0005207062	0.26267964	0.767896
0.29822463	0.33754826	-0.19935738
0.649416	0.3512661	-0.7111564
0.65518534	0.026293337	0.24405143
0.0049278736	0.0947023	0.9032474
0.5697039	0.23690003	1.2725949
0.69317734	0.6010014	-1.5318416
0.45488292	0.8644522	-0.11810957
0.13271141	0.73605907	-0.073739134
0.18776739	0.1547507	0.3254231
0.29686767	0.4644323	-0.3266011
0.80224264	0.8856168	-1.4879565
0.6024219	0.8421477	-0.75428784
0.13745779	0.16008294	-0.99852324
0.15884578	0.52067506	-0.18661238
0.20362586	0.94220126	1.1604754
0.17382592	0.9793556	-0.1944046
0.7648958	0.081980824	0.5752231
0.35405022	0.7497172	0.18813838
0.54331255	0.8730989	-0.26164815
0.28122926	0.8921577	0.3917524
0.404045	0.50067836	0.5566886
0.1958906	0.07781738	0.92388344
0.6577166	0.023114324	0.23584297
0.60339177	0.30427945	0.62260723
0.34509045	0.7848421	-0.12554154
0.7118331	0.93247557	-0.44024593
0.4933139	0.34871954	-0.27423954
0.14612132	0.59643424	-0.2815853
0.59202135	0.27124506	0.84175444
0.9866996	0.82669455	-0.75251067
0.21967643	0.055223346	1.6772134
0.9763872	0.28698474	0.3582436
0.25500214	0.2973054	0.44076806
0.21483815	0.23877782	0.8360576
0.15333956	0.787685	-0.09430162
0.66358125	0.25472635	-0.49592808
0.9194283	0.66899455	-0.8594566
0.17472935	0.59397405	0.050665174
0.283597	0.3411157	-0.02554967
0.24250215	0.5724651	-0.5192144
0.23685062	0.7662871	1.5043284
0.15056121	0.19165856	-0.57840115
0.20101345	0.33364516	-0.37228334
0.19307011	0.99214816	0.5113182
0.36777622	0.5597564	-0.0550261
0.42225057	0.6920625	0.2874174
0.023068547	0.33178526	0.6562692
0.31923068	0.8122489	-0.8058813
0.52075696	0.13524902	-0.1064575
0.24493605	0.7289185	0.83697295
0.63846254	0.39435083	-0.36107183
0.73663586	0.27162188	0.2862114
0.8120897	0.20334297	0.4353753
0.17920357	0.255867	-0.46317545
0.7031934	0.83938956	-0.8295853
0.8372004	0.70485777	-0.27369523
0.85229635	0.4460544	-0.0145522505
0.73642987	0.067147255	0.42651114
0.25947702	0.17344248	0.8839118
0.08105183	0.3954875	-0.22462074
0.24346864	0.43320036	-0.63933694
0.9658017	0.11765373	-0.8268703
0.12985957	0.2395742	-1.4886074
0.6622628	0.5260077	-1.4958297
0.12429863	0.33350676	-1.6742371
0.90122914	0.003769517	-0.4438264
0.7584446	0.22946453	0.4455196
0.34288013	0.26680332	-0.14166358
0.9683548	0.976186	-0.35501808
0.7366672	0.68959564	-0.055649217
0.41215956	0.025623202	-0.46191818
0.39281422	0.84622765	-0.5805168
0.47872794	0.31592727	-0.40328223
0.29845405	0.6466374	-1.2990812
0.15346849	0.20353043	-0.5741992
0.2176801	0.81560016	1.8247671
0.119917214	0.503445	-1.3811119
0.2590165	0.7419914	0.5392774
0.144925	0.5248856	-0.678952
0.94817394	0.6533611	-0.795573
0.46658993	0.69220793	-0.26952195
0.4036293	0.03635466	-0.29065487
0.1673379	0.998379	-0.3969247
0.548168	0.61466044	0.35674104
0.851343	0.028405368	-0.051502816
0.49881095	0.4515627	0.020581668
0.43823564	0.8897095	-0.08850697
0.43654144	0.53874713	0.3805607
0.6201117	0.75169617	-0.93387395
0.93540806	0.64876586	-1.0822377
0.028069258	0.73585486	1.1866289
0.17621374	0.6898913	0.1743605
0.765289	0.323447	-0.15955885
0.29547876	0.48400253	-0.51060694
0.98304486	0.6317965	0.5067697
0.46791106	0.9354978	-0.38734144
0.21422672	0.5008055	-0.8670376
0.85041845	0.7970973	-0.9825667
0.12878144	0.17836916	-1.2204548
0.36334682	0.30501395	1.0232713
0.023845017	0.7808462	0.99952555
0.498007	0.82853335	-0.24353771
0.90355974	0.60652655	-1.2192404
0.03920418	0.982866	0.024011139
0.9071623	0.6871618	-1.2013596
0.047644258	0.71691465	1.4550053
0.85843647	0.551894	-0.5937369
0.8734855	0.76715434	-1.8308346
0.42576987	0.26048928	1.117516
0.3294422	0.60729057	-0.84276545
0.4840871	0.78696036	-0.3949776
0.98055536	0.7339678	-0.5633223
0.6678804	0.90996313	-0.5919407
0.7143493	0.9437194	-0.29530996
0.11342585	0.5807382	-0.8283664
0.42384052	0.33119684	1.1617721
0.75100785	0.8239664	-0.029379476
0.12972242	0.57925874	-0.84654766
0.9206653	0.8005513	-0.89128137
0.00631088	0.9356701	0.4064167
0.7330455	0.67452735	-0.15369226
0.9019105	0.5171554	-1.231397
0.04470271	0.23206079	1.2014046
0.11146629	0.32837975	-1.5462024
0.57997435	0.64748377	-0.034681555
0.02297622	0.62379444	1.3330516
0.857071	0.46371043	-0.13672566
0.8215992	0.39417332	0.4083592
0.41591787	0.96026415	-1.0726392
0.69606596	0.22358477	0.06351565
0.88959974	0.9099052	-1.1967927
0.19363779	0.53212667	-0.43527964
0.120450854	0.19273722	-1.2201241
0.21275967	0.29460686	0.19469282
0.3030392	0.22377765	-0.49241152
0.63870317	0.33070612	-0.36888337
0.35079384	0.6612287	0.10258191
0.37747395	0.45913982	0.69587326
0.3262409	0.23559964	-0.40365282
0.24106747	0.8098201	1.7760949
0.59710145	0.751112	-0.70237154
0.3269472	0.5605843	-0.7716605
0.29599738	0.5509235	-1.0298225
0.44698703	0.60650414	0.112819694
0.043281138	0.39167446	0.7973361
0.031977892	0.6483183	1.4084839
0.17925638	0.058358967	0.5382994
0.86607486	0.5070504	-0.35357097
0.7304617	0.8341181	-0.47300637
0.9494878	0.4526624	0.9143901
0.110859394	0.28399968	-1.3575659
0.31987393	0.4872306	-0.67779875
0.8601426	0.17933178	-0.9527071
0.33585477	0.98479766	-0.66924953
0.22145092	0.6766146	0.62366027
0.90212333	0.9100056	-0.76235586
0.7006624	0.6142581	-1.3283683
0.08902764	0.9879419	-0.39066654
0.4168867	0.2350086	1.2211909
0.8208302	0.26483798	0.36266887
0.12542301	0.46930498	-1.4213955
0.5242015	0.3319673	-0.07281789
0.5737519	0.98355556	-0.7465652
0.3174035	0.8981083	-0.5517171
0.08568984	0.59562504	0.16150567
0.59165734	0.96880054	-1.1318923
0.57962054	0.9185163	-0.8390035
0.12950432	0.8722728	-0.56075567
0.2290777	0.54165983	-0.784745
0.47816473	0.58630127	-0.23865743
0.8070049	0.0838002	0.90255487
0.5285841	0.3420244	0.09316841
0.2015785	0.9642491	0.94773674
0.02053374	0.08225894	1.1881216
0.44267505	0.81524026	0.015659854
0.027432084	0.48075777	0.5033696
0.9972308	0.84736997	-0.375511
0.059060574	0.26654017	1.2825629
0.70374775	0.58129394	-1.4473147
0.5627405	0.046640873	1.0477284
0.54719996	0.7537246	-0.08088793
0.45819086	0.7101071	-0.11409793
0.69807404	0.6903175	-1.082714
0.6151826	0.5095357	-0.19719332
0.44559252	0.39666682	0.38196552
0.50093913	0.748885	-0.029252712
0.08038366	0.18654329	0.26175892
0.21828038	0.8141999	1.8145616
0.7199644	0.79784286	-0.79400516
0.62481314	0.06335777	0.6260113
0.40590328	0.35710067	1.7889503
0.07253027	0.7149232	0.8969205
0.058405638	0.59374607	1.0732645
0.44565666	0.8991515	-0.15823247
0.76335305	0.99345744	-0.015187455
0.26121348	0.92358536	0.9760437
0.96595794	0.2896816	0.4423024
0.24682128	0.1244508	1.5427105
0.79277724	0.033038437	0.80614257
0.92094004	0.27872407	-0.437434
0.9452589	0.26488876	-0.02573742
0.27839643	0.36293662	0.095856756
0.82062113	0.49848163	0.25111285
0.13939339	0.23668402	-1.1718669
0.0856477	0.047342062	0.048659626
0.7009016	0.18714994	0.12603047
0.57750875	0.39701402	0.120905176
0.093153596	0.29861253	-0.62249553
0.053990006	0.2495206	1.4011269
0.47494298	0.54486483	-0.21479593
0.14957231	0.678578	0.01371368
0.6252842	0.9564971	-0.46085358
0.727507	0.87818694	-0.34856248
0.8738928	0.52717197	-0.5690341
0.751076	0.6919105	0.4854575
0.85990316	0.88805026	-1.6975834
0.31902933	0.115660846	-0.6637768
0.25105357	0.910711	1.2420661
0.11162752	0.67295295	-0.20338114
0.5803734	0.4565984	0.03956607
0.9392697	0.046547055	-0.4517452
0.7295696	0.6844214	-0.42847052
0.5380509	0.9549614	-0.2544983
0.010453939	0.55748326	1.0049418
0.11162293	0.68650925	-0.1683918
0.6490733	0.7373736	-0.28566262
0.4156744	0.09781438	0.018813752
0.72254735	0.049861014	0.19359937
0.578321	0.7131542	-0.33326197
0.004143119	0.8326566	0.32765156
0.24032992	0.5089611	-0.8861241
0.28923905	0.53049845	-0.8179427
0.13726664	0.8666707	-0.5310136
0.8746346	0.41007757	-0.3893125
0.90649205	0.9083208	-0.6202964
0.73058784	0.1880678	0.4064313
0.9084354	0.352588	-0.9714025
0.86750376	0.09900439	-1.2531202
0.82678264	0.6553906	0.047998536
0.73239565	0.13857633	0.45560902
0.0010254383	0.5616616	0.88127553
0.65119445	0.960709	-0.66278327
0.39925742	0.9817558	-1.0467719
0.8624039	0.18970913	-1.080333
0.6659493	0.43060017	-1.673178
0.27594227	0.20338416	0.017626002
0.5434218	0.17331898	0.7041911
0.0572201	0.9018611	0.42628658
0.93520075	0.57256544	-0.652665
0.7466698	0.7401104	-0.011281328
0.38395768	0.08936596	0.42037526
0.11181551	0.8829686	-0.5296368
0.91320616	0.31951815	-0.7146901
0.4968769	0.75961477	-0.13146754
0.061190844	0.20720655	1.2226464
0.93898153	0.1471811	-0.6681419
0.3715216	0.5378398	-0.007259652
0.22507817	0.11016387	1.7116352
0.31012046	0.18027735	-0.4867779
0.19236553	0.5813564	-0.20914654
0.17681408	0.4736696	-0.0614201
0.25195467	0.14963722	1.3130418
0.12357098	0.14814728	-1.0825937
0.80428565	0.21193993	0.32799664
0.8384069	0.70638704	-0.35784933
0.6494111	0.10862422	0.20915669
0.13894749	0.30403697	-1.2003709
0.8021566	0.28580534	-0.15929845
0.22527266	0.33813196	-0.018453905
0.2969181	0.5153541	-0.71034527
0.0858528	0.52481794	-0.27327654
0.32598883	0.9506425	-0.49934906
0.033290386	0.31883627	0.8920758
0.7314716	0.26741087	0.26191825
0.8854509	0.030350626	-0.7642156
0.39814693	0.13613135	0.57303053
0.6436873	0.40594137	-0.52750754
0.28803146	0.195992	-0.3940985
0.24748105	0.22325498	1.0910949
0.7867049	0.58138084	0.55897856
0.8931029	0.20774555	-1.8258294
0.83498275	0.55850464	0.08969494
0.6783545	0.59700185	-1.6772394
0.67578536	0.75115883	-0.58948594
0.4086455	0.2794009	1.7733115
0.6216257	0.6789278	-0.64782906
0.74482715	0.7186802	0.035792276
0.033762455	0.7314306	1.286755
0.11314219	0.7931287	-0.34270912
0.28071272	0.7101484	-0.48485258
0.500905	0.015842378	-0.054898217
0.8183597	0.821567	-1.2984136
0.83316046	0.728208	-0.34451482
0.7575976	0.1095103	0.6401965
0.0021150708	0.40030837	0.29496142
0.28262252	0.62793654	-0.69118994
0.77256644	0.59202045	0.87527174
0.84246755	0.24173588	0.12230684
0.6889487	0.10081416	0.16028993
0.7922877	0.21211803	0.01656894
0.4806503	0.7707676	-0.43043143
0.85844743	0.4531663	-0.0503213
0.7056573	0.99902517	-0.45321372
0.12407535	0.25577962	-1.5406817
0.9558221	0.60359865	0.2833698
0.71994495	0.15200734	0.15212594
0.36529297	0.071575105	0.4801626
0.024071932	0.5244895	0.87375826
0.98658854	0.8709501	-0.78665674
0.33776152	0.83297086	-0.43893528
0.56420475	0.5524131	0.16931719
0.23362672	0.9644592	1.0924926
0.21696383	0.70882607	1.0202435
0.84163433	0.98268884	-1.764936
0.82319164	0.2779492	0.3808135
0.58712995	0.62952155	-0.040222928
0.29982805	0.2337299	-0.43741274
0.96677107	0.52932084	1.4922982
0.7224667	0.055146694	0.27526212
0.8134766	0.47574246	0.06782857
0.65193105	0.94028	-0.700524
0.8655448	0.7878156	-1.6401898
0.48965	0.17272156	-0.86486137
0.1348579	0.4416952	-1.2425236
0.21857929	0.5188147	-0.90544504
0.89335585	0.7607039	-1.6428256
0.3076046	0.86623144	-0.49916825
0.6869362	0.35508543	-1.338853
0.48367953	0.5470222	-0.2531078
0.034306824	0.93035996	0.6410781
0.22908568	0.80720454	1.9599985
0.87918067	0.4826162	-0.5681038
0.8309779	0.8385523	-1.3135146
0.058065176	0.96448946	-0.17052749
0.43491662	0.28595185	0.8471276
0.54000795	0.8392565	-0.14982489
0.80623966	0.6303035	0.12454738
0.1800037	0.56579727	-0.036797836
0.1270392	0.6635164	-0.28504655
0.92049354	0.37393993	-0.5637582
0.5550166	0.74866384	-0.23119062
0.7729616	0.5872538	0.8814348
0.19956589	0.3158462	-0.30950403
0.12226319	0.98904717	-0.4919436
0.3320999	0.6550879	-0.79141843
0.7173209	0.4575854	-1.1476325
0.83158565	0.5484574	0.119845964
0.5672465	0.1678831	1.3348502
0.7067585	0.77733546	-0.8861028
0.95120305	0.03667313	-0.6247635
0.44339722	0.9170755	-0.24201018
0.11361885	0.9299312	-0.4512021
0.8466813	0.30717558	0.38734147
0.6275787	0.34485447	-0.0965533
0.15224105	0.7792199	-0.049492504
0.40384167	0.5441021	0.29981744
0.582966	0.5549812	0.10169809
0.70686674	0.2757886	-0.091417745
0.8302658	0.71537757	-0.18844865
0.47012293	0.82492757	-0.36982948
0.40024585	0.47113514	0.8179213
0.70134443	0.15096015	0.18134144
0.68874913	0.9460802	-0.69116807
0.44446528	0.47404224	0.31793532
0.664943	0.90481037	-0.5735782
0.4432391	0.21977544	0.22325146
0.20857841	0.022655249	1.5209978
0.8341389	0.73546827	-0.37130213
0.28878653	0.12750858	-0.48448423
0.061340332	0.542352	0.79036635
0.24297535	0.050165057	1.3172883
0.37780696	0.3369801	1.6226225
0.97301555	0.3435076	1.081449
0.6110464	0.7953844	-0.97519237
0.5239185	0.12862736	0.055174984
0.28559035	0.8071825	0.029822722
0.48280084	0.657171	-0.33960113
0.9853919	0.020662606	-0.7319282
0.38696736	0.37365752	1.7880605
0.01631105	0.013159454	1.0942713
0.06404108	0.890576	0.42175013
0.2528932	0.13698709	1.2748632
0.2463358	0.36051792	-0.25010857
0.72998965	0.15699095	0.34706187
0.23290789	0.7039785	0.8415009
0.86514246	0.98335564	-1.4783105
0.5817737	0.91240275	-0.9218867
0.15674382	0.6643602	0.19953722
0.06712437	0.8550819	0.8357874
0.36802828	0.9717815	-1.0716563
0.81150144	0.8177602	-1.3083858
0.80149627	0.052752554	0.9258186
0.2087214	0.26924044	0.29810846
0.084225476	0.23257077	0.038486004
0.018684447	0.32561547	0.5099112
0.8873911	0.6601629	-1.637572
0.323327	0.72630537	-1.1095508
0.25638306	0.24010605	0.7536472
0.084477425	0.66455096	0.52455544
0.13094944	0.19518447	-1.2868295
0.35821497	0.82212734	0.123465806
0.8807054	0.5999859	-1.3320702
0.85562617	0.57272524	-0.6633889
0.70423394	0.20279348	0.074614234
0.5255972	0.4167931	0.19610569
0.99164724	0.9258911	-0.31039956
0.09020734	0.26562536	-0.36335796
0.07163888	0.57515895	0.60011923
0.8594498	0.010646403	-0.26762655
0.97276855	0.10888767	-0.837717
0.24641639	0.12240285	1.5570257
0.83575284	0.63925016	-0.103364244
0.4200399	0.49894166	0.4025473
0.57449603	0.07404852	0.849572
0.57059675	0.050375342	1.017633
0.67701674	0.2754336	-0.68705237
0.028432667	0.6723131	1.3523552
0.12345475	0.09784871	-0.9647461
0.1361304	0.87534016	-0.5631424
0.050677955	0.50003076	0.74071807
0.16301382	0.91711456	-0.4603436
0.5784129	0.96256524	-0.88327587
0.2767943	0.77210087	0.16691542
0.37543386	0.43865675	0.9091305
0.119540095	0.9460177	-0.4388981
0.18948972	0.7014298	0.19405462
0.017133653	0.019451201	1.1285576
0.77103776	0.023437202	0.5774137
0.757626	0.048480213	0.44679856
0.86325175	0.83136785	-1.655413
0.76155525	0.5344102	0.4100047
0.82143325	0.37983096	0.42813352
0.9846034	0.31658077	0.60287935
0.12148309	0.73671216	-0.15425615
0.2941391	0.9541549	0.066515386
0.6981433	0.80396426	-0.8453451
0.17224842	0.7452049	0.17018622
0.18472683	0.6776188	0.12826438
0.88079125	0.8886377	-1.5459366
0.20671713	0.7044942	0.6512478
0.4035477	0.9283959	-0.9689911
0.86998194	0.49694002	-0.2696501
0.20723647	0.43147784	-0.65445423
0.75382775	0.20471919	0.50120527
0.013412297	0.01943773	1.0585502
0.83719176	0.25791603	0.2978504
0.9447177	0.892318	-0.7141357
0.8273067	0.058371603	0.8138268
0.8745508	0.75768757	-1.8242949
0.90242946	0.14893931	-1.5138203
0.1315859	0.3342693	-1.3710709
0.89246917	0.58019114	-1.2576036
0.9295854	0.8563114	-0.45467845
0.402897	0.27095395	1.8047785
0.40871686	0.18244141	0.7657598
0.43302178	0.45865852	0.27597773
0.15746808	0.8687505	-0.37468755
0.07931596	0.3886298	-0.08429483
0.7500005	0.65218186	0.58711284
0.8004842	0.67737633	0.0030909432
0.85365826	0.69576067	-1.3396657
0.8160427	0.89177287	-1.805073
0.5073504	0.11757249	-0.38044366
0.3002708	0.72653705	-1.1441159
0.5622651	0.5393112	0.16521722
0.6612958	0.84309566	-0.38130862
0.90263927	0.16939825	-1.5401613
0.28290433	0.49422467	-0.5877342
0.31859022	0.35793573	-0.3934129
0.92807055	0.6443176	-1.0359149
0.21953905	0.6622726	0.35731947
0.3841058	0.7783923	-0.26015037
0.60666794	0.37249434	0.26487428
0.5291641	0.5155557	0.6152739
0.98175865	0.81117046	-0.8737581
0.2679448	0.09013921	0.5906015
0.72950035	0.7843896	-0.55613685
0.8584787	0.6209871	-1.1906061
0.5378776	0.17902875	0.3802962
0.5069906	0.5161651	0.15241486
0.043979347	0.14774436	1.1311425
0.03536141	0.3230613	0.96324503
0.95949066	0.23496777	-0.07856444
0.73618734	0.87647873	-0.17612296
0.079579115	0.015780747	0.22713096
0.37923074	0.06386006	0.45753467
0.44534945	0.4159274	0.34624356
0.533409	0.08535761	0.41662294
0.6744804	0.5508903	-1.8833402
0.23633826	0.51769966	-0.88087904
0.50190085	0.33279586	-0.40236917
0.29139346	0.85131234	-0.14116873
0.7176482	0.8930835	-0.49743977
0.3452115	0.09979814	-0.04785817
0.88142484	0.5581355	-1.0081979
0.65134007	0.41635716	-0.83320636
0.8828921	0.35955787	-0.9519858
0.6875821	0.4224915	-2.068827
0.3094651	0.89959186	-0.37077767
0.5498734	0.36283976	0.6292
0.5729643	0.6193506	0.054325752
0.3575124	0.8348359	-0.02519906
0.7668449	0.9355765	0.074280374
0.6844495	0.7127809	-0.8844701
0.77617764	0.08449614	0.5739983
0.09108013	0.20103604	-0.1835485
0.034690857	0.8152583	1.1850746
0.26188868	0.80844915	0.96908027
0.4299339	0.25422293	0.954939
0.7182439	0.14819443	0.23407763
0.3643921	0.05559355	0.40329167
0.7908201	0.8026985	-0.82254386
0.65727437	0.16923064	-0.071415596
0.15367591	0.94354767	-0.5810479
0.9366788	0.42611712	0.019157233
0.051443994	0.0020182133	1.1375922
0.76536965	0.07575786	0.48107892
0.6983536	0.37898535	-1.3351119
0.105724275	0.115064085	-0.5248451
0.31354678	0.6107804	-1.2821038
0.65492934	0.2944786	-0.77592087
0.8624132	0.5721702	-0.9098164
0.8295381	0.07485211	0.73146325
0.7013356	0.4149506	-1.6707437
0.95231694	0.338948	0.7567039
0.1567899	0.15135127	-0.35170788
0.034030914	0.020782232	1.3466702
0.5341593	0.7284353	0.16650656
0.6528982	0.62515575	-0.7672447
0.24984872	0.62213653	-0.19601479
0.21329296	0.63507146	0.017063621
0.85914963	0.7359197	-1.4422693
0.43642282	0.8165242	0.027513936
0.33222687	0.5852153	-0.66573536
0.3200183	0.7199971	-1.2735008
0.8644644	0.8138652	-1.6376634
0.6188515	0.2549671	0.20481889
0.4926811	0.08564091	-0.60595155
0.55900073	0.6762	0.08852408
0.98301196	0.41831172	1.6944945
0.1781596	0.6379857	0.10498239
0.8475438	0.38892746	0.42537108
0.18041086	0.90033853	0.22866714
0.88359666	0.7773085	-1.842693
0.839076	0.100343525	0.2589527
0.5029112	0.3004979	-0.52635485
0.60749894	0.8946249	-0.9607421
0.8236416	0.85421556	-1.5801365
0.5504337	0.38807476	0.43172422
0.98426914	0.014660537	-0.70919436
0.577282	0.57025325	0.10918598
0.68087375	0.8279718	-0.5794504
0.56175125	0.08059317	1.1298788
0.6676007	0.96520716	-0.6892199
0.49593955	0.40705276	-0.103759035
0.73037976	0.81642985	-0.4574605
0.58124393	0.5192023	0.012396567
0.67832834	0.55208194	-1.9402676
0.59729075	0.9482011	-1.1343774
0.3133372	0.28815407	-0.49599087
0.9162826	0.8025369	-0.91296786
0.1620006	0.7660764	0.12677716
0.87393457	0.6011898	-1.3525069
0.072321296	0.7231821	0.96353096
0.48380256	0.31488937	-0.45249
0.82534254	0.6980711	-0.1069223
0.9990773	0.048691392	-0.638855
0.80418295	0.49038178	0.048664853
0.4888087	0.7467963	-0.27830824
0.9925116	0.17745697	-0.6306795
0.5745285	0.7532874	-0.5305578
0.83806103	0.7471716	-0.49718216
0.42638093	0.60718066	0.48563695
0.55598	0.5085678	0.15418492
0.8307418	0.6569213	0.033583224
0.124575734	0.62710845	-0.5287109
0.40292495	0.30045503	1.9681069
0.2973221	0.65499616	-1.2963074
0.24889225	0.29862344	0.4257653
0.32405436	0.6442445	-1.2021421
0.66930276	0.2653637	-0.57294375
0.27246535	0.2023074	0.29847583
0.04369521	0.9806847	-0.046999425
0.24591386	0.4983036	-0.8210926
0.024338901	0.4267046	0.29423878
0.6055318	0.7953435	-0.83069223
0.18823045	0.6058705	-0.14196458
0.64567477	0.0022040606	0.42309237
0.51761496	0.77742326	0.07168781
0.6600929	0.7037597	-0.6183346
0.0086942315	0.69491327	0.7249581
0.91416675	0.80810773	-0.86886555
0.6259418	0.060154736	0.6089829
0.112742364	0.5046858	-1.4404954
0.7405858	0.2238102	0.50674313
0.40932524	0.9663423	-1.0559171
0.56078845	0.55414337	0.24637693
0.016225278	0.9577234	0.49422666
0.44594198	0.13504267	-0.06870067
0.64397216	0.49671346	-0.30498475
0.8177657	0.77915764	-0.9137226
0.79771966	0.71813667	-0.25420386
0.92815065	0.99161977	-0.29785115
0.12318897	0.3525995	-1.6170652
0.107646585	0.82772833	-0.40807796
0.8295725	0.23022497	0.4121631
0.29425615	0.77354807	-0.62275505
0.696992	0.9353352	-0.7039652
0.7226179	0.9100992	-0.33974037
0.8202353	0.5592996	0.1487483
0.24509603	0.25672925	0.8271684
0.64415866	0.9565397	-0.6749835
0.827632	0.37966502	0.58771
0.39399022	0.9249454	-0.9345699
0.57527834	0.8362577	-0.7992068
0.5955156	0.94287115	-1.0940855
0.8654779	0.70174813	-1.7627709
0.09212017	0.25805598	-0.43641767
0.3227867	0.5118966	-0.6675328
0.56853396	0.18559444	1.294465
0.68924356	0.19089085	0.13821954
0.13214707	0.55740887	-0.97408766
0.53894776	0.119053066	0.49616987
0.2842036	0.7976912	-0.03007019
0.39784223	0.69791365	-0.10394693
0.582563	0.3843242	0.19548476
0.9465248	0.23373419	-0.24168365
0.466273	0.59351325	-0.169581
0.12438035	0.5280703	-1.2505394
0.12769866	0.46247083	-1.3731378
0.87385994	0.25786793	-1.16094
0.31534272	0.25374687	-0.491238
0.7570867	0.49078596	0.13328809
0.7227291	0.7682776	-0.8164216
0.41897982	0.7932636	-0.16922835
0.5239356	0.32304496	-0.039755605
0.19952577	0.44469136	-0.50833225
0.99109834	0.6801268	0.14972247
0.4641472	0.16149855	-0.27834412
0.3631239	0.92515427	-0.8211171
0.41556007	0.4207092	0.8436187
0.8321964	0.47484022	0.4474873
0.08623093	0.4202695	-0.5653159
0.9793739	0.9383583	-0.4096816
0.7984722	0.5386028	0.15566175
0.7721186	0.4158724	-0.4169767
0.034335494	0.53331983	0.94832915
0.32276547	0.924142	-0.47937685
0.10584682	0.63095504	-0.22007214
0.46142435	0.1976276	-0.27459875
0.20805335	0.502861	-0.73143107
0.6105114	0.5696675	-0.2777554
0.8239163	0.011993527	0.9115335
0.13359404	0.5741614	-0.8531959
0.57321554	0.502345	0.026084518
0.24305445	0.2434358	0.9526853
0.88496447	0.025721014	-0.7799274
0.46533746	0.21520817	-0.2670975
0.21630788	0.8947149	1.6884207
0.32854205	0.4175505	-0.25132185
0.5586774	0.7653119	-0.33941993
0.07952458	0.41676676	-0.088211074
0.62176555	0.649564	-0.6270034
0.068228185	0.76224387	1.0875409
0.63968253	0.7313547	-0.40668657
0.35426795	0.03982544	0.016476883
0.8915958	0.35462838	-1.1085356
0.01738298	0.30878222	0.63301754
0.24930656	0.8123853	1.51459
0.29882812	0.34704638	-0.23111911
0.36326253	0.19004202	0.75117993
0.78691137	0.4600407	-0.33811864
0.6786575	0.48270828	-2.3148513
0.5995564	0.660694	-0.43651712
0.01966542	0.346488	0.48984
0.6760599	0.95929384	-0.6976643
0.71597236	0.3734606	-0.6383369
0.7635339	0.8701196	0.10311794
0.40882766	0.5674451	0.29585284
0.40203255	0.47193694	0.7386922
0.2525944	0.17914957	1.1766816
0.25832295	0.42567122	-0.3929315
0.6415178	0.34641522	-0.38886017
0.7031567	0.6325202	-1.1749277
0.91811174	0.89850765	-0.3427752
0.51051694	0.9082159	-0.07608676
0.041160822	0.08218634	1.1925361
0.29481375	0.47373104	-0.41153544
0.1443013	0.5939612	-0.34794343
0.004000902	0.54122573	0.801579
0.51975465	0.5499925	0.40139067
0.8680782	0.89240867	-1.6777828
0.3925693	0.81909156	-0.4906668
0.3979513	0.2927816	2.0083559
0.78836596	0.17897284	0.09542358
0.05821073	0.07877684	0.8674665
0.32473445	0.79997474	-0.70865864
0.05857849	0.54058534	0.84872025
0.61029375	0.4682538	-0.10362609
0.7454497	0.20918012	0.5654737
0.281363	0.057360888	-0.24402092
0.5905203	0.8185487	-0.6518673
0.15776443	0.5101822	-0.26536292
0.42400497	0.6274398	0.44512793
0.73562694	0.36389285	-0.020848742
0.43673712	0.62662464	0.19164374
0.7115023	0.93402904	-0.4269101
0.6713133	0.26071513	-0.5290567
0.43685442	0.66560334	0.19902234
0.35325783	0.6155826	0.061708167
0.9724654	0.97688043	-0.3402348
0.99343866	0.27725756	0.004199151
0.8017974	0.34418362	-0.4024979
0.39906257	0.3739934	1.7304362
0.84339046	0.5762847	-0.30412948
0.3908977	0.43312055	1.261044
0.71274036	0.00035881996	0.07593139
0.11150187	0.025042832	-0.50575864
0.1748746	0.895119	0.05637528
0.5213082	0.24459857	-0.15104672
0.29338455	0.59914035	-1.0257714
0.09339261	0.83256644	0.010950347
0.46182263	0.47100037	0.12000634
0.064112365	0.32212	0.71614397
0.6475877	0.39570433	-0.5897411
0.9031092	0.5790469	-1.2992051
0.2668267	0.77405417	0.51720184
0.39781922	0.13321078	0.5483284
0.6764209	0.083696485	0.28220963
0.21193242	0.84628934	1.7543625
0.64675856	0.0408746	0.37940124
0.7231861	0.8646776	-0.5470628
0.23654848	0.053452194	1.5685903
0.9713003	0.7507333	-0.9849723
0.12710184	0.4644209	-1.3910788
0.9338494	0.16086471	-0.7018291
0.5647819	0.19068873	1.3463138
0.44543248	0.582396	0.12260942
0.1986022	0.0918901	0.9613895
0.19950974	0.30406994	-0.162672
0.07698172	0.99951285	-0.4468269
0.5997261	0.45761937	0.073301956
0.37239975	0.03403598	0.43371
0.04918492	0.37270755	0.96071744
0.30536997	0.7153428	-1.3229262
0.52253133	0.29544377	-0.10004195
0.7505818	0.8206849	0.013721708
0.59345233	0.67424786	-0.37395123
0.96675175	0.10878217	-0.92633367
0.7844829	0.99078107	-0.71352804
0.42008168	0.7454488	0.061305035
0.1060493	0.20955253	-0.83532006
0.45917314	0.73148215	-0.17157944
0.8701339	0.06244296	-0.9935887
0.5310176	0.4790156	0.47015172
0.72403544	0.21612191	0.23589256
0.5800967	0.26160538	1.0133364
0.96580964	0.16709757	-0.66900665
0.43517244	0.8505503	-0.039141178
0.74600554	0.7362981	-0.03325495
0.31211364	0.9384571	-0.25615838
0.71772486	0.058308125	0.1466327
0.55091965	0.5654398	0.418297
0.79622656	0.3807522	-0.53763044
0.66222405	0.8984604	-0.54459256
0.15723246	0.37696803	-0.47848257
0.62478185	0.42884332	-0.10051606
0.17147857	0.88241875	-0.08892542
0.3371753	0.7247465	-0.48592952
0.8622534	0.5991003	-1.0471132
0.49468607	0.3102727	-0.4822527
0.04619956	0.06642401	1.2217847
0.34548753	0.55299985	-0.17241901
0.27125096	0.060102046	0.4107463
0.75774795	0.8961855	0.15607908
0.7724517	0.47433156	-0.15971538
0.6335832	0.7546172	-0.63149285
0.4789706	0.112045825	-0.73634183
0.5936151	0.25325322	0.81689227
0.1968975	0.47523892	-0.4912176
0.6744292	0.025423944	0.2634278
0.16656482	0.18627298	-0.28107208
0.6675148	0.7122494	-0.7693891
0.18213797	0.690747	0.1512917
0.10202193	0.6100948	-0.22958578
0.058357656	0.65391576	1.253359
0.69081736	0.15902984	0.28462714
0.08184034	0.081548035	0.09897731
0.19139206	0.39841527	-0.371122
0.5139107	0.05341363	-0.010049092
0.15020633	0.91329944	-0.6084337
0.19601011	0.76925564	0.8104336
0.96700674	0.45266813	1.8061527
0.87448007	0.91377145	-1.5763166
0.2692765	0.726211	0.008224957
0.56590253	0.6726554	-0.022268232
0.3437339	0.22618824	-0.11675816
0.34057993	0.982535	-0.75247294
0.2305488	0.85139495	1.9199615
0.5453812	0.9751445	-0.41037315
0.97955626	0.28769785	0.35318083
0.42220485	0.09659529	0.005244069
0.051093996	0.06361723	1.0787927
0.95884395	0.5625054	0.89404976
0.69697917	0.6225109	-1.4028211
0.79303235	0.98495626	-1.088175
0.39644748	0.60451245	0.1003953
0.92158365	0.95381707	-0.32241085
0.35904706	0.31402957	0.81688035
0.6459547	0.91948026	-0.6378849
0.9896421	0.19105709	-0.61601436
0.4263777	0.054899514	-0.24459907
0.6713828	0.6150493	-1.4122938
0.63679385	0.42936188	-0.29628524
0.07472551	0.217165	0.53446317
0.8227535	0.78152335	-0.7832708
0.4004246	0.21494865	1.3127598
0.5484698	0.7506	-0.1435078
0.11132932	0.7096638	-0.29001445
0.38352317	0.14956272	0.865651
0.88248324	0.49259526	-0.7170929
0.6712191	0.7213726	-0.7375865
0.29281396	0.26149112	-0.31245324
0.8506222	0.16149181	-0.45124167
0.3579198	0.5039259	0.18031742
0.8049763	0.24863327	0.08247465
0.30865163	0.80583394	-0.7949508
0.2988423	0.19979781	-0.5326846
0.8278323	0.64477724	0.15901124
0.08904368	0.6474704	0.2595291
0.5590366	0.43654966	0.280531
0.47986394	0.025729835	-0.4667724
0.78368556	0.06796479	0.56625855
0.14173132	0.55815387	-0.6747769
0.29757094	0.5124165	-0.76415014
0.018148005	0.3865354	0.30633053
0.4147812	0.015798211	-0.50405943
0.3370577	0.36122662	-0.18522502
0.409662	0.5443757	0.33541292
0.18442988	0.3650275	-0.49407047
0.005168259	0.7569346	0.34156463
0.42372847	0.4775381	0.2883612
0.5165152	0.43461114	0.17272455
0.9343685	0.93147963	-0.3669346
0.68034583	0.34059763	-1.3602049
0.36135125	0.6981514	0.22263801
0.33847564	0.23807174	-0.22043672
0.5045467	0.13418025	-0.5255012
0.23152268	0.6305247	-0.017492997
0.7132513	0.6712425	-0.9288119
0.05392748	0.9544351	0.022420987
0.7164625	0.10644102	0.21773301
0.94418883	0.18692344	-0.5562587
0.82050776	0.4431793	0.34977686
0.38384688	0.2825063	1.8302644
0.64117426	0.4706337	-0.30895936
0.43665934	0.04430765	-0.31342697
0.7889872	0.2651527	-0.2972228
0.086202204	0.9033623	0.043398775
0.22459537	0.4457264	-0.8943615
0.69090194	0.24506629	-0.14249463
0.458623	0.65588456	-0.13602228
0.08217955	0.247078	0.16993353
0.98292524	0.60487425	0.8501552
0.08588529	0.086125016	-0.08840231
0.34707785	0.5748168	-0.15106425
0.8195244	0.1588158	0.6074298
0.85697615	0.12614465	-0.8431304
0.24500257	0.07486552	1.3912773
0.34798765	0.15895665	0.06687733
0.4912188	0.6531904	-0.24913491
0.5826772	0.21435612	1.0218657
0.07213819	0.6912379	0.93086743
0.4030769	0.8272007	-0.6295166
0.07663697	0.37047923	0.02779818
0.42218757	0.83992743	-0.1423649
0.4483406	0.95417255	-0.34244546
0.29923314	0.08175045	-0.98497283
0.3135267	0.3681522	-0.28335723
0.6437469	0.99982464	-0.5170623
0.5353168	0.6426529	0.27178398
0.893577	0.13458627	-1.7764578
0.26498812	0.80128324	0.7944487
0.9391817	0.07338178	-0.575921
0.81272966	0.638769	0.1463567
0.38364446	0.41596162	1.3308334
0.27544582	0.89734304	0.6341756
0.2115376	0.6207483	-0.13750103
0.96913785	0.6199472	0.49486542
0.6971501	0.22751576	0.023934808
0.75589293	0.23913372	0.46207997
0.7570772	0.6126786	0.79162276
0.29280895	0.2762041	-0.24167323
0.04396516	0.89253765	0.83639795
0.48045665	0.024084091	-0.50170296
0.58081	0.2597252	0.99727565
0.13032687	0.46707183	-1.3341933
0.95069814	0.35957932	0.8805014
0.6857067	0.83491254	-0.81389314
0.29375672	0.2303018	-0.5189283
0.57165545	0.50445414	0.01621883
0.76678383	0.069646716	0.5612521
0.43298894	0.115344465	-0.037871584
0.2793157	0.32041126	0.027477145
0.216483	0.16995257	1.2927142
0.91073036	0.49028736	-1.234471
0.047192037	0.9060084	0.58077794
0.1160391	0.95262057	-0.37505275
0.84224313	0.9378266	-1.7562599
0.8259527	0.9517129	-1.869216
0.11360794	0.6337638	-0.37247983
0.055261016	0.40352386	0.73484844
0.74380994	0.44594342	-0.0986875
0.3656866	0.7586558	0.32925537
0.0015483499	0.58139485	0.952176
0.696057	0.21910697	0.096761465
0.28685743	0.5653119	-0.84466165
0.104619265	0.6931508	-0.11015034
0.71669084	0.114788055	0.15022112
0.47704488	0.94028187	-0.43037018
0.92743087	0.74993837	-1.135993
0.2354765	0.23880929	0.9655125
0.119543314	0.3967808	-1.7044696
0.5782038	0.06057459	0.8126774
0.3749655	0.025927365	0.354017
0.6878459	0.97262627	-0.6315566
0.98383206	0.45076275	1.800864
0.52326226	0.8439091	0.03290825
0.41363966	0.32824337	1.5892757
0.39738238	0.52374566	0.4639647
0.79892886	0.45288378	-0.23146896
0.85534656	0.98099613	-1.7127908
0.59096885	0.9749319	-1.1062969
0.5520883	0.5898392	0.4368552
0.8757856	0.2825997	-1.1233435
0.7801452	0.37101775	-0.7021527
0.24490356	0.014886916	1.0691596
0.39713812	0.8498824	-0.66034406
0.3130083	0.63589555	-1.4074323
0.40650505	0.13496405	0.37369677
0.18382531	0.44370335	-0.17059347
0.071852386	0.41119003	0.23247322
0.42928106	0.7209848	0.19689347
0.3647942	0.09158361	0.519013
0.7608036	0.078333974	0.5061985
0.6032547	0.44180465	0.12800278
0.29345006	0.48427755	-0.5242888
0.97356766	0.1179204	-0.7988371
0.92404234	0.31356978	-0.27151048
0.72724646	0.009334743	0.37484783
0.8170337	0.098024964	0.9358449
0.78768325	0.09583658	0.4058715
0.32447308	0.6070344	-1.0176916
0.68204033	0.35483867	-1.4522241
0.102636814	0.5761456	-0.581697
0.6678116	0.7392858	-0.51722723
0.8575097	0.19665766	-0.7772125
0.70952886	0.54171175	-1.3732393
0.031478703	0.7081144	1.410544
0.41133344	0.9021903	-0.90525454
0.8712489	0.22898889	-1.314608
0.24305141	0.5018509	-0.8409583
0.36203712	0.9983081	-1.1026464
0.56990266	0.2082898	1.3051329
0.5300465	0.1331355	0.25917256
0.7332909	0.04558277	0.43755004
0.6832571	0.032708466	0.19563955
0.81952393	0.15912682	0.62486446
0.71841145	0.93239105	-0.2685931
0.6769347	0.25113672	-0.4034512
0.8128562	0.7745339	-0.8845071
0.9285832	0.90615135	-0.3263068
0.48107022	0.07978821	-0.6813641
0.47263306	0.9657146	-0.4354381
0.9650926	0.56298923	1.0977923
0.53283757	0.44390172	0.37580112
0.15581465	0.3723002	-0.5693115
0.39694905	0.69285434	-0.14410599
0.89516133	0.61684906	-1.396856
0.5440765	0.97514874	-0.360245
0.6106518	0.18244499	0.39870152
0.78681666	0.20594925	-0.071882434
0.7325064	0.21536732	0.45578974
0.3320164	0.7350501	-0.7119347
0.28570193	0.27433348	-0.18153396
0.2838511	0.30229932	-0.034114912
0.7734121	0.5860489	0.8497775
0.7327368	0.11025554	0.38163283
0.6065186	0.66948736	-0.7244523
0.44905776	0.80561346	-0.10505755
0.6531755	0.1330657	-0.018136054
0.9095749	0.6363978	-1.152163
0.46008545	0.7378853	-0.18758553
0.4703256	0.027206004	-0.38233453
0.029608786	0.058892787	1.2404677
0.9114568	0.61378896	-1.2076973
0.23614562	0.52482253	-0.8282581
0.34544247	0.6091092	-0.18307778
0.25157273	0.92151785	1.1738149
0.13296092	0.5639697	-0.90378666
0.022909522	0.7024278	1.103919
0.73949707	0.57706755	0.19098854
0.45482403	0.84171504	-0.10560284
0.26029778	0.96428704	0.6837446
0.38460565	0.13593268	0.77249974
0.8963166	0.5782416	-1.3233938
0.9777841	0.15282178	-0.7030303
0.8936337	0.90372837	-1.0529199
0.7207878	0.47505265	-1.0007867
0.8198452	0.8704016	-1.7243037
0.09720445	0.15262145	-0.31878188
0.4723969	0.30388427	-0.26680887
0.6795607	0.3874377	-1.7670285
0.8541231	0.2645089	-0.14902909
0.48093605	0.80006975	-0.49404132
0.7847775	0.7535824	-0.15851346
0.29434794	0.5555536	-0.97224665
0.67073286	0.49257326	-2.073954
0.7759637	0.980187	-0.35992277
0.5186244	0.28842753	-0.3723024
0.10677463	0.5878668	-0.48833823
0.5397313	0.54795647	0.61570126
0.10461426	0.10041189	-0.44102317
0.7213079	0.18101269	0.24913666
0.62982404	0.7983447	-0.81701016
0.030103683	0.8561119	1.1658447
0.6811394	0.5444219	-2.0373592
0.6077676	0.6920099	-0.76168716
0.6157996	0.6537092	-0.71814007
0.5382	0.021870136	0.57930064
0.84129375	0.8410824	-1.2238324
0.20803368	0.9500768	1.2058077
0.3234387	0.9386729	-0.5085371
0.9181598	0.043371797	-0.82003856
0.7298358	0.8851562	-0.24882378
0.6815881	0.6594421	-1.2817119
0.98093545	0.18149781	-0.59842783
0.71439695	0.4940865	-1.3592647
0.51442915	0.42708802	0.077081986
0.2194305	0.9940687	0.9388379
0.15354723	0.06480771	-0.551418
0.15074474	0.5961279	-0.075395115
0.8307139	0.9002314	-1.8107554
0.80299723	0.748859	-0.68641573
0.903121	0.6637447	-1.3013697
0.30542004	0.39722168	-0.18137749
0.1962902	0.23762846	0.26680812
0.6754132	0.7275275	-0.7302774
0.62266314	0.33088475	0.097955175
0.8994814	0.56046003	-1.2587197
0.10008061	0.5434787	-0.8564064
0.90505654	0.20114577	-1.4219854
0.78905535	0.067020416	0.5692974
0.47169048	0.70754445	-0.2960766
0.22261155	0.2336154	1.0080025
0.79777014	0.8094144	-1.0797352
0.97970027	0.24696779	-0.18585443
0.851416	0.04900533	-0.1673038
0.477961	0.5640793	-0.22084771
0.7301437	0.90449876	-0.15332946
0.48506045	0.70363414	-0.35483044
0.05133152	0.23701322	1.3483125
0.27715832	0.34547848	0.069375634
0.7005576	0.07999456	0.10889958
0.7507033	0.40808928	0.052427802
0.11372745	0.63241035	-0.39552632
0.97815025	0.4243763	1.8295467
0.3699165	0.9343793	-0.90291
0.9367304	0.42687953	-0.015302373
0.91473114	0.26041365	-0.78186196
0.2653004	0.56371903	-0.6066033
0.09199208	0.5908802	-0.14115521
0.7885709	0.71891814	-0.06329692
0.72647285	0.74164075	-0.60310966
0.046517313	0.5534808	1.0699228
0.7711413	0.98766714	-0.22493266
0.63654256	0.0708614	0.37969846
0.25343692	0.6802217	0.23275504
0.38876915	0.917899	-0.9271019
0.004422605	0.9290584	0.40116948
0.05181241	0.39253992	0.78571147
0.90356207	0.097563446	-1.3337171
0.5663064	0.8354755	-0.68620574
0.03726542	0.2749477	0.96469367
0.60953176	0.38135678	0.23511827
0.10858452	0.1693027	-0.87068695
0.59709036	0.55918956	0.012820823
0.9116949	0.4000777	-0.86745983
0.7847835	0.79763585	-0.49425066
0.67481774	0.9795246	-0.71924734
0.29782528	0.3437451	-0.22573523
0.020243466	0.9051288	0.7594829
0.84541494	0.6120786	-0.44972992
0.9638422	0.08850974	-0.87118447
0.18538028	0.6025188	-0.070898406
0.9008896	0.43427056	-0.99715734
0.24424732	0.76987123	1.3817712
0.120838225	0.21033996	-1.3158768
0.78659683	0.99529684	-0.81964046
0.93217015	0.60542	-0.8385868
0.8774925	0.0048108697	-0.62478185
0.27531868	0.6443974	-0.52117974
0.2935155	0.33086777	-0.15141386
0.6702308	0.8282228	-0.43184868
0.4993881	0.97379196	-0.24863593
0.53585184	0.6145738	0.5088828
0.41357213	0.04615563	-0.37787935
0.048779786	0.7703887	1.3919597
0.4865836	0.08293909	-0.6840419
0.28055727	0.05467975	-0.09725164
0.52667403	0.014537871	0.2653647
0.7656262	0.079538405	0.49164832
0.74718547	0.06478673	0.51264983
0.33820856	0.025311947	-0.46828666
0.68330514	0.79604787	-0.6440378
0.56723624	0.87339884	-0.7329427
0.8061914	0.112734914	0.7950093
0.3185519	0.264794	-0.5431826
0.07673508	0.4009633	0.016992226
0.09155792	0.80871207	0.23158434
0.40420634	0.3274266	1.9693518
0.7202641	0.96695703	-0.13386504
0.5323668	0.3372025	0.18796968
0.7156031	0.9392865	-0.31254515
0.46085137	0.15741485	-0.33845675
0.16638118	0.8763978	-0.22786598
0.7650471	0.5912883	0.85552144
0.1313352	0.5922758	-0.7444158
0.4941066	0.34543705	-0.3085896
0.9162023	0.036140084	-0.8268174
0.6064755	0.9269368	-1.0417129
0.0937525	0.7306324	0.12958218
0.6305087	0.07175636	0.55650014
0.27684826	0.17359328	0.09185841
0.19390786	0.54699075	-0.405759
0.13117486	0.022607088	-0.96539176
0.5498925	0.1365344	0.87701106
0.58614624	0.033662796	0.6695233
0.0026246905	0.6119132	0.99929655
0.22796297	0.9508216	1.1997504
0.5368012	0.67923063	0.19434026
0.7231655	0.9493276	-0.066900164
0.7927145	0.7855531	-0.75913393
0.8473226	0.7490407	-0.7626868
0.8113896	0.21572053	0.42193353
0.42606902	0.09368461	-0.063623756
0.40791106	0.4975345	0.4831429
0.7321503	0.55366373	-0.22604762
0.5994379	0.7501876	-0.75239
0.43631774	0.055378437	-0.3299596
0.6914616	0.44694006	-2.1361458
0.08673787	0.5172726	-0.3611167
0.9730136	0.77442497	-1.0212259
0.03312701	0.10182065	1.1519057
0.93765056	0.92043024	-0.40398178
0.35167563	0.43984634	0.2453244
0.3474846	0.5396773	-0.16379078
0.36231333	0.57915765	-0.01922153
0.9905069	0.02092868	-0.7255772
0.017688692	0.5831011	1.1808919
0.96867174	0.08969927	-0.91516376
0.5892376	0.8740894	-0.83834225
0.5819319	0.78744674	-0.70901746
0.31238365	0.794083	-0.8818993
0.10918558	0.22893155	-1.0687618
0.42656153	0.08125818	-0.09218319
0.91372037	0.43601388	-0.9886606
0.22656769	0.7678259	1.6800121
0.7234653	0.33286023	-0.18133172
0.4625016	0.8792726	-0.14995347
0.8334641	0.22409743	0.3169249
0.61480415	0.80158263	-0.9855854
0.5242533	0.10606176	0.11430678
0.24711794	0.98493356	0.83235407
0.8336301	0.15387642	0.4400983
0.9477655	0.9996332	-0.30203706
0.15494096	0.9761201	-0.586834
0.13555717	0.30506194	-1.317658
0.90934306	0.86693096	-0.7632366
0.5732679	0.0048871636	0.8533679
0.21250772	0.64424473	0.11789955
0.27690387	0.10423142	0.0890957
0.16286665	0.120330274	-0.20536414
0.5734071	0.56024843	0.16563904
0.85353786	0.088989735	-0.44580618
0.48967087	0.09608328	-0.71777576
0.24296105	0.8705679	1.6678876
0.8266962	0.32618034	0.5442318
0.23580569	0.9162966	1.4996734
0.29541028	0.52972144	-0.8383995
0.81955665	0.004796922	0.967235
0.45687354	0.007442653	-0.3854383
0.88891286	0.6259303	-1.4373456
0.20187241	0.44899762	-0.60265917
0.091888964	0.4980027	-0.76181513
0.38138986	0.8382983	-0.46678436
0.15057504	0.8841995	-0.48953563
0.8206965	0.9862171	-1.7963825
0.35955292	0.54301566	0.13727453
0.59192413	0.8689494	-0.7309723
0.24236089	0.8108172	1.7062641
0.6952415	0.803497	-0.84659636
0.38736862	0.26600176	1.7825077
0.49888527	0.26737112	-0.62741387
0.30017328	0.86817676	-0.32692325
0.62556154	0.21618575	0.014302757
0.24846214	0.41788787	-0.6086412
0.34364736	0.2969883	-0.13001606
0.031124532	0.09755331	1.1360534
0.19844985	0.21610957	0.43933475
0.7188767	0.9550686	-0.24735747
0.12115979	0.89335966	-0.51579297
0.71231747	0.9941798	-0.34849563
0.7878703	0.67462593	0.24859828
0.5470578	0.86301	-0.3552036
0.081178665	0.06033683	0.12603673
0.2554837	0.21425033	0.93778294
0.6098996	0.9406399	-0.95788324
0.3258536	0.2980606	-0.47111732
0.80311435	0.87582743	-1.583098
0.5851851	0.12712795	0.8016029
0.71295035	0.08177912	0.16531354
0.9366083	0.39771986	0.088782206
0.8714207	0.12307781	-1.5967804
0.17093712	0.41448474	-0.2053755
0.75187194	0.1930992	0.5819969
0.017166495	0.7555643	0.67637825
0.782894	0.29421568	-0.4101998
0.1354546	0.27951908	-1.2768842
0.6129887	0.7482855	-0.90558547
0.80069995	0.6609502	0.024130091
0.06490564	0.19350213	1.0181518
0.042609572	0.4860164	0.7193184
0.4330446	0.1031093	-0.086196974
0.8590418	0.07442421	-0.61832255
0.18043709	0.835313	0.24864264
0.8809884	0.10873252	-1.7447501
0.30848175	0.04183811	-1.0831988
0.6895928	0.7627409	-0.7891552
0.27160013	0.90188074	0.7463182
0.8205656	0.31678116	0.2945296
0.5100183	0.07112944	-0.102913305
0.47976577	0.24095803	-0.6810182
0.13287628	0.2932002	-1.4551492
0.7231756	0.73650587	-0.69913816
0.8923839	0.96050423	-0.9795396
0.39482582	0.12792605	0.54697907
0.82271975	0.9469936	-1.8653622
0.032624125	0.7459623	1.2284454
0.2297265	0.08556968	1.7829192
0.41706914	0.11178702	0.101328634
0.64003456	0.4224803	-0.3166289
0.887017	0.4377182	-0.81606877
0.10153937	0.4181993	-1.429812
0.8350676	0.0065454245	0.598611
0.08380431	0.94932234	-0.20311885
0.2332294	0.21850163	1.2444167
0.7160053	0.96159893	-0.3290282
0.34611583	0.18377918	0.02227282
0.39133292	0.21758997	1.5735588
0.4648615	0.26322865	-0.10494981
0.91109234	0.55518687	-1.3239096
0.46703053	0.2809096	-0.12050891
0.60828733	0.31413168	0.53714246
0.12133634	0.80107963	-0.35398754
0.33184755	0.17669159	-0.19203192
0.3832668	0.45082384	0.88577485
0.92674845	0.27887923	-0.2205122
0.46230775	0.4895751	0.10585268
0.67671233	0.17263097	0.15804347
0.29421008	0.8458161	-0.2273667
0.23959172	0.7285353	1.0296408
0.3425377	0.21826714	-0.11102481
0.7958806	0.75756276	-0.5950344
0.26250726	0.35978818	-0.053506806
0.06344193	0.80222005	1.2652899
0.12190348	0.79767114	-0.22712758
0.064649165	0.09704751	0.7000673
0.3690639	0.49557233	0.20226015
0.47988963	0.2303881	-0.7152068
0.039470732	0.551417	1.0643518
0.12403655	0.779343	-0.24013118
0.33655554	0.2855364	-0.30706903
0.54378563	0.40672463	0.36686108
0.008933961	0.0019032359	1.018123
0.3347199	0.68053895	-0.62835395
0.44491124	0.47427142	0.2924582
0.5153932	0.4898712	0.15399984
0.3591889	0.76242787	0.28802922
0.9263815	0.1294297	-0.879955
0.13372695	0.57522684	-0.7561167
0.89101565	0.96466774	-1.043569
0.78172505	0.5487266	0.48712516
0.8461568	0.26023906	0.07861647
0.5304693	0.56007564	0.6122504
0.4893008	0.71432346	-0.22705534
0.6470917	0.20905232	-0.15422454
0.93407005	0.4943031	-0.39145702
0.3662423	0.8336575	-0.072738454
0.8100938	0.9926395	-1.611002
0.102541745	0.086310506	-0.32649925
0.5377573	0.12641287	0.48906246
0.9685977	0.60538435	0.6623063
0.5153063	0.95256877	-0.1355423
0.50208133	0.2590351	-0.61150575
0.2143184	0.2659012	0.5906714
0.2969498	0.10972792	-0.8648785
0.6804336	0.17733264	0.17881809
0.689563	0.33268154	-1.0177587
0.30925792	0.3624006	-0.24754012
0.37416983	0.5585978	-0.07420373
0.03697002	0.6565236	1.4686614
0.122374415	0.4256382	-1.5288184
0.7786634	0.67681473	0.46902725
0.75547975	0.59884083	0.7338157
0.739215	0.80268776	-0.31188083
0.4072895	0.025933802	-0.40911105
0.5798642	0.24082637	1.0662689
0.3225379	0.13625234	-0.55243963
0.63446784	0.047756374	0.48719957
0.5937599	0.6965783	-0.3845563
0.77738225	0.9841829	-0.38380846
0.8234753	0.8193862	-1.1932491
0.791066	0.073975146	0.511053
0.05809194	0.7460884	1.3747836
0.23974484	0.8881065	1.5719967
0.5160837	0.6053431	0.38730735
0.55547446	0.508267	0.16808695
0.607677	0.31171757	0.5348156
0.37270945	0.34664828	1.4204726
0.73162156	0.00864023	0.4260779
0.8431148	0.5646265	-0.12604389
0.6963905	0.7591566	-0.86533046
0.2648617	0.8583031	0.9890765
0.36285853	0.47529215	0.33225775
0.37460905	0.3515579	1.5202762
0.9218222	0.9817789	-0.2225099
0.7739292	0.7894267	-0.16289169
0.40293747	0.39393616	1.4966692
0.4739126	0.9616111	-0.48239917
0.084159255	0.19009852	0.12989783
0.43011832	0.72132784	0.22846234
0.5847779	0.44961262	0.0712021
0.35105056	0.753589	0.11147508
0.64364356	0.12315732	0.15157142
0.663187	0.5609132	-1.4633045
0.7074003	0.7084359	-0.9726584
0.9072198	0.69473916	-1.1875196
0.8226734	0.90649194	-1.8244026
0.052592814	0.6566815	1.3622308
0.31208074	0.0627954	-1.074887
0.13622987	0.3511333	-1.2145315
0.8101865	0.9513038	-1.7811974
0.080082655	0.87264407	0.4069592
0.5095893	0.8295802	-0.01643318
0.5734349	0.7452632	-0.48583844
0.63359314	0.1688807	0.17096727
0.5798712	0.4801311	0.024506435
0.3032437	0.7597299	-1.0510554
0.67567664	0.71914184	-0.8134542
0.6042047	0.46966416	0.027579695
0.67464715	0.1890313	0.061170675
0.5006625	0.33305883	-0.4274544
0.9480299	0.34317303	0.69485205
0.7298327	0.8041954	-0.4956754
0.9280765	0.34296262	-0.2079435
0.052051544	0.49322128	0.736269
0.4658422	0.59491974	-0.1932783
0.8866923	0.90717584	-1.3005493
0.05294341	0.5424516	0.96418303
0.43181592	0.34693503	0.89716583
0.8660537	0.5033056	-0.36372203
0.66876024	0.23672068	-0.35270807
0.7344344	0.4835589	-0.2696062
0.38791776	0.2929812	1.920272
0.4131896	0.82539576	-0.4009154
0.7591067	0.012979627	0.41600412
0.64044887	0.8581604	-0.51484156
0.10964781	0.5649395	-0.91820645
0.7703568	0.9591516	-0.07978398
0.34498417	0.57222986	-0.15834573
0.35007638	0.007824659	-0.12113641
0.6903773	0.32147145	-0.8959576
0.4997155	0.99340457	-0.23922184
0.8695404	0.6672802	-1.7604506
0.8635264	0.39299095	-0.038635906
0.9636196	0.2254597	-0.19258061
0.9033125	0.5828508	-1.2839715
0.9698908	0.4739374	1.8786436
0.68615806	0.5023123	-2.2625177
0.13140231	0.90924484	-0.5370918
0.55060625	0.09205437	0.90929806
0.18761617	0.18287086	0.16168398
0.08573973	0.47508025	-0.51419896
0.4509102	0.02108419	-0.45378056
0.34785438	0.5929761	-0.05955336
0.28747427	0.6105861	-0.93906105
0.54367024	0.41786063	0.3611554
0.5369515	0.000970304	0.53309023
0.75623965	0.18625945	0.5570122
0.95275915	0.91299325	-0.74492246
0.3860656	0.9344139	-0.9319937
0.5984723	0.331006	0.5540565
0.959143	0.57697856	0.75374186
0.3779621	0.5591936	0.07287887
0.5526797	0.62277514	0.3236829
0.50410455	0.78735507	-0.080431424
0.46528685	0.112167835	-0.45051017
0.8682651	0.7227747	-1.6874022
0.31388968	0.55187094	-0.96844536
0.75529647	0.85740453	0.09058397
0.67331403	0.11616409	0.3898799
0.85200274	0.47658622	-0.031279176
0.47046036	0.36145777	-0.033047237
0.6508482	0.2688545	-0.49296477
0.34740835	0.29501337	0.11365514
0.46988726	0.37343556	-0.051902343
0.88042456	0.44900805	-0.50362813
0.41250074	0.39710504	1.1942415
0.91859776	0.92954767	-0.27555686
0.37722415	0.93912494	-0.9356266
0.24554956	0.28535044	0.5368859
0.90136445	0.056286156	-0.9440419
0.9906551	0.43923008	1.4910183
0.12077361	0.37677413	-1.688861
0.14525038	0.28338122	-1.0143116
0.042237043	0.7266108	1.4480249
0.7360328	0.08823186	0.47857207
0.12352848	0.304568	-1.6529508
0.5596489	0.9578986	-0.45380595
0.65023136	0.7965339	-0.250706
0.67985255	0.4014678	-1.9101431
0.41482222	0.46484053	0.50522006
0.2268852	0.24051374	0.989972
0.8778582	0.73749614	-1.8723094
0.21187633	0.66134226	0.35008135
0.4272806	0.6036457	0.4141457
0.5646186	0.3490734	0.6294153
0.4971515	0.29444575	-0.5022239
0.2877003	0.87248677	0.104849294
0.92859423	0.71703476	-1.1036494
0.6582183	0.7617359	-0.17304528
0.63676274	0.3519318	-0.33544642
0.2271921	0.40909284	-0.635477
0.6578526	0.7258825	-0.35400334
0.39899647	0.8528086	-0.7216949
0.62989545	0.87607	-0.85811913
0.31840706	0.30208683	-0.5304986
0.22259891	0.9876373	0.9079755
0.02954036	0.13999707	1.078575
0.89691234	0.5933041	-1.3125075
0.7685913	0.68454576	0.6203873
0.6194518	0.37072706	0.1307008
0.2841571	0.36740297	-0.061412863
0.3213737	0.5287273	-0.7400373
0.9623339	0.84485567	-1.3667605
0.713804	0.24395043	0.10045479
0.051771104	0.42345494	0.69960934
0.86722493	0.6566513	-1.7134795
0.6521952	0.7838686	-0.22041313
0.58048356	0.22179723	1.0612204
0.94306666	0.13765544	-0.6996866
0.108632386	0.5633606	-0.8147051
0.17313641	0.11014128	0.189146
0.65812975	0.08877152	0.19358233
0.9607698	0.90908736	-0.7825365
0.2970428	0.5668446	-1.0364641
0.45530063	0.8884888	-0.14295991
0.14435571	0.45988053	-0.8454491
0.97433364	0.14301068	-0.7302241
0.5259326	0.28689146	-0.053127572
0.014956713	0.99319434	0.33223426
0.46841305	0.24986553	-0.2694151
0.94239086	0.4248519	0.39941433
0.49945825	0.25257528	-0.7440362
0.3401652	0.08666128	-0.1922948
0.30786806	0.873549	-0.4825389
0.73285306	0.6586024	-0.062671244
0.38310117	0.95034873	-1.0600692
0.6194259	0.49374205	-0.10695121
0.91908336	0.32574892	-0.52356625
0.18347508	0.3910129	-0.31240216
0.9529088	0.36135066	0.99129075
0.0981676	0.4083132	-1.2344519
0.72283036	0.9748646	-0.14621243
0.40697873	0.4943421	0.6180939
0.4567201	0.1791243	-0.1898689
0.6410002	0.7405088	-0.41481742
0.58373934	0.46509844	0.088095285
0.28035563	0.39462084	-0.095117874
0.21317935	0.61379945	-0.25374827
0.8880737	0.101430595	-1.6448615
0.31805903	0.97436017	-0.3054636
0.58775806	0.06676555	0.6444015
0.55747783	0.28443587	1.1487408
0.63892823	0.5391802	-0.11980957
0.93569875	0.7514659	-1.232298
0.9557742	0.8932039	-0.937377
0.37859797	0.5491496	0.04958907
0.51902115	0.92269987	-0.26330492
0.7711413	0.36990136	-0.49766523
0.69822156	0.4275521	-1.900899
0.19951832	0.8729801	1.2881294
0.49868566	0.22606105	-0.81197083
0.55779195	0.20268989	1.2711803
0.85041976	0.56014425	-0.41152224
0.092363656	0.6780779	0.2376178
0.6004659	0.011302948	0.59523493
0.6683122	0.4649024	-1.8703873
0.58223546	0.70854586	-0.25141072
0.8760386	0.589415	-1.2169373
0.3874401	0.3123678	1.9395458
0.8485228	0.7427946	-0.80883515
0.9183582	0.55803436	-1.1993977
0.7875245	0.8683993	-0.9035956
0.10266316	0.3801875	-1.3315959
0.9129115	0.5675873	-1.2641045
0.253124	0.27616477	0.60382575
0.572077	0.26119906	1.1400084
0.8185227	0.93011177	-1.9098048
0.15065968	0.40742713	-0.77491367
0.5270688	0.7199701	0.22571808
0.32796657	0.23319244	-0.45807114
0.40977633	0.68535286	0.26235408
0.808608	0.79865694	-1.1909523
0.1700145	0.523026	-0.045227796
0.33374035	0.41977698	-0.15038931
0.57960236	0.14733768	1.0021687
0.89170736	0.9382363	-1.0642884
0.9295775	0.9607956	-0.33924544
0.42136598	0.20882171	0.9576299
0.75231147	0.72485834	0.21462078
0.34051454	0.4250232	-0.13346508
0.03496456	0.84760386	1.277421
0.38493407	0.14628392	0.8561156
0.48105615	0.16917992	-0.7566376
0.8065442	0.39488524	-0.18814312
0.61661565	0.9282547	-0.82299614
0.59836185	0.4073136	0.29429847
0.24732614	0.80958575	1.6476941
0.13259578	0.11049771	-0.9904574
0.8762382	0.18311805	-1.8194247
0.91941756	0.67995024	-0.87189126
0.707131	0.5145441	-1.6142929
0.3247192	0.15324014	-0.44388402
0.4377284	0.7219763	0.12817538
0.1611979	0.3468305	-0.50230193
0.1174252	0.12918705	-0.88056624
0.77638113	0.9790878	-0.41789117
0.01134938	0.8234806	0.55678886
0.8667712	0.8398306	-1.6836367
0.6086455	0.2571147	0.5209162
0.20778614	0.32877177	-0.17251806
0.14550316	0.2555027	-1.0462239
0.8625615	0.47108984	-0.26492214
0.4475031	0.119853854	-0.1374191
0.51726764	0.42753458	0.044066776
0.82552826	0.9077886	-1.8834935
0.27500892	0.86616313	0.7367703
0.70875317	0.66213566	-1.0316039
0.2036125	0.88974226	1.4897743
0.27255833	0.20402503	0.21003222
0.7587757	0.0334785	0.4321072
0.5242711	0.12990421	0.02043661
0.650231	0.13094586	0.09667643
0.29706132	0.4532563	-0.35975656
0.035817504	0.6451648	1.484525
0.48888618	0.6856576	-0.32260826
0.5234832	0.08177149	0.13660586
0.20996606	0.910613	1.5060252
0.028951168	0.2195766	0.84264505
0.083399236	0.6451564	0.49994788
0.072758734	0.5395316	0.37804833
0.0997985	0.117467284	-0.42591894
0.6607857	0.35128713	-1.1678338
0.8536096	0.024089932	-0.13464558
0.7982105	0.2890345	-0.3531687
0.75985324	0.94461066	0.13555543
0.7028683	0.020903707	0.031156179
0.8323748	0.77660155	-0.7423337
0.091777325	0.31689137	-0.57082874
0.98860204	0.7053617	-0.06169528
0.09372014	0.9241198	-0.2500483
0.96574724	0.17419112	-0.60585546
0.19719338	0.6769397	0.3286816
0.87724984	0.29297793	-1.0366286
0.482481	0.14881974	-0.7492435
0.7342162	0.70849645	-0.32630846
0.91345996	0.78106415	-1.0867015
0.10371846	0.653066	-0.074660026
0.6836486	0.9716374	-0.6991158
0.07674557	0.5592566	0.36286578
0.22739321	0.49650425	-0.9595508
0.90973467	0.27924997	-0.9415489
0.92253983	0.22293144	-0.65033305
0.44589096	0.6266894	0.12590875
0.2081387	0.08775669	1.3447797
0.96368617	0.007674396	-0.76125926
0.89197344	0.92637235	-1.0616595
0.95648247	0.833406	-1.4185119
0.95307046	0.7675524	-1.635689
0.47463077	0.8023789	-0.37609854
0.046010256	0.429523	0.7380137
0.9233031	0.7864772	-0.9861467
0.23963183	0.017033756	1.3257818
0.84388787	0.99052054	-1.7056047
0.2255786	0.45210922	-0.85350376
4.6551228e-05	0.48911953	0.46615058
0.86818236	0.3404802	-0.2258543
0.612925	0.97190213	-0.7406258
0.019786477	0.5686178	1.0734862
0.51627743	0.68686163	0.14503667
0.46599942	0.79202664	-0.24367124
0.49111807	0.6150784	-0.21172953
0.86269116	0.98395747	-1.5085868
0.71491295	0.187293	0.07104696
0.4065755	0.67249006	0.18509395
0.945163	0.6170546	-0.4741372
0.85618377	0.46020603	-0.08238653
0.3097338	0.689871	-1.4175885
0.37274325	0.012719035	0.38457376
0.27528518	0.9693618	0.4776535
0.81881344	0.13831568	0.6799359
0.35188258	0.37397826	0.3058913
0.49575996	0.57928777	-0.03970904
0.7467042	0.394592	0.10675427
0.38924575	0.16737509	1.0320314
0.32098198	0.6398574	-1.2540869
0.4728173	0.5654663	-0.19686419
0.063284636	0.2972216	0.9397184
0.84935224	0.51895374	-0.2888545
0.4032057	0.97638035	-0.9753536
0.72779906	0.86444926	-0.3868476
0.46469134	0.64026606	-0.26659182
0.75842243	0.67569244	0.68793833
0.5721451	0.07638365	0.95111483
0.3797471	0.4039027	1.3700466
0.67458797	0.07582283	0.2813597
0.33850038	0.31000292	-0.32031548
0.39410806	0.96056587	-1.0012338
0.5188741	0.6205565	0.3366015
0.7601398	0.7577109	0.16102093
0.5786347	0.85875666	-0.87739056
0.6950854	0.91606146	-0.763685
0.20775437	0.23713487	0.60126936
0.13071895	0.08395451	-1.0331315
0.4903478	0.38403612	-0.17790729
0.9792234	0.10607028	-0.8107026
0.095867336	0.07144171	-0.2237862
0.9161119	0.82832485	-0.7096513
0.83170474	0.18179363	0.48438475
0.0650087	0.8430722	0.9797682
0.46823847	0.99434745	-0.41259965
0.83711874	0.89680326	-1.6966345
0.73223794	0.9293875	-0.014359469
0.44724554	0.77119476	0.0021605883
0.345172	0.7431166	-0.087533295
0.31951374	0.64303774	-1.3617471
0.064278245	0.06790888	0.7019653
0.3966931	0.3943801	1.5945765
0.16188663	0.38709635	-0.40637925
0.2885114	0.8189266	-0.1763699
0.768511	0.43214887	-0.3273052
0.9442466	0.63961065	-0.7096326
0.66037846	0.17019802	-0.0022394247
0.6135886	0.5299924	-0.2084199
0.85023475	0.27880526	0.14387527
0.64267623	0.009693801	0.42368776
0.72601926	0.16415817	0.31957498
0.5148273	0.9196384	-0.14462145
0.65464014	0.82715964	-0.29737303
0.7362366	0.34239137	0.02350387
0.057688773	0.18795937	1.197598
0.4631732	0.6111505	-0.15150724
0.47779882	0.76222223	-0.36507767
0.06828582	0.897932	0.3313194
0.18769425	0.7496455	0.3990126
0.48171622	0.8859097	-0.32881284
0.9124292	0.525388	-1.2292655
0.28607672	0.85428554	0.12435159
0.5697886	0.39652985	0.24770308
0.68927497	0.28068286	-0.53528905
0.4708321	0.49876684	-0.05042842
0.869599	0.31329715	-0.555475
0.74477184	0.5122418	0.122688904
0.83041054	0.14788932	0.5525972
0.91531456	0.19976848	-1.0319257
0.61473584	0.43712854	0.0731706
0.22846013	0.045655847	1.7532663
0.8838955	0.14381063	-1.9916306
0.66006947	0.34346813	-1.0324044
0.86142385	0.18366963	-1.0790064
0.44906807	0.43519813	0.2764585
0.9558271	0.8734339	-1.1041324
0.84519345	0.7955976	-0.7703204
0.83155155	0.27462888	0.38695732
0.32931894	0.8548001	-0.672942
0.2670623	0.073367596	0.5809644
0.1120106	0.59461105	-0.60214853
0.93767476	0.5427705	-0.3714989
0.15341282	0.39631253	-0.5700587
0.22995716	0.8583398	1.9321337
0.37042874	0.63856846	-0.0115425885
0.5079178	0.12901038	-0.3673489
0.24969667	0.75118697	1.0051606
0.46251148	0.4168495	0.03814456
0.06791246	0.23600763	0.9687045
0.6961412	0.33149147	-0.79267776
0.3482731	0.32800555	0.16674781
0.66953546	0.33330005	-1.1595858
0.28661186	0.6932428	-0.7632371
0.5850126	0.29695898	0.76844865
0.36974108	0.7177303	0.1609042
0.8005335	0.70965165	-0.22706947
0.53153884	0.09110737	0.38948777
0.87739	0.6642633	-1.8158604
0.3267445	0.5826461	-0.81081605
0.8826553	0.56614536	-1.1010221
0.42731023	0.71345097	0.25583106
0.61357063	0.4941845	-0.0976775
0.056076467	0.8076432	1.3256212
0.6724077	0.6879515	-0.9939107
0.8322073	0.9855597	-1.7305745
0.29774362	0.318111	-0.3024394
0.052234054	0.12446076	1.0626836
0.7111502	0.7310698	-0.86076903
0.023186326	0.025728166	1.2490724
0.20251238	0.053566635	1.3495967
0.5655522	0.4442904	0.108167455
0.053040564	0.3986073	0.7784826
0.045079947	0.93142045	0.35181493
0.29096085	0.6229191	-1.0289888
0.42859215	0.26588398	0.9713846
0.5155498	0.9529179	-0.21090457
0.3647629	0.20418477	0.93394464
0.6911905	0.70091355	-0.9874075
0.7252489	0.9479773	-0.12288388
0.5364137	0.176067	0.3869072
0.7826691	0.14319468	0.27015007
0.25864398	0.20532674	0.7680462
0.00070273876	0.5434149	0.8290589
0.94644284	0.54646343	0.2458725
0.6342316	0.14325458	0.24335584
0.94036394	0.9987267	-0.30680358
0.9087557	0.40519905	-0.9041898
0.90908986	0.935547	-0.4496009
0.95519626	0.68912303	-1.0234518
0.8884069	0.3858965	-0.9629051
0.898722	0.96559507	-0.6786979
0.37681997	0.46900475	0.6194199
0.1957488	0.63398904	-0.018462587
0.38918126	0.66496426	-0.03449587
0.39574456	0.74079084	-0.31387937
0.5299907	0.5835942	0.55284387
0.8914726	0.49585813	-0.9731368
0.28486246	0.33940935	-0.010643709
0.1218192	0.42414021	-1.5938386
0.6672706	0.87185913	-0.43427077
0.3091339	0.7314182	-1.2885405
0.78776723	0.47835726	-0.12554628
0.42891514	0.8607016	-0.053326085
0.0117461085	0.26035917	0.7436907
0.55579364	0.37459046	0.53460294
0.8475664	0.4523288	0.1535336
0.8103848	0.4528538	0.005363197
0.86423653	0.75222176	-1.5999887
0.60035086	0.026735961	0.6404943
0.1325354	0.94366556	-0.5214125
0.10032135	0.48608273	-1.3440428
0.39482528	0.28377324	1.9394983
0.5431534	0.57706267	0.5707228
0.6180677	0.6459596	-0.6108972
0.26266783	0.7341255	0.33346024
0.1842174	0.39528012	-0.29979837
0.88840663	0.9594763	-1.107814
0.18442947	0.42418885	-0.2493717
0.15327138	0.25586122	-0.7877763
0.33412546	0.7117215	-0.65975326
0.5380625	0.5651785	0.64875
0.78145564	0.21318221	-0.068965346
0.7241352	0.45498002	-0.825884
0.16323853	0.30503654	-0.4595024
0.2547323	0.55208206	-0.59064126
0.7577752	0.79884857	-0.011571953
0.04889661	0.6853361	1.4981428
0.23256946	0.61914897	-0.19587106
0.9656239	0.33662695	0.9923426
0.47239262	0.08346248	-0.5370272
0.89001036	0.470555	-0.80075324
0.11793375	0.9802757	-0.44267464
0.66564894	0.6202294	-1.2571272
0.67668337	0.29393035	-0.7430592
0.54113156	0.24853694	0.66220766
0.40818655	0.97807527	-1.0396483
0.4339546	0.08500433	-0.14135817
0.4405831	0.7699523	0.07016104
0.062131405	0.97437704	-0.2820011
0.12143469	0.64398336	-0.41636157
0.6281548	0.3924629	-0.06467596
0.7477491	0.031066835	0.4662059
0.04542917	0.7527214	1.4096915
0.045333564	0.05733353	1.2608315
0.4879192	0.09786743	-0.7086689
0.20774722	0.6834923	0.5217688
0.10938829	0.635029	-0.30854303
0.084353626	0.6222198	0.39832595
0.98946077	0.51469326	1.5145807
0.5217152	0.7947418	0.050447915
0.29492712	0.89412767	-0.103577115
0.7793331	0.4103142	-0.55950576
0.2609282	0.8522403	1.1263307
0.962556	0.78678447	-1.4867395
0.18092567	0.93251413	0.220818
0.54370546	0.9984847	-0.39569613
0.4907465	0.43464166	-0.092367604
0.4222328	0.96290076	-0.90614593
0.07423425	0.56707567	0.48707074
0.11089766	0.73378795	-0.2534068
0.6382932	0.5770681	-0.285882
0.7751963	0.9959541	-0.42829034
0.54463345	0.54877913	0.54958457
0.3399977	0.7058684	-0.286501
0.9089224	0.40521914	-0.9408779
0.38192606	0.7461118	-0.17247042
0.58223	0.44819146	0.064514555
0.5481803	0.8928298	-0.27171752
0.4914732	0.9665693	-0.2541009
0.14562696	0.21377492	-0.84262365
0.19627482	0.28779972	-0.15849741
0.72036904	0.4923786	-1.0108491
0.73269993	0.16965681	0.4913141
0.9025884	0.17107731	-1.5820388
0.7795216	0.21727139	-0.024468344
0.55046177	0.97740304	-0.4135302
0.61595047	0.21767461	0.25186503
0.6655794	0.15775597	0.105896495
0.97496706	0.99218065	-0.21985576
0.087834656	0.41613984	-0.56542003
0.45183504	0.1828292	-0.06490017
0.52912045	0.15895712	0.19264512
0.9628842	0.9320009	-0.68246347
0.24403763	0.31179464	0.27190116
0.51979756	0.48689145	0.23192313
0.304662	0.7902582	-0.8983404
0.8429118	0.19640052	0.10608691
0.5703306	0.503342	0.0370003
0.86845374	0.20272678	-1.3306099
0.17131847	0.5963104	0.03333786
0.38719732	0.28899354	1.8826839
0.37687296	0.8388266	-0.34914586
8.8095665e-05	0.8621326	0.2816102
0.33079696	0.98440975	-0.53954196
0.4730968	0.9708761	-0.45882577
0.09246153	0.37686127	-0.79073536
0.5080999	0.98415405	-0.19074461
0.71779275	0.71819353	-0.7984629
0.44689912	0.97542197	-0.46123895
0.26239437	0.189475	0.6766514
0.3077135	0.08699429	-1.0440038
0.015320241	0.8604555	0.6598931
0.5539364	0.53167325	0.32270887
0.07464993	0.32798666	0.19904226
0.49602872	0.2602294	-0.6982481
0.35232884	0.6779159	0.19515783
0.9585641	0.22987366	-0.1736329
0.03625679	0.4742347	0.612562
0.9663029	0.001422286	-0.80526674
0.117856026	0.385096	-1.6370096
0.10006368	0.36553574	-1.1536155
0.99353576	0.23838931	-0.24919099
0.68710285	0.8720298	-0.8544243
0.7799171	0.054620743	0.59406257
0.74134964	0.573343	0.27580878
0.4616568	0.6775963	-0.18030132
0.11980146	0.9770463	-0.4006367
0.24544376	0.5422196	-0.6904521
0.52749145	0.9461925	-0.247667
0.6763372	0.3567719	-1.5574143
0.21048474	0.5393292	-0.68283373
0.590696	0.5926335	-0.03488874
0.31999213	0.7850004	-0.9022056
0.06348628	0.53833055	0.70178086
0.071085036	0.5543908	0.5472717
0.67153955	0.02818793	0.22006989
0.9844397	0.7783261	-0.6578451
0.10922539	0.8976907	-0.5535294
0.2614193	0.71647584	0.23202956
0.6322964	0.58450985	-0.38402697
0.9035819	0.64624214	-1.2519323
0.12042707	0.4809888	-1.4824133
0.71598023	0.5180527	-1.19442
0.8262219	0.66708994	0.04850594
0.37253892	0.7471782	0.110962495
0.5588058	0.4748398	0.15989257
0.9112476	0.54080087	-1.2996397
0.38364857	0.93704253	-0.9783453
0.66638434	0.48630983	-1.7831619
0.38702726	0.44450116	1.1184347
0.603557	0.0261603	0.49398386
0.70437354	0.6557985	-1.1370505
0.9464129	0.37910557	0.64794195
0.33638638	0.8846665	-0.6811734
0.7081238	0.56034344	-1.4028233
0.39381778	0.8116278	-0.46679395
0.6538206	0.25849473	-0.5189463
0.49984872	0.76260316	-0.08374248
0.3968526	0.76743287	-0.34505194
0.2604034	0.36056608	0.0040874854
0.0463925	0.4419217	0.7300473
0.5702622	0.19984132	1.2998096
0.49426675	0.28039533	-0.6384268
0.87775743	0.27812672	-1.2090887
0.6316182	0.52336204	-0.20910838
0.7413041	0.75519407	-0.19081864
0.14195359	0.02947861	-0.8602753
0.9281812	0.7548341	-1.1411078
0.9589675	0.13951296	-0.8599808
0.71572703	0.40265542	-0.9683838
0.7774698	0.7061346	0.25363898
0.29150665	0.6515207	-1.0397598
0.97012514	0.82925963	-1.297098
0.46618134	0.1461314	-0.36504197
0.53581214	0.89751583	-0.26610276
0.6131386	0.91833943	-0.9474925
0.23227572	0.78029084	1.6976985
0.17851806	0.62645096	0.06737778
0.14011258	0.2978555	-1.2243873
0.8004497	0.5514833	0.12472918
0.5934701	0.58010346	-0.0141610205
0.10655254	0.026093721	-0.26130718
0.5106676	0.603561	0.22946544
0.74612474	0.5639789	0.41589668
0.89357656	0.54716045	-1.1682582
0.3599574	0.63851553	0.09664268
0.21856618	0.8387475	1.9344593
0.10987753	0.72959566	-0.20364939
0.047321916	0.68970317	1.441659
0.8118402	0.6563302	0.06403297
0.23535144	0.16484976	1.6178042
0.90080607	0.3784231	-1.0229362
0.40826184	0.011533439	-0.47068888
0.20377058	0.9032081	1.3725988
0.36392313	0.2291227	0.9844154
0.92379355	0.8847611	-0.30216116
0.11042166	0.09901768	-0.53776747
0.10899478	0.6368836	-0.27395216
0.8409029	0.597159	-0.21714532
0.7832532	0.82347614	-0.5084976
0.31086016	0.56045264	-1.0016237
0.59104	0.051350832	0.7003541
0.8220788	0.68272185	0.027755018
0.734361	0.86423796	-0.23990574
0.26073694	0.03592348	0.6674485
0.106992066	0.77368504	-0.20308131
0.5936497	0.5288466	0.06860344
0.3073117	0.7174537	-1.3072985
0.308011	0.42172754	-0.13155557
0.04865086	0.82415015	1.3073863
0.088819146	0.47781968	-0.6391278
0.3009073	0.9877662	0.068763554
0.08693153	0.38944715	-0.52457035
0.8673154	0.96000516	-1.5375222
0.8846053	0.27650315	-1.3929579
0.61493236	0.35367984	0.15874866
0.22041613	0.98030615	1.0148377
0.85992485	0.58780116	-0.92958766
0.105015814	0.88566846	-0.51817936
0.58549476	0.9336642	-1.0721056
0.7681131	0.83166003	-0.041785978
0.15413272	0.5502554	-0.29907444
0.14105469	0.2146874	-1.024509
0.6361148	0.76860887	-0.5662748
0.26934272	0.6694558	-0.24952656
0.56026274	0.23433703	1.2520598
0.24995154	0.2590477	0.7878942
0.8005022	0.899691	-1.4239237
0.6293309	0.8569384	-0.83081245
0.2621348	0.28761095	0.39442408
0.11476165	0.030840456	-0.49289262
0.5011278	0.23622507	-0.7573384
0.41396344	0.26505536	1.5191836
0.90458703	0.19827545	-1.4433564
0.0550642	0.96315575	-0.10468362
0.9332552	0.2860937	-0.08823888
0.5636635	0.27775782	1.1950533
0.09429461	0.044259965	-0.15140143
0.13454151	0.08180481	-1.0087137
0.61974025	0.9612946	-0.51304203
0.3525048	0.8273102	-0.042259157
0.64864373	0.26998812	-0.5133475
0.016005218	0.10005963	1.0319803
0.8271645	0.7119915	-0.19415715
0.7790175	0.19581485	0.08526515
0.60461783	0.560816	-0.14948787
0.46418136	0.9705891	-0.42586556
0.4935251	0.36187762	-0.26281524
0.69044465	0.33080894	-0.9455258
0.32809514	0.5468132	-0.71849835
0.049706817	0.07484871	1.1458427
0.5480602	0.06878644	0.7702715
0.58824265	0.17604482	0.936898
0.924378	0.908229	-0.16653246
0.37302005	0.4186098	0.97249234
0.10452771	0.22336233	-0.88008124
0.92247766	0.8506861	-0.54447234
0.6973735	0.97793436	-0.5587396
0.58052474	0.99371195	-0.82012516
0.41368842	0.01868254	-0.5247939
0.7677991	0.0011101961	0.55878335
0.8271401	0.7352996	-0.31983456
0.62347937	0.5489148	-0.26438278
0.5497586	0.62814313	0.31453025
0.114721596	0.80636346	-0.34683278
0.09025633	0.31375933	-0.58015805
0.050764263	0.79706085	1.3803781
0.1442526	0.19176638	-0.8253386
0.72400445	0.078490615	0.29589677
0.3653286	0.8610291	-0.25722653
0.2511071	0.30765218	0.39562833
0.96238524	0.03355676	-0.8441613
0.85860825	0.8288523	-1.5021751
0.15894383	0.84398353	-0.29388955
0.12579805	0.052920878	-0.93796504
0.8083755	0.8537871	-1.58519
0.078594744	0.7218909	0.748949
0.34028947	0.47417653	-0.19112553
0.15197593	0.0171538	-0.5960474
0.77429616	0.42223358	-0.4686581
0.13897312	0.27882046	-1.2824765
0.9194052	0.721716	-1.0570885
0.8352456	0.81107455	-0.99823856
0.6908845	0.34878767	-1.1957288
0.1975841	0.8317189	1.169407
0.07418442	0.35199934	0.12948893
0.39922887	0.19490707	1.2306361
0.09918487	0.03498304	-0.17361686
0.7062771	0.8957919	-0.6551984
0.4632879	0.412628	0.12424613
0.024916768	0.8629323	0.8967358
0.025716424	0.733196	1.0993607
0.30908054	0.7023578	-1.4239792
0.1893912	0.41708094	-0.36180103
0.88868713	0.3658582	-1.0294824
0.04017949	0.122936964	1.1367162
0.0024573207	0.72108364	0.4256436
0.88432795	0.36953056	-0.9159232
0.24957919	0.5392002	-0.72033983
0.0014171004	0.7480924	0.34993812
0.701906	0.12711746	0.10683808
0.65491474	0.5861028	-0.9040124
0.09764248	0.5085096	-0.99705386
0.2759487	0.35531288	0.06088101
0.6212856	0.6331171	-0.59754896
0.13213521	0.03745967	-0.99953264
0.103509545	0.82383686	-0.34328213
0.012598813	0.053301454	1.0074277
0.12822878	0.3083657	-1.5487552
0.108575225	0.6171928	-0.30674008
0.15356916	0.23592287	-0.6819382
0.11320937	0.5180698	-1.3458257
0.87906384	0.1873473	-1.8997362
0.4393407	0.9133708	-0.2499563
0.56295663	0.2835605	1.1647024
0.077594936	0.34332353	0.07065793
0.70739657	0.85788965	-0.83270514
0.44639516	0.040299	-0.35352558
0.15434659	0.08666229	-0.5652483
0.97745275	0.2443986	-0.1631715
0.83517766	0.105677426	0.5138098
0.04236251	0.30626804	1.1541611
0.9569828	0.0694114	-0.8075198
0.7816819	0.13966763	0.29845467
0.9090334	0.1208545	-1.253747
0.18443447	0.36814457	-0.43013507
0.50502634	0.8761554	-0.13733116
0.715396	0.8579479	-0.7268306
0.17020273	0.89463925	-0.17611457
0.47095287	0.5470358	-0.12016812
0.20302957	0.6388431	0.051719062
0.34289008	0.7911565	-0.15217128
0.39071232	0.5706226	0.14489695
0.50018895	0.5969818	0.013048353
0.5384493	0.9590439	-0.30570102
0.41853768	0.94547486	-0.9200239
0.98685634	0.14808327	-0.71107805
0.47971994	0.3596773	-0.19154686
0.93048555	0.29817384	-0.0706303
0.4264927	0.42360342	0.52748305
0.13090014	0.01682192	-0.96116406
0.7354921	0.7788209	-0.41129342
0.47679603	0.22195953	-0.5862645
0.29299724	0.6939954	-1.0036733
0.41065383	0.2632802	1.6488965
0.85354364	0.1839453	-0.51050854
0.32233375	0.79002476	-0.7980539
0.84417623	0.4720418	0.12312824
0.43449086	0.058304787	-0.28017431
0.3271929	0.3935272	-0.27195862
0.7184817	0.301372	-0.089448854
0.51512104	0.77451324	0.018847005
0.12356573	0.8722707	-0.40789354
0.99826235	0.48734903	1.2762717
0.23572862	0.9069655	1.5541925
0.02937758	0.71506274	1.2740978
0.008417845	0.47586435	0.38675317
0.58379686	0.97041565	-1.0010092
0.22056442	0.98118615	1.059319
0.8105225	0.010985255	1.0461926
0.62769586	0.68191826	-0.6013967
0.10455382	0.39473265	-1.4702739
0.13061738	0.89703596	-0.564237
0.9088457	0.7424147	-1.2926509
0.16873467	0.16583347	-0.10648378
0.8170329	0.050612926	1.0417292
0.5644498	0.47632724	0.08698448
0.06970143	0.33318806	0.35963088
0.4771663	0.8102623	-0.4831572
0.2067728	0.41884887	-0.6196504
0.044954598	0.27322233	1.2114381
0.64826006	0.77542096	-0.2550214
0.08071524	0.015681207	0.15399535
0.68693745	0.8036199	-0.7235882
0.06799382	0.32757968	0.4882161
0.5162542	0.99264705	-0.20089199
0.9171346	0.15079194	-1.0407928
0.025025547	0.95723826	0.4187138
0.18225414	0.74572545	0.19694406
0.26506507	0.095801294	0.80235523
0.9894403	0.6093457	0.76278836
0.91166407	0.7433977	-1.2198149
0.9765206	0.5387784	1.4659637
0.46695465	0.923379	-0.3633208
0.59160614	0.14760709	0.833703
0.5372828	0.1631937	0.40563002
0.3039012	0.60968006	-1.2783984
0.15665978	0.1449387	-0.32214773
0.72935176	0.55100054	-0.368321
0.79771066	0.867739	-1.3507379
0.14368075	0.0043130517	-0.72357446
0.8607554	0.12815154	-1.0227182
0.08723509	0.58398104	-0.010225682
0.27893293	0.23183936	-0.017441407
0.064459264	0.0449093	0.6316541
0.7621769	0.38255173	-0.12603451
0.44219112	0.71628565	0.16548173
0.6496437	0.77468336	-0.23198284
0.73836464	0.02222085	0.5163873
0.8215217	0.8512376	-1.5967513
0.58972687	0.024824202	0.66956526
0.824006	0.93417454	-1.850865
0.588928	0.5359973	0.05490669
0.9366386	0.30982327	0.18579271
0.48917675	0.37759423	-0.15342706
0.17501605	0.23835707	-0.4381621
0.55265266	0.8138754	-0.3570242
0.82560545	0.23189759	0.38810468
0.20020396	0.38246804	-0.4788952
0.30576384	0.0006927848	-0.93056315
0.86983234	0.9510132	-1.5359108
0.47998345	0.62230146	-0.27398
0.6294146	0.7623155	-0.7418683
0.24429208	0.8326119	1.674122
0.53997236	0.24135184	0.6229599
0.3987382	0.16256118	0.7700711
0.98259616	0.5423286	1.4140875
0.06578314	0.6067243	0.927279
0.18039137	0.27192265	-0.42544132
0.76233035	0.34548718	-0.10606067
0.9120259	0.49902302	-1.2479217
0.4768781	0.9045645	-0.34831902
0.5573557	0.44231695	0.20786345
0.64432603	0.8009461	-0.42196545
0.50270224	0.256782	-0.58404344
0.36176842	0.72516024	0.31933707
0.07933444	0.57005525	0.24269588
0.42324907	0.8717415	-0.29226905
0.11916149	0.7780499	-0.25652033
0.29042792	0.44458854	-0.2607982
0.16122091	0.56338733	-0.06616366
0.95393616	0.1194461	-0.8484888
0.9669449	0.4649893	1.870057
0.36793882	0.31935626	1.2694916
0.6795191	0.5373234	-2.0851226
0.21602935	0.7265428	1.1846606
0.1651293	0.9034458	-0.34829938
0.8794135	0.45943695	-0.5158116
0.6495371	0.15612638	0.08295903
0.18784904	0.068428695	0.7332268
0.17705935	0.7773613	0.21840441
0.28201896	0.09000844	-0.1960612
0.17314589	0.42305017	-0.15051809
0.36883444	0.047824502	0.35872483
0.016412973	0.1518122	0.85641617
0.7980222	0.3199491	-0.48428813
0.31275916	0.08803272	-0.94906527
0.4709924	0.6260215	-0.25786617
0.53243923	0.8274916	-0.039666772
0.313177	0.39029318	-0.23903182
0.5407075	0.6506892	0.21095283
0.5561871	0.09087491	1.0525908
0.18172854	0.95943135	0.063860476
0.6104406	0.5350344	-0.26690504
0.6237108	0.16397727	0.30263105
0.41437936	0.7501617	-0.03567449
0.49098688	0.12339455	-0.8071692
0.70170236	0.12292421	0.19794974
0.8015643	0.022430897	0.94361585
0.0019163489	0.19583738	0.7439017
0.16597563	0.84977525	-0.12191791
0.94718724	0.524654	0.5293574
0.108490765	0.4822992	-1.5536968
0.10378677	0.08097184	-0.30022365
0.77223116	0.43558866	-0.3194551
0.6517151	0.6236908	-0.7345423
0.22960848	0.67466116	0.48902947
0.101774395	0.46751714	-1.3786101
0.17823309	0.06370038	0.45058864
0.18628877	0.99460113	0.22381853
0.830009	0.2379548	0.37890047
0.8345608	0.42792016	0.611697
0.88823324	0.14982009	-1.8860494
0.23127556	0.85046756	1.9163014
0.51757705	0.70160717	0.21464285
0.8929283	0.07214022	-1.2192514
0.31903964	0.620002	-1.2683874
0.14929008	0.99646246	-0.43140522
0.20295727	0.8273339	1.4626505
0.5885682	0.8564777	-0.7721419
0.041489303	0.72383076	1.4465948
0.27376026	0.4689542	-0.30751467
0.16144627	0.13753521	-0.25300872
0.54670924	0.3833965	0.46017548
0.5853847	0.23144352	0.94846195
0.576153	0.23030162	1.1695522
0.9191292	0.8497047	-0.46790028
0.11819488	0.45081967	-1.6180089
0.6139523	0.3745194	0.15567526
0.80684876	0.06768572	0.9457492
0.24476832	0.8149579	1.6917158
0.0550493	0.41327924	0.7295657
0.9061554	0.8187067	-1.15038
0.54359293	0.08941239	0.7171492
0.13261539	0.79071444	-0.25756666
0.33002746	0.30845875	-0.4479684
0.14609593	0.8381577	-0.41118997
0.6642874	0.24637598	-0.49787214
0.95150656	0.029825747	-0.6948344
0.5633757	0.4618718	0.08671061
0.5962897	0.85149187	-0.5755456
0.47450775	0.6850486	-0.31464258
0.898505	0.45780438	-0.93730533
0.15386748	0.32378763	-0.6722293
0.78816026	0.13249779	0.27712148
0.4307322	0.7888316	0.10354187
0.25491893	0.8982737	1.195771
0.88760203	0.85073435	-1.543839
0.47996032	0.52786773	-0.19825105
0.9735143	0.9706013	-0.34608594
0.37384284	0.6183013	0.045128886
0.23868799	0.40231013	-0.56715846
0.26560044	0.98486495	0.526413
0.11717069	0.1049127	-0.7624876
0.7120508	0.85574627	-0.6960195
0.22241253	0.5476865	-0.7547123
0.77327585	0.22615772	0.0659766
0.57864606	0.557879	0.15630078
0.443766	0.05545324	-0.31445175
0.9022883	0.2301988	-1.5063803
0.37097394	0.8417902	-0.2551258
0.4661644	0.9896019	-0.40071613
0.72210157	0.28587782	0.042572424
0.39045084	0.8842508	-0.769496
0.021855116	0.7295213	1.01042
0.07850838	0.22312665	0.41899043
0.42216176	0.1410619	0.3308404
0.4963349	0.7996334	-0.21063189
0.23258865	0.99009967	0.92776203
0.73326844	0.569763	-0.082390755
0.571591	0.8576849	-0.73565286
0.8121556	0.24486274	0.27244443
0.19505167	0.53944904	-0.44703403
0.5778421	0.9335699	-0.8935986
0.97728485	0.33091044	0.9060999
0.03503889	0.73554814	1.3202642
0.35057318	0.68265384	0.0816782
0.93031746	0.21737587	-0.4919511
0.058770895	0.70458853	1.349164
0.6254822	0.3995824	-0.10000595
0.57401454	0.84004784	-0.78368515
0.7605678	0.47840536	0.06305448
0.85569173	0.032604694	-0.24537168
0.86040044	0.6010784	-1.0669824
0.47802216	0.0021291971	-0.35045472
0.88420117	0.18287826	-1.963892
0.6926854	0.33198565	-0.94611615
0.5646799	0.4868899	0.12391812
0.9448629	0.83612347	-1.059893
0.20025784	0.033977926	1.3207062
0.86090285	0.42979288	-0.014622537
0.44841224	0.97522575	-0.4112481
0.0604226	0.96891046	-0.20036888
0.19259566	0.28472555	-0.21237986
0.77063066	0.054684162	0.55751634
0.018071711	0.866794	0.74974936
0.30922866	0.9789678	-0.15620393
0.8893433	0.497549	-0.93417764
0.3699937	0.61828613	-0.03529111
0.88548905	0.78426313	-1.7856691
0.15885776	0.20315987	-0.4281493
0.33699882	0.19261861	-0.11760324
0.86260325	0.43424737	-0.09957312
0.83354855	0.0695855	0.5939096
0.13687456	0.67292917	-0.15374692
0.75400954	0.5039556	0.2254428
0.25676364	0.92612857	1.037131
0.17994934	0.41697288	-0.27256688
0.56952083	0.83623815	-0.68010175
0.2718426	0.6783593	-0.26691696
0.71927845	0.7737566	-0.78784055
0.2220329	0.9178288	1.6078553
0.4454897	0.47462517	0.3064824
0.69952375	0.528425	-1.8487027
0.6743319	0.5226062	-2.0909822
0.39433873	0.84617263	-0.64088976
0.68439394	0.9387393	-0.7017382
0.5691164	0.3990841	0.22476275
0.69948655	0.23265934	0.027049351
0.93860835	0.8799316	-0.55445147
0.34105432	0.9900025	-0.75948274
0.10224426	0.85511	-0.3636921
0.18294531	0.39082968	-0.31441593
0.64843786	0.45517224	-0.65571713
0.11728221	0.9310932	-0.44699958
0.7416881	0.45923322	-0.0668128
0.8164628	0.9124716	-1.7882497
0.5382378	0.2081263	0.44600844
0.66003	0.04294491	0.18906282
0.6732664	0.7881473	-0.43887788
0.6843995	0.74921536	-0.749009
0.1143989	0.9589715	-0.40307164
0.5031527	0.66221434	0.030399352
0.9754463	0.2699064	0.19638647
0.5722261	0.78859305	-0.67224735
0.75988317	0.48619217	0.09036264
0.97629756	0.5798654	1.0487143
0.7410814	0.09354043	0.5663674
0.88158447	0.6567068	-1.7407293
0.10291284	0.7664085	-0.09608013
0.8437984	0.6234821	-0.36271065
0.6370376	0.88426566	-0.69273126
0.20041615	0.0060497522	1.3331417
0.10438448	0.11814028	-0.57022667
0.11026263	0.019212902	-0.38432872
0.16171783	0.5393778	-0.08428805
0.4394446	0.9556144	-0.4456684
0.2756769	0.806532	0.4569168
0.7856853	0.009891868	0.7791509
0.44602853	0.9170614	-0.22877423
0.12760818	0.440234	-1.4446615
0.013012886	0.20273101	0.7979641
0.6203733	0.70618665	-0.75977635
0.1926223	0.82844186	0.95444953
0.79525733	0.0927012	0.5730385
0.25387412	0.51259077	-0.7406385
0.9870233	0.6363196	0.49915928
0.076066256	0.42048222	0.022795461
0.98479605	0.32530445	0.73222154
0.27777916	0.19030964	0.03881764
0.8347	0.35546142	0.6502267
0.48501235	0.6881179	-0.35817027
0.8504919	0.43015856	0.19719751
0.19351405	0.08768165	0.79276764
0.11205506	0.8107034	-0.33428448
0.54723537	0.04726374	0.7563982
0.16642946	0.31521028	-0.5319105
0.62796044	0.30532736	0.0018533915
0.26683718	0.52393275	-0.57707125
0.33941585	0.1719889	-0.10051897
0.13258916	0.24806726	-1.3923173
0.99797904	0.5039288	1.2596282
0.9213907	0.5828538	-1.0344975
0.95512384	0.79088193	-1.5611808
0.7464118	0.007095754	0.46993488
0.0055235624	0.91679156	0.35710225
0.27689993	0.093476	0.10907517
0.52403146	0.83269095	0.08812037
0.8012216	0.89495057	-1.580154
0.009013414	0.67174596	0.8181583
0.77933383	0.3559479	-0.62880194
0.5958256	0.26704454	0.81876796
0.73853284	0.00643754	0.39283872
0.7992066	0.59427404	0.22393484
0.31331712	0.99075335	-0.24094294
0.051037014	0.68179315	1.4615767
0.04408747	0.976641	-0.008521531
0.5480297	0.1622349	0.8478641
0.34976614	0.8190956	-0.036191992
0.9245069	0.91259366	-0.2357539
0.023948789	0.09884453	1.1116091
0.71381927	0.13770175	0.07785956
0.09472424	0.3433286	-0.9058282
0.832965	0.7345803	-0.33287656
0.92623913	0.9229869	-0.24433006
0.4175226	0.22413915	1.1654565
0.6038712	0.6072419	-0.28126627
0.20199233	0.21290219	0.5449904
0.115436316	0.6568639	-0.34651718
0.18133014	0.69913274	0.12416769
0.53002536	0.4131692	0.24290584
0.12063384	0.9877796	-0.36072707
0.7566628	0.2853185	0.37953946
0.33545542	0.58278996	-0.53926986
0.56698537	0.19913745	1.3600483
0.21615815	0.17760175	1.3006355
0.39382964	0.97937226	-1.0767121
0.4211042	0.8025394	-0.08107719
0.5666141	0.22810549	1.274099
0.262994	0.063476086	0.74584496
0.36293405	0.62942284	0.05345376
0.07308161	0.53117347	0.37025794
0.3019023	0.92416835	-0.1294689
0.7204161	0.7057666	-0.7359185
0.6095794	0.30735695	0.53964615
0.023788214	0.8157925	0.9464982
0.0061765313	0.0446527	0.93098295
0.79661465	0.44571805	-0.25868326
0.37147748	0.4599409	0.54131114
0.7466731	0.91476476	0.07358946
0.04277122	0.6610702	1.4781113
0.8128743	0.94891524	-1.8031639
0.6396724	0.8449749	-0.5804394
0.42829722	0.73735666	0.15075874
0.6670503	0.8851469	-0.47608846
0.38283604	0.14214933	0.90376955
0.060296953	0.39844358	0.6067685
0.4075846	0.22260416	1.2903967
0.13341373	0.14973748	-1.0359377
0.20540434	0.9338778	1.3002998
0.95639473	0.822787	-1.474653
0.3039965	0.31283712	-0.40807295
0.6778453	0.7685754	-0.58917785
0.42550695	0.45631605	0.32183066
0.6112575	0.29637903	0.54557306
0.38799757	0.98257536	-1.1552469
0.7674945	0.4606731	-0.20159559
0.6107023	0.31471747	0.4827682
0.04864621	0.63413256	1.3964866
0.4296149	0.83686286	-0.05490887
0.74911875	0.6141264	0.55637723
0.0065503716	0.44108254	0.26042342
0.0630399	0.468543	0.4772219
0.6090174	0.7839294	-0.923799
0.96150875	0.7574436	-1.3727894
0.4774711	0.2847975	-0.4735824
0.8651168	0.9271912	-1.6730473
0.99372536	0.7362364	-0.13399097
0.77464235	0.113494396	0.47558922
0.40710026	0.050025642	-0.36135986
0.09361535	0.037010312	-0.076456696
0.05670798	0.83838373	1.0990858
0.61233544	0.5107334	-0.14823784
0.3196016	0.2074582	-0.45893216
0.7640747	0.6719315	0.7417285
0.21437895	0.40089768	-0.64595765
0.61963576	0.13594574	0.4632212
0.39768338	0.19342637	1.1724364
0.023658812	0.7726482	0.9412793
0.40812576	0.48078847	0.5429804
0.9558557	0.37331635	1.1322701
0.58334774	0.29764152	0.7418642
0.57208544	0.3824228	0.2447326
0.53333426	0.32925123	0.27098027
0.56148034	0.98499095	-0.48666996
0.1358813	0.03768426	-0.93797964
0.8502014	0.11210096	-0.39583454
0.50781935	0.3439284	-0.34025466
0.56970894	0.6722412	-0.10202724
0.13298893	0.10155314	-0.99872255
0.7182378	0.3901974	-0.76171166
0.07469803	0.87004143	0.5490072
0.5622236	0.39977604	0.35650218
0.552232	0.31352717	0.9003537
0.51731557	0.12231153	-0.08059965
0.44449717	0.60271376	0.16561487
0.21796	0.12906885	1.4747584
0.4357878	0.96073323	-0.52534413
0.7153604	0.26019186	0.048854835
0.3546093	0.107515275	0.29295012
0.35890096	0.4431752	0.40722048
0.11372155	0.9300339	-0.4008375
0.5788107	0.017547727	0.8147416
0.7631386	0.19255817	0.5003978
0.91849375	0.7097168	-1.0170889
0.5383315	0.6960446	0.14040892
0.3866486	0.19638163	1.3834494
0.92750645	0.11618668	-0.91931593
0.32207412	0.58314997	-0.9836928
0.8014341	0.7044775	-0.17122537
0.94740176	0.72148496	-1.435655
0.15117115	0.26507157	-0.8294456
0.8580684	0.25394624	-0.43931156
0.4557258	0.45325333	0.12608121
0.103042126	0.5547785	-0.8173899
0.25616813	0.17236966	1.032837
0.43968254	0.5308505	0.28644758
0.9495348	0.44690615	0.9894303
0.43077302	0.43201107	0.44362074
0.06538564	0.12896645	0.8406091
0.7030975	0.75727	-0.92893875
0.6311205	0.5398243	-0.1636969
0.08098489	0.65287906	0.58084315
0.42365384	0.044533074	-0.2880655
0.0982734	0.81646085	-0.1809921
0.67353415	0.8486949	-0.5461822
0.86271244	0.034340084	-0.5538403
0.4628135	0.69009316	-0.2298124
0.62268335	0.6299899	-0.5756938
0.17617196	0.017543316	0.4190125
0.57015914	0.7763645	-0.5846321
0.9774502	0.39518917	1.6661329
0.30685526	0.8945754	-0.3655873
0.7583506	0.8765985	0.14525132
0.91358614	0.8578918	-0.60828626
0.20303297	0.18282634	0.7166298
0.085026145	0.7171384	0.5637325
0.8455301	0.1341486	-0.16899332
0.6046104	0.7381876	-0.76786506
0.20099002	0.91171	1.1341474
0.51403695	0.8477074	-0.024462491
0.10764581	0.47819346	-1.5433612
0.16833216	0.4600243	-0.037327442
0.95165604	0.2057581	-0.49379897
0.10498941	0.9846376	-0.3450646
0.4493125	0.49264258	0.26209438
0.31035525	0.15651798	-0.68048245
0.013419926	0.549162	0.9065654
0.1439153	0.6595503	-0.029650815
0.11555618	0.98710775	-0.44725543
0.78278035	0.64906716	0.5481275
0.14706355	0.31225866	-0.93788517
0.32992667	0.8072351	-0.6074322
0.29909658	0.23380536	-0.45922786
0.4725775	0.054214418	-0.53207445
0.7129098	0.17465645	0.064695865
0.2990163	0.40290368	-0.1364661
0.79783607	0.029595733	0.89546883
0.5697334	0.027888477	1.0355347
0.8468305	0.39369458	0.40410787
0.04948944	0.9366486	0.23478538
0.92673755	0.006163597	-0.5835854
0.8201765	0.08848685	0.8709735
0.9670868	0.71954346	-0.8744465
0.7790769	0.36618227	-0.57703394
0.17977095	0.21082902	-0.14467935
0.67773587	0.12226379	0.34388566
0.87073237	0.8707932	-1.7154126
0.07138407	0.45525408	0.19503126
0.810672	0.85967463	-1.6828223
0.89113784	0.7884884	-1.6536207
0.6283262	0.24745482	-0.114317074
0.9492346	0.4183938	0.9698154
0.9917635	0.42078972	1.4111613
0.8230273	0.68421984	0.019287905
0.51451683	0.783137	0.02427674
0.4268549	0.5947065	0.42420274
0.042233825	0.5216033	0.8824003
0.14231801	0.89677465	-0.55255026
0.64551353	0.8673317	-0.4607882
0.4930964	0.44729298	-0.03967107
0.62503904	0.9007683	-0.9232368
0.7874913	0.6233744	0.49734592
0.10493779	0.69997776	-0.11533867
0.08221173	0.7490234	0.54675436
0.79609215	0.14909637	0.4304234
0.014013708	0.44554973	0.23444445
0.28317463	0.06512779	-0.34797198
0.34256846	0.23133665	-0.14800085
0.39226478	0.2513004	1.7876675
0.08925891	0.3455487	-0.54487246
0.23646015	0.56563693	-0.60749865
0.72927105	0.34446162	-0.14432098
0.7741782	0.16611701	0.29077885
0.8225698	0.92861164	-1.8926704
0.39442456	0.13993233	0.59416187
0.81254673	0.639534	0.1934487
0.067403436	0.021751821	0.516043
0.5763393	0.08068001	0.9018204
0.8235894	0.76535714	-0.62439877
0.6502629	0.95763856	-0.62929434
0.09914231	0.5376951	-0.8625262
0.54579043	0.7774075	-0.0812486
0.24310762	0.61834854	-0.2184309
0.42288655	0.19975668	0.7697795
0.48391753	0.3849857	-0.06311228
0.34330463	0.5938067	-0.23263508
0.5205251	0.6028058	0.4683059
0.424011	0.9029982	-0.48926353
0.8006664	0.9039956	-1.4313691
0.62499887	0.9521191	-0.51261914
0.2920338	0.50844455	-0.6262316
0.077676296	0.7663833	0.721183
0.72091454	0.75667506	-0.78403556
0.121697426	0.50517446	-1.3015485
0.0733735	0.4435727	0.10341472
0.8910312	0.4445508	-0.8340205
0.78540105	0.07199305	0.55997264
0.27875507	0.3447166	0.06021136
0.9037443	0.56558275	-1.2468508
0.36590582	0.4830894	0.24708515
0.020788431	0.9181818	0.7241295
0.7660577	0.46786606	-0.10948722
0.20529258	0.98683226	0.9482339
0.6764152	0.2623635	-0.56126714
0.30170792	0.53794837	-0.9037545
0.62449914	0.32343048	0.032351002
0.115220666	0.3927269	-1.6799043
0.9830082	0.67073745	0.13278389
0.6488342	0.55215263	-0.52823913
0.08599925	0.10089952	0.01757403
0.92229956	0.83134776	-0.5564658
0.31207925	0.802977	-0.8482987
0.18772334	0.036171377	0.808913
0.44761378	0.969359	-0.3998882
0.28964204	0.9051346	0.091995366
0.38969725	0.016465962	0.06777995
0.9561398	0.9672127	-0.41575238
0.7355133	0.4805503	-0.21745253
0.70867884	0.9595761	-0.43755332
0.3291338	0.08914751	-0.48493525
0.19152623	0.2585714	0.005087951
0.22646946	0.035984397	1.7110693
0.6471032	0.010171354	0.3495773
0.15955222	0.6029217	0.033146534
0.23551172	0.46251875	-0.8428241
0.22275597	0.70132136	0.8754118
0.2900725	0.94538516	0.17006978
0.6216196	0.91776437	-0.7574336
0.6494981	0.8916079	-0.5935127
0.27780634	0.79248875	0.30270216
0.6042039	0.33921456	0.41441888
0.3063541	0.017042875	-1.0545673
0.7961378	0.37103838	-0.60821646
0.05230272	0.20450544	1.3412318
0.6149464	0.9066272	-0.9393644
0.8254229	0.7837549	-0.8608394
0.95993805	0.3449825	0.95794666
0.8672383	0.4259739	-0.15704882
0.86261743	0.582961	-0.9402379
0.41838604	0.5745919	0.512875
0.050822854	0.8118097	1.3291637
0.050492704	0.6276615	1.3024833
0.54387754	0.4900108	0.48216635
0.033697724	0.0709998	1.2364883
0.13086498	0.015127718	-0.94691575
0.84833455	0.02562952	0.09990802
0.64801264	0.10593039	0.13032456
0.71911705	0.4814343	-1.1381801
0.6361906	0.004556179	0.51412314
0.41781932	0.2777425	1.4366786
0.782022	0.2331931	-0.2113692
0.43467236	0.5299202	0.3801396
0.63061816	0.7105967	-0.5904717
0.088661075	0.6910711	0.42607027
0.26480454	0.09440184	0.75761825
0.29433036	0.7965932	-0.45642662
0.3774354	0.3899538	1.3510952
0.5376705	0.2999382	0.47816417
0.7621093	0.20482731	0.42852968
0.4650225	0.9314716	-0.3717069
0.31104964	0.41969055	-0.23273069
0.43974024	0.40790093	0.3453401
0.5721574	0.8765112	-0.7863666
0.26495975	0.840824	0.95237136
0.98188174	0.9063245	-0.63800925
0.4884562	0.9710167	-0.33707654
0.38864523	0.22124344	1.5545659
0.51846623	0.14193732	-0.08362314
0.6330629	0.34198242	-0.25855392
0.87686735	0.6984995	-1.8600184
0.41141784	0.53341424	0.37947756
0.04327947	0.28340143	1.174355
0.8446252	0.19024193	-0.03855634
0.77663445	0.8690938	-0.29294908
0.654363	0.70945776	-0.4528011
0.3905807	0.86772645	-0.7164566
0.567845	0.6351372	0.13703227
0.44680786	0.097109795	-0.22591898
0.23551118	0.10961491	1.6715015
0.6314847	0.8000313	-0.7324824
0.6941567	0.9902663	-0.55540955
0.1047042	0.008594453	-0.21774201
0.8877824	0.3772471	-0.9552998
0.20191747	0.11916435	0.7622158
0.057288468	0.68587047	1.3488104
0.5063013	0.6622457	0.086979896
0.32136166	0.032955945	-0.7978861
0.19091266	0.65200543	0.08196159
0.31741732	0.47729516	-0.5310549
0.5584871	0.052698553	1.0034739
0.9368479	0.965659	-0.40343976
0.1211915	0.7232801	-0.16537578
0.8975329	0.025489807	-0.5594911
0.86215526	0.43910217	-0.092214085
0.18492103	0.05306059	0.6411812
0.7229389	0.6215904	-0.5229449
0.9764202	0.69710517	-0.29050434
0.030064106	0.393246	0.49242774
0.8533398	0.4026482	0.2715866
0.37453246	0.14792442	0.95198715
0.6884553	0.7403684	-0.84376395
0.19752514	0.056024075	1.1341023
0.3661974	0.84920466	-0.16746739
0.12866509	0.29376942	-1.5716611
0.009296477	0.44322753	0.22013149
0.6069655	0.7031439	-0.76085436
0.26147914	0.9775141	0.6330787
0.54216325	0.14306992	0.61116916
0.6001915	0.6834383	-0.5816937
0.82255304	0.85413074	-1.6337031
0.3726411	0.39976788	1.1148516
0.24956077	0.70406055	0.5067084
0.1188038	0.36632746	-1.6570534
0.4193632	0.0905413	-0.053673457
0.6932377	0.6134574	-1.441157
0.92545533	0.19043839	-0.7318643
0.94990414	0.71051675	-1.3685696
0.34503806	0.11893207	0.050728314
0.028205514	0.6828969	1.338755
0.25669068	0.3556406	-0.09820017
0.30565053	0.40616977	-0.17184158
0.5428149	0.9295676	-0.18088281
0.8262325	0.8715211	-1.7606751
0.527925	0.34637403	0.14454405
0.27021033	0.7879723	0.46782532
0.4579134	0.69488263	-0.10364655
0.052440584	0.75165516	1.4268357
0.23858058	0.4457491	-0.82143974
0.9016687	0.8045221	-1.3163778
0.21071285	0.9127608	1.4798862
0.095188856	0.7283972	0.17277828
0.5808051	0.96011144	-0.9631117
0.55077225	0.3918689	0.4756583
0.92565495	0.20320565	-0.6339177
0.8460951	0.31171656	0.3923958
0.43274236	0.28383994	0.8796484
0.8269799	0.18638873	0.511114
0.35814202	0.53542733	0.10738159
0.94382125	0.43186772	0.5191342
0.28607976	0.44303185	-0.30417404
0.61271155	0.27974623	0.49434817
0.9960051	0.701978	0.15127127
0.3228345	0.7920478	-0.8123201
0.35440028	0.6094969	0.03063144
0.4124425	0.110978186	0.1794993
0.08294433	0.06489205	0.13244087
0.2226538	0.46914583	-0.89827114
0.5650621	0.58246315	0.22106093
0.724225	0.53083974	-0.69903237
0.9862819	0.3833174	1.3153107
0.6051077	0.6026499	-0.266223
0.74620813	0.89872104	0.055832215
0.68740284	0.74879205	-0.78796923
0.94276595	0.7416428	-1.411334
0.9542075	0.7540156	-1.5364447
0.74127877	0.43757963	-0.14279936
0.18931562	0.94324553	0.46021152
0.75746447	0.6494511	0.7703203
0.7021034	0.36176103	-0.9481395
0.44107264	0.8988991	-0.16268437
0.6301567	0.015338182	0.60833156
0.9044113	0.64834917	-1.2788053
0.25519717	0.27638906	0.5471992
0.12768292	0.96766526	-0.43110064
0.2645077	0.27526236	0.40650803
0.66032356	0.30049324	-0.8322328
0.76247305	0.32462764	-0.039530948
0.38042802	0.3453099	1.7063751
0.52829945	0.7505969	0.17123403
0.42175782	0.89236885	-0.50025564
0.0071091056	0.11768049	0.87320596
0.6404961	0.46244127	-0.22337607
0.42418242	0.6433506	0.5107146
0.09220153	0.44714785	-0.8860226
0.14547974	0.9449634	-0.5196368
0.60895103	0.7972653	-0.8829995
0.17929542	0.38039124	-0.34675568
0.76816195	0.9221281	-0.013889259
0.08271682	0.36482984	-0.24143296
0.4106477	0.9628358	-1.0949999
0.19040966	0.68459314	0.20614028
0.8653916	0.12186962	-1.2392685
0.97042394	0.0090761185	-0.8052252
0.13265854	0.35525852	-1.394862
0.52490795	0.5178071	0.44053897
0.8718146	0.9299846	-1.5359522
0.3640715	0.61624146	-0.0039955266
0.32459378	0.641527	-1.1748875
0.49019265	0.73306644	-0.24771519
0.5087372	0.34490424	-0.34855285
0.7136284	0.8606223	-0.6648208
0.26680553	0.6334642	-0.37148103
0.5005546	0.3559059	-0.30830878
0.71302444	0.7848859	-0.8759717
0.724452	0.074484706	0.23849921
0.31883222	0.9123713	-0.46370986
0.7859638	0.78145915	-0.43795323
0.19758862	0.6794663	0.26744604
0.4370801	0.30644792	0.74761707
0.79802394	0.9801324	-1.2727176
0.7235378	0.8656914	-0.4988806
0.21424252	0.74599874	1.3807713
0.03834802	0.37975	0.7990901
0.3802539	0.08880502	0.5272644
0.3432687	0.877327	-0.6664853
0.2543291	0.93103236	1.0700831
0.747827	0.2983905	0.4302455
0.7812842	0.035403788	0.6668721
0.70915943	0.26330417	-0.020401398
0.1052233	0.99173164	-0.40081877
0.48072016	0.19262183	-0.70840293
0.9937612	0.6252722	0.6466936
0.42444372	0.3110683	1.2178801
0.95093983	0.77742773	-1.5570214
0.95101506	0.6820234	-1.0326111
0.8933345	0.49506176	-0.9699585
0.6116176	0.6259172	-0.59310836
0.97248244	0.8747735	-1.0829105
0.79878974	0.018832505	0.9448626
0.86584765	0.7728565	-1.6380347
0.38906372	0.59177554	0.070583284
0.008888841	0.22110409	0.86599255
0.88579804	0.03948641	-0.9369064
0.5029145	0.5883909	0.107166596
0.47660124	0.20833659	-0.5661558
0.74939054	0.19907737	0.55309016
0.5948279	0.54669344	0.08404486
0.24872172	0.748171	1.0405189
0.56299806	0.74093413	-0.41404912
0.2081644	0.47432208	-0.7108554
0.15735418	0.021004796	-0.3480134
0.8909886	0.89607227	-1.2171093
0.5889972	0.6236844	-0.029689271
0.67815036	0.48673165	-2.2560937
0.76076466	0.5384943	0.5003088
0.51525086	0.35091674	-0.22376062
0.76917905	0.75198126	0.06441323
0.58392805	0.44452012	0.07418195
0.8344409	0.24722046	0.3679416
0.2831394	0.1862945	-0.20656072
0.4583382	0.75303006	-0.1498953
0.69607705	0.9181365	-0.73906404
0.4038027	0.8868289	-0.8549315
0.71737504	0.45392716	-1.1979651
0.59829605	0.22920287	0.72478515
0.953726	0.6196476	-0.08774723
0.5310338	0.52398545	0.61302567
0.39695978	0.7820889	-0.42980757
0.11277759	0.51431	-1.3397926
0.6595681	0.18509912	-0.12698242
0.42159486	0.2921312	1.3364265
0.17877066	0.90659	0.107653484
0.7583018	0.9851486	0.055529468
0.5115561	0.40757042	-0.00902291
0.824091	0.6632728	0.13036314
0.5647421	0.10889453	1.1984844
0.9773157	0.8212262	-1.0378464
0.600945	0.99049777	-0.9426324
0.89533347	0.7552679	-1.6429542
0.12382585	0.99005735	-0.44390345
0.09925288	0.7889088	-0.049387224
0.24170572	0.28862858	0.49765158
0.5648431	0.29145896	1.0899135
0.96028626	0.8904784	-1.0629232
0.32814234	0.01897949	-0.62760746
0.8897384	0.32692838	-1.2386734
0.9700757	0.50466216	1.7423053
0.46183693	0.76673454	-0.16499725
0.38948572	0.5586763	0.21529427
0.27215064	0.85485095	0.8546163
0.58366495	0.1260323	0.77693355
0.31329697	0.04151255	-1.0212585
0.7349807	0.44554508	-0.30931106
0.5634954	0.4684404	0.17325181
0.11866534	0.40118414	-1.5990311
0.8911885	0.044815123	-1.002925
0.20584488	0.8521629	1.5590366
0.3646146	0.9436962	-0.9768564
0.53996	0.52519935	0.6745468
0.6878114	0.053121686	0.17964938
0.949399	0.9054665	-0.75428176
0.6204448	0.2243877	0.106834784
0.037944615	0.14669365	1.0746354
0.9039852	0.19181818	-1.4622104
0.37313086	0.66953915	0.020623025
0.14235795	0.18371272	-0.8448941
0.9879869	0.77654284	-0.49977
0.0144023895	0.7601642	0.4819166
0.62621737	0.4395529	-0.14730911
0.08829594	0.8052619	0.2681991
0.43475682	0.20970124	0.5610596
0.5208109	0.3985392	0.12125173
0.6398431	0.3039357	-0.39574403
0.3326286	0.47681868	-0.33438283
0.826232	0.7796726	-0.73128486
0.6152591	0.2035467	0.27933827
0.6803246	0.018368423	0.21386395
0.19878644	0.62908167	0.01891521
0.35664284	0.7495153	0.20473135
0.61364377	0.45033097	-0.006757343
0.4382748	0.26266837	0.63934034
0.2722922	0.91549236	0.658521
0.40025747	0.1691832	0.8491036
0.91587687	0.40546346	-0.8467229
0.5224196	0.65230066	0.30848962
0.42860383	0.3611775	0.93750197
0.739508	0.5296799	0.097303465
0.8044493	0.43119526	-0.15894477
0.96381646	0.6129122	0.37216842
0.036052465	0.64450353	1.4516401
0.6208667	0.33136463	0.17942825
0.6031263	0.48254615	-0.009752169
0.041256428	0.0663569	1.2744098
0.6022841	0.8490619	-0.6825114
0.012150764	0.08180112	1.0025142
0.64443785	0.17703533	0.017907798
0.25311154	0.3934282	-0.419515
0.96949565	0.39111656	1.5975357
0.83083916	0.4024219	0.57518554
0.022071183	0.96187884	0.5059819
0.25244808	0.4185611	-0.53023374
0.2830928	0.9524858	0.3505396
0.5269374	0.96991616	-0.2827261
0.662948	0.040545523	0.16491756
0.5493874	0.9613327	-0.39847556
0.50396657	0.39053816	-0.087503076
0.48717916	0.1362902	-0.722625
0.36650276	0.2066434	1.0402879
0.37692803	0.12633038	0.7190413
0.22836757	0.15040904	1.7283231
0.70662904	0.9027513	-0.6148152
0.6039803	0.79261905	-0.8618787
0.5804753	0.81782186	-0.77918005
0.90523046	0.2588914	-1.2320209
0.9107274	0.610153	-1.1656506
0.73508203	0.2776137	0.20896377
0.15037519	0.3787033	-0.7968218
0.4337086	0.72176373	0.23279285
0.5678154	0.86015505	-0.6939071
0.9461244	0.61134297	-0.297765
0.24061191	0.117259145	1.6320679
0.29921734	0.41518044	-0.1467115
0.5342918	0.90492696	-0.17164952
0.39838338	0.21698731	1.3762715
0.09396082	0.9388181	-0.32320344
0.87397593	0.61212045	-1.4471278
0.023516059	0.7057707	1.1065717
0.424133	0.13589609	0.19103263
0.5064798	0.5743031	0.12050496
0.73121136	0.59754324	-0.049248815
0.42859453	0.92682225	-0.4737219
0.10833603	0.9980009	-0.414621
0.48093742	0.75566643	-0.3983604
0.96436375	0.5696912	1.0005711
0.67611194	0.5468106	-1.9458989
0.54398733	0.6041818	0.49220565
0.78454435	0.51841927	0.26664126
0.34647012	0.3825636	0.09231581
0.36777973	0.12636411	0.7003243
0.24788272	0.52587605	-0.7929593
0.042890906	0.1735251	1.1916888
0.5215845	0.22963154	-0.12875934
0.6903241	0.87283874	-0.80193543
0.62763536	0.6043795	-0.44826105
0.28587145	0.88528657	0.13826299
0.1606909	0.014521837	-0.2540091
0.15991306	0.4135868	-0.39584327
0.85952854	0.6591033	-1.4649502
0.48489422	0.9570634	-0.37323046
0.2670262	0.016382158	0.41764885
0.37783492	0.8515766	-0.548021
0.87603605	0.910038	-1.5750352
0.9908669	0.72293156	-0.0823614
0.41099113	0.8313541	-0.56534684
0.9781886	0.2934863	0.3469913
0.8127319	0.46248078	0.117613144
0.041888356	0.48051292	0.7186631
0.820201	0.9858558	-1.8167329
0.96258265	0.723279	-1.1454834
0.88880706	0.50391746	-0.908282
0.21864659	0.6875619	0.7126102
0.0362432	0.33448648	0.9303197
0.95147926	0.010930836	-0.6738313
0.7803794	0.82086885	-0.39776602
0.44886428	0.11736786	-0.24400684
0.3049224	0.2602951	-0.3886494
0.27849668	0.64943266	-0.6350186
0.1814248	0.65804726	0.10616115
0.30622452	0.9294078	-0.20898509
0.75063753	0.6436229	0.63042784
0.71375203	0.7876557	-0.89472914
0.24808049	0.7753581	1.2929434
0.701304	0.47182095	-1.9556326
0.9852433	0.117347956	-0.8255375
0.44135356	0.19292039	0.14464664
0.5487604	0.31862164	0.75776595
0.6912682	0.47078317	-2.2206266
0.9432967	0.13112766	-0.6536963
0.47614962	0.7954286	-0.45640755
0.27591902	0.6386267	-0.5496174
0.07188141	0.32472116	0.29686284
0.9354061	0.18508512	-0.5564908
0.94036734	0.9699609	-0.32950273
0.107446074	0.43183506	-1.6151716
0.24466854	0.7306377	0.9133184
0.8314896	0.78702563	-0.7420343
0.21468335	0.110542834	1.5401564
0.36593568	0.4734069	0.30737287
0.19137508	0.7249028	0.36565566
0.1308217	0.41440713	-1.3969743
0.5066026	0.85518056	-0.05343712
0.5471483	0.82979834	-0.32661176
0.500206	0.8729623	-0.14753026
0.08418995	0.60668856	0.31678364
0.025540054	0.10779542	1.0819255
0.5936851	0.89516103	-0.98613596
0.11119574	0.07668388	-0.4716913
0.61861867	0.10869998	0.6400102
0.11778039	0.19646734	-1.1636328
0.7492948	0.4922502	0.109865464
0.06647748	0.77685493	1.1153275
0.8756561	0.07925284	-1.4533364
0.1556269	0.5523133	-0.28352684
0.35925758	0.25639135	0.70527583
0.416991	0.639716	0.54126936
0.55587393	0.63371795	0.2719761
0.34107226	0.53657156	-0.28048792
0.13263935	0.1870699	-1.2389555
0.99409586	0.6244784	0.64369947
0.96098226	0.18554193	-0.5759505
0.4554661	0.20856196	-0.1177826
0.254484	0.721071	0.5044984
0.06147325	0.31640077	0.9076159
0.939031	0.56318104	-0.3782814
0.74409604	0.1864109	0.55687946
0.5750824	0.6331805	0.0667149
0.7739079	0.5395026	0.49266315
0.2550043	0.6760054	0.041507088
0.046477556	0.078816414	1.1375638
0.761496	0.47479022	0.07321478
0.0010060668	0.13633269	0.769383
0.6244003	0.16368896	0.34009728
0.61327356	0.8844696	-1.0572721
0.43088287	0.011330366	-0.4352875
0.34211904	0.6434475	-0.2518105
0.76636297	0.52443177	0.344896
0.10519272	0.1731016	-0.7517219
0.71522135	0.052682757	0.16758159
0.34032375	0.033819735	-0.41571254
0.34168142	0.31603408	-0.12917523
0.76576704	0.8181254	-0.08938539
0.05098754	0.35818332	0.9667214
0.15612507	0.92156965	-0.5266256
0.9811857	0.7324324	-0.45245293
0.17295581	0.2913106	-0.5404456
0.4908145	0.9979002	-0.38682592
0.57596517	0.59938824	0.15297256
0.6779383	0.1329872	0.32078043
0.68377316	0.5448261	-2.0577946
0.5702964	0.3460961	0.5985635
0.42948353	0.4127708	0.5783031
0.84015685	0.41620892	0.5068988
0.577053	0.27761203	1.0231017
0.40854943	0.054230332	-0.35968107
0.549568	0.338772	0.71868503
0.35005218	0.6564067	0.042457215
0.8120969	0.62779766	0.14122474
0.6366514	0.6515731	-0.41090113
0.58787656	0.7648861	-0.6011528
0.49708718	0.14421678	-0.7235162
0.08344895	0.16549194	0.12656179
0.23669022	0.40384066	-0.56063217
0.50447065	0.92670816	-0.107114315
0.7007419	0.3975001	-1.4274161
0.939101	0.12196833	-0.7034502
0.75638765	0.9222799	0.18635477
0.774021	0.7994906	-0.22841167
0.84716916	0.8515814	-1.348729
0.46607476	0.7981135	-0.2430384
0.004307449	0.1434266	0.7967976
0.97206116	0.8578885	-1.1434486
0.886875	0.54063034	-1.0417901
0.25168335	0.5184854	-0.69660455
0.07561028	0.23238969	0.48829275
0.6561298	0.86787224	-0.39270625
0.825465	0.4340458	0.4973051
0.1088115	0.6221568	-0.3272096
0.79709834	0.81160724	-1.1246179
0.607515	0.85958916	-0.8702938
0.050049126	0.8532154	1.1111617
0.6267995	0.5244743	-0.19445403
0.09180766	0.7626153	0.21609126
0.45155382	0.67429507	0.043998037
0.86767274	0.16997117	-1.4758018
0.12124705	0.07848561	-0.8617587
0.13996899	0.9147733	-0.59701574
0.6841229	0.14757007	0.25202298
0.86400914	0.78578025	-1.5894908
0.006245017	0.29090387	0.68651557
0.18611443	0.24200416	-0.12665838
0.4296838	0.04974407	-0.26898968
0.97770715	0.9679379	-0.32886046
0.22501338	0.16893321	1.5260673
0.14477527	0.9096088	-0.5796844
0.4981357	0.8490648	-0.13311324
0.42971283	0.5019289	0.4201685
0.54462117	0.8925797	-0.29364127
0.8885304	0.8073543	-1.6476767
0.24350709	0.43091172	-0.7404735
0.46642184	0.60417217	-0.2293148
0.7995064	0.35222727	-0.48596334
0.6069445	0.19097126	0.5070584
0.28481275	0.3786012	-0.075230666
0.83616275	0.9916171	-1.7263745
0.26264822	0.21690685	0.5771068
0.21206945	0.35638714	-0.35039496
0.0556162	0.93934053	0.07796624
0.7416233	0.8540891	-0.118465394
0.5023434	0.18046856	-0.7252256
0.077831745	0.86300874	0.50688344
0.92618793	0.95446414	-0.33480293
0.9169536	0.056543827	-0.9452418
0.7892792	0.3795122	-0.6304851
0.94084966	0.4913146	0.076896966
0.7284123	0.17587012	0.34455848
0.58606213	0.47152305	0.034125827
0.6666793	0.124411464	0.2601176
0.6102209	0.6483104	-0.6373746
0.3806852	0.21226972	1.449035
0.94659454	0.18216044	-0.53369844
0.17506951	0.2350412	-0.3858927
0.48370528	0.43407565	-0.08667447
0.5192049	0.98070264	-0.26703885
0.34451205	0.92145467	-0.96764624
0.6424181	0.74024093	-0.3487494
0.9937843	0.11545646	-0.7837511
0.15484822	0.13103539	-0.41660124
0.7624252	0.99431086	0.036227413
0.28045857	0.005551398	-0.11979959
0.85553396	0.09048957	-0.5807985
0.16330624	0.8135202	0.014447033
0.27002066	0.0109603405	0.33722976
0.27622074	0.08347708	0.15678562
0.2315923	0.625948	-0.04981405
0.50737065	0.134336	-0.40976134
0.16479915	0.8573922	-0.17864448
0.63934904	0.8744745	-0.5492854
0.121373415	0.59546566	-0.7599912
0.43907034	0.11064941	-0.12983236
0.8579678	0.9229598	-1.7075108
0.64868104	0.76009744	-0.29804325
0.18941909	0.9346075	0.596956
0.27830255	0.317977	0.023267496
0.52886623	0.12776977	0.23243886
0.49544793	0.49308676	0.001898814
0.44025922	0.84485304	-0.033120945
0.2961976	0.27549142	-0.3002763
0.7838049	0.6058705	0.61762583
0.8353101	0.42592084	0.55477935
0.3755772	0.033444464	0.33602366
0.2337417	0.04564607	1.6376629
0.81533384	0.11703634	0.815341
0.97452134	0.29693127	0.4115609
0.996777	0.62886137	0.5782845
0.045186162	0.51788265	0.8351565
0.7116449	0.31992573	-0.2159631
0.6338065	0.51409346	-0.15396878
0.53450716	0.65133566	0.2647902
0.71383286	0.43713373	-1.3255363
0.6121028	0.51577073	-0.20112786
0.34034717	0.7908841	-0.26790103
0.41737062	0.70704263	0.25580835
0.010976076	0.8024571	0.43687454
0.6079326	0.93912274	-0.9623444
0.79749435	0.99541044	-1.1946715
0.17313695	0.96294767	-0.19693004
0.0078648925	0.73565537	0.4261432
0.23452604	0.9053808	1.6302574
0.7951045	0.6486609	0.18978049
0.5673528	0.19905686	1.3086071
0.11380118	0.38119805	-1.5868567
0.40100604	0.9833692	-1.0290822
0.06591892	0.6078527	0.9083289
0.9376288	0.35989696	0.17981698
0.7691105	0.4584396	-0.2004174
0.70599717	0.65228003	-1.1044945
0.37394273	0.0076158047	0.30996946
0.66546077	0.8479271	-0.26660275
0.51762635	0.81436735	0.045960695
0.4690734	0.60545874	-0.22561808
0.27897704	0.03712666	-0.060770147
0.7554265	0.6646655	0.6765194
0.7837451	0.5568799	0.5489807
0.41770327	0.72305006	0.16500178
0.1728186	0.4718064	-0.08030309
0.9188504	0.5032831	-1.018034
0.30846483	0.3782431	-0.11303802
0.7728839	0.42235756	-0.4301299
0.97365284	0.9034324	-0.89121157
0.8018932	0.48546708	0.016813312
0.93691	0.92903376	-0.36025825
0.33549994	0.38989425	-0.1526831
0.7114106	0.85561264	-0.7786824
0.62827474	0.0799464	0.5906214
0.028630137	0.80737036	1.1064607
0.4414637	0.6370486	0.15303735
0.9493697	0.737351	-1.5202955
0.8729415	0.65507877	-1.7343404
0.49252874	0.9926614	-0.22675303
0.757963	0.59983355	0.7959132
0.57979214	0.0023813844	0.7946853
0.3630216	0.8969985	-0.59429544
0.4898948	0.6982944	-0.3230618
0.6500695	0.63241374	-0.69740665
0.51452655	0.31713146	-0.3332432
0.44137913	0.18188685	0.11560649
0.40190393	0.69502324	-0.085630946
0.7110058	0.9426491	-0.40636677
0.794487	0.8735856	-1.2457515
0.49689388	0.39231825	-0.11742445
0.46822196	0.020528138	-0.4066777
0.34278488	0.31455165	-0.054087054
0.4403414	0.32987076	0.6242427
0.45547152	0.05501604	-0.37545592
0.7725467	0.84130013	-0.140633
0.8985633	0.7707666	-1.5222023
0.57631546	0.55557925	0.102985255
0.72096604	0.07272589	0.22134764
0.9876051	0.2818222	0.07253045
0.664581	0.76778483	-0.3139775
0.1975162	0.65787846	0.22024411
0.71612555	0.12288344	0.12033015
0.06954926	0.43513995	0.2869541
0.6896156	0.35673076	-1.3420655
0.31945097	0.16119426	-0.4678391
0.3162107	0.6766004	-1.4904679
0.9138994	0.57340413	-1.225557
0.70529526	0.14652586	0.09844096
0.3496431	0.40457797	0.2594813
0.33944672	0.85471356	-0.5437473
0.109065235	0.79971004	-0.3041197
0.054850638	0.59820247	1.1969107
0.19972229	0.4119078	-0.5063376
0.71625215	0.70557857	-0.80522716
0.6905491	0.28391755	-0.5015373
0.31027502	0.9648959	-0.20092483
0.9425542	0.05287081	-0.565964
0.39667404	0.13366842	0.48456842
0.46964282	0.3805679	-0.044304274
0.84031504	0.18694246	0.13733521
0.9150566	0.24920452	-0.7998555
0.9355623	0.94795406	-0.33764806
0.16887861	0.9500544	-0.37802234
0.3787217	0.54528075	0.031386163
0.7727699	0.44312292	-0.34516212
0.95433104	0.61557925	0.009333452
0.69596714	0.788234	-0.8124342
0.055417	0.8197162	1.2554418
0.5988303	0.7125044	-0.573209
0.13542688	0.91831535	-0.57737094
0.9622142	0.31923133	0.71617013
0.7364091	0.92866987	0.046486877
0.6898355	0.041910946	0.15100943
0.7887087	0.61852485	0.43496832
0.41441345	0.52375716	0.3869352
0.6208054	0.8727642	-1.0043656
0.33815223	0.0038771033	-0.4711424
0.72310334	0.5088721	-0.8047877
0.05643767	0.5025006	0.7474301
0.30890954	0.07180256	-1.0013974
0.70901775	0.8490684	-0.8044226
0.43044	0.8822668	-0.18899128
0.62471414	0.73167723	-0.75279075
0.72420514	0.40569997	-0.6422729
0.08607316	0.87316823	0.17535105
0.681727	0.8002062	-0.6161814
0.030763924	0.79838	1.2070829
0.06899738	0.88869506	0.42133075
0.21703267	0.08177841	1.6933533
0.70725995	0.52943856	-1.5781136
0.115537405	0.5482862	-1.1152309
0.953615	0.8092822	-1.5156243
0.9732722	0.20177656	-0.48304993
0.1624347	0.7671312	0.14163847
0.5219555	0.8234823	0.043454368
0.041485548	0.24456286	1.1204461
0.48812127	0.66739976	-0.3029307
0.82296777	0.33996445	0.45249063
0.6213835	0.9377065	-0.67317003
0.34812963	0.88327605	-0.6764645
0.5097227	0.36202502	-0.28691462
0.06358874	0.4397605	0.50117195
0.6418336	0.94730467	-0.63876265
0.690551	0.91793644	-0.78281116
0.49128312	0.87164843	-0.15135506
0.8150767	0.7483687	-0.5618449
0.19438148	0.5631095	-0.37957883
0.13478768	0.14691848	-1.0327448
0.65633696	0.053481877	0.18570136
0.122471154	0.30113882	-1.7002689
0.75501657	0.42167127	0.028588217
0.54147846	0.30587566	0.6417742
0.024828136	0.17159814	0.9059492
0.12144703	0.62405	-0.58296204
0.6225834	0.27226454	0.083600074
0.46561736	0.9110019	-0.3215668
0.8004844	0.27074248	-0.14078096
0.03349024	0.8349426	1.20343
0.41074675	0.5217704	0.4379441
0.03340602	0.57601815	1.2107246
0.27484322	0.4339239	-0.15354738
0.29007632	0.5102451	-0.73808205
0.35407317	0.21735948	0.37021238
0.13727707	0.8722169	-0.5321874
0.2650653	0.7753143	0.6106039
0.75850004	0.49364424	0.08217304
0.24412346	0.8755721	1.6231829
0.8246039	0.57195777	0.13367856
0.14040846	0.36556238	-1.1076059
0.53628033	0.4651351	0.5592135
0.29259056	0.46895933	-0.43407315
0.24309868	0.23432577	1.0922142
0.48061723	0.49225563	-0.19197014
0.050338447	0.48422813	0.68448293
0.5290118	0.98167104	-0.2963694
0.47861236	0.015202284	-0.4206664
0.5013846	0.10081613	-0.4602841
0.056086183	0.1348744	1.0626942
0.010062575	0.11186528	0.9266724
0.6545721	0.3928129	-0.9896352
0.80090404	0.05141914	0.9044034
0.6951244	0.096206844	0.10738056
0.37550992	0.15132254	0.94546866
0.12232691	0.23510396	-1.4439429
0.5375816	0.42150366	0.34726712
0.3630634	0.09709871	0.4818437
0.32559216	0.7983054	-0.69967055
0.58430433	0.5444054	0.082584396
0.8891953	0.6153444	-1.5124323
0.73711616	0.5941537	0.17367363
0.02652216	0.59451026	1.2668766
0.8994334	0.98860365	-0.6678504
0.28099328	0.20476454	-0.13105589
0.2754491	0.71983457	-0.21556781
0.047796726	0.08262229	1.136429
0.7256914	0.03345108	0.3343698
0.7219232	0.6079098	-0.70556885
0.45772964	0.14025521	-0.3006754
0.061820626	0.21341205	1.166678
0.21761155	0.6376167	0.07834503
0.02979958	0.676794	1.3466204
0.65516204	0.6053019	-0.92028785
0.59756935	0.11739367	0.80031896
0.1904329	0.4137575	-0.3576614
0.7516188	0.24962342	0.39502978
0.6299803	0.6854979	-0.52447975
0.38522387	0.33782405	1.9044
0.33476543	0.9418219	-0.7537177
0.38048583	0.8856476	-0.73894817
0.81731063	0.4968987	0.22621885
0.25685638	0.5537033	-0.61861795
0.091891766	0.9475569	-0.22890905
0.8869209	0.55116075	-1.0399909
0.0694356	0.7892119	1.0100355
0.74594045	0.30325526	0.34308937
0.38449794	0.37538695	1.6999679
0.68470097	0.59350306	-1.6329938
0.49563593	0.21681577	-0.91283286
0.6742823	0.87549	-0.5325334
0.9889177	0.9981098	-0.17324659
0.8743852	0.11092812	-1.5571756
0.582611	0.1419608	0.9306273
0.8648702	0.8782782	-1.7735809
0.91431516	0.482899	-1.1279463
0.86941797	0.55187976	-0.6777796
0.9821633	0.5556568	1.3268968
0.27716762	0.24466592	0.020306759
0.049362123	0.76897	1.4067194
0.49146247	0.730006	-0.2065281
0.42533994	0.52425957	0.42009908
0.15181386	0.2271961	-0.7433771
0.03689605	0.69688624	1.4209857
0.13680947	0.3062501	-1.3458186
0.45412004	0.91523796	-0.21712193
0.54314727	0.34726733	0.52539575
0.9552854	0.83642715	-1.3283786
0.7961905	0.5595198	0.18747824
0.4386025	0.6721123	0.23976186
0.093904495	0.010028064	0.0103774145
0.9226887	0.06312704	-0.7809432
0.20395565	0.97426504	1.0069054
0.15613347	0.23774582	-0.60193944
0.7306149	0.47747642	-0.5196176
0.10431093	0.97845536	-0.3960942
0.012227297	0.103782475	0.94930637
0.72197473	0.37498736	-0.5078926
0.15035284	0.7657798	0.0091715
0.6547329	0.028877854	0.24307032
0.6707409	0.91753554	-0.65911824
0.8425918	0.64974475	-0.41858822
0.117893994	0.62397885	-0.56897116
0.08137143	0.24367273	0.16954702
0.8641554	0.9945101	-1.4966794
0.813505	0.15048331	0.64343166
0.6059997	0.61957055	-0.3856079
0.30713242	0.39063507	-0.15230241
0.7426933	0.4950626	-0.019262675
0.48722553	0.54362893	-0.21865228
0.66016346	0.35984588	-1.1590533
0.02418816	0.4158178	0.281783
0.8979297	0.67493653	-1.4354231
0.9338393	0.11489838	-0.78111696
0.21603537	0.6625345	0.35545745
0.83396703	0.3715372	0.6181464
0.23675376	0.7781599	1.6502702
0.6058746	0.19827127	0.57362235
0.6096366	0.3997383	0.15009709
0.7414486	0.9168268	0.087512344
0.8209169	0.45075953	0.29587477
0.87943584	0.45511007	-0.4925926
0.8203366	0.1363436	0.6828046
0.56490594	0.8897664	-0.60756856
0.92261785	0.9242451	-0.2460622
0.34718603	0.22387362	0.023072623
0.026647389	0.25612265	0.7062443
0.93029636	0.10431945	-0.7756831
0.5323932	0.3519473	0.2369948
0.1732462	0.5798741	-0.027826568
0.76749694	0.7455828	0.123274155
0.49493217	0.2760628	-0.59625494
0.16199213	0.9922043	-0.5417185
0.24824858	0.820875	1.5683873
0.42581016	0.06837112	-0.17168769
0.11580837	0.33803672	-1.7373511
0.0147848725	0.7203433	0.7139552
0.18570709	0.18248254	0.1227367
0.2932815	0.20572007	-0.5186131
0.008400321	0.97113687	0.30935198
0.4246918	0.99257016	-0.938038
0.78218246	0.49391645	0.017735686
0.95773536	0.43170398	1.4651068
0.2975043	0.10431433	-0.8893798
0.89075947	0.2798859	-1.4624438
0.6341794	0.18626994	0.08117028
0.5020385	0.76825726	0.0062980913
0.6935639	0.31303322	-0.742368
0.3965155	0.42363554	1.3271271
0.53393644	0.35196793	0.27725834
0.8613404	0.6551142	-1.5491211
0.059889853	0.6512054	1.1735055
0.39620525	0.42147195	1.4013282
0.8446017	0.22294456	0.034292463
0.8667003	0.28768253	-0.6546087
0.10275954	0.76153004	-0.12796754
0.22505528	0.8476065	1.8894769
0.71636146	0.39592648	-0.8512379
0.64307535	0.40341103	-0.4695154
0.2951157	0.9054369	-0.120991856
0.55615807	0.8111317	-0.37997505
0.048374355	0.2905652	1.2799754
0.3027562	0.120621145	-0.8696318
0.5014565	0.1175704	-0.51687026
0.7324124	0.54004896	-0.20645483
0.036914766	0.8233612	1.2818396
0.09881264	0.027601719	-0.10438857
0.5149508	0.99235195	-0.21901692
0.0830856	0.6356939	0.41757616
0.56015855	0.384225	0.516767
0.34822124	0.19912195	0.06482186
0.005755484	0.42643547	0.22818759
0.9912028	0.9330802	-0.3013281
0.14289331	0.49014205	-0.9098918
0.8424446	0.2099449	0.05826506
0.119992614	0.10819876	-0.8294798
0.82820404	0.39942503	0.6156637
0.4524653	0.9401481	-0.31663567
0.34502602	0.48071498	-0.14024705
0.63041884	0.33859682	-0.12685376
0.67134017	0.05831796	0.27537122
0.9919768	0.31014812	0.37512013
0.6307496	0.34708828	-0.19065079
0.9106267	0.87221223	-0.6212314
0.3615638	0.14470929	0.59067106
0.82543766	0.96119094	-1.8425449
0.57893854	0.08421993	0.7813809
0.33278495	0.1239782	-0.25802773
0.96382815	0.20084035	-0.42172593
0.63528746	0.1376884	0.2822268
0.18785965	0.8014788	0.64117
0.9236497	0.36327547	-0.45812234
0.34903687	0.9653391	-1.0356293
0.89694047	0.29726374	-1.3061982
0.40632898	0.37940168	1.5447434
0.64152837	0.05602926	0.381248
0.55568403	0.81209344	-0.41452438
0.29628783	0.79784817	-0.53905433
0.26161975	0.9418676	0.82199264
0.7703914	0.6824881	0.60509604
0.37149882	0.54741323	-0.06357701
0.32173562	0.107985735	-0.70239496
0.88313675	0.3536141	-0.9523726
0.5371314	0.7716843	0.06872922
0.6812768	0.9885969	-0.67691165
0.14204228	0.041046917	-0.8022223
0.06489909	0.7079973	1.179029
0.36531687	0.56086147	-0.051418595
0.78965384	0.55834067	0.3381688
0.5231094	0.45644468	0.23835085
0.9009349	0.9783746	-0.60449743
0.029653966	0.109849334	1.1430374
0.17883581	0.49107134	-0.093875855
0.21895617	0.19742328	1.2424575
0.8419792	0.07772076	0.20768422
0.19184697	0.49314326	-0.3436216
0.9860916	0.8510024	-0.7629864
0.47659934	0.18669993	-0.5628531
0.6490531	0.4507227	-0.6934289
0.19559366	0.49556118	-0.4420769
0.5147434	0.8526769	0.046644535
0.8332047	0.2947651	0.47329304
0.15719843	0.74445856	0.17086588
0.09155089	0.7100165	0.26653424
0.31423324	0.44605792	-0.4286127
0.4094169	0.45030475	0.74748635
0.80406547	0.004647076	0.9878173
0.67582923	0.6369594	-1.3696564
0.36395693	0.7671363	0.28028703
0.491669	0.54190934	-0.15003002
0.48691368	0.17640871	-0.8580356
0.8836608	0.61609435	-1.4626143
0.12658143	0.88009757	-0.5220231
0.815679	0.43925673	0.20072703
0.2627557	0.781862	0.7899248
0.47324002	0.06092447	-0.4714195
0.64752704	0.54056406	-0.42714313
0.5176243	0.81247616	0.05178225
0.88113767	0.37793744	-0.74464506
0.12709695	0.41351563	-1.547652
0.8407309	0.09682995	0.2303584
0.4479105	0.1457386	0.0010381714
0.7193933	0.83388203	-0.72145694
0.76281226	0.82332337	0.052735478
0.5136439	0.20458627	-0.35920754
0.8965975	0.38049442	-1.0537857
0.52760184	0.030085742	0.31354466
0.095582426	0.6530314	0.11242403
0.5559008	0.38960814	0.46133903
0.5055392	0.21665245	-0.76343685
0.89528656	0.09647024	-1.4814315
0.21955776	0.34451306	-0.16951306
0.5003322	0.8761564	-0.1439572
0.74738973	0.8821188	0.040274695
0.39573938	0.58981484	0.11767372
0.90311176	0.89753383	-0.8098789
0.26687652	0.5720339	-0.5977895
0.9786291	0.91108966	-0.6048703
0.48331386	0.6036666	-0.2663904
0.7068028	0.044183314	0.02401484
0.61110574	0.26629645	0.5280953
0.31462783	0.29990852	-0.49301478
0.22578114	0.7250424	1.2388637
0.8853227	0.6370443	-1.5747803
0.6184553	0.7630572	-0.94273204
0.65819913	0.13482004	0.1431477
0.14885098	0.9435965	-0.5139934
0.60220665	0.20695263	0.6860344
0.32664782	0.6217447	-1.0059152
0.5057781	0.5833491	0.119223505
0.77747685	0.17478359	0.17508468
0.0059702992	0.18444055	0.7602466
0.03617519	0.7175963	1.3749229
0.14275604	0.02283287	-0.7728721
0.45529813	0.93730175	-0.33600688
0.55639607	0.90536433	-0.4501987
0.37816137	0.14449382	0.8652336
0.00511539	0.4772203	0.42618874
0.0974046	0.8259482	-0.13756949
0.16250968	0.20250809	-0.3721395
0.9593481	0.5525953	1.0499084
0.512414	0.20349747	-0.49616256
0.27120245	0.011058688	0.29790887
0.057931006	0.16057181	1.1396784
0.22714561	0.412785	-0.61765057
0.075246096	0.49981397	0.18844569
0.5558537	0.3792829	0.53962415
0.9061262	0.4553706	-1.0781993
0.59435993	0.108401656	0.78773165
0.65556455	0.95057654	-0.6592659
0.016943455	0.8683799	0.6562167
0.02359289	0.78002137	0.9504014
0.5577413	0.914714	-0.43908456
0.5596777	0.306651	0.97006243
0.65805256	0.6643351	-0.8506495
0.61903125	0.8737126	-0.9981334
0.86718136	0.99314624	-1.4308721
0.9860004	0.51521564	1.5942905
0.26746505	0.7159879	0.09578334
0.55796206	0.9847263	-0.49240327
0.77973235	0.10237968	0.42163616
0.15158367	0.98992527	-0.4920777
0.99344724	0.533042	1.2916797
0.91246766	0.26105207	-0.9463694
0.62195194	0.11980945	0.58672327
0.34676373	0.6737237	-0.010388283
0.47819978	0.323933	-0.39873517
0.6591381	0.9296874	-0.61277133
0.040628254	0.70181924	1.4714262
0.49162763	0.5959083	-0.11488007
0.37282735	0.067156255	0.51324356
0.7297043	0.6147414	-0.18235414
0.1587537	0.527636	-0.15846029
0.07420075	0.6593272	0.7928421
0.57492197	0.32130617	0.7399335
0.24053162	0.19285041	1.480447
0.82580554	0.66405314	0.1141571
0.72491837	0.5521685	-0.5608382
0.42282134	0.28626865	1.2527947
0.6193243	0.2361111	0.21074936
0.61079854	0.6966736	-0.7855304
0.46382648	0.93267226	-0.31887943
0.6057873	0.32326204	0.54147863
0.06620759	0.4316249	0.37823865
0.47562015	0.9963227	-0.45335415
0.30513787	0.032777846	-1.0649598
0.6240293	0.84861547	-0.94208914
0.41398787	0.048418283	-0.3669833
0.06955367	0.16682732	0.79401135
0.03215295	0.7098911	1.3932173
0.41767335	0.26624924	1.4294574
0.16230458	0.28560883	-0.5154925
0.8125461	0.48821223	0.14327408
0.42989343	0.20998418	0.6744604
0.62217396	0.9533741	-0.4925286
0.44994503	0.24600786	0.16853157
0.54580015	0.041075885	0.75572395
0.80078727	0.12503397	0.6239239
0.09134579	0.42922264	-0.8421547
0.29569077	0.38556623	-0.116301455
0.117613494	0.07063472	-0.76552916
0.19595271	0.67498624	0.28487888
0.024459958	0.7886629	1.0227556
0.7624409	0.9099781	0.11418731
0.7211454	0.6461811	-0.58255625
0.56588155	0.8902762	-0.612714
0.119104445	0.6481805	-0.4238513
0.41365683	0.58637816	0.4928734
0.39161336	0.54593086	0.2780739
0.021770775	0.80696183	0.8548958
0.87160844	0.76197386	-1.7932031
0.5057259	0.30134088	-0.4894965
0.5227047	0.51189476	0.39807412
0.93077326	0.3500973	-0.06281502
0.83735806	0.5995892	-0.08567256
0.08164805	0.044024587	0.1181605
0.1572749	0.2622285	-0.63594323
0.9573049	0.4258464	1.4663212
0.20806414	0.37678194	-0.5197364
0.66659254	0.70885915	-0.73774916
0.97905797	0.58864546	0.9488284
0.06060201	0.15557969	1.0179192
0.84080553	0.07318616	0.3054582
0.43990707	0.05272162	-0.31195685
0.8558376	0.24160552	-0.4116402
0.40577883	0.91319287	-0.92880577
0.7566458	0.88064414	0.105478436
0.8933209	0.46224558	-0.8365942
0.73375267	0.6523153	0.015296746
0.093530774	0.85590994	-0.09496698
0.9521805	0.98719466	-0.36884618
0.70196116	0.38100934	-1.1929512
0.8398349	0.7822933	-0.7105758
0.7880901	0.8659915	-0.8981714
0.34043866	0.92211545	-0.7945247
0.34537262	0.82630754	-0.16391021
0.4471138	0.8259816	-0.07598377
0.49153066	0.0023835301	-0.15801667
0.795863	0.6338869	0.22487049
0.74372274	0.24863255	0.5001309
0.07267958	0.6215042	0.63076454
0.64286494	0.8880827	-0.6377354
0.8197022	0.75031	-0.5383399
0.22062415	0.8089897	1.8133382
0.983649	0.23973697	-0.26404735
0.89515567	0.9652478	-0.89213395
0.19945115	0.7677466	0.8156673
0.3499729	0.40694666	0.2535382
0.6098585	0.89720315	-1.000133
0.03840041	0.3407188	0.9546971
0.4545231	0.09407079	-0.30657595
0.1482681	0.95377207	-0.54503495
0.8509577	0.80077565	-1.0263466
0.3855976	0.6651868	0.010866478
0.63459086	0.8002167	-0.67379993
0.14950621	0.6356927	-0.022595355
0.85911113	0.85683775	-1.5447426
0.6333851	0.8574223	-0.71804893
0.37882704	0.8383174	-0.4350146
0.4740156	0.5039548	-0.12885278
0.38591802	0.30928695	1.8865626
0.99314994	0.9490524	-0.25839472
0.83977294	0.61433816	-0.20858847
0.8192112	0.7001435	-0.024684846
0.150716	0.23984921	-0.73516685
0.20739728	0.6768469	0.50033337
0.67485183	0.73564017	-0.701817
0.8033003	0.14271039	0.60261166
0.29950237	0.26635736	-0.34331563
0.6802597	0.054068208	0.2337731
0.1304555	0.7654183	-0.1883598
0.46970505	0.77142507	-0.2985572
0.043777466	0.32732117	1.045704
0.67335796	0.002862811	0.21801057
0.67150086	0.35315162	-1.4083494
0.8917725	0.023055017	-0.6596695
0.40322578	0.5073865	0.4858746
0.5715198	0.52787805	0.040466856
0.64243835	0.2824914	-0.35186023
0.06378168	0.16711926	1.0254633
0.5166456	0.3662145	-0.20804521
0.3249303	0.72958326	-1.0749325
0.4992463	0.0591318	-0.32031804
0.8066239	0.21999627	0.35204828
0.17361349	0.61466783	0.05652152
0.16123456	0.6628469	0.18942642
0.01864791	0.4980824	0.5145087
0.42320782	0.37192822	1.0472257
0.6991692	0.15235531	0.12365394
0.16988665	0.4352255	-0.1456163
0.19185257	0.37582827	-0.45655513
0.60072607	0.12727422	0.74375486
0.06941426	0.2713486	0.74978805
0.6671968	0.8025617	-0.31348422
0.32539713	0.06765562	-0.63793325
0.9173978	0.2718861	-0.6903966
0.36706883	0.5662369	-0.13765186
0.54714835	0.8752269	-0.3160394
0.79836345	0.24261606	-0.03996324
0.042419195	0.62197757	1.4019529
0.21506411	0.51965743	-0.8150866
0.3724395	0.6374044	0.026397286
0.7197672	0.87306297	-0.5421259
0.015026987	0.22048742	0.76750654
0.74840426	0.830788	-0.016699994
0.5934984	0.10850382	0.7928074
0.7743008	0.39428622	-0.5854423
0.31136674	0.5115788	-0.8102926
0.6698593	0.64400727	-1.2562475
0.7835875	0.55180883	0.51326746
0.86616	0.24618304	-0.9611052
0.1266529	0.049806535	-1.0163199
0.37196118	0.39395094	1.1806705
0.44468236	0.8858447	-0.17906216
0.17913091	0.5211743	-0.08499245
0.9184771	0.36800957	-0.6558141
0.24079901	0.034199774	1.2646606
0.97224677	0.980661	-0.35652262
0.5051222	0.19633389	-0.6989175
0.0030221343	0.84677464	0.26761523
0.88291436	0.6433553	-1.6634284
0.5393374	0.64014065	0.2728694
0.25773853	0.29608	0.37380585
0.86210334	0.91925865	-1.7062715
0.91515714	0.024134815	-0.79576206
0.694714	0.8978515	-0.7879867
0.27159268	0.44362807	-0.13076696
0.45637655	0.74095297	-0.13763782
0.11463034	0.6603032	-0.25709283
0.54536474	0.16729146	0.7803867
0.6449097	0.73316664	-0.3653376
0.30293524	0.68772036	-1.3550295
0.4194708	0.23662817	1.1265472
0.023162484	0.35736448	0.52218235
0.5553126	0.80906	-0.37422284
0.8445174	0.2883191	0.32440418
0.9566259	0.83107746	-1.3899221
0.43720287	0.15197492	0.14918044
0.1424874	0.19651139	-0.91171175
0.5964662	0.7637127	-0.6379063
0.4486937	0.25170994	0.19201797
0.72886115	0.04392928	0.3894042
0.23733658	0.16862422	1.6140746
0.7246446	0.61480933	-0.5754171
0.7658727	0.10913277	0.618493
0.4205404	0.33776754	1.3244866
0.16599548	0.34158516	-0.49695337
0.39346594	0.80850786	-0.447179
0.9394891	0.39648938	0.2405065
0.2497887	0.11235261	1.4554396
0.43145084	0.61461496	0.31805435
0.5448046	0.5093834	0.53010637
0.95264834	0.006753266	-0.73287773
0.71450895	0.1605928	0.15095514
0.54200566	0.5817126	0.5663175
0.3094728	0.9869151	-0.06771705
0.62828207	0.6621049	-0.5539103
0.58632404	0.5255628	0.08747873
0.22991729	0.89889127	1.7151715
0.5478427	0.76847893	-0.18357605
0.050908804	0.2990262	1.2743639
0.4410522	0.9816345	-0.56219345
0.19680858	0.48930466	-0.49820358
0.86933076	0.8886768	-1.6509464
0.107528865	0.9669793	-0.34937716
0.37477487	0.7219409	0.055250864
0.88956356	0.0017390847	-0.49887553
0.10796523	0.32651418	-1.4180236
0.13727659	0.48204225	-1.0981778
0.8680428	0.6754189	-1.825973
0.7041365	0.5862477	-1.4427989
0.24452484	0.10653663	1.5649691
0.7247134	0.82792646	-0.661572
0.37885177	0.50075024	0.32088578
0.61626446	0.67526907	-0.7262229
0.9607909	0.47627962	1.6773052
0.6977811	0.7027892	-0.98787415
0.77011687	0.4446159	-0.1899063
0.34021086	0.45064127	-0.17881152
0.8652604	0.61574566	-1.4020044
0.3870502	0.25024384	1.7087239
0.45876878	0.34992003	0.06015972
0.67982835	0.4630435	-2.3324826
0.655684	0.10571271	0.1958383
0.42054683	0.3865012	1.0480131
0.4982828	0.14162642	-0.71613383
0.6377819	0.85327834	-0.56461054
0.14476013	0.6667197	-0.07539739
0.23545712	0.7958114	1.8093656
0.9302001	0.05282432	-0.6034974
0.5498367	0.06806272	0.7499734
0.44142878	0.44498336	0.27782902
0.49161148	0.1429612	-0.88136697
0.61333734	0.9157892	-0.9706819
0.02543962	0.93128717	0.68736625
0.34364402	0.7191602	-0.1511494
0.31011295	0.6357745	-1.4021657
0.6475917	0.10089713	0.1361875
0.5759575	0.018812597	0.8516314
0.886922	0.9161797	-1.2371019
0.4231398	0.64303625	0.468851
0.63976276	0.9219513	-0.6486511
0.0750339	0.80433184	0.8273259
0.8432657	0.040757656	0.20705417
0.84669226	0.6402216	-0.5979717
0.50183415	0.6429074	0.07860473
0.3125043	0.51766044	-0.7926013
0.93613964	0.16022795	-0.6647336
0.1700632	0.32862663	-0.4057681
0.7895254	0.50621444	0.13457827
0.3926844	0.6146257	0.04266029
0.122229576	0.07922906	-0.8796932
0.4788552	0.879303	-0.3559045
0.53092945	0.62347513	0.36581522
0.5108182	0.3548907	-0.3000828
0.7244526	0.03855151	0.26657358
0.9067162	0.56593007	-1.2895085
0.20205075	0.20220965	0.61905926
0.7318289	0.5325187	-0.25059575
0.84995157	0.9693513	-1.7360779
0.29715687	0.046250403	-0.94628906
0.69567454	0.81324464	-0.83726877
0.23040473	0.7118144	1.0363297
0.53794825	0.106794536	0.5536905
0.8709461	0.7517873	-1.7564354
0.6788773	0.33213282	-1.1857945
0.40832543	0.112324715	0.160207
0.28426957	0.09642035	-0.3478695
0.84815806	0.409172	0.36687982
0.289761	0.4694293	-0.39002362
0.52177924	0.32303172	-0.089945644
0.54170847	0.011256933	0.6340917
0.11788863	0.9938971	-0.40530485
0.41296166	0.28195834	1.6438768
0.67497844	0.083869815	0.28690004
0.09696162	0.18503076	-0.4135975
0.49426848	0.4914902	-0.09371673
0.2973888	0.40940833	-0.11601018
0.17062968	0.3850705	-0.2921063
0.4712212	0.4489755	0.03025268
0.9975276	0.6774678	0.3297396
0.12060952	0.8253968	-0.37536025
0.15582663	0.5083145	-0.28916037
0.6784505	0.7473755	-0.59315324
0.35182685	0.27306318	0.2730969
0.56564385	0.1706382	1.3683964
0.9798039	0.58814543	0.9179352
0.05565685	0.9568917	-0.06309219
0.42035937	0.6336729	0.52370214
0.7457993	0.89847183	0.06743117
0.9895118	0.22475243	-0.44416663
0.9392117	0.0040337443	-0.47963107
0.94227666	0.78419155	-1.3000078
0.38660568	0.08345443	0.3718387
0.10934925	0.89869606	-0.5047059
0.8548429	0.59449834	-0.82561827
0.16608208	0.045038342	-0.050206654
0.23178941	0.68748146	0.755655
0.42170036	0.48285156	0.32105574
0.5118237	0.6751886	0.25894853
0.9496188	0.665249	-0.9357526
0.69124466	0.34147692	-1.0289513
0.8621208	0.90631366	-1.7491384
0.61381346	0.5879254	-0.3646962
0.8028708	0.35725933	-0.48392296
0.16491741	0.5534873	0.011690032
0.725502	0.68894565	-0.49158233
0.70422894	0.09066689	0.066515066
0.6320118	0.10522437	0.31892264
0.016525269	0.42001396	0.14129047
0.35628176	0.31506068	0.5819145
0.36962527	0.19054091	1.0303423
0.9637406	0.14344716	-0.854537
0.53190005	0.92319846	-0.19094785
0.30695832	0.5253287	-0.8686152
0.52072465	0.298818	-0.20388481
0.17377943	0.883371	-0.011367243
0.84507686	0.88531995	-1.5851787
0.060055435	0.7472682	1.3424753
0.4351793	0.16298372	0.22401011
0.42052287	0.056672573	-0.25105682
0.033372104	0.47414142	0.5591793
0.70331883	0.5759025	-1.5861472
0.6354656	0.84066945	-0.67700285
0.004945457	0.3408941	0.5651425
0.29105002	0.056177437	-0.7293986
0.6533649	0.27578282	-0.6304581
0.57279557	0.20218498	1.2318298
0.9074074	0.3668852	-0.9343737
0.60474986	0.83686393	-0.7867034
0.70917773	0.14334714	0.104190886
0.84377086	0.6558807	-0.46883017
0.9263965	0.3166787	-0.15681194
0.7249408	0.9781011	-0.041346587
0.4163754	0.625583	0.6167862
0.7005805	0.62759256	-1.2753458
0.48597288	0.33506197	-0.30501455
0.25198096	0.20840263	1.0606629
0.29555368	0.21917176	-0.5009383
0.4551515	0.7025419	-0.03660954
0.84926313	0.75177085	-0.78086317
0.258726	0.99323297	0.63553274
0.9467215	0.7834311	-1.3978367
0.40933275	0.42716122	1.0328242
0.7354349	0.30228275	0.14955723
0.0049929023	0.5678757	0.98798835
0.22758496	0.52985054	-0.8823026
0.33054775	0.34267408	-0.351383
0.83395386	0.29694194	0.48016918
0.29545677	0.47631115	-0.47652358
0.4983812	0.86347336	-0.10641573
0.17719752	0.11483228	0.2687774
0.9525656	0.83707446	-1.3345803
0.5094311	0.5115122	0.19464357
0.5009841	0.9804913	-0.18144026
0.53944284	0.5987591	0.54899865
0.69733065	0.14184439	0.1500009
0.49537534	0.5258097	-0.08570239
0.9870709	0.19059753	-0.5654873
0.786093	0.19843805	-0.018208606
0.19263893	0.46123868	-0.38935643
0.07510388	0.30927253	0.26058716
0.09392536	0.0029594898	0.048556715
0.9603108	0.4457454	1.7093024
0.30736136	0.045657456	-1.053579
0.6313076	0.09169036	0.4001733
0.10187453	0.8562576	-0.4792595
0.023783624	0.5803746	1.229271
0.81040615	0.6643332	-0.011467285
0.7592124	0.47773725	0.072499186
0.5175804	0.977046	-0.16217043
0.6243793	0.44921947	-0.11965919
0.77383375	0.5048497	0.14871466
0.5628351	0.5350393	0.1714146
0.68258	0.7218322	-0.8271227
0.362455	0.2143789	0.8127923
0.3249417	0.9813464	-0.4940368
0.9627083	0.77343184	-1.4524562
0.07148272	0.63553137	0.6905716
0.69895047	0.73789334	-0.96364063
0.5635852	0.657895	0.08042215
0.478414	0.8275615	-0.42113996
0.21206254	0.30037576	0.16090329
0.31886536	0.9726448	-0.32591707
0.48994434	0.76857996	-0.30240718
0.9516733	0.5226689	0.7661697
0.11130798	0.31433272	-1.5679463
0.03091377	0.54784644	1.122713
0.92135805	0.45391965	-0.8342074
0.6329949	0.45298982	-0.124311924
0.004939735	0.3237874	0.5323917
0.49402136	0.13949698	-0.80511343
0.019701123	0.048361897	1.1630683
0.87864584	0.19822985	-1.8140098
0.33362424	0.0956918	-0.35170513
0.71396524	0.5154481	-1.2701411
0.2449587	0.89720905	1.448725
0.07113081	0.7320419	1.0111669
0.98370993	0.09643555	-0.8995679
0.4614957	0.766144	-0.13004239
0.23448038	0.9998486	0.89997745
0.36129135	0.43202132	0.5070087
0.006691098	0.48921317	0.44887495
0.081739366	0.8688193	0.33342102
0.9833331	0.2015605	-0.50327045
0.971753	0.64413863	0.23941985
0.2917689	0.6096344	-1.0391879
0.2252723	0.015439868	1.6026481
0.4649806	0.4965846	0.09404493
0.43050426	0.41573006	0.5096255
0.2661761	0.15548408	0.56626457
0.555447	0.6883143	-0.036360785
0.33118945	0.46520293	-0.39032307
0.32599145	0.21907032	-0.42677718
0.11291492	0.20586312	-1.1332338
0.31838906	0.54762286	-0.9383164
0.2809754	0.22598362	-0.07398896
0.43406528	0.70020825	0.24954398
0.1323173	0.43661523	-1.3531787
0.9679999	0.40531194	1.6559526
0.76781064	0.1750719	0.39545
0.5063402	0.5261406	0.1578497
0.40432405	0.15735334	0.6123285
0.103450954	0.5434468	-0.94537926
0.6477722	0.8249037	-0.3119229
0.43655503	0.2150104	0.45831117
0.91439	0.25539482	-0.82989997
0.62395996	0.7098645	-0.7573484
0.95339763	0.5921768	0.28122795
0.18230414	0.5187046	-0.10916059
0.8810095	0.19508713	-1.9091116
0.19122785	0.5820377	-0.19648497
0.29519558	0.037365615	-0.91010857
0.6800221	0.44812286	-2.2041414
0.1819492	0.44109005	-0.1928667
0.08305925	0.536984	-0.0727738
0.7574797	0.60799164	0.7998616
0.08077544	0.5155637	-0.020330716
0.55132556	0.15078706	0.9951357
0.2599414	0.8338989	1.1117713
0.12788397	0.9820993	-0.40340245
0.99381465	0.2654413	-0.09127526
0.8190095	0.45338798	0.27213103
0.05483818	0.2666418	1.3813521
0.4130836	0.3643359	1.5078925
0.92221165	0.12495381	-1.0279078
0.48829335	0.67947066	-0.30179757
0.32792264	0.5651581	-0.78604734
0.5094049	0.75377935	0.048766665
0.6500961	0.3715772	-0.72022665
0.25446504	0.17759693	1.0906258
0.20799327	0.43420023	-0.69434625
0.32922578	0.35294282	-0.38014886
0.6437706	0.68023396	-0.42767406
0.023914933	0.627369	1.3884721
0.58671135	0.89724463	-1.0030336
0.97395784	0.8203309	-1.1507691
0.60130274	0.38189662	0.3363906
0.77023035	0.6384183	0.88686156
0.42651415	0.4182697	0.6332198
0.9394224	0.903578	-0.5127694
0.8409691	0.83086485	-1.1250567
0.8177685	0.08433461	0.9355309
0.8955521	0.12908512	-1.6418327
0.9087984	0.15608257	-1.3412207
0.97597444	0.8049487	-1.1118126
0.7891222	0.2267555	-0.15941459
0.47220147	0.77156305	-0.29121277
0.71444947	0.48101014	-1.3319277
0.60310537	0.756668	-0.72302437
0.6564402	0.6166413	-0.9524063
0.08646947	0.0510512	0.029289221
0.17377931	0.8865311	-0.003569642
0.525927	0.38051122	0.113565445
0.8928701	0.48193192	-0.9403862
0.38818973	0.64210236	0.025447048
0.32166958	0.35541493	-0.40427047
0.0031406283	0.27457392	0.7398228
0.16873914	0.22900224	-0.4801279
0.5187546	0.6891426	0.18026854
0.9777197	0.8160367	-1.0123217
0.28597993	0.23066717	-0.2534824
0.38301975	0.8852564	-0.7146514
0.65856445	0.9630588	-0.6845475
0.92767185	0.40138388	-0.32191515
0.58981514	0.17035675	0.9309463
0.45217073	0.8255706	-0.12863912
0.90803736	0.55090094	-1.2689061
0.15322423	0.8600075	-0.40398932
0.64621985	0.008418441	0.40933672
0.16732162	0.026575685	0.09268189
0.16835904	0.838393	-0.03644234
0.06592387	0.22659522	1.0667434
0.6528059	0.15462822	-0.01300835
0.30255318	0.7008989	-1.2992331
0.965387	0.96609	-0.4205327
0.12497157	0.52304435	-1.2395729
0.16524696	0.87074167	-0.20315772
0.8834855	0.53642565	-0.93591195
0.81959355	0.48447454	0.2574434
0.35813856	0.12608016	0.44527748
0.99087226	0.69984084	0.0977845
0.8681383	0.23338193	-1.1227589
0.48678482	0.6163084	-0.32282928
0.29281032	0.43390048	-0.24431694
0.47752845	0.89657325	-0.30575666
0.102175355	0.6179175	-0.2030744
0.2092678	0.6924347	0.5832345
0.6184676	0.944422	-0.61930704
0.9582639	0.3431977	0.97556365
0.1168977	0.95137715	-0.3273715
0.8473542	0.6346027	-0.6361801
0.112689316	0.8966837	-0.47692743
0.0016550422	0.70708907	0.54128766
0.40557462	0.044265866	-0.33068112
0.9474683	0.24679846	-0.15388663
0.14288336	0.61177826	-0.27817866
0.243949	0.20913732	1.2241526
0.7098964	0.2453019	-0.006080577
0.4241621	0.5002546	0.36373687
0.6314077	0.4261695	-0.19976933
0.18852699	0.93160325	0.5555223
0.06389856	0.36951935	0.52509713
0.11064339	0.43583173	-1.6742346
0.93052053	0.25429046	-0.22018103
0.21788329	0.19334972	1.2514395
0.09519881	0.5941769	-0.2991723
0.018768609	0.83963764	0.6786648
0.59873486	0.12744802	0.75283897
0.5328565	0.063808024	0.418971
0.45669705	0.29882473	0.14600238
0.8075535	0.7284924	-0.40884745
0.12449533	0.011345029	-0.7936532
0.16061687	0.5406484	-0.10589865
0.69452524	0.7582218	-0.807449
0.28384405	0.16802287	-0.2689679
0.8832158	0.18671954	-1.8994853
0.5800885	0.30184734	0.78700316
0.71605295	0.9041531	-0.45533198
0.19142592	0.34029448	-0.45869842
0.47597307	0.12112135	-0.68040353
0.87522554	0.4545824	-0.45858744
0.33303756	0.44730288	-0.27219367
0.37440616	0.0013332367	0.28656423
0.37678617	0.7120063	0.00025988603
0.58633834	0.5632775	0.106536694
0.41589236	0.35767162	1.4448949
0.08562952	0.43242842	-0.4870319
0.90156895	0.60867697	-1.3091683
0.25170153	0.8774125	1.3786108
0.37843287	0.61355424	0.05920911
0.5101262	0.85121053	-0.024761446
0.74183905	0.9826837	0.13662118
0.9654724	0.629865	0.21430784
0.44685686	0.3010462	0.34868726
0.07246488	0.19969702	0.62779903
0.54741997	0.91202086	-0.32047367
0.6618179	0.987239	-0.6737149
0.5170237	0.7957692	0.02497526
0.6538798	0.35374486	-0.83916944
0.52917594	0.0716337	0.34883446
0.9630083	0.9551181	-0.53960216
0.43658924	0.78561556	0.08594957
0.19603509	0.7312058	0.44991633
0.32789594	0.711764	-0.9551918
0.8840512	0.7545917	-1.7182882
0.38479167	0.76078963	-0.17524518
0.11441356	0.30879223	-1.6577222
0.14163387	0.17761958	-0.91372824
0.5108187	0.9551951	-0.086345926
0.93530995	0.035474002	-0.53457266
0.77881914	0.62952024	0.78704435
0.44837373	0.33802056	0.31888124
0.08989489	0.48038232	-0.69270265
0.59934175	0.66440356	-0.517312
0.8523692	0.096686244	-0.42964077
0.04733002	0.042115808	1.2884835
0.54298425	0.20179904	0.61565334
0.880769	0.2464059	-1.5446987
0.12061119	0.5067073	-1.3850881
0.052384913	0.3329941	1.0636464
0.50901204	0.09453362	-0.28425437
0.38301164	0.16715986	1.1000965
0.82058984	0.09560591	0.871922
0.78295815	0.60362995	0.6718935
0.95295286	0.8970958	-0.94722795
0.7341951	0.6650922	-0.0217547
0.6153032	0.60620177	-0.4210758
0.007516086	0.021786213	0.9847888
0.2679987	0.9601925	0.6361058
0.70421755	0.9729739	-0.47244924
0.16180086	0.695447	0.27911076
0.6487876	0.88152707	-0.5330253
0.33674562	0.29736274	-0.31080332
0.30210334	0.54975176	-1.0105644
0.50105006	0.86747503	-0.116056904
0.31135154	0.3675506	-0.26674092
0.8103497	0.6797599	-0.077989206
0.2521397	0.66779786	0.18091656
0.066058934	0.20628291	1.0459678
0.999546	0.29911697	0.18878643
0.9153536	0.21083051	-0.9713081
0.13179946	0.6441122	-0.3795946
0.7857418	0.028583944	0.7300634
0.85235107	0.9008451	-1.6801751
0.46246743	0.2794659	-0.08078475
0.04976678	0.7198186	1.4323305
0.4272133	0.4835441	0.36071256
0.043316543	0.07328236	1.2299343
0.49726623	0.68478805	-0.15473728
0.88560814	0.9227195	-1.2655468
0.87140304	0.74746746	-1.7412189
0.8898519	0.5972072	-1.3326446
0.8788251	0.17538875	-1.8749863
0.12905508	0.7517797	-0.07306212
0.053141713	0.8772429	0.75505483
0.9276386	0.43412238	-0.5262665
0.12298763	0.41764307	-1.5928396
0.80060875	0.23882514	0.009496791
0.54377097	0.64969796	0.21907416
0.47941554	0.04079753	-0.4939732
0.8950454	0.45583248	-0.9028374
0.91004944	0.45809186	-1.1515067
0.09868759	0.97387445	-0.26721853
0.4414503	0.74670935	0.090361625
0.6980589	0.22624564	0.06705843
0.6149511	0.63422185	-0.6475469
0.65751165	0.32261384	-0.8975127
0.7190208	0.4734193	-1.1157588
0.7599992	0.68293655	0.6146616
0.069337904	0.96900654	-0.2770205
0.9912318	0.23453301	-0.30541015
0.3763013	0.92447156	-0.9118595
0.8569024	0.34189594	0.260847
0.09986025	0.94951785	-0.32566002
0.710185	0.8707651	-0.72881
0.7078939	0.30239087	-0.15169007
0.17341048	0.21450114	-0.25205147
0.9882771	0.0061121583	-0.70382994
0.5108646	0.82014036	-0.083687276
0.46890402	0.38615215	-0.04797939
0.8454202	0.9757333	-1.7363029
0.36025894	0.9833417	-1.1348748
0.85396534	0.7415556	-1.1193
0.5303718	0.96502787	-0.3059166
0.029123306	0.75662404	1.1631147
0.4150352	0.543571	0.45105773
0.25010473	0.27576673	0.62032735
0.5276402	0.020120263	0.25582653
0.72855365	0.05480963	0.3877211
0.28769052	0.43404675	-0.21377647
0.6648977	0.92945606	-0.6405034
0.8031182	0.35559982	-0.49396247
0.26485986	0.40397096	-0.18061839
0.12061733	0.13472086	-1.0341407
0.042166293	0.21508068	1.1856256
0.7619137	0.5544464	0.62718225
0.44089937	0.4224993	0.34516695
0.33506817	0.35313028	-0.30896837
0.6402271	0.21766096	-0.14888811
0.28818715	0.7220095	-0.6990899
0.26659626	0.60002255	-0.5311506
0.9968343	0.18969262	-0.5030368
0.7968354	0.3705297	-0.5809211
0.6619121	0.97444797	-0.7024253
0.27289027	0.7390506	0.018938381
0.21488523	0.8559951	1.7578342
0.781999	0.27278548	-0.3720471
0.19880068	0.7078431	0.43471628
0.19812739	0.984461	0.7064169
0.7819212	0.1456055	0.28451645
0.5996727	0.5091305	0.076445386
0.43472815	0.36669672	0.7346057
0.72517204	0.23981673	0.31623834
0.22946638	0.82115304	1.9252001
0.68621874	0.19359875	0.112878904
0.67969614	0.94076437	-0.6399283
0.07324052	0.8996965	0.2606026
0.4709069	0.031092227	-0.44578353
0.4739651	0.6573904	-0.3314226
0.6036053	0.53384006	-0.045233123
0.5331842	0.08343226	0.44830507
0.6063318	0.884518	-0.92580116
0.29303432	0.6490125	-1.1020709
0.8493283	0.42386216	0.24375185
0.9148076	0.8813423	-0.5481465
0.14269924	0.21805745	-0.9838719
0.46549404	0.18920988	-0.2711528
0.08594519	0.6660206	0.47230232
0.420644	0.5094096	0.3060274
0.5285236	0.12097043	0.12389471
0.22589904	0.40333223	-0.5511925
0.4594381	0.7441371	-0.13824612
0.57595664	0.8383501	-0.7706228
0.17086905	0.6249621	0.13167366
0.025539994	0.9319724	0.68767416
0.83827484	0.5552904	-0.0116602015
0.96587485	0.4627748	1.8118249
0.62732625	0.020778537	0.58307713
0.5878164	0.43384272	0.18390876
0.726814	0.9525503	-0.004551029
0.65161854	0.8550444	-0.3801918
0.9687483	0.39735603	1.5030427
0.6253293	0.87033945	-0.98517
0.9735742	0.07662988	-0.87609655
0.6490389	0.28413105	-0.5585114
0.8555302	0.7389095	-1.2565062
0.029485762	0.6401938	1.3710029
0.52902466	0.56151634	0.5835748
0.46333557	0.66681707	-0.19774404
0.03565371	0.4618796	0.5232499
0.18791777	0.06439519	0.75926256
0.1288845	0.044732213	-1.0048465
0.7350508	0.51099825	-0.1765558
0.7945238	0.5072138	0.053770836
0.53744036	0.020552993	0.516619
0.24807733	0.5878967	-0.41054377
0.97553676	0.9297164	-0.5659773
0.7562763	0.46047175	0.010548519
0.732178	0.20175838	0.54553163
0.15236449	0.28498578	-0.7331157
0.121589005	0.9701395	-0.46485186
0.8136664	0.06643093	1.054251
0.50560325	0.86423784	-0.20434874
0.042833924	0.83237565	1.2330134
0.22992462	0.79660225	1.9107761
0.32037103	0.59904873	-1.0992655
0.46616602	0.7058399	-0.23518658
0.6323541	0.73851204	-0.59675545
0.13955098	0.7999794	-0.2244929
0.70992064	0.5133613	-1.4443225
0.5564326	0.5949445	0.38545686
0.05748391	0.17335331	1.1657965
0.5149207	0.82284266	0.07455172
0.0021321774	0.8170889	0.2701255
0.91373855	0.30051464	-0.75412077
0.028606355	0.23669016	0.7572807
0.44095254	0.69743514	0.21335275
0.28497374	0.76846033	-0.19439085
0.71365875	0.7474836	-0.86918604
0.05656421	0.8661461	0.86672235
0.7944033	0.08673346	0.65152395
0.66087174	0.17641234	-0.0813445
0.46251464	0.42352194	0.09687407
0.9115768	0.22539979	-1.0815016
0.46433407	0.57474786	-0.17853704
0.6913157	0.5954495	-1.583604
0.2999785	0.99517447	0.079878494
0.11519909	0.31051654	-1.5654883
0.63471836	0.15991646	0.20910002
0.6156936	0.17850697	0.32787848
0.21789241	0.47431314	-0.8358546
0.6497198	0.8476256	-0.38725275
0.691436	0.8812681	-0.90689886
0.753857	0.16731364	0.60756296
0.16553569	0.06619048	-0.02570232
0.9340177	0.3801276	0.0624693
0.45845193	0.7435087	-0.14182666
0.72495186	0.66179216	-0.4295304
0.624859	0.24220204	-0.13270861
0.5554384	0.85511965	-0.4969778
0.47985435	0.9196412	-0.31445712
0.50508165	0.5001669	0.1610432
0.5820482	0.36649007	0.3290587
0.34393197	0.57529765	-0.22111677
0.8939978	0.15091652	-1.817135
0.22324342	0.4195109	-0.7066791
0.8830448	0.7334918	-1.7799754
0.4118139	0.90145046	-0.8391985
0.37522185	0.13988775	0.84069335
0.10111773	0.65664047	-0.06326247
0.5377847	0.59301704	0.55802697
0.9985921	0.4979306	1.3036664
0.23401254	0.7615309	1.5514152
0.5699848	0.85835737	-0.76484096
0.6213425	0.21537054	0.1423572
0.321801	0.16742307	-0.3968634
0.027633667	0.47052824	0.44807863
0.94524306	0.8406768	-1.0908245
0.76743835	0.93376994	0.019250736
0.4677528	0.9731011	-0.4464027
0.48594546	0.97640836	-0.39148423
0.6958859	0.71077293	-0.99784184
0.1693424	0.2402193	-0.53208995
0.4028178	0.18127257	0.89107025
0.8043275	0.75536907	-0.70052123
0.01566869	0.9655483	0.44588953
0.52612656	0.5034763	0.39179417
0.08695316	0.3996445	-0.5203905
0.3097126	0.7631221	-1.1376631
0.5938001	0.567956	0.060730316
0.75718534	0.06363273	0.5046616
0.9162376	0.4998771	-1.1692849
0.8301242	0.19896007	0.3690681
0.18944073	0.27874488	-0.2742351
0.071154416	0.4792961	0.22314705
0.2626294	0.16989458	0.69718957
0.35769016	0.62806505	0.14066799
0.5151214	0.6253745	0.22790742
0.92569643	0.7414265	-1.1255236
0.7022703	0.25154847	0.020918407
0.3065669	0.5860509	-1.1879247
0.76502585	0.5819632	0.81181175
0.8332931	0.89065504	-1.7207202
0.39053732	0.7197392	-0.12706876
0.67156816	0.0424816	0.19857256
0.43091965	0.22650313	0.7591982
0.73077285	0.58212173	-0.22318023
0.40497953	0.33648312	1.9627787
0.96835643	0.88440675	-1.0622907
0.050408006	0.32269198	1.1188829
0.95172197	0.9529208	-0.5003123
0.49782568	0.2553696	-0.6576393
0.04310161	0.21238202	1.2195781
0.25290114	0.11993116	1.3185767
0.22144139	0.2739315	0.61794966
0.39760453	0.105885684	0.25220925
0.38146603	0.323673	1.894967
0.91713345	0.9218744	-0.25746503
0.9077833	0.42013377	-0.96756333
0.4827338	0.8745787	-0.25604638
0.36823153	0.52079785	0.076337345
0.8989462	0.77903825	-1.4826565
0.625823	0.86171335	-0.9521941
0.7053143	0.846438	-0.882646
0.016070068	0.031036437	1.135077
0.044625938	0.30405265	1.1552613
0.6975458	0.8932695	-0.76339865
0.057542026	0.444129	0.61495996
0.37420112	0.49757928	0.22273311
0.6058639	0.9140243	-1.0585783
0.9083296	0.30306017	-0.95360225
0.8259739	0.8310599	-1.3516049
0.054758847	0.17022514	1.2612973
0.7619131	0.2796417	0.24635209
0.9861183	0.8161531	-0.6981352
0.8164134	0.93673056	-1.8809241
0.60073143	0.5067264	0.012376686
0.5069351	0.03842312	-0.1284083
0.9790445	0.33757335	1.0055872
0.4460742	0.2943126	0.38716117
0.037677586	0.6587823	1.4574567
0.515713	0.7420774	0.09993137
0.518645	0.46878588	0.1462651
0.4053414	0.8387616	-0.64274323
0.83755285	0.36430657	0.5524919
0.6985491	0.27351624	-0.21787022
0.16265517	0.018679976	-0.16945821
0.48854202	0.42012405	-0.08802457
0.41987085	0.15274376	0.41306207
0.95363414	0.629554	-0.23455681
0.41993403	0.2881357	1.3732526
0.36926615	0.94742954	-0.8823105
0.49118614	0.46692008	-0.08596541
0.75021315	0.51201046	0.18936831
0.055207968	0.2566316	1.4282563
0.11355418	0.027813911	-0.46721247
0.12523007	0.17418635	-1.1732699
0.7128569	0.902212	-0.5555125
0.7582247	0.9229135	0.18623033
0.71352345	0.5741688	-1.1045778
0.46474564	0.9273737	-0.3109703
0.9847531	0.46318787	1.7452278
0.8534847	0.491408	-0.19806677
0.5116679	0.20877713	-0.4404402
0.09927899	0.8852656	-0.33630195
0.55965114	0.9283891	-0.4585239
0.40873575	0.51372313	0.4290781
0.26504743	0.9470609	0.69681567
0.7900527	0.43522716	-0.3831071
0.9664589	0.26792848	0.22974136
0.06000054	0.20192909	1.2472707
0.98589003	0.7319111	-0.33028632
0.18050581	0.76662874	0.22252063
0.55525005	0.10698354	1.0411596
0.6693908	0.6148139	-1.3563682
0.5331126	0.50480187	0.6634793
0.15609086	0.49980134	-0.33155885
0.93266994	0.07016224	-0.6630728
0.2299071	0.42196113	-0.6902788
0.3997156	0.030299842	-0.15874487
0.18305683	0.96465904	0.14915706
0.3052649	0.10008168	-0.9933076
0.3674847	0.784049	0.2031502
0.0964905	0.75372255	0.07163319
0.24778843	0.68389934	0.33792752
0.7017557	0.28549755	-0.249258
0.8489253	0.5798496	-0.5065645
0.3847683	0.73544496	-0.19438423
0.8680438	0.58658427	-1.1185366
0.83958185	0.81779516	-1.0343794
0.45115995	0.6367861	0.028117588
0.6430399	0.04022181	0.35506174
0.9140593	0.4856972	-1.1748
0.54359245	0.68239194	0.14781335
0.59888864	0.2980296	0.6932968
0.9016065	0.8054936	-1.3463376
0.66466486	0.60703725	-1.2799323
0.27910155	0.52229315	-0.6629263
0.5220371	0.3020391	-0.09483642
0.3118633	0.7318819	-1.2930387
0.4213586	0.22273636	1.0905936
0.47492468	0.013971388	-0.40348056
0.7157933	0.19768375	0.10614851
0.072056055	0.08334035	0.4507948
0.55938774	0.16172832	1.2879145
0.86747015	0.5290718	-0.52598864
0.5189527	0.2861166	-0.3244629
0.07723439	0.20591873	0.45183527
0.20849168	0.0045191646	1.5636863
0.53470254	0.81214213	-0.05174715
0.07543218	0.3062637	0.2669907
0.61189765	0.8866654	-1.0461926
0.5574987	0.7350075	-0.23058525
0.7899957	0.7946192	-0.6929857
0.2682376	0.6042408	-0.5130474
0.86044174	0.80339915	-1.5350623
0.38846505	0.22339994	1.6066034
0.028969288	0.69850796	1.3071679
0.25528955	0.8362524	1.3854027
0.7574912	0.1745786	0.56856006
0.73528445	0.40466464	-0.19394031
0.42942548	0.29535735	1.0661542
0.14700878	0.73529536	0.029203363
0.71183175	0.90050524	-0.5866706
0.75447255	0.8120561	-0.0077245017
0.46635264	0.23242384	-0.34314793
0.5904274	0.39064652	0.24090654
0.93008304	0.19274592	-0.61028594
0.09575504	0.13945341	-0.2938398
0.31365567	0.6871643	-1.4992282
0.4466765	0.4108196	0.37723354
0.05548078	0.97204185	-0.14000939
0.82260674	0.86805034	-1.7009249
0.70915747	0.28534746	-0.15002662
0.31950587	0.7259292	-1.2055736
0.99089956	0.9899358	-0.24185117
0.13190556	0.46813053	-1.3047075
0.73794425	0.41022027	-0.13550393
0.345577	0.25542074	-0.0767
0.7982356	0.58058995	0.22434689
0.5653429	0.6458518	0.038475443
0.3078084	0.6515943	-1.464377
0.47562557	0.12777954	-0.64926404
0.58614355	0.38506508	0.24629804
0.6412099	0.12887764	0.20910104
0.82877564	0.6430305	0.06993011
0.76298636	0.74706036	0.24896738
0.7278357	0.6152632	-0.2908768
0.45333725	0.024027765	-0.42316017
0.4949907	0.5242512	-0.07260956
0.87521815	0.84782004	-1.7619869
0.94515634	0.4252022	0.6155843
0.9462489	0.40545243	0.71346366
0.9923275	0.19607335	-0.5564106
0.41468006	0.077694416	-0.1410875
0.8009359	0.13498276	0.6387996
0.23480916	0.36897093	-0.30983084
0.8721825	0.93443614	-1.5692536
0.1439246	0.16600966	-0.78602046
0.73884696	0.96611327	0.03728897
0.33787405	0.40328944	-0.07245207
0.5694009	0.8623833	-0.7260298
0.59602064	0.98241764	-1.0678483
0.18296146	0.16475827	0.1434358
0.49725246	0.41267723	-0.108383015
0.43785828	0.02758038	-0.41393033
0.51467144	0.48817325	0.15607564
0.9759793	0.03704399	-0.7590649
0.26688457	0.78804773	0.59122026
0.6328915	0.86517143	-0.72709864
0.61759186	0.62105703	-0.488482
0.400639	0.08353484	0.014427796
0.34910882	0.14977682	0.16506365
0.2503028	0.42765194	-0.6407934
0.1593405	0.575522	-0.13204658
0.3994497	0.70631	-0.20368086
0.87005484	0.66234505	-1.7681638
0.7530509	0.4218558	0.028994314
0.46601743	0.41833103	0.07408932
0.08168906	0.18231404	0.20132178
0.7525331	0.88858604	0.11489606
0.17381454	0.6504363	0.18392442
0.51600397	0.08236563	-0.062081743
0.7895673	0.11456251	0.36553326
0.8815352	0.91080564	-1.4191012
0.7499484	0.1425435	0.680383
0.79672366	0.5333716	0.12544431
0.7392601	0.12451589	0.5158379
0.008507252	0.09656322	0.95848864
0.50244176	0.6906444	0.03274959
0.47358847	0.37268943	-0.10467577
0.4395705	0.8309189	0.03497664
0.9305519	0.9014087	-0.26466623
0.52423173	0.7659877	0.11460248
0.92559433	0.3411432	-0.2798882
0.7498272	0.43748522	-0.0070013357
0.89485043	0.7062977	-1.5927123
0.7833894	0.8306491	-0.59464544
0.82356167	0.67220014	0.035791393
0.55466425	0.2870103	1.1089483
0.22142416	0.32268625	0.14412493
0.22065783	0.5288527	-0.8295638
0.7040793	0.8290943	-0.86347526
0.33754456	0.14541268	-0.15503156
0.8438759	0.6588405	-0.46038836
0.53170216	0.1358164	0.24768509
0.08577287	0.11007738	-0.07714622
0.27439868	0.5878311	-0.665256
0.40737486	0.13088322	0.30331242
0.22573602	0.7192324	1.1235113
0.4510916	0.56612426	0.09175554
0.52441525	0.9168383	-0.2485721
0.9023275	0.9244485	-0.71309936
0.061463118	0.72293156	1.3188144
0.18995047	0.38373035	-0.46107686
0.6344915	0.71249354	-0.48824495
0.4875844	0.7662239	-0.34868863
0.069824874	0.69194025	1.0179751
0.06439656	0.74836695	1.2265785
0.12865806	0.21633583	-1.3198522
0.55860275	0.73811793	-0.29571283
0.4282484	0.047226787	-0.27030954
0.72868085	0.3483231	-0.16728383
0.8368207	0.8916727	-1.6827624
0.09579682	0.20728421	-0.417643
0.86594903	0.70332307	-1.7352959
0.4235145	0.92252445	-0.6466821
0.7816569	0.14007115	0.29175255
0.24717957	0.3878249	-0.4855586
0.5450531	0.75430906	-0.066764295
0.09407437	0.72596055	0.1660347
0.47046584	0.7219495	-0.24036336
0.83874303	0.70762104	-0.39203808
0.9065811	0.73398685	-1.282938
0.3436811	0.31567663	-0.0734658
0.7580201	0.19169605	0.50415075
0.1543845	0.36484528	-0.632255
0.18173277	0.7734169	0.25515452
0.15494269	0.11463153	-0.5049641
0.640328	0.6724251	-0.38840204
0.09329581	0.5098123	-0.7913545
0.7571403	0.31494778	0.16902506
0.6384567	0.17265898	0.07449732
0.7342139	0.6030852	0.030492827
0.17451209	0.5988258	0.026392601
0.6967951	0.3703164	-1.1851538
0.3551625	0.316635	0.53704417
0.90654147	0.96940494	-0.39968795
0.8492044	0.28163052	0.22921239
0.5275002	0.62075055	0.41962618
0.007151544	0.7379792	0.406895
0.7535097	0.4164626	0.005188916
0.74521637	0.7985633	-0.15736698
0.33228207	0.17030132	-0.15184881
0.0485608	0.83429277	1.299673
0.2815566	0.44432026	-0.20522848
0.28651947	0.45671737	-0.32580122
0.7893963	0.44917023	-0.3114842
0.060499012	0.53234106	0.74384755
0.6983701	0.816659	-0.8903353
0.4505412	0.04688704	-0.3590828
0.192043	0.30277103	-0.4661935
0.7077683	0.1034807	0.09484646
0.46822768	0.44547737	0.0383315
0.15454644	0.7552811	0.07963082
0.72069716	0.6003312	-0.67549187
0.77394426	0.99039006	-0.26156563
0.3252738	0.1945064	-0.34366736
0.92710507	0.5255527	-0.8676647
0.31746918	0.31585675	-0.50154597
0.5100099	0.52761304	0.25244468
0.5544119	0.31941712	0.88198346
0.96922785	0.8422182	-1.2628952
0.6131387	0.22223932	0.34765923
0.8173361	0.91263777	-1.8455056
0.07552886	0.6065597	0.48007977
0.2156747	0.17739356	1.2323667
0.87486464	0.6174855	-1.4819293
0.53244156	0.7833963	0.015847545
0.30942285	0.9596952	-0.17564651
0.6629545	0.78165305	-0.219912
0.37334567	0.1592812	0.94169444
0.88979846	0.91919637	-1.147734
0.12686974	0.123450756	-1.0787423
0.9668561	0.47516584	1.8352257
0.8175992	0.26339006	0.2807128
0.97763234	0.9258918	-0.54688704
0.042084813	0.69264865	1.5008821
0.50922626	0.9982676	-0.19389647
0.35766214	0.40604538	0.5761036
0.08819097	0.6043081	0.10941347
0.17405379	0.5662099	-0.09775026
0.703902	0.8598416	-0.80962896
0.0015509129	0.76586753	0.280929
0.8932175	0.5327811	-1.1498777
0.4128375	0.5574222	0.40392473
0.18325156	0.80224574	0.36966494
0.403418	0.98786354	-1.0282584
0.27886945	0.17978054	-0.05565715
0.42698336	0.42077947	0.5526459
0.86320037	0.5938506	-1.0810627
0.34316486	0.22723794	-0.046187602
0.55052227	0.73882073	-0.09802593
0.5070935	0.12875742	-0.39129978
0.26583797	0.49029422	-0.47161022
0.17617446	0.82360387	0.17577516
0.90703857	0.35411292	-0.9461965
0.8492444	0.7233422	-0.96558017
0.2808265	0.6690354	-0.5755018
0.470115	0.9870854	-0.39379314
0.057736218	0.74619865	1.3208331
0.5266119	0.9611461	-0.27047777
0.61402166	0.29284883	0.38703963
0.7806205	0.10629332	0.39708593
0.69054276	0.64837664	-1.2611634
0.028462946	0.59577215	1.3237212
0.8158382	0.51042384	0.144638
0.46830136	0.24972302	-0.28481984
0.18902051	0.5959065	-0.16174631
0.98110825	0.25594223	-0.13964431
0.51070637	0.31441492	-0.39020935
0.6092244	0.14812201	0.5111399
0.55405825	0.8481198	-0.45545882
0.2510615	0.10812545	1.3026117
0.8102422	0.6580891	0.0949431
0.7733863	0.35873544	-0.53368276
0.27370566	0.17506152	0.24338496
0.2434259	0.8994198	1.4716558
0.3390574	0.8069214	-0.40073764
0.2917387	0.28723496	-0.23557158
0.46712208	0.40259176	0.032081444
0.15326464	0.90080464	-0.543962
0.5521988	0.63657635	0.27874866
0.44343412	0.41165745	0.36860472
0.42647868	0.75298023	0.13601424
0.15311116	0.39524835	-0.59303623
0.30090666	0.9461926	0.0074096024
0.20972478	0.34443313	-0.24117866
0.601866	0.8485311	-0.71719867
0.5851596	0.20951253	0.9944656
0.75237423	0.13311148	0.6317183
0.31973475	0.9270442	-0.50121963
0.40633684	0.23337972	1.3642559
0.49486834	0.29536486	-0.55243677
0.3504892	0.68517166	0.07176567
0.54394954	0.7597474	-0.017877627
0.9390731	0.51395506	-0.14850992
0.49343425	0.9698925	-0.27289176
0.80480295	0.53341824	0.02839128
0.8592859	0.61562127	-1.1348661
0.8373786	0.4405712	0.49375638
0.9465377	0.7886466	-1.4228752
0.17063838	0.93430334	-0.20375603
0.6939922	0.04040855	0.12976302
0.24213994	0.32593727	0.026676916
0.048590004	0.27990353	1.2820436
0.117322326	0.8495784	-0.4241932
0.66652024	0.29440194	-0.7875632
0.8063836	0.13077563	0.6671732
0.16755623	0.67461985	0.2789327
0.56162775	0.7906057	-0.44799146
0.34814262	0.6185954	-0.033240963
0.43360853	0.06706536	-0.21579191
0.5633932	0.37332046	0.55203146
0.944655	0.064585865	-0.63404447
0.45219582	0.8615183	-0.07558244
0.78064543	0.3781671	-0.6773396
0.5700179	0.13748157	1.198459
0.45987356	0.80442256	-0.19333555
0.49274826	0.50380456	-0.08483568
0.031482816	0.16259164	1.0189295
0.4569738	0.47885978	0.15821962
0.7206206	0.3406514	-0.25719786
0.23137432	0.7616163	1.5965339
0.647308	0.06145048	0.24398857
0.63270414	0.34844702	-0.18617235
0.84968287	0.48173243	-0.060869433
0.7611682	0.90812445	0.10283235
0.21959609	0.90110683	1.6861598
0.8771689	0.39963847	-0.505226
0.7077454	0.3267244	-0.3309806
0.8020273	0.39294767	-0.38036633
0.048552215	0.24991804	1.3299123
0.20713139	0.78289485	1.3274463
0.4557523	0.75014615	-0.10173614
0.49347836	0.67371374	-0.2134225
0.14155835	0.14413446	-0.90355444
0.7355483	0.69293475	-0.122939
0.84081626	0.51093614	0.13808458
0.44525075	0.3852533	0.38806477
0.42987663	0.5038983	0.34037274
0.8267387	0.4238726	0.53239584
0.74852705	0.31701392	0.316262
0.5020196	0.5089506	0.0959147
0.71422875	0.49582022	-1.3041515
0.6103802	0.1817131	0.4700057
0.6563794	0.5113729	-1.0442655
0.009698451	0.14185667	0.8245242
0.97511536	0.43493813	1.8862202
0.73170555	0.21635783	0.5020306
0.90240467	0.61024374	-1.295349
0.12608099	0.12723333	-1.067893
0.93126595	0.27462602	-0.11482075
0.99472123	0.36024505	0.8355983
0.6542555	0.55711997	-0.8695191
0.13523513	0.12863302	-1.0575908
0.7949431	0.24243164	-0.12482142
0.8670631	0.7100522	-1.7857579
0.9880001	0.5232808	1.459037
0.76388663	0.978047	0.020055965
0.9109366	0.89663583	-0.6146634
0.9474327	0.5493177	0.31318185
0.4830081	0.8002945	-0.46482584
0.27149808	0.34278792	0.13098189
0.33051628	0.9105416	-0.7596847
0.35797852	0.6428271	0.13032019
0.52069056	0.7529951	0.10960163
0.4563114	0.37920612	0.18391593
0.52703726	0.8657023	-0.016889164
0.1438086	0.6618544	-0.08863805
0.22761774	0.79492635	1.8761863
0.70245796	0.17250085	0.13739298
0.78667736	0.6060423	0.56558144
0.07713354	0.5980462	0.5246614
0.16609007	0.21955115	-0.48542297
0.56429577	0.07415724	1.1170349
0.61687475	0.7682924	-0.90946376
0.03988588	0.4878391	0.7147519
0.90374434	0.20541292	-1.5302217
0.09689742	0.8287179	-0.14738962
0.58092576	0.55264133	0.0942058
0.19878817	0.8929596	1.1579369
0.35703117	0.17552727	0.3979723
0.9285641	0.4354834	-0.47489992
0.86925375	0.022813618	-0.7169727
0.7225862	0.985478	-0.108227715
0.36355996	0.044188797	0.35266107
0.9574957	0.7199887	-1.2472237
0.53801906	0.83491766	-0.13219315
0.38035917	0.8429688	-0.5198827
0.7136537	0.6414067	-0.92783993
0.35890734	0.26478088	0.72446716
0.7185307	0.61341095	-0.79780394
0.4069497	0.47829324	0.6697016
0.28790843	0.39626843	-0.15264773
0.10140759	0.9338425	-0.40810722
0.91492945	0.35012567	-0.72908384
0.7020967	0.7564117	-0.8908196
0.56566143	0.852424	-0.67738676
0.7734419	0.73110867	0.13544008
0.89272326	0.803159	-1.6074793
0.7857717	0.41618985	-0.57280135
0.41310948	0.92424715	-0.90782154
0.566833	0.1841622	1.3730395
0.11609161	0.57724005	-0.7929937
0.40564835	0.74711	-0.21091512
0.10822451	0.6853945	-0.17588453
0.9650026	0.87434673	-1.1442586
0.24116075	0.13839352	1.700168
0.91869044	0.38617033	-0.6317135
0.93039	0.2940719	-0.08499434
0.7249605	0.17448962	0.33777282
0.23376423	0.08333242	1.7456552
0.4496709	0.26089948	0.2164691
0.5892758	0.7632588	-0.5839251
0.9109816	0.4871207	-1.2651759
0.4391542	0.7678111	0.018903881
0.34102398	0.40791148	-0.083115585
0.56740826	0.41713202	0.16674681
0.83115053	0.34795165	0.75032973
0.6369522	0.9240372	-0.7335603
0.79786503	0.5298431	0.0979655
0.42743158	0.55816483	0.41710842
0.48679346	0.94482404	-0.3402812
0.9949272	0.12523764	-0.76040256
0.784852	0.21109104	-0.12377104
0.15104538	0.8393861	-0.34983864
0.73489517	0.93711793	0.049260683
0.92771506	0.42776573	-0.48112485
0.39523143	0.37764585	1.7169492
0.058844686	0.48466307	0.6670441
0.0031984448	0.82682395	0.32313767
0.8732314	0.052772164	-1.0297332
0.43324107	0.56271356	0.4190825
0.4757352	0.973384	-0.4835297
0.14216757	0.7328986	-0.007955204
0.5849719	0.9008312	-0.985106
0.93803257	0.46681786	-0.046986975
0.886145	0.0065850616	-0.6198369
0.84287083	0.1271475	0.04932583
0.999056	0.101732194	-0.71112806
0.26959842	0.17159313	0.42646697
0.036329687	0.724876	1.3210415
0.79030925	0.7409418	-0.3362956
0.124709785	0.92394227	-0.50933546
0.011310041	0.7084878	0.7298618
0.7638634	0.88744855	0.0756006
0.025333762	0.34257108	0.6433502
0.7122629	0.0655483	0.089905724
0.037296772	0.09004611	1.2018726
0.5666384	0.19909835	1.3476064
0.18075871	0.6596203	0.104438365
0.10129899	0.3951043	-1.306887
0.9449485	0.6001281	-0.24965824
0.7744772	0.5684433	0.7504259
0.5076987	0.14760989	-0.43206987
0.9282552	0.65371627	-0.99612904
0.4628722	0.72059774	-0.19505012
0.080507815	0.0050451756	0.21477787
0.6389034	0.2515661	-0.25034854
0.97667426	0.9174451	-0.6705732
0.19151855	0.6917909	0.24518546
0.34601384	0.41994	0.044477377
0.31287813	0.28897184	-0.44915
0.1649968	0.2894402	-0.5175498
0.205522	0.9660234	1.0572625
0.32611215	0.7291391	-0.96842116
0.91485226	0.33723676	-0.67482597
0.3810991	0.96631896	-1.1024165
0.9642517	0.12394142	-0.8164399
0.22198182	0.7774231	1.7362624
0.063358426	0.96674925	-0.24491505
0.366947	0.56112635	-0.0756654
0.12994123	0.37230122	-1.4232321
0.94650316	0.056507766	-0.59262365
0.36941105	0.8796128	-0.5018147
0.65892386	0.61927414	-1.1150221
0.83745295	0.59639364	-0.051521942
0.6457392	0.21917176	-0.15904965
0.59558815	0.30530638	0.6477039
0.061259806	0.818573	1.2456704
0.9927375	0.49258506	1.4800525
0.358873	0.8142154	0.10753543
0.02491802	0.6209348	1.2889109
0.12218565	0.21762484	-1.4555037
0.9769531	0.62262654	0.5107193
0.6882129	0.99623376	-0.59537864
0.63264096	0.181844	0.097994275
0.51495665	0.31175244	-0.38209167
0.016479671	0.30818647	0.65077984
0.23353893	0.35122097	-0.10565817
0.27684462	0.88429123	0.6068114
0.687872	0.22044098	-0.027792098
0.16593957	0.43578762	-0.19010237
0.21908987	0.7631336	1.5583501
0.31938332	0.91746503	-0.49834606
0.3240524	0.8318879	-0.6665195
0.68002456	0.7270551	-0.812684
0.43117213	0.1955167	0.60736156
0.36131877	0.63599145	0.06898912
0.6719385	0.23785126	-0.32625368
0.53515005	0.51412636	0.6566454
0.44689924	0.28715247	0.39418977
0.1894784	0.7426533	0.33893326
0.90481895	0.48809367	-1.1662861
0.71694785	0.023082793	0.13047418
0.8291318	0.81162405	-1.0821581
0.9245785	0.9087492	-0.30532816
0.6018158	0.86547613	-0.77772355
0.832152	0.70055854	-0.15972838
0.59539974	0.25862217	0.8266469
0.18892223	0.3620432	-0.50391227
0.9983575	0.397277	0.989421
0.6864636	0.38599712	-1.6962371
0.95679575	0.4792161	1.4100968
0.77968615	0.25616437	-0.2129962
0.99262923	0.27026606	-0.02015962
0.1114921	0.59290546	-0.62241
0.49978465	0.81738657	-0.15679345
0.37792033	0.9320927	-0.951163
0.6296743	0.84096754	-0.8531724
0.5551218	0.44966686	0.26911452
0.0959664	0.5133574	-0.9145758
0.9191393	0.93187684	-0.22268283
0.9902773	0.023929596	-0.6847602
0.8576249	0.92124635	-1.7125279
0.5325659	0.43230945	0.31132954
0.007259488	0.7243084	0.5102492
0.96864164	0.31766176	0.768434
0.9310935	0.59145194	-0.85512453
0.3159637	0.44767082	-0.38265902
0.4069075	0.17935538	0.8260992
0.25157565	0.4542299	-0.67283106
0.6762435	0.20436472	0.03628318
0.1446315	0.9872513	-0.5334057
0.26550746	0.6298132	-0.3524591
0.5252711	0.9877831	-0.23321445
0.6562126	0.85621405	-0.3618618
0.20565069	0.27285868	0.14591685
0.6332227	0.7891007	-0.748602
0.48686248	0.5113312	-0.17155349
0.29277056	0.22645646	-0.43512088
0.56151927	0.07275194	1.1291918
0.47028536	0.9391452	-0.37927815
0.77771384	0.52811366	0.39067495
0.6372337	0.91910326	-0.6932962
0.35187697	0.41550726	0.24734281
0.0014723539	0.799701	0.19357547
0.7457028	0.0036554337	0.4548747
0.83090854	0.53932124	0.23621477
0.6518267	0.8967756	-0.57203203
0.24612933	0.07853931	1.3426428
0.07795715	0.9829374	-0.35139367
0.54751754	0.5546397	0.5024786
0.5877083	0.4306106	0.22709423
0.8258339	0.18036658	0.49208698
0.6091964	0.15221399	0.5575753
0.58965266	0.7065752	-0.44670123
0.21894133	0.9824504	0.9638692
0.6485976	0.28678662	-0.5232679
0.09276253	0.85575587	-0.018015256
0.65147394	0.49589753	-0.63878524
0.71173435	0.48318887	-1.4342481
0.373226	0.7881104	0.066121586
0.87995064	0.38691986	-0.6585308
0.42921698	0.51016325	0.33411252
0.7284971	0.5790269	-0.31908733
0.29131	0.5741094	-1.0135683
0.47876948	0.6907882	-0.3572986
0.02765882	0.5597847	1.1714364
0.9219407	0.67784125	-0.94682646
0.63025767	0.34655362	-0.15591773
0.6648712	0.04285544	0.26666093
0.03428173	0.18172967	1.0018774
0.14562881	0.23447138	-0.9807044
0.70924103	0.7126816	-0.95415926
0.40173048	0.35250753	1.9091944
0.54048383	0.108183324	0.55588186
0.26309407	0.5769132	-0.5317155
0.0012655258	0.7058098	0.47960204
0.12767237	0.97095567	-0.46803117
0.7115617	0.48456162	-1.3907316
0.17669374	0.77318126	0.1790895
0.9727261	0.9550122	-0.4578938
0.34809434	0.64747465	0.013903732
0.64349127	0.79742455	-0.4396942
0.99794155	0.9866949	-0.2469536
0.8331972	0.20602518	0.40409485
0.8413154	0.5663658	-0.14579888
0.6188982	0.86875683	-1.0171062
0.44318724	0.823824	-0.030981658
0.6013868	0.15540195	0.69357336
0.63450664	0.33572656	-0.27621946
0.98171514	0.9151803	-0.57109785
0.34662837	0.028488219	-0.22056076
0.78523386	0.23288321	-0.22636786
0.008675098	0.93586135	0.4902109
0.47860467	0.27373725	-0.6097959
0.11430794	0.07313192	-0.5448313
0.2529089	0.104638696	1.2395324
0.14024413	0.4105568	-1.062159
0.59539515	0.27463335	0.745623
0.27836233	0.45176727	-0.18661998
0.3637421	0.9385087	-0.9002016
0.8359886	0.20861864	0.25390124
0.1622976	0.27527297	-0.5104911
0.06286526	0.37016743	0.6036034
0.798183	0.45573318	-0.19542244
0.44431317	0.6067708	0.14523658
0.9313122	0.91410536	-0.3389307
0.28666925	0.111876726	-0.4634066
0.2658043	0.76594955	0.4803193
0.2742015	0.8121999	0.5280704
0.90980786	0.9113053	-0.50792134
0.7479505	0.36394352	0.14597318
0.6100214	0.4592558	-0.030720605
0.41660738	0.9456388	-0.9820733
0.41376275	0.347776	1.5943449
0.29382128	0.9107804	-0.019169759
0.84015334	0.996721	-1.6897273
0.50364155	0.9741191	-0.20697935
0.12075347	0.9023622	-0.4202968
0.5751616	0.63860923	-0.0021214
0.72484136	0.7725692	-0.72447133
0.061219692	0.9944244	-0.32156187
0.45861882	0.09542322	-0.39799732
0.06047213	0.30240148	1.0413957
0.611653	0.60652554	-0.48782304
0.6155201	0.15705597	0.46058607
0.114474356	0.51105887	-1.3799131
0.032247186	0.99513483	0.12512793
0.21556455	0.8290272	1.8701848
0.45131677	0.40236443	0.2641814
0.32131857	0.93332577	-0.54452854
0.12832868	0.9180077	-0.48901016
0.099627554	0.7034742	0.01830005
0.43510312	0.8956677	-0.17442028
0.32452142	0.40816343	-0.33895597
0.9035753	0.9424038	-0.60100406
0.38459152	0.11926931	0.60068977
0.6233757	0.9248442	-0.6731972
0.5670239	0.17671585	1.3804178
0.07296997	0.2931218	0.4594304
0.22943252	0.9118564	1.6586064
0.23359692	0.28947783	0.45083493
0.67560595	0.006002605	0.27662948
0.5422409	0.44926447	0.4183434
0.115448534	0.46559662	-1.6045377
0.66383255	0.2731042	-0.6664018
0.7744217	0.8107737	-0.1610953
0.9488059	0.7211279	-1.3868822
0.004930079	0.31706864	0.5744845
0.26616794	0.647019	-0.26630002
0.9356094	0.7561631	-1.219298
0.43262547	0.48655623	0.31952545
0.009285986	0.5073713	0.56218773
0.17553651	0.8784496	0.07464391
0.61499095	0.09670013	0.6324725
0.2004301	0.0145407915	1.3667395
0.4160449	0.4133851	0.9101287
0.7803271	0.41578275	-0.5723631
0.095128655	0.61037695	-0.10902272
0.77602226	0.38553292	-0.6082486
0.09036398	0.79695	0.23415707
0.29592556	0.5379338	-0.8876346
0.3574345	0.17901176	0.40709466
0.058300972	0.57936645	1.0390627
0.109231174	0.53661966	-1.1800419
0.13447255	0.9117285	-0.50887585
0.6099481	0.9741923	-0.7949233
0.55368143	0.52910703	0.32543838
0.3944332	0.17242295	0.9620992
0.67990303	0.039060295	0.18762282
0.14728838	0.042835057	-0.69722974
0.03373289	0.3393851	0.79595184
0.6490918	0.46203566	-0.6142321
0.8802833	0.4730283	-0.5445976
0.13364536	0.4376632	-1.2138312
0.0034849048	0.17473012	0.74510527
0.7528787	0.6295363	0.6750742
0.49036878	0.89862436	-0.17790937
0.867576	0.09805876	-1.2264084
0.38072914	0.4912516	0.44334647
0.9693503	0.87859416	-1.0960922
0.76670283	0.44753098	-0.18772641
0.64875734	0.9651376	-0.6648968
0.41560966	0.935816	-0.9821662
0.6273963	0.12736869	0.46064186
0.3985476	0.5306742	0.36361244
0.17305797	0.34895474	-0.40045813
0.76117694	0.39218307	-0.11217367
0.6837914	0.7372093	-0.79570186
0.31852043	0.6029198	-1.159935
0.78485775	0.78626823	-0.46782792
0.82359976	0.075804055	0.9294508
0.81499803	0.41736192	0.15488027
0.33557642	0.27403593	-0.4024447
0.48009485	0.63875586	-0.32973334
0.44869238	0.45758688	0.27734235
0.032113373	0.22446436	0.87496406
0.3885308	0.96757036	-1.0502524
0.2007454	0.49684614	-0.5543184
0.7055641	0.6149169	-1.2672545
0.19788343	0.5776409	-0.37792373
0.8099626	0.10172588	0.9033801
0.86950177	0.50974655	-0.41350833
0.35434192	0.019938827	-0.06458088
0.37727517	0.82094747	-0.22361164
0.5076618	0.058353364	-0.18640783
0.51183623	0.8010836	-0.0057553165
0.502438	0.4676938	0.09082537
0.8379239	0.5811462	-0.11903352
0.05240929	0.033976197	1.1090385
0.6327293	0.11299729	0.32092276
0.14968425	0.446038	-0.69333875
0.068966806	0.45176458	0.26195908
0.668089	0.7055556	-0.7798895
0.15869468	0.38863868	-0.51956236
0.07645357	0.40301603	0.028954241
0.28481925	0.12151754	-0.32982543
0.51077175	0.99527633	-0.14506583
0.15860856	0.60512733	0.07583524
0.9546876	0.18063861	-0.6065939
0.8977707	0.7329702	-1.569352
0.86071044	0.0034474134	-0.2905277
0.61633235	0.9574136	-0.70057654
0.97294754	0.5513556	1.3580817
0.7354419	0.6234276	0.15286887
0.06359565	0.19273716	1.0909909
0.9156394	0.27704126	-0.76081795
0.4432999	0.08041346	-0.27011603
0.5228068	0.5791618	0.43526542
0.9831665	0.072339654	-0.84542733
0.7418076	0.9772434	0.13417746
0.8321814	0.6905408	-0.13546927
0.054119825	0.68886536	1.4109864
0.42633027	0.7271774	0.16536841
0.98342854	0.027180314	-0.82097775
0.3711359	0.15341204	0.9371585
0.30707902	0.19127405	-0.572743
0.41038162	0.35263288	1.6645646
0.7673403	0.24247229	0.20860513
0.8490668	0.18614352	-0.30611023
0.36166543	0.14363706	0.6250465
0.9541372	0.67170805	-0.861786
0.34326386	0.68752694	-0.18989468
0.020281553	0.48531985	0.5080773
0.6774068	0.9175808	-0.705454
0.01531136	0.071490705	1.1087689
0.0019903183	0.35569245	0.50519514
0.51276094	0.3344705	-0.3751778
0.77880424	0.7109268	0.18483648
0.3037783	0.15762085	-0.6786919
0.24208689	0.053708196	1.4436003
0.8548064	0.6274488	-1.0471743
0.59202904	0.60286266	-0.03181458
0.18948168	0.36261302	-0.5027503
0.6555607	0.83345264	-0.28522468
0.041820407	0.47274756	0.6906676
0.69719857	0.30360818	-0.5067612
0.6923951	0.33869308	-0.9863202
0.12530756	0.74650395	-0.15798216
0.35487026	0.14123386	0.2884071
0.29704386	0.3486694	-0.22919501
0.440741	0.9472103	-0.3943752
0.10123581	0.76223737	-0.084071286
0.29742062	0.3475213	-0.24057262
0.56685406	0.6419957	0.0065007955
0.33148748	0.89980716	-0.78156126
0.11435145	0.741297	-0.2254227
0.9734234	0.938318	-0.4819114
0.88008076	0.2916299	-1.1206138
0.3048154	0.4213549	-0.1296104
0.68547475	0.6310191	-1.315281
0.6254303	0.21577829	0.01849383
0.1865983	0.9998409	0.25239912
0.6318903	0.3805089	-0.21000485
0.85914934	0.67891824	-1.5518879
0.6216009	0.158746	0.37501368
0.84051853	0.9028452	-1.6594405
0.6710087	0.13215983	0.23991014
0.3115927	0.2572419	-0.45962024
0.4345438	0.40392983	0.5155095
0.7270868	0.4629318	-0.65745056
0.38732833	0.41092288	1.4383396
0.07460719	0.33567697	0.2539404
0.043830276	0.7752299	1.4121424
0.20843178	0.17286032	0.95447797
0.3463536	0.7652857	-0.0044160597
0.8313128	0.97596693	-1.764457
0.6226071	0.37515527	0.019339688
0.8126843	0.41902947	0.0741668
0.49594843	0.22080308	-0.90767896
0.09187734	0.41866946	-0.8705438
0.52287495	0.51719683	0.3924378
0.7184216	0.99475217	-0.18906218
0.027713	0.45256895	0.3293804
0.80721515	0.566612	0.078241654
0.36920828	0.5264098	0.015727287
0.22162193	0.27277035	0.58277696
0.9442466	0.30245543	0.23208418
0.5412631	0.22825933	0.6304511
0.7453827	0.96456844	0.11085859
0.17312694	0.14996958	0.0024708472
0.26025116	0.9949521	0.5602425
0.08643365	0.914872	0.018556241
0.9522406	0.20022827	-0.50532573
0.97928655	0.854222	-1.0224826
0.64722574	0.19105244	-0.018003188
0.49478418	0.19541055	-0.9201209
0.6424212	0.36872703	-0.47712076
0.15665752	0.8934062	-0.5062607
0.96159005	0.68941534	-0.72468555
0.94063145	0.82201177	-0.9920169
0.29984224	0.64665526	-1.3395526
0.062435985	0.045255184	0.7187561
0.41894495	0.25448066	1.3475742
0.55748034	0.96280074	-0.44332105
0.5324734	0.490973	0.55424947
0.84567153	0.5281014	-0.15567704
0.23895872	0.34044224	-0.06235003
0.91308606	0.92026746	-0.37282795
0.09182125	0.11380625	-0.18944359
0.23066956	0.48272908	-0.9085219
0.62753683	0.961824	-0.45866463
0.66908926	0.7665285	-0.42261618
0.87699765	0.5146725	-0.5379059
0.5518049	0.8119354	-0.33325025
0.84788436	0.037846863	0.056850795
0.8341804	0.56907946	0.030151825
0.18068743	0.39412075	-0.2974743
0.4776683	0.73598874	-0.29112643
0.75242513	0.13581812	0.67661995
0.47315544	0.40777397	0.053486463
0.11078954	0.42985755	-1.664139
0.9067052	0.4300604	-0.96675503
0.7478648	0.6493264	0.52623904
0.5179759	0.8399625	0.084452696
0.9504335	0.4722693	1.0183827
0.72515726	0.48231047	-0.7279993
0.22868389	0.11056584	1.7618511
0.38938534	0.46721333	0.94565266
0.78867954	0.37757427	-0.65644854
0.6673777	0.6847861	-0.91957796
0.11895245	0.80815697	-0.3711133
0.31177646	0.05106145	-1.0432826
0.6399694	0.668191	-0.4298621
0.6995463	0.35902166	-1.1152644
0.8669072	0.47977126	-0.30287406
0.1921733	0.050913215	0.9741438
0.051157475	0.9163737	0.4030051
0.24971753	0.5279708	-0.7839163
0.7095997	0.46003896	-1.5843871
0.91311884	0.74709827	-1.1931872
0.042539	0.34250683	1.0430815
0.6145986	0.23706722	0.3145268
0.9111596	0.8532019	-0.7849229
0.33901232	0.20583022	-0.14982572
0.2043969	0.011631846	1.4165475
0.15311062	0.09892917	-0.58702964
0.40440816	0.4332407	1.0963664
0.9720514	0.9694404	-0.38878363
0.0157516	0.48748082	0.4583883
0.6692679	0.038035214	0.21383715
0.86507064	0.47633827	-0.2462668
0.8291575	0.14278436	0.5313272
0.64874303	0.15991706	0.031251594
0.90866745	0.979903	-0.41433328
0.8561182	0.5381469	-0.4654645
0.91315985	0.5398098	-1.2226384
0.13693964	0.047813118	-1.0072234
0.72535473	0.07198322	0.26441735
0.9994534	0.6488927	0.5477317
0.011779964	0.43475646	0.18550773
0.5647756	0.8968284	-0.6501136
0.27362448	0.25837922	0.18845674
0.3226319	0.92506033	-0.588872
0.26831812	0.75476557	0.32973906
0.27895653	0.5030535	-0.59367335
0.67235935	0.29748893	-0.80333364
0.48143196	0.45215142	-0.045907803
0.033640444	0.5628833	1.1248149
0.4654271	0.8361132	-0.25366396
0.858233	0.296102	-0.049229704
0.45625472	0.71365905	-0.014291137
0.41790795	0.6886162	0.35908237
0.010347307	0.51084435	0.6170109
0.9976591	0.42227048	1.1913297
0.6315622	0.25769907	-0.16732636
0.8653165	0.295797	-0.45391077
0.04477328	0.8120696	1.3252243
0.23890805	0.32337296	0.15911718
0.07246798	0.542023	0.40591446
0.2801808	0.9851463	0.3540022
0.97033966	0.8710433	-1.1386397
0.77240866	0.48283517	-0.06004578
0.8937581	0.7643253	-1.6644901
0.9153942	0.31083363	-0.67347205
0.42877275	0.43311334	0.41941622
0.81608784	0.1622389	0.6608641
0.05829537	0.0072870255	0.9397268
0.052774727	0.48134965	0.691786
0.5616032	0.2967134	1.117318
0.4492936	0.71491355	0.05378384
0.82606626	0.55611813	0.20276543
0.19643104	0.90567625	1.0307744
0.6682878	0.2584954	-0.49120754
0.65982085	0.04951501	0.24539164
0.01090914	0.028325737	1.0408605
0.4898228	0.99671	-0.34482533
0.15893698	0.57376343	-0.08292286
0.5567281	0.59643114	0.39232776
0.8820623	0.11079669	-1.7630105
0.74087703	0.92165387	0.066529684
0.43373805	0.8065944	0.029653907
0.72366565	0.44217366	-0.8980541
0.25195807	0.65623665	-0.0010664184
0.90201354	0.7805429	-1.3632187
0.44939864	0.16504753	-0.07534953
0.19472188	0.014765739	1.1245961
0.090893745	0.24831909	-0.31088158
0.5339816	0.7923389	-0.02376401
0.43361038	0.86433244	-0.117002
0.29108238	0.9715028	0.1586265
0.76064974	0.37446648	-0.12538606
0.5724799	0.14177471	1.1354146
0.5654634	0.9787067	-0.546146
0.00055760145	0.5094264	0.59227103
0.16353601	0.07602173	-0.1883234
0.38980937	0.8979339	-0.85180336
0.65849024	0.5396055	-1.1330311
0.35002363	0.13698411	0.20748375
0.53705245	0.4684137	0.46660262
0.21933591	0.74087435	1.4280267
0.6658216	0.8006963	-0.27085447
0.2064941	0.43030035	-0.70383114
0.005220175	0.3934396	0.31416282
0.11175418	0.6304081	-0.3059382
0.8755595	0.8908316	-1.6631117
0.66606134	0.71424633	-0.65862226
0.5769918	0.8395898	-0.82673585
0.61955285	0.40216023	0.040791955
0.13261724	0.25841737	-1.450996
0.25536	0.7506892	0.7320287
0.58378625	0.19120586	1.117151
0.019323349	0.10853469	1.0400263
0.6476236	0.009883046	0.35147908
0.9499665	0.7414763	-1.577893
0.3615117	0.6939088	0.21541187
0.96580553	0.71684194	-0.882856
0.7878182	0.8078179	-0.67431986
0.42848176	0.75462794	0.16133368
0.030180752	0.1086334	1.0918912
0.52276284	0.73025805	0.14183465
0.3041755	0.28342652	-0.28597406
0.28810155	0.8406261	0.0010409155
0.6030535	0.49455673	-0.020487279
0.93697006	0.71908504	-1.2848346
0.502732	0.56239957	0.11103142
0.9865496	0.30483913	0.39489624
0.5930253	0.75625193	-0.6113077
0.47191894	0.898211	-0.25156322
0.71540904	0.63283753	-0.8339794
0.19004959	0.5861156	-0.26182455
0.34301084	0.24944907	-0.13417862
0.4310078	0.1055122	-0.080788136
0.45808423	0.75546473	-0.15294988
0.62127584	0.50712454	-0.18353504
0.45937884	0.54860574	-0.03280532
0.51294696	0.5787029	0.28084546
0.59420496	0.25941032	0.78689545
0.21058482	0.2528684	0.5173878
0.8477708	0.13935876	-0.291153
0.28888077	0.24309528	-0.32408795
0.38941324	0.76394016	-0.31037456
0.12327784	0.6680014	-0.29107228
0.8446097	0.76205957	-0.72299385
0.56278545	0.16349745	1.3249174
0.10289019	0.29988897	-1.1529276
0.17939818	0.35465533	-0.43558124
0.3744926	0.73162884	0.06888305
0.62031305	0.4234913	0.009467553
0.23781466	0.6323442	-0.041751157
0.43064988	0.23281765	0.817159
0.11176413	0.2395289	-1.256259
0.42843193	0.14813834	0.27980107
0.6712292	0.38313478	-1.5938567
0.9487695	0.66057485	-0.9003238
0.9452876	0.25135696	-0.08273597
0.6923818	0.12122786	0.12257219
0.12429178	0.2167095	-1.3640704
0.34972227	0.7589103	0.16496743
0.69057	0.45620352	-2.1737247
0.07750845	0.646277	0.61822695
0.3115548	0.29465318	-0.45453098
0.8947654	0.83838385	-1.4435062
0.93247217	0.9698261	-0.31576478
0.26135844	0.24521357	0.602795
0.97987807	0.9798327	-0.31673893
0.09582698	0.97937715	-0.349213
0.3045746	0.7907961	-0.88244414
0.23388249	0.1803304	1.5480956
0.25364417	0.2837525	0.5618768
0.28700662	0.41488642	-0.132054
0.9245955	0.519189	-0.9775591
0.81221515	0.14744586	0.6540973
0.11298329	0.27207845	-1.442913
0.85561687	0.72960085	-1.2870073
0.87481725	0.9964926	-1.3171486
0.06352568	0.26112282	1.106109
0.7246303	0.12102467	0.17942311
0.3323205	0.96869934	-0.5823469
0.60110986	0.26178014	0.7250693
0.21715707	0.7958084	1.7700975
0.40441382	0.5212072	0.4693635
0.4407258	0.58198106	0.26402158
0.6674161	0.11187291	0.31033298
0.36074215	0.43771577	0.4377954
0.48622394	0.782651	-0.4046577
0.5123311	0.45397323	0.089408875
0.28936368	0.09683281	-0.6121764
0.07124627	0.6951684	0.96239
0.5790441	0.38291055	0.25576043
0.8626966	0.24067187	-0.7995706
0.09849298	0.4479499	-1.2629199
0.27629185	0.44650298	-0.20295057
0.5988658	0.7780784	-0.7680365
0.76250136	0.4099341	-0.22575144
0.8227218	0.5707466	0.15668993
0.11421561	0.09084505	-0.6289905
0.8792473	0.7773042	-1.7718318
0.3530072	0.55583364	0.016632676
0.8386984	0.5797486	-0.08689356
0.66598415	0.8212306	-0.26229572
0.42900538	0.34749615	0.9537339
0.010536313	0.43969917	0.2874065
0.14162141	0.9384274	-0.5368952
0.420511	0.733739	0.115818985
0.84346205	0.6069489	-0.39272934
0.6157435	0.7850192	-0.93323714
0.44039482	0.1530506	0.019860677
0.64095986	0.39744222	-0.4229549
0.9832061	0.8479962	-0.90697515
0.75382406	0.026453614	0.3861746
0.95245636	0.15640068	-0.83249336
0.019251525	0.056203604	1.1408358
0.64392185	0.36529684	-0.4649413
0.5213888	0.67494917	0.2250401
0.49260873	0.74128556	-0.14069788
0.059894025	0.10831547	0.8871594
0.033578992	0.13927597	1.0793983
0.49680847	0.61051095	-0.11009171
0.9710481	0.66949433	-0.11255099
0.08239043	0.74342084	0.58510536
0.8463798	0.52439004	-0.14552341
0.14776027	0.5554716	-0.53689384
0.6057115	0.80741864	-0.87765235
0.16541702	0.74509954	0.2740098
0.35375577	0.022260189	-0.04954479
0.37924844	0.27159125	1.7013797
0.49934888	0.4276198	-0.07570356
0.465962	0.22603881	-0.2837647
0.017856717	0.32194203	0.58003104
0.8232987	0.44250143	0.40528548
0.93687063	0.63386315	-0.89005536
0.86894286	0.60076314	-1.2432038
0.75462645	0.09492344	0.6305021
0.5452397	0.06903529	0.7163919
0.18165469	0.9835738	0.08090677
0.99318576	0.22772986	-0.38559568
0.032423556	0.836515	1.1691943
0.26755	0.031722546	0.46681786
0.8558229	0.89415085	-1.6487883
0.54268116	0.5123695	0.5828698
0.103566825	0.5804093	-0.576407
0.8401773	0.38733125	0.55639946
0.81872743	0.031066597	1.0630599
0.93347096	0.2906881	-0.0020726207
0.97358334	0.51470387	1.7577829
0.28827822	0.2925644	-0.1545812
0.9229539	0.5020176	-0.9645617
0.6270379	0.002606511	0.55554676
0.31925982	0.9524652	-0.41326737
0.17625272	0.099319994	0.33217692
0.8298494	0.9561889	-1.8239572
0.20452553	0.47088134	-0.6713726
0.3586508	0.55647796	0.031820517
0.28464633	0.060448706	-0.39377058
0.44020033	0.75157666	0.10595096
0.37745142	0.48451388	0.43192428
0.61652607	0.4271453	-0.04611267
0.9188305	0.8998659	-0.29307386
0.60181105	0.20130205	0.63279486
0.561749	0.25768453	1.2800084
0.75286937	0.030796587	0.46182513
0.076197386	0.83320063	0.6653339
0.67227733	0.92295283	-0.6730497
0.15382832	0.70179623	0.11616709
0.7154315	0.82863396	-0.8178798
0.50161415	0.8648263	-0.104213215
0.8358428	0.45969588	0.47390813
0.0051450133	0.5561088	0.85316706
0.3958395	0.7754752	-0.38204783
0.32093614	0.6808911	-1.3449627
0.88693726	0.56204766	-1.128698
0.04269761	0.5638959	1.10876
0.7548058	0.73014736	0.20781398
0.6334322	0.03227079	0.5553998
0.5120386	0.2218864	-0.43315944
0.7090806	0.86707205	-0.75622916
0.2938823	0.377109	-0.1758816
0.79976743	0.13950306	0.5124819
0.5063545	0.61784524	0.15996441
0.73361367	0.5508408	-0.16298771
0.512078	0.8620245	-0.06772893
0.09755075	0.6411687	-0.05459837
0.6172498	0.80384517	-1.0066534
0.2586068	0.81329334	1.0797336
0.22607839	0.18291384	1.5088942
0.35224026	0.67531604	0.118618205
0.32379174	0.14773524	-0.45672157
0.5866917	0.4972329	0.040478874
0.52488536	0.9106136	-0.22557867
0.6469167	0.924806	-0.6592665
0.5441246	0.17091757	0.66546375
0.69212735	0.119757	0.15912965
0.27994215	0.6601578	-0.6402239
0.24935341	0.31283897	0.33875543
0.14546853	0.34426868	-0.94643015
0.40614474	0.62392056	0.31106797
0.9405516	0.7325862	-1.3137968
0.9027049	0.8963198	-0.82458156
0.9898607	0.861145	-0.64491
0.18331808	0.44274068	-0.19718285
0.9657653	0.4816581	1.7901034
0.7442337	0.8200712	-0.08650139
0.60345846	0.008548379	0.53866607
0.107171	0.73003566	-0.23872125
0.7352591	0.52844775	-0.106192976
0.36733806	0.3937831	0.9951769
0.026143909	0.12186062	1.0612953
0.22236669	0.24047273	0.96282935
0.12501138	0.43274462	-1.5417509
0.46955407	0.4538679	0.059164565
0.51566744	0.4943077	0.1721437
0.86733556	0.14379436	-1.4246172
0.42342412	0.16009414	0.39941585
0.07244152	0.7529002	0.96685183
0.1173352	0.13774073	-0.92121744
0.6321985	0.9590097	-0.5990645
0.58557	0.9222449	-1.0576978
0.104744256	0.8960018	-0.50528926
0.17169774	0.8980086	-0.08290901
0.61000985	0.11925405	0.6562829
0.20224243	0.0009715557	1.3157163
0.89391756	0.92917764	-1.0058761
0.87680817	0.7030799	-1.8362371
0.34622544	0.15624058	0.02399251
0.6699274	0.7244516	-0.7468249
0.3161323	0.12732619	-0.6804886
0.7585676	0.57208186	0.68161356
0.54398555	0.09719223	0.76283866
0.63564503	0.29429758	-0.28210035
0.41354138	0.5213145	0.39875948
0.5678918	0.9920825	-0.5536477
0.17845744	0.2842995	-0.5482363
0.28567332	0.625009	-0.82150435
0.44104105	0.96059453	-0.47430274
0.21766728	0.9753705	1.0332483
0.8647282	0.32933146	-0.193069
0.098873496	0.2674514	-0.8316908
0.91469145	0.07392973	-1.0069983
0.36007142	0.9490157	-0.91637874
0.6082014	0.7541058	-0.85001117
0.9442307	0.8287782	-1.1033485
0.9134333	0.73557216	-1.206413
0.8156225	0.3122785	0.14336728
0.3038658	0.9455085	-0.07943395
0.7487083	0.066030145	0.49509653
0.1284157	0.43563145	-1.449719
0.98290735	0.6358646	0.35963914
0.84644043	0.86151886	-1.4179996
0.76537395	0.3655414	-0.2426272
0.9350706	0.35825092	0.119584955
0.58515537	0.0932253	0.6279777
0.18802136	0.2505104	-0.03636771
0.6368385	0.18741071	0.033242375
0.14531451	0.16151929	-0.740421
0.58046776	0.08682603	0.7340195
0.13109612	0.615762	-0.5849894
0.3231268	0.50000834	-0.65269995
0.1597051	0.5869493	0.001208879
0.9006255	0.7497798	-1.530217
0.9325421	0.50525975	-0.5230741
0.91422945	0.5942449	-1.1884543
0.24273485	0.336497	-0.011976809
0.119903624	0.2531926	-1.4595572
0.5898346	0.21735936	0.8836834
0.36062658	0.79665196	0.26058766
0.43461955	0.3969459	0.5124104
0.1302293	0.10566968	-1.021713
0.72968817	0.9164557	-0.16751301
0.56849456	0.030721009	1.0817894
0.6109906	0.33408296	0.35110214
0.29439348	0.7416525	-0.87566775
0.8499433	0.92777574	-1.7647762
0.9605405	0.10460979	-0.91772234
0.9236289	0.57960165	-1.068471
0.58697295	0.39118993	0.21573722
0.98161775	0.37329155	1.3540484
0.56953394	0.5934661	0.25623304
0.8452269	0.22494835	0.0038198978
0.8236667	0.9776905	-1.7787256
0.36821133	0.20325464	1.0232819
0.024869919	0.09410632	1.1670305
0.66759604	0.644121	-1.1904896
0.5148474	0.660614	0.17344603
0.22187299	0.76250374	1.6812652
0.6141852	0.6581772	-0.6801821
0.2615016	0.78777736	0.86688155
0.47181344	0.041738212	-0.3914221
0.39630282	0.75445837	-0.30754733
0.45722294	0.6337326	-0.05066009
0.7412452	0.36506677	0.062061198
0.6209257	0.0874024	0.6416306
0.49109238	0.35534447	-0.2774972
0.012479365	0.7617135	0.48766714
0.8104165	0.30678272	-0.04537324
0.7216677	0.92690945	-0.3037135
0.47470242	0.48968023	-0.06447205
0.33006293	0.19368273	-0.26900882
0.9291006	0.60534173	-1.0835751
0.18400556	0.87187535	0.43452272
0.6083476	0.28757554	0.5975721
0.20830292	0.2524495	0.45737278
0.39136916	0.8952977	-0.8171325
0.22589886	0.008453488	1.5939605
0.8460724	0.13489401	-0.15580222
0.26062626	0.8003493	1.0511373
0.48168606	0.27372265	-0.6683985
0.743351	0.11968869	0.60734063
0.4929918	0.058858514	-0.44155207
0.6332146	0.92596817	-0.6932289
0.60441184	0.8852522	-0.8753066
0.9073069	0.40222108	-0.9550105
0.89416647	0.9674335	-0.88273144
0.63652945	0.72291774	-0.5334249
0.78007364	0.88533294	-0.54769325
0.4150238	0.94037986	-0.9491139
0.092722535	0.5161142	-0.7059737
0.6410891	0.9253302	-0.71023715
0.2852202	0.7665621	-0.26479217
0.14482528	0.81754947	-0.27436376
0.9705509	0.13848168	-0.80196553
0.67447454	0.9884069	-0.6974468
0.15026075	0.45895118	-0.54470044
0.12135351	0.27190232	-1.5111259
0.95176536	0.28558648	0.2859296
0.07745463	0.08248812	0.19783525
0.7489013	0.09601194	0.5658007
0.5504394	0.30509818	0.8730302
0.08991289	0.06866157	-0.14540255
0.48097646	0.52746546	-0.24322286
0.24171329	0.06563306	1.4661452
0.29811186	0.81218034	-0.6406681
0.7603788	0.72207636	0.35021567
0.65172476	0.21086282	-0.19000484
0.5749925	0.34071642	0.5135599
0.31732112	0.94480485	-0.46440586
0.3654551	0.32087475	1.1309614
0.35103202	0.9570658	-1.022199
0.9177685	0.62011397	-1.0787013
0.20273483	0.3777213	-0.4889394
0.9622563	0.69406605	-0.81305516
0.9295295	0.7608884	-1.0387051
0.9298329	0.465387	-0.5634806
0.17465746	0.75649244	0.17400087
0.46946186	0.2554155	-0.29475686
0.8874521	0.31296492	-1.2640017
0.29059213	0.6453773	-1.0279242
0.5210491	0.44424385	0.12596264
0.6203078	0.67554414	-0.7439358
0.5165848	0.74447984	0.09495719
0.84090275	0.40302145	0.51285505
0.95618963	0.33419353	0.7709086
0.076489866	0.5257848	0.20055725
0.7171132	0.7396992	-0.87548596
0.40518534	0.21701401	1.2269398
0.81815267	0.66566783	0.049190916
0.95053804	0.9253663	-0.6297234
0.34883273	0.8388601	-0.21038565
0.5476029	0.21848714	0.87873423
0.7785451	0.7884803	-0.24909721
0.057928562	0.030788362	0.8907309
0.16983742	0.8444423	-0.010316132
0.014432967	0.95822346	0.4903233
0.58074576	0.9353403	-0.9397161
0.39684707	0.5190077	0.50497586
0.38318312	0.08988732	0.48736987
0.10176742	0.73528326	-0.13429594
0.4974997	0.03297937	-0.14712733
0.74163955	0.70790344	-0.011330119
0.37582076	0.1371839	0.8226167
0.5359722	0.883989	-0.18591458
0.24764138	0.57964027	-0.50414056
0.9006569	0.26561612	-1.391204
0.801061	0.047137976	0.900599
0.037081063	0.711653	1.4529315
0.40473205	0.7553459	-0.26670092
0.5251913	0.9815318	-0.25328973
0.43172306	0.018446803	-0.45142356
0.82385254	0.3240357	0.40808937
0.9044589	0.6866694	-1.2493159
0.854687	0.30782926	0.20771483
0.7625191	0.4817335	-0.016514804
0.8067901	0.30496752	-0.169767
0.016420662	0.15283328	0.8768176
0.5837347	0.041010857	0.74215686
0.8981466	0.2963208	-1.3529562
0.12075913	0.21167487	-1.3016425
0.19305146	0.26365513	-0.053659357
0.40822798	0.4111148	1.1926907
0.118217885	0.9536566	-0.4358804
0.33582753	0.8069036	-0.40340933
